Driver,Distance,Speed,LapTimeSec
RUS,10.339999999999998,264.0,77.377
RUS,31.340000000000003,270.0,77.377
RUS,58.74000000000001,274.0,77.377
RUS,74.1288888888889,277.0,77.377
RUS,89.51777777777778,277.0,77.377
RUS,105.18444444444444,282.0,77.377
RUS,121.01777777777777,285.0,77.377
RUS,140.21777777777777,288.0,77.377
RUS,156.32888888888888,290.0,77.377
RUS,179.1955555555556,294.0,77.377
RUS,212.27805555555557,297.0,77.377
RUS,232.14472222222224,298.0,77.377
RUS,255.40027777777777,299.0,77.377
RUS,282.2447222222222,302.0,77.377
RUS,316.02250000000004,304.0,77.377
RUS,336.3558333333334,305.0,77.377
RUS,353.3002777777778,305.0,77.377
RUS,390.9447222222223,308.0,77.377
RUS,404.63361111111124,308.0,77.377
RUS,418.3669444444446,309.0,77.377
RUS,439.0336111111112,310.0,77.377
RUS,463.3002777777779,312.0,77.377
RUS,484.01361111111123,312.0,77.377
RUS,511.2136111111113,306.0,77.377
RUS,547.6580555555557,205.0,77.377
RUS,562.4136111111113,166.0,77.377
RUS,575.7136111111113,133.0,77.377
RUS,583.9802777777779,124.0,77.377
RUS,592.8469444444446,114.0,77.377
RUS,602.6247222222224,110.0,77.377
RUS,611.9580555555558,105.0,77.377
RUS,617.680277777778,103.0,77.377
RUS,628.4850000000002,97.0,77.377
RUS,633.9294444444447,98.0,77.377
RUS,640.7294444444447,102.0,77.377
RUS,651.5294444444446,108.0,77.377
RUS,667.7961111111113,122.0,77.377
RUS,678.2183333333335,134.0,77.377
RUS,686.273888888889,145.0,77.377
RUS,702.6738888888891,164.0,77.377
RUS,712.3405555555557,174.0,77.377
RUS,733.4516666666668,190.0,77.377
RUS,742.0738888888891,194.0,77.377
RUS,762.9738888888891,209.0,77.377
RUS,779.946388888889,219.0,77.377
RUS,797.6797222222224,228.0,77.377
RUS,821.3797222222223,237.0,77.377
RUS,843.0686111111112,244.0,77.377
RUS,859.8019444444445,251.0,77.377
RUS,879.7908333333334,257.0,77.377
RUS,894.3463888888889,262.0,77.377
RUS,909.0686111111112,265.0,77.377
RUS,924.0130555555555,269.0,77.377
RUS,942.2130555555556,273.0,77.377
RUS,973.1019444444445,278.0,77.377
RUS,985.6688888888889,281.0,77.377
RUS,1007.3688888888888,279.0,77.377
RUS,1021.2022222222221,249.0,77.377
RUS,1035.1355555555556,209.0,77.377
RUS,1075.7688888888888,159.0,77.377
RUS,1085.9022222222222,152.0,77.377
RUS,1094.0133333333333,146.0,77.377
RUS,1101.7911111111111,140.0,77.377
RUS,1112.1355555555556,133.0,77.377
RUS,1119.3577777777778,130.0,77.377
RUS,1125.0466666666666,128.0,77.377
RUS,1131.991111111111,125.0,77.377
RUS,1140.1244444444444,122.0,77.377
RUS,1152.988611111111,129.0,77.377
RUS,1160.4330555555553,134.0,77.377
RUS,1168.210833333333,140.0,77.377
RUS,1176.3774999999998,147.0,77.377
RUS,1183.088611111111,151.0,77.377
RUS,1195.9219444444443,165.0,77.377
RUS,1218.5330555555554,185.0,77.377
RUS,1233.4663888888888,192.0,77.377
RUS,1242.3108333333332,199.0,77.377
RUS,1265.7552777777776,211.0,77.377
RUS,1287.5552777777775,218.0,77.377
RUS,1312.9519444444443,228.0,77.377
RUS,1330.918611111111,231.0,77.377
RUS,1341.2741666666666,233.0,77.377
RUS,1354.440833333333,237.0,77.377
RUS,1367.7741666666664,240.0,77.377
RUS,1378.4852777777776,241.0,77.377
RUS,1397.618611111111,246.0,77.377
RUS,1411.4519444444443,249.0,77.377
RUS,1425.4519444444443,252.0,77.377
RUS,1445.1297222222222,253.0,77.377
RUS,1465.3519444444446,260.0,77.377
RUS,1485.8075,263.0,77.377
RUS,1500.585277777778,266.0,77.377
RUS,1512.496388888889,268.0,77.377
RUS,1527.4408333333333,269.0,77.377
RUS,1548.5963888888887,272.0,77.377
RUS,1563.7424999999998,274.0,77.377
RUS,1582.1424999999997,276.0,77.377
RUS,1597.5313888888888,277.0,77.377
RUS,1612.9758333333332,278.0,77.377
RUS,1634.6758333333332,279.0,77.377
RUS,1665.8980555555554,281.0,77.377
RUS,1681.5091666666665,281.0,77.377
RUS,1697.1202777777776,281.0,77.377
RUS,1719.1313888888888,283.0,77.377
RUS,1743.8425,278.0,77.377
RUS,1760.7758333333331,254.0,77.377
RUS,1787.6205555555553,241.0,77.377
RUS,1798.2427777777775,239.0,77.377
RUS,1813.6427777777776,231.0,77.377
RUS,1829.109444444444,232.0,77.377
RUS,1858.5649999999998,241.0,77.377
RUS,1871.9538888888887,241.0,77.377
RUS,1882.7983333333332,244.0,77.377
RUS,1915.7316666666666,247.0,77.377
RUS,1926.8427777777777,250.0,77.377
RUS,1942.6427777777776,237.0,77.377
RUS,1952.7316666666666,227.0,77.377
RUS,1968.6761111111111,205.0,77.377
RUS,1987.1761111111114,185.0,77.377
RUS,1996.8983333333333,175.0,77.377
RUS,2006.2316666666668,168.0,77.377
RUS,2018.6316666666667,160.0,77.377
RUS,2030.5316666666668,153.0,77.377
RUS,2042.353888888889,152.0,77.377
RUS,2059.6872222222223,156.0,77.377
RUS,2072.2094444444447,161.0,77.377
RUS,2091.2094444444447,171.0,77.377
RUS,2109.509444444445,183.0,77.377
RUS,2120.009444444445,189.0,77.377
RUS,2135.331666666667,197.0,77.377
RUS,2160.9341666666664,209.0,77.377
RUS,2170.489722222222,215.0,77.377
RUS,2187.6008333333334,220.0,77.377
RUS,2205.1786111111114,226.0,77.377
RUS,2220.7119444444443,233.0,77.377
RUS,2236.5119444444445,237.0,77.377
RUS,2249.9008333333336,241.0,77.377
RUS,2260.6119444444444,241.0,77.377
RUS,2279.6675,245.0,77.377
RUS,2302.5230555555554,187.0,77.377
RUS,2316.1230555555553,153.0,77.377
RUS,2325.456388888889,140.0,77.377
RUS,2331.2341666666666,130.0,77.377
RUS,2339.5008333333335,124.0,77.377
RUS,2348.6008333333334,117.0,77.377
RUS,2359.271111111111,107.0,77.377
RUS,2366.337777777778,106.0,77.377
RUS,2376.0266666666666,109.0,77.377
RUS,2387.137777777778,125.0,77.377
RUS,2392.826666666667,128.0,77.377
RUS,2400.1044444444447,131.0,77.377
RUS,2412.46,139.0,77.377
RUS,2427.66,152.0,77.377
RUS,2453.131111111111,176.0,77.377
RUS,2462.9088888888887,176.0,77.377
RUS,2473.52,191.0,77.377
RUS,2493.92,204.0,77.377
RUS,2510.5644444444442,214.0,77.377
RUS,2522.0644444444442,207.0,77.377
RUS,2537.2311111111107,195.0,77.377
RUS,2549.631111111111,186.0,77.377
RUS,2561.4311111111106,177.0,77.377
RUS,2572.631111111111,168.0,77.377
RUS,2585.6977777777774,168.0,77.377
RUS,2607.3311111111107,177.0,77.377
RUS,2615.2866666666664,179.0,77.377
RUS,2638.142222222222,187.0,77.377
RUS,2650.0088888888886,178.0,77.377
RUS,2657.6977777777774,173.0,77.377
RUS,2668.983888888889,170.0,77.377
RUS,2676.317222222222,165.0,77.377
RUS,2688.6061111111107,158.0,77.377
RUS,2706.050555555555,157.0,77.377
RUS,2716.650555555555,159.0,77.377
RUS,2731.4061111111105,166.0,77.377
RUS,2751.5172222222213,181.0,77.377
RUS,2762.0172222222213,189.0,77.377
RUS,2772.7930555555545,193.0,77.377
RUS,2786.3263888888873,203.0,77.377
RUS,2795.481944444443,206.0,77.377
RUS,2809.615277777776,212.0,77.377
RUS,2821.8374999999983,220.0,77.377
RUS,2836.8374999999983,225.0,77.377
RUS,2854.6486111111094,229.0,77.377
RUS,2864.826388888887,229.0,77.377
RUS,2883.3374999999983,238.0,77.377
RUS,2902.2374999999984,243.0,77.377
RUS,2926.937499999998,247.0,77.377
RUS,2946.3819444444425,250.0,77.377
RUS,2963.248611111109,253.0,77.377
RUS,2986.0930555555533,257.0,77.377
RUS,3003.426388888887,260.0,77.377
RUS,3017.926388888887,261.0,77.377
RUS,3040.237499999998,251.0,77.377
RUS,3064.237499999998,240.0,77.377
RUS,3079.706111111109,233.0,77.377
RUS,3098.0616666666647,236.0,77.377
RUS,3113.861666666665,237.0,77.377
RUS,3132.3727777777763,238.0,77.377
RUS,3148.372777777776,240.0,77.377
RUS,3164.572777777776,243.0,77.377
RUS,3181.1061111111094,248.0,77.377
RUS,3197.772777777776,250.0,77.377
RUS,3217.5208333333317,253.0,77.377
RUS,3231.7430555555534,256.0,77.377
RUS,3254.8541666666647,260.0,77.377
RUS,3287.3652777777756,266.0,77.377
RUS,3308.20972222222,268.0,77.377
RUS,3323.20972222222,270.0,77.377
RUS,3338.320833333331,272.0,77.377
RUS,3356.6541666666644,275.0,77.377
RUS,3374.987499999998,275.0,77.377
RUS,3399.4319444444423,275.0,77.377
RUS,3421.8319444444423,224.0,77.377
RUS,3430.631944444442,198.0,77.377
RUS,3442.231944444442,174.0,77.377
RUS,3449.2541666666643,158.0,77.377
RUS,3458.920833333331,145.0,77.377
RUS,3469.420833333331,135.0,77.377
RUS,3483.3097222222195,125.0,77.377
RUS,3491.376388888886,121.0,77.377
RUS,3505.278055555553,114.0,77.377
RUS,3517.3780555555527,121.0,77.377
RUS,3526.044722222219,130.0,77.377
RUS,3535.311388888886,139.0,77.377
RUS,3547.2891666666637,154.0,77.377
RUS,3558.222499999997,164.0,77.377
RUS,3572.116388888886,178.0,77.377
RUS,3595.5830555555526,192.0,77.377
RUS,3645.9830555555523,216.0,77.377
RUS,3662.86083333333,217.0,77.377
RUS,3675.5941666666636,191.0,77.377
RUS,3684.083055555552,191.0,77.377
RUS,3693.138611111108,163.0,77.377
RUS,3704.96083333333,152.0,77.377
RUS,3715.771944444441,139.0,77.377
RUS,3723.16083333333,133.0,77.377
RUS,3735.4608333333304,123.0,77.377
RUS,3742.071944444441,119.0,77.377
RUS,3748.4052777777747,114.0,77.377
RUS,3755.805277777775,111.0,77.377
RUS,3763.971944444441,105.0,77.377
RUS,3769.7497222222187,104.0,77.377
RUS,3778.8766666666634,103.0,77.377
RUS,3787.121111111108,106.0,77.377
RUS,3794.5211111111075,111.0,77.377
RUS,3799.6766666666636,116.0,77.377
RUS,3816.8766666666634,129.0,77.377
RUS,3824.709999999997,141.0,77.377
RUS,3831.109999999997,144.0,77.377
RUS,3848.820833333331,159.0,77.377
RUS,3856.465277777775,172.0,77.377
RUS,3866.465277777775,180.0,77.377
RUS,3883.4430555555523,191.0,77.377
RUS,3896.843055555553,201.0,77.377
RUS,3908.3430555555524,207.0,77.377
RUS,3929.543055555552,212.0,77.377
RUS,3955.009722222219,191.0,77.377
RUS,3970.9208333333304,179.0,77.377
RUS,3985.498611111108,164.0,77.377
RUS,3995.831944444441,155.0,77.377
RUS,4005.8319444444414,150.0,77.377
RUS,4015.3652777777747,143.0,77.377
RUS,4021.631944444441,141.0,77.377
RUS,4030.765277777775,137.0,77.377
RUS,4043.12083333333,139.0,77.377
RUS,4054.3208333333305,144.0,77.377
RUS,4067.743055555553,151.0,77.377
RUS,4074.588888888886,155.0,77.377
RUS,4087.2666666666637,163.0,77.377
RUS,4105.066666666664,178.0,77.377
RUS,4115.399999999997,186.0,77.377
RUS,4123.755555555552,188.0,77.377
RUS,4141.444444444441,199.0,77.377
RUS,4162.302222222218,208.0,77.377
RUS,4181.324444444441,214.0,77.377
RUS,4198.435555555552,220.0,77.377
RUS,4213.768888888885,230.0,77.377
RUS,4234.657777777775,235.0,77.377
RUS,4261.991111111108,246.0,77.377
RUS,4275.824444444442,249.0,77.377
RUS,4298.579999999997,256.0,77.377
RUS,4318.879999999997,261.0,77.377
SAI,0.07194444444444445,259.0,77.421
SAI,17.805277777777775,266.0,77.421
SAI,35.805277777777775,270.0,77.421
SAI,63.20527777777777,274.0,77.421
SAI,88.17194444444443,280.0,77.421
SAI,106.90527777777777,281.0,77.421
SAI,119.5275,284.0,77.421
SAI,132.19416666666666,285.0,77.421
SAI,160.99416666666664,288.0,77.421
SAI,183.6275,291.0,77.421
SAI,212.92749999999998,293.0,77.421
SAI,239.14972222222218,295.0,77.421
SAI,265.72749999999996,299.0,77.421
SAI,282.3941666666666,300.0,77.421
SAI,315.8658333333333,302.0,77.421
SAI,346.3658333333333,305.0,77.421
SAI,359.9658333333333,306.0,77.421
SAI,377.02138888888885,307.0,77.421
SAI,397.5547222222222,308.0,77.421
SAI,418.08805555555546,308.0,77.421
SAI,438.6880555555555,309.0,77.421
SAI,452.46583333333325,310.0,77.421
SAI,476.6547222222222,311.0,77.421
SAI,490.43249999999995,310.0,77.421
SAI,514.4658333333332,309.0,77.421
SAI,534.3769444444443,256.0,77.421
SAI,556.8769444444443,225.0,77.421
SAI,570.2547222222221,172.0,77.421
SAI,581.7658333333331,148.0,77.421
SAI,593.8033333333332,135.0,77.421
SAI,599.1366666666665,120.0,77.421
SAI,605.4699999999999,114.0,77.421
SAI,610.4033333333332,111.0,77.421
SAI,618.5699999999999,105.0,77.421
SAI,630.67,99.0,77.421
SAI,635.0255555555556,98.0,77.421
SAI,643.8255555555555,99.0,77.421
SAI,655.3811111111111,104.0,77.421
SAI,666.9811111111111,116.0,77.421
SAI,679.6458333333333,127.0,77.421
SAI,694.1458333333333,145.0,77.421
SAI,706.2013888888889,155.0,77.421
SAI,719.7347222222222,174.0,77.421
SAI,731.9347222222223,183.0,77.421
SAI,744.6680555555556,191.0,77.421
SAI,764.9680555555556,203.0,77.421
SAI,781.7680555555555,216.0,77.421
SAI,796.5680555555556,222.0,77.421
SAI,817.1013888888889,231.0,77.421
SAI,833.0347222222223,239.0,77.421
SAI,860.5902777777778,248.0,77.421
SAI,871.7013888888889,250.0,77.421
SAI,894.5280555555555,256.0,77.421
SAI,912.0613888888888,263.0,77.421
SAI,929.7947222222222,266.0,77.421
SAI,947.8613888888889,271.0,77.421
SAI,959.9947222222222,273.0,77.421
SAI,984.7058333333332,278.0,77.421
SAI,1006.483611111111,280.0,77.421
SAI,1026.5502777777776,258.0,77.421
SAI,1049.2169444444442,204.0,77.421
SAI,1063.4502777777775,183.0,77.421
SAI,1080.2502777777775,168.0,77.421
SAI,1088.873611111111,156.0,77.421
SAI,1100.3847222222219,148.0,77.421
SAI,1117.0069444444441,136.0,77.421
SAI,1128.5624999999998,130.0,77.421
SAI,1147.695833333333,123.0,77.421
SAI,1154.5291666666665,123.0,77.421
SAI,1172.7958333333331,137.0,77.421
SAI,1182.5291666666665,146.0,77.421
SAI,1191.1958333333332,156.0,77.421
SAI,1198.3069444444443,160.0,77.421
SAI,1209.773611111111,172.0,77.421
SAI,1217.6402777777776,177.0,77.421
SAI,1227.9136111111109,184.0,77.421
SAI,1254.7136111111108,201.0,77.421
SAI,1275.9136111111109,212.0,77.421
SAI,1290.3802777777776,217.0,77.421
SAI,1320.6469444444442,227.0,77.421
SAI,1330.9136111111109,231.0,77.421
SAI,1346.4469444444442,233.0,77.421
SAI,1370.046944444444,236.0,77.421
SAI,1386.2469444444441,243.0,77.421
SAI,1399.9136111111106,246.0,77.421
SAI,1430.5216666666663,251.0,77.421
SAI,1441.7661111111108,253.0,77.421
SAI,1453.188333333333,257.0,77.421
SAI,1476.388333333333,261.0,77.421
SAI,1488.077222222222,263.0,77.421
SAI,1502.7438888888885,264.0,77.421
SAI,1517.5772222222217,267.0,77.421
SAI,1532.521666666666,269.0,77.421
SAI,1565.8883333333329,273.0,77.421
SAI,1587.2772222222218,275.0,77.421
SAI,1599.499444444444,275.0,77.421
SAI,1614.9438888888883,278.0,77.421
SAI,1627.299444444444,278.0,77.421
SAI,1642.8549999999993,280.0,77.421
SAI,1655.3438888888882,281.0,77.421
SAI,1680.4105555555548,282.0,77.421
SAI,1699.288888888888,282.0,77.421
SAI,1730.8444444444435,284.0,77.421
SAI,1764.3333333333326,274.0,77.421
SAI,1778.6666666666658,258.0,77.421
SAI,1806.1111111111104,247.0,77.421
SAI,1824.5444444444436,237.0,77.421
SAI,1845.4333333333325,235.0,77.421
SAI,1861.166666666666,236.0,77.421
SAI,1879.9111111111104,241.0,77.421
SAI,1896.1111111111104,243.0,77.421
SAI,1909.8333333333326,247.0,77.421
SAI,1920.7866666666657,248.0,77.421
SAI,1945.8866666666656,251.0,77.421
SAI,1967.8866666666659,220.0,77.421
SAI,1979.3866666666659,207.0,77.421
SAI,1994.319999999999,192.0,77.421
SAI,2012.619999999999,183.0,77.421
SAI,2022.1755555555546,172.0,77.421
SAI,2031.3977777777766,166.0,77.421
SAI,2040.2866666666655,160.0,77.421
SAI,2048.7866666666655,153.0,77.421
SAI,2058.853333333332,151.0,77.421
SAI,2067.2422222222212,151.0,77.421
SAI,2079.219999999999,154.0,77.421
SAI,2097.2649999999985,162.0,77.421
SAI,2108.464999999999,168.0,77.421
SAI,2122.1538888888876,176.0,77.421
SAI,2138.77611111111,187.0,77.421
SAI,2160.998333333332,200.0,77.421
SAI,2174.7316666666657,206.0,77.421
SAI,2186.5649999999987,213.0,77.421
SAI,2213.8205555555546,223.0,77.421
SAI,2223.909444444443,227.0,77.421
SAI,2234.17611111111,231.0,77.421
SAI,2249.909444444443,236.0,77.421
SAI,2268.6538888888876,241.0,77.421
SAI,2284.9191666666657,245.0,77.421
SAI,2303.76361111111,212.0,77.421
SAI,2330.6080555555545,151.0,77.421
SAI,2343.052499999999,140.0,77.421
SAI,2354.852499999999,118.0,77.421
SAI,2362.3858333333324,113.0,77.421
SAI,2370.552499999999,105.0,77.421
SAI,2379.9747222222213,106.0,77.421
SAI,2389.930277777777,112.0,77.421
SAI,2396.208055555555,113.0,77.421
SAI,2410.2430555555547,126.0,77.421
SAI,2417.465277777777,130.0,77.421
SAI,2426.39861111111,134.0,77.421
SAI,2441.19861111111,148.0,77.421
SAI,2463.9986111111098,171.0,77.421
SAI,2477.843055555554,178.0,77.421
SAI,2488.454166666665,191.0,77.421
SAI,2508.7541666666652,203.0,77.421
SAI,2520.365277777776,209.0,77.421
SAI,2542.8097222222204,202.0,77.421
SAI,2551.654166666665,199.0,77.421
SAI,2570.3541666666647,187.0,77.421
SAI,2584.0716666666644,177.0,77.421
SAI,2597.449444444442,172.0,77.421
SAI,2614.649444444442,172.0,77.421
SAI,2630.2049999999977,175.0,77.421
SAI,2642.4716666666645,184.0,77.421
SAI,2656.8605555555537,185.0,77.421
SAI,2666.916111111109,181.0,77.421
SAI,2676.582777777776,174.0,77.421
SAI,2685.9161111111093,168.0,77.421
SAI,2696.716111111109,162.0,77.421
SAI,2714.493888888887,160.0,77.421
SAI,2721.649444444442,160.0,77.421
SAI,2734.4049999999975,164.0,77.421
SAI,2743.738333333331,168.0,77.421
SAI,2755.4716666666645,176.0,77.421
SAI,2807.860555555553,205.0,77.421
SAI,2821.6605555555534,207.0,77.421
SAI,2833.6605555555534,216.0,77.421
SAI,2845.9938888888864,222.0,77.421
SAI,2863.72722222222,228.0,77.421
SAI,2876.504999999998,230.0,77.421
SAI,2886.949444444442,235.0,77.421
SAI,2900.171666666665,238.0,77.421
SAI,2916.238333333331,241.0,77.421
SAI,2940.969444444442,248.0,77.421
SAI,2954.8583333333313,250.0,77.421
SAI,2968.8027777777756,251.0,77.421
SAI,2982.9694444444426,255.0,77.421
SAI,2994.3472222222204,256.0,77.421
SAI,3014.5694444444425,260.0,77.421
SAI,3045.980555555554,257.0,77.421
SAI,3065.036111111109,245.0,77.421
SAI,3075.7472222222204,241.0,77.421
SAI,3101.413888888887,231.0,77.421
SAI,3124.613888888887,232.0,77.421
SAI,3150.901666666665,236.0,77.421
SAI,3169.6461111111093,241.0,77.421
SAI,3180.534999999998,245.0,77.421
SAI,3194.2572222222207,247.0,77.421
SAI,3208.1461111111093,250.0,77.421
SAI,3219.2127777777764,249.0,77.421
SAI,3238.8905555555543,253.0,77.421
SAI,3253.1683333333317,257.0,77.421
SAI,3267.557222222221,259.0,77.421
SAI,3288.0127777777766,263.0,77.421
SAI,3308.701666666665,266.0,77.421
SAI,3329.701666666665,270.0,77.421
SAI,3344.8127777777763,272.0,77.421
SAI,3356.9461111111095,273.0,77.421
SAI,3372.279444444443,276.0,77.421
SAI,3393.8238888888877,277.0,77.421
SAI,3409.2463888888874,279.0,77.421
SAI,3427.313055555554,271.0,77.421
SAI,3441.5908333333314,257.0,77.421
SAI,3453.3130555555535,211.0,77.421
SAI,3467.7797222222202,186.0,77.421
SAI,3484.1130555555537,147.0,77.421
SAI,3491.8908333333316,140.0,77.421
SAI,3499.3908333333316,135.0,77.421
SAI,3509.1908333333317,126.0,77.421
SAI,3519.946388888887,121.0,77.421
SAI,3528.2797222222207,125.0,77.421
SAI,3542.983055555554,132.0,77.421
SAI,3548.93861111111,134.0,77.421
SAI,3558.5386111111097,144.0,77.421
SAI,3568.7386111111095,153.0,77.421
SAI,3589.6386111111096,171.0,77.421
SAI,3599.6386111111096,180.0,77.421
SAI,3607.9497222222208,187.0,77.421
SAI,3635.283055555554,205.0,77.421
SAI,3644.5274999999983,208.0,77.421
SAI,3658.927499999998,216.0,77.421
SAI,3668.5719444444426,217.0,77.421
SAI,3685.605277777776,219.0,77.421
SAI,3703.605277777776,180.0,77.421
SAI,3712.7163888888867,164.0,77.421
SAI,3721.160833333331,152.0,77.421
SAI,3731.8558333333317,138.0,77.421
SAI,3742.1224999999986,132.0,77.421
SAI,3751.9224999999988,126.0,77.421
SAI,3764.700277777776,115.0,77.421
SAI,3773.178055555554,109.0,77.421
SAI,3784.7336111111094,104.0,77.421
SAI,3794.7336111111094,100.0,77.421
SAI,3800.4002777777764,102.0,77.421
SAI,3808.489166666665,104.0,77.421
SAI,3823.066666666665,119.0,77.421
SAI,3828.488888888887,122.0,77.421
SAI,3838.833333333331,133.0,77.421
SAI,3849.799999999998,141.0,77.421
SAI,3859.666666666665,148.0,77.421
SAI,3870.466666666665,162.0,77.421
SAI,3879.466666666665,162.0,77.421
SAI,3887.2444444444427,175.0,77.421
SAI,3901.7888888888874,187.0,77.421
SAI,3926.722222222221,204.0,77.421
SAI,3945.299999999999,209.0,77.421
SAI,3958.9666666666653,205.0,77.421
SAI,3967.766666666665,198.0,77.421
SAI,3980.5666666666657,192.0,77.421
SAI,3994.41111111111,178.0,77.421
SAI,4010.964999999999,166.0,77.421
SAI,4021.431666666665,157.0,77.421
SAI,4034.9427777777764,152.0,77.421
SAI,4047.4761111111093,141.0,77.421
SAI,4053.7427777777757,141.0,77.421
SAI,4061.464999999998,139.0,77.421
SAI,4074.353888888887,145.0,77.421
SAI,4089.553888888887,152.0,77.421
SAI,4114.156666666665,170.0,77.421
SAI,4124.045555555554,178.0,77.421
SAI,4134.267777777775,184.0,77.421
SAI,4153.867777777776,196.0,77.421
SAI,4169.501111111109,201.0,77.421
SAI,4181.056666666665,208.0,77.421
SAI,4197.623333333331,213.0,77.421
SAI,4212.42333333333,222.0,77.421
SAI,4227.556666666665,227.0,77.421
SAI,4243.089999999997,233.0,77.421
SAI,4261.756666666664,240.0,77.421
SAI,4292.31222222222,250.0,77.421
SAI,4303.51222222222,252.0,77.421
SAI,4335.41222222222,261.0,77.421
SAI,4353.01222222222,264.0,77.421
LEC,6.2569444444444455,265.0,77.567
LEC,27.256944444444443,270.0,77.567
LEC,42.42361111111111,273.0,77.567
LEC,69.92361111111111,275.0,77.567
LEC,88.52361111111111,279.0,77.567
LEC,116.9236111111111,284.0,77.567
LEC,142.4347222222222,287.0,77.567
LEC,155.27916666666664,289.0,77.567
LEC,181.05694444444444,290.0,77.567
LEC,204.00138888888887,295.0,77.567
LEC,240.30138888888888,297.0,77.567
LEC,253.54583333333335,298.0,77.567
LEC,283.74583333333334,302.0,77.567
LEC,300.7191666666667,304.0,77.567
LEC,334.83027777777784,307.0,77.567
LEC,369.0525,308.0,77.567
LEC,386.2191666666667,309.0,77.567
LEC,417.21916666666675,310.0,77.567
LEC,458.8191666666667,312.0,77.567
LEC,476.1525000000001,312.0,77.567
LEC,493.39916666666676,312.0,77.567
LEC,510.67694444444453,311.0,77.567
LEC,526.4547222222224,284.0,77.567
LEC,547.3436111111112,235.0,77.567
LEC,556.5436111111112,207.0,77.567
LEC,568.6769444444445,182.0,77.567
LEC,578.121388888889,170.0,77.567
LEC,590.2991666666668,137.0,77.567
LEC,595.8547222222223,125.0,77.567
LEC,605.8991666666668,113.0,77.567
LEC,611.7880555555557,106.0,77.567
LEC,622.4547222222224,96.0,77.567
LEC,633.5769444444446,91.0,77.567
LEC,643.910277777778,93.0,77.567
LEC,651.4547222222225,97.0,77.567
LEC,659.5436111111113,104.0,77.567
LEC,675.5769444444446,120.0,77.567
LEC,689.2769444444446,137.0,77.567
LEC,700.7880555555557,148.0,77.567
LEC,709.621388888889,159.0,77.567
LEC,719.0102777777779,169.0,77.567
LEC,726.8769444444445,177.0,77.567
LEC,739.2769444444444,186.0,77.567
LEC,752.4769444444445,198.0,77.567
LEC,768.7325000000001,209.0,77.567
LEC,783.0061111111111,215.0,77.567
LEC,805.706111111111,227.0,77.567
LEC,821.2394444444443,233.0,77.567
LEC,839.9838888888888,241.0,77.567
LEC,856.3838888888888,246.0,77.567
LEC,867.4949999999999,250.0,77.567
LEC,890.3394444444442,257.0,77.567
LEC,904.8394444444443,261.0,77.567
LEC,925.5283333333332,266.0,77.567
LEC,940.5283333333333,270.0,77.567
LEC,958.6616666666665,272.0,77.567
LEC,986.5616666666666,279.0,77.567
LEC,1005.295,281.0,77.567
LEC,1022.8283333333331,263.0,77.567
LEC,1046.128333333333,233.0,77.567
LEC,1063.1591666666666,191.0,77.567
LEC,1074.8925,176.0,77.567
LEC,1082.181388888889,164.0,77.567
LEC,1089.2480555555555,159.0,77.567
LEC,1103.5480555555555,143.0,77.567
LEC,1114.1258333333333,136.0,77.567
LEC,1127.0258333333334,129.0,77.567
LEC,1138.3147222222224,127.0,77.567
LEC,1149.2480555555558,123.0,77.567
LEC,1156.1369444444447,124.0,77.567
LEC,1170.4344444444448,129.0,77.567
LEC,1184.1344444444449,137.0,77.567
LEC,1190.4900000000005,143.0,77.567
LEC,1198.8788888888894,151.0,77.567
LEC,1209.4788888888895,159.0,77.567
LEC,1220.4788888888895,165.0,77.567
LEC,1232.5455555555563,181.0,77.567
LEC,1240.7677777777785,185.0,77.567
LEC,1255.934444444445,195.0,77.567
LEC,1264.9566666666672,203.0,77.567
LEC,1281.3677777777784,211.0,77.567
LEC,1298.1677777777786,216.0,77.567
LEC,1320.5677777777785,224.0,77.567
LEC,1338.5344444444452,231.0,77.567
LEC,1356.6566666666672,233.0,77.567
LEC,1377.878333333334,238.0,77.567
LEC,1388.5450000000008,240.0,77.567
LEC,1402.1561111111118,245.0,77.567
LEC,1413.178333333334,248.0,77.567
LEC,1432.778333333334,252.0,77.567
LEC,1464.4338888888894,259.0,77.567
LEC,1476.0783333333338,262.0,77.567
LEC,1499.7227777777782,266.0,77.567
LEC,1529.6116666666674,269.0,77.567
LEC,1557.0116666666672,274.0,77.567
LEC,1584.6347222222225,277.0,77.567
LEC,1612.5347222222224,279.0,77.567
LEC,1634.390277777778,281.0,77.567
LEC,1656.3236111111114,282.0,77.567
LEC,1675.190277777778,283.0,77.567
LEC,1694.1902777777782,285.0,77.567
LEC,1722.6902777777782,285.0,77.567
LEC,1744.9347222222225,286.0,77.567
LEC,1763.4013888888894,277.0,77.567
LEC,1786.2458333333338,257.0,77.567
LEC,1802.4458333333337,243.0,77.567
LEC,1828.445833333334,234.0,77.567
LEC,1838.8902777777782,235.0,77.567
LEC,1860.1119444444448,238.0,77.567
LEC,1876.3119444444449,243.0,77.567
LEC,1892.5786111111115,244.0,77.567
LEC,1908.9786111111114,246.0,77.567
LEC,1920.0897222222225,250.0,77.567
LEC,1942.6675000000002,254.0,77.567
LEC,1961.334166666667,240.0,77.567
LEC,1977.9786111111116,214.0,77.567
LEC,1999.311944444445,192.0,77.567
LEC,2013.0786111111115,177.0,77.567
LEC,2029.6786111111114,166.0,77.567
LEC,2038.6888888888893,163.0,77.567
LEC,2050.8222222222225,156.0,77.567
LEC,2070.255555555556,159.0,77.567
LEC,2084.744444444445,163.0,77.567
LEC,2111.344444444445,171.0,77.567
LEC,2120.844444444445,171.0,77.567
LEC,2146.3111111111116,191.0,77.567
LEC,2159.6444444444446,200.0,77.567
LEC,2171.0888888888894,206.0,77.567
LEC,2180.3333333333335,208.0,77.567
LEC,2194.8,217.0,77.567
LEC,2204.577777777778,220.0,77.567
LEC,2217.0844444444447,224.0,77.567
LEC,2248.551111111111,236.0,77.567
LEC,2272.951111111111,244.0,77.567
LEC,2289.5511111111114,249.0,77.567
LEC,2314.751111111111,189.0,77.567
LEC,2322.795555555556,181.0,77.567
LEC,2332.728888888889,149.0,77.567
LEC,2346.4288888888887,137.0,77.567
LEC,2354.628888888889,123.0,77.567
LEC,2361.0733333333333,116.0,77.567
LEC,2373.7555555555555,104.0,77.567
LEC,2378.288888888889,102.0,77.567
LEC,2382.866666666667,103.0,77.567
LEC,2392.7333333333336,111.0,77.567
LEC,2397.8444444444444,115.0,77.567
LEC,2404.7333333333336,124.0,77.567
LEC,2411.8444444444444,128.0,77.567
LEC,2419.2333333333336,133.0,77.567
LEC,2436.1000000000004,138.0,77.567
LEC,2448.0000000000005,153.0,77.567
LEC,2455.155555555556,161.0,77.567
LEC,2464.655555555556,171.0,77.567
LEC,2472.522222222223,177.0,77.567
LEC,2482.9111111111115,187.0,77.567
LEC,2491.3555555555563,190.0,77.567
LEC,2509.044444444445,199.0,77.567
LEC,2523.035833333334,209.0,77.567
LEC,2545.8136111111116,205.0,77.567
LEC,2569.035833333334,190.0,77.567
LEC,2579.258055555556,184.0,77.567
LEC,2598.7025000000003,175.0,77.567
LEC,2612.3136111111116,175.0,77.567
LEC,2627.9580555555563,176.0,77.567
LEC,2640.1580555555565,183.0,77.567
LEC,2654.546944444445,185.0,77.567
LEC,2666.146944444445,174.0,77.567
LEC,2675.4802777777786,168.0,77.567
LEC,2682.811944444445,166.0,77.567
LEC,2698.511944444445,157.0,77.567
LEC,2714.2119444444447,157.0,77.567
LEC,2723.045277777778,159.0,77.567
LEC,2735.5675000000006,161.0,77.567
LEC,2752.5675000000006,170.0,77.567
LEC,2762.4008333333336,177.0,77.567
LEC,2772.6786111111114,185.0,77.567
LEC,2783.1230555555558,188.0,77.567
LEC,2793.9563888888893,195.0,77.567
LEC,2807.623055555556,205.0,77.567
LEC,2819.1230555555558,207.0,77.567
LEC,2836.156388888889,219.0,77.567
LEC,2861.553055555556,228.0,77.567
LEC,2877.1530555555555,234.0,77.567
LEC,2895.586388888889,237.0,77.567
LEC,2917.0975,242.0,77.567
LEC,2944.7641666666664,249.0,77.567
LEC,2961.5641666666666,252.0,77.567
LEC,2975.7308333333335,255.0,77.567
LEC,3007.264166666667,258.0,77.567
LEC,3018.9086111111114,262.0,77.567
LEC,3030.5086111111113,261.0,77.567
LEC,3047.1752777777783,250.0,77.567
LEC,3065.8419444444453,240.0,77.567
LEC,3081.509722222223,236.0,77.567
LEC,3101.8652777777784,229.0,77.567
LEC,3142.3986111111117,228.0,77.567
LEC,3163.109722222223,233.0,77.567
LEC,3186.8097222222227,237.0,77.567
LEC,3203.009722222223,243.0,77.567
LEC,3222.2986111111113,248.0,77.567
LEC,3244.6986111111114,252.0,77.567
LEC,3267.543055555556,257.0,77.567
LEC,3281.9875000000006,260.0,77.567
LEC,3311.5055555555564,265.0,77.567
LEC,3326.394444444445,268.0,77.567
LEC,3344.4611111111117,271.0,77.567
LEC,3371.8611111111118,274.0,77.567
LEC,3409.0611111111116,279.0,77.567
LEC,3429.205555555556,259.0,77.567
LEC,3441.761111111112,226.0,77.567
LEC,3461.561111111112,198.0,77.567
LEC,3470.7277777777786,165.0,77.567
LEC,3485.83888888889,136.0,77.567
LEC,3491.5277777777787,128.0,77.567
LEC,3503.1277777777786,116.0,77.567
LEC,3511.885277777779,113.0,77.567
LEC,3520.829722222223,115.0,77.567
LEC,3532.929722222223,121.0,77.567
LEC,3544.5741666666677,131.0,77.567
LEC,3553.7741666666675,138.0,77.567
LEC,3565.5963888888896,152.0,77.567
LEC,3574.5963888888896,162.0,77.567
LEC,3583.874166666667,167.0,77.567
LEC,3593.8186111111117,179.0,77.567
LEC,3606.5519444444453,191.0,77.567
LEC,3629.329722222223,205.0,77.567
LEC,3638.6319444444453,208.0,77.567
LEC,3655.3541666666674,215.0,77.567
LEC,3667.631944444445,221.0,77.567
LEC,3682.2319444444447,219.0,77.567
LEC,3718.5208333333335,142.0,77.567
LEC,3727.5208333333335,135.0,77.567
LEC,3734.6875000000005,129.0,77.567
LEC,3741.5763888888896,124.0,77.567
LEC,3750.7541666666675,118.0,77.567
LEC,3757.0319444444453,113.0,77.567
LEC,3762.009722222223,112.0,77.567
LEC,3768.0652777777786,109.0,77.567
LEC,3775.2652777777785,108.0,77.567
LEC,3786.1350000000007,109.0,77.567
LEC,3792.1905555555563,109.0,77.567
LEC,3798.3572222222233,111.0,77.567
LEC,3804.690555555557,114.0,77.567
LEC,3809.8905555555566,117.0,77.567
LEC,3819.612777777779,125.0,77.567
LEC,3836.3572222222233,137.0,77.567
LEC,3848.101666666668,151.0,77.567
LEC,3855.035000000001,156.0,77.567
LEC,3874.701666666668,177.0,77.567
LEC,3893.201666666668,185.0,77.567
LEC,3915.368055555557,199.0,77.567
LEC,3931.779166666668,211.0,77.567
LEC,3941.290277777779,214.0,77.567
LEC,3953.1236111111125,213.0,77.567
LEC,3963.956944444446,195.0,77.567
LEC,3972.3569444444456,189.0,77.567
LEC,3985.890277777779,174.0,77.567
LEC,3995.056944444446,165.0,77.567
LEC,4003.8902777777794,159.0,77.567
LEC,4015.4791666666683,149.0,77.567
LEC,4026.6791666666677,144.0,77.567
LEC,4037.7236111111124,142.0,77.567
LEC,4045.6125000000015,142.0,77.567
LEC,4052.0125000000016,144.0,77.567
LEC,4060.234722222224,148.0,77.567
LEC,4072.134722222224,153.0,77.567
LEC,4080.9238888888904,159.0,77.567
LEC,4091.857222222224,164.0,77.567
LEC,4101.190555555557,168.0,77.567
LEC,4110.635000000001,170.0,77.567
LEC,4125.02388888889,185.0,77.567
LEC,4146.801666666668,196.0,77.567
LEC,4157.912777777779,200.0,77.567
LEC,4169.190555555557,203.0,77.567
LEC,4185.835000000001,214.0,77.567
LEC,4205.5683333333345,222.0,77.567
LEC,4220.701666666668,227.0,77.567
LEC,4247.100833333334,237.0,77.567
LEC,4257.8119444444455,241.0,77.567
LEC,4274.211944444445,246.0,77.567
LEC,4291.011944444444,252.0,77.567
LEC,4322.6675,259.0,77.567
LEC,4337.223055555555,262.0,77.567
NOR,3.9299999999999997,262.0,77.769
NOR,30.755277777777774,269.0,77.769
NOR,58.25527777777778,275.0,77.769
NOR,79.79972222222221,277.0,77.769
NOR,101.65527777777777,281.0,77.769
NOR,120.5886111111111,284.0,77.769
NOR,139.65527777777777,286.0,77.769
NOR,168.55527777777777,289.0,77.769
NOR,191.1886111111111,291.0,77.769
NOR,210.72194444444446,293.0,77.769
NOR,236.94416666666666,295.0,77.769
NOR,256.81083333333333,298.0,77.769
NOR,290.14416666666665,300.0,77.769
NOR,303.4775,300.0,77.769
NOR,330.49500000000006,303.0,77.769
NOR,350.8283333333333,305.0,77.769
NOR,371.095,304.0,77.769
NOR,391.49500000000006,306.0,77.769
NOR,405.1394444444445,307.0,77.769
NOR,432.51722222222224,308.0,77.769
NOR,456.4727777777778,308.0,77.769
NOR,480.5061111111112,309.0,77.769
NOR,513.0616666666667,293.0,77.769
NOR,531.8061111111111,241.0,77.769
NOR,551.6061111111112,198.0,77.769
NOR,561.2244444444445,174.0,77.769
NOR,573.2022222222223,154.0,77.769
NOR,588.7244444444445,127.0,77.769
NOR,598.9466666666668,115.0,77.769
NOR,615.4355555555558,106.0,77.769
NOR,621.1577777777779,103.0,77.769
NOR,634.0911111111113,97.0,77.769
NOR,640.557777777778,97.0,77.769
NOR,646.057777777778,99.0,77.769
NOR,650.6355555555558,103.0,77.769
NOR,657.8355555555559,108.0,77.769
NOR,662.9022222222226,114.0,77.769
NOR,669.4905555555559,118.0,77.769
NOR,688.8238888888892,145.0,77.769
NOR,704.8238888888892,160.0,77.769
NOR,716.4238888888892,174.0,77.769
NOR,741.2238888888892,186.0,77.769
NOR,749.9794444444448,197.0,77.769
NOR,763.9127777777782,209.0,77.769
NOR,785.8127777777781,219.0,77.769
NOR,801.0127777777782,228.0,77.769
NOR,814.0127777777783,234.0,77.769
NOR,843.5233333333339,242.0,77.769
NOR,854.5900000000006,249.0,77.769
NOR,865.7011111111116,250.0,77.769
NOR,888.545555555556,257.0,77.769
NOR,900.1011111111115,260.0,77.769
NOR,914.7122222222227,263.0,77.769
NOR,929.6011111111115,268.0,77.769
NOR,944.6011111111115,270.0,77.769
NOR,978.4566666666672,277.0,77.769
NOR,1000.3122222222227,281.0,77.769
NOR,1012.4011111111115,272.0,77.769
NOR,1025.8455555555558,242.0,77.769
NOR,1035.9344444444448,227.0,77.769
NOR,1047.3233333333337,205.0,77.769
NOR,1055.6344444444449,187.0,77.769
NOR,1070.834444444445,171.0,77.769
NOR,1081.3447222222226,157.0,77.769
NOR,1097.566944444445,146.0,77.769
NOR,1114.066944444445,135.0,77.769
NOR,1121.4002777777785,132.0,77.769
NOR,1135.2891666666674,125.0,77.769
NOR,1144.6225000000009,120.0,77.769
NOR,1155.5558333333342,123.0,77.769
NOR,1163.955833333334,126.0,77.769
NOR,1174.455833333334,135.0,77.769
NOR,1184.1891666666675,146.0,77.769
NOR,1192.6891666666675,153.0,77.769
NOR,1199.6233333333341,157.0,77.769
NOR,1217.023333333334,174.0,77.769
NOR,1235.523333333334,185.0,77.769
NOR,1246.1900000000005,192.0,77.769
NOR,1262.0566666666673,204.0,77.769
NOR,1283.4566666666672,214.0,77.769
NOR,1295.5122222222226,217.0,77.769
NOR,1307.8455555555558,222.0,77.769
NOR,1320.345555555556,225.0,77.769
NOR,1333.123333333334,230.0,77.769
NOR,1348.5900000000004,232.0,77.769
NOR,1361.7011111111115,236.0,77.769
NOR,1380.3677777777782,240.0,77.769
NOR,1407.8808333333338,247.0,77.769
NOR,1424.5475000000006,250.0,77.769
NOR,1444.3808333333338,255.0,77.769
NOR,1467.491944444445,260.0,77.769
NOR,1496.9363888888895,265.0,77.769
NOR,1514.803055555556,268.0,77.769
NOR,1529.7475000000004,269.0,77.769
NOR,1563.1141666666672,273.0,77.769
NOR,1575.2919444444449,274.0,77.769
NOR,1587.514166666667,275.0,77.769
NOR,1605.9808333333335,277.0,77.769
NOR,1627.525277777778,277.0,77.769
NOR,1646.114166666667,280.0,77.769
NOR,1671.0919444444448,281.0,77.769
NOR,1721.0475000000001,281.0,77.769
NOR,1745.3141666666668,273.0,77.769
NOR,1770.814166666667,255.0,77.769
NOR,1787.1475000000003,245.0,77.769
NOR,1805.9697222222226,242.0,77.769
NOR,1826.9475000000004,236.0,77.769
NOR,1848.103055555556,238.0,77.769
NOR,1861.491944444445,241.0,77.769
NOR,1888.8936111111116,246.0,77.769
NOR,1902.6713888888894,248.0,77.769
NOR,1919.338055555556,250.0,77.769
NOR,1944.0380555555562,247.0,77.769
NOR,1972.438055555556,213.0,77.769
NOR,1987.4491666666672,193.0,77.769
NOR,1997.726944444445,185.0,77.769
NOR,2015.226944444445,175.0,77.769
NOR,2024.838055555556,173.0,77.769
NOR,2042.5047222222229,159.0,77.769
NOR,2049.3936111111116,155.0,77.769
NOR,2065.1936111111117,158.0,77.769
NOR,2077.6711111111117,161.0,77.769
NOR,2090.5044444444447,165.0,77.769
NOR,2107.604444444445,171.0,77.769
NOR,2123.782222222223,182.0,77.769
NOR,2135.9155555555562,182.0,77.769
NOR,2151.393333333334,199.0,77.769
NOR,2162.782222222223,205.0,77.769
NOR,2174.504444444445,211.0,77.769
NOR,2186.3377777777787,213.0,77.769
NOR,2200.871111111112,218.0,77.769
NOR,2226.4266666666676,230.0,77.769
NOR,2236.891666666668,234.0,77.769
NOR,2255.4805555555563,239.0,77.769
NOR,2268.925000000001,242.0,77.769
NOR,2285.0583333333348,242.0,77.769
NOR,2321.6027777777795,143.0,77.769
NOR,2330.069444444446,127.0,77.769
NOR,2336.9027777777796,123.0,77.769
NOR,2343.2916666666683,115.0,77.769
NOR,2352.0027777777796,112.0,77.769
NOR,2358.0027777777796,108.0,77.769
NOR,2362.758333333335,107.0,77.769
NOR,2368.7027777777794,107.0,77.769
NOR,2376.2361111111127,113.0,77.769
NOR,2388.3025000000016,121.0,77.769
NOR,2395.413611111113,128.0,77.769
NOR,2402.7469444444464,132.0,77.769
NOR,2410.024722222224,131.0,77.769
NOR,2416.2469444444464,140.0,77.769
NOR,2428.224722222224,154.0,77.769
NOR,2449.246944444446,172.0,77.769
NOR,2462.935833333335,176.0,77.769
NOR,2471.29138888889,188.0,77.769
NOR,2493.624722222223,201.0,77.769
NOR,2514.624722222223,210.0,77.769
NOR,2536.234166666668,194.0,77.769
NOR,2550.4675000000016,183.0,77.769
NOR,2558.4675000000016,180.0,77.769
NOR,2568.1897222222237,175.0,77.769
NOR,2577.6897222222237,171.0,77.769
NOR,2585.2008333333347,169.0,77.769
NOR,2598.5786111111124,172.0,77.769
NOR,2608.3008333333346,175.0,77.769
NOR,2618.3008333333346,180.0,77.769
NOR,2633.000833333335,189.0,77.769
NOR,2647.078611111113,181.0,77.769
NOR,2660.300833333335,170.0,77.769
NOR,2669.411944444446,164.0,77.769
NOR,2676.5675000000015,161.0,77.769
NOR,2685.234166666668,156.0,77.769
NOR,2697.134166666668,153.0,77.769
NOR,2705.7575000000015,156.0,77.769
NOR,2716.290833333335,158.0,77.769
NOR,2725.290833333335,162.0,77.769
NOR,2734.6797222222235,169.0,77.769
NOR,2748.6797222222235,180.0,77.769
NOR,2770.235277777779,194.0,77.769
NOR,2781.290833333335,199.0,77.769
NOR,2792.7352777777796,206.0,77.769
NOR,2809.4575000000013,215.0,77.769
NOR,2829.190833333335,222.0,77.769
NOR,2844.3241666666686,227.0,77.769
NOR,2870.5005555555576,235.0,77.769
NOR,2881.033888888891,237.0,77.769
NOR,2897.033888888891,240.0,77.769
NOR,2913.3005555555574,244.0,77.769
NOR,2943.733888888891,249.0,77.769
NOR,2957.6783333333356,251.0,77.769
NOR,2968.92277777778,253.0,77.769
NOR,3003.5894444444466,260.0,77.769
NOR,3015.0561111111138,258.0,77.769
NOR,3032.256111111114,258.0,77.769
NOR,3042.9227777777805,240.0,77.769
NOR,3060.8894444444472,231.0,77.769
NOR,3083.3894444444472,225.0,77.769
NOR,3095.8894444444472,225.0,77.769
NOR,3108.389444444447,225.0,77.769
NOR,3125.981944444447,227.0,77.769
NOR,3144.0263888888912,232.0,77.769
NOR,3162.5375000000026,238.0,77.769
NOR,3189.2041666666696,240.0,77.769
NOR,3208.570833333336,249.0,77.769
NOR,3236.7930555555586,254.0,77.769
NOR,3262.5930555555587,258.0,77.769
NOR,3277.037500000003,260.0,77.769
NOR,3297.5708333333364,264.0,77.769
NOR,3330.400833333337,268.0,77.769
NOR,3342.4008333333363,270.0,77.769
NOR,3363.556388888892,272.0,77.769
NOR,3384.867500000003,274.0,77.769
NOR,3402.867500000003,270.0,77.769
NOR,3419.934166666669,256.0,77.769
NOR,3431.8230555555583,214.0,77.769
NOR,3440.223055555558,189.0,77.769
NOR,3452.823055555558,162.0,77.769
NOR,3470.423055555558,144.0,77.769
NOR,3482.3341666666693,134.0,77.769
NOR,3490.934166666669,129.0,77.769
NOR,3496.534166666669,126.0,77.769
NOR,3504.534166666669,120.0,77.769
NOR,3513.7897222222246,119.0,77.769
NOR,3526.15527777778,124.0,77.769
NOR,3534.9552777777803,132.0,77.769
NOR,3547.4886111111136,141.0,77.769
NOR,3561.710833333336,160.0,77.769
NOR,3569.266388888891,170.0,77.769
NOR,3579.15527777778,178.0,77.769
NOR,3596.044166666669,190.0,77.769
NOR,3616.044166666669,200.0,77.769
NOR,3647.304166666669,216.0,77.769
NOR,3659.4708333333356,219.0,77.769
NOR,3671.3597222222247,214.0,77.769
NOR,3690.259722222225,189.0,77.769
NOR,3702.6263888888916,159.0,77.769
NOR,3710.9041666666694,149.0,77.769
NOR,3721.559722222225,137.0,77.769
NOR,3730.3597222222247,132.0,77.769
NOR,3738.493055555558,122.0,77.769
NOR,3746.293055555558,117.0,77.769
NOR,3755.0041666666693,112.0,77.769
NOR,3767.9597222222246,106.0,77.769
NOR,3772.404166666669,100.0,77.769
NOR,3785.2375000000025,105.0,77.769
NOR,3792.570833333336,110.0,77.769
NOR,3797.5486111111136,112.0,77.769
NOR,3805.1169444444467,114.0,77.769
NOR,3810.183611111114,114.0,77.769
NOR,3820.3725000000027,131.0,77.769
NOR,3836.5947222222244,146.0,77.769
NOR,3847.0613888888915,157.0,77.769
NOR,3862.6169444444467,175.0,77.769
NOR,3883.728055555558,190.0,77.769
NOR,3894.672500000002,197.0,77.769
NOR,3906.0625000000023,204.0,77.769
NOR,3920.062500000002,210.0,77.769
NOR,3929.529166666669,213.0,77.769
NOR,3943.5291666666685,210.0,77.769
NOR,3954.6958333333355,201.0,77.769
NOR,3967.362500000002,190.0,77.769
NOR,3981.362500000002,180.0,77.769
NOR,3989.184722222224,176.0,77.769
NOR,4002.095833333335,166.0,77.769
NOR,4014.384722222224,158.0,77.769
NOR,4029.0847222222237,147.0,77.769
NOR,4040.0513888888904,141.0,77.769
NOR,4049.318055555557,139.0,77.769
NOR,4061.9402777777796,142.0,77.769
NOR,4071.6736111111127,146.0,77.769
NOR,4080.118055555557,152.0,77.769
NOR,4094.6069444444456,163.0,77.769
NOR,4112.406944444447,178.0,77.769
NOR,4124.622500000001,184.0,77.769
NOR,4139.633611111112,193.0,77.769
NOR,4152.90027777778,199.0,77.769
NOR,4169.000277777779,207.0,77.769
NOR,4183.133611111113,212.0,77.769
NOR,4197.733611111113,219.0,77.769
NOR,4212.666944444447,224.0,77.769
NOR,4228.133611111113,232.0,77.769
NOR,4246.554722222224,236.0,77.769
NOR,4259.943611111113,241.0,77.769
NOR,4281.988055555557,248.0,77.769
NOR,4313.276944444446,256.0,77.769
NOR,4333.42138888889,259.0,77.769
OCO,1.2466666666666666,264.0,78.018
OCO,25.157777777777774,269.0,78.018
OCO,43.22444444444443,271.0,78.018
OCO,70.82444444444444,276.0,78.018
OCO,86.32444444444444,279.0,78.018
OCO,108.17999999999999,281.0,78.018
OCO,136.57999999999998,284.0,78.018
OCO,158.82444444444442,286.0,78.018
OCO,181.38,290.0,78.018
OCO,204.0911111111111,292.0,78.018
OCO,233.49111111111108,294.0,78.018
OCO,253.15777777777777,295.0,78.018
OCO,272.89111111111106,296.0,78.018
OCO,286.09111111111105,297.0,78.018
OCO,302.6466666666666,298.0,78.018
OCO,315.9799999999999,300.0,78.018
OCO,342.82444444444434,302.0,78.018
OCO,356.29111111111104,303.0,78.018
OCO,376.4911111111111,303.0,78.018
OCO,393.5202777777777,305.0,78.018
OCO,413.8536111111111,305.0,78.018
OCO,427.4536111111111,306.0,78.018
OCO,444.50916666666666,307.0,78.018
OCO,468.4647222222222,308.0,78.018
OCO,499.1647222222222,307.0,78.018
OCO,518.4313888888889,289.0,78.018
OCO,545.1372222222222,219.0,78.018
OCO,559.215,181.0,78.018
OCO,568.3261111111111,164.0,78.018
OCO,582.2261111111111,139.0,78.018
OCO,588.1372222222222,133.0,78.018
OCO,595.0261111111112,124.0,78.018
OCO,601.5261111111112,117.0,78.018
OCO,608.8594444444445,110.0,78.018
OCO,616.8705555555556,103.0,78.018
OCO,626.7705555555556,99.0,78.018
OCO,632.1594444444445,97.0,78.018
OCO,638.3594444444445,93.0,78.018
OCO,663.2483333333333,112.0,78.018
OCO,668.4038888888889,116.0,78.018
OCO,681.9038888888889,135.0,78.018
OCO,689.9594444444444,145.0,78.018
OCO,702.4816666666667,161.0,78.018
OCO,712.0291666666667,171.0,78.018
OCO,719.6291666666667,171.0,78.018
OCO,734.1736111111111,187.0,78.018
OCO,749.6513888888888,199.0,78.018
OCO,763.1847222222221,203.0,78.018
OCO,777.5847222222221,216.0,78.018
OCO,800.1847222222221,226.0,78.018
OCO,823.8188888888889,237.0,78.018
OCO,837.2633333333332,242.0,78.018
OCO,850.9855555555554,247.0,78.018
OCO,873.4744444444443,253.0,78.018
OCO,887.6411111111111,255.0,78.018
OCO,902.1411111111111,261.0,78.018
OCO,928.941111111111,268.0,78.018
OCO,947.0077777777777,271.0,78.018
OCO,971.63,277.0,78.018
OCO,996.6077777777778,281.0,78.018
OCO,1015.4077777777776,282.0,78.018
OCO,1036.9188888888887,242.0,78.018
OCO,1051.3188888888888,216.0,78.018
OCO,1072.8299999999997,176.0,78.018
OCO,1085.2744444444443,160.0,78.018
OCO,1092.2966666666664,158.0,78.018
OCO,1102.2299999999996,149.0,78.018
OCO,1110.2855555555552,145.0,78.018
OCO,1121.213333333333,140.0,78.018
OCO,1128.713333333333,135.0,78.018
OCO,1138.9022222222218,131.0,78.018
OCO,1153.6911111111108,121.0,78.018
OCO,1166.1911111111108,125.0,78.018
OCO,1173.3022222222219,128.0,78.018
OCO,1188.6355555555551,138.0,78.018
OCO,1202.1044444444442,152.0,78.018
OCO,1217.304444444444,171.0,78.018
OCO,1227.1377777777775,177.0,78.018
OCO,1246.0377777777774,189.0,78.018
OCO,1256.9266666666663,196.0,78.018
OCO,1268.2599999999995,204.0,78.018
OCO,1279.8711111111106,209.0,78.018
OCO,1291.7599999999998,214.0,78.018
OCO,1314.1599999999996,224.0,78.018
OCO,1324.1155555555551,224.0,78.018
OCO,1349.8933333333327,232.0,78.018
OCO,1360.2044444444439,232.0,78.018
OCO,1378.6377777777773,237.0,78.018
OCO,1392.0266666666662,241.0,78.018
OCO,1419.3599999999994,246.0,78.018
OCO,1438.8822222222218,251.0,78.018
OCO,1452.9933333333329,254.0,78.018
OCO,1464.3974999999996,255.0,78.018
OCO,1478.7308333333328,258.0,78.018
OCO,1501.9308333333329,261.0,78.018
OCO,1525.5752777777773,266.0,78.018
OCO,1537.3974999999996,266.0,78.018
OCO,1555.2641666666661,268.0,78.018
OCO,1567.2197222222217,269.0,78.018
OCO,1585.353055555555,272.0,78.018
OCO,1600.5197222222216,273.0,78.018
OCO,1618.8530555555549,275.0,78.018
OCO,1640.3205555555548,277.0,78.018
OCO,1655.7649999999994,278.0,78.018
OCO,1668.1649999999995,279.0,78.018
OCO,1689.942777777777,280.0,78.018
OCO,1711.7983333333327,281.0,78.018
OCO,1727.4649999999992,282.0,78.018
OCO,1755.1649999999993,277.0,78.018
OCO,1772.6316666666662,262.0,78.018
OCO,1797.2316666666661,246.0,78.018
OCO,1818.209444444444,236.0,78.018
OCO,1828.6983333333328,236.0,78.018
OCO,1849.6761111111107,236.0,78.018
OCO,1868.2649999999994,239.0,78.018
OCO,1898.3316666666663,246.0,78.018
OCO,1909.2649999999996,246.0,78.018
OCO,1934.4649999999997,252.0,78.018
OCO,1948.758333333333,256.0,78.018
OCO,1973.647222222222,224.0,78.018
OCO,1995.647222222222,198.0,78.018
OCO,2006.0916666666665,188.0,78.018
OCO,2023.8916666666664,178.0,78.018
OCO,2045.625,163.0,78.018
OCO,2054.458333333333,159.0,78.018
OCO,2063.0263888888885,155.0,78.018
OCO,2071.6930555555555,156.0,78.018
OCO,2080.4152777777776,157.0,78.018
OCO,2094.9930555555557,164.0,78.018
OCO,2102.3263888888887,165.0,78.018
OCO,2113.9263888888886,174.0,78.018
OCO,2123.981944444444,181.0,78.018
OCO,2140.9597222222214,191.0,78.018
OCO,2149.6708333333327,196.0,78.018
OCO,2167.804166666666,204.0,78.018
OCO,2179.3041666666654,207.0,78.018
OCO,2203.8597222222215,221.0,78.018
OCO,2231.9708333333324,230.0,78.018
OCO,2258.526388888888,239.0,78.018
OCO,2277.5041666666657,244.0,78.018
OCO,2296.015277777777,238.0,78.018
OCO,2321.1341666666663,188.0,78.018
OCO,2336.0341666666664,149.0,78.018
OCO,2346.4563888888883,134.0,78.018
OCO,2353.511944444444,127.0,78.018
OCO,2360.234166666666,121.0,78.018
OCO,2365.523055555555,119.0,78.018
OCO,2372.9897222222216,112.0,78.018
OCO,2380.4563888888883,112.0,78.018
OCO,2388.4674999999993,103.0,78.018
OCO,2395.5711111111104,107.0,78.018
OCO,2407.3711111111106,118.0,78.018
OCO,2415.2377777777774,118.0,78.018
OCO,2424.493333333333,119.0,78.018
OCO,2432.9599999999996,127.0,78.018
OCO,2438.782222222222,131.0,78.018
OCO,2451.4044444444444,142.0,78.018
OCO,2459.571111111111,147.0,78.018
OCO,2472.4044444444444,165.0,78.018
OCO,2482.0711111111113,174.0,78.018
OCO,2494.471111111111,186.0,78.018
OCO,2514.171111111111,197.0,78.018
OCO,2527.704444444444,203.0,78.018
OCO,2541.6377777777775,209.0,78.018
OCO,2560.4377777777777,188.0,78.018
OCO,2576.4877777777774,180.0,78.018
OCO,2588.221111111111,176.0,78.018
OCO,2595.821111111111,171.0,78.018
OCO,2603.4211111111113,171.0,78.018
OCO,2620.3211111111113,169.0,78.018
OCO,2633.6211111111115,171.0,78.018
OCO,2651.5211111111116,179.0,78.018
OCO,2667.1655555555562,176.0,78.018
OCO,2682.454444444445,172.0,78.018
OCO,2691.8988888888894,170.0,78.018
OCO,2709.8538888888893,162.0,78.018
OCO,2725.6538888888895,158.0,78.018
OCO,2732.765000000001,160.0,78.018
OCO,2741.765000000001,162.0,78.018
OCO,2752.698333333334,164.0,78.018
OCO,2764.0983333333343,171.0,78.018
OCO,2775.6316666666676,173.0,78.018
OCO,2783.720555555556,182.0,78.018
OCO,2798.6538888888895,192.0,78.018
OCO,2807.3650000000002,196.0,78.018
OCO,2823.3094444444446,205.0,78.018
OCO,2839.953888888889,214.0,78.018
OCO,2862.053888888889,221.0,78.018
OCO,2879.7094444444447,227.0,78.018
OCO,2897.598333333334,230.0,78.018
OCO,2918.82,238.0,78.018
OCO,2929.5311111111114,241.0,78.018
OCO,2942.92,241.0,78.018
OCO,2953.808888888889,245.0,78.018
OCO,2973.175555555556,249.0,78.018
OCO,3004.3422222222225,255.0,78.018
OCO,3015.7644444444445,257.0,78.018
OCO,3038.608888888889,257.0,78.018
OCO,3065.6088888888894,243.0,78.018
OCO,3088.808888888889,232.0,78.018
OCO,3112.0441666666666,233.0,78.018
OCO,3135.5441666666666,235.0,78.018
OCO,3154.1330555555555,239.0,78.018
OCO,3173.0330555555556,243.0,78.018
OCO,3189.4330555555557,246.0,78.018
OCO,3206.0997222222227,250.0,78.018
OCO,3231.4997222222228,254.0,78.018
OCO,3251.644166666667,259.0,78.018
OCO,3269.044166666667,261.0,78.018
OCO,3292.6886111111116,266.0,78.018
OCO,3310.421944444445,266.0,78.018
OCO,3340.6441666666674,272.0,78.018
OCO,3352.777500000001,273.0,78.018
OCO,3377.3875000000007,276.0,78.018
OCO,3395.920833333334,278.0,78.018
OCO,3414.5208333333335,279.0,78.018
OCO,3431.5208333333335,255.0,78.018
OCO,3441.5652777777777,226.0,78.018
OCO,3458.276388888889,188.0,78.018
OCO,3470.7986111111113,161.0,78.018
OCO,3482.3097222222223,148.0,78.018
OCO,3496.976388888889,132.0,78.018
OCO,3506.6208333333334,124.0,78.018
OCO,3518.320833333333,117.0,78.018
OCO,3524.6777777777775,115.0,78.018
OCO,3533.933333333333,119.0,78.018
OCO,3550.0666666666666,132.0,78.018
OCO,3562.9555555555553,145.0,78.018
OCO,3590.022222222222,174.0,78.018
OCO,3600.133333333333,182.0,78.018
OCO,3626.7999999999997,200.0,78.018
OCO,3640.5333333333333,206.0,78.018
OCO,3652.2555555555555,211.0,78.018
OCO,3661.8555555555554,216.0,78.018
OCO,3676.588888888889,221.0,78.018
OCO,3685.7,205.0,78.018
OCO,3696.085,186.0,78.018
OCO,3716.8849999999998,156.0,78.018
OCO,3730.785,139.0,78.018
OCO,3739.7850000000003,135.0,78.018
OCO,3756.185,123.0,78.018
OCO,3761.429444444445,118.0,78.018
OCO,3769.029444444445,114.0,78.018
OCO,3779.7294444444447,107.0,78.018
OCO,3786.5294444444444,102.0,78.018
OCO,3792.2516666666666,103.0,78.018
OCO,3805.7875,111.0,78.018
OCO,3810.809722222222,113.0,78.018
OCO,3816.0541666666663,118.0,78.018
OCO,3827.2541666666666,126.0,78.018
OCO,3833.120833333333,132.0,78.018
OCO,3840.9541666666664,141.0,78.018
OCO,3849.2875,150.0,78.018
OCO,3858.120833333333,159.0,78.018
OCO,3879.631944444445,176.0,78.018
OCO,3894.0986111111106,186.0,78.018
OCO,3902.5875,191.0,78.018
OCO,3913.531944444444,197.0,78.018
OCO,3922.598611111111,204.0,78.018
OCO,3934.2097222222224,209.0,78.018
OCO,3943.7208333333333,214.0,78.018
OCO,3962.031944444444,206.0,78.018
OCO,3975.0861111111108,195.0,78.018
OCO,3994.5305555555556,175.0,78.018
OCO,4013.597222222222,156.0,78.018
OCO,4021.875,149.0,78.018
OCO,4037.208333333333,138.0,78.018
OCO,4047.6305555555555,134.0,78.018
OCO,4059.452777777778,133.0,78.018
OCO,4068.5194444444446,136.0,78.018
OCO,4079.5638888888893,142.0,78.018
OCO,4089.4305555555557,148.0,78.018
OCO,4097.986111111111,154.0,78.018
OCO,4104.7877777777785,154.0,78.018
OCO,4121.887777777779,171.0,78.018
OCO,4140.487777777779,186.0,78.018
OCO,4151.321111111113,195.0,78.018
OCO,4167.110000000002,203.0,78.018
OCO,4188.010000000002,209.0,78.018
OCO,4200.010000000001,216.0,78.018
OCO,4212.287777777779,221.0,78.018
OCO,4224.898888888891,227.0,78.018
OCO,4237.732222222225,231.0,78.018
OCO,4253.5988888888905,238.0,78.018
OCO,4267.043333333335,242.0,78.018
OCO,4286.410000000002,249.0,78.018
OCO,4314.702777777779,254.0,78.018
OCO,4331.969444444447,259.0,78.018
ALO,9.975,266.0,77.904
ALO,21.88611111111111,268.0,77.904
ALO,33.797222222222224,268.0,77.904
ALO,49.019444444444446,274.0,77.904
ALO,73.81944444444444,279.0,77.904
ALO,86.30833333333334,281.0,77.904
ALO,102.03055555555555,283.0,77.904
ALO,114.65277777777779,284.0,77.904
ALO,133.78611111111113,287.0,77.904
ALO,159.47500000000002,289.0,77.904
ALO,182.18611111111113,292.0,77.904
ALO,204.97500000000005,293.0,77.904
ALO,218.08611111111114,295.0,77.904
ALO,234.47500000000005,295.0,77.904
ALO,254.27500000000003,297.0,77.904
ALO,274.20833333333337,299.0,77.904
ALO,307.5416666666667,300.0,77.904
ALO,341.09722222222223,302.0,77.904
ALO,357.9305555555556,303.0,77.904
ALO,381.5680555555556,305.0,77.904
ALO,412.0680555555556,305.0,77.904
ALO,429.15305555555557,306.0,77.904
ALO,449.61972222222226,307.0,77.904
ALO,483.84194444444444,308.0,77.904
ALO,500.9530555555556,308.0,77.904
ALO,529.4530555555556,285.0,77.904
ALO,543.5086111111111,253.0,77.904
ALO,556.0419444444444,188.0,77.904
ALO,573.0419444444444,153.0,77.904
ALO,588.0419444444444,135.0,77.904
ALO,597.7641666666667,125.0,77.904
ALO,605.2975,113.0,77.904
ALO,613.6975,108.0,77.904
ALO,622.7641666666667,102.0,77.904
ALO,627.2975,102.0,77.904
ALO,633.8308333333333,98.0,77.904
ALO,641.2975,96.0,77.904
ALO,649.2308333333333,102.0,77.904
ALO,660.4308333333333,112.0,77.904
ALO,667.0419444444444,119.0,77.904
ALO,675.1086111111111,121.0,77.904
ALO,687.0197222222223,134.0,77.904
ALO,696.9530555555557,149.0,77.904
ALO,705.786388888889,159.0,77.904
ALO,723.1863888888889,174.0,77.904
ALO,739.7197222222222,186.0,77.904
ALO,750.7197222222223,198.0,77.904
ALO,769.2975,209.0,77.904
ALO,783.4308333333333,212.0,77.904
ALO,800.8530555555557,224.0,77.904
ALO,821.2975,230.0,77.904
ALO,834.3530555555557,235.0,77.904
ALO,853.2530555555556,243.0,77.904
ALO,866.7530555555558,243.0,77.904
ALO,886.5086111111112,254.0,77.904
ALO,900.7308333333334,256.0,77.904
ALO,921.3419444444446,265.0,77.904
ALO,939.1419444444447,267.0,77.904
ALO,960.2975000000001,272.0,77.904
ALO,991.186388888889,278.0,77.904
ALO,1012.5752777777778,275.0,77.904
ALO,1037.2752777777778,247.0,77.904
ALO,1052.6752777777779,198.0,77.904
ALO,1066.4419444444445,177.0,77.904
ALO,1075.8863888888889,170.0,77.904
ALO,1082.8641666666667,157.0,77.904
ALO,1097.2641666666668,144.0,77.904
ALO,1106.3308333333334,136.0,77.904
ALO,1114.961388888889,130.0,77.904
ALO,1124.562222222222,123.0,77.904
ALO,1131.2288888888888,120.0,77.904
ALO,1142.8288888888887,116.0,77.904
ALO,1151.6177777777777,113.0,77.904
ALO,1159.4844444444443,118.0,77.904
ALO,1166.151111111111,120.0,77.904
ALO,1174.5511111111111,126.0,77.904
ALO,1188.5511111111111,140.0,77.904
ALO,1197.1066666666666,154.0,77.904
ALO,1203.951111111111,154.0,77.904
ALO,1215.1511111111108,168.0,77.904
ALO,1233.551111111111,184.0,77.904
ALO,1248.7177777777774,195.0,77.904
ALO,1267.0288888888886,206.0,77.904
ALO,1278.584444444444,208.0,77.904
ALO,1290.5844444444442,216.0,77.904
ALO,1300.2733333333329,218.0,77.904
ALO,1315.1399999999996,223.0,77.904
ALO,1325.2288888888886,227.0,77.904
ALO,1340.5622222222219,230.0,77.904
ALO,1353.5066666666664,233.0,77.904
ALO,1374.5733333333328,237.0,77.904
ALO,1399.073333333333,245.0,77.904
ALO,1432.6733333333327,252.0,77.904
ALO,1458.2022222222217,256.0,77.904
ALO,1469.7852777777773,259.0,77.904
ALO,1484.2297222222217,260.0,77.904
ALO,1501.8297222222216,264.0,77.904
ALO,1519.6297222222217,267.0,77.904
ALO,1537.563055555555,269.0,77.904
ALO,1549.563055555555,270.0,77.904
ALO,1564.674166666666,272.0,77.904
ALO,1582.9408333333329,274.0,77.904
ALO,1610.640833333333,277.0,77.904
ALO,1635.4408333333329,279.0,77.904
ALO,1650.9408333333329,279.0,77.904
ALO,1672.7963888888885,281.0,77.904
ALO,1697.863055555555,282.0,77.904
ALO,1710.4408333333329,283.0,77.904
ALO,1735.6852777777772,284.0,77.904
ALO,1759.7741666666661,271.0,77.904
ALO,1779.5297222222218,254.0,77.904
ALO,1793.140833333333,245.0,77.904
ALO,1816.9408333333329,238.0,77.904
ALO,1837.8297222222218,235.0,77.904
ALO,1848.2741666666661,235.0,77.904
ALO,1861.4408333333329,237.0,77.904
ALO,1888.4408333333329,243.0,77.904
ALO,1921.9074999999996,251.0,77.904
ALO,1933.1963888888886,254.0,77.904
ALO,1949.9963888888885,252.0,77.904
ALO,1976.5186111111109,217.0,77.904
ALO,1987.7963888888887,203.0,77.904
ALO,1998.4630555555552,192.0,77.904
ALO,2006.729722222222,186.0,77.904
ALO,2018.5963888888884,178.0,77.904
ALO,2035.3963888888884,168.0,77.904
ALO,2047.9963888888885,162.0,77.904
ALO,2056.6630555555553,156.0,77.904
ALO,2074.218611111111,158.0,77.904
ALO,2084.9519444444445,161.0,77.904
ALO,2106.218611111111,174.0,77.904
ALO,2118.485277777778,184.0,77.904
ALO,2128.8741666666665,187.0,77.904
ALO,2146.3852777777774,197.0,77.904
ALO,2166.6852777777776,203.0,77.904
ALO,2180.8186111111113,212.0,77.904
ALO,2192.874166666667,217.0,77.904
ALO,2212.785277777778,224.0,77.904
ALO,2238.563055555556,232.0,77.904
ALO,2254.4297222222226,238.0,77.904
ALO,2267.874166666667,242.0,77.904
ALO,2292.985277777778,226.0,77.904
ALO,2313.2075000000004,182.0,77.904
ALO,2331.174166666667,147.0,77.904
ALO,2339.8408333333336,130.0,77.904
ALO,2347.974166666667,122.0,77.904
ALO,2356.918611111111,115.0,77.904
ALO,2363.1408333333334,112.0,77.904
ALO,2372.6519444444443,107.0,77.904
ALO,2384.6519444444443,108.0,77.904
ALO,2389.629722222222,112.0,77.904
ALO,2397.629722222222,120.0,77.904
ALO,2404.851944444444,130.0,77.904
ALO,2410.8074999999994,134.0,77.904
ALO,2421.151944444444,133.0,77.904
ALO,2428.818611111111,138.0,77.904
ALO,2445.7074999999995,152.0,77.904
ALO,2454.540833333333,159.0,77.904
ALO,2462.051944444444,169.0,77.904
ALO,2469.874166666666,176.0,77.904
ALO,2488.674166666666,188.0,77.904
ALO,2501.874166666666,198.0,77.904
ALO,2510.8074999999994,201.0,77.904
ALO,2529.563055555555,211.0,77.904
ALO,2542.8297222222213,199.0,77.904
ALO,2551.4963888888883,195.0,77.904
ALO,2569.096388888888,176.0,77.904
ALO,2576.9186111111103,176.0,77.904
ALO,2586.577777777777,173.0,77.904
ALO,2597.598333333333,166.0,77.904
ALO,2608.5316666666663,164.0,77.904
ALO,2623.731666666666,171.0,77.904
ALO,2631.509444444444,175.0,77.904
ALO,2647.687222222222,182.0,77.904
ALO,2661.998333333333,184.0,77.904
ALO,2675.998333333333,180.0,77.904
ALO,2694.8872222222217,170.0,77.904
ALO,2707.642777777777,164.0,77.904
ALO,2725.0872222222215,157.0,77.904
ALO,2739.4872222222216,162.0,77.904
ALO,2754.420555555555,168.0,77.904
ALO,2769.9761111111106,175.0,77.904
ALO,2782.5761111111105,189.0,77.904
ALO,2791.1094444444443,192.0,77.904
ALO,2806.8205555555555,202.0,77.904
ALO,2820.8872222222217,211.0,77.904
ALO,2845.5538888888887,222.0,77.904
ALO,2858.109444444444,226.0,77.904
ALO,2873.4427777777773,230.0,77.904
ALO,2889.0427777777772,234.0,77.904
ALO,2899.5761111111105,237.0,77.904
ALO,2926.4649999999992,242.0,77.904
ALO,2942.866388888888,245.0,77.904
ALO,2956.588611111111,247.0,77.904
ALO,2967.6302777777773,250.0,77.904
ALO,2993.2302777777772,256.0,77.904
ALO,3010.4302777777775,258.0,77.904
ALO,3022.0302777777774,261.0,77.904
ALO,3036.3080555555553,257.0,77.904
ALO,3055.8302777777776,251.0,77.904
ALO,3066.674722222222,244.0,77.904
ALO,3084.9525,235.0,77.904
ALO,3097.7302777777777,230.0,77.904
ALO,3110.285833333333,226.0,77.904
ALO,3128.0191666666665,228.0,77.904
ALO,3145.9080555555556,230.0,77.904
ALO,3166.974722222222,237.0,77.904
ALO,3196.4302777777775,241.0,77.904
ALO,3215.6413888888887,247.0,77.904
ALO,3232.3747222222223,251.0,77.904
ALO,3249.3747222222223,255.0,77.904
ALO,3266.574722222222,258.0,77.904
ALO,3278.130277777778,260.0,77.904
ALO,3295.663611111111,263.0,77.904
ALO,3316.274722222222,265.0,77.904
ALO,3328.1413888888887,267.0,77.904
ALO,3346.074722222222,269.0,77.904
ALO,3361.1302777777773,271.0,77.904
ALO,3382.4413888888885,274.0,77.904
ALO,3400.8511111111106,275.0,77.904
ALO,3418.584444444444,266.0,77.904
ALO,3429.1177777777775,237.0,77.904
ALO,3446.8399999999997,200.0,77.904
ALO,3457.3399999999997,189.0,77.904
ALO,3464.4511111111105,160.0,77.904
ALO,3475.4955555555553,142.0,77.904
ALO,3482.9399999999996,134.0,77.904
ALO,3497.973333333333,123.0,77.904
ALO,3503.306666666666,120.0,77.904
ALO,3510.9733333333324,115.0,77.904
ALO,3522.8733333333325,119.0,77.904
ALO,3538.8844444444435,131.0,77.904
ALO,3551.5955555555547,143.0,77.904
ALO,3567.2955555555545,157.0,77.904
ALO,3578.6955555555546,171.0,77.904
ALO,3597.3955555555544,187.0,77.904
ALO,3608.1733333333323,194.0,77.904
ALO,3619.1177777777766,197.0,77.904
ALO,3637.6955555555546,209.0,77.904
ALO,3659.5955555555547,219.0,77.904
ALO,3669.4177777777772,221.0,77.904
ALO,3679.3733333333325,224.0,77.904
ALO,3688.617777777777,208.0,77.904
ALO,3700.55111111111,179.0,77.904
ALO,3716.394999999999,158.0,77.904
ALO,3727.5172222222213,143.0,77.904
ALO,3734.9797222222214,135.0,77.904
ALO,3743.1797222222212,123.0,77.904
ALO,3748.5130555555547,120.0,77.904
ALO,3757.3019444444435,113.0,77.904
ALO,3763.4130555555544,110.0,77.904
ALO,3768.1241666666656,106.0,77.904
ALO,3776.2130555555545,104.0,77.904
ALO,3784.1463888888875,102.0,77.904
ALO,3791.146388888888,105.0,77.904
ALO,3797.146388888888,108.0,77.904
ALO,3804.6130555555546,112.0,77.904
ALO,3817.0130555555547,124.0,77.904
ALO,3822.7019444444436,128.0,77.904
ALO,3831.901944444444,138.0,77.904
ALO,3850.846388888888,155.0,77.904
ALO,3857.957499999999,160.0,77.904
ALO,3871.335277777777,172.0,77.904
ALO,3883.6019444444432,184.0,77.904
ALO,3896.3352777777773,191.0,77.904
ALO,3909.6686111111103,200.0,77.904
ALO,3925.535277777777,204.0,77.904
ALO,3947.135277777777,216.0,77.904
ALO,3962.76861111111,201.0,77.904
ALO,3973.26861111111,189.0,77.904
ALO,3981.5422222222214,185.0,77.904
ALO,3991.264444444443,175.0,77.904
ALO,3998.7311111111103,168.0,77.904
ALO,4013.042222222221,161.0,77.904
ALO,4025.3647222222207,159.0,77.904
ALO,4039.9647222222206,146.0,77.904
ALO,4052.4980555555544,141.0,77.904
ALO,4060.331388888888,141.0,77.904
ALO,4066.375833333332,136.0,77.904
ALO,4077.2647222222213,140.0,77.904
ALO,4086.931388888888,145.0,77.904
ALO,4102.2313888888875,153.0,77.904
ALO,4109.298055555555,159.0,77.904
ALO,4126.398055555555,171.0,77.904
ALO,4140.631388888888,183.0,77.904
ALO,4150.964722222221,186.0,77.904
ALO,4166.364722222221,198.0,77.904
ALO,4175.431388888887,204.0,77.904
ALO,4191.842499999999,211.0,77.904
ALO,4206.309166666666,217.0,77.904
ALO,4228.809166666666,225.0,77.904
ALO,4241.586944444444,230.0,77.904
ALO,4254.642499999999,235.0,77.904
ALO,4267.920277777777,239.0,77.904
ALO,4289.964722222222,248.0,77.904
ALO,4303.964722222221,252.0,77.904
ALO,4318.202222222221,255.0,77.904
ALO,4341.135555555554,258.0,77.904
HAM,25.853888888888886,269.0,78.035
HAM,40.965,272.0,78.035
HAM,62.431666666666665,276.0,78.035
HAM,77.87611111111111,278.0,78.035
HAM,90.2761111111111,279.0,78.035
HAM,115.2538888888889,281.0,78.035
HAM,134.32055555555556,286.0,78.035
HAM,150.24055555555557,288.0,78.035
HAM,172.8738888888889,291.0,78.035
HAM,195.58499999999998,292.0,78.035
HAM,218.45166666666665,294.0,78.035
HAM,234.89611111111108,296.0,78.035
HAM,258.07388888888886,298.0,78.035
HAM,274.68499999999995,299.0,78.035
HAM,294.7516666666666,301.0,78.035
HAM,335.1516666666666,303.0,78.035
HAM,348.6627777777777,304.0,78.035
HAM,379.1627777777777,305.0,78.035
HAM,403.0477777777777,306.0,78.035
HAM,416.6477777777777,306.0,78.035
HAM,440.5255555555555,307.0,78.035
HAM,478.1699999999999,308.0,78.035
HAM,491.8588888888888,308.0,78.035
HAM,511.8588888888888,300.0,78.035
HAM,526.7477777777777,268.0,78.035
HAM,539.7477777777777,234.0,78.035
HAM,554.8366666666666,194.0,78.035
HAM,571.7255555555555,152.0,78.035
HAM,579.5033333333333,140.0,78.035
HAM,585.4588888888889,134.0,78.035
HAM,593.6588888888888,123.0,78.035
HAM,605.9922222222222,111.0,78.035
HAM,611.9922222222222,108.0,78.035
HAM,616.6297222222222,105.0,78.035
HAM,624.4074999999999,100.0,78.035
HAM,633.7075,93.0,78.035
HAM,638.8741666666666,93.0,78.035
HAM,645.2075,95.0,78.035
HAM,650.7075,99.0,78.035
HAM,656.4852777777778,104.0,78.035
HAM,663.9519444444445,112.0,78.035
HAM,673.1297222222223,118.0,78.035
HAM,686.8297222222222,137.0,78.035
HAM,696.6297222222222,147.0,78.035
HAM,705.4513888888889,158.0,78.035
HAM,716.8513888888889,171.0,78.035
HAM,724.6736111111111,176.0,78.035
HAM,732.6736111111111,180.0,78.035
HAM,743.3402777777777,192.0,78.035
HAM,764.0402777777776,207.0,78.035
HAM,785.7402777777777,217.0,78.035
HAM,800.8069444444444,226.0,78.035
HAM,829.8958333333333,238.0,78.035
HAM,854.5958333333332,247.0,78.035
HAM,925.2624999999999,265.0,78.035
HAM,952.3869444444443,272.0,78.035
HAM,964.5647222222221,274.0,78.035
HAM,979.953611111111,277.0,78.035
HAM,995.5091666666665,280.0,78.035
HAM,1010.8980555555554,277.0,78.035
HAM,1029.1758333333332,235.0,78.035
HAM,1040.953611111111,212.0,78.035
HAM,1053.8869444444442,194.0,78.035
HAM,1065.4202777777778,173.0,78.035
HAM,1079.5536111111112,159.0,78.035
HAM,1091.0647222222221,148.0,78.035
HAM,1103.5480555555555,140.0,78.035
HAM,1109.5925,136.0,78.035
HAM,1126.5258333333334,127.0,78.035
HAM,1136.1702777777778,124.0,78.035
HAM,1146.5702777777778,117.0,78.035
HAM,1154.5702777777778,120.0,78.035
HAM,1162.903611111111,125.0,78.035
HAM,1177.903611111111,135.0,78.035
HAM,1188.9480555555554,142.0,78.035
HAM,1197.5591666666664,155.0,78.035
HAM,1212.4924999999998,168.0,78.035
HAM,1222.2702777777777,176.0,78.035
HAM,1232.4924999999998,184.0,78.035
HAM,1243.0480555555553,190.0,78.035
HAM,1256.5147222222217,202.0,78.035
HAM,1282.4888888888884,213.0,78.035
HAM,1292.1777777777772,218.0,78.035
HAM,1319.7999999999995,226.0,78.035
HAM,1345.6888888888882,233.0,78.035
HAM,1361.4888888888884,237.0,78.035
HAM,1374.8222222222216,240.0,78.035
HAM,1399.3222222222216,245.0,78.035
HAM,1433.1888888888884,254.0,78.035
HAM,1447.4822222222217,256.0,78.035
HAM,1464.7488888888884,259.0,78.035
HAM,1482.282222222222,263.0,78.035
HAM,1508.982222222222,267.0,78.035
HAM,1526.9822222222217,270.0,78.035
HAM,1548.215555555555,273.0,78.035
HAM,1572.6599999999996,275.0,78.035
HAM,1587.9933333333329,276.0,78.035
HAM,1603.3822222222218,277.0,78.035
HAM,1637.482222222222,279.0,78.035
HAM,1662.3711111111108,280.0,78.035
HAM,1681.104444444444,281.0,78.035
HAM,1699.9044444444442,282.0,78.035
HAM,1712.4377777777775,282.0,78.035
HAM,1724.9711111111108,282.0,78.035
HAM,1749.0599999999997,271.0,78.035
HAM,1763.0452777777773,253.0,78.035
HAM,1779.1119444444441,241.0,78.035
HAM,1809.1119444444441,225.0,78.035
HAM,1821.7786111111106,228.0,78.035
HAM,1839.823055555555,232.0,78.035
HAM,1860.8897222222215,237.0,78.035
HAM,1876.8897222222217,240.0,78.035
HAM,1893.0897222222216,243.0,78.035
HAM,1915.0247222222217,246.0,78.035
HAM,1934.3136111111105,248.0,78.035
HAM,1945.3358333333326,248.0,78.035
HAM,1964.4469444444437,215.0,78.035
HAM,1977.4469444444437,195.0,78.035
HAM,1997.1136111111102,177.0,78.035
HAM,2006.6136111111105,171.0,78.035
HAM,2014.080277777777,168.0,78.035
HAM,2021.3247222222215,163.0,78.035
HAM,2031.9247222222211,159.0,78.035
HAM,2043.8247222222212,153.0,78.035
HAM,2055.880277777777,155.0,78.035
HAM,2062.9024999999992,158.0,78.035
HAM,2082.9469444444435,164.0,78.035
HAM,2102.1691666666657,173.0,78.035
HAM,2112.058055555555,178.0,78.035
HAM,2124.2580555555546,183.0,78.035
HAM,2132.693888888888,191.0,78.035
HAM,2148.1716666666657,199.0,78.035
HAM,2164.427222222221,209.0,78.035
HAM,2183.627222222221,216.0,78.035
HAM,2201.0494444444435,224.0,78.035
HAM,2216.2494444444437,228.0,78.035
HAM,2226.5605555555544,232.0,78.035
HAM,2247.71611111111,238.0,78.035
HAM,2263.8494444444436,242.0,78.035
HAM,2277.5844444444438,246.0,78.035
HAM,2290.6955555555546,236.0,78.035
HAM,2302.2511111111103,208.0,78.035
HAM,2320.828888888888,152.0,78.035
HAM,2334.0288888888876,132.0,78.035
HAM,2343.284444444443,119.0,78.035
HAM,2350.884444444443,114.0,78.035
HAM,2359.284444444443,108.0,78.035
HAM,2366.0844444444433,102.0,78.035
HAM,2372.884444444443,102.0,78.035
HAM,2379.75111111111,103.0,78.035
HAM,2384.5511111111095,108.0,78.035
HAM,2393.884444444443,120.0,78.035
HAM,2406.384444444443,125.0,78.035
HAM,2420.284444444443,139.0,78.035
HAM,2430.0844444444433,147.0,78.035
HAM,2450.8149999999987,170.0,78.035
HAM,2460.7594444444435,179.0,78.035
HAM,2471.0927777777765,186.0,78.035
HAM,2484.02611111111,194.0,78.035
HAM,2492.914999999999,200.0,78.035
HAM,2509.170555555554,209.0,78.035
HAM,2527.3927777777762,205.0,78.035
HAM,2538.2261111111097,195.0,78.035
HAM,2548.614999999999,187.0,78.035
HAM,2556.7991666666653,183.0,78.035
HAM,2572.176944444443,173.0,78.035
HAM,2583.3102777777763,167.0,78.035
HAM,2600.410277777776,171.0,78.035
HAM,2610.076944444443,174.0,78.035
HAM,2620.076944444443,180.0,78.035
HAM,2634.54361111111,186.0,78.035
HAM,2648.932499999999,185.0,78.035
HAM,2660.4658333333323,173.0,78.035
HAM,2675.132499999999,165.0,78.035
HAM,2691.132499999999,160.0,78.035
HAM,2701.399166666665,154.0,78.035
HAM,2715.176944444443,155.0,78.035
HAM,2722.154722222221,157.0,78.035
HAM,2731.0436111111103,160.0,78.035
HAM,2743.9547222222213,166.0,78.035
HAM,2753.5658333333326,173.0,78.035
HAM,2761.4769444444437,178.0,78.035
HAM,2776.201944444444,190.0,78.035
HAM,2787.090833333333,196.0,78.035
HAM,2800.5574999999994,202.0,78.035
HAM,2809.8463888888887,209.0,78.035
HAM,2824.113055555555,214.0,78.035
HAM,2838.9130555555553,222.0,78.035
HAM,2859.179722222222,228.0,78.035
HAM,2879.9797222222223,234.0,78.035
HAM,2890.623611111111,238.0,78.035
HAM,2909.3680555555557,241.0,78.035
HAM,2920.1680555555554,243.0,78.035
HAM,2936.5680555555555,246.0,78.035
HAM,2955.9347222222223,249.0,78.035
HAM,2975.6125,253.0,78.035
HAM,2998.4569444444446,257.0,78.035
HAM,3026.2347222222224,250.0,78.035
HAM,3042.168055555556,239.0,78.035
HAM,3074.8125,226.0,78.035
HAM,3092.4680555555556,227.0,78.035
HAM,3120.456944444444,229.0,78.035
HAM,3135.8569444444443,231.0,78.035
HAM,3154.0569444444445,234.0,78.035
HAM,3172.6458333333335,239.0,78.035
HAM,3188.8458333333333,243.0,78.035
HAM,3199.7791666666667,246.0,78.035
HAM,3227.7091666666665,252.0,78.035
HAM,3239.0424999999996,255.0,78.035
HAM,3256.2425,258.0,78.035
HAM,3267.8424999999997,261.0,78.035
HAM,3285.375833333333,263.0,78.035
HAM,3303.0425,265.0,78.035
HAM,3320.9758333333334,269.0,78.035
HAM,3338.975833333333,270.0,78.035
HAM,3351.095555555555,271.0,78.035
HAM,3369.2955555555554,273.0,78.035
HAM,3387.5622222222223,274.0,78.035
HAM,3402.8955555555553,276.0,78.035
HAM,3414.895555555556,270.0,78.035
HAM,3428.0066666666667,236.0,78.035
HAM,3437.117777777778,205.0,78.035
HAM,3447.0066666666667,178.0,78.035
HAM,3457.6733333333336,160.0,78.035
HAM,3467.1400000000003,142.0,78.035
HAM,3473.2288888888893,137.0,78.035
HAM,3481.6288888888894,126.0,78.035
HAM,3489.695555555556,121.0,78.035
HAM,3503.506666666667,113.0,78.035
HAM,3515.406666666667,119.0,78.035
HAM,3523.6066666666675,123.0,78.035
HAM,3537.3066666666673,137.0,78.035
HAM,3547.040000000001,146.0,78.035
HAM,3559.484444444445,160.0,78.035
HAM,3577.235000000001,178.0,78.035
HAM,3585.32388888889,182.0,78.035
HAM,3598.1238888888897,192.0,78.035
HAM,3611.3905555555566,199.0,78.035
HAM,3620.501666666668,205.0,78.035
HAM,3637.068333333334,213.0,78.035
HAM,3661.4016666666676,219.0,78.035
HAM,3673.4058333333337,215.0,78.035
HAM,3689.0502777777783,176.0,78.035
HAM,3699.9169444444447,163.0,78.035
HAM,3709.783611111111,148.0,78.035
HAM,3722.050277777778,138.0,78.035
HAM,3733.4280555555556,128.0,78.035
HAM,3740.3169444444447,124.0,78.035
HAM,3749.1836111111115,114.0,78.035
HAM,3755.239166666667,109.0,78.035
HAM,3763.328055555556,104.0,78.035
HAM,3771.105833333334,100.0,78.035
HAM,3776.6613888888896,100.0,78.035
HAM,3786.96138888889,103.0,78.035
HAM,3795.5169444444455,110.0,78.035
HAM,3801.905833333334,115.0,78.035
HAM,3812.9280555555565,124.0,78.035
HAM,3826.7280555555567,138.0,78.035
HAM,3836.5280555555564,147.0,78.035
HAM,3845.1947222222234,156.0,78.035
HAM,3854.315555555557,165.0,78.035
HAM,3862.04888888889,174.0,78.035
HAM,3876.2044444444455,182.0,78.035
HAM,3900.5266666666676,199.0,78.035
HAM,3911.9711111111124,206.0,78.035
HAM,3921.2155555555573,208.0,78.035
HAM,3930.593333333335,211.0,78.035
HAM,3950.749166666668,201.0,78.035
HAM,3967.1936111111127,185.0,78.035
HAM,3978.9936111111124,177.0,78.035
HAM,3991.9047222222234,166.0,78.035
HAM,4002.504722222224,159.0,78.035
HAM,4018.9491666666677,148.0,78.035
HAM,4025.393611111112,145.0,78.035
HAM,4067.57138888889,146.0,78.035
HAM,4079.6269444444456,155.0,78.035
HAM,4093.67138888889,158.0,78.035
HAM,4102.949166666668,167.0,78.035
HAM,4115.015833333336,181.0,78.035
HAM,4133.7158333333355,187.0,78.035
HAM,4142.426944444446,196.0,78.035
HAM,4165.093611111112,204.0,78.035
HAM,4181.678611111113,214.0,78.035
HAM,4201.1452777777795,219.0,78.035
HAM,4211.323055555557,229.0,78.035
HAM,4232.123055555558,234.0,78.035
HAM,4259.123055555557,243.0,78.035
HAM,4278.558888888891,249.0,78.035
HAM,4309.970000000001,257.0,78.035
HAM,4324.4144444444455,260.0,78.035
BOT,2.566666666666667,264.0,78.157
BOT,17.455555555555556,268.0,78.157
BOT,32.4,269.0,78.157
BOT,56.84444444444444,275.0,78.157
BOT,69.2,278.0,78.157
BOT,87.73333333333333,278.0,78.157
BOT,103.34444444444443,281.0,78.157
BOT,128.67777777777778,285.0,78.157
BOT,141.38888888888889,286.0,78.157
BOT,166.98888888888888,288.0,78.157
BOT,183.15555555555557,291.0,78.157
BOT,215.82222222222222,294.0,78.157
BOT,252.0,296.0,78.157
BOT,285.33333333333337,300.0,78.157
BOT,308.74444444444447,301.0,78.157
BOT,332.31111111111113,303.0,78.157
BOT,373.1961111111111,306.0,78.157
BOT,404.09611111111116,309.0,78.157
BOT,428.12944444444446,309.0,78.157
BOT,445.29611111111114,309.0,78.157
BOT,462.5183333333334,310.0,78.157
BOT,476.2516666666667,309.0,78.157
BOT,496.8516666666667,309.0,78.157
BOT,516.585,296.0,78.157
BOT,537.0405555555556,263.0,78.157
BOT,551.3805555555556,216.0,78.157
BOT,568.7805555555556,174.0,78.157
BOT,578.5805555555555,147.0,78.157
BOT,588.536111111111,128.0,78.157
BOT,596.4694444444444,119.0,78.157
BOT,601.4472222222222,112.0,78.157
BOT,610.6916666666666,104.0,78.157
BOT,616.1361111111111,98.0,78.157
BOT,623.525,95.0,78.157
BOT,628.7472222222223,94.0,78.157
BOT,634.9472222222223,93.0,78.157
BOT,644.8472222222223,99.0,78.157
BOT,651.713888888889,103.0,78.157
BOT,658.913888888889,108.0,78.157
BOT,670.713888888889,118.0,78.157
BOT,682.3055555555557,130.0,78.157
BOT,692.038888888889,146.0,78.157
BOT,698.7055555555556,150.0,78.157
BOT,705.8611111111112,161.0,78.157
BOT,723.2611111111112,174.0,78.157
BOT,737.6500000000001,185.0,78.157
BOT,757.85,202.0,78.157
BOT,776.6944444444445,212.0,78.157
BOT,796.338888888889,221.0,78.157
BOT,808.95,227.0,78.157
BOT,835.3283333333335,238.0,78.157
BOT,860.1283333333334,248.0,78.157
BOT,871.2394444444445,250.0,78.157
BOT,885.3505555555556,254.0,78.157
BOT,902.7505555555556,261.0,78.157
BOT,920.3505555555556,264.0,78.157
BOT,938.1505555555557,267.0,78.157
BOT,950.1505555555557,270.0,78.157
BOT,971.6172222222223,276.0,78.157
BOT,983.9727777777779,278.0,78.157
BOT,1005.7505555555556,280.0,78.157
BOT,1025.4283333333333,253.0,78.157
BOT,1045.2283333333335,198.0,78.157
BOT,1058.9172222222223,176.0,78.157
BOT,1071.672777777778,164.0,78.157
BOT,1084.8694444444445,148.0,78.157
BOT,1091.2694444444446,144.0,78.157
BOT,1098.9361111111114,138.0,78.157
BOT,1104.802777777778,132.0,78.157
BOT,1114.525,125.0,78.157
BOT,1129.0694444444446,119.0,78.157
BOT,1134.4472222222223,121.0,78.157
BOT,1145.4694444444444,124.0,78.157
BOT,1159.6916666666666,128.0,78.157
BOT,1173.1916666666666,135.0,78.157
BOT,1187.8508333333334,147.0,78.157
BOT,1204.2508333333333,164.0,78.157
BOT,1217.628611111111,172.0,78.157
BOT,1231.8619444444441,183.0,78.157
BOT,1244.7952777777775,194.0,78.157
BOT,1258.261944444444,202.0,78.157
BOT,1279.561944444444,213.0,78.157
BOT,1296.361944444444,216.0,78.157
BOT,1311.161944444444,222.0,78.157
BOT,1331.5174999999995,229.0,78.157
BOT,1346.9174999999996,231.0,78.157
BOT,1373.2508333333328,237.0,78.157
BOT,1383.873055555555,239.0,78.157
BOT,1405.7188888888886,245.0,78.157
BOT,1422.3188888888885,249.0,78.157
BOT,1439.252222222222,254.0,78.157
BOT,1456.3188888888885,256.0,78.157
BOT,1467.7855555555552,258.0,78.157
BOT,1491.0744444444442,262.0,78.157
BOT,1511.6855555555553,265.0,78.157
BOT,1532.6077777777773,269.0,78.157
BOT,1562.8299999999997,272.0,78.157
BOT,1584.1411111111106,274.0,78.157
BOT,1611.7411111111107,276.0,78.157
BOT,1627.0530555555551,277.0,78.157
BOT,1648.6752777777774,278.0,78.157
BOT,1682.8974999999998,280.0,78.157
BOT,1707.9641666666662,282.0,78.157
BOT,1751.5197222222218,280.0,78.157
BOT,1765.4641666666662,251.0,78.157
BOT,1795.1974999999995,223.0,78.157
BOT,1809.7308333333328,218.0,78.157
BOT,1821.9530555555552,220.0,78.157
BOT,1831.864166666666,223.0,78.157
BOT,1846.7974999999994,224.0,78.157
BOT,1856.9752777777771,229.0,78.157
BOT,1869.9844444444439,233.0,78.157
BOT,1901.9844444444439,240.0,78.157
BOT,1926.5844444444438,246.0,78.157
BOT,1942.9844444444436,246.0,78.157
BOT,1970.4511111111103,206.0,78.157
BOT,1979.295555555555,199.0,78.157
BOT,1991.6955555555546,186.0,78.157
BOT,2009.0955555555545,174.0,78.157
BOT,2020.2955555555545,168.0,78.157
BOT,2029.1844444444434,160.0,78.157
BOT,2047.8419444444435,153.0,78.157
BOT,2054.641944444443,153.0,78.157
BOT,2061.4863888888876,154.0,78.157
BOT,2075.3530555555544,156.0,78.157
BOT,2082.5530555555542,162.0,78.157
BOT,2091.7752777777764,166.0,78.157
BOT,2101.3308333333316,172.0,78.157
BOT,2111.1086111111094,176.0,78.157
BOT,2134.3308333333316,190.0,78.157
BOT,2149.8863888888873,200.0,78.157
BOT,2159.086388888887,207.0,78.157
BOT,2170.753055555554,210.0,78.157
BOT,2180.2197222222208,213.0,78.157
BOT,2192.2197222222203,216.0,78.157
BOT,2202.130833333332,223.0,78.157
BOT,2222.664166666665,231.0,78.157
BOT,2238.463055555554,236.0,78.157
BOT,2265.574166666665,244.0,78.157
BOT,2291.974166666665,216.0,78.157
BOT,2302.751944444443,194.0,78.157
BOT,2319.751944444443,153.0,78.157
BOT,2330.0186111111097,132.0,78.157
BOT,2340.774166666665,121.0,78.157
BOT,2348.5074999999983,116.0,78.157
BOT,2357.374166666665,114.0,78.157
BOT,2364.640833333332,109.0,78.157
BOT,2370.6963888888877,109.0,78.157
BOT,2375.598888888888,111.0,78.157
BOT,2387.398888888888,118.0,78.157
BOT,2400.398888888888,130.0,78.157
BOT,2407.787777777777,133.0,78.157
BOT,2418.598888888888,139.0,78.157
BOT,2433.898888888888,153.0,78.157
BOT,2442.9544444444437,163.0,78.157
BOT,2452.4544444444437,171.0,78.157
BOT,2462.4544444444437,180.0,78.157
BOT,2472.787777777777,186.0,78.157
BOT,2485.654444444444,193.0,78.157
BOT,2496.765555555555,200.0,78.157
BOT,2513.0211111111103,209.0,78.157
BOT,2535.8558333333326,205.0,78.157
BOT,2548.989166666666,197.0,78.157
BOT,2563.378055555555,185.0,78.157
BOT,2579.0224999999996,176.0,78.157
BOT,2597.689166666666,168.0,78.157
BOT,2609.2224999999994,173.0,78.157
BOT,2619.1113888888885,178.0,78.157
BOT,2642.089166666666,188.0,78.157
BOT,2650.3113888888884,185.0,78.157
BOT,2658.4891666666663,184.0,78.157
BOT,2670.0224999999996,173.0,78.157
BOT,2682.9336111111106,166.0,78.157
BOT,2693.7549999999997,163.0,78.157
BOT,2707.799444444444,158.0,78.157
BOT,2737.1327777777774,165.0,78.157
BOT,2752.2438888888887,170.0,78.157
BOT,2770.4438888888885,182.0,78.157
BOT,2783.2438888888883,192.0,78.157
BOT,2798.799444444444,200.0,78.157
BOT,2817.4661111111104,210.0,78.157
BOT,2836.843888888888,218.0,78.157
BOT,2849.1772222222216,222.0,78.157
BOT,2874.9080555555547,231.0,78.157
BOT,2887.9080555555547,234.0,78.157
BOT,2903.7747222222215,238.0,78.157
BOT,2928.0747222222217,243.0,78.157
BOT,2961.1413888888883,248.0,78.157
BOT,2980.741388888888,252.0,78.157
BOT,2994.908055555555,255.0,78.157
BOT,3020.8080555555553,259.0,78.157
BOT,3034.7524999999996,251.0,78.157
BOT,3060.974722222222,236.0,78.157
BOT,3071.0636111111107,227.0,78.157
BOT,3093.1636111111106,221.0,78.157
BOT,3110.6011111111106,225.0,78.157
BOT,3128.178888888888,226.0,78.157
BOT,3151.478888888889,233.0,78.157
BOT,3172.723333333333,239.0,78.157
BOT,3188.723333333333,240.0,78.157
BOT,3208.0122222222217,248.0,78.157
BOT,3221.901111111111,250.0,78.157
BOT,3235.845555555555,251.0,78.157
BOT,3250.012222222222,255.0,78.157
BOT,3267.0788888888887,256.0,78.157
BOT,3296.0788888888887,261.0,78.157
BOT,3307.975,266.0,78.157
BOT,3328.6638888888883,266.0,78.157
BOT,3343.7749999999996,272.0,78.157
BOT,3361.9083333333333,272.0,78.157
BOT,3424.2638888888887,244.0,78.157
BOT,3437.597222222222,200.0,78.157
BOT,3447.263888888889,174.0,78.157
BOT,3455.9861111111113,157.0,78.157
BOT,3466.8750000000005,140.0,78.157
BOT,3474.1527777777783,131.0,78.157
BOT,3479.841666666667,128.0,78.157
BOT,3486.7305555555563,124.0,78.157
BOT,3494.5305555555565,117.0,78.157
BOT,3506.2977777777787,118.0,78.157
BOT,3513.020000000001,121.0,78.157
BOT,3519.90888888889,124.0,78.157
BOT,3527.020000000001,128.0,78.157
BOT,3532.931111111112,133.0,78.157
BOT,3544.2088888888898,145.0,78.157
BOT,3563.7644444444454,160.0,78.157
BOT,3577.60888888889,178.0,78.157
BOT,3585.520000000001,178.0,78.157
BOT,3606.9644444444452,193.0,78.157
BOT,3627.4644444444452,205.0,78.157
BOT,3651.747222222223,218.0,78.157
BOT,3668.5472222222234,216.0,78.157
BOT,3677.702777777779,206.0,78.157
BOT,3687.9805555555567,185.0,78.157
BOT,3697.369444444446,169.0,78.157
BOT,3704.3027777777793,156.0,78.157
BOT,3715.036111111113,138.0,78.157
BOT,3722.20277777778,129.0,78.157
BOT,3728.925000000002,121.0,78.157
BOT,3737.5583333333348,111.0,78.157
BOT,3746.0361111111124,109.0,78.157
BOT,3754.202777777779,105.0,78.157
BOT,3759.925000000001,103.0,78.157
BOT,3764.5027777777786,103.0,78.157
BOT,3770.336111111112,105.0,78.157
BOT,3778.81388888889,109.0,78.157
BOT,3785.005000000001,112.0,78.157
BOT,3792.671666666668,115.0,78.157
BOT,3799.227222222223,118.0,78.157
BOT,3805.89388888889,120.0,78.157
BOT,3816.082777777779,131.0,78.157
BOT,3832.0827777777795,144.0,78.157
BOT,3840.582777777779,153.0,78.157
BOT,3849.527222222224,161.0,78.157
BOT,3863.060555555557,174.0,78.157
BOT,3879.593888888891,186.0,78.157
BOT,3892.3938888888906,192.0,78.157
BOT,3915.3400000000015,206.0,78.157
BOT,3924.7177777777797,211.0,78.157
BOT,3938.851111111113,212.0,78.157
BOT,3951.8511111111125,195.0,78.157
BOT,3973.4844444444457,177.0,78.157
BOT,3982.9288888888905,170.0,78.157
BOT,3990.2177777777792,164.0,78.157
BOT,4010.2177777777792,150.0,78.157
BOT,4016.7511111111126,147.0,78.157
BOT,4026.351111111113,144.0,78.157
BOT,4032.662222222224,142.0,78.157
BOT,4043.3955555555576,138.0,78.157
BOT,4057.4955555555575,141.0,78.157
BOT,4065.7177777777797,148.0,78.157
BOT,4074.162222222224,152.0,78.157
BOT,4086.639722222224,161.0,78.157
BOT,4099.939722222224,171.0,78.157
BOT,4113.939722222224,180.0,78.157
BOT,4135.161944444446,191.0,78.157
BOT,4150.40638888889,196.0,78.157
BOT,4173.739722222224,210.0,78.157
BOT,4195.539722222225,218.0,78.157
BOT,4207.984166666669,224.0,78.157
BOT,4225.950833333336,231.0,78.157
BOT,4255.473333333335,241.0,78.157
BOT,4266.362222222225,245.0,78.157
BOT,4285.728888888892,249.0,78.157
BOT,4305.328888888891,252.0,78.157
BOT,4322.3955555555585,256.0,78.157
RIC,16.72,264.0,78.198
RIC,34.653333333333336,269.0,78.198
RIC,46.69777777777777,271.0,78.198
RIC,65.0311111111111,275.0,78.198
RIC,83.49777777777777,277.0,78.198
RIC,108.47555555555553,281.0,78.198
RIC,124.19777777777774,283.0,78.198
RIC,159.39777777777778,288.0,78.198
RIC,195.08666666666664,292.0,78.198
RIC,208.10888888888888,293.0,78.198
RIC,221.17555555555552,294.0,78.198
RIC,244.11555555555555,296.0,78.198
RIC,273.91555555555556,298.0,78.198
RIC,293.91555555555556,300.0,78.198
RIC,324.1155555555556,302.0,78.198
RIC,344.31555555555565,303.0,78.198
RIC,364.58222222222224,304.0,78.198
RIC,378.1377777777778,305.0,78.198
RIC,395.1377777777778,306.0,78.198
RIC,418.9377777777778,306.0,78.198
RIC,436.0786111111111,307.0,78.198
RIC,456.6119444444445,308.0,78.198
RIC,528.6786111111112,282.0,78.198
RIC,541.8452777777778,237.0,78.198
RIC,562.8675000000001,172.0,78.198
RIC,571.9786111111111,164.0,78.198
RIC,579.8675000000001,142.0,78.198
RIC,593.0675000000001,132.0,78.198
RIC,600.6675000000001,114.0,78.198
RIC,607.9341666666668,109.0,78.198
RIC,618.2341666666667,103.0,78.198
RIC,624.9008333333334,100.0,78.198
RIC,630.2897222222223,97.0,78.198
RIC,634.4675000000001,94.0,78.198
RIC,639.718888888889,95.0,78.198
RIC,644.0300000000001,97.0,78.198
RIC,649.5855555555556,100.0,78.198
RIC,657.9855555555557,108.0,78.198
RIC,663.0522222222224,114.0,78.198
RIC,669.6633333333335,119.0,78.198
RIC,676.607777777778,125.0,78.198
RIC,685.5411111111113,134.0,78.198
RIC,695.2077777777779,145.0,78.198
RIC,705.9411111111112,161.0,78.198
RIC,720.9633333333335,169.0,78.198
RIC,730.9575000000002,179.0,78.198
RIC,743.9575000000002,195.0,78.198
RIC,759.7463888888891,203.0,78.198
RIC,773.7463888888891,210.0,78.198
RIC,783.3908333333336,217.0,78.198
RIC,803.7463888888892,229.0,78.198
RIC,814.0575000000003,232.0,78.198
RIC,827.224166666667,237.0,78.198
RIC,838.0241666666669,243.0,78.198
RIC,851.7463888888891,247.0,78.198
RIC,871.5019444444447,254.0,78.198
RIC,882.8352777777781,255.0,78.198
RIC,897.2241666666669,259.0,78.198
RIC,914.8908333333335,265.0,78.198
RIC,926.7130555555557,266.0,78.198
RIC,938.7130555555557,270.0,78.198
RIC,956.9130555555557,273.0,78.198
RIC,984.8130555555557,279.0,78.198
RIC,1006.7463888888891,282.0,78.198
RIC,1023.0780555555556,246.0,78.198
RIC,1037.9447222222225,223.0,78.198
RIC,1054.3891666666668,185.0,78.198
RIC,1074.1891666666668,162.0,78.198
RIC,1090.4113888888892,146.0,78.198
RIC,1098.2447222222224,141.0,78.198
RIC,1105.7447222222224,135.0,78.198
RIC,1121.3022222222223,127.0,78.198
RIC,1135.0800000000002,124.0,78.198
RIC,1140.3688888888892,119.0,78.198
RIC,1145.5244444444447,116.0,78.198
RIC,1153.3911111111113,118.0,78.198
RIC,1163.1133333333335,125.0,78.198
RIC,1168.7577777777778,127.0,78.198
RIC,1175.98,130.0,78.198
RIC,1182.1577777777777,139.0,78.198
RIC,1195.58,151.0,78.198
RIC,1202.691111111111,160.0,78.198
RIC,1209.98,164.0,78.198
RIC,1221.5133333333333,173.0,78.198
RIC,1264.7911111111111,205.0,78.198
RIC,1278.991111111111,213.0,78.198
RIC,1288.4577777777777,213.0,78.198
RIC,1310.8577777777775,224.0,78.198
RIC,1325.991111111111,227.0,78.198
RIC,1349.3261111111108,234.0,78.198
RIC,1375.7705555555553,238.0,78.198
RIC,1400.4705555555554,247.0,78.198
RIC,1419.7594444444444,248.0,78.198
RIC,1454.1594444444445,258.0,78.198
RIC,1465.8038888888887,262.0,78.198
RIC,1489.4330555555555,265.0,78.198
RIC,1513.1663888888888,267.0,78.198
RIC,1531.2330555555554,271.0,78.198
RIC,1561.6775,274.0,78.198
RIC,1573.8552777777777,274.0,78.198
RIC,1598.4775,277.0,78.198
RIC,1613.9219444444443,278.0,78.198
RIC,1629.3663888888887,278.0,78.198
RIC,1657.3663888888887,280.0,78.198
RIC,1672.9774999999997,281.0,78.198
RIC,1688.6441666666667,282.0,78.198
RIC,1704.3108333333332,282.0,78.198
RIC,1732.5108333333333,282.0,78.198
RIC,1753.1219444444444,265.0,78.198
RIC,1764.3219444444444,252.0,78.198
RIC,1780.8552777777777,248.0,78.198
RIC,1799.4441666666667,239.0,78.198
RIC,1820.2677777777776,235.0,78.198
RIC,1835.801111111111,233.0,78.198
RIC,1848.8566666666666,235.0,78.198
RIC,1864.5899999999997,236.0,78.198
RIC,1888.7899999999997,242.0,78.198
RIC,1899.6344444444442,244.0,78.198
RIC,1921.6788888888887,248.0,78.198
RIC,1943.2788888888886,243.0,78.198
RIC,1953.7886111111109,235.0,78.198
RIC,1970.4330555555553,214.0,78.198
RIC,1983.499722222222,196.0,78.198
RIC,1999.499722222222,180.0,78.198
RIC,2009.110833333333,173.0,78.198
RIC,2025.6108333333332,165.0,78.198
RIC,2037.9774999999995,159.0,78.198
RIC,2051.5774999999994,153.0,78.198
RIC,2061.910833333333,155.0,78.198
RIC,2068.9774999999995,159.0,78.198
RIC,2079.844166666666,163.0,78.198
RIC,2092.9886111111105,169.0,78.198
RIC,2108.8997222222215,179.0,78.198
RIC,2116.9886111111105,182.0,78.198
RIC,2141.066388888888,197.0,78.198
RIC,2152.399722222221,204.0,78.198
RIC,2173.699722222221,213.0,78.198
RIC,2185.7552777777764,217.0,78.198
RIC,2203.1152777777766,224.0,78.198
RIC,2223.737499999999,232.0,78.198
RIC,2236.7374999999984,234.0,78.198
RIC,2252.870833333332,242.0,78.198
RIC,2269.270833333332,246.0,78.198
RIC,2287.6263888888875,236.0,78.198
RIC,2297.0041666666657,211.0,78.198
RIC,2315.6558333333323,186.0,78.198
RIC,2324.3224999999993,156.0,78.198
RIC,2333.3224999999993,135.0,78.198
RIC,2344.1669444444437,122.0,78.198
RIC,2349.4113888888883,118.0,78.198
RIC,2360.4113888888883,110.0,78.198
RIC,2367.5447222222215,107.0,78.198
RIC,2374.478055555555,104.0,78.198
RIC,2381.6780555555547,108.0,78.198
RIC,2394.789166666666,118.0,78.198
RIC,2407.589166666666,128.0,78.198
RIC,2418.166944444444,136.0,78.198
RIC,2432.266944444444,141.0,78.198
RIC,2440.8224999999993,154.0,78.198
RIC,2449.600277777777,158.0,78.198
RIC,2461.066944444444,172.0,78.198
RIC,2469.066944444444,180.0,78.198
RIC,2483.9224999999997,191.0,78.198
RIC,2497.0674999999997,198.0,78.198
RIC,2506.178611111111,205.0,78.198
RIC,2517.900833333333,211.0,78.198
RIC,2536.389722222222,208.0,78.198
RIC,2545.1897222222224,198.0,78.198
RIC,2553.7230555555557,192.0,78.198
RIC,2563.8897222222226,183.0,78.198
RIC,2575.623055555556,176.0,78.198
RIC,2583.311944444445,173.0,78.198
RIC,2592.691944444445,168.0,78.198
RIC,2609.391944444445,167.0,78.198
RIC,2618.7252777777785,168.0,78.198
RIC,2628.3363888888894,173.0,78.198
RIC,2636.3363888888894,180.0,78.198
RIC,2648.603055555556,184.0,78.198
RIC,2667.2697222222228,168.0,78.198
RIC,2674.5586111111115,164.0,78.198
RIC,2683.4475000000007,160.0,78.198
RIC,2697.3141666666675,156.0,78.198
RIC,2703.980833333334,150.0,78.198
RIC,2710.73638888889,152.0,78.198
RIC,2724.6919444444457,157.0,78.198
RIC,2731.8030555555565,160.0,78.198
RIC,2739.047500000001,163.0,78.198
RIC,2748.3252777777784,167.0,78.198
RIC,2760.258611111112,179.0,78.198
RIC,2774.958611111112,189.0,78.198
RIC,2788.0252777777787,196.0,78.198
RIC,2797.047500000001,203.0,78.198
RIC,2810.914166666668,208.0,78.198
RIC,2837.7419444444454,220.0,78.198
RIC,2847.6975000000007,224.0,78.198
RIC,2868.141944444445,230.0,78.198
RIC,2886.497500000001,236.0,78.198
RIC,2905.1641666666674,240.0,78.198
RIC,2926.8530555555562,244.0,78.198
RIC,2949.1447222222228,250.0,78.198
RIC,2963.033611111112,250.0,78.198
RIC,2988.633611111112,256.0,78.198
RIC,3008.855833333334,260.0,78.198
RIC,3028.689166666667,255.0,78.198
RIC,3049.4002777777782,233.0,78.198
RIC,3064.6002777777785,228.0,78.198
RIC,3079.4669444444453,223.0,78.198
RIC,3101.2669444444455,218.0,78.198
RIC,3110.9558333333343,218.0,78.198
RIC,3128.300277777779,223.0,78.198
RIC,3143.4336111111124,227.0,78.198
RIC,3169.322500000001,233.0,78.198
RIC,3185.0558333333347,236.0,78.198
RIC,3209.5558333333347,245.0,78.198
RIC,3231.778055555557,250.0,78.198
RIC,3242.933611111112,251.0,78.198
RIC,3262.7669444444455,255.0,78.198
RIC,3285.8944444444455,261.0,78.198
RIC,3297.5388888888897,262.0,78.198
RIC,3315.2722222222233,266.0,78.198
RIC,3333.13888888889,268.0,78.198
RIC,3348.1388888888896,270.0,78.198
RIC,3360.2277777777786,272.0,78.198
RIC,3375.394444444445,273.0,78.198
RIC,3393.670277777778,273.0,78.198
RIC,3411.936944444445,274.0,78.198
RIC,3427.6702777777787,236.0,78.198
RIC,3437.5813888888897,223.0,78.198
RIC,3453.4925000000007,179.0,78.198
RIC,3464.292500000001,162.0,78.198
RIC,3474.2258333333343,149.0,78.198
RIC,3491.425833333334,129.0,78.198
RIC,3498.425833333334,126.0,78.198
RIC,3505.259166666667,123.0,78.198
RIC,3511.925833333334,120.0,78.198
RIC,3518.425833333334,117.0,78.198
RIC,3527.9147222222227,122.0,78.198
RIC,3534.9702777777784,127.0,78.198
RIC,3547.0591666666674,136.0,78.198
RIC,3560.5702777777783,152.0,78.198
RIC,3575.859166666667,172.0,78.198
RIC,3583.636944444445,175.0,78.198
RIC,3600.259166666667,187.0,78.198
RIC,3613.392500000001,197.0,78.198
RIC,3626.7258333333343,200.0,78.198
RIC,3648.06638888889,214.0,78.198
RIC,3662.4663888888895,216.0,78.198
RIC,3684.0663888888894,216.0,78.198
RIC,3698.221944444445,182.0,78.198
RIC,3712.4886111111114,160.0,78.198
RIC,3723.766388888889,145.0,78.198
RIC,3729.9441666666667,139.0,78.198
RIC,3739.8219444444444,127.0,78.198
RIC,3752.7108333333335,116.0,78.198
RIC,3761.3441666666668,111.0,78.198
RIC,3773.121944444444,106.0,78.198
RIC,3779.8552777777777,101.0,78.198
RIC,3787.9441666666667,104.0,78.198
RIC,3794.9441666666667,105.0,78.198
RIC,3834.2441666666664,131.0,78.198
RIC,3840.421944444444,139.0,78.198
RIC,3855.721944444444,153.0,78.198
RIC,3866.988611111111,169.0,78.198
RIC,3884.6886111111107,177.0,78.198
RIC,3895.1330555555555,188.0,78.198
RIC,3905.966388888888,195.0,78.198
RIC,3931.5747222222217,210.0,78.198
RIC,3945.708055555555,212.0,78.198
RIC,3961.9636111111104,209.0,78.198
RIC,3975.2186111111105,198.0,78.198
RIC,3989.5297222222216,184.0,78.198
RIC,4007.863055555555,165.0,78.198
RIC,4016.640833333333,158.0,78.198
RIC,4023.3519444444437,151.0,78.198
RIC,4034.5519444444435,144.0,78.198
RIC,4042.3297222222213,140.0,78.198
RIC,4058.9519444444436,136.0,78.198
RIC,4066.6741666666658,139.0,78.198
RIC,4076.207499999999,143.0,78.198
RIC,4082.7408333333324,147.0,78.198
RIC,4098.340833333333,156.0,78.198
RIC,4113.274166666666,168.0,78.198
RIC,4131.174166666666,179.0,78.198
RIC,4139.3963888888875,185.0,78.198
RIC,4150.0630555555545,192.0,78.198
RIC,4161.007499999999,197.0,78.198
RIC,4169.985277777776,202.0,78.198
RIC,4181.540833333332,208.0,78.198
RIC,4195.807499999998,214.0,78.198
RIC,4207.918611111109,218.0,78.198
RIC,4217.785277777776,222.0,78.198
RIC,4235.440833333332,227.0,78.198
RIC,4267.24111111111,239.0,78.198
RIC,4286.374444444443,246.0,78.198
RIC,4311.774444444442,254.0,78.198
RIC,4337.545833333332,257.0,78.198
VER,2.1105555555555555,262.0,77.703
VER,25.828888888888887,266.0,77.703
VER,43.895555555555546,271.0,77.703
VER,62.228888888888875,275.0,77.703
VER,74.53999999999999,277.0,77.703
VER,86.93999999999998,279.0,77.703
VER,108.95111111111109,283.0,77.703
VER,127.95111111111109,285.0,77.703
VER,156.85111111111107,289.0,77.703
VER,176.11777777777775,289.0,77.703
VER,205.51777777777772,294.0,77.703
VER,228.53999999999996,296.0,77.703
VER,261.7622222222222,299.0,77.703
VER,285.1733333333333,301.0,77.703
VER,312.1066666666666,303.0,77.703
VER,339.22166666666664,306.0,77.703
VER,363.09944444444443,307.0,77.703
VER,376.78833333333324,308.0,77.703
VER,404.25499999999994,309.0,77.703
VER,438.9216666666666,312.0,77.703
VER,473.69944444444434,313.0,77.703
VER,503.3994444444444,297.0,77.703
VER,520.1994444444445,252.0,77.703
VER,546.9216666666666,200.0,77.703
VER,555.3216666666666,189.0,77.703
VER,570.8216666666666,155.0,77.703
VER,579.8216666666666,135.0,77.703
VER,589.2327777777778,121.0,77.703
VER,600.0327777777777,108.0,77.703
VER,606.9661111111111,104.0,77.703
VER,619.3105555555555,101.0,77.703
VER,624.5327777777778,94.0,77.703
VER,631.843888888889,94.0,77.703
VER,641.843888888889,100.0,77.703
VER,653.7327777777779,107.0,77.703
VER,658.6216666666668,110.0,77.703
VER,675.4216666666669,126.0,77.703
VER,691.7141666666669,147.0,77.703
VER,698.5141666666668,153.0,77.703
VER,705.7141666666669,162.0,77.703
VER,713.1363888888891,167.0,77.703
VER,724.7363888888891,174.0,77.703
VER,737.4697222222225,191.0,77.703
VER,755.5141666666669,203.0,77.703
VER,772.0030555555558,212.0,77.703
VER,786.6030555555558,219.0,77.703
VER,806.8697222222224,228.0,77.703
VER,833.1575000000003,236.0,77.703
VER,875.1575000000003,252.0,77.703
VER,892.4241666666669,259.0,77.703
VER,909.8908333333336,262.0,77.703
VER,933.7130555555558,268.0,77.703
VER,951.9130555555558,273.0,77.703
VER,973.3797222222224,276.0,77.703
VER,998.3575000000002,281.0,77.703
VER,1018.8130555555557,263.0,77.703
VER,1031.9241666666667,236.0,77.703
VER,1054.035277777778,199.0,77.703
VER,1078.0130555555556,166.0,77.703
VER,1092.8716666666667,149.0,77.703
VER,1102.2050000000002,140.0,77.703
VER,1109.6494444444445,134.0,77.703
VER,1125.293888888889,128.0,77.703
VER,1130.8938888888888,126.0,77.703
VER,1139.0938888888888,123.0,77.703
VER,1147.227222222222,122.0,77.703
VER,1160.0272222222222,128.0,77.703
VER,1168.8272222222222,132.0,77.703
VER,1184.7558333333334,143.0,77.703
VER,1191.111388888889,143.0,77.703
VER,1203.4780555555558,159.0,77.703
VER,1214.6780555555556,168.0,77.703
VER,1235.3447222222223,186.0,77.703
VER,1248.5447222222222,198.0,77.703
VER,1271.6558333333332,208.0,77.703
VER,1290.8558333333333,216.0,77.703
VER,1300.5447222222222,218.0,77.703
VER,1318.0447222222222,225.0,77.703
VER,1333.3113888888888,229.0,77.703
VER,1348.711388888889,231.0,77.703
VER,1364.3780555555554,235.0,77.703
VER,1388.6780555555554,243.0,77.703
VER,1399.6558333333332,247.0,77.703
VER,1419.3336111111112,253.0,77.703
VER,1436.13,253.0,77.703
VER,1453.2633333333333,257.0,77.703
VER,1473.718888888889,263.0,77.703
VER,1500.4188888888891,267.0,77.703
VER,1512.285555555556,267.0,77.703
VER,1527.285555555556,270.0,77.703
VER,1551.6411111111115,274.0,77.703
VER,1576.1744444444448,276.0,77.703
VER,1600.9627777777782,278.0,77.703
VER,1619.5627777777781,279.0,77.703
VER,1638.2294444444449,280.0,77.703
VER,1650.7183333333337,281.0,77.703
VER,1679.0183333333337,283.0,77.703
VER,1716.8850000000004,284.0,77.703
VER,1729.5072222222227,284.0,77.703
VER,1750.5072222222225,270.0,77.703
VER,1764.7850000000003,257.0,77.703
VER,1791.6738888888895,242.0,77.703
VER,1807.2072222222228,233.0,77.703
VER,1817.5183333333339,232.0,77.703
VER,1835.4850000000006,231.0,77.703
VER,1861.7072222222228,236.0,77.703
VER,1880.529444444445,242.0,77.703
VER,1905.129444444445,246.0,77.703
VER,1918.8936111111118,249.0,77.703
VER,1930.1380555555563,253.0,77.703
VER,1956.7825000000007,218.0,77.703
VER,1972.0269444444455,196.0,77.703
VER,1985.9491666666675,179.0,77.703
VER,2000.8825000000008,168.0,77.703
VER,2013.482500000001,162.0,77.703
VER,2027.4816666666675,157.0,77.703
VER,2041.437222222223,157.0,77.703
VER,2048.415000000001,157.0,77.703
VER,2064.015000000001,156.0,77.703
VER,2076.537222222223,161.0,77.703
VER,2091.115000000001,164.0,77.703
VER,2102.7816666666677,175.0,77.703
VER,2117.3261111111124,187.0,77.703
VER,2130.1261111111126,192.0,77.703
VER,2138.8816666666685,197.0,77.703
VER,2157.10388888889,205.0,77.703
VER,2180.770555555557,213.0,77.703
VER,2211.170555555557,228.0,77.703
VER,2237.392777777779,236.0,77.703
VER,2261.592777777779,242.0,77.703
VER,2294.3186111111127,227.0,77.703
VER,2306.985277777779,190.0,77.703
VER,2318.7297222222237,151.0,77.703
VER,2327.9963888888906,139.0,77.703
VER,2335.3852777777797,133.0,77.703
VER,2340.9408333333354,125.0,77.703
VER,2347.496388888891,118.0,77.703
VER,2356.3630555555574,114.0,77.703
VER,2361.1483333333354,107.0,77.703
VER,2367.0372222222245,106.0,77.703
VER,2375.59277777778,110.0,77.703
VER,2380.703888888891,115.0,77.703
VER,2389.0372222222245,125.0,77.703
VER,2399.3038888888914,132.0,77.703
VER,2406.6372222222244,132.0,77.703
VER,2417.29277777778,137.0,77.703
VER,2428.3372222222247,142.0,77.703
VER,2442.737222222225,162.0,77.703
VER,2455.8816666666694,169.0,77.703
VER,2465.548333333336,174.0,77.703
VER,2484.7483333333357,192.0,77.703
VER,2500.148333333336,198.0,77.703
VER,2511.4816666666693,204.0,77.703
VER,2525.348333333336,208.0,77.703
VER,2538.6150000000025,199.0,77.703
VER,2551.348333333336,191.0,77.703
VER,2567.437222222225,181.0,77.703
VER,2577.2213888888914,177.0,77.703
VER,2589.0213888888916,177.0,77.703
VER,2606.7213888888914,177.0,77.703
VER,2618.9213888888917,183.0,77.703
VER,2638.221388888892,193.0,77.703
VER,2648.4991666666697,185.0,77.703
VER,2662.002777777781,173.0,77.703
VER,2669.513888888892,169.0,77.703
VER,2688.9472222222253,159.0,77.703
VER,2695.8361111111144,155.0,77.703
VER,2706.0361111111147,153.0,77.703
VER,2722.0361111111147,160.0,77.703
VER,2729.1472222222255,160.0,77.703
VER,2738.4250000000034,167.0,77.703
VER,2754.3361111111144,179.0,77.703
VER,2764.4472222222253,182.0,77.703
VER,2773.0250000000033,193.0,77.703
VER,2791.0694444444475,203.0,77.703
VER,2802.569444444447,207.0,77.703
VER,2811.9916666666695,212.0,77.703
VER,2826.5916666666694,219.0,77.703
VER,2836.5472222222247,224.0,77.703
VER,2849.1027777777804,226.0,77.703
VER,2859.369444444447,231.0,77.703
VER,2882.9694444444467,236.0,77.703
VER,2898.90277777778,239.0,77.703
VER,2923.30277777778,244.0,77.703
VER,2950.90027777778,249.0,77.703
VER,2964.90027777778,252.0,77.703
VER,3020.00027777778,261.0,77.703
VER,3044.50027777778,245.0,77.703
VER,3062.76527777778,234.0,77.703
VER,3080.26527777778,225.0,77.703
VER,3097.843055555558,226.0,77.703
VER,3113.0430555555577,228.0,77.703
VER,3128.376388888891,230.0,77.703
VER,3141.2652777777803,232.0,77.703
VER,3151.754166666669,236.0,77.703
VER,3170.343055555558,239.0,77.703
VER,3197.8986111111135,248.0,77.703
VER,3211.8986111111135,252.0,77.703
VER,3225.954166666669,253.0,77.703
VER,3237.331944444447,256.0,77.703
VER,3260.3541666666692,259.0,77.703
VER,3274.9652777777806,263.0,77.703
VER,3286.743055555558,265.0,77.703
VER,3298.6097222222247,267.0,77.703
VER,3316.4097222222244,267.0,77.703
VER,3328.4986111111134,272.0,77.703
VER,3346.631944444446,272.0,77.703
VER,3368.0208333333353,275.0,77.703
VER,3392.6430555555576,277.0,77.703
VER,3410.3025000000025,266.0,77.703
VER,3423.6358333333355,240.0,77.703
VER,3438.6358333333355,225.0,77.703
VER,3449.3580555555577,193.0,77.703
VER,3458.8580555555577,171.0,77.703
VER,3466.146944444447,164.0,77.703
VER,3474.0358333333356,142.0,77.703
VER,3484.261111111113,131.0,77.703
VER,3489.7722222222246,124.0,77.703
VER,3499.105555555558,120.0,77.703
VER,3506.705555555558,114.0,77.703
VER,3516.92777777778,115.0,77.703
VER,3526.3388888888912,121.0,77.703
VER,3538.1611111111133,133.0,77.703
VER,3549.6722222222243,148.0,77.703
VER,3558.6722222222243,162.0,77.703
VER,3577.8944444444464,173.0,77.703
VER,3585.9388888888907,181.0,77.703
VER,3594.1611111111133,185.0,77.703
VER,3613.9611111111135,198.0,77.703
VER,3627.5611111111134,204.0,77.703
VER,3643.972222222224,211.0,77.703
VER,3653.6166666666686,217.0,77.703
VER,3672.372222222224,211.0,77.703
VER,3690.2722222222237,179.0,77.703
VER,3698.22777777778,179.0,77.703
VER,3710.12777777778,153.0,77.703
VER,3723.5902777777796,135.0,77.703
VER,3734.6125000000015,124.0,77.703
VER,3746.312500000002,117.0,77.703
VER,3753.7791666666685,112.0,77.703
VER,3758.712500000002,111.0,77.703
VER,3765.942500000002,108.0,77.703
VER,3773.009166666669,106.0,77.703
VER,3777.5869444444465,103.0,77.703
VER,3783.3091666666687,103.0,77.703
VER,3790.3758333333353,106.0,77.703
VER,3796.431388888891,109.0,77.703
VER,3801.3647222222244,111.0,77.703
VER,3809.9980555555576,111.0,77.703
VER,3818.531388888891,128.0,77.703
VER,3827.331388888891,132.0,77.703
VER,3846.52027777778,157.0,77.703
VER,3859.3536111111134,165.0,77.703
VER,3868.964722222224,173.0,77.703
VER,3879.2425000000017,185.0,77.703
VER,3894.175833333335,192.0,77.703
VER,3912.0425000000023,201.0,77.703
VER,3923.486944444446,206.0,77.703
VER,3944.686944444447,212.0,77.703
VER,3963.786944444447,191.0,77.703
VER,3979.342500000002,175.0,77.703
VER,3991.9750000000017,163.0,77.703
VER,4000.7527777777796,158.0,77.703
VER,4015.7527777777796,150.0,77.703
VER,4030.5527777777797,148.0,77.703
VER,4041.908333333335,146.0,77.703
VER,4059.548333333335,144.0,77.703
VER,4071.2150000000015,150.0,77.703
VER,4079.826111111113,155.0,77.703
VER,4088.5483333333345,157.0,77.703
VER,4105.448333333335,169.0,77.703
VER,4115.170555555557,175.0,77.703
VER,4131.526111111113,184.0,77.703
VER,4143.7927777777795,184.0,77.703
VER,4161.659444444446,201.0,77.703
VER,4177.759444444447,207.0,77.703
VER,4192.026111111113,214.0,77.703
VER,4208.903888888891,217.0,77.703
VER,4234.7927777777795,233.0,77.703
VER,4253.537222222224,241.0,77.703
VER,4283.726111111113,247.0,77.703
VER,4294.926111111114,252.0,77.703
VER,4320.826111111113,259.0,77.703
PER,12.34638888888889,263.0,78.516
PER,27.198055555555555,266.0,78.516
PER,44.99805555555555,267.0,78.516
PER,63.064722222222215,271.0,78.516
PER,87.77583333333332,278.0,78.516
PER,106.4425,280.0,78.516
PER,137.88694444444445,283.0,78.516
PER,153.83138888888888,287.0,78.516
PER,186.05361111111114,290.0,78.516
PER,199.0313888888889,292.0,78.516
PER,215.3091666666667,293.0,78.516
PER,241.5313888888889,295.0,78.516
PER,264.7091666666667,298.0,78.516
PER,301.3758333333334,300.0,78.516
PER,318.0697222222223,302.0,78.516
PER,348.4697222222223,304.0,78.516
PER,365.41416666666674,305.0,78.516
PER,392.70305555555564,307.0,78.516
PER,427.03638888888895,309.0,78.516
PER,464.80305555555566,309.0,78.516
PER,495.8030555555557,310.0,78.516
PER,515.536388888889,296.0,78.516
PER,530.1475,263.0,78.516
PER,542.9808333333334,231.0,78.516
PER,561.231388888889,182.0,78.516
PER,572.631388888889,171.0,78.516
PER,588.5202777777779,130.0,78.516
PER,598.0091666666668,122.0,78.516
PER,604.5091666666668,117.0,78.516
PER,613.931388888889,106.0,78.516
PER,619.6536111111112,103.0,78.516
PER,626.1869444444445,98.0,78.516
PER,633.6536111111112,96.0,78.516
PER,638.9869444444446,96.0,78.516
PER,643.2536111111112,96.0,78.516
PER,652.0536111111112,99.0,78.516
PER,658.8536111111111,102.0,78.516
PER,671.2669444444444,112.0,78.516
PER,684.0669444444444,128.0,78.516
PER,694.6447222222222,136.0,78.516
PER,711.9780555555554,156.0,78.516
PER,725.1225,169.0,78.516
PER,737.3225,183.0,78.516
PER,756.9225,196.0,78.516
PER,777.8225,209.0,78.516
PER,797.3780555555555,220.0,78.516
PER,817.7080555555555,228.0,78.516
PER,833.4413888888888,236.0,78.516
PER,849.5080555555555,241.0,78.516
PER,860.4413888888889,246.0,78.516
PER,871.5080555555556,249.0,78.516
PER,891.3413888888889,255.0,78.516
PER,908.4747222222222,257.0,78.516
PER,935.1747222222223,267.0,78.516
PER,953.1080555555554,269.0,78.516
PER,980.7080555555556,276.0,78.516
PER,1002.4858333333333,280.0,78.516
PER,1030.0413888888888,248.0,78.516
PER,1046.6858333333334,214.0,78.516
PER,1063.3969444444447,188.0,78.516
PER,1078.4608333333335,170.0,78.516
PER,1090.4386111111114,154.0,78.516
PER,1097.0608333333337,149.0,78.516
PER,1109.1497222222226,136.0,78.516
PER,1123.3719444444448,128.0,78.516
PER,1137.1497222222226,124.0,78.516
PER,1148.9497222222226,118.0,78.516
PER,1157.1497222222226,123.0,78.516
PER,1174.6527777777783,131.0,78.516
PER,1180.7416666666672,137.0,78.516
PER,1195.641666666667,149.0,78.516
PER,1206.1083333333338,157.0,78.516
PER,1219.4083333333338,171.0,78.516
PER,1237.6083333333338,182.0,78.516
PER,1250.6083333333338,195.0,78.516
PER,1275.7861111111115,206.0,78.516
PER,1287.2305555555558,206.0,78.516
PER,1303.8750000000005,214.0,78.516
PER,1326.5750000000005,227.0,78.516
PER,1352.4638888888894,233.0,78.516
PER,1362.819444444445,233.0,78.516
PER,1395.4861111111118,245.0,78.516
PER,1423.194444444445,250.0,78.516
PER,1434.4388888888896,253.0,78.516
PER,1445.7277777777786,254.0,78.516
PER,1457.1500000000008,257.0,78.516
PER,1474.4833333333343,260.0,78.516
PER,1491.9500000000007,262.0,78.516
PER,1515.683333333334,267.0,78.516
PER,1536.683333333334,270.0,78.516
PER,1554.8166666666673,272.0,78.516
PER,1579.172222222223,274.0,78.516
PER,1610.138333333334,278.0,78.516
PER,1656.9716666666675,281.0,78.516
PER,1675.838333333334,283.0,78.516
PER,1694.7050000000008,283.0,78.516
PER,1719.8605555555562,283.0,78.516
PER,1738.727222222223,283.0,78.516
PER,1759.4161111111118,266.0,78.516
PER,1780.838333333334,241.0,78.516
PER,1799.1161111111116,235.0,78.516
PER,1811.8938888888895,230.0,78.516
PER,1837.5605555555562,231.0,78.516
PER,1872.0827777777783,239.0,78.516
PER,1896.3152777777782,243.0,78.516
PER,1912.7152777777783,246.0,78.516
PER,1926.6597222222226,251.0,78.516
PER,1954.893055555556,231.0,78.516
PER,1964.4486111111116,215.0,78.516
PER,1977.8486111111117,201.0,78.516
PER,1990.3819444444448,188.0,78.516
PER,2007.3819444444448,170.0,78.516
PER,2018.3819444444448,165.0,78.516
PER,2035.7586111111116,156.0,78.516
PER,2042.5586111111115,153.0,78.516
PER,2054.303055555556,151.0,78.516
PER,2064.5030555555563,153.0,78.516
PER,2082.169722222223,159.0,78.516
PER,2093.1030555555562,164.0,78.516
PER,2112.4363888888897,174.0,78.516
PER,2128.791944444445,184.0,78.516
PER,2137.0586111111115,186.0,78.516
PER,2152.225277777778,195.0,78.516
PER,2165.625277777778,201.0,78.516
PER,2179.6252777777777,210.0,78.516
PER,2193.8919444444446,214.0,78.516
PER,2216.2919444444447,224.0,78.516
PER,2226.4697222222226,229.0,78.516
PER,2244.591944444445,233.0,78.516
PER,2260.3925000000004,238.0,78.516
PER,2276.459166666667,241.0,78.516
PER,2293.4925000000003,219.0,78.516
PER,2311.1925,177.0,78.516
PER,2318.703611111111,169.0,78.516
PER,2327.0925,151.0,78.516
PER,2338.8258333333333,132.0,78.516
PER,2349.4036111111113,119.0,78.516
PER,2359.4794444444447,113.0,78.516
PER,2366.679444444445,108.0,78.516
PER,2373.812777777778,107.0,78.516
PER,2378.4350000000004,104.0,78.516
PER,2389.4350000000004,110.0,78.516
PER,2405.701666666667,122.0,78.516
PER,2411.3461111111114,127.0,78.516
PER,2421.768333333334,134.0,78.516
PER,2429.601666666667,141.0,78.516
PER,2447.1572222222226,158.0,78.516
PER,2458.4238888888895,169.0,78.516
PER,2466.157222222223,174.0,78.516
PER,2480.0016666666675,178.0,78.516
PER,2502.0016666666675,198.0,78.516
PER,2518.1016666666674,207.0,78.516
PER,2538.801666666667,207.0,78.516
PER,2550.023055555556,203.0,78.516
PER,2558.645277777778,194.0,78.516
PER,2580.5230555555563,179.0,78.516
PER,2594.211944444445,176.0,78.516
PER,2607.3563888888893,169.0,78.516
PER,2622.3786111111117,169.0,78.516
PER,2635.911944444445,174.0,78.516
PER,2651.872777777778,179.0,78.516
PER,2666.6283333333336,166.0,78.516
PER,2673.872777777778,163.0,78.516
PER,2689.472777777778,156.0,78.516
PER,2701.295,152.0,78.516
PER,2714.806111111111,152.0,78.516
PER,2725.072777777778,154.0,78.516
PER,2737.4394444444442,159.0,78.516
PER,2748.3727777777776,164.0,78.516
PER,2755.9283333333333,170.0,78.516
PER,2772.195,183.0,78.516
PER,2793.8616666666667,195.0,78.516
PER,2821.8616666666667,210.0,78.516
PER,2846.4172222222223,221.0,78.516
PER,2869.2172222222225,228.0,78.516
PER,2903.384722222223,237.0,78.516
PER,2919.451388888889,241.0,78.516
PER,2938.5847222222224,246.0,78.516
PER,2955.1180555555557,248.0,78.516
PER,2969.006944444445,250.0,78.516
PER,2980.251388888889,253.0,78.516
PER,2994.3625,254.0,78.516
PER,3014.4291666666663,258.0,78.516
PER,3026.012222222222,259.0,78.516
PER,3040.012222222222,252.0,78.516
PER,3058.5233333333335,238.0,78.516
PER,3068.967777777778,235.0,78.516
PER,3084.1011111111115,227.0,78.516
PER,3101.523333333334,224.0,78.516
PER,3113.9122222222227,223.0,78.516
PER,3131.4122222222227,225.0,78.516
PER,3149.1455555555563,228.0,78.516
PER,3170.034444444445,235.0,78.516
PER,3188.623333333334,239.0,78.516
PER,3202.178888888889,244.0,78.516
PER,3227.0788888888897,249.0,78.516
PER,3246.756666666667,253.0,78.516
PER,3260.923333333334,255.0,78.516
PER,3278.190000000001,259.0,78.516
PER,3295.723333333334,263.0,78.516
PER,3313.323333333334,264.0,78.516
PER,3337.0566666666678,267.0,78.516
PER,3351.9816666666675,270.0,78.516
PER,3370.115000000001,272.0,78.516
PER,3397.615000000001,275.0,78.516
PER,3415.6816666666678,271.0,78.516
PER,3437.6816666666678,220.0,78.516
PER,3448.6261111111126,197.0,78.516
PER,3461.583333333335,166.0,78.516
PER,3468.6055555555567,158.0,78.516
PER,3484.494444444446,130.0,78.516
PER,3490.13888888889,127.0,78.516
PER,3498.13888888889,120.0,78.516
PER,3509.53888888889,114.0,78.516
PER,3514.561111111112,113.0,78.516
PER,3520.83888888889,113.0,78.516
PER,3531.23888888889,117.0,78.516
PER,3538.016666666668,122.0,78.516
PER,3543.927777777779,133.0,78.516
PER,3557.1722222222234,149.0,78.516
PER,3565.8944444444455,157.0,78.516
PER,3573.2722222222233,166.0,78.516
PER,3584.872222222223,174.0,78.516
PER,3592.9166666666674,181.0,78.516
PER,3603.4166666666674,189.0,78.516
PER,3611.9500000000007,192.0,78.516
PER,3632.350000000001,204.0,78.516
PER,3646.0833333333344,206.0,78.516
PER,3667.6833333333348,216.0,78.516
PER,3688.520000000001,188.0,78.516
PER,3698.131111111112,173.0,78.516
PER,3726.631111111112,135.0,78.516
PER,3738.731111111112,121.0,78.516
PER,3747.7855555555566,116.0,78.516
PER,3756.341111111112,110.0,78.516
PER,3764.741111111112,108.0,78.516
PER,3771.541111111112,102.0,78.516
PER,3778.341111111112,102.0,78.516
PER,3784.1188888888896,104.0,78.516
PER,3788.874444444445,107.0,78.516
PER,3797.5855555555563,112.0,78.516
PER,3811.141111111112,122.0,78.516
PER,3818.252222222223,128.0,78.516
PER,3825.752222222223,135.0,78.516
PER,3831.930000000001,139.0,78.516
PER,3845.530000000001,153.0,78.516
PER,3854.474444444446,161.0,78.516
PER,3861.985555555557,169.0,78.516
PER,3869.807777777779,176.0,78.516
PER,3882.0744444444463,184.0,78.516
PER,3890.563333333335,191.0,78.516
PER,3903.7633333333347,198.0,78.516
PER,3919.707777777779,205.0,78.516
PER,3938.552222222224,212.0,78.516
PER,3952.8258333333342,215.0,78.516
PER,3964.103611111112,203.0,78.516
PER,3976.303611111112,183.0,78.516
PER,3985.7480555555567,170.0,78.516
PER,3994.692500000001,161.0,78.516
PER,4001.6258333333344,156.0,78.516
PER,4009.7925000000014,147.0,78.516
PER,4021.0325000000016,144.0,78.516
PER,4027.299166666668,141.0,78.516
PER,4037.7213888888905,134.0,78.516
PER,4046.588055555557,133.0,78.516
PER,4058.5880555555573,135.0,78.516
PER,4069.7102777777795,143.0,78.516
PER,4083.3102777777794,153.0,78.516
PER,4096.065833333335,164.0,78.516
PER,4105.676944444446,173.0,78.516
PER,4126.454722222224,187.0,78.516
PER,4135.032500000002,193.0,78.516
PER,4143.743611111113,196.0,78.516
PER,4163.943611111113,202.0,78.516
PER,4177.943611111113,210.0,78.516
PER,4194.82138888889,217.0,78.516
PER,4204.688055555557,222.0,78.516
PER,4225.043611111113,229.0,78.516
PER,4248.643611111113,236.0,78.516
PER,4259.265833333336,239.0,78.516
PER,4278.476944444446,247.0,78.516
PER,4303.507222222225,251.0,78.516
PER,4326.618333333336,260.0,78.516
ZHO,6.575,263.0,78.573
ZHO,21.29722222222222,265.0,78.573
ZHO,33.075,265.0,78.573
ZHO,48.019444444444446,269.0,78.573
ZHO,72.28611111111111,273.0,78.573
ZHO,90.75277777777778,277.0,78.573
ZHO,109.41944444444445,280.0,78.573
ZHO,137.81944444444446,284.0,78.573
ZHO,215.76722222222224,292.0,78.573
ZHO,238.63388888888892,294.0,78.573
ZHO,265.0338888888889,297.0,78.573
ZHO,284.96722222222223,299.0,78.573
ZHO,298.2561111111111,299.0,78.573
ZHO,318.3227777777778,301.0,78.573
ZHO,335.15611111111116,303.0,78.573
ZHO,355.3561111111111,303.0,78.573
ZHO,395.88944444444445,304.0,78.573
ZHO,412.8338888888889,305.0,78.573
ZHO,436.71166666666664,307.0,78.573
ZHO,464.00055555555554,307.0,78.573
ZHO,477.60055555555556,306.0,78.573
ZHO,501.31555555555553,306.0,78.573
ZHO,514.0266666666666,286.0,78.573
ZHO,535.0044444444444,236.0,78.573
ZHO,555.4488888888889,184.0,78.573
ZHO,569.2266666666667,155.0,78.573
ZHO,575.4488888888889,140.0,78.573
ZHO,581.1822222222222,129.0,78.573
ZHO,588.3488888888888,129.0,78.573
ZHO,595.8822222222223,113.0,78.573
ZHO,603.0822222222222,108.0,78.573
ZHO,611.9711111111111,100.0,78.573
ZHO,617.36,97.0,78.573
ZHO,625.7155555555556,94.0,78.573
ZHO,630.8522222222223,92.0,78.573
ZHO,636.9855555555556,92.0,78.573
ZHO,642.2633333333334,95.0,78.573
ZHO,648.9300000000001,100.0,78.573
ZHO,655.7966666666667,103.0,78.573
ZHO,667.3966666666668,116.0,78.573
ZHO,678.8633333333333,129.0,78.573
ZHO,686.4744444444445,137.0,78.573
ZHO,696.2744444444445,147.0,78.573
ZHO,712.4744444444444,162.0,78.573
ZHO,720.1188888888889,172.0,78.573
ZHO,730.1744444444445,181.0,78.573
ZHO,754.618888888889,200.0,78.573
ZHO,766.061388888889,207.0,78.573
ZHO,775.3502777777779,209.0,78.573
ZHO,789.950277777778,219.0,78.573
ZHO,805.0169444444446,226.0,78.573
ZHO,820.5502777777779,233.0,78.573
ZHO,836.4836111111113,239.0,78.573
ZHO,849.9836111111114,243.0,78.573
ZHO,875.1836111111113,252.0,78.573
ZHO,892.3169444444446,257.0,78.573
ZHO,909.7169444444446,261.0,78.573
ZHO,927.450277777778,266.0,78.573
ZHO,942.3947222222223,269.0,78.573
ZHO,966.8391666666668,275.0,78.573
ZHO,985.5166666666668,279.0,78.573
ZHO,1015.9611111111111,274.0,78.573
ZHO,1037.8611111111113,219.0,78.573
ZHO,1060.2277777777779,183.0,78.573
ZHO,1071.3611111111113,167.0,78.573
ZHO,1086.6611111111113,153.0,78.573
ZHO,1096.127777777778,142.0,78.573
ZHO,1105.2611111111114,137.0,78.573
ZHO,1112.5388888888892,131.0,78.573
ZHO,1118.094444444445,125.0,78.573
ZHO,1129.8944444444448,118.0,78.573
ZHO,1139.9388888888893,113.0,78.573
ZHO,1145.0500000000004,115.0,78.573
ZHO,1151.5175000000004,117.0,78.573
ZHO,1159.784166666667,124.0,78.573
ZHO,1174.673055555556,134.0,78.573
ZHO,1180.8063888888894,138.0,78.573
ZHO,1187.2952777777782,146.0,78.573
ZHO,1195.7952777777782,153.0,78.573
ZHO,1212.3952777777783,166.0,78.573
ZHO,1230.6952777777783,183.0,78.573
ZHO,1243.2952777777782,189.0,78.573
ZHO,1254.2397222222226,197.0,78.573
ZHO,1272.8175000000003,209.0,78.573
ZHO,1284.7100000000003,213.0,78.573
ZHO,1304.265555555556,220.0,78.573
ZHO,1326.765555555556,225.0,78.573
ZHO,1347.2988888888892,231.0,78.573
ZHO,1362.965555555556,235.0,78.573
ZHO,1387.165555555556,242.0,78.573
ZHO,1414.4988888888893,246.0,78.573
ZHO,1425.5211111111114,248.0,78.573
ZHO,1448.0100000000002,253.0,78.573
ZHO,1464.9433333333334,254.0,78.573
ZHO,1482.2100000000003,259.0,78.573
ZHO,1505.3211111111113,260.0,78.573
ZHO,1526.01,266.0,78.573
ZHO,1549.757777777778,268.0,78.573
ZHO,1570.8355555555556,271.0,78.573
ZHO,1592.068888888889,273.0,78.573
ZHO,1607.3466666666668,275.0,78.573
ZHO,1622.6244444444446,275.0,78.573
ZHO,1644.246666666667,278.0,78.573
ZHO,1656.6022222222225,278.0,78.573
ZHO,1672.0466666666669,278.0,78.573
ZHO,1687.6022222222227,280.0,78.573
ZHO,1706.2688888888893,280.0,78.573
ZHO,1734.2688888888893,280.0,78.573
ZHO,1754.5633333333335,260.0,78.573
ZHO,1770.6300000000003,241.0,78.573
ZHO,1781.1188888888892,236.0,78.573
ZHO,1801.1188888888892,225.0,78.573
ZHO,1820.5855555555559,219.0,78.573
ZHO,1837.6966666666667,220.0,78.573
ZHO,1847.7411111111112,226.0,78.573
ZHO,1865.707777777778,231.0,78.573
ZHO,1878.7633333333333,235.0,78.573
ZHO,1905.43,240.0,78.573
ZHO,1921.6966666666667,244.0,78.573
ZHO,1949.2522222222224,248.0,78.573
ZHO,1972.918888888889,213.0,78.573
ZHO,1983.8633333333335,197.0,78.573
ZHO,1994.2522222222221,187.0,78.573
ZHO,2007.9697222222223,177.0,78.573
ZHO,2027.8919444444446,163.0,78.573
ZHO,2041.4919444444445,153.0,78.573
ZHO,2051.558611111111,151.0,78.573
ZHO,2060.0030555555554,152.0,78.573
ZHO,2068.4474999999998,152.0,78.573
ZHO,2077.169722222222,157.0,78.573
ZHO,2086.1141666666663,161.0,78.573
ZHO,2099.3363888888885,170.0,78.573
ZHO,2111.0030555555554,175.0,78.573
ZHO,2123.0530555555556,180.0,78.573
ZHO,2135.719722222222,190.0,78.573
ZHO,2153.319722222222,198.0,78.573
ZHO,2162.3419444444444,203.0,78.573
ZHO,2176.275277777778,209.0,78.573
ZHO,2198.075277777778,218.0,78.573
ZHO,2213.0752777777775,225.0,78.573
ZHO,2223.2975,230.0,78.573
ZHO,2238.964166666667,235.0,78.573
ZHO,2254.8975,239.0,78.573
ZHO,2276.586388888889,244.0,78.573
ZHO,2289.6975,236.0,78.573
ZHO,2312.0641666666666,183.0,78.573
ZHO,2328.5641666666666,135.0,78.573
ZHO,2334.2975,129.0,78.573
ZHO,2339.630833333333,120.0,78.573
ZHO,2348.1558333333332,110.0,78.573
ZHO,2358.9558333333334,108.0,78.573
ZHO,2365.889166666667,104.0,78.573
ZHO,2376.4891666666667,106.0,78.573
ZHO,2384.1558333333332,115.0,78.573
ZHO,2392.4224999999997,124.0,78.573
ZHO,2398.244722222222,131.0,78.573
ZHO,2405.744722222222,135.0,78.573
ZHO,2416.711388888889,141.0,78.573
ZHO,2424.751388888889,144.0,78.573
ZHO,2435.351388888889,159.0,78.573
ZHO,2485.1847222222223,195.0,78.573
ZHO,2496.184722222222,198.0,78.573
ZHO,2522.095833333333,212.0,78.573
ZHO,2533.818055555555,211.0,78.573
ZHO,2544.9291666666663,200.0,78.573
ZHO,2563.629166666666,187.0,78.573
ZHO,2575.6291666666657,180.0,78.573
ZHO,2587.3624999999993,176.0,78.573
ZHO,2604.962499999999,176.0,78.573
ZHO,2616.8958333333326,179.0,78.573
ZHO,2626.9513888888882,181.0,78.573
ZHO,2635.1291666666657,184.0,78.573
ZHO,2645.46611111111,187.0,78.573
ZHO,2653.554999999999,182.0,78.573
ZHO,2663.2216666666654,174.0,78.573
ZHO,2676.1327777777765,166.0,78.573
ZHO,2683.4216666666657,164.0,78.573
ZHO,2692.36611111111,161.0,78.573
ZHO,2701.143888888888,158.0,78.573
ZHO,2711.4105555555548,154.0,78.573
ZHO,2721.8105555555544,156.0,78.573
ZHO,2732.4105555555543,159.0,78.573
ZHO,2747.16611111111,166.0,78.573
ZHO,2756.8252777777766,173.0,78.573
ZHO,2768.75861111111,179.0,78.573
ZHO,2783.536388888888,190.0,78.573
ZHO,2796.6030555555544,196.0,78.573
ZHO,2805.447499999999,199.0,78.573
ZHO,2824.2030555555543,211.0,78.573
ZHO,2833.7141666666653,214.0,78.573
ZHO,2846.0474999999988,222.0,78.573
ZHO,2856.003055555554,224.0,78.573
ZHO,2868.669722222221,228.0,78.573
ZHO,2886.8697222222213,234.0,78.573
ZHO,2897.4030555555546,237.0,78.573
ZHO,2910.7919444444437,241.0,78.573
ZHO,2926.9252777777774,242.0,78.573
ZHO,2937.814166666666,245.0,78.573
ZHO,2948.7919444444437,247.0,78.573
ZHO,2965.5252777777773,251.0,78.573
ZHO,2990.9252777777774,254.0,78.573
ZHO,3010.9141666666665,257.0,78.573
ZHO,3027.976111111111,257.0,78.573
ZHO,3044.6427777777776,250.0,78.573
ZHO,3066.065,241.0,78.573
ZHO,3093.931666666667,228.0,78.573
ZHO,3119.265,228.0,78.573
ZHO,3132.0427777777772,230.0,78.573
ZHO,3144.9316666666664,232.0,78.573
ZHO,3174.0866666666666,238.0,78.573
ZHO,3200.9755555555553,242.0,78.573
ZHO,3211.908888888888,246.0,78.573
ZHO,3222.8422222222216,246.0,78.573
ZHO,3239.6422222222213,252.0,78.573
ZHO,3259.6311111111104,257.0,78.573
ZHO,3271.186666666666,260.0,78.573
ZHO,3285.7422222222212,262.0,78.573
ZHO,3297.475555555555,264.0,78.573
ZHO,3321.297777777777,268.0,78.573
ZHO,3333.1644444444432,267.0,78.573
ZHO,3345.1644444444437,270.0,78.573
ZHO,3363.2977777777764,272.0,78.573
ZHO,3418.608888888888,262.0,78.573
ZHO,3433.7422222222212,227.0,78.573
ZHO,3442.5422222222214,198.0,78.573
ZHO,3457.9422222222215,154.0,78.573
ZHO,3467.275555555555,140.0,78.573
ZHO,3479.740833333333,125.0,78.573
ZHO,3493.0741666666663,120.0,78.573
ZHO,3504.5741666666663,115.0,78.573
ZHO,3513.7519444444442,118.0,78.573
ZHO,3530.6852777777776,127.0,78.573
ZHO,3536.5075,131.0,78.573
ZHO,3549.6150000000002,147.0,78.573
ZHO,3563.9261111111114,161.0,78.573
ZHO,3575.259444444445,170.0,78.573
ZHO,3595.9261111111114,186.0,78.573
ZHO,3604.503888888889,193.0,78.573
ZHO,3622.4594444444447,202.0,78.573
ZHO,3633.9594444444447,207.0,78.573
ZHO,3645.737222222222,212.0,78.573
ZHO,3667.937222222222,222.0,78.573
ZHO,3680.2705555555553,222.0,78.573
ZHO,3690.603888888889,186.0,78.573
ZHO,3699.992777777778,169.0,78.573
ZHO,3714.792777777778,148.0,78.573
ZHO,3725.2150000000006,134.0,78.573
ZHO,3730.8150000000005,126.0,78.573
ZHO,3738.881666666667,121.0,78.573
ZHO,3747.670555555556,113.0,78.573
ZHO,3757.240555555556,108.0,78.573
ZHO,3764.1738888888895,104.0,78.573
ZHO,3769.8961111111116,103.0,78.573
ZHO,3776.762777777778,103.0,78.573
ZHO,3787.362777777778,106.0,78.573
ZHO,3792.2072222222228,109.0,78.573
ZHO,3802.5183333333334,116.0,78.573
ZHO,3813.540555555556,124.0,78.573
ZHO,3819.399166666667,131.0,78.573
ZHO,3830.4436111111117,142.0,78.573
ZHO,3840.4436111111117,150.0,78.573
ZHO,3854.9325000000003,163.0,78.573
ZHO,3864.488055555556,172.0,78.573
ZHO,3883.288055555556,188.0,78.573
ZHO,3898.6880555555563,198.0,78.573
ZHO,3917.176944444446,208.0,78.573
ZHO,3931.310277777779,212.0,78.573
ZHO,3940.910277777779,216.0,78.573
ZHO,3954.776944444446,208.0,78.573
ZHO,3969.554722222223,190.0,78.573
ZHO,3985.3769444444456,178.0,78.573
ZHO,3992.6658333333344,164.0,78.573
ZHO,4011.243611111112,152.0,78.573
ZHO,4019.2991666666676,145.0,78.573
ZHO,4033.2991666666676,140.0,78.573
ZHO,4040.7991666666676,135.0,78.573
ZHO,4051.1066666666675,133.0,78.573
ZHO,4063.1955555555564,136.0,78.573
ZHO,4070.9177777777786,139.0,78.573
ZHO,4080.451111111112,143.0,78.573
ZHO,4090.584444444445,152.0,78.573
ZHO,4103.184444444445,162.0,78.573
ZHO,4110.384444444445,162.0,78.573
ZHO,4128.635,182.0,78.573
ZHO,4139.023888888889,187.0,78.573
ZHO,4151.957222222222,194.0,78.573
ZHO,4169.9127777777785,202.0,78.573
ZHO,4179.201666666667,209.0,78.573
ZHO,4200.901666666667,217.0,78.573
ZHO,4215.835,224.0,78.573
ZHO,4230.968333333334,227.0,78.573
ZHO,4246.635,235.0,78.573
ZHO,4273.7461111111115,244.0,78.573
ZHO,4298.646111111111,249.0,78.573
ZHO,4318.401666666667,254.0,78.573
MAG,1.4611111111111112,263.0,78.825
MAG,19.32777777777778,268.0,78.825
MAG,37.394444444444446,271.0,78.825
MAG,52.61666666666667,274.0,78.825
MAG,64.92777777777778,277.0,78.825
MAG,80.37222222222222,278.0,78.825
MAG,92.81666666666666,280.0,78.825
MAG,108.42777777777778,281.0,78.825
MAG,127.49444444444444,286.0,78.825
MAG,146.62777777777777,287.0,78.825
MAG,159.51666666666665,290.0,78.825
MAG,178.9833333333333,292.0,78.825
MAG,198.58333333333331,294.0,78.825
MAG,235.00555555555553,298.0,78.825
MAG,265.00555555555553,300.0,78.825
MAG,285.13888888888886,302.0,78.825
MAG,315.43888888888887,303.0,78.825
MAG,335.63888888888886,303.0,78.825
MAG,359.43888888888887,306.0,78.825
MAG,390.1533333333333,308.0,78.825
MAG,403.84222222222223,308.0,78.825
MAG,424.44222222222226,309.0,78.825
MAG,445.17555555555555,311.0,78.825
MAG,458.9977777777778,311.0,78.825
MAG,483.2644444444445,312.0,78.825
MAG,516.82,302.0,78.825
MAG,531.895,270.0,78.825
MAG,550.3838888888889,208.0,78.825
MAG,561.7838888888889,171.0,78.825
MAG,572.0505555555555,154.0,78.825
MAG,584.3172222222222,138.0,78.825
MAG,595.0727777777778,121.0,78.825
MAG,601.4616666666667,115.0,78.825
MAG,609.9394444444445,109.0,78.825
MAG,615.9394444444445,108.0,78.825
MAG,623.7950000000001,101.0,78.825
MAG,631.495,99.0,78.825
MAG,636.8283333333334,96.0,78.825
MAG,646.7283333333334,99.0,78.825
MAG,654.5061111111111,100.0,78.825
MAG,660.3394444444444,105.0,78.825
MAG,670.4727777777778,114.0,78.825
MAG,683.1727777777778,127.0,78.825
MAG,692.7727777777778,144.0,78.825
MAG,700.7727777777778,144.0,78.825
MAG,709.2855555555556,154.0,78.825
MAG,716.8411111111111,170.0,78.825
MAG,730.3744444444444,174.0,78.825
MAG,754.6966666666667,199.0,78.825
MAG,766.03,204.0,78.825
MAG,775.3633333333333,210.0,78.825
MAG,785.1411111111112,220.0,78.825
MAG,807.9041666666668,227.0,78.825
MAG,828.526388888889,232.0,78.825
MAG,844.4597222222224,239.0,78.825
MAG,863.8263888888891,249.0,78.825
MAG,880.4263888888892,249.0,78.825
MAG,909.6486111111113,263.0,78.825
MAG,921.515277777778,267.0,78.825
MAG,1003.2708333333336,283.0,78.825
MAG,1023.4152777777781,259.0,78.825
MAG,1042.8819444444446,219.0,78.825
MAG,1053.9930555555559,200.0,78.825
MAG,1066.2597222222225,184.0,78.825
MAG,1082.5597222222225,163.0,78.825
MAG,1089.3597222222224,153.0,78.825
MAG,1104.5819444444448,137.0,78.825
MAG,1114.8119444444449,132.0,78.825
MAG,1125.7452777777783,123.0,78.825
MAG,1131.1675000000005,122.0,78.825
MAG,1141.6563888888893,118.0,78.825
MAG,1154.6563888888893,117.0,78.825
MAG,1164.179166666667,122.0,78.825
MAG,1180.679166666667,135.0,78.825
MAG,1188.6236111111114,143.0,78.825
MAG,1204.0236111111112,154.0,78.825
MAG,1211.2680555555557,163.0,78.825
MAG,1226.5569444444448,172.0,78.825
MAG,1249.5347222222226,188.0,78.825
MAG,1269.6347222222225,201.0,78.825
MAG,1290.8347222222226,212.0,78.825
MAG,1312.9347222222225,221.0,78.825
MAG,1322.979166666667,226.0,78.825
MAG,1348.6458333333337,231.0,78.825
MAG,1364.3791666666668,236.0,78.825
MAG,1383.0458333333336,240.0,78.825
MAG,1407.6458333333335,246.0,78.825
MAG,1424.3791666666666,251.0,78.825
MAG,1435.6680555555556,254.0,78.825
MAG,1455.4236111111113,254.0,78.825
MAG,1481.4511111111112,261.0,78.825
MAG,1499.0511111111114,264.0,78.825
MAG,1522.8733333333337,268.0,78.825
MAG,1540.9400000000003,271.0,78.825
MAG,1556.0511111111114,272.0,78.825
MAG,1577.5163888888894,275.0,78.825
MAG,1589.783055555556,276.0,78.825
MAG,1605.171944444445,277.0,78.825
MAG,1626.871944444445,279.0,78.825
MAG,1642.371944444445,279.0,78.825
MAG,1654.8608333333339,281.0,78.825
MAG,1667.3497222222227,281.0,78.825
MAG,1679.8386111111115,281.0,78.825
MAG,1704.994166666667,283.0,78.825
MAG,1720.771944444445,284.0,78.825
MAG,1742.8608333333336,284.0,78.825
MAG,1771.5275000000004,258.0,78.825
MAG,1797.9719444444447,238.0,78.825
MAG,1828.2386111111114,227.0,78.825
MAG,1845.6608333333336,224.0,78.825
MAG,1858.0497222222225,223.0,78.825
MAG,1870.4941666666668,224.0,78.825
MAG,1893.3941666666667,229.0,78.825
MAG,1917.2941666666668,239.0,78.825
MAG,1928.005277777778,241.0,78.825
MAG,1951.2405555555556,233.0,78.825
MAG,1960.973888888889,219.0,78.825
MAG,1987.3738888888888,198.0,78.825
MAG,1995.7294444444447,188.0,78.825
MAG,2014.6655555555556,170.0,78.825
MAG,2021.8655555555558,162.0,78.825
MAG,2032.465555555556,159.0,78.825
MAG,2041.187777777778,157.0,78.825
MAG,2051.187777777778,150.0,78.825
MAG,2060.9877777777783,147.0,78.825
MAG,2070.787777777778,147.0,78.825
MAG,2077.454444444445,150.0,78.825
MAG,2087.7877777777785,155.0,78.825
MAG,2096.732222222223,161.0,78.825
MAG,2107.865555555556,167.0,78.825
MAG,2127.7544444444447,179.0,78.825
MAG,2135.8877777777784,183.0,78.825
MAG,2144.465555555556,193.0,78.825
MAG,2160.098888888889,201.0,78.825
MAG,2171.265555555556,201.0,78.825
MAG,2199.665555555556,213.0,78.825
MAG,2211.9988888888893,222.0,78.825
MAG,2222.087777777778,227.0,78.825
MAG,2237.3544444444447,229.0,78.825
MAG,2264.1322222222225,241.0,78.825
MAG,2277.5766666666673,242.0,78.825
MAG,2293.6433333333334,241.0,78.825
MAG,2314.369166666667,187.0,78.825
MAG,2324.758055555556,187.0,78.825
MAG,2333.1469444444447,151.0,78.825
MAG,2347.6275000000005,130.0,78.825
MAG,2356.883055555556,119.0,78.825
MAG,2361.994166666667,115.0,78.825
MAG,2371.505277777778,107.0,78.825
MAG,2381.905277777778,104.0,78.825
MAG,2387.7386111111114,105.0,78.825
MAG,2392.538611111111,108.0,78.825
MAG,2405.6497222222224,118.0,78.825
MAG,2413.6497222222224,120.0,78.825
MAG,2426.4497222222226,128.0,78.825
MAG,2435.2497222222228,132.0,78.825
MAG,2446.5275000000006,145.0,78.825
MAG,2455.1386111111115,155.0,78.825
MAG,2468.205277777778,168.0,78.825
MAG,2529.4052777777783,204.0,78.825
MAG,2548.071944444445,210.0,78.825
MAG,2567.471944444445,194.0,78.825
MAG,2577.805277777778,186.0,78.825
MAG,2591.057777777778,171.0,78.825
MAG,2607.257777777778,162.0,78.825
MAG,2626.8577777777778,160.0,78.825
MAG,2634.057777777778,162.0,78.825
MAG,2645.7911111111116,176.0,78.825
MAG,2655.735555555556,179.0,78.825
MAG,2677.6022222222227,164.0,78.825
MAG,2684.8022222222226,162.0,78.825
MAG,2693.4688888888895,156.0,78.825
MAG,2705.2911111111116,152.0,78.825
MAG,2713.4022222222225,146.0,78.825
MAG,2731.735555555556,150.0,78.825
MAG,2747.335555555556,156.0,78.825
MAG,2765.8911111111115,167.0,78.825
MAG,2777.824444444445,179.0,78.825
MAG,2788.1022222222223,185.0,78.825
MAG,2796.324444444445,185.0,78.825
MAG,2807.2133333333336,196.0,78.825
MAG,2818.3800000000006,201.0,78.825
MAG,2832.446666666667,211.0,78.825
MAG,2844.5022222222224,217.0,78.825
MAG,2854.28,220.0,78.825
MAG,2871.8577777777778,226.0,78.825
MAG,2882.1244444444446,231.0,78.825
MAG,2895.0688888888894,233.0,78.825
MAG,2905.424444444445,233.0,78.825
MAG,2926.6911111111117,240.0,78.825
MAG,2940.135555555556,242.0,78.825
MAG,2956.6022222222227,247.0,78.825
MAG,2984.449444444445,250.0,78.825
MAG,3018.849444444445,258.0,78.825
MAG,3030.360555555556,259.0,78.825
MAG,3052.582777777778,250.0,78.825
MAG,3071.0161111111115,237.0,78.825
MAG,3081.238333333334,230.0,78.825
MAG,3103.338333333334,221.0,78.825
MAG,3118.071666666667,221.0,78.825
MAG,3130.349444444445,221.0,78.825
MAG,3145.2827777777784,224.0,78.825
MAG,3168.3827777777783,231.0,78.825
MAG,3178.7383333333337,233.0,78.825
MAG,3194.538333333334,237.0,78.825
MAG,3207.927222222223,241.0,78.825
MAG,3224.260555555556,245.0,78.825
MAG,3238.038333333334,248.0,78.825
MAG,3263.338333333334,253.0,78.825
MAG,3283.4050000000007,258.0,78.825
MAG,3297.79388888889,259.0,78.825
MAG,3324.19388888889,264.0,78.825
MAG,3351.09388888889,269.0,78.825
MAG,3369.027222222223,269.0,78.825
MAG,3387.217777777779,274.0,78.825
MAG,3402.4400000000005,274.0,78.825
MAG,3437.045277777778,259.0,78.825
MAG,3459.045277777778,198.0,78.825
MAG,3470.4452777777783,171.0,78.825
MAG,3479.1119444444453,156.0,78.825
MAG,3492.711944444445,136.0,78.825
MAG,3498.400833333334,128.0,78.825
MAG,3503.8230555555565,122.0,78.825
MAG,3510.4341666666674,119.0,78.825
MAG,3521.634166666667,112.0,78.825
MAG,3534.634166666667,117.0,78.825
MAG,3541.1897222222224,118.0,78.825
MAG,3551.534166666667,133.0,78.825
MAG,3559.423055555556,142.0,78.825
MAG,3566.1341666666667,151.0,78.825
MAG,3576.8675000000003,161.0,78.825
MAG,3584.2008333333333,165.0,78.825
MAG,3598.0452777777778,178.0,78.825
MAG,3608.3230555555556,185.0,78.825
MAG,3616.900833333333,193.0,78.825
MAG,3625.7452777777776,199.0,78.825
MAG,3634.723055555555,202.0,78.825
MAG,3655.7230555555557,210.0,78.825
MAG,3667.6674999999996,215.0,78.825
MAG,3682.334166666667,220.0,78.825
MAG,3694.278611111112,215.0,78.825
MAG,3709.911944444445,201.0,78.825
MAG,3717.2436111111115,166.0,78.825
MAG,3731.583333333334,143.0,78.825
MAG,3740.183333333334,129.0,78.825
MAG,3750.761111111112,119.0,78.825
MAG,3757.094444444445,114.0,78.825
MAG,3761.983333333334,110.0,78.825
MAG,3771.316666666667,105.0,78.825
MAG,3782.6500000000005,102.0,78.825
MAG,3789.516666666667,103.0,78.825
MAG,3804.316666666667,111.0,78.825
MAG,3817.65,120.0,78.825
MAG,3827.605555555556,128.0,78.825
MAG,3837.716666666667,130.0,78.825
MAG,3847.0500000000006,140.0,78.825
MAG,3858.716666666667,150.0,78.825
MAG,3873.65,168.0,78.825
MAG,3887.5722222222225,179.0,78.825
MAG,3900.038888888889,187.0,78.825
MAG,3908.6611111111115,194.0,78.825
MAG,3928.9611111111117,203.0,78.825
MAG,3947.8944444444446,213.0,78.825
MAG,3964.0722222222225,208.0,78.825
MAG,3982.3722222222227,183.0,78.825
MAG,3999.0258333333336,167.0,78.825
MAG,4014.368333333334,153.0,78.825
MAG,4020.8572222222224,146.0,78.825
MAG,4033.1238888888893,138.0,78.825
MAG,4042.1238888888893,135.0,78.825
MAG,4058.7461111111115,136.0,78.825
MAG,4069.5572222222227,139.0,78.825
MAG,4079.157222222223,144.0,78.825
MAG,4090.8238888888895,150.0,78.825
MAG,4110.868333333334,164.0,78.825
MAG,4132.501666666667,177.0,78.825
MAG,4151.501666666667,190.0,78.825
MAG,4173.72388888889,200.0,78.825
MAG,4192.212777777778,208.0,78.825
MAG,4229.879444444444,226.0,78.825
MAG,4253.379444444444,235.0,78.825
MAG,4272.2794444444435,243.0,78.825
MAG,4288.679444444444,246.0,78.825
MAG,4299.746111111111,249.0,78.825
MAG,4316.679444444444,254.0,78.825
MAG,4328.190555555556,259.0,78.825
MAG,4348.568333333333,262.0,78.825
STR,0.0,259.0,79.137
STR,26.5,265.0,79.137
STR,59.697500000000005,271.0,79.137
STR,93.55305555555557,277.0,79.137
STR,118.17527777777778,277.0,79.137
STR,140.26416666666665,284.0,79.137
STR,168.98416666666668,288.0,79.137
STR,194.85083333333333,291.0,79.137
STR,217.71749999999997,294.0,79.137
STR,234.1063888888889,295.0,79.137
STR,250.55083333333334,296.0,79.137
STR,277.1286111111111,299.0,79.137
STR,290.4619444444445,300.0,79.137
STR,310.52861111111116,301.0,79.137
STR,337.37305555555565,302.0,79.137
STR,361.01750000000004,304.0,79.137
STR,374.5730555555556,305.0,79.137
STR,394.9730555555556,306.0,79.137
STR,418.8508333333334,307.0,79.137
STR,442.806388888889,308.0,79.137
STR,456.4952777777778,308.0,79.137
STR,473.60638888888894,308.0,79.137
STR,497.6397222222223,309.0,79.137
STR,516.8397222222223,288.0,79.137
STR,536.5175,253.0,79.137
STR,550.3175000000001,207.0,79.137
STR,562.6352777777779,184.0,79.137
STR,572.9686111111112,155.0,79.137
STR,580.8019444444445,141.0,79.137
STR,594.1352777777779,120.0,79.137
STR,605.1352777777779,110.0,79.137
STR,609.846388888889,106.0,79.137
STR,618.618888888889,99.0,79.137
STR,624.007777777778,97.0,79.137
STR,633.107777777778,91.0,79.137
STR,639.1744444444447,91.0,79.137
STR,646.4855555555558,94.0,79.137
STR,657.9300000000003,103.0,79.137
STR,665.1300000000003,108.0,79.137
STR,671.4633333333337,114.0,79.137
STR,685.907777777778,130.0,79.137
STR,693.6855555555559,140.0,79.137
STR,700.396666666667,151.0,79.137
STR,709.396666666667,162.0,79.137
STR,718.896666666667,171.0,79.137
STR,726.7188888888892,176.0,79.137
STR,734.9855555555558,186.0,79.137
STR,755.0855555555559,201.0,79.137
STR,764.2411111111114,206.0,79.137
STR,776.0188888888891,212.0,79.137
STR,790.6188888888892,219.0,79.137
STR,803.2855555555558,228.0,79.137
STR,818.7497222222225,231.0,79.137
STR,831.9719444444447,238.0,79.137
STR,845.4719444444447,243.0,79.137
STR,862.005277777778,248.0,79.137
STR,873.2052777777781,252.0,79.137
STR,887.4275000000004,256.0,79.137
STR,898.9830555555558,260.0,79.137
STR,910.6275000000003,262.0,79.137
STR,937.5275000000004,269.0,79.137
STR,971.0622222222225,275.0,79.137
STR,995.8622222222224,279.0,79.137
STR,1013.8622222222225,270.0,79.137
STR,1029.8622222222225,240.0,79.137
STR,1043.4622222222226,204.0,79.137
STR,1053.906666666667,188.0,79.137
STR,1067.517777777778,175.0,79.137
STR,1076.6288888888894,164.0,79.137
STR,1089.6066666666673,146.0,79.137
STR,1104.4955555555562,134.0,79.137
STR,1113.2288888888895,131.0,79.137
STR,1125.4288888888896,122.0,79.137
STR,1133.4955555555562,121.0,79.137
STR,1147.7955555555561,117.0,79.137
STR,1154.3511111111115,118.0,79.137
STR,1170.1177777777782,129.0,79.137
STR,1189.224166666667,143.0,79.137
STR,1197.613055555556,151.0,79.137
STR,1204.501944444445,155.0,79.137
STR,1211.8352777777782,165.0,79.137
STR,1219.3463888888894,169.0,79.137
STR,1235.790833333334,185.0,79.137
STR,1248.5908333333339,192.0,79.137
STR,1273.7113888888894,206.0,79.137
STR,1285.4336111111118,211.0,79.137
STR,1302.3891666666673,218.0,79.137
STR,1319.8113888888895,224.0,79.137
STR,1340.166944444445,229.0,79.137
STR,1355.766944444445,234.0,79.137
STR,1368.8225000000007,235.0,79.137
STR,1390.4225000000004,243.0,79.137
STR,1420.6113888888892,247.0,79.137
STR,1434.5558333333336,251.0,79.137
STR,1451.6225000000004,256.0,79.137
STR,1477.5225000000003,259.0,79.137
STR,1492.0780555555557,262.0,79.137
STR,1506.8002777777779,265.0,79.137
STR,1521.6336111111113,267.0,79.137
STR,1548.7336111111113,271.0,79.137
STR,1573.000277777778,273.0,79.137
STR,1588.3544444444444,275.0,79.137
STR,1609.898888888889,277.0,79.137
STR,1631.5211111111112,278.0,79.137
STR,1656.41,280.0,79.137
STR,1668.8544444444444,280.0,79.137
STR,1693.8322222222223,281.0,79.137
STR,1718.898888888889,282.0,79.137
STR,1734.51,281.0,79.137
STR,1757.726111111111,262.0,79.137
STR,1779.326111111111,243.0,79.137
STR,1801.926111111111,226.0,79.137
STR,1830.9927777777775,218.0,79.137
STR,1840.8594444444443,222.0,79.137
STR,1853.3594444444443,225.0,79.137
STR,1871.4038888888888,232.0,79.137
STR,1881.8483333333331,235.0,79.137
STR,1900.359444444444,238.0,79.137
STR,1911.0261111111108,240.0,79.137
STR,1927.1594444444443,242.0,79.137
STR,1954.048333333333,242.0,79.137
STR,1972.7149999999997,210.0,79.137
STR,1981.6927777777776,202.0,79.137
STR,1996.0038888888885,184.0,79.137
STR,2007.4705555555552,172.0,79.137
STR,2024.958611111111,157.0,79.137
STR,2034.9586111111107,150.0,79.137
STR,2048.291944444444,150.0,79.137
STR,2060.1141666666663,152.0,79.137
STR,2070.3141666666666,153.0,79.137
STR,2082.758611111111,160.0,79.137
STR,2093.691944444444,164.0,79.137
STR,2106.991944444444,171.0,79.137
STR,2118.591944444444,174.0,79.137
STR,2126.3211111111104,175.0,79.137
STR,2136.376666666666,181.0,79.137
STR,2148.909999999999,188.0,79.137
STR,2162.0433333333326,197.0,79.137
STR,2180.4433333333327,207.0,79.137
STR,2189.954444444444,214.0,79.137
STR,2209.5099999999998,220.0,79.137
STR,2229.7766666666666,228.0,79.137
STR,2245.376666666666,234.0,79.137
STR,2263.8877777777775,238.0,79.137
STR,2287.5877777777773,237.0,79.137
STR,2301.854444444444,214.0,79.137
STR,2310.254444444444,189.0,79.137
STR,2317.5877777777773,165.0,79.137
STR,2330.0322222222217,140.0,79.137
STR,2343.1433333333325,118.0,79.137
STR,2348.254444444444,115.0,79.137
STR,2359.1847222222214,109.0,79.137
STR,2363.762499999999,103.0,79.137
STR,2370.6291666666657,103.0,79.137
STR,2379.962499999999,105.0,79.137
STR,2386.018055555555,109.0,79.137
STR,2398.518055555555,125.0,79.137
STR,2409.8958333333326,128.0,79.137
STR,2417.1180555555547,130.0,79.137
STR,2423.1180555555547,135.0,79.137
STR,2429.2069444444437,137.0,79.137
STR,2439.298055555555,152.0,79.137
STR,2448.3536111111102,163.0,79.137
STR,2459.7536111111103,171.0,79.137
STR,2476.1091666666657,184.0,79.137
STR,2486.7758333333327,192.0,79.137
STR,2495.5758333333324,198.0,79.137
STR,2504.3758333333326,198.0,79.137
STR,2513.6202777777767,208.0,79.137
STR,2532.1091666666657,208.0,79.137
STR,2546.9647222222216,191.0,79.137
STR,2560.7313888888884,177.0,79.137
STR,2575.8424999999997,170.0,79.137
STR,2594.1758333333332,165.0,79.137
STR,2609.1980555555556,169.0,79.137
STR,2616.9313888888887,174.0,79.137
STR,2635.0313888888886,181.0,79.137
STR,2645.472222222222,187.0,79.137
STR,2664.8055555555557,174.0,79.137
STR,2672.138888888889,165.0,79.137
STR,2681.0277777777783,160.0,79.137
STR,2687.9611111111117,156.0,79.137
STR,2699.7833333333338,152.0,79.137
STR,2707.9500000000003,147.0,79.137
STR,2716.1166666666672,147.0,79.137
STR,2730.9166666666674,148.0,79.137
STR,2742.7388888888895,152.0,79.137
STR,2753.228333333334,158.0,79.137
STR,2760.6505555555564,167.0,79.137
STR,2778.6505555555564,180.0,79.137
STR,2787.050555555556,189.0,79.137
STR,2804.650555555556,198.0,79.137
STR,2818.5172222222227,208.0,79.137
STR,2827.939444444445,212.0,79.137
STR,2839.9950000000003,217.0,79.137
STR,2857.417222222223,224.0,79.137
STR,2870.1394444444454,229.0,79.137
STR,2885.6727777777783,233.0,79.137
STR,2901.539444444445,238.0,79.137
STR,2928.539444444445,243.0,79.137
STR,2947.6727777777783,246.0,79.137
STR,2964.2727777777786,249.0,79.137
STR,2975.4727777777784,252.0,79.137
STR,2989.6394444444454,255.0,79.137
STR,3009.699722222223,257.0,79.137
STR,3026.699722222223,255.0,79.137
STR,3043.1663888888893,247.0,79.137
STR,3056.444166666667,239.0,79.137
STR,3066.710833333334,231.0,79.137
STR,3076.8886111111115,229.0,79.137
STR,3086.7552777777782,222.0,79.137
STR,3110.644166666667,215.0,79.137
STR,3122.5886111111113,215.0,79.137
STR,3134.7552777777782,219.0,79.137
STR,3160.0886111111113,228.0,79.137
STR,3180.6463888888893,232.0,79.137
STR,3196.5130555555556,238.0,79.137
STR,3229.0463888888894,244.0,79.137
STR,3260.0908333333336,254.0,79.137
STR,3282.935277777778,257.0,79.137
STR,3300.335277777778,261.0,79.137
STR,3314.9463888888895,263.0,79.137
STR,3335.713055555556,267.0,79.137
STR,3362.813055555556,271.0,79.137
STR,3377.979722222223,273.0,79.137
STR,3408.201944444445,272.0,79.137
STR,3421.868611111112,246.0,79.137
STR,3437.268611111112,231.0,79.137
STR,3445.8552777777786,192.0,79.137
STR,3460.877500000001,169.0,79.137
STR,3467.4108333333343,147.0,79.137
STR,3479.3219444444453,134.0,79.137
STR,3514.477500000001,113.0,79.137
STR,3522.277500000001,117.0,79.137
STR,3528.999722222223,121.0,79.137
STR,3534.555277777779,125.0,79.137
STR,3540.46638888889,133.0,79.137
STR,3550.3583333333345,149.0,79.137
STR,3557.202777777779,154.0,79.137
STR,3570.2694444444455,168.0,79.137
STR,3582.0694444444457,177.0,79.137
STR,3594.602777777779,188.0,79.137
STR,3614.402777777779,198.0,79.137
STR,3625.9583333333344,208.0,79.137
STR,3647.3583333333345,214.0,79.137
STR,3669.0583333333343,217.0,79.137
STR,3686.0361111111124,191.0,79.137
STR,3693.7250000000013,173.0,79.137
STR,3702.6138888888904,160.0,79.137
STR,3713.658333333335,142.0,79.137
STR,3719.7916666666683,138.0,79.137
STR,3728.3916666666682,129.0,79.137
STR,3734.0266666666685,126.0,79.137
STR,3744.8711111111134,122.0,79.137
STR,3751.1488888888907,113.0,79.137
STR,3762.8155555555577,105.0,79.137
STR,3769.748888888891,104.0,79.137
STR,3776.6822222222245,104.0,79.137
STR,3784.848888888891,105.0,79.137
STR,3792.1155555555574,109.0,79.137
STR,3798.448888888891,114.0,79.137
STR,3817.2266666666687,130.0,79.137
STR,3824.7822222222244,136.0,79.137
STR,3843.5616666666683,154.0,79.137
STR,3852.339444444446,158.0,79.137
STR,3872.2283333333353,179.0,79.137
STR,3880.5394444444464,187.0,79.137
STR,3906.8061111111133,197.0,79.137
STR,3927.8061111111133,210.0,79.137
STR,3951.4727777777794,213.0,79.137
STR,3965.27277777778,207.0,79.137
STR,3977.3394444444466,181.0,79.137
STR,3992.0061111111136,165.0,79.137
STR,4002.3394444444466,155.0,79.137
STR,4013.6575000000025,145.0,79.137
STR,4019.7908333333357,138.0,79.137
STR,4027.2908333333357,135.0,79.137
STR,4043.557500000002,122.0,79.137
STR,4050.33527777778,122.0,79.137
STR,4064.8908333333356,131.0,79.137
STR,4081.8797222222242,139.0,79.137
STR,4100.824166666669,155.0,79.137
STR,4111.557500000002,161.0,79.137
STR,4129.2575000000015,177.0,79.137
STR,4141.738611111113,188.0,79.137
STR,4154.471944444445,191.0,79.137
STR,4163.31638888889,199.0,79.137
STR,4176.983055555556,205.0,79.137
STR,4188.705277777779,211.0,79.137
STR,4213.260833333334,221.0,79.137
STR,4225.816388888889,226.0,79.137
STR,4238.649722222223,231.0,79.137
STR,4251.760833333335,236.0,79.137
STR,4265.149722222223,241.0,79.137
STR,4281.549722222223,246.0,79.137
STR,4306.649722222223,251.0,79.137
STR,4329.583055555558,258.0,79.137
MSC,1.5283333333333333,262.0,79.164
MSC,22.291111111111107,266.0,79.164
MSC,49.29111111111111,270.0,79.164
MSC,67.62444444444444,275.0,79.164
MSC,108.35777777777776,282.0,79.164
MSC,124.1911111111111,285.0,79.164
MSC,140.1911111111111,288.0,79.164
MSC,172.63555555555553,292.0,79.164
MSC,185.65777777777777,293.0,79.164
MSC,208.6022222222222,295.0,79.164
MSC,235.00222222222223,297.0,79.164
MSC,251.55777777777777,298.0,79.164
MSC,275.0466666666667,302.0,79.164
MSC,301.98,303.0,79.164
MSC,329.09111111111116,305.0,79.164
MSC,363.0061111111112,306.0,79.164
MSC,397.33944444444444,309.0,79.164
MSC,421.52833333333336,311.0,79.164
MSC,438.80611111111114,311.0,79.164
MSC,469.9061111111111,311.0,79.164
MSC,494.01722222222224,310.0,79.164
MSC,514.683888888889,310.0,79.164
MSC,535.3505555555557,310.0,79.164
MSC,547.9061111111113,226.0,79.164
MSC,562.5025000000002,187.0,79.164
MSC,574.6358333333335,156.0,79.164
MSC,585.1358333333335,135.0,79.164
MSC,593.8025000000001,130.0,79.164
MSC,599.1802777777779,121.0,79.164
MSC,605.6802777777779,117.0,79.164
MSC,612.0691666666668,115.0,79.164
MSC,620.1580555555556,104.0,79.164
MSC,624.6469444444446,101.0,79.164
MSC,628.9580555555557,97.0,79.164
MSC,637.4025000000001,95.0,79.164
MSC,643.6025000000002,93.0,79.164
MSC,650.9913888888891,95.0,79.164
MSC,656.4913888888891,99.0,79.164
MSC,662.2691666666669,104.0,79.164
MSC,669.6691666666669,111.0,79.164
MSC,676.1691666666669,117.0,79.164
MSC,683.1136111111114,125.0,79.164
MSC,688.8469444444447,129.0,79.164
MSC,704.2527777777781,139.0,79.164
MSC,723.0305555555559,169.0,79.164
MSC,732.9194444444447,178.0,79.164
MSC,749.8083333333336,190.0,79.164
MSC,758.6083333333336,198.0,79.164
MSC,767.7638888888891,206.0,79.164
MSC,789.363888888889,216.0,79.164
MSC,804.2972222222224,224.0,79.164
MSC,814.4305555555558,228.0,79.164
MSC,835.0280555555557,231.0,79.164
MSC,848.0836111111113,235.0,79.164
MSC,866.8280555555558,241.0,79.164
MSC,878.0280555555559,252.0,79.164
MSC,892.1947222222225,255.0,79.164
MSC,906.6947222222226,261.0,79.164
MSC,921.3613888888892,264.0,79.164
MSC,945.4502777777782,271.0,79.164
MSC,960.6725000000004,274.0,79.164
MSC,982.2947222222226,278.0,79.164
MSC,1007.2725000000004,281.0,79.164
MSC,1018.7836111111116,259.0,79.164
MSC,1038.339166666667,220.0,79.164
MSC,1047.628055555556,209.0,79.164
MSC,1059.9613888888894,185.0,79.164
MSC,1067.9169444444449,179.0,79.164
MSC,1081.8725000000004,157.0,79.164
MSC,1095.116944444445,149.0,79.164
MSC,1109.1777777777781,141.0,79.164
MSC,1116.7333333333336,136.0,79.164
MSC,1125.2000000000003,127.0,79.164
MSC,1134.5333333333338,120.0,79.164
MSC,1148.7111111111114,116.0,79.164
MSC,1160.9111111111115,122.0,79.164
MSC,1166.3333333333337,122.0,79.164
MSC,1173.5000000000005,129.0,79.164
MSC,1180.7583333333337,130.0,79.164
MSC,1193.0250000000003,138.0,79.164
MSC,1200.691666666667,138.0,79.164
MSC,1211.0250000000003,155.0,79.164
MSC,1221.9583333333335,164.0,79.164
MSC,1235.7250000000001,177.0,79.164
MSC,1250.113888888889,185.0,79.164
MSC,1261.002777777778,196.0,79.164
MSC,1272.002777777778,198.0,79.164
MSC,1285.8027777777781,207.0,79.164
MSC,1307.5027777777782,217.0,79.164
MSC,1324.7694444444446,222.0,79.164
MSC,1339.902777777778,227.0,79.164
MSC,1357.9472222222225,232.0,79.164
MSC,1370.8916666666669,233.0,79.164
MSC,1384.1694444444447,239.0,79.164
MSC,1397.613888888889,242.0,79.164
MSC,1411.2805555555556,246.0,79.164
MSC,1439.321388888889,253.0,79.164
MSC,1453.4880555555555,255.0,79.164
MSC,1464.9547222222222,258.0,79.164
MSC,1476.510277777778,260.0,79.164
MSC,1488.1991666666668,263.0,79.164
MSC,1502.9769444444446,266.0,79.164
MSC,1526.799166666667,268.0,79.164
MSC,1538.799166666667,270.0,79.164
MSC,1550.8436111111114,271.0,79.164
MSC,1569.0436111111114,273.0,79.164
MSC,1590.4308333333336,274.0,79.164
MSC,1602.7419444444447,277.0,79.164
MSC,1624.4419444444447,279.0,79.164
MSC,1639.9975000000002,280.0,79.164
MSC,1674.3419444444444,281.0,79.164
MSC,1689.9530555555557,281.0,79.164
MSC,1721.286388888889,282.0,79.164
MSC,1739.486388888889,273.0,79.164
MSC,1758.1530555555555,240.0,79.164
MSC,1768.3308333333332,229.0,79.164
MSC,1788.0641666666666,222.0,79.164
MSC,1811.9530555555555,215.0,79.164
MSC,1826.2197222222223,214.0,79.164
MSC,1855.4197222222224,219.0,79.164
MSC,1872.9975,226.0,79.164
MSC,1891.0419444444444,232.0,79.164
MSC,1901.3769444444445,234.0,79.164
MSC,1911.9547222222222,238.0,79.164
MSC,1928.0880555555557,242.0,79.164
MSC,1938.9769444444446,245.0,79.164
MSC,1955.0436111111112,241.0,79.164
MSC,1969.110277777778,211.0,79.164
MSC,1993.643611111111,184.0,79.164
MSC,2003.421388888889,176.0,79.164
MSC,2023.8788888888892,167.0,79.164
MSC,2035.0122222222221,167.0,79.164
MSC,2047.0677777777778,155.0,79.164
MSC,2053.912222222222,154.0,79.164
MSC,2065.9677777777774,155.0,79.164
MSC,2104.701111111111,166.0,79.164
MSC,2114.0344444444445,168.0,79.164
MSC,2121.901111111111,177.0,79.164
MSC,2134.1677777777777,184.0,79.164
MSC,2144.6677777777777,189.0,79.164
MSC,2155.556666666667,196.0,79.164
MSC,2173.867777777778,206.0,79.164
MSC,2192.6233333333334,211.0,79.164
MSC,2207.356666666667,221.0,79.164
MSC,2232.8011111111114,229.0,79.164
MSC,2245.8566666666666,235.0,79.164
MSC,2259.19,240.0,79.164
MSC,2272.6225,243.0,79.164
MSC,2299.0225,216.0,79.164
MSC,2309.6891666666666,192.0,79.164
MSC,2317.244722222222,170.0,79.164
MSC,2327.5113888888886,154.0,79.164
MSC,2337.311388888889,147.0,79.164
MSC,2352.623888888889,125.0,79.164
MSC,2360.357222222222,116.0,79.164
MSC,2370.9572222222223,106.0,79.164
MSC,2376.735,104.0,79.164
MSC,2382.5683333333336,105.0,79.164
MSC,2388.623888888889,109.0,79.164
MSC,2403.9016666666666,125.0,79.164
MSC,2418.235,129.0,79.164
MSC,2424.1905555555554,134.0,79.164
MSC,2433.4572222222223,139.0,79.164
MSC,2441.512777777778,145.0,79.164
MSC,2461.923888888889,167.0,79.164
MSC,2473.523888888889,174.0,79.164
MSC,2481.657222222222,183.0,79.164
MSC,2489.9683333333332,187.0,79.164
MSC,2502.8349999999996,193.0,79.164
MSC,2516.368333333333,203.0,79.164
MSC,2527.979444444444,209.0,79.164
MSC,2550.590555555555,185.0,79.164
MSC,2562.407777777777,178.0,79.164
MSC,2579.107777777777,167.0,79.164
MSC,2586.396666666666,164.0,79.164
MSC,2608.2633333333324,164.0,79.164
MSC,2615.685555555555,167.0,79.164
MSC,2625.129999999999,170.0,79.164
MSC,2635.0683333333327,178.0,79.164
MSC,2647.268333333333,183.0,79.164
MSC,2657.268333333333,180.0,79.164
MSC,2665.046111111111,175.0,79.164
MSC,2674.435,169.0,79.164
MSC,2685.435,165.0,79.164
MSC,2696.1016666666665,160.0,79.164
MSC,2714.923888888889,154.0,79.164
MSC,2723.535,155.0,79.164
MSC,2739.435,159.0,79.164
MSC,2748.3794444444447,161.0,79.164
MSC,2761.5238888888894,169.0,79.164
MSC,2771.3016666666667,176.0,79.164
MSC,2792.0794444444446,187.0,79.164
MSC,2804.9461111111113,193.0,79.164
MSC,2818.6127777777783,205.0,79.164
MSC,2832.746111111112,212.0,79.164
MSC,2844.857222222223,218.0,79.164
MSC,2854.6350000000007,220.0,79.164
MSC,2882.868333333334,231.0,79.164
MSC,2912.1350000000007,240.0,79.164
MSC,2931.1127777777783,244.0,79.164
MSC,2947.5127777777784,246.0,79.164
MSC,2966.9572222222223,250.0,79.164
MSC,2980.901666666667,251.0,79.164
MSC,2992.057222222223,251.0,79.164
MSC,3011.96138888889,255.0,79.164
MSC,3038.8502777777785,242.0,79.164
MSC,3049.205833333334,233.0,79.164
MSC,3059.4725000000008,231.0,79.164
MSC,3072.194722222223,229.0,79.164
MSC,3089.694722222223,225.0,79.164
MSC,3109.1613888888896,219.0,79.164
MSC,3121.272500000001,218.0,79.164
MSC,3141.094722222223,223.0,79.164
MSC,3161.36138888889,228.0,79.164
MSC,3187.4725000000008,235.0,79.164
MSC,3203.3391666666676,238.0,79.164
MSC,3222.316944444445,244.0,79.164
MSC,3233.250277777778,246.0,79.164
MSC,3244.183611111111,246.0,79.164
MSC,3261.1169444444445,254.0,79.164
MSC,3286.8169444444443,257.0,79.164
MSC,3310.016944444444,261.0,79.164
MSC,3324.683611111111,264.0,79.164
MSC,3336.594722222222,268.0,79.164
MSC,3354.4533333333334,269.0,79.164
MSC,3378.7200000000003,273.0,79.164
MSC,3397.0533333333333,275.0,79.164
MSC,3412.3866666666668,276.0,79.164
MSC,3429.2533333333336,253.0,79.164
MSC,3443.3786111111112,211.0,79.164
MSC,3455.911944444444,188.0,79.164
MSC,3463.3341666666665,167.0,79.164
MSC,3474.689722222222,146.0,79.164
MSC,3482.245277777777,136.0,79.164
MSC,3489.411944444444,129.0,79.164
MSC,3499.2119444444443,126.0,79.164
MSC,3507.078611111111,118.0,79.164
MSC,3513.411944444444,114.0,79.164
MSC,3522.278611111111,114.0,79.164
MSC,3532.9452777777774,120.0,79.164
MSC,3541.411944444444,127.0,79.164
MSC,3548.911944444444,135.0,79.164
MSC,3562.1563888888886,149.0,79.164
MSC,3577.000833333333,167.0,79.164
MSC,3597.3341666666665,183.0,79.164
MSC,3605.6897222222224,188.0,79.164
MSC,3632.6230555555553,202.0,79.164
MSC,3641.823055555555,207.0,79.164
MSC,3651.156388888889,210.0,79.164
MSC,3670.000833333333,212.0,79.164
MSC,3684.1416666666664,213.0,79.164
MSC,3701.4416666666666,173.0,79.164
MSC,3710.663888888889,166.0,79.164
MSC,3717.508333333333,154.0,79.164
MSC,3729.9527777777776,140.0,79.164
MSC,3737.2669444444446,131.0,79.164
MSC,3743.0002777777777,129.0,79.164
MSC,3748.733611111111,129.0,79.164
MSC,3756.533611111111,117.0,79.164
MSC,3764.0669444444443,113.0,79.164
MSC,3770.1225,109.0,79.164
MSC,3803.7225,108.0,79.164
MSC,3816.278055555555,113.0,79.164
MSC,3821.655833333333,121.0,79.164
MSC,3830.055833333333,126.0,79.164
MSC,3838.922499999999,133.0,79.164
MSC,3850.511388888888,149.0,79.164
MSC,3862.878055555555,159.0,79.164
MSC,3876.2558333333327,172.0,79.164
MSC,3886.2002777777775,179.0,79.164
MSC,3905.7002777777775,195.0,79.164
MSC,3930.878055555555,206.0,79.164
MSC,3942.600277777777,211.0,79.164
MSC,3958.410277777777,204.0,79.164
MSC,3976.910277777777,185.0,79.164
MSC,3990.676944444444,177.0,79.164
MSC,4003.665833333333,167.0,79.164
MSC,4010.866111111111,161.0,79.164
MSC,4021.2661111111106,156.0,79.164
MSC,4031.132777777777,148.0,79.164
MSC,4037.710555555555,148.0,79.164
MSC,4044.0661111111103,143.0,79.164
MSC,4056.154999999999,136.0,79.164
MSC,4067.8883333333324,132.0,79.164
MSC,4081.3883333333324,135.0,79.164
MSC,4090.5883333333322,138.0,79.164
MSC,4101.554999999999,141.0,79.164
MSC,4110.955,141.0,79.164
MSC,4121.554999999999,159.0,79.164
MSC,4128.932777777777,166.0,79.164
MSC,4145.377222222222,185.0,79.164
MSC,4153.732777777777,188.0,79.164
MSC,4176.06611111111,201.0,79.164
MSC,4185.310555555556,208.0,79.164
MSC,4202.032777777778,215.0,79.164
MSC,4214.310555555556,221.0,79.164
MSC,4226.866111111111,226.0,79.164
MSC,4239.755,232.0,79.164
MSC,4258.1883333333335,237.0,79.164
MSC,4271.466111111112,239.0,79.164
MSC,4293.7075,251.0,79.164
MSC,4304.9075,252.0,79.164
MSC,4319.018611111112,254.0,79.164
MSC,4333.407499999999,259.0,79.164
TSU,31.981111111111108,269.0,79.24
TSU,44.02555555555555,271.0,79.24
TSU,59.17166666666667,274.0,79.24
TSU,77.70499999999998,278.0,79.24
TSU,99.40499999999999,279.0,79.24
TSU,118.33833333333332,284.0,79.24
TSU,130.96055555555554,284.0,79.24
TSU,150.22722222222222,289.0,79.24
TSU,172.93833333333333,292.0,79.24
TSU,195.805,294.0,79.24
TSU,215.47166666666666,295.0,79.24
TSU,235.33833333333334,298.0,79.24
TSU,255.40499999999997,301.0,79.24
TSU,268.78277777777777,301.0,79.24
TSU,289.0494444444444,304.0,79.24
TSU,329.84944444444443,306.0,79.24
TSU,367.6161111111111,309.0,79.24
TSU,384.78277777777777,309.0,79.24
TSU,405.5827777777778,312.0,79.24
TSU,433.4919444444444,313.0,79.24
TSU,457.91416666666663,314.0,79.24
TSU,471.91416666666663,315.0,79.24
TSU,485.8697222222222,314.0,79.24
TSU,505.53638888888884,295.0,79.24
TSU,531.4252777777778,233.0,79.24
TSU,548.7586111111111,195.0,79.24
TSU,560.4919444444445,176.0,79.24
TSU,575.0513888888889,146.0,79.24
TSU,584.3847222222223,140.0,79.24
TSU,592.451388888889,121.0,79.24
TSU,603.551388888889,111.0,79.24
TSU,609.551388888889,108.0,79.24
TSU,619.6513888888891,101.0,79.24
TSU,627.2736111111112,98.0,79.24
TSU,631.5847222222224,97.0,79.24
TSU,635.7625000000002,94.0,79.24
TSU,641.8958333333335,92.0,79.24
TSU,653.5069444444446,95.0,79.24
TSU,667.6402777777779,106.0,79.24
TSU,681.1958333333334,122.0,79.24
TSU,686.6180555555557,122.0,79.24
TSU,694.2291666666669,137.0,79.24
TSU,704.4291666666669,153.0,79.24
TSU,719.4983333333336,169.0,79.24
TSU,735.6761111111114,182.0,79.24
TSU,756.3944444444447,186.0,79.24
TSU,774.5597222222225,205.0,79.24
TSU,789.1597222222225,219.0,79.24
TSU,801.6597222222226,225.0,79.24
TSU,817.0597222222225,231.0,79.24
TSU,841.0597222222226,240.0,79.24
TSU,860.2022222222226,247.0,79.24
TSU,877.0688888888893,253.0,79.24
TSU,903.0688888888893,260.0,79.24
TSU,923.5244444444448,263.0,79.24
TSU,941.5244444444448,270.0,79.24
TSU,972.3022222222227,277.0,79.24
TSU,994.0022222222226,279.0,79.24
TSU,1012.2688888888894,274.0,79.24
TSU,1030.235555555556,231.0,79.24
TSU,1044.1688888888893,209.0,79.24
TSU,1052.6577777777782,191.0,79.24
TSU,1062.7133333333336,181.0,79.24
TSU,1073.5800000000002,163.0,79.24
TSU,1084.0466666666669,157.0,79.24
TSU,1097.746666666667,137.0,79.24
TSU,1103.657777777778,133.0,79.24
TSU,1114.8036111111112,125.0,79.24
TSU,1121.6369444444447,123.0,79.24
TSU,1127.059166666667,122.0,79.24
TSU,1134.8591666666669,117.0,79.24
TSU,1141.1925,114.0,79.24
TSU,1152.6925,115.0,79.24
TSU,1159.3591666666669,120.0,79.24
TSU,1164.870277777778,124.0,79.24
TSU,1174.9813888888891,130.0,79.24
TSU,1194.7147222222225,148.0,79.24
TSU,1213.0022222222226,165.0,79.24
TSU,1228.646666666667,176.0,79.24
TSU,1245.3577777777782,188.0,79.24
TSU,1254.1133333333337,197.0,79.24
TSU,1267.646666666667,203.0,79.24
TSU,1281.5133333333338,208.0,79.24
TSU,1295.9133333333336,216.0,79.24
TSU,1310.646666666667,221.0,79.24
TSU,1325.7800000000004,227.0,79.24
TSU,1341.1133333333337,230.0,79.24
TSU,1354.113333333334,234.0,79.24
TSU,1386.3800000000003,242.0,79.24
TSU,1405.5911111111116,247.0,79.24
TSU,1419.5911111111116,252.0,79.24
TSU,1433.7577777777785,255.0,79.24
TSU,1459.7297222222228,259.0,79.24
TSU,1471.4186111111117,263.0,79.24
TSU,1504.1741666666674,268.0,79.24
TSU,1519.0630555555563,268.0,79.24
TSU,1531.1519444444452,272.0,79.24
TSU,1549.418611111112,274.0,79.24
TSU,1564.69638888889,275.0,79.24
TSU,1580.0297222222232,276.0,79.24
TSU,1598.629722222223,279.0,79.24
TSU,1629.8519444444455,281.0,79.24
TSU,1645.4402777777786,282.0,79.24
TSU,1680.0291666666676,283.0,79.24
TSU,1702.1180555555566,284.0,79.24
TSU,1721.0513888888897,284.0,79.24
TSU,1745.8513888888897,279.0,79.24
TSU,1757.4069444444453,260.0,79.24
TSU,1773.673611111112,244.0,79.24
TSU,1796.573611111112,229.0,79.24
TSU,1811.373611111112,222.0,79.24
TSU,1841.373611111112,225.0,79.24
TSU,1861.8180555555566,230.0,79.24
TSU,1880.173611111112,236.0,79.24
TSU,1896.1069444444454,239.0,79.24
TSU,1954.8402777777785,240.0,79.24
TSU,1967.0069444444453,219.0,79.24
TSU,1978.3402777777787,204.0,79.24
TSU,1988.9513888888896,191.0,79.24
TSU,2004.595833333334,176.0,79.24
TSU,2013.8736111111118,167.0,79.24
TSU,2022.8180555555562,161.0,79.24
TSU,2029.9291666666675,160.0,79.24
TSU,2038.6513888888894,157.0,79.24
TSU,2045.4069444444451,152.0,79.24
TSU,2060.5069444444453,151.0,79.24
TSU,2068.9644444444452,153.0,79.24
TSU,2075.8533333333344,155.0,79.24
TSU,2093.742222222223,161.0,79.24
TSU,2106.8866666666677,169.0,79.24
TSU,2122.8866666666677,180.0,79.24
TSU,2135.2866666666673,186.0,79.24
TSU,2148.2200000000007,194.0,79.24
TSU,2168.520000000001,203.0,79.24
TSU,2177.6755555555565,206.0,79.24
TSU,2194.553333333334,217.0,79.24
TSU,2204.2866666666673,219.0,79.24
TSU,2224.6422222222227,229.0,79.24
TSU,2240.042222222223,231.0,79.24
TSU,2250.5311111111114,236.0,79.24
TSU,2261.064444444445,237.0,79.24
TSU,2274.5202777777786,241.0,79.24
TSU,2292.5647222222233,232.0,79.24
TSU,2310.4647222222234,179.0,79.24
TSU,2324.1536111111122,154.0,79.24
TSU,2336.7758333333345,142.0,79.24
TSU,2342.5091666666676,129.0,79.24
TSU,2351.9980555555567,122.0,79.24
TSU,2360.8647222222235,114.0,79.24
TSU,2372.53138888889,105.0,79.24
TSU,2382.73138888889,102.0,79.24
TSU,2393.3019444444453,106.0,79.24
TSU,2402.168611111112,114.0,79.24
TSU,2416.3908333333343,128.0,79.24
TSU,2427.04638888889,137.0,79.24
TSU,2436.579722222223,143.0,79.24
TSU,2448.4797222222232,153.0,79.24
TSU,2461.7019444444454,170.0,79.24
TSU,2475.7797222222234,181.0,79.24
TSU,2492.5797222222236,189.0,79.24
TSU,2512.9797222222237,204.0,79.24
TSU,2526.9797222222237,210.0,79.24
TSU,2540.44638888889,202.0,79.24
TSU,2549.024166666668,193.0,79.24
TSU,2559.576666666668,189.0,79.24
TSU,2573.343333333335,177.0,79.24
TSU,2588.3655555555574,169.0,79.24
TSU,2603.032222222224,165.0,79.24
TSU,2612.254444444446,166.0,79.24
TSU,2634.0100000000016,178.0,79.24
TSU,2642.0544444444463,181.0,79.24
TSU,2652.443333333335,187.0,79.24
TSU,2660.3988888888907,179.0,79.24
TSU,2669.8988888888907,171.0,79.24
TSU,2682.576666666668,163.0,79.24
TSU,2693.176666666668,159.0,79.24
TSU,2701.7447222222236,155.0,79.24
TSU,2718.4113888888905,150.0,79.24
TSU,2757.766944444446,161.0,79.24
TSU,2775.266944444446,175.0,79.24
TSU,2792.5113888888905,194.0,79.24
TSU,2815.400277777779,206.0,79.24
TSU,2827.178055555557,212.0,79.24
TSU,2841.6447222222237,217.0,79.24
TSU,2856.4447222222234,222.0,79.24
TSU,2876.8891666666677,230.0,79.24
TSU,2892.6211111111124,235.0,79.24
TSU,2905.843333333334,238.0,79.24
TSU,2919.1766666666676,240.0,79.24
TSU,2952.1100000000006,247.0,79.24
TSU,2974.4211111111117,251.0,79.24
TSU,2991.2877777777785,253.0,79.24
TSU,3008.487777777779,258.0,79.24
TSU,3022.9877777777783,261.0,79.24
TSU,3044.765555555556,245.0,79.24
TSU,3055.29888888889,237.0,79.24
TSU,3078.19888888889,229.0,79.24
TSU,3088.19888888889,225.0,79.24
TSU,3103.0036111111126,223.0,79.24
TSU,3130.3813888888903,224.0,79.24
TSU,3150.7369444444457,229.0,79.24
TSU,3168.936944444446,234.0,79.24
TSU,3190.2702777777795,240.0,79.24
TSU,3209.2480555555567,244.0,79.24
TSU,3223.08138888889,249.0,79.24
TSU,3236.9147222222236,249.0,79.24
TSU,3256.6702777777787,254.0,79.24
TSU,3279.78138888889,260.0,79.24
TSU,3291.3813888888903,261.0,79.24
TSU,3314.848055555557,264.0,79.24
TSU,3335.923055555557,270.0,79.24
TSU,3350.9786111111125,271.0,79.24
TSU,3363.1119444444457,273.0,79.24
TSU,3387.55638888889,275.0,79.24
TSU,3402.945277777779,277.0,79.24
TSU,3427.545277777779,246.0,79.24
TSU,3437.8119444444455,231.0,79.24
TSU,3450.4119444444455,189.0,79.24
TSU,3459.967500000001,172.0,79.24
TSU,3476.1897222222233,146.0,79.24
TSU,3488.0119444444454,133.0,79.24
TSU,3499.1230555555567,125.0,79.24
TSU,3507.1897222222233,121.0,79.24
TSU,3513.7125000000015,118.0,79.24
TSU,3525.3125000000014,116.0,79.24
TSU,3537.8125000000014,125.0,79.24
TSU,3546.545833333335,131.0,79.24
TSU,3554.379166666668,141.0,79.24
TSU,3562.7125000000015,150.0,79.24
TSU,3569.8236111111123,160.0,79.24
TSU,3585.20138888889,173.0,79.24
TSU,3597.20138888889,180.0,79.24
TSU,3610.0013888888902,192.0,79.24
TSU,3629.5013888888902,195.0,79.24
TSU,3640.50138888889,198.0,79.24
TSU,3654.5013888888902,210.0,79.24
TSU,3668.626666666668,211.0,79.24
TSU,3678.093333333334,213.0,79.24
TSU,3701.4266666666676,175.0,79.24
TSU,3708.8933333333343,168.0,79.24
TSU,3719.2266666666674,155.0,79.24
TSU,3725.626666666667,144.0,79.24
TSU,3738.026666666667,124.0,79.24
TSU,3745.960000000001,119.0,79.24
TSU,3753.560000000001,114.0,79.24
TSU,3759.726666666668,111.0,79.24
TSU,3765.671111111112,107.0,79.24
TSU,3772.471111111112,102.0,79.24
TSU,3777.860000000001,97.0,79.24
TSU,3784.3266666666677,97.0,79.24
TSU,3794.3986111111126,101.0,79.24
TSU,3800.2319444444456,105.0,79.24
TSU,3805.031944444446,108.0,79.24
TSU,3814.2875000000013,119.0,79.24
TSU,3822.8208333333346,128.0,79.24
TSU,3828.6430555555567,131.0,79.24
TSU,3839.6875000000014,142.0,79.24
TSU,3857.5763888888905,161.0,79.24
TSU,3868.7097222222237,167.0,79.24
TSU,3891.565277777779,187.0,79.24
TSU,3913.4541666666682,197.0,79.24
TSU,3924.900000000001,205.0,79.24
TSU,3934.1000000000017,207.0,79.24
TSU,3945.766666666668,210.0,79.24
TSU,3968.655555555557,206.0,79.24
TSU,3981.0555555555566,186.0,79.24
TSU,4002.655555555557,162.0,79.24
TSU,4017.755555555557,151.0,79.24
TSU,4027.28888888889,143.0,79.24
TSU,4040.98888888889,137.0,79.24
TSU,4048.3222222222234,132.0,79.24
TSU,4054.1000000000013,130.0,79.24
TSU,4062.7666666666682,130.0,79.24
TSU,4071.5000000000014,131.0,79.24
TSU,4083.994166666668,141.0,79.24
TSU,4097.41638888889,151.0,79.24
TSU,4104.394166666668,157.0,79.24
TSU,4119.41638888889,169.0,79.24
TSU,4131.149722222223,176.0,79.24
TSU,4154.738611111112,193.0,79.24
TSU,4174.338611111112,196.0,79.24
TSU,4183.538611111112,207.0,79.24
TSU,4195.371944444446,213.0,79.24
TSU,4212.560833333335,221.0,79.24
TSU,4227.627500000001,226.0,79.24
TSU,4237.894166666668,231.0,79.24
TSU,4256.159166666668,234.0,79.24
TSU,4286.470277777779,248.0,79.24
TSU,4308.781388888891,251.0,79.24
TSU,4328.848055555557,258.0,79.24
ALB,1.921111111111111,266.0,79.256
ALB,22.921111111111106,270.0,79.256
ALB,59.987777777777765,278.0,79.256
ALB,91.24277777777776,282.0,79.256
ALB,116.84277777777774,288.0,79.256
ALB,142.8872222222222,293.0,79.256
ALB,155.95388888888888,294.0,79.256
ALB,175.82055555555556,298.0,79.256
ALB,195.82055555555553,300.0,79.256
ALB,215.95388888888888,302.0,79.256
ALB,236.2872222222222,305.0,79.256
ALB,256.75388888888887,307.0,79.256
ALB,277.4205555555555,310.0,79.256
ALB,294.69833333333327,311.0,79.256
ALB,336.2983333333333,312.0,79.256
ALB,360.79833333333323,315.0,79.256
ALB,378.35388888888883,316.0,79.256
ALB,395.965,317.0,79.256
ALB,427.8533333333333,318.0,79.256
ALB,442.0311111111111,319.0,79.256
ALB,481.26444444444445,321.0,79.256
ALB,498.81999999999994,316.0,79.256
ALB,512.1977777777777,301.0,79.256
ALB,528.931111111111,251.0,79.256
ALB,541.3199999999999,223.0,79.256
ALB,552.2088888888889,196.0,79.256
ALB,563.9422222222222,176.0,79.256
ALB,580.2755555555556,147.0,79.256
ALB,587.6827777777778,134.0,79.256
ALB,601.7383333333333,115.0,79.256
ALB,610.2161111111111,109.0,79.256
ALB,617.0161111111111,102.0,79.256
ALB,625.5494444444444,96.0,79.256
ALB,629.7716666666665,95.0,79.256
ALB,635.9049999999999,92.0,79.256
ALB,645.3049999999998,94.0,79.256
ALB,651.7716666666665,97.0,79.256
ALB,666.1716666666665,108.0,79.256
ALB,676.6605555555553,118.0,79.256
ALB,686.7716666666665,130.0,79.256
ALB,696.1049999999999,140.0,79.256
ALB,741.378611111111,185.0,79.256
ALB,752.1563888888887,194.0,79.256
ALB,763.3786111111109,202.0,79.256
ALB,774.9897222222221,209.0,79.256
ALB,794.4563888888888,219.0,79.256
ALB,806.8452777777776,223.0,79.256
ALB,819.6786111111109,231.0,79.256
ALB,830.2119444444442,237.0,79.256
ALB,843.7119444444443,243.0,79.256
ALB,854.5119444444442,243.0,79.256
ALB,879.9119444444442,254.0,79.256
ALB,894.2288888888886,259.0,79.256
ALB,905.9177777777775,263.0,79.256
ALB,935.9177777777775,270.0,79.256
ALB,957.2288888888885,274.0,79.256
ALB,982.1177777777774,280.0,79.256
ALB,1001.0511111111108,284.0,79.256
ALB,1018.7177777777774,265.0,79.256
ALB,1039.7177777777774,210.0,79.256
ALB,1048.2511111111107,192.0,79.256
ALB,1062.0955555555552,178.0,79.256
ALB,1069.5622222222219,168.0,79.256
ALB,1083.5177777777774,157.0,79.256
ALB,1093.384444444444,148.0,79.256
ALB,1099.8733333333328,146.0,79.256
ALB,1106.1399999999994,141.0,79.256
ALB,1113.8449999999993,138.0,79.256
ALB,1123.9561111111104,130.0,79.256
ALB,1136.4561111111104,125.0,79.256
ALB,1147.3005555555549,122.0,79.256
ALB,1157.9672222222214,120.0,79.256
ALB,1163.3449999999991,121.0,79.256
ALB,1173.144999999999,126.0,79.256
ALB,1183.5672222222213,134.0,79.256
ALB,1199.7894444444435,146.0,79.256
ALB,1215.5894444444434,158.0,79.256
ALB,1233.1405555555546,176.0,79.256
ALB,1247.684999999999,187.0,79.256
ALB,1270.1294444444434,202.0,79.256
ALB,1286.5405555555546,211.0,79.256
ALB,1300.7405555555545,213.0,79.256
ALB,1318.0072222222211,222.0,79.256
ALB,1335.9738888888876,231.0,79.256
ALB,1354.018333333332,232.0,79.256
ALB,1375.2627777777766,239.0,79.256
ALB,1399.5627777777765,243.0,79.256
ALB,1416.2294444444433,250.0,79.256
ALB,1433.1627777777765,254.0,79.256
ALB,1444.4961111111097,255.0,79.256
ALB,1459.0127777777764,260.0,79.256
ALB,1479.468333333332,263.0,79.256
ALB,1503.379444444443,269.0,79.256
ALB,1527.6461111111096,273.0,79.256
ALB,1542.9238888888876,275.0,79.256
ALB,1576.9016666666653,278.0,79.256
ALB,1589.3016666666654,279.0,79.256
ALB,1604.9127777777765,281.0,79.256
ALB,1617.4016666666653,281.0,79.256
ALB,1633.0683333333322,282.0,79.256
ALB,1655.157222222221,284.0,79.256
ALB,1674.2238888888878,286.0,79.256
ALB,1690.0333333333322,286.0,79.256
ALB,1721.9222222222213,287.0,79.256
ALB,1778.6333333333323,232.0,79.256
ALB,1800.8333333333323,222.0,79.256
ALB,1820.21111111111,218.0,79.256
ALB,1844.9888888888877,223.0,79.256
ALB,1857.71111111111,229.0,79.256
ALB,1873.31111111111,234.0,79.256
ALB,1889.1777777777766,238.0,79.256
ALB,1910.6888888888877,242.0,79.256
ALB,1927.0902777777767,245.0,79.256
ALB,1940.7569444444437,246.0,79.256
ALB,1952.9791666666658,220.0,79.256
ALB,1979.112499999999,196.0,79.256
ALB,1994.8458333333324,177.0,79.256
ALB,2006.112499999999,169.0,79.256
ALB,2016.9791666666658,163.0,79.256
ALB,2025.7569444444434,158.0,79.256
ALB,2039.1791666666657,151.0,79.256
ALB,2045.801388888888,149.0,79.256
ALB,2060.201388888888,144.0,79.256
ALB,2066.6902777777764,146.0,79.256
ALB,2076.582222222221,149.0,79.256
ALB,2095.77111111111,157.0,79.256
ALB,2110.5266666666653,166.0,79.256
ALB,2123.904444444443,172.0,79.256
ALB,2140.6155555555542,188.0,79.256
ALB,2156.0155555555543,198.0,79.256
ALB,2167.3488888888874,204.0,79.256
ALB,2179.126666666665,212.0,79.256
ALB,2196.082222222221,218.0,79.256
ALB,2216.17111111111,226.0,79.256
ALB,2226.4377777777763,231.0,79.256
ALB,2247.504444444443,237.0,79.256
ALB,2266.4719444444427,243.0,79.256
ALB,2280.305277777776,249.0,79.256
ALB,2290.8386111111095,237.0,79.256
ALB,2308.3497222222204,197.0,79.256
ALB,2317.3497222222204,162.0,79.256
ALB,2331.54972222222,142.0,79.256
ALB,2337.327499999998,130.0,79.256
ALB,2345.5274999999983,123.0,79.256
ALB,2352.083055555554,118.0,79.256
ALB,2364.194166666665,109.0,79.256
ALB,2373.6163888888873,106.0,79.256
ALB,2383.0386111111097,106.0,79.256
ALB,2390.43861111111,111.0,79.256
ALB,2397.071944444443,120.0,79.256
ALB,2409.671944444443,126.0,79.256
ALB,2423.071944444443,134.0,79.256
ALB,2432.5386111111097,142.0,79.256
ALB,2440.8163888888876,149.0,79.256
ALB,2449.7052777777767,160.0,79.256
ALB,2456.9941666666655,164.0,79.256
ALB,2472.8163888888876,178.0,79.256
ALB,2485.549722222221,191.0,79.256
ALB,2498.683055555555,197.0,79.256
ALB,2519.683055555555,210.0,79.256
ALB,2531.0163888888883,204.0,79.256
ALB,2543.949722222221,194.0,79.256
ALB,2556.401388888888,186.0,79.256
ALB,2564.490277777777,182.0,79.256
ALB,2587.2902777777767,171.0,79.256
ALB,2594.712499999999,167.0,79.256
ALB,2605.645833333332,164.0,79.256
ALB,2613.02361111111,166.0,79.256
ALB,2630.1236111111098,171.0,79.256
ALB,2641.8569444444433,176.0,79.256
ALB,2653.1236111111098,169.0,79.256
ALB,2662.2902777777767,165.0,79.256
ALB,2671.179166666666,160.0,79.256
ALB,2681.645833333332,157.0,79.256
ALB,2690.201388888888,154.0,79.256
ALB,2700.134722222221,149.0,79.256
ALB,2714.6941666666653,146.0,79.256
ALB,2722.9163888888875,148.0,79.256
ALB,2729.5830555555544,150.0,79.256
ALB,2741.7163888888876,156.0,79.256
ALB,2752.5830555555544,163.0,79.256
ALB,2760.13861111111,170.0,79.256
ALB,2774.1386111111096,180.0,79.256
ALB,2795.8052777777766,195.0,79.256
ALB,2809.2052777777762,201.0,79.256
ALB,2835.3608333333323,214.0,79.256
ALB,2860.3608333333323,225.0,79.256
ALB,2873.1466666666656,229.0,79.256
ALB,2883.5466666666653,234.0,79.256
ALB,2896.7133333333322,237.0,79.256
ALB,2923.7133333333322,243.0,79.256
ALB,2940.1133333333323,246.0,79.256
ALB,2973.7133333333322,252.0,79.256
ALB,2999.5133333333324,258.0,79.256
ALB,3016.7133333333327,258.0,79.256
ALB,3040.613333333333,239.0,79.256
ALB,3053.5577777777776,233.0,79.256
ALB,3063.7799999999997,230.0,79.256
ALB,3078.713333333333,224.0,79.256
ALB,3093.38,220.0,79.256
ALB,3112.9630555555555,221.0,79.256
ALB,3133.1408333333334,227.0,79.256
ALB,3143.3186111111113,229.0,79.256
ALB,3164.2075,235.0,79.256
ALB,3180.140833333333,239.0,79.256
ALB,3210.0852777777777,245.0,79.256
ALB,3235.2852777777775,252.0,79.256
ALB,3246.5297222222216,253.0,79.256
ALB,3260.8074999999994,257.0,79.256
ALB,3280.874166666666,258.0,79.256
ALB,3298.607499999999,266.0,79.256
ALB,3310.5186111111107,268.0,79.256
ALB,3331.671666666666,271.0,79.256
ALB,3365.282777777777,275.0,79.256
ALB,3389.9049999999993,277.0,79.256
ALB,3410.9049999999993,270.0,79.256
ALB,3432.004999999999,211.0,79.256
ALB,3453.871666666666,164.0,79.256
ALB,3482.8049999999994,124.0,79.256
ALB,3490.738333333333,119.0,79.256
ALB,3495.9827777777773,118.0,79.256
ALB,3502.260555555555,113.0,79.256
ALB,3509.6297222222215,111.0,79.256
ALB,3514.563055555555,111.0,79.256
ALB,3522.363055555555,117.0,79.256
ALB,3527.696388888888,120.0,79.256
ALB,3534.696388888888,126.0,79.256
ALB,3541.9186111111103,130.0,79.256
ALB,3553.4297222222212,148.0,79.256
ALB,3560.4519444444436,158.0,79.256
ALB,3569.8408333333323,169.0,79.256
ALB,3581.6408333333325,177.0,79.256
ALB,3591.8630555555546,184.0,79.256
ALB,3607.029722222221,195.0,79.256
ALB,3618.2519444444433,202.0,79.256
ALB,3646.844722222221,214.0,79.256
ALB,3663.9558333333325,220.0,79.256
ALB,3676.7558333333322,192.0,79.256
ALB,3688.889166666666,182.0,79.256
ALB,3696.0891666666657,162.0,79.256
ALB,3707.3669444444436,145.0,79.256
ALB,3723.2558333333322,130.0,79.256
ALB,3728.722499999999,123.0,79.256
ALB,3736.5224999999987,117.0,79.256
ALB,3750.6558333333323,106.0,79.256
ALB,3760.7558333333322,101.0,79.256
ALB,3766.2558333333322,99.0,79.256
ALB,3777.1447222222214,98.0,79.256
ALB,3781.6055555555545,101.0,79.256
ALB,3787.438888888888,105.0,79.256
ALB,3797.3055555555543,111.0,79.256
ALB,3807.8833333333323,119.0,79.256
ALB,3825.616666666666,133.0,79.256
ALB,3842.2833333333324,150.0,79.256
ALB,3853.283333333333,165.0,79.256
ALB,3862.949999999999,174.0,79.256
ALB,3870.8611111111104,178.0,79.256
ALB,3885.5611111111107,189.0,79.256
ALB,3903.305277777777,199.0,79.256
ALB,3917.23861111111,209.0,79.256
ALB,3931.7052777777762,217.0,79.256
ALB,3940.727499999999,203.0,79.256
ALB,3951.4497222222208,193.0,79.256
ALB,3961.6163888888877,183.0,79.256
ALB,3976.5497222222216,168.0,79.256
ALB,3985.4941666666664,161.0,79.256
ALB,3997.1608333333324,150.0,79.256
ALB,4008.4386111111103,145.0,79.256
ALB,4014.660833333333,140.0,79.256
ALB,4023.660833333333,135.0,79.256
ALB,4029.5274999999992,132.0,79.256
ALB,4038.194166666666,130.0,79.256
ALB,4045.2497222222214,127.0,79.256
ALB,4052.2497222222214,126.0,79.256
ALB,4059.4719444444436,130.0,79.256
ALB,4069.934444444443,135.0,79.256
ALB,4076.2455555555543,142.0,79.256
ALB,4086.1122222222216,148.0,79.256
ALB,4096.245555555554,152.0,79.256
ALB,4103.489999999999,163.0,79.256
ALB,4115.156666666666,175.0,79.256
ALB,4123.112222222221,179.0,79.256
ALB,4133.445555555554,186.0,79.256
ALB,4144.112222222221,192.0,79.256
ALB,4157.512222222221,201.0,79.256
ALB,4175.91222222222,207.0,79.256
ALB,4197.812222222221,219.0,79.256
ALB,4226.109722222221,231.0,79.256
ALB,4250.109722222221,240.0,79.256
ALB,4272.154166666665,248.0,79.256
ALB,4294.820833333331,255.0,79.256
ALB,4306.154166666665,255.0,79.256
ALB,4323.620833333332,262.0,79.256
VET,11.03138888888889,263.0,79.273
VET,31.875833333333333,268.0,79.273
VET,49.9425,271.0,79.273
VET,71.17583333333333,273.0,79.273
VET,86.50916666666667,276.0,79.273
VET,98.95361111111112,280.0,79.273
VET,120.88722222222223,281.0,79.273
VET,152.66500000000002,286.0,79.273
VET,165.46500000000003,288.0,79.273
VET,178.3538888888889,290.0,79.273
VET,194.57611111111112,292.0,79.273
VET,217.44277777777776,294.0,79.273
VET,243.8427777777778,297.0,79.273
VET,260.3983333333333,298.0,79.273
VET,287.065,300.0,79.273
VET,313.82055555555553,301.0,79.273
VET,347.4872222222222,303.0,79.273
VET,367.7538888888888,304.0,79.273
VET,391.5538888888888,306.0,79.273
VET,405.15388888888884,306.0,79.273
VET,418.7983333333333,307.0,79.273
VET,439.33166666666665,308.0,79.273
VET,470.23166666666657,309.0,79.273
VET,497.69833333333327,309.0,79.273
VET,513.6983333333333,288.0,79.273
VET,525.6983333333333,270.0,79.273
VET,540.5030555555555,223.0,79.273
VET,557.1252777777777,187.0,79.273
VET,568.258611111111,167.0,79.273
VET,576.758611111111,153.0,79.273
VET,585.8252777777777,136.0,79.273
VET,594.2602777777777,126.0,79.273
VET,602.1269444444443,118.0,79.273
VET,607.0158333333333,110.0,79.273
VET,615.0269444444443,103.0,79.273
VET,620.6380555555554,101.0,79.273
VET,626.0824999999999,98.0,79.273
VET,633.393611111111,94.0,79.273
VET,639.7269444444444,95.0,79.273
VET,645.0602777777777,96.0,79.273
VET,652.8380555555555,100.0,79.273
VET,662.2602777777777,106.0,79.273
VET,669.3269444444444,106.0,79.273
VET,675.7158333333333,115.0,79.273
VET,687.1825,129.0,79.273
VET,699.8936111111111,143.0,79.273
VET,718.5602777777777,168.0,79.273
VET,726.2491666666666,173.0,79.273
VET,751.5824999999999,190.0,79.273
VET,760.5602777777776,202.0,79.273
VET,769.6713888888887,205.0,79.273
VET,789.1380555555554,219.0,79.273
VET,804.0755555555554,225.0,79.273
VET,827.6755555555553,236.0,79.273
VET,840.953333333333,239.0,79.273
VET,851.5755555555553,239.0,79.273
VET,873.7977777777776,250.0,79.273
VET,887.9794444444443,254.0,79.273
VET,899.446111111111,258.0,79.273
VET,911.0905555555555,262.0,79.273
VET,928.8238888888887,266.0,79.273
VET,946.7572222222221,269.0,79.273
VET,961.8683333333333,272.0,79.273
VET,1027.5127777777777,211.0,79.273
VET,1047.6238888888888,181.0,79.273
VET,1055.6683333333333,181.0,79.273
VET,1066.6016666666667,164.0,79.273
VET,1076.6016666666667,150.0,79.273
VET,1087.4127777777778,139.0,79.273
VET,1097.6016666666667,131.0,79.273
VET,1107.635,129.0,79.273
VET,1114.523888888889,124.0,79.273
VET,1126.423888888889,119.0,79.273
VET,1140.9683333333335,119.0,79.273
VET,1147.801666666667,123.0,79.273
VET,1157.644166666667,127.0,79.273
VET,1171.7441666666668,141.0,79.273
VET,1183.4886111111111,151.0,79.273
VET,1195.855277777778,159.0,79.273
VET,1203.4133333333336,169.0,79.273
VET,1215.2133333333336,177.0,79.273
VET,1227.7466666666671,188.0,79.273
VET,1236.2800000000004,192.0,79.273
VET,1245.1688888888893,200.0,79.273
VET,1263.746666666667,209.0,79.273
VET,1282.6800000000003,213.0,79.273
VET,1305.0800000000004,224.0,79.273
VET,1320.346666666667,229.0,79.273
VET,1338.546666666667,234.0,79.273
VET,1354.4133333333336,238.0,79.273
VET,1370.546666666667,242.0,79.273
VET,1381.4800000000002,246.0,79.273
VET,1403.4355555555558,247.0,79.273
VET,1414.5466666666669,250.0,79.273
VET,1443.1022222222225,257.0,79.273
VET,1454.6577777777782,260.0,79.273
VET,1475.1911111111112,264.0,79.273
VET,1490.0244444444447,267.0,79.273
VET,1504.857777777778,267.0,79.273
VET,1519.857777777778,270.0,79.273
VET,1541.0911111111113,273.0,79.273
VET,1556.3688888888892,275.0,79.273
VET,1580.914166666667,277.0,79.273
VET,1593.2697222222225,278.0,79.273
VET,1608.7141666666669,278.0,79.273
VET,1624.2141666666669,279.0,79.273
VET,1649.1808333333336,280.0,79.273
VET,1664.8475,282.0,79.273
VET,1680.5141666666666,282.0,79.273
VET,1718.2475,283.0,79.273
VET,1736.4475,273.0,79.273
VET,1756.2808333333332,255.0,79.273
VET,1769.6697222222224,241.0,79.273
VET,1787.2475,226.0,79.273
VET,1808.9475000000002,217.0,79.273
VET,1818.7252777777778,220.0,79.273
VET,1833.5919444444446,223.0,79.273
VET,1853.9475000000002,229.0,79.273
VET,1869.4808333333335,233.0,79.273
VET,1893.1808333333336,237.0,79.273
VET,1919.9586111111114,241.0,79.273
VET,1933.3475000000003,241.0,79.273
VET,1947.6141666666672,214.0,79.273
VET,1958.6697222222226,199.0,79.273
VET,1978.1141666666674,175.0,79.273
VET,1990.9475000000004,165.0,79.273
VET,1998.0141666666673,159.0,79.273
VET,2004.9475000000004,156.0,79.273
VET,2011.7933333333337,155.0,79.273
VET,2026.893333333334,151.0,79.273
VET,2057.7361111111118,154.0,79.273
VET,2074.036111111112,163.0,79.273
VET,2081.3694444444454,165.0,79.273
VET,2101.036111111112,177.0,79.273
VET,2111.258333333334,184.0,79.273
VET,2128.5916666666676,195.0,79.273
VET,2144.3805555555564,203.0,79.273
VET,2155.936111111112,208.0,79.273
VET,2167.8250000000007,214.0,79.273
VET,2185.0138888888896,221.0,79.273
VET,2202.358333333334,223.0,79.273
VET,2215.247222222223,232.0,79.273
VET,2225.647222222223,234.0,79.273
VET,2252.5361111111115,242.0,79.273
VET,2271.513888888889,244.0,79.273
VET,2289.8250000000003,206.0,79.273
VET,2304.1361111111114,184.0,79.273
VET,2312.8583333333336,157.0,79.273
VET,2323.5138888888887,137.0,79.273
VET,2330.5694444444443,127.0,79.273
VET,2340.8805555555555,116.0,79.273
VET,2347.1027777777776,112.0,79.273
VET,2351.9611111111108,110.0,79.273
VET,2357.794444444444,105.0,79.273
VET,2362.416666666666,104.0,79.273
VET,2369.3788888888885,104.0,79.273
VET,2376.445555555555,106.0,79.273
VET,2382.3344444444438,106.0,79.273
VET,2389.1677777777772,123.0,79.273
VET,2400.545555555555,128.0,79.273
VET,2406.367777777777,131.0,79.273
VET,2422.2566666666658,143.0,79.273
VET,2438.656666666666,164.0,79.273
VET,2454.389999999999,177.0,79.273
VET,2466.789999999999,186.0,79.273
VET,2486.689999999999,199.0,79.273
VET,2498.0788888888883,205.0,79.273
VET,2513.867777777777,203.0,79.273
VET,2536.7233333333324,187.0,79.273
VET,2548.9233333333327,183.0,79.273
VET,2558.8122222222214,178.0,79.273
VET,2572.1122222222216,171.0,79.273
VET,2581.3899999999994,167.0,79.273
VET,2592.5899999999997,168.0,79.273
VET,2609.7899999999995,172.0,79.273
VET,2623.789999999999,180.0,79.273
VET,2631.656666666666,177.0,79.273
VET,2646.145555555555,163.0,79.273
VET,2659.791666666666,154.0,79.273
VET,2671.4999999999995,150.0,79.273
VET,2678.166666666666,150.0,79.273
VET,2686.1111111111104,143.0,79.273
VET,2695.6444444444437,143.0,79.273
VET,2703.6999999999994,145.0,79.273
VET,2717.2111111111103,152.0,79.273
VET,2725.988888888888,158.0,79.273
VET,2735.099999999999,164.0,79.273
VET,2744.6555555555547,172.0,79.273
VET,2756.6555555555547,180.0,79.273
VET,2769.2555555555546,189.0,79.273
VET,2784.888888888888,201.0,79.273
VET,2800.91111111111,206.0,79.273
VET,2815.2444444444436,215.0,79.273
VET,2832.1999999999994,218.0,79.273
VET,2862.999999999999,231.0,79.273
VET,2889.5555555555547,239.0,79.273
VET,2916.6666666666656,244.0,79.273
VET,2938.799999999999,249.0,79.273
VET,2955.5333333333324,251.0,79.273
VET,2966.777777777777,253.0,79.273
VET,2992.4777777777767,257.0,79.273
VET,3011.6888888888875,247.0,79.273
VET,3022.1333333333323,235.0,79.273
VET,3046.7383333333323,222.0,79.273
VET,3061.3322222222214,218.0,79.273
VET,3073.332222222221,216.0,79.273
VET,3085.332222222221,216.0,79.273
VET,3107.232222222221,219.0,79.273
VET,3122.098888888888,223.0,79.273
VET,3134.5988888888874,225.0,79.273
VET,3157.898888888888,233.0,79.273
VET,3171.1211111111097,238.0,79.273
VET,3184.454444444443,240.0,79.273
VET,3200.7211111111096,244.0,79.273
VET,3217.1877777777763,247.0,79.273
VET,3228.2988888888876,250.0,79.273
VET,3242.354444444443,253.0,79.273
VET,3277.154444444443,261.0,79.273
VET,3294.687777777776,263.0,79.273
VET,3321.3877777777757,267.0,79.273
VET,3336.3322222222205,269.0,79.273
VET,3351.387777777776,271.0,79.273
VET,3366.5544444444427,273.0,79.273
VET,3381.7766666666653,274.0,79.273
VET,3407.476666666665,257.0,79.273
VET,3424.5099999999984,219.0,79.273
VET,3437.443333333332,194.0,79.273
VET,3450.354444444443,166.0,79.273
VET,3460.0877777777764,146.0,79.273
VET,3470.1627777777767,130.0,79.273
VET,3476.974444444443,122.0,79.273
VET,3484.774444444443,117.0,79.273
VET,3494.818888888887,113.0,79.273
VET,3505.918888888887,111.0,79.273
VET,3520.2188888888872,117.0,79.273
VET,3528.685555555554,127.0,79.273
VET,3542.985555555554,143.0,79.273
VET,3551.485555555554,153.0,79.273
VET,3564.5522222222207,168.0,79.273
VET,3576.2855555555543,176.0,79.273
VET,3593.263333333332,191.0,79.273
VET,3604.2633333333315,198.0,79.273
VET,3629.318888888887,205.0,79.273
VET,3653.4299999999976,217.0,79.273
VET,3662.6744444444425,208.0,79.273
VET,3671.518888888887,199.0,79.273
VET,3687.163333333331,176.0,79.273
VET,3698.429999999998,169.0,79.273
VET,3712.629999999998,142.0,79.273
VET,3722.741111111109,130.0,79.273
VET,3729.5188888888865,122.0,79.273
VET,3741.85222222222,111.0,79.273
VET,3746.6522222222197,108.0,79.273
VET,3757.985555555553,102.0,79.273
VET,3767.05222222222,102.0,79.273
VET,3773.985555555553,104.0,79.273
VET,3782.3077777777753,107.0,79.273
VET,3792.3522222222196,113.0,79.273
VET,3801.607777777775,119.0,79.273
VET,3810.0744444444417,127.0,79.273
VET,3817.407777777775,132.0,79.273
VET,3835.6188888888864,149.0,79.273
VET,3842.6411111111092,158.0,79.273
VET,3853.841111111109,168.0,79.273
VET,3872.241111111109,184.0,79.273
VET,3894.1299999999983,197.0,79.273
VET,3903.0633333333312,201.0,79.273
VET,3921.641111111109,209.0,79.273
VET,3945.1077777777755,192.0,79.273
VET,3953.374444444443,186.0,79.273
VET,3971.929999999998,167.0,79.273
VET,3978.952222222221,158.0,79.273
VET,3987.3966666666647,152.0,79.273
VET,4001.9966666666646,146.0,79.273
VET,4008.396666666665,144.0,79.273
VET,4017.729999999998,140.0,79.273
VET,4028.307777777776,136.0,79.273
VET,4038.6522222222206,133.0,79.273
VET,4048.9188888888875,132.0,79.273
VET,4061.185555555554,138.0,79.273
VET,4069.1299999999983,143.0,79.273
VET,4084.6299999999983,155.0,79.273
VET,4095.429999999998,162.0,79.273
VET,4106.896666666665,172.0,79.273
VET,4118.829999999998,179.0,79.273
VET,4137.629999999998,188.0,79.273
VET,4150.696666666666,196.0,79.273
VET,4166.641111111109,205.0,79.273
VET,4178.363333333332,211.0,79.273
VET,4187.829999999998,213.0,79.273
VET,4199.829999999998,216.0,79.273
VET,4220.007777777776,227.0,79.273
VET,4240.985555555553,236.0,79.273
VET,4256.985555555554,240.0,79.273
VET,4273.45222222222,247.0,79.273
VET,4292.663333333331,247.0,79.273
VET,4306.774444444442,254.0,79.273
GAS,4.821666666666667,263.0,79.527
GAS,19.655,267.0,79.527
GAS,43.83277777777778,272.0,79.527
GAS,56.010555555555555,274.0,79.527
GAS,68.18833333333333,274.0,79.527
GAS,86.65499999999999,277.0,79.527
GAS,108.66611111111109,283.0,79.527
GAS,134.0883333333333,286.0,79.527
GAS,159.77722222222218,289.0,79.527
GAS,175.94388888888886,291.0,79.527
GAS,192.02972222222218,291.0,79.527
GAS,208.19638888888886,291.0,79.527
GAS,231.29638888888886,297.0,79.527
GAS,261.0963888888889,298.0,79.527
GAS,298.0913888888889,302.0,79.527
GAS,311.5580555555556,303.0,79.527
GAS,352.2247222222223,305.0,79.527
GAS,369.2802777777778,307.0,79.527
GAS,393.23583333333335,308.0,79.527
GAS,424.2358333333334,310.0,79.527
GAS,441.5136111111112,311.0,79.527
GAS,458.84694444444455,312.0,79.527
GAS,472.6691666666667,311.0,79.527
GAS,493.53583333333336,313.0,79.527
GAS,519.2247222222222,289.0,79.527
GAS,530.6025,256.0,79.527
GAS,552.0024999999999,214.0,79.527
GAS,563.8691666666666,178.0,79.527
GAS,576.6691666666666,144.0,79.527
GAS,593.713611111111,118.0,79.527
GAS,599.8247222222222,110.0,79.527
GAS,611.2691666666667,103.0,79.527
GAS,616.8247222222222,100.0,79.527
GAS,621.1802777777779,98.0,79.527
GAS,626.4580555555556,95.0,79.527
GAS,635.6325,92.0,79.527
GAS,645.3325,97.0,79.527
GAS,655.5608333333333,102.0,79.527
GAS,668.0052777777778,112.0,79.527
GAS,674.5052777777778,117.0,79.527
GAS,685.7052777777778,126.0,79.527
GAS,694.9052777777779,138.0,79.527
GAS,713.2386111111113,165.0,79.527
GAS,727.1608333333335,179.0,79.527
GAS,737.5497222222224,187.0,79.527
GAS,746.0830555555556,192.0,79.527
GAS,761.8719444444446,203.0,79.527
GAS,773.316388888889,206.0,79.527
GAS,790.3497222222225,219.0,79.527
GAS,800.2608333333335,223.0,79.527
GAS,823.4608333333335,232.0,79.527
GAS,839.2608333333336,237.0,79.527
GAS,852.8163888888892,244.0,79.527
GAS,880.7052777777781,251.0,79.527
GAS,892.1275000000003,257.0,79.527
GAS,915.2386111111114,260.0,79.527
GAS,944.9052777777779,267.0,79.527
GAS,966.2163888888891,274.0,79.527
GAS,994.1386111111112,280.0,79.527
GAS,1020.0386111111114,259.0,79.527
GAS,1032.9919444444445,232.0,79.527
GAS,1042.3252777777777,210.0,79.527
GAS,1055.125277777778,192.0,79.527
GAS,1066.3252777777777,168.0,79.527
GAS,1073.5697222222223,163.0,79.527
GAS,1086.8141666666668,149.0,79.527
GAS,1100.4141666666667,136.0,79.527
GAS,1107.6919444444445,131.0,79.527
GAS,1114.8586111111113,129.0,79.527
GAS,1127.1586111111112,123.0,79.527
GAS,1133.7697222222223,119.0,79.527
GAS,1141.5697222222223,117.0,79.527
GAS,1148.0141666666668,116.0,79.527
GAS,1159.3141666666668,113.0,79.527
GAS,1164.6030555555558,119.0,79.527
GAS,1170.114166666667,124.0,79.527
GAS,1178.5141666666668,126.0,79.527
GAS,1187.914166666667,141.0,79.527
GAS,1197.7808333333335,148.0,79.527
GAS,1216.1141666666667,165.0,79.527
GAS,1234.3141666666668,182.0,79.527
GAS,1242.4030555555557,182.0,79.527
GAS,1257.8030555555556,198.0,79.527
GAS,1281.025277777778,209.0,79.527
GAS,1295.0997222222222,212.0,79.527
GAS,1309.8330555555556,221.0,79.527
GAS,1324.9625,226.0,79.527
GAS,1345.4069444444447,230.0,79.527
GAS,1358.2958333333336,232.0,79.527
GAS,1374.229166666667,239.0,79.527
GAS,1401.4513888888891,245.0,79.527
GAS,1415.3958333333335,251.0,79.527
GAS,1432.2625000000003,253.0,79.527
GAS,1446.4847222222224,256.0,79.527
GAS,1463.751388888889,259.0,79.527
GAS,1478.3625000000002,263.0,79.527
GAS,1507.8069444444448,265.0,79.527
GAS,1519.7180555555558,268.0,79.527
GAS,1531.7180555555558,270.0,79.527
GAS,1552.951388888889,273.0,79.527
GAS,1568.1736111111113,274.0,79.527
GAS,1580.351388888889,274.0,79.527
GAS,1598.8180555555555,277.0,79.527
GAS,1617.4180555555554,279.0,79.527
GAS,1636.0847222222221,280.0,79.527
GAS,1654.8180555555552,281.0,79.527
GAS,1673.6180555555554,282.0,79.527
GAS,1692.484722222222,283.0,79.527
GAS,1708.2069444444442,283.0,79.527
GAS,1736.5069444444443,283.0,79.527
GAS,1754.0402777777776,263.0,79.527
GAS,1767.4291666666666,241.0,79.527
GAS,1790.7641666666666,234.0,79.527
GAS,1818.0816666666665,223.0,79.527
GAS,1845.5816666666665,225.0,79.527
GAS,1858.248333333333,228.0,79.527
GAS,1871.0261111111108,230.0,79.527
GAS,1886.626111111111,234.0,79.527
GAS,1916.5705555555553,245.0,79.527
GAS,1943.9038888888888,246.0,79.527
GAS,1956.4594444444442,226.0,79.527
GAS,1978.5705555555553,199.0,79.527
GAS,1990.7038888888887,182.0,79.527
GAS,2000.3149999999996,173.0,79.527
GAS,2009.648333333333,168.0,79.527
GAS,2028.959444444444,158.0,79.527
GAS,2045.5149999999999,149.0,79.527
GAS,2063.848333333333,150.0,79.527
GAS,2072.2927777777772,152.0,79.527
GAS,2089.6261111111107,156.0,79.527
GAS,2096.9594444444438,165.0,79.527
GAS,2108.159444444444,168.0,79.527
GAS,2127.937222222222,178.0,79.527
GAS,2136.152222222222,186.0,79.527
GAS,2153.8072222222218,198.0,79.527
GAS,2167.1405555555552,200.0,79.527
GAS,2235.840555555555,229.0,79.527
GAS,2246.151666666666,232.0,79.527
GAS,2264.507222222222,236.0,79.527
GAS,2275.1738888888885,240.0,79.527
GAS,2288.507222222222,240.0,79.527
GAS,2300.618333333333,218.0,79.527
GAS,2314.3849999999998,177.0,79.527
GAS,2322.2516666666666,177.0,79.527
GAS,2331.0849999999996,159.0,79.527
GAS,2341.818333333333,138.0,79.527
GAS,2347.462777777778,127.0,79.527
GAS,2362.5294444444444,113.0,79.527
GAS,2369.9294444444445,111.0,79.527
GAS,2375.7072222222223,104.0,79.527
GAS,2385.2183333333332,107.0,79.527
GAS,2393.8516666666665,111.0,79.527
GAS,2404.0738888888886,115.0,79.527
GAS,2421.1405555555552,128.0,79.527
GAS,2428.5849999999996,134.0,79.527
GAS,2434.5405555555553,134.0,79.527
GAS,2446.320555555555,152.0,79.527
GAS,2455.030555555555,156.0,79.527
GAS,2474.2527777777773,173.0,79.527
GAS,2482.3416666666662,182.0,79.527
GAS,2494.941666666666,189.0,79.527
GAS,2503.4305555555547,191.0,79.527
GAS,2516.7638888888882,200.0,79.527
GAS,2530.297222222221,203.0,79.527
GAS,2539.3194444444434,203.0,79.527
GAS,2557.5194444444433,182.0,79.527
GAS,2571.3638888888877,178.0,79.527
GAS,2583.0305555555547,175.0,79.527
GAS,2597.4305555555547,162.0,79.527
GAS,2610.0305555555547,162.0,79.527
GAS,2617.4083333333324,166.0,79.527
GAS,2639.0416666666656,177.0,79.527
GAS,2649.0972222222213,181.0,79.527
GAS,2656.78611111111,173.0,79.527
GAS,2669.3083333333325,161.0,79.527
GAS,2677.9749999999995,156.0,79.527
GAS,2698.241666666666,152.0,79.527
GAS,2709.9861111111104,151.0,79.527
GAS,2716.652777777777,150.0,79.527
GAS,2728.552777777777,153.0,79.527
GAS,2739.0861111111103,158.0,79.527
GAS,2749.7527777777773,160.0,79.527
GAS,2772.152777777777,168.0,79.527
GAS,2791.252777777777,191.0,79.527
GAS,2802.0305555555547,194.0,79.527
GAS,2810.9638888888876,201.0,79.527
GAS,2820.163888888888,207.0,79.527
GAS,2839.3638888888877,216.0,79.527
GAS,2861.9638888888876,226.0,79.527
GAS,2872.052777777776,227.0,79.527
GAS,2892.941666666665,235.0,79.527
GAS,2906.1083333333318,237.0,79.527
GAS,2919.4416666666652,240.0,79.527
GAS,2938.4194444444424,244.0,79.527
GAS,2954.886111111109,247.0,79.527
GAS,2965.9972222222204,250.0,79.527
GAS,2979.941666666665,251.0,79.527
GAS,2996.874999999998,254.0,79.527
GAS,3014.008333333332,257.0,79.527
GAS,3025.163888888887,251.0,79.527
GAS,3041.2305555555536,241.0,79.527
GAS,3066.786111111109,230.0,79.527
GAS,3086.6972222222203,224.0,79.527
GAS,3098.9194444444424,220.0,79.527
GAS,3113.586111111109,220.0,79.527
GAS,3123.3194444444425,219.0,79.527
GAS,3135.4305555555534,218.0,79.527
GAS,3155.5194444444423,226.0,79.527
GAS,3173.3305555555535,229.0,79.527
GAS,3194.308333333331,236.0,79.527
GAS,3212.9749999999976,240.0,79.527
GAS,3237.6749999999975,247.0,79.527
GAS,3251.5638888888866,250.0,79.527
GAS,3265.6749999999975,254.0,79.527
GAS,3285.741666666664,258.0,79.527
GAS,3300.241666666664,261.0,79.527
GAS,3314.852777777775,263.0,79.527
GAS,3332.519444444442,265.0,79.527
GAS,3350.319444444442,267.0,79.527
GAS,3362.2749999999974,269.0,79.527
GAS,3377.2749999999974,270.0,79.527
GAS,3404.574999999997,273.0,79.527
GAS,3422.5083333333305,269.0,79.527
GAS,3445.363888888886,187.0,79.527
GAS,3457.2972222222193,179.0,79.527
GAS,3470.0972222222194,144.0,79.527
GAS,3480.441666666664,133.0,79.527
GAS,3487.386111111108,125.0,79.527
GAS,3494.163888888886,122.0,79.527
GAS,3500.774999999997,119.0,79.527
GAS,3505.9305555555525,116.0,79.527
GAS,3556.2019444444413,137.0,79.527
GAS,3569.6708333333304,152.0,79.527
GAS,3586.4708333333306,168.0,79.527
GAS,3598.337499999997,178.0,79.527
GAS,3615.137499999997,189.0,79.527
GAS,3630.381944444442,196.0,79.527
GAS,3653.604166666664,209.0,79.527
GAS,3663.159722222219,215.0,79.527
GAS,3675.326388888886,219.0,79.527
GAS,3696.3263888888864,189.0,79.527
GAS,3704.2819444444417,179.0,79.527
GAS,3713.393055555553,164.0,79.527
GAS,3723.126388888886,146.0,79.527
GAS,3735.304166666664,137.0,79.527
GAS,3742.5263888888862,130.0,79.527
GAS,3749.1930555555527,120.0,79.527
GAS,3755.581944444442,115.0,79.527
GAS,3763.1152777777756,113.0,79.527
GAS,3767.9152777777754,108.0,79.527
GAS,3772.670833333331,107.0,79.527
GAS,3783.893055555553,101.0,79.527
GAS,3795.5597222222195,105.0,79.527
GAS,3801.5597222222195,108.0,79.527
GAS,3816.104166666664,119.0,79.527
GAS,3824.2044444444414,121.0,79.527
GAS,3835.6711111111085,129.0,79.527
GAS,3846.4436111111086,139.0,79.527
GAS,3863.776944444442,156.0,79.527
GAS,3870.9324999999976,161.0,79.527
GAS,3884.6991666666645,177.0,79.527
GAS,3894.921388888886,184.0,79.527
GAS,3907.45472222222,188.0,79.527
GAS,3925.2324999999973,200.0,79.527
GAS,3934.343611111109,205.0,79.527
GAS,3948.2102777777754,208.0,79.527
GAS,3961.5436111111085,200.0,79.527
GAS,3974.0102777777756,187.0,79.527
GAS,3983.788055555553,176.0,79.527
GAS,3998.543611111109,166.0,79.527
GAS,4007.4880555555537,161.0,79.527
GAS,4017.621388888887,152.0,79.527
GAS,4030.332499999998,143.0,79.527
GAS,4044.1324999999983,138.0,79.527
GAS,4054.399166666665,132.0,79.527
GAS,4061.510277777776,128.0,79.527
GAS,4074.8102777777763,133.0,79.527
GAS,4085.3880555555543,136.0,79.527
GAS,4093.3880555555543,144.0,79.527
GAS,4103.388055555554,150.0,79.527
GAS,4169.521388888888,192.0,79.527
GAS,4180.299166666667,194.0,79.527
GAS,4191.576944444444,203.0,79.527
GAS,4207.988055555556,211.0,79.527
GAS,4225.099166666667,220.0,79.527
GAS,4237.432500000001,222.0,79.527
GAS,4255.554722222223,233.0,79.527
GAS,4268.776944444446,238.0,79.527
GAS,4287.754722222224,244.0,79.527
GAS,4312.954722222224,252.0,79.527
GAS,4324.243611111112,254.0,79.527
GAS,4344.465833333335,260.0,79.527
LAT,1.9499999999999997,260.0,79.57
LAT,19.616666666666667,265.0,79.57
LAT,31.57222222222222,269.0,79.57
LAT,43.61666666666666,271.0,79.57
LAT,61.94999999999999,275.0,79.57
LAT,80.48333333333332,278.0,79.57
LAT,96.09444444444443,281.0,79.57
LAT,131.17222222222222,287.0,79.57
LAT,150.3586111111111,289.0,79.57
LAT,179.7586111111111,294.0,79.57
LAT,192.82527777777779,294.0,79.57
LAT,232.69194444444446,299.0,79.57
LAT,246.06972222222223,301.0,79.57
LAT,262.90305555555557,303.0,79.57
LAT,279.8763888888889,304.0,79.57
LAT,300.20972222222224,305.0,79.57
LAT,317.20972222222224,306.0,79.57
LAT,330.89861111111117,308.0,79.57
LAT,348.0097222222223,308.0,79.57
LAT,368.67638888888894,310.0,79.57
LAT,389.3430555555556,310.0,79.57
LAT,427.476388888889,312.0,79.57
LAT,444.8652777777778,313.0,79.57
LAT,476.26527777777784,314.0,79.57
LAT,493.65416666666675,313.0,79.57
LAT,517.4541666666668,306.0,79.57
LAT,531.5652777777779,254.0,79.57
LAT,555.2319444444445,213.0,79.57
LAT,566.2319444444445,165.0,79.57
LAT,576.0986111111112,148.0,79.57
LAT,585.0986111111112,135.0,79.57
LAT,592.0430555555556,125.0,79.57
LAT,597.2430555555557,117.0,79.57
LAT,610.8097222222224,111.0,79.57
LAT,623.4919444444446,104.0,79.57
LAT,631.3475000000001,101.0,79.57
LAT,637.8808333333334,98.0,79.57
LAT,645.1141666666667,93.0,79.57
LAT,650.3919444444446,95.0,79.57
LAT,654.6141666666667,95.0,79.57
LAT,662.1855555555555,97.0,79.57
LAT,674.0744444444445,107.0,79.57
LAT,679.0522222222222,112.0,79.57
LAT,684.1633333333333,115.0,79.57
LAT,690.941111111111,122.0,79.57
LAT,701.441111111111,135.0,79.57
LAT,714.9522222222222,152.0,79.57
LAT,724.0077777777777,163.0,79.57
LAT,740.1855555555555,182.0,79.57
LAT,757.5188888888889,195.0,79.57
LAT,780.8522222222222,210.0,79.57
LAT,795.2522222222221,216.0,79.57
LAT,812.83,226.0,79.57
LAT,823.1411111111112,232.0,79.57
LAT,833.4522222222223,232.0,79.57
LAT,849.4522222222222,240.0,79.57
LAT,874.3522222222223,249.0,79.57
LAT,897.1077777777779,256.0,79.57
LAT,911.5522222222222,260.0,79.57
LAT,923.1966666666667,262.0,79.57
LAT,940.9888888888888,268.0,79.57
LAT,965.4333333333333,275.0,79.57
LAT,983.8333333333333,276.0,79.57
LAT,999.3888888888889,280.0,79.57
LAT,1018.1888888888888,282.0,79.57
LAT,1034.5902777777776,245.0,79.57
LAT,1048.523611111111,209.0,79.57
LAT,1056.923611111111,189.0,79.57
LAT,1069.9902777777777,168.0,79.57
LAT,1078.9347222222223,161.0,79.57
LAT,1087.2680555555555,150.0,79.57
LAT,1098.3902777777776,143.0,79.57
LAT,1107.3902777777776,135.0,79.57
LAT,1114.6124999999997,130.0,79.57
LAT,1124.4902777777775,127.0,79.57
LAT,1135.5124999999996,124.0,79.57
LAT,1143.6458333333328,122.0,79.57
LAT,1150.479166666666,123.0,79.57
LAT,1161.679166666666,126.0,79.57
LAT,1173.4124999999995,132.0,79.57
LAT,1189.1902777777773,142.0,79.57
LAT,1195.6347222222216,145.0,79.57
LAT,1217.3680555555547,163.0,79.57
LAT,1225.0124999999991,172.0,79.57
LAT,1232.8347222222214,176.0,79.57
LAT,1249.190277777777,184.0,79.57
LAT,1262.4680555555549,200.0,79.57
LAT,1283.2680555555548,208.0,79.57
LAT,1295.101388888888,213.0,79.57
LAT,1304.701388888888,216.0,79.57
LAT,1324.5236111111103,223.0,79.57
LAT,1337.2536111111103,228.0,79.57
LAT,1347.4758333333325,230.0,79.57
LAT,1357.7424999999992,231.0,79.57
LAT,1373.409166666666,235.0,79.57
LAT,1389.4758333333325,241.0,79.57
LAT,1403.031388888888,244.0,79.57
LAT,1484.8536111111102,263.0,79.57
LAT,1514.6313888888878,268.0,79.57
LAT,1526.6313888888878,270.0,79.57
LAT,1544.7647222222213,272.0,79.57
LAT,1563.0980555555545,275.0,79.57
LAT,1584.642499999999,277.0,79.57
LAT,1606.3424999999988,279.0,79.57
LAT,1628.2758333333322,282.0,79.57
LAT,1643.9980555555544,283.0,79.57
LAT,1672.4980555555546,285.0,79.57
LAT,1707.45361111111,286.0,79.57
LAT,1723.3980555555543,287.0,79.57
LAT,1744.7880555555544,276.0,79.57
LAT,1769.1880555555545,244.0,79.57
LAT,1787.3102777777765,233.0,79.57
LAT,1804.654722222221,223.0,79.57
LAT,1814.3594444444432,217.0,79.57
LAT,1828.759444444443,216.0,79.57
LAT,1843.4927777777764,221.0,79.57
LAT,1853.4038888888874,223.0,79.57
LAT,1863.448333333332,226.0,79.57
LAT,1884.0705555555542,232.0,79.57
LAT,1905.1372222222208,237.0,79.57
LAT,1929.3372222222208,242.0,79.57
LAT,1945.5372222222209,243.0,79.57
LAT,1962.6483333333317,220.0,79.57
LAT,1976.381666666665,206.0,79.57
LAT,1988.9816666666652,189.0,79.57
LAT,1997.159444444443,184.0,79.57
LAT,2012.0038888888873,167.0,79.57
LAT,2019.2483333333319,163.0,79.57
LAT,2036.1372222222208,152.0,79.57
LAT,2042.7149999999983,148.0,79.57
LAT,2054.0705555555537,146.0,79.57
LAT,2062.181666666665,146.0,79.57
LAT,2070.403888888887,148.0,79.57
LAT,2078.7372222222207,150.0,79.57
LAT,2090.7149999999983,154.0,79.57
LAT,2099.4927777777757,158.0,79.57
LAT,2114.3794444444425,168.0,79.57
LAT,2121.846111111109,168.0,79.57
LAT,2131.7349999999983,178.0,79.57
LAT,2142.068333333332,186.0,79.57
LAT,2159.5449999999983,196.0,79.57
LAT,2170.7672222222204,202.0,79.57
LAT,2182.156111111109,205.0,79.57
LAT,2211.7561111111095,222.0,79.57
LAT,2227.0894444444425,230.0,79.57
LAT,2245.289444444443,234.0,79.57
LAT,2258.5116666666654,238.0,79.57
LAT,2277.567222222221,245.0,79.57
LAT,2298.467222222221,209.0,79.57
LAT,2307.400555555554,201.0,79.57
LAT,2318.667222222221,169.0,79.57
LAT,2331.2894444444432,142.0,79.57
LAT,2339.889444444443,129.0,79.57
LAT,2351.589444444443,117.0,79.57
LAT,2363.4783333333316,107.0,79.57
LAT,2369.0338888888873,100.0,79.57
LAT,2375.5672222222206,98.0,79.57
LAT,2381.0672222222206,99.0,79.57
LAT,2392.8449999999984,106.0,79.57
LAT,2401.711666666665,114.0,79.57
LAT,2407.089444444443,121.0,79.57
LAT,2412.5116666666654,122.0,79.57
LAT,2417.988333333332,124.0,79.57
LAT,2431.6883333333317,137.0,79.57
LAT,2465.7355555555537,170.0,79.57
LAT,2484.235555555554,185.0,79.57
LAT,2492.7244444444427,191.0,79.57
LAT,2515.3911111111092,204.0,79.57
LAT,2527.1133333333314,211.0,79.57
LAT,2544.179999999998,192.0,79.57
LAT,2558.179999999998,180.0,79.57
LAT,2567.8466666666645,174.0,79.57
LAT,2577.2355555555537,169.0,79.57
LAT,2590.068888888887,165.0,79.57
LAT,2602.7466666666646,163.0,79.57
LAT,2611.8022222222203,163.0,79.57
LAT,2619.046666666665,163.0,79.57
LAT,2637.8244444444426,169.0,79.57
LAT,2651.746666666665,179.0,79.57
LAT,2666.4133333333316,165.0,79.57
LAT,2678.779999999998,159.0,79.57
LAT,2687.3911111111092,155.0,79.57
LAT,2699.5244444444425,156.0,79.57
LAT,2708.1355555555533,155.0,79.57
LAT,2721.735555555553,153.0,79.57
LAT,2730.291111111109,154.0,79.57
LAT,2737.1811111111087,156.0,79.57
LAT,2745.9588888888866,158.0,79.57
LAT,2752.9811111111085,158.0,79.57
LAT,2764.1608333333306,167.0,79.57
LAT,2776.1608333333306,180.0,79.57
LAT,2786.5497222222198,187.0,79.57
LAT,2797.327499999997,194.0,79.57
LAT,2815.4608333333304,204.0,79.57
LAT,2824.6608333333306,207.0,79.57
LAT,2848.9941666666637,219.0,79.57
LAT,2871.6941666666635,227.0,79.57
LAT,2892.76083333333,237.0,79.57
LAT,2908.76083333333,240.0,79.57
LAT,2933.36083333333,246.0,79.57
LAT,2947.194166666663,249.0,79.57
LAT,2966.7163888888854,251.0,79.57
LAT,2998.1274999999964,257.0,79.57
LAT,3015.46083333333,260.0,79.57
LAT,3029.4052777777747,251.0,79.57
LAT,3047.527499999997,233.0,79.57
LAT,3060.249722222219,229.0,79.57
LAT,3075.249722222219,225.0,79.57
LAT,3097.449722222219,222.0,79.57
LAT,3114.716388888886,222.0,79.57
LAT,3124.583055555552,222.0,79.57
LAT,3144.494166666663,224.0,79.57
LAT,3164.786111111108,229.0,79.57
LAT,3183.1291666666634,235.0,79.57
LAT,3193.573611111108,235.0,79.57
LAT,3206.9069444444413,240.0,79.57
LAT,3223.3069444444413,246.0,79.57
LAT,3237.19583333333,250.0,79.57
LAT,3259.773611111108,254.0,79.57
LAT,3274.051388888886,257.0,79.57
LAT,3288.551388888886,261.0,79.57
LAT,3303.1624999999967,263.0,79.57
LAT,3320.8291666666637,265.0,79.57
LAT,3338.8291666666637,270.0,79.57
LAT,3359.9847222222193,272.0,79.57
LAT,3381.4513888888855,276.0,79.57
LAT,3399.918055555552,277.0,79.57
LAT,3419.9069444444413,257.0,79.57
LAT,3445.506944444441,192.0,79.57
LAT,3462.3958333333303,152.0,79.57
LAT,3477.062499999997,132.0,79.57
LAT,3487.99583333333,123.0,79.57
LAT,3495.929166666663,119.0,79.57
LAT,3501.0847222222187,116.0,79.57
LAT,3512.0847222222187,110.0,79.57
LAT,3520.79583333333,112.0,79.57
LAT,3525.8624999999965,114.0,79.57
LAT,3539.716666666663,125.0,79.57
LAT,3548.8211111111077,136.0,79.57
LAT,3556.654444444441,141.0,79.57
LAT,3565.265555555552,155.0,79.57
LAT,3582.2655555555525,170.0,79.57
LAT,3594.3988888888857,182.0,79.57
LAT,3604.8988888888857,189.0,79.57
LAT,3624.5988888888855,197.0,79.57
LAT,3636.0988888888855,207.0,79.57
LAT,3647.5988888888855,207.0,79.57
LAT,3661.9322222222186,215.0,79.57
LAT,3676.398888888885,217.0,79.57
LAT,3686.087777777774,218.0,79.57
LAT,3697.643333333329,208.0,79.57
LAT,3716.176666666662,139.0,79.57
LAT,3725.0433333333285,133.0,79.57
LAT,3737.4433333333286,124.0,79.57
LAT,3744.05444444444,119.0,79.57
LAT,3750.55444444444,117.0,79.57
LAT,3756.776666666662,112.0,79.57
LAT,3762.9988888888843,112.0,79.57
LAT,3773.4988888888843,105.0,79.57
LAT,3781.587777777773,104.0,79.57
LAT,3788.5211111111066,104.0,79.57
LAT,3796.9988888888843,109.0,79.57
LAT,3804.598888888884,114.0,79.57
LAT,3813.8213888888845,119.0,79.57
LAT,3820.7447222222177,124.0,79.57
LAT,3829.011388888884,124.0,79.57
LAT,3841.8113888888843,144.0,79.57
LAT,3857.6113888888844,158.0,79.57
LAT,3879.000277777773,175.0,79.57
LAT,3891.4669444444394,187.0,79.57
LAT,3911.2669444444396,198.0,79.57
LAT,3922.7669444444396,207.0,79.57
LAT,3939.411388888884,214.0,79.57
LAT,3953.611388888884,213.0,79.57
LAT,3971.0336111111064,196.0,79.57
LAT,3981.9224999999956,196.0,79.57
LAT,4001.355833333329,159.0,79.57
LAT,4017.244722222218,143.0,79.57
LAT,4023.4669444444403,140.0,79.57
LAT,4029.5113888888845,136.0,79.57
LAT,4040.978055555551,129.0,79.57
LAT,4049.5113888888845,128.0,79.57
LAT,4062.6113888888844,131.0,79.57
LAT,4073.1113888888844,135.0,79.57
LAT,4080.7224999999958,137.0,79.57
LAT,4097.611388888884,152.0,79.57
LAT,4104.678055555551,159.0,79.57
LAT,4123.122499999995,166.0,79.57
LAT,4139.389166666662,183.0,79.57
LAT,4151.989166666662,189.0,79.57
LAT,4167.389166666661,198.0,79.57
LAT,4185.522499999995,204.0,79.57
LAT,4202.322499999995,216.0,79.57
LAT,4217.122499999995,222.0,79.57
LAT,4229.566944444438,224.0,79.57
LAT,4258.77805555555,239.0,79.57
LAT,4269.5336111111055,242.0,79.57
LAT,4286.066944444438,248.0,79.57
LAT,4311.566944444438,255.0,79.57
