Driver,Distance,Speed,LapTimeSec
LEC,33.83,306.0,77.868
LEC,47.51888888888889,308.0,77.868
LEC,64.68555555555555,309.0,77.868
LEC,88.71055555555554,310.0,77.868
LEC,112.97722222222221,312.0,77.868
LEC,140.79944444444445,313.0,77.868
LEC,154.755,314.0,77.868
LEC,179.1772222222222,314.0,77.868
LEC,196.62166666666667,314.0,77.868
LEC,210.5772222222222,314.0,77.868
LEC,234.99944444444444,314.0,77.868
LEC,248.82166666666663,311.0,77.868
LEC,265.82166666666666,306.0,77.868
LEC,297.155,235.0,77.868
LEC,317.155,200.0,77.868
LEC,327.7661111111111,191.0,77.868
LEC,338.0438888888889,185.0,77.868
LEC,350.31055555555554,184.0,77.868
LEC,362.5772222222222,184.0,77.868
LEC,381.5772222222222,190.0,77.868
LEC,394.63138888888886,195.0,77.868
LEC,403.6536111111111,203.0,77.868
LEC,417.6536111111111,210.0,77.868
LEC,441.87583333333333,218.0,77.868
LEC,459.2980555555555,224.0,77.868
LEC,485.0758333333333,232.0,77.868
LEC,498.13138888888886,235.0,77.868
LEC,516.7980555555555,240.0,77.868
LEC,535.7855555555554,245.0,77.868
LEC,558.0077777777777,250.0,77.868
LEC,569.2522222222223,253.0,77.868
LEC,586.4522222222222,258.0,77.868
LEC,598.0522222222222,261.0,77.868
LEC,618.5855555555556,264.0,77.868
LEC,648.6966666666666,271.0,77.868
LEC,679.3633333333333,276.0,77.868
LEC,694.918888888889,280.0,77.868
LEC,707.4522222222223,282.0,77.868
LEC,723.1744444444445,283.0,77.868
LEC,752.0744444444445,289.0,77.868
LEC,778.1188888888889,293.0,77.868
LEC,801.0633333333335,295.0,77.868
LEC,830.7633333333334,297.0,77.868
LEC,860.8466666666667,300.0,77.868
LEC,874.2244444444444,301.0,77.868
LEC,897.8688888888889,304.0,77.868
LEC,918.2022222222223,305.0,77.868
LEC,935.0911111111111,304.0,77.868
LEC,962.0244444444445,303.0,77.868
LEC,982.9466666666667,269.0,77.868
LEC,998.5466666666667,234.0,77.868
LEC,1007.7466666666668,207.0,77.868
LEC,1020.5466666666667,192.0,77.868
LEC,1031.2133333333334,160.0,77.868
LEC,1037.6616666666666,146.0,77.868
LEC,1045.1061111111112,134.0,77.868
LEC,1055.9505555555556,122.0,77.868
LEC,1062.4505555555556,117.0,77.868
LEC,1068.7283333333335,113.0,77.868
LEC,1079.6283333333336,109.0,77.868
LEC,1088.0283333333336,108.0,77.868
LEC,1095.361666666667,110.0,77.868
LEC,1103.0283333333334,115.0,77.868
LEC,1112.595,123.0,77.868
LEC,1126.095,135.0,77.868
LEC,1142.983888888889,152.0,77.868
LEC,1151.983888888889,162.0,77.868
LEC,1161.483888888889,171.0,77.868
LEC,1174.8616666666667,172.0,77.868
LEC,1185.9283333333333,166.0,77.868
LEC,1200.0166666666667,158.0,77.868
LEC,1212.461111111111,160.0,77.868
LEC,1223.1944444444443,161.0,77.868
LEC,1230.6166666666666,167.0,77.868
LEC,1240.172222222222,172.0,77.868
LEC,1252.1055555555552,179.0,77.868
LEC,1262.4388888888886,186.0,77.868
LEC,1270.972222222222,192.0,77.868
LEC,1286.683333333333,202.0,77.868
LEC,1300.5499999999997,208.0,77.868
LEC,1322.0899999999997,216.0,77.868
LEC,1336.8899999999999,222.0,77.868
LEC,1362.7788888888886,233.0,77.868
LEC,1375.945555555555,237.0,77.868
LEC,1405.7677777777774,244.0,77.868
LEC,1430.5677777777773,248.0,77.868
LEC,1450.012222222222,250.0,77.868
LEC,1475.4122222222218,254.0,77.868
LEC,1501.1122222222218,257.0,77.868
LEC,1524.1344444444442,259.0,77.868
LEC,1553.4677777777774,264.0,77.868
LEC,1574.3899999999996,269.0,77.868
LEC,1598.7324999999998,273.0,77.868
LEC,1626.3324999999998,276.0,77.868
LEC,1644.865833333333,278.0,77.868
LEC,1657.3102777777774,280.0,77.868
LEC,1682.465833333333,283.0,77.868
LEC,1714.243611111111,286.0,77.868
LEC,1730.1880555555554,287.0,77.868
LEC,1742.9436111111108,287.0,77.868
LEC,1758.8880555555552,287.0,77.868
LEC,1780.4324999999997,277.0,77.868
LEC,1794.5991666666662,255.0,77.868
LEC,1813.0441666666661,238.0,77.868
LEC,1825.7108333333326,228.0,77.868
LEC,1842.9774999999993,222.0,77.868
LEC,1855.1441666666658,219.0,77.868
LEC,1867.366388888888,220.0,77.868
LEC,1894.9886111111102,226.0,77.868
LEC,1907.8219444444435,231.0,77.868
LEC,1918.2219444444436,234.0,77.868
LEC,1931.4441666666658,238.0,77.868
LEC,1944.7219444444436,239.0,77.868
LEC,1966.4997222222214,245.0,77.868
LEC,1994.2774999999992,250.0,77.868
LEC,2008.3886111111103,254.0,77.868
LEC,2019.8108333333325,257.0,77.868
LEC,2040.18861111111,262.0,77.868
LEC,2069.9294444444436,267.0,77.868
LEC,2084.9294444444436,270.0,77.868
LEC,2099.9849999999988,271.0,77.868
LEC,2115.1516666666657,273.0,77.868
LEC,2145.8183333333322,276.0,77.868
LEC,2167.362777777777,277.0,77.868
LEC,2198.584999999999,281.0,77.868
LEC,2226.8849999999993,283.0,77.868
LEC,2249.0516666666663,285.0,77.868
LEC,2274.5627777777772,287.0,77.868
LEC,2293.6827777777776,288.0,77.868
LEC,2316.238333333333,290.0,77.868
LEC,2329.1716666666666,291.0,77.868
LEC,2365.1049999999996,294.0,77.868
LEC,2381.438333333333,294.0,77.868
LEC,2401.1716666666666,296.0,77.868
LEC,2434.2827777777775,298.0,77.868
LEC,2457.538333333333,299.0,77.868
LEC,2474.2049999999995,300.0,77.868
LEC,2500.960555555555,301.0,77.868
LEC,2517.6827777777776,301.0,77.868
LEC,2534.460555555555,302.0,77.868
LEC,2564.560555555555,301.0,77.868
LEC,2584.8272222222217,304.0,77.868
LEC,2608.6341666666663,305.0,77.868
LEC,2629.0341666666664,306.0,77.868
LEC,2652.7563888888885,305.0,77.868
LEC,2666.4008333333327,307.0,77.868
LEC,2697.1008333333325,307.0,77.868
LEC,2710.745277777777,307.0,77.868
LEC,2734.5452777777773,306.0,77.868
LEC,2754.945277777777,306.0,77.868
LEC,2771.9452777777774,306.0,77.868
LEC,2792.3452777777775,306.0,77.868
LEC,2809.4008333333327,307.0,77.868
LEC,2839.915833333333,306.0,77.868
LEC,2856.9158333333335,306.0,77.868
LEC,2873.915833333333,306.0,77.868
LEC,2907.9158333333335,306.0,77.868
LEC,2921.5158333333334,306.0,77.868
LEC,2941.849166666667,305.0,77.868
LEC,2968.871388888889,304.0,77.868
LEC,2995.9825000000005,305.0,77.868
LEC,3009.5380555555557,305.0,77.868
LEC,3023.0936111111114,305.0,77.868
LEC,3036.6491666666666,305.0,77.868
LEC,3056.9825,305.0,77.868
LEC,3080.6269444444447,304.0,77.868
LEC,3094.1825,305.0,77.868
LEC,3121.2047222222222,304.0,77.868
LEC,3138.0936111111114,304.0,77.868
LEC,3151.6444444444446,303.0,77.868
LEC,3181.7444444444445,301.0,77.868
LEC,3195.0777777777776,300.0,77.868
LEC,3219.788888888889,278.0,77.868
LEC,3237.4555555555557,265.0,77.868
LEC,3262.6555555555556,252.0,77.868
LEC,3284.6111111111113,247.0,77.868
LEC,3309.211111111111,246.0,77.868
LEC,3328.6555555555556,250.0,77.868
LEC,3353.3555555555554,247.0,77.868
LEC,3364.244444444444,245.0,77.868
LEC,3383.2319444444443,245.0,77.868
LEC,3438.5652777777773,249.0,77.868
LEC,3463.9652777777774,254.0,77.868
LEC,3481.098611111111,257.0,77.868
LEC,3504.3875,262.0,77.868
LEC,3522.054166666667,265.0,77.868
LEC,3555.5430555555554,274.0,77.868
LEC,3583.343055555555,278.0,77.868
LEC,3598.8986111111108,280.0,77.868
LEC,3614.676388888888,284.0,77.868
LEC,3630.6447222222214,286.0,77.868
LEC,3643.4002777777773,287.0,77.868
LEC,3669.266944444444,291.0,77.868
LEC,3692.1336111111104,294.0,77.868
LEC,3715.155833333333,296.0,77.868
LEC,3738.3336111111107,298.0,77.868
LEC,3751.666944444444,300.0,77.868
LEC,3778.5113888888886,302.0,77.868
LEC,3802.078055555555,303.0,77.868
LEC,3815.678055555555,306.0,77.868
LEC,3846.378055555555,307.0,77.868
LEC,3866.9780555555553,309.0,77.868
LEC,3884.2558333333327,311.0,77.868
LEC,3901.5024999999996,312.0,77.868
LEC,3929.3247222222217,313.0,77.868
LEC,3943.280277777777,314.0,77.868
LEC,3957.191388888888,313.0,77.868
LEC,3987.0913888888886,299.0,77.868
LEC,4007.469166666666,262.0,77.868
LEC,4020.358055555555,232.0,77.868
LEC,4036.535833333333,182.0,77.868
LEC,4047.335833333333,162.0,77.868
LEC,4057.2024999999994,148.0,77.868
LEC,4069.8024999999993,126.0,77.868
LEC,4081.2024999999994,114.0,77.868
LEC,4089.91361111111,112.0,77.868
LEC,4095.0119444444435,114.0,77.868
LEC,4100.123055555555,115.0,77.868
LEC,4108.123055555555,120.0,77.868
LEC,4115.1786111111105,127.0,77.868
LEC,4125.989722222222,139.0,77.868
LEC,4143.545277777777,158.0,77.868
LEC,4150.789722222222,163.0,77.868
LEC,4162.5230555555545,176.0,77.868
LEC,4176.756388888888,183.0,77.868
LEC,4189.6897222222215,194.0,77.868
LEC,4207.911944444444,205.0,77.868
LEC,4219.57861111111,210.0,77.868
LEC,4231.5230555555545,215.0,77.868
LEC,4256.682222222221,227.0,77.868
LEC,4274.804444444443,233.0,77.868
LEC,4287.859999999999,235.0,77.868
LEC,4313.748888888887,233.0,77.868
LEC,4339.082222222221,228.0,77.868
LEC,4354.082222222221,225.0,77.868
LEC,4378.86,223.0,77.868
LEC,4388.86,225.0,77.868
LEC,4403.926666666666,226.0,77.868
LEC,4414.193333333333,231.0,77.868
LEC,4429.793333333333,234.0,77.868
LEC,4440.415555555555,239.0,77.868
LEC,4461.993888888888,242.0,77.868
LEC,4489.660555555555,249.0,77.868
LEC,4500.727222222222,249.0,77.868
LEC,4516.793888888889,241.0,77.868
LEC,4532.271666666667,199.0,77.868
LEC,4540.227222222223,179.0,77.868
LEC,4547.649444444445,167.0,77.868
LEC,4558.616111111112,141.0,77.868
LEC,4565.727222222224,128.0,77.868
LEC,4574.59388888889,114.0,77.868
LEC,4583.7494444444455,103.0,77.868
LEC,4592.282777777779,96.0,77.868
LEC,4603.282777777779,99.0,77.868
LEC,4615.141944444446,107.0,77.868
LEC,4626.541944444446,114.0,77.868
LEC,4633.375277777779,123.0,77.868
LEC,4639.019722222223,127.0,77.868
LEC,4653.319722222223,143.0,77.868
LEC,4660.119722222224,153.0,77.868
LEC,4671.053055555557,164.0,77.868
LEC,4689.830833333334,169.0,77.868
LEC,4701.164166666668,170.0,77.868
LEC,4710.608611111113,170.0,77.868
LEC,4721.941944444446,170.0,77.868
LEC,4733.408611111112,172.0,77.868
LEC,4743.235277777779,176.0,77.868
LEC,4766.579722222223,191.0,77.868
LEC,4775.246388888889,195.0,77.868
LEC,4784.135277777777,200.0,77.868
LEC,4802.6241666666665,208.0,77.868
LEC,4826.846388888889,218.0,77.868
LEC,4844.579722222222,228.0,77.868
LEC,4865.5575,236.0,77.868
LEC,4907.390833333333,251.0,77.868
LEC,4924.324166666667,254.0,77.868
LEC,4944.624166666667,261.0,77.868
LEC,4977.427222222223,269.0,77.868
LEC,4998.582777777779,272.0,77.868
LEC,5020.127222222223,277.0,77.868
LEC,5038.860555555556,281.0,77.868
LEC,5064.19388888889,285.0,77.868
LEC,5086.516111111112,287.0,77.868
LEC,5105.916111111112,291.0,77.868
LEC,5141.971666666667,295.0,77.868
LEC,5175.19388888889,299.0,77.868
LEC,5212.43388888889,304.0,77.868
LEC,5225.989444444445,305.0,77.868
VER,21.816666666666666,308.0,78.154
VER,35.55,309.0,78.154
VER,49.28333333333333,309.0,78.154
VER,76.92777777777778,311.0,78.154
VER,111.70555555555555,313.0,78.154
VER,129.15,314.0,78.154
VER,150.1288888888889,316.0,78.154
VER,164.17333333333335,316.0,78.154
VER,178.26222222222222,317.0,78.154
VER,195.9288888888889,318.0,78.154
VER,210.06222222222226,318.0,78.154
VER,241.96222222222224,319.0,78.154
VER,262.5622222222222,309.0,78.154
VER,286.47333333333336,269.0,78.154
VER,311.14000000000004,222.0,78.154
VER,326.77333333333337,201.0,78.154
VER,341.70666666666665,192.0,78.154
VER,361.8177777777778,181.0,78.154
VER,369.68444444444447,177.0,78.154
VER,377.72888888888895,181.0,78.154
VER,385.9511111111112,185.0,78.154
VER,396.56222222222226,191.0,78.154
VER,414.34000000000003,200.0,78.154
VER,425.72888888888895,205.0,78.154
VER,452.37333333333333,218.0,78.154
VER,467.235,222.0,78.154
VER,484.96833333333336,228.0,78.154
VER,497.8572222222222,232.0,78.154
VER,518.835,236.0,78.154
VER,537.5794444444444,241.0,78.154
VER,559.4461111111111,246.0,78.154
VER,576.1761111111111,252.0,78.154
VER,601.8761111111111,257.0,78.154
VER,616.4316666666666,262.0,78.154
VER,637.1205555555556,266.0,78.154
VER,661.2094444444446,271.0,78.154
VER,673.3872222222224,274.0,78.154
VER,701.1872222222223,278.0,78.154
VER,726.4316666666667,284.0,78.154
VER,745.4316666666667,285.0,78.154
VER,761.4316666666666,288.0,78.154
VER,774.365,291.0,78.154
VER,803.665,293.0,78.154
VER,820.053888888889,295.0,78.154
VER,836.4983333333333,296.0,78.154
VER,869.8316666666667,300.0,78.154
VER,893.3983333333333,303.0,78.154
VER,923.9983333333334,306.0,78.154
VER,957.9719444444445,305.0,78.154
VER,985.3052777777777,246.0,78.154
VER,999.6386111111111,215.0,78.154
VER,1018.7497222222222,172.0,78.154
VER,1046.0830555555556,123.0,78.154
VER,1051.2505555555556,117.0,78.154
VER,1063.3616666666667,109.0,78.154
VER,1069.195,105.0,78.154
VER,1074.917222222222,103.0,78.154
VER,1089.1838888888888,107.0,78.154
VER,1102.0727777777777,116.0,78.154
VER,1118.9394444444445,138.0,78.154
VER,1136.3838888888888,157.0,78.154
VER,1143.5838888888889,162.0,78.154
VER,1151.1838888888888,171.0,78.154
VER,1168.3838888888888,172.0,78.154
VER,1179.9172222222223,173.0,78.154
VER,1189.4172222222223,171.0,78.154
VER,1204.083888888889,165.0,78.154
VER,1222.1950000000002,163.0,78.154
VER,1231.519166666667,167.0,78.154
VER,1245.2080555555558,176.0,78.154
VER,1263.8080555555557,186.0,78.154
VER,1276.7413888888889,194.0,78.154
VER,1292.6080555555557,204.0,78.154
VER,1304.2747222222222,210.0,78.154
VER,1331.2858333333334,221.0,78.154
VER,1341.3302777777778,226.0,78.154
VER,1353.988888888889,229.0,78.154
VER,1380.2111111111112,236.0,78.154
VER,1401.5444444444445,240.0,78.154
VER,1420.5222222222224,244.0,78.154
VER,1436.8555555555556,245.0,78.154
VER,1458.9,248.0,78.154
VER,1481.3000000000002,252.0,78.154
VER,1495.4111111111113,254.0,78.154
VER,1506.7000000000003,254.0,78.154
VER,1538.477777777778,260.0,78.154
VER,1553.0888888888892,263.0,78.154
VER,1570.8222222222223,266.0,78.154
VER,1588.6222222222225,267.0,78.154
VER,1603.677777777778,271.0,78.154
VER,1618.8444444444444,273.0,78.154
VER,1637.2444444444445,276.0,78.154
VER,1649.511111111111,276.0,78.154
VER,1668.2555555555557,280.0,78.154
VER,1683.8666666666668,281.0,78.154
VER,1699.5333333333333,282.0,78.154
VER,1715.2555555555555,283.0,78.154
VER,1737.4222222222222,285.0,78.154
VER,1759.6666666666667,286.0,78.154
VER,1784.3777777777775,278.0,78.154
VER,1808.5777777777778,242.0,78.154
VER,1828.6924999999999,227.0,78.154
VER,1850.7924999999998,221.0,78.154
VER,1870.5258333333331,222.0,78.154
VER,1888.1813888888887,227.0,78.154
VER,1903.5813888888886,231.0,78.154
VER,1930.248055555555,240.0,78.154
VER,1957.5813888888886,246.0,78.154
VER,1971.3591666666664,248.0,78.154
VER,1996.8591666666664,255.0,78.154
VER,2014.1258333333333,259.0,78.154
VER,2025.7258333333332,261.0,78.154
VER,2055.1702777777773,265.0,78.154
VER,2067.0813888888883,268.0,78.154
VER,2081.9702777777775,268.0,78.154
VER,2106.1480555555554,272.0,78.154
VER,2121.370277777777,274.0,78.154
VER,2152.113611111111,276.0,78.154
VER,2173.6580555555556,277.0,78.154
VER,2204.7691666666665,280.0,78.154
VER,2220.3802777777773,281.0,78.154
VER,2236.0469444444443,282.0,78.154
VER,2267.6025,284.0,78.154
VER,2280.269166666667,285.0,78.154
VER,2296.1580555555556,286.0,78.154
VER,2318.478055555556,288.0,78.154
VER,2341.0336111111114,290.0,78.154
VER,2366.9002777777782,291.0,78.154
VER,2379.878055555556,292.0,78.154
VER,2402.6669444444447,293.0,78.154
VER,2418.944722222222,293.0,78.154
VER,2432.011388888889,294.0,78.154
VER,2455.0336111111114,296.0,78.154
VER,2468.1891666666666,296.0,78.154
VER,2484.689166666667,297.0,78.154
VER,2524.5558333333333,299.0,78.154
VER,2554.6558333333332,301.0,78.154
VER,2571.378055555556,301.0,78.154
VER,2588.1558333333337,302.0,78.154
VER,2608.2891666666665,302.0,78.154
VER,2628.4891666666667,303.0,78.154
VER,2658.889166666667,304.0,78.154
VER,2679.240277777778,304.0,78.154
VER,2692.7513888888893,304.0,78.154
VER,2713.0847222222224,305.0,78.154
VER,2746.9736111111115,305.0,78.154
VER,2770.695833333333,305.0,78.154
VER,2804.6958333333337,306.0,78.154
VER,2821.695833333333,306.0,78.154
VER,2845.4958333333334,306.0,78.154
VER,2869.288333333334,307.0,78.154
VER,2896.577222222222,307.0,78.154
VER,2910.1772222222226,306.0,78.154
VER,2930.6438888888893,307.0,78.154
VER,2944.2883333333334,307.0,78.154
VER,2968.0883333333336,306.0,78.154
VER,3002.0883333333336,306.0,78.154
VER,3036.0883333333336,306.0,78.154
VER,3053.088333333334,306.0,78.154
VER,3066.688333333334,306.0,78.154
VER,3083.6883333333344,306.0,78.154
VER,3114.2883333333343,306.0,78.154
VER,3141.488333333334,306.0,78.154
VER,3165.2883333333343,306.0,78.154
VER,3195.7883333333343,305.0,78.154
VER,3223.7658333333343,279.0,78.154
VER,3235.632500000001,267.0,78.154
VER,3255.7769444444457,259.0,78.154
VER,3272.443611111112,250.0,78.154
VER,3286.2769444444457,249.0,78.154
VER,3308.499166666668,250.0,78.154
VER,3328.410277777779,256.0,78.154
VER,3345.3436111111123,254.0,78.154
VER,3356.4991666666674,251.0,78.154
VER,3373.1658333333344,250.0,78.154
VER,3389.9658333333346,252.0,78.154
VER,3401.0958333333347,252.0,78.154
VER,3415.2069444444455,254.0,78.154
VER,3437.873611111112,255.0,78.154
VER,3452.2069444444455,258.0,78.154
VER,3466.484722222223,257.0,78.154
VER,3492.684722222223,262.0,78.154
VER,3513.3736111111116,266.0,78.154
VER,3531.2402777777784,268.0,78.154
VER,3549.5069444444453,274.0,78.154
VER,3571.1291666666675,278.0,78.154
VER,3599.5291666666676,284.0,78.154
VER,3631.6402777777785,289.0,78.154
VER,3647.8069444444454,291.0,78.154
VER,3664.084722222223,293.0,78.154
VER,3687.029166666667,295.0,78.154
VER,3706.8291666666673,297.0,78.154
VER,3733.4900000000007,299.0,78.154
VER,3756.9011111111117,301.0,78.154
VER,3777.1677777777786,304.0,78.154
VER,3790.723333333334,305.0,78.154
VER,3807.7788888888895,307.0,78.154
VER,3828.4455555555555,310.0,78.154
VER,3845.7233333333334,311.0,78.154
VER,3859.5899999999997,312.0,78.154
VER,3884.012222222222,314.0,78.154
VER,3905.012222222222,315.0,78.154
VER,3936.624166666667,317.0,78.154
VER,3957.8241666666663,318.0,78.154
VER,3987.9352777777776,271.0,78.154
VER,4001.435277777777,243.0,78.154
VER,4024.1686111111107,186.0,78.154
VER,4040.1686111111107,160.0,78.154
VER,4051.2908333333326,143.0,78.154
VER,4064.0908333333327,128.0,78.154
VER,4076.0908333333327,120.0,78.154
VER,4086.401944444444,116.0,78.154
VER,4099.9574999999995,122.0,78.154
VER,4109.913055555555,128.0,78.154
VER,4122.931388888888,146.0,78.154
VER,4139.031388888889,161.0,78.154
VER,4150.498055555556,172.0,78.154
VER,4158.275833333333,175.0,78.154
VER,4174.898055555555,187.0,78.154
VER,4197.231388888888,201.0,78.154
VER,4208.675833333333,206.0,78.154
VER,4218.098055555555,212.0,78.154
VER,4230.2091666666665,218.0,78.154
VER,4247.7091666666665,225.0,78.154
VER,4260.486944444444,230.0,78.154
VER,4278.776944444444,236.0,78.154
VER,4291.888055555555,236.0,78.154
VER,4310.010277777777,233.0,78.154
VER,4322.7325,229.0,78.154
VER,4335.121388888889,223.0,78.154
VER,4362.010277777777,220.0,78.154
VER,4374.288055555556,221.0,78.154
VER,4384.199166666666,223.0,78.154
VER,4396.643611111111,224.0,78.154
VER,4409.365833333332,229.0,78.154
VER,4430.254722222221,235.0,78.154
VER,4457.143611111111,242.0,78.154
VER,4470.810277777777,246.0,78.154
VER,4481.8324999999995,248.0,78.154
VER,4499.410277777777,226.0,78.154
VER,4519.905833333332,184.0,78.154
VER,4529.239166666665,168.0,78.154
VER,4537.68361111111,152.0,78.154
VER,4545.405833333331,139.0,78.154
VER,4558.739166666665,120.0,78.154
VER,4567.294722222221,110.0,78.154
VER,4578.516944444443,101.0,78.154
VER,4588.016944444443,95.0,78.154
VER,4595.328055555554,94.0,78.154
VER,4604.128055555554,99.0,78.154
VER,4611.165277777776,106.0,78.154
VER,4620.109722222221,115.0,78.154
VER,4625.354166666665,118.0,78.154
VER,4642.709722222221,142.0,78.154
VER,4651.265277777777,154.0,78.154
VER,4662.131944444443,163.0,78.154
VER,4680.79861111111,168.0,78.154
VER,4693.943055555555,169.0,78.154
VER,4703.276388888888,168.0,78.154
VER,4718.387499999999,170.0,78.154
VER,4728.054166666666,174.0,78.154
VER,4737.998611111109,179.0,78.154
VER,4757.09861111111,191.0,78.154
VER,4770.165277777777,196.0,78.154
VER,4786.010555555555,203.0,78.154
VER,4799.677222222222,205.0,78.154
VER,4816.477222222222,216.0,78.154
VER,4826.166111111111,218.0,78.154
VER,4848.966111111111,228.0,78.154
VER,4859.3661111111105,234.0,78.154
VER,4877.955,239.0,78.154
VER,4894.221666666667,244.0,78.154
VER,4908.054999999999,249.0,78.154
VER,4924.921666666667,253.0,78.154
VER,4939.199444444444,257.0,78.154
VER,4965.526111111112,264.0,78.154
VER,4980.415000000001,268.0,78.154
VER,4995.470555555556,271.0,78.154
VER,5026.248333333334,277.0,78.154
VER,5038.737222222223,281.0,78.154
VER,5057.603888888891,283.0,78.154
VER,5083.026111111112,286.0,78.154
VER,5108.89277777778,291.0,78.154
VER,5121.915000000002,293.0,78.154
VER,5135.026111111112,295.0,78.154
VER,5148.137222222223,295.0,78.154
VER,5167.937222222224,297.0,78.154
VER,5191.115000000002,298.0,78.154
VER,5204.448333333335,300.0,78.154
PER,8.527777777777777,307.0,78.24
PER,22.17222222222222,307.0,78.24
PER,53.27222222222222,311.0,78.24
PER,88.05,313.0,78.24
PER,123.04999999999998,315.0,78.24
PER,151.22777777777776,317.0,78.24
PER,179.49444444444444,318.0,78.24
PER,197.21666666666664,319.0,78.24
PER,239.88333333333333,320.0,78.24
PER,257.6611111111111,320.0,78.24
PER,271.0388888888889,301.0,78.24
PER,297.86055555555555,242.0,78.24
PER,312.7272222222222,223.0,78.24
PER,330.7388888888889,202.0,78.24
PER,345.51666666666665,190.0,78.24
PER,365.6277777777778,181.0,78.24
PER,377.2944444444445,175.0,78.24
PER,387.1277777777778,177.0,78.24
PER,403.57222222222225,185.0,78.24
PER,413.85,185.0,78.24
PER,431.71666666666664,201.0,78.24
PER,450.47222222222223,211.0,78.24
PER,462.47222222222223,216.0,78.24
PER,479.66111111111115,221.0,78.24
PER,489.66111111111115,225.0,78.24
PER,515.55,233.0,78.24
PER,531.4166666666666,238.0,78.24
PER,564.3499999999999,247.0,78.24
PER,578.35,252.0,78.24
PER,598.0277777777777,253.0,78.24
PER,612.4722222222221,260.0,78.24
PER,639.0722222222222,266.0,78.24
PER,666.3722222222221,273.0,78.24
PER,681.7055555555554,276.0,78.24
PER,718.961111111111,280.0,78.24
PER,731.6277777777776,285.0,78.24
PER,744.3388888888887,286.0,78.24
PER,763.6858333333331,289.0,78.24
PER,783.0191666666665,290.0,78.24
PER,802.6191666666665,294.0,78.24
PER,832.2191666666664,296.0,78.24
PER,845.4636111111108,298.0,78.24
PER,858.7969444444442,300.0,78.24
PER,885.7302777777776,303.0,78.24
PER,902.6191666666664,304.0,78.24
PER,923.0191666666664,306.0,78.24
PER,953.9191666666663,309.0,78.24
PER,973.785833333333,298.0,78.24
PER,988.6191666666664,267.0,78.24
PER,1001.8413888888886,238.0,78.24
PER,1011.2636111111108,212.0,78.24
PER,1025.2636111111108,180.0,78.24
PER,1034.2636111111108,162.0,78.24
PER,1050.885833333333,136.0,78.24
PER,1064.1080555555552,119.0,78.24
PER,1071.7080555555551,114.0,78.24
PER,1082.4080555555552,107.0,78.24
PER,1090.4969444444441,104.0,78.24
PER,1098.8969444444442,108.0,78.24
PER,1105.174722222222,113.0,78.24
PER,1111.6974999999998,118.0,78.24
PER,1121.3419444444442,124.0,78.24
PER,1130.4463888888886,136.0,78.24
PER,1136.7574999999997,142.0,78.24
PER,1147.2908333333332,158.0,78.24
PER,1156.5130555555554,166.0,78.24
PER,1170.1241666666665,175.0,78.24
PER,1177.9019444444443,175.0,78.24
PER,1187.4574999999998,172.0,78.24
PER,1200.3686111111108,166.0,78.24
PER,1212.8908333333331,161.0,78.24
PER,1223.4908333333333,159.0,78.24
PER,1232.5463888888887,163.0,78.24
PER,1245.9241666666665,172.0,78.24
PER,1255.9241666666667,180.0,78.24
PER,1270.6241666666665,189.0,78.24
PER,1290.4241666666665,198.0,78.24
PER,1299.4463888888886,203.0,78.24
PER,1308.7797222222218,210.0,78.24
PER,1320.7241666666664,215.0,78.24
PER,1333.0574999999997,222.0,78.24
PER,1343.0130555555552,224.0,78.24
PER,1366.2130555555552,232.0,78.24
PER,1381.9463888888884,236.0,78.24
PER,1392.5686111111106,239.0,78.24
PER,1425.3686111111106,246.0,78.24
PER,1475.4988888888884,251.0,78.24
PER,1500.8691666666662,253.0,78.24
PER,1521.0136111111103,259.0,78.24
PER,1553.158055555555,263.0,78.24
PER,1564.8913888888883,264.0,78.24
PER,1579.7802777777772,268.0,78.24
PER,1603.8691666666662,271.0,78.24
PER,1619.0358333333327,273.0,78.24
PER,1640.5024999999994,276.0,78.24
PER,1655.9469444444437,278.0,78.24
PER,1677.8024999999993,281.0,78.24
PER,1693.4691666666658,282.0,78.24
PER,1715.5580555555548,284.0,78.24
PER,1744.0580555555548,285.0,78.24
PER,1760.0024999999991,287.0,78.24
PER,1793.2469444444437,272.0,78.24
PER,1811.991388888888,241.0,78.24
PER,1827.391388888888,231.0,78.24
PER,1842.3247222222212,224.0,78.24
PER,1856.8580555555548,218.0,78.24
PER,1873.8913888888878,219.0,78.24
PER,1888.691388888888,222.0,78.24
PER,1903.8247222222212,227.0,78.24
PER,1919.3580555555548,233.0,78.24
PER,1929.6247222222214,231.0,78.24
PER,1951.0686111111102,242.0,78.24
PER,1961.9808333333324,244.0,78.24
PER,1978.5141666666657,248.0,78.24
PER,1989.6252777777768,250.0,78.24
PER,2006.6919444444434,256.0,78.24
PER,2021.0808333333325,259.0,78.24
PER,2035.636388888888,262.0,78.24
PER,2056.169722222221,264.0,78.24
PER,2076.936388888888,267.0,78.24
PER,2094.936388888888,270.0,78.24
PER,2128.3030555555542,273.0,78.24
PER,2140.480833333332,274.0,78.24
PER,2165.0141666666655,276.0,78.24
PER,2196.0141666666655,279.0,78.24
PER,2211.5697222222207,280.0,78.24
PER,2227.180833333332,281.0,78.24
PER,2255.480833333332,283.0,78.24
PER,2274.480833333332,285.0,78.24
PER,2303.180833333332,287.0,78.24
PER,2315.9808333333317,288.0,78.24
PER,2332.091944444443,290.0,78.24
PER,2357.869722222221,290.0,78.24
PER,2374.0919444444426,292.0,78.24
PER,2390.314166666665,292.0,78.24
PER,2403.3808333333322,294.0,78.24
PER,2419.769722222221,295.0,78.24
PER,2439.5030555555545,296.0,78.24
PER,2459.2205555555543,297.0,78.24
PER,2485.7922222222214,298.0,78.24
PER,2512.458888888888,300.0,78.24
PER,2529.1255555555545,300.0,78.24
PER,2542.5033333333326,301.0,78.24
PER,2569.347777777777,302.0,78.24
PER,2592.9144444444432,303.0,78.24
PER,2616.558888888888,304.0,78.24
PER,2630.1144444444435,305.0,78.24
PER,2664.003333333332,305.0,78.24
PER,2698.003333333332,306.0,78.24
PER,2711.647777777777,307.0,78.24
PER,2738.9366666666656,307.0,78.24
PER,2762.814444444443,307.0,78.24
PER,2786.6922222222206,307.0,78.24
PER,2814.0699999999983,308.0,78.24
PER,2838.025555555554,308.0,78.24
PER,2851.7144444444434,308.0,78.24
PER,2875.6699999999983,308.0,78.24
PER,2896.2033333333316,308.0,78.24
PER,2913.3699999999985,309.0,78.24
PER,2933.9033333333314,308.0,78.24
PER,2971.5477777777764,308.0,78.24
PER,2992.0811111111093,308.0,78.24
PER,3012.6144444444426,308.0,78.24
PER,3046.8366666666648,308.0,78.24
PER,3077.6366666666645,308.0,78.24
PER,3094.747777777776,308.0,78.24
PER,3125.5477777777755,308.0,78.24
PER,3149.581111111109,309.0,78.24
PER,3170.114444444442,308.0,78.24
PER,3190.647777777775,308.0,78.24
PER,3215.7144444444416,282.0,78.24
PER,3227.8033333333306,272.0,78.24
PER,3242.1922222222192,259.0,78.24
PER,3261.3255555555525,246.0,78.24
PER,3287.4366666666633,235.0,78.24
PER,3311.236666666664,238.0,78.24
PER,3332.925555555553,244.0,78.24
PER,3343.8588888888858,246.0,78.24
PER,3373.4366666666633,242.0,78.24
PER,3389.4366666666633,240.0,78.24
PER,3405.6366666666636,243.0,78.24
PER,3430.2366666666635,246.0,78.24
PER,3455.3366666666634,251.0,78.24
PER,3481.036666666663,257.0,78.24
PER,3492.547777777774,259.0,78.24
PER,3512.9302777777743,263.0,78.24
PER,3536.9161111111075,269.0,78.24
PER,3551.971666666663,271.0,78.24
PER,3576.5049999999965,276.0,78.24
PER,3601.571666666663,282.0,78.24
PER,3633.571666666663,288.0,78.24
PER,3666.1272222222187,293.0,78.24
PER,3682.516111111108,295.0,78.24
PER,3698.9605555555518,296.0,78.24
PER,3718.8272222222186,298.0,78.24
PER,3735.4938888888855,300.0,78.24
PER,3752.271666666663,302.0,78.24
PER,3765.6938888888853,302.0,78.24
PER,3779.2049999999963,304.0,78.24
PER,3799.671666666663,307.0,78.24
PER,3823.6272222222187,308.0,78.24
PER,3844.3605555555523,311.0,78.24
PER,3875.660555555552,313.0,78.24
PER,3900.1605555555516,315.0,78.24
PER,3921.2938888888852,317.0,78.24
PER,3946.1049999999964,319.0,78.24
PER,3963.882777777774,320.0,78.24
PER,3981.327222222218,314.0,78.24
PER,3997.104999999996,284.0,78.24
PER,4020.004999999996,229.0,78.24
PER,4031.227222222218,202.0,78.24
PER,4046.160555555551,168.0,78.24
PER,4057.5161111111065,146.0,78.24
PER,4067.627222222218,130.0,78.24
PER,4074.6827777777735,127.0,78.24
PER,4082.6161111111064,119.0,78.24
PER,4092.7494444444396,114.0,78.24
PER,4098.8605555555505,110.0,78.24
PER,4110.460555555551,116.0,78.24
PER,4118.660555555551,123.0,78.24
PER,4131.460555555551,144.0,78.24
PER,4147.3605555555505,159.0,78.24
PER,4160.660555555551,171.0,78.24
PER,4179.460555555551,188.0,78.24
PER,4192.393888888884,194.0,78.24
PER,4201.282777777773,200.0,78.24
PER,4219.94944444444,210.0,78.24
PER,4244.504999999996,221.0,78.24
PER,4272.738333333329,231.0,78.24
PER,4288.538333333329,237.0,78.24
PER,4307.127222222219,239.0,78.24
PER,4325.63833333333,238.0,78.24
PER,4350.860555555551,227.0,78.24
PER,4363.13833333333,221.0,78.24
PER,4380.171666666663,219.0,78.24
PER,4392.393888888885,220.0,78.24
PER,4409.816111111108,224.0,78.24
PER,4435.593888888885,232.0,78.24
PER,4451.127222222218,233.0,78.24
PER,4464.34944444444,238.0,78.24
PER,4480.549444444441,243.0,78.24
PER,4491.482777777775,246.0,78.24
PER,4505.260555555553,248.0,78.24
PER,4524.816111111108,220.0,78.24
PER,4539.204999999996,185.0,78.24
PER,4551.416111111107,157.0,78.24
PER,4564.516111111107,131.0,78.24
PER,4573.927222222219,121.0,78.24
PER,4583.527222222218,108.0,78.24
PER,4590.327222222219,102.0,78.24
PER,4597.060555555552,101.0,78.24
PER,4604.371666666663,94.0,78.24
PER,4612.816111111108,95.0,78.24
PER,4623.016111111107,102.0,78.24
PER,4632.793888888885,110.0,78.24
PER,4643.54944444444,121.0,78.24
PER,4657.84944444444,143.0,78.24
PER,4671.937777777774,158.0,78.24
PER,4684.647777777774,164.0,78.24
PER,4702.647777777774,162.0,78.24
PER,4720.869999999995,164.0,78.24
PER,4728.381111111106,169.0,78.24
PER,4744.203333333329,178.0,78.24
PER,4756.469999999996,184.0,78.24
PER,4766.91444444444,188.0,78.24
PER,4780.1811111111065,199.0,78.24
PER,4798.314444444441,204.0,78.24
PER,4814.958888888885,214.0,78.24
PER,4837.058888888885,221.0,78.24
PER,4857.325555555552,228.0,78.24
PER,4867.858888888885,237.0,78.24
PER,4886.6811111111065,242.0,78.24
PER,4897.525555555551,244.0,78.24
PER,4911.30333333333,248.0,78.24
PER,4928.236666666663,254.0,78.24
PER,4960.136666666663,261.0,78.24
PER,4977.736666666662,264.0,78.24
PER,4992.569999999996,267.0,78.24
PER,5004.436666666663,267.0,78.24
PER,5025.669999999996,273.0,78.24
PER,5040.947777777775,275.0,78.24
PER,5062.6477777777745,279.0,78.24
PER,5084.581388888886,281.0,78.24
PER,5106.591388888885,284.0,78.24
PER,5119.302499999996,286.0,78.24
PER,5141.780277777774,289.0,78.24
PER,5174.2247222222195,292.0,78.24
PER,5207.002499999997,295.0,78.24
NOR,25.416666666666664,305.0,78.703
NOR,52.70555555555555,307.0,78.703
NOR,76.66111111111111,308.0,78.703
NOR,97.26111111111109,309.0,78.703
NOR,131.92777777777778,312.0,78.703
NOR,166.70555555555555,313.0,78.703
NOR,184.15,314.0,78.703
NOR,215.54999999999998,314.0,78.703
NOR,236.48333333333335,314.0,78.703
NOR,250.43888888888887,314.0,78.703
NOR,282.43888888888887,288.0,78.703
NOR,293.81666666666666,256.0,78.703
NOR,306.4277777777778,227.0,78.703
NOR,324.73888888888894,206.0,78.703
NOR,335.6833333333334,197.0,78.703
NOR,355.9561111111112,182.0,78.703
NOR,369.7227777777779,177.0,78.703
NOR,389.9450000000001,182.0,78.703
NOR,400.333888888889,187.0,78.703
NOR,411.11166666666674,194.0,78.703
NOR,434.00055555555565,206.0,78.703
NOR,443.28944444444454,209.0,78.703
NOR,455.17833333333346,214.0,78.703
NOR,472.22833333333347,220.0,78.703
NOR,489.80611111111125,226.0,78.703
NOR,510.33944444444455,231.0,78.703
NOR,520.783888888889,235.0,78.703
NOR,539.4505555555556,240.0,78.703
NOR,552.9505555555556,243.0,78.703
NOR,563.7950000000001,244.0,78.703
NOR,583.1616666666669,249.0,78.703
NOR,594.4505555555556,254.0,78.703
NOR,608.7283333333335,257.0,78.703
NOR,643.9283333333335,264.0,78.703
NOR,671.0283333333334,271.0,78.703
NOR,686.2505555555556,274.0,78.703
NOR,701.583888888889,276.0,78.703
NOR,720.183888888889,279.0,78.703
NOR,738.983888888889,282.0,78.703
NOR,767.483888888889,285.0,78.703
NOR,786.763888888889,288.0,78.703
NOR,799.6083333333335,289.0,78.703
NOR,819.0750000000002,292.0,78.703
NOR,851.852777777778,295.0,78.703
NOR,874.8750000000001,296.0,78.703
NOR,907.9861111111112,298.0,78.703
NOR,924.5416666666667,298.0,78.703
NOR,947.7194444444447,298.0,78.703
NOR,970.8144444444447,298.0,78.703
NOR,993.747777777778,258.0,78.703
NOR,1003.7922222222224,226.0,78.703
NOR,1017.0588888888891,199.0,78.703
NOR,1025.0588888888892,180.0,78.703
NOR,1036.8811111111115,152.0,78.703
NOR,1051.3255555555559,130.0,78.703
NOR,1064.547777777778,119.0,78.703
NOR,1070.936666666667,115.0,78.703
NOR,1076.0033333333336,114.0,78.703
NOR,1082.1700000000003,111.0,78.703
NOR,1092.7700000000002,106.0,78.703
NOR,1102.2811111111114,107.0,78.703
NOR,1111.3811111111115,117.0,78.703
NOR,1124.1811111111115,128.0,78.703
NOR,1138.420555555556,142.0,78.703
NOR,1145.1316666666671,151.0,78.703
NOR,1158.0427777777782,166.0,78.703
NOR,1169.4427777777782,171.0,78.703
NOR,1178.8872222222226,170.0,78.703
NOR,1193.731666666667,167.0,78.703
NOR,1206.5650000000005,165.0,78.703
NOR,1217.6316666666671,166.0,78.703
NOR,1225.1872222222228,170.0,78.703
NOR,1236.5872222222226,171.0,78.703
NOR,1248.320555555556,176.0,78.703
NOR,1256.1822222222227,178.0,78.703
NOR,1266.3488888888892,183.0,78.703
NOR,1283.5933333333337,194.0,78.703
NOR,1294.7044444444448,200.0,78.703
NOR,1306.204444444445,207.0,78.703
NOR,1327.6044444444449,214.0,78.703
NOR,1344.8711111111113,222.0,78.703
NOR,1359.8711111111115,225.0,78.703
NOR,1375.337777777778,232.0,78.703
NOR,1393.7711111111114,237.0,78.703
NOR,1417.8711111111113,241.0,78.703
NOR,1444.9822222222226,244.0,78.703
NOR,1458.6488888888891,246.0,78.703
NOR,1472.426666666667,248.0,78.703
NOR,1491.9488888888893,251.0,78.703
NOR,1508.7488888888893,252.0,78.703
NOR,1531.6647222222227,257.0,78.703
NOR,1551.809166666667,259.0,78.703
NOR,1569.3425000000004,263.0,78.703
NOR,1581.0758333333338,264.0,78.703
NOR,1595.8536111111116,266.0,78.703
NOR,1613.8536111111114,270.0,78.703
NOR,1628.9647222222227,272.0,78.703
NOR,1641.0980555555561,273.0,78.703
NOR,1662.4869444444448,275.0,78.703
NOR,1681.0202777777783,278.0,78.703
NOR,1708.842777777778,279.0,78.703
NOR,1727.5761111111117,281.0,78.703
NOR,1758.7983333333339,281.0,78.703
NOR,1774.409444444445,281.0,78.703
NOR,1804.8427777777783,249.0,78.703
NOR,1827.6427777777783,228.0,78.703
NOR,1845.0650000000005,224.0,78.703
NOR,1867.2650000000006,222.0,78.703
NOR,1889.9650000000006,227.0,78.703
NOR,1910.498333333334,231.0,78.703
NOR,1937.1650000000004,240.0,78.703
NOR,1955.9872222222227,242.0,78.703
NOR,1977.8330555555563,245.0,78.703
NOR,2002.9330555555562,251.0,78.703
NOR,2019.9330555555562,255.0,78.703
NOR,2031.2663888888894,255.0,78.703
NOR,2054.5552777777784,262.0,78.703
NOR,2084.110833333334,266.0,78.703
NOR,2098.9441666666676,267.0,78.703
NOR,2110.8552777777786,268.0,78.703
NOR,2125.7997222222234,269.0,78.703
NOR,2146.955277777779,272.0,78.703
NOR,2162.06638888889,272.0,78.703
NOR,2183.3788888888903,275.0,78.703
NOR,2198.7122222222233,276.0,78.703
NOR,2220.3344444444456,278.0,78.703
NOR,2235.8344444444456,279.0,78.703
NOR,2251.3900000000012,280.0,78.703
NOR,2285.856666666668,282.0,78.703
NOR,2301.5788888888897,283.0,78.703
NOR,2314.2011111111124,284.0,78.703
NOR,2330.034444444446,285.0,78.703
NOR,2345.9788888888897,287.0,78.703
NOR,2371.5788888888897,288.0,78.703
NOR,2403.801111111112,290.0,78.703
NOR,2419.967777777779,291.0,78.703
NOR,2432.9011111111117,291.0,78.703
NOR,2455.534444444445,291.0,78.703
NOR,2488.17138888889,293.0,78.703
NOR,2504.449166666667,293.0,78.703
NOR,2520.7825000000007,294.0,78.703
NOR,2537.115833333334,294.0,78.703
NOR,2569.893611111112,295.0,78.703
NOR,2592.993611111112,297.0,78.703
NOR,2626.215833333334,299.0,78.703
NOR,2656.215833333334,300.0,78.703
NOR,2679.5491666666676,300.0,78.703
NOR,2706.304722222223,301.0,78.703
NOR,2726.3541666666674,302.0,78.703
NOR,2749.8430555555565,302.0,78.703
NOR,2763.2652777777785,302.0,78.703
NOR,2800.17638888889,302.0,78.703
NOR,2816.9541666666673,302.0,78.703
NOR,2837.087500000001,302.0,78.703
NOR,2870.7541666666675,303.0,78.703
NOR,2894.320833333334,303.0,78.703
NOR,2911.098611111112,302.0,78.703
NOR,2937.9430555555564,302.0,78.703
NOR,2954.7208333333338,302.0,78.703
NOR,2971.4986111111116,302.0,78.703
NOR,3001.6986111111114,302.0,78.703
NOR,3021.831944444445,302.0,78.703
NOR,3045.3266666666673,301.0,78.703
NOR,3065.3933333333334,301.0,78.703
NOR,3088.648888888889,299.0,78.703
NOR,3101.848888888889,297.0,78.703
NOR,3131.448888888889,296.0,78.703
NOR,3144.604444444444,296.0,78.703
NOR,3167.471111111111,294.0,78.703
NOR,3187.0711111111113,294.0,78.703
NOR,3203.404444444445,294.0,78.703
NOR,3222.4044444444444,285.0,78.703
NOR,3237.5155555555557,272.0,78.703
NOR,3263.3436111111114,259.0,78.703
NOR,3277.4547222222222,254.0,78.703
NOR,3291.2325,248.0,78.703
NOR,3318.565833333333,246.0,78.703
NOR,3329.588055555555,248.0,78.703
NOR,3346.454722222222,253.0,78.703
NOR,3368.676944444444,250.0,78.703
NOR,3390.5436111111107,246.0,78.703
NOR,3401.565833333333,248.0,78.703
NOR,3412.5436111111107,247.0,78.703
NOR,3423.521388888889,247.0,78.703
NOR,3440.1880555555554,250.0,78.703
NOR,3459.8658333333333,253.0,78.703
NOR,3471.1547222222225,254.0,78.703
NOR,3494.088055555556,258.0,78.703
NOR,3508.5325000000003,260.0,78.703
NOR,3520.2944444444447,263.0,78.703
NOR,3547.2944444444447,270.0,78.703
NOR,3559.3833333333337,272.0,78.703
NOR,3583.9166666666665,276.0,78.703
NOR,3602.5833333333335,280.0,78.703
NOR,3630.9833333333336,284.0,78.703
NOR,3656.5833333333335,288.0,78.703
NOR,3685.6833333333334,291.0,78.703
NOR,3708.3944444444446,292.0,78.703
NOR,3737.8944444444446,295.0,78.703
NOR,3751.005555555556,295.0,78.703
NOR,3774.1780555555556,299.0,78.703
NOR,3841.955833333334,305.0,78.703
NOR,3872.7558333333336,308.0,78.703
NOR,3893.355833333333,309.0,78.703
NOR,3920.9113888888887,310.0,78.703
NOR,3941.6447222222223,311.0,78.703
NOR,3979.6558333333332,311.0,78.703
NOR,4005.3558333333335,257.0,78.703
NOR,4018.0225,228.0,78.703
NOR,4029.244722222222,202.0,78.703
NOR,4039.1272222222224,177.0,78.703
NOR,4046.5494444444444,167.0,78.703
NOR,4059.1716666666666,142.0,78.703
NOR,4069.282777777778,130.0,78.703
NOR,4078.771666666667,122.0,78.703
NOR,4087.871666666667,117.0,78.703
NOR,4092.9383333333335,114.0,78.703
NOR,4103.071666666667,114.0,78.703
NOR,4112.249444444445,118.0,78.703
NOR,4117.760555555556,124.0,78.703
NOR,4131.660555555555,139.0,78.703
NOR,4141.660555555555,150.0,78.703
NOR,4150.4383333333335,158.0,78.703
NOR,4159.725,168.0,78.703
NOR,4175.813888888889,181.0,78.703
NOR,4184.2138888888885,189.0,78.703
NOR,4192.747222222222,192.0,78.703
NOR,4213.247222222222,205.0,78.703
NOR,4229.891666666666,214.0,78.703
NOR,4242.0583333333325,219.0,78.703
NOR,4262.23611111111,227.0,78.703
NOR,4277.636111111111,231.0,78.703
NOR,4293.302777777778,235.0,78.703
NOR,4316.802777777778,235.0,78.703
NOR,4339.802777777778,230.0,78.703
NOR,4357.302777777778,225.0,78.703
NOR,4367.186388888889,221.0,78.703
NOR,4377.008611111111,221.0,78.703
NOR,4391.8086111111115,222.0,78.703
NOR,4404.3086111111115,225.0,78.703
NOR,4422.119722222223,229.0,78.703
NOR,4448.453055555556,237.0,78.703
NOR,4459.075277777779,239.0,78.703
NOR,4475.1419444444455,241.0,78.703
NOR,4494.119722222224,244.0,78.703
NOR,4510.453055555557,245.0,78.703
NOR,4528.675277777779,205.0,78.703
NOR,4538.730833333334,181.0,78.703
NOR,4547.675277777778,161.0,78.703
NOR,4562.305277777778,132.0,78.703
NOR,4571.949722222223,124.0,78.703
NOR,4578.449722222223,117.0,78.703
NOR,4590.671944444444,110.0,78.703
NOR,4601.783055555556,100.0,78.703
NOR,4608.116388888889,95.0,78.703
NOR,4619.338611111111,101.0,78.703
NOR,4623.916388888889,103.0,78.703
NOR,4631.316388888889,111.0,78.703
NOR,4636.427500000001,115.0,78.703
NOR,4644.8275,126.0,78.703
NOR,4650.605277777778,130.0,78.703
NOR,4663.801944444444,148.0,78.703
NOR,4681.579722222222,160.0,78.703
NOR,4688.779722222222,162.0,78.703
NOR,4699.713055555555,164.0,78.703
NOR,4712.857499999999,169.0,78.703
NOR,4720.457499999999,171.0,78.703
NOR,4728.101944444443,172.0,78.703
NOR,4741.868611111109,177.0,78.703
NOR,4751.868611111109,180.0,78.703
NOR,4766.335277777776,186.0,78.703
NOR,4783.579722222221,194.0,78.703
NOR,4801.890833333332,206.0,78.703
NOR,4826.001944444442,217.0,78.703
NOR,4850.939444444442,225.0,78.703
NOR,4874.139444444442,232.0,78.703
NOR,4887.4172222222205,239.0,78.703
NOR,4898.083888888887,240.0,78.703
NOR,4922.983888888886,249.0,78.703
NOR,4934.139444444442,251.0,78.703
NOR,4951.272777777775,257.0,78.703
NOR,4980.494999999998,263.0,78.703
NOR,4998.4283333333315,269.0,78.703
NOR,5013.539444444443,272.0,78.703
NOR,5031.872777777776,275.0,78.703
NOR,5050.472777777776,279.0,78.703
NOR,5066.217777777776,282.0,78.703
NOR,5101.173333333331,286.0,78.703
NOR,5113.9733333333315,288.0,78.703
NOR,5126.862222222221,290.0,78.703
NOR,5152.906666666665,293.0,78.703
NOR,5185.906666666666,297.0,78.703
NOR,5209.162222222221,299.0,78.703
HAM,10.689166666666667,303.0,78.825
HAM,44.689166666666665,306.0,78.825
HAM,68.56694444444445,307.0,78.825
HAM,85.67805555555555,308.0,78.825
HAM,113.2336111111111,310.0,78.825
HAM,130.5113888888889,311.0,78.825
HAM,147.9002777777778,313.0,78.825
HAM,179.3002777777778,314.0,78.825
HAM,200.30027777777778,315.0,78.825
HAM,224.80972222222223,314.0,78.825
HAM,245.67638888888888,313.0,78.825
HAM,268.6986111111111,296.0,78.825
HAM,281.0541666666667,278.0,78.825
HAM,302.9541666666667,219.0,78.825
HAM,312.2875,210.0,78.825
HAM,327.0652777777778,190.0,78.825
HAM,339.2652777777778,183.0,78.825
HAM,349.0986111111111,177.0,78.825
HAM,360.96527777777777,178.0,78.825
HAM,370.90972222222223,179.0,78.825
HAM,389.8569444444445,190.0,78.825
HAM,400.5791666666667,193.0,78.825
HAM,411.9125,204.0,78.825
HAM,435.57916666666665,213.0,78.825
HAM,445.1791666666667,216.0,78.825
HAM,459.71250000000003,218.0,78.825
HAM,479.97916666666674,228.0,78.825
HAM,500.60138888888895,232.0,78.825
HAM,511.001388888889,234.0,78.825
HAM,521.5791666666668,238.0,78.825
HAM,532.2458333333334,240.0,78.825
HAM,548.5125,244.0,78.825
HAM,567.8791666666667,249.0,78.825
HAM,579.0791666666668,252.0,78.825
HAM,602.0125000000002,258.0,78.825
HAM,616.5680555555557,262.0,78.825
HAM,628.3300000000002,263.0,78.825
HAM,655.3300000000003,270.0,78.825
HAM,667.4633333333336,273.0,78.825
HAM,691.9966666666669,276.0,78.825
HAM,710.5966666666668,279.0,78.825
HAM,738.9966666666669,284.0,78.825
HAM,764.5077777777781,287.0,78.825
HAM,793.607777777778,291.0,78.825
HAM,816.3966666666668,293.0,78.825
HAM,845.9966666666669,296.0,78.825
HAM,859.1966666666669,297.0,78.825
HAM,882.214166666667,297.0,78.825
HAM,948.4363888888892,298.0,78.825
HAM,976.8363888888892,284.0,78.825
HAM,993.5030555555558,250.0,78.825
HAM,1010.6586111111113,193.0,78.825
HAM,1022.0586111111113,171.0,78.825
HAM,1039.1697222222224,140.0,78.825
HAM,1051.5697222222225,124.0,78.825
HAM,1058.1808333333336,119.0,78.825
HAM,1064.5697222222225,115.0,78.825
HAM,1070.7672222222225,111.0,78.825
HAM,1075.4783333333337,106.0,78.825
HAM,1084.811666666667,105.0,78.825
HAM,1093.3672222222226,110.0,78.825
HAM,1102.2338888888894,114.0,78.825
HAM,1111.7227777777782,122.0,78.825
HAM,1117.5005555555558,130.0,78.825
HAM,1130.122777777778,142.0,78.825
HAM,1142.2561111111115,156.0,78.825
HAM,1149.411666666667,161.0,78.825
HAM,1166.411666666667,170.0,78.825
HAM,1177.6116666666671,168.0,78.825
HAM,1186.7783333333339,165.0,78.825
HAM,1195.678055555556,161.0,78.825
HAM,1210.3447222222228,165.0,78.825
HAM,1217.678055555556,165.0,78.825
HAM,1225.1891666666672,169.0,78.825
HAM,1242.2891666666671,171.0,78.825
HAM,1256.2891666666671,180.0,78.825
HAM,1266.7336111111115,188.0,78.825
HAM,1284.2447222222227,197.0,78.825
HAM,1298.0447222222228,207.0,78.825
HAM,1312.178055555556,212.0,78.825
HAM,1334.378055555556,222.0,78.825
HAM,1357.278055555556,229.0,78.825
HAM,1375.4002777777782,233.0,78.825
HAM,1385.999444444445,237.0,78.825
HAM,1396.5327777777784,237.0,78.825
HAM,1412.6661111111116,242.0,78.825
HAM,1426.2772222222227,245.0,78.825
HAM,1445.3327777777783,245.0,78.825
HAM,1472.9994444444449,249.0,78.825
HAM,1484.0661111111115,249.0,78.825
HAM,1500.9994444444449,254.0,78.825
HAM,1520.910555555556,256.0,78.825
HAM,1538.2438888888894,260.0,78.825
HAM,1561.710555555556,264.0,78.825
HAM,1576.5438888888893,267.0,78.825
HAM,1591.4327777777783,268.0,78.825
HAM,1621.579444444445,272.0,78.825
HAM,1642.968333333334,275.0,78.825
HAM,1658.3016666666672,276.0,78.825
HAM,1689.4127777777783,280.0,78.825
HAM,1720.7461111111118,282.0,78.825
HAM,1739.4794444444449,281.0,78.825
HAM,1770.8127777777781,282.0,78.825
HAM,1783.1683333333337,278.0,78.825
HAM,1800.3683333333338,258.0,78.825
HAM,1811.079444444445,241.0,78.825
HAM,1826.4127777777783,230.0,78.825
HAM,1836.3238888888893,223.0,78.825
HAM,1855.7622222222228,218.0,78.825
HAM,1879.6511111111117,215.0,78.825
HAM,1889.384444444445,219.0,78.825
HAM,1904.3177777777785,224.0,78.825
HAM,1922.2066666666672,230.0,78.825
HAM,1932.4288888888893,230.0,78.825
HAM,1943.0066666666671,238.0,78.825
HAM,1961.8288888888894,242.0,78.825
HAM,1975.4400000000005,245.0,78.825
HAM,1994.8066666666673,249.0,78.825
HAM,2017.2955555555561,253.0,78.825
HAM,2040.2288888888895,258.0,78.825
HAM,2069.4511111111115,263.0,78.825
HAM,2099.043611111111,267.0,78.825
HAM,2126.143611111111,271.0,78.825
HAM,2141.310277777778,273.0,78.825
HAM,2153.4436111111117,273.0,78.825
HAM,2181.0436111111117,276.0,78.825
HAM,2193.310277777778,276.0,78.825
HAM,2211.9102777777784,279.0,78.825
HAM,2243.1325000000006,281.0,78.825
HAM,2261.932500000001,282.0,78.825
HAM,2277.5991666666673,282.0,78.825
HAM,2296.5991666666673,285.0,78.825
HAM,2315.732500000001,287.0,78.825
HAM,2331.812500000001,288.0,78.825
HAM,2367.3791666666675,291.0,78.825
HAM,2380.3569444444456,292.0,78.825
HAM,2393.3791666666675,293.0,78.825
HAM,2419.5125000000007,294.0,78.825
HAM,2452.5125000000007,297.0,78.825
HAM,2475.6125000000006,297.0,78.825
HAM,2502.1013888888897,298.0,78.825
HAM,2551.934722222223,299.0,78.825
HAM,2571.868055555556,299.0,78.825
HAM,2595.1236111111116,299.0,78.825
HAM,2631.706944444445,300.0,78.825
HAM,2655.195833333334,302.0,78.825
HAM,2678.7625000000007,303.0,78.825
HAM,2698.962500000001,303.0,78.825
HAM,2725.8069444444454,302.0,78.825
HAM,2749.295833333334,302.0,78.825
HAM,2769.4958333333343,303.0,78.825
HAM,2806.529166666668,303.0,78.825
HAM,2840.0847222222237,302.0,78.825
HAM,2876.957222222223,301.0,78.825
HAM,2890.3794444444457,302.0,78.825
HAM,2903.8016666666676,302.0,78.825
HAM,2924.001666666668,303.0,78.825
HAM,2940.7794444444457,302.0,78.825
HAM,2957.5016666666675,301.0,78.825
HAM,2970.92388888889,302.0,78.825
HAM,2987.7016666666673,302.0,78.825
HAM,3011.1905555555563,302.0,78.825
HAM,3037.946111111112,301.0,78.825
HAM,3057.946111111112,300.0,78.825
HAM,3087.6461111111116,297.0,78.825
HAM,3120.4238888888895,295.0,78.825
HAM,3156.2350000000006,293.0,78.825
HAM,3175.6869444444455,293.0,78.825
HAM,3198.3980555555568,292.0,78.825
HAM,3211.0647222222233,285.0,78.825
HAM,3239.3980555555563,255.0,78.825
HAM,3253.120277777779,247.0,78.825
HAM,3274.1869444444455,237.0,78.825
HAM,3284.498055555556,232.0,78.825
HAM,3307.7980555555564,233.0,78.825
HAM,3318.242500000001,235.0,78.825
HAM,3337.1425000000013,243.0,78.825
HAM,3350.642500000001,243.0,78.825
HAM,3374.942500000001,243.0,78.825
HAM,3388.510000000001,243.0,78.825
HAM,3407.6433333333343,246.0,78.825
HAM,3424.1766666666676,248.0,78.825
HAM,3446.5766666666677,252.0,78.825
HAM,3463.5766666666677,255.0,78.825
HAM,3495.5988888888896,262.0,78.825
HAM,3525.3766666666675,268.0,78.825
HAM,3540.487777777779,272.0,78.825
HAM,3561.876666666668,275.0,78.825
HAM,3574.1877777777786,277.0,78.825
HAM,3586.5877777777787,279.0,78.825
HAM,3608.598888888889,283.0,78.825
HAM,3621.221111111112,284.0,78.825
HAM,3663.0294444444453,290.0,78.825
HAM,3685.818333333334,293.0,78.825
HAM,3708.8405555555564,296.0,78.825
HAM,3732.0183333333343,298.0,78.825
HAM,3745.2627777777784,298.0,78.825
HAM,3765.3294444444455,301.0,78.825
HAM,3785.462777777779,302.0,78.825
HAM,3819.240555555557,304.0,78.825
HAM,3839.707222222223,307.0,78.825
HAM,3867.17388888889,309.0,78.825
HAM,3880.9072222222235,309.0,78.825
HAM,3901.7269444444455,311.0,78.825
HAM,3915.5491666666676,311.0,78.825
HAM,3939.8158333333345,312.0,78.825
HAM,3957.149166666668,312.0,78.825
HAM,3974.426944444446,311.0,78.825
HAM,3987.6269444444456,297.0,78.825
HAM,4004.826944444446,258.0,78.825
HAM,4021.004722222224,208.0,78.825
HAM,4034.2269444444455,170.0,78.825
HAM,4041.338055555557,160.0,78.825
HAM,4060.260277777779,131.0,78.825
HAM,4065.8158333333345,125.0,78.825
HAM,4080.3602777777787,119.0,78.825
HAM,4086.693611111112,114.0,78.825
HAM,4094.293611111112,114.0,78.825
HAM,4103.671111111112,121.0,78.825
HAM,4112.137777777779,127.0,78.825
HAM,4121.137777777779,135.0,78.825
HAM,4134.471111111112,150.0,78.825
HAM,4150.871111111112,164.0,78.825
HAM,4160.426666666668,172.0,78.825
HAM,4175.204444444446,190.0,78.825
HAM,4183.693333333335,191.0,78.825
HAM,4227.604444444447,208.0,78.825
HAM,4250.2672222222245,226.0,78.825
HAM,4270.978333333335,233.0,78.825
HAM,4281.467222222224,236.0,78.825
HAM,4299.900555555558,237.0,78.825
HAM,4315.300555555558,231.0,78.825
HAM,4327.745000000003,224.0,78.825
HAM,4342.345000000002,219.0,78.825
HAM,4359.067222222225,215.0,78.825
HAM,4373.333888888891,214.0,78.825
HAM,4387.733888888892,216.0,78.825
HAM,4400.067222222226,222.0,78.825
HAM,4415.067222222226,225.0,78.825
HAM,4425.289444444447,230.0,78.825
HAM,4440.7561111111145,232.0,78.825
HAM,4459.11166666667,236.0,78.825
HAM,4469.600555555559,236.0,78.825
HAM,4499.476944444447,245.0,78.825
HAM,4513.032500000003,244.0,78.825
HAM,4525.310277777781,221.0,78.825
HAM,4538.310277777781,195.0,78.825
HAM,4545.376944444448,159.0,78.825
HAM,4559.821388888892,130.0,78.825
HAM,4568.765833333337,115.0,78.825
HAM,4574.821388888892,109.0,78.825
HAM,4582.832500000003,103.0,78.825
HAM,4589.432500000003,99.0,78.825
HAM,4597.992500000002,96.0,78.825
HAM,4606.348055555558,94.0,78.825
HAM,4611.848055555558,99.0,78.825
HAM,4621.359166666669,107.0,78.825
HAM,4630.225833333336,114.0,78.825
HAM,4639.87027777778,124.0,78.825
HAM,4650.603611111113,138.0,78.825
HAM,4657.225833333336,149.0,78.825
HAM,4666.003611111114,158.0,78.825
HAM,4675.05916666667,163.0,78.825
HAM,4689.459166666669,162.0,78.825
HAM,4700.059166666669,159.0,78.825
HAM,4714.192500000002,159.0,78.825
HAM,4723.192500000002,162.0,78.825
HAM,4738.392500000002,171.0,78.825
HAM,4748.225833333335,177.0,78.825
HAM,4760.44138888889,184.0,78.825
HAM,4770.830277777779,187.0,78.825
HAM,4783.8969444444465,196.0,78.825
HAM,4792.7413888888905,199.0,78.825
HAM,4806.54138888889,207.0,78.825
HAM,4815.874722222224,210.0,78.825
HAM,4829.874722222224,210.0,78.825
HAM,4844.7413888888905,223.0,78.825
HAM,4860.208055555558,232.0,78.825
HAM,4890.03027777778,244.0,78.825
HAM,4923.70027777778,252.0,78.825
HAM,4935.122500000003,257.0,78.825
HAM,4946.678055555559,260.0,78.825
HAM,4964.278055555558,264.0,78.825
HAM,4991.378055555559,271.0,78.825
HAM,5015.822500000004,275.0,78.825
HAM,5043.7225000000035,279.0,78.825
HAM,5068.966944444447,284.0,78.825
HAM,5097.666944444447,287.0,78.825
HAM,5117.000277777781,290.0,78.825
HAM,5149.778055555558,295.0,78.825
HAM,5162.933611111113,296.0,78.825
HAM,5179.378055555558,296.0,78.825
HAM,5195.933611111113,298.0,78.825
HAM,5215.866944444446,299.0,78.825
RUS,12.247777777777777,302.0,78.933
RUS,29.08111111111111,303.0,78.933
RUS,42.59222222222222,304.0,78.933
RUS,66.39222222222222,306.0,78.933
RUS,100.5886111111111,307.0,78.933
RUS,117.64416666666665,307.0,78.933
RUS,134.86638888888888,310.0,78.933
RUS,152.14416666666665,311.0,78.933
RUS,186.8108333333333,312.0,78.933
RUS,211.15527777777777,313.0,78.933
RUS,245.93305555555554,313.0,78.933
RUS,274.63305555555553,287.0,78.933
RUS,293.4552777777778,242.0,78.933
RUS,312.3886111111111,213.0,78.933
RUS,325.7991666666667,202.0,78.933
RUS,340.8102777777778,193.0,78.933
RUS,349.25472222222226,190.0,78.933
RUS,371.6213888888889,183.0,78.933
RUS,381.95472222222224,186.0,78.933
RUS,394.62138888888893,190.0,78.933
RUS,417.3991666666667,205.0,78.933
RUS,433.7325000000001,210.0,78.933
RUS,445.56583333333344,213.0,78.933
RUS,465.2991666666668,222.0,78.933
RUS,477.8547222222223,226.0,78.933
RUS,490.5769444444445,229.0,78.933
RUS,513.9769444444445,234.0,78.933
RUS,529.9102777777779,239.0,78.933
RUS,548.8777777777779,243.0,78.933
RUS,565.3444444444444,247.0,78.933
RUS,585.0222222222222,253.0,78.933
RUS,596.3111111111111,254.0,78.933
RUS,622.411111111111,261.0,78.933
RUS,634.0999999999999,263.0,78.933
RUS,654.9444444444443,268.0,78.933
RUS,673.0777777777777,272.0,78.933
RUS,688.3555555555555,275.0,78.933
RUS,706.8222222222221,277.0,78.933
RUS,722.3222222222222,279.0,78.933
RUS,750.5436111111111,283.0,78.933
RUS,766.4324999999999,286.0,78.933
RUS,782.4325,288.0,78.933
RUS,814.7658333333333,291.0,78.933
RUS,827.7880555555555,293.0,78.933
RUS,847.4547222222221,295.0,78.933
RUS,873.8547222222221,297.0,78.933
RUS,900.4324999999999,299.0,78.933
RUS,913.6769444444443,298.0,78.933
RUS,926.9213888888887,298.0,78.933
RUS,940.1658333333331,298.0,78.933
RUS,960.0324999999998,298.0,78.933
RUS,982.1213888888886,284.0,78.933
RUS,993.3658333333331,253.0,78.933
RUS,1013.2769444444442,224.0,78.933
RUS,1023.6102777777775,186.0,78.933
RUS,1031.4813888888887,176.0,78.933
RUS,1045.9813888888887,145.0,78.933
RUS,1051.9813888888887,135.0,78.933
RUS,1063.0036111111108,124.0,78.933
RUS,1070.8702777777776,118.0,78.933
RUS,1081.8702777777776,110.0,78.933
RUS,1091.0258333333331,103.0,78.933
RUS,1101.4258333333332,104.0,78.933
RUS,1109.903611111111,109.0,78.933
RUS,1121.8036111111112,119.0,78.933
RUS,1127.403611111111,126.0,78.933
RUS,1137.788611111111,134.0,78.933
RUS,1175.3441666666665,169.0,78.933
RUS,1192.4441666666667,171.0,78.933
RUS,1203.9108333333334,172.0,78.933
RUS,1218.9330555555555,169.0,78.933
RUS,1230.1330555555553,168.0,78.933
RUS,1250.7886111111109,169.0,78.933
RUS,1269.0886111111108,183.0,78.933
RUS,1279.5330555555552,188.0,78.933
RUS,1290.310833333333,194.0,78.933
RUS,1301.4774999999997,200.0,78.933
RUS,1310.633055555555,206.0,78.933
RUS,1329.4774999999995,212.0,78.933
RUS,1346.7441666666662,222.0,78.933
RUS,1364.3997222222217,227.0,78.933
RUS,1382.3663888888882,231.0,78.933
RUS,1392.855277777777,236.0,78.933
RUS,1414.0997222222215,239.0,78.933
RUS,1432.9997222222216,243.0,78.933
RUS,1443.844166666666,244.0,78.933
RUS,1468.5441666666661,247.0,78.933
RUS,1485.1441666666663,249.0,78.933
RUS,1499.0330555555552,250.0,78.933
RUS,1513.0183333333327,253.0,78.933
RUS,1535.9516666666661,258.0,78.933
RUS,1547.4627777777773,259.0,78.933
RUS,1559.1072222222217,262.0,78.933
RUS,1585.4072222222217,263.0,78.933
RUS,1606.251666666666,268.0,78.933
RUS,1621.251666666666,270.0,78.933
RUS,1645.251666666666,270.0,78.933
RUS,1663.5849999999996,275.0,78.933
RUS,1682.051666666666,277.0,78.933
RUS,1710.051666666666,280.0,78.933
RUS,1738.151666666666,281.0,78.933
RUS,1760.0849999999994,282.0,78.933
RUS,1772.696666666666,282.0,78.933
RUS,1785.1855555555549,281.0,78.933
RUS,1802.318888888888,257.0,78.933
RUS,1815.5411111111102,238.0,78.933
RUS,1832.807777777777,222.0,78.933
RUS,1856.5855555555545,214.0,78.933
RUS,1866.1411111111101,215.0,78.933
RUS,1880.5411111111102,216.0,78.933
RUS,1897.7299999999989,221.0,78.933
RUS,1912.7966666666657,226.0,78.933
RUS,1933.1522222222213,229.0,78.933
RUS,1946.3188888888878,237.0,78.933
RUS,1959.7633333333322,242.0,78.933
RUS,1987.1391666666657,247.0,78.933
RUS,2006.7391666666658,252.0,78.933
RUS,2020.9058333333323,255.0,78.933
RUS,2049.9058333333323,261.0,78.933
RUS,2079.350277777777,265.0,78.933
RUS,2097.0836111111103,266.0,78.933
RUS,2127.0836111111107,270.0,78.933
RUS,2139.128055555555,271.0,78.933
RUS,2157.2613888888886,272.0,78.933
RUS,2169.439166666666,274.0,78.933
RUS,2187.7724999999996,275.0,78.933
RUS,2200.0391666666665,276.0,78.933
RUS,2224.649166666666,276.0,78.933
RUS,2255.649166666666,279.0,78.933
RUS,2268.093611111111,280.0,78.933
RUS,2286.760277777777,280.0,78.933
RUS,2308.926944444444,285.0,78.933
RUS,2321.593611111111,285.0,78.933
RUS,2334.3047222222217,286.0,78.933
RUS,2356.7824999999993,289.0,78.933
RUS,2372.8380555555545,289.0,78.933
RUS,2395.4713888888878,291.0,78.933
RUS,2421.4269444444435,292.0,78.933
RUS,2447.5602777777767,294.0,78.933
RUS,2480.3380555555545,295.0,78.933
RUS,2513.0338888888878,295.0,78.933
RUS,2542.7338888888876,297.0,78.933
RUS,2559.233888888888,297.0,78.933
RUS,2572.478333333332,298.0,78.933
RUS,2602.3783333333326,299.0,78.933
RUS,2615.6672222222214,299.0,78.933
RUS,2635.600555555555,299.0,78.933
RUS,2668.933888888888,300.0,78.933
RUS,2689.0005555555545,301.0,78.933
RUS,2705.722777777776,301.0,78.933
RUS,2725.789444444443,301.0,78.933
RUS,2745.8561111111094,301.0,78.933
RUS,2762.6619444444427,301.0,78.933
RUS,2799.4508333333315,301.0,78.933
RUS,2812.7841666666645,300.0,78.933
RUS,2826.117499999998,300.0,78.933
RUS,2852.7841666666645,300.0,78.933
RUS,2886.0063888888867,299.0,78.933
RUS,2909.261944444442,299.0,78.933
RUS,2935.83972222222,299.0,78.933
RUS,2985.6730555555537,299.0,78.933
RUS,3005.6063888888866,299.0,78.933
RUS,3028.861944444442,299.0,78.933
RUS,3064.835555555553,295.0,78.933
RUS,3087.624444444442,293.0,78.933
RUS,3110.4133333333307,293.0,78.933
RUS,3129.8799999999974,292.0,78.933
RUS,3155.657777777775,290.0,78.933
RUS,3178.2133333333304,290.0,78.933
RUS,3197.346666666664,287.0,78.933
RUS,3228.3911111111083,254.0,78.933
RUS,3255.2799999999975,242.0,78.933
RUS,3283.3324999999973,229.0,78.933
RUS,3293.465833333331,228.0,78.933
RUS,3303.688055555553,230.0,78.933
RUS,3319.15472222222,232.0,78.933
RUS,3332.2102777777754,235.0,78.933
RUS,3345.599166666664,241.0,78.933
RUS,3356.3102777777754,241.0,78.933
RUS,3369.699166666664,241.0,78.933
RUS,3388.3658333333306,240.0,78.933
RUS,3409.8769444444415,242.0,78.933
RUS,3426.010277777775,242.0,78.933
RUS,3450.9102777777753,249.0,78.933
RUS,3479.2436111111083,255.0,78.933
RUS,3510.6547222222193,257.0,78.933
RUS,3528.2477777777754,265.0,78.933
RUS,3549.09222222222,268.0,78.933
RUS,3561.136666666664,271.0,78.933
RUS,3591.6922222222197,275.0,78.933
RUS,3607.1922222222197,279.0,78.933
RUS,3632.3477777777753,283.0,78.933
RUS,3645.014444444442,285.0,78.933
RUS,3673.8144444444415,288.0,78.933
RUS,3686.7033333333306,290.0,78.933
RUS,3709.414444444442,292.0,78.933
RUS,3725.747777777775,294.0,78.933
RUS,3755.247777777775,295.0,78.933
RUS,3771.886111111108,298.0,78.933
RUS,3795.1416666666637,299.0,78.933
RUS,3815.2083333333303,301.0,78.933
RUS,3842.2305555555527,304.0,78.933
RUS,3862.563888888886,305.0,78.933
RUS,3900.2083333333303,308.0,78.933
RUS,3934.5416666666633,309.0,78.933
RUS,3951.7083333333303,309.0,78.933
RUS,3975.663888888886,308.0,78.933
RUS,3988.686111111108,293.0,78.933
RUS,4000.2861111111083,261.0,78.933
RUS,4018.2527777777746,231.0,78.933
RUS,4027.3194444444416,204.0,78.933
RUS,4049.8094444444414,156.0,78.933
RUS,4060.853888888886,142.0,78.933
RUS,4071.1983333333305,133.0,78.933
RUS,4080.9205555555527,125.0,78.933
RUS,4086.2983333333304,121.0,78.933
RUS,4093.964999999997,115.0,78.933
RUS,4101.564999999997,114.0,78.933
RUS,4115.1205555555525,122.0,78.933
RUS,4123.787222222219,130.0,78.933
RUS,4136.942777777775,148.0,78.933
RUS,4143.69833333333,152.0,78.933
RUS,4154.878055555552,167.0,78.933
RUS,4162.478055555552,171.0,78.933
RUS,4176.711388888885,183.0,78.933
RUS,4187.266944444441,190.0,78.933
RUS,4198.211388888885,197.0,78.933
RUS,4207.233611111108,203.0,78.933
RUS,4221.033611111108,207.0,78.933
RUS,4237.989166666664,218.0,78.933
RUS,4255.333611111108,223.0,78.933
RUS,4265.466944444442,228.0,78.933
RUS,4299.700277777774,237.0,78.933
RUS,4310.233611111108,237.0,78.933
RUS,4338.222499999997,229.0,78.933
RUS,4350.94472222222,229.0,78.933
RUS,4366.211388888886,229.0,78.933
RUS,4383.958888888887,229.0,78.933
RUS,4399.358888888886,231.0,78.933
RUS,4414.958888888886,234.0,78.933
RUS,4436.114444444442,238.0,78.933
RUS,4459.914444444442,238.0,78.933
RUS,4473.4699999999975,244.0,78.933
RUS,4492.447777777775,244.0,78.933
RUS,4503.29222222222,244.0,78.933
RUS,4543.40333333333,190.0,78.933
RUS,4556.840555555553,134.0,78.933
RUS,4567.596111111108,121.0,78.933
RUS,4572.70722222222,115.0,78.933
RUS,4581.184999999998,109.0,78.933
RUS,4588.0516666666645,103.0,78.933
RUS,4593.496111111109,98.0,78.933
RUS,4599.896111111108,96.0,78.933
RUS,4607.596111111108,99.0,78.933
RUS,4614.529444444442,104.0,78.933
RUS,4621.929444444442,111.0,78.933
RUS,4628.262777777775,114.0,78.933
RUS,4635.996111111109,116.0,78.933
RUS,4641.684999999998,128.0,78.933
RUS,4650.884999999998,138.0,78.933
RUS,4662.940555555554,155.0,78.933
RUS,4670.096111111109,161.0,78.933
RUS,4689.851111111109,162.0,78.933
RUS,4698.851111111109,162.0,78.933
RUS,4707.795555555554,161.0,78.933
RUS,4718.66222222222,163.0,78.933
RUS,4726.039999999998,166.0,78.933
RUS,4745.262222222221,173.0,78.933
RUS,4759.573333333332,184.0,78.933
RUS,4770.184444444443,191.0,78.933
RUS,4785.662222222221,199.0,78.933
RUS,4799.062222222221,201.0,78.933
RUS,4817.78722222222,210.0,78.933
RUS,4837.253888888888,219.0,78.933
RUS,4849.809444444442,226.0,78.933
RUS,4870.87611111111,237.0,78.933
RUS,4889.620555555554,241.0,78.933
RUS,4908.909444444444,248.0,78.933
RUS,4928.509444444444,252.0,78.933
RUS,4939.9316666666655,257.0,78.933
RUS,4954.4316666666655,261.0,78.933
RUS,4969.153888888888,265.0,78.933
RUS,4993.153888888887,270.0,78.933
RUS,5011.28722222222,272.0,78.933
RUS,5035.820555555554,276.0,78.933
RUS,5051.2649999999985,278.0,78.933
RUS,5076.420555555554,283.0,78.933
RUS,5092.309444444442,286.0,78.933
RUS,5111.429444444442,288.0,78.933
RUS,5127.429444444441,288.0,78.933
RUS,5146.896111111108,292.0,78.933
RUS,5159.962777777775,294.0,78.933
RUS,5179.629444444441,295.0,78.933
RUS,5192.829444444442,297.0,78.933
RUS,5212.629444444441,297.0,78.933
RIC,11.120277777777778,301.0,79.032
RIC,31.253611111111113,302.0,79.032
RIC,48.198055555555555,305.0,79.032
RIC,71.99805555555555,306.0,79.032
RIC,92.53138888888888,308.0,79.032
RIC,116.56472222222222,309.0,79.032
RIC,140.67583333333334,310.0,79.032
RIC,168.4091666666667,312.0,79.032
RIC,196.14250000000004,312.0,79.032
RIC,223.87583333333336,312.0,79.032
RIC,254.76138888888894,308.0,79.032
RIC,287.15027777777783,265.0,79.032
RIC,307.7927777777778,207.0,79.032
RIC,324.3261111111111,186.0,79.032
RIC,345.95944444444444,177.0,79.032
RIC,355.8483333333333,178.0,79.032
RIC,365.6261111111111,176.0,79.032
RIC,377.4261111111111,177.0,79.032
RIC,395.9261111111111,185.0,79.032
RIC,418.14833333333326,200.0,79.032
RIC,434.32611111111106,208.0,79.032
RIC,456.0261111111111,217.0,79.032
RIC,470.69277777777774,220.0,79.032
RIC,485.6261111111111,224.0,79.032
RIC,495.7594444444444,228.0,79.032
RIC,527.226111111111,236.0,79.032
RIC,554.226111111111,243.0,79.032
RIC,567.8927777777776,246.0,79.032
RIC,584.626111111111,251.0,79.032
RIC,613.4038888888888,259.0,79.032
RIC,633.7816666666665,262.0,79.032
RIC,651.5888888888888,266.0,79.032
RIC,666.5333333333332,269.0,79.032
RIC,681.6444444444443,272.0,79.032
RIC,703.0333333333333,275.0,79.032
RIC,724.7333333333332,279.0,79.032
RIC,759.243611111111,283.0,79.032
RIC,781.4102777777777,285.0,79.032
RIC,803.7325,287.0,79.032
RIC,826.2880555555555,290.0,79.032
RIC,855.5880555555556,293.0,79.032
RIC,885.1880555555555,296.0,79.032
RIC,901.6880555555554,297.0,79.032
RIC,914.8880555555554,297.0,79.032
RIC,931.3880555555555,297.0,79.032
RIC,961.0880555555555,297.0,79.032
RIC,985.2658333333333,272.0,79.032
RIC,1003.2324999999998,231.0,79.032
RIC,1023.4547222222221,182.0,79.032
RIC,1030.7880555555555,165.0,79.032
RIC,1049.7102777777777,131.0,79.032
RIC,1062.4880555555555,115.0,79.032
RIC,1075.7180555555556,108.0,79.032
RIC,1080.3847222222223,105.0,79.032
RIC,1084.8736111111111,101.0,79.032
RIC,1092.7291666666667,101.0,79.032
RIC,1098.6180555555557,106.0,79.032
RIC,1110.4180555555556,118.0,79.032
RIC,1117.3830555555558,126.0,79.032
RIC,1124.8830555555558,135.0,79.032
RIC,1136.5497222222225,150.0,79.032
RIC,1145.3830555555558,159.0,79.032
RIC,1154.605277777778,166.0,79.032
RIC,1175.8719444444446,174.0,79.032
RIC,1194.7608333333335,170.0,79.032
RIC,1212.6497222222224,161.0,79.032
RIC,1225.3275000000003,163.0,79.032
RIC,1240.6163888888893,172.0,79.032
RIC,1250.3386111111115,175.0,79.032
RIC,1264.8052777777782,186.0,79.032
RIC,1280.1275000000005,197.0,79.032
RIC,1291.4608333333338,204.0,79.032
RIC,1307.8719444444448,211.0,79.032
RIC,1319.871944444445,216.0,79.032
RIC,1332.1497222222229,221.0,79.032
RIC,1344.7052777777783,226.0,79.032
RIC,1357.4830555555561,230.0,79.032
RIC,1370.4275000000005,233.0,79.032
RIC,1386.293333333334,237.0,79.032
RIC,1405.0377777777783,241.0,79.032
RIC,1415.7488888888895,241.0,79.032
RIC,1429.304444444445,244.0,79.032
RIC,1440.2377777777783,246.0,79.032
RIC,1462.1933333333338,247.0,79.032
RIC,1478.793333333334,249.0,79.032
RIC,1492.668055555556,251.0,79.032
RIC,1509.6013888888895,254.0,79.032
RIC,1538.379166666667,259.0,79.032
RIC,1561.7569444444448,263.0,79.032
RIC,1582.4458333333337,266.0,79.032
RIC,1612.4458333333337,270.0,79.032
RIC,1648.979166666667,274.0,79.032
RIC,1667.3791666666668,276.0,79.032
RIC,1685.9125000000004,278.0,79.032
RIC,1707.6125000000004,279.0,79.032
RIC,1720.0125000000005,279.0,79.032
RIC,1741.6347222222225,278.0,79.032
RIC,1775.5850000000003,271.0,79.032
RIC,1792.1875000000002,261.0,79.032
RIC,1817.5208333333337,228.0,79.032
RIC,1832.3208333333337,222.0,79.032
RIC,1841.9208333333336,216.0,79.032
RIC,1853.9808333333335,216.0,79.032
RIC,1873.0919444444446,215.0,79.032
RIC,1895.2919444444447,222.0,79.032
RIC,1907.9030555555557,227.0,79.032
RIC,1926.025277777778,233.0,79.032
RIC,1944.6919444444447,240.0,79.032
RIC,1971.8461111111112,245.0,79.032
RIC,1991.2905555555558,250.0,79.032
RIC,2022.701666666667,257.0,79.032
RIC,2051.923888888889,263.0,79.032
RIC,2063.701666666667,265.0,79.032
RIC,2093.4794444444447,268.0,79.032
RIC,2126.601666666667,271.0,79.032
RIC,2157.0461111111113,274.0,79.032
RIC,2172.3794444444447,276.0,79.032
RIC,2209.4461111111113,278.0,79.032
RIC,2234.2461111111115,279.0,79.032
RIC,2256.1016666666674,281.0,79.032
RIC,2274.9016666666676,282.0,79.032
RIC,2296.9905555555565,284.0,79.032
RIC,2319.2350000000006,286.0,79.032
RIC,2344.8258333333342,287.0,79.032
RIC,2373.7258333333343,289.0,79.032
RIC,2396.28138888889,290.0,79.032
RIC,2422.1480555555568,291.0,79.032
RIC,2435.1258333333344,292.0,79.032
RIC,2457.914722222223,293.0,79.032
RIC,2480.699722222223,294.0,79.032
RIC,2506.8330555555563,294.0,79.032
RIC,2539.7219444444454,296.0,79.032
RIC,2552.8775000000005,296.0,79.032
RIC,2569.3219444444453,296.0,79.032
RIC,2585.821944444445,297.0,79.032
RIC,2602.3775000000005,298.0,79.032
RIC,2618.933055555556,298.0,79.032
RIC,2635.544166666667,299.0,79.032
RIC,2658.7997222222225,299.0,79.032
RIC,2675.4663888888895,300.0,79.032
RIC,2715.5997222222227,301.0,79.032
RIC,2732.3775000000005,302.0,79.032
RIC,2745.7997222222225,302.0,79.032
RIC,2762.5775000000003,302.0,79.032
RIC,2789.4219444444448,302.0,79.032
RIC,2816.1775000000002,301.0,79.032
RIC,2832.9552777777776,302.0,79.032
RIC,2846.333055555556,301.0,79.032
RIC,2869.744166666667,301.0,79.032
RIC,2889.8944444444446,301.0,79.032
RIC,2909.9611111111108,301.0,79.032
RIC,2936.6277777777773,300.0,79.032
RIC,2959.9611111111108,300.0,79.032
RIC,2993.183333333333,299.0,79.032
RIC,3009.7388888888886,298.0,79.032
RIC,3022.8563888888884,297.0,79.032
RIC,3045.878611111111,296.0,79.032
RIC,3078.5452777777773,294.0,79.032
RIC,3098.0786111111106,293.0,79.032
RIC,3120.789722222222,292.0,79.032
RIC,3137.0119444444435,292.0,79.032
RIC,3159.6452777777768,291.0,79.032
RIC,3175.8119444444437,291.0,79.032
RIC,3197.9786111111107,285.0,79.032
RIC,3210.2897222222214,277.0,79.032
RIC,3232.6008333333325,251.0,79.032
RIC,3254.023055555555,241.0,79.032
RIC,3272.5341666666664,238.0,79.032
RIC,3296.3341666666665,238.0,79.032
RIC,3325.911944444444,242.0,79.032
RIC,3347.9563888888883,248.0,79.032
RIC,3369.5563888888883,243.0,79.032
RIC,3394.1244444444437,245.0,79.032
RIC,3410.524444444444,246.0,79.032
RIC,3432.568888888888,248.0,79.032
RIC,3457.8688888888883,253.0,79.032
RIC,3477.935555555555,258.0,79.032
RIC,3498.157777777777,260.0,79.032
RIC,3509.7736111111103,263.0,79.032
RIC,3533.5958333333324,268.0,79.032
RIC,3549.5966666666654,273.0,79.032
RIC,3563.9816666666657,274.0,79.032
RIC,3595.0927777777765,280.0,79.032
RIC,3607.6261111111103,282.0,79.032
RIC,3633.0483333333327,286.0,79.032
RIC,3714.992777777777,295.0,79.032
RIC,3748.103888888888,298.0,79.032
RIC,3761.4372222222214,300.0,79.032
RIC,3774.7705555555544,300.0,79.032
RIC,3798.2594444444435,302.0,79.032
RIC,3815.148333333332,304.0,79.032
RIC,3832.092777777777,305.0,79.032
RIC,3873.159444444444,308.0,79.032
RIC,3890.3561111111103,308.0,79.032
RIC,3914.3894444444436,309.0,79.032
RIC,3941.8561111111103,309.0,79.032
RIC,3976.0783333333325,308.0,79.032
RIC,3989.3672222222217,299.0,79.032
RIC,4008.7338888888885,249.0,79.032
RIC,4027.3116666666665,209.0,79.032
RIC,4037.4827777777773,184.0,79.032
RIC,4047.949444444444,157.0,79.032
RIC,4054.5716666666663,149.0,79.032
RIC,4066.216111111111,131.0,79.032
RIC,4078.016111111111,118.0,79.032
RIC,4088.1494444444443,114.0,79.032
RIC,4095.4827777777778,110.0,79.032
RIC,4101.816111111111,114.0,79.032
RIC,4115.816111111111,126.0,79.032
RIC,4129.616111111111,138.0,79.032
RIC,4147.060555555556,157.0,79.032
RIC,4154.4383333333335,166.0,79.032
RIC,4168.360555555556,179.0,79.032
RIC,4189.805,193.0,79.032
RIC,4198.560555555556,197.0,79.032
RIC,4221.840833333334,209.0,79.032
RIC,4236.3741666666665,218.0,79.032
RIC,4248.763055555555,223.0,79.032
RIC,4266.574166666666,229.0,79.032
RIC,4284.618611111111,232.0,79.032
RIC,4308.018611111111,234.0,79.032
RIC,4318.196388888889,229.0,79.032
RIC,4330.696388888889,225.0,79.032
RIC,4345.429722222221,221.0,79.032
RIC,4360.096388888888,220.0,79.032
RIC,4372.257499999999,220.0,79.032
RIC,4387.124166666666,223.0,79.032
RIC,4399.568611111109,224.0,79.032
RIC,4419.924166666665,229.0,79.032
RIC,4443.424166666665,235.0,79.032
RIC,4461.624166666665,234.0,79.032
RIC,4487.957499999998,237.0,79.032
RIC,4504.224166666665,244.0,79.032
RIC,4523.957499999998,222.0,79.032
RIC,4532.268611111109,187.0,79.032
RIC,4547.96861111111,157.0,79.032
RIC,4555.913055555554,143.0,79.032
RIC,4564.379722222221,127.0,79.032
RIC,4571.101944444443,121.0,79.032
RIC,4582.3019444444435,112.0,79.032
RIC,4590.701944444443,108.0,79.032
RIC,4599.88611111111,103.0,79.032
RIC,4607.508333333332,98.0,79.032
RIC,4613.119444444444,101.0,79.032
RIC,4617.741666666666,104.0,79.032
RIC,4625.008333333332,109.0,79.032
RIC,4634.263888888888,119.0,79.032
RIC,4649.263888888888,135.0,79.032
RIC,4666.263888888888,153.0,79.032
RIC,4680.618888888888,162.0,79.032
RIC,4687.996666666666,166.0,79.032
RIC,4701.374444444444,172.0,79.032
RIC,4710.985555555555,173.0,79.032
RIC,4722.385555555555,171.0,79.032
RIC,4729.852222222221,168.0,79.032
RIC,4741.185555555555,170.0,79.032
RIC,4765.318888888888,181.0,79.032
RIC,4782.385555555555,192.0,79.032
RIC,4797.863333333333,199.0,79.032
RIC,4809.196666666667,204.0,79.032
RIC,4820.863333333333,210.0,79.032
RIC,4837.585555555555,215.0,79.032
RIC,4847.407777777778,221.0,79.032
RIC,4862.541111111112,227.0,79.032
RIC,4888.8744444444455,237.0,79.032
RIC,4916.276111111112,246.0,79.032
RIC,4941.676111111112,254.0,79.032
RIC,4958.809444444445,257.0,79.032
RIC,4973.309444444445,261.0,79.032
RIC,4994.0761111111115,267.0,79.032
RIC,5006.0761111111115,270.0,79.032
RIC,5018.120555555555,271.0,79.032
RIC,5042.831666666667,278.0,79.032
RIC,5055.187222222222,278.0,79.032
RIC,5070.7427777777775,280.0,79.032
RIC,5086.386388888888,283.0,79.032
RIC,5105.519722222221,287.0,79.032
RIC,5119.247222222222,289.0,79.032
RIC,5137.694444444444,290.0,79.032
RIC,5170.25,293.0,79.032
RIC,5193.116666666667,294.0,79.032
RIC,5209.449999999999,294.0,79.032
RIC,5222.561111111111,295.0,79.032
OCO,0.5133333333333333,308.0,79.061
OCO,27.979999999999997,309.0,79.061
OCO,52.24666666666666,312.0,79.061
OCO,73.11333333333333,313.0,79.061
OCO,87.06888888888889,314.0,79.061
OCO,108.00222222222223,314.0,79.061
OCO,129.13555555555556,317.0,79.061
OCO,143.18055555555554,318.0,79.061
OCO,160.90277777777777,319.0,79.061
OCO,189.34722222222223,320.0,79.061
OCO,207.18055555555557,321.0,79.061
OCO,224.95833333333331,320.0,79.061
OCO,256.7583333333333,318.0,79.061
OCO,278.3805555555556,278.0,79.061
OCO,294.9138888888889,248.0,79.061
OCO,309.3805555555556,217.0,79.061
OCO,324.78055555555557,198.0,79.061
OCO,343.5805555555556,188.0,79.061
OCO,363.5805555555555,180.0,79.061
OCO,373.69166666666666,182.0,79.061
OCO,383.8027777777778,182.0,79.061
OCO,398.2694444444445,186.0,79.061
OCO,411.1361111111111,193.0,79.061
OCO,429.59361111111116,207.0,79.061
OCO,446.0047222222223,211.0,79.061
OCO,460.47138888888895,217.0,79.061
OCO,470.2491666666667,220.0,79.061
OCO,482.6936111111112,224.0,79.061
OCO,497.96027777777783,229.0,79.061
OCO,510.8491666666667,232.0,79.061
OCO,521.2491666666667,234.0,79.061
OCO,539.8380555555557,239.0,79.061
OCO,556.171388888889,245.0,79.061
OCO,581.2016666666668,251.0,79.061
OCO,598.4016666666669,258.0,79.061
OCO,627.6238888888892,263.0,79.061
OCO,642.512777777778,268.0,79.061
OCO,676.1238888888892,275.0,79.061
OCO,704.2238888888891,281.0,79.061
OCO,726.2350000000001,283.0,79.061
OCO,755.0350000000002,288.0,79.061
OCO,784.2350000000001,292.0,79.061
OCO,810.3683333333335,294.0,79.061
OCO,843.5905555555557,299.0,79.061
OCO,867.0794444444446,302.0,79.061
OCO,894.1861111111112,304.0,79.061
OCO,924.7861111111114,306.0,79.061
OCO,945.1194444444445,305.0,79.061
OCO,958.6750000000001,305.0,79.061
OCO,982.1416666666668,264.0,79.061
OCO,1005.363888888889,209.0,79.061
OCO,1015.7527777777779,187.0,79.061
OCO,1023.6194444444445,177.0,79.061
OCO,1032.452777777778,159.0,79.061
OCO,1043.4194444444447,141.0,79.061
OCO,1050.752777777778,132.0,79.061
OCO,1060.2077777777781,122.0,79.061
OCO,1066.7633333333335,118.0,79.061
OCO,1075.4744444444445,112.0,79.061
OCO,1081.5855555555556,110.0,79.061
OCO,1087.418888888889,105.0,79.061
OCO,1100.8633333333335,110.0,79.061
OCO,1107.1966666666667,114.0,79.061
OCO,1112.4855555555557,119.0,79.061
OCO,1119.4855555555557,126.0,79.061
OCO,1126.93,134.0,79.061
OCO,1139.1966666666667,138.0,79.061
OCO,1156.1966666666667,153.0,79.061
OCO,1165.5855555555556,169.0,79.061
OCO,1173.0522222222223,168.0,79.061
OCO,1185.8077777777778,164.0,79.061
OCO,1203.7413888888889,161.0,79.061
OCO,1212.4636111111113,157.0,79.061
OCO,1220.9636111111113,153.0,79.061
OCO,1229.5747222222224,155.0,79.061
OCO,1248.4636111111113,170.0,79.061
OCO,1262.541388888889,181.0,79.061
OCO,1284.2080555555558,195.0,79.061
OCO,1304.9080555555558,207.0,79.061
OCO,1321.4747222222225,213.0,79.061
OCO,1341.3858333333335,224.0,79.061
OCO,1356.5225000000003,228.0,79.061
OCO,1374.7225000000003,234.0,79.061
OCO,1385.2113888888891,236.0,79.061
OCO,1414.911388888889,243.0,79.061
OCO,1428.5225000000003,245.0,79.061
OCO,1445.1225000000002,249.0,79.061
OCO,1473.0113888888889,251.0,79.061
OCO,1492.7669444444446,254.0,79.061
OCO,1506.8780555555556,254.0,79.061
OCO,1529.900277777778,259.0,79.061
OCO,1544.289166666667,259.0,79.061
OCO,1558.9558333333339,264.0,79.061
OCO,1585.5558333333338,266.0,79.061
OCO,1603.6225000000004,271.0,79.061
OCO,1625.0877777777785,275.0,79.061
OCO,1643.554444444445,277.0,79.061
OCO,1665.3322222222228,280.0,79.061
OCO,1677.8211111111116,281.0,79.061
OCO,1706.2211111111114,284.0,79.061
OCO,1718.9322222222227,286.0,79.061
OCO,1741.3322222222225,288.0,79.061
OCO,1760.3988888888894,286.0,79.061
OCO,1776.0100000000004,281.0,79.061
OCO,1792.476666666667,247.0,79.061
OCO,1805.6988888888893,238.0,79.061
OCO,1827.6377777777782,220.0,79.061
OCO,1839.526666666667,214.0,79.061
OCO,1851.1377777777784,209.0,79.061
OCO,1873.915555555556,205.0,79.061
OCO,1883.2488888888893,210.0,79.061
OCO,1897.6488888888891,216.0,79.061
OCO,1917.4711111111114,223.0,79.061
OCO,1938.0044444444447,231.0,79.061
OCO,1948.448888888889,235.0,79.061
OCO,1959.0266666666669,238.0,79.061
OCO,1969.6488888888891,239.0,79.061
OCO,1985.9822222222226,245.0,79.061
OCO,2005.426666666667,250.0,79.061
OCO,2016.626666666667,252.0,79.061
OCO,2039.4711111111114,257.0,79.061
OCO,2053.86,259.0,79.061
OCO,2065.5772222222226,262.0,79.061
OCO,2092.1772222222226,266.0,79.061
OCO,2104.0438888888893,267.0,79.061
OCO,2128.043888888889,270.0,79.061
OCO,2146.1772222222226,272.0,79.061
OCO,2173.6772222222226,275.0,79.061
OCO,2198.299444444445,277.0,79.061
OCO,2226.299444444445,280.0,79.061
OCO,2248.310555555556,283.0,79.061
OCO,2276.810555555556,285.0,79.061
OCO,2289.477222222223,285.0,79.061
OCO,2311.719722222223,287.0,79.061
OCO,2376.8308333333343,293.0,79.061
OCO,2406.3308333333343,295.0,79.061
OCO,2426.0641666666675,296.0,79.061
OCO,2452.4641666666676,297.0,79.061
OCO,2472.3308333333343,298.0,79.061
OCO,2508.8752777777786,299.0,79.061
OCO,2538.975277777779,301.0,79.061
OCO,2555.6975000000007,301.0,79.061
OCO,2572.4197222222233,301.0,79.061
OCO,2589.3372222222233,303.0,79.061
OCO,2602.8483333333343,304.0,79.061
OCO,2629.8705555555566,304.0,79.061
OCO,2653.670555555557,306.0,79.061
OCO,2677.5483333333345,307.0,79.061
OCO,2701.5038888888903,308.0,79.061
OCO,2715.1927777777787,308.0,79.061
OCO,2742.5705555555564,308.0,79.061
OCO,2766.526111111112,308.0,79.061
OCO,2780.2594444444453,309.0,79.061
OCO,2811.1594444444454,309.0,79.061
OCO,2831.7594444444458,309.0,79.061
OCO,2848.9261111111127,309.0,79.061
OCO,2866.0069444444457,309.0,79.061
OCO,2893.4736111111124,309.0,79.061
OCO,2907.2069444444455,309.0,79.061
OCO,2920.940277777779,309.0,79.061
OCO,2951.740277777779,308.0,79.061
OCO,2975.6958333333346,308.0,79.061
OCO,2992.8069444444454,308.0,79.061
OCO,3020.184722222223,308.0,79.061
OCO,3040.7180555555565,308.0,79.061
OCO,3061.25138888889,308.0,79.061
OCO,3092.0513888888895,308.0,79.061
OCO,3122.8513888888892,308.0,79.061
OCO,3146.806944444445,308.0,79.061
OCO,3160.5366666666673,307.0,79.061
OCO,3174.0922222222225,305.0,79.061
OCO,3194.3588888888894,304.0,79.061
OCO,3210.581111111111,292.0,79.061
OCO,3231.347777777778,267.0,79.061
OCO,3259.1255555555563,250.0,79.061
OCO,3269.925555555556,243.0,79.061
OCO,3285.725555555556,237.0,79.061
OCO,3304.081111111112,236.0,79.061
OCO,3319.8811111111117,237.0,79.061
OCO,3341.0366666666673,238.0,79.061
OCO,3354.092222222223,235.0,79.061
OCO,3367.0922222222225,234.0,79.061
OCO,3393.2488888888893,236.0,79.061
OCO,3411.604444444445,236.0,79.061
OCO,3424.8266666666677,238.0,79.061
OCO,3451.9377777777786,244.0,79.061
OCO,3479.8266666666673,251.0,79.061
OCO,3496.7600000000007,254.0,79.061
OCO,3525.7600000000007,261.0,79.061
OCO,3537.44888888889,263.0,79.061
OCO,3555.3155555555563,268.0,79.061
OCO,3567.315555555557,270.0,79.061
OCO,3585.5155555555566,273.0,79.061
OCO,3597.7822222222235,276.0,79.061
OCO,3622.9272222222235,282.0,79.061
OCO,3654.816111111112,287.0,79.061
OCO,3667.660555555557,289.0,79.061
OCO,3687.1272222222237,292.0,79.061
OCO,3709.99388888889,294.0,79.061
OCO,3723.1050000000014,295.0,79.061
OCO,3736.305000000001,297.0,79.061
OCO,3759.5605555555567,299.0,79.061
OCO,3776.2827777777793,301.0,79.061
OCO,3799.849444444446,303.0,79.061
OCO,3826.960555555557,305.0,79.061
OCO,3854.516111111113,310.0,79.061
OCO,3889.2938888888907,313.0,79.061
OCO,3924.2063888888906,315.0,79.061
OCO,3955.7063888888906,315.0,79.061
OCO,3973.20638888889,315.0,79.061
OCO,3986.050833333335,289.0,79.061
OCO,4010.3508333333352,243.0,79.061
OCO,4019.950833333335,216.0,79.061
OCO,4032.817500000002,193.0,79.061
OCO,4050.5952777777798,160.0,79.061
OCO,4060.1952777777797,144.0,79.061
OCO,4067.6952777777797,135.0,79.061
OCO,4076.228611111113,128.0,79.061
OCO,4084.228611111113,120.0,79.061
OCO,4090.6494444444465,115.0,79.061
OCO,4104.216111111113,111.0,79.061
OCO,4109.016111111113,108.0,79.061
OCO,4113.949444444446,111.0,79.061
OCO,4124.705000000002,121.0,79.061
OCO,4140.038333333335,138.0,79.061
OCO,4152.016111111113,154.0,79.061
OCO,4166.860555555558,167.0,79.061
OCO,4198.693888888891,191.0,79.061
OCO,4212.093888888891,201.0,79.061
OCO,4228.427222222224,210.0,79.061
OCO,4255.376944444447,221.0,79.061
OCO,4273.188055555558,229.0,79.061
OCO,4291.31027777778,233.0,79.061
OCO,4306.843611111114,233.0,79.061
OCO,4327.554722222225,233.0,79.061
OCO,4345.365833333336,229.0,79.061
OCO,4360.365833333336,225.0,79.061
OCO,4386.765833333336,216.0,79.061
OCO,4410.876944444447,217.0,79.061
OCO,4438.561944444447,226.0,79.061
OCO,4448.739722222225,229.0,79.061
OCO,4459.006388888892,231.0,79.061
OCO,4474.5397222222255,233.0,79.061
OCO,4487.706388888892,237.0,79.061
OCO,4501.09527777778,241.0,79.061
OCO,4511.806388888892,241.0,79.061
OCO,4523.69527777778,214.0,79.061
OCO,4537.69527777778,180.0,79.061
OCO,4551.473055555558,155.0,79.061
OCO,4560.473055555558,135.0,79.061
OCO,4572.773055555558,123.0,79.061
OCO,4584.995277777781,110.0,79.061
OCO,4597.2175000000025,100.0,79.061
OCO,4603.723611111113,98.0,79.061
OCO,4610.956944444447,93.0,79.061
OCO,4615.223611111113,96.0,79.061
OCO,4626.668055555558,103.0,79.061
OCO,4632.612500000002,107.0,79.061
OCO,4643.012500000003,117.0,79.061
OCO,4648.345833333336,120.0,79.061
OCO,4662.245833333335,139.0,79.061
OCO,4668.823611111113,148.0,79.061
OCO,4680.956944444446,156.0,79.061
OCO,4689.956944444446,162.0,79.061
OCO,4706.856944444446,169.0,79.061
OCO,4716.404444444445,171.0,79.061
OCO,4729.626666666668,170.0,79.061
OCO,4741.0266666666685,171.0,79.061
OCO,4756.937777777779,179.0,79.061
OCO,4769.471111111113,188.0,79.061
OCO,4793.915555555557,200.0,79.061
OCO,4817.24888888889,210.0,79.061
OCO,4829.137777777779,214.0,79.061
OCO,4846.24888888889,220.0,79.061
OCO,4856.471111111112,230.0,79.061
OCO,4866.782222222223,232.0,79.061
OCO,4885.44888888889,240.0,79.061
OCO,4896.293333333335,244.0,79.061
OCO,4933.200000000001,256.0,79.061
OCO,4953.5777777777785,262.0,79.061
OCO,4974.266666666667,266.0,79.061
OCO,4995.266666666667,270.0,79.061
OCO,5007.444444444445,274.0,79.061
OCO,5025.911111111112,277.0,79.061
OCO,5044.644444444445,281.0,79.061
OCO,5076.422222222223,286.0,79.061
OCO,5095.68888888889,289.0,79.061
OCO,5121.644444444445,292.0,79.061
OCO,5134.711111111113,294.0,79.061
OCO,5154.593611111112,297.0,79.061
OCO,5167.882500000001,299.0,79.061
OCO,5191.37138888889,302.0,79.061
OCO,5208.204722222224,303.0,79.061
OCO,5225.149166666667,305.0,79.061
SAI,2.6844444444444444,302.0,78.469
SAI,36.46222222222222,304.0,78.469
SAI,60.26222222222222,306.0,78.469
SAI,77.37333333333333,308.0,78.469
SAI,115.26222222222222,310.0,78.469
SAI,146.4622222222222,312.0,78.469
SAI,160.32888888888888,312.0,78.469
SAI,177.71777777777777,313.0,78.469
SAI,202.21777777777774,315.0,78.469
SAI,219.71777777777777,315.0,78.469
SAI,237.1622222222222,314.0,78.469
SAI,260.88444444444445,305.0,78.469
SAI,279.41777777777776,278.0,78.469
SAI,296.08444444444444,250.0,78.469
SAI,308.52194444444444,225.0,78.469
SAI,320.2441666666667,211.0,78.469
SAI,335.56638888888887,197.0,78.469
SAI,352.5441666666667,191.0,78.469
SAI,362.82194444444445,185.0,78.469
SAI,377.05527777777775,183.0,78.469
SAI,391.5997222222222,187.0,78.469
SAI,406.61083333333335,193.0,78.469
SAI,420.0108333333334,201.0,78.469
SAI,433.6775,205.0,78.469
SAI,447.8775,213.0,78.469
SAI,462.41083333333336,218.0,78.469
SAI,474.69416666666666,220.0,78.469
SAI,489.7608333333333,226.0,78.469
SAI,502.64972222222224,232.0,78.469
SAI,521.0830555555556,237.0,78.469
SAI,531.6608333333334,238.0,78.469
SAI,553.2608333333334,243.0,78.469
SAI,564.2386111111111,247.0,78.469
SAI,580.9719444444445,251.0,78.469
SAI,592.3052777777779,255.0,78.469
SAI,612.6052777777779,261.0,78.469
SAI,645.2386111111113,267.0,78.469
SAI,663.3719444444446,272.0,78.469
SAI,675.5497222222224,274.0,78.469
SAI,694.0830555555557,278.0,78.469
SAI,719.1497222222222,282.0,78.469
SAI,738.0041666666667,284.0,78.469
SAI,760.3263888888889,287.0,78.469
SAI,795.8930555555556,291.0,78.469
SAI,825.3930555555556,295.0,78.469
SAI,841.8930555555555,297.0,78.469
SAI,855.1374999999999,298.0,78.469
SAI,878.3930555555556,299.0,78.469
SAI,891.726388888889,300.0,78.469
SAI,915.2152777777778,302.0,78.469
SAI,935.3486111111112,302.0,78.469
SAI,971.9761111111111,299.0,78.469
SAI,998.5316666666666,239.0,78.469
SAI,1008.5316666666666,225.0,78.469
SAI,1023.2316666666666,189.0,78.469
SAI,1040.3427777777777,154.0,78.469
SAI,1053.5427777777777,132.0,78.469
SAI,1063.1094444444443,123.0,78.469
SAI,1075.3316666666665,110.0,78.469
SAI,1082.465,107.0,78.469
SAI,1090.476111111111,103.0,78.469
SAI,1099.9872222222223,107.0,78.469
SAI,1104.8316666666667,109.0,78.469
SAI,1113.7761111111113,115.0,78.469
SAI,1120.4647222222222,121.0,78.469
SAI,1126.153611111111,128.0,78.469
SAI,1143.8758333333333,145.0,78.469
SAI,1162.0980555555554,164.0,78.469
SAI,1169.653611111111,170.0,78.469
SAI,1177.2980555555555,172.0,78.469
SAI,1186.6313888888888,168.0,78.469
SAI,1197.364722222222,161.0,78.469
SAI,1209.575833333333,157.0,78.469
SAI,1220.2424999999998,160.0,78.469
SAI,1234.9980555555553,166.0,78.469
SAI,1244.3780555555554,168.0,78.469
SAI,1262.6780555555554,183.0,78.469
SAI,1273.1780555555554,189.0,78.469
SAI,1283.9558333333332,194.0,78.469
SAI,1294.9558333333332,198.0,78.469
SAI,1306.2891666666667,204.0,78.469
SAI,1330.1780555555556,215.0,78.469
SAI,1339.8669444444445,218.0,78.469
SAI,1354.933611111111,226.0,78.469
SAI,1372.7447222222222,229.0,78.469
SAI,1399.1891666666666,238.0,78.469
SAI,1409.8558333333333,240.0,78.469
SAI,1423.3002777777779,242.0,78.469
SAI,1442.3558333333333,245.0,78.469
SAI,1467.3558333333333,250.0,78.469
SAI,1498.0858333333333,252.0,78.469
SAI,1529.6191666666668,258.0,78.469
SAI,1558.6191666666668,261.0,78.469
SAI,1573.2302777777782,263.0,78.469
SAI,1585.1413888888892,268.0,78.469
SAI,1615.3636111111114,272.0,78.469
SAI,1633.630277777778,274.0,78.469
SAI,1652.096944444445,277.0,78.469
SAI,1667.5413888888893,278.0,78.469
SAI,1680.0636111111116,280.0,78.469
SAI,1695.7302777777782,282.0,78.469
SAI,1720.9747222222227,284.0,78.469
SAI,1746.396944444445,286.0,78.469
SAI,1777.9525000000003,284.0,78.469
SAI,1809.6858333333337,238.0,78.469
SAI,1819.9969444444448,232.0,78.469
SAI,1837.1858333333337,221.0,78.469
SAI,1856.2969444444448,215.0,78.469
SAI,1870.7636111111112,217.0,78.469
SAI,1885.4969444444446,221.0,78.469
SAI,1895.4969444444446,225.0,78.469
SAI,1910.6969444444446,228.0,78.469
SAI,1923.7525,235.0,78.469
SAI,1934.4191666666668,240.0,78.469
SAI,1947.8636111111111,242.0,78.469
SAI,1966.851111111111,245.0,78.469
SAI,1994.7400000000002,251.0,78.469
SAI,2006.0288888888892,254.0,78.469
SAI,2020.306666666667,257.0,78.469
SAI,2052.4511111111115,263.0,78.469
SAI,2064.1844444444446,264.0,78.469
SAI,2079.017777777778,267.0,78.469
SAI,2106.117777777778,271.0,78.469
SAI,2130.549444444445,274.0,78.469
SAI,2158.049444444445,275.0,78.469
SAI,2179.749444444445,279.0,78.469
SAI,2192.1494444444447,279.0,78.469
SAI,2210.8827777777783,281.0,78.469
SAI,2242.3272222222226,283.0,78.469
SAI,2261.3938888888893,286.0,78.469
SAI,2277.338333333333,287.0,78.469
SAI,2296.5383333333334,288.0,78.469
SAI,2309.3827777777774,289.0,78.469
SAI,2322.2716666666665,290.0,78.469
SAI,2344.9827777777778,292.0,78.469
SAI,2377.6494444444443,294.0,78.469
SAI,2410.427222222222,295.0,78.469
SAI,2426.871666666667,296.0,78.469
SAI,2440.116111111111,298.0,78.469
SAI,2456.7272222222223,299.0,78.469
SAI,2479.899722222222,299.0,78.469
SAI,2520.0330555555556,301.0,78.469
SAI,2536.810833333333,302.0,78.469
SAI,2557.0108333333333,303.0,78.469
SAI,2577.2775,304.0,78.469
SAI,2594.221944444444,305.0,78.469
SAI,2618.021944444444,306.0,78.469
SAI,2635.0775,307.0,78.469
SAI,2662.3663888888887,307.0,78.469
SAI,2696.5627777777772,307.0,78.469
SAI,2713.6738888888885,308.0,78.469
SAI,2737.5516666666663,307.0,78.469
SAI,2768.4516666666664,309.0,78.469
SAI,2788.918333333333,307.0,78.469
SAI,2805.9738888888883,307.0,78.469
SAI,2829.929444444444,308.0,78.469
SAI,2846.9849999999997,307.0,78.469
SAI,2864.040555555555,307.0,78.469
SAI,2881.0405555555553,306.0,78.469
SAI,2908.329444444444,307.0,78.469
SAI,2925.440555555555,308.0,78.469
SAI,2966.373888888889,307.0,78.469
SAI,3000.373888888889,306.0,78.469
SAI,3037.7738888888885,306.0,78.469
SAI,3061.4888888888886,306.0,78.469
SAI,3085.288888888889,306.0,78.469
SAI,3102.2888888888883,306.0,78.469
SAI,3122.755555555555,307.0,78.469
SAI,3139.8111111111107,307.0,78.469
SAI,3160.1444444444437,305.0,78.469
SAI,3180.2111111111108,301.0,78.469
SAI,3196.8777777777777,300.0,78.469
SAI,3218.266666666667,275.0,78.469
SAI,3232.7275,259.0,78.469
SAI,3254.3275,243.0,78.469
SAI,3272.5275,234.0,78.469
SAI,3285.471944444445,233.0,78.469
SAI,3301.071944444445,234.0,78.469
SAI,3325.071944444445,240.0,78.469
SAI,3335.8275000000003,242.0,78.469
SAI,3349.4386111111116,245.0,78.469
SAI,3365.7719444444447,245.0,78.469
SAI,3379.5497222222225,248.0,78.469
SAI,3412.483055555556,247.0,78.469
SAI,3423.505277777778,248.0,78.469
SAI,3440.305277777778,252.0,78.469
SAI,3468.7497222222223,256.0,78.469
SAI,3483.083055555556,258.0,78.469
SAI,3500.6163888888887,263.0,78.469
SAI,3512.349722222222,264.0,78.469
SAI,3530.283055555555,269.0,78.469
SAI,3548.407222222222,273.0,78.469
SAI,3566.7405555555556,275.0,78.469
SAI,3597.7405555555556,279.0,78.469
SAI,3629.6294444444443,287.0,78.469
SAI,3648.896111111111,289.0,78.469
SAI,3665.118333333333,292.0,78.469
SAI,3698.0072222222216,296.0,78.469
SAI,3714.5897222222216,297.0,78.469
SAI,3744.6897222222215,301.0,78.469
SAI,3761.411944444444,301.0,78.469
SAI,3778.3008333333332,304.0,78.469
SAI,3798.6341666666663,305.0,78.469
SAI,3839.8341666666665,309.0,78.469
SAI,3864.1008333333334,312.0,78.469
SAI,3884.9674999999997,313.0,78.469
SAI,3912.9674999999997,315.0,78.469
SAI,3933.9674999999997,315.0,78.469
SAI,3965.3675,314.0,78.469
SAI,3988.9341666666664,303.0,78.469
SAI,4012.6341666666663,237.0,78.469
SAI,4022.456388888889,221.0,78.469
SAI,4046.578611111111,167.0,78.469
SAI,4062.206111111111,141.0,78.469
SAI,4074.706111111111,125.0,78.469
SAI,4083.6505555555555,115.0,78.469
SAI,4095.983888888889,111.0,78.469
SAI,4102.372777777778,115.0,78.469
SAI,4107.528333333333,116.0,78.469
SAI,4112.9061111111105,121.0,78.469
SAI,4121.372777777777,127.0,78.469
SAI,4134.39111111111,146.0,78.469
SAI,4181.157777777777,183.0,78.469
SAI,4197.779999999999,187.0,78.469
SAI,4206.757777777777,202.0,78.469
SAI,4220.557777777777,207.0,78.469
SAI,4230.024444444443,213.0,78.469
SAI,4242.19111111111,219.0,78.469
SAI,4262.279999999999,226.0,78.469
SAI,4280.402222222221,233.0,78.469
SAI,4290.846666666665,235.0,78.469
SAI,4306.313333333333,232.0,78.469
SAI,4321.379999999999,226.0,78.469
SAI,4336.179999999999,222.0,78.469
SAI,4357.579999999999,214.0,78.469
SAI,4374.457777777777,217.0,78.469
SAI,4386.674166666666,221.0,78.469
SAI,4404.329722222222,227.0,78.469
SAI,4424.774166666666,230.0,78.469
SAI,4445.574166666666,234.0,78.469
SAI,4464.31861111111,241.0,78.469
SAI,4475.029722222222,241.0,78.469
SAI,4496.985277777777,247.0,78.469
SAI,4507.963055555554,247.0,78.469
SAI,4518.472777777776,235.0,78.469
SAI,4534.5727777777765,207.0,78.469
SAI,4550.172777777777,156.0,78.469
SAI,4557.8949999999995,139.0,78.469
SAI,4564.950555555555,127.0,78.469
SAI,4575.528333333333,119.0,78.469
SAI,4587.872777777778,101.0,78.469
SAI,4598.428333333333,95.0,78.469
SAI,4603.761666666666,96.0,78.469
SAI,4610.161666666666,96.0,78.469
SAI,4620.461666666666,103.0,78.469
SAI,4627.594999999999,107.0,78.469
SAI,4633.983888888888,115.0,78.469
SAI,4646.983888888889,130.0,78.469
SAI,4658.10611111111,143.0,78.469
SAI,4664.728333333333,149.0,78.469
SAI,4671.7505555555545,158.0,78.469
SAI,4678.90611111111,161.0,78.469
SAI,4691.61611111111,164.0,78.469
SAI,4702.81611111111,168.0,78.469
SAI,4710.282777777777,168.0,78.469
SAI,4723.504999999999,170.0,78.469
SAI,4731.149444444443,172.0,78.469
SAI,4742.882777777777,176.0,78.469
SAI,4759.149444444443,183.0,78.469
SAI,4776.216111111111,192.0,78.469
SAI,4798.828055555555,203.0,78.469
SAI,4812.961388888888,212.0,78.469
SAI,4837.294722222222,219.0,78.469
SAI,4860.194722222222,229.0,78.469
SAI,4886.528055555555,237.0,78.469
SAI,4902.994722222222,247.0,78.469
SAI,4919.728055555554,251.0,78.469
SAI,4939.7169444444435,257.0,78.469
SAI,4963.005833333332,262.0,78.469
SAI,4974.828055555555,266.0,78.469
SAI,4992.761388888888,269.0,78.469
SAI,5017.116944444444,274.0,78.469
SAI,5045.016944444444,279.0,78.469
SAI,5063.816944444443,282.0,78.469
SAI,5089.328055555554,287.0,78.469
SAI,5111.805833333332,289.0,78.469
SAI,5141.024444444443,293.0,78.469
SAI,5180.3577777777755,295.0,78.469
SAI,5203.535555555553,298.0,78.469
ALO,15.46361111111111,311.0,78.815
ALO,32.79694444444445,312.0,78.815
ALO,64.29694444444445,315.0,78.815
ALO,92.29694444444445,315.0,78.815
ALO,131.40805555555556,320.0,78.815
ALO,149.18583333333333,320.0,78.815
ALO,181.38583333333335,322.0,78.815
ALO,210.09694444444443,323.0,78.815
ALO,224.4525,323.0,78.815
ALO,245.91916666666663,322.0,78.815
ALO,260.14138888888886,320.0,78.815
ALO,281.47472222222217,320.0,78.815
ALO,292.94138888888887,258.0,78.815
ALO,308.27472222222224,230.0,78.815
ALO,317.7413888888889,213.0,78.815
ALO,335.1636111111111,196.0,78.815
ALO,347.6302777777778,187.0,78.815
ALO,357.8013888888889,184.0,78.815
ALO,371.7236111111111,179.0,78.815
ALO,383.8569444444444,182.0,78.815
ALO,398.5569444444444,189.0,78.815
ALO,421.2802777777777,204.0,78.815
ALO,430.39138888888886,205.0,78.815
ALO,439.76916666666665,211.0,78.815
ALO,459.05805555555554,217.0,78.815
ALO,486.68027777777775,226.0,78.815
ALO,504.7247222222222,232.0,78.815
ALO,520.4580555555556,236.0,78.815
ALO,542.0580555555555,243.0,78.815
ALO,558.4580555555555,246.0,78.815
ALO,586.6802777777777,254.0,78.815
ALO,598.1913888888889,259.0,78.815
ALO,612.5802777777777,259.0,78.815
ALO,624.2247222222222,262.0,78.815
ALO,641.7580555555555,263.0,78.815
ALO,656.8136111111111,271.0,78.815
ALO,675.1469444444444,275.0,78.815
ALO,700.0358333333334,280.0,78.815
ALO,722.1247222222222,284.0,78.815
ALO,738.0691666666668,287.0,78.815
ALO,760.6247222222223,290.0,78.815
ALO,793.4025000000001,295.0,78.815
ALO,819.8972222222222,299.0,78.815
ALO,839.8972222222222,300.0,78.815
ALO,853.275,301.0,78.815
ALO,880.2972222222222,304.0,78.815
ALO,897.3263888888889,305.0,78.815
ALO,914.3819444444445,307.0,78.815
ALO,941.7597222222223,308.0,78.815
ALO,958.8708333333334,308.0,78.815
ALO,975.315277777778,296.0,78.815
ALO,998.815277777778,235.0,78.815
ALO,1011.8819444444447,196.0,78.815
ALO,1026.7263888888892,167.0,78.815
ALO,1036.9263888888893,153.0,78.815
ALO,1044.704166666667,140.0,78.815
ALO,1056.2597222222228,130.0,78.815
ALO,1064.2597222222228,120.0,78.815
ALO,1072.7375000000004,109.0,78.815
ALO,1077.5375000000004,108.0,78.815
ALO,1083.3708333333336,105.0,78.815
ALO,1088.926388888889,100.0,78.815
ALO,1098.926388888889,100.0,78.815
ALO,1103.3708333333334,100.0,78.815
ALO,1109.1486111111112,104.0,78.815
ALO,1116.8152777777777,115.0,78.815
ALO,1125.0152777777778,123.0,78.815
ALO,1135.5930555555556,136.0,78.815
ALO,1143.7041666666669,146.0,78.815
ALO,1150.1930555555557,146.0,78.815
ALO,1164.9025000000001,166.0,78.815
ALO,1172.4136111111113,169.0,78.815
ALO,1186.0247222222224,175.0,78.815
ALO,1204.4038888888892,165.0,78.815
ALO,1218.3594444444448,157.0,78.815
ALO,1226.9150000000004,154.0,78.815
ALO,1237.1150000000005,153.0,78.815
ALO,1247.8483333333338,161.0,78.815
ALO,1259.3816666666671,173.0,78.815
ALO,1267.2483333333337,177.0,78.815
ALO,1284.0483333333336,189.0,78.815
ALO,1299.6038888888893,200.0,78.815
ALO,1313.5372222222225,209.0,78.815
ALO,1332.8261111111115,217.0,78.815
ALO,1342.6038888888893,220.0,78.815
ALO,1352.6038888888893,225.0,78.815
ALO,1362.781666666667,229.0,78.815
ALO,1378.381666666667,234.0,78.815
ALO,1391.492777777778,236.0,78.815
ALO,1410.2372222222225,241.0,78.815
ALO,1420.992777777778,242.0,78.815
ALO,1445.5927777777779,246.0,78.815
ALO,1462.192777777778,249.0,78.815
ALO,1473.2594444444446,249.0,78.815
ALO,1487.2594444444446,252.0,78.815
ALO,1504.1927777777778,254.0,78.815
ALO,1521.2594444444446,256.0,78.815
ALO,1535.5927777777779,258.0,78.815
ALO,1549.8544444444444,258.0,78.815
ALO,1567.0544444444445,258.0,78.815
ALO,1587.5100000000002,263.0,78.815
ALO,1620.7075000000002,271.0,78.815
ALO,1648.5075000000002,278.0,78.815
ALO,1664.0630555555556,280.0,78.815
ALO,1676.6408333333334,283.0,78.815
ALO,1692.4186111111112,284.0,78.815
ALO,1717.8408333333334,286.0,78.815
ALO,1740.1630555555557,287.0,78.815
ALO,1765.7630555555556,288.0,78.815
ALO,1794.318611111111,257.0,78.815
ALO,1824.4519444444445,226.0,78.815
ALO,1836.6741666666667,220.0,78.815
ALO,1860.785277777778,217.0,78.815
ALO,1885.3408333333334,221.0,78.815
ALO,1897.8963888888889,226.0,78.815
ALO,1926.3741666666667,233.0,78.815
ALO,1939.318611111111,233.0,78.815
ALO,1966.4297222222224,244.0,78.815
ALO,1980.1519444444446,247.0,78.815
ALO,1996.7519444444445,249.0,78.815
ALO,2016.5919444444444,256.0,78.815
ALO,2042.7919444444444,262.0,78.815
ALO,2072.421388888889,266.0,78.815
ALO,2102.3102777777776,269.0,78.815
ALO,2132.421388888889,271.0,78.815
ALO,2144.465833333333,271.0,78.815
ALO,2165.9325,276.0,78.815
ALO,2196.7102777777777,277.0,78.815
ALO,2234.043611111111,280.0,78.815
ALO,2252.9102777777775,283.0,78.815
ALO,2281.6102777777774,287.0,78.815
ALO,2310.6102777777774,290.0,78.815
ALO,2343.054722222222,292.0,78.815
ALO,2362.588055555555,293.0,78.815
ALO,2382.1880555555554,294.0,78.815
ALO,2398.5769444444445,295.0,78.815
ALO,2421.6769444444444,297.0,78.815
ALO,2438.2324999999996,298.0,78.815
ALO,2461.488055555555,299.0,78.815
ALO,2501.4880555555546,300.0,78.815
ALO,2518.2102777777773,301.0,78.815
ALO,2544.882222222222,301.0,78.815
ALO,2558.2599999999993,301.0,78.815
ALO,2585.366666666666,304.0,78.815
ALO,2612.477777777777,305.0,78.815
ALO,2629.422222222222,305.0,78.815
ALO,2646.4222222222224,306.0,78.815
ALO,2660.0222222222224,306.0,78.815
ALO,2683.8222222222225,306.0,78.815
ALO,2717.9333333333334,307.0,78.815
ALO,2745.222222222222,307.0,78.815
ALO,2769.177777777778,308.0,78.815
ALO,2796.5555555555557,308.0,78.815
ALO,2813.722222222222,309.0,78.815
ALO,2844.6222222222227,309.0,78.815
ALO,2861.8444444444444,310.0,78.815
ALO,2899.611111111111,309.0,78.815
ALO,2923.722222222222,310.0,78.815
ALO,2958.055555555556,309.0,78.815
ALO,2982.1666666666665,310.0,78.815
ALO,3009.722222222222,310.0,78.815
ALO,3047.488888888889,309.0,78.815
ALO,3081.9333333333334,310.0,78.815
ALO,3102.6000000000004,310.0,78.815
ALO,3116.291666666667,310.0,78.815
ALO,3130.0694444444443,310.0,78.815
ALO,3147.3777777777777,310.0,78.815
ALO,3167.977777777778,309.0,78.815
ALO,3181.6666666666665,308.0,78.815
ALO,3207.6222222222223,292.0,78.815
ALO,3234.5222222222224,269.0,78.815
ALO,3267.5888888888894,248.0,78.815
ALO,3281.0333333333338,242.0,78.815
ALO,3297.0333333333338,240.0,78.815
ALO,3312.9000000000005,238.0,78.815
ALO,3334.5888888888894,244.0,78.815
ALO,3361.477777777778,242.0,78.815
ALO,3377.6777777777784,243.0,78.815
ALO,3391.2333333333336,244.0,78.815
ALO,3410.211111111111,244.0,78.815
ALO,3435.1111111111113,249.0,78.815
ALO,3451.7111111111117,249.0,78.815
ALO,3468.7777777777783,256.0,78.815
ALO,3494.6777777777784,259.0,78.815
ALO,3518.144444444445,264.0,78.815
ALO,3542.144444444445,270.0,78.815
ALO,3557.366666666667,274.0,78.815
ALO,3578.677777777778,274.0,78.815
ALO,3594.177777777778,279.0,78.815
ALO,3619.5111111111114,285.0,78.815
ALO,3635.4555555555553,287.0,78.815
ALO,3651.5666666666666,290.0,78.815
ALO,3671.1,293.0,78.815
ALO,3690.766666666666,295.0,78.815
ALO,3707.155555555555,295.0,78.815
ALO,3720.399999999999,298.0,78.815
ALO,3753.844444444444,301.0,78.815
ALO,3770.677777777777,303.0,78.815
ALO,3787.622222222222,305.0,78.815
ALO,3811.4999999999995,307.0,78.815
ALO,3842.5999999999995,311.0,78.815
ALO,3866.8666666666663,312.0,78.815
ALO,3894.8666666666663,315.0,78.815
ALO,3919.4444444444434,316.0,78.815
ALO,3937.166666666666,319.0,78.815
ALO,3965.5222222222214,319.0,78.815
ALO,3983.7888888888883,274.0,78.815
ALO,3999.988888888888,243.0,78.815
ALO,4019.488888888888,195.0,78.815
ALO,4029.266666666666,176.0,78.815
ALO,4037.246666666666,168.0,78.815
ALO,4057.9866666666658,136.0,78.815
ALO,4069.4533333333325,129.0,78.815
ALO,4077.519999999999,121.0,78.815
ALO,4082.853333333332,120.0,78.815
ALO,4096.664444444444,113.0,78.815
ALO,4104.5311111111105,118.0,78.815
ALO,4111.3644444444435,123.0,78.815
ALO,4118.475555555555,128.0,78.815
ALO,4125.753333333332,131.0,78.815
ALO,4133.6977777777765,143.0,78.815
ALO,4140.453333333332,152.0,78.815
ALO,4147.2088888888875,152.0,78.815
ALO,4164.508888888888,173.0,78.815
ALO,4178.586666666665,181.0,78.815
ALO,4195.653333333332,192.0,78.815
ALO,4206.875555555554,202.0,78.815
ALO,4228.075555555553,212.0,78.815
ALO,4245.031111111109,218.0,78.815
ALO,4268.131111111109,231.0,78.815
ALO,4283.864444444443,236.0,78.815
ALO,4309.753333333331,233.0,78.815
ALO,4327.097777777776,223.0,78.815
ALO,4348.6977777777765,216.0,78.815
ALO,4362.964444444443,214.0,78.815
ALO,4374.853333333332,214.0,78.815
ALO,4396.753333333332,219.0,78.815
ALO,4421.975555555554,227.0,78.815
ALO,4448.1977777777765,236.0,78.815
ALO,4458.731111111109,237.0,78.815
ALO,4472.064444444443,240.0,78.815
ALO,4482.908888888887,244.0,78.815
ALO,4496.075555555554,237.0,78.815
ALO,4512.253333333332,208.0,78.815
ALO,4524.853333333332,189.0,78.815
ALO,4534.408888888887,172.0,78.815
ALO,4545.764444444443,146.0,78.815
ALO,4553.153333333332,133.0,78.815
ALO,4563.731111111109,119.0,78.815
ALO,4575.508888888888,106.0,78.815
ALO,4588.308888888888,96.0,78.815
ALO,4597.8644444444435,86.0,78.815
ALO,4603.664444444444,87.0,78.815
ALO,4607.708888888888,91.0,78.815
ALO,4615.097777777777,95.0,78.815
ALO,4621.764444444444,100.0,78.815
ALO,4634.764444444444,117.0,78.815
ALO,4646.32,130.0,78.815
ALO,4661.32,150.0,78.815
ALO,4673.730833333333,159.0,78.815
ALO,4682.5199999999995,159.0,78.815
ALO,4689.586666666666,159.0,78.815
ALO,4700.453333333333,163.0,78.815
ALO,4711.5199999999995,166.0,78.815
ALO,4722.719999999999,168.0,78.815
ALO,4734.253333333333,173.0,78.815
ALO,4754.919999999999,186.0,78.815
ALO,4767.786666666666,193.0,78.815
ALO,4790.453333333332,204.0,78.815
ALO,4802.064444444443,209.0,78.815
ALO,4831.5311111111105,221.0,78.815
ALO,4852.064444444443,231.0,78.815
ALO,4881.886666666665,244.0,78.815
ALO,4898.419999999999,248.0,78.815
ALO,4909.664444444444,253.0,78.815
ALO,4923.942222222222,257.0,78.815
ALO,4953.275555555555,264.0,78.815
ALO,4968.219999999999,269.0,78.815
ALO,4992.575555555555,274.0,78.815
ALO,5007.964444444443,277.0,78.815
ALO,5039.408888888888,283.0,78.815
ALO,5055.1866666666665,284.0,78.815
ALO,5071.1866666666665,288.0,78.815
ALO,5084.0311111111105,289.0,78.815
ALO,5116.6977777777765,294.0,78.815
ALO,5129.935555555555,296.0,78.815
ALO,5146.46361111111,299.0,78.815
ALO,5173.308055555555,302.0,78.815
ALO,5210.708055555555,306.0,78.815
GAS,15.249999999999998,305.0,79.226
GAS,32.30555555555555,307.0,79.226
GAS,56.261111111111106,308.0,79.226
GAS,80.3722222222222,310.0,79.226
GAS,94.23888888888888,312.0,79.226
GAS,115.10555555555555,313.0,79.226
GAS,146.60555555555555,315.0,79.226
GAS,164.10555555555555,315.0,79.226
GAS,188.68333333333334,316.0,79.226
GAS,214.3075,317.0,79.226
GAS,470.3019444444444,220.0,79.226
GAS,482.8019444444444,225.0,79.226
GAS,492.80194444444436,225.0,79.226
GAS,513.2463888888889,230.0,79.226
GAS,528.9797222222222,236.0,79.226
GAS,550.4019444444444,241.0,79.226
GAS,561.2019444444444,243.0,79.226
GAS,586.0019444444443,248.0,79.226
GAS,608.7574999999999,256.0,79.226
GAS,620.2686111111111,259.0,79.226
GAS,634.8797222222222,263.0,79.226
GAS,652.6797222222223,267.0,79.226
GAS,673.7575,271.0,79.226
GAS,695.2241666666669,276.0,79.226
GAS,720.1130555555558,280.0,79.226
GAS,739.0463888888892,284.0,79.226
GAS,761.2130555555558,285.0,79.226
GAS,793.5463888888892,291.0,79.226
GAS,823.0463888888892,295.0,79.226
GAS,842.6311111111114,295.0,79.226
GAS,865.8088888888891,298.0,79.226
GAS,899.3369444444446,301.0,79.226
GAS,936.6519444444447,306.0,79.226
GAS,963.9369444444446,306.0,79.226
GAS,984.9369444444447,270.0,79.226
GAS,1007.3369444444447,224.0,79.226
GAS,1022.1147222222224,190.0,79.226
GAS,1037.8147222222226,157.0,79.226
GAS,1044.4813888888891,150.0,79.226
GAS,1053.5480555555557,136.0,79.226
GAS,1059.3258333333335,130.0,79.226
GAS,1070.081388888889,121.0,79.226
GAS,1080.0369444444445,112.0,79.226
GAS,1088.4369444444446,108.0,79.226
GAS,1099.6591666666668,101.0,79.226
GAS,1105.4369444444446,104.0,79.226
GAS,1110.2369444444446,108.0,79.226
GAS,1117.8369444444447,114.0,79.226
GAS,1130.3369444444447,125.0,79.226
GAS,1142.3369444444447,135.0,79.226
GAS,1148.8258333333335,146.0,79.226
GAS,1155.4925000000003,150.0,79.226
GAS,1164.4369444444446,161.0,79.226
GAS,1179.3236111111112,168.0,79.226
GAS,1197.990277777778,168.0,79.226
GAS,1205.4569444444444,168.0,79.226
GAS,1212.7902777777776,165.0,79.226
GAS,1221.8458333333333,163.0,79.226
GAS,1229.046111111111,161.0,79.226
GAS,1247.3794444444445,165.0,79.226
GAS,1266.7127777777778,174.0,79.226
GAS,1274.8016666666667,182.0,79.226
GAS,1293.8016666666667,190.0,79.226
GAS,1304.8572222222222,199.0,79.226
GAS,1325.7572222222223,209.0,79.226
GAS,1345.1349999999998,218.0,79.226
GAS,1373.2461111111108,230.0,79.226
GAS,1386.1905555555552,233.0,79.226
GAS,1409.9905555555551,238.0,79.226
GAS,1431.679444444444,244.0,79.226
GAS,1442.568333333333,245.0,79.226
GAS,1458.968333333333,246.0,79.226
GAS,1469.946111111111,247.0,79.226
GAS,1486.5461111111108,249.0,79.226
GAS,1497.6127777777774,249.0,79.226
GAS,1514.4127777777776,252.0,79.226
GAS,1525.7905555555553,256.0,79.226
GAS,1548.4572222222218,255.0,79.226
GAS,1565.7238888888887,259.0,79.226
GAS,1580.2066666666663,262.0,79.226
GAS,1600.973333333333,267.0,79.226
GAS,1618.8399999999997,268.0,79.226
GAS,1639.9177777777772,271.0,79.226
GAS,1670.4383333333328,274.0,79.226
GAS,1682.7049999999995,276.0,79.226
GAS,1695.060555555555,278.0,79.226
GAS,1719.949444444444,280.0,79.226
GAS,1754.4161111111107,282.0,79.226
GAS,1776.4272222222216,283.0,79.226
GAS,1794.360555555555,269.0,79.226
GAS,1815.6049999999996,239.0,79.226
GAS,1830.8049999999994,228.0,79.226
GAS,1854.9161111111107,217.0,79.226
GAS,1864.338333333333,212.0,79.226
GAS,1876.1161111111107,212.0,79.226
GAS,1885.538333333333,212.0,79.226
GAS,1900.0049999999994,217.0,79.226
GAS,1912.3383333333327,222.0,79.226
GAS,1927.4049999999995,226.0,79.226
GAS,1948.1161111111107,233.0,79.226
GAS,1966.3938888888883,235.0,79.226
GAS,1979.7827777777775,241.0,79.226
GAS,1998.9161111111107,246.0,79.226
GAS,2026.916111111111,252.0,79.226
GAS,2049.6891666666666,257.0,79.226
GAS,2066.9558333333334,259.0,79.226
GAS,2078.6002777777776,262.0,79.226
GAS,2102.1558333333332,265.0,79.226
GAS,2117.119166666667,268.0,79.226
GAS,2132.119166666667,270.0,79.226
GAS,2156.208055555556,271.0,79.226
GAS,2171.3747222222223,273.0,79.226
GAS,2186.596944444445,274.0,79.226
GAS,2213.996944444445,274.0,79.226
GAS,2232.5302777777783,278.0,79.226
GAS,2257.3302777777785,279.0,79.226
GAS,2276.0636111111116,281.0,79.226
GAS,2291.7858333333343,283.0,79.226
GAS,2317.2080555555567,286.0,79.226
GAS,2336.2747222222233,286.0,79.226
GAS,2358.674722222223,288.0,79.226
GAS,2371.519166666668,289.0,79.226
GAS,2387.630277777779,290.0,79.226
GAS,2403.6858333333344,289.0,79.226
GAS,2432.6858333333344,290.0,79.226
GAS,2445.619166666668,291.0,79.226
GAS,2461.84138888889,292.0,79.226
GAS,2481.374722222223,293.0,79.226
GAS,2500.9080555555565,293.0,79.226
GAS,2523.852500000001,295.0,79.226
GAS,2540.185833333334,294.0,79.226
GAS,2553.34138888889,296.0,79.226
GAS,2579.6588888888896,297.0,79.226
GAS,2592.85888888889,297.0,79.226
GAS,2616.0366666666678,298.0,79.226
GAS,2649.3419444444453,299.0,79.226
GAS,2676.0975000000008,301.0,79.226
GAS,2692.7641666666677,300.0,79.226
GAS,2712.8975000000005,302.0,79.226
GAS,2732.8975000000005,300.0,79.226
GAS,2753.030833333334,302.0,79.226
GAS,2766.453055555556,302.0,79.226
GAS,2793.2975000000006,302.0,79.226
GAS,2816.7863888888896,302.0,79.226
GAS,2836.9197222222233,302.0,79.226
GAS,2863.7641666666677,302.0,79.226
GAS,2877.230833333334,303.0,79.226
GAS,2890.697500000001,303.0,79.226
GAS,2904.119722222223,302.0,79.226
GAS,2924.3197222222234,303.0,79.226
GAS,2941.2086111111125,304.0,79.226
GAS,2964.619722222223,301.0,79.226
GAS,2978.0419444444456,302.0,79.226
GAS,3008.1419444444455,301.0,79.226
GAS,3028.275277777779,302.0,79.226
GAS,3041.6530555555564,301.0,79.226
GAS,3058.4308333333342,302.0,79.226
GAS,3078.564166666667,302.0,79.226
GAS,3098.6308333333336,301.0,79.226
GAS,3115.464166666667,303.0,79.226
GAS,3132.102777777778,301.0,79.226
GAS,3152.2361111111118,302.0,79.226
GAS,3175.725000000001,302.0,79.226
GAS,3211.2500000000005,290.0,79.226
GAS,3238.2500000000005,270.0,79.226
GAS,3252.6388888888896,259.0,79.226
GAS,3263.8833333333337,253.0,79.226
GAS,3277.6055555555563,247.0,79.226
GAS,3298.672222222223,237.0,79.226
GAS,3316.7166666666676,232.0,79.226
GAS,3337.6055555555563,235.0,79.226
GAS,3364.272222222223,240.0,79.226
GAS,3395.8722222222227,237.0,79.226
GAS,3409.0944444444453,238.0,79.226
GAS,3435.872222222223,241.0,79.226
GAS,3463.5388888888897,249.0,79.226
GAS,3477.4833333333345,251.0,79.226
GAS,3508.7722222222233,256.0,79.226
GAS,3523.216666666668,260.0,79.226
GAS,3552.7722222222237,266.0,79.226
GAS,3567.7166666666685,269.0,79.226
GAS,3586.116666666668,276.0,79.226
GAS,3607.5841666666684,277.0,79.226
GAS,3635.8841666666685,283.0,79.226
GAS,3667.964166666669,288.0,79.226
GAS,3700.4086111111133,292.0,79.226
GAS,3733.07527777778,294.0,79.226
GAS,3746.2752777777796,297.0,79.226
GAS,3769.4530555555575,298.0,79.226
GAS,3802.8975000000023,301.0,79.226
GAS,3843.697500000002,306.0,79.226
GAS,3864.2308333333353,308.0,79.226
GAS,3895.3308333333352,311.0,79.226
GAS,3926.630833333335,313.0,79.226
GAS,3961.5197222222237,314.0,79.226
GAS,3982.5197222222237,315.0,79.226
GAS,4002.38638888889,298.0,79.226
GAS,4016.275277777779,250.0,79.226
GAS,4033.3863888888905,220.0,79.226
GAS,4044.219722222224,195.0,79.226
GAS,4057.2086111111125,167.0,79.226
GAS,4075.2086111111125,135.0,79.226
GAS,4082.3197222222234,128.0,79.226
GAS,4093.130277777779,122.0,79.226
GAS,4098.374722222224,118.0,79.226
GAS,4108.272222222224,111.0,79.226
GAS,4118.672222222223,117.0,79.226
GAS,4125.450000000001,122.0,79.226
GAS,4132.561111111112,128.0,79.226
GAS,4138.73888888889,139.0,79.226
GAS,4150.794444444446,155.0,79.226
GAS,4169.794444444446,171.0,79.226
GAS,4186.1500000000015,184.0,79.226
GAS,4201.23888888889,194.0,79.226
GAS,4219.283333333335,203.0,79.226
GAS,4230.894444444446,209.0,79.226
GAS,4252.694444444446,218.0,79.226
GAS,4265.083333333335,223.0,79.226
GAS,4293.561111111112,233.0,79.226
GAS,4311.294444444446,228.0,79.226
GAS,4335.627777777779,219.0,79.226
GAS,4352.272222222223,214.0,79.226
GAS,4370.85,209.0,79.226
GAS,4397.0055555555555,214.0,79.226
GAS,4421.561111111111,221.0,79.226
GAS,4436.561111111111,225.0,79.226
GAS,4446.675277777778,229.0,79.226
GAS,4456.941944444445,231.0,79.226
GAS,4470.118611111111,236.0,79.226
GAS,4486.051944444445,239.0,79.226
GAS,4496.674166666668,239.0,79.226
GAS,4518.274166666667,243.0,79.226
GAS,4538.774166666667,205.0,79.226
GAS,4559.440833333334,155.0,79.226
GAS,4567.329722222223,142.0,79.226
GAS,4575.863055555556,128.0,79.226
GAS,4583.863055555556,120.0,79.226
GAS,4593.818611111111,112.0,79.226
GAS,4605.7074999999995,107.0,79.226
GAS,4612.440833333333,101.0,79.226
GAS,4617.829722222222,97.0,79.226
GAS,4625.529722222222,99.0,79.226
GAS,4636.129722222222,106.0,79.226
GAS,4643.596388888888,112.0,79.226
GAS,4651.796388888889,123.0,79.226
GAS,4665.396388888889,136.0,79.226
GAS,4679.351944444445,157.0,79.226
GAS,4693.929722222223,164.0,79.226
GAS,4703.096388888889,165.0,79.226
GAS,4716.085277777778,167.0,79.226
GAS,4725.474166666667,169.0,79.226
GAS,4740.763055555556,172.0,79.226
GAS,4750.5408333333335,176.0,79.226
GAS,4760.596388888889,181.0,79.226
GAS,4773.063055555555,187.0,79.226
GAS,4786.129722222223,196.0,79.226
GAS,4797.29638888889,201.0,79.226
GAS,4806.318611111112,203.0,79.226
GAS,4830.096388888889,214.0,79.226
GAS,4842.318611111112,220.0,79.226
GAS,4854.763055555556,224.0,79.226
GAS,4872.885277777778,233.0,79.226
GAS,4897.1852777777785,243.0,79.226
GAS,4916.474166666668,248.0,79.226
GAS,4939.051944444445,254.0,79.226
GAS,4958.807500000001,254.0,79.226
GAS,4973.418611111112,263.0,79.226
GAS,4997.418611111113,270.0,79.226
GAS,5015.685277777779,274.0,79.226
GAS,5034.085277777779,276.0,79.226
GAS,5062.185277777779,281.0,79.226
GAS,5077.963055555558,284.0,79.226
GAS,5091.595555555558,287.0,79.226
GAS,5136.125555555558,292.0,79.226
GAS,5162.43666666667,296.0,79.226
GAS,5182.303333333336,298.0,79.226
GAS,5195.5477777777805,298.0,79.226
GAS,5232.82555555556,305.0,79.226
BOT,0.6711111111111111,302.0,79.251
BOT,24.237777777777776,303.0,79.251
BOT,51.437777777777775,306.0,79.251
BOT,71.9711111111111,308.0,79.251
BOT,106.52666666666666,311.0,79.251
BOT,137.7397222222222,313.0,79.251
BOT,162.2397222222222,315.0,79.251
BOT,190.2397222222222,315.0,79.251
BOT,211.3063888888889,316.0,79.251
BOT,235.7286111111111,314.0,79.251
BOT,266.5286111111111,308.0,79.251
BOT,292.5286111111111,260.0,79.251
BOT,302.75083333333333,230.0,79.251
BOT,314.8619444444444,218.0,79.251
BOT,329.32861111111106,186.0,79.251
BOT,344.8841666666666,175.0,79.251
BOT,360.0841666666666,171.0,79.251
BOT,367.63972222222213,170.0,79.251
BOT,377.1952777777777,172.0,79.251
BOT,395.1952777777777,180.0,79.251
BOT,410.1038888888888,191.0,79.251
BOT,427.97055555555545,201.0,79.251
BOT,441.9038888888888,209.0,79.251
BOT,451.2816666666666,211.0,79.251
BOT,473.2816666666665,220.0,79.251
BOT,483.2372222222221,224.0,79.251
BOT,493.2372222222221,225.0,79.251
BOT,503.45944444444433,230.0,79.251
BOT,527.0594444444442,236.0,79.251
BOT,556.8816666666664,244.0,79.251
BOT,573.2797222222221,247.0,79.251
BOT,598.7797222222221,255.0,79.251
BOT,624.9797222222221,262.0,79.251
BOT,639.5908333333332,263.0,79.251
BOT,651.4574999999999,267.0,79.251
BOT,666.4574999999999,270.0,79.251
BOT,697.1241666666666,276.0,79.251
BOT,722.1019444444444,281.0,79.251
BOT,741.1019444444444,285.0,79.251
BOT,763.3463888888888,286.0,79.251
BOT,795.6797222222222,291.0,79.251
BOT,821.9019444444444,295.0,79.251
BOT,841.7686111111111,298.0,79.251
BOT,855.0130555555555,298.0,79.251
BOT,875.0963888888888,300.0,79.251
BOT,891.818611111111,301.0,79.251
BOT,918.7519444444443,303.0,79.251
BOT,945.6852777777777,303.0,79.251
BOT,971.5519444444444,291.0,79.251
BOT,997.5519444444444,234.0,79.251
BOT,1014.7074999999999,193.0,79.251
BOT,1029.0186111111109,161.0,79.251
BOT,1037.2963888888887,149.0,79.251
BOT,1047.718611111111,134.0,79.251
BOT,1054.7388888888886,127.0,79.251
BOT,1063.9944444444443,119.0,79.251
BOT,1072.9388888888886,115.0,79.251
BOT,1085.772222222222,105.0,79.251
BOT,1091.494444444444,103.0,79.251
BOT,1096.0722222222219,103.0,79.251
BOT,1104.3166666666664,106.0,79.251
BOT,1109.1611111111108,109.0,79.251
BOT,1119.6499999999996,118.0,79.251
BOT,1129.683333333333,129.0,79.251
BOT,1140.6499999999996,141.0,79.251
BOT,1158.761111111111,163.0,79.251
BOT,1173.783333333333,169.0,79.251
BOT,1186.5063888888888,163.0,79.251
BOT,1193.6619444444443,161.0,79.251
BOT,1200.6841666666664,158.0,79.251
BOT,1209.3508333333332,156.0,79.251
BOT,1221.7175,159.0,79.251
BOT,1240.606388888889,170.0,79.251
BOT,1254.4508333333333,178.0,79.251
BOT,1263.1433333333332,183.0,79.251
BOT,1659.6758333333332,273.0,79.251
BOT,1674.8424999999997,273.0,79.251
BOT,1705.731388888889,278.0,79.251
BOT,1733.931388888889,282.0,79.251
BOT,1746.5091666666667,283.0,79.251
BOT,1771.931388888889,286.0,79.251
BOT,1794.0980555555554,285.0,79.251
BOT,1828.4425,281.0,79.251
BOT,1842.8869444444445,260.0,79.251
BOT,1856.053611111111,237.0,79.251
BOT,1879.5502777777776,212.0,79.251
BOT,1888.6613888888887,205.0,79.251
BOT,1899.9391666666666,203.0,79.251
BOT,1913.6725,206.0,79.251
BOT,2008.0724999999998,236.0,79.251
BOT,2021.2947222222222,238.0,79.251
BOT,2034.7947222222222,243.0,79.251
BOT,2051.3280555555552,248.0,79.251
BOT,2073.9058333333332,254.0,79.251
BOT,2093.81,255.0,79.251
BOT,2111.21,261.0,79.251
BOT,2131.7433333333333,264.0,79.251
BOT,2152.432222222222,266.0,79.251
BOT,2247.4988888888884,276.0,79.251
BOT,2259.854444444444,278.0,79.251
BOT,2272.254444444444,279.0,79.251
BOT,2294.1099999999997,281.0,79.251
BOT,2319.1766666666663,282.0,79.251
BOT,2338.031111111111,284.0,79.251
BOT,2363.4533333333325,286.0,79.251
BOT,2398.6533333333327,288.0,79.251
BOT,2424.5199999999995,291.0,79.251
BOT,2437.4533333333325,291.0,79.251
BOT,2460.1644444444437,292.0,79.251
BOT,2483.0311111111105,294.0,79.251
BOT,2515.919999999999,296.0,79.251
BOT,2532.4199999999996,297.0,79.251
BOT,2545.6199999999994,297.0,79.251
BOT,2568.875555555555,299.0,79.251
BOT,2592.2088888888884,300.0,79.251
BOT,2608.875555555555,300.0,79.251
BOT,2629.025833333333,301.0,79.251
BOT,2645.8036111111105,302.0,79.251
BOT,2666.003611111111,303.0,79.251
BOT,2696.3036111111105,303.0,79.251
BOT,2716.7036111111106,306.0,79.251
BOT,2740.425833333333,305.0,79.251
BOT,2767.625833333332,306.0,79.251
BOT,2784.681388888888,307.0,79.251
BOT,2811.9702777777766,307.0,79.251
BOT,2832.3702777777767,306.0,79.251
BOT,2846.014722222221,307.0,79.251
BOT,2869.8924999999986,307.0,79.251
BOT,2883.451666666665,307.0,79.251
BOT,2897.0961111111096,307.0,79.251
BOT,2924.3849999999984,307.0,79.251
BOT,2948.1849999999977,306.0,79.251
BOT,2975.4738888888864,307.0,79.251
BOT,2989.118333333331,307.0,79.251
BOT,3002.762777777775,307.0,79.251
BOT,3029.962777777775,306.0,79.251
BOT,3057.162777777775,306.0,79.251
BOT,3084.273888888886,305.0,79.251
BOT,3111.3849999999975,305.0,79.251
BOT,3138.6738888888863,307.0,79.251
BOT,3165.873888888886,306.0,79.251
BOT,3189.758888888886,306.0,79.251
BOT,3220.158888888886,304.0,79.251
BOT,3236.9366666666638,302.0,79.251
BOT,3253.547777777775,299.0,79.251
BOT,3272.4144444444414,283.0,79.251
BOT,3289.881111111108,262.0,79.251
BOT,3305.9477777777747,241.0,79.251
BOT,3328.4477777777747,225.0,79.251
BOT,3343.381111111108,224.0,79.251
BOT,3373.6477777777745,227.0,79.251
BOT,3386.5366666666637,232.0,79.251
BOT,3399.814444444441,239.0,79.251
BOT,3423.947222222219,242.0,79.251
BOT,3445.3694444444413,241.0,79.251
BOT,3469.6694444444415,243.0,79.251
BOT,3502.8694444444413,249.0,79.251
BOT,3525.3583333333304,253.0,79.251
BOT,3545.3472222222194,257.0,79.251
BOT,3556.769444444442,257.0,79.251
BOT,3568.369444444442,261.0,79.251
BOT,3589.1361111111087,267.0,79.251
BOT,3622.6249999999973,274.0,79.251
BOT,3647.5916666666644,280.0,79.251
BOT,3663.258333333331,282.0,79.251
BOT,3679.0361111111088,284.0,79.251
BOT,3701.436111111109,288.0,79.251
BOT,3714.2361111111086,288.0,79.251
BOT,3743.5361111111083,293.0,79.251
BOT,3763.1361111111087,294.0,79.251
BOT,3793.0361111111088,299.0,79.251
BOT,3826.480555555553,301.0,79.251
BOT,3846.5472222222197,301.0,79.251
BOT,3860.102777777775,305.0,79.251
BOT,3877.1027777777754,306.0,79.251
BOT,3901.058333333331,308.0,79.251
BOT,3925.0833333333308,310.0,79.251
BOT,3942.3611111111086,311.0,79.251
BOT,3959.7499999999977,313.0,79.251
BOT,3987.6611111111088,314.0,79.251
BOT,4012.0833333333303,314.0,79.251
BOT,4032.949999999997,313.0,79.251
BOT,4054.3388888888862,275.0,79.251
BOT,4070.47222222222,242.0,79.251
BOT,4089.1722222222197,187.0,79.251
BOT,4100.17222222222,165.0,79.251
BOT,4114.949999999998,133.0,79.251
BOT,4124.3611111111095,121.0,79.251
BOT,4129.772499999998,121.0,79.251
BOT,4141.5502777777765,106.0,79.251
BOT,4147.3836111111095,105.0,79.251
BOT,4154.250277777776,103.0,79.251
BOT,4160.139166666665,106.0,79.251
BOT,4166.305833333332,111.0,79.251
BOT,4171.372499999999,114.0,79.251
BOT,4176.750277777776,121.0,79.251
BOT,4186.861388888888,130.0,79.251
BOT,4194.861388888888,144.0,79.251
BOT,4205.194722222221,155.0,79.251
BOT,4230.761388888887,177.0,79.251
BOT,4240.983611111109,184.0,79.251
BOT,4251.650277777776,192.0,79.251
BOT,4260.49472222222,199.0,79.251
BOT,4269.548888888887,205.0,79.251
BOT,4285.959999999997,211.0,79.251
BOT,4300.559999999998,219.0,79.251
BOT,4313.004444444442,224.0,79.251
BOT,4328.271111111108,229.0,79.251
BOT,4341.104444444442,231.0,79.251
BOT,4366.88222222222,232.0,79.251
BOT,4387.4155555555535,231.0,79.251
BOT,4402.015555555554,219.0,79.251
BOT,4421.215555555554,216.0,79.251
BOT,4445.548888888888,219.0,79.251
BOT,4465.522222222221,224.0,79.251
BOT,4475.522222222221,225.0,79.251
BOT,4498.722222222221,232.0,79.251
BOT,4509.166666666666,235.0,79.251
BOT,4527.833333333333,240.0,79.251
BOT,4541.2777777777765,242.0,79.251
BOT,4565.677777777776,244.0,79.251
BOT,4582.244444444443,213.0,79.251
BOT,4593.977777777776,176.0,79.251
BOT,4607.311111111109,150.0,79.251
BOT,4621.199999999998,125.0,79.251
BOT,4629.911111111109,112.0,79.251
BOT,4634.799999999997,110.0,79.251
BOT,4640.52222222222,103.0,79.251
BOT,4650.095555555553,96.0,79.251
BOT,4655.26222222222,93.0,79.251
BOT,4662.417777777776,92.0,79.251
BOT,4667.528888888887,92.0,79.251
BOT,4674.262222222221,101.0,79.251
BOT,4686.817777777776,113.0,79.251
BOT,4694.817777777776,120.0,79.251
BOT,4700.506666666665,128.0,79.251
BOT,4709.706666666666,138.0,79.251
BOT,4721.684444444444,154.0,79.251
BOT,4738.384444444444,167.0,79.251
BOT,4749.764999999999,170.0,79.251
BOT,4767.264999999999,175.0,79.251
BOT,4777.042777777777,176.0,79.251
BOT,4791.042777777777,180.0,79.251
BOT,4801.153888888888,182.0,79.251
BOT,4809.331666666666,184.0,79.251
BOT,4819.831666666666,189.0,79.251
BOT,4836.987222222222,193.0,79.251
BOT,4857.587222222222,206.0,79.251
BOT,4869.954166666666,211.0,79.251
BOT,5003.827499999999,258.0,79.251
BOT,5018.160833333333,258.0,79.251
BOT,5048.160833333333,270.0,79.251
BOT,5060.160833333333,270.0,79.251
BOT,5094.138611111111,278.0,79.251
BOT,5112.805277777777,280.0,79.251
BOT,5141.505277777776,287.0,79.251
BOT,5173.83861111111,291.0,79.251
BOT,5193.453333333333,293.0,79.251
BOT,5213.186666666666,296.0,79.251
BOT,5229.686666666666,297.0,79.251
BOT,5256.442222222222,301.0,79.251
BOT,5273.33111111111,304.0,79.251
TSU,2.104166666666667,303.0,79.424
TSU,15.615277777777777,304.0,79.424
TSU,39.415277777777774,306.0,79.424
TSU,56.44083333333333,308.0,79.424
TSU,70.12972222222221,308.0,79.424
TSU,108.26305555555555,312.0,79.424
TSU,143.26305555555555,315.0,79.424
TSU,157.3075,316.0,79.424
TSU,171.39638888888888,317.0,79.424
TSU,189.0075,317.0,79.424
TSU,210.20749999999998,318.0,79.424
TSU,234.94083333333333,318.0,79.424
TSU,256.07416666666666,317.0,79.424
TSU,280.69638888888886,277.0,79.424
TSU,294.4872222222222,247.0,79.424
TSU,315.2872222222222,208.0,79.424
TSU,326.17611111111114,196.0,79.424
TSU,336.62055555555554,188.0,79.424
TSU,346.7872222222222,183.0,79.424
TSU,356.67611111111114,178.0,79.424
TSU,376.56500000000005,179.0,79.424
TSU,384.6983333333333,183.0,79.424
TSU,397.365,190.0,79.424
TSU,412.76500000000004,198.0,79.424
TSU,436.32055555555564,212.0,79.424
TSU,445.7872222222223,213.0,79.424
TSU,457.8983333333334,218.0,79.424
TSU,475.32055555555564,224.0,79.424
TSU,498.5205555555557,232.0,79.424
TSU,527.5433333333334,238.0,79.424
TSU,557.6100000000001,246.0,79.424
TSU,585.7211111111112,253.0,79.424
TSU,599.9433333333334,256.0,79.424
TSU,611.4988888888889,260.0,79.424
TSU,640.9433333333334,265.0,79.424
TSU,659.0766666666667,272.0,79.424
TSU,677.4100000000001,275.0,79.424
TSU,692.8544444444444,278.0,79.424
TSU,705.4213888888888,281.0,79.424
TSU,721.1436111111111,283.0,79.424
TSU,746.5658333333333,286.0,79.424
TSU,772.3436111111109,290.0,79.424
TSU,805.0102777777777,294.0,79.424
TSU,844.8769444444443,299.0,79.424
TSU,858.2102777777777,300.0,79.424
TSU,881.6991666666665,302.0,79.424
TSU,908.6324999999999,303.0,79.424
TSU,928.9658333333333,305.0,79.424
TSU,949.4325,307.0,79.424
TSU,963.1213888888889,308.0,79.424
TSU,982.3213888888889,288.0,79.424
TSU,996.4325,254.0,79.424
TSU,1006.4769444444445,226.0,79.424
TSU,1017.5325,199.0,79.424
TSU,1030.5525,168.0,79.424
TSU,1046.3302777777778,142.0,79.424
TSU,1052.4191666666668,137.0,79.424
TSU,1059.7525000000003,132.0,79.424
TSU,1073.5636111111114,113.0,79.424
TSU,1078.5413888888893,112.0,79.424
TSU,1084.5413888888893,108.0,79.424
TSU,1094.7413888888893,102.0,79.424
TSU,1104.193055555556,106.0,79.424
TSU,1115.9930555555559,118.0,79.424
TSU,1125.5597222222225,123.0,79.424
TSU,1131.426388888889,132.0,79.424
TSU,1140.7597222222223,140.0,79.424
TSU,1158.4263888888888,159.0,79.424
TSU,1169.4263888888888,165.0,79.424
TSU,1178.5930555555556,165.0,79.424
TSU,1189.3930555555557,162.0,79.424
TSU,1196.5041666666666,160.0,79.424
TSU,1203.6152777777777,160.0,79.424
TSU,1215.9819444444445,159.0,79.424
TSU,1233.5375000000001,158.0,79.424
TSU,1251.9819444444445,166.0,79.424
TSU,1261.6486111111112,174.0,79.424
TSU,1269.5152777777778,177.0,79.424
TSU,1279.7375,184.0,79.424
TSU,1295.0825,198.0,79.424
TSU,1322.9491666666668,209.0,79.424
TSU,1334.893611111111,215.0,79.424
TSU,1349.760277777778,223.0,79.424
TSU,1364.9602777777777,228.0,79.424
TSU,1377.8491666666666,232.0,79.424
TSU,1395.971388888889,233.0,79.424
TSU,1409.193611111111,238.0,79.424
TSU,1430.7047222222222,242.0,79.424
TSU,1457.8836111111111,244.0,79.424
TSU,1471.550277777778,246.0,79.424
TSU,1490.9169444444447,249.0,79.424
TSU,1516.4169444444447,255.0,79.424
TSU,1533.550277777778,257.0,79.424
TSU,1547.9947222222224,260.0,79.424
TSU,1568.6058333333335,265.0,79.424
TSU,1583.3280555555557,265.0,79.424
TSU,1598.2169444444446,268.0,79.424
TSU,1613.2169444444446,270.0,79.424
TSU,1637.4836111111113,273.0,79.424
TSU,1652.7058333333334,274.0,79.424
TSU,1690.0391666666667,280.0,79.424
TSU,1721.3725000000002,282.0,79.424
TSU,1756.2058333333334,285.0,79.424
TSU,1778.4483333333335,287.0,79.424
TSU,1798.3594444444448,256.0,79.424
TSU,1811.4705555555558,236.0,79.424
TSU,1826.8038888888893,230.0,79.424
TSU,1838.8038888888893,216.0,79.424
TSU,1853.0038888888892,213.0,79.424
TSU,1866.670555555556,205.0,79.424
TSU,1878.281666666667,209.0,79.424
TSU,1894.770555555556,212.0,79.424
TSU,1906.886388888889,217.0,79.424
TSU,1926.975277777778,226.0,79.424
TSU,1944.9419444444447,231.0,79.424
TSU,1958.0530555555558,236.0,79.424
TSU,1973.9863888888892,239.0,79.424
TSU,1998.5863888888891,246.0,79.424
TSU,2009.6086111111113,248.0,79.424
TSU,2023.5530555555556,251.0,79.424
TSU,2040.6197222222222,256.0,79.424
TSU,2054.9530555555557,258.0,79.424
TSU,2089.8863888888886,262.0,79.424
TSU,2101.708611111111,266.0,79.424
TSU,2119.5752777777775,268.0,79.424
TSU,2149.686388888889,271.0,79.424
TSU,2164.9086111111105,274.0,79.424
TSU,2183.3086111111106,276.0,79.424
TSU,2195.530833333333,275.0,79.424
TSU,2214.064166666666,278.0,79.424
TSU,2232.5866666666666,279.0,79.424
TSU,2251.3199999999997,281.0,79.424
TSU,2282.7644444444445,283.0,79.424
TSU,2314.431111111111,285.0,79.424
TSU,2333.497777777777,286.0,79.424
TSU,2349.442222222222,287.0,79.424
TSU,2381.553333333333,289.0,79.424
TSU,2397.7449999999994,290.0,79.424
TSU,2427.044999999999,293.0,79.424
TSU,2443.322777777777,293.0,79.424
TSU,2459.6005555555544,293.0,79.424
TSU,2479.2672222222213,295.0,79.424
TSU,2518.7338888888885,296.0,79.424
TSU,2541.833888888888,297.0,79.424
TSU,2561.633888888888,297.0,79.424
TSU,2588.211666666666,299.0,79.424
TSU,2608.345,302.0,79.424
TSU,2638.5449999999996,302.0,79.424
TSU,2662.0338888888887,302.0,79.424
TSU,2692.4338888888888,304.0,79.424
TSU,2705.9449999999997,304.0,79.424
TSU,2750.0005555555554,305.0,79.424
TSU,2783.693888888889,304.0,79.424
TSU,2814.093888888889,304.0,79.424
TSU,2837.7383333333337,304.0,79.424
TSU,2871.6272222222224,305.0,79.424
TSU,2888.516111111111,304.0,79.424
TSU,2902.0272222222225,304.0,79.424
TSU,2915.5827777777777,305.0,79.424
TSU,2935.8494444444445,304.0,79.424
TSU,2962.956111111111,304.0,79.424
TSU,3040.900555555556,305.0,79.424
TSU,3067.9227777777783,304.0,79.424
TSU,3081.478333333334,305.0,79.424
TSU,3101.811666666667,305.0,79.424
TSU,3115.4116666666673,306.0,79.424
TSU,3132.356111111111,305.0,79.424
TSU,3159.3783333333336,304.0,79.424
TSU,3183.1005555555557,305.0,79.424
TSU,3196.700555555556,306.0,79.424
TSU,3216.033888888889,290.0,79.424
TSU,3234.300555555556,274.0,79.424
TSU,3251.4338888888897,257.0,79.424
TSU,3276.1338888888895,247.0,79.424
TSU,3294.567222222223,237.0,79.424
TSU,3307.3363888888894,231.0,79.424
TSU,3325.4586111111116,233.0,79.424
TSU,3346.614166666667,238.0,79.424
TSU,3367.3252777777784,233.0,79.424
TSU,3385.291944444445,231.0,79.424
TSU,3395.5141666666673,230.0,79.424
TSU,3416.491944444445,236.0,79.424
TSU,3426.980833333334,236.0,79.424
TSU,3437.6247222222223,238.0,79.424
TSU,3456.6025,244.0,79.424
TSU,3481.5025,249.0,79.424
TSU,3495.446944444445,251.0,79.424
TSU,3509.613611111112,255.0,79.424
TSU,3532.813611111111,261.0,79.424
TSU,3565.446944444445,267.0,79.424
TSU,3596.0025000000005,275.0,79.424
TSU,3611.4469444444453,278.0,79.424
TSU,3630.1136111111114,280.0,79.424
TSU,3658.813611111111,287.0,79.424
TSU,3678.0136111111115,288.0,79.424
TSU,3694.1247222222228,290.0,79.424
TSU,3723.524722222223,294.0,79.424
TSU,3746.6247222222228,297.0,79.424
TSU,3759.8247222222226,297.0,79.424
TSU,3773.069166666667,298.0,79.424
TSU,3786.358055555556,299.0,79.424
TSU,3809.763055555556,302.0,79.424
TSU,3830.096388888889,305.0,79.424
TSU,3843.6963888888895,306.0,79.424
TSU,3867.6519444444452,308.0,79.424
TSU,3881.4297222222226,310.0,79.424
TSU,3902.229722222223,312.0,79.424
TSU,3930.140833333334,314.0,79.424
TSU,3958.3186111111117,317.0,79.424
TSU,3991.6238888888893,299.0,79.424
TSU,4009.2905555555562,265.0,79.424
TSU,4032.5127777777784,209.0,79.424
TSU,4049.2127777777782,167.0,79.424
TSU,4064.768333333334,140.0,79.424
TSU,4073.4350000000004,130.0,79.424
TSU,4081.6350000000007,123.0,79.424
TSU,4090.7350000000006,117.0,79.424
TSU,4100.868333333334,114.0,79.424
TSU,4105.712777777778,109.0,79.424
TSU,4113.112777777777,111.0,79.424
TSU,4124.046111111111,123.0,79.424
TSU,4137.646111111111,136.0,79.424
TSU,4147.712777777778,151.0,79.424
TSU,4162.290555555555,164.0,79.424
TSU,4175.979444444444,176.0,79.424
TSU,4194.826944444444,189.0,79.424
TSU,4222.026944444444,204.0,79.424
TSU,4238.671388888888,214.0,79.424
TSU,4255.9380555555545,222.0,79.424
TSU,4278.701111111111,227.0,79.424
TSU,4289.10111111111,234.0,79.424
TSU,4307.30111111111,234.0,79.424
TSU,4322.767777777777,232.0,79.424
TSU,4332.678888888888,223.0,79.424
TSU,4347.2122222222215,218.0,79.424
TSU,4361.478888888888,214.0,79.424
TSU,4373.256666666665,212.0,79.424
TSU,4396.589999999999,210.0,79.424
TSU,4413.234444444443,214.0,79.424
TSU,4430.50111111111,222.0,79.424
TSU,4440.50111111111,225.0,79.424
TSU,4455.634444444443,227.0,79.424
TSU,4473.678888888888,232.0,79.424
TSU,4486.845555555555,237.0,79.424
TSU,4502.845555555555,240.0,79.424
TSU,4518.712222222222,238.0,79.424
TSU,4538.934444444444,182.0,79.424
TSU,4551.3788888888885,160.0,79.424
TSU,4563.201111111111,133.0,79.424
TSU,4570.055555555555,124.0,79.424
TSU,4579.233333333333,118.0,79.424
TSU,4585.51111111111,113.0,79.424
TSU,4590.2666666666655,107.0,79.424
TSU,4598.199999999999,102.0,79.424
TSU,4604.799999999998,99.0,79.424
TSU,4615.133333333331,93.0,79.424
TSU,4619.3819444444425,95.0,79.424
TSU,4633.248611111109,104.0,79.424
TSU,4641.95972222222,112.0,79.424
TSU,4648.681944444443,121.0,79.424
TSU,4662.681944444443,140.0,79.424
TSU,4676.637499999998,157.0,79.424
TSU,4685.581944444442,161.0,79.424
TSU,4693.004166666665,167.0,79.424
TSU,4705.993055555553,167.0,79.424
TSU,4720.304166666664,161.0,79.424
TSU,4736.904166666664,166.0,79.424
TSU,4748.304166666664,171.0,79.424
TSU,4763.85972222222,175.0,79.424
TSU,4773.915277777775,181.0,79.424
TSU,4784.359722222219,188.0,79.424
TSU,4795.137499999997,194.0,79.424
TSU,4817.804166666664,204.0,79.424
TSU,4857.209166666664,222.0,79.424
TSU,4875.175833333331,231.0,79.424
TSU,4890.97583333333,237.0,79.424
TSU,4904.420277777775,242.0,79.424
TSU,4920.820277777775,246.0,79.424
TSU,4931.97583333333,251.0,79.424
TSU,4951.958055555552,256.0,79.424
TSU,4981.180277777775,263.0,79.424
TSU,4993.002499999997,266.0,79.424
TSU,5008.002499999997,270.0,79.424
TSU,5029.313611111108,274.0,79.424
TSU,5051.091388888886,280.0,79.424
TSU,5079.291388888886,282.0,79.424
TSU,5092.002499999997,286.0,79.424
TSU,5104.802499999996,288.0,79.424
TSU,5127.358055555552,290.0,79.424
TSU,5150.224722222219,294.0,79.424
TSU,5176.624722222219,297.0,79.424
TSU,5196.624722222219,300.0,79.424
TSU,5220.035833333331,301.0,79.424
ZHO,3.9297222222222223,301.0,79.91
ZHO,24.12972222222222,303.0,79.91
ZHO,41.07416666666666,305.0,79.91
ZHO,58.07416666666667,306.0,79.91
ZHO,71.67416666666666,306.0,79.91
ZHO,109.56305555555555,310.0,79.91
ZHO,130.36305555555555,312.0,79.91
ZHO,168.40972222222223,312.0,79.91
ZHO,185.90972222222223,315.0,79.91
ZHO,213.90972222222226,315.0,79.91
ZHO,238.33194444444445,314.0,79.91
ZHO,252.33,313.0,79.91
ZHO,271.59666666666664,289.0,79.91
ZHO,291.5077777777778,256.0,79.91
ZHO,304.1188888888889,227.0,79.91
ZHO,319.36333333333334,196.0,79.91
ZHO,333.5188888888889,182.0,79.91
ZHO,345.25222222222226,176.0,79.91
ZHO,362.3522222222223,171.0,79.91
ZHO,383.61888888888893,174.0,79.91
ZHO,391.3966666666667,175.0,79.91
ZHO,399.3077777777778,178.0,79.91
ZHO,411.70777777777784,186.0,79.91
ZHO,426.95222222222225,196.0,79.91
ZHO,438.1744444444445,202.0,79.91
ZHO,447.24111111111114,204.0,79.91
ZHO,456.57444444444445,210.0,79.91
ZHO,473.53,218.0,79.91
ZHO,495.83,223.0,79.91
ZHO,511.0966666666667,229.0,79.91
ZHO,523.9855555555556,232.0,79.91
ZHO,553.4411111111112,241.0,79.91
ZHO,564.2855555555557,244.0,79.91
ZHO,578.0077777777778,247.0,79.91
ZHO,600.515,254.0,79.91
ZHO,620.815,261.0,79.91
ZHO,644.5333333333334,266.0,79.91
ZHO,722.588888888889,281.0,79.91
ZHO,754.2555555555557,285.0,79.91
ZHO,773.4555555555557,288.0,79.91
ZHO,806.0111111111112,293.0,79.91
ZHO,825.6111111111112,294.0,79.91
ZHO,855.3111111111112,297.0,79.91
ZHO,885.2111111111112,299.0,79.91
ZHO,918.988888888889,304.0,79.91
ZHO,946.0111111111113,304.0,79.91
ZHO,968.9555555555556,295.0,79.91
ZHO,986.5555555555557,264.0,79.91
ZHO,1003.7444444444445,221.0,79.91
ZHO,1014.5777777777779,195.0,79.91
ZHO,1022.3111111111112,174.0,79.91
ZHO,1032.9111111111113,159.0,79.91
ZHO,1045.4444444444446,141.0,79.91
ZHO,1056.4666666666667,124.0,79.91
ZHO,1064.4997222222223,121.0,79.91
ZHO,1069.566388888889,114.0,79.91
ZHO,1078.1997222222221,111.0,79.91
ZHO,1084.229722222222,108.0,79.91
ZHO,1092.3963888888889,105.0,79.91
ZHO,1098.1741666666667,104.0,79.91
ZHO,1109.0741666666668,109.0,79.91
ZHO,1122.4075,120.0,79.91
ZHO,1132.4408333333333,129.0,79.91
ZHO,1140.0519444444444,137.0,79.91
ZHO,1152.9408333333333,145.0,79.91
ZHO,1168.3408333333332,154.0,79.91
ZHO,1177.8408333333332,171.0,79.91
ZHO,1192.7741666666666,168.0,79.91
ZHO,1210.6630555555555,161.0,79.91
ZHO,1226.2630555555554,156.0,79.91
ZHO,1238.2408333333333,154.0,79.91
ZHO,1246.9075,156.0,79.91
ZHO,1255.9075,162.0,79.91
ZHO,1273.5075,176.0,79.91
ZHO,1281.4630555555555,179.0,79.91
ZHO,1291.8519444444444,187.0,79.91
ZHO,1366.1233333333334,223.0,79.91
ZHO,1376.2122222222224,227.0,79.91
ZHO,1389.1655555555558,232.0,79.91
ZHO,1407.598888888889,237.0,79.91
ZHO,1423.4655555555557,238.0,79.91
ZHO,1439.398888888889,239.0,79.91
ZHO,1463.2988888888888,239.0,79.91
ZHO,1482.121111111111,242.0,79.91
ZHO,1509.6766666666665,248.0,79.91
ZHO,1540.721111111111,254.0,79.91
ZHO,1552.1433333333332,257.0,79.91
ZHO,1566.4766666666665,258.0,79.91
ZHO,1578.0322222222221,260.0,79.91
ZHO,1595.6322222222223,264.0,79.91
ZHO,1613.3655555555554,266.0,79.91
ZHO,1631.3655555555556,270.0,79.91
ZHO,1649.4322222222222,271.0,79.91
ZHO,1670.7433333333333,274.0,79.91
ZHO,1689.0766666666666,275.0,79.91
ZHO,1704.4655555555555,277.0,79.91
ZHO,1723.0655555555556,279.0,79.91
ZHO,1744.921111111111,281.0,79.91
ZHO,1773.0211111111112,281.0,79.91
ZHO,1785.3766666666668,278.0,79.91
ZHO,1807.332222222222,247.0,79.91
ZHO,1826.5608333333334,217.0,79.91
ZHO,1840.6941666666667,212.0,79.91
ZHO,1856.6955555555558,205.0,79.91
ZHO,1874.9177777777777,205.0,79.91
ZHO,1893.3177777777778,207.0,79.91
ZHO,1902.6066666666668,209.0,79.91
ZHO,1919.4066666666668,216.0,79.91
ZHO,1931.74,222.0,79.91
ZHO,1954.6399999999999,229.0,79.91
ZHO,1975.5288888888888,235.0,79.91
ZHO,1996.951111111111,241.0,79.91
ZHO,2007.84,245.0,79.91
ZHO,2018.7733333333333,246.0,79.91
ZHO,2029.928888888889,251.0,79.91
ZHO,2049.762222222222,255.0,79.91
ZHO,2084.428888888889,260.0,79.91
ZHO,2096.1177777777775,263.0,79.91
ZHO,2116.8066666666664,266.0,79.91
ZHO,2143.6066666666666,268.0,79.91
ZHO,2161.673333333333,271.0,79.91
ZHO,2176.7844444444445,272.0,79.91
ZHO,2210.5177777777776,276.0,79.91
ZHO,2225.9066666666663,277.0,79.91
ZHO,2260.251111111111,281.0,79.91
ZHO,2278.9063888888886,281.0,79.91
ZHO,2300.9180555555554,282.0,79.91
ZHO,2319.9180555555554,285.0,79.91
ZHO,2339.051388888889,287.0,79.91
ZHO,2355.0513888888886,288.0,79.91
ZHO,2384.0513888888886,290.0,79.91
ZHO,2409.9180555555554,291.0,79.91
ZHO,2422.9402777777777,293.0,79.91
ZHO,2449.073611111111,294.0,79.91
ZHO,2468.740277777778,295.0,79.91
ZHO,2488.473611111111,296.0,79.91
ZHO,2508.2069444444446,296.0,79.91
ZHO,2521.4069444444444,297.0,79.91
ZHO,2544.5847222222224,298.0,79.91
ZHO,2567.7625000000003,298.0,79.91
ZHO,2594.429166666667,300.0,79.91
ZHO,2627.9847222222224,302.0,79.91
ZHO,2641.3625000000006,301.0,79.91
ZHO,2668.206944444445,302.0,79.91
ZHO,2681.6736111111113,303.0,79.91
ZHO,2708.6069444444447,303.0,79.91
ZHO,2739.006944444445,304.0,79.91
ZHO,2769.406944444445,304.0,79.91
ZHO,2782.9180555555563,304.0,79.91
ZHO,2803.184722222223,304.0,79.91
ZHO,2836.878055555556,304.0,79.91
ZHO,2860.606944444445,304.0,79.91
ZHO,2880.8736111111116,304.0,79.91
ZHO,2907.895833333334,304.0,79.91
ZHO,2931.4625000000005,303.0,79.91
ZHO,2951.662500000001,303.0,79.91
ZHO,2978.595833333334,303.0,79.91
ZHO,2998.729166666668,302.0,79.91
ZHO,3018.8625000000006,302.0,79.91
ZHO,3042.3513888888897,302.0,79.91
ZHO,3072.5513888888895,302.0,79.91
ZHO,3085.973611111112,302.0,79.91
ZHO,3182.9625000000005,301.0,79.91
ZHO,3199.573611111112,299.0,79.91
ZHO,3218.8402777777783,289.0,79.91
ZHO,3230.795833333334,269.0,79.91
ZHO,3253.106944444445,251.0,79.91
ZHO,3281.706944444445,234.0,79.91
ZHO,3304.5069444444453,228.0,79.91
ZHO,3327.4069444444453,229.0,79.91
ZHO,3348.2305555555567,235.0,79.91
ZHO,3366.5736111111123,235.0,79.91
ZHO,3389.9736111111124,234.0,79.91
ZHO,3408.1736111111127,234.0,79.91
ZHO,3426.5291666666685,236.0,79.91
ZHO,3442.3958333333353,238.0,79.91
ZHO,3455.784722222224,241.0,79.91
ZHO,3469.3402777777796,244.0,79.91
ZHO,3497.1180555555575,250.0,79.91
ZHO,3511.229166666669,254.0,79.91
ZHO,3531.2180555555574,257.0,79.91
ZHO,3545.8291666666687,263.0,79.91
ZHO,3560.5513888888913,265.0,79.91
ZHO,3596.951388888891,273.0,79.91
ZHO,3621.662500000002,278.0,79.91
ZHO,3643.518055555558,281.0,79.91
ZHO,3675.0736111111137,284.0,79.91
ZHO,3687.8291666666696,287.0,79.91
ZHO,3703.884722222225,289.0,79.91
ZHO,3726.595833333336,292.0,79.91
ZHO,3742.9291666666695,294.0,79.91
ZHO,3766.029166666669,297.0,79.91
ZHO,3789.2847222222244,299.0,79.91
ZHO,3809.351388888891,301.0,79.91
ZHO,3836.289166666669,304.0,79.91
ZHO,3853.318333333336,305.0,79.91
ZHO,3866.96277777778,307.0,79.91
ZHO,3884.0738888888914,308.0,79.91
ZHO,3904.7405555555574,310.0,79.91
ZHO,3918.607222222224,312.0,79.91
ZHO,3942.9516666666686,313.0,79.91
ZHO,3960.2850000000017,312.0,79.91
ZHO,3974.1516666666685,312.0,79.91
ZHO,3988.018333333335,312.0,79.91
ZHO,4008.085000000002,301.0,79.91
ZHO,4022.9183333333353,267.0,79.91
ZHO,4043.7183333333355,208.0,79.91
ZHO,4055.985000000002,184.0,79.91
ZHO,4063.273888888891,164.0,79.91
ZHO,4074.1627777777803,140.0,79.91
ZHO,4085.36277777778,126.0,79.91
ZHO,4098.251666666669,116.0,79.91
ZHO,4109.6516666666685,114.0,79.91
ZHO,4118.518333333335,114.0,79.91
ZHO,4126.518333333335,120.0,79.91
ZHO,4141.073888888891,131.0,79.91
ZHO,4148.740555555557,138.0,79.91
ZHO,4163.840555555557,151.0,79.91
ZHO,4174.9738888888905,167.0,79.91
ZHO,4182.618333333336,172.0,79.91
ZHO,4231.507222222224,200.0,79.91
ZHO,4248.073888888891,213.0,79.91
ZHO,4262.607222222225,218.0,79.91
ZHO,4287.829444444446,227.0,79.91
ZHO,4298.096111111113,231.0,79.91
ZHO,4308.407222222224,232.0,79.91
ZHO,4321.407222222224,234.0,79.91
ZHO,4336.740555555557,230.0,79.91
ZHO,4356.47388888889,222.0,79.91
ZHO,4370.673888888889,213.0,79.91
ZHO,4392.17388888889,215.0,79.91
ZHO,4406.840555555556,220.0,79.91
ZHO,4421.77388888889,224.0,79.91
ZHO,4442.129444444446,229.0,79.91
ZHO,4462.840555555556,233.0,79.91
ZHO,4476.007222222223,237.0,79.91
ZHO,4500.207222222223,242.0,79.91
ZHO,4521.896111111113,244.0,79.91
ZHO,4534.618333333335,229.0,79.91
ZHO,4543.46277777778,199.0,79.91
ZHO,4560.162777777779,167.0,79.91
ZHO,4575.27388888889,136.0,79.91
ZHO,4581.007222222223,129.0,79.91
ZHO,4595.185000000001,116.0,79.91
ZHO,4603.662777777779,109.0,79.91
ZHO,4609.551666666668,106.0,79.91
ZHO,4616.351666666668,102.0,79.91
ZHO,4624.285000000002,102.0,79.91
ZHO,4637.607222222224,109.0,79.91
ZHO,4642.540555555557,111.0,79.91
ZHO,4653.385000000001,122.0,79.91
ZHO,4663.496111111112,130.0,79.91
ZHO,4673.029444444446,143.0,79.91
ZHO,4681.4738888888905,152.0,79.91
ZHO,4688.407222222224,156.0,79.91
ZHO,4701.085000000002,163.0,79.91
ZHO,4712.218333333335,167.0,79.91
ZHO,4721.440555555558,166.0,79.91
ZHO,4734.196111111113,164.0,79.91
ZHO,4752.529444444446,165.0,79.91
ZHO,4769.529444444446,170.0,79.91
ZHO,4777.396111111113,177.0,79.91
ZHO,4785.307222222224,178.0,79.91
ZHO,4797.907222222223,189.0,79.91
ZHO,4813.07388888889,195.0,79.91
ZHO,4824.240555555557,201.0,79.91
ZHO,4838.040555555556,207.0,79.91
ZHO,4859.740555555556,217.0,79.91
ZHO,4872.185,224.0,79.91
ZHO,4884.970833333335,229.0,79.91
ZHO,4895.394166666668,236.0,79.91
ZHO,4916.994166666668,243.0,79.91
ZHO,4936.360833333335,249.0,79.91
ZHO,4965.027500000001,258.0,79.91
ZHO,4979.583055555557,262.0,79.91
ZHO,4994.360833333335,266.0,79.91
ZHO,5012.227500000001,268.0,79.91
ZHO,5039.6275000000005,274.0,79.91
ZHO,5051.938611111112,277.0,79.91
ZHO,5064.294166666668,278.0,79.91
ZHO,5089.4497222222235,283.0,79.91
ZHO,5108.516388888891,286.0,79.91
ZHO,5131.149722222223,291.0,79.91
ZHO,5160.449722222224,293.0,79.91
ZHO,5186.760833333335,296.0,79.91
ZHO,5206.694166666667,299.0,79.91
ZHO,5230.183055555556,302.0,79.91
MSC,7.8791666666666655,305.0,80.104
MSC,38.564166666666665,306.0,80.104
MSC,59.16416666666666,309.0,80.104
MSC,79.83083333333333,310.0,80.104
MSC,114.4975,312.0,80.104
MSC,138.9975,315.0,80.104
MSC,156.4975,315.0,80.104
MSC,187.9975,315.0,80.104
MSC,215.99750000000003,315.0,80.104
MSC,240.26416666666668,312.0,80.104
MSC,261.06416666666667,312.0,80.104
MSC,273.01972222222224,269.0,80.104
MSC,284.9752777777778,269.0,80.104
MSC,301.85305555555556,217.0,80.104
MSC,315.2530555555556,201.0,80.104
MSC,338.47527777777776,190.0,80.104
MSC,354.65305555555557,182.0,80.104
MSC,366.4530555555556,177.0,80.104
MSC,388.4530555555556,180.0,80.104
MSC,404.66888888888894,183.0,80.104
MSC,424.1688888888889,195.0,80.104
MSC,440.11333333333334,205.0,80.104
MSC,451.7244444444445,209.0,80.104
MSC,468.6625,217.0,80.104
MSC,488.6625,225.0,80.104
MSC,501.44027777777774,230.0,80.104
MSC,524.9402777777777,235.0,80.104
MSC,546.2736111111111,240.0,80.104
MSC,559.6069444444445,240.0,80.104
MSC,573.3847222222222,248.0,80.104
MSC,590.3847222222222,255.0,80.104
MSC,604.773611111111,259.0,80.104
MSC,636.9180555555555,263.0,80.104
MSC,648.8291666666667,268.0,80.104
MSC,660.7402777777778,268.0,80.104
MSC,679.1402777777777,276.0,80.104
MSC,713.4847222222222,281.0,80.104
MSC,735.6513888888888,285.0,80.104
MSC,754.7847222222222,287.0,80.104
MSC,783.9847222222221,292.0,80.104
MSC,797.0069444444443,293.0,80.104
MSC,813.3958333333334,295.0,80.104
MSC,829.8402777777777,296.0,80.104
MSC,843.0847222222221,298.0,80.104
MSC,863.0013888888889,300.0,80.104
MSC,879.7791666666666,302.0,80.104
MSC,910.2791666666666,305.0,80.104
MSC,940.6791666666667,304.0,80.104
MSC,964.2191666666666,264.0,80.104
MSC,977.4969444444444,239.0,80.104
MSC,991.8969444444443,216.0,80.104
MSC,1006.5969444444443,189.0,80.104
MSC,1019.5858333333332,167.0,80.104
MSC,1032.474722222222,145.0,80.104
MSC,1044.2080555555553,132.0,80.104
MSC,1053.8524999999997,124.0,80.104
MSC,1060.574722222222,121.0,80.104
MSC,1065.685833333333,115.0,80.104
MSC,1070.796944444444,115.0,80.104
MSC,1075.685833333333,110.0,80.104
MSC,1082.885833333333,108.0,80.104
MSC,1091.2858333333331,108.0,80.104
MSC,1098.5524999999998,109.0,80.104
MSC,1103.6191666666664,114.0,80.104
MSC,1118.6524999999997,123.0,80.104
MSC,1129.1524999999997,135.0,80.104
MSC,1146.263611111111,154.0,80.104
MSC,1153.2858333333331,158.0,80.104
MSC,1164.4191666666663,167.0,80.104
MSC,1175.7524999999998,170.0,80.104
MSC,1185.149722222222,170.0,80.104
MSC,1201.5497222222218,164.0,80.104
MSC,1212.349722222222,162.0,80.104
MSC,1221.238611111111,160.0,80.104
MSC,1230.0719444444442,159.0,80.104
MSC,1237.3169444444443,162.0,80.104
MSC,1244.6502777777775,165.0,80.104
MSC,1258.3391666666664,176.0,80.104
MSC,1266.3391666666664,180.0,80.104
MSC,1281.0391666666665,189.0,80.104
MSC,1291.9280555555554,196.0,80.104
MSC,1302.9836111111108,199.0,80.104
MSC,1321.8280555555552,212.0,80.104
MSC,1336.5613888888886,221.0,80.104
MSC,1349.005833333333,224.0,80.104
MSC,1364.3391666666662,230.0,80.104
MSC,1388.0391666666665,237.0,80.104
MSC,1401.3724999999997,240.0,80.104
MSC,1414.816944444444,242.0,80.104
MSC,1428.316944444444,243.0,80.104
MSC,1444.7169444444442,246.0,80.104
MSC,1458.4391666666663,247.0,80.104
MSC,1474.8391666666662,246.0,80.104
MSC,1552.2391666666663,258.0,80.104
MSC,1578.6391666666661,264.0,80.104
MSC,1590.3874999999994,266.0,80.104
MSC,1605.2763888888883,268.0,80.104
MSC,1623.2763888888885,270.0,80.104
MSC,1635.2763888888885,270.0,80.104
MSC,1659.720833333333,275.0,80.104
MSC,1672.0641666666663,276.0,80.104
MSC,1690.730833333333,280.0,80.104
MSC,1715.619722222222,280.0,80.104
MSC,1728.1530555555553,282.0,80.104
MSC,1750.0086111111107,281.0,80.104
MSC,1771.8641666666663,281.0,80.104
MSC,1797.8641666666663,234.0,80.104
MSC,1809.8641666666665,216.0,80.104
MSC,1834.7974999999997,204.0,80.104
MSC,1852.4863888888885,199.0,80.104
MSC,1868.0419444444442,200.0,80.104
MSC,1891.3752777777775,210.0,80.104
MSC,1915.930833333333,221.0,80.104
MSC,1931.2641666666664,230.0,80.104
MSC,1944.1530555555553,232.0,80.104
MSC,1957.2086111111107,235.0,80.104
MSC,1967.7863888888885,238.0,80.104
MSC,1997.8530555555553,246.0,80.104
MSC,2014.2530555555554,246.0,80.104
MSC,2045.714722222222,258.0,80.104
MSC,2060.1591666666664,260.0,80.104
MSC,2083.625833333333,264.0,80.104
MSC,2104.314722222222,266.0,80.104
MSC,2116.210833333333,266.0,80.104
MSC,2134.210833333333,270.0,80.104
MSC,2155.3663888888887,272.0,80.104
MSC,2170.5886111111104,274.0,80.104
MSC,2191.8997222222215,274.0,80.104
MSC,2213.366388888888,276.0,80.104
MSC,2231.9663888888886,279.0,80.104
MSC,2259.9663888888886,280.0,80.104
MSC,2294.555277777777,283.0,80.104
MSC,2307.177499999999,284.0,80.104
MSC,2319.844166666666,285.0,80.104
MSC,2338.9108333333324,286.0,80.104
MSC,2361.233055555554,287.0,80.104
MSC,2377.2330555555545,288.0,80.104
MSC,2390.1219444444437,290.0,80.104
MSC,2403.0108333333324,290.0,80.104
MSC,2425.6441666666656,291.0,80.104
MSC,2454.8441666666654,292.0,80.104
MSC,2474.310833333332,292.0,80.104
MSC,2490.5886111111095,293.0,80.104
MSC,2526.766388888888,296.0,80.104
MSC,2539.9663888888876,297.0,80.104
MSC,2556.466388888888,297.0,80.104
MSC,2582.7838888888878,297.0,80.104
MSC,2605.9616666666657,298.0,80.104
MSC,2632.622499999999,299.0,80.104
MSC,2716.7891666666656,303.0,80.104
MSC,2750.3447222222217,302.0,80.104
MSC,2770.544722222221,303.0,80.104
MSC,2804.100277777777,302.0,80.104
MSC,2824.3002777777765,303.0,80.104
MSC,2854.6002777777767,303.0,80.104
MSC,2884.7002777777766,301.0,80.104
MSC,2918.1447222222214,301.0,80.104
MSC,2945.078055555555,303.0,80.104
MSC,2968.5669444444434,302.0,80.104
MSC,2988.6336111111104,301.0,80.104
MSC,3012.1224999999995,302.0,80.104
MSC,3028.844722222222,301.0,80.104
MSC,3042.266944444444,302.0,80.104
MSC,3062.333611111111,301.0,80.104
MSC,3089.0891666666666,301.0,80.104
MSC,3115.755833333333,300.0,80.104
MSC,3135.7388888888886,301.0,80.104
MSC,3149.072222222222,300.0,80.104
MSC,3172.327777777777,299.0,80.104
MSC,3188.910277777777,297.0,80.104
MSC,3209.988055555555,271.0,80.104
MSC,3223.988055555555,252.0,80.104
MSC,3247.888055555555,239.0,80.104
MSC,3273.999166666666,235.0,80.104
MSC,3292.0436111111107,232.0,80.104
MSC,3305.0436111111103,234.0,80.104
MSC,3326.199166666666,238.0,80.104
MSC,3350.0991666666664,239.0,80.104
MSC,3363.376944444444,239.0,80.104
MSC,3384.5324999999993,238.0,80.104
MSC,3410.7547222222215,236.0,80.104
MSC,3434.5547222222217,238.0,80.104
MSC,3453.5324999999993,244.0,80.104
MSC,3467.254722222222,247.0,80.104
MSC,3481.088055555555,249.0,80.104
MSC,3506.488055555555,254.0,80.104
MSC,3517.8213888888886,255.0,80.104
MSC,3532.2658333333334,260.0,80.104
MSC,3624.8552777777777,278.0,80.104
MSC,3637.3886111111105,282.0,80.104
MSC,3653.245277777777,284.0,80.104
MSC,3675.5674999999997,287.0,80.104
MSC,3694.8341666666665,289.0,80.104
MSC,3714.2341666666666,291.0,80.104
MSC,3743.7341666666666,295.0,80.104
MSC,3766.834166666666,297.0,80.104
MSC,3800.278611111111,301.0,80.104
MSC,3837.4341666666664,304.0,80.104
MSC,3851.0786111111106,307.0,80.104
MSC,3868.3008333333332,310.0,80.104
MSC,3882.034166666667,309.0,80.104
MSC,3902.7674999999995,311.0,80.104
MSC,3923.6341666666663,313.0,80.104
MSC,3944.5674999999997,314.0,80.104
MSC,3965.5008333333326,314.0,80.104
MSC,3988.9119444444436,301.0,80.104
MSC,4006.845277777777,269.0,80.104
MSC,4020.1786111111105,240.0,80.104
MSC,4033.6452777777768,202.0,80.104
MSC,4047.8786111111103,183.0,80.104
MSC,4063.1786111111105,153.0,80.104
MSC,4069.4897222222216,142.0,80.104
MSC,4081.0452777777773,130.0,80.104
MSC,4091.324166666666,116.0,80.104
MSC,4098.790833333333,112.0,80.104
MSC,4107.0647222222215,106.0,80.104
MSC,4116.3980555555545,105.0,80.104
MSC,4126.620277777777,115.0,80.104
MSC,4131.864722222222,118.0,80.104
MSC,4141.8980555555545,129.0,80.104
MSC,4149.675833333333,140.0,80.104
MSC,4165.775833333333,161.0,80.104
MSC,4181.242499999999,174.0,80.104
MSC,4197.775833333333,186.0,80.104
MSC,4206.353611111111,193.0,80.104
MSC,4215.109166666666,197.0,80.104
MSC,4224.131388888888,203.0,80.104
MSC,4240.620277777777,212.0,80.104
MSC,4270.353611111111,223.0,80.104
MSC,4280.486944444444,228.0,80.104
MSC,4298.298055555555,229.0,80.104
MSC,4320.198055555555,219.0,80.104
MSC,4334.331388888888,212.0,80.104
MSC,4345.8869444444435,208.0,80.104
MSC,4371.309166666666,208.0,80.104
MSC,4383.086944444444,212.0,80.104
MSC,4409.853611111111,219.0,80.104
MSC,4424.392777777778,219.0,80.104
MSC,4442.267500000001,229.0,80.104
MSC,4457.6675000000005,231.0,80.104
MSC,4473.534166666666,238.0,80.104
MSC,4486.978611111111,242.0,80.104
MSC,4511.1786111111105,242.0,80.104
MSC,4529.6675,208.0,80.104
MSC,4537.934166666666,186.0,80.104
MSC,4551.97861111111,158.0,80.104
MSC,4561.57861111111,144.0,80.104
MSC,4570.045277777776,127.0,80.104
MSC,4578.045277777776,120.0,80.104
MSC,4583.156388888888,115.0,80.104
MSC,4591.400833333332,106.0,80.104
MSC,4599.256388888888,101.0,80.104
MSC,4607.789722222221,96.0,80.104
MSC,4618.900833333332,100.0,80.104
MSC,4623.47861111111,103.0,80.104
MSC,4633.434166666665,112.0,80.104
MSC,4638.411944444443,112.0,80.104
MSC,4649.256388888887,122.0,80.104
MSC,4663.3563888888875,141.0,80.104
MSC,4678.956388888888,156.0,80.104
MSC,4685.889722222221,156.0,80.104
MSC,4696.223055555555,155.0,80.104
MSC,4713.180555555556,153.0,80.104
MSC,4725.279166666666,155.0,80.104
MSC,4736.0125,161.0,80.104
MSC,4751.12361111111,170.0,80.104
MSC,4765.045833333333,179.0,80.104
MSC,4777.379166666666,185.0,80.104
MSC,4794.62361111111,194.0,80.104
MSC,4808.156944444443,203.0,80.104
MSC,4822.090277777777,209.0,80.104
MSC,4838.968055555554,217.0,80.104
MSC,4861.5680555555555,226.0,80.104
MSC,4871.701388888889,228.0,80.104
MSC,4955.156944444444,259.0,80.104
MSC,4969.7125,262.0,80.104
MSC,4987.445833333332,266.0,80.104
MSC,4999.312499999999,267.0,80.104
MSC,5023.668055555555,274.0,80.104
MSC,5057.890277777777,280.0,80.104
MSC,5086.390277777777,285.0,80.104
MSC,5115.390277777777,290.0,80.104
MSC,5141.264722222221,292.0,80.104
MSC,5164.369166666666,296.0,80.104
MSC,5194.269166666666,299.0,80.104
MSC,5217.758055555554,302.0,80.104
MSC,5241.324722222221,303.0,80.104
ALB,30.82222222222222,304.0,80.135
ALB,65.04444444444444,308.0,80.135
ALB,88.99999999999999,308.0,80.135
ALB,109.53333333333332,308.0,80.135
ALB,126.64444444444445,308.0,80.135
ALB,157.94444444444443,313.0,80.135
ALB,185.94444444444443,315.0,80.135
ALB,210.4444444444444,315.0,80.135
ALB,252.0444444444444,312.0,80.135
ALB,267.6555555555555,281.0,80.135
ALB,279.47777777777776,266.0,80.135
ALB,304.3544444444444,204.0,80.135
ALB,319.1322222222222,190.0,80.135
ALB,329.3544444444444,184.0,80.135
ALB,345.0877777777778,177.0,80.135
ALB,356.55444444444447,172.0,80.135
ALB,366.11,172.0,80.135
ALB,379.76972222222224,175.0,80.135
ALB,389.76972222222224,180.0,80.135
ALB,402.0363888888889,184.0,80.135
ALB,422.0363888888889,200.0,80.135
ALB,433.3697222222222,204.0,80.135
ALB,459.5252777777777,214.0,80.135
ALB,474.25861111111107,221.0,80.135
ALB,486.75861111111107,225.0,80.135
ALB,509.8586111111111,231.0,80.135
ALB,528.2919444444444,237.0,80.135
ALB,541.6252777777778,240.0,80.135
ALB,568.9586111111112,246.0,80.135
ALB,588.4030555555555,250.0,80.135
ALB,602.6252777777778,256.0,80.135
ALB,619.8252777777778,258.0,80.135
ALB,643.3808333333333,265.0,80.135
ALB,655.2919444444444,268.0,80.135
ALB,667.3363888888889,271.0,80.135
ALB,682.5586111111112,274.0,80.135
ALB,704.0261111111112,277.0,80.135
ALB,725.8816666666667,281.0,80.135
ALB,747.9705555555555,284.0,80.135
ALB,767.1038888888888,287.0,80.135
ALB,786.4372222222222,290.0,80.135
ALB,802.5483333333334,290.0,80.135
ALB,815.5705555555555,293.0,80.135
ALB,831.9297222222223,293.0,80.135
ALB,848.3741666666668,296.0,80.135
ALB,878.2741666666668,299.0,80.135
ALB,891.6519444444446,301.0,80.135
ALB,911.7186111111113,301.0,80.135
ALB,945.2741666666667,302.0,80.135
ALB,965.4075,302.0,80.135
ALB,982.9408333333333,263.0,80.135
ALB,1002.4075,219.0,80.135
ALB,1016.5630555555556,182.0,80.135
ALB,1033.3408333333334,151.0,80.135
ALB,1064.5408333333335,117.0,80.135
ALB,1074.1408333333334,108.0,80.135
ALB,1078.8963888888889,107.0,80.135
ALB,1091.6074999999998,104.0,80.135
ALB,1096.318611111111,106.0,80.135
ALB,1103.6213888888888,110.0,80.135
ALB,1108.6436111111109,113.0,80.135
ALB,1115.1991666666663,118.0,80.135
ALB,1122.1436111111109,125.0,80.135
ALB,1129.4769444444441,132.0,80.135
ALB,1137.254722222222,140.0,80.135
ALB,1151.0324999999998,155.0,80.135
ALB,1167.0769444444443,160.0,80.135
ALB,1177.6102777777776,158.0,80.135
ALB,1187.943611111111,155.0,80.135
ALB,1205.1658333333332,155.0,80.135
ALB,1217.4547222222222,158.0,80.135
ALB,1226.3991666666666,161.0,80.135
ALB,1242.9991666666665,166.0,80.135
ALB,1258.8213888888888,178.0,80.135
ALB,1273.5213888888889,189.0,80.135
ALB,1286.7213888888887,198.0,80.135
ALB,1295.6991666666665,202.0,80.135
ALB,1304.8991666666666,207.0,80.135
ALB,1321.3880555555556,212.0,80.135
ALB,1336.0547222222222,220.0,80.135
ALB,1364.1658333333332,230.0,80.135
ALB,1385.3213888888888,238.0,80.135
ALB,1401.3213888888888,240.0,80.135
ALB,1431.143611111111,244.0,80.135
ALB,1453.2077777777777,249.0,80.135
ALB,1478.4077777777777,252.0,80.135
ALB,1498.1633333333334,254.0,80.135
ALB,1512.3855555555556,256.0,80.135
ALB,1532.7580555555555,261.0,80.135
ALB,1556.2247222222222,264.0,80.135
ALB,1571.0025,266.0,80.135
ALB,1598.0025000000003,270.0,80.135
ALB,1622.358055555556,274.0,80.135
ALB,1637.6913888888892,276.0,80.135
ALB,1653.1358333333335,278.0,80.135
ALB,1671.8025,280.0,80.135
ALB,1687.4136111111113,281.0,80.135
ALB,1722.2469444444446,285.0,80.135
ALB,1734.9136111111113,285.0,80.135
ALB,1747.580277777778,285.0,80.135
ALB,1766.4469444444449,283.0,80.135
ALB,1796.1469444444447,243.0,80.135
ALB,1813.180277777778,219.0,80.135
ALB,1827.0469444444445,208.0,80.135
ALB,1847.1469444444444,201.0,80.135
ALB,1856.0358333333334,200.0,80.135
ALB,1867.1469444444447,200.0,80.135
ALB,1878.480277777778,204.0,80.135
ALB,1887.7247222222225,208.0,80.135
ALB,1901.9319444444448,214.0,80.135
ALB,1914.2097222222226,221.0,80.135
ALB,1937.1097222222224,229.0,80.135
ALB,1960.7097222222224,236.0,80.135
ALB,1982.198888888889,241.0,80.135
ALB,1995.8100000000002,245.0,80.135
ALB,2012.5433333333333,251.0,80.135
ALB,2032.5322222222223,257.0,80.135
ALB,2052.6766666666667,259.0,80.135
ALB,2076.1433333333334,264.0,80.135
ALB,2099.9655555555555,268.0,80.135
ALB,2120.9655555555555,270.0,80.135
ALB,2136.0766666666664,272.0,80.135
ALB,2148.21,273.0,80.135
ALB,2160.3877777777775,274.0,80.135
ALB,2172.61,275.0,80.135
ALB,2191.0766666666664,277.0,80.135
ALB,2212.7766666666666,279.0,80.135
ALB,2231.4433333333336,280.0,80.135
ALB,2243.932222222222,281.0,80.135
ALB,2278.643333333334,284.0,80.135
ALB,2300.8877777777784,286.0,80.135
ALB,2332.9988888888893,289.0,80.135
ALB,2345.887777777778,290.0,80.135
ALB,2365.3544444444447,292.0,80.135
ALB,2384.887777777778,293.0,80.135
ALB,2401.1394444444445,294.0,80.135
ALB,2430.7394444444444,296.0,80.135
ALB,2450.5394444444446,297.0,80.135
ALB,2467.095,298.0,80.135
ALB,2483.706111111111,299.0,80.135
ALB,2497.0780555555557,299.0,80.135
ALB,2510.4113888888887,300.0,80.135
ALB,2533.8224999999998,301.0,80.135
ALB,2547.244722222222,302.0,80.135
ALB,2570.733611111111,302.0,80.135
ALB,2587.5669444444443,303.0,80.135
ALB,2604.4558333333334,304.0,80.135
ALB,2631.6558333333332,306.0,80.135
ALB,2652.055833333333,306.0,80.135
ALB,2669.1113888888885,307.0,80.135
ALB,2689.5780555555552,307.0,80.135
ALB,2720.278055555555,307.0,80.135
ALB,2737.389166666666,308.0,80.135
ALB,2754.5002777777772,308.0,80.135
ALB,2771.611388888888,308.0,80.135
ALB,2792.1447222222214,308.0,80.135
ALB,2809.2558333333327,308.0,80.135
ALB,2829.789166666666,308.0,80.135
ALB,2922.1891666666656,308.0,80.135
ALB,2952.9891666666654,308.0,80.135
ALB,2966.592499999999,308.0,80.135
ALB,2983.6480555555545,307.0,80.135
ALB,3004.1813888888873,308.0,80.135
ALB,3017.825833333332,307.0,80.135
ALB,3044.9369444444433,305.0,80.135
ALB,3058.532499999999,304.0,80.135
ALB,3078.7324999999983,303.0,80.135
ALB,3105.4880555555537,301.0,80.135
ALB,3118.865833333332,301.0,80.135
ALB,3142.1213888888874,299.0,80.135
ALB,3165.299166666665,298.0,80.135
ALB,3196.965833333332,285.0,80.135
ALB,3211.6324999999983,264.0,80.135
ALB,3241.2102777777764,242.0,80.135
ALB,3261.832499999998,232.0,80.135
ALB,3279.410277777776,226.0,80.135
ALB,3304.1880555555545,223.0,80.135
ALB,3329.2991666666653,226.0,80.135
ALB,3344.4324999999985,227.0,80.135
ALB,3356.988055555554,226.0,80.135
ALB,3369.5991666666655,227.0,80.135
ALB,3379.7324999999987,228.0,80.135
ALB,3408.088055555554,232.0,80.135
ALB,3423.8880555555543,237.0,80.135
ALB,3453.5205555555544,243.0,80.135
ALB,3467.07611111111,244.0,80.135
ALB,3489.2094444444433,249.0,80.135
ALB,3509.042777777777,255.0,80.135
ALB,3520.625833333332,259.0,80.135
ALB,3538.0258333333322,261.0,80.135
ALB,3558.8702777777767,268.0,80.135
ALB,3573.9258333333323,271.0,80.135
ALB,3595.3924999999986,276.0,80.135
ALB,3617.1702777777764,280.0,80.135
ALB,3636.036944444443,283.0,80.135
ALB,3664.736944444443,287.0,80.135
ALB,3700.548055555554,293.0,80.135
ALB,3713.614722222221,294.0,80.135
ALB,3726.681388888888,294.0,80.135
ALB,3746.4147222222214,296.0,80.135
ALB,3769.5924999999993,298.0,80.135
ALB,3786.20361111111,299.0,80.135
ALB,3799.5813888888883,301.0,80.135
ALB,3813.0036111111103,302.0,80.135
ALB,3836.648055555555,304.0,80.135
ALB,3867.4480555555547,308.0,80.135
ALB,3888.048055555555,309.0,80.135
ALB,3905.2702777777777,310.0,80.135
ALB,3943.403611111111,312.0,80.135
ALB,3957.270277777777,312.0,80.135
ALB,3974.548055555555,311.0,80.135
ALB,3997.0552777777775,254.0,80.135
ALB,4014.399722222222,223.0,80.135
ALB,4030.1822222222218,177.0,80.135
ALB,4064.904444444444,125.0,80.135
ALB,4078.126666666666,119.0,80.135
ALB,4085.8599999999997,116.0,80.135
ALB,4098.193333333333,111.0,80.135
ALB,4105.86,115.0,80.135
ALB,4118.759999999999,129.0,80.135
ALB,4133.0599999999995,143.0,80.135
ALB,4151.7266666666665,168.0,80.135
ALB,4167.815555555555,181.0,80.135
ALB,4182.748888888888,192.0,80.135
ALB,4196.082222222221,200.0,80.135
ALB,4212.337777777777,209.0,80.135
ALB,4224.337777777777,216.0,80.135
ALB,4234.026666666666,218.0,80.135
ALB,4249.093333333332,226.0,80.135
ALB,4269.8933333333325,234.0,80.135
ALB,4290.604444444443,233.0,80.135
ALB,4305.541944444443,225.0,80.135
ALB,4315.453055555555,223.0,80.135
ALB,4332.3308333333325,217.0,80.135
ALB,4344.279166666665,214.0,80.135
ALB,4360.534722222221,209.0,80.135
ALB,4372.201388888888,210.0,80.135
ALB,4393.601388888887,214.0,80.135
ALB,4418.268055555554,222.0,80.135
ALB,4435.92361111111,227.0,80.135
ALB,4448.868055555554,233.0,80.135
ALB,4469.934722222221,237.0,80.135
ALB,4493.934722222221,240.0,80.135
ALB,4505.768055555555,213.0,80.135
ALB,4521.679166666666,179.0,80.135
ALB,4538.2347222222215,149.0,80.135
ALB,4551.134722222221,129.0,80.135
ALB,4560.545833333333,121.0,80.135
ALB,4567.101388888888,118.0,80.135
ALB,4573.32361111111,112.0,80.135
ALB,4584.12361111111,108.0,80.135
ALB,4588.790277777777,105.0,80.135
ALB,4594.512499999999,103.0,80.135
ALB,4630.149444444443,107.0,80.135
ALB,4635.038333333332,110.0,80.135
ALB,4641.5149999999985,116.0,80.135
ALB,4651.470555555554,128.0,80.135
ALB,4661.003888888888,143.0,80.135
ALB,4671.003888888888,150.0,80.135
ALB,4686.603888888888,156.0,80.135
ALB,4698.814999999999,157.0,80.135
ALB,4716.592777777777,160.0,80.135
ALB,4737.248333333332,169.0,80.135
ALB,4744.759444444443,169.0,80.135
ALB,4754.481666666666,175.0,80.135
ALB,4762.481666666666,180.0,80.135
ALB,4774.814999999999,185.0,80.135
ALB,4787.414999999999,189.0,80.135
ALB,4800.614999999999,198.0,80.135
ALB,4814.414999999998,207.0,80.135
ALB,4831.059444444442,214.0,80.135
ALB,4845.726111111109,220.0,80.135
ALB,4858.33722222222,227.0,80.135
ALB,4873.870555555553,233.0,80.135
ALB,4892.614999999998,241.0,80.135
ALB,4917.614999999998,250.0,80.135
ALB,4928.814999999998,252.0,80.135
ALB,4951.837222222221,259.0,80.135
ALB,4975.407777777776,266.0,80.135
ALB,4993.274444444443,268.0,80.135
ALB,5014.739722222221,275.0,80.135
ALB,5039.539722222221,279.0,80.135
ALB,5064.695277777776,283.0,80.135
ALB,5077.273055555554,283.0,80.135
ALB,5099.750833333332,289.0,80.135
ALB,5115.973055555554,292.0,80.135
ALB,5145.373055555554,294.0,80.135
ALB,5171.861944444443,298.0,80.135
ALB,5198.617499999998,301.0,80.135
ALB,5212.039722222219,302.0,80.135
MAG,7.6338888888888885,302.0,80.254
MAG,89.76722222222222,308.0,80.254
MAG,117.58944444444444,313.0,80.254
MAG,131.50055555555554,313.0,80.254
MAG,170.00055555555554,315.0,80.254
MAG,183.95611111111106,314.0,80.254
MAG,204.93499999999997,316.0,80.254
MAG,218.9794444444444,316.0,80.254
MAG,236.42388888888885,314.0,80.254
MAG,253.7572222222222,312.0,80.254
MAG,269.7572222222222,288.0,80.254
MAG,284.1461111111111,259.0,80.254
MAG,304.1461111111111,225.0,80.254
MAG,324.20166666666665,200.0,80.254
MAG,337.00166666666667,192.0,80.254
MAG,349.40166666666664,186.0,80.254
MAG,369.0683333333333,177.0,80.254
MAG,381.9794444444444,166.0,80.254
MAG,391.09055555555557,164.0,80.254
MAG,407.99055555555555,169.0,80.254
MAG,423.36833333333334,173.0,80.254
MAG,437.135,177.0,80.254
MAG,449.40166666666664,184.0,80.254
MAG,457.7127777777778,187.0,80.254
MAG,466.15722222222223,190.0,80.254
MAG,481.9461111111111,203.0,80.254
MAG,495.8794444444444,209.0,80.254
MAG,522.5238888888889,218.0,80.254
MAG,542.5238888888889,225.0,80.254
MAG,557.9238888888889,231.0,80.254
MAG,587.5016666666668,242.0,80.254
MAG,609.4772222222223,248.0,80.254
MAG,635.1772222222222,257.0,80.254
MAG,655.4772222222223,261.0,80.254
MAG,670.1994444444445,265.0,80.254
MAG,691.3525000000001,271.0,80.254
MAG,715.7080555555557,274.0,80.254
MAG,731.1525,278.0,80.254
MAG,759.4525,283.0,80.254
MAG,784.8747222222222,286.0,80.254
MAG,800.9302777777779,289.0,80.254
MAG,817.0969444444445,291.0,80.254
MAG,836.5636111111112,292.0,80.254
MAG,852.8413888888889,293.0,80.254
MAG,889.2636111111112,298.0,80.254
MAG,902.5969444444444,300.0,80.254
MAG,915.8858333333333,299.0,80.254
MAG,935.8858333333333,300.0,80.254
MAG,970.9636111111112,287.0,80.254
MAG,990.8747222222222,256.0,80.254
MAG,1005.2747222222222,216.0,80.254
MAG,1023.5747222222221,183.0,80.254
MAG,1030.9080555555554,165.0,80.254
MAG,1039.2969444444443,151.0,80.254
MAG,1047.0191666666665,139.0,80.254
MAG,1052.7969444444443,130.0,80.254
MAG,1060.83,121.0,80.254
MAG,1067.2188888888888,115.0,80.254
MAG,1077.918888888889,107.0,80.254
MAG,1088.0188888888888,101.0,80.254
MAG,1096.6680555555554,97.0,80.254
MAG,1102.1124999999997,98.0,80.254
MAG,1109.1124999999997,105.0,80.254
MAG,1117.823611111111,112.0,80.254
MAG,1126.9236111111109,117.0,80.254
MAG,1138.3902777777776,129.0,80.254
MAG,1151.634722222222,149.0,80.254
MAG,1164.2347222222222,162.0,80.254
MAG,1173.4569444444444,166.0,80.254
MAG,1180.923611111111,168.0,80.254
MAG,1188.523611111111,171.0,80.254
MAG,1196.123611111111,171.0,80.254
MAG,1207.1902777777775,166.0,80.254
MAG,1219.4791666666665,158.0,80.254
MAG,1230.0124999999998,158.0,80.254
MAG,1237.034722222222,158.0,80.254
MAG,1257.934722222222,171.0,80.254
MAG,1272.1680555555554,183.0,80.254
MAG,1293.7236111111108,194.0,80.254
MAG,1302.5680555555552,199.0,80.254
MAG,1316.4347222222218,208.0,80.254
MAG,1330.6347222222219,213.0,80.254
MAG,1342.7405555555551,219.0,80.254
MAG,1365.5405555555553,228.0,80.254
MAG,1381.0072222222218,232.0,80.254
MAG,1394.1183333333329,236.0,80.254
MAG,1407.3961111111107,239.0,80.254
MAG,1418.129444444444,240.0,80.254
MAG,1428.929444444444,243.0,80.254
MAG,1448.0627777777775,246.0,80.254
MAG,1459.0405555555553,247.0,80.254
MAG,1478.4849999999997,250.0,80.254
MAG,1492.3738888888888,250.0,80.254
MAG,1506.485,254.0,80.254
MAG,1529.4183333333333,258.0,80.254
MAG,1546.8183333333332,261.0,80.254
MAG,1561.4294444444442,263.0,80.254
MAG,1579.0294444444444,264.0,80.254
MAG,1605.9294444444442,269.0,80.254
MAG,1620.9849999999997,271.0,80.254
MAG,1636.040555555555,271.0,80.254
MAG,1651.3183333333332,275.0,80.254
MAG,1669.718333333333,276.0,80.254
MAG,1685.1627777777774,278.0,80.254
MAG,1703.829444444444,280.0,80.254
MAG,1787.8294444444439,280.0,80.254
MAG,1812.8294444444439,250.0,80.254
MAG,1823.1644444444441,234.0,80.254
MAG,1835.6088888888885,224.0,80.254
MAG,1850.0088888888884,216.0,80.254
MAG,1859.475555555555,213.0,80.254
MAG,1877.6088888888885,204.0,80.254
MAG,1886.732222222222,204.0,80.254
MAG,1900.532222222222,207.0,80.254
MAG,1919.732222222222,216.0,80.254
MAG,1929.5988888888887,222.0,80.254
MAG,1947.0988888888887,225.0,80.254
MAG,1965.143333333333,232.0,80.254
MAG,1991.9211111111108,241.0,80.254
MAG,2005.532222222222,245.0,80.254
MAG,2036.454444444444,253.0,80.254
MAG,2059.2099999999996,256.0,80.254
MAG,2079.4322222222218,260.0,80.254
MAG,2108.765555555555,264.0,80.254
MAG,2138.4322222222213,267.0,80.254
MAG,2156.3655555555547,269.0,80.254
MAG,2171.42111111111,271.0,80.254
MAG,2186.532222222221,272.0,80.254
MAG,2198.7544444444434,275.0,80.254
MAG,2232.609999999999,277.0,80.254
MAG,2251.143333333332,278.0,80.254
MAG,2285.5316666666654,282.0,80.254
MAG,2301.253888888888,283.0,80.254
MAG,2326.6761111111105,286.0,80.254
MAG,2348.920555555555,286.0,80.254
MAG,2361.7558333333327,287.0,80.254
MAG,2380.9558333333325,288.0,80.254
MAG,2403.43361111111,289.0,80.254
MAG,2419.489166666666,289.0,80.254
MAG,2442.122499999999,291.0,80.254
MAG,2464.9891666666654,294.0,80.254
MAG,2484.5891666666657,294.0,80.254
MAG,2514.1891666666656,296.0,80.254
MAG,2550.366944444444,296.0,80.254
MAG,2563.522499999999,296.0,80.254
MAG,2576.7669444444437,298.0,80.254
MAG,2596.63361111111,298.0,80.254
MAG,2619.8891666666655,299.0,80.254
MAG,2636.444722222221,298.0,80.254
MAG,2649.73361111111,299.0,80.254
MAG,2663.111388888888,301.0,80.254
MAG,2686.522499999999,301.0,80.254
MAG,2716.522499999999,300.0,80.254
MAG,2736.5891666666653,301.0,80.254
MAG,2753.2558333333322,300.0,80.254
MAG,2790.044722222221,301.0,80.254
MAG,2803.422499999999,301.0,80.254
MAG,2820.2002777777766,302.0,80.254
MAG,2846.960833333332,302.0,80.254
MAG,2870.371944444443,301.0,80.254
MAG,2897.3002777777765,302.0,80.254
MAG,2980.63361111111,300.0,80.254
MAG,3014.0780555555543,301.0,80.254
MAG,3034.0780555555543,300.0,80.254
MAG,3067.5224999999987,301.0,80.254
MAG,3087.5224999999987,300.0,80.254
MAG,3117.6224999999986,301.0,80.254
MAG,3147.6224999999986,300.0,80.254
MAG,3180.5113888888873,296.0,80.254
MAG,3206.5558333333315,293.0,80.254
MAG,3227.9447222222207,275.0,80.254
MAG,3245.0780555555543,257.0,80.254
MAG,3263.822499999999,241.0,80.254
MAG,3276.9336111111097,236.0,80.254
MAG,3287.2891666666656,233.0,80.254
MAG,3302.2224999999985,224.0,80.254
MAG,3322.666944444443,230.0,80.254
MAG,3343.6447222222205,236.0,80.254
MAG,3359.5780555555543,240.0,80.254
MAG,3370.244722222221,240.0,80.254
MAG,3388.83361111111,239.0,80.254
MAG,3402.1777777777766,239.0,80.254
MAG,3420.922222222221,241.0,80.254
MAG,3434.4222222222206,243.0,80.254
MAG,3459.2222222222213,248.0,80.254
MAG,3487.4444444444434,254.0,80.254
MAG,3507.4333333333325,257.0,80.254
MAG,3521.933333333332,261.0,80.254
MAG,3545.4888888888877,265.0,80.254
MAG,3572.6888888888875,272.0,80.254
MAG,3587.9666666666653,275.0,80.254
MAG,3612.7666666666655,279.0,80.254
MAG,3644.322222222221,284.0,80.254
MAG,3673.1222222222214,288.0,80.254
MAG,3695.91111111111,293.0,80.254
MAG,3712.244444444443,294.0,80.254
MAG,3728.688888888888,296.0,80.254
MAG,3758.588888888888,299.0,80.254
MAG,3771.8777777777773,299.0,80.254
MAG,3788.599999999999,301.0,80.254
MAG,3891.8472222222217,310.0,80.254
MAG,3905.713888888888,312.0,80.254
MAG,3923.1897222222215,313.0,80.254
MAG,3947.534166666666,313.0,80.254
MAG,3968.467499999999,314.0,80.254
MAG,3989.2008333333324,311.0,80.254
MAG,4014.1008333333325,249.0,80.254
MAG,4031.134166666666,219.0,80.254
MAG,4051.0230555555545,179.0,80.254
MAG,4068.623055555555,144.0,80.254
MAG,4074.756388888888,138.0,80.254
MAG,4081.8674999999994,128.0,80.254
MAG,4087.3786111111103,124.0,80.254
MAG,4095.045277777777,115.0,80.254
MAG,4102.311944444444,109.0,80.254
MAG,4109.37861111111,106.0,80.254
MAG,4116.77861111111,111.0,80.254
MAG,4125.723055555554,115.0,80.254
MAG,4133.989722222221,124.0,80.254
MAG,4141.489722222221,135.0,80.254
MAG,4151.223055555554,146.0,80.254
MAG,4163.667499999999,160.0,80.254
MAG,4180.967499999999,173.0,80.254
MAG,4189.0119444444435,181.0,80.254
MAG,4205.811944444444,189.0,80.254
MAG,4223.888611111111,204.0,80.254
MAG,4237.755277777777,208.0,80.254
MAG,4254.693333333333,217.0,80.254
MAG,4274.782222222221,226.0,80.254
MAG,4295.315555555555,231.0,80.254
MAG,4305.67111111111,233.0,80.254
MAG,4323.326666666666,227.0,80.254
MAG,4335.604444444443,221.0,80.254
MAG,4356.9044444444435,213.0,80.254
MAG,4375.837777777777,213.0,80.254
MAG,4395.393333333332,220.0,80.254
MAG,4405.17111111111,220.0,80.254
MAG,4415.17111111111,225.0,80.254
MAG,4425.17111111111,225.0,80.254
MAG,4443.215555555555,232.0,80.254
MAG,4474.682222222222,236.0,80.254
MAG,4485.304444444444,239.0,80.254
MAG,4504.126666666666,242.0,80.254
MAG,4527.2266666666665,231.0,80.254
MAG,4540.826666666666,204.0,80.254
MAG,4550.937777777777,182.0,80.254
MAG,4568.0488888888885,140.0,80.254
MAG,4575.16,128.0,80.254
MAG,4588.971111111111,113.0,80.254
MAG,4595.941944444445,105.0,80.254
MAG,4603.7475,100.0,80.254
MAG,4610.147500000001,96.0,80.254
MAG,4616.547500000001,96.0,80.254
MAG,4621.991944444445,98.0,80.254
MAG,4632.591944444445,106.0,80.254
MAG,4642.903055555556,116.0,80.254
MAG,4648.369722222223,123.0,80.254
MAG,4660.547500000001,137.0,80.254
MAG,4670.414166666667,148.0,80.254
MAG,4681.214166666668,162.0,80.254
MAG,4692.147500000001,164.0,80.254
MAG,4699.3919444444455,163.0,80.254
MAG,4712.1475,164.0,80.254
MAG,4724.980833333333,165.0,80.254
MAG,4739.6475,165.0,80.254
MAG,4758.536388888889,170.0,80.254
MAG,4766.269722222222,174.0,80.254
MAG,4782.536388888889,183.0,80.254
MAG,4790.891944444444,188.0,80.254
MAG,4808.4030555555555,197.0,80.254
MAG,4829.303055555555,209.0,80.254
MAG,4851.003055555555,217.0,80.254
MAG,4860.95861111111,224.0,80.254
MAG,4876.225277777778,229.0,80.254
MAG,4902.825277777778,240.0,80.254
MAG,4922.026944444444,246.0,80.254
MAG,4938.7602777777765,251.0,80.254
MAG,4961.693611111111,258.0,80.254
MAG,4981.9158333333335,260.0,80.254
MAG,4999.782499999999,268.0,80.254
MAG,5024.049166666667,273.0,80.254
MAG,5042.3825,275.0,80.254
MAG,5061.049166666666,280.0,80.254
MAG,5083.138055555555,284.0,80.254
MAG,5111.838055555555,287.0,80.254
MAG,5124.638055555556,288.0,80.254
MAG,5220.9825,299.0,80.254
MAG,5237.704722222223,301.0,80.254
VET,24.08333333333333,300.0,81.149
VET,51.016666666666666,303.0,81.149
VET,81.41666666666666,304.0,81.149
VET,108.70555555555555,307.0,81.149
VET,132.73888888888888,309.0,81.149
VET,153.4722222222222,311.0,81.149
VET,184.67222222222222,312.0,81.149
VET,198.58333333333334,313.0,81.149
VET,215.9722222222222,313.0,81.149
VET,229.88333333333333,313.0,81.149
VET,254.59444444444443,278.0,81.149
VET,275.6611111111111,237.0,81.149
VET,294.15,208.0,81.149
VET,304.8722222222222,193.0,81.149
VET,320.6944444444444,178.0,81.149
VET,341.1811111111111,168.0,81.149
VET,352.1811111111111,165.0,81.149
VET,361.07,160.0,81.149
VET,371.60333333333335,158.0,81.149
VET,388.30333333333334,167.0,81.149
VET,402.27527777777783,179.0,81.149
VET,425.61972222222226,191.0,81.149
VET,434.4641666666667,199.0,81.149
VET,460.2530555555556,211.0,81.149
VET,479.80861111111113,220.0,81.149
VET,502.40861111111116,226.0,81.149
VET,528.4086111111111,234.0,81.149
VET,538.9419444444444,237.0,81.149
VET,552.3308333333333,241.0,81.149
VET,571.2308333333333,243.0,81.149
VET,590.5975,249.0,81.149
VET,616.1975000000001,256.0,81.149
VET,645.8641666666666,267.0,81.149
VET,667.0197222222223,272.0,81.149
VET,682.2975,275.0,81.149
VET,703.9975000000001,279.0,81.149
VET,725.9308333333333,282.0,81.149
VET,741.6530555555555,283.0,81.149
VET,760.6402777777778,286.0,81.149
VET,776.6958333333333,289.0,81.149
VET,805.8958333333334,292.0,81.149
VET,818.8736111111111,292.0,81.149
VET,845.1847222222221,296.0,81.149
VET,878.2672222222221,297.0,81.149
VET,894.8227777777778,298.0,81.149
VET,911.3227777777777,297.0,81.149
VET,931.1894444444443,298.0,81.149
VET,944.4783333333332,299.0,81.149
VET,969.545,282.0,81.149
VET,987.9005555555555,236.0,81.149
VET,1009.0116666666665,190.0,81.149
VET,1016.6116666666666,171.0,81.149
VET,1028.2005555555554,149.0,81.149
VET,1037.4005555555555,138.0,81.149
VET,1049.5005555555556,121.0,81.149
VET,1061.945,112.0,81.149
VET,1068.0005555555554,109.0,81.149
VET,1074.9338888888888,104.0,81.149
VET,1083.8227777777777,100.0,81.149
VET,1092.8005555555555,101.0,81.149
VET,1099.9338888888888,107.0,81.149
VET,1105.878333333333,107.0,81.149
VET,1119.6216666666664,124.0,81.149
VET,1126.8994444444443,131.0,81.149
VET,1143.2327777777778,147.0,81.149
VET,1159.3327777777777,161.0,81.149
VET,1172.2899999999997,166.0,81.149
VET,1189.5122222222221,155.0,81.149
VET,1197.9566666666665,152.0,81.149
VET,1212.2566666666664,143.0,81.149
VET,1223.4566666666665,144.0,81.149
VET,1231.8455555555554,151.0,81.149
VET,1250.512222222222,168.0,81.149
VET,1266.423333333333,179.0,81.149
VET,1281.123333333333,189.0,81.149
VET,1294.1899999999996,196.0,81.149
VET,1307.6566666666663,202.0,81.149
VET,1324.0677777777773,211.0,81.149
VET,1343.445555555555,218.0,81.149
VET,1374.245555555555,231.0,81.149
VET,1400.8011111111107,239.0,81.149
VET,1416.934444444444,242.0,81.149
VET,1430.4899999999993,244.0,81.149
VET,1449.7011111111105,247.0,81.149
VET,1471.765277777777,249.0,81.149
VET,1482.8763888888882,250.0,81.149
VET,1496.9319444444436,253.0,81.149
VET,1510.987499999999,253.0,81.149
VET,1525.2097222222214,256.0,81.149
VET,1548.303888888888,259.0,81.149
VET,1571.503888888888,261.0,81.149
VET,1586.2816666666658,266.0,81.149
VET,1613.4816666666661,272.0,81.149
VET,1628.7038888888883,274.0,81.149
VET,1665.770555555555,278.0,81.149
VET,1684.4372222222214,280.0,81.149
VET,1709.4149999999993,281.0,81.149
VET,1721.8594444444436,280.0,81.149
VET,1746.8372222222215,281.0,81.149
VET,1773.7372222222214,269.0,81.149
VET,1790.2038888888878,247.0,81.149
VET,1800.3372222222213,228.0,81.149
VET,1826.003888888888,210.0,81.149
VET,1850.3261111111103,199.0,81.149
VET,1872.5483333333325,200.0,81.149
VET,1897.9705555555547,208.0,81.149
VET,1922.021388888888,217.0,81.149
VET,1944.8213888888881,228.0,81.149
VET,1955.1324999999993,232.0,81.149
VET,1973.4102777777769,235.0,81.149
VET,1984.1213888888883,241.0,81.149
VET,1997.633055555555,242.0,81.149
VET,2016.766388888888,246.0,81.149
VET,2048.1774999999993,257.0,81.149
VET,2080.199722222221,262.0,81.149
VET,2094.866388888888,264.0,81.149
VET,2112.5997222222213,266.0,81.149
VET,2142.7108333333326,271.0,81.149
VET,2154.799722222221,272.0,81.149
VET,2173.1330555555546,275.0,81.149
VET,2188.410833333332,275.0,81.149
VET,2219.4108333333324,279.0,81.149
VET,2257.0108333333324,282.0,81.149
VET,2275.9441666666658,284.0,81.149
VET,2298.2663888888883,287.0,81.149
VET,2317.466388888888,288.0,81.149
VET,2339.9441666666658,289.0,81.149
VET,2365.8108333333325,291.0,81.149
VET,2382.0886111111104,293.0,81.149
VET,2405.0330555555547,295.0,81.149
VET,2431.1733333333323,295.0,81.149
VET,2457.6622222222213,298.0,81.149
VET,2474.2733333333326,299.0,81.149
VET,2490.939999999999,300.0,81.149
VET,2507.7458333333325,301.0,81.149
VET,2527.812499999999,301.0,81.149
VET,2558.012499999999,302.0,81.149
VET,2598.5458333333318,304.0,81.149
VET,2635.9458333333323,306.0,81.149
VET,2666.645833333332,307.0,81.149
VET,2704.2902777777763,308.0,81.149
VET,2731.668055555554,308.0,81.149
VET,2748.7791666666653,308.0,81.149
VET,2762.4680555555537,308.0,81.149
VET,2789.9347222222204,309.0,81.149
VET,2813.890277777776,308.0,81.149
VET,2835.3647222222203,308.0,81.149
VET,2851.48222222222,307.0,81.149
VET,2878.771111111109,307.0,81.149
VET,2916.2933333333317,307.0,81.149
VET,2957.2266666666646,307.0,81.149
VET,2970.8711111111093,307.0,81.149
VET,2991.252499999998,307.0,81.149
VET,3015.1374999999975,306.0,81.149
VET,3035.452499999998,306.0,81.149
VET,3059.096944444442,304.0,81.149
VET,3076.0144444444422,303.0,81.149
VET,3089.4366666666647,302.0,81.149
VET,3116.0144444444427,299.0,81.149
VET,3149.1255555555535,298.0,81.149
VET,3165.625555555554,297.0,81.149
VET,3193.225555555554,276.0,81.149
VET,3207.3922222222204,255.0,81.149
VET,3220.8922222222204,243.0,81.149
VET,3241.5144444444427,232.0,81.149
VET,3261.5144444444427,225.0,81.149
VET,3280.9811111111094,219.0,81.149
VET,3292.9255555555537,215.0,81.149
VET,3314.9255555555537,220.0,81.149
VET,3334.9255555555537,225.0,81.149
VET,3364.3922222222204,221.0,81.149
VET,3376.669999999998,221.0,81.149
VET,3401.1144444444426,220.0,81.149
VET,3413.558888888887,224.0,81.149
VET,3428.6922222222206,227.0,81.149
VET,3455.0255555555536,237.0,81.149
VET,3481.8472222222204,242.0,81.149
VET,3501.136111111109,248.0,81.149
VET,3515.150277777776,251.0,81.149
VET,3526.4391666666647,254.0,81.149
VET,3543.7058333333316,259.0,81.149
VET,3576.2169444444426,266.0,81.149
VET,3603.3169444444425,271.0,81.149
VET,3627.9391666666647,277.0,81.149
VET,3643.550277777776,281.0,81.149
VET,3659.3280555555534,284.0,81.149
VET,3681.572499999998,286.0,81.149
VET,3700.772499999998,288.0,81.149
VET,3770.0724999999984,297.0,81.149
VET,3783.3169444444425,298.0,81.149
VET,3806.650277777776,300.0,81.149
VET,3820.072499999998,302.0,81.149
VET,3833.5836111111093,304.0,81.149
VET,3850.5280555555532,305.0,81.149
VET,3864.1280555555536,306.0,81.149
VET,3894.9280555555533,308.0,81.149
VET,3929.3724999999977,310.0,81.149
VET,3943.19472222222,311.0,81.149
VET,3974.19472222222,310.0,81.149
VET,3988.5669444444425,260.0,81.149
VET,4005.522499999998,218.0,81.149
VET,4021.700277777776,208.0,81.149
VET,4031.9736111111097,184.0,81.149
VET,4039.706944444443,174.0,81.149
VET,4051.4513888888873,151.0,81.149
VET,4059.1180555555543,138.0,81.149
VET,4065.2513888888875,138.0,81.149
VET,4072.2513888888875,126.0,81.149
VET,4079.9847222222206,116.0,81.149
VET,4087.518055555554,113.0,81.149
VET,4097.118055555554,108.0,81.149
VET,4108.318055555554,112.0,81.149
VET,4113.5180555555535,117.0,81.149
VET,4120.240277777775,121.0,81.149
VET,4127.406944444442,129.0,81.149
VET,4147.406944444442,150.0,81.149
VET,4156.240277777775,159.0,81.149
VET,4176.651388888886,167.0,81.149
VET,4186.762499999997,182.0,81.149
VET,4208.762499999997,198.0,81.149
VET,4220.151388888886,205.0,81.149
VET,4234.151388888886,210.0,81.149
VET,4251.1847222222195,219.0,81.149
VET,4271.362499999997,227.0,81.149
VET,4281.718055555552,233.0,81.149
VET,4305.879722222219,218.0,81.149
VET,4317.490833333331,209.0,81.149
VET,4339.54583333333,198.0,81.149
VET,4354.556944444441,193.0,81.149
VET,4371.890277777774,195.0,81.149
VET,4394.890277777774,207.0,81.149
VET,4406.390277777774,207.0,81.149
VET,4415.901388888885,214.0,81.149
VET,4425.590277777774,218.0,81.149
VET,4440.390277777773,222.0,81.149
VET,4460.65694444444,228.0,81.149
VET,4481.279166666662,232.0,81.149
VET,4499.4791666666615,234.0,81.149
VET,4512.590277777773,236.0,81.149
VET,4533.1458333333285,185.0,81.149
VET,4543.423611111106,185.0,81.149
VET,4554.3124999999945,140.0,81.149
VET,4571.734722222217,112.0,81.149
VET,4578.934722222217,108.0,81.149
VET,4587.023611111105,104.0,81.149
VET,4598.634722222217,95.0,81.149
VET,4606.990277777772,94.0,81.149
VET,4613.256944444439,94.0,81.149
VET,4617.496944444439,96.0,81.149
VET,4625.3524999999945,101.0,81.149
VET,4637.939444444439,113.0,81.149
VET,4643.183888888883,118.0,81.149
VET,4648.8283333333275,127.0,81.149
VET,4661.628333333327,144.0,81.149
VET,4670.128333333327,153.0,81.149
VET,4689.928333333327,162.0,81.149
VET,4706.528333333327,166.0,81.149
VET,4732.506111111105,167.0,81.149
VET,4747.883888888883,173.0,81.149
VET,4765.883888888883,180.0,81.149
VET,4780.272777777772,185.0,81.149
VET,4795.36166666666,194.0,81.149
VET,4811.1505555555495,203.0,81.149
VET,4820.306111111106,206.0,81.149
VET,4832.083888888883,212.0,81.149
VET,4849.272777777772,221.0,81.149
VET,4859.183888888883,223.0,81.149
VET,4872.128333333327,233.0,81.149
VET,4986.528333333327,264.0,81.149
VET,4998.439444444438,268.0,81.149
VET,5016.506111111105,271.0,81.149
VET,5044.206111111105,277.0,81.149
VET,5062.872777777771,280.0,81.149
VET,5081.806111111106,284.0,81.149
VET,5100.939444444439,287.0,81.149
VET,5120.272777777772,290.0,81.149
VET,5149.572777777772,293.0,81.149
VET,5162.683888888884,295.0,81.149
VET,5199.228333333329,299.0,81.149
VET,5219.2949999999955,301.0,81.149
LAT,14.102222222222222,304.0,81.372
LAT,37.90222222222222,306.0,81.372
LAT,75.75472222222223,309.0,81.372
LAT,89.53250000000001,310.0,81.372
LAT,103.31027777777778,310.0,81.372
LAT,127.65472222222223,313.0,81.372
LAT,155.56583333333336,314.0,81.372
LAT,180.06583333333336,315.0,81.372
LAT,197.6213888888889,316.0,81.372
LAT,211.7102777777778,317.0,81.372
LAT,229.32138888888892,317.0,81.372
LAT,257.49916666666667,317.0,81.372
LAT,282.99916666666667,255.0,81.372
LAT,306.1102777777778,208.0,81.372
LAT,324.4102777777778,183.0,81.372
LAT,332.3658333333334,179.0,81.372
LAT,349.7658333333334,174.0,81.372
LAT,364.8769444444445,170.0,81.372
LAT,390.1547222222223,175.0,81.372
LAT,400.0991666666667,179.0,81.372
LAT,410.1597222222223,182.0,81.372
LAT,425.4041666666667,196.0,81.372
LAT,443.80416666666673,207.0,81.372
LAT,460.2152777777778,211.0,81.372
LAT,472.2708333333333,217.0,81.372
LAT,494.83333333333337,225.0,81.372
LAT,523.0666666666667,231.0,81.372
LAT,549.4000000000001,237.0,81.372
LAT,560.2,243.0,81.372
LAT,571.1777777777778,247.0,81.372
LAT,582.2444444444445,249.0,81.372
LAT,599.3111111111112,256.0,81.372
LAT,613.588888888889,257.0,81.372
LAT,628.2,263.0,81.372
LAT,648.888888888889,266.0,81.372
LAT,669.9666666666668,271.0,81.372
LAT,685.2444444444445,275.0,81.372
LAT,700.6333333333334,277.0,81.372
LAT,719.4333333333335,282.0,81.372
LAT,744.6777777777779,284.0,81.372
LAT,776.9,290.0,81.372
LAT,789.8333333333334,291.0,81.372
LAT,812.6222222222224,293.0,81.372
LAT,845.6222222222223,297.0,81.372
LAT,858.8666666666667,298.0,81.372
LAT,882.1222222222224,299.0,81.372
LAT,908.7055555555556,300.0,81.372
LAT,935.3722222222224,300.0,81.372
LAT,952.0944444444447,301.0,81.372
LAT,971.7611111111112,295.0,81.372
LAT,988.5641666666668,251.0,81.372
LAT,1009.4641666666668,209.0,81.372
LAT,1021.3975000000002,179.0,81.372
LAT,1032.0641666666668,160.0,81.372
LAT,1041.4641666666669,141.0,81.372
LAT,1048.7419444444447,131.0,81.372
LAT,1058.6197222222224,127.0,81.372
LAT,1071.2863888888892,114.0,81.372
LAT,1078.4863888888892,108.0,81.372
LAT,1084.3197222222225,105.0,81.372
LAT,1088.8975000000003,103.0,81.372
LAT,1097.064166666667,105.0,81.372
LAT,1101.864166666667,108.0,81.372
LAT,1106.7086111111114,109.0,81.372
LAT,1114.3086111111113,114.0,81.372
LAT,1128.1975000000002,125.0,81.372
LAT,1135.5863888888891,133.0,81.372
LAT,1141.675277777778,137.0,81.372
LAT,1153.0308333333335,146.0,81.372
LAT,1163.6975000000002,160.0,81.372
LAT,1170.9419444444447,163.0,81.372
LAT,1183.464166666667,161.0,81.372
LAT,1200.9758333333336,158.0,81.372
LAT,1216.3758333333335,154.0,81.372
LAT,1223.1758333333335,153.0,81.372
LAT,1231.7313888888891,154.0,81.372
LAT,1245.8197222222223,158.0,81.372
LAT,1256.686388888889,163.0,81.372
LAT,1271.886388888889,171.0,81.372
LAT,1281.775277777778,178.0,81.372
LAT,1294.1086111111113,185.0,81.372
LAT,1309.3530555555558,196.0,81.372
LAT,1320.4641666666669,200.0,81.372
LAT,1332.1308333333334,210.0,81.372
LAT,1341.686388888889,215.0,81.372
LAT,1361.4197222222224,222.0,81.372
LAT,1376.3530555555558,224.0,81.372
LAT,1389.2419444444447,232.0,81.372
LAT,1404.7086111111112,232.0,81.372
LAT,1417.9308333333333,238.0,81.372
LAT,1438.9975,237.0,81.372
LAT,1451.9975000000002,234.0,81.372
LAT,1472.9752777777778,236.0,81.372
LAT,1508.364166666667,245.0,81.372
LAT,1530.7641666666668,252.0,81.372
LAT,1544.764166666667,252.0,81.372
LAT,1564.364166666667,252.0,81.372
LAT,1593.5133333333338,263.0,81.372
LAT,1623.513333333334,270.0,81.372
LAT,1644.7466666666671,273.0,81.372
LAT,1660.1566666666672,276.0,81.372
LAT,1691.1566666666672,279.0,81.372
LAT,1706.712222222223,280.0,81.372
LAT,1750.8900000000008,284.0,81.372
LAT,1774.8900000000008,270.0,81.372
LAT,1797.2900000000006,224.0,81.372
LAT,1806.8900000000006,216.0,81.372
LAT,1815.9122222222227,203.0,81.372
LAT,1824.8011111111116,200.0,81.372
LAT,1837.6011111111115,192.0,81.372
LAT,1851.9900000000005,185.0,81.372
LAT,1864.323333333334,185.0,81.372
LAT,1874.823333333334,189.0,81.372
LAT,1883.5788888888894,197.0,81.372
LAT,1897.1122222222227,203.0,81.372
LAT,1913.6788888888896,213.0,81.372
LAT,1923.323333333334,217.0,81.372
LAT,1940.6677777777782,223.0,81.372
LAT,1966.445555555556,232.0,81.372
LAT,1982.3122222222225,238.0,81.372
LAT,2000.9788888888893,240.0,81.372
LAT,2020.1900000000005,247.0,81.372
LAT,2042.6972222222223,254.0,81.372
LAT,2068.697222222223,260.0,81.372
LAT,2083.252777777778,262.0,81.372
LAT,2098.0486111111118,265.0,81.372
LAT,2125.0486111111118,270.0,81.372
LAT,2140.159722222223,272.0,81.372
LAT,2155.3263888888896,273.0,81.372
LAT,2185.9930555555566,276.0,81.372
LAT,2198.3041666666672,277.0,81.372
LAT,2226.3041666666672,280.0,81.372
LAT,2241.9152777777786,281.0,81.372
LAT,2273.6930555555564,286.0,81.372
LAT,2305.8041666666672,289.0,81.372
LAT,2318.6930555555564,290.0,81.372
LAT,2341.404166666667,292.0,81.372
LAT,2361.0041666666675,294.0,81.372
LAT,2394.0041666666675,297.0,81.372
LAT,2427.1152777777793,298.0,81.372
LAT,2493.781944444446,300.0,81.372
LAT,2507.115277777779,300.0,81.372
LAT,2530.52638888889,301.0,81.372
LAT,2554.015277777779,302.0,81.372
LAT,2577.420277777779,302.0,81.372
LAT,2604.3536111111125,303.0,81.372
LAT,2624.7047222222236,304.0,81.372
LAT,2658.7047222222236,306.0,81.372
LAT,2692.8158333333345,307.0,81.372
LAT,2726.9269444444453,307.0,81.372
LAT,2750.804722222223,307.0,81.372
LAT,2788.449166666667,308.0,81.372
LAT,2805.5602777777785,308.0,81.372
LAT,2836.3602777777783,308.0,81.372
LAT,2863.738055555556,308.0,81.372
LAT,2887.6936111111117,308.0,81.372
LAT,2908.226944444445,308.0,81.372
LAT,2932.1047222222223,307.0,81.372
LAT,2949.160277777778,307.0,81.372
LAT,2969.6269444444447,307.0,81.372
LAT,2993.5047222222224,307.0,81.372
LAT,3017.3824999999997,307.0,81.372
LAT,3034.4380555555554,307.0,81.372
LAT,3058.2380555555555,306.0,81.372
LAT,3071.7936111111107,305.0,81.372
LAT,3091.993611111111,303.0,81.372
LAT,3112.1936111111113,303.0,81.372
LAT,3125.5713888888886,301.0,81.372
LAT,3145.4880555555555,300.0,81.372
LAT,3165.4213888888885,299.0,81.372
LAT,3190.566388888889,282.0,81.372
LAT,3214.2663888888887,237.0,81.372
LAT,3224.399722222222,228.0,81.372
LAT,3248.1775,214.0,81.372
LAT,3266.666388888889,208.0,81.372
LAT,3285.4219444444443,211.0,81.372
LAT,3304.5330555555556,215.0,81.372
LAT,3314.221944444445,218.0,81.372
LAT,3331.3330555555563,220.0,81.372
LAT,3347.744166666667,211.0,81.372
LAT,3359.2997222222225,208.0,81.372
LAT,3375.321944444445,206.0,81.372
LAT,3384.4330555555557,205.0,81.372
LAT,3395.9330555555557,207.0,81.372
LAT,3407.766388888889,213.0,81.372
LAT,3424.799722222222,219.0,81.372
LAT,3434.755277777778,224.0,81.372
LAT,3457.655277777778,229.0,81.372
LAT,3470.766388888889,236.0,81.372
LAT,3495.1663888888893,244.0,81.372
LAT,3552.7219444444445,259.0,81.372
LAT,3567.2599999999998,263.0,81.372
LAT,3581.9822222222224,265.0,81.372
LAT,3596.9822222222224,270.0,81.372
LAT,3618.4475,275.0,81.372
LAT,3636.980833333333,278.0,81.372
LAT,3655.7808333333332,282.0,81.372
LAT,3674.7141666666666,284.0,81.372
LAT,3703.514166666667,288.0,81.372
LAT,3729.3808333333336,291.0,81.372
LAT,3742.3586111111113,292.0,81.372
LAT,3762.0252777777782,295.0,81.372
LAT,3781.8252777777784,297.0,81.372
LAT,3815.1586111111114,300.0,81.372
LAT,3828.580833333334,302.0,81.372
LAT,3855.6919444444443,305.0,81.372
LAT,3889.803055555556,307.0,81.372
LAT,3913.8363888888894,309.0,81.372
LAT,3941.3030555555556,309.0,81.372
LAT,3955.036388888889,309.0,81.372
LAT,3974.9697222222226,299.0,81.372
LAT,3989.636388888889,264.0,81.372
LAT,4000.125277777778,236.0,81.372
LAT,4014.1252777777777,210.0,81.372
LAT,4024.7919444444447,192.0,81.372
LAT,4034.3475000000003,172.0,81.372
LAT,4041.325277777778,157.0,81.372
LAT,4049.325277777778,144.0,81.372
LAT,4060.5788888888887,127.0,81.372
LAT,4066.09,124.0,81.372
LAT,4072.7341666666666,119.0,81.372
LAT,4081.6008333333334,114.0,81.372
LAT,4091.4675,111.0,81.372
LAT,4101.245277777778,110.0,81.372
LAT,4106.2675,113.0,81.372
LAT,4112.823055555556,118.0,81.372
LAT,4129.323055555556,135.0,81.372
LAT,4135.5008333333335,139.0,81.372
LAT,4142.078611111111,148.0,81.372
LAT,4156.5675,163.0,81.372
LAT,4178.5675,180.0,81.372
LAT,4191.100833333334,188.0,81.372
LAT,4211.400833333334,203.0,81.372
LAT,4220.556388888889,206.0,81.372
LAT,4230.111944444445,215.0,81.372
LAT,4247.300833333334,221.0,81.372
LAT,4262.5008333333335,228.0,81.372
LAT,4272.7675,231.0,81.372
LAT,4290.423055555556,227.0,81.372
LAT,4300.245277777778,221.0,81.372
LAT,4312.189722222222,215.0,81.372
LAT,4328.056388888889,204.0,81.372
LAT,4349.611944444444,194.0,81.372
LAT,4364.389722222222,190.0,81.372
LAT,4381.846111111111,197.0,81.372
LAT,4395.93,202.0,81.372
LAT,4406.907777777778,208.0,81.372
LAT,4421.041111111112,212.0,81.372
LAT,4430.730000000001,218.0,81.372
LAT,4443.063333333334,222.0,81.372
LAT,4453.063333333335,225.0,81.372
LAT,4470.952222222224,230.0,81.372
LAT,4497.063333333334,235.0,81.372
LAT,4509.11888888889,217.0,81.372
LAT,4517.785555555556,195.0,81.372
LAT,4531.630000000001,178.0,81.372
LAT,4538.785555555556,161.0,81.372
LAT,4551.141111111112,139.0,81.372
LAT,4558.307777777779,129.0,81.372
LAT,4567.71888888889,121.0,81.372
LAT,4577.31888888889,108.0,81.372
LAT,4582.030000000001,106.0,81.372
LAT,4606.030000000001,90.0,81.372
LAT,4613.418888888889,95.0,81.372
LAT,4622.485555555556,102.0,81.372
LAT,4628.485555555556,108.0,81.372
LAT,4638.974444444445,118.0,81.372
LAT,4650.707777777779,132.0,81.372
LAT,4665.765833333334,151.0,81.372
LAT,4683.365277777779,158.0,81.372
LAT,4690.387500000001,158.0,81.372
LAT,4700.9875,159.0,81.372
LAT,4715.031944444445,158.0,81.372
LAT,4727.243055555556,157.0,81.372
LAT,4737.909722222222,160.0,81.372
LAT,4758.565277777777,169.0,81.372
LAT,4780.809722222221,182.0,81.372
LAT,4791.309722222221,189.0,81.372
LAT,4806.865277777777,200.0,81.372
LAT,4820.531944444443,205.0,81.372
LAT,4829.731944444444,207.0,81.372
LAT,4849.2874999999985,220.0,81.372
LAT,4864.354166666665,226.0,81.372
LAT,4893.687499999999,240.0,81.372
LAT,4912.898611111109,247.0,81.372
LAT,4935.476388888887,254.0,81.372
LAT,4952.743055555554,259.0,81.372
LAT,4976.209722222221,264.0,81.372
LAT,4988.120833333332,268.0,81.372
LAT,5006.254166666665,272.0,81.372
LAT,5027.7986111111095,277.0,81.372
LAT,5065.665277777776,284.0,81.372
LAT,5088.065277777776,288.0,81.372
LAT,5104.231944444443,291.0,81.372
LAT,5123.6319444444425,291.0,81.372
LAT,5140.020833333331,295.0,81.372
LAT,5156.576388888887,298.0,81.372
LAT,5173.187499999998,299.0,81.372
LAT,5200.120833333331,303.0,81.372
LAT,5217.065277777775,305.0,81.372
