Driver,Distance,Speed,LapTimeSec
VER,16.741666666666667,245.0,103.665
VER,27.85277777777778,250.0,103.665
VER,50.608333333333334,256.0,103.665
VER,68.00222222222223,262.0,103.665
VER,79.64666666666668,262.0,103.665
VER,97.44666666666667,267.0,103.665
VER,115.58000000000001,272.0,103.665
VER,133.98000000000002,276.0,103.665
VER,155.7577777777778,280.0,103.665
VER,187.53555555555556,286.0,103.665
VER,206.80222222222224,289.0,103.665
VER,229.35777777777778,290.0,103.665
VER,252.15000000000003,292.0,103.665
VER,271.6722222222222,251.0,103.665
VER,281.5833333333333,223.0,103.665
VER,292.5833333333333,198.0,103.665
VER,301.3833333333333,198.0,103.665
VER,311.2722222222222,178.0,103.665
VER,320.80555555555554,143.0,103.665
VER,329.5388888888889,131.0,103.665
VER,338.40555555555557,114.0,103.665
VER,349.7388888888889,102.0,103.665
VER,354.05,97.0,103.665
VER,358.1388888888889,92.0,103.665
VER,363.08333333333337,89.0,103.665
VER,370.6388888888889,85.0,103.665
VER,379.19444444444446,77.0,103.665
VER,384.4611111111111,79.0,103.665
VER,389.01666666666665,82.0,103.665
VER,394.74999999999994,86.0,103.665
VER,398.72499999999997,90.0,103.665
VER,405.12499999999994,96.0,103.665
VER,417.71388888888885,103.0,103.665
VER,430.6138888888889,129.0,103.665
VER,443.68055555555554,147.0,103.665
VER,458.16944444444437,163.0,103.665
VER,465.8138888888888,172.0,103.665
VER,477.93083333333334,181.0,103.665
VER,490.86416666666656,194.0,103.665
VER,514.0863888888888,209.0,103.665
VER,531.1975,220.0,103.665
VER,551.5530555555555,229.0,103.665
VER,561.8641666666666,232.0,103.665
VER,591.8086111111112,245.0,103.665
VER,608.4752777777778,250.0,103.665
VER,625.6752777777778,258.0,103.665
VER,640.2308333333334,262.0,103.665
VER,654.8975,264.0,103.665
VER,666.7197222222222,266.0,103.665
VER,681.7197222222223,270.0,103.665
VER,709.3197222222223,276.0,103.665
VER,737.4197222222222,281.0,103.665
VER,759.5086111111111,284.0,103.665
VER,781.9086111111111,288.0,103.665
VER,798.0197222222222,290.0,103.665
VER,823.9827777777778,293.0,103.665
VER,840.3716666666666,295.0,103.665
VER,866.8605555555555,298.0,103.665
VER,900.305,301.0,103.665
VER,923.9494444444443,304.0,103.665
VER,961.5938888888887,308.0,103.665
VER,985.7130555555556,309.0,103.665
VER,1002.9352777777777,310.0,103.665
VER,1034.1352777777777,312.0,103.665
VER,1051.3574999999998,310.0,103.665
VER,1085.9130555555555,311.0,103.665
VER,1103.0241666666666,308.0,103.665
VER,1120.1352777777777,308.0,103.665
VER,1153.9130555555553,304.0,103.665
VER,1184.1130555555553,302.0,103.665
VER,1214.3130555555556,302.0,103.665
VER,1237.9574999999998,304.0,103.665
VER,1251.468611111111,304.0,103.665
VER,1275.1908333333333,305.0,103.665
VER,1292.1352777777777,305.0,103.665
VER,1315.9352777777779,306.0,103.665
VER,1343.2241666666669,307.0,103.665
VER,1363.8241666666668,309.0,103.665
VER,1387.8491666666669,310.0,103.665
VER,1408.5158333333336,310.0,103.665
VER,1443.1825000000001,312.0,103.665
VER,1460.571388888889,313.0,103.665
VER,1481.5047222222224,314.0,103.665
VER,1495.460277777778,314.0,103.665
VER,1509.4158333333335,314.0,103.665
VER,1530.5033333333333,315.0,103.665
VER,1558.5922222222223,316.0,103.665
VER,1586.858888888889,318.0,103.665
VER,1608.1255555555554,319.0,103.665
VER,1643.6811111111108,320.0,103.665
VER,1665.1477777777777,322.0,103.665
VER,1679.5033333333333,323.0,103.665
VER,1693.9033333333334,324.0,103.665
VER,1708.3033333333335,324.0,103.665
VER,1737.2811111111114,326.0,103.665
VER,1777.3700000000001,328.0,103.665
VER,1791.947777777778,328.0,103.665
VER,1821.1922222222224,329.0,103.665
VER,1854.2922222222223,331.0,103.665
VER,1891.1811111111115,332.0,103.665
VER,1909.6811111111115,333.0,103.665
VER,1954.2144444444448,334.0,103.665
VER,1980.1769444444449,335.0,103.665
VER,1998.788055555556,335.0,103.665
VER,2021.1880555555558,336.0,103.665
VER,2036.1213888888892,336.0,103.665
VER,2069.8213888888895,337.0,103.665
VER,2092.288055555556,337.0,103.665
VER,2122.3325000000004,338.0,103.665
VER,2141.2600000000007,339.0,103.665
VER,2167.626666666667,339.0,103.665
VER,2205.404444444445,340.0,103.665
VER,2224.2933333333335,340.0,103.665
VER,2239.404444444445,340.0,103.665
VER,2254.515555555556,340.0,103.665
VER,2277.115555555556,339.0,103.665
VER,2296.982222222223,298.0,103.665
VER,2317.7488888888897,267.0,103.665
VER,2337.0377777777785,217.0,103.665
VER,2350.3044444444454,199.0,103.665
VER,2366.7488888888897,185.0,103.665
VER,2383.7488888888897,170.0,103.665
VER,2391.2155555555564,168.0,103.665
VER,2401.94888888889,161.0,103.665
VER,2409.1044444444456,161.0,103.665
VER,2421.237777777779,156.0,103.665
VER,2431.9044444444453,160.0,103.665
VER,2446.4822222222233,164.0,103.665
VER,2455.3711111111124,160.0,103.665
VER,2465.794166666668,157.0,103.665
VER,2476.194166666668,156.0,103.665
VER,2483.1275000000014,156.0,103.665
VER,2497.2608333333346,159.0,103.665
VER,2514.2608333333346,170.0,103.665
VER,2524.094166666668,177.0,103.665
VER,2547.491666666668,191.0,103.665
VER,2558.4916666666677,198.0,103.665
VER,2567.425000000001,201.0,103.665
VER,2592.11388888889,202.0,103.665
VER,2607.9805555555567,204.0,103.665
VER,2619.3138888888902,204.0,103.665
VER,2640.51388888889,212.0,103.665
VER,2662.3138888888902,218.0,103.665
VER,2677.31388888889,225.0,103.665
VER,2687.3583333333345,226.0,103.665
VER,2700.1916666666675,231.0,103.665
VER,2721.347222222223,238.0,103.665
VER,2751.780555555557,249.0,103.665
VER,2763.0694444444457,254.0,103.665
VER,2788.969444444446,259.0,103.665
VER,2803.580555555557,263.0,103.665
VER,2824.4250000000015,268.0,103.665
VER,2845.658333333335,273.0,103.665
VER,2869.937777777779,274.0,103.665
VER,2885.437777777779,279.0,103.665
VER,2912.1044444444456,240.0,103.665
VER,2921.837777777779,219.0,103.665
VER,2931.171111111112,210.0,103.665
VER,2948.5933333333346,196.0,103.665
VER,2967.3066666666678,168.0,103.665
VER,2982.706666666668,154.0,103.665
VER,2990.762222222223,145.0,103.665
VER,2996.984444444445,140.0,103.665
VER,3004.595555555556,137.0,103.665
VER,3012.0400000000004,134.0,103.665
VER,3023.417777777778,128.0,103.665
VER,3030.3622222222225,125.0,103.665
VER,3046.373333333334,131.0,103.665
VER,3053.873333333334,135.0,103.665
VER,3071.5955555555565,145.0,103.665
VER,3083.3400000000006,151.0,103.665
VER,3094.073333333334,161.0,103.665
VER,3107.3733333333344,171.0,103.665
VER,3127.706666666668,183.0,103.665
VER,3149.706666666668,198.0,103.665
VER,3168.195555555557,208.0,103.665
VER,3187.4844444444457,217.0,103.665
VER,3207.333333333335,224.0,103.665
VER,3224.6777777777793,223.0,103.665
VER,3239.2111111111126,218.0,103.665
VER,3250.98888888889,212.0,103.665
VER,3260.3222222222234,210.0,103.665
VER,3281.180000000001,208.0,103.665
VER,3300.380000000001,216.0,103.665
VER,3312.7133333333345,222.0,103.665
VER,3332.9800000000014,228.0,103.665
VER,3343.3355555555568,233.0,103.665
VER,3367.4355555555567,241.0,103.665
VER,3381.046666666668,245.0,103.665
VER,3394.9355555555567,250.0,103.665
VER,3412.0022222222233,256.0,103.665
VER,3435.202222222223,261.0,103.665
VER,3446.8911111111115,263.0,103.665
VER,3464.6911111111117,267.0,103.665
VER,3479.524444444445,267.0,103.665
VER,3510.302222222223,277.0,103.665
VER,3532.157777777779,281.0,103.665
VER,3560.557777777779,284.0,103.665
VER,3589.457777777779,289.0,103.665
VER,3618.657777777779,292.0,103.665
VER,3648.2577777777788,296.0,103.665
VER,3661.457777777779,297.0,103.665
VER,3674.575277777779,297.0,103.665
VER,3701.153055555557,299.0,103.665
VER,3721.219722222223,301.0,103.665
VER,3737.9419444444457,301.0,103.665
VER,3760.6561111111123,291.0,103.665
VER,3789.0561111111124,284.0,103.665
VER,3820.7227777777794,285.0,103.665
VER,3842.811666666668,284.0,103.665
VER,3861.7450000000013,284.0,103.665
VER,3880.7450000000013,285.0,103.665
VER,3903.067222222224,287.0,103.665
VER,3915.8227777777793,287.0,103.665
VER,3931.8227777777793,288.0,103.665
VER,3951.0894444444457,289.0,103.665
VER,3967.200555555557,290.0,103.665
VER,3989.7561111111127,290.0,103.665
VER,4012.389444444446,291.0,103.665
VER,4038.3450000000016,292.0,103.665
VER,4051.3672222222235,293.0,103.665
VER,4077.5894444444457,295.0,103.665
VER,4107.189444444446,296.0,103.665
VER,4140.300555555557,298.0,103.665
VER,4167.056111111113,301.0,103.665
VER,4180.478333333335,302.0,103.665
VER,4200.745000000002,304.0,103.665
VER,4217.604722222224,305.0,103.665
VER,4231.16027777778,305.0,103.665
VER,4255.038055555558,307.0,103.665
VER,4268.726944444446,308.0,103.665
VER,4299.813055555557,310.0,103.665
VER,4320.546388888891,311.0,103.665
VER,4348.190833333335,311.0,103.665
VER,4365.413055555557,310.0,103.665
VER,4381.190833333335,284.0,103.665
VER,4395.635277777779,260.0,103.665
VER,4411.1019444444455,232.0,103.665
VER,4423.324166666668,220.0,103.665
VER,4434.879722222224,208.0,103.665
VER,4456.213055555558,192.0,103.665
VER,4466.657500000002,188.0,103.665
VER,4476.824166666668,183.0,103.665
VER,4488.7575000000015,179.0,103.665
VER,4496.668611111112,178.0,103.665
VER,4506.668611111112,180.0,103.665
VER,4514.668611111112,180.0,103.665
VER,4524.94638888889,185.0,103.665
VER,4539.957500000001,193.0,103.665
VER,4551.124166666668,201.0,103.665
VER,4567.224166666669,207.0,103.665
VER,4578.613055555557,205.0,103.665
VER,4594.479722222224,204.0,103.665
VER,4603.546388888891,204.0,103.665
VER,4614.657500000002,200.0,103.665
VER,4625.713055555558,199.0,103.665
VER,4634.690833333335,202.0,103.665
VER,4653.121944444446,208.0,103.665
VER,4667.121944444446,210.0,103.665
VER,4681.588611111113,217.0,103.665
VER,4693.92777777778,221.0,103.665
VER,4711.661111111113,228.0,103.665
VER,4726.994444444447,230.0,103.665
VER,4737.52777777778,237.0,103.665
VER,4756.350000000002,242.0,103.665
VER,4767.194444444446,244.0,103.665
VER,4781.083333333335,250.0,103.665
VER,4800.683333333335,252.0,103.665
VER,4826.23888888889,230.0,103.665
VER,4836.461111111113,230.0,103.665
VER,4849.594444444446,197.0,103.665
VER,4867.594444444446,180.0,103.665
VER,4877.1500000000015,172.0,103.665
VER,4888.216666666668,166.0,103.665
VER,4895.416666666668,162.0,103.665
VER,4918.527777777779,160.0,103.665
VER,4936.861111111112,165.0,103.665
VER,4952.416666666668,175.0,103.665
VER,4964.550000000001,182.0,103.665
VER,4975.105555555557,190.0,103.665
VER,4986.050000000001,197.0,103.665
VER,5012.205555555556,214.0,103.665
VER,5026.8775000000005,221.0,103.665
VER,5039.488611111111,227.0,103.665
VER,5049.755277777778,231.0,103.665
VER,5060.155277777778,234.0,103.665
VER,5073.387777777777,237.0,103.665
VER,5089.587777777778,243.0,103.665
VER,5111.454444444444,246.0,103.665
VER,5139.009999999999,248.0,103.665
VER,5150.298888888888,254.0,103.665
VER,5164.409999999999,254.0,103.665
VER,5187.432222222221,259.0,103.665
VER,5210.72111111111,262.0,103.665
VER,5228.254444444443,263.0,103.665
VER,5255.354444444443,271.0,103.665
VER,5267.398888888887,271.0,103.665
VER,5288.787777777776,275.0,103.665
VER,5304.1766666666645,277.0,103.665
VER,5322.8433333333305,280.0,103.665
VER,5341.576666666665,281.0,103.665
VER,5357.354444444443,284.0,103.665
VER,5376.287777777776,284.0,103.665
VER,5401.798888888887,287.0,103.665
VER,5424.276666666665,289.0,103.665
VER,5453.476666666665,292.0,103.665
VER,5476.343333333331,294.0,103.665
VER,5502.565555555554,295.0,103.665
VER,5522.23222222222,295.0,103.665
VER,5545.3272222222195,298.0,103.665
VER,5558.61611111111,299.0,103.665
VER,5575.4219444444425,301.0,103.665
VER,5615.821944444443,303.0,103.665
VER,5632.710833333332,304.0,103.665
VER,5649.655277777775,305.0,103.665
VER,5663.255277777776,306.0,103.665
VER,5680.310833333331,307.0,103.665
VER,5704.188611111109,307.0,103.665
VER,5717.877499999999,308.0,103.665
VER,5738.477499999998,309.0,103.665
VER,5762.510833333332,309.0,103.665
VER,5779.677499999999,309.0,103.665
VER,5796.8997222222215,310.0,103.665
VER,5821.010833333332,310.0,103.665
VER,5838.2330555555545,310.0,103.665
VER,5862.344166666666,310.0,103.665
VER,5889.810833333333,309.0,103.665
VER,5913.921944444444,310.0,103.665
VER,5931.144166666665,310.0,103.665
VER,5951.810833333333,310.0,103.665
VER,5986.366388888888,311.0,103.665
VER,6000.233055555555,312.0,103.665
VER,6014.099722222222,312.0,103.665
VER,6041.921944444444,313.0,103.665
VER,6076.588611111111,312.0,103.665
VER,6093.921944444445,312.0,103.665
VER,6111.113333333334,311.0,103.665
VER,6128.335555555556,310.0,103.665
VER,6149.021388888889,309.0,103.665
VER,6162.754722222222,309.0,103.665
VER,6183.221388888888,307.0,103.665
VER,6207.099166666666,307.0,103.665
VER,6227.565833333333,307.0,103.665
VER,6244.621388888888,307.0,103.665
VER,6271.9991666666665,308.0,103.665
VER,6296.0325,309.0,103.665
VER,6316.699166666666,310.0,103.665
VER,6340.810277777778,310.0,103.665
VER,6364.921388888889,310.0,103.665
VER,6392.565833333333,311.0,103.665
VER,6413.299166666668,311.0,103.665
VER,6437.565833333334,312.0,103.665
VER,6454.899166666666,312.0,103.665
VER,6489.565833333333,312.0,103.665
VER,6510.365833333332,312.0,103.665
VER,6545.032499999999,312.0,103.665
VER,6571.965833333334,303.0,103.665
VER,6586.243611111111,257.0,103.665
VER,6605.176944444444,213.0,103.665
VER,6618.943611111111,177.0,103.665
VER,6626.321388888889,166.0,103.665
VER,6632.899166666666,148.0,103.665
VER,6641.795277777777,134.0,103.665
VER,6647.251388888889,122.0,103.665
VER,6655.573611111111,107.0,103.665
VER,6660.1513888888885,103.0,103.665
VER,6667.618055555555,96.0,103.665
VER,6672.618055555555,90.0,103.665
VER,6679.9958333333325,83.0,103.665
VER,6685.062499999999,76.0,103.665
VER,6693.17361111111,73.0,103.665
VER,6696.4625,74.0,103.665
VER,6704.7625,83.0,103.665
VER,6712.140277777778,83.0,103.665
VER,6717.473611111111,80.0,103.665
VER,6723.618055555555,79.0,103.665
VER,6729.451388888888,75.0,103.665
VER,6735.851388888888,72.0,103.665
VER,6739.9625,74.0,103.665
VER,6746.029166666666,78.0,103.665
VER,6751.629166666667,84.0,103.665
VER,6756.684722222222,91.0,103.665
VER,6762.073611111111,97.0,103.665
VER,6768.740277777778,100.0,103.665
VER,6779.140277777778,117.0,103.665
VER,6786.195833333333,127.0,103.665
VER,6792.284722222222,137.0,103.665
VER,6804.2625,154.0,103.665
VER,6811.329166666666,159.0,103.665
VER,6824.706944444444,172.0,103.665
VER,6841.151388888889,185.0,103.665
VER,6849.729166666667,193.0,103.665
VER,6863.0625,200.0,103.665
VER,6872.262500000001,207.0,103.665
VER,6884.095833333334,213.0,103.665
VER,6909.206944444445,226.0,103.665
VER,6924.606944444445,231.0,103.665
SAI,1.7405555555555554,241.0,104.297
SAI,18.07388888888889,245.0,104.297
SAI,31.96277777777778,250.0,104.297
SAI,49.029444444444444,256.0,104.297
SAI,60.42444444444445,258.0,104.297
SAI,77.95777777777778,263.0,104.297
SAI,110.83555555555554,269.0,104.297
SAI,138.33555555555554,275.0,104.297
SAI,163.13555555555556,279.0,104.297
SAI,188.2911111111111,283.0,104.297
SAI,200.95777777777778,285.0,104.297
SAI,220.03694444444446,285.0,104.297
SAI,239.17027777777776,287.0,104.297
SAI,271.17027777777776,288.0,104.297
SAI,288.9813888888889,229.0,104.297
SAI,305.42583333333334,185.0,104.297
SAI,312.75916666666666,165.0,104.297
SAI,329.1369444444444,134.0,104.297
SAI,336.87027777777774,116.0,104.297
SAI,343.9369444444444,106.0,104.297
SAI,349.38138888888886,98.0,104.297
SAI,354.4369444444444,91.0,104.297
SAI,358.2147222222222,85.0,104.297
SAI,362.7147222222222,81.0,104.297
SAI,370.3147222222222,76.0,104.297
SAI,377.8147222222222,75.0,104.297
SAI,383.8036111111111,77.0,104.297
SAI,390.33694444444444,84.0,104.297
SAI,395.1147222222222,86.0,104.297
SAI,403.53277777777777,95.0,104.297
SAI,409.1438888888889,101.0,104.297
SAI,418.9216666666667,110.0,104.297
SAI,432.6994444444444,124.0,104.297
SAI,443.5883333333333,140.0,104.297
SAI,463.26611111111106,161.0,104.297
SAI,477.00388888888887,176.0,104.297
SAI,487.3372222222222,186.0,104.297
SAI,507.53722222222217,202.0,104.297
SAI,519.2038888888889,210.0,104.297
SAI,543.9816666666667,223.0,104.297
SAI,556.7594444444444,230.0,104.297
SAI,569.8149999999999,235.0,104.297
SAI,597.0372222222222,245.0,104.297
SAI,622.3372222222223,253.0,104.297
SAI,648.4372222222222,261.0,104.297
SAI,669.1261111111111,266.0,104.297
SAI,681.0372222222222,268.0,104.297
SAI,701.9594444444446,269.0,104.297
SAI,717.2372222222223,275.0,104.297
SAI,738.9372222222222,279.0,104.297
SAI,764.2705555555556,285.0,104.297
SAI,783.4038888888889,287.0,104.297
SAI,805.8013888888889,289.0,104.297
SAI,825.401388888889,294.0,104.297
SAI,858.6236111111112,299.0,104.297
SAI,875.2902777777779,300.0,104.297
SAI,895.4902777777779,303.0,104.297
SAI,909.0013888888891,304.0,104.297
SAI,922.5125000000003,304.0,104.297
SAI,943.0644444444448,307.0,104.297
SAI,970.4422222222223,308.0,104.297
SAI,998.0866666666668,311.0,104.297
SAI,1018.8200000000003,311.0,104.297
SAI,1053.486666666667,312.0,104.297
SAI,1074.4200000000003,314.0,104.297
SAI,1088.3755555555558,314.0,104.297
SAI,1102.2422222222226,312.0,104.297
SAI,1116.064444444445,311.0,104.297
SAI,1143.3533333333335,307.0,104.297
SAI,1180.7533333333336,306.0,104.297
SAI,1194.3088888888892,305.0,104.297
SAI,1221.4200000000003,305.0,104.297
SAI,1252.0200000000002,306.0,104.297
SAI,1286.1311111111115,307.0,104.297
SAI,1303.2422222222226,308.0,104.297
SAI,1344.4422222222227,309.0,104.297
SAI,1368.5447222222226,311.0,104.297
SAI,1385.8780555555559,312.0,104.297
SAI,1406.7447222222224,313.0,104.297
SAI,1420.6558333333335,313.0,104.297
SAI,1452.0558333333333,314.0,104.297
SAI,1473.1225000000002,316.0,104.297
SAI,1501.3002777777779,317.0,104.297
SAI,1518.9994444444446,317.0,104.297
SAI,1543.655,317.0,104.297
SAI,1579.0994444444445,319.0,104.297
SAI,1596.9327777777778,321.0,104.297
SAI,1611.243888888889,322.0,104.297
SAI,1625.555,322.0,104.297
SAI,1647.155,324.0,104.297
SAI,1668.8883333333335,326.0,104.297
SAI,1694.243888888889,326.0,104.297
SAI,1723.4883333333335,329.0,104.297
SAI,1745.5550000000003,331.0,104.297
SAI,1774.9772222222225,331.0,104.297
SAI,1808.2772222222225,333.0,104.297
SAI,1823.121666666667,334.0,104.297
SAI,1845.3883333333333,334.0,104.297
SAI,1860.3216666666667,336.0,104.297
SAI,1886.532777777778,337.0,104.297
SAI,1908.9994444444444,337.0,104.297
SAI,1939.043888888889,338.0,104.297
SAI,1957.9327777777778,340.0,104.297
SAI,1980.505,340.0,104.297
SAI,2003.1716666666669,340.0,104.297
SAI,2018.3272222222224,341.0,104.297
SAI,2048.7272222222223,342.0,104.297
SAI,2083.027222222222,343.0,104.297
SAI,2102.0827777777777,343.0,104.297
SAI,2144.2227777777775,344.0,104.297
SAI,2163.3338888888884,344.0,104.297
SAI,2178.622777777777,344.0,104.297
SAI,2220.300555555555,341.0,104.297
SAI,2246.8227777777774,341.0,104.297
SAI,2265.711666666666,340.0,104.297
SAI,2296.811666666666,311.0,104.297
SAI,2321.511666666666,247.0,104.297
SAI,2336.311666666666,222.0,104.297
SAI,2345.3338888888884,203.0,104.297
SAI,2355.7783333333327,188.0,104.297
SAI,2371.3338888888884,175.0,104.297
SAI,2390.889444444444,160.0,104.297
SAI,2398.0005555555554,160.0,104.297
SAI,2413.4005555555555,154.0,104.297
SAI,2422.0116666666663,155.0,104.297
SAI,2434.300555555555,158.0,104.297
SAI,2447.0561111111106,164.0,104.297
SAI,2461.4111111111106,162.0,104.297
SAI,2470.4111111111106,162.0,104.297
SAI,2488.6333333333328,164.0,104.297
SAI,2495.9666666666662,165.0,104.297
SAI,2503.477777777777,169.0,104.297
SAI,2519.033333333333,175.0,104.297
SAI,2539.4174999999996,183.0,104.297
SAI,2559.2174999999997,198.0,104.297
SAI,2570.328611111111,200.0,104.297
SAI,2579.2174999999997,200.0,104.297
SAI,2590.328611111111,200.0,104.297
SAI,2601.4952777777776,201.0,104.297
SAI,2619.4508333333333,202.0,104.297
SAI,2630.728611111111,203.0,104.297
SAI,2656.3952777777777,210.0,104.297
SAI,2668.4508333333333,217.0,104.297
SAI,2696.0730555555556,226.0,104.297
SAI,2714.195277777778,233.0,104.297
SAI,2730.1286111111112,239.0,104.297
SAI,2749.1841666666664,245.0,104.297
SAI,2777.2952777777778,253.0,104.297
SAI,2806.1841666666664,260.0,104.297
SAI,2829.828611111111,266.0,104.297
SAI,2853.828611111111,270.0,104.297
SAI,2878.108055555555,274.0,104.297
SAI,2899.496944444444,275.0,104.297
SAI,2916.363611111111,253.0,104.297
SAI,2928.863611111111,225.0,104.297
SAI,2938.0191666666665,206.0,104.297
SAI,2956.4702777777775,184.0,104.297
SAI,2971.581388888889,170.0,104.297
SAI,2980.6369444444445,163.0,104.297
SAI,2993.7925,148.0,104.297
SAI,3000.2369444444444,145.0,104.297
SAI,3013.736944444445,135.0,104.297
SAI,3021.0147222222226,131.0,104.297
SAI,3028.0147222222226,126.0,104.297
SAI,3036.281388888889,124.0,104.297
SAI,3047.1258333333335,122.0,104.297
SAI,3052.636944444445,124.0,104.297
SAI,3061.236944444445,129.0,104.297
SAI,3068.6258333333335,133.0,104.297
SAI,3084.7369444444444,145.0,104.297
SAI,3096.9480555555556,157.0,104.297
SAI,3114.0480555555555,171.0,104.297
SAI,3132.3480555555557,183.0,104.297
SAI,3151.7480555555558,194.0,104.297
SAI,3172.448055555556,207.0,104.297
SAI,3181.9147222222223,213.0,104.297
SAI,3191.498888888889,217.0,104.297
SAI,3210.9655555555555,219.0,104.297
SAI,3225.298888888889,215.0,104.297
SAI,3237.021111111111,211.0,104.297
SAI,3253.334722222223,209.0,104.297
SAI,3273.9347222222227,206.0,104.297
SAI,3297.156944444445,209.0,104.297
SAI,3313.8013888888895,214.0,104.297
SAI,3328.6013888888892,222.0,104.297
SAI,3343.8013888888895,228.0,104.297
SAI,3362.0791666666673,235.0,104.297
SAI,3372.7902777777786,241.0,104.297
SAI,3386.4013888888894,245.0,104.297
SAI,3403.00138888889,249.0,104.297
SAI,3417.056944444445,253.0,104.297
SAI,3437.279166666667,260.0,104.297
SAI,3457.8125000000005,264.0,104.297
SAI,3481.6347222222225,268.0,104.297
SAI,3493.7236111111115,272.0,104.297
SAI,3518.256944444445,276.0,104.297
SAI,3546.256944444445,280.0,104.297
SAI,3577.9236111111113,285.0,104.297
SAI,3603.701388888889,290.0,104.297
SAI,3616.590277777778,290.0,104.297
SAI,3636.190277777778,294.0,104.297
SAI,3652.4972222222223,295.0,104.297
SAI,3665.6083333333336,295.0,104.297
SAI,3688.863888888889,299.0,104.297
SAI,3702.152777777778,299.0,104.297
SAI,3732.4366666666665,302.0,104.297
SAI,3752.2366666666667,297.0,104.297
SAI,3778.1033333333335,291.0,104.297
SAI,3794.214444444445,290.0,104.297
SAI,3810.3255555555556,290.0,104.297
SAI,3826.3811111111113,289.0,104.297
SAI,3845.647777777778,289.0,104.297
SAI,3861.7033333333334,289.0,104.297
SAI,3877.8144444444447,290.0,104.297
SAI,3909.9255555555555,289.0,104.297
SAI,3925.981111111111,289.0,104.297
SAI,3942.1477777777777,291.0,104.297
SAI,3961.547777777778,291.0,104.297
SAI,3974.5255555555555,292.0,104.297
SAI,3990.8033333333333,293.0,104.297
SAI,4003.8700000000003,294.0,104.297
SAI,4020.258888888889,295.0,104.297
SAI,4043.2033333333334,295.0,104.297
SAI,4059.5922222222225,295.0,104.297
SAI,4082.6144444444444,296.0,104.297
SAI,4099.114444444444,297.0,104.297
SAI,4122.292222222222,298.0,104.297
SAI,4135.625555555555,300.0,104.297
SAI,4152.236666666667,299.0,104.297
SAI,4168.958888888889,301.0,104.297
SAI,4182.381111111111,302.0,104.297
SAI,4209.318888888889,304.0,104.297
SAI,4229.718888888889,306.0,104.297
SAI,4250.185555555556,307.0,104.297
SAI,4267.270555555556,306.0,104.297
SAI,4291.226111111111,308.0,104.297
SAI,4311.8261111111115,309.0,104.297
SAI,4325.515,308.0,104.297
SAI,4349.392777777778,307.0,104.297
SAI,4363.037222222222,307.0,104.297
SAI,4378.6483333333335,281.0,104.297
SAI,4398.481666666667,255.0,104.297
SAI,4424.037222222222,230.0,104.297
SAI,4433.5038888888885,213.0,104.297
SAI,4447.103888888888,204.0,104.297
SAI,4466.103888888888,190.0,104.297
SAI,4476.381666666666,185.0,104.297
SAI,4488.248333333333,178.0,104.297
SAI,4496.115,177.0,104.297
SAI,4522.115,180.0,104.297
SAI,4542.448333333333,183.0,104.297
SAI,4559.514999999999,192.0,104.297
SAI,4572.714999999999,198.0,104.297
SAI,4583.714999999999,198.0,104.297
SAI,4594.603888888888,196.0,104.297
SAI,4618.559444444443,196.0,104.297
SAI,4631.770833333332,199.0,104.297
SAI,4642.937499999999,201.0,104.297
SAI,4652.004166666666,204.0,104.297
SAI,4661.24861111111,208.0,104.297
SAI,4673.085277777776,212.0,104.297
SAI,4687.5519444444435,217.0,104.297
SAI,4707.640833333332,226.0,104.297
SAI,4733.529722222222,233.0,104.297
SAI,4744.107499999999,238.0,104.297
SAI,4757.5519444444435,242.0,104.297
SAI,4779.685277777777,249.0,104.297
SAI,4802.263055555555,254.0,104.297
SAI,4819.0630555555545,252.0,104.297
SAI,4842.0630555555545,230.0,104.297
SAI,4850.907499999999,199.0,104.297
SAI,4864.907499999998,180.0,104.297
SAI,4874.629722222221,175.0,104.297
SAI,4886.029722222222,171.0,104.297
SAI,4896.963055555555,164.0,104.297
SAI,4905.963055555555,162.0,104.297
SAI,4916.429722222221,157.0,104.297
SAI,4930.91861111111,163.0,104.297
SAI,4943.985277777777,168.0,104.297
SAI,4961.585277777777,176.0,104.297
SAI,4975.585277777777,180.0,104.297
SAI,4993.185277777777,198.0,104.297
SAI,5006.651944444443,202.0,104.297
SAI,5023.314444444443,215.0,104.297
SAI,5033.003333333332,218.0,104.297
SAI,5045.509999999998,224.0,104.297
SAI,5076.843333333332,235.0,104.297
SAI,5090.121111111111,239.0,104.297
SAI,5103.676666666666,244.0,104.297
SAI,5114.61,246.0,104.297
SAI,5128.332222222222,247.0,104.297
SAI,5147.854444444444,251.0,104.297
SAI,5159.1433333333325,254.0,104.297
SAI,5176.076666666666,254.0,104.297
SAI,5195.987777777777,256.0,104.297
SAI,5210.376666666666,259.0,104.297
SAI,5224.82111111111,260.0,104.297
SAI,5245.276666666666,263.0,104.297
SAI,5260.054444444443,266.0,104.297
SAI,5281.054444444443,270.0,104.297
SAI,5305.32111111111,273.0,104.297
SAI,5326.709999999999,275.0,104.297
SAI,5342.1544444444435,278.0,104.297
SAI,5360.754444444443,279.0,104.297
SAI,5392.198888888888,283.0,104.297
SAI,5404.776666666666,283.0,104.297
SAI,5417.4877777777765,286.0,104.297
SAI,5443.087777777776,288.0,104.297
SAI,5475.309999999999,290.0,104.297
SAI,5491.476666666666,291.0,104.297
SAI,5507.673055555554,293.0,104.297
SAI,5524.006388888888,294.0,104.297
SAI,5543.754999999999,295.0,104.297
SAI,5556.910555555554,296.0,104.297
SAI,5576.710555555554,297.0,104.297
SAI,5599.8883333333315,298.0,104.297
SAI,5619.821666666666,299.0,104.297
SAI,5636.543888888888,301.0,104.297
SAI,5663.388333333332,302.0,104.297
SAI,5687.032777777777,304.0,104.297
SAI,5707.299444444443,304.0,104.297
SAI,5730.943888888887,304.0,104.297
SAI,5754.66611111111,305.0,104.297
SAI,5781.8661111111105,306.0,104.297
SAI,5802.332777777777,307.0,104.297
SAI,5826.132777777777,306.0,104.297
SAI,5843.132777777777,306.0,104.297
SAI,5877.243888888887,307.0,104.297
SAI,5897.7105555555545,307.0,104.297
SAI,5931.821666666665,307.0,104.297
SAI,5959.110555555554,307.0,104.297
SAI,5976.16611111111,307.0,104.297
SAI,6003.632777777776,309.0,104.297
SAI,6027.66611111111,309.0,104.297
SAI,6041.399444444442,309.0,104.297
SAI,6055.17722222222,310.0,104.297
SAI,6075.757777777776,310.0,104.297
SAI,6089.576944444443,309.0,104.297
SAI,6113.532499999998,308.0,104.297
SAI,6127.221388888887,308.0,104.297
SAI,6151.099166666665,307.0,104.297
SAI,6168.099166666665,306.0,104.297
SAI,6195.299166666665,306.0,104.297
SAI,6215.632499999999,305.0,104.297
SAI,6249.521388888887,305.0,104.297
SAI,6263.076944444443,305.0,104.297
SAI,6293.776944444443,307.0,104.297
SAI,6321.15472222222,308.0,104.297
SAI,6341.621388888886,307.0,104.297
SAI,6365.576944444441,308.0,104.297
SAI,6389.532499999997,308.0,104.297
SAI,6416.910277777775,308.0,104.297
SAI,6434.021388888887,308.0,104.297
SAI,6458.0547222222185,309.0,104.297
SAI,6478.588055555552,308.0,104.297
SAI,6495.699166666664,308.0,104.297
SAI,6512.754722222218,307.0,104.297
SAI,6533.2213888888855,307.0,104.297
SAI,6560.421388888885,306.0,104.297
SAI,6577.254722222219,303.0,104.297
SAI,6590.7213888888855,303.0,104.297
SAI,6609.310277777775,239.0,104.297
SAI,6618.554722222219,208.0,104.297
SAI,6632.010277777775,173.0,104.297
SAI,6645.076944444441,147.0,104.297
SAI,6651.610277777774,147.0,104.297
SAI,6659.410277777774,117.0,104.297
SAI,6664.432499999997,113.0,104.297
SAI,6670.321388888886,106.0,104.297
SAI,6680.988055555552,96.0,104.297
SAI,6686.988055555552,90.0,104.297
SAI,6694.36583333333,83.0,104.297
SAI,6698.754722222218,79.0,104.297
SAI,6704.8991666666625,79.0,104.297
SAI,6713.67694444444,79.0,104.297
SAI,6717.2324999999955,80.0,104.297
SAI,6720.965833333329,84.0,104.297
SAI,6728.165833333329,81.0,104.297
SAI,6732.388055555552,76.0,104.297
SAI,6737.988055555552,72.0,104.297
SAI,6743.432499999996,70.0,104.297
SAI,6748.099166666663,70.0,104.297
SAI,6751.254722222218,71.0,104.297
SAI,6757.321388888885,78.0,104.297
SAI,6761.932499999996,83.0,104.297
SAI,6765.710277777774,85.0,104.297
SAI,6774.0658333333295,94.0,104.297
SAI,6780.999166666663,104.0,104.297
SAI,6791.399166666663,117.0,104.297
SAI,6798.454722222219,127.0,104.297
SAI,6816.543611111108,148.0,104.297
SAI,6833.243611111107,167.0,104.297
SAI,6841.110277777774,177.0,104.297
SAI,6860.010277777774,189.0,104.297
SAI,6868.721388888885,196.0,104.297
SAI,6879.943611111107,202.0,104.297
SAI,6893.810277777774,208.0,104.297
SAI,6905.588055555552,212.0,104.297
SAI,6915.410277777774,221.0,104.297
SAI,6927.854722222219,224.0,104.297
PER,7.2666666666666675,240.0,104.462
PER,23.733333333333334,247.0,104.462
PER,34.84444444444445,250.0,104.462
PER,60.644444444444446,258.0,104.462
PER,90.08888888888889,265.0,104.462
PER,120.23555555555555,272.0,104.462
PER,138.5688888888889,275.0,104.462
PER,157.23555555555558,280.0,104.462
PER,182.21333333333334,281.0,104.462
PER,201.28000000000003,286.0,104.462
PER,217.28,288.0,104.462
PER,249.83555555555554,293.0,104.462
PER,267.5022222222222,265.0,104.462
PER,278.65777777777777,251.0,104.462
PER,292.4577777777778,207.0,104.462
PER,312.5477777777778,164.0,104.462
PER,326.6477777777778,141.0,104.462
PER,333.59222222222223,125.0,104.462
PER,343.00333333333333,121.0,104.462
PER,349.00333333333333,108.0,104.462
PER,355.53666666666663,98.0,104.462
PER,362.77,93.0,104.462
PER,367.4922222222222,85.0,104.462
PER,373.87,82.0,104.462
PER,377.60333333333335,84.0,104.462
PER,384.90333333333336,73.0,104.462
PER,388.19222222222226,74.0,104.462
PER,397.08111111111117,80.0,104.462
PER,406.28111111111116,92.0,104.462
PER,410.5033333333334,95.0,104.462
PER,420.45888888888896,112.0,104.462
PER,428.5583333333334,122.0,104.462
PER,434.4694444444445,133.0,104.462
PER,444.0694444444445,144.0,104.462
PER,454.4027777777778,155.0,104.462
PER,465.0694444444445,160.0,104.462
PER,479.3027777777778,183.0,104.462
PER,501.41388888888895,199.0,104.462
PER,515.1472222222222,206.0,104.462
PER,532.025,217.0,104.462
PER,549.7436111111111,227.0,104.462
PER,567.7880555555555,232.0,104.462
PER,578.3213888888888,237.0,104.462
PER,591.8213888888889,243.0,104.462
PER,602.8436111111112,248.0,104.462
PER,616.8991666666667,253.0,104.462
PER,634.0325,257.0,104.462
PER,651.4325,261.0,104.462
PER,672.1991666666667,267.0,104.462
PER,702.4213888888889,272.0,104.462
PER,714.6880555555556,276.0,104.462
PER,726.9547222222222,276.0,104.462
PER,742.5658333333333,281.0,104.462
PER,767.8991666666667,285.0,104.462
PER,800.0102777777778,289.0,104.462
PER,819.4769444444445,292.0,104.462
PER,835.8102777777777,294.0,104.462
PER,855.5436111111111,296.0,104.462
PER,868.7052777777778,298.0,104.462
PER,888.6386111111112,299.0,104.462
PER,925.6719444444445,303.0,104.462
PER,956.2719444444447,306.0,104.462
PER,983.6497222222222,308.0,104.462
PER,1011.2052777777777,310.0,104.462
PER,1024.9830555555554,310.0,104.462
PER,1045.7358333333332,310.0,104.462
PER,1066.4025,310.0,104.462
PER,1100.624722222222,308.0,104.462
PER,1124.4247222222223,306.0,104.462
PER,1151.3580555555557,303.0,104.462
PER,1164.8247222222224,303.0,104.462
PER,1201.7358333333336,302.0,104.462
PER,1221.8691666666668,302.0,104.462
PER,1242.1358333333333,304.0,104.462
PER,1258.9691666666668,303.0,104.462
PER,1275.8580555555557,304.0,104.462
PER,1289.3691666666668,304.0,104.462
PER,1306.3136111111112,305.0,104.462
PER,1336.913611111111,306.0,104.462
PER,1367.713611111111,308.0,104.462
PER,1391.7469444444446,309.0,104.462
PER,1415.858055555556,310.0,104.462
PER,1433.1358333333337,311.0,104.462
PER,1460.7825000000003,312.0,104.462
PER,1478.1713888888892,313.0,104.462
PER,1506.0825000000002,314.0,104.462
PER,1540.9713888888894,314.0,104.462
PER,1565.549166666667,316.0,104.462
PER,1604.4158333333337,318.0,104.462
PER,1629.3155555555559,319.0,104.462
PER,1647.0933333333337,320.0,104.462
PER,1679.193333333334,321.0,104.462
PER,1697.082222222223,322.0,104.462
PER,1733.0822222222228,324.0,104.462
PER,1751.1377777777782,325.0,104.462
PER,1769.2488888888895,326.0,104.462
PER,1805.5822222222228,327.0,104.462
PER,1838.4822222222226,329.0,104.462
PER,1871.3822222222225,329.0,104.462
PER,1897.126666666667,331.0,104.462
PER,1911.8377777777782,331.0,104.462
PER,1937.5822222222228,331.0,104.462
PER,1956.026666666667,332.0,104.462
PER,1981.8488888888894,332.0,104.462
PER,2011.537777777778,334.0,104.462
PER,2033.804444444445,334.0,104.462
PER,2059.766944444445,335.0,104.462
PER,2082.100277777778,335.0,104.462
PER,2119.4336111111115,336.0,104.462
PER,2138.1558333333337,337.0,104.462
PER,2160.6225000000004,337.0,104.462
PER,2175.600277777778,337.0,104.462
PER,2190.6225000000004,338.0,104.462
PER,2213.182777777778,337.0,104.462
PER,2243.138333333334,337.0,104.462
PER,2273.182777777778,338.0,104.462
PER,2294.5161111111115,320.0,104.462
PER,2323.182777777778,258.0,104.462
PER,2338.182777777778,225.0,104.462
PER,2347.8272222222226,217.0,104.462
PER,2357.1161111111114,209.0,104.462
PER,2365.6938888888894,193.0,104.462
PER,2380.982777777778,172.0,104.462
PER,2400.4161111111116,159.0,104.462
PER,2407.260555555556,154.0,104.462
PER,2420.860555555556,153.0,104.462
PER,2436.660555555556,158.0,104.462
PER,2454.8827777777783,164.0,104.462
PER,2463.6605555555557,158.0,104.462
PER,2484.460555555556,156.0,104.462
PER,2496.8605555555555,160.0,104.462
PER,2505.916111111111,163.0,104.462
PER,2517.1161111111114,168.0,104.462
PER,2524.7605555555556,172.0,104.462
PER,2543.5605555555558,188.0,104.462
PER,2556.5605555555558,195.0,104.462
PER,2574.2494444444446,199.0,104.462
PER,2585.3044444444445,198.0,104.462
PER,2600.7044444444446,198.0,104.462
PER,2623.26,203.0,104.462
PER,2634.648888888889,205.0,104.462
PER,2644.0711111111113,212.0,104.462
PER,2653.5822222222223,214.0,104.462
PER,2668.1155555555556,218.0,104.462
PER,2683.182222222222,226.0,104.462
PER,2701.226666666667,232.0,104.462
PER,2722.5600000000004,240.0,104.462
PER,2738.826666666667,244.0,104.462
PER,2761.315555555556,253.0,104.462
PER,2787.115555555556,258.0,104.462
PER,2798.7600000000007,262.0,104.462
PER,2816.4266666666676,265.0,104.462
PER,2828.3377777777787,268.0,104.462
PER,2849.4155555555567,271.0,104.462
PER,2867.815555555557,276.0,104.462
PER,2892.615555555557,279.0,104.462
PER,2907.171111111112,262.0,104.462
PER,2922.24138888889,227.0,104.462
PER,2936.0413888888897,207.0,104.462
PER,2944.6191666666678,193.0,104.462
PER,2960.0858333333344,174.0,104.462
PER,2975.8858333333346,158.0,104.462
PER,2984.2191666666677,150.0,104.462
PER,3000.879166666668,136.0,104.462
PER,3008.2125000000015,132.0,104.462
PER,3014.0347222222235,131.0,104.462
PER,3029.190277777779,124.0,104.462
PER,3038.60138888889,121.0,104.462
PER,3045.5458333333345,125.0,104.462
PER,3058.4458333333346,129.0,104.462
PER,3072.8458333333347,144.0,104.462
PER,3082.979166666668,152.0,104.462
PER,3090.0902777777787,160.0,104.462
PER,3099.423611111112,168.0,104.462
PER,3115.3347222222233,179.0,104.462
PER,3138.923611111112,193.0,104.462
PER,3147.8125000000014,200.0,104.462
PER,3169.012500000001,212.0,104.462
PER,3181.123611111112,218.0,104.462
PER,3198.4680555555565,223.0,104.462
PER,3215.812500000001,223.0,104.462
PER,3234.7752777777787,214.0,104.462
PER,3246.3863888888895,209.0,104.462
PER,3268.7197222222226,201.0,104.462
PER,3277.564166666667,199.0,104.462
PER,3286.4530555555557,200.0,104.462
PER,3305.0308333333337,209.0,104.462
PER,3329.5363888888896,220.0,104.462
PER,3352.4363888888897,229.0,104.462
PER,3365.4919444444454,235.0,104.462
PER,3376.069722222223,238.0,104.462
PER,3389.569722222223,243.0,104.462
PER,3403.2919444444447,247.0,104.462
PER,3425.7808333333337,253.0,104.462
PER,3440.0586111111115,257.0,104.462
PER,3472.5697222222225,266.0,104.462
PER,3487.5141666666673,269.0,104.462
PER,3521.125277777778,275.0,104.462
PER,3542.8252777777784,279.0,104.462
PER,3561.4919444444454,280.0,104.462
PER,3583.6586111111114,285.0,104.462
PER,3615.769722222223,289.0,104.462
PER,3648.325277777779,293.0,104.462
PER,3674.63638888889,296.0,104.462
PER,3701.03638888889,297.0,104.462
PER,3727.442500000001,298.0,104.462
PER,3750.542500000001,297.0,104.462
PER,3769.8758333333344,290.0,104.462
PER,3785.7647222222236,286.0,104.462
PER,3798.253611111112,281.0,104.462
PER,3826.231111111112,279.0,104.462
PER,3851.120000000001,280.0,104.462
PER,3866.6755555555565,280.0,104.462
PER,3891.653333333334,281.0,104.462
PER,3904.2311111111117,283.0,104.462
PER,3932.7311111111117,285.0,104.462
PER,3948.620000000001,286.0,104.462
PER,3964.5644444444456,287.0,104.462
PER,3983.764444444445,288.0,104.462
PER,4009.453333333334,289.0,104.462
PER,4022.342222222223,290.0,104.462
PER,4041.6755555555565,290.0,104.462
PER,4057.897777777778,292.0,104.462
PER,4090.453333333334,293.0,104.462
PER,4113.320000000001,294.0,104.462
PER,4143.02,297.0,104.462
PER,4173.02,300.0,104.462
PER,4203.120000000001,301.0,104.462
PER,4233.520000000001,304.0,104.462
PER,4247.075555555557,305.0,104.462
PER,4260.590555555557,306.0,104.462
PER,4287.968333333335,308.0,104.462
PER,4308.568333333335,309.0,104.462
PER,4325.7350000000015,309.0,104.462
PER,4349.9322222222245,310.0,104.462
PER,4376.532222222225,266.0,104.462
PER,4401.865555555558,228.0,104.462
PER,4418.5877777777805,215.0,104.462
PER,4431.78777777778,198.0,104.462
PER,4444.654444444447,193.0,104.462
PER,4458.965555555557,184.0,104.462
PER,4466.965555555558,180.0,104.462
PER,4476.910000000003,179.0,104.462
PER,4488.510000000002,174.0,104.462
PER,4498.28777777778,176.0,104.462
PER,4511.898888888892,175.0,104.462
PER,4525.821111111114,179.0,104.462
PER,4542.621111111113,189.0,104.462
PER,4551.243333333336,194.0,104.462
PER,4568.9322222222245,199.0,104.462
PER,4588.4322222222245,195.0,104.462
PER,4610.210000000002,196.0,104.462
PER,4627.898888888891,199.0,104.462
PER,4636.787777777779,200.0,104.462
PER,4650.387777777779,204.0,104.462
PER,4661.885555555557,208.0,104.462
PER,4671.396666666668,214.0,104.462
PER,4688.1966666666685,216.0,104.462
PER,4698.107777777779,223.0,104.462
PER,4721.472500000002,233.0,104.462
PER,4737.072500000001,234.0,104.462
PER,4758.850277777779,245.0,104.462
PER,4772.572500000001,247.0,104.462
PER,4786.628055555557,253.0,104.462
PER,4800.905833333335,257.0,104.462
PER,4816.639166666668,236.0,104.462
PER,4828.694722222223,217.0,104.462
PER,4839.972500000002,203.0,104.462
PER,4860.194722222223,182.0,104.462
PER,4870.139166666668,179.0,104.462
PER,4879.583611111112,170.0,104.462
PER,4890.650277777779,166.0,104.462
PER,4897.850277777779,162.0,104.462
PER,4906.628055555557,158.0,104.462
PER,4913.516944444446,155.0,104.462
PER,4922.239166666669,157.0,104.462
PER,4934.916944444446,163.0,104.462
PER,4944.305833333335,169.0,104.462
PER,4958.305833333335,180.0,104.462
PER,4968.805833333335,189.0,104.462
PER,4984.050277777779,196.0,104.462
PER,4993.1613888888905,205.0,104.462
PER,5004.939166666669,212.0,104.462
PER,5017.05027777778,218.0,104.462
PER,5026.961388888891,223.0,104.462
PER,5047.341944444446,230.0,104.462
PER,5063.075277777779,236.0,104.462
PER,5079.07527777778,240.0,104.462
PER,5092.531111111112,241.0,104.462
PER,5111.742222222223,247.0,104.462
PER,5128.408888888889,250.0,104.462
PER,5139.653333333334,253.0,104.462
PER,5159.564444444445,256.0,104.462
PER,5170.9866666666685,257.0,104.462
PER,5185.320000000001,258.0,104.462
PER,5205.620000000001,261.0,104.462
PER,5235.1755555555565,266.0,104.462
PER,5247.131111111112,269.0,104.462
PER,5265.197777777779,271.0,104.462
PER,5292.79777777778,276.0,104.462
PER,5308.242222222223,278.0,104.462
PER,5326.90888888889,280.0,104.462
PER,5339.442222222223,282.0,104.462
PER,5380.608888888889,285.0,104.462
PER,5412.60888888889,288.0,104.462
PER,5438.386666666667,290.0,104.462
PER,5457.853333333334,292.0,104.462
PER,5474.131111111113,293.0,104.462
PER,5490.464444444445,294.0,104.462
PER,5526.764444444445,297.0,104.462
PER,5546.548333333334,298.0,104.462
PER,5563.159444444445,299.0,104.462
PER,5576.492777777778,300.0,104.462
PER,5589.870555555556,301.0,104.462
PER,5606.732222222224,302.0,104.462
PER,5626.932222222224,303.0,104.462
PER,5654.043333333335,305.0,104.462
PER,5688.043333333334,306.0,104.462
PER,5701.687777777779,307.0,104.462
PER,5718.743333333334,307.0,104.462
PER,5746.121111111112,308.0,104.462
PER,5773.587777777779,309.0,104.462
PER,5794.254444444447,310.0,104.462
PER,5825.154444444446,309.0,104.462
PER,5838.887777777779,309.0,104.462
PER,5862.921111111113,309.0,104.462
PER,5880.08777777778,309.0,104.462
PER,5900.754444444446,310.0,104.462
PER,5921.354444444445,309.0,104.462
PER,5938.521111111112,309.0,104.462
PER,5959.18777777778,310.0,104.462
PER,5986.832222222224,311.0,104.462
PER,6011.021111111113,311.0,104.462
PER,6042.121111111113,311.0,104.462
PER,6066.310000000002,311.0,104.462
PER,6093.954444444446,311.0,104.462
PER,6114.621111111114,310.0,104.462
PER,6138.568611111114,309.0,104.462
PER,6152.257500000002,308.0,104.462
PER,6169.398333333336,307.0,104.462
PER,6210.1983333333355,306.0,104.462
PER,6227.1983333333355,306.0,104.462
PER,6244.14277777778,305.0,104.462
PER,6257.742777777779,306.0,104.462
PER,6274.798333333335,307.0,104.462
PER,6298.75388888889,308.0,104.462
PER,6312.442777777779,308.0,104.462
PER,6333.0427777777795,309.0,104.462
PER,6357.153888888891,310.0,104.462
PER,6374.320555555557,309.0,104.462
PER,6391.5427777777795,310.0,104.462
PER,6415.576111111113,309.0,104.462
PER,6432.798333333336,310.0,104.462
PER,6456.909444444447,310.0,104.462
PER,6484.465000000002,310.0,104.462
PER,6508.576111111113,310.0,104.462
PER,6525.74277777778,309.0,104.462
PER,6546.409444444446,310.0,104.462
PER,6575.74277777778,264.0,104.462
PER,6586.187222222225,235.0,104.462
PER,6596.098333333335,223.0,104.462
PER,6611.74277777778,176.0,104.462
PER,6627.076111111114,138.0,104.462
PER,6634.187222222225,128.0,104.462
PER,6640.710000000002,118.0,104.462
PER,6646.7655555555575,109.0,104.462
PER,6653.660833333335,103.0,104.462
PER,6657.9275000000025,96.0,104.462
PER,6663.9275000000025,90.0,104.462
PER,6670.30527777778,82.0,104.462
PER,6675.371944444447,76.0,104.462
PER,6679.371944444447,72.0,104.462
PER,6685.594166666669,70.0,104.462
PER,6691.1163888888905,71.0,104.462
PER,6696.449722222224,80.0,104.462
PER,6702.671944444447,80.0,104.462
PER,6708.660833333336,77.0,104.462
PER,6715.149722222225,73.0,104.462
PER,6719.749722222225,69.0,104.462
PER,6725.116388888891,69.0,104.462
PER,6728.949722222224,69.0,104.462
PER,6737.727500000003,79.0,104.462
PER,6743.327500000002,84.0,104.462
PER,6753.7719444444465,94.0,104.462
PER,6763.371944444446,108.0,104.462
PER,6769.927500000002,118.0,104.462
PER,6781.749722222224,133.0,104.462
PER,6793.260833333335,148.0,104.462
PER,6800.327500000002,159.0,104.462
PER,6807.571944444447,163.0,104.462
PER,6819.256388888892,176.0,104.462
PER,6827.306388888891,180.0,104.462
PER,6842.317500000002,193.0,104.462
PER,6850.89527777778,193.0,104.462
PER,6867.150833333336,209.0,104.462
PER,6879.150833333335,216.0,104.462
PER,6899.150833333336,225.0,104.462
PER,6914.484166666669,230.0,104.462
LEC,15.656666666666666,244.0,104.551
LEC,38.14555555555556,253.0,104.551
LEC,55.34555555555556,258.0,104.551
LEC,81.94555555555556,266.0,104.551
LEC,115.26555555555557,272.0,104.551
LEC,136.73222222222222,276.0,104.551
LEC,161.79888888888888,282.0,104.551
LEC,190.39888888888888,286.0,104.551
LEC,206.3433333333333,287.0,104.551
LEC,228.8211111111111,289.0,104.551
LEC,251.37666666666664,290.0,104.551
LEC,268.1766666666667,252.0,104.551
LEC,286.66555555555556,208.0,104.551
LEC,296.83666666666664,184.0,104.551
LEC,308.81444444444446,154.0,104.551
LEC,320.5477777777778,132.0,104.551
LEC,332.5477777777778,120.0,104.551
LEC,341.7033333333334,103.0,104.551
LEC,349.2477777777778,97.0,104.551
LEC,355.31444444444446,91.0,104.551
LEC,362.0811111111111,87.0,104.551
LEC,370.2811111111111,82.0,104.551
LEC,373.8811111111111,81.0,104.551
LEC,378.3255555555556,80.0,104.551
LEC,382.71444444444444,79.0,104.551
LEC,389.09222222222223,82.0,104.551
LEC,400.09222222222223,90.0,104.551
LEC,411.6766666666667,104.0,104.551
LEC,420.69888888888886,116.0,104.551
LEC,426.0322222222222,120.0,104.551
LEC,431.8544444444444,131.0,104.551
LEC,438.21,143.0,104.551
LEC,450.18777777777774,154.0,104.551
LEC,471.5766666666667,175.0,104.551
LEC,488.7322222222223,193.0,104.551
LEC,504.5988888888889,204.0,104.551
LEC,521.3211111111111,215.0,104.551
LEC,533.3163888888889,217.0,104.551
LEC,548.516388888889,228.0,104.551
LEC,564.0497222222223,233.0,104.551
LEC,588.3497222222222,243.0,104.551
LEC,610.4830555555556,249.0,104.551
LEC,621.8163888888889,255.0,104.551
LEC,636.1497222222223,258.0,104.551
LEC,650.7052777777778,262.0,104.551
LEC,668.4386111111112,266.0,104.551
LEC,683.3830555555555,269.0,104.551
LEC,704.6941666666668,274.0,104.551
LEC,738.7941666666667,279.0,104.551
LEC,757.6608333333334,283.0,104.551
LEC,773.3830555555555,283.0,104.551
LEC,802.3633333333333,289.0,104.551
LEC,815.2522222222223,290.0,104.551
LEC,828.2744444444445,293.0,104.551
LEC,854.4966666666666,295.0,104.551
LEC,867.6966666666666,297.0,104.551
LEC,880.941111111111,298.0,104.551
LEC,900.941111111111,300.0,104.551
LEC,914.3188888888888,301.0,104.551
LEC,941.2522222222219,303.0,104.551
LEC,961.5855555555554,305.0,104.551
LEC,988.9633333333333,308.0,104.551
LEC,1016.43,309.0,104.551
LEC,1043.8077777777778,308.0,104.551
LEC,1067.7552777777778,309.0,104.551
LEC,1088.3552777777777,309.0,104.551
LEC,1122.466388888889,307.0,104.551
LEC,1156.2441666666666,304.0,104.551
LEC,1169.6663888888888,302.0,104.551
LEC,1183.088611111111,302.0,104.551
LEC,1206.5775,302.0,104.551
LEC,1223.355277777778,302.0,104.551
LEC,1240.1886111111112,303.0,104.551
LEC,1257.0219444444444,303.0,104.551
LEC,1270.4886111111111,303.0,104.551
LEC,1290.755277777778,304.0,104.551
LEC,1321.255277777778,305.0,104.551
LEC,1338.144166666667,304.0,104.551
LEC,1427.496666666667,309.0,104.551
LEC,1461.8300000000002,309.0,104.551
LEC,1475.607777777778,310.0,104.551
LEC,1489.4300000000003,311.0,104.551
LEC,1517.0744444444447,311.0,104.551
LEC,1537.8077777777778,311.0,104.551
LEC,1572.696666666667,314.0,104.551
LEC,1586.696666666667,315.0,104.551
LEC,1604.196666666667,315.0,104.551
LEC,1632.2863888888892,317.0,104.551
LEC,1649.9530555555557,318.0,104.551
LEC,1685.3975000000003,319.0,104.551
LEC,1703.1752777777779,320.0,104.551
LEC,1724.575277777778,321.0,104.551
LEC,1749.6197222222222,322.0,104.551
LEC,1774.7419444444445,323.0,104.551
LEC,1818.075277777778,325.0,104.551
LEC,1850.6752777777779,326.0,104.551
LEC,1883.375277777778,327.0,104.551
LEC,1912.5308333333335,328.0,104.551
LEC,1945.4219444444448,328.0,104.551
LEC,1963.6997222222224,329.0,104.551
LEC,1981.9775,329.0,104.551
LEC,2000.3108333333332,330.0,104.551
LEC,2018.6441666666667,330.0,104.551
LEC,2044.4663888888888,332.0,104.551
LEC,2059.2219444444445,332.0,104.551
LEC,2096.1108333333336,332.0,104.551
LEC,2114.555277777778,332.0,104.551
LEC,2140.455277777778,333.0,104.551
LEC,2166.3552777777777,333.0,104.551
LEC,2195.8663888888887,332.0,104.551
LEC,2232.755277777778,332.0,104.551
LEC,2247.374444444444,331.0,104.551
LEC,2269.374444444444,330.0,104.551
LEC,2297.1077777777778,312.0,104.551
LEC,2321.507777777778,244.0,104.551
LEC,2333.8966666666665,223.0,104.551
LEC,2352.1188888888887,205.0,104.551
LEC,2368.741111111111,187.0,104.551
LEC,2385.541111111111,168.0,104.551
LEC,2392.918888888889,166.0,104.551
LEC,2407.052222222222,159.0,104.551
LEC,2415.8299999999995,158.0,104.551
LEC,2424.7188888888886,160.0,104.551
LEC,2443.9891666666663,173.0,104.551
LEC,2461.3891666666664,174.0,104.551
LEC,2470.8891666666664,171.0,104.551
LEC,2480.2780555555555,169.0,104.551
LEC,2489.6113888888885,168.0,104.551
LEC,2497.1225,169.0,104.551
LEC,2510.2669444444446,169.0,104.551
LEC,2521.733611111111,172.0,104.551
LEC,2531.455833333333,175.0,104.551
LEC,2543.589166666666,182.0,104.551
LEC,2554.0336111111105,188.0,104.551
LEC,2575.700277777777,195.0,104.551
LEC,2588.7669444444437,196.0,104.551
LEC,2608.5119444444435,198.0,104.551
LEC,2617.4008333333322,200.0,104.551
LEC,2633.267499999999,204.0,104.551
LEC,2642.2897222222214,203.0,104.551
LEC,2658.623055555555,210.0,104.551
LEC,2678.0008333333326,218.0,104.551
LEC,2687.8230555555547,221.0,104.551
LEC,2711.123055555555,233.0,104.551
LEC,2738.123055555555,243.0,104.551
LEC,2754.5897222222216,247.0,104.551
LEC,2768.5341666666664,251.0,104.551
LEC,2791.378611111111,257.0,104.551
LEC,2805.8786111111103,261.0,104.551
LEC,2823.752777777777,267.0,104.551
LEC,2844.6749999999993,269.0,104.551
LEC,2871.9749999999995,273.0,104.551
LEC,2893.2861111111106,274.0,104.551
LEC,2912.5749999999994,248.0,104.551
LEC,2925.0194444444437,224.0,104.551
LEC,2938.7527777777773,206.0,104.551
LEC,2947.1527777777774,189.0,104.551
LEC,2964.1527777777774,170.0,104.551
LEC,2971.1749999999993,158.0,104.551
LEC,2981.3083333333325,152.0,104.551
LEC,2987.841666666666,147.0,104.551
LEC,3000.0194444444437,137.0,104.551
LEC,3012.8836111111104,129.0,104.551
LEC,3022.450277777777,123.0,104.551
LEC,3030.3836111111104,119.0,104.551
LEC,3041.316944444444,123.0,104.551
LEC,3055.761388888888,130.0,104.551
LEC,3064.761388888888,135.0,104.551
LEC,3072.539166666666,140.0,104.551
LEC,3079.028055555555,146.0,104.551
LEC,3087.5836111111103,154.0,104.551
LEC,3098.316944444444,161.0,104.551
LEC,3114.139166666666,178.0,104.551
LEC,3131.0280555555546,190.0,104.551
LEC,3144.1491666666657,196.0,104.551
LEC,3160.3269444444436,208.0,104.551
LEC,3179.6158333333324,217.0,104.551
LEC,3209.6158333333324,225.0,104.551
LEC,3219.438055555555,221.0,104.551
LEC,3229.126944444444,218.0,104.551
LEC,3247.7936111111103,210.0,104.551
LEC,3257.0824999999995,209.0,104.551
LEC,3275.4824999999996,207.0,104.551
LEC,3287.149166666666,210.0,104.551
LEC,3306.1713888888885,214.0,104.551
LEC,3325.9047222222216,222.0,104.551
LEC,3341.1713888888885,229.0,104.551
LEC,3370.4380555555554,240.0,104.551
LEC,3386.9047222222216,247.0,104.551
LEC,3400.8491666666664,251.0,104.551
LEC,3417.8491666666664,255.0,104.551
LEC,3441.049166666666,261.0,104.551
LEC,3458.7824999999993,266.0,104.551
LEC,3479.8602777777774,271.0,104.551
LEC,3501.1713888888885,274.0,104.551
LEC,3526.060277777777,280.0,104.551
LEC,3557.7269444444437,285.0,104.551
LEC,3593.006944444444,288.0,104.551
LEC,3619.051388888888,293.0,104.551
LEC,3635.3847222222216,294.0,104.551
LEC,3655.1847222222214,297.0,104.551
LEC,3678.3624999999993,298.0,104.551
LEC,3691.6513888888885,299.0,104.551
LEC,3705.029166666666,301.0,104.551
LEC,3721.8069444444436,302.0,104.551
LEC,3748.47361111111,300.0,104.551
LEC,3768.140277777776,295.0,104.551
LEC,3790.618055555554,289.0,104.551
LEC,3809.5513888888872,284.0,104.551
LEC,3837.3513888888874,278.0,104.551
LEC,3849.618055555554,276.0,104.551
LEC,3868.218055555554,279.0,104.551
LEC,3886.7405555555547,279.0,104.551
LEC,3902.29611111111,280.0,104.551
LEC,3924.1516666666657,281.0,104.551
LEC,3939.8738888888884,283.0,104.551
LEC,3952.540555555555,285.0,104.551
LEC,3965.207222222222,285.0,104.551
LEC,3987.5294444444435,287.0,104.551
LEC,4006.862777777777,290.0,104.551
LEC,4019.707222222222,289.0,104.551
LEC,4035.8183333333327,290.0,104.551
LEC,4061.7738888888885,292.0,104.551
LEC,4074.796111111111,293.0,104.551
LEC,4107.655833333332,295.0,104.551
LEC,4137.355833333332,297.0,104.551
LEC,4160.611388888888,299.0,104.551
LEC,4187.366944444443,301.0,104.551
LEC,4210.855833333332,302.0,104.551
LEC,4234.578055555555,305.0,104.551
LEC,4255.044722222221,307.0,104.551
LEC,4275.578055555555,308.0,104.551
LEC,4299.53361111111,308.0,104.551
LEC,4313.266944444443,309.0,104.551
LEC,4326.955833333332,308.0,104.551
LEC,4354.333611111109,308.0,104.551
LEC,4367.755833333331,302.0,104.551
LEC,4383.755833333331,288.0,104.551
LEC,4402.733611111109,244.0,104.551
LEC,4413.266944444442,237.0,104.551
LEC,4438.753333333331,209.0,104.551
LEC,4447.7311111111085,202.0,104.551
LEC,4460.464444444441,191.0,104.551
LEC,4470.797777777774,186.0,104.551
LEC,4483.064444444441,184.0,104.551
LEC,4507.064444444441,180.0,104.551
LEC,4519.131111111108,181.0,104.551
LEC,4529.2422222222185,182.0,104.551
LEC,4539.4088888888855,183.0,104.551
LEC,4552.4088888888855,195.0,104.551
LEC,4568.019999999997,200.0,104.551
LEC,4583.731111111108,202.0,104.551
LEC,4601.331111111107,198.0,104.551
LEC,4616.653333333329,197.0,104.551
LEC,4627.542222222218,196.0,104.551
LEC,4636.297777777773,197.0,104.551
LEC,4651.853333333329,200.0,104.551
LEC,4667.875555555551,206.0,104.551
LEC,4686.897777777774,214.0,104.551
LEC,4701.631111111106,221.0,104.551
LEC,4713.908888888885,221.0,104.551
LEC,4737.308888888884,234.0,104.551
LEC,4755.508888888884,234.0,104.551
LEC,4766.397777777773,245.0,104.551
LEC,4788.442222222217,248.0,104.551
LEC,4805.308888888883,253.0,104.551
LEC,4824.451388888883,247.0,104.551
LEC,4843.473611111106,214.0,104.551
LEC,4858.873611111106,198.0,104.551
LEC,4874.340277777772,174.0,104.551
LEC,4885.740277777772,171.0,104.551
LEC,4900.31805555555,164.0,104.551
LEC,4914.184722222217,156.0,104.551
LEC,4924.851388888884,160.0,104.551
LEC,4937.418333333328,161.0,104.551
LEC,4954.718333333328,173.0,104.551
LEC,4964.662777777772,179.0,104.551
LEC,4974.996111111105,186.0,104.551
LEC,4985.829444444439,195.0,104.551
LEC,5013.696111111105,209.0,104.551
LEC,5036.0961111111055,224.0,104.551
LEC,5064.818333333327,235.0,104.551
LEC,5075.307222222216,236.0,104.551
LEC,5091.4405555555495,242.0,104.551
LEC,5107.773888888883,245.0,104.551
LEC,5118.751666666661,247.0,104.551
LEC,5152.618333333327,254.0,104.551
LEC,5163.907222222216,254.0,104.551
LEC,5181.040555555549,257.0,104.551
LEC,5206.768888888883,258.0,104.551
LEC,5218.4133333333275,262.0,104.551
LEC,5245.013333333328,266.0,104.551
LEC,5260.013333333328,270.0,104.551
LEC,5284.279999999994,273.0,104.551
LEC,5308.9022222222175,277.0,104.551
LEC,5327.368888888884,277.0,104.551
LEC,5352.346666666661,281.0,104.551
LEC,5364.879999999995,282.0,104.551
LEC,5386.891666666661,282.0,104.551
LEC,5405.824999999995,284.0,104.551
LEC,5428.06944444444,286.0,104.551
LEC,5447.26944444444,288.0,104.551
LEC,5469.824999999995,290.0,104.551
LEC,5505.758333333329,294.0,104.551
LEC,5531.98055555555,295.0,104.551
LEC,5545.091666666663,295.0,104.551
LEC,5568.191666666663,297.0,104.551
LEC,5591.369444444441,298.0,104.551
LEC,5608.036111111107,300.0,104.551
LEC,5624.702777777774,300.0,104.551
LEC,5661.736111111107,303.0,104.551
LEC,5678.569444444441,303.0,104.551
LEC,5709.069444444441,305.0,104.551
LEC,5726.124999999996,307.0,104.551
LEC,5746.439999999997,306.0,104.551
LEC,5770.239999999997,306.0,104.551
LEC,5800.839999999997,306.0,104.551
LEC,5814.439999999997,306.0,104.551
LEC,5841.639999999997,306.0,104.551
LEC,5865.67333333333,309.0,104.551
LEC,5896.57333333333,309.0,104.551
LEC,5920.692499999997,309.0,104.551
LEC,5951.592499999997,309.0,104.551
LEC,5979.059166666663,309.0,104.551
LEC,6016.825833333331,309.0,104.551
LEC,6037.559166666663,311.0,104.551
LEC,6072.0036111111085,310.0,104.551
LEC,6099.648055555553,311.0,104.551
LEC,6116.870277777775,310.0,104.551
LEC,6133.981388888887,308.0,104.551
LEC,6151.148055555553,309.0,104.551
LEC,6178.436944444442,307.0,104.551
LEC,6195.492499999998,307.0,104.551
LEC,6215.892499999997,306.0,104.551
LEC,6236.22583333333,305.0,104.551
LEC,6270.448055555553,308.0,104.551
LEC,6304.6702777777755,308.0,104.551
LEC,6325.051666666664,307.0,104.551
LEC,6342.162777777775,308.0,104.551
LEC,6359.329444444442,309.0,104.551
LEC,6386.707222222219,308.0,104.551
LEC,6407.240555555552,308.0,104.551
LEC,6431.273888888886,309.0,104.551
LEC,6451.873888888886,309.0,104.551
LEC,6482.85972222222,309.0,104.551
LEC,6499.970833333331,308.0,104.551
LEC,6520.504166666664,308.0,104.551
LEC,6544.381944444442,307.0,104.551
LEC,6571.581944444441,306.0,104.551
LEC,6590.315277777776,281.0,104.551
LEC,6602.093055555553,265.0,104.551
LEC,6617.804166666664,202.0,104.551
LEC,6628.35972222222,190.0,104.551
LEC,6639.626388888886,169.0,104.551
LEC,6650.748611111108,143.0,104.551
LEC,6661.77083333333,124.0,104.551
LEC,6668.970833333331,108.0,104.551
LEC,6675.704166666665,101.0,104.551
LEC,6681.148611111109,98.0,104.551
LEC,6688.070833333331,89.0,104.551
LEC,6693.537499999998,82.0,104.551
LEC,6697.981944444442,80.0,104.551
LEC,6704.048611111109,78.0,104.551
LEC,6712.804444444442,79.0,104.551
LEC,6717.193333333331,79.0,104.551
LEC,6727.704444444442,86.0,104.551
LEC,6731.393333333331,83.0,104.551
LEC,6737.38222222222,77.0,104.551
LEC,6745.604444444442,74.0,104.551
LEC,6753.125277777775,75.0,104.551
LEC,6757.458611111108,78.0,104.551
LEC,6760.969722222219,79.0,104.551
LEC,6765.636388888886,84.0,104.551
LEC,6771.503055555553,88.0,104.551
LEC,6779.125277777775,98.0,104.551
LEC,6790.680833333331,104.0,104.551
LEC,6800.091944444443,121.0,104.551
LEC,6809.225277777776,137.0,104.551
LEC,6819.025277777776,147.0,104.551
LEC,6829.758611111109,161.0,104.551
LEC,6844.958611111108,171.0,104.551
LEC,6854.625277777775,174.0,104.551
LEC,6874.125277777775,195.0,104.551
LEC,6883.1030555555535,202.0,104.551
LEC,6897.1030555555535,210.0,104.551
LEC,6922.103055555553,225.0,104.551
LEC,6934.714166666664,227.0,104.551
OCO,21.6125,247.0,105.18
OCO,35.6125,252.0,105.18
OCO,64.27916666666667,258.0,105.18
OCO,78.89027777777778,263.0,105.18
OCO,93.72361111111111,267.0,105.18
OCO,123.94583333333334,272.0,105.18
OCO,151.74583333333334,278.0,105.18
OCO,179.84583333333333,281.0,105.18
OCO,201.85694444444442,283.0,105.18
OCO,214.5236111111111,285.0,105.18
OCO,236.9236111111111,288.0,105.18
OCO,252.9236111111111,288.0,105.18
OCO,273.2236111111111,261.0,105.18
OCO,291.53472222222223,206.0,105.18
OCO,303.66805555555555,182.0,105.18
OCO,315.68055555555554,155.0,105.18
OCO,325.01388888888886,140.0,105.18
OCO,338.01388888888886,117.0,105.18
OCO,344.0694444444444,109.0,105.18
OCO,350.7361111111111,100.0,105.18
OCO,355.0472222222222,97.0,105.18
OCO,359.13611111111106,92.0,105.18
OCO,365.1611111111111,90.0,105.18
OCO,372.62777777777774,84.0,105.18
OCO,379.5611111111111,78.0,105.18
OCO,384.5611111111111,75.0,105.18
OCO,393.5611111111111,81.0,105.18
OCO,399.22777777777776,85.0,105.18
OCO,403.09444444444443,87.0,105.18
OCO,407.31666666666666,95.0,105.18
OCO,411.6277777777778,97.0,105.18
OCO,421.05,106.0,105.18
OCO,436.81666666666666,129.0,105.18
OCO,442.77222222222224,134.0,105.18
OCO,456.6388888888889,156.0,105.18
OCO,473.7388888888889,171.0,105.18
OCO,494.7388888888889,189.0,105.18
OCO,505.62777777777774,196.0,105.18
OCO,534.2944444444445,215.0,105.18
OCO,551.6544444444445,224.0,105.18
OCO,564.2655555555556,227.0,105.18
OCO,579.9988888888889,236.0,105.18
OCO,590.71,241.0,105.18
OCO,615.5100000000001,248.0,105.18
OCO,632.51,255.0,105.18
OCO,655.71,261.0,105.18
OCO,670.5058333333334,265.0,105.18
OCO,691.5058333333334,270.0,105.18
OCO,722.0613888888889,275.0,105.18
OCO,737.3391666666668,275.0,105.18
OCO,749.7391666666667,279.0,105.18
OCO,762.3169444444444,283.0,105.18
OCO,781.3836111111111,286.0,105.18
OCO,800.7169444444445,290.0,105.18
OCO,823.5836111111113,294.0,105.18
OCO,849.9836111111111,297.0,105.18
OCO,869.9169444444445,299.0,105.18
OCO,896.761388888889,302.0,105.18
OCO,927.261388888889,305.0,105.18
OCO,940.9058333333336,307.0,105.18
OCO,961.4391666666668,308.0,105.18
OCO,975.1725000000001,309.0,105.18
OCO,999.3613888888891,311.0,105.18
OCO,1020.161388888889,312.0,105.18
OCO,1047.8947222222223,312.0,105.18
OCO,1065.2836111111112,313.0,105.18
OCO,1086.0633333333335,313.0,105.18
OCO,1106.7300000000002,310.0,105.18
OCO,1120.507777777778,310.0,105.18
OCO,1147.7966666666666,307.0,105.18
OCO,1178.2966666666669,305.0,105.18
OCO,1195.1855555555558,304.0,105.18
OCO,1232.5480555555557,305.0,105.18
OCO,1249.6036111111111,307.0,105.18
OCO,1263.1591666666668,305.0,105.18
OCO,1300.6813888888892,307.0,105.18
OCO,1324.7147222222227,309.0,105.18
OCO,1341.8813888888892,309.0,105.18
OCO,1372.8813888888892,310.0,105.18
OCO,1404.0813888888893,312.0,105.18
OCO,1438.8591666666669,313.0,105.18
OCO,1456.3036111111116,314.0,105.18
OCO,1484.3036111111116,315.0,105.18
OCO,1522.9258333333337,316.0,105.18
OCO,1537.0591666666671,318.0,105.18
OCO,1568.959166666667,319.0,105.18
OCO,1586.6813888888894,319.0,105.18
OCO,1611.570277777778,320.0,105.18
OCO,1636.6147222222226,322.0,105.18
OCO,1665.3247222222224,324.0,105.18
OCO,1683.3802777777778,325.0,105.18
OCO,1719.6025000000002,326.0,105.18
OCO,1734.1358333333335,327.0,105.18
OCO,1748.7136111111113,328.0,105.18
OCO,1777.8691666666668,328.0,105.18
OCO,1814.5161111111113,329.0,105.18
OCO,1847.5161111111113,330.0,105.18
OCO,1865.9050000000002,331.0,105.18
OCO,1880.6605555555557,332.0,105.18
OCO,1899.105,332.0,105.18
OCO,1917.5494444444444,332.0,105.18
OCO,1947.1494444444445,333.0,105.18
OCO,1965.6494444444447,333.0,105.18
OCO,2006.4716666666668,334.0,105.18
OCO,2025.082777777778,335.0,105.18
OCO,2066.0272222222225,335.0,105.18
OCO,2092.082777777778,335.0,105.18
OCO,2114.416111111111,335.0,105.18
OCO,2140.471666666667,335.0,105.18
OCO,2177.693888888889,335.0,105.18
OCO,2214.8050000000003,334.0,105.18
OCO,2244.405,333.0,105.18
OCO,2274.005,333.0,105.18
OCO,2300.5883333333336,300.0,105.18
OCO,2320.266111111111,253.0,105.18
OCO,2334.666111111111,216.0,105.18
OCO,2345.610555555556,197.0,105.18
OCO,2354.1438888888893,192.0,105.18
OCO,2371.5922222222225,174.0,105.18
OCO,2386.347777777778,166.0,105.18
OCO,2395.2922222222223,161.0,105.18
OCO,2409.158888888889,156.0,105.18
OCO,2415.87,151.0,105.18
OCO,2430.87,150.0,105.18
OCO,2439.3144444444442,152.0,105.18
OCO,2448.2033333333334,160.0,105.18
OCO,2458.87,160.0,105.18
OCO,2472.7366666666667,156.0,105.18
OCO,2479.67,156.0,105.18
OCO,2490.1366666666668,157.0,105.18
OCO,2498.97,159.0,105.18
OCO,2517.6366666666663,168.0,105.18
OCO,2531.403333333333,177.0,105.18
OCO,2550.103333333333,187.0,105.18
OCO,2570.203333333333,201.0,105.18
OCO,2590.303333333333,201.0,105.18
OCO,2610.403333333333,201.0,105.18
OCO,2619.336666666666,201.0,105.18
OCO,2628.214166666666,201.0,105.18
OCO,2646.5252777777773,206.0,105.18
OCO,2660.5252777777773,210.0,105.18
OCO,2672.4697222222217,215.0,105.18
OCO,2689.8761111111107,223.0,105.18
OCO,2712.776111111111,229.0,105.18
OCO,2739.3316666666665,239.0,105.18
OCO,2758.4649999999997,246.0,105.18
OCO,2775.2649999999994,252.0,105.18
OCO,2792.331666666666,256.0,105.18
OCO,2812.553888888888,260.0,105.18
OCO,2824.153888888888,261.0,105.18
OCO,2838.820555555555,264.0,105.18
OCO,2856.5538888888887,266.0,105.18
OCO,2871.498333333333,269.0,105.18
OCO,2892.6538888888886,272.0,105.18
OCO,2912.2538888888885,252.0,105.18
OCO,2930.6538888888886,207.0,105.18
OCO,2939.4538888888887,198.0,105.18
OCO,2955.5427777777772,181.0,105.18
OCO,2971.7427777777775,162.0,105.18
OCO,2988.409444444444,150.0,105.18
OCO,3007.2983333333327,139.0,105.18
OCO,3016.3649999999993,136.0,105.18
OCO,3023.661666666666,132.0,105.18
OCO,3029.350555555555,128.0,105.18
OCO,3039.150555555555,126.0,105.18
OCO,3044.6172222222217,123.0,105.18
OCO,3057.151944444444,125.0,105.18
OCO,3065.751944444444,129.0,105.18
OCO,3078.107499999999,139.0,105.18
OCO,3086.3297222222213,148.0,105.18
OCO,3094.996388888888,156.0,105.18
OCO,3104.107499999999,164.0,105.18
OCO,3115.6408333333325,173.0,105.18
OCO,3125.6408333333325,180.0,105.18
OCO,3136.0297222222216,187.0,105.18
OCO,3158.3630555555546,201.0,105.18
OCO,3169.9186111111103,208.0,105.18
OCO,3181.6408333333325,211.0,105.18
OCO,3196.2408333333324,219.0,105.18
OCO,3206.0630555555545,221.0,105.18
OCO,3218.1741666666658,218.0,105.18
OCO,3227.6852777777767,214.0,105.18
OCO,3239.2408333333324,208.0,105.18
OCO,3254.71861111111,199.0,105.18
OCO,3265.607499999999,196.0,105.18
OCO,3281.007499999999,198.0,105.18
OCO,3292.11861111111,200.0,105.18
OCO,3308.21861111111,207.0,105.18
OCO,3317.507499999999,209.0,105.18
OCO,3329.4519444444436,215.0,105.18
OCO,3341.7852777777766,222.0,105.18
OCO,3351.8297222222213,226.0,105.18
OCO,3372.6533333333327,235.0,105.18
OCO,3388.719999999999,241.0,105.18
OCO,3404.9866666666658,244.0,105.18
OCO,3419.0008333333326,251.0,105.18
OCO,3438.9897222222216,257.0,105.18
OCO,3456.323055555555,260.0,105.18
OCO,3468.0563888888883,264.0,105.18
OCO,3488.9008333333327,268.0,105.18
OCO,3500.9008333333322,270.0,105.18
OCO,3516.067499999999,273.0,105.18
OCO,3537.4563888888883,275.0,105.18
OCO,3568.9008333333327,283.0,105.18
OCO,3581.5230555555545,284.0,105.18
OCO,3600.589722222221,286.0,105.18
OCO,3629.489722222221,289.0,105.18
OCO,3645.6008333333325,290.0,105.18
OCO,3664.934166666666,290.0,105.18
OCO,3677.956388888888,293.0,105.18
OCO,3720.711944444444,296.0,105.18
OCO,3753.3786111111103,294.0,105.18
OCO,3779.245277777777,291.0,105.18
OCO,3798.5119444444435,289.0,105.18
OCO,3814.4008333333327,286.0,105.18
OCO,3830.234166666666,285.0,105.18
OCO,3865.067499999999,285.0,105.18
OCO,3883.9883333333323,285.0,105.18
OCO,3899.8772222222215,286.0,105.18
OCO,3912.5883333333322,286.0,105.18
OCO,3925.343888888888,287.0,105.18
OCO,3941.4797222222214,289.0,105.18
OCO,3960.813055555555,290.0,105.18
OCO,3986.5908333333327,290.0,105.18
OCO,4019.035277777777,292.0,105.18
OCO,4032.0130555555547,292.0,105.18
OCO,4048.2908333333326,293.0,105.18
OCO,4074.4241666666658,294.0,105.18
OCO,4100.646388888888,295.0,105.18
OCO,4120.3130555555545,295.0,105.18
OCO,4150.113055555555,298.0,105.18
OCO,4163.446388888888,300.0,105.18
OCO,4186.779722222221,300.0,105.18
OCO,4203.446388888887,300.0,105.18
OCO,4223.57972222222,302.0,105.18
OCO,4243.713055555553,302.0,105.18
OCO,4260.4908333333315,302.0,105.18
OCO,4280.690833333331,303.0,105.18
OCO,4307.713055555553,304.0,105.18
OCO,4331.357499999997,304.0,105.18
OCO,4383.068611111107,274.0,105.18
OCO,4404.668611111108,243.0,105.18
OCO,4419.468611111107,222.0,105.18
OCO,4435.743611111107,210.0,105.18
OCO,4444.721388888885,202.0,105.18
OCO,4455.608888888884,195.0,105.18
OCO,4479.475555555551,179.0,105.18
OCO,4489.0866666666625,173.0,105.18
OCO,4498.531111111107,170.0,105.18
OCO,4505.997777777773,168.0,105.18
OCO,4515.442222222217,170.0,105.18
OCO,4529.053333333329,175.0,105.18
OCO,4537.008888888884,179.0,105.18
OCO,4549.27555555555,184.0,105.18
OCO,4564.364444444439,194.0,105.18
OCO,4575.086666666662,193.0,105.18
OCO,4585.86444444444,194.0,105.18
OCO,4601.108888888884,196.0,105.18
OCO,4612.053333333328,197.0,105.18
OCO,4627.4533333333275,198.0,105.18
OCO,4645.319999999994,201.0,105.18
OCO,4661.342222222216,206.0,105.18
OCO,4673.064444444439,211.0,105.18
OCO,4687.464444444438,216.0,105.18
OCO,4712.4644444444375,225.0,105.18
OCO,4722.597777777772,228.0,105.18
OCO,4732.819999999993,230.0,105.18
OCO,4753.708888888882,235.0,105.18
OCO,4780.708888888882,243.0,105.18
OCO,4794.375555555549,246.0,105.18
OCO,4808.194999999993,250.0,105.18
OCO,4821.806111111105,245.0,105.18
OCO,4836.132222222216,214.0,105.18
OCO,4845.643333333327,214.0,105.18
OCO,4858.5766666666605,194.0,105.18
OCO,4872.343333333327,177.0,105.18
OCO,4883.809999999994,172.0,105.18
OCO,4893.032222222216,166.0,105.18
OCO,4907.432222222216,162.0,105.18
OCO,4919.643333333327,157.0,105.18
OCO,4929.9099999999935,154.0,105.18
OCO,4942.27666666666,159.0,105.18
OCO,4955.421111111104,169.0,105.18
OCO,4971.421111111104,180.0,105.18
OCO,4984.287777777771,193.0,105.18
OCO,4999.843333333327,200.0,105.18
OCO,5011.232222222216,205.0,105.18
OCO,5035.343333333326,217.0,105.18
OCO,5050.47666666666,227.0,105.18
OCO,5076.365555555549,233.0,105.18
OCO,5097.787777777771,241.0,105.18
OCO,5111.28777777777,243.0,105.18
OCO,5133.065555555549,245.0,105.18
OCO,5152.509999999993,250.0,105.18
OCO,5163.7544444444375,253.0,105.18
OCO,5175.043333333326,254.0,105.18
OCO,5191.972499999993,255.0,105.18
OCO,5203.466111111104,257.0,105.18
OCO,5223.610555555548,259.0,105.18
OCO,5235.254999999992,262.0,105.18
OCO,5255.710555555547,263.0,105.18
OCO,5270.543888888881,267.0,105.18
OCO,5294.721666666658,272.0,105.18
OCO,5312.9883333333255,274.0,105.18
OCO,5343.877222222213,278.0,105.18
OCO,5356.277222222214,279.0,105.18
OCO,5384.477222222214,282.0,105.18
OCO,5409.721666666657,284.0,105.18
OCO,5428.8549999999905,287.0,105.18
OCO,5451.332777777769,289.0,105.18
OCO,5473.966111111102,291.0,105.18
OCO,5500.0105555555465,293.0,105.18
OCO,5516.34388888888,294.0,105.18
OCO,5539.366111111101,296.0,105.18
OCO,5559.232777777769,298.0,105.18
OCO,5575.788333333325,298.0,105.18
OCO,5592.399444444435,299.0,105.18
OCO,5612.466111111103,301.0,105.18
OCO,5639.221666666657,301.0,105.18
OCO,5656.054999999991,303.0,105.18
OCO,5693.288333333325,305.0,105.18
OCO,5706.84388888888,305.0,105.18
OCO,5730.643888888881,306.0,105.18
OCO,5757.93277777777,307.0,105.18
OCO,5771.621666666659,308.0,105.18
OCO,5792.154999999992,308.0,105.18
OCO,5805.843888888881,308.0,105.18
OCO,5822.954999999992,308.0,105.18
OCO,5857.288333333326,309.0,105.18
OCO,5877.8216666666585,308.0,105.18
OCO,5905.199444444437,308.0,105.18
OCO,5922.366111111104,309.0,105.18
OCO,5946.399444444438,309.0,105.18
OCO,5980.843888888881,310.0,105.18
OCO,5994.621666666659,310.0,105.18
OCO,6008.443888888882,311.0,105.18
OCO,6036.088333333326,311.0,105.18
OCO,6053.366111111104,311.0,105.18
OCO,6077.554999999993,311.0,105.18
OCO,6101.743888888882,311.0,105.18
OCO,6122.410555555548,310.0,105.18
OCO,6136.188333333325,310.0,105.18
OCO,6160.143888888881,308.0,105.18
OCO,6177.199444444436,307.0,105.18
OCO,6190.84388888888,307.0,105.18
OCO,6217.954999999992,305.0,105.18
OCO,6238.354999999991,306.0,105.18
OCO,6265.643888888881,307.0,105.18
OCO,6282.699444444436,307.0,105.18
OCO,6320.466111111103,309.0,105.18
OCO,6351.466111111103,310.0,105.18
OCO,6365.199444444435,309.0,105.18
OCO,6395.9994444444355,308.0,105.18
OCO,6409.688333333324,308.0,105.18
OCO,6426.74388888888,307.0,105.18
OCO,6447.210555555546,307.0,105.18
OCO,6464.210555555546,306.0,105.18
OCO,6477.810555555546,306.0,105.18
OCO,6494.810555555546,306.0,105.18
OCO,6521.921666666657,305.0,105.18
OCO,6548.943888888879,304.0,105.18
OCO,6572.588333333323,304.0,105.18
OCO,6585.477222222212,290.0,105.18
OCO,6596.8549999999905,256.0,105.18
OCO,6609.299444444434,224.0,105.18
OCO,6623.610555555545,184.0,105.18
OCO,6631.299444444435,173.0,105.18
OCO,6642.577222222212,145.0,105.18
OCO,6652.221666666656,124.0,105.18
OCO,6664.110555555545,107.0,105.18
OCO,6668.732777777767,104.0,105.18
OCO,6674.177222222212,98.0,105.18
OCO,6684.932777777767,88.0,105.18
OCO,6689.821666666656,88.0,105.18
OCO,6693.288333333322,78.0,105.18
OCO,6696.776666666656,78.0,105.18
OCO,6701.165555555544,79.0,105.18
OCO,6708.165833333323,79.0,105.18
OCO,6711.6769444444335,79.0,105.18
OCO,6717.3436111111005,85.0,105.18
OCO,6721.954722222212,83.0,105.18
OCO,6732.788055555545,75.0,105.18
OCO,6739.788055555545,70.0,105.18
OCO,6748.221388888878,69.0,105.18
OCO,6751.421388888878,72.0,105.18
OCO,6757.488055555545,78.0,105.18
OCO,6761.0436111111,80.0,105.18
OCO,6764.865833333322,86.0,105.18
OCO,6773.399166666656,96.0,105.18
OCO,6779.176944444434,104.0,105.18
OCO,6794.576944444434,126.0,105.18
OCO,6810.2436111111,141.0,105.18
OCO,6820.710277777767,157.0,105.18
OCO,6838.210277777767,175.0,105.18
OCO,6848.43249999999,184.0,105.18
OCO,6859.099166666656,192.0,105.18
OCO,6867.765833333323,195.0,105.18
OCO,6881.499166666656,206.0,105.18
OCO,6897.988055555545,212.0,105.18
OCO,6940.9836111111,231.0,105.18
ALO,9.545555555555554,242.0,105.368
ALO,40.46777777777777,253.0,105.368
ALO,54.80111111111111,258.0,105.368
ALO,78.17888888888889,263.0,105.368
ALO,90.0011111111111,266.0,105.368
ALO,108.06777777777776,271.0,105.368
ALO,135.56777777777776,275.0,105.368
ALO,163.36777777777775,278.0,105.368
ALO,175.85666666666665,281.0,105.368
ALO,201.18999999999997,285.0,105.368
ALO,233.18999999999997,288.0,105.368
ALO,262.19,290.0,105.368
ALO,277.74555555555554,280.0,105.368
ALO,295.15194444444444,223.0,105.368
ALO,306.2075,199.0,105.368
ALO,314.1186111111111,178.0,105.368
ALO,322.8408333333333,157.0,105.368
ALO,330.6186111111111,140.0,105.368
ALO,336.8408333333333,140.0,105.368
ALO,343.6186111111111,122.0,105.368
ALO,353.9186111111111,103.0,105.368
ALO,361.15194444444444,93.0,105.368
ALO,365.19638888888886,91.0,105.368
ALO,370.7963888888888,84.0,105.368
ALO,376.8630555555555,78.0,105.368
ALO,385.1963888888888,75.0,105.368
ALO,391.8422222222221,75.0,105.368
ALO,398.06444444444435,80.0,105.368
ALO,405.7977777777777,87.0,105.368
ALO,412.06444444444435,94.0,105.368
ALO,422.8644444444443,108.0,105.368
ALO,441.7866666666665,131.0,105.368
ALO,458.7866666666665,153.0,105.368
ALO,467.8422222222221,163.0,105.368
ALO,487.95333333333315,181.0,105.368
ALO,496.3533333333332,189.0,105.368
ALO,504.93111111111097,193.0,105.368
ALO,518.5311111111109,204.0,105.368
ALO,527.8333333333331,208.0,105.368
ALO,542.3666666666664,218.0,105.368
ALO,554.4777777777776,218.0,105.368
ALO,569.811111111111,230.0,105.368
ALO,585.4777777777775,235.0,105.368
ALO,607.3444444444442,246.0,105.368
ALO,626.7888888888888,250.0,105.368
ALO,640.8999999999999,254.0,105.368
ALO,655.2333333333331,258.0,105.368
ALO,669.8444444444443,263.0,105.368
ALO,696.8444444444443,270.0,105.368
ALO,708.9333333333332,272.0,105.368
ALO,733.5555555555554,277.0,105.368
ALO,755.4105555555554,282.0,105.368
ALO,784.0105555555554,286.0,105.368
ALO,803.277222222222,289.0,105.368
ALO,829.2327777777776,292.0,105.368
ALO,842.2994444444444,294.0,105.368
ALO,882.0327777777777,298.0,105.368
ALO,915.6994444444445,303.0,105.368
ALO,929.2105555555554,304.0,105.368
ALO,953.0883333333331,307.0,105.368
ALO,990.8549999999999,309.0,105.368
ALO,1021.9549999999998,311.0,105.368
ALO,1063.6416666666667,312.0,105.368
ALO,1080.9194444444443,311.0,105.368
ALO,1101.7194444444442,312.0,105.368
ALO,1122.3194444444443,309.0,105.368
ALO,1139.4305555555554,308.0,105.368
ALO,1156.4305555555554,306.0,105.368
ALO,1173.3749999999998,305.0,105.368
ALO,1196.9416666666666,303.0,105.368
ALO,1217.2083333333335,304.0,105.368
ALO,1244.3194444444443,305.0,105.368
ALO,1261.3194444444446,306.0,105.368
ALO,1281.7194444444444,306.0,105.368
ALO,1298.6638888888888,305.0,105.368
ALO,1319.0452777777778,307.0,105.368
ALO,1339.5786111111113,308.0,105.368
ALO,1356.6897222222224,308.0,105.368
ALO,1380.8008333333332,310.0,105.368
ALO,1398.0786111111113,311.0,105.368
ALO,1411.945277777778,312.0,105.368
ALO,1436.2897222222223,313.0,105.368
ALO,1450.2008333333333,313.0,105.368
ALO,1485.0897222222225,314.0,105.368
ALO,1527.0897222222222,315.0,105.368
ALO,1548.156388888889,316.0,105.368
ALO,1569.2897222222223,317.0,105.368
ALO,1590.5563888888892,319.0,105.368
ALO,1608.423055555556,320.0,105.368
ALO,1629.8230555555558,321.0,105.368
ALO,1654.945277777778,323.0,105.368
ALO,1676.4786111111114,323.0,105.368
ALO,1690.8786111111115,324.0,105.368
ALO,1712.5452777777782,325.0,105.368
ALO,1734.3452777777782,327.0,105.368
ALO,1763.5008333333337,328.0,105.368
ALO,1785.3675000000003,328.0,105.368
ALO,1822.0341666666673,330.0,105.368
ALO,1836.7452777777785,331.0,105.368
ALO,1862.5675000000006,332.0,105.368
ALO,1881.0119444444454,332.0,105.368
ALO,1903.2119444444452,333.0,105.368
ALO,1929.0969444444452,334.0,105.368
ALO,1947.6525000000006,334.0,105.368
ALO,1969.985833333334,335.0,105.368
ALO,1992.3191666666673,335.0,105.368
ALO,2014.6525000000008,335.0,105.368
ALO,2044.5191666666676,336.0,105.368
ALO,2081.7413888888896,335.0,105.368
ALO,2119.0747222222226,336.0,105.368
ALO,2141.408055555556,335.0,105.368
ALO,2163.6747222222225,334.0,105.368
ALO,2193.3636111111114,334.0,105.368
ALO,2234.0336111111114,332.0,105.368
ALO,2248.789166666667,332.0,105.368
ALO,2285.5669444444447,331.0,105.368
ALO,2306.1669444444447,309.0,105.368
ALO,2332.466944444445,263.0,105.368
ALO,2349.000277777778,248.0,105.368
ALO,2362.9336111111115,209.0,105.368
ALO,2371.5113888888895,193.0,105.368
ALO,2385.6669444444447,182.0,105.368
ALO,2402.366944444445,167.0,105.368
ALO,2414.7336111111113,159.0,105.368
ALO,2428.4225,154.0,105.368
ALO,2436.658888888889,149.0,105.368
ALO,2443.2811111111114,149.0,105.368
ALO,2451.836666666667,154.0,105.368
ALO,2465.792222222223,157.0,105.368
ALO,2479.2144444444452,151.0,105.368
ALO,2492.281111111112,147.0,105.368
ALO,2502.3477777777784,151.0,105.368
ALO,2516.303333333334,157.0,105.368
ALO,2523.4144444444455,160.0,105.368
ALO,2536.481111111112,168.0,105.368
ALO,2546.2588888888895,176.0,105.368
ALO,2556.4255555555565,183.0,105.368
ALO,2571.6463888888898,195.0,105.368
ALO,2587.04638888889,198.0,105.368
ALO,2607.04638888889,200.0,105.368
ALO,2625.0019444444456,202.0,105.368
ALO,2634.068611111112,204.0,105.368
ALO,2654.8686111111124,208.0,105.368
ALO,2669.001944444446,212.0,105.368
ALO,2693.6686111111126,222.0,105.368
ALO,2703.5352777777794,222.0,105.368
ALO,2716.3686111111124,231.0,105.368
ALO,2729.424166666668,235.0,105.368
ALO,2740.04638888889,239.0,105.368
ALO,2767.4908333333346,247.0,105.368
ALO,2790.157500000001,255.0,105.368
ALO,2801.420000000001,255.0,105.368
ALO,2815.8644444444453,260.0,105.368
ALO,2836.3977777777786,264.0,105.368
ALO,2848.2644444444454,267.0,105.368
ALO,2863.0977777777784,267.0,105.368
ALO,2881.164444444445,271.0,105.368
ALO,2896.331111111112,273.0,105.368
ALO,2911.6088888888894,275.0,105.368
ALO,2922.6755555555565,249.0,105.368
ALO,2938.4088888888896,236.0,105.368
ALO,2947.520000000001,205.0,105.368
ALO,2960.053333333334,188.0,105.368
ALO,2967.8755555555563,176.0,105.368
ALO,2980.553333333334,163.0,105.368
ALO,2989.1516666666676,154.0,105.368
ALO,2995.596111111112,145.0,105.368
ALO,3004.862777777779,139.0,105.368
ALO,3012.251666666668,133.0,105.368
ALO,3023.3627777777792,125.0,105.368
ALO,3032.929444444446,123.0,105.368
ALO,3040.7961111111126,118.0,105.368
ALO,3048.8627777777792,121.0,105.368
ALO,3055.6961111111127,123.0,105.368
ALO,3065.1072222222238,121.0,105.368
ALO,3076.4850000000015,128.0,105.368
ALO,3094.3516666666683,134.0,105.368
ALO,3109.451666666668,151.0,105.368
ALO,3120.1850000000018,161.0,105.368
ALO,3129.526944444446,169.0,105.368
ALO,3139.360277777779,177.0,105.368
ALO,3151.6936111111127,185.0,105.368
ALO,3166.938055555557,196.0,105.368
ALO,3180.4713888888905,203.0,105.368
ALO,3197.038055555557,213.0,105.368
ALO,3216.77138888889,222.0,105.368
ALO,3233.5713888888904,216.0,105.368
ALO,3256.2380555555574,204.0,105.368
ALO,3271.715833333335,199.0,105.368
ALO,3282.8269444444463,200.0,105.368
ALO,3294.049444444446,201.0,105.368
ALO,3319.838333333335,211.0,105.368
ALO,3340.938333333335,211.0,105.368
ALO,3350.9383333333353,225.0,105.368
ALO,3366.3383333333354,231.0,105.368
ALO,3382.2050000000017,238.0,105.368
ALO,3392.8716666666687,240.0,105.368
ALO,3411.9272222222244,245.0,105.368
ALO,3428.593888888891,250.0,105.368
ALO,3442.8161111111135,256.0,105.368
ALO,3469.1161111111137,263.0,105.368
ALO,3486.916111111114,267.0,105.368
ALO,3501.8050000000026,268.0,105.368
ALO,3523.1161111111137,274.0,105.368
ALO,3538.505000000003,277.0,105.368
ALO,3563.4933333333356,282.0,105.368
ALO,3576.1155555555583,284.0,105.368
ALO,3611.193333333336,287.0,105.368
ALO,3627.1933333333363,288.0,105.368
ALO,3640.0377777777803,289.0,105.368
ALO,3662.6711111111135,291.0,105.368
ALO,3682.1377777777802,292.0,105.368
ALO,3708.2711111111134,294.0,105.368
ALO,3731.293333333336,296.0,105.368
ALO,3754.160000000002,294.0,105.368
ALO,3786.574166666669,291.0,105.368
ALO,3821.5297222222243,286.0,105.368
ALO,3834.2852777777803,287.0,105.368
ALO,3872.5519444444467,287.0,105.368
ALO,3894.796388888891,286.0,105.368
ALO,3910.7963888888917,288.0,105.368
ALO,3929.9963888888915,288.0,105.368
ALO,3949.329722222225,290.0,105.368
ALO,3971.963055555558,291.0,105.368
ALO,3997.918611111114,292.0,105.368
ALO,4020.7075000000027,293.0,105.368
ALO,4033.7297222222246,293.0,105.368
ALO,4053.3963888888916,295.0,105.368
ALO,4082.9963888888915,296.0,105.368
ALO,4102.647500000003,296.0,105.368
ALO,4129.136388888892,298.0,105.368
ALO,4149.069722222225,299.0,105.368
ALO,4175.825277777781,301.0,105.368
ALO,4192.658611111115,303.0,105.368
ALO,4219.5030555555595,302.0,105.368
ALO,4246.436388888893,303.0,105.368
ALO,4263.325277777782,304.0,105.368
ALO,4293.825277777782,305.0,105.368
ALO,4310.854444444449,305.0,105.368
ALO,4324.410000000004,305.0,105.368
ALO,4337.96555555556,305.0,105.368
ALO,4358.298888888894,305.0,105.368
ALO,4380.85444444445,290.0,105.368
ALO,4400.687777777783,255.0,105.368
ALO,4423.087777777782,224.0,105.368
ALO,4437.087777777782,210.0,105.368
ALO,4458.643333333338,194.0,105.368
ALO,4469.087777777782,188.0,105.368
ALO,4479.143333333337,181.0,105.368
ALO,4498.587777777781,175.0,105.368
ALO,4509.921111111114,170.0,105.368
ALO,4517.47666666667,170.0,105.368
ALO,4529.143333333336,175.0,105.368
ALO,4549.5877777777805,184.0,105.368
ALO,4571.311111111113,196.0,105.368
ALO,4580.111111111113,198.0,105.368
ALO,4595.666666666669,200.0,105.368
ALO,4610.755555555557,194.0,105.368
ALO,4621.477777777779,193.0,105.368
ALO,4680.411111111112,204.0,105.368
ALO,4689.700000000001,209.0,105.368
ALO,4706.560000000001,216.0,105.368
ALO,4728.960000000001,224.0,105.368
ALO,4754.737777777778,232.0,105.368
ALO,4767.793333333334,235.0,105.368
ALO,4781.071111111112,239.0,105.368
ALO,4802.760000000001,244.0,105.368
ALO,4830.993333333336,231.0,105.368
ALO,4853.193333333335,222.0,105.368
ALO,4871.093333333335,179.0,105.368
ALO,4878.782222222224,173.0,105.368
ALO,4895.382222222224,166.0,105.368
ALO,4904.43777777778,163.0,105.368
ALO,4914.971111111113,158.0,105.368
ALO,4934.5266666666685,160.0,105.368
ALO,4945.348055555558,163.0,105.368
ALO,4960.37027777778,169.0,105.368
ALO,4969.9258333333355,172.0,105.368
ALO,4977.614722222224,173.0,105.368
ALO,4992.0813888888915,186.0,105.368
ALO,5000.614722222225,192.0,105.368
ALO,5025.9147222222255,207.0,105.368
ALO,5050.025833333336,217.0,105.368
ALO,5064.887500000003,222.0,105.368
ALO,5075.109722222225,230.0,105.368
ALO,5093.3875000000035,235.0,105.368
ALO,5114.7208333333365,240.0,105.368
ALO,5128.2208333333365,243.0,105.368
ALO,5141.8875000000035,246.0,105.368
ALO,5164.198611111114,251.0,105.368
ALO,5175.309722222225,250.0,105.368
ALO,5186.55416666667,253.0,105.368
ALO,5203.55416666667,255.0,105.368
ALO,5217.776388888893,256.0,105.368
ALO,5232.165277777782,259.0,105.368
ALO,5249.631944444448,262.0,105.368
ALO,5267.298611111114,265.0,105.368
ALO,5279.120833333337,266.0,105.368
ALO,5294.009722222225,268.0,105.368
ALO,5318.098611111114,271.0,105.368
ALO,5342.543055555559,275.0,105.368
ALO,5354.854166666671,277.0,105.368
ALO,5382.67666666667,279.0,105.368
ALO,5407.654444444447,281.0,105.368
ALO,5429.7433333333365,284.0,105.368
ALO,5464.821111111114,287.0,105.368
ALO,5493.921111111115,291.0,105.368
ALO,5513.321111111115,291.0,105.368
ALO,5529.543333333338,292.0,105.368
ALO,5559.025000000003,294.0,105.368
ALO,5575.413888888892,295.0,105.368
ALO,5598.513888888892,297.0,105.368
ALO,5615.069444444448,298.0,105.368
ALO,5631.680555555559,299.0,105.368
ALO,5648.347222222226,300.0,105.368
ALO,5681.902777777781,302.0,105.368
ALO,5695.325000000003,302.0,105.368
ALO,5712.1583333333365,303.0,105.368
ALO,5739.180555555559,304.0,105.368
ALO,5773.069444444447,305.0,105.368
ALO,5793.469444444448,306.0,105.368
ALO,5810.469444444447,306.0,105.368
ALO,5830.936111111114,307.0,105.368
ALO,5858.225000000002,307.0,105.368
ALO,5878.691666666669,307.0,105.368
ALO,5899.158333333336,307.0,105.368
ALO,5919.625000000002,307.0,105.368
ALO,5940.006388888891,307.0,105.368
ALO,5957.117500000002,308.0,105.368
ALO,5974.228611111113,308.0,105.368
ALO,6005.028611111114,308.0,105.368
ALO,6018.7175000000025,308.0,105.368
ALO,6039.317500000002,309.0,105.368
ALO,6056.539722222225,310.0,105.368
ALO,6073.761944444447,310.0,105.368
ALO,6108.181111111114,309.0,105.368
ALO,6125.292222222225,308.0,105.368
ALO,6149.170000000003,307.0,105.368
ALO,6166.2255555555585,307.0,105.368
ALO,6190.025555555559,306.0,105.368
ALO,6213.747777777779,305.0,105.368
ALO,6244.147777777781,304.0,105.368
ALO,6257.703333333337,305.0,105.368
ALO,6288.303333333337,306.0,105.368
ALO,6308.703333333337,306.0,105.368
ALO,6342.814444444448,307.0,105.368
ALO,6366.770000000003,308.0,105.368
ALO,6390.647777777781,307.0,105.368
ALO,6407.758888888891,308.0,105.368
ALO,6431.714444444447,308.0,105.368
ALO,6455.592222222224,307.0,105.368
ALO,6469.192222222224,306.0,105.368
ALO,6492.914444444446,305.0,105.368
ALO,6509.718888888892,304.0,105.368
ALO,6533.3633333333355,304.0,105.368
ALO,6570.39666666667,303.0,105.368
ALO,6587.174444444447,302.0,105.368
ALO,6602.174444444447,270.0,105.368
ALO,6618.107777777781,239.0,105.368
ALO,6629.718888888891,209.0,105.368
ALO,6640.048055555559,185.0,105.368
ALO,6652.725833333337,163.0,105.368
ALO,6664.548055555559,133.0,105.368
ALO,6673.648055555559,117.0,105.368
ALO,6678.35916666667,106.0,105.368
ALO,6682.936944444448,103.0,105.368
ALO,6691.025833333337,91.0,105.368
ALO,6694.936944444447,88.0,105.368
ALO,6705.603611111114,80.0,105.368
ALO,6714.048055555559,76.0,105.368
ALO,6717.425833333336,76.0,105.368
ALO,6720.892500000003,78.0,105.368
ALO,6725.392500000003,81.0,105.368
ALO,6731.125833333336,86.0,105.368
ALO,6735.7369444444475,83.0,105.368
ALO,6741.881388888892,79.0,105.368
ALO,6746.948055555558,76.0,105.368
ALO,6751.814722222225,73.0,105.368
ALO,6756.481388888892,70.0,105.368
ALO,6761.281388888892,72.0,105.368
ALO,6767.171388888893,76.0,105.368
ALO,6772.504722222226,80.0,105.368
ALO,6776.326944444448,86.0,105.368
ALO,6784.860277777781,96.0,105.368
ALO,6790.526944444448,102.0,105.368
ALO,6804.949166666671,118.0,105.368
ALO,6816.986666666671,135.0,105.368
ALO,6823.208888888893,140.0,105.368
ALO,6839.308888888893,161.0,105.368
ALO,6852.842222222227,174.0,105.368
ALO,6866.997777777783,182.0,105.368
ALO,6882.086666666672,194.0,105.368
ALO,6902.786666666671,207.0,105.368
ALO,6919.353333333338,213.0,105.368
ALO,6936.620000000004,222.0,105.368
HAM,1.2,240.0,105.42
HAM,23.155555555555555,247.0,105.42
HAM,34.31111111111111,251.0,105.42
HAM,45.6,254.0,105.42
HAM,62.86666666666667,259.0,105.42
HAM,74.37777777777778,259.0,105.42
HAM,98.28888888888888,269.0,105.42
HAM,116.42222222222223,272.0,105.42
HAM,140.95555555555555,276.0,105.42
HAM,165.84444444444443,280.0,105.42
HAM,191.17777777777775,285.0,105.42
HAM,213.42027777777778,287.0,105.42
HAM,232.7536111111111,290.0,105.42
HAM,263.75361111111107,279.0,105.42
HAM,287.9758333333333,218.0,105.42
HAM,297.6647222222222,218.0,105.42
HAM,305.66472222222217,180.0,105.42
HAM,317.33138888888885,150.0,105.42
HAM,324.7758333333333,134.0,105.42
HAM,331.83138888888885,127.0,105.42
HAM,337.99805555555554,111.0,105.42
HAM,342.75361111111107,107.0,105.42
HAM,349.28694444444443,98.0,105.42
HAM,358.38694444444445,91.0,105.42
HAM,363.22027777777777,87.0,105.42
HAM,386.0644444444444,79.0,105.42
HAM,395.61999999999995,86.0,105.42
HAM,399.53111111111104,88.0,105.42
HAM,403.7088888888888,94.0,105.42
HAM,413.0422222222221,105.0,105.42
HAM,420.97555555555545,119.0,105.42
HAM,434.86444444444436,125.0,105.42
HAM,441.3977777777777,147.0,105.42
HAM,450.1199999999999,157.0,105.42
HAM,465.36111111111103,172.0,105.42
HAM,475.4166666666666,181.0,105.42
HAM,497.3055555555555,197.0,105.42
HAM,508.4722222222221,201.0,105.42
HAM,522.6055555555555,212.0,105.42
HAM,540.0277777777777,224.0,105.42
HAM,557.9166666666666,230.0,105.42
HAM,590.1833333333333,242.0,105.42
HAM,615.1833333333333,250.0,105.42
HAM,640.7833333333332,256.0,105.42
HAM,664.161111111111,263.0,105.42
HAM,691.0355555555556,268.0,105.42
HAM,706.0911111111111,271.0,105.42
HAM,721.2022222222222,272.0,105.42
HAM,736.3133333333334,272.0,105.42
HAM,751.8133333333334,279.0,105.42
HAM,773.7466666666668,282.0,105.42
HAM,786.4133333333334,285.0,105.42
HAM,818.6355555555555,290.0,105.42
HAM,834.8577777777778,292.0,105.42
HAM,857.7244444444443,294.0,105.42
HAM,880.8244444444442,297.0,105.42
HAM,907.402222222222,299.0,105.42
HAM,940.9577777777776,302.0,105.42
HAM,954.3844444444442,304.0,105.42
HAM,974.7844444444444,306.0,105.42
HAM,1001.9844444444444,306.0,105.42
HAM,1032.6844444444444,307.0,105.42
HAM,1049.7399999999998,307.0,105.42
HAM,1077.1177777777775,308.0,105.42
HAM,1104.2288888888886,305.0,105.42
HAM,1134.4288888888887,302.0,105.42
HAM,1147.8066666666664,301.0,105.42
HAM,1174.3844444444442,299.0,105.42
HAM,1190.9955555555553,299.0,105.42
HAM,1207.5511111111107,298.0,105.42
HAM,1240.9677777777774,300.0,105.42
HAM,1271.0677777777778,301.0,105.42
HAM,1287.79,301.0,105.42
HAM,1304.5677777777778,302.0,105.42
HAM,1321.3455555555556,302.0,105.42
HAM,1334.7677777777778,302.0,105.42
HAM,1358.256666666667,302.0,105.42
HAM,1378.5233333333333,304.0,105.42
HAM,1395.4677777777777,305.0,105.42
HAM,1415.8677777777777,306.0,105.42
HAM,1432.8677777777777,306.0,105.42
HAM,1467.09,308.0,105.42
HAM,1487.69,309.0,105.42
HAM,1518.5041666666666,309.0,105.42
HAM,1532.2375,309.0,105.42
HAM,1556.426388888889,311.0,105.42
HAM,1570.2930555555558,312.0,105.42
HAM,1594.6375000000003,313.0,105.42
HAM,1622.6375000000003,315.0,105.42
HAM,1636.6375000000003,315.0,105.42
HAM,1668.3375000000003,317.0,105.42
HAM,1703.7819444444447,319.0,105.42
HAM,1725.1152777777781,320.0,105.42
HAM,1742.8930555555557,320.0,105.42
HAM,1771.515277777778,322.0,105.42
HAM,1789.4597222222224,323.0,105.42
HAM,1811.1497222222224,324.0,105.42
HAM,1836.3497222222225,324.0,105.42
HAM,1868.9497222222224,326.0,105.42
HAM,1894.305277777778,326.0,105.42
HAM,1919.816388888889,328.0,105.42
HAM,1938.038611111111,328.0,105.42
HAM,1959.9052777777779,328.0,105.42
HAM,1974.4830555555557,328.0,105.42
HAM,2007.3830555555555,329.0,105.42
HAM,2022.0052777777778,329.0,105.42
HAM,2044.0052777777776,330.0,105.42
HAM,2058.7163888888886,331.0,105.42
HAM,2088.2274999999995,332.0,105.42
HAM,2121.3352777777773,332.0,105.42
HAM,2147.235277777777,333.0,105.42
HAM,2169.3686111111106,332.0,105.42
HAM,2198.9686111111105,333.0,105.42
HAM,2235.7463888888883,331.0,105.42
HAM,2257.7463888888883,330.0,105.42
HAM,2276.079722222222,330.0,105.42
HAM,2290.524166666666,325.0,105.42
HAM,2306.8574999999996,294.0,105.42
HAM,2323.2574999999997,246.0,105.42
HAM,2342.013055555555,211.0,105.42
HAM,2358.5463888888885,186.0,105.42
HAM,2370.194722222222,174.0,105.42
HAM,2383.2613888888886,168.0,105.42
HAM,2397.305833333333,158.0,105.42
HAM,2418.3724999999995,158.0,105.42
HAM,2425.439166666666,159.0,105.42
HAM,2432.5947222222217,161.0,105.42
HAM,2447.1724999999997,164.0,105.42
HAM,2454.3280555555552,161.0,105.42
HAM,2468.105833333333,155.0,105.42
HAM,2476.716944444444,155.0,105.42
HAM,2490.939166666666,160.0,105.42
HAM,2505.428055555555,163.0,105.42
HAM,2516.8280555555552,171.0,105.42
HAM,2539.021944444444,182.0,105.42
HAM,2551.621944444444,189.0,105.42
HAM,2562.510833333333,196.0,105.42
HAM,2575.510833333333,195.0,105.42
HAM,2592.6663888888884,193.0,105.42
HAM,2605.399722222222,191.0,105.42
HAM,2620.410833333333,193.0,105.42
HAM,2635.733055555555,197.0,105.42
HAM,2653.955277777777,205.0,105.42
HAM,2677.8441666666663,215.0,105.42
HAM,2705.406666666666,225.0,105.42
HAM,2726.3844444444435,236.0,105.42
HAM,2739.7733333333326,241.0,105.42
HAM,2756.106666666666,245.0,105.42
HAM,2775.628888888888,251.0,105.42
HAM,2786.8288888888883,252.0,105.42
HAM,2798.2511111111103,257.0,105.42
HAM,2812.7511111111103,261.0,105.42
HAM,2836.217777777777,264.0,105.42
HAM,2854.017777777777,267.0,105.42
HAM,2874.939999999999,269.0,105.42
HAM,2893.0066666666658,271.0,105.42
HAM,2917.306666666666,243.0,105.42
HAM,2926.9511111111105,217.0,105.42
HAM,2940.017777777777,196.0,105.42
HAM,2951.7022222222217,176.0,105.42
HAM,2960.8688888888883,165.0,105.42
HAM,2972.7688888888883,153.0,105.42
HAM,2980.9355555555553,147.0,105.42
HAM,2987.3355555555554,144.0,105.42
HAM,2993.5133333333333,139.0,105.42
HAM,3003.78,132.0,105.42
HAM,3012.3133333333335,128.0,105.42
HAM,3017.9133333333334,126.0,105.42
HAM,3024.6911111111112,122.0,105.42
HAM,3035.3577777777778,120.0,105.42
HAM,3040.6911111111112,120.0,105.42
HAM,3054.2805555555556,122.0,105.42
HAM,3067.780555555556,135.0,105.42
HAM,3079.213888888889,147.0,105.42
HAM,3093.436111111111,160.0,105.42
HAM,3106.891666666667,173.0,105.42
HAM,3121.280555555556,185.0,105.42
HAM,3134.080555555556,192.0,105.42
HAM,3147.2138888888894,197.0,105.42
HAM,3163.1583333333338,205.0,105.42
HAM,3172.4916666666672,210.0,105.42
HAM,3181.9138888888892,212.0,105.42
HAM,3201.202777777778,217.0,105.42
HAM,3210.7583333333337,215.0,105.42
HAM,3222.3694444444445,209.0,105.42
HAM,3237.925,200.0,105.42
HAM,3246.8138888888893,200.0,105.42
HAM,3272.1783333333337,208.0,105.42
HAM,3281.5561111111115,211.0,105.42
HAM,3295.889444444445,215.0,105.42
HAM,3308.0561111111115,219.0,105.42
HAM,3323.0561111111115,225.0,105.42
HAM,3354.656111111112,237.0,105.42
HAM,3370.989444444445,245.0,105.42
HAM,3384.8227777777784,249.0,105.42
HAM,3398.8783333333336,253.0,105.42
HAM,3416.011666666667,257.0,105.42
HAM,3436.462222222223,262.0,105.42
HAM,3457.2288888888897,267.0,105.42
HAM,3481.4066666666677,272.0,105.42
HAM,3502.9511111111124,277.0,105.42
HAM,3518.4511111111124,279.0,105.42
HAM,3530.8955555555567,280.0,105.42
HAM,3552.9844444444457,284.0,105.42
HAM,3575.1511111111126,285.0,105.42
HAM,3600.9288888888905,290.0,105.42
HAM,3620.3955555555567,292.0,105.42
HAM,3636.72888888889,294.0,105.42
HAM,3666.32888888889,296.0,105.42
HAM,3689.506666666668,298.0,105.42
HAM,3702.751111111112,298.0,105.42
HAM,3729.240000000001,298.0,105.42
HAM,3748.906666666668,295.0,105.42
HAM,3771.1491666666684,287.0,105.42
HAM,3796.215833333335,282.0,105.42
HAM,3818.07138888889,281.0,105.42
HAM,3842.9602777777786,280.0,105.42
HAM,3861.6269444444456,280.0,105.42
HAM,3886.782500000001,283.0,105.42
HAM,3912.1158333333346,285.0,105.42
HAM,3931.1158333333346,285.0,105.42
HAM,3953.517777777779,287.0,105.42
HAM,3982.317777777779,288.0,105.42
HAM,3998.373333333335,289.0,105.42
HAM,4014.4844444444457,290.0,105.42
HAM,4030.6511111111126,291.0,105.42
HAM,4069.5844444444456,292.0,105.42
HAM,4098.884444444446,293.0,105.42
HAM,4135.062222222224,296.0,105.42
HAM,4148.2622222222235,297.0,105.42
HAM,4168.12888888889,298.0,105.42
HAM,4188.195555555557,301.0,105.42
HAM,4201.573333333335,301.0,105.42
HAM,4241.973333333334,303.0,105.42
HAM,4255.484444444446,304.0,105.42
HAM,4275.81777777778,305.0,105.42
HAM,4306.233055555557,305.0,105.42
HAM,4319.833055555558,306.0,105.42
HAM,4350.333055555558,305.0,105.42
HAM,4366.999722222224,300.0,105.42
HAM,4390.0219444444465,259.0,105.42
HAM,4410.466388888891,230.0,105.42
HAM,4424.599722222225,212.0,105.42
HAM,4442.199722222224,198.0,105.42
HAM,4450.777500000002,193.0,105.42
HAM,4465.451944444447,188.0,105.42
HAM,4477.58527777778,182.0,105.42
HAM,4491.274166666669,176.0,105.42
HAM,4502.940833333336,175.0,105.42
HAM,4516.707500000002,177.0,105.42
HAM,4539.440833333336,186.0,105.42
HAM,4556.774166666669,195.0,105.42
HAM,4565.529722222224,197.0,105.42
HAM,4580.463055555558,192.0,105.42
HAM,4595.396388888891,192.0,105.42
HAM,4606.229722222225,195.0,105.42
HAM,4617.118611111114,196.0,105.42
HAM,4641.440833333336,199.0,105.42
HAM,4652.88527777778,206.0,105.42
HAM,4674.38527777778,215.0,105.42
HAM,4686.551944444447,219.0,105.42
HAM,4701.423055555558,224.0,105.42
HAM,4719.389722222225,231.0,105.42
HAM,4742.789722222225,234.0,105.42
HAM,4753.278611111114,236.0,105.42
HAM,4775.056388888892,245.0,105.42
HAM,4794.423055555559,249.0,105.42
HAM,4819.323055555558,249.0,105.42
HAM,4836.885555555558,225.0,105.42
HAM,4855.885555555558,190.0,105.42
HAM,4871.085555555558,171.0,105.42
HAM,4890.763333333336,161.0,105.42
HAM,4901.49666666667,161.0,105.42
HAM,4918.60777777778,154.0,105.42
HAM,4932.918888888891,161.0,105.42
HAM,4942.1966666666685,167.0,105.42
HAM,4951.80777777778,173.0,105.42
HAM,4961.8633333333355,181.0,105.42
HAM,4979.10777777778,194.0,105.42
HAM,4990.21888888889,200.0,105.42
HAM,5004.218888888891,210.0,105.42
HAM,5018.552222222224,215.0,105.42
HAM,5043.663333333336,226.0,105.42
HAM,5069.774444444446,235.0,105.42
HAM,5085.641388888891,239.0,105.42
HAM,5099.085833333335,242.0,105.42
HAM,5112.641388888891,244.0,105.42
HAM,5134.596944444446,247.0,105.42
HAM,5151.330277777779,251.0,105.42
HAM,5170.930277777779,252.0,105.42
HAM,5187.863611111114,254.0,105.42
HAM,5213.835555555557,259.0,105.42
HAM,5228.280000000002,260.0,105.42
HAM,5245.813333333335,263.0,105.42
HAM,5266.424444444446,265.0,105.42
HAM,5290.246666666669,268.0,105.42
HAM,5308.313333333335,271.0,105.42
HAM,5320.402222222225,272.0,105.42
HAM,5341.713333333335,274.0,105.42
HAM,5357.046666666669,276.0,105.42
HAM,5375.513333333336,277.0,105.42
HAM,5397.213333333336,279.0,105.42
HAM,5422.280000000002,282.0,105.42
HAM,5441.146666666667,283.0,105.42
HAM,5460.146666666668,285.0,105.42
HAM,5476.035555555557,286.0,105.42
HAM,5498.435555555556,288.0,105.42
HAM,5517.76888888889,290.0,105.42
HAM,5533.935555555557,291.0,105.42
HAM,5556.646666666667,292.0,105.42
HAM,5589.231666666667,294.0,105.42
HAM,5605.620555555555,295.0,105.42
HAM,5641.920555555555,297.0,105.42
HAM,5655.165000000001,298.0,105.42
HAM,5678.420555555556,299.0,105.42
HAM,5711.753888888889,300.0,105.42
HAM,5741.937500000001,301.0,105.42
HAM,5758.715277777779,302.0,105.42
HAM,5772.093055555557,301.0,105.42
HAM,5788.81527777778,301.0,105.42
HAM,5808.948611111113,302.0,105.42
HAM,5832.437500000002,302.0,105.42
HAM,5865.9930555555575,302.0,105.42
HAM,5889.559722222224,303.0,105.42
HAM,5909.693055555557,302.0,105.42
HAM,5929.959722222224,304.0,105.42
HAM,5950.093055555558,302.0,105.42
HAM,5977.02638888889,303.0,105.42
HAM,5993.859722222224,303.0,105.42
HAM,6024.159722222224,303.0,105.42
HAM,6037.670833333335,304.0,105.42
HAM,6057.937500000003,304.0,105.42
HAM,6091.71527777778,304.0,105.42
HAM,6108.604166666669,304.0,105.42
HAM,6122.11527777778,304.0,105.42
HAM,6148.875833333335,302.0,105.42
HAM,6165.542500000002,300.0,105.42
HAM,6178.875833333335,300.0,105.42
HAM,6215.542500000001,300.0,105.42
HAM,6235.475833333336,299.0,105.42
HAM,6252.086944444446,299.0,105.42
HAM,6265.375833333336,299.0,105.42
HAM,6305.592777777781,301.0,105.42
HAM,6345.859444444448,302.0,105.42
HAM,6365.992777777781,302.0,105.42
HAM,6382.659444444448,300.0,105.42
HAM,6405.992777777781,300.0,105.42
HAM,6425.926111111114,299.0,105.42
HAM,6445.859444444446,299.0,105.42
HAM,6468.9594444444465,297.0,105.42
HAM,6498.559444444447,296.0,105.42
HAM,6524.7816666666695,295.0,105.42
HAM,6550.915000000003,294.0,105.42
HAM,6580.915000000003,270.0,105.42
HAM,6600.203888888891,217.0,105.42
HAM,6609.315000000002,205.0,105.42
HAM,6622.4594444444465,169.0,105.42
HAM,6634.903888888891,140.0,105.42
HAM,6643.103888888891,123.0,105.42
HAM,6650.672222222224,114.0,105.42
HAM,6658.916666666669,106.0,105.42
HAM,6665.250000000002,95.0,105.42
HAM,6674.916666666669,87.0,105.42
HAM,6678.783333333336,87.0,105.42
HAM,6684.772222222225,77.0,105.42
HAM,6690.626388888892,75.0,105.42
HAM,6698.226388888892,76.0,105.42
HAM,6703.493055555558,79.0,105.42
HAM,6707.181944444447,83.0,105.42
HAM,6715.181944444447,80.0,105.42
HAM,6718.648611111114,78.0,105.42
HAM,6723.581944444448,74.0,105.42
HAM,6726.826388888892,73.0,105.42
HAM,6731.6263888888925,72.0,105.42
HAM,6735.681944444448,73.0,105.42
HAM,6741.59305555556,76.0,105.42
HAM,6746.926388888894,80.0,105.42
HAM,6751.648611111116,85.0,105.42
HAM,6762.893055555561,92.0,105.42
HAM,6768.615277777783,103.0,105.42
HAM,6773.548611111117,111.0,105.42
HAM,6780.104166666672,118.0,105.42
HAM,6785.748611111117,127.0,105.42
HAM,6793.359722222228,137.0,105.42
HAM,6803.159722222228,147.0,105.42
HAM,6813.626388888894,157.0,105.42
HAM,6826.878888888895,171.0,105.42
HAM,6850.223333333339,191.0,105.42
HAM,6858.845555555561,194.0,105.42
HAM,6874.556666666672,202.0,105.42
HAM,6891.045555555561,212.0,105.42
HAM,6903.2677777777835,220.0,105.42
HAM,6926.231388888894,229.0,105.42
RUS,13.64611111111111,242.0,105.461
RUS,41.535,251.0,105.461
RUS,52.91277777777778,256.0,105.461
RUS,64.33500000000001,257.0,105.461
RUS,84.635,261.0,105.461
RUS,99.46833333333333,267.0,105.461
RUS,114.46833333333333,270.0,105.461
RUS,129.69055555555556,274.0,105.461
RUS,142.04611111111112,278.0,105.461
RUS,160.71277777777777,280.0,105.461
RUS,189.1127777777778,284.0,105.461
RUS,205.05722222222224,287.0,105.461
RUS,268.96305555555557,221.0,105.461
RUS,288.5186111111111,176.0,105.461
RUS,295.6741666666667,161.0,105.461
RUS,302.4741666666667,153.0,105.461
RUS,313.4075,123.0,105.461
RUS,321.0075,114.0,105.461
RUS,332.11861111111114,100.0,105.461
RUS,336.4741666666667,98.0,105.461
RUS,341.52972222222223,91.0,105.461
RUS,349.06166666666667,85.0,105.461
RUS,353.56166666666667,81.0,105.461
RUS,361.7838888888889,74.0,105.461
RUS,365.895,74.0,105.461
RUS,370.695,72.0,105.461
RUS,376.5283333333333,75.0,105.461
RUS,382.9061111111111,82.0,105.461
RUS,396.2394444444445,100.0,105.461
RUS,407.5394444444445,113.0,105.461
RUS,420.83944444444444,133.0,105.461
RUS,434.0838888888889,149.0,105.461
RUS,451.1311111111112,170.0,105.461
RUS,461.0755555555556,179.0,105.461
RUS,471.5200000000001,188.0,105.461
RUS,482.40888888888895,196.0,105.461
RUS,493.5200000000001,200.0,105.461
RUS,509.9311111111112,211.0,105.461
RUS,519.6200000000001,218.0,105.461
RUS,545.0644444444446,229.0,105.461
RUS,557.9533333333334,232.0,105.461
RUS,576.7755555555556,242.0,105.461
RUS,596.1422222222224,249.0,105.461
RUS,618.897777777778,256.0,105.461
RUS,648.1200000000001,263.0,105.461
RUS,659.7800000000002,264.0,105.461
RUS,677.7133333333336,269.0,105.461
RUS,701.9800000000002,273.0,105.461
RUS,729.6800000000002,277.0,105.461
RUS,745.2911111111113,281.0,105.461
RUS,770.7133333333335,286.0,105.461
RUS,796.4022222222223,289.0,105.461
RUS,825.6022222222223,292.0,105.461
RUS,838.668888888889,294.0,105.461
RUS,865.068888888889,297.0,105.461
RUS,881.6244444444446,298.0,105.461
RUS,898.2355555555557,299.0,105.461
RUS,931.8750000000003,302.0,105.461
RUS,962.3750000000003,305.0,105.461
RUS,979.3750000000002,306.0,105.461
RUS,996.4305555555558,307.0,105.461
RUS,1013.4861111111113,307.0,105.461
RUS,1027.1750000000002,308.0,105.461
RUS,1050.9750000000004,306.0,105.461
RUS,1071.4416666666668,307.0,105.461
RUS,1088.330555555556,304.0,105.461
RUS,1108.5305555555558,303.0,105.461
RUS,1125.252777777778,301.0,105.461
RUS,1158.4750000000004,299.0,105.461
RUS,1178.341666666667,298.0,105.461
RUS,1208.0588888888892,298.0,105.461
RUS,1221.3033333333337,298.0,105.461
RUS,1244.6366666666668,300.0,105.461
RUS,1257.97,300.0,105.461
RUS,1281.3811111111113,301.0,105.461
RUS,1308.1366666666668,301.0,105.461
RUS,1321.5144444444445,301.0,105.461
RUS,1351.8144444444445,303.0,105.461
RUS,1385.592222222222,304.0,105.461
RUS,1405.9255555555555,305.0,105.461
RUS,1422.9255555555555,306.0,105.461
RUS,1450.2144444444446,307.0,105.461
RUS,1467.3255555555556,308.0,105.461
RUS,1487.9444444444446,308.0,105.461
RUS,1511.977777777778,309.0,105.461
RUS,1543.077777777778,311.0,105.461
RUS,1567.344444444445,312.0,105.461
RUS,1591.6111111111113,312.0,105.461
RUS,1609.055555555556,314.0,105.461
RUS,1630.0555555555559,315.0,105.461
RUS,1644.0555555555559,315.0,105.461
RUS,1675.755555555556,317.0,105.461
RUS,1689.8888888888894,318.0,105.461
RUS,1711.0888888888896,318.0,105.461
RUS,1725.3111111111116,320.0,105.461
RUS,1753.844444444445,321.0,105.461
RUS,1786.0547222222228,323.0,105.461
RUS,1811.2547222222229,324.0,105.461
RUS,1832.8547222222228,324.0,105.461
RUS,1861.7436111111117,325.0,105.461
RUS,1897.9658333333339,326.0,105.461
RUS,1919.6991666666675,326.0,105.461
RUS,1937.865833333334,327.0,105.461
RUS,1952.3991666666673,327.0,105.461
RUS,1970.6213888888894,328.0,105.461
RUS,1992.4880555555562,328.0,105.461
RUS,2021.7325000000003,329.0,105.461
RUS,2051.0658333333336,330.0,105.461
RUS,2073.1575000000007,330.0,105.461
RUS,2098.979722222223,332.0,105.461
RUS,2128.4908333333337,332.0,105.461
RUS,2172.7575000000006,332.0,105.461
RUS,2187.557500000001,333.0,105.461
RUS,2202.3130555555563,332.0,105.461
RUS,2231.824166666667,332.0,105.461
RUS,2246.5797222222227,332.0,105.461
RUS,2276.001944444445,331.0,105.461
RUS,2292.1686111111117,291.0,105.461
RUS,2313.9463888888895,245.0,105.461
RUS,2332.879722222223,213.0,105.461
RUS,2345.7463888888897,193.0,105.461
RUS,2366.8427777777783,173.0,105.461
RUS,2377.5761111111115,161.0,105.461
RUS,2386.2427777777784,156.0,105.461
RUS,2396.309444444445,151.0,105.461
RUS,2409.2872222222227,146.0,105.461
RUS,2419.2205555555556,149.0,105.461
RUS,2431.5094444444444,158.0,105.461
RUS,2443.9538888888887,160.0,105.461
RUS,2457.8205555555555,156.0,105.461
RUS,2475.153888888889,156.0,105.461
RUS,2495.488888888889,166.0,105.461
RUS,2510.9555555555557,174.0,105.461
RUS,2521.011111111111,181.0,105.461
RUS,2533.3444444444444,185.0,105.461
RUS,2548.4333333333334,194.0,105.461
RUS,2557.233333333333,198.0,105.461
RUS,2566.0777777777776,199.0,105.461
RUS,2577.1888888888884,200.0,105.461
RUS,2595.055555555555,201.0,105.461
RUS,2608.522222222222,202.0,105.461
RUS,2624.5444444444443,206.0,105.461
RUS,2638.677777777778,212.0,105.461
RUS,2660.277777777778,216.0,105.461
RUS,2670.144444444444,222.0,105.461
RUS,2685.2111111111108,226.0,105.461
RUS,2700.546944444444,231.0,105.461
RUS,2713.7691666666665,238.0,105.461
RUS,2732.824722222222,245.0,105.461
RUS,2746.658055555555,249.0,105.461
RUS,2757.8580555555554,252.0,105.461
RUS,2769.146944444444,254.0,105.461
RUS,2789.291388888889,259.0,105.461
RUS,2806.824722222222,263.0,105.461
RUS,2818.646944444444,266.0,105.461
RUS,2833.424722222222,266.0,105.461
RUS,2857.424722222222,270.0,105.461
RUS,2869.3802777777773,269.0,105.461
RUS,2895.6680555555554,236.0,105.461
RUS,2915.4680555555556,198.0,105.461
RUS,2929.390277777778,179.0,105.461
RUS,2944.3236111111114,168.0,105.461
RUS,2956.690277777778,159.0,105.461
RUS,2968.4347222222227,151.0,105.461
RUS,2978.2347222222224,147.0,105.461
RUS,2987.568055555556,140.0,105.461
RUS,2997.9902777777784,134.0,105.461
RUS,3003.8569444444447,132.0,105.461
RUS,3009.5458333333336,128.0,105.461
RUS,3020.479166666667,123.0,105.461
RUS,3025.7680555555557,119.0,105.461
RUS,3032.6013888888892,123.0,105.461
RUS,3042.479166666667,127.0,105.461
RUS,3048.479166666667,135.0,105.461
RUS,3066.405,147.0,105.461
RUS,3073.2050000000004,153.0,105.461
RUS,3084.005,162.0,105.461
RUS,3093.449444444445,170.0,105.461
RUS,3105.582777777778,182.0,105.461
RUS,3132.2494444444446,200.0,105.461
RUS,3145.982777777778,206.0,105.461
RUS,3157.7050000000004,211.0,105.461
RUS,3169.649444444445,215.0,105.461
RUS,3184.249444444445,219.0,105.461
RUS,3201.5777777777785,222.0,105.461
RUS,3218.0666666666675,212.0,105.461
RUS,3236.3777777777786,206.0,105.461
RUS,3251.8555555555563,199.0,105.461
RUS,3263.1333333333337,203.0,105.461
RUS,3272.333333333334,207.0,105.461
RUS,3288.8222222222225,212.0,105.461
RUS,3305.5444444444447,215.0,105.461
RUS,3325.8111111111116,228.0,105.461
RUS,3341.4777777777786,235.0,105.461
RUS,3354.8666666666677,241.0,105.461
RUS,3379.3666666666677,245.0,105.461
RUS,3398.88888888889,251.0,105.461
RUS,3410.3555555555563,258.0,105.461
RUS,3433.733333333334,263.0,105.461
RUS,3451.533333333334,267.0,105.461
RUS,3472.535833333334,271.0,105.461
RUS,3497.158055555556,277.0,105.461
RUS,3519.013611111112,281.0,105.461
RUS,3544.3469444444454,285.0,105.461
RUS,3563.5469444444457,288.0,105.461
RUS,3589.4136111111125,291.0,105.461
RUS,3615.5469444444457,294.0,105.461
RUS,3635.280277777779,296.0,105.461
RUS,3658.5408333333344,298.0,105.461
RUS,3688.440833333335,299.0,105.461
RUS,3705.2186111111123,302.0,105.461
RUS,3721.8852777777793,300.0,105.461
RUS,3738.4408333333345,298.0,105.461
RUS,3777.2408333333346,291.0,105.461
RUS,3806.1408333333347,289.0,105.461
RUS,3841.2186111111123,287.0,105.461
RUS,3853.974166666668,287.0,105.461
RUS,3873.107500000001,287.0,105.461
RUS,3892.374166666668,289.0,105.461
RUS,3905.2186111111128,289.0,105.461
RUS,3944.0186111111125,291.0,105.461
RUS,3956.9519444444463,291.0,105.461
RUS,3976.351944444446,291.0,105.461
RUS,4005.5705555555573,293.0,105.461
RUS,4018.5927777777792,293.0,105.461
RUS,4047.99277777778,294.0,105.461
RUS,4064.4372222222237,296.0,105.461
RUS,4090.748333333335,296.0,105.461
RUS,4117.237222222224,298.0,105.461
RUS,4137.170555555557,299.0,105.461
RUS,4163.926111111113,301.0,105.461
RUS,4177.392777777779,303.0,105.461
RUS,4201.121666666668,304.0,105.461
RUS,4221.455000000002,305.0,105.461
RUS,4245.177222222224,305.0,105.461
RUS,4265.6438888888915,307.0,105.461
RUS,4289.521666666669,307.0,105.461
RUS,4326.921666666669,306.0,105.461
RUS,4352.077222222225,283.0,105.461
RUS,4364.121666666669,271.0,105.461
RUS,4383.099444444447,244.0,105.461
RUS,4400.599444444447,225.0,105.461
RUS,4412.4883333333355,214.0,105.461
RUS,4423.9883333333355,207.0,105.461
RUS,4447.210555555557,190.0,105.461
RUS,4457.210555555557,180.0,105.461
RUS,4473.810555555558,166.0,105.461
RUS,4482.977222222224,165.0,105.461
RUS,4494.130555555557,168.0,105.461
RUS,4507.4305555555575,171.0,105.461
RUS,4525.330555555557,179.0,105.461
RUS,4533.552777777779,185.0,105.461
RUS,4550.886111111113,195.0,105.461
RUS,4566.286111111112,198.0,105.461
RUS,4585.886111111113,196.0,105.461
RUS,4601.02888888889,194.0,105.461
RUS,4620.52888888889,195.0,105.461
RUS,4638.840000000001,206.0,105.461
RUS,4664.751111111112,212.0,105.461
RUS,4679.351111111111,219.0,105.461
RUS,4704.684444444445,228.0,105.461
RUS,4725.573333333334,235.0,105.461
RUS,4738.740000000001,237.0,105.461
RUS,4752.184444444445,242.0,105.461
RUS,4765.740000000001,244.0,105.461
RUS,4787.7844444444445,248.0,105.461
RUS,4801.617777777778,249.0,105.461
RUS,4817.751111111112,242.0,105.461
RUS,4831.284444444445,203.0,105.461
RUS,4851.506666666667,182.0,105.461
RUS,4869.840000000001,165.0,105.461
RUS,4880.6613888888905,163.0,105.461
RUS,4889.494722222224,159.0,105.461
RUS,4898.272500000001,158.0,105.461
RUS,4912.405833333334,159.0,105.461
RUS,4923.472500000001,166.0,105.461
RUS,4937.0058333333345,174.0,105.461
RUS,4949.405833333334,186.0,105.461
RUS,4969.160555555557,197.0,105.461
RUS,4980.271666666668,200.0,105.461
RUS,4994.471666666668,213.0,105.461
RUS,5011.738333333335,222.0,105.461
RUS,5032.09388888889,229.0,105.461
RUS,5047.7605555555565,235.0,105.461
RUS,5058.338333333334,238.0,105.461
RUS,5077.316111111112,244.0,105.461
RUS,5090.982777777779,246.0,105.461
RUS,5107.516111111112,248.0,105.461
RUS,5126.960555555556,250.0,105.461
RUS,5149.360555555557,252.0,105.461
RUS,5166.49388888889,257.0,105.461
RUS,5183.69388888889,258.0,105.461
RUS,5198.138333333334,260.0,105.461
RUS,5218.5938888888895,263.0,105.461
RUS,5236.19388888889,264.0,105.461
RUS,5250.860555555556,264.0,105.461
RUS,5271.860555555556,270.0,105.461
RUS,5302.118055555556,273.0,105.461
RUS,5317.395833333334,275.0,105.461
RUS,5351.373611111111,278.0,105.461
RUS,5363.729166666666,278.0,105.461
RUS,5385.584722222222,281.0,105.461
RUS,5417.140277777778,284.0,105.461
RUS,5445.92,287.0,105.461
RUS,5461.919999999999,288.0,105.461
RUS,5474.764444444444,289.0,105.461
RUS,5490.93111111111,291.0,105.461
RUS,5510.331111111111,291.0,105.461
RUS,5533.12,293.0,105.461
RUS,5565.786666666666,294.0,105.461
RUS,5588.886666666666,297.0,105.461
RUS,5608.686666666667,297.0,105.461
RUS,5628.686666666667,300.0,105.461
RUS,5648.62,299.0,105.461
RUS,5675.286666666667,300.0,105.461
RUS,5692.064444444445,302.0,105.461
RUS,5722.364444444445,303.0,105.461
RUS,5735.831111111112,303.0,105.461
RUS,5756.031111111111,303.0,105.461
RUS,5789.80888888889,304.0,105.461
RUS,5806.697777777778,304.0,105.461
RUS,5820.208888888889,304.0,105.461
RUS,5847.235277777779,305.0,105.461
RUS,5864.124166666667,304.0,105.461
RUS,5877.679722222223,305.0,105.461
RUS,5914.835277777778,304.0,105.461
RUS,5935.168611111111,305.0,105.461
RUS,5952.113055555556,305.0,105.461
RUS,5965.668611111111,305.0,105.461
RUS,6006.553611111112,306.0,105.461
RUS,6047.486944444445,307.0,105.461
RUS,6067.953611111112,307.0,105.461
RUS,6084.953611111112,306.0,105.461
RUS,6108.675833333335,305.0,105.461
RUS,6128.875833333334,303.0,105.461
RUS,6149.009166666668,302.0,105.461
RUS,6172.420277777779,301.0,105.461
RUS,6202.420277777779,300.0,105.461
RUS,6229.086944444446,300.0,105.461
RUS,6255.753611111112,300.0,105.461
RUS,6289.309166666668,302.0,105.461
RUS,6316.153611111112,302.0,105.461
RUS,6329.575833333333,302.0,105.461
RUS,6353.064722222222,302.0,105.461
RUS,6379.909166666667,302.0,105.461
RUS,6400.0425000000005,302.0,105.461
RUS,6420.091944444445,302.0,105.461
RUS,6443.580833333334,302.0,105.461
RUS,6463.780833333334,303.0,105.461
RUS,6497.33638888889,302.0,105.461
RUS,6510.714166666668,301.0,105.461
RUS,6533.969722222223,299.0,105.461
RUS,6556.761944444445,292.0,105.461
RUS,6581.161944444445,244.0,105.461
RUS,6594.761944444444,204.0,105.461
RUS,6603.2508333333335,191.0,105.461
RUS,6619.350833333334,161.0,105.461
RUS,6625.306388888889,134.0,105.461
RUS,6633.50638888889,123.0,105.461
RUS,6638.973055555556,123.0,105.461
RUS,6646.573055555556,114.0,105.461
RUS,6652.406388888889,105.0,105.461
RUS,6659.7175,94.0,105.461
RUS,6665.784166666666,91.0,105.461
RUS,6670.561944444444,86.0,105.461
RUS,6679.606388888888,74.0,105.461
RUS,6683.550833333333,71.0,105.461
RUS,6686.706388888889,71.0,105.461
RUS,6690.706388888889,72.0,105.461
RUS,6694.039722222223,75.0,105.461
RUS,6698.706388888889,84.0,105.461
RUS,6704.506388888889,87.0,105.461
RUS,6710.039722222222,83.0,105.461
RUS,6716.007222222222,77.0,105.461
RUS,6724.6849999999995,71.0,105.461
RUS,6727.840555555555,71.0,105.461
RUS,6733.59611111111,74.0,105.461
RUS,6739.740555555554,79.0,105.461
RUS,6744.40722222222,84.0,105.461
RUS,6753.93361111111,95.0,105.461
RUS,6761.000277777776,106.0,105.461
RUS,6772.900277777776,119.0,105.461
RUS,6780.289166666665,133.0,105.461
RUS,6793.000277777776,143.0,105.461
RUS,6807.04472222222,158.0,105.461
RUS,6818.84472222222,177.0,105.461
RUS,6839.733611111109,188.0,105.461
RUS,6850.622499999998,196.0,105.461
RUS,6861.900277777776,203.0,105.461
RUS,6873.566944444443,210.0,105.461
RUS,6883.166944444442,216.0,105.461
RUS,6900.433611111109,222.0,105.461
RUS,6913.100277777776,228.0,105.461
ALB,11.07,246.0,105.672
ALB,33.55888888888889,253.0,105.672
ALB,53.54777777777778,257.0,105.672
ALB,73.92555555555556,262.0,105.672
ALB,101.02555555555554,271.0,105.672
ALB,122.41444444444443,275.0,105.672
ALB,134.76999999999998,278.0,105.672
ALB,162.96999999999997,282.0,105.672
ALB,175.68111111111108,286.0,105.672
ALB,188.4366666666666,287.0,105.672
ALB,210.99222222222218,290.0,105.672
ALB,243.54777777777772,293.0,105.672
ALB,262.0144444444444,277.0,105.672
ALB,279.74777777777774,228.0,105.672
ALB,294.36999999999995,188.0,105.672
ALB,306.65888888888884,158.0,105.672
ALB,313.2366666666666,148.0,105.672
ALB,320.6811111111111,134.0,105.672
ALB,328.3477777777777,115.0,105.672
ALB,333.2366666666666,110.0,105.672
ALB,338.95888888888885,103.0,105.672
ALB,346.4522222222222,96.0,105.672
ALB,352.51888888888885,91.0,105.672
ALB,357.40777777777777,88.0,105.672
ALB,363.07444444444445,85.0,105.672
ALB,369.19694444444445,79.0,105.672
ALB,376.1302777777778,78.0,105.672
ALB,379.4636111111111,75.0,105.672
ALB,387.06361111111113,76.0,105.672
ALB,390.57472222222225,79.0,105.672
ALB,395.1858333333334,83.0,105.672
ALB,401.11916666666673,89.0,105.672
ALB,405.34138888888896,95.0,105.672
ALB,414.6747222222223,105.0,105.672
ALB,419.74138888888893,114.0,105.672
ALB,427.6747222222223,119.0,105.672
ALB,442.17472222222233,145.0,105.672
ALB,450.50805555555564,150.0,105.672
ALB,470.0636111111112,176.0,105.672
ALB,488.96361111111116,189.0,105.672
ALB,499.9636111111111,198.0,105.672
ALB,511.4080555555556,206.0,105.672
ALB,520.8747222222223,213.0,105.672
ALB,533.041388888889,219.0,105.672
ALB,545.5969444444446,226.0,105.672
ALB,555.7747222222224,229.0,105.672
ALB,577.1080555555557,240.0,105.672
ALB,590.7191666666669,245.0,105.672
ALB,667.926666666667,267.0,105.672
ALB,689.0822222222225,272.0,105.672
ALB,701.2280555555559,275.0,105.672
ALB,719.7613888888891,278.0,105.672
ALB,738.4947222222224,281.0,105.672
ALB,767.2947222222225,288.0,105.672
ALB,806.4947222222224,294.0,105.672
ALB,822.8836111111115,295.0,105.672
ALB,849.4613888888892,299.0,105.672
ALB,869.5280555555557,301.0,105.672
ALB,882.950277777778,302.0,105.672
ALB,913.4502777777781,305.0,105.672
ALB,940.8280555555557,308.0,105.672
ALB,954.561388888889,309.0,105.672
ALB,985.661388888889,311.0,105.672
ALB,1013.4836111111111,313.0,105.672
ALB,1037.8280555555557,313.0,105.672
ALB,1076.2058333333337,314.0,105.672
ALB,1107.2058333333337,310.0,105.672
ALB,1124.3725000000002,309.0,105.672
ALB,1158.4575000000002,306.0,105.672
ALB,1198.9908333333335,304.0,105.672
ALB,1212.4575000000002,303.0,105.672
ALB,1239.5686111111113,305.0,105.672
ALB,1256.5130555555556,305.0,105.672
ALB,1269.9397222222221,304.0,105.672
ALB,1293.8175,307.0,105.672
ALB,1321.1063888888891,307.0,105.672
ALB,1334.795277777778,308.0,105.672
ALB,1355.395277777778,309.0,105.672
ALB,1372.6175000000003,310.0,105.672
ALB,1393.3508333333334,311.0,105.672
ALB,1417.6175000000003,312.0,105.672
ALB,1438.4175000000002,312.0,105.672
ALB,1466.2397222222226,313.0,105.672
ALB,1490.6619444444448,314.0,105.672
ALB,1511.595277777778,314.0,105.672
ALB,1546.7063888888893,316.0,105.672
ALB,1567.8397222222225,317.0,105.672
ALB,1603.1730555555557,318.0,105.672
ALB,1617.3508333333334,319.0,105.672
ALB,1635.1286111111115,320.0,105.672
ALB,1660.095277777778,321.0,105.672
ALB,1674.3619444444446,321.0,105.672
ALB,1695.8952777777781,323.0,105.672
ALB,1721.185277777778,324.0,105.672
ALB,1742.8519444444446,325.0,105.672
ALB,1757.3408333333334,326.0,105.672
ALB,1782.696388888889,326.0,105.672
ALB,1811.8519444444446,328.0,105.672
ALB,1830.0741666666668,328.0,105.672
ALB,1852.0075000000004,329.0,105.672
ALB,1877.5825000000004,330.0,105.672
ALB,1907.0047222222227,331.0,105.672
ALB,1925.3936111111116,331.0,105.672
ALB,1965.9713888888891,332.0,105.672
ALB,1988.1713888888894,333.0,105.672
ALB,2021.4713888888894,333.0,105.672
ALB,2047.3713888888894,333.0,105.672
ALB,2062.1713888888894,333.0,105.672
ALB,2080.6713888888894,333.0,105.672
ALB,2102.871388888889,333.0,105.672
ALB,2136.2713888888893,334.0,105.672
ALB,2151.0713888888895,333.0,105.672
ALB,2165.8713888888897,333.0,105.672
ALB,2195.5602777777785,334.0,105.672
ALB,2210.404722222223,334.0,105.672
ALB,2258.7936111111117,335.0,105.672
ALB,2286.7047222222227,314.0,105.672
ALB,2299.149166666667,280.0,105.672
ALB,2320.0141666666673,234.0,105.672
ALB,2329.569722222223,215.0,105.672
ALB,2338.7252777777785,206.0,105.672
ALB,2355.169722222223,185.0,105.672
ALB,2369.9252777777783,166.0,105.672
ALB,2377.169722222223,163.0,105.672
ALB,2387.5697222222225,156.0,105.672
ALB,2395.8613888888895,150.0,105.672
ALB,2404.028055555556,147.0,105.672
ALB,2415.3836111111113,146.0,105.672
ALB,2421.9169444444447,147.0,105.672
ALB,2430.4169444444447,153.0,105.672
ALB,2437.616944444445,162.0,105.672
ALB,2450.4502777777784,165.0,105.672
ALB,2459.4502777777784,162.0,105.672
ALB,2470.0502777777783,159.0,105.672
ALB,2482.1836111111115,156.0,105.672
ALB,2492.716944444445,158.0,105.672
ALB,2503.4502777777784,161.0,105.672
ALB,2510.7391666666676,164.0,105.672
ALB,2526.2058333333343,174.0,105.672
ALB,2544.905833333334,187.0,105.672
ALB,2560.1502777777787,196.0,105.672
ALB,2586.5502777777783,198.0,105.672
ALB,2601.8725000000004,197.0,105.672
ALB,2612.7058333333334,195.0,105.672
ALB,2627.926666666667,195.0,105.672
ALB,2638.9266666666667,198.0,105.672
ALB,2652.26,200.0,105.672
ALB,2675.4822222222224,209.0,105.672
ALB,2692.36,217.0,105.672
ALB,2702.2266666666665,222.0,105.672
ALB,2714.8933333333334,228.0,105.672
ALB,2730.4933333333333,234.0,105.672
ALB,2743.7047222222222,239.0,105.672
ALB,2762.8380555555555,246.0,105.672
ALB,2791.1713888888885,255.0,105.672
ALB,2814.3713888888883,261.0,105.672
ALB,2835.138055555555,267.0,105.672
ALB,2850.1380555555547,270.0,105.672
ALB,2883.626944444444,274.0,105.672
ALB,2904.5158333333325,235.0,105.672
ALB,2921.082499999999,213.0,105.672
ALB,2929.7491666666656,195.0,105.672
ALB,2939.8047222222212,181.0,105.672
ALB,2954.6491666666657,167.0,105.672
ALB,2965.0491666666653,156.0,105.672
ALB,2974.9824999999987,149.0,105.672
ALB,2984.7158333333323,146.0,105.672
ALB,2992.4380555555545,139.0,105.672
ALB,3002.9380555555545,135.0,105.672
ALB,3017.0844444444433,127.0,105.672
ALB,3025.284444444443,123.0,105.672
ALB,3030.7066666666656,122.0,105.672
ALB,3042.8066666666655,121.0,105.672
ALB,3049.8066666666655,126.0,105.672
ALB,3058.5399999999986,131.0,105.672
ALB,3067.8066666666655,139.0,105.672
ALB,3077.4733333333324,145.0,105.672
ALB,3089.4858333333323,155.0,105.672
ALB,3098.4302777777766,161.0,105.672
ALB,3109.56361111111,167.0,105.672
ALB,3127.86361111111,183.0,105.672
ALB,3145.1969444444435,195.0,105.672
ALB,3163.5080555555546,206.0,105.672
ALB,3185.308055555555,218.0,105.672
ALB,3197.252499999999,215.0,105.672
ALB,3222.0636111111107,203.0,105.672
ALB,3235.3969444444438,200.0,105.672
ALB,3244.285833333333,200.0,105.672
ALB,3264.185833333333,199.0,105.672
ALB,3273.0747222222217,200.0,105.672
ALB,3291.5636111111107,208.0,105.672
ALB,3308.0525,212.0,105.672
ALB,3332.6080555555554,221.0,105.672
ALB,3345.393888888889,229.0,105.672
ALB,3369.193888888889,238.0,105.672
ALB,3382.8050000000003,245.0,105.672
ALB,3408.2050000000004,254.0,105.672
ALB,3422.5938888888895,259.0,105.672
ALB,3443.0494444444453,263.0,105.672
ALB,3460.9161111111116,268.0,105.672
ALB,3476.027222222223,272.0,105.672
ALB,3503.5505555555565,276.0,105.672
ALB,3528.617222222223,282.0,105.672
ALB,3544.450555555556,285.0,105.672
ALB,3566.7727777777786,287.0,105.672
ALB,3582.8283333333343,289.0,105.672
ALB,3605.539444444445,292.0,105.672
ALB,3621.8727777777785,294.0,105.672
ALB,3654.8727777777785,297.0,105.672
ALB,3671.48388888889,299.0,105.672
ALB,3691.5505555555565,301.0,105.672
ALB,3721.350555555556,298.0,105.672
ALB,3744.061666666667,292.0,105.672
ALB,3756.906111111112,289.0,105.672
ALB,3772.6838888888897,284.0,105.672
ALB,3794.5394444444446,281.0,105.672
ALB,3816.0838888888893,277.0,105.672
ALB,3834.2838888888896,273.0,105.672
ALB,3858.6263888888893,273.0,105.672
ALB,3892.2375000000006,275.0,105.672
ALB,3907.515277777778,275.0,105.672
ALB,3919.8263888888896,277.0,105.672
ALB,3947.8263888888896,280.0,105.672
ALB,3960.3597222222224,282.0,105.672
ALB,3988.8597222222224,285.0,105.672
ALB,4017.5597222222223,287.0,105.672
ALB,4030.3238888888886,289.0,105.672
ALB,4049.657222222222,290.0,105.672
ALB,4069.1905555555554,293.0,105.672
ALB,4092.057222222222,294.0,105.672
ALB,4121.657222222222,296.0,105.672
ALB,4134.901666666667,298.0,105.672
ALB,4158.157222222222,299.0,105.672
ALB,4191.712777777778,302.0,105.672
ALB,4215.357222222222,304.0,105.672
ALB,4246.057222222222,307.0,105.672
ALB,4276.857222222222,308.0,105.672
ALB,4304.412777777778,310.0,105.672
ALB,4318.235000000001,311.0,105.672
ALB,4346.057222222223,313.0,105.672
ALB,4369.612777777777,265.0,105.672
ALB,4380.9275,253.0,105.672
ALB,4391.283055555556,233.0,105.672
ALB,4405.883055555555,219.0,105.672
ALB,4417.438611111111,208.0,105.672
ALB,4430.505277777777,196.0,105.672
ALB,4454.771944444444,182.0,105.672
ALB,4475.671944444443,171.0,105.672
ALB,4485.060833333332,169.0,105.672
ALB,4504.060833333332,171.0,105.672
ALB,4513.623888888887,173.0,105.672
ALB,4521.401666666666,175.0,105.672
ALB,4535.557222222222,182.0,105.672
ALB,4550.412777777778,191.0,105.672
ALB,4567.834999999999,196.0,105.672
ALB,4576.590555555555,197.0,105.672
ALB,4598.14611111111,194.0,105.672
ALB,4610.9461111111095,192.0,105.672
ALB,4636.146111111109,189.0,105.672
ALB,4648.946111111109,192.0,105.672
ALB,4662.079444444443,197.0,105.672
ALB,4680.212777777776,204.0,105.672
ALB,4699.146111111109,213.0,105.672
ALB,4716.334999999998,221.0,105.672
ALB,4726.334999999998,225.0,105.672
ALB,4744.20972222222,229.0,105.672
ALB,4768.30972222222,241.0,105.672
ALB,4790.265277777777,247.0,105.672
ALB,4801.331944444443,249.0,105.672
ALB,4816.59861111111,229.0,105.672
ALB,4826.243055555555,217.0,105.672
ALB,4848.487499999999,182.0,105.672
ALB,4856.443055555555,179.0,105.672
ALB,4864.087499999999,172.0,105.672
ALB,4877.076388888888,167.0,105.672
ALB,4889.476388888888,160.0,105.672
ALB,4901.531944444443,155.0,105.672
ALB,4913.120833333332,149.0,105.672
ALB,4921.50972222222,151.0,105.672
ALB,4933.565277777776,155.0,105.672
ALB,4940.676388888887,160.0,105.672
ALB,4949.89861111111,166.0,105.672
ALB,4959.6208333333325,175.0,105.672
ALB,4974.243055555555,188.0,105.672
ALB,4998.931944444444,202.0,105.672
ALB,5020.531944444444,216.0,105.672
ALB,5030.265277777778,219.0,105.672
ALB,5050.709722222223,230.0,105.672
ALB,5077.043055555556,237.0,105.672
ALB,5095.854444444445,241.0,105.672
ALB,5114.676666666667,242.0,105.672
ALB,5136.543333333333,246.0,105.672
ALB,5150.543333333333,252.0,105.672
ALB,5175.943333333333,254.0,105.672
ALB,5193.01,256.0,105.672
ALB,5218.81,258.0,105.672
ALB,5233.4766666666665,264.0,105.672
ALB,5254.321111111111,268.0,105.672
ALB,5281.321111111111,270.0,105.672
ALB,5293.334444444446,272.0,105.672
ALB,5311.667777777779,275.0,105.672
ALB,5327.001111111113,276.0,105.672
ALB,5339.445555555557,280.0,105.672
ALB,5355.112222222224,282.0,105.672
ALB,5377.278888888891,285.0,105.672
ALB,5389.945555555557,285.0,105.672
ALB,5409.212222222224,289.0,105.672
ALB,5444.901111111113,292.0,105.672
ALB,5457.96777777778,294.0,105.672
ALB,5484.278888888892,296.0,105.672
ALB,5504.145555555558,298.0,105.672
ALB,5534.045555555557,299.0,105.672
ALB,5547.423333333335,301.0,105.672
ALB,5584.334444444446,302.0,105.672
ALB,5601.251944444446,303.0,105.672
ALB,5621.5186111111125,304.0,105.672
ALB,5641.851944444446,305.0,105.672
ALB,5665.729722222223,307.0,105.672
ALB,5689.607500000001,307.0,105.672
ALB,5703.296388888891,308.0,105.672
ALB,5723.89638888889,309.0,105.672
ALB,5744.563055555556,310.0,105.672
ALB,5772.207500000001,311.0,105.672
ALB,5799.8519444444455,311.0,105.672
ALB,5820.58527777778,311.0,105.672
ALB,5844.774166666669,311.0,105.672
ALB,5865.421111111113,311.0,105.672
ALB,5889.687777777779,312.0,105.672
ALB,5903.510000000001,311.0,105.672
ALB,5927.69888888889,311.0,105.672
ALB,5945.032222222224,312.0,105.672
ALB,5962.310000000002,311.0,105.672
ALB,5979.643333333336,312.0,105.672
ALB,5993.554444444447,313.0,105.672
ALB,6028.332222222225,313.0,105.672
ALB,6056.243333333336,314.0,105.672
ALB,6073.68777777778,314.0,105.672
ALB,6091.076666666669,313.0,105.672
ALB,6105.032222222224,314.0,105.672
ALB,6146.498888888891,311.0,105.672
ALB,6163.721111111112,310.0,105.672
ALB,6187.840277777779,309.0,105.672
ALB,6205.006944444446,309.0,105.672
ALB,6225.606944444446,309.0,105.672
ALB,6239.2958333333345,308.0,105.672
ALB,6266.762500000002,309.0,105.672
ALB,6280.540277777779,310.0,105.672
ALB,6315.206944444446,312.0,105.672
ALB,6342.940277777779,312.0,105.672
ALB,6363.806944444446,313.0,105.672
ALB,6395.1069444444465,313.0,105.672
ALB,6412.495833333334,313.0,105.672
ALB,6426.362500000002,312.0,105.672
ALB,6447.075833333334,312.0,105.672
ALB,6460.942500000002,312.0,105.672
ALB,6488.498055555557,310.0,105.672
ALB,6515.964722222224,309.0,105.672
ALB,6543.342500000001,308.0,105.672
ALB,6557.0313888888895,308.0,105.672
ALB,6584.142500000001,244.0,105.672
ALB,6598.342500000001,213.0,105.672
ALB,6610.342500000001,180.0,105.672
ALB,6622.342500000001,180.0,105.672
ALB,6631.8758333333335,143.0,105.672
ALB,6641.4425,123.0,105.672
ALB,6647.831388888889,115.0,105.672
ALB,6654.793611111111,104.0,105.672
ALB,6662.493611111111,99.0,105.672
ALB,6672.3825,89.0,105.672
ALB,6676.160277777777,85.0,105.672
ALB,6680.604722222221,80.0,105.672
ALB,6684.7713888888875,75.0,105.672
ALB,6691.2602777777765,73.0,105.672
ALB,6697.171388888888,76.0,105.672
ALB,6704.726944444444,85.0,105.672
ALB,6713.615833333332,80.0,105.672
ALB,6718.749166666666,77.0,105.672
ALB,6723.749166666666,75.0,105.672
ALB,6726.884999999998,71.0,105.672
ALB,6733.884999999998,70.0,105.672
ALB,6739.40722222222,71.0,105.672
ALB,6746.251666666665,77.0,105.672
ALB,6750.751666666665,81.0,105.672
ALB,6756.751666666665,90.0,105.672
ALB,6764.29611111111,97.0,105.672
ALB,6768.962777777777,105.0,105.672
ALB,6775.240555555555,113.0,105.672
ALB,6791.007222222222,129.0,105.672
ALB,6798.507222222222,135.0,105.672
ALB,6806.451666666666,143.0,105.672
ALB,6829.251666666666,171.0,105.672
ALB,6848.103888888889,188.0,105.672
ALB,6861.170555555555,196.0,105.672
ALB,6879.215,203.0,105.672
ALB,6896.015,216.0,105.672
ALB,6908.348333333333,222.0,105.672
ALB,6921.015,228.0,105.672
NOR,8.925,238.0,105.603
NOR,19.81388888888889,245.0,105.603
NOR,36.483055555555566,249.0,105.603
NOR,68.13861111111112,259.0,105.603
NOR,85.60527777777779,262.0,105.603
NOR,100.27194444444444,264.0,105.603
NOR,112.15277777777777,269.0,105.603
NOR,142.59722222222223,274.0,105.603
NOR,161.13055555555553,278.0,105.603
NOR,176.74166666666665,281.0,105.603
NOR,189.27499999999998,282.0,105.603
NOR,211.44166666666663,285.0,105.603
NOR,236.86388888888885,286.0,105.603
NOR,252.86388888888888,288.0,105.603
NOR,265.35277777777776,281.0,105.603
NOR,282.85277777777776,225.0,105.603
NOR,299.56388888888887,188.0,105.603
NOR,314.8638888888889,153.0,105.603
NOR,325.59722222222223,138.0,105.603
NOR,336.175,119.0,105.603
NOR,342.0638888888889,106.0,105.603
NOR,351.66388888888895,96.0,105.603
NOR,359.57500000000005,89.0,105.603
NOR,364.3527777777778,86.0,105.603
NOR,368.8527777777778,81.0,105.603
NOR,372.40833333333336,80.0,105.603
NOR,375.9638888888889,80.0,105.603
NOR,381.71944444444443,74.0,105.603
NOR,392.1411111111111,78.0,105.603
NOR,395.83,83.0,105.603
NOR,399.65222222222224,86.0,105.603
NOR,403.74111111111114,92.0,105.603
NOR,411.75222222222226,103.0,105.603
NOR,416.5663888888889,109.0,105.603
NOR,428.3663888888889,118.0,105.603
NOR,440.18861111111113,133.0,105.603
NOR,453.78861111111115,153.0,105.603
NOR,464.7219444444445,164.0,105.603
NOR,480.54416666666674,178.0,105.603
NOR,490.87750000000005,186.0,105.603
NOR,501.7108333333334,195.0,105.603
NOR,522.7108333333334,210.0,105.603
NOR,539.5886111111112,217.0,105.603
NOR,552.0330555555556,224.0,105.603
NOR,570.1552777777778,233.0,105.603
NOR,580.7775,239.0,105.603
NOR,591.4886111111111,241.0,105.603
NOR,610.7775,248.0,105.603
NOR,622.0219444444444,253.0,105.603
NOR,645.0441666666667,259.0,105.603
NOR,665.6552777777778,265.0,105.603
NOR,680.5997222222223,269.0,105.603
NOR,692.5997222222223,270.0,105.603
NOR,707.8219444444445,274.0,105.603
NOR,735.7994444444446,279.0,105.603
NOR,757.8105555555557,283.0,105.603
NOR,773.6438888888889,285.0,105.603
NOR,799.3327777777778,289.0,105.603
NOR,812.3105555555555,292.0,105.603
NOR,835.0180555555555,293.0,105.603
NOR,864.8180555555556,298.0,105.603
NOR,884.8847222222221,301.0,105.603
NOR,901.7180555555555,303.0,105.603
NOR,915.1847222222221,303.0,105.603
NOR,935.5847222222221,306.0,105.603
NOR,952.6402777777777,307.0,105.603
NOR,969.6958333333332,307.0,105.603
NOR,990.2958333333333,309.0,105.603
NOR,1017.7625,309.0,105.603
NOR,1038.4958333333332,311.0,105.603
NOR,1059.1624999999997,310.0,105.603
NOR,1072.984722222222,311.0,105.603
NOR,1100.273611111111,307.0,105.603
NOR,1113.9624999999999,308.0,105.603
NOR,1141.073611111111,305.0,105.603
NOR,1171.373611111111,303.0,105.603
NOR,1191.5069444444443,302.0,105.603
NOR,1231.9069444444444,303.0,105.603
NOR,1258.8402777777778,303.0,105.603
NOR,1286.036111111111,305.0,105.603
NOR,1320.1472222222224,307.0,105.603
NOR,1340.6138888888888,307.0,105.603
NOR,1368.0805555555555,309.0,105.603
NOR,1381.8583333333333,310.0,105.603
NOR,1402.5052777777778,311.0,105.603
NOR,1416.3275,311.0,105.603
NOR,1447.5275000000001,312.0,105.603
NOR,1478.8275,313.0,105.603
NOR,1503.2497222222223,314.0,105.603
NOR,1527.749722222222,315.0,105.603
NOR,1541.749722222222,315.0,105.603
NOR,1562.816388888889,316.0,105.603
NOR,1587.4719444444443,317.0,105.603
NOR,1608.6719444444445,318.0,105.603
NOR,1622.805277777778,318.0,105.603
NOR,1640.5275000000001,319.0,105.603
NOR,1658.2497222222223,319.0,105.603
NOR,1679.6497222222224,321.0,105.603
NOR,1693.916388888889,321.0,105.603
NOR,1719.038611111111,323.0,105.603
NOR,1740.6386111111112,324.0,105.603
NOR,1773.1386111111112,325.0,105.603
NOR,1794.8719444444444,326.0,105.603
NOR,1813.0386111111113,327.0,105.603
NOR,1853.1275,328.0,105.603
NOR,1882.374166666667,328.0,105.603
NOR,1911.6186111111115,329.0,105.603
NOR,1944.5186111111113,329.0,105.603
NOR,1959.185277777778,330.0,105.603
NOR,1973.8519444444448,330.0,105.603
NOR,1995.8519444444446,330.0,105.603
NOR,2014.0936111111114,330.0,105.603
NOR,2039.8380555555557,331.0,105.603
NOR,2061.9047222222225,331.0,105.603
NOR,2083.971388888889,331.0,105.603
NOR,2124.6713888888894,333.0,105.603
NOR,2154.2713888888893,333.0,105.603
NOR,2169.026944444445,332.0,105.603
NOR,2194.9269444444444,333.0,105.603
NOR,2209.7269444444446,333.0,105.603
NOR,2224.526944444445,333.0,105.603
NOR,2250.426944444445,333.0,105.603
NOR,2276.2491666666674,332.0,105.603
NOR,2296.3825000000006,302.0,105.603
NOR,2308.2936111111117,268.0,105.603
NOR,2326.182500000001,230.0,105.603
NOR,2344.760277777779,209.0,105.603
NOR,2368.3602777777787,177.0,105.603
NOR,2388.5269444444457,165.0,105.603
NOR,2402.2586111111123,154.0,105.603
NOR,2414.003055555557,151.0,105.603
NOR,2420.7141666666676,151.0,105.603
NOR,2427.5141666666677,153.0,105.603
NOR,2439.725277777779,157.0,105.603
NOR,2450.2586111111123,158.0,105.603
NOR,2458.814166666668,154.0,105.603
NOR,2473.7725000000014,150.0,105.603
NOR,2483.972500000001,153.0,105.603
NOR,2490.8169444444457,154.0,105.603
NOR,2504.950277777779,159.0,105.603
NOR,2568.9502777777784,192.0,105.603
NOR,2579.8391666666676,196.0,105.603
NOR,2597.6169444444454,200.0,105.603
NOR,2606.505833333334,200.0,105.603
NOR,2621.9836111111117,199.0,105.603
NOR,2639.8502777777785,201.0,105.603
NOR,2655.7169444444453,204.0,105.603
NOR,2669.450277777779,206.0,105.603
NOR,2681.172500000001,211.0,105.603
NOR,2693.2836111111124,218.0,105.603
NOR,2713.4613888888903,227.0,105.603
NOR,2737.026666666668,235.0,105.603
NOR,2750.2488888888906,238.0,105.603
NOR,2772.382222222224,249.0,105.603
NOR,2795.0488888888904,255.0,105.603
NOR,2806.4711111111124,257.0,105.603
NOR,2820.9711111111124,261.0,105.603
NOR,2841.7377777777792,267.0,105.603
NOR,2871.8844444444458,272.0,105.603
NOR,2884.062222222223,274.0,105.603
NOR,2901.8622222222234,267.0,105.603
NOR,2913.1066666666675,253.0,105.603
NOR,2925.662222222223,226.0,105.603
NOR,2936.717777777779,199.0,105.603
NOR,2960.1844444444455,176.0,105.603
NOR,2967.562222222223,166.0,105.603
NOR,2976.562222222223,162.0,105.603
NOR,2984.9511111111124,151.0,105.603
NOR,2994.617777777779,145.0,105.603
NOR,3000.840000000001,140.0,105.603
NOR,3009.840000000001,135.0,105.603
NOR,3022.440000000001,126.0,105.603
NOR,3029.3288888888897,124.0,105.603
NOR,3037.3955555555563,121.0,105.603
NOR,3046.3400000000006,115.0,105.603
NOR,3055.7511111111116,121.0,105.603
NOR,3067.1288888888894,128.0,105.603
NOR,3077.7844444444445,137.0,105.603
NOR,3087.424444444445,144.0,105.603
NOR,3102.824444444445,154.0,105.603
NOR,3110.2911111111116,168.0,105.603
NOR,3119.8466666666673,172.0,105.603
NOR,3141.1800000000003,192.0,105.603
NOR,3159.135555555556,202.0,105.603
NOR,3175.546666666667,211.0,105.603
NOR,3189.6875000000005,213.0,105.603
NOR,3216.2097222222224,217.0,105.603
NOR,3234.5208333333335,206.0,105.603
NOR,3250.076388888889,200.0,105.603
NOR,3263.1430555555557,196.0,105.603
NOR,3278.6208333333334,199.0,105.603
NOR,3296.8430555555556,205.0,105.603
NOR,3315.865277777778,214.0,105.603
NOR,3330.465277777778,219.0,105.603
NOR,3340.4652777777783,225.0,105.603
NOR,3361.0875000000005,232.0,105.603
NOR,3382.509722222223,241.0,105.603
NOR,3393.3986111111117,245.0,105.603
NOR,3418.5986111111115,252.0,105.603
NOR,3447.709722222223,262.0,105.603
NOR,3483.3172222222224,267.0,105.603
NOR,3498.4283333333337,272.0,105.603
NOR,3513.761666666667,276.0,105.603
NOR,3541.961666666667,282.0,105.603
NOR,3554.583888888889,284.0,105.603
NOR,3573.7172222222225,287.0,105.603
NOR,3599.4950000000003,290.0,105.603
NOR,3631.8283333333334,291.0,105.603
NOR,3644.725,292.0,105.603
NOR,3677.3916666666664,294.0,105.603
NOR,3710.2805555555556,296.0,105.603
NOR,3736.5916666666662,296.0,105.603
NOR,3765.0916666666667,285.0,105.603
NOR,3780.647222222222,280.0,105.603
NOR,3814.6249999999995,278.0,105.603
NOR,3864.4027777777774,280.0,105.603
NOR,3889.469444444444,282.0,105.603
NOR,3908.4027777777774,284.0,105.603
NOR,3924.125,283.0,105.603
NOR,3949.3694444444445,284.0,105.603
NOR,3965.3138888888884,287.0,105.603
NOR,3984.5138888888887,288.0,105.603
NOR,4007.071944444444,289.0,105.603
NOR,4023.238611111111,291.0,105.603
NOR,4042.6386111111105,291.0,105.603
NOR,4058.860833333333,292.0,105.603
NOR,4078.4608333333335,294.0,105.603
NOR,4104.771944444445,296.0,105.603
NOR,4131.260833333334,298.0,105.603
NOR,4164.705277777778,301.0,105.603
NOR,4178.043611111111,302.0,105.603
NOR,4201.688055555555,304.0,105.603
NOR,4228.888055555555,306.0,105.603
NOR,4259.688055555555,308.0,105.603
NOR,4290.588055555555,309.0,105.603
NOR,4324.921388888888,309.0,105.603
NOR,4345.454722222222,308.0,105.603
NOR,4371.6769444444435,295.0,105.603
NOR,4386.565833333332,268.0,105.603
NOR,4407.899166666666,240.0,105.603
NOR,4424.776944444444,217.0,105.603
NOR,4438.5102777777765,206.0,105.603
NOR,4449.232499999999,193.0,105.603
NOR,4469.0102777777765,178.0,105.603
NOR,4482.621388888888,175.0,105.603
NOR,4493.734166666665,166.0,105.603
NOR,4510.534166666665,168.0,105.603
NOR,4518.089722222221,170.0,105.603
NOR,4529.623055555554,173.0,105.603
NOR,4537.445277777776,176.0,105.603
NOR,4547.611944444443,183.0,105.603
NOR,4560.278611111109,190.0,105.603
NOR,4576.989722222221,188.0,105.603
NOR,4585.345277777776,188.0,105.603
NOR,4597.811944444442,187.0,105.603
NOR,4615.961388888887,182.0,105.603
NOR,4630.194722222221,183.0,105.603
NOR,4638.461388888887,186.0,105.603
NOR,4651.261388888886,192.0,105.603
NOR,4668.59472222222,195.0,105.603
NOR,4677.750277777775,206.0,105.603
NOR,4691.750277777775,210.0,105.603
NOR,4701.216944444443,213.0,105.603
NOR,4721.128055555553,224.0,105.603
NOR,4733.683611111109,226.0,105.603
NOR,4746.516944444443,231.0,105.603
NOR,4764.872499999999,236.0,105.603
NOR,4778.261388888886,241.0,105.603
NOR,4789.061388888887,243.0,105.603
NOR,4810.928055555553,246.0,105.603
NOR,4834.59472222222,213.0,105.603
NOR,4856.538333333331,197.0,105.603
NOR,4873.538333333331,170.0,105.603
NOR,4882.593888888887,163.0,105.603
NOR,4889.793888888887,162.0,105.603
NOR,4902.004999999997,157.0,105.603
NOR,4908.760555555553,152.0,105.603
NOR,4915.560555555553,153.0,105.603
NOR,4927.849444444441,158.0,105.603
NOR,4936.849444444441,162.0,105.603
NOR,4949.83833333333,167.0,105.603
NOR,4957.482777777775,172.0,105.603
NOR,4971.587777777775,182.0,105.603
NOR,4993.921111111108,201.0,105.603
NOR,5002.854444444442,201.0,105.603
NOR,5012.23222222222,211.0,105.603
NOR,5026.4988888888865,214.0,105.603
NOR,5036.187777777775,218.0,105.603
NOR,5051.254444444443,226.0,105.603
NOR,5064.254444444443,234.0,105.603
NOR,5082.687777777775,237.0,105.603
NOR,5098.954444444443,244.0,105.603
NOR,5126.398888888886,247.0,105.603
NOR,5142.798888888887,246.0,105.603
NOR,5156.687777777775,250.0,105.603
NOR,5167.798888888887,250.0,105.603
NOR,5181.743333333331,251.0,105.603
NOR,5204.232222222219,253.0,105.603
NOR,5218.5099999999975,257.0,105.603
NOR,5247.805277777775,263.0,105.603
NOR,5262.527499999997,265.0,105.603
NOR,5274.305277777775,265.0,105.603
NOR,5289.249722222219,269.0,105.603
NOR,5307.316388888886,271.0,105.603
NOR,5322.483055555553,273.0,105.603
NOR,5334.660833333331,274.0,105.603
NOR,5349.938611111109,275.0,105.603
NOR,5362.294166666664,278.0,105.603
NOR,5390.394166666664,281.0,105.603
NOR,5402.971944444443,283.0,105.603
NOR,5415.594166666665,284.0,105.603
NOR,5434.594166666665,285.0,105.603
NOR,5450.514166666665,288.0,105.603
NOR,5469.780833333332,289.0,105.603
NOR,5492.414166666666,291.0,105.603
NOR,5515.203055555555,293.0,105.603
NOR,5538.147499999999,295.0,105.603
NOR,5561.247499999998,297.0,105.603
NOR,5591.147499999999,299.0,105.603
NOR,5607.814166666665,300.0,105.603
NOR,5631.303055555554,302.0,105.603
NOR,5648.136388888888,303.0,105.603
NOR,5671.858611111111,305.0,105.603
NOR,5688.858611111111,306.0,105.603
NOR,5719.458611111111,306.0,105.603
NOR,5746.836388888888,308.0,105.603
NOR,5774.388888888888,309.0,105.603
NOR,5798.4222222222215,309.0,105.603
NOR,5825.977777777778,310.0,105.603
NOR,5846.644444444444,310.0,105.603
NOR,5860.4222222222215,310.0,105.603
NOR,5874.2,310.0,105.603
NOR,5908.755555555555,311.0,105.603
NOR,5936.4,311.0,105.603
NOR,5960.5888888888885,311.0,105.603
NOR,5988.322222222221,312.0,105.603
NOR,6005.51361111111,311.0,105.603
NOR,6022.902499999998,313.0,105.603
NOR,6054.102499999998,312.0,105.603
NOR,6071.435833333332,312.0,105.603
NOR,6092.302499999998,313.0,105.603
NOR,6116.491388888887,311.0,105.603
NOR,6144.135833333332,311.0,105.603
NOR,6171.780277777776,311.0,105.603
NOR,6199.158055555555,308.0,105.603
NOR,6223.1913888888885,309.0,105.603
NOR,6243.791388888888,309.0,105.603
NOR,6271.346944444443,310.0,105.603
NOR,6295.5358333333315,311.0,105.603
NOR,6319.802499999998,312.0,105.603
NOR,6351.189444444442,313.0,105.603
NOR,6382.589444444442,314.0,105.603
NOR,6396.500555555553,313.0,105.603
NOR,6410.456111111108,314.0,105.603
NOR,6431.322777777776,313.0,105.603
NOR,6445.189444444442,312.0,105.603
NOR,6476.289444444443,311.0,105.603
NOR,6507.389444444443,311.0,105.603
NOR,6528.056111111111,310.0,105.603
NOR,6545.3338888888875,311.0,105.603
NOR,6562.278333333332,305.0,105.603
NOR,6575.256111111109,292.0,105.603
NOR,6598.560833333331,263.0,105.603
NOR,6613.227499999998,220.0,105.603
NOR,6627.460833333331,183.0,105.603
NOR,6638.894166666664,147.0,105.603
NOR,6649.316388888887,134.0,105.603
NOR,6659.894166666665,119.0,105.603
NOR,6664.8274999999985,111.0,105.603
NOR,6672.9941666666655,105.0,105.603
NOR,6683.3274999999985,93.0,105.603
NOR,6687.238611111109,88.0,105.603
NOR,6691.794166666665,82.0,105.603
NOR,6696.183055555553,79.0,105.603
NOR,6700.460833333332,77.0,105.603
NOR,6707.216388888887,76.0,105.603
NOR,6715.1383333333315,79.0,105.603
NOR,6718.82722222222,83.0,105.603
NOR,6728.693888888887,74.0,105.603
NOR,6731.849444444443,71.0,105.603
NOR,6736.982777777776,66.0,105.603
NOR,6739.871666666665,65.0,105.603
NOR,6745.649444444442,65.0,105.603
NOR,6752.349444444442,67.0,105.603
NOR,6760.149444444442,78.0,105.603
NOR,6765.949444444443,87.0,105.603
NOR,6771.171666666664,94.0,105.603
NOR,6780.564444444442,106.0,105.603
NOR,6789.819999999998,119.0,105.603
NOR,6796.931111111109,128.0,105.603
NOR,6802.8866666666645,134.0,105.603
NOR,6812.819999999998,149.0,105.603
NOR,6819.8866666666645,159.0,105.603
NOR,6833.031111111109,169.0,105.603
NOR,6846.486666666664,173.0,105.603
NOR,6859.15333333333,190.0,105.603
NOR,6874.786666666663,201.0,105.603
NOR,6886.342222222219,208.0,105.603
NOR,6898.0644444444415,211.0,105.603
NOR,6925.586666666664,229.0,105.603
RIC,15.998888888888887,242.0,105.767
RIC,26.976666666666667,247.0,105.767
RIC,40.9211111111111,251.0,105.767
RIC,55.087777777777774,255.0,105.767
RIC,75.23222222222222,259.0,105.767
RIC,107.98777777777778,268.0,105.767
RIC,138.61972222222224,275.0,105.767
RIC,160.31972222222223,279.0,105.767
RIC,172.76416666666668,280.0,105.767
RIC,185.34194444444447,283.0,105.767
RIC,197.91972222222222,283.0,105.767
RIC,220.1641666666667,286.0,105.767
RIC,255.24194444444447,287.0,105.767
RIC,277.10861111111114,246.0,105.767
RIC,293.36416666666673,209.0,105.767
RIC,307.7530555555556,185.0,105.767
RIC,316.5422222222222,159.0,105.767
RIC,326.0755555555556,143.0,105.767
RIC,334.74222222222227,130.0,105.767
RIC,345.84222222222223,111.0,105.767
RIC,354.73111111111115,100.0,105.767
RIC,358.8644444444445,93.0,105.767
RIC,363.8644444444445,90.0,105.767
RIC,368.5866666666667,85.0,105.767
RIC,374.12,83.0,105.767
RIC,378.62,81.0,105.767
RIC,384.6088888888889,77.0,105.767
RIC,394.1422222222222,78.0,105.767
RIC,399.7422222222222,84.0,105.767
RIC,404.5755555555555,87.0,105.767
RIC,414.2022222222222,96.0,105.767
RIC,418.8244444444444,104.0,105.767
RIC,423.44666666666654,104.0,105.767
RIC,434.73555555555544,127.0,105.767
RIC,440.6022222222221,132.0,105.767
RIC,446.95777777777766,143.0,105.767
RIC,457.2244444444443,154.0,105.767
RIC,464.55777777777763,165.0,105.767
RIC,480.0244444444443,174.0,105.767
RIC,492.5577777777777,188.0,105.767
RIC,510.3355555555554,200.0,105.767
RIC,529.3577777777776,214.0,105.767
RIC,549.1799999999998,223.0,105.767
RIC,567.1599999999999,232.0,105.767
RIC,583.0266666666665,238.0,105.767
RIC,610.471111111111,247.0,105.767
RIC,638.8044444444444,255.0,105.767
RIC,650.3599999999999,260.0,105.767
RIC,661.9155555555554,260.0,105.767
RIC,682.5266666666665,265.0,105.767
RIC,697.3599999999998,267.0,105.767
RIC,712.5266666666665,273.0,105.767
RIC,727.8044444444442,275.0,105.767
RIC,740.1599999999999,278.0,105.767
RIC,758.8933333333332,281.0,105.767
RIC,787.4933333333331,286.0,105.767
RIC,803.5488888888888,289.0,105.767
RIC,890.009722222222,299.0,105.767
RIC,923.5652777777775,302.0,105.767
RIC,937.0763888888887,304.0,105.767
RIC,950.6319444444442,305.0,105.767
RIC,978.0097222222221,308.0,105.767
RIC,998.609722222222,309.0,105.767
RIC,1033.1652777777776,311.0,105.767
RIC,1046.9875,311.0,105.767
RIC,1064.2652777777776,311.0,105.767
RIC,1091.823333333333,311.0,105.767
RIC,1108.9899999999996,309.0,105.767
RIC,1142.9899999999998,306.0,105.767
RIC,1159.8788888888887,304.0,105.767
RIC,1180.0788888888885,303.0,105.767
RIC,1203.5677777777776,302.0,105.767
RIC,1227.0566666666666,302.0,105.767
RIC,1267.4566666666667,303.0,105.767
RIC,1297.9566666666667,305.0,105.767
RIC,1328.5566666666666,306.0,105.767
RIC,1355.7566666666667,306.0,105.767
RIC,1386.5419444444444,307.0,105.767
RIC,1403.708611111111,309.0,105.767
RIC,1420.8752777777775,309.0,105.767
RIC,1438.0974999999996,310.0,105.767
RIC,1455.319722222222,310.0,105.767
RIC,1479.5086111111107,311.0,105.767
RIC,1493.330833333333,311.0,105.767
RIC,1527.9975,312.0,105.767
RIC,1545.3863888888889,313.0,105.767
RIC,1569.8863888888886,315.0,105.767
RIC,1594.3863888888886,315.0,105.767
RIC,1622.5641666666663,317.0,105.767
RIC,1658.0086111111107,319.0,105.767
RIC,1672.0977777777775,319.0,105.767
RIC,1693.4311111111108,320.0,105.767
RIC,1721.964444444444,321.0,105.767
RIC,1754.264444444444,323.0,105.767
RIC,1772.264444444444,324.0,105.767
RIC,1801.153333333333,325.0,105.767
RIC,1830.1311111111108,326.0,105.767
RIC,1862.9311111111108,328.0,105.767
RIC,1877.553333333333,329.0,105.767
RIC,1906.7977777777776,329.0,105.767
RIC,1925.0755555555556,329.0,105.767
RIC,1943.408888888889,330.0,105.767
RIC,1980.3899999999999,332.0,105.767
RIC,2013.59,332.0,105.767
RIC,2032.09,333.0,105.767
RIC,2050.5899999999997,333.0,105.767
RIC,2069.1455555555553,334.0,105.767
RIC,2083.99,334.0,105.767
RIC,2110.123333333333,336.0,105.767
RIC,2132.4566666666665,335.0,105.767
RIC,2151.0677777777773,335.0,105.767
RIC,2173.4011111111104,335.0,105.767
RIC,2191.956666666666,334.0,105.767
RIC,2228.8455555555547,332.0,105.767
RIC,2250.9122222222213,331.0,105.767
RIC,2283.4216666666657,326.0,105.767
RIC,2296.6216666666655,297.0,105.767
RIC,2316.299444444443,253.0,105.767
RIC,2327.010555555554,241.0,105.767
RIC,2343.2661111111097,209.0,105.767
RIC,2359.977222222221,188.0,105.767
RIC,2367.977222222221,180.0,105.767
RIC,2384.877222222221,169.0,105.767
RIC,2402.7661111111097,161.0,105.767
RIC,2412.96611111111,153.0,105.767
RIC,2421.3549999999987,151.0,105.767
RIC,2434.9549999999986,153.0,105.767
RIC,2443.6772222222207,157.0,105.767
RIC,2454.5891666666653,163.0,105.767
RIC,2466.878055555554,158.0,105.767
RIC,2482.1780555555542,153.0,105.767
RIC,2494.389166666665,157.0,105.767
RIC,2506.8336111111093,160.0,105.767
RIC,2515.9447222222207,164.0,105.767
RIC,2527.3447222222208,171.0,105.767
RIC,2535.078055555554,174.0,105.767
RIC,2553.478055555554,184.0,105.767
RIC,2561.966944444443,191.0,105.767
RIC,2574.9669444444426,195.0,105.767
RIC,2583.7669444444427,198.0,105.767
RIC,2601.5447222222206,200.0,105.767
RIC,2621.6886111111094,202.0,105.767
RIC,2637.7108333333313,206.0,105.767
RIC,2651.777499999998,211.0,105.767
RIC,2670.9774999999977,216.0,105.767
RIC,2695.5330555555533,221.0,105.767
RIC,2710.79972222222,229.0,105.767
RIC,2723.855277777776,235.0,105.767
RIC,2734.4774999999977,239.0,105.767
RIC,2748.0330555555533,244.0,105.767
RIC,2764.566388888886,248.0,105.767
RIC,2787.0552777777752,253.0,105.767
RIC,2810.0774999999976,259.0,105.767
RIC,2827.6838888888865,263.0,105.767
RIC,2848.3727777777754,266.0,105.767
RIC,2872.2838888888864,269.0,105.767
RIC,2906.5505555555533,257.0,105.767
RIC,2917.350555555553,243.0,105.767
RIC,2927.128333333331,220.0,105.767
RIC,2944.5505555555533,196.0,105.767
RIC,2952.7283333333307,184.0,105.767
RIC,2967.483888888886,166.0,105.767
RIC,2976.150555555553,156.0,105.767
RIC,2988.9505555555534,144.0,105.767
RIC,3001.1283333333313,137.0,105.767
RIC,3009.928333333331,132.0,105.767
RIC,3025.4152777777754,127.0,105.767
RIC,3033.6152777777756,123.0,105.767
RIC,3040.2819444444426,120.0,105.767
RIC,3048.348611111109,121.0,105.767
RIC,3059.637499999998,127.0,105.767
RIC,3068.7041666666646,136.0,105.767
RIC,3079.437499999998,138.0,105.767
RIC,3091.3374999999983,153.0,105.767
RIC,3106.0930555555537,166.0,105.767
RIC,3126.315277777776,182.0,105.767
RIC,3150.4477777777756,197.0,105.767
RIC,3168.7588888888868,206.0,105.767
RIC,3180.481111111109,211.0,105.767
RIC,3195.0144444444422,218.0,105.767
RIC,3211.969999999998,218.0,105.767
RIC,3221.2588888888868,209.0,105.767
RIC,3230.369999999998,205.0,105.767
RIC,3241.4255555555533,199.0,105.767
RIC,3258.403333333331,191.0,105.767
RIC,3271.2699999999977,193.0,105.767
RIC,3286.7477777777754,199.0,105.767
RIC,3300.3477777777753,204.0,105.767
RIC,3321.8477777777753,215.0,105.767
RIC,3331.49222222222,217.0,105.767
RIC,3346.4255555555533,224.0,105.767
RIC,3361.7613888888864,231.0,105.767
RIC,3374.9280555555533,237.0,105.767
RIC,3393.9058333333305,244.0,105.767
RIC,3407.6836111111083,248.0,105.767
RIC,3418.8836111111086,252.0,105.767
RIC,3430.0836111111084,252.0,105.767
RIC,3450.228055555553,259.0,105.767
RIC,3467.89472222222,265.0,105.767
RIC,3479.716944444442,266.0,105.767
RIC,3494.716944444442,270.0,105.767
RIC,3519.0724999999975,274.0,105.767
RIC,3531.383611111108,277.0,105.767
RIC,3562.4611111111085,279.0,105.767
RIC,3590.5611111111084,281.0,105.767
RIC,3612.57222222222,283.0,105.767
RIC,3637.9055555555533,285.0,105.767
RIC,3660.0722222222194,285.0,105.767
RIC,3682.316666666664,286.0,105.767
RIC,3701.4499999999975,287.0,105.767
RIC,3720.649999999998,288.0,105.767
RIC,3742.894444444442,286.0,105.767
RIC,3755.605555555553,286.0,105.767
RIC,3768.227777777775,284.0,105.767
RIC,3793.2055555555526,281.0,105.767
RIC,3805.6055555555527,279.0,105.767
RIC,3821.105555555552,279.0,105.767
RIC,3842.8055555555525,279.0,105.767
RIC,3855.116666666664,277.0,105.767
RIC,3888.8952777777754,277.0,105.767
RIC,3901.206388888886,277.0,105.767
RIC,3919.7397222222194,278.0,105.767
RIC,3935.184166666664,278.0,105.767
RIC,3953.8508333333302,280.0,105.767
RIC,3991.584166666664,283.0,105.767
RIC,4010.5174999999967,284.0,105.767
RIC,4026.3508333333302,285.0,105.767
RIC,4042.2397222222194,286.0,105.767
RIC,4061.3063888888855,286.0,105.767
RIC,4083.8644444444417,289.0,105.767
RIC,4106.419999999996,290.0,105.767
RIC,4132.286666666663,291.0,105.767
RIC,4155.0755555555525,293.0,105.767
RIC,4171.464444444441,295.0,105.767
RIC,4184.619999999996,296.0,105.767
RIC,4207.797777777774,298.0,105.767
RIC,4230.975555555552,298.0,105.767
RIC,4257.642222222219,300.0,105.767
RIC,4277.775555555552,302.0,105.767
RIC,4294.608888888885,303.0,105.767
RIC,4325.008888888885,304.0,105.767
RIC,4348.65333333333,304.0,105.767
RIC,4362.208888888886,305.0,105.767
RIC,4385.942222222218,267.0,105.767
RIC,4402.475555555552,248.0,105.767
RIC,4419.758055555551,223.0,105.767
RIC,4438.069166666663,206.0,105.767
RIC,4453.002499999996,192.0,105.767
RIC,4469.002499999996,180.0,105.767
RIC,4480.535833333329,173.0,105.767
RIC,4495.469166666662,168.0,105.767
RIC,4510.7580555555505,172.0,105.767
RIC,4522.558055555551,177.0,105.767
RIC,4536.764166666662,182.0,105.767
RIC,4555.664166666662,189.0,105.767
RIC,4566.608611111106,197.0,105.767
RIC,4577.608611111106,198.0,105.767
RIC,4588.608611111105,198.0,105.767
RIC,4613.941944444439,190.0,105.767
RIC,4633.141944444439,192.0,105.767
RIC,4658.197499999995,205.0,105.767
RIC,4667.3974999999955,207.0,105.767
RIC,4681.7308333333285,215.0,105.767
RIC,4696.197499999995,217.0,105.767
RIC,4705.975277777773,220.0,105.767
RIC,4736.641944444439,230.0,105.767
RIC,4746.864166666662,230.0,105.767
RIC,4762.597499999994,236.0,105.767
RIC,4786.63055555555,241.0,105.767
RIC,4797.474999999995,244.0,105.767
RIC,4822.274999999995,248.0,105.767
RIC,4835.108333333328,231.0,105.767
RIC,4852.352777777773,194.0,105.767
RIC,4868.086111111105,177.0,105.767
RIC,4879.352777777773,169.0,105.767
RIC,4893.752777777772,162.0,105.767
RIC,4900.819444444439,159.0,105.767
RIC,4912.683888888883,152.0,105.767
RIC,4922.95055555555,154.0,105.767
RIC,4935.55055555555,162.0,105.767
RIC,4946.55055555555,165.0,105.767
RIC,4960.083888888884,174.0,105.767
RIC,4983.917222222217,195.0,105.767
RIC,5002.05055555555,204.0,105.767
RIC,5011.25055555555,207.0,105.767
RIC,5028.128333333328,217.0,105.767
RIC,5045.628333333328,225.0,105.767
RIC,5058.406111111106,230.0,105.767
RIC,5071.35055555555,233.0,105.767
RIC,5100.806111111106,241.0,105.767
RIC,5114.361666666661,244.0,105.767
RIC,5139.161666666661,248.0,105.767
RIC,5153.05055555555,250.0,105.767
RIC,5169.846944444438,253.0,105.767
RIC,5189.680277777771,255.0,105.767
RIC,5215.480277777771,258.0,105.767
RIC,5227.035833333328,260.0,105.767
RIC,5250.502499999994,264.0,105.767
RIC,5271.191388888883,266.0,105.767
RIC,5298.291388888883,271.0,105.767
RIC,5319.60055555555,273.0,105.767
RIC,5347.10055555555,275.0,105.767
RIC,5371.9005555555495,279.0,105.767
RIC,5406.2449999999935,281.0,105.767
RIC,5425.111666666661,283.0,105.767
RIC,5456.889444444439,286.0,105.767
RIC,5482.578333333328,289.0,105.767
RIC,5498.68944444444,290.0,105.767
RIC,5514.80055555555,290.0,105.767
RIC,5531.022777777773,292.0,105.767
RIC,5557.067222222217,293.0,105.767
RIC,5573.344999999994,293.0,105.767
RIC,5593.011666666661,295.0,105.767
RIC,5612.7449999999935,296.0,105.767
RIC,5645.967222222216,299.0,105.767
RIC,5679.300555555549,300.0,105.767
RIC,5699.2836111111055,301.0,105.767
RIC,5716.061388888884,302.0,105.767
RIC,5732.839166666662,302.0,105.767
RIC,5759.772499999995,303.0,105.767
RIC,5780.039166666661,304.0,105.767
RIC,5803.683611111105,304.0,105.767
RIC,5824.016944444439,305.0,105.767
RIC,5854.60166666666,305.0,105.767
RIC,5871.546111111104,305.0,105.767
RIC,5891.879444444438,305.0,105.767
RIC,5915.5238888888825,304.0,105.767
RIC,5942.634999999993,305.0,105.767
RIC,5962.968333333326,305.0,105.767
RIC,5976.5238888888825,305.0,105.767
RIC,6000.246111111105,305.0,105.767
RIC,6017.246111111104,306.0,105.767
RIC,6037.646111111105,306.0,105.767
RIC,6061.5238888888825,307.0,105.767
RIC,6088.812777777771,307.0,105.767
RIC,6109.279444444437,307.0,105.767
RIC,6129.679444444438,306.0,105.767
RIC,6146.623888888882,305.0,105.767
RIC,6170.268333333326,304.0,105.767
RIC,6190.468333333326,303.0,105.767
RIC,6207.246111111104,302.0,105.767
RIC,6230.734999999993,302.0,105.767
RIC,6264.20666666666,302.0,105.767
RIC,6280.984444444436,302.0,105.767
RIC,6317.8955555555485,302.0,105.767
RIC,6331.31777777777,302.0,105.767
RIC,6354.728888888882,301.0,105.767
RIC,6388.062222222215,300.0,105.767
RIC,6418.045277777771,299.0,105.767
RIC,6434.545277777771,297.0,105.767
RIC,6447.745277777771,297.0,105.767
RIC,6464.189722222215,296.0,105.767
RIC,6483.923055555548,296.0,105.767
RIC,6506.867499999992,295.0,105.767
RIC,6539.423055555548,293.0,105.767
RIC,6562.1341666666585,292.0,105.767
RIC,6581.267499999992,287.0,105.767
RIC,6597.134166666658,238.0,105.767
RIC,6612.000833333324,223.0,105.767
RIC,6627.378611111102,173.0,105.767
RIC,6636.9897222222135,173.0,105.767
RIC,6649.789722222214,128.0,105.767
RIC,6655.25638888888,123.0,105.767
RIC,6662.523055555547,109.0,105.767
RIC,6673.411944444436,98.0,105.767
RIC,6678.6341666666585,94.0,105.767
RIC,6682.723055555547,92.0,105.767
RIC,6689.989166666658,82.0,105.767
RIC,6694.322499999991,78.0,105.767
RIC,6697.744722222214,77.0,105.767
RIC,6707.278055555546,78.0,105.767
RIC,6712.878055555547,84.0,105.767
RIC,6717.7669444444355,88.0,105.767
RIC,6721.500277777769,84.0,105.767
RIC,6731.921944444435,78.0,105.767
RIC,6741.521944444436,72.0,105.767
RIC,6746.388611111102,73.0,105.767
RIC,6750.610833333325,76.0,105.767
RIC,6756.755277777769,79.0,105.767
RIC,6762.421944444436,85.0,105.767
RIC,6768.488611111103,91.0,105.767
RIC,6776.344166666658,101.0,105.767
RIC,6788.044166666658,117.0,105.767
RIC,6799.244166666658,126.0,105.767
RIC,6812.133055555547,145.0,105.767
RIC,6830.466388888881,165.0,105.767
RIC,6846.377499999992,179.0,105.767
RIC,6854.644166666659,186.0,105.767
RIC,6870.044166666658,198.0,105.767
RIC,6888.5330555555465,208.0,105.767
RIC,6902.799722222214,214.0,105.767
RIC,6917.6708333333245,224.0,105.767
RIC,6935.481944444436,229.0,105.767
GAS,27.04416666666667,249.0,105.827
GAS,88.87750000000001,265.0,105.827
GAS,115.97749999999999,271.0,105.827
GAS,131.14416666666665,273.0,105.827
GAS,155.8552777777778,278.0,105.827
GAS,168.29972222222221,280.0,105.827
GAS,187.23305555555555,284.0,105.827
GAS,206.23305555555552,285.0,105.827
GAS,222.23305555555555,288.0,105.827
GAS,241.63305555555553,291.0,105.827
GAS,270.7136111111111,290.0,105.827
GAS,298.7136111111111,210.0,105.827
GAS,306.98027777777776,186.0,105.827
GAS,323.09138888888884,145.0,105.827
GAS,331.69138888888887,129.0,105.827
GAS,340.7136111111111,116.0,105.827
GAS,348.3358333333333,98.0,105.827
GAS,355.4913888888889,92.0,105.827
GAS,361.2672222222222,87.0,105.827
GAS,370.37833333333333,82.0,105.827
GAS,376.5227777777778,79.0,105.827
GAS,381.58944444444444,76.0,105.827
GAS,392.71166666666664,77.0,105.827
GAS,399.245,84.0,105.827
GAS,407.51166666666666,93.0,105.827
GAS,413.01166666666666,99.0,105.827
GAS,422.87833333333333,111.0,105.827
GAS,432.5227777777778,124.0,105.827
GAS,441.9227777777778,141.0,105.827
GAS,450.3116666666667,151.0,105.827
GAS,462.9116666666667,162.0,105.827
GAS,480.91166666666663,180.0,105.827
GAS,489.13388888888886,185.0,105.827
GAS,497.7652777777777,193.0,105.827
GAS,506.69861111111106,201.0,105.827
GAS,523.1875,212.0,105.827
GAS,542.8319444444445,221.0,105.827
GAS,565.8319444444445,230.0,105.827
GAS,578.9430555555556,236.0,105.827
GAS,612.1430555555556,249.0,105.827
GAS,631.9763888888889,255.0,105.827
GAS,649.1763888888889,258.0,105.827
GAS,669.713888888889,265.0,105.827
GAS,684.6027777777779,268.0,105.827
GAS,696.5583333333334,269.0,105.827
GAS,718.025,276.0,105.827
GAS,745.925,279.0,105.827
GAS,768.0138888888889,284.0,105.827
GAS,783.9027777777777,286.0,105.827
GAS,796.6583333333333,287.0,105.827
GAS,822.4361111111111,290.0,105.827
GAS,838.6583333333333,292.0,105.827
GAS,861.6805555555557,296.0,105.827
GAS,884.8583333333333,298.0,105.827
GAS,904.8583333333333,300.0,105.827
GAS,935.1583333333334,303.0,105.827
GAS,948.6694444444446,304.0,105.827
GAS,969.0027777777777,305.0,105.827
GAS,986.0027777777776,306.0,105.827
GAS,1006.6216666666664,308.0,105.827
GAS,1020.3549999999998,309.0,105.827
GAS,1051.2549999999997,309.0,105.827
GAS,1068.4216666666666,309.0,105.827
GAS,1092.4549999999997,309.0,105.827
GAS,1126.455,306.0,105.827
GAS,1149.9438888888885,302.0,105.827
GAS,1176.788333333333,302.0,105.827
GAS,1196.8549999999998,301.0,105.827
GAS,1220.1825,301.0,105.827
GAS,1246.9380555555554,301.0,105.827
GAS,1260.315833333333,301.0,105.827
GAS,1277.1491666666664,303.0,105.827
GAS,1304.1713888888887,304.0,105.827
GAS,1324.4380555555551,304.0,105.827
GAS,1348.2380555555553,306.0,105.827
GAS,1375.5269444444443,307.0,105.827
GAS,1392.5824999999998,307.0,105.827
GAS,1430.3491666666666,309.0,105.827
GAS,1457.9047222222223,310.0,105.827
GAS,1485.5491666666665,311.0,105.827
GAS,1506.3491666666666,312.0,105.827
GAS,1537.5491666666667,312.0,105.827
GAS,1576.0141666666666,314.0,105.827
GAS,1600.5919444444444,316.0,105.827
GAS,1628.769722222222,317.0,105.827
GAS,1660.669722222222,319.0,105.827
GAS,1678.4474999999998,320.0,105.827
GAS,1703.4919444444442,322.0,105.827
GAS,1728.5363888888887,322.0,105.827
GAS,1750.0030555555552,322.0,105.827
GAS,1778.8030555555551,324.0,105.827
GAS,1796.768333333333,325.0,105.827
GAS,1822.1238888888884,326.0,105.827
GAS,1851.190555555555,327.0,105.827
GAS,1883.890555555555,327.0,105.827
GAS,1913.1349999999995,329.0,105.827
GAS,1938.8016666666663,330.0,105.827
GAS,1960.801666666666,330.0,105.827
GAS,1986.4683333333328,330.0,105.827
GAS,2019.5683333333327,331.0,105.827
GAS,2034.279444444444,331.0,105.827
GAS,2052.6683333333326,331.0,105.827
GAS,2071.1127777777774,332.0,105.827
GAS,2096.9349999999995,332.0,105.827
GAS,2137.757222222222,334.0,105.827
GAS,2175.0724999999998,335.0,105.827
GAS,2201.2058333333334,336.0,105.827
GAS,2216.094722222222,335.0,105.827
GAS,2230.983611111111,335.0,105.827
GAS,2245.8724999999995,335.0,105.827
GAS,2271.9280555555547,335.0,105.827
GAS,2308.4724999999994,299.0,105.827
GAS,2330.0724999999993,243.0,105.827
GAS,2346.950277777777,217.0,105.827
GAS,2361.961388888888,193.0,105.827
GAS,2371.911388888888,180.0,105.827
GAS,2382.9780555555544,166.0,105.827
GAS,2393.711388888888,161.0,105.827
GAS,2408.911388888888,152.0,105.827
GAS,2422.2447222222213,150.0,105.827
GAS,2428.911388888888,150.0,105.827
GAS,2437.522499999999,155.0,105.827
GAS,2446.411388888888,160.0,105.827
GAS,2457.211388888888,162.0,105.827
GAS,2466.0447222222215,159.0,105.827
GAS,2478.1780555555547,156.0,105.827
GAS,2497.2447222222213,156.0,105.827
GAS,2507.978055555555,161.0,105.827
GAS,2517.0891666666657,164.0,105.827
GAS,2534.5374999999995,174.0,105.827
GAS,2542.5374999999995,180.0,105.827
GAS,2550.670833333333,183.0,105.827
GAS,2568.0041666666666,195.0,105.827
GAS,2576.759722222222,197.0,105.827
GAS,2585.4708333333333,196.0,105.827
GAS,2598.5375,196.0,105.827
GAS,2607.115277777778,193.0,105.827
GAS,2624.0930555555556,191.0,105.827
GAS,2636.959722222222,193.0,105.827
GAS,2654.8263888888887,201.0,105.827
GAS,2673.493055555555,210.0,105.827
GAS,2692.870833333333,218.0,105.827
GAS,2710.463333333333,227.0,105.827
GAS,2725.8633333333332,231.0,105.827
GAS,2752.5299999999997,240.0,105.827
GAS,2780.3077777777776,250.0,105.827
GAS,2791.5966666666664,254.0,105.827
GAS,2802.9744444444445,256.0,105.827
GAS,2823.3522222222223,262.0,105.827
GAS,2837.9077777777775,262.0,105.827
GAS,2852.7966666666666,268.0,105.827
GAS,2867.8522222222223,271.0,105.827
GAS,2880.0299999999997,274.0,105.827
GAS,2898.43,276.0,105.827
GAS,2921.33,229.0,105.827
GAS,2932.8299999999995,207.0,105.827
GAS,2974.47,144.0,105.827
GAS,2989.47,135.0,105.827
GAS,2995.3366666666666,132.0,105.827
GAS,3001.1144444444444,130.0,105.827
GAS,3012.3144444444442,126.0,105.827
GAS,3020.381111111111,121.0,105.827
GAS,3033.381111111111,117.0,105.827
GAS,3038.6699999999996,119.0,105.827
GAS,3045.4477777777774,122.0,105.827
GAS,3057.055833333333,131.0,105.827
GAS,3064.6669444444437,137.0,105.827
GAS,3080.7780555555546,145.0,105.827
GAS,3089.389166666666,155.0,105.827
GAS,3100.1224999999995,161.0,105.827
GAS,3113.5780555555552,173.0,105.827
GAS,3127.966944444444,185.0,105.827
GAS,3154.366944444444,198.0,105.827
GAS,3175.466944444444,211.0,105.827
GAS,3197.266944444444,218.0,105.827
GAS,3215.9336111111106,210.0,105.827
GAS,3236.4905555555547,205.0,105.827
GAS,3247.6572222222217,201.0,105.827
GAS,3258.7127777777773,199.0,105.827
GAS,3269.7683333333325,199.0,105.827
GAS,3280.823888888888,199.0,105.827
GAS,3296.612777777777,203.0,105.827
GAS,3305.9016666666657,209.0,105.827
GAS,3330.4572222222214,221.0,105.827
GAS,3343.012777777777,226.0,105.827
GAS,3361.0572222222218,232.0,105.827
GAS,3379.490555555555,237.0,105.827
GAS,3401.5349999999994,248.0,105.827
GAS,3430.090555555555,257.0,105.827
GAS,3441.4413888888885,257.0,105.827
GAS,3459.041388888889,264.0,105.827
GAS,3482.7747222222224,267.0,105.827
GAS,3510.1747222222225,274.0,105.827
GAS,3525.5080555555555,276.0,105.827
GAS,3550.485833333333,281.0,105.827
GAS,3575.8191666666667,285.0,105.827
GAS,3604.6191666666664,288.0,105.827
GAS,3617.5080555555555,290.0,105.827
GAS,3643.4636111111113,292.0,105.827
GAS,3659.8525,295.0,105.827
GAS,3676.2969444444448,296.0,105.827
GAS,3709.3794444444443,297.0,105.827
GAS,3738.779444444445,294.0,105.827
GAS,3754.8905555555557,290.0,105.827
GAS,3770.8905555555557,288.0,105.827
GAS,3786.668333333333,284.0,105.827
GAS,3799.157222222222,281.0,105.827
GAS,3820.701666666667,277.0,105.827
GAS,3839.2349999999997,278.0,105.827
GAS,3854.6794444444445,278.0,105.827
GAS,3873.0794444444446,276.0,105.827
GAS,3888.3016666666663,274.0,105.827
GAS,3919.3016666666663,279.0,105.827
GAS,3937.9683333333332,280.0,105.827
GAS,3966.2894444444446,284.0,105.827
GAS,3978.9116666666664,284.0,105.827
GAS,4001.0783333333334,285.0,105.827
GAS,4013.8783333333336,288.0,105.827
GAS,4036.356111111111,289.0,105.827
GAS,4062.133888888889,290.0,105.827
GAS,4075.1116666666667,292.0,105.827
GAS,4104.411666666667,293.0,105.827
GAS,4137.300555555556,296.0,105.827
GAS,4157.100555555556,297.0,105.827
GAS,4173.711666666667,299.0,105.827
GAS,4200.556111111112,302.0,105.827
GAS,4217.389444444445,303.0,105.827
GAS,4237.740555555556,304.0,105.827
GAS,4261.540555555556,306.0,105.827
GAS,4292.240555555556,307.0,105.827
GAS,4316.196111111111,308.0,105.827
GAS,4340.229444444445,309.0,105.827
GAS,4357.007222222223,302.0,105.827
GAS,4374.407222222223,261.0,105.827
GAS,4385.518333333334,250.0,105.827
GAS,4408.018333333334,225.0,105.827
GAS,4417.351666666668,210.0,105.827
GAS,4430.418333333335,196.0,105.827
GAS,4439.129444444446,196.0,105.827
GAS,4455.218333333335,181.0,105.827
GAS,4472.5700000000015,174.0,105.827
GAS,4485.714444444446,169.0,105.827
GAS,4497.047777777779,170.0,105.827
GAS,4512.514444444446,174.0,105.827
GAS,4532.847777777779,183.0,105.827
GAS,4545.447777777779,189.0,105.827
GAS,4556.392222222224,197.0,105.827
GAS,4565.236666666668,199.0,105.827
GAS,4576.0700000000015,195.0,105.827
GAS,4588.870000000001,192.0,105.827
GAS,4605.403333333334,186.0,105.827
GAS,4622.114444444445,188.0,105.827
GAS,4635.101666666667,194.0,105.827
GAS,4650.657222222223,200.0,105.827
GAS,4668.790555555556,204.0,105.827
GAS,4697.857222222223,218.0,105.827
GAS,4707.635,220.0,105.827
GAS,4717.679444444445,226.0,105.827
GAS,4738.123888888889,230.0,105.827
GAS,4748.657222222222,237.0,105.827
GAS,4770.346111111112,244.0,105.827
GAS,4784.12388888889,248.0,105.827
GAS,4806.0794444444455,247.0,105.827
GAS,4825.279444444446,216.0,105.827
GAS,4838.146111111113,193.0,105.827
GAS,4859.120555555557,172.0,105.827
GAS,4870.253888888891,167.0,105.827
GAS,4879.420555555558,165.0,105.827
GAS,4890.087222222224,160.0,105.827
GAS,4903.687222222224,153.0,105.827
GAS,4913.887222222224,153.0,105.827
GAS,4926.331666666669,160.0,105.827
GAS,4939.320555555558,167.0,105.827
GAS,4954.787222222224,174.0,105.827
GAS,4975.787222222224,189.0,105.827
GAS,5001.144722222223,207.0,105.827
GAS,5020.433611111112,217.0,105.827
GAS,5032.822500000001,223.0,105.827
GAS,5048.022500000001,228.0,105.827
GAS,5066.300277777779,235.0,105.827
GAS,5076.878055555557,238.0,105.827
GAS,5087.50027777778,239.0,105.827
GAS,5101.000277777779,243.0,105.827
GAS,5123.044722222224,248.0,105.827
GAS,5139.644722222223,249.0,105.827
GAS,5159.400277777779,254.0,105.827
GAS,5176.533611111112,257.0,105.827
GAS,5202.533611111112,260.0,105.827
GAS,5214.178055555557,262.0,105.827
GAS,5231.844722222223,265.0,105.827
GAS,5249.570555555557,267.0,105.827
GAS,5264.515000000001,269.0,105.827
GAS,5285.670555555557,272.0,105.827
GAS,5300.892777777779,274.0,105.827
GAS,5313.159444444446,276.0,105.827
GAS,5325.470555555557,277.0,105.827
GAS,5347.248333333336,280.0,105.827
GAS,5366.048333333335,282.0,105.827
GAS,5378.626111111113,283.0,105.827
GAS,5394.4594444444465,285.0,105.827
GAS,5419.881666666669,286.0,105.827
GAS,5432.637222222224,287.0,105.827
GAS,5464.940000000002,290.0,105.827
GAS,5493.940000000002,290.0,105.827
GAS,5516.651111111113,292.0,105.827
GAS,5542.784444444447,294.0,105.827
GAS,5565.728888888891,295.0,105.827
GAS,5588.828888888891,297.0,105.827
GAS,5608.628888888892,297.0,105.827
GAS,5628.628888888892,300.0,105.827
GAS,5652.040000000004,301.0,105.827
GAS,5665.417777777781,301.0,105.827
GAS,5678.795555555559,301.0,105.827
GAS,5705.728888888893,303.0,105.827
GAS,5719.19555555556,303.0,105.827
GAS,5736.084444444448,304.0,105.827
GAS,5759.7288888888925,304.0,105.827
GAS,5773.284444444448,305.0,105.827
GAS,5810.599444444449,306.0,105.827
GAS,5824.243888888893,307.0,105.827
GAS,5844.643888888892,306.0,105.827
GAS,5861.643888888892,306.0,105.827
GAS,5882.043888888892,306.0,105.827
GAS,5922.710555555559,305.0,105.827
GAS,5943.177222222226,307.0,105.827
GAS,5960.177222222225,306.0,105.827
GAS,5977.232777777781,307.0,105.827
GAS,5997.699444444447,307.0,105.827
GAS,6021.662500000003,307.0,105.827
GAS,6045.618055555558,308.0,105.827
GAS,6072.995833333335,308.0,105.827
GAS,6096.795833333335,306.0,105.827
GAS,6113.851388888891,307.0,105.827
GAS,6127.406944444447,305.0,105.827
GAS,6151.129166666669,305.0,105.827
GAS,6174.695833333336,303.0,105.827
GAS,6201.62916666667,303.0,105.827
GAS,6221.895833333337,304.0,105.827
GAS,6238.673611111115,302.0,105.827
GAS,6269.073611111115,304.0,105.827
GAS,6292.795833333337,305.0,105.827
GAS,6306.351388888893,305.0,105.827
GAS,6333.551388888894,306.0,105.827
GAS,6353.951388888893,306.0,105.827
GAS,6377.6663888888925,306.0,105.827
GAS,6404.955277777782,307.0,105.827
GAS,6428.910833333337,308.0,105.827
GAS,6456.199722222225,307.0,105.827
GAS,6476.733055555558,308.0,105.827
GAS,6504.021944444447,307.0,105.827
GAS,6531.310833333336,307.0,105.827
GAS,6551.8441666666695,308.0,105.827
GAS,6574.870555555558,295.0,105.827
GAS,6598.070555555558,232.0,105.827
GAS,6609.348333333336,203.0,105.827
GAS,6619.237222222225,178.0,105.827
GAS,6627.848333333336,155.0,105.827
GAS,6644.1150000000025,122.0,105.827
GAS,6655.1150000000025,110.0,105.827
GAS,6666.603888888892,94.0,105.827
GAS,6670.69277777778,92.0,105.827
GAS,6676.559444444447,88.0,105.827
GAS,6681.959444444447,81.0,105.827
GAS,6685.426111111114,78.0,105.827
GAS,6695.559444444447,76.0,105.827
GAS,6699.026111111113,78.0,105.827
GAS,6704.359444444446,80.0,105.827
GAS,6712.13777777778,78.0,105.827
GAS,6715.5155555555575,76.0,105.827
GAS,6722.615555555558,71.0,105.827
GAS,6726.448888888891,69.0,105.827
GAS,6732.315555555558,66.0,105.827
GAS,6738.626666666669,71.0,105.827
GAS,6743.626666666669,75.0,105.827
GAS,6750.915555555557,82.0,105.827
GAS,6754.693333333335,85.0,105.827
GAS,6762.186666666668,96.0,105.827
GAS,6769.253333333335,106.0,105.827
GAS,6778.50888888889,119.0,105.827
GAS,6787.042222222223,128.0,105.827
GAS,6798.1644444444455,143.0,105.827
GAS,6818.086666666668,163.0,105.827
GAS,6834.1755555555565,181.0,105.827
GAS,6842.397777777779,185.0,105.827
GAS,6857.720000000001,197.0,105.827
GAS,6873.897777777779,208.0,105.827
GAS,6885.8422222222225,215.0,105.827
GAS,6898.120000000001,221.0,105.827
GAS,6926.475555555557,232.0,105.827
ZHO,1.1333333333333335,240.0,106.085
ZHO,17.466666666666665,245.0,106.085
ZHO,42.83694444444444,253.0,106.085
ZHO,77.50361111111111,260.0,106.085
ZHO,89.28138888888888,265.0,106.085
ZHO,119.28138888888887,270.0,106.085
ZHO,137.54805555555555,274.0,106.085
ZHO,159.32583333333332,280.0,106.085
ZHO,181.33694444444444,283.0,106.085
ZHO,203.58138888888888,286.0,106.085
ZHO,222.70138888888886,288.0,106.085
ZHO,255.03472222222217,291.0,106.085
ZHO,275.02361111111105,257.0,106.085
ZHO,291.1569444444444,242.0,106.085
ZHO,313.5458333333333,155.0,106.085
ZHO,324.20138888888886,137.0,106.085
ZHO,334.5125,116.0,106.085
ZHO,340.6236111111111,110.0,106.085
ZHO,349.5125,100.0,106.085
ZHO,356.66805555555555,92.0,106.085
ZHO,362.53472222222223,88.0,106.085
ZHO,367.09027777777777,82.0,106.085
ZHO,373.07916666666665,77.0,106.085
ZHO,380.57916666666665,75.0,106.085
ZHO,383.6458333333333,69.0,106.085
ZHO,386.77638888888885,70.0,106.085
ZHO,389.9319444444444,71.0,106.085
ZHO,395.9208333333333,77.0,106.085
ZHO,403.2097222222222,82.0,106.085
ZHO,412.80972222222215,96.0,106.085
ZHO,418.8097222222222,108.0,106.085
ZHO,435.6097222222222,126.0,106.085
ZHO,446.2652777777777,137.0,106.085
ZHO,456.39861111111105,152.0,106.085
ZHO,469.41861111111103,168.0,106.085
ZHO,479.25194444444435,177.0,106.085
ZHO,487.34083333333325,182.0,106.085
ZHO,502.4297222222222,194.0,106.085
ZHO,523.2297222222222,208.0,106.085
ZHO,540.0297222222222,216.0,106.085
ZHO,552.3630555555555,222.0,106.085
ZHO,562.4963888888889,228.0,106.085
ZHO,583.2074999999999,233.0,106.085
ZHO,596.5963888888888,241.0,106.085
ZHO,615.8852777777777,248.0,106.085
ZHO,635.718611111111,255.0,106.085
ZHO,652.8519444444443,257.0,106.085
ZHO,679.4519444444444,266.0,106.085
ZHO,691.3630555555555,268.0,106.085
ZHO,709.6297222222222,274.0,106.085
ZHO,724.8519444444444,274.0,106.085
ZHO,743.4624999999999,278.0,106.085
ZHO,755.9069444444443,280.0,106.085
ZHO,784.4069444444443,285.0,106.085
ZHO,800.2402777777777,285.0,106.085
ZHO,822.4069444444443,285.0,106.085
ZHO,855.0736111111111,294.0,106.085
ZHO,878.2513888888888,298.0,106.085
ZHO,904.9180555555555,300.0,106.085
ZHO,925.0513888888888,302.0,106.085
ZHO,948.6113888888888,304.0,106.085
ZHO,975.9002777777777,307.0,106.085
ZHO,989.5447222222222,307.0,106.085
ZHO,1006.7113888888888,309.0,106.085
ZHO,1034.1780555555554,309.0,106.085
ZHO,1054.844722222222,310.0,106.085
ZHO,1079.033611111111,311.0,106.085
ZHO,1106.5002777777777,309.0,106.085
ZHO,1123.555833333333,307.0,106.085
ZHO,1160.9558333333332,306.0,106.085
ZHO,1187.8891666666666,303.0,106.085
ZHO,1214.733611111111,302.0,106.085
ZHO,1235.0002777777775,304.0,106.085
ZHO,1265.1002777777774,301.0,106.085
ZHO,1302.5852777777775,306.0,106.085
ZHO,1326.463055555555,307.0,106.085
ZHO,1353.9297222222217,309.0,106.085
ZHO,1384.8297222222216,309.0,106.085
ZHO,1402.051944444444,310.0,106.085
ZHO,1426.2408333333326,311.0,106.085
ZHO,1450.5074999999993,312.0,106.085
ZHO,1471.3741666666658,313.0,106.085
ZHO,1499.1074999999992,312.0,106.085
ZHO,1516.4647222222216,314.0,106.085
ZHO,1540.8869444444438,314.0,106.085
ZHO,1568.8869444444435,315.0,106.085
ZHO,1600.5869444444438,317.0,106.085
ZHO,1628.9424999999994,319.0,106.085
ZHO,1653.8313888888881,320.0,106.085
ZHO,1675.2313888888882,321.0,106.085
ZHO,1700.2758333333325,322.0,106.085
ZHO,1732.6758333333328,324.0,106.085
ZHO,1747.0758333333324,324.0,106.085
ZHO,1765.1869444444437,326.0,106.085
ZHO,1783.2980555555548,326.0,106.085
ZHO,1808.7313888888882,327.0,106.085
ZHO,1848.9424999999992,329.0,106.085
ZHO,1885.7008333333324,330.0,106.085
ZHO,1911.3674999999992,330.0,106.085
ZHO,1926.0786111111104,331.0,106.085
ZHO,1940.7897222222216,331.0,106.085
ZHO,1955.5008333333328,331.0,106.085
ZHO,1981.323055555555,332.0,106.085
ZHO,2022.023055555555,333.0,106.085
ZHO,2051.623055555555,333.0,106.085
ZHO,2077.600833333333,334.0,106.085
ZHO,2103.5786111111106,334.0,106.085
ZHO,2122.0966666666664,335.0,106.085
ZHO,2144.4299999999994,335.0,106.085
ZHO,2166.8299999999995,336.0,106.085
ZHO,2200.4299999999994,336.0,106.085
ZHO,2230.296666666666,336.0,106.085
ZHO,2245.185555555555,335.0,106.085
ZHO,2263.7966666666657,335.0,106.085
ZHO,2282.129999999999,330.0,106.085
ZHO,2302.0633333333326,299.0,106.085
ZHO,2316.729999999999,264.0,106.085
ZHO,2334.3855555555547,227.0,106.085
ZHO,2357.6077777777773,190.0,106.085
ZHO,2369.274444444444,175.0,106.085
ZHO,2378.663333333333,169.0,106.085
ZHO,2394.908333333333,162.0,106.085
ZHO,2401.930555555555,158.0,106.085
ZHO,2408.819444444444,155.0,106.085
ZHO,2422.5083333333328,154.0,106.085
ZHO,2429.397222222222,155.0,106.085
ZHO,2436.3749999999995,157.0,106.085
ZHO,2447.0416666666665,160.0,106.085
ZHO,2454.3305555555553,164.0,106.085
ZHO,2468.4638888888885,159.0,106.085
ZHO,2478.8638888888886,156.0,106.085
ZHO,2492.8194444444443,157.0,106.085
ZHO,2506.8638888888886,158.0,106.085
ZHO,2521.4416666666666,164.0,106.085
ZHO,2534.694166666666,171.0,106.085
ZHO,2546.560833333333,178.0,106.085
ZHO,2568.1163888888887,194.0,106.085
ZHO,2590.5608333333334,202.0,106.085
ZHO,2599.4941666666664,201.0,106.085
ZHO,2608.3830555555555,200.0,106.085
ZHO,2623.7052777777776,197.0,106.085
ZHO,2634.6497222222224,197.0,106.085
ZHO,2645.705277777778,199.0,106.085
ZHO,2657.038611111111,204.0,106.085
ZHO,2666.2830555555556,208.0,106.085
ZHO,2680.3497222222218,211.0,106.085
ZHO,2702.649722222222,223.0,106.085
ZHO,2715.316388888889,228.0,106.085
ZHO,2788.1863888888893,252.0,106.085
ZHO,2817.075277777778,260.0,106.085
ZHO,2828.808611111111,264.0,106.085
ZHO,2840.5419444444447,264.0,106.085
ZHO,2864.6308333333336,271.0,106.085
ZHO,2882.8975,274.0,106.085
ZHO,2912.1197222222227,263.0,106.085
ZHO,2922.6086111111113,236.0,106.085
ZHO,2934.4419444444447,213.0,106.085
ZHO,2951.1894444444447,189.0,106.085
ZHO,2961.3561111111117,183.0,106.085
ZHO,2979.4672222222225,163.0,106.085
ZHO,2987.8561111111117,151.0,106.085
ZHO,2997.9227777777783,151.0,106.085
ZHO,3008.578333333334,137.0,106.085
ZHO,3018.5338888888896,128.0,106.085
ZHO,3034.5338888888896,120.0,106.085
ZHO,3046.2338888888894,117.0,106.085
ZHO,3058.5338888888896,123.0,106.085
ZHO,3069.9116666666673,128.0,106.085
ZHO,3083.7500000000005,138.0,106.085
ZHO,3091.7500000000005,144.0,106.085
ZHO,3100.138888888889,151.0,106.085
ZHO,3108.9722222222226,159.0,106.085
ZHO,3118.3055555555557,168.0,106.085
ZHO,3132.3055555555557,180.0,106.085
ZHO,3140.4833333333336,184.0,106.085
ZHO,3162.7055555555557,200.0,106.085
ZHO,3174.1500000000005,206.0,106.085
ZHO,3190.8722222222223,215.0,106.085
ZHO,3208.061111111111,221.0,106.085
ZHO,3227.261111111111,216.0,106.085
ZHO,3249.9277777777775,204.0,106.085
ZHO,3258.805277777778,201.0,106.085
ZHO,3272.005277777778,198.0,106.085
ZHO,3289.6941666666667,199.0,106.085
ZHO,3310.5941666666668,209.0,106.085
ZHO,3322.205277777778,209.0,106.085
ZHO,3341.7608333333337,220.0,106.085
ZHO,3361.6719444444448,224.0,106.085
ZHO,3385.6719444444448,240.0,106.085
ZHO,3396.4275000000002,242.0,106.085
ZHO,3418.6497222222224,250.0,106.085
ZHO,3432.871944444445,256.0,106.085
ZHO,3447.2052777777785,258.0,106.085
ZHO,3476.834722222223,266.0,106.085
ZHO,3503.9347222222227,271.0,106.085
ZHO,3519.1013888888897,273.0,106.085
ZHO,3534.4902777777784,277.0,106.085
ZHO,3550.045833333334,280.0,106.085
ZHO,3562.579166666667,282.0,106.085
ZHO,3584.8236111111114,286.0,106.085
ZHO,3604.0236111111117,288.0,106.085
ZHO,3620.1902777777786,291.0,106.085
ZHO,3639.7236111111115,293.0,106.085
ZHO,3656.1125000000006,295.0,106.085
ZHO,3689.0013888888893,296.0,106.085
ZHO,3708.8013888888895,297.0,106.085
ZHO,3738.41888888889,297.0,106.085
ZHO,3751.3522222222227,291.0,106.085
ZHO,3773.285555555556,282.0,106.085
ZHO,3785.596666666667,277.0,106.085
ZHO,3806.596666666667,270.0,106.085
ZHO,3830.596666666667,270.0,106.085
ZHO,3842.5966666666673,270.0,106.085
ZHO,3869.8966666666674,273.0,106.085
ZHO,3900.563333333334,276.0,106.085
ZHO,3919.0300000000007,277.0,106.085
ZHO,3934.585555555556,280.0,106.085
ZHO,3959.6522222222225,282.0,106.085
ZHO,3975.374444444445,283.0,106.085
ZHO,3994.4536111111115,285.0,106.085
ZHO,4016.698055555556,286.0,106.085
ZHO,4045.598055555556,289.0,106.085
ZHO,4068.153611111112,290.0,106.085
ZHO,4090.864722222223,292.0,106.085
ZHO,4107.142500000001,293.0,106.085
ZHO,4126.809166666668,295.0,106.085
ZHO,4139.964722222223,296.0,106.085
ZHO,4169.764722222223,298.0,106.085
ZHO,4183.053611111112,299.0,106.085
ZHO,4203.120277777779,301.0,106.085
ZHO,4216.5425000000005,302.0,106.085
ZHO,4243.653611111112,305.0,106.085
ZHO,4274.168611111112,306.0,106.085
ZHO,4298.124166666667,308.0,106.085
ZHO,4318.724166666667,309.0,106.085
ZHO,4346.190833333334,309.0,106.085
ZHO,4377.635277777777,283.0,106.085
ZHO,4394.501944444445,253.0,106.085
ZHO,4407.2797222222225,230.0,106.085
ZHO,4416.835277777779,215.0,106.085
ZHO,4428.057500000001,202.0,106.085
ZHO,4440.790833333334,191.0,106.085
ZHO,4456.6130555555565,178.0,106.085
ZHO,4472.168611111112,175.0,106.085
ZHO,4483.683055555556,172.0,106.085
ZHO,4496.983055555556,171.0,106.085
ZHO,4512.094166666667,170.0,106.085
ZHO,4535.9608333333335,179.0,106.085
ZHO,4544.183055555555,185.0,106.085
ZHO,4552.494166666666,187.0,106.085
ZHO,4570.183055555555,199.0,106.085
ZHO,4579.027499999999,199.0,106.085
ZHO,4596.183055555555,193.0,106.085
ZHO,4606.683055555554,189.0,106.085
ZHO,4623.1275,185.0,106.085
ZHO,4639.749722222222,187.0,106.085
ZHO,4652.549722222222,192.0,106.085
ZHO,4677.182499999999,202.0,106.085
ZHO,4691.1825,210.0,106.085
ZHO,4703.182499999999,216.0,106.085
ZHO,4718.049166666666,223.0,106.085
ZHO,4738.315833333332,228.0,106.085
ZHO,4753.982499999999,235.0,106.085
ZHO,4772.80472222222,242.0,106.085
ZHO,4791.938055555554,246.0,106.085
ZHO,4814.515833333332,254.0,106.085
ZHO,4837.738055555554,209.0,106.085
ZHO,4859.788055555554,180.0,106.085
ZHO,4874.988055555555,171.0,106.085
ZHO,4883.988055555555,162.0,106.085
ZHO,4894.588055555554,159.0,106.085
ZHO,4906.64361111111,155.0,106.085
ZHO,4913.44361111111,153.0,106.085
ZHO,4920.24361111111,153.0,106.085
ZHO,4928.910277777777,156.0,106.085
ZHO,4943.488055555556,164.0,106.085
ZHO,4954.621388888889,167.0,106.085
ZHO,4968.543611111111,179.0,106.085
ZHO,4980.943611111111,186.0,106.085
ZHO,5000.643611111111,197.0,106.085
ZHO,5009.843611111111,207.0,106.085
ZHO,5024.110277777778,214.0,106.085
ZHO,5038.715833333334,220.0,106.085
ZHO,5051.271388888888,226.0,106.085
ZHO,5069.315833333333,232.0,106.085
ZHO,5082.4825,237.0,106.085
ZHO,5093.060277777778,238.0,106.085
ZHO,5103.815833333334,242.0,106.085
ZHO,5122.87138888889,245.0,106.085
ZHO,5139.471388888889,249.0,106.085
ZHO,5150.626944444444,251.0,106.085
ZHO,5164.738055555556,254.0,106.085
ZHO,5187.404722222222,255.0,106.085
ZHO,5198.871388888889,258.0,106.085
ZHO,5228.0552777777775,262.0,106.085
ZHO,5254.655277777778,266.0,106.085
ZHO,5275.5775,269.0,106.085
ZHO,5299.844166666667,273.0,106.085
ZHO,5321.233055555555,275.0,106.085
ZHO,5342.855277777778,278.0,106.085
ZHO,5361.588611111112,281.0,106.085
ZHO,5380.3886111111115,282.0,106.085
ZHO,5402.477500000001,284.0,106.085
ZHO,5415.144166666667,285.0,106.085
ZHO,5427.899722222222,287.0,106.085
ZHO,5453.499722222223,288.0,106.085
ZHO,5466.344166666667,289.0,106.085
ZHO,5482.566388888889,292.0,106.085
ZHO,5505.355277777779,293.0,106.085
ZHO,5518.333055555556,292.0,106.085
ZHO,5554.306666666666,295.0,106.085
ZHO,5567.417777777779,295.0,106.085
ZHO,5587.217777777778,297.0,106.085
ZHO,5603.7733333333335,298.0,106.085
ZHO,5623.706666666666,299.0,106.085
ZHO,5663.84,301.0,106.085
ZHO,5683.973333333333,302.0,106.085
ZHO,5700.917777777778,305.0,106.085
ZHO,5717.862222222222,305.0,106.085
ZHO,5738.195555555555,305.0,106.085
ZHO,5762.0025,305.0,106.085
ZHO,5785.880277777777,307.0,106.085
ZHO,5813.169166666666,307.0,106.085
ZHO,5837.124722222221,308.0,106.085
ZHO,5854.124722222221,306.0,106.085
ZHO,5867.81361111111,308.0,106.085
ZHO,5891.769166666665,308.0,106.085
ZHO,5915.646944444443,307.0,106.085
ZHO,5942.935833333332,307.0,106.085
ZHO,5963.402499999998,307.0,106.085
ZHO,5980.569166666665,309.0,106.085
ZHO,6011.3691666666655,308.0,106.085
ZHO,6035.402499999999,309.0,106.085
ZHO,6049.180277777777,310.0,106.085
ZHO,6076.735833333331,310.0,106.085
ZHO,6097.402499999999,310.0,106.085
ZHO,6121.3499999999985,309.0,106.085
ZHO,6148.638888888887,307.0,106.085
ZHO,6172.3611111111095,305.0,106.085
ZHO,6199.383333333332,304.0,106.085
ZHO,6219.649999999999,304.0,106.085
ZHO,6246.76111111111,305.0,106.085
ZHO,6273.87222222222,305.0,106.085
ZHO,6294.272222222221,306.0,106.085
ZHO,6318.313333333332,308.0,106.085
ZHO,6349.0133333333315,307.0,106.085
ZHO,6366.124444444443,308.0,106.085
ZHO,6383.235555555554,308.0,106.085
ZHO,6400.29111111111,307.0,106.085
ZHO,6441.3577777777755,308.0,106.085
ZHO,6472.257777777775,309.0,106.085
ZHO,6509.90222222222,308.0,106.085
ZHO,6523.591111111109,308.0,106.085
ZHO,6544.1911111111085,309.0,106.085
ZHO,6564.724444444441,308.0,106.085
ZHO,6578.1911111111085,303.0,106.085
ZHO,6607.257777777774,218.0,106.085
ZHO,6616.41333333333,206.0,106.085
ZHO,6627.679999999997,169.0,106.085
ZHO,6641.2422222222185,136.0,106.085
ZHO,6646.708888888886,123.0,106.085
ZHO,6656.808888888886,101.0,106.085
ZHO,6662.142222222219,96.0,106.085
ZHO,6670.142222222219,90.0,106.085
ZHO,6677.786666666663,86.0,106.085
ZHO,6683.319999999997,83.0,106.085
ZHO,6690.164444444441,77.0,106.085
ZHO,6693.586666666663,77.0,106.085
ZHO,6699.831111111108,80.0,106.085
ZHO,6705.231111111108,81.0,106.085
ZHO,6712.0755555555525,88.0,106.085
ZHO,6717.742222222219,85.0,106.085
ZHO,6724.04222222222,81.0,106.085
ZHO,6733.086666666664,74.0,106.085
ZHO,6739.575555555553,73.0,106.085
ZHO,6742.819999999998,73.0,106.085
ZHO,6748.7311111111085,76.0,106.085
ZHO,6754.797777777775,78.0,106.085
ZHO,6759.353333333331,82.0,106.085
ZHO,6764.075555555553,85.0,106.085
ZHO,6776.419999999997,101.0,106.085
ZHO,6782.64222222222,112.0,106.085
ZHO,6795.14222222222,125.0,106.085
ZHO,6802.697777777776,136.0,106.085
ZHO,6812.722499999997,151.0,106.085
ZHO,6824.933611111108,157.0,106.085
ZHO,6842.8336111111075,179.0,106.085
ZHO,6851.14472222222,187.0,106.085
ZHO,6868.744722222219,198.0,106.085
ZHO,6884.844722222219,207.0,106.085
ZHO,6906.344722222219,215.0,106.085
ZHO,6923.5949999999975,221.0,106.085
STR,12.987222222222222,241.0,106.256
STR,32.19833333333333,247.0,106.256
STR,46.01777777777778,250.0,106.256
STR,66.1561111111111,258.0,106.256
STR,80.6561111111111,261.0,106.256
STR,98.38944444444444,266.0,106.256
STR,116.38944444444444,270.0,106.256
STR,140.56722222222223,272.0,106.256
STR,171.67833333333334,280.0,106.256
STR,196.745,282.0,106.256
STR,215.67833333333334,284.0,106.256
STR,231.51166666666666,285.0,106.256
STR,253.9116666666667,288.0,106.256
STR,273.8227777777778,256.0,106.256
STR,290.31166666666667,212.0,106.256
STR,299.7338888888889,212.0,106.256
STR,309.67833333333334,179.0,106.256
STR,318.6227777777778,161.0,106.256
STR,331.6227777777778,130.0,106.256
STR,344.06722222222226,112.0,106.256
STR,356.2894444444445,100.0,106.256
STR,360.4227777777778,93.0,106.256
STR,365.3116666666667,88.0,106.256
STR,371.6894444444445,82.0,106.256
STR,375.33388888888896,82.0,106.256
STR,378.7561111111112,77.0,106.256
STR,384.43388888888893,73.0,106.256
STR,390.90250000000003,73.0,106.256
STR,394.2566666666667,75.0,106.256
STR,401.4566666666667,81.0,106.256
STR,408.6122222222223,92.0,106.256
STR,419.01222222222225,104.0,106.256
STR,427.95666666666665,115.0,106.256
STR,439.5122222222222,130.0,106.256
STR,455.7344444444444,146.0,106.256
STR,464.28999999999996,154.0,106.256
STR,471.53444444444443,163.0,106.256
STR,485.30111111111114,177.0,106.256
STR,499.69,185.0,106.256
STR,512.89,198.0,106.256
STR,531.4677777777778,209.0,106.256
STR,541.0233333333333,215.0,106.256
STR,553.3566666666666,222.0,106.256
STR,571.0899999999999,228.0,106.256
STR,589.0566666666666,231.0,106.256
STR,605.2566666666667,243.0,106.256
STR,627.5677777777777,251.0,106.256
STR,641.7344444444444,255.0,106.256
STR,658.8011111111111,256.0,106.256
STR,679.3344444444444,264.0,106.256
STR,706.3344444444444,270.0,106.256
STR,737.0011111111112,276.0,106.256
STR,761.8900000000001,280.0,106.256
STR,786.9566666666668,282.0,106.256
STR,818.9566666666668,288.0,106.256
STR,831.8455555555557,290.0,106.256
STR,844.7788888888891,291.0,106.256
STR,867.7233333333335,295.0,106.256
STR,887.4566666666668,296.0,106.256
STR,920.7900000000002,300.0,106.256
STR,937.5122222222224,301.0,106.256
STR,957.7122222222222,303.0,106.256
STR,991.6011111111112,305.0,106.256
STR,1022.2011111111111,306.0,106.256
STR,1049.49,307.0,106.256
STR,1076.778888888889,307.0,106.256
STR,1093.8344444444444,307.0,106.256
STR,1117.6344444444446,306.0,106.256
STR,1144.478888888889,302.0,106.256
STR,1164.5455555555557,301.0,106.256
STR,1194.3455555555556,298.0,106.256
STR,1217.5233333333335,298.0,106.256
STR,1230.767777777778,298.0,106.256
STR,1244.1011111111113,300.0,106.256
STR,1264.167777777778,301.0,106.256
STR,1280.89,301.0,106.256
STR,1304.462777777778,302.0,106.256
STR,1317.8011111111111,302.0,106.256
STR,1334.6344444444444,303.0,106.256
STR,1361.7455555555555,305.0,106.256
STR,1382.1455555555556,306.0,106.256
STR,1395.7455555555555,306.0,106.256
STR,1429.8566666666666,307.0,106.256
STR,1443.501111111111,307.0,106.256
STR,1464.0344444444443,308.0,106.256
STR,1481.1455555555556,308.0,106.256
STR,1519.0344444444443,310.0,106.256
STR,1550.0344444444443,310.0,106.256
STR,1567.3122222222223,311.0,106.256
STR,1598.4122222222222,311.0,106.256
STR,1615.8566666666666,314.0,106.256
STR,1636.7233333333331,313.0,106.256
STR,1654.2233333333334,315.0,106.256
STR,1678.7233333333331,315.0,106.256
STR,1703.3788888888887,317.0,106.256
STR,1717.4677777777777,317.0,106.256
STR,1735.1344444444442,318.0,106.256
STR,1756.3344444444444,318.0,106.256
STR,1770.5122222222221,319.0,106.256
STR,1798.9566666666663,320.0,106.256
STR,1816.7899999999997,321.0,106.256
STR,1834.6788888888887,322.0,106.256
STR,1859.7233333333331,322.0,106.256
STR,1884.9352777777774,323.0,106.256
STR,1906.3788888888885,323.0,106.256
STR,1920.734444444444,323.0,106.256
STR,1935.0899999999997,323.0,106.256
STR,1953.0899999999997,324.0,106.256
STR,1981.8899999999996,324.0,106.256
STR,2018.1122222222218,326.0,106.256
STR,2032.6011111111106,326.0,106.256
STR,2047.0899999999995,326.0,106.256
STR,2072.445555555555,326.0,106.256
STR,2086.934444444444,326.0,106.256
STR,2116.0011111111107,327.0,106.256
STR,2134.1677777777772,327.0,106.256
STR,2152.3344444444438,327.0,106.256
STR,2166.867777777777,327.0,106.256
STR,2188.7344444444434,328.0,106.256
STR,2206.956666666666,328.0,106.256
STR,2228.8233333333324,328.0,106.256
STR,2257.889999999999,327.0,106.256
STR,2283.167777777777,325.0,106.256
STR,2307.90111111111,318.0,106.256
STR,2328.667777777777,267.0,106.256
STR,2346.4011111111104,228.0,106.256
STR,2369.5011111111103,189.0,106.256
STR,2383.5011111111103,180.0,106.256
STR,2394.7011111111105,168.0,106.256
STR,2403.801944444444,163.0,106.256
STR,2419.501944444444,157.0,106.256
STR,2426.215277777777,152.0,106.256
STR,2438.2708333333326,155.0,106.256
STR,2447.1597222222213,160.0,106.256
STR,2459.3708333333325,157.0,106.256
STR,2469.6374999999994,154.0,106.256
STR,2476.1708333333327,147.0,106.256
STR,2487.3708333333325,144.0,106.256
STR,2495.3708333333325,144.0,106.256
STR,2506.8819444444434,148.0,106.256
STR,2524.326388888888,157.0,106.256
STR,2533.54861111111,166.0,106.256
STR,2541.1930555555546,172.0,106.256
STR,2557.4597222222214,183.0,106.256
STR,2574.2597222222216,189.0,106.256
STR,2587.2597222222216,195.0,106.256
STR,2598.037499999999,194.0,106.256
STR,2606.6597222222213,194.0,106.256
STR,2617.3819444444434,193.0,106.256
STR,2632.54861111111,195.0,106.256
STR,2643.54861111111,198.0,106.256
STR,2652.4374999999986,200.0,106.256
STR,2663.8819444444434,206.0,106.256
STR,2678.0152777777766,212.0,106.256
STR,2689.904166666666,214.0,106.256
STR,2707.1708333333327,222.0,106.256
STR,2733.2358333333323,234.0,106.256
STR,2749.1691666666657,239.0,106.256
STR,2790.7663888888883,250.0,106.256
STR,2807.966388888888,258.0,106.256
STR,2819.5219444444438,260.0,106.256
STR,2845.821944444444,263.0,106.256
STR,2860.6552777777774,267.0,106.256
STR,2893.7774999999997,271.0,106.256
STR,2917.1552777777774,263.0,106.256
STR,2927.733055555555,238.0,106.256
STR,2942.8663888888887,227.0,106.256
STR,2954.4775,209.0,106.256
STR,2966.410833333333,179.0,106.256
STR,2974.3663888888887,179.0,106.256
STR,2984.899722222222,158.0,106.256
STR,2993.3441666666663,152.0,106.256
STR,3012.2663888888887,131.0,106.256
STR,3024.566388888889,123.0,106.256
STR,3031.288611111111,121.0,106.256
STR,3037.8441666666668,118.0,106.256
STR,3045.5108333333333,115.0,106.256
STR,3050.755277777778,118.0,106.256
STR,3069.3886111111115,129.0,106.256
STR,3080.121944444445,138.0,106.256
STR,3093.4077777777784,149.0,106.256
STR,3100.163333333334,152.0,106.256
STR,3111.163333333334,165.0,106.256
STR,3133.2352777777783,181.0,106.256
STR,3141.6352777777784,189.0,106.256
STR,3154.701944444445,196.0,106.256
STR,3163.6352777777784,201.0,106.256
STR,3179.968611111112,210.0,106.256
STR,3196.4575000000004,212.0,106.256
STR,3210.8575000000005,216.0,106.256
STR,3220.368611111112,214.0,106.256
STR,3240.5686111111117,202.0,106.256
STR,3260.2686111111116,197.0,106.256
STR,3275.5908333333336,197.0,106.256
STR,3289.0575,202.0,106.256
STR,3302.7908333333335,206.0,106.256
STR,3314.401944444445,209.0,106.256
STR,3329.0686111111113,220.0,106.256
STR,3338.935277777778,222.0,106.256
STR,3356.201944444445,222.0,106.256
STR,3374.7130555555564,238.0,106.256
STR,3399.2130555555564,245.0,106.256
STR,3415.9463888888895,251.0,106.256
STR,3430.1130555555565,255.0,106.256
STR,3450.4130555555566,261.0,106.256
STR,3465.0241666666675,263.0,106.256
STR,3489.010000000001,269.0,106.256
STR,3507.143333333334,272.0,106.256
STR,3525.6100000000006,277.0,106.256
STR,3544.1325,279.0,106.256
STR,3562.8658333333337,281.0,106.256
STR,3578.6436111111116,284.0,106.256
STR,3604.2436111111115,288.0,106.256
STR,3620.3547222222223,290.0,106.256
STR,3639.7547222222224,291.0,106.256
STR,3652.7325000000005,292.0,106.256
STR,3678.9547222222227,295.0,106.256
STR,3701.9769444444446,296.0,106.256
STR,3725.2325,299.0,106.256
STR,3758.1213888888888,296.0,106.256
STR,3783.8102777777776,289.0,106.256
STR,3806.2102777777777,288.0,106.256
STR,3825.3436111111114,287.0,106.256
STR,3856.5658333333336,281.0,106.256
STR,3872.176944444445,281.0,106.256
STR,3891.043611111111,283.0,106.256
STR,3919.743611111112,287.0,106.256
STR,3948.243611111112,285.0,106.256
STR,3967.3769444444447,287.0,106.256
STR,3993.056944444445,288.0,106.256
STR,4022.156944444445,291.0,106.256
STR,4035.090277777778,291.0,106.256
STR,4051.3125000000005,292.0,106.256
STR,4074.02,293.0,106.256
STR,4096.886666666666,294.0,106.256
STR,4119.908888888888,296.0,106.256
STR,4149.608888888888,297.0,106.256
STR,4166.219999999999,299.0,106.256
STR,4192.975555555555,301.0,106.256
STR,4206.397777777776,302.0,106.256
STR,4250.308888888888,304.0,106.256
STR,4274.108888888887,306.0,106.256
STR,4297.986666666665,307.0,106.256
STR,4321.8644444444435,307.0,106.256
STR,4345.664444444443,306.0,106.256
STR,4359.264444444444,306.0,106.256
STR,4379.064444444443,297.0,106.256
STR,4401.197777777777,249.0,106.256
STR,4423.897777777777,227.0,106.256
STR,4469.13111111111,177.0,106.256
STR,4480.464444444444,170.0,106.256
STR,4500.064444444444,160.0,106.256
STR,4512.664444444445,162.0,106.256
STR,4529.464444444445,168.0,106.256
STR,4541.016111111111,174.0,106.256
STR,4553.016111111112,180.0,106.256
STR,4569.727222222223,188.0,106.256
STR,4584.816111111111,194.0,106.256
STR,4599.749444444445,192.0,106.256
STR,4618.549444444445,188.0,106.256
STR,4633.249444444445,189.0,106.256
STR,4641.7827777777775,192.0,106.256
STR,4661.7827777777775,200.0,106.256
STR,4670.804999999999,203.0,106.256
STR,4680.049444444445,208.0,106.256
STR,4696.849444444445,216.0,106.256
STR,4721.960555555555,226.0,106.256
STR,4737.293888888889,230.0,106.256
STR,4755.493888888889,234.0,106.256
STR,4774.238333333333,241.0,106.256
STR,4793.371666666666,246.0,106.256
STR,4804.349444444444,247.0,106.256
STR,4818.182777777776,249.0,106.256
STR,4832.982777777776,222.0,106.256
STR,4842.360555555554,211.0,106.256
STR,4853.749444444443,205.0,106.256
STR,4867.877499999998,181.0,106.256
STR,4879.277499999998,171.0,106.256
STR,4888.333055555554,163.0,106.256
STR,4898.533055555554,153.0,106.256
STR,4910.313055555554,152.0,106.256
STR,4923.46861111111,148.0,106.256
STR,4930.1352777777765,150.0,106.256
STR,4945.735277777777,156.0,106.256
STR,4953.024166666665,164.0,106.256
STR,4962.690833333332,174.0,106.256
STR,4974.757499999999,181.0,106.256
STR,4983.201944444444,190.0,106.256
STR,5001.06861111111,201.0,106.256
STR,5010.179722222221,205.0,106.256
STR,5024.513055555555,215.0,106.256
STR,5046.913055555555,224.0,106.256
STR,5059.579722222221,228.0,106.256
STR,5085.913055555555,237.0,106.256
STR,5110.113055555555,242.0,106.256
STR,5123.724166666666,245.0,106.256
STR,5137.446388888889,247.0,106.256
STR,5148.601944444444,251.0,106.256
STR,5162.546388888888,251.0,106.256
STR,5176.657499999999,254.0,106.256
STR,5187.990833333332,255.0,106.256
STR,5210.924166666665,258.0,106.256
STR,5225.368611111109,260.0,106.256
STR,5304.021944444442,272.0,106.256
STR,5325.410833333331,275.0,106.256
STR,5337.600833333331,276.0,106.256
STR,5356.067499999997,277.0,106.256
STR,5374.667499999998,279.0,106.256
STR,5402.867499999998,282.0,106.256
STR,5441.00083333333,286.0,106.256
STR,5456.945277777774,287.0,106.256
STR,5482.811944444442,291.0,106.256
STR,5502.2119444444415,291.0,106.256
STR,5515.189722222219,292.0,106.256
STR,5544.589722222218,294.0,106.256
STR,5570.811944444441,295.0,106.256
STR,5584.011944444441,297.0,106.256
STR,5613.811944444441,298.0,106.256
STR,5640.478611111107,300.0,106.256
STR,5663.889722222219,301.0,106.256
STR,5700.800833333331,302.0,106.256
STR,5731.200833333331,304.0,106.256
STR,5748.089722222218,304.0,106.256
STR,5781.951944444441,304.0,106.256
STR,5822.618611111107,305.0,106.256
STR,5836.174166666664,305.0,106.256
STR,5863.196388888886,304.0,106.256
STR,5880.0852777777745,304.0,106.256
STR,5893.556111111107,305.0,106.256
STR,5917.200555555552,304.0,106.256
STR,5944.400555555552,306.0,106.256
STR,5957.956111111108,305.0,106.256
STR,5978.289444444441,305.0,106.256
STR,5995.289444444441,306.0,106.256
STR,6015.6894444444415,306.0,106.256
STR,6039.489444444442,306.0,106.256
STR,6059.956111111108,307.0,106.256
STR,6087.244999999996,307.0,106.256
STR,6111.044999999996,306.0,106.256
STR,6131.37833333333,305.0,106.256
STR,6165.156111111108,304.0,106.256
STR,6185.3561111111085,303.0,106.256
STR,6218.911666666663,302.0,106.256
STR,6232.3783333333295,303.0,106.256
STR,6249.211666666663,303.0,106.256
STR,6272.77833333333,303.0,106.256
STR,6286.289444444441,304.0,106.256
STR,6306.622777777775,305.0,106.256
STR,6330.507777777774,306.0,106.256
STR,6350.907777777775,306.0,106.256
STR,6364.552222222219,307.0,106.256
STR,6388.429999999997,307.0,106.256
STR,6415.8077777777735,308.0,106.256
STR,6432.918888888885,308.0,106.256
STR,6453.518888888885,309.0,106.256
STR,6477.311388888885,307.0,106.256
STR,6504.5113888888845,306.0,106.256
STR,6521.455833333329,305.0,106.256
STR,6558.3669444444395,302.0,106.256
STR,6577.633611111107,289.0,106.256
STR,6601.633611111107,240.0,106.256
STR,6616.878055555551,196.0,106.256
STR,6625.144722222218,186.0,106.256
STR,6633.811388888885,156.0,106.256
STR,6643.344722222218,143.0,106.256
STR,6655.444722222218,121.0,106.256
STR,6660.822499999996,121.0,106.256
STR,6665.578055555551,107.0,106.256
STR,6674.46694444444,100.0,106.256
STR,6678.46694444444,90.0,106.256
STR,6689.733611111106,78.0,106.256
STR,6696.400277777773,75.0,106.256
STR,6699.6891666666625,74.0,106.256
STR,6706.554999999996,77.0,106.256
STR,6710.021666666663,78.0,106.256
STR,6713.666111111107,82.0,106.256
STR,6720.866111111107,81.0,106.256
STR,6727.79944444444,78.0,106.256
STR,6730.99944444444,72.0,106.256
STR,6735.666111111107,70.0,106.256
STR,6739.424999999996,68.0,106.256
STR,6743.091666666663,66.0,106.256
STR,6748.380555555552,68.0,106.256
STR,6751.447222222218,69.0,106.256
STR,6755.447222222218,72.0,106.256
STR,6758.913888888885,78.0,106.256
STR,6765.75833333333,88.0,106.256
STR,6771.036111111108,95.0,106.256
STR,6778.236111111108,108.0,106.256
STR,6787.336111111107,117.0,106.256
STR,6796.136111111107,132.0,106.256
STR,6805.602777777774,142.0,106.256
STR,6812.358333333329,152.0,106.256
STR,6826.66944444444,161.0,106.256
STR,6844.86944444444,182.0,106.256
STR,6859.647222222218,190.0,106.256
STR,6887.380555555552,208.0,106.256
STR,6904.024999999996,214.0,106.256
STR,6916.413888888884,223.0,106.256
STR,6934.366666666662,230.0,106.256
MSC,0.06583333333333333,237.0,106.342
MSC,24.26583333333333,242.0,106.342
MSC,52.043611111111105,250.0,106.342
MSC,83.82138888888889,260.0,106.342
MSC,95.51027777777777,263.0,106.342
MSC,110.3436111111111,267.0,106.342
MSC,131.3436111111111,270.0,106.342
MSC,143.52138888888888,274.0,106.342
MSC,155.78805555555556,276.0,106.342
MSC,177.56583333333333,280.0,106.342
MSC,202.64277777777778,283.0,106.342
MSC,215.29916666666668,283.0,106.342
MSC,240.63250000000005,285.0,106.342
MSC,261.63250000000005,270.0,106.342
MSC,285.5325,239.0,106.342
MSC,300.2325,189.0,106.342
MSC,314.63250000000005,162.0,106.342
MSC,329.9658333333334,138.0,106.342
MSC,336.68805555555565,121.0,106.342
MSC,341.84361111111116,116.0,106.342
MSC,349.7769444444445,102.0,106.342
MSC,357.3213888888889,97.0,106.342
MSC,363.25472222222226,89.0,106.342
MSC,370.8991666666667,86.0,106.342
MSC,374.63250000000005,84.0,106.342
MSC,379.13250000000005,81.0,106.342
MSC,385.04361111111115,76.0,106.342
MSC,391.1102777777778,78.0,106.342
MSC,396.5102777777778,81.0,106.342
MSC,404.4213888888889,89.0,106.342
MSC,409.69916666666666,95.0,106.342
MSC,416.49916666666667,102.0,106.342
MSC,425.52138888888885,116.0,106.342
MSC,439.02138888888885,135.0,106.342
MSC,455.7991666666666,151.0,106.342
MSC,470.9991666666666,171.0,106.342
MSC,486.9991666666666,180.0,106.342
MSC,509.22138888888884,200.0,106.342
MSC,518.4213888888888,207.0,106.342
MSC,527.6213888888888,207.0,106.342
MSC,544.5769444444444,218.0,106.342
MSC,559.9102777777778,230.0,106.342
MSC,586.5769444444445,240.0,106.342
MSC,599.9102777777778,240.0,106.342
MSC,616.5769444444444,250.0,106.342
MSC,645.1324999999999,257.0,106.342
MSC,671.5324999999999,264.0,106.342
MSC,695.3547222222221,268.0,106.342
MSC,719.7102777777777,274.0,106.342
MSC,735.043611111111,276.0,106.342
MSC,756.8991666666665,281.0,106.342
MSC,782.2324999999998,285.0,106.342
MSC,801.3658333333332,287.0,106.342
MSC,830.4658333333331,291.0,106.342
MSC,853.3324999999999,294.0,106.342
MSC,866.3991666666666,294.0,106.342
MSC,879.5547222222222,296.0,106.342
MSC,899.4880555555553,299.0,106.342
MSC,916.1547222222221,300.0,106.342
MSC,939.6494444444442,301.0,106.342
MSC,953.0319444444443,303.0,106.342
MSC,969.8652777777776,303.0,106.342
MSC,997.0652777777776,306.0,106.342
MSC,1017.4652777777775,306.0,106.342
MSC,1031.0652777777775,306.0,106.342
MSC,1065.0652777777773,306.0,106.342
MSC,1078.6652777777772,306.0,106.342
MSC,1098.9986111111107,305.0,106.342
MSC,1115.831944444444,303.0,106.342
MSC,1152.4986111111107,300.0,106.342
MSC,1182.2986111111106,298.0,106.342
MSC,1198.854166666666,298.0,106.342
MSC,1228.854166666666,300.0,106.342
MSC,1245.5208333333326,300.0,106.342
MSC,1265.5874999999994,301.0,106.342
MSC,1282.3097222222216,301.0,106.342
MSC,1305.7986111111106,302.0,106.342
MSC,1329.2874999999992,302.0,106.342
MSC,1342.754166666666,303.0,106.342
MSC,1359.643055555555,304.0,106.342
MSC,1379.9763888888883,305.0,106.342
MSC,1393.4874999999995,304.0,106.342
MSC,1420.6874999999995,306.0,106.342
MSC,1437.743055555555,307.0,106.342
MSC,1454.854166666666,308.0,106.342
MSC,1478.8097222222218,308.0,106.342
MSC,1502.9288888888884,309.0,106.342
MSC,1523.5758333333329,311.0,106.342
MSC,1537.3536111111107,310.0,106.342
MSC,1551.1313888888885,310.0,106.342
MSC,1568.4091666666664,311.0,106.342
MSC,1596.1424999999997,312.0,106.342
MSC,1631.1425,315.0,106.342
MSC,1645.1425,315.0,106.342
MSC,1659.1869444444442,316.0,106.342
MSC,1683.8424999999997,317.0,106.342
MSC,1697.9758333333332,318.0,106.342
MSC,1726.5091666666665,321.0,106.342
MSC,1744.286944444444,320.0,106.342
MSC,1762.2313888888884,323.0,106.342
MSC,1776.498055555555,321.0,106.342
MSC,1797.964722222222,322.0,106.342
MSC,1815.853611111111,322.0,106.342
MSC,1837.3869444444442,323.0,106.342
MSC,1866.1869444444442,324.0,106.342
MSC,1891.464722222222,325.0,106.342
MSC,1916.8202777777776,326.0,106.342
MSC,1942.175833333333,326.0,106.342
MSC,1967.6869444444442,328.0,106.342
MSC,2007.7758333333331,328.0,106.342
MSC,2033.4424999999997,330.0,106.342
MSC,2055.3091666666664,328.0,106.342
MSC,2073.6783333333333,329.0,106.342
MSC,2106.6783333333333,330.0,106.342
MSC,2121.253333333333,330.0,106.342
MSC,2146.92,330.0,106.342
MSC,2165.2533333333336,330.0,106.342
MSC,2190.997777777778,331.0,106.342
MSC,2212.997777777778,330.0,106.342
MSC,2227.6200000000003,329.0,106.342
MSC,2253.1311111111117,328.0,106.342
MSC,2271.2977777777783,327.0,106.342
MSC,2296.4977777777785,324.0,106.342
MSC,2323.831111111112,246.0,106.342
MSC,2336.7755555555564,233.0,106.342
MSC,2346.1533333333346,211.0,106.342
MSC,2362.775555555557,187.0,106.342
MSC,2378.2422222222235,174.0,106.342
MSC,2389.30888888889,166.0,106.342
MSC,2398.1977777777793,160.0,106.342
MSC,2405.264444444446,159.0,106.342
MSC,2413.8200000000015,154.0,106.342
MSC,2425.564444444446,151.0,106.342
MSC,2433.9533333333347,151.0,106.342
MSC,2440.7088888888907,152.0,106.342
MSC,2449.5977777777794,160.0,106.342
MSC,2460.464444444446,163.0,106.342
MSC,2469.631111111113,165.0,106.342
MSC,2482.231111111113,162.0,106.342
MSC,2500.164722222224,161.0,106.342
MSC,2511.031388888891,163.0,106.342
MSC,2538.9847222222243,168.0,106.342
MSC,2550.6513888888912,175.0,106.342
MSC,2558.5625000000027,178.0,106.342
MSC,2577.2625000000025,187.0,106.342
MSC,2587.54027777778,185.0,106.342
MSC,2610.1513888888912,185.0,106.342
MSC,2626.5958333333356,185.0,106.342
MSC,2634.9069444444467,187.0,106.342
MSC,2647.7736111111135,193.0,106.342
MSC,2658.773611111113,198.0,106.342
MSC,2672.2402777777797,202.0,106.342
MSC,2681.4847222222243,208.0,106.342
MSC,2695.8180555555573,215.0,106.342
MSC,2707.9847222222243,219.0,106.342
MSC,2741.495833333335,232.0,106.342
MSC,2765.595833333335,241.0,106.342
MSC,2779.262500000002,246.0,106.342
MSC,2793.206944444447,251.0,106.342
MSC,2810.073611111113,253.0,106.342
MSC,2821.5402777777804,258.0,106.342
MSC,2859.8180555555577,265.0,106.342
MSC,2880.74027777778,269.0,106.342
MSC,2904.9936111111138,272.0,106.342
MSC,2916.3713888888915,256.0,106.342
MSC,2931.6380555555584,229.0,106.342
MSC,2955.2952777777805,194.0,106.342
MSC,2963.250833333336,179.0,106.342
MSC,2974.784166666669,173.0,106.342
MSC,2981.7619444444467,157.0,106.342
MSC,2993.117500000002,146.0,106.342
MSC,3003.69527777778,136.0,106.342
MSC,3012.4952777777803,132.0,106.342
MSC,3018.1397222222245,127.0,106.342
MSC,3030.1397222222245,120.0,106.342
MSC,3041.9397222222246,118.0,106.342
MSC,3051.5063888888913,123.0,106.342
MSC,3059.973055555558,127.0,106.342
MSC,3068.773055555558,132.0,106.342
MSC,3076.384166666669,137.0,106.342
MSC,3086.050833333336,145.0,106.342
MSC,3092.673055555558,149.0,106.342
MSC,3104.884166666669,157.0,106.342
MSC,3117.79527777778,166.0,106.342
MSC,3135.79527777778,180.0,106.342
MSC,3148.461944444447,190.0,106.342
MSC,3159.406388888892,197.0,106.342
MSC,3175.1175000000026,202.0,106.342
MSC,3187.0063888888917,214.0,106.342
MSC,3206.5338888888914,219.0,106.342
MSC,3221.0672222222247,218.0,106.342
MSC,3235.000555555558,209.0,106.342
MSC,3248.61027777778,205.0,106.342
MSC,3261.8102777777804,198.0,106.342
MSC,3272.754722222225,197.0,106.342
MSC,3290.3547222222246,198.0,106.342
MSC,3301.576944444447,202.0,106.342
MSC,3315.4436111111136,208.0,106.342
MSC,3324.6880555555576,208.0,106.342
MSC,3344.3325000000023,221.0,106.342
MSC,3362.1436111111134,229.0,106.342
MSC,3380.3436111111137,234.0,106.342
MSC,3407.4547222222245,244.0,106.342
MSC,3429.7658333333356,251.0,106.342
MSC,3449.6769444444467,256.0,106.342
MSC,3467.01027777778,260.0,106.342
MSC,3496.788055555558,268.0,106.342
MSC,3511.7880555555575,270.0,106.342
MSC,3529.854722222224,271.0,106.342
MSC,3557.7547222222242,279.0,106.342
MSC,3586.0547222222244,283.0,106.342
MSC,3605.0547222222244,285.0,106.342
MSC,3630.823888888891,289.0,106.342
MSC,3659.923888888891,291.0,106.342
MSC,3672.946111111113,293.0,106.342
MSC,3689.335000000002,295.0,106.342
MSC,3712.197500000002,295.0,106.342
MSC,3735.297500000002,297.0,106.342
MSC,3758.008611111113,292.0,106.342
MSC,3786.8086111111134,288.0,106.342
MSC,3802.5863888888907,284.0,106.342
MSC,3827.386388888891,279.0,106.342
MSC,3839.8308333333357,280.0,106.342
MSC,3879.697500000002,276.0,106.342
MSC,3901.3975000000023,279.0,106.342
MSC,3923.17527777778,280.0,106.342
MSC,3945.1086111111135,282.0,106.342
MSC,3967.119722222225,283.0,106.342
MSC,3979.6975000000025,283.0,106.342
MSC,3998.830833333336,287.0,106.342
MSC,4024.430833333336,288.0,106.342
MSC,4053.230833333336,288.0,106.342
MSC,4128.1086111111135,293.0,106.342
MSC,4147.77527777778,295.0,106.342
MSC,4184.28027777778,298.0,106.342
MSC,4207.613611111113,300.0,106.342
MSC,4237.913611111113,303.0,106.342
MSC,4257.963055555557,302.0,106.342
MSC,4278.296388888891,305.0,106.342
MSC,4305.496388888891,306.0,106.342
MSC,4329.140833333335,304.0,106.342
MSC,4352.863055555557,305.0,106.342
MSC,4381.763055555557,289.0,106.342
MSC,4401.98527777778,260.0,106.342
MSC,4412.651944444447,240.0,106.342
MSC,4433.651944444447,210.0,106.342
MSC,4442.629722222224,202.0,106.342
MSC,4451.429722222224,198.0,106.342
MSC,4466.207500000002,190.0,106.342
MSC,4485.874166666669,177.0,106.342
MSC,4497.474166666669,174.0,106.342
MSC,4510.463055555558,167.0,106.342
MSC,4523.68527777778,170.0,106.342
MSC,4537.451944444447,177.0,106.342
MSC,4545.407500000002,179.0,106.342
MSC,4555.68527777778,185.0,106.342
MSC,4568.618611111114,194.0,106.342
MSC,4577.28527777778,195.0,106.342
MSC,4588.118611111114,195.0,106.342
MSC,4603.183333333336,193.0,106.342
MSC,4615.850000000002,190.0,106.342
MSC,4626.2944444444465,188.0,106.342
MSC,4638.894444444446,189.0,106.342
MSC,4653.929444444447,194.0,106.342
MSC,4671.796111111113,201.0,106.342
MSC,4680.907222222224,205.0,106.342
MSC,4702.107222222224,212.0,106.342
MSC,4711.840555555557,219.0,106.342
MSC,4724.007222222223,219.0,106.342
MSC,4739.273888888891,229.0,106.342
MSC,4749.67388888889,234.0,106.342
MSC,4771.007222222223,240.0,106.342
MSC,4781.940555555558,246.0,106.342
MSC,4798.407222222224,247.0,106.342
MSC,4823.707222222224,253.0,106.342
MSC,4836.373888888891,228.0,106.342
MSC,4858.596111111113,200.0,106.342
MSC,4876.396111111114,178.0,106.342
MSC,4885.951666666669,172.0,106.342
MSC,4895.118333333336,165.0,106.342
MSC,4902.318333333335,162.0,106.342
MSC,4910.985000000002,156.0,106.342
MSC,4919.485000000002,153.0,106.342
MSC,4926.240555555558,152.0,106.342
MSC,4940.4627777777805,160.0,106.342
MSC,4949.685000000002,166.0,106.342
MSC,5008.385833333336,203.0,106.342
MSC,5024.8747222222255,212.0,106.342
MSC,5034.458888888892,217.0,106.342
MSC,5049.325555555559,223.0,106.342
MSC,5064.592222222225,229.0,106.342
MSC,5088.292222222225,237.0,106.342
MSC,5120.958888888892,245.0,106.342
MSC,5134.570000000002,245.0,106.342
MSC,5156.792222222225,250.0,106.342
MSC,5173.658888888891,253.0,106.342
MSC,5184.903333333336,253.0,106.342
MSC,5210.503333333337,256.0,106.342
MSC,5233.703333333337,261.0,106.342
MSC,5245.392222222225,263.0,106.342
MSC,5271.892222222225,265.0,106.342
MSC,5295.803333333337,269.0,106.342
MSC,5316.803333333337,270.0,106.342
MSC,5350.414444444448,275.0,106.342
MSC,5378.414444444448,280.0,106.342
MSC,5394.081111111115,282.0,106.342
MSC,5425.604166666671,283.0,106.342
MSC,5463.870833333338,287.0,106.342
MSC,5476.670833333337,288.0,106.342
MSC,5502.448611111115,290.0,106.342
MSC,5518.615277777782,291.0,106.342
MSC,5531.511944444449,292.0,106.342
MSC,5554.300833333338,293.0,106.342
MSC,5580.52305555556,295.0,106.342
MSC,5593.63416666667,295.0,106.342
MSC,5613.367500000005,296.0,106.342
MSC,5629.9230555555605,298.0,106.342
MSC,5649.856388888893,299.0,106.342
MSC,5673.111944444448,299.0,106.342
MSC,5693.178611111115,301.0,106.342
MSC,5720.02305555556,302.0,106.342
MSC,5743.589722222227,303.0,106.342
MSC,5763.789722222226,303.0,106.342
MSC,5797.456388888893,303.0,106.342
MSC,5817.72305555556,304.0,106.342
MSC,5851.500833333338,304.0,106.342
MSC,5865.011944444449,304.0,106.342
MSC,5881.956388888893,305.0,106.342
MSC,5905.678611111116,305.0,106.342
MSC,5919.278611111115,306.0,106.342
MSC,5939.611944444448,305.0,106.342
MSC,5963.418888888893,305.0,106.342
MSC,5983.752222222226,305.0,106.342
MSC,5997.263333333337,304.0,106.342
MSC,6020.98555555556,305.0,106.342
MSC,6048.096666666671,305.0,106.342
MSC,6065.041111111115,305.0,106.342
MSC,6085.441111111115,306.0,106.342
MSC,6109.078611111115,305.0,106.342
MSC,6136.1008333333375,304.0,106.342
MSC,6152.93416666667,303.0,106.342
MSC,6189.845277777782,302.0,106.342
MSC,6209.911944444449,301.0,106.342
MSC,6240.211944444449,303.0,106.342
MSC,6263.62305555556,301.0,106.342
MSC,6277.045277777782,302.0,106.342
MSC,6293.878611111116,303.0,106.342
MSC,6314.078611111116,303.0,106.342
MSC,6344.478611111115,304.0,106.342
MSC,6358.0786111111165,306.0,106.342
MSC,6371.678611111116,306.0,106.342
MSC,6398.967500000004,307.0,106.342
MSC,6412.611944444449,307.0,106.342
MSC,6456.956388888893,307.0,106.342
MSC,6484.33416666667,308.0,106.342
MSC,6497.978611111115,307.0,106.342
MSC,6525.352777777782,307.0,106.342
MSC,6538.952777777781,306.0,106.342
MSC,6552.552777777781,306.0,106.342
MSC,6579.752777777781,306.0,106.342
MSC,6603.219444444448,264.0,106.342
MSC,6614.2416666666695,248.0,106.342
MSC,6627.775000000003,203.0,106.342
MSC,6637.55916666667,177.0,106.342
MSC,6646.392500000003,159.0,106.342
MSC,6657.35916666667,141.0,106.342
MSC,6663.181388888892,131.0,106.342
MSC,6669.792500000003,119.0,106.342
MSC,6674.9036111111145,115.0,106.342
MSC,6683.45916666667,110.0,106.342
MSC,6689.4036111111145,107.0,106.342
MSC,6695.7369444444475,95.0,106.342
MSC,6702.270277777781,84.0,106.342
MSC,6707.670277777781,81.0,106.342
MSC,6712.870277777781,78.0,106.342
MSC,6716.114722222225,73.0,106.342
MSC,6722.603611111114,73.0,106.342
MSC,6730.9036111111145,83.0,106.342
MSC,6737.048055555559,79.0,106.342
MSC,6746.648055555559,72.0,106.342
MSC,6751.85916666667,67.0,106.342
MSC,6755.4147222222255,64.0,106.342
MSC,6760.410277777781,64.0,106.342
MSC,6764.076944444448,66.0,106.342
MSC,6768.676944444447,69.0,106.342
MSC,6777.454722222225,79.0,106.342
MSC,6784.454722222225,90.0,106.342
MSC,6788.721388888892,96.0,106.342
MSC,6794.49916666667,104.0,106.342
MSC,6802.032500000003,113.0,106.342
MSC,6808.776388888892,122.0,106.342
MSC,6819.35416666667,136.0,106.342
MSC,6836.687500000004,156.0,106.342
MSC,6851.798611111115,170.0,106.342
MSC,6865.25416666667,173.0,106.342
MSC,6875.75416666667,189.0,106.342
MSC,6900.565277777781,203.0,106.342
MSC,6919.409722222226,212.0,106.342
MSC,6936.209722222226,216.0,106.342
MSC,6946.0319444444485,221.0,106.342
VET,0.4,240.0,106.344
VET,19.533333333333328,246.0,106.344
VET,39.2111111111111,253.0,106.344
VET,50.45555555555555,253.0,106.344
VET,64.5111111111111,253.0,106.344
VET,82.1111111111111,264.0,106.344
VET,93.84444444444445,264.0,106.344
VET,118.02222222222221,272.0,106.344
VET,133.24444444444444,274.0,106.344
VET,148.68888888888887,278.0,106.344
VET,170.38888888888889,279.0,106.344
VET,192.55666666666667,284.0,106.344
VET,211.4775,285.0,106.344
VET,224.14416666666665,285.0,106.344
VET,236.9886111111111,289.0,106.344
VET,252.98861111111114,288.0,106.344
VET,276.0108333333334,259.0,106.344
VET,298.67750000000007,204.0,106.344
VET,306.45527777777784,175.0,106.344
VET,313.8330555555556,166.0,106.344
VET,325.3441666666667,148.0,106.344
VET,331.07750000000004,129.0,106.344
VET,341.0330555555556,112.0,106.344
VET,346.69972222222225,102.0,106.344
VET,352.08861111111116,97.0,106.344
VET,356.3997222222223,97.0,106.344
VET,362.13305555555564,86.0,106.344
VET,366.6886111111112,82.0,106.344
VET,372.0219444444445,80.0,106.344
VET,378.6886111111112,75.0,106.344
VET,384.5997222222223,76.0,106.344
VET,390.74416666666673,79.0,106.344
VET,397.35527777777787,85.0,106.344
VET,404.35527777777787,90.0,106.344
VET,416.33305555555563,98.0,106.344
VET,425.19972222222236,114.0,106.344
VET,433.3997222222223,123.0,106.344
VET,440.881388888889,134.0,106.344
VET,456.48138888888906,156.0,106.344
VET,463.59222222222235,161.0,106.344
VET,477.20333333333343,175.0,106.344
VET,487.4255555555557,184.0,106.344
VET,502.67000000000013,196.0,106.344
VET,516.2700000000001,204.0,106.344
VET,525.6477777777778,211.0,106.344
VET,542.8366666666667,221.0,106.344
VET,555.4477777777779,227.0,106.344
VET,573.8033333333334,236.0,106.344
VET,601.1366666666668,246.0,106.344
VET,615.0811111111111,251.0,106.344
VET,626.3255555555555,253.0,106.344
VET,649.2588888888889,258.0,106.344
VET,672.8144444444445,265.0,106.344
VET,690.7477777777779,269.0,106.344
VET,705.8033333333334,271.0,106.344
VET,718.0255555555557,275.0,106.344
VET,733.4700000000003,278.0,106.344
VET,755.247777777778,280.0,106.344
VET,770.9700000000001,283.0,106.344
VET,783.5477777777779,283.0,106.344
VET,799.547777777778,288.0,106.344
VET,818.947777777778,291.0,106.344
VET,835.2255555555557,293.0,106.344
VET,858.0922222222223,294.0,106.344
VET,891.2861111111112,298.0,106.344
VET,911.3527777777779,301.0,106.344
VET,962.1013888888891,305.0,106.344
VET,982.501388888889,306.0,106.344
VET,996.1458333333335,307.0,106.344
VET,1026.9458333333334,308.0,106.344
VET,1044.1125,309.0,106.344
VET,1081.8791666666668,309.0,106.344
VET,1109.0791666666669,306.0,106.344
VET,1122.6791666666668,306.0,106.344
VET,1142.8791666666666,303.0,106.344
VET,1159.6569444444444,302.0,106.344
VET,1179.7902777777779,302.0,106.344
VET,1193.1680555555556,301.0,106.344
VET,1213.1680555555554,300.0,106.344
VET,1229.8347222222224,300.0,106.344
VET,1273.4569444444446,302.0,106.344
VET,1303.8569444444445,304.0,106.344
VET,1320.6902777777777,303.0,106.344
VET,1337.5791666666667,304.0,106.344
VET,1357.9125000000001,305.0,106.344
VET,1371.4680555555558,305.0,106.344
VET,1415.8125000000002,307.0,106.344
VET,1439.7680555555555,308.0,106.344
VET,1467.3205555555558,309.0,106.344
VET,1481.0983333333336,310.0,106.344
VET,1501.765,310.0,106.344
VET,1539.6897222222224,311.0,106.344
VET,1553.5119444444447,311.0,106.344
VET,1574.3119444444449,312.0,106.344
VET,1588.223055555556,313.0,106.344
VET,1612.645277777778,314.0,106.344
VET,1637.145277777778,315.0,106.344
VET,1658.1452777777781,315.0,106.344
VET,1672.1897222222224,316.0,106.344
VET,1703.8897222222226,317.0,106.344
VET,1735.7897222222225,319.0,106.344
VET,1760.6786111111112,320.0,106.344
VET,1782.0786111111113,321.0,106.344
VET,1803.4786111111111,321.0,106.344
VET,1821.3119444444446,321.0,106.344
VET,1842.778611111111,322.0,106.344
VET,1857.0897222222222,322.0,106.344
VET,1882.1341666666667,322.0,106.344
VET,1907.2563888888888,323.0,106.344
VET,1939.6563888888886,324.0,106.344
VET,1961.2563888888888,324.0,106.344
VET,1979.2563888888888,324.0,106.344
VET,2004.5341666666666,325.0,106.344
VET,2022.589722222222,325.0,106.344
VET,2051.6580555555556,326.0,106.344
VET,2073.4580555555553,327.0,106.344
VET,2095.258055555555,327.0,106.344
VET,2116.9672222222216,327.0,106.344
VET,2138.767222222222,327.0,106.344
VET,2156.9338888888883,327.0,106.344
VET,2186.089444444444,328.0,106.344
VET,2204.311666666666,328.0,106.344
VET,2226.1116666666658,327.0,106.344
VET,2240.600555555555,326.0,106.344
VET,2269.4894444444435,325.0,106.344
VET,2294.3783333333326,320.0,106.344
VET,2314.4449999999993,258.0,106.344
VET,2338.333888888888,215.0,106.344
VET,2355.3116666666656,191.0,106.344
VET,2368.844999999999,174.0,106.344
VET,2379.844999999999,165.0,106.344
VET,2397.067222222221,155.0,106.344
VET,2405.400555555554,150.0,106.344
VET,2415.267222222221,148.0,106.344
VET,2430.367222222221,151.0,106.344
VET,2446.167222222221,158.0,106.344
VET,2456.967222222221,162.0,106.344
VET,2471.2338888888876,160.0,106.344
VET,2486.9338888888874,157.0,106.344
VET,2494.000555555554,159.0,106.344
VET,2502.9449999999983,161.0,106.344
VET,2515.4999999999986,162.0,106.344
VET,2528.5666666666652,168.0,106.344
VET,2542.1777777777766,175.0,106.344
VET,2560.9777777777767,188.0,106.344
VET,2571.5888888888876,191.0,106.344
VET,2588.4777777777763,190.0,106.344
VET,2596.922222222221,190.0,106.344
VET,2624.3666666666654,190.0,106.344
VET,2639.3777777777764,193.0,106.344
VET,2655.0111111111096,201.0,106.344
VET,2671.1888888888875,208.0,106.344
VET,2687.9888888888877,216.0,106.344
VET,2697.722222222221,219.0,106.344
VET,2712.8555555555545,227.0,106.344
VET,2733.744444444443,235.0,106.344
VET,2757.944444444443,242.0,106.344
VET,2824.6444444444433,261.0,106.344
VET,2842.2444444444427,264.0,106.344
VET,2875.196944444443,269.0,106.344
VET,2896.274722222221,271.0,106.344
VET,2919.774722222221,235.0,106.344
VET,2933.981944444443,214.0,106.344
VET,2946.8486111111097,193.0,106.344
VET,2962.3152777777764,174.0,106.344
VET,2974.7597222222207,160.0,106.344
VET,2986.115277777776,146.0,106.344
VET,2999.615277777776,135.0,106.344
VET,3009.493055555554,127.0,106.344
VET,3014.9597222222205,123.0,106.344
VET,3026.7597222222207,118.0,106.344
VET,3031.870833333332,115.0,106.344
VET,3036.893055555554,113.0,106.344
VET,3045.993055555554,117.0,106.344
VET,3059.7708333333317,124.0,106.344
VET,3068.570833333332,132.0,106.344
VET,3079.3041666666654,138.0,106.344
VET,3090.8930555555544,149.0,106.344
VET,3103.2597222222207,159.0,106.344
VET,3110.7263888888874,168.0,106.344
VET,3120.504166666665,176.0,106.344
VET,3132.7708333333317,184.0,106.344
VET,3141.304166666665,192.0,106.344
VET,3152.35972222222,199.0,106.344
VET,3168.204999999998,203.0,106.344
VET,3182.1383333333315,209.0,106.344
VET,3194.249444444443,218.0,106.344
VET,3208.7827777777757,218.0,106.344
VET,3224.902777777776,208.0,106.344
VET,3242.680555555554,200.0,106.344
VET,3251.3916666666646,196.0,106.344
VET,3270.691666666665,193.0,106.344
VET,3279.4472222222203,197.0,106.344
VET,3290.6694444444424,202.0,106.344
VET,3304.469444444442,207.0,106.344
VET,3313.8916666666646,212.0,106.344
VET,3333.2694444444423,218.0,106.344
VET,3343.1805555555534,223.0,106.344
VET,3358.4472222222203,229.0,106.344
VET,3382.64722222222,242.0,106.344
VET,3396.313888888887,246.0,106.344
VET,3424.64722222222,255.0,106.344
VET,3450.64722222222,260.0,106.344
VET,3465.313888888887,264.0,106.344
VET,3480.2027777777757,268.0,106.344
VET,3492.2472222222204,271.0,106.344
VET,3507.469444444442,274.0,106.344
VET,3522.74722222222,275.0,106.344
VET,3535.1027777777754,278.0,106.344
VET,3560.169444444442,282.0,106.344
VET,3576.0027777777755,285.0,106.344
VET,3661.0177777777753,294.0,106.344
VET,3683.9622222222197,295.0,106.344
VET,3697.0797222222195,297.0,106.344
VET,3716.8797222222197,297.0,106.344
VET,3736.813055555553,299.0,106.344
VET,3765.813055555553,290.0,106.344
VET,3803.2797222222193,281.0,106.344
VET,3818.7797222222193,279.0,106.344
VET,3843.5797222222195,279.0,106.344
VET,3862.2463888888865,280.0,106.344
VET,3874.690833333331,280.0,106.344
VET,3902.7908333333307,281.0,106.344
VET,3927.7686111111084,281.0,106.344
VET,3940.2574999999974,281.0,106.344
VET,3968.7574999999974,285.0,106.344
VET,3994.2686111111084,287.0,106.344
VET,4016.668611111108,288.0,106.344
VET,4052.113055555553,290.0,106.344
VET,4081.4130555555525,293.0,106.344
VET,4097.746388888885,294.0,106.344
VET,4130.606111111108,295.0,106.344
VET,4170.33944444444,298.0,106.344
VET,4183.6283333333295,299.0,106.344
VET,4210.561666666663,303.0,106.344
VET,4227.394999999996,303.0,106.344
VET,4240.821666666663,304.0,106.344
VET,4264.466111111107,304.0,106.344
VET,4291.7549999999965,307.0,106.344
VET,4305.3994444444415,307.0,106.344
VET,4325.799444444442,306.0,106.344
VET,4342.799444444442,306.0,106.344
VET,4363.132777777775,305.0,106.344
VET,4384.988333333331,281.0,106.344
VET,4402.254999999997,259.0,106.344
VET,4422.166111111109,224.0,106.344
VET,4438.032777777776,204.0,106.344
VET,4450.766111111108,191.0,106.344
VET,4470.321666666664,176.0,106.344
VET,4481.58833333333,169.0,106.344
VET,4499.699444444442,163.0,106.344
VET,4506.98833333333,164.0,106.344
VET,4516.210555555553,166.0,106.344
VET,4529.432777777775,170.0,106.344
VET,4537.210555555553,175.0,106.344
VET,4549.277222222219,181.0,106.344
VET,4564.02972222222,189.0,106.344
VET,4576.496388888886,187.0,106.344
VET,4584.7630555555525,186.0,106.344
VET,4599.151944444441,185.0,106.344
VET,4615.685277777775,186.0,106.344
VET,4626.074166666664,187.0,106.344
VET,4638.674166666664,189.0,106.344
VET,4653.6316666666635,193.0,106.344
VET,4671.409444444442,200.0,106.344
VET,4682.79833333333,205.0,106.344
VET,4709.320555555553,217.0,106.344
VET,4724.253888888887,224.0,106.344
VET,4746.853888888887,226.0,106.344
VET,4765.131666666665,235.0,106.344
VET,4775.842777777776,241.0,106.344
VET,4789.398333333332,244.0,106.344
VET,4805.798333333331,246.0,106.344
VET,4827.398333333332,216.0,106.344
VET,4836.331666666666,201.0,106.344
VET,4845.264999999999,201.0,106.344
VET,4861.264999999999,180.0,106.344
VET,4868.687222222222,167.0,106.344
VET,4891.076111111111,155.0,106.344
VET,4904.5872222222215,152.0,106.344
VET,4911.298333333333,151.0,106.344
VET,4924.8516666666665,152.0,106.344
VET,4931.785,156.0,106.344
VET,4938.807222222222,158.0,106.344
VET,4954.096111111111,172.0,106.344
VET,4970.362777777777,183.0,106.344
VET,4978.6738888888885,187.0,106.344
VET,4992.0072222222225,200.0,106.344
VET,5003.394444444444,206.0,106.344
VET,5015.227777777778,213.0,106.344
VET,5032.416666666667,221.0,106.344
VET,5042.416666666667,225.0,106.344
VET,5055.250000000001,231.0,106.344
VET,5065.650000000001,234.0,106.344
VET,5084.1611111111115,238.0,106.344
VET,5097.55,241.0,106.344
VET,5114.016666666666,247.0,106.344
VET,5133.383333333333,249.0,106.344
VET,5150.1833333333325,252.0,106.344
VET,5167.183333333333,255.0,106.344
VET,5178.561111111111,256.0,106.344
VET,5201.494444444444,258.0,106.344
VET,5227.794444444444,263.0,106.344
VET,5248.405555555555,265.0,106.344
VET,5284.538888888888,271.0,106.344
VET,5305.772222222222,273.0,106.344
VET,5321.05,275.0,106.344
VET,5342.749444444444,278.0,106.344
VET,5358.304999999999,280.0,106.344
VET,5377.104999999999,282.0,106.344
VET,5408.882777777777,286.0,106.344
VET,5431.204999999999,287.0,106.344
VET,5444.049444444443,289.0,106.344
VET,5460.160555555554,290.0,106.344
VET,5479.560555555554,291.0,106.344
VET,5495.7569444444425,293.0,106.344
VET,5518.623611111109,294.0,106.344
VET,5551.62361111111,297.0,106.344
VET,5578.112499999998,298.0,106.344
VET,5601.368055555554,299.0,106.344
VET,5618.034722222221,300.0,106.344
VET,5654.945833333331,302.0,106.344
VET,5681.879166666666,303.0,106.344
VET,5705.52361111111,304.0,106.344
VET,5719.034722222221,304.0,106.344
VET,5735.979166666665,305.0,106.344
VET,5763.090277777776,305.0,106.344
VET,5783.490277777776,306.0,106.344
VET,5803.890277777776,306.0,106.344
VET,5824.356944444442,307.0,106.344
VET,5841.412499999998,307.0,106.344
VET,5865.290277777775,307.0,106.344
VET,5899.486666666664,307.0,106.344
VET,5919.953333333331,307.0,106.344
VET,5933.597777777775,307.0,106.344
VET,5964.297777777775,307.0,106.344
VET,5981.353333333331,307.0,106.344
VET,6001.819999999997,307.0,106.344
VET,6022.35333333333,308.0,106.344
VET,6042.886666666664,308.0,106.344
VET,6066.7566666666635,308.0,106.344
VET,6083.867777777775,308.0,106.344
VET,6104.401111111108,308.0,106.344
VET,6135.001111111108,306.0,106.344
VET,6162.201111111109,306.0,106.344
VET,6189.223333333331,304.0,106.344
VET,6219.723333333331,305.0,106.344
VET,6236.667777777775,305.0,106.344
VET,6274.067777777775,306.0,106.344
VET,6294.534444444442,307.0,106.344
VET,6308.223333333331,308.0,106.344
VET,6339.023333333331,308.0,106.344
VET,6352.7566666666635,309.0,106.344
VET,6380.223333333331,309.0,106.344
VET,6404.334444444442,310.0,106.344
VET,6438.778888888885,310.0,106.344
VET,6456.031388888886,309.0,106.344
VET,6486.831388888886,308.0,106.344
VET,6503.9424999999965,308.0,106.344
VET,6534.4424999999965,305.0,106.344
VET,6551.386944444441,305.0,106.344
VET,6573.631388888885,286.0,106.344
VET,6591.431388888886,267.0,106.344
VET,6603.87583333333,224.0,106.344
VET,6621.3272222222195,175.0,106.344
VET,6634.571666666664,149.0,106.344
VET,6641.849444444442,131.0,106.344
VET,6650.793888888887,115.0,106.344
VET,6656.738333333331,107.0,106.344
VET,6664.516111111108,100.0,106.344
VET,6669.627222222219,92.0,106.344
VET,6679.071666666663,85.0,106.344
VET,6683.682777777774,83.0,106.344
VET,6688.749444444441,76.0,106.344
VET,6696.049444444441,73.0,106.344
VET,6701.882777777774,75.0,106.344
VET,6705.393888888885,79.0,106.344
VET,6709.893888888885,81.0,106.344
VET,6716.427222222219,84.0,106.344
VET,6722.727222222219,81.0,106.344
VET,6727.927222222219,78.0,106.344
VET,6734.347222222219,72.0,106.344
VET,6743.269444444441,73.0,106.344
VET,6747.324999999997,73.0,106.344
VET,6750.702777777775,76.0,106.344
VET,6759.302777777775,86.0,106.344
VET,6763.213888888886,88.0,106.344
VET,6773.313888888886,101.0,106.344
VET,6784.713888888886,114.0,106.344
VET,6790.146388888886,123.0,106.344
VET,6798.946388888886,132.0,106.344
VET,6808.879722222219,149.0,106.344
VET,6821.557499999997,163.0,106.344
VET,6839.257499999997,177.0,106.344
VET,6847.47972222222,185.0,106.344
VET,6862.801944444442,197.0,106.344
VET,6886.246388888886,211.0,106.344
VET,6903.124166666664,217.0,106.344
VET,6926.024166666663,229.0,106.344
LAT,8.671666666666665,242.0,106.401
LAT,19.51611111111111,244.0,106.401
LAT,30.49388888888889,247.0,106.401
LAT,47.36055555555555,253.0,106.401
LAT,58.82722222222222,258.0,106.401
LAT,79.28277777777778,263.0,106.401
LAT,97.08277777777778,267.0,106.401
LAT,115.08277777777778,270.0,106.401
LAT,139.6161111111111,276.0,106.401
LAT,167.6161111111111,280.0,106.401
LAT,189.70499999999998,284.0,106.401
LAT,202.4161111111111,286.0,106.401
LAT,227.92722222222218,287.0,106.401
LAT,240.68277777777774,287.0,106.401
LAT,259.68277777777774,285.0,106.401
LAT,277.6161111111111,269.0,106.401
LAT,290.72722222222217,236.0,106.401
LAT,310.0383333333333,158.0,106.401
LAT,316.705,150.0,106.401
LAT,325.3355555555555,130.0,106.401
LAT,337.8111111111111,112.0,106.401
LAT,347.2333333333333,106.0,106.401
LAT,355.67777777777775,95.0,106.401
LAT,359.76666666666665,92.0,106.401
LAT,365.5666666666666,87.0,106.401
LAT,370.12222222222215,82.0,106.401
LAT,374.45555555555546,78.0,106.401
LAT,379.32222222222214,73.0,106.401
LAT,382.5222222222221,72.0,106.401
LAT,391.68888888888875,75.0,106.401
LAT,397.67777777777764,77.0,106.401
LAT,402.3444444444443,84.0,106.401
LAT,410.6999999999999,94.0,106.401
LAT,416.311111111111,101.0,106.401
LAT,432.711111111111,123.0,106.401
LAT,440.0999999999999,133.0,106.401
LAT,453.4333333333333,150.0,106.401
LAT,468.09999999999985,165.0,106.401
LAT,475.8777777777776,175.0,106.401
LAT,497.211111111111,192.0,106.401
LAT,518.011111111111,208.0,106.401
LAT,532.0777777777777,211.0,106.401
LAT,549.5,224.0,106.401
LAT,562.2138888888888,230.0,106.401
LAT,580.791111111111,238.0,106.401
LAT,594.2911111111111,243.0,106.401
LAT,610.6244444444445,245.0,106.401
LAT,627.5577777777779,254.0,106.401
LAT,650.6688888888889,260.0,106.401
LAT,680.3355555555556,267.0,106.401
LAT,704.4244444444446,271.0,106.401
LAT,722.6911111111112,274.0,106.401
LAT,737.9133333333334,274.0,106.401
LAT,759.768888888889,281.0,106.401
LAT,781.7022222222223,282.0,106.401
LAT,804.1022222222223,288.0,106.401
LAT,816.9022222222222,288.0,106.401
LAT,832.9022222222223,288.0,106.401
LAT,849.1800000000001,293.0,106.401
LAT,878.8800000000001,297.0,106.401
LAT,912.2133333333334,300.0,106.401
LAT,949.1244444444444,302.0,106.401
LAT,962.5911111111111,303.0,106.401
LAT,979.5355555555554,305.0,106.401
LAT,1003.2577777777777,305.0,106.401
LAT,1016.8133333333333,305.0,106.401
LAT,1030.4133333333332,306.0,106.401
LAT,1054.2133333333334,306.0,106.401
LAT,1081.4169444444444,307.0,106.401
LAT,1095.0125,304.0,106.401
LAT,1121.9458333333334,303.0,106.401
LAT,1145.5124999999998,303.0,106.401
LAT,1175.4124999999997,299.0,106.401
LAT,1198.5124999999998,297.0,106.401
LAT,1224.9125,297.0,106.401
LAT,1258.134722222222,299.0,106.401
LAT,1274.8569444444445,301.0,106.401
LAT,1288.1902777777777,300.0,106.401
LAT,1311.6013888888886,301.0,106.401
LAT,1335.0902777777776,302.0,106.401
LAT,1355.2902777777774,303.0,106.401
LAT,1382.3124999999998,304.0,106.401
LAT,1395.9124999999997,306.0,106.401
LAT,1412.9124999999997,306.0,106.401
LAT,1436.7902777777776,307.0,106.401
LAT,1460.6680555555556,307.0,106.401
LAT,1481.2680555555555,309.0,106.401
LAT,1508.8236111111112,310.0,106.401
LAT,1526.0458333333333,310.0,106.401
LAT,1546.6458333333335,309.0,106.401
LAT,1570.9125,312.0,106.401
LAT,1602.2125,313.0,106.401
LAT,1637.2124999999999,315.0,106.401
LAT,1665.2124999999999,315.0,106.401
LAT,1693.3902777777776,317.0,106.401
LAT,1728.834722222222,319.0,106.401
LAT,1743.0124999999996,319.0,106.401
LAT,1757.2347222222218,320.0,106.401
LAT,1782.2013888888885,321.0,106.401
LAT,1803.668055555555,322.0,106.401
LAT,1839.556944444444,323.0,106.401
LAT,1857.556944444444,324.0,106.401
LAT,1879.2236111111106,325.0,106.401
LAT,1915.334722222222,325.0,106.401
LAT,1947.9347222222218,326.0,106.401
LAT,1977.0013888888884,327.0,106.401
LAT,2006.156944444444,328.0,106.401
LAT,2024.3791666666662,328.0,106.401
LAT,2049.8902777777776,328.0,106.401
LAT,2079.134722222222,329.0,106.401
LAT,2101.0680555555555,329.0,106.401
LAT,2133.9680555555556,329.0,106.401
LAT,2159.6347222222225,330.0,106.401
LAT,2174.301388888889,330.0,106.401
LAT,2188.9680555555556,330.0,106.401
LAT,2210.9680555555556,330.0,106.401
LAT,2229.301388888889,330.0,106.401
LAT,2254.9036111111113,328.0,106.401
LAT,2269.3461111111114,327.0,106.401
LAT,2286.235,304.0,106.401
LAT,2309.3461111111114,260.0,106.401
LAT,2325.079444444445,236.0,106.401
LAT,2334.590555555556,214.0,106.401
LAT,2354.812777777778,182.0,106.401
LAT,2362.679444444445,177.0,106.401
LAT,2373.7461111111115,166.0,106.401
LAT,2382.5794444444446,159.0,106.401
LAT,2401.1572222222226,152.0,106.401
LAT,2416.0572222222227,149.0,106.401
LAT,2424.3905555555557,150.0,106.401
LAT,2440.5905555555555,162.0,106.401
LAT,2449.8127777777777,166.0,106.401
LAT,2461.012777777778,168.0,106.401
LAT,2470.1794444444445,165.0,106.401
LAT,2482.8572222222224,163.0,106.401
LAT,2495.612777777778,164.0,106.401
LAT,2502.9905555555556,166.0,106.401
LAT,2512.2683333333334,167.0,106.401
LAT,2523.6683333333335,171.0,106.401
LAT,2531.4461111111113,175.0,106.401
LAT,2547.7127777777782,183.0,106.401
LAT,2558.268333333334,190.0,106.401
LAT,2568.990555555556,193.0,106.401
LAT,2584.1572222222226,195.0,106.401
LAT,2599.378055555556,195.0,106.401
LAT,2612.3238888888895,195.0,106.401
LAT,2621.0350000000003,196.0,106.401
LAT,2629.7905555555562,197.0,106.401
LAT,2640.8461111111114,199.0,106.401
LAT,2659.3350000000005,208.0,106.401
LAT,2683.446111111112,217.0,106.401
LAT,2693.090555555556,217.0,106.401
LAT,2703.090555555556,225.0,106.401
LAT,2721.2127777777782,233.0,106.401
LAT,2731.7016666666673,236.0,106.401
LAT,2753.1238888888897,241.0,106.401
LAT,2766.8461111111114,247.0,106.401
LAT,2780.7905555555562,251.0,106.401
LAT,2792.1238888888893,255.0,106.401
LAT,2809.257222222223,257.0,106.401
LAT,2823.8683333333342,263.0,106.401
LAT,2841.6016666666674,266.0,106.401
LAT,2865.5127777777784,269.0,106.401
LAT,2886.5905555555564,271.0,106.401
LAT,2904.8683333333342,235.0,106.401
LAT,2921.3572222222233,212.0,106.401
LAT,2935.901666666668,187.0,106.401
LAT,2955.212777777779,158.0,106.401
LAT,2967.035000000001,152.0,106.401
LAT,2976.768333333335,146.0,106.401
LAT,2984.6408333333347,141.0,106.401
LAT,2998.1408333333347,135.0,106.401
LAT,3003.926666666668,131.0,106.401
LAT,3014.0377777777794,130.0,106.401
LAT,3020.9822222222238,125.0,106.401
LAT,3030.2377777777792,119.0,106.401
LAT,3038.304444444446,121.0,106.401
LAT,3043.726666666668,122.0,106.401
LAT,3053.6044444444456,127.0,106.401
LAT,3060.8822222222234,131.0,106.401
LAT,3071.6933333333345,139.0,106.401
LAT,3088.6933333333345,153.0,106.401
LAT,3097.360000000001,156.0,106.401
LAT,3104.8266666666677,168.0,106.401
LAT,3120.560000000001,177.0,106.401
LAT,3137.6266666666675,192.0,106.401
LAT,3150.8933333333343,199.0,106.401
LAT,3162.4488888888895,208.0,106.401
LAT,3171.782222222223,210.0,106.401
LAT,3183.7266666666674,215.0,106.401
LAT,3200.8377777777787,220.0,106.401
LAT,3212.6155555555565,212.0,106.401
LAT,3221.593333333334,202.0,106.401
LAT,3232.4822222222233,196.0,106.401
LAT,3245.3488888888896,193.0,106.401
LAT,3256.237777777779,196.0,106.401
LAT,3271.7155555555564,199.0,106.401
LAT,3294.4388888888893,204.0,106.401
LAT,3308.705555555556,214.0,106.401
LAT,3346.1430555555567,225.0,106.401
LAT,3361.87638888889,236.0,106.401
LAT,3372.454166666668,238.0,106.401
LAT,3397.254166666668,248.0,106.401
LAT,3411.2541666666675,252.0,106.401
LAT,3443.031944444446,260.0,106.401
LAT,3466.5875000000015,265.0,106.401
LAT,3478.5430555555567,269.0,106.401
LAT,3496.6097222222234,271.0,106.401
LAT,3511.831944444446,274.0,106.401
LAT,3530.365277777779,278.0,106.401
LAT,3542.765277777779,279.0,106.401
LAT,3561.6319444444453,283.0,106.401
LAT,3577.409722222223,284.0,106.401
LAT,3619.1541666666676,289.0,106.401
LAT,3648.4541666666673,293.0,106.401
LAT,3664.843055555556,295.0,106.401
LAT,3681.287500000001,296.0,106.401
LAT,3701.1541666666676,298.0,106.401
LAT,3714.3541666666674,297.0,106.401
LAT,3755.665277777779,286.0,106.401
LAT,3777.520833333335,281.0,106.401
LAT,3802.1308333333345,276.0,106.401
LAT,3814.3530555555567,275.0,106.401
LAT,3832.553055555557,273.0,106.401
LAT,3866.087777777779,275.0,106.401
LAT,3878.3544444444456,276.0,106.401
LAT,3896.7544444444457,276.0,106.401
LAT,3909.1544444444457,279.0,106.401
LAT,3931.0100000000016,281.0,106.401
LAT,3952.9433333333345,282.0,106.401
LAT,3971.876666666668,284.0,106.401
LAT,3984.543333333335,285.0,106.401
LAT,4013.2433333333347,287.0,106.401
LAT,4042.143333333335,289.0,106.401
LAT,4064.6988888888905,290.0,106.401
LAT,4084.1655555555567,292.0,106.401
LAT,4103.69888888889,293.0,106.401
LAT,4120.087777777779,295.0,106.401
LAT,4139.821111111111,296.0,106.401
LAT,4153.065555555556,298.0,106.401
LAT,4176.243333333334,298.0,106.401
LAT,4199.498888888889,299.0,106.401
LAT,4229.69888888889,302.0,106.401
LAT,4249.89888888889,303.0,106.401
LAT,4266.7877777777785,304.0,106.401
LAT,4290.587777777779,306.0,106.401
LAT,4307.587777777779,306.0,106.401
LAT,4334.8727777777785,306.0,106.401
LAT,4355.139444444445,304.0,106.401
LAT,4372.8727777777785,266.0,106.401
LAT,4389.071666666667,244.0,106.401
LAT,4404.271666666667,228.0,106.401
LAT,4416.549444444445,221.0,106.401
LAT,4434.060555555557,197.0,106.401
LAT,4444.449444444445,187.0,106.401
LAT,4456.516111111112,181.0,106.401
LAT,4464.2494444444455,174.0,106.401
LAT,4479.182777777779,168.0,106.401
LAT,4492.016111111112,165.0,106.401
LAT,4504.849444444445,165.0,106.401
LAT,4523.627222222222,169.0,106.401
LAT,4539.627222222222,180.0,106.401
LAT,4554.0938888888895,186.0,106.401
LAT,4566.760555555556,190.0,106.401
LAT,4587.205,184.0,106.401
LAT,4597.427222222222,184.0,106.401
LAT,4609.693888888889,184.0,106.401
LAT,4628.193888888889,185.0,106.401
LAT,4646.993888888889,188.0,106.401
LAT,4660.127222222222,197.0,106.401
LAT,4678.495555555555,206.0,106.401
LAT,4700.195555555555,217.0,106.401
LAT,4709.928888888889,219.0,106.401
LAT,4722.428888888888,225.0,106.401
LAT,4740.408888888888,232.0,106.401
LAT,4758.764444444444,236.0,106.401
LAT,4777.664444444443,243.0,106.401
LAT,4802.364444444443,247.0,106.401
LAT,4815.1977777777765,231.0,106.401
LAT,4834.219999999999,214.0,106.401
LAT,4842.619999999999,189.0,106.401
LAT,4866.742222222221,167.0,106.401
LAT,4879.186666666666,160.0,106.401
LAT,4891.242222222221,155.0,106.401
LAT,4903.297777777777,155.0,106.401
LAT,4915.43111111111,156.0,106.401
LAT,4922.542222222221,160.0,106.401
LAT,4933.342222222222,162.0,106.401
LAT,4948.808888888888,174.0,106.401
LAT,4967.2088888888875,184.0,106.401
LAT,5022.408888888887,216.0,106.401
LAT,5037.275555555554,223.0,106.401
LAT,5065.940555555554,234.0,106.401
LAT,5084.451666666665,238.0,106.401
LAT,5108.751666666665,243.0,106.401
LAT,5125.083333333332,246.0,106.401
LAT,5141.549999999998,247.0,106.401
LAT,5163.949999999999,252.0,106.401
LAT,5183.86111111111,256.0,106.401
LAT,5204.005555555554,259.0,106.401
LAT,5230.305555555555,263.0,106.401
LAT,5251.07222222222,267.0,106.401
LAT,5262.983333333332,268.0,106.401
LAT,5290.183333333332,272.0,106.401
LAT,5302.316666666665,273.0,106.401
LAT,5314.5388888888865,275.0,106.401
LAT,5336.161111111109,278.0,106.401
LAT,5367.27222222222,280.0,106.401
LAT,5386.072222222219,282.0,106.401
LAT,5408.238888888886,285.0,106.401
LAT,5430.638888888887,288.0,106.401
LAT,5453.1944444444425,290.0,106.401
LAT,5466.083333333331,290.0,106.401
LAT,5482.249999999998,291.0,106.401
LAT,5501.716666666664,292.0,106.401
LAT,5514.783333333331,294.0,106.401
LAT,5531.17222222222,295.0,106.401
LAT,5554.276666666665,296.0,106.401
LAT,5574.076666666664,297.0,106.401
LAT,5590.576666666664,297.0,106.401
LAT,5610.509999999997,299.0,106.401
LAT,5633.7599999999975,300.0,106.401
LAT,5660.515555555552,301.0,106.401
LAT,5673.937777777774,302.0,106.401
LAT,5704.237777777774,303.0,106.401
LAT,5717.704444444441,303.0,106.401
LAT,5734.593333333329,304.0,106.401
LAT,5754.859999999996,304.0,106.401
LAT,5768.371111111107,304.0,106.401
LAT,5795.39333333333,304.0,106.401
LAT,5808.904444444441,304.0,106.401
LAT,5829.171111111107,304.0,106.401
LAT,5859.671111111107,305.0,106.401
LAT,5876.559999999996,304.0,106.401
LAT,5910.448888888885,305.0,106.401
LAT,5940.948888888885,305.0,106.401
LAT,5957.893333333329,305.0,106.401
LAT,5974.837777777773,305.0,106.401
LAT,5988.437777777773,306.0,106.401
LAT,6005.437777777773,306.0,106.401
LAT,6022.493333333328,307.0,106.401
LAT,6036.093333333328,306.0,106.401
LAT,6063.2933333333285,306.0,106.401
LAT,6080.2933333333285,306.0,106.401
LAT,6167.910833333328,303.0,106.401
LAT,6191.399722222217,302.0,106.401
LAT,6204.738055555549,302.0,106.401
LAT,6224.871388888883,302.0,106.401
LAT,6245.071388888883,303.0,106.401
LAT,6275.471388888883,304.0,106.401
LAT,6316.13805555555,305.0,106.401
LAT,6333.13805555555,306.0,106.401
LAT,6360.3380555555495,306.0,106.401
LAT,6380.804722222216,307.0,106.401
LAT,6394.449166666661,307.0,106.401
LAT,6425.149166666661,307.0,106.401
LAT,6452.438055555549,307.0,106.401
LAT,6466.038055555548,306.0,106.401
LAT,6496.538055555548,305.0,106.401
LAT,6523.560277777771,304.0,106.401
LAT,6547.126944444438,303.0,106.401
LAT,6580.615833333327,274.0,106.401
LAT,6601.615833333327,210.0,106.401
LAT,6611.782499999994,183.0,106.401
LAT,6627.933888888882,145.0,106.401
LAT,6643.667222222216,118.0,106.401
LAT,6648.467222222216,108.0,106.401
LAT,6657.444999999994,101.0,106.401
LAT,6662.444999999994,90.0,106.401
LAT,6666.243333333327,86.0,106.401
LAT,6672.46555555555,80.0,106.401
LAT,6678.86555555555,72.0,106.401
LAT,6682.021111111106,71.0,106.401
LAT,6686.754444444439,71.0,106.401
LAT,6690.865555555551,74.0,106.401
LAT,6696.132222222217,79.0,106.401
LAT,6702.898888888883,87.0,106.401
LAT,6708.36555555555,82.0,106.401
LAT,6715.5655555555495,81.0,106.401
LAT,6721.243333333327,73.0,106.401
LAT,6725.77666666666,68.0,106.401
LAT,6733.665555555549,71.0,106.401
LAT,6738.598888888882,74.0,106.401
LAT,6747.709999999994,82.0,106.401
LAT,6751.532222222216,86.0,106.401
LAT,6756.921111111104,97.0,106.401
LAT,6765.2433333333265,107.0,106.401
LAT,6770.17666666666,111.0,106.401
LAT,6778.443333333326,124.0,106.401
LAT,6788.74666666666,132.0,106.401
LAT,6798.479999999993,146.0,106.401
LAT,6805.191111111104,151.0,106.401
LAT,6818.024444444437,165.0,106.401
LAT,6833.84666666666,178.0,106.401
LAT,6844.235555555549,187.0,106.401
LAT,6857.4355555555485,198.0,106.401
LAT,6873.633055555549,209.0,106.401
LAT,6893.010833333327,218.0,106.401
LAT,6905.288611111106,221.0,106.401
MAG,23.057222222222222,242.0,106.557
MAG,48.35722222222222,253.0,106.557
MAG,71.37944444444443,259.0,106.557
MAG,94.75722222222221,263.0,106.557
MAG,109.53499999999998,266.0,106.557
MAG,130.69055555555553,272.0,106.557
MAG,155.13499999999996,275.0,106.557
MAG,173.73499999999999,279.0,106.557
MAG,201.93499999999997,282.0,106.557
MAG,223.9461111111111,283.0,106.557
MAG,236.52388888888885,283.0,106.557
MAG,249.14611111111108,284.0,106.557
MAG,267.3461111111111,273.0,106.557
MAG,280.9572222222222,245.0,106.557
MAG,297.03666666666663,206.0,106.557
MAG,305.1191666666666,183.0,106.557
MAG,314.17472222222216,163.0,106.557
MAG,326.7080555555555,141.0,106.557
MAG,335.2413888888888,128.0,106.557
MAG,340.4413888888888,117.0,106.557
MAG,352.1080555555555,105.0,106.557
MAG,356.4191666666666,97.0,106.557
MAG,362.55249999999995,92.0,106.557
MAG,367.44138888888887,88.0,106.557
MAG,377.21916666666664,80.0,106.557
MAG,384.9191666666666,77.0,106.557
MAG,389.3636111111111,80.0,106.557
MAG,397.8636111111111,85.0,106.557
MAG,402.7525,88.0,106.557
MAG,408.8858333333333,92.0,106.557
MAG,414.3302777777778,98.0,106.557
MAG,422.80805555555554,109.0,106.557
MAG,432.3747222222222,123.0,106.557
MAG,437.8413888888889,123.0,106.557
MAG,445.5080555555556,138.0,106.557
MAG,454.7080555555556,138.0,106.557
MAG,460.84138888888884,138.0,106.557
MAG,476.3969444444444,175.0,106.557
MAG,486.6191666666667,184.0,106.557
MAG,496.84138888888884,184.0,106.557
MAG,512.7080555555555,204.0,106.557
MAG,529.4119444444444,214.0,106.557
MAG,544.0175,220.0,106.557
MAG,554.1063888888889,227.0,106.557
MAG,564.4175,232.0,106.557
MAG,577.6397222222222,238.0,106.557
MAG,599.5952777777777,247.0,106.557
MAG,627.9286111111111,255.0,106.557
MAG,639.2619444444443,255.0,106.557
MAG,650.8619444444444,261.0,106.557
MAG,671.5508333333333,266.0,106.557
MAG,683.4619444444445,268.0,106.557
MAG,707.5508333333335,271.0,106.557
MAG,722.8841666666667,276.0,106.557
MAG,738.4397222222223,280.0,106.557
MAG,750.9286111111112,281.0,106.557
MAG,769.9286111111112,285.0,106.557
MAG,785.8730555555558,287.0,106.557
MAG,805.0730555555556,288.0,106.557
MAG,831.0286111111112,292.0,106.557
MAG,853.9730555555558,295.0,106.557
MAG,877.0730555555557,297.0,106.557
MAG,900.3286111111112,299.0,106.557
MAG,923.7397222222223,301.0,106.557
MAG,960.8952777777777,304.0,106.557
MAG,984.6175,305.0,106.557
MAG,1005.0175000000002,306.0,106.557
MAG,1022.1583333333332,307.0,106.557
MAG,1052.6583333333335,305.0,106.557
MAG,1066.1733333333334,306.0,106.557
MAG,1090.0511111111114,307.0,106.557
MAG,1106.9955555555557,305.0,106.557
MAG,1130.4844444444443,302.0,106.557
MAG,1150.5511111111111,301.0,106.557
MAG,1163.8844444444444,300.0,106.557
MAG,1187.0622222222223,298.0,106.557
MAG,1203.6177777777777,298.0,106.557
MAG,1226.7177777777777,297.0,106.557
MAG,1259.94,299.0,106.557
MAG,1276.4955555555555,298.0,106.557
MAG,1289.8288888888887,300.0,106.557
MAG,1316.5844444444442,301.0,106.557
MAG,1343.5177777777776,303.0,106.557
MAG,1363.784444444444,304.0,106.557
MAG,1380.7288888888884,305.0,106.557
MAG,1394.284444444444,305.0,106.557
MAG,1411.2844444444443,306.0,106.557
MAG,1435.2399999999996,308.0,106.557
MAG,1452.4066666666665,309.0,106.557
MAG,1466.1399999999996,309.0,106.557
MAG,1483.3066666666666,309.0,106.557
MAG,1503.84,308.0,106.557
MAG,1521.062222222222,310.0,106.557
MAG,1545.2511111111112,311.0,106.557
MAG,1580.0044444444445,312.0,106.557
MAG,1600.8711111111113,313.0,106.557
MAG,1653.4499999999998,316.0,106.557
MAG,1674.5833333333333,317.0,106.557
MAG,1688.6277777777777,316.0,106.557
MAG,1720.6277777777777,320.0,106.557
MAG,1738.461111111111,321.0,106.557
MAG,1777.8166666666666,322.0,106.557
MAG,1806.5277777777778,323.0,106.557
MAG,1820.927777777778,324.0,106.557
MAG,1842.5277777777778,324.0,106.557
MAG,1860.5833333333333,325.0,106.557
MAG,1882.25,325.0,106.557
MAG,1896.7388888888888,326.0,106.557
MAG,1918.5388888888888,327.0,106.557
MAG,1936.7055555555553,327.0,106.557
MAG,1983.9388888888889,327.0,106.557
MAG,2016.8388888888887,329.0,106.557
MAG,2035.061111111111,328.0,106.557
MAG,2053.3388888888885,329.0,106.557
MAG,2075.3388888888885,330.0,106.557
MAG,2090.005555555555,330.0,106.557
MAG,2137.5277777777774,329.0,106.557
MAG,2163.2722222222214,331.0,106.557
MAG,2192.6972222222216,330.0,106.557
MAG,2207.319444444444,329.0,106.557
MAG,2229.2527777777773,329.0,106.557
MAG,2269.006666666666,326.0,106.557
MAG,2283.4066666666663,324.0,106.557
MAG,2304.873333333333,322.0,106.557
MAG,2317.362222222222,281.0,106.557
MAG,2335.64,235.0,106.557
MAG,2351.5066666666667,204.0,106.557
MAG,2364.306666666667,192.0,106.557
MAG,2372.44,183.0,106.557
MAG,2389.14,167.0,106.557
MAG,2404.64,155.0,106.557
MAG,2416.228888888889,149.0,106.557
MAG,2426.362222222222,152.0,106.557
MAG,2436.6955555555555,155.0,106.557
MAG,2445.64,161.0,106.557
MAG,2456.84,168.0,106.557
MAG,2464.351111111111,169.0,106.557
MAG,2477.1066666666666,164.0,106.557
MAG,2489.7844444444445,163.0,106.557
MAG,2505.9844444444443,162.0,106.557
MAG,2516.9844444444443,165.0,106.557
MAG,2526.428888888889,170.0,106.557
MAG,2539.8844444444444,173.0,106.557
MAG,2549.94,181.0,106.557
MAG,2566.9708333333333,191.0,106.557
MAG,2579.9041666666667,194.0,106.557
MAG,2592.9041666666667,195.0,106.557
MAG,2605.916388888889,196.0,106.557
MAG,2619.116388888889,198.0,106.557
MAG,2630.1163888888887,198.0,106.557
MAG,2647.9830555555554,201.0,106.557
MAG,2659.316388888889,204.0,106.557
MAG,2673.1830555555557,208.0,106.557
MAG,2682.649722222222,213.0,106.557
MAG,2702.2941666666666,221.0,106.557
MAG,2720.0275,228.0,106.557
MAG,2738.383055555556,236.0,106.557
MAG,2765.716388888889,246.0,106.557
MAG,2788.0275,251.0,106.557
MAG,2808.016388888889,257.0,106.557
MAG,2825.3497222222227,260.0,106.557
MAG,2854.9052777777783,266.0,106.557
MAG,2869.794166666667,268.0,106.557
MAG,2887.7275000000004,269.0,106.557
MAG,2914.4275000000002,267.0,106.557
MAG,2936.1275,217.0,106.557
MAG,2949.394166666667,199.0,106.557
MAG,2965.6225,182.0,106.557
MAG,2981.3224999999998,157.0,106.557
MAG,2988.0780555555557,152.0,106.557
MAG,2996.0780555555557,144.0,106.557
MAG,3006.3080555555557,132.0,106.557
MAG,3015.7191666666668,121.0,106.557
MAG,3024.663611111111,115.0,106.557
MAG,3035.763611111111,111.0,106.557
MAG,3041.874722222222,110.0,106.557
MAG,3052.274722222222,117.0,106.557
MAG,3057.563611111111,119.0,106.557
MAG,3076.630277777778,132.0,106.557
MAG,3087.6747222222225,142.0,106.557
MAG,3099.2636111111115,149.0,106.557
MAG,3111.9413888888894,163.0,106.557
MAG,3125.5525000000007,175.0,106.557
MAG,3133.4636111111117,178.0,106.557
MAG,3146.1302777777787,190.0,106.557
MAG,3163.9969444444455,201.0,106.557
MAG,3185.1969444444453,212.0,106.557
MAG,3238.0969444444454,207.0,106.557
MAG,3251.6302777777782,203.0,106.557
MAG,3275.3952777777786,194.0,106.557
MAG,3290.9508333333342,200.0,106.557
MAG,3311.7508333333344,208.0,106.557
MAG,3325.891666666668,213.0,106.557
MAG,3340.6250000000014,221.0,106.557
MAG,3360.9805555555567,229.0,106.557
MAG,3379.41388888889,237.0,106.557
MAG,3398.002777777779,239.0,106.557
MAG,3422.902777777779,249.0,106.557
MAG,3442.7361111111127,255.0,106.557
MAG,3454.1583333333347,257.0,106.557
MAG,3480.5583333333348,264.0,106.557
MAG,3492.3361111111126,265.0,106.557
MAG,3504.2472222222236,268.0,106.557
MAG,3525.480555555557,273.0,106.557
MAG,3556.480555555557,279.0,106.557
MAG,3575.213888888891,281.0,106.557
MAG,3597.3027777777797,284.0,106.557
MAG,3619.70277777778,288.0,106.557
MAG,3642.3361111111126,291.0,106.557
MAG,3655.2694444444464,291.0,106.557
MAG,3671.491666666668,292.0,106.557
MAG,3691.158333333335,295.0,106.557
MAG,3704.313888888891,296.0,106.557
MAG,3720.8694444444463,298.0,106.557
MAG,3743.9738888888905,296.0,106.557
MAG,3763.4405555555572,292.0,106.557
MAG,3779.3294444444464,286.0,106.557
MAG,3798.0627777777795,281.0,106.557
MAG,3819.6077777777796,278.0,106.557
MAG,3844.318888888891,278.0,106.557
MAG,3856.674444444446,278.0,106.557
MAG,3884.5744444444463,279.0,106.557
MAG,3896.9744444444464,279.0,106.557
MAG,3912.4744444444464,279.0,106.557
MAG,3931.2077777777795,281.0,106.557
MAG,3943.7411111111132,282.0,106.557
MAG,3968.9855555555578,284.0,106.557
MAG,3981.6522222222243,285.0,106.557
MAG,4000.718888888891,286.0,106.557
MAG,4029.618888888891,289.0,106.557
MAG,4045.6744444444466,289.0,106.557
MAG,4077.896666666669,290.0,106.557
MAG,4107.1966666666685,293.0,106.557
MAG,4123.474444444446,293.0,106.557
MAG,4139.6966666666685,292.0,106.557
MAG,4152.896666666669,297.0,106.557
MAG,4169.50777777778,299.0,106.557
MAG,4186.063333333335,298.0,106.557
MAG,4199.396666666668,300.0,106.557
MAG,4226.241111111113,302.0,106.557
MAG,4243.074444444447,303.0,106.557
MAG,4331.27027777778,305.0,106.557
MAG,4354.914722222225,304.0,106.557
MAG,4368.297222222224,303.0,106.557
MAG,4387.297222222224,285.0,106.557
MAG,4404.763888888891,262.0,106.557
MAG,4427.463888888891,227.0,106.557
MAG,4453.597222222224,196.0,106.557
MAG,4464.041666666668,188.0,106.557
MAG,4479.952777777779,179.0,106.557
MAG,4491.486111111112,173.0,106.557
MAG,4498.997222222223,169.0,106.557
MAG,4516.0972222222235,171.0,106.557
MAG,4531.830555555556,177.0,106.557
MAG,4539.741666666667,178.0,106.557
MAG,4558.641666666666,189.0,106.557
MAG,4575.708333333334,192.0,106.557
MAG,4590.175000000001,186.0,106.557
MAG,4612.541666666668,183.0,106.557
MAG,4631.141666666668,186.0,106.557
MAG,4641.4194444444465,185.0,106.557
MAG,4662.806111111113,192.0,106.557
MAG,4690.006111111113,204.0,106.557
MAG,4699.161666666668,206.0,106.557
MAG,4718.272777777778,215.0,106.557
MAG,4730.495000000001,220.0,106.557
MAG,4740.432500000001,225.0,106.557
MAG,4758.554722222223,233.0,106.557
MAG,4779.888055555556,240.0,106.557
MAG,4790.688055555556,243.0,106.557
MAG,4807.02138888889,245.0,106.557
MAG,4820.7991666666685,248.0,106.557
MAG,4836.065833333335,229.0,106.557
MAG,4851.621388888891,200.0,106.557
MAG,4864.088055555557,187.0,106.557
MAG,4879.11027777778,169.0,106.557
MAG,4891.71027777778,162.0,106.557
MAG,4902.310277777779,159.0,106.557
MAG,4919.088055555558,151.0,106.557
MAG,4929.021388888891,149.0,106.557
MAG,4946.799166666669,160.0,106.557
MAG,4954.176944444447,166.0,106.557
MAG,4963.7880555555585,173.0,106.557
MAG,4978.099166666669,184.0,106.557
MAG,4986.410277777781,187.0,106.557
MAG,4999.676944444447,199.0,106.557
MAG,5016.0686111111145,210.0,106.557
MAG,5030.468611111114,216.0,106.557
MAG,5040.2463888888915,220.0,106.557
MAG,5057.668611111114,224.0,106.557
MAG,5078.646388888892,236.0,106.557
MAG,5091.924166666669,239.0,106.557
MAG,5108.0575000000035,242.0,106.557
MAG,5127.122500000003,246.0,106.557
MAG,5149.166944444448,248.0,106.557
MAG,5163.055833333336,250.0,106.557
MAG,5194.100277777781,254.0,106.557
MAG,5211.300277777781,258.0,106.557
MAG,5237.300277777781,260.0,106.557
MAG,5257.755833333336,263.0,106.557
MAG,5269.578055555558,266.0,106.557
MAG,5284.466944444447,268.0,106.557
MAG,5302.466944444447,270.0,106.557
MAG,5329.966944444447,275.0,106.557
MAG,5342.18916666667,275.0,106.557
MAG,5354.500277777781,277.0,106.557
MAG,5379.211388888892,278.0,106.557
MAG,5391.566944444447,278.0,106.557
MAG,5432.733611111114,285.0,106.557
MAG,5458.155833333336,286.0,106.557
MAG,5470.911388888891,287.0,106.557
MAG,5496.680555555559,289.0,106.557
MAG,5509.569444444448,290.0,106.557
MAG,5522.502777777781,291.0,106.557
MAG,5548.458333333338,292.0,106.557
MAG,5574.591666666671,294.0,106.557
MAG,5587.747222222226,296.0,106.557
MAG,5607.613888888894,298.0,106.557
MAG,5624.031388888893,297.0,106.557
MAG,5640.6425000000045,299.0,106.557
MAG,5664.053611111116,301.0,106.557
MAG,5677.431388888894,301.0,106.557
MAG,5694.209166666672,302.0,106.557
MAG,5707.6313888888935,302.0,106.557
MAG,5731.19805555556,303.0,106.557
MAG,5748.031388888894,303.0,106.557
MAG,5768.2980555555605,304.0,106.557
MAG,5792.020277777783,305.0,106.557
MAG,5812.353611111116,305.0,106.557
MAG,5832.6202777777835,304.0,106.557
MAG,5846.131388888894,304.0,106.557
MAG,5873.331388888894,306.0,106.557
MAG,5903.831388888894,305.0,106.557
MAG,5927.475833333338,304.0,106.557
MAG,5968.142500000005,305.0,106.557
MAG,5991.942500000006,306.0,106.557
MAG,6008.942500000006,306.0,106.557
MAG,6032.827500000005,306.0,106.557
MAG,6049.8830555555605,307.0,106.557
MAG,6070.216388888894,305.0,106.557
MAG,6104.105277777783,305.0,106.557
MAG,6127.905277777783,306.0,106.557
MAG,6141.460833333339,305.0,106.557
MAG,6158.349722222228,304.0,106.557
MAG,6178.616388888894,304.0,106.557
MAG,6195.365555555561,303.0,106.557
MAG,6218.932222222227,303.0,106.557
MAG,6252.7100000000055,304.0,106.557
MAG,6279.910000000005,306.0,106.557
MAG,6303.7100000000055,306.0,106.557
MAG,6320.7100000000055,306.0,106.557
MAG,6358.232222222227,307.0,106.557
MAG,6385.521111111117,307.0,106.557
MAG,6409.55444444445,309.0,106.557
MAG,6423.287777777783,309.0,106.557
MAG,6440.398888888894,308.0,106.557
MAG,6467.865555555561,309.0,106.557
MAG,6488.465555555561,309.0,106.557
MAG,6508.998888888894,308.0,106.557
MAG,6529.532222222227,308.0,106.557
MAG,6546.587777777782,307.0,106.557
MAG,6570.3877777777825,306.0,106.557
MAG,6601.242500000005,277.0,106.557
MAG,6616.575833333339,230.0,106.557
MAG,6626.175833333338,216.0,106.557
MAG,6642.675833333338,165.0,106.557
MAG,6650.731388888894,145.0,106.557
MAG,6659.4647222222275,131.0,106.557
MAG,6667.598055555561,122.0,106.557
MAG,6674.598055555561,105.0,106.557
MAG,6681.728055555561,92.0,106.557
MAG,6686.783611111116,91.0,106.557
MAG,6692.050277777783,79.0,106.557
MAG,6698.850277777783,68.0,106.557
MAG,6704.71694444445,66.0,106.557
MAG,6710.583611111117,66.0,106.557
MAG,6717.983611111116,74.0,106.557
MAG,6722.372500000005,79.0,106.557
MAG,6731.905833333338,78.0,106.557
MAG,6736.639166666671,71.0,106.557
MAG,6739.705833333338,69.0,106.557
MAG,6746.205833333338,65.0,106.557
MAG,6749.050277777782,64.0,106.557
MAG,6754.916944444449,66.0,106.557
MAG,6760.205833333338,68.0,106.557
MAG,6768.761388888894,77.0,106.557
MAG,6773.451388888894,84.0,106.557
MAG,6783.251388888894,98.0,106.557
MAG,6789.140277777783,106.0,106.557
MAG,6801.440277777783,123.0,106.557
MAG,6808.5513888888945,128.0,106.557
MAG,6819.751388888894,144.0,106.557
MAG,6830.351388888895,159.0,106.557
MAG,6839.684722222228,168.0,106.557
MAG,6857.734444444451,181.0,106.557
MAG,6875.245555555562,197.0,106.557
MAG,6886.578888888896,204.0,106.557
MAG,6902.912222222229,210.0,106.557
MAG,6914.856666666673,215.0,106.557
MAG,6944.790000000005,228.0,106.557
TSU,12.335555555555555,244.0,106.692
TSU,31.693333333333335,248.0,106.692
TSU,57.39333333333333,257.0,106.692
TSU,74.79333333333332,261.0,106.692
TSU,92.52666666666666,266.0,106.692
TSU,107.4711111111111,269.0,106.692
TSU,128.7061111111111,274.0,106.692
TSU,140.8838888888889,274.0,106.692
TSU,162.5838888888889,279.0,106.692
TSU,181.45055555555558,283.0,106.692
TSU,197.2838888888889,285.0,106.692
TSU,223.0616666666667,290.0,106.692
TSU,242.46166666666667,291.0,106.692
TSU,261.8616666666667,291.0,106.692
TSU,273.1061111111111,253.0,106.692
TSU,283.06166666666667,224.0,106.692
TSU,299.68388888888893,187.0,106.692
TSU,316.90611111111116,155.0,106.692
TSU,330.10611111111115,132.0,106.692
TSU,341.0394444444445,123.0,106.692
TSU,350.10611111111115,102.0,106.692
TSU,355.43944444444446,96.0,106.692
TSU,364.2394444444445,88.0,106.692
TSU,370.695,83.0,106.692
TSU,378.495,78.0,106.692
TSU,384.2711111111111,74.0,106.692
TSU,389.87111111111113,72.0,106.692
TSU,410.17111111111114,87.0,106.692
TSU,414.19027777777785,91.0,106.692
TSU,419.63472222222225,98.0,106.692
TSU,425.5791666666667,107.0,106.692
TSU,441.71250000000003,132.0,106.692
TSU,449.54583333333335,141.0,106.692
TSU,461.7569444444445,157.0,106.692
TSU,491.4347222222223,185.0,106.692
TSU,511.0347222222223,196.0,106.692
TSU,520.101388888889,204.0,106.692
TSU,531.7680555555556,210.0,106.692
TSU,551.4125000000001,221.0,106.692
TSU,563.690277777778,221.0,106.692
TSU,581.9680555555557,235.0,106.692
TSU,595.3013888888889,240.0,106.692
TSU,608.9125000000001,245.0,106.692
TSU,625.5791666666668,250.0,106.692
TSU,642.6458333333335,256.0,106.692
TSU,654.1125000000002,258.0,106.692
TSU,674.5680555555557,263.0,106.692
TSU,686.3458333333335,265.0,106.692
TSU,701.4208333333335,270.0,106.692
TSU,713.4652777777779,271.0,106.692
TSU,734.854166666667,275.0,106.692
TSU,756.6319444444447,280.0,106.692
TSU,772.354166666667,283.0,106.692
TSU,791.2208333333335,283.0,106.692
TSU,823.3319444444446,289.0,106.692
TSU,845.9619444444446,292.0,106.692
TSU,875.4619444444447,295.0,106.692
TSU,895.2619444444446,297.0,106.692
TSU,911.9286111111112,300.0,106.692
TSU,931.9286111111113,300.0,106.692
TSU,952.1286111111111,303.0,106.692
TSU,982.6286111111111,305.0,106.692
TSU,1020.0286111111112,306.0,106.692
TSU,1050.828611111111,308.0,106.692
TSU,1064.4730555555554,307.0,106.692
TSU,1084.9397222222224,307.0,106.692
TSU,1125.6063888888891,305.0,106.692
TSU,1159.2730555555556,303.0,106.692
TSU,1189.1730555555555,299.0,106.692
TSU,1202.4619444444445,299.0,106.692
TSU,1232.3619444444444,299.0,106.692
TSU,1255.8566666666668,301.0,106.692
TSU,1285.9566666666667,301.0,106.692
TSU,1306.1566666666665,303.0,106.692
TSU,1322.9899999999998,303.0,106.692
TSU,1350.0122222222221,304.0,106.692
TSU,1390.812222222222,306.0,106.692
TSU,1424.7272222222223,306.0,106.692
TSU,1441.7827777777777,307.0,106.692
TSU,1458.8938888888888,308.0,106.692
TSU,1489.7938888888887,309.0,106.692
TSU,1510.4605555555554,310.0,106.692
TSU,1541.4605555555554,310.0,106.692
TSU,1569.016111111111,310.0,106.692
TSU,1596.927222222222,314.0,106.692
TSU,1617.8605555555553,314.0,106.692
TSU,1645.9494444444442,316.0,106.692
TSU,1659.9938888888887,316.0,106.692
TSU,1681.1272222222221,317.0,106.692
TSU,1695.3049999999998,319.0,106.692
TSU,1734.4161111111107,320.0,106.692
TSU,1752.3049999999996,322.0,106.692
TSU,1777.4272222222219,323.0,106.692
TSU,1791.827222222222,324.0,106.692
TSU,1813.517222222222,324.0,106.692
TSU,1831.5727777777774,325.0,106.692
TSU,1867.906111111111,327.0,106.692
TSU,1907.9949999999997,328.0,106.692
TSU,1926.3283333333331,330.0,106.692
TSU,1948.2616666666663,329.0,106.692
TSU,1981.317222222222,330.0,106.692
TSU,2021.680833333333,331.0,106.692
TSU,2054.980833333333,333.0,106.692
TSU,2069.7808333333332,333.0,106.692
TSU,2084.5808333333334,333.0,106.692
TSU,2110.4808333333335,333.0,106.692
TSU,2136.4586111111116,334.0,106.692
TSU,2155.0141666666673,334.0,106.692
TSU,2169.903055555556,335.0,106.692
TSU,2195.9586111111116,335.0,106.692
TSU,2221.9363888888893,334.0,106.692
TSU,2244.203055555556,334.0,106.692
TSU,2259.091944444445,335.0,106.692
TSU,2293.6475,311.0,106.692
TSU,2319.5475,259.0,106.692
TSU,2329.9474999999998,234.0,106.692
TSU,2345.8141666666666,204.0,106.692
TSU,2360.436388888889,188.0,106.692
TSU,2371.8838888888886,171.0,106.692
TSU,2381.050555555555,165.0,106.692
TSU,2395.1838888888883,159.0,106.692
TSU,2402.0283333333327,154.0,106.692
TSU,2412.0949999999993,151.0,106.692
TSU,2418.583888888888,146.0,106.692
TSU,2425.0283333333327,145.0,106.692
TSU,2439.7283333333326,147.0,106.692
TSU,2453.5061111111104,155.0,106.692
TSU,2462.1847222222214,157.0,106.692
TSU,2470.795833333332,155.0,106.692
TSU,2482.851388888888,155.0,106.692
TSU,2493.251388888888,156.0,106.692
TSU,2500.27361111111,158.0,106.692
TSU,2519.951388888888,161.0,106.692
TSU,2548.7180555555547,179.0,106.692
TSU,2570.162499999999,193.0,106.692
TSU,2581.0513888888877,196.0,106.692
TSU,2596.3736111111098,197.0,106.692
TSU,2613.795833333332,196.0,106.692
TSU,2631.2180555555547,196.0,106.692
TSU,2642.106944444444,196.0,106.692
TSU,2653.1069444444433,198.0,106.692
TSU,2664.1069444444433,198.0,106.692
TSU,2673.395833333332,209.0,106.692
TSU,2690.333888888888,217.0,106.692
TSU,2700.067222222221,219.0,106.692
TSU,2714.8005555555546,221.0,106.692
TSU,2730.2672222222213,232.0,106.692
TSU,2759.967222222221,243.0,106.692
TSU,2770.767222222221,243.0,106.692
TSU,2802.05611111111,256.0,106.692
TSU,2828.15611111111,261.0,106.692
TSU,2839.81611111111,264.0,106.692
TSU,2857.61611111111,267.0,106.692
TSU,2878.6161111111096,270.0,106.692
TSU,2893.8383333333322,274.0,106.692
TSU,2905.7494444444433,268.0,106.692
TSU,2924.41611111111,240.0,106.692
TSU,2947.393888888888,188.0,106.692
TSU,2962.4161111111102,169.0,106.692
TSU,2982.01611111111,147.0,106.692
TSU,2997.01611111111,135.0,106.692
TSU,3005.8161111111103,132.0,106.692
TSU,3011.593888888888,130.0,106.692
TSU,3017.3272222222217,129.0,106.692
TSU,3022.8827777777774,125.0,106.692
TSU,3032.449444444444,123.0,106.692
TSU,3047.116111111111,120.0,106.692
TSU,3064.0836111111107,129.0,106.692
TSU,3071.528055555555,134.0,106.692
TSU,3077.7947222222215,141.0,106.692
TSU,3091.3058333333324,152.0,106.692
TSU,3103.750277777777,160.0,106.692
TSU,3115.2169444444435,172.0,106.692
TSU,3125.1058333333326,178.0,106.692
TSU,3137.372499999999,184.0,106.692
TSU,3152.5391666666656,195.0,106.692
TSU,3175.4816666666657,207.0,106.692
TSU,3194.592777777777,215.0,106.692
TSU,3209.192777777777,219.0,106.692
TSU,3218.614999999999,212.0,106.692
TSU,3229.837222222221,202.0,106.692
TSU,3240.948333333332,200.0,106.692
TSU,3253.8816666666653,194.0,106.692
TSU,3262.3705555555543,191.0,106.692
TSU,3272.981666666665,191.0,106.692
TSU,3292.581666666665,196.0,106.692
TSU,3308.448333333332,204.0,106.692
TSU,3319.8927777777767,206.0,106.692
TSU,3334.2927777777763,216.0,106.692
TSU,3346.570555555554,221.0,106.692
TSU,3369.8705555555543,233.0,106.692
TSU,3385.603888888888,236.0,106.692
TSU,3407.271388888888,243.0,106.692
TSU,3426.7936111111103,251.0,106.692
TSU,3438.082499999999,254.0,106.692
TSU,3455.2158333333327,257.0,106.692
TSU,3466.7713888888884,260.0,106.692
TSU,3478.4158333333326,262.0,106.692
TSU,3490.238055555555,266.0,106.692
TSU,3511.2380555555546,270.0,106.692
TSU,3554.060277777777,277.0,106.692
TSU,3575.915833333333,281.0,106.692
TSU,3597.7708333333326,282.0,106.692
TSU,3613.6597222222217,286.0,106.692
TSU,3632.859722222222,288.0,106.692
TSU,3655.4152777777776,290.0,106.692
TSU,3681.3708333333334,292.0,106.692
TSU,3717.4263888888886,295.0,106.692
TSU,3733.8708333333325,296.0,106.692
TSU,3765.7597222222216,287.0,106.692
TSU,3802.026388888888,272.0,106.692
TSU,3826.026388888888,270.0,106.692
TSU,3852.926388888888,269.0,106.692
TSU,3871.059722222222,272.0,106.692
TSU,3883.193055555555,273.0,106.692
TSU,3913.936388888889,276.0,106.692
TSU,3951.0030555555554,278.0,106.692
TSU,3966.5030555555554,279.0,106.692
TSU,3988.514166666667,283.0,106.692
TSU,4007.4474999999998,284.0,106.692
TSU,4029.6141666666667,285.0,106.692
TSU,4048.7475000000004,287.0,106.692
TSU,4061.5030555555563,287.0,106.692
TSU,4074.3475000000003,289.0,106.692
TSU,4096.980833333334,291.0,106.692
TSU,4113.203055555556,292.0,106.692
TSU,4135.910555555556,293.0,106.692
TSU,4152.188333333334,293.0,106.692
TSU,4178.588333333334,297.0,106.692
TSU,4195.088333333334,297.0,106.692
TSU,4211.755000000001,300.0,106.692
TSU,4225.088333333334,300.0,106.692
TSU,4241.755000000001,300.0,106.692
TSU,4289.032777777779,305.0,106.692
TSU,4316.14388888889,305.0,106.692
TSU,4333.255000000001,308.0,106.692
TSU,4364.155000000001,309.0,106.692
TSU,4387.266111111112,260.0,106.692
TSU,4398.332777777779,249.0,106.692
TSU,4419.932777777779,216.0,106.692
TSU,4429.310555555557,211.0,106.692
TSU,4438.344444444446,202.0,106.692
TSU,4451.0777777777785,191.0,106.692
TSU,4459.3888888888905,187.0,106.692
TSU,4471.58888888889,183.0,106.692
TSU,4485.433333333335,178.0,106.692
TSU,4494.988888888891,172.0,106.692
TSU,4506.322222222224,170.0,106.692
TSU,4513.922222222223,171.0,106.692
TSU,4523.58888888889,174.0,106.692
TSU,4537.433333333335,178.0,106.692
TSU,4549.633333333335,183.0,106.692
TSU,4564.7222222222235,194.0,106.692
TSU,4577.734444444446,196.0,106.692
TSU,4590.734444444446,195.0,106.692
TSU,4603.401111111113,190.0,106.692
TSU,4622.201111111113,188.0,106.692
TSU,4634.734444444446,188.0,106.692
TSU,4645.456666666669,193.0,106.692
TSU,4654.123333333335,195.0,106.692
TSU,4662.87888888889,197.0,106.692
TSU,4676.545555555557,205.0,106.692
TSU,4685.834444444446,209.0,106.692
TSU,4699.901111111112,211.0,106.692
TSU,4717.167777777779,222.0,106.692
TSU,4729.77888888889,227.0,106.692
TSU,4771.023333333334,233.0,106.692
TSU,4781.823333333335,243.0,106.692
TSU,4792.825000000002,246.0,106.692
TSU,4815.313888888891,253.0,106.692
TSU,4837.21388888889,219.0,106.692
TSU,4846.947222222224,219.0,106.692
TSU,4861.0250000000015,181.0,106.692
TSU,4872.425000000001,171.0,106.692
TSU,4881.536111111112,164.0,106.692
TSU,4888.602777777779,159.0,106.692
TSU,4897.269444444446,156.0,106.692
TSU,4908.936111111113,150.0,106.692
TSU,4915.60277777778,150.0,106.692
TSU,4925.802777777781,153.0,106.692
TSU,4932.691666666669,155.0,106.692
TSU,4947.13527777778,163.0,106.692
TSU,4954.601944444446,168.0,106.692
TSU,4975.046388888891,184.0,106.692
TSU,4992.379722222225,195.0,106.692
TSU,5008.401944444447,206.0,106.692
TSU,5020.2352777777805,213.0,106.692
TSU,5037.424166666669,221.0,106.692
TSU,5047.468611111113,226.0,106.692
TSU,5057.646388888891,229.0,106.692
TSU,5075.846388888891,234.0,106.692
TSU,5105.4241666666685,242.0,106.692
TSU,5130.224166666669,248.0,106.692
TSU,5149.746388888891,251.0,106.692
TSU,5161.016388888891,252.0,106.692
TSU,5183.683055555557,255.0,106.692
TSU,5206.616388888891,258.0,106.692
TSU,5221.060833333336,260.0,106.692
TSU,5235.616388888891,262.0,106.692
TSU,5271.083055555558,266.0,106.692
TSU,5300.916388888892,270.0,106.692
TSU,5313.049722222225,273.0,106.692
TSU,5331.383055555558,275.0,106.692
TSU,5343.649722222225,276.0,106.692
TSU,5359.094166666669,278.0,106.692
TSU,5380.949722222224,281.0,106.692
TSU,5399.73777777778,283.0,106.692
TSU,5428.3377777777805,286.0,106.692
TSU,5441.093333333336,287.0,106.692
TSU,5453.893333333337,288.0,106.692
TSU,5473.1600000000035,289.0,106.692
TSU,5499.026666666669,291.0,106.692
TSU,5528.226666666669,292.0,106.692
TSU,5547.82666666667,294.0,106.692
TSU,5567.426666666669,294.0,106.692
TSU,5583.871111111113,296.0,106.692
TSU,5600.315555555558,296.0,106.692
TSU,5620.115555555557,297.0,106.692
TSU,5633.404444444445,299.0,106.692
TSU,5653.404444444446,300.0,106.692
TSU,5666.737777777779,300.0,106.692
TSU,5686.888055555557,301.0,106.692
TSU,5700.3102777777785,302.0,106.692
TSU,5727.243611111113,303.0,106.692
TSU,5747.510277777779,304.0,106.692
TSU,5764.454722222224,305.0,106.692
TSU,5822.254722222223,306.0,106.692
TSU,5842.654722222223,306.0,106.692
TSU,5862.9880555555565,305.0,106.692
TSU,5876.632500000001,307.0,106.692
TSU,5903.92138888889,307.0,106.692
TSU,5920.92138888889,306.0,106.692
TSU,5944.876944444445,308.0,106.692
TSU,5989.191666666667,308.0,106.692
TSU,6019.991666666667,308.0,106.692
TSU,6043.947222222222,308.0,106.692
TSU,6061.113888888889,309.0,106.692
TSU,6091.913888888889,308.0,106.692
TSU,6119.291666666666,308.0,106.692
TSU,6136.347222222222,307.0,106.692
TSU,6170.236111111111,305.0,106.692
TSU,6190.569444444444,305.0,106.692
TSU,6207.458333333333,304.0,106.692
TSU,6241.431944444444,305.0,106.692
TSU,6261.831944444444,306.0,106.692
TSU,6289.031944444444,306.0,106.692
TSU,6302.720833333333,308.0,106.692
TSU,6323.1875,307.0,106.692
TSU,6350.565277777777,308.0,106.692
TSU,6371.165277777777,309.0,106.692
TSU,6384.854166666666,308.0,106.692
TSU,6398.543055555555,308.0,106.692
TSU,6422.576388888889,309.0,106.692
TSU,6436.265277777778,308.0,106.692
TSU,6453.4319444444445,309.0,106.692
TSU,6480.898611111112,309.0,106.692
TSU,6504.854166666666,308.0,106.692
TSU,6532.146388888888,308.0,106.692
TSU,6566.479722222222,309.0,106.692
TSU,6588.024166666667,277.0,106.692
TSU,6601.635277777778,245.0,106.692
TSU,6613.524166666666,214.0,106.692
TSU,6624.079722222222,190.0,106.692
TSU,6635.213055555556,167.0,106.692
TSU,6649.6575,130.0,106.692
TSU,6657.6575,120.0,106.692
TSU,6674.824166666667,103.0,106.692
TSU,6679.9352777777785,92.0,106.692
TSU,6683.870833333334,88.0,106.692
TSU,6687.693055555556,86.0,106.692
TSU,6691.42638888889,84.0,106.692
TSU,6697.259722222223,75.0,106.692
TSU,6701.370833333334,74.0,106.692
TSU,6707.204166666667,75.0,106.692
TSU,6711.42638888889,76.0,106.692
TSU,6714.937500000001,79.0,106.692
TSU,6722.404166666667,84.0,106.692
TSU,6728.62638888889,80.0,106.692
TSU,6733.493055555557,73.0,106.692
TSU,6738.293055555557,72.0,106.692
TSU,6741.22638888889,66.0,106.692
TSU,6746.515277777779,68.0,106.692
TSU,6754.515277777779,72.0,106.692
TSU,6759.560833333335,76.0,106.692
TSU,6766.01638888889,83.0,106.692
TSU,6776.794166666668,97.0,106.692
TSU,6789.238611111113,112.0,106.692
TSU,6794.394166666669,116.0,106.692
TSU,6801.1163888888905,121.0,106.692
TSU,6808.6163888888905,135.0,106.692
TSU,6828.294166666668,161.0,106.692
TSU,6837.738611111113,170.0,106.692
TSU,6849.6052777777795,178.0,106.692
TSU,6857.871944444446,186.0,106.692
TSU,6866.360833333335,191.0,106.692
TSU,6881.815833333335,198.0,106.692
TSU,6890.97138888889,206.0,106.692
TSU,6902.915833333334,215.0,106.692
TSU,6912.604722222223,218.0,106.692
TSU,6945.649166666668,233.0,106.692
BOT,14.85,243.0,107.866
BOT,34.13888888888889,248.0,107.866
BOT,65.79444444444445,259.0,107.866
BOT,77.37750000000001,259.0,107.866
BOT,94.97055555555558,265.0,107.866
BOT,128.0927777777778,271.0,107.866
BOT,140.31500000000003,275.0,107.866
BOT,162.01500000000004,279.0,107.866
BOT,177.6816666666667,282.0,107.866
BOT,193.4594444444445,284.0,107.866
BOT,225.4594444444445,288.0,107.866
BOT,254.25944444444448,288.0,107.866
BOT,266.34833333333336,272.0,107.866
BOT,290.2372222222222,215.0,107.866
BOT,301.3483333333333,200.0,107.866
BOT,319.1483333333333,178.0,107.866
BOT,326.3927777777778,163.0,107.866
BOT,334.55944444444447,147.0,107.866
BOT,341.8927777777778,132.0,107.866
BOT,352.55944444444447,120.0,107.866
BOT,363.55944444444447,99.0,107.866
BOT,367.55944444444447,90.0,107.866
BOT,373.09277777777777,83.0,107.866
BOT,377.5372222222222,80.0,107.866
BOT,380.6927777777778,71.0,107.866
BOT,387.3927777777778,67.0,107.866
BOT,391.7261111111111,65.0,107.866
BOT,395.17055555555555,62.0,107.866
BOT,398.615,62.0,107.866
BOT,405.1330555555556,65.0,107.866
BOT,413.22388888888895,73.0,107.866
BOT,417.33500000000004,74.0,107.866
BOT,426.035,87.0,107.866
BOT,432.36833333333334,95.0,107.866
BOT,444.36833333333334,108.0,107.866
BOT,452.235,118.0,107.866
BOT,459.1794444444444,125.0,107.866
BOT,466.5683333333333,133.0,107.866
BOT,477.8461111111111,145.0,107.866
BOT,491.535,154.0,107.866
BOT,502.2683333333334,161.0,107.866
BOT,514.335,181.0,107.866
BOT,522.5572222222222,185.0,107.866
BOT,535.6905555555554,197.0,107.866
BOT,551.5572222222222,204.0,107.866
BOT,563.3349999999999,212.0,107.866
BOT,575.4461111111111,218.0,107.866
BOT,590.7127777777777,229.0,107.866
BOT,606.246111111111,233.0,107.866
BOT,627.7572222222221,242.0,107.866
BOT,661.0905555555555,250.0,107.866
BOT,675.4238888888888,258.0,107.866
BOT,704.7572222222221,264.0,107.866
BOT,716.6980555555555,267.0,107.866
BOT,737.8536111111111,272.0,107.866
BOT,749.9552777777777,274.0,107.866
BOT,768.6219444444444,280.0,107.866
BOT,790.3219444444444,279.0,107.866
BOT,806.0441666666666,283.0,107.866
BOT,828.288611111111,286.0,107.866
BOT,847.688611111111,291.0,107.866
BOT,860.6219444444444,291.0,107.866
BOT,886.8441666666666,295.0,107.866
BOT,920.0663888888887,299.0,107.866
BOT,943.3997222222222,300.0,107.866
BOT,963.5997222222223,303.0,107.866
BOT,983.7997222222222,303.0,107.866
BOT,1000.7441666666665,305.0,107.866
BOT,1014.3441666666665,306.0,107.866
BOT,1045.0441666666666,307.0,107.866
BOT,1062.1552777777777,308.0,107.866
BOT,1085.9552777777778,306.0,107.866
BOT,1106.4219444444448,307.0,107.866
BOT,1126.8219444444446,306.0,107.866
BOT,1143.766388888889,305.0,107.866
BOT,1170.5219444444444,301.0,107.866
BOT,1203.855277777778,300.0,107.866
BOT,1230.4330555555555,299.0,107.866
BOT,1253.8497222222225,300.0,107.866
BOT,1277.4163888888888,303.0,107.866
BOT,1297.3330555555556,300.0,107.866
BOT,1330.8886111111112,302.0,107.866
BOT,1364.6663888888888,304.0,107.866
BOT,1391.8663888888889,306.0,107.866
BOT,1412.3330555555553,307.0,107.866
BOT,1432.7997222222223,307.0,107.866
BOT,1467.0219444444444,308.0,107.866
BOT,1480.7552777777778,309.0,107.866
BOT,1504.866388888889,310.0,107.866
BOT,1518.644166666667,310.0,107.866
BOT,1535.866388888889,310.0,107.866
BOT,1556.6663888888893,312.0,107.866
BOT,1584.3108333333334,311.0,107.866
BOT,1601.5886111111115,311.0,107.866
BOT,1615.4108333333338,311.0,107.866
BOT,1657.4108333333336,315.0,107.866
BOT,1685.4997222222225,316.0,107.866
BOT,1703.1663888888895,318.0,107.866
BOT,1717.299722222223,318.0,107.866
BOT,1745.744166666667,320.0,107.866
BOT,1781.5219444444451,322.0,107.866
BOT,1821.089444444445,323.0,107.866
BOT,1849.978333333334,325.0,107.866
BOT,1879.0450000000005,327.0,107.866
BOT,1911.7538888888896,328.0,107.866
BOT,1955.4872222222227,328.0,107.866
BOT,1977.3538888888895,328.0,107.866
BOT,1999.3538888888893,330.0,107.866
BOT,2032.4538888888892,331.0,107.866
BOT,2054.6538888888895,333.0,107.866
BOT,2069.409444444445,332.0,107.866
BOT,2095.309444444445,333.0,107.866
BOT,2117.4427777777782,332.0,107.866
BOT,2147.042777777778,333.0,107.866
BOT,2165.653888888889,335.0,107.866
BOT,2202.653888888889,333.0,107.866
BOT,2228.553888888889,333.0,107.866
BOT,2243.398333333334,334.0,107.866
BOT,2265.665,334.0,107.866
BOT,2284.1094444444448,332.0,107.866
BOT,2306.2427777777784,332.0,107.866
BOT,2329.342777777778,297.0,107.866
BOT,2346.009444444445,250.0,107.866
BOT,2361.009444444445,225.0,107.866
BOT,2376.953888888889,205.0,107.866
BOT,2392.8255555555556,178.0,107.866
BOT,2404.158888888889,170.0,107.866
BOT,2413.2144444444443,163.0,107.866
BOT,2422.047777777778,159.0,107.866
BOT,2432.1388888888887,152.0,107.866
BOT,2443.572222222222,147.0,107.866
BOT,2450.1055555555554,147.0,107.866
BOT,2459.8388888888885,146.0,107.866
BOT,2476.6166666666663,151.0,107.866
BOT,2493.95,156.0,107.866
BOT,2500.7944444444443,154.0,107.866
BOT,2509.2388888888886,152.0,107.866
BOT,2519.2388888888886,150.0,107.866
BOT,2529.372222222222,152.0,107.866
BOT,2537.9277777777775,154.0,107.866
BOT,2546.7611111111105,159.0,107.866
BOT,2555.9277777777775,165.0,107.866
BOT,2567.3277777777776,171.0,107.866
BOT,2584.038888888889,188.0,107.866
BOT,2592.572222222222,192.0,107.866
BOT,2607.583333333333,193.0,107.866
BOT,2624.4722222222217,190.0,107.866
BOT,2632.783333333333,187.0,107.866
BOT,2650.9833333333327,182.0,107.866
BOT,2667.605555555555,187.0,107.866
BOT,2678.2722222222214,192.0,107.866
BOT,2701.106944444444,205.0,107.866
BOT,2714.7736111111103,205.0,107.866
BOT,2731.5736111111105,216.0,107.866
BOT,2751.5736111111105,225.0,107.866
BOT,2769.4761111111106,231.0,107.866
BOT,2788.220555555555,241.0,107.866
BOT,2804.553888888888,245.0,107.866
BOT,2818.3872222222217,249.0,107.866
BOT,2846.831666666666,256.0,107.866
BOT,2876.164999999999,264.0,107.866
BOT,2896.853888888888,266.0,107.866
BOT,2908.6761111111105,266.0,107.866
BOT,2920.5872222222215,268.0,107.866
BOT,2938.053888888888,262.0,107.866
BOT,2957.0761111111105,214.0,107.866
BOT,2966.142777777777,204.0,107.866
BOT,2976.7538888888885,191.0,107.866
BOT,2986.642777777777,178.0,107.866
BOT,2999.4761111111106,165.0,107.866
BOT,3016.3649999999993,152.0,107.866
BOT,3028.7205555555547,139.0,107.866
BOT,3037.387222222221,130.0,107.866
BOT,3043.164999999999,130.0,107.866
BOT,3050.2205555555543,127.0,107.866
BOT,3061.1538888888876,123.0,107.866
BOT,3075.853888888888,120.0,107.866
BOT,3091.1316666666658,125.0,107.866
BOT,3099.9983333333325,133.0,107.866
BOT,3112.58111111111,142.0,107.866
BOT,3126.18111111111,153.0,107.866
BOT,3133.3366666666657,161.0,107.866
BOT,3146.558888888888,170.0,107.866
BOT,3160.636666666666,181.0,107.866
BOT,3173.4366666666656,192.0,107.866
BOT,3188.8366666666657,198.0,107.866
BOT,3204.9366666666656,207.0,107.866
BOT,3226.4366666666656,215.0,107.866
BOT,3251.003333333332,201.0,107.866
BOT,3270.2033333333325,192.0,107.866
BOT,3280.7033333333325,189.0,107.866
BOT,3297.4144444444437,188.0,107.866
BOT,3310.347777777777,194.0,107.866
BOT,3319.2366666666658,200.0,107.866
BOT,3335.3366666666657,207.0,107.866
BOT,3354.358888888888,214.0,107.866
BOT,3387.2922222222214,228.0,107.866
BOT,3405.803333333332,238.0,107.866
BOT,3424.848888888888,244.0,107.866
BOT,3449.9488888888877,251.0,107.866
BOT,3484.3488888888874,260.0,107.866
BOT,3499.07111111111,265.0,107.866
BOT,3519.8411111111095,268.0,107.866
BOT,3531.885555555554,271.0,107.866
BOT,3553.1966666666654,274.0,107.866
BOT,3571.796666666665,279.0,107.866
BOT,3587.407777777776,281.0,107.866
BOT,3612.6522222222206,284.0,107.866
BOT,3631.6522222222206,285.0,107.866
BOT,3650.9855555555537,290.0,107.866
BOT,3663.874444444443,290.0,107.866
BOT,3676.8522222222205,292.0,107.866
BOT,3702.8966666666647,293.0,107.866
BOT,3735.5633333333312,294.0,107.866
BOT,3764.263333333332,287.0,107.866
BOT,3788.529999999998,273.0,107.866
BOT,3811.9966666666646,264.0,107.866
BOT,3826.2744444444425,257.0,107.866
BOT,3852.2744444444425,260.0,107.866
BOT,3872.65222222222,262.0,107.866
BOT,3899.0522222222203,264.0,107.866
BOT,3919.971111111109,268.0,107.866
BOT,3940.8933333333316,269.0,107.866
BOT,4005.5266666666653,277.0,107.866
BOT,4017.893333333332,280.0,107.866
BOT,4033.5599999999986,282.0,107.866
BOT,4049.2266666666656,282.0,107.866
BOT,4084.0599999999986,285.0,107.866
BOT,4100.004444444443,287.0,107.866
BOT,4122.482222222221,289.0,107.866
BOT,4148.17111111111,289.0,107.866
BOT,4171.037777777776,294.0,107.866
BOT,4200.737777777776,297.0,107.866
BOT,4213.982222222221,298.0,107.866
BOT,4230.648888888887,300.0,107.866
BOT,4257.4044444444435,301.0,107.866
BOT,4274.126666666666,301.0,107.866
BOT,4297.693333333333,303.0,107.866
BOT,4314.526666666665,303.0,107.866
BOT,4331.471111111109,305.0,107.866
BOT,4351.804444444442,305.0,107.866
BOT,4372.137777777776,305.0,107.866
BOT,4385.471111111109,300.0,107.866
BOT,4408.804444444442,300.0,107.866
BOT,4419.9155555555535,250.0,107.866
BOT,4432.868888888887,232.0,107.866
BOT,4442.868888888887,225.0,107.866
BOT,4459.124444444443,209.0,107.866
BOT,4474.524444444442,198.0,107.866
BOT,4485.302222222221,194.0,107.866
BOT,4497.635555555554,185.0,107.866
BOT,4517.302222222221,177.0,107.866
BOT,4530.78722222222,174.0,107.866
BOT,4548.48722222222,177.0,107.866
BOT,4560.553888888887,181.0,107.866
BOT,4570.831666666665,185.0,107.866
BOT,4583.698333333332,193.0,107.866
BOT,4596.964999999999,199.0,107.866
BOT,4616.864999999999,199.0,107.866
BOT,4640.331666666665,192.0,107.866
BOT,4658.831666666665,185.0,107.866
BOT,4667.0983333333315,186.0,107.866
BOT,4679.831666666665,191.0,107.866
BOT,4706.764999999998,202.0,107.866
BOT,4720.564999999998,207.0,107.866
BOT,4729.9427777777755,211.0,107.866
BOT,4751.642777777775,217.0,107.866
BOT,4761.2872222222195,217.0,107.866
BOT,4784.58722222222,233.0,107.866
BOT,4803.320555555553,240.0,107.866
BOT,4827.720555555553,244.0,107.866
BOT,4844.320555555552,249.0,107.866
BOT,4858.098333333331,248.0,107.866
BOT,4876.942777777775,212.0,107.866
BOT,4901.076111111108,181.0,107.866
BOT,4919.696111111108,168.0,107.866
BOT,4928.696111111108,162.0,107.866
BOT,4937.41833333333,157.0,107.866
BOT,4952.7183333333305,153.0,107.866
BOT,4963.31833333333,159.0,107.866
BOT,4979.91833333333,166.0,107.866
BOT,4995.20722222222,172.0,107.866
BOT,5011.296111111108,181.0,107.866
BOT,5024.096111111107,192.0,107.866
BOT,5042.2294444444415,204.0,107.866
BOT,5051.473888888886,208.0,107.866
BOT,5065.8738888888865,216.0,107.866
BOT,5075.651666666664,220.0,107.866
BOT,5104.129444444441,233.0,107.866
BOT,5117.240555555552,236.0,107.866
BOT,5136.0627777777745,242.0,107.866
BOT,5146.81833333333,242.0,107.866
BOT,5163.554444444441,250.0,107.866
BOT,5177.387777777775,249.0,107.866
BOT,5205.387777777774,252.0,107.866
BOT,5236.798888888887,257.0,107.866
BOT,5251.1877777777745,259.0,107.866
BOT,5268.721111111108,263.0,107.866
BOT,5283.332222222219,263.0,107.866
BOT,5295.198888888886,267.0,107.866
BOT,5328.123888888886,270.0,107.866
BOT,5355.523888888885,274.0,107.866
BOT,5367.834999999996,277.0,107.866
BOT,5380.146111111108,277.0,107.866
BOT,5401.923888888887,280.0,107.866
BOT,5423.779444444443,281.0,107.866
BOT,5439.501666666664,283.0,107.866
BOT,5452.168333333332,285.0,107.866
BOT,5474.490555555554,287.0,107.866
BOT,5497.1238888888865,291.0,107.866
BOT,5516.590555555554,292.0,107.866
BOT,5529.568333333331,292.0,107.866
BOT,5562.234999999998,294.0,107.866
BOT,5591.734999999998,295.0,107.866
BOT,5604.890555555553,296.0,107.866
BOT,5628.068333333331,298.0,107.866
BOT,5651.246111111109,298.0,107.866
BOT,5671.329444444442,300.0,107.866
BOT,5688.0516666666645,301.0,107.866
BOT,5714.984999999997,303.0,107.866
BOT,5728.4072222222185,302.0,107.866
BOT,5748.673888888886,304.0,107.866
BOT,5762.184999999997,304.0,107.866
BOT,5775.696111111108,304.0,107.866
BOT,5806.296111111108,306.0,107.866
BOT,5833.584999999997,307.0,107.866
BOT,5850.610555555552,308.0,107.866
BOT,5867.721666666664,308.0,107.866
BOT,5891.599444444441,307.0,107.866
BOT,5912.066111111108,307.0,107.866
BOT,5925.79944444444,309.0,107.866
BOT,5963.321666666662,307.0,107.866
BOT,5990.699444444441,308.0,107.866
BOT,6014.732777777775,309.0,107.866
BOT,6049.066111111108,309.0,107.866
BOT,6066.232777777775,309.0,107.866
BOT,6090.343888888886,310.0,107.866
BOT,6117.899444444441,310.0,107.866
BOT,6145.366111111108,309.0,107.866
BOT,6162.477222222219,308.0,107.866
BOT,6179.532777777775,307.0,107.866
BOT,6196.643888888885,308.0,107.866
BOT,6210.332777777775,308.0,107.866
BOT,6234.373888888886,308.0,107.866
BOT,6248.01833333333,307.0,107.866
BOT,6268.41833333333,306.0,107.866
BOT,6288.81833333333,306.0,107.866
BOT,6326.462777777774,308.0,107.866
BOT,6340.196111111109,309.0,107.866
BOT,6378.084999999997,310.0,107.866
BOT,6409.084999999997,310.0,107.866
BOT,6422.776666666663,310.0,107.866
BOT,6443.443333333331,310.0,107.866
BOT,6467.63222222222,311.0,107.866
BOT,6484.854444444441,310.0,107.866
BOT,6498.632222222219,310.0,107.866
BOT,6522.74333333333,310.0,107.866
BOT,6560.632222222219,310.0,107.866
BOT,6588.009999999996,308.0,107.866
BOT,6624.276666666663,272.0,107.866
BOT,6649.498888888886,227.0,107.866
BOT,6661.365555555552,178.0,107.866
BOT,6668.832222222219,168.0,107.866
BOT,6675.498888888886,150.0,107.866
BOT,6681.8544444444415,143.0,107.866
BOT,6691.421111111108,123.0,107.866
BOT,6703.765555555552,101.0,107.866
BOT,6708.193055555552,99.0,107.866
BOT,6716.104166666662,89.0,107.866
BOT,6720.881944444441,86.0,107.866
BOT,6724.615277777774,84.0,107.866
BOT,6731.548611111108,78.0,107.866
BOT,6737.537499999997,77.0,107.866
BOT,6742.67083333333,77.0,107.866
BOT,6747.059722222219,79.0,107.866
BOT,6752.793055555552,86.0,107.866
BOT,6759.2486111111075,83.0,107.866
BOT,6768.004444444441,79.0,107.866
BOT,6774.848888888885,77.0,107.866
BOT,6779.715555555552,73.0,107.866
BOT,6782.959999999996,73.0,107.866
BOT,6787.015555555552,73.0,107.866
BOT,6791.237777777775,76.0,107.866
BOT,6796.637777777774,81.0,107.866
BOT,6800.371111111108,84.0,107.866
BOT,6805.315555555552,89.0,107.866
BOT,6815.115555555552,98.0,107.866
BOT,6823.671111111108,110.0,107.866
BOT,6830.004444444441,114.0,107.866
BOT,6838.471111111107,127.0,107.866
BOT,6845.526666666663,127.0,107.866
BOT,6860.826666666663,153.0,107.866
BOT,6872.293333333329,172.0,107.866
BOT,6888.699999999996,184.0,107.866
BOT,6903.63333333333,192.0,107.866
BOT,6912.522222222219,200.0,107.866
BOT,6926.588888888886,211.0,107.866
BOT,6936.099999999997,214.0,107.866
BOT,6945.699999999996,216.0,107.866
BOT,6973.144444444441,226.0,107.866
