Driver,Distance,Speed,LapTimeSec
LEC,2.232222222222222,287.0,78.75
LEC,28.009999999999998,290.0,78.75
LEC,47.47666666666666,292.0,78.75
LEC,67.07666666666665,294.0,78.75
LEC,83.52111111111111,296.0,78.75
LEC,120.06555555555555,299.0,78.75
LEC,136.78777777777776,301.0,78.75
LEC,153.51,301.0,78.75
LEC,166.97666666666666,303.0,78.75
LEC,187.30999999999997,305.0,78.75
LEC,228.11,306.0,78.75
LEC,259.01,309.0,78.75
LEC,272.7433333333333,309.0,78.75
LEC,289.9655555555555,310.0,78.75
LEC,314.15444444444444,311.0,78.75
LEC,331.48777777777775,312.0,78.75
LEC,345.35444444444437,312.0,78.75
LEC,366.1544444444444,312.0,78.75
LEC,387.0411111111111,312.0,78.75
LEC,418.441111111111,314.0,78.75
LEC,442.941111111111,315.0,78.75
LEC,481.44111111111096,315.0,78.75
LEC,502.5077777777776,316.0,78.75
LEC,534.2077777777777,317.0,78.75
LEC,548.2086111111109,317.0,78.75
LEC,565.8752777777776,318.0,78.75
LEC,601.2086111111108,318.0,78.75
LEC,622.4086111111109,318.0,78.75
LEC,689.119722222222,316.0,78.75
LEC,713.5419444444442,314.0,78.75
LEC,729.5974999999997,289.0,78.75
LEC,741.7308333333331,273.0,78.75
LEC,755.2863888888887,244.0,78.75
LEC,769.8863888888887,219.0,78.75
LEC,782.8863888888887,195.0,78.75
LEC,796.6530555555554,177.0,78.75
LEC,808.0530555555554,171.0,78.75
LEC,818.8530555555553,162.0,78.75
LEC,831.0641666666664,157.0,78.75
LEC,843.1974999999998,156.0,78.75
LEC,850.219722222222,158.0,78.75
LEC,862.9427777777776,163.0,78.75
LEC,878.5872222222221,176.0,78.75
LEC,886.5872222222221,180.0,78.75
LEC,901.2094444444442,188.0,78.75
LEC,922.876111111111,195.0,78.75
LEC,933.876111111111,198.0,78.75
LEC,947.3427777777777,202.0,78.75
LEC,956.4983333333332,206.0,78.75
LEC,982.9602777777777,217.0,78.75
LEC,1000.2269444444444,222.0,78.75
LEC,1020.6713888888888,230.0,78.75
LEC,1033.671388888889,234.0,78.75
LEC,1051.9491666666668,235.0,78.75
LEC,1062.5269444444446,238.0,78.75
LEC,1075.8602777777778,240.0,78.75
LEC,1089.2491666666667,241.0,78.75
LEC,1102.8047222222222,244.0,78.75
LEC,1113.693611111111,245.0,78.75
LEC,1132.8269444444443,246.0,78.75
LEC,1146.493611111111,246.0,78.75
LEC,1163.0269444444443,248.0,78.75
LEC,1174.093611111111,249.0,78.75
LEC,1190.7602777777777,250.0,78.75
LEC,1218.9824999999998,254.0,78.75
LEC,1233.1491666666664,255.0,78.75
LEC,1247.4269444444444,257.0,78.75
LEC,1270.4491666666663,259.0,78.75
LEC,1299.7444444444443,263.0,78.75
LEC,1311.4777777777776,264.0,78.75
LEC,1326.2555555555555,266.0,78.75
LEC,1341.0888888888887,267.0,78.75
LEC,1362.011111111111,269.0,78.75
LEC,1383.1666666666663,272.0,78.75
LEC,1398.4444444444441,275.0,78.75
LEC,1423.0666666666664,277.0,78.75
LEC,1457.2111111111108,280.0,78.75
LEC,1485.511111111111,283.0,78.75
LEC,1504.5111111111107,285.0,78.75
LEC,1517.222222222222,286.0,78.75
LEC,1539.5444444444443,287.0,78.75
LEC,1552.3888888888887,289.0,78.75
LEC,1571.522222222222,287.0,78.75
LEC,1587.4666666666662,287.0,78.75
LEC,1609.244444444444,280.0,78.75
LEC,1626.8222222222219,226.0,78.75
LEC,1644.5999999999995,200.0,78.75
LEC,1658.9888888888884,185.0,78.75
LEC,1672.2111111111105,170.0,78.75
LEC,1679.6333333333328,167.0,78.75
LEC,1686.7888888888883,161.0,78.75
LEC,1695.5111111111105,157.0,78.75
LEC,1708.9333333333327,151.0,78.75
LEC,1715.5999999999995,150.0,78.75
LEC,1725.8424999999995,153.0,78.75
LEC,1736.2424999999994,156.0,78.75
LEC,1756.6536111111106,167.0,78.75
LEC,1764.1647222222218,169.0,78.75
LEC,1771.9424999999997,175.0,78.75
LEC,1784.0758333333329,182.0,78.75
LEC,1798.9313888888885,191.0,78.75
LEC,1807.5980555555552,195.0,78.75
LEC,1818.7091666666663,200.0,78.75
LEC,1834.7516666666663,207.0,78.75
LEC,1853.8627777777774,215.0,78.75
LEC,1863.4627777777773,216.0,78.75
LEC,1880.8849999999995,224.0,78.75
LEC,1898.6961111111104,229.0,78.75
LEC,1914.2961111111106,234.0,78.75
LEC,1932.8849999999995,239.0,78.75
LEC,1946.3294444444439,242.0,78.75
LEC,1968.3738888888884,248.0,78.75
LEC,1999.051666666666,251.0,78.75
LEC,2020.7516666666663,217.0,78.75
LEC,2031.5294444444442,194.0,78.75
LEC,2049.0849999999996,158.0,78.75
LEC,2057.0849999999996,144.0,78.75
LEC,2067.429444444444,133.0,78.75
LEC,2075.5627777777772,122.0,78.75
LEC,2082.0394444444437,116.0,78.75
LEC,2094.372777777777,111.0,78.75
LEC,2102.7727777777773,108.0,78.75
LEC,2108.6616666666664,106.0,78.75
LEC,2117.0616666666665,108.0,78.75
LEC,2127.1949999999997,114.0,78.75
LEC,2133.8061111111106,119.0,78.75
LEC,2148.361666666666,131.0,78.75
LEC,2154.5449999999996,140.0,78.75
LEC,2161.211666666666,150.0,78.75
LEC,2168.1005555555553,155.0,78.75
LEC,2177.267222222222,165.0,78.75
LEC,2186.9338888888888,174.0,78.75
LEC,2203.467222222222,186.0,78.75
LEC,2216.667222222222,198.0,78.75
LEC,2234.889444444444,205.0,78.75
LEC,2254.267222222222,218.0,78.75
LEC,2264.1783333333333,223.0,78.75
LEC,2292.656111111111,233.0,78.75
LEC,2303.233888888889,238.0,78.75
LEC,2322.211666666666,244.0,78.75
LEC,2341.500555555555,248.0,78.75
LEC,2361.178333333333,253.0,78.75
LEC,2381.167222222222,257.0,78.75
LEC,2395.6116666666667,260.0,78.75
LEC,2407.300555555555,263.0,78.75
LEC,2442.5738888888886,264.0,78.75
LEC,2464.4738888888887,219.0,78.75
LEC,2473.2738888888885,198.0,78.75
LEC,2487.429444444444,182.0,78.75
LEC,2503.929444444444,165.0,78.75
LEC,2511.1738888888885,163.0,78.75
LEC,2526.6738888888885,155.0,78.75
LEC,2533.5627777777772,155.0,78.75
LEC,2549.618055555555,161.0,78.75
LEC,2562.7625,169.0,78.75
LEC,2574.4958333333334,176.0,78.75
LEC,2588.884722222222,185.0,78.75
LEC,2606.751388888889,201.0,78.75
LEC,2617.973611111111,202.0,78.75
LEC,2627.2180555555556,208.0,78.75
LEC,2636.5958333333333,211.0,78.75
LEC,2656.0625,219.0,78.75
LEC,2668.6736111111113,227.0,78.75
LEC,2684.1402777777776,232.0,78.75
LEC,2710.806944444444,240.0,78.75
LEC,2727.1402777777776,245.0,78.75
LEC,2740.973611111111,249.0,78.75
LEC,2769.195833333333,254.0,78.75
LEC,2780.573611111111,256.0,78.75
LEC,2800.7900000000004,259.0,78.75
LEC,2820.701111111111,256.0,78.75
LEC,2843.101111111111,252.0,78.75
LEC,2859.767777777778,250.0,78.75
LEC,2884.367777777778,246.0,78.75
LEC,2903.578888888889,247.0,78.75
LEC,2925.7122222222224,249.0,78.75
LEC,2939.6011111111115,250.0,78.75
LEC,2956.5344444444445,254.0,78.75
LEC,2982.3625,259.0,78.75
LEC,3015.1180555555557,268.0,78.75
LEC,3045.6736111111118,275.0,78.75
LEC,3076.895833333334,281.0,78.75
LEC,3089.4736111111115,283.0,78.75
LEC,3108.606944444445,287.0,78.75
LEC,3124.662500000001,289.0,78.75
LEC,3137.506944444445,289.0,78.75
LEC,3150.484722222223,292.0,78.75
LEC,3176.706944444445,295.0,78.75
LEC,3196.506944444445,297.0,78.75
LEC,3209.795833333334,299.0,78.75
LEC,3226.5736111111114,302.0,78.75
LEC,3243.406944444445,303.0,78.75
LEC,3267.206944444445,306.0,78.75
LEC,3294.670277777778,308.0,78.75
LEC,3325.5702777777783,309.0,78.75
LEC,3342.5702777777788,306.0,78.75
LEC,3357.848055555556,275.0,78.75
LEC,3369.2702777777786,257.0,78.75
LEC,3381.770277777778,225.0,78.75
LEC,3397.325833333334,200.0,78.75
LEC,3408.7925000000005,172.0,78.75
LEC,3420.6925000000006,153.0,78.75
LEC,3428.636944444445,143.0,78.75
LEC,3434.814722222223,139.0,78.75
LEC,3447.5147222222226,127.0,78.75
LEC,3458.059444444445,119.0,78.75
LEC,3467.2372222222225,118.0,78.75
LEC,3478.837222222223,116.0,78.75
LEC,3484.0372222222227,117.0,78.75
LEC,3490.648333333334,119.0,78.75
LEC,3497.5372222222227,124.0,78.75
LEC,3506.070555555556,128.0,78.75
LEC,3511.9372222222223,132.0,78.75
LEC,3525.8372222222224,139.0,78.75
LEC,3543.0594444444446,155.0,78.75
LEC,3552.1705555555554,164.0,78.75
LEC,3561.6150000000002,170.0,78.75
LEC,3569.5705555555555,179.0,78.75
LEC,3593.037222222222,192.0,78.75
LEC,3604.0372222222218,198.0,78.75
LEC,3615.3713888888883,203.0,78.75
LEC,3626.926944444444,208.0,78.75
LEC,3638.8158333333326,214.0,78.75
LEC,3648.193611111111,211.0,78.75
LEC,3665.2602777777774,192.0,78.75
LEC,3673.2602777777774,180.0,78.75
LEC,3681.0380555555553,175.0,78.75
LEC,3696.8380555555555,158.0,78.75
LEC,3713.393611111111,149.0,78.75
LEC,3719.971388888889,148.0,78.75
LEC,3735.4158333333335,139.0,78.75
LEC,3741.4225,136.0,78.75
LEC,3750.2225000000003,132.0,78.75
LEC,3756.0447222222224,131.0,78.75
LEC,3766.2336111111113,131.0,78.75
LEC,3772.1002777777776,132.0,78.75
LEC,3784.1891666666666,136.0,78.75
LEC,3793.4558333333334,139.0,78.75
LEC,3804.7336111111113,145.0,78.75
LEC,3816.5558333333333,152.0,78.75
LEC,3823.5780555555552,158.0,78.75
LEC,3844.9669444444444,175.0,78.75
LEC,3861.5891666666666,187.0,78.75
LEC,3879.1891666666666,198.0,78.75
LEC,3902.5224999999996,210.0,78.75
LEC,3914.638333333333,217.0,78.75
LEC,3924.4161111111102,220.0,78.75
LEC,3933.7049999999995,209.0,78.75
LEC,3949.882777777777,182.0,78.75
LEC,3967.4383333333326,158.0,78.75
LEC,3978.793888888888,146.0,78.75
LEC,3988.0605555555544,139.0,78.75
LEC,3999.971666666666,134.0,78.75
LEC,4005.8383333333322,132.0,78.75
LEC,4017.5716666666654,132.0,78.75
LEC,4025.127222222221,136.0,78.75
LEC,4039.3874999999994,143.0,78.75
LEC,4047.7208333333324,150.0,78.75
LEC,4056.49861111111,158.0,78.75
LEC,4073.943055555555,157.0,78.75
LEC,4084.520833333333,136.0,78.75
LEC,4093.698611111111,118.0,78.75
LEC,4104.298611111111,106.0,78.75
LEC,4111.765277777778,96.0,78.75
LEC,4118.687499999999,89.0,78.75
LEC,4126.243055555555,85.0,78.75
LEC,4134.643055555554,84.0,78.75
LEC,4144.643055555554,90.0,78.75
LEC,4148.865277777776,95.0,78.75
LEC,4154.225277777776,96.0,78.75
LEC,4165.591944444443,93.0,78.75
LEC,4169.7697222222205,94.0,78.75
LEC,4175.158611111109,97.0,78.75
LEC,4182.025277777776,103.0,78.75
LEC,4188.136388888887,110.0,78.75
LEC,4195.936388888887,117.0,78.75
LEC,4202.936388888887,126.0,78.75
LEC,4212.6030555555535,145.0,78.75
LEC,4222.869722222221,154.0,78.75
LEC,4236.014166666665,169.0,78.75
LEC,4250.169722222221,182.0,78.75
LEC,4269.515833333333,194.0,78.75
LEC,4285.304722222222,203.0,78.75
LEC,4296.915833333333,209.0,78.75
LEC,4308.860277777777,215.0,78.75
LEC,4318.549166666667,218.0,78.75
LEC,4330.99361111111,224.0,78.75
LEC,4346.193611111111,228.0,78.75
LEC,4356.415833333333,230.0,78.75
LEC,4372.149166666665,236.0,78.75
LEC,4388.0824999999995,239.0,78.75
LEC,4404.282499999999,243.0,78.75
LEC,4429.0824999999995,248.0,78.75
LEC,4440.193611111111,250.0,78.75
LEC,4460.026944444444,255.0,78.75
LEC,4471.404722222222,256.0,78.75
LEC,4482.960277777778,260.0,78.75
LEC,4494.722222222223,263.0,78.75
LEC,4512.5888888888885,268.0,78.75
LEC,4527.644444444444,271.0,78.75
LEC,4551.999999999999,274.0,78.75
LEC,4567.388888888888,277.0,78.75
LEC,4582.944444444443,280.0,78.75
LEC,4595.477777777776,282.0,78.75
LEC,4608.055555555554,283.0,78.75
LEC,4623.888888888888,285.0,78.75
VER,17.010277777777777,293.0,79.073
VER,43.2325,295.0,79.073
VER,63.0325,297.0,79.073
VER,76.32138888888889,299.0,79.073
VER,92.98805555555555,300.0,79.073
VER,113.12138888888887,302.0,79.073
VER,133.38805555555552,304.0,79.073
VER,167.4991666666666,307.0,79.073
VER,184.61027777777772,308.0,79.073
VER,198.29916666666662,308.0,79.073
VER,212.0324999999999,309.0,79.073
VER,229.25472222222214,310.0,79.073
VER,249.98805555555546,311.0,79.073
VER,274.25472222222214,312.0,79.073
VER,302.07694444444434,313.0,79.073
VER,326.49916666666655,314.0,79.073
VER,354.4991666666665,315.0,79.073
VER,372.05472222222204,316.0,79.073
VER,386.0991666666665,316.0,79.073
VER,403.65472222222206,316.0,79.073
VER,424.7880555555554,317.0,79.073
VER,442.3991666666664,317.0,79.073
VER,456.4880555555553,317.0,79.073
VER,481.22138888888867,318.0,79.073
VER,498.88805555555535,318.0,79.073
VER,516.6430555555553,318.0,79.073
VER,530.7763888888886,318.0,79.073
VER,552.0430555555553,319.0,79.073
VER,576.8541666666664,319.0,79.073
VER,612.3208333333331,320.0,79.073
VER,630.0986111111108,320.0,79.073
VER,644.3652777777775,321.0,79.073
VER,665.7652777777774,321.0,79.073
VER,680.0319444444441,321.0,79.073
VER,694.2986111111107,321.0,79.073
VER,712.131944444444,321.0,79.073
VER,734.5319444444441,288.0,79.073
VER,761.7874999999996,223.0,79.073
VER,775.3208333333329,203.0,79.073
VER,785.7652777777773,188.0,79.073
VER,802.7652777777773,170.0,79.073
VER,813.7652777777773,165.0,79.073
VER,820.831944444444,159.0,79.073
VER,829.3874999999997,154.0,79.073
VER,842.8097222222218,151.0,79.073
VER,856.6763888888885,156.0,79.073
VER,867.6097222222219,164.0,79.073
VER,879.2097222222219,174.0,79.073
VER,895.3874999999997,182.0,79.073
VER,912.0986111111108,188.0,79.073
VER,929.6986111111108,198.0,79.073
VER,945.6219444444441,204.0,79.073
VER,959.6219444444441,210.0,79.073
VER,983.8441666666664,218.0,79.073
VER,996.2263888888887,224.0,79.073
VER,1021.559722222222,228.0,79.073
VER,1037.0263888888887,232.0,79.073
VER,1050.0819444444442,235.0,79.073
VER,1060.659722222222,238.0,79.073
VER,1084.7597222222219,241.0,79.073
VER,1098.1486111111108,241.0,79.073
VER,1122.2486111111107,241.0,79.073
VER,1133.0041666666662,242.0,79.073
VER,1143.8486111111106,244.0,79.073
VER,1165.804166666666,247.0,79.073
VER,1179.6374999999996,249.0,79.073
VER,1190.7930555555552,251.0,79.073
VER,1201.9930555555552,252.0,79.073
VER,1213.2374999999995,253.0,79.073
VER,1227.4041666666665,255.0,79.073
VER,1253.1041666666665,257.0,79.073
VER,1264.5263888888887,257.0,79.073
VER,1290.6263888888886,261.0,79.073
VER,1308.093055555555,262.0,79.073
VER,1325.7597222222219,265.0,79.073
VER,1355.6486111111105,269.0,79.073
VER,1367.604166666666,269.0,79.073
VER,1461.3488888888883,281.0,79.073
VER,1473.8038888888882,282.0,79.073
VER,1492.7372222222216,284.0,79.073
VER,1508.6261111111105,286.0,79.073
VER,1531.0261111111106,288.0,79.073
VER,1563.2483333333328,290.0,79.073
VER,1576.1816666666662,291.0,79.073
VER,1589.159444444444,292.0,79.073
VER,1604.6038888888884,278.0,79.073
VER,1623.0372222222218,237.0,79.073
VER,1633.0816666666663,226.0,79.073
VER,1657.348333333333,182.0,79.073
VER,1677.3927777777772,164.0,79.073
VER,1686.281666666666,160.0,79.073
VER,1693.170555555555,155.0,79.073
VER,1699.970555555555,153.0,79.073
VER,1709.8372222222217,148.0,79.073
VER,1719.770555555555,149.0,79.073
VER,1726.4372222222216,150.0,79.073
VER,1733.192777777777,152.0,79.073
VER,1740.081666666666,155.0,79.073
VER,1752.6816666666662,162.0,79.073
VER,1767.7927777777772,170.0,79.073
VER,1779.5927777777772,177.0,79.073
VER,1796.1777777777772,186.0,79.073
VER,1817.9555555555548,196.0,79.073
VER,1838.5555555555547,206.0,79.073
VER,1852.555555555555,210.0,79.073
VER,1869.450555555555,218.0,79.073
VER,1881.6172222222215,219.0,79.073
VER,1899.3505555555548,228.0,79.073
VER,1920.061666666666,233.0,79.073
VER,1938.6505555555548,239.0,79.073
VER,1954.7838888888882,242.0,79.073
VER,1974.072777777777,248.0,79.073
VER,1985.183888888888,250.0,79.073
VER,2007.0505555555549,246.0,79.073
VER,2019.2727777777773,220.0,79.073
VER,2028.0283333333327,197.0,79.073
VER,2039.761666666666,176.0,79.073
VER,2058.339444444444,152.0,79.073
VER,2067.339444444444,135.0,79.073
VER,2074.1727777777774,123.0,79.073
VER,2081.9727777777775,117.0,79.073
VER,2094.1949999999997,110.0,79.073
VER,2100.139444444444,107.0,79.073
VER,2105.9727777777775,105.0,79.073
VER,2112.7727777777777,102.0,79.073
VER,2118.8586111111113,109.0,79.073
VER,2130.3586111111113,115.0,79.073
VER,2135.736388888889,121.0,79.073
VER,2144.2030555555557,127.0,79.073
VER,2153.336388888889,137.0,79.073
VER,2168.336388888889,150.0,79.073
VER,2185.1894444444447,169.0,79.073
VER,2192.7005555555556,169.0,79.073
VER,2207.2450000000003,187.0,79.073
VER,2229.133888888889,197.0,79.073
VER,2243.133888888889,210.0,79.073
VER,2267.8005555555555,222.0,79.073
VER,2277.800555555556,225.0,79.073
VER,2288.022777777778,230.0,79.073
VER,2298.3338888888893,232.0,79.073
VER,2308.8672222222226,237.0,79.073
VER,2327.7672222222227,243.0,79.073
VER,2341.378333333334,245.0,79.073
VER,2354.989444444445,245.0,79.073
VER,2377.6561111111114,255.0,79.073
VER,2391.878333333334,256.0,79.073
VER,2403.433888888889,260.0,79.073
VER,2415.078333333334,262.0,79.073
VER,2435.533888888889,263.0,79.073
VER,2451.533888888889,240.0,79.073
VER,2468.489444444445,218.0,79.073
VER,2484.8450000000003,184.0,79.073
VER,2496.3594444444448,172.0,79.073
VER,2503.870555555556,169.0,79.073
VER,2525.070555555556,159.0,79.073
VER,2538.9372222222228,156.0,79.073
VER,2547.6038888888897,156.0,79.073
VER,2562.136111111112,164.0,79.073
VER,2571.636111111112,171.0,79.073
VER,2583.569444444445,179.0,79.073
VER,2598.3472222222226,190.0,79.073
VER,2611.2138888888894,193.0,79.073
VER,2622.1027777777786,196.0,79.073
VER,2640.5916666666676,208.0,79.073
VER,2650.1027777777786,214.0,79.073
VER,2667.2916666666674,221.0,79.073
VER,2692.7361111111118,229.0,79.073
VER,2705.6805555555566,233.0,79.073
VER,2735.3805555555564,243.0,79.073
VER,2746.31388888889,246.0,79.073
VER,2760.2027777777785,250.0,79.073
VER,2779.8805555555564,253.0,79.073
VER,2794.158333333334,257.0,79.073
VER,2808.4916666666672,258.0,79.073
VER,2819.8694444444454,256.0,79.073
VER,2831.1138888888895,253.0,79.073
VER,2864.1805555555566,248.0,79.073
VER,2894.805555555556,250.0,79.073
VER,2905.961111111112,251.0,79.073
VER,2920.0166666666673,253.0,79.073
VER,2931.3055555555566,254.0,79.073
VER,2948.3722222222227,256.0,79.073
VER,2968.3611111111118,257.0,79.073
VER,2979.9166666666674,260.0,79.073
VER,3012.231944444445,265.0,79.073
VER,3036.320833333334,271.0,79.073
VER,3054.654166666667,275.0,79.073
VER,3076.431944444445,280.0,79.073
VER,3092.098611111112,282.0,79.073
VER,3104.7208333333338,284.0,79.073
VER,3127.120833333334,288.0,79.073
VER,3146.520833333334,291.0,79.073
VER,3176.020833333334,295.0,79.073
VER,3189.17638888889,296.0,79.073
VER,3205.731944444445,298.0,79.073
VER,3219.0208333333344,299.0,79.073
VER,3245.954166666668,303.0,79.073
VER,3266.287500000001,305.0,79.073
VER,3283.2875000000013,306.0,79.073
VER,3307.3208333333346,309.0,79.073
VER,3334.965277777779,311.0,79.073
VER,3350.798611111112,285.0,79.073
VER,3367.931944444446,257.0,79.073
VER,3395.723055555557,208.0,79.073
VER,3407.65638888889,179.0,79.073
VER,3416.4897222222235,159.0,79.073
VER,3429.2897222222236,144.0,79.073
VER,3435.511944444446,140.0,79.073
VER,3441.467500000001,134.0,79.073
VER,3451.423055555557,128.0,79.073
VER,3458.332777777779,125.0,79.073
VER,3465.110555555557,122.0,79.073
VER,3474.132777777779,116.0,79.073
VER,3485.5327777777793,114.0,79.073
VER,3495.7550000000015,115.0,79.073
VER,3507.6550000000016,119.0,79.073
VER,3519.0327777777793,128.0,79.073
VER,3526.5327777777793,135.0,79.073
VER,3541.8327777777795,153.0,79.073
VER,3554.666111111113,165.0,79.073
VER,3565.9994444444465,170.0,79.073
VER,3573.9105555555575,178.0,79.073
VER,3586.1772222222244,184.0,79.073
VER,3603.243888888891,192.0,79.073
VER,3611.7772222222247,192.0,79.073
VER,3636.955000000002,206.0,79.073
VER,3661.155000000002,198.0,79.073
VER,3671.484166666669,185.0,79.073
VER,3692.1397222222245,169.0,79.073
VER,3700.8619444444466,157.0,79.073
VER,3713.9286111111132,147.0,79.073
VER,3724.8175000000024,140.0,79.073
VER,3730.9063888888913,137.0,79.073
VER,3748.336666666669,131.0,79.073
VER,3756.870000000002,128.0,79.073
VER,3768.425555555558,130.0,79.073
VER,3780.0700000000024,131.0,79.073
VER,3787.5700000000024,135.0,79.073
VER,3796.970000000002,141.0,79.073
VER,3811.7700000000023,148.0,79.073
VER,3818.6144444444467,154.0,79.073
VER,3831.44777777778,165.0,79.073
VER,3846.825555555558,173.0,79.073
VER,3857.04777777778,184.0,79.073
VER,3867.6588888888914,191.0,79.073
VER,3883.214444444447,200.0,79.073
VER,3903.814444444447,206.0,79.073
VER,3915.7588888888913,215.0,79.073
VER,3934.158888888892,207.0,79.073
VER,3942.5588888888915,189.0,79.073
VER,3950.3366666666693,175.0,79.073
VER,3959.781111111114,170.0,79.073
VER,3972.0358333333365,157.0,79.073
VER,3980.424722222225,151.0,79.073
VER,3988.5913888888917,147.0,79.073
VER,4002.491388888892,139.0,79.073
VER,4013.1469444444474,137.0,79.073
VER,4019.3691666666696,140.0,79.073
VER,4028.8358333333367,142.0,79.073
VER,4035.235833333337,144.0,79.073
VER,4041.76916666667,147.0,79.073
VER,4057.325833333337,156.0,79.073
VER,4064.3925000000036,159.0,79.073
VER,4080.170277777781,142.0,79.073
VER,4091.636944444448,129.0,79.073
VER,4101.0591666666705,106.0,79.073
VER,4105.636944444449,103.0,79.073
VER,4114.170277777782,96.0,79.073
VER,4122.970277777782,88.0,79.073
VER,4127.636944444449,84.0,79.073
VER,4131.281388888893,82.0,79.073
VER,4138.836944444449,85.0,79.073
VER,4143.7258333333375,88.0,79.073
VER,4151.425833333337,99.0,79.073
VER,4156.981388888893,100.0,79.073
VER,4166.481388888893,95.0,79.073
VER,4170.792500000004,97.0,79.073
VER,4176.403611111115,101.0,79.073
VER,4182.098611111116,102.0,79.073
VER,4188.154166666672,109.0,79.073
VER,4204.820833333338,125.0,79.073
VER,4210.909722222226,137.0,79.073
VER,4219.243055555559,150.0,79.073
VER,4228.131944444448,160.0,79.073
VER,4247.687500000004,176.0,79.073
VER,4260.2208333333365,188.0,79.073
VER,4268.754166666669,192.0,79.073
VER,4293.99666666667,207.0,79.073
VER,4303.285555555558,209.0,79.073
VER,4315.174444444447,214.0,79.073
VER,4332.3633333333355,221.0,79.073
VER,4342.318888888891,224.0,79.073
VER,4360.130000000002,229.0,79.073
VER,4383.630000000002,235.0,79.073
VER,4399.496666666668,238.0,79.073
VER,4410.252222222224,242.0,79.073
VER,4429.5411111111125,248.0,79.073
VER,4440.60777777778,249.0,79.073
VER,4457.541111111113,254.0,79.073
VER,4468.918888888891,256.0,79.073
VER,4489.296666666669,262.0,79.073
VER,4501.074444444446,265.0,79.073
VER,4518.941111111114,268.0,79.073
VER,4546.441111111114,275.0,79.073
VER,4564.841111111114,276.0,79.073
VER,4580.530277777781,281.0,79.073
VER,4615.608055555558,287.0,79.073
SAI,10.8,288.0,79.166
SAI,26.91111111111111,290.0,79.166
SAI,43.13333333333334,292.0,79.166
SAI,56.15555555555555,293.0,79.166
SAI,79.25555555555556,297.0,79.166
SAI,95.81111111111112,298.0,79.166
SAI,115.74444444444445,299.0,79.166
SAI,129.16666666666666,302.0,79.166
SAI,149.36666666666665,303.0,79.166
SAI,183.25555555555553,305.0,79.166
SAI,200.25555555555553,306.0,79.166
SAI,217.25555555555553,306.0,79.166
SAI,244.72222222222217,309.0,79.166
SAI,279.25277777777774,310.0,79.166
SAI,293.075,311.0,79.166
SAI,310.40833333333336,312.0,79.166
SAI,327.7972222222222,313.0,79.166
SAI,352.1416666666667,313.0,79.166
SAI,376.4861111111112,313.0,79.166
SAI,393.9305555555556,314.0,79.166
SAI,421.9305555555556,315.0,79.166
SAI,460.46500000000003,316.0,79.166
SAI,492.06500000000005,316.0,79.166
SAI,513.1316666666667,316.0,79.166
SAI,527.1761111111111,316.0,79.166
SAI,551.8316666666667,317.0,79.166
SAI,565.965,318.0,79.166
SAI,587.1650000000001,318.0,79.166
SAI,604.8316666666667,318.0,79.166
SAI,629.565,318.0,79.166
SAI,654.453888888889,320.0,79.166
SAI,682.8094444444445,319.0,79.166
SAI,707.465,317.0,79.166
SAI,731.9649999999999,315.0,79.166
SAI,744.5872222222222,284.0,79.166
SAI,756.365,265.0,79.166
SAI,769.1427777777778,230.0,79.166
SAI,786.0316666666668,190.0,79.166
SAI,794.165,183.0,79.166
SAI,805.4786111111111,169.0,79.166
SAI,816.1452777777778,160.0,79.166
SAI,834.2341666666666,148.0,79.166
SAI,840.6786111111111,145.0,79.166
SAI,847.1675,146.0,79.166
SAI,857.2341666666667,151.0,79.166
SAI,869.4452777777778,157.0,79.166
SAI,876.6008333333334,161.0,79.166
SAI,886.1008333333334,171.0,79.166
SAI,900.2058333333334,182.0,79.166
SAI,916.8280555555557,187.0,79.166
SAI,925.2280555555557,189.0,79.166
SAI,940.3947222222223,195.0,79.166
SAI,956.1058333333335,202.0,79.166
SAI,969.8391666666669,206.0,79.166
SAI,986.4058333333335,213.0,79.166
SAI,998.5169444444446,218.0,79.166
SAI,1018.6058333333335,226.0,79.166
SAI,1046.9613888888891,232.0,79.166
SAI,1070.7613888888893,238.0,79.166
SAI,1083.9836111111115,238.0,79.166
SAI,1110.428055555556,238.0,79.166
SAI,1123.7613888888893,240.0,79.166
SAI,1142.5058333333338,241.0,79.166
SAI,1158.639166666667,242.0,79.166
SAI,1172.3183333333338,245.0,79.166
SAI,1199.8738888888895,248.0,79.166
SAI,1219.3183333333338,250.0,79.166
SAI,1233.3738888888893,253.0,79.166
SAI,1253.2072222222228,255.0,79.166
SAI,1276.1405555555561,258.0,79.166
SAI,1290.5850000000005,260.0,79.166
SAI,1319.6961111111118,262.0,79.166
SAI,1331.4002777777785,265.0,79.166
SAI,1343.2225000000008,266.0,79.166
SAI,1355.044722222223,266.0,79.166
SAI,1369.9891666666674,269.0,79.166
SAI,1384.9336111111118,269.0,79.166
SAI,1409.2891666666674,274.0,79.166
SAI,1427.6225000000009,275.0,79.166
SAI,1452.2447222222231,277.0,79.166
SAI,1477.1336111111118,280.0,79.166
SAI,1489.6225000000006,281.0,79.166
SAI,1524.455833333334,285.0,79.166
SAI,1537.1225000000009,285.0,79.166
SAI,1559.4447222222232,287.0,79.166
SAI,1581.6113888888897,285.0,79.166
SAI,1603.3891666666675,280.0,79.166
SAI,1623.1447222222232,254.0,79.166
SAI,1635.2002777777786,217.0,79.166
SAI,1644.4002777777787,207.0,79.166
SAI,1668.1830555555564,178.0,79.166
SAI,1684.8830555555564,167.0,79.166
SAI,1692.1719444444454,164.0,79.166
SAI,1704.0719444444453,153.0,79.166
SAI,1718.5719444444453,145.0,79.166
SAI,1725.0608333333341,146.0,79.166
SAI,1740.1608333333343,151.0,79.166
SAI,1746.9608333333342,153.0,79.166
SAI,1763.2155555555564,163.0,79.166
SAI,1776.5933333333342,172.0,79.166
SAI,1788.393333333334,177.0,79.166
SAI,1802.8600000000008,186.0,79.166
SAI,1819.9266666666674,192.0,79.166
SAI,1830.9266666666674,198.0,79.166
SAI,1839.9488888888895,203.0,79.166
SAI,1849.104444444445,206.0,79.166
SAI,1868.3044444444452,216.0,79.166
SAI,1880.582222222223,221.0,79.166
SAI,1895.5155555555561,224.0,79.166
SAI,1921.404444444445,233.0,79.166
SAI,1937.204444444445,237.0,79.166
SAI,1950.5377777777783,240.0,79.166
SAI,1978.093333333334,248.0,79.166
SAI,1989.204444444445,250.0,79.166
SAI,2008.7963888888894,251.0,79.166
SAI,2025.6741666666671,217.0,79.166
SAI,2041.4075000000005,177.0,79.166
SAI,2052.0075000000006,159.0,79.166
SAI,2065.9075000000007,139.0,79.166
SAI,2075.940833333334,129.0,79.166
SAI,2086.429722222223,118.0,79.166
SAI,2092.6519444444452,112.0,79.166
SAI,2099.8519444444455,108.0,79.166
SAI,2110.1233333333344,103.0,79.166
SAI,2123.4455555555564,109.0,79.166
SAI,2136.77888888889,120.0,79.166
SAI,2151.6677777777786,134.0,79.166
SAI,2157.890000000001,140.0,79.166
SAI,2167.7566666666676,148.0,79.166
SAI,2176.5344444444454,158.0,79.166
SAI,2183.823333333334,164.0,79.166
SAI,2191.5566666666678,174.0,79.166
SAI,2208.3566666666675,189.0,79.166
SAI,2221.423333333334,196.0,79.166
SAI,2230.4455555555564,203.0,79.166
SAI,2242.112222222223,210.0,79.166
SAI,2254.1677777777786,217.0,79.166
SAI,2271.4344444444455,222.0,79.166
SAI,2292.2102777777786,233.0,79.166
SAI,2316.2102777777786,240.0,79.166
SAI,2329.7102777777786,243.0,79.166
SAI,2343.376944444445,246.0,79.166
SAI,2354.4880555555565,250.0,79.166
SAI,2368.5436111111117,253.0,79.166
SAI,2388.6102777777783,258.0,79.166
SAI,2405.9436111111117,260.0,79.166
SAI,2426.476944444445,264.0,79.166
SAI,2441.088055555556,263.0,79.166
SAI,2452.465833333334,256.0,79.166
SAI,2473.065833333334,206.0,79.166
SAI,2489.0158333333343,180.0,79.166
SAI,2501.9269444444453,166.0,79.166
SAI,2517.2269444444455,153.0,79.166
SAI,2523.8936111111125,150.0,79.166
SAI,2532.1158333333346,148.0,79.166
SAI,2540.4491666666677,150.0,79.166
SAI,2550.8491666666678,156.0,79.166
SAI,2557.782500000001,156.0,79.166
SAI,2574.982500000001,172.0,79.166
SAI,2595.7602777777793,187.0,79.166
SAI,2606.5380555555566,194.0,79.166
SAI,2617.649166666668,200.0,79.166
SAI,2626.5380555555566,200.0,79.166
SAI,2652.9380555555567,216.0,79.166
SAI,2664.993611111112,217.0,79.166
SAI,2677.5002777777786,224.0,79.166
SAI,2690.333611111112,231.0,79.166
SAI,2703.3891666666673,235.0,79.166
SAI,2713.922500000001,237.0,79.166
SAI,2735.700277777779,245.0,79.166
SAI,2746.7225000000008,248.0,79.166
SAI,2757.878055555557,251.0,79.166
SAI,2783.278055555557,254.0,79.166
SAI,2811.9447222222234,258.0,79.166
SAI,2823.455833333335,259.0,79.166
SAI,2851.900277777779,256.0,79.166
SAI,2863.074444444446,253.0,79.166
SAI,2879.874444444446,252.0,79.166
SAI,2891.030000000001,251.0,79.166
SAI,2910.630000000001,252.0,79.166
SAI,2921.874444444445,253.0,79.166
SAI,2944.5411111111116,255.0,79.166
SAI,2961.741111111112,258.0,79.166
SAI,2982.041111111112,261.0,79.166
SAI,3002.6522222222234,265.0,79.166
SAI,3014.5633333333344,268.0,79.166
SAI,3048.1744444444457,275.0,79.166
SAI,3073.1522222222234,281.0,79.166
SAI,3098.574444444445,286.0,79.166
SAI,3130.7966666666675,290.0,79.166
SAI,3147.155833333334,293.0,79.166
SAI,3160.2225000000008,294.0,79.166
SAI,3173.378055555557,296.0,79.166
SAI,3199.955833333335,299.0,79.166
SAI,3233.6225000000013,303.0,79.166
SAI,3257.4225000000015,306.0,79.166
SAI,3277.8891666666677,307.0,79.166
SAI,3305.4447222222234,310.0,79.166
SAI,3319.266944444446,311.0,79.166
SAI,3346.7336111111126,309.0,79.166
SAI,3362.6225000000013,286.0,79.166
SAI,3384.2622222222235,217.0,79.166
SAI,3394.9288888888905,192.0,79.166
SAI,3404.595555555557,174.0,79.166
SAI,3421.1511111111126,149.0,79.166
SAI,3431.806666666668,137.0,79.166
SAI,3441.9177777777795,130.0,79.166
SAI,3453.7177777777797,118.0,79.166
SAI,3462.5844444444465,114.0,79.166
SAI,3471.2177777777797,111.0,79.166
SAI,3481.262222222224,113.0,79.166
SAI,3493.162222222224,119.0,79.166
SAI,3507.273333333335,127.0,79.166
SAI,3513.0511111111127,130.0,79.166
SAI,3520.5886111111126,135.0,79.166
SAI,3538.1886111111126,144.0,79.166
SAI,3544.8997222222233,151.0,79.166
SAI,3553.7886111111125,160.0,79.166
SAI,3565.0552777777793,169.0,79.166
SAI,3574.8330555555567,176.0,79.166
SAI,3587.2997222222234,187.0,79.166
SAI,3598.0219444444456,193.0,79.166
SAI,3611.2219444444454,198.0,79.166
SAI,3624.955277777779,206.0,79.166
SAI,3641.36638888889,211.0,79.166
SAI,3657.6219444444455,209.0,79.166
SAI,3676.9680555555565,194.0,79.166
SAI,3690.2680555555567,171.0,79.166
SAI,3699.379166666668,164.0,79.166
SAI,3708.10138888889,157.0,79.166
SAI,3714.9902777777793,155.0,79.166
SAI,3723.268055555557,149.0,79.166
SAI,3732.5347222222235,139.0,79.166
SAI,3738.668055555557,138.0,79.166
SAI,3747.4013888888903,131.0,79.166
SAI,3755.868055555557,127.0,79.166
SAI,3764.2013888888905,125.0,79.166
SAI,3777.4013888888903,132.0,79.166
SAI,3783.4013888888903,135.0,79.166
SAI,3794.056944444446,137.0,79.166
SAI,3800.3236111111128,141.0,79.166
SAI,3806.768055555557,145.0,79.166
SAI,3813.342222222224,147.0,79.166
SAI,3823.6755555555574,155.0,79.166
SAI,3832.6755555555574,162.0,79.166
SAI,3848.142222222224,174.0,79.166
SAI,3858.2533333333354,182.0,79.166
SAI,3868.7533333333354,189.0,79.166
SAI,3877.331111111113,193.0,79.166
SAI,3886.220000000002,200.0,79.166
SAI,3897.7200000000016,207.0,79.166
SAI,3909.553333333335,213.0,79.166
SAI,3921.6644444444464,218.0,79.166
SAI,3935.3977777777795,206.0,79.166
SAI,3951.39777777778,180.0,79.166
SAI,3960.731111111113,168.0,79.166
SAI,3969.2866666666687,154.0,79.166
SAI,3981.2216666666686,154.0,79.166
SAI,3995.7216666666686,145.0,79.166
SAI,4010.7216666666686,135.0,79.166
SAI,4026.2772222222243,140.0,79.166
SAI,4035.7438888888905,142.0,79.166
SAI,4042.410555555557,150.0,79.166
SAI,4064.1438888888906,163.0,79.166
SAI,4073.0327777777798,160.0,79.166
SAI,4083.6883333333353,137.0,79.166
SAI,4092.088333333335,126.0,79.166
SAI,4098.588333333335,117.0,79.166
SAI,4105.885277777779,109.0,79.166
SAI,4111.551944444446,102.0,79.166
SAI,4118.863055555557,94.0,79.166
SAI,4128.307500000002,85.0,79.166
SAI,4131.996388888891,83.0,79.166
SAI,4140.496388888891,85.0,79.166
SAI,4147.418611111113,89.0,79.166
SAI,4153.951944444447,98.0,79.166
SAI,4158.263055555558,97.0,79.166
SAI,4164.463055555558,93.0,79.166
SAI,4168.68527777778,95.0,79.166
SAI,4176.307500000003,98.0,79.166
SAI,4185.551944444447,104.0,79.166
SAI,4194.386944444447,114.0,79.166
SAI,4199.631388888892,118.0,79.166
SAI,4209.120277777781,122.0,79.166
SAI,4216.953611111114,141.0,79.166
SAI,4227.420277777781,157.0,79.166
SAI,4240.72027777778,171.0,79.166
SAI,4252.72027777778,180.0,79.166
SAI,4265.186944444446,187.0,79.166
SAI,4283.053611111113,201.0,79.166
SAI,4299.231388888891,208.0,79.166
SAI,4325.998055555558,219.0,79.166
SAI,4338.498055555558,225.0,79.166
SAI,4351.220277777779,229.0,79.166
SAI,4361.506388888891,230.0,79.166
SAI,4377.239722222224,236.0,79.166
SAI,4387.773055555557,237.0,79.166
SAI,4398.439722222223,240.0,79.166
SAI,4417.495277777779,245.0,79.166
SAI,4436.939722222223,250.0,79.166
SAI,4450.995277777779,253.0,79.166
SAI,4476.895277777779,259.0,79.166
SAI,4491.450833333334,262.0,79.166
SAI,4509.3175,268.0,79.166
SAI,4527.384166666667,271.0,79.166
SAI,4545.650833333334,274.0,79.166
SAI,4573.550833333334,279.0,79.166
SAI,4586.0841666666665,282.0,79.166
SAI,4614.504999999999,285.0,79.166
SAI,4627.216111111111,286.0,79.166
RUS,7.57361111111111,287.0,79.393
RUS,30.206944444444442,291.0,79.393
RUS,56.33277777777777,293.0,79.393
RUS,86.23277777777778,299.0,79.393
RUS,102.955,301.0,79.393
RUS,119.73277777777777,302.0,79.393
RUS,133.2438888888889,304.0,79.393
RUS,150.2438888888889,306.0,79.393
RUS,174.12166666666667,307.0,79.393
RUS,194.72166666666664,309.0,79.393
RUS,218.83277777777778,310.0,79.393
RUS,236.1661111111111,312.0,79.393
RUS,250.03277777777777,312.0,79.393
RUS,281.43277777777774,314.0,79.393
RUS,309.4338888888889,316.0,79.393
RUS,334.08944444444444,317.0,79.393
RUS,365.7894444444444,317.0,79.393
RUS,379.96722222222223,319.0,79.393
RUS,397.68944444444446,319.0,79.393
RUS,415.46722222222223,320.0,79.393
RUS,436.86722222222215,321.0,79.393
RUS,451.1783333333333,322.0,79.393
RUS,483.37833333333333,322.0,79.393
RUS,519.156111111111,322.0,79.393
RUS,537.1005555555555,323.0,79.393
RUS,555.045,323.0,79.393
RUS,569.4005555555556,323.0,79.393
RUS,609.0005555555555,324.0,79.393
RUS,627.0005555555555,324.0,79.393
RUS,645.0905555555555,324.0,79.393
RUS,663.0905555555554,324.0,79.393
RUS,681.0905555555554,324.0,79.393
RUS,695.4905555555554,324.0,79.393
RUS,722.957222222222,309.0,79.393
RUS,735.1794444444442,275.0,79.393
RUS,746.0683333333332,245.0,79.393
RUS,767.2683333333332,212.0,79.393
RUS,787.8238888888886,185.0,79.393
RUS,795.6016666666665,175.0,79.393
RUS,813.8238888888887,164.0,79.393
RUS,820.8463888888888,159.0,79.393
RUS,831.0463888888888,153.0,79.393
RUS,837.8019444444443,152.0,79.393
RUS,849.9352777777776,156.0,79.393
RUS,857.0463888888887,160.0,79.393
RUS,871.9797222222221,168.0,79.393
RUS,883.7797222222221,177.0,79.393
RUS,898.4019444444443,188.0,79.393
RUS,913.4908333333332,194.0,79.393
RUS,922.2019444444443,196.0,79.393
RUS,947.1352777777776,204.0,79.393
RUS,965.979722222222,212.0,79.393
RUS,985.5352777777775,220.0,79.393
RUS,1010.7574999999998,227.0,79.393
RUS,1023.6549999999999,231.0,79.393
RUS,1034.0549999999998,234.0,79.393
RUS,1044.5883333333331,237.0,79.393
RUS,1065.8327777777777,239.0,79.393
RUS,1092.7216666666666,242.0,79.393
RUS,1111.6994444444442,244.0,79.393
RUS,1128.0327777777775,245.0,79.393
RUS,1149.988333333333,247.0,79.393
RUS,1161.0549999999996,249.0,79.393
RUS,1183.4549999999997,252.0,79.393
RUS,1197.5105555555551,253.0,79.393
RUS,1222.939722222222,255.0,79.393
RUS,1237.2174999999997,257.0,79.393
RUS,1251.550833333333,258.0,79.393
RUS,1280.550833333333,261.0,79.393
RUS,1300.8508333333332,261.0,79.393
RUS,1321.4619444444443,265.0,79.393
RUS,1348.4619444444443,270.0,79.393
RUS,1369.6174999999998,272.0,79.393
RUS,1390.850833333333,273.0,79.393
RUS,1415.3841666666663,276.0,79.393
RUS,1443.1841666666662,278.0,79.393
RUS,1474.4063888888886,281.0,79.393
RUS,1486.9841666666664,283.0,79.393
RUS,1502.8408333333332,284.0,79.393
RUS,1537.9186111111107,287.0,79.393
RUS,1550.6741666666662,287.0,79.393
RUS,1566.6741666666662,288.0,79.393
RUS,1585.8074999999997,287.0,79.393
RUS,1600.640833333333,267.0,79.393
RUS,1616.0408333333328,231.0,79.393
RUS,1627.8741666666663,213.0,79.393
RUS,1641.3408333333327,202.0,79.393
RUS,1654.074166666666,191.0,79.393
RUS,1667.8408333333327,177.0,79.393
RUS,1680.6741666666662,165.0,79.393
RUS,1695.9316666666662,153.0,79.393
RUS,1707.5205555555551,149.0,79.393
RUS,1715.6316666666662,146.0,79.393
RUS,1723.909444444444,149.0,79.393
RUS,1730.709444444444,153.0,79.393
RUS,1739.3205555555553,155.0,79.393
RUS,1749.8538888888886,158.0,79.393
RUS,1757.1427777777776,164.0,79.393
RUS,1768.4094444444443,169.0,79.393
RUS,1780.2761111111108,178.0,79.393
RUS,1792.609444444444,185.0,79.393
RUS,1812.2094444444442,196.0,79.393
RUS,1821.0538888888887,199.0,79.393
RUS,1837.1538888888886,207.0,79.393
RUS,1846.5761111111108,212.0,79.393
RUS,1856.087222222222,214.0,79.393
RUS,1865.8366666666666,218.0,79.393
RUS,1880.6366666666665,222.0,79.393
RUS,1893.192222222222,226.0,79.393
RUS,1913.992222222222,234.0,79.393
RUS,1927.214444444444,238.0,79.393
RUS,1940.6033333333332,241.0,79.393
RUS,1951.4033333333332,243.0,79.393
RUS,1962.3366666666666,246.0,79.393
RUS,1976.1699999999998,249.0,79.393
RUS,1990.1144444444442,251.0,79.393
RUS,2003.003333333333,232.0,79.393
RUS,2016.7366666666665,206.0,79.393
RUS,2032.3811111111108,176.0,79.393
RUS,2041.2699999999998,160.0,79.393
RUS,2049.603333333333,150.0,79.393
RUS,2060.453333333333,140.0,79.393
RUS,2073.253333333333,128.0,79.393
RUS,2086.1422222222222,116.0,79.393
RUS,2098.1422222222222,108.0,79.393
RUS,2105.008888888889,103.0,79.393
RUS,2109.497777777778,101.0,79.393
RUS,2123.897777777778,108.0,79.393
RUS,2130.0088888888895,110.0,79.393
RUS,2139.1866666666674,118.0,79.393
RUS,2147.7200000000007,128.0,79.393
RUS,2155.2200000000007,135.0,79.393
RUS,2164.8600000000006,144.0,79.393
RUS,2173.304444444445,152.0,79.393
RUS,2186.448888888889,169.0,79.393
RUS,2207.115555555556,186.0,79.393
RUS,2215.7377777777783,194.0,79.393
RUS,2236.2377777777783,205.0,79.393
RUS,2252.9600000000005,215.0,79.393
RUS,2267.7600000000007,222.0,79.393
RUS,2277.848888888889,227.0,79.393
RUS,2293.315555555556,232.0,79.393
RUS,2303.848888888889,237.0,79.393
RUS,2322.7488888888893,243.0,79.393
RUS,2344.7933333333335,248.0,79.393
RUS,2364.4008333333336,253.0,79.393
RUS,2375.6897222222224,254.0,79.393
RUS,2395.834166666667,259.0,79.393
RUS,2410.334166666667,261.0,79.393
RUS,2428.0008333333335,265.0,79.393
RUS,2447.1341666666667,246.0,79.393
RUS,2461.4008333333336,214.0,79.393
RUS,2474.4675,196.0,79.393
RUS,2490.3786111111112,179.0,79.393
RUS,2503.600833333333,170.0,79.393
RUS,2522.5452777777778,155.0,79.393
RUS,2530.989722222222,152.0,79.393
RUS,2539.4341666666664,152.0,79.393
RUS,2546.2766666666666,153.0,79.393
RUS,2556.943333333333,160.0,79.393
RUS,2564.2322222222224,164.0,79.393
RUS,2571.8322222222223,171.0,79.393
RUS,2585.8322222222223,180.0,79.393
RUS,2600.5322222222226,189.0,79.393
RUS,2611.4211111111117,196.0,79.393
RUS,2632.221111111112,208.0,79.393
RUS,2643.9988888888893,212.0,79.393
RUS,2658.465555555556,217.0,79.393
RUS,2673.465555555556,225.0,79.393
RUS,2688.7988888888895,230.0,79.393
RUS,2712.5988888888896,238.0,79.393
RUS,2723.265555555556,240.0,79.393
RUS,2747.9966666666674,248.0,79.393
RUS,2759.1522222222225,251.0,79.393
RUS,2781.907777777778,256.0,79.393
RUS,2796.2411111111114,258.0,79.393
RUS,2819.3522222222227,260.0,79.393
RUS,2833.796666666667,260.0,79.393
RUS,2862.241111111112,256.0,79.393
RUS,2873.574444444445,255.0,79.393
RUS,2887.685555555556,254.0,79.393
RUS,2901.8522222222227,255.0,79.393
RUS,2924.696666666667,257.0,79.393
RUS,2939.0300000000007,258.0,79.393
RUS,2971.125000000001,262.0,79.393
RUS,3000.6805555555566,266.0,79.393
RUS,3012.725000000001,271.0,79.393
RUS,3024.81388888889,272.0,79.393
RUS,3046.3583333333345,277.0,79.393
RUS,3068.2138888888894,281.0,79.393
RUS,3087.147222222223,284.0,79.393
RUS,3119.2583333333337,289.0,79.393
RUS,3145.480555555556,295.0,79.393
RUS,3168.5805555555557,297.0,79.393
RUS,3181.8250000000003,298.0,79.393
RUS,3195.2027777777776,301.0,79.393
RUS,3215.402777777778,303.0,79.393
RUS,3239.125,305.0,79.393
RUS,3263.0724999999998,309.0,79.393
RUS,3294.1724999999997,311.0,79.393
RUS,3321.9058333333332,312.0,79.393
RUS,3346.5280555555555,277.0,79.393
RUS,3369.8280555555557,233.0,79.393
RUS,3383.028055555556,198.0,79.393
RUS,3391.4280555555556,189.0,79.393
RUS,3402.494722222222,166.0,79.393
RUS,3418.8280555555557,147.0,79.393
RUS,3428.228055555556,141.0,79.393
RUS,3438.6094444444448,133.0,79.393
RUS,3448.409444444445,126.0,79.393
RUS,3455.1872222222228,122.0,79.393
RUS,3460.520555555556,120.0,79.393
RUS,3474.331666666667,113.0,79.393
RUS,3480.6650000000004,114.0,79.393
RUS,3488.4650000000006,117.0,79.393
RUS,3493.8427777777783,121.0,79.393
RUS,3503.5650000000005,125.0,79.393
RUS,3515.6538888888895,136.0,79.393
RUS,3523.6538888888895,144.0,79.393
RUS,3531.8761111111116,148.0,79.393
RUS,3544.398333333334,161.0,79.393
RUS,3557.5427777777786,169.0,79.393
RUS,3571.776111111112,183.0,79.393
RUS,3584.257222222223,188.0,79.393
RUS,3599.5016666666675,196.0,79.393
RUS,3613.1016666666674,204.0,79.393
RUS,3622.2127777777782,205.0,79.393
RUS,3633.8238888888895,209.0,79.393
RUS,3652.490555555556,210.0,79.393
RUS,3668.8461111111114,184.0,79.393
RUS,3680.3794444444447,173.0,79.393
RUS,3687.7127777777782,165.0,79.393
RUS,3703.0127777777784,153.0,79.393
RUS,3709.590555555556,148.0,79.393
RUS,3722.252222222223,142.0,79.393
RUS,3729.974444444445,139.0,79.393
RUS,3735.9300000000007,134.0,79.393
RUS,3744.5966666666673,130.0,79.393
RUS,3773.485555555556,130.0,79.393
RUS,3779.396666666667,133.0,79.393
RUS,3790.0522222222226,137.0,79.393
RUS,3799.585555555556,143.0,79.393
RUS,3811.2522222222224,150.0,79.393
RUS,3821.6522222222225,156.0,79.393
RUS,3836.496666666667,167.0,79.393
RUS,3844.23,174.0,79.393
RUS,3852.141111111111,178.0,79.393
RUS,3860.3633333333337,185.0,79.393
RUS,3880.263333333334,199.0,79.393
RUS,3901.105277777778,209.0,79.393
RUS,3915.571944444445,217.0,79.393
RUS,3935.905277777778,183.0,79.393
RUS,3947.371944444445,172.0,79.393
RUS,3956.371944444445,162.0,79.393
RUS,3964.9275000000002,154.0,79.393
RUS,3971.460833333334,147.0,79.393
RUS,3977.9941666666673,147.0,79.393
RUS,3985.771944444445,140.0,79.393
RUS,3994.771944444445,135.0,79.393
RUS,4004.960833333334,131.0,79.393
RUS,4018.3980555555563,134.0,79.393
RUS,4030.8425000000007,140.0,79.393
RUS,4045.5425000000005,147.0,79.393
RUS,4057.4425000000006,153.0,79.393
RUS,4064.1536111111113,151.0,79.393
RUS,4074.6536111111113,135.0,79.393
RUS,4085.2313888888893,119.0,79.393
RUS,4093.709166666667,109.0,79.393
RUS,4098.3758333333335,105.0,79.393
RUS,4106.909166666666,96.0,79.393
RUS,4112.975833333333,91.0,79.393
RUS,4118.6425,85.0,79.393
RUS,4124.9425,81.0,79.393
RUS,4130.1425,78.0,79.393
RUS,4135.320833333333,78.0,79.393
RUS,4138.920833333334,81.0,79.393
RUS,4143.920833333334,90.0,79.393
RUS,4149.9875,91.0,79.393
RUS,4157.220833333334,93.0,79.393
RUS,4161.443055555556,95.0,79.393
RUS,4172.776388888889,102.0,79.393
RUS,4182.554166666668,110.0,79.393
RUS,4197.587500000001,123.0,79.393
RUS,4212.087500000001,145.0,79.393
RUS,4222.664722222223,158.0,79.393
RUS,4237.775833333333,170.0,79.393
RUS,4252.009166666667,183.0,79.393
RUS,4260.409166666667,189.0,79.393
RUS,4275.964722222222,200.0,79.393
RUS,4291.909166666666,205.0,79.393
RUS,4311.109166666667,216.0,79.393
RUS,4330.8425,222.0,79.393
RUS,4351.109166666667,228.0,79.393
RUS,4363.998055555556,232.0,79.393
RUS,4377.0536111111105,235.0,79.393
RUS,4387.586944444444,237.0,79.393
RUS,4403.653611111111,241.0,79.393
RUS,4428.353611111111,247.0,79.393
RUS,4450.753611111111,252.0,79.393
RUS,4464.9047222222225,256.0,79.393
RUS,4497.171388888889,264.0,79.393
RUS,4511.949166666667,266.0,79.393
RUS,4530.0825,272.0,79.393
RUS,4551.315833333334,273.0,79.393
RUS,4579.115833333334,278.0,79.393
RUS,4594.67138888889,280.0,79.393
RUS,4616.682500000001,283.0,79.393
PER,22.548888888888893,292.0,79.42
PER,52.0488888888889,295.0,79.42
PER,65.20444444444445,296.0,79.42
PER,95.10444444444444,299.0,79.42
PER,108.48222222222223,301.0,79.42
PER,138.79777777777778,304.0,79.42
PER,162.5977777777778,306.0,79.42
PER,183.06444444444446,307.0,79.42
PER,207.09777777777776,309.0,79.42
PER,234.65333333333334,310.0,79.42
PER,251.87555555555554,310.0,79.42
PER,265.6977777777778,311.0,79.42
PER,279.56444444444446,312.0,79.42
PER,307.47555555555556,314.0,79.42
PER,324.92,314.0,79.42
PER,345.92,315.0,79.42
PER,381.03111111111116,316.0,79.42
PER,402.1644444444444,317.0,79.42
PER,419.77555555555557,317.0,79.42
PER,455.10888888888894,318.0,79.42
PER,469.28666666666675,319.0,79.42
PER,494.2644444444445,320.0,79.42
PER,519.1533333333334,320.0,79.42
PER,547.6866666666667,321.0,79.42
PER,569.0866666666667,321.0,79.42
PER,601.1866666666667,321.0,79.42
PER,626.2311111111112,322.0,79.42
PER,654.8533333333334,322.0,79.42
PER,672.7422222222223,322.0,79.42
PER,694.208888888889,322.0,79.42
PER,724.7238888888888,306.0,79.42
PER,754.7905555555556,246.0,79.42
PER,777.5683333333333,205.0,79.42
PER,797.3461111111111,178.0,79.42
PER,804.8572222222222,169.0,79.42
PER,815.5905555555555,161.0,79.42
PER,824.2572222222221,156.0,79.42
PER,830.9683333333332,151.0,79.42
PER,837.6349999999999,150.0,79.42
PER,851.0572222222221,151.0,79.42
PER,861.1905555555554,152.0,79.42
PER,868.0794444444443,155.0,79.42
PER,877.1905555555554,164.0,79.42
PER,886.7461111111111,172.0,79.42
PER,900.5905555555555,178.0,79.42
PER,916.9080555555555,183.0,79.42
PER,935.9080555555556,190.0,79.42
PER,946.6858333333333,194.0,79.42
PER,957.7413888888889,199.0,79.42
PER,966.8080555555556,204.0,79.42
PER,978.3636111111113,208.0,79.42
PER,995.241388888889,217.0,79.42
PER,1010.1080555555557,223.0,79.42
PER,1027.9191666666668,229.0,79.42
PER,1040.8080555555557,232.0,79.42
PER,1051.1636111111113,233.0,79.42
PER,1074.6636111111113,235.0,79.42
PER,1095.4872222222223,235.0,79.42
PER,1113.8427777777779,236.0,79.42
PER,1137.7427777777777,239.0,79.42
PER,1148.4094444444445,240.0,79.42
PER,1161.8538888888888,242.0,79.42
PER,1175.4094444444443,244.0,79.42
PER,1191.876111111111,247.0,79.42
PER,1202.898333333333,248.0,79.42
PER,1228.0983333333331,252.0,79.42
PER,1256.5427777777775,256.0,79.42
PER,1270.8205555555555,257.0,79.42
PER,1285.2094444444444,259.0,79.42
PER,1296.765,260.0,79.42
PER,1329.0316666666665,264.0,79.42
PER,1343.865,267.0,79.42
PER,1358.8283333333331,268.0,79.42
PER,1373.8283333333334,270.0,79.42
PER,1388.8838888888888,271.0,79.42
PER,1400.9727777777778,272.0,79.42
PER,1425.4172222222223,275.0,79.42
PER,1437.683888888889,276.0,79.42
PER,1450.0394444444446,278.0,79.42
PER,1478.2394444444446,282.0,79.42
PER,1509.795,284.0,79.42
PER,1522.4616666666668,285.0,79.42
PER,1554.461666666667,288.0,79.42
PER,1567.2258333333336,289.0,79.42
PER,1586.4925000000003,289.0,79.42
PER,1599.070277777778,283.0,79.42
PER,1618.048055555556,244.0,79.42
PER,1628.4925000000003,235.0,79.42
PER,1646.8925000000004,207.0,79.42
PER,1659.2925000000002,186.0,79.42
PER,1672.7480555555558,173.0,79.42
PER,1685.659166666667,166.0,79.42
PER,1692.859166666667,162.0,79.42
PER,1711.6813888888892,154.0,79.42
PER,1725.1036111111114,151.0,79.42
PER,1738.7036111111113,153.0,79.42
PER,1756.2591666666667,158.0,79.42
PER,1765.1925,160.0,79.42
PER,1772.4813888888891,164.0,79.42
PER,1780.0369444444448,170.0,79.42
PER,1796.1258333333337,181.0,79.42
PER,1817.4591666666672,192.0,79.42
PER,1833.0147222222226,200.0,79.42
PER,1846.6147222222228,204.0,79.42
PER,1865.636944444445,214.0,79.42
PER,1875.2813888888893,217.0,79.42
PER,1895.1925,224.0,79.42
PER,1907.8591666666669,228.0,79.42
PER,1931.1941666666667,234.0,79.42
PER,1944.3608333333332,237.0,79.42
PER,1957.7497222222223,241.0,79.42
PER,1985.3052777777777,248.0,79.42
PER,2004.5941666666668,248.0,79.42
PER,2021.0052777777778,211.0,79.42
PER,2039.105277777778,181.0,79.42
PER,2051.394166666667,158.0,79.42
PER,2062.3608333333336,141.0,79.42
PER,2073.7386111111114,128.0,79.42
PER,2085.5386111111115,118.0,79.42
PER,2097.7608333333337,110.0,79.42
PER,2102.471944444445,106.0,79.42
PER,2108.278611111112,104.0,79.42
PER,2121.600833333334,109.0,79.42
PER,2126.5341666666673,111.0,79.42
PER,2132.9786111111116,116.0,79.42
PER,2141.2452777777785,124.0,79.42
PER,2148.411944444445,129.0,79.42
PER,2157.4786111111116,136.0,79.42
PER,2165.5341666666673,145.0,79.42
PER,2175.934166666667,156.0,79.42
PER,2187.0675,167.0,79.42
PER,2200.6786111111114,175.0,79.42
PER,2215.145277777778,186.0,79.42
PER,2235.4886111111114,204.0,79.42
PER,2252.055277777778,213.0,79.42
PER,2264.221944444445,219.0,79.42
PER,2276.721944444445,225.0,79.42
PER,2286.8108333333334,227.0,79.42
PER,2299.5886111111113,230.0,79.42
PER,2315.4552777777776,238.0,79.42
PER,2326.1219444444446,240.0,79.42
PER,2342.5219444444447,246.0,79.42
PER,2359.188611111111,250.0,79.42
PER,2376.1219444444446,254.0,79.42
PER,2402.0219444444447,259.0,79.42
PER,2413.621944444445,261.0,79.42
PER,2434.155277777778,264.0,79.42
PER,2445.844166666667,263.0,79.42
PER,2456.555277777778,241.0,79.42
PER,2466.796666666667,229.0,79.42
PER,2479.7300000000005,194.0,79.42
PER,2489.7855555555557,181.0,79.42
PER,2504.807777777778,169.0,79.42
PER,2513.8633333333337,163.0,79.42
PER,2522.585555555556,157.0,79.42
PER,2529.3855555555556,153.0,79.42
PER,2536.1411111111115,152.0,79.42
PER,2544.53,151.0,79.42
PER,2552.9744444444445,152.0,79.42
PER,2561.5855555555554,155.0,79.42
PER,2572.2522222222224,160.0,79.42
PER,2588.1633333333334,179.0,79.42
PER,2598.3300000000004,183.0,79.42
PER,2609.0522222222226,193.0,79.42
PER,2624.397222222223,198.0,79.42
PER,2645.297222222223,209.0,79.42
PER,2669.7416666666672,220.0,79.42
PER,2695.1861111111116,229.0,79.42
PER,2710.919444444445,236.0,79.42
PER,2721.4972222222227,238.0,79.42
PER,2754.56388888889,248.0,79.42
PER,2768.5638888888893,252.0,79.42
PER,2788.4750000000004,256.0,79.42
PER,2805.608333333334,257.0,79.42
PER,2819.997222222223,259.0,79.42
PER,2837.0680555555564,255.0,79.42
PER,2851.0125000000007,251.0,79.42
PER,2870.223611111112,247.0,79.42
PER,2897.7791666666676,248.0,79.42
PER,2908.890277777779,250.0,79.42
PER,2934.290277777779,254.0,79.42
PER,2954.1236111111125,255.0,79.42
PER,2971.3236111111123,258.0,79.42
PER,2982.879166666668,260.0,79.42
PER,3000.3458333333347,262.0,79.42
PER,3012.034722222223,263.0,79.42
PER,3032.9569444444455,269.0,79.42
PER,3057.1347222222234,272.0,79.42
PER,3078.7572222222234,279.0,79.42
PER,3091.2461111111124,281.0,79.42
PER,3113.490555555557,286.0,79.42
PER,3129.4905555555565,288.0,79.42
PER,3148.8905555555566,291.0,79.42
PER,3171.7572222222234,294.0,79.42
PER,3191.490555555557,296.0,79.42
PER,3211.42388888889,299.0,79.42
PER,3238.3572222222233,303.0,79.42
PER,3262.0794444444455,305.0,79.42
PER,3299.7238888888896,308.0,79.42
PER,3316.8905555555566,309.0,79.42
PER,3334.22388888889,312.0,79.42
PER,3348.1772222222235,312.0,79.42
PER,3365.44388888889,259.0,79.42
PER,3376.288333333335,244.0,79.42
PER,3386.110555555557,221.0,79.42
PER,3401.0438888888903,192.0,79.42
PER,3414.732777777779,176.0,79.42
PER,3423.34388888889,155.0,79.42
PER,3437.4438888888903,141.0,79.42
PER,3444.832777777779,133.0,79.42
PER,3453.3661111111123,128.0,79.42
PER,3461.5661111111126,123.0,79.42
PER,3469.5661111111126,120.0,79.42
PER,3480.6661111111125,111.0,79.42
PER,3485.5550000000017,110.0,79.42
PER,3496.8236111111128,113.0,79.42
PER,3501.9791666666683,116.0,79.42
PER,3512.734722222224,121.0,79.42
PER,3519.7902777777795,127.0,79.42
PER,3531.8791666666684,136.0,79.42
PER,3539.8791666666684,144.0,79.42
PER,3557.434722222224,158.0,79.42
PER,3564.812500000002,166.0,79.42
PER,3574.368055555557,172.0,79.42
PER,3584.312500000002,179.0,79.42
PER,3601.112500000002,189.0,79.42
PER,3611.89027777778,194.0,79.42
PER,3637.1252777777795,206.0,79.42
PER,3660.458611111113,210.0,79.42
PER,3669.1697222222238,196.0,79.42
PER,3677.2586111111123,182.0,79.42
PER,3690.0141666666677,164.0,79.42
PER,3701.9919444444454,154.0,79.42
PER,3711.858611111112,148.0,79.42
PER,3727.1919444444457,138.0,79.42
PER,3739.1919444444457,135.0,79.42
PER,3749.1475000000014,128.0,79.42
PER,3754.7919444444456,127.0,79.42
PER,3760.4808333333344,128.0,79.42
PER,3769.0141666666677,128.0,79.42
PER,3779.280833333334,132.0,79.42
PER,3789.9758333333343,138.0,79.42
PER,3804.7758333333345,148.0,79.42
PER,3818.6425000000013,156.0,79.42
PER,3833.309166666668,165.0,79.42
PER,3850.9091666666677,176.0,79.42
PER,3863.309166666668,186.0,79.42
PER,3871.8869444444454,193.0,79.42
PER,3885.220277777779,200.0,79.42
PER,3908.664722222223,211.0,79.42
PER,3923.064722222223,216.0,79.42
PER,3939.222222222223,207.0,79.42
PER,3954.1555555555565,192.0,79.42
PER,3964.8222222222234,192.0,79.42
PER,3972.2444444444454,167.0,79.42
PER,3990.5777777777785,150.0,79.42
PER,3998.68888888889,146.0,79.42
PER,4008.155555555556,142.0,79.42
PER,4014.3333333333344,139.0,79.42
PER,4024.9888888888895,137.0,79.42
PER,4037.4333333333343,140.0,79.42
PER,4045.5444444444456,146.0,79.42
PER,4053.8222222222234,149.0,79.42
PER,4065.955555555556,156.0,79.42
PER,4077.544444444445,149.0,79.42
PER,4088.2000000000007,137.0,79.42
PER,4096.166666666668,120.0,79.42
PER,4104.644444444446,109.0,79.42
PER,4111.511111111113,103.0,79.42
PER,4115.866666666669,98.0,79.42
PER,4121.033333333336,93.0,79.42
PER,4128.944444444447,89.0,79.42
PER,4136.677777777781,87.0,79.42
PER,4142.344444444448,85.0,79.42
PER,4146.255555555558,88.0,79.42
PER,4156.055555555558,98.0,79.42
PER,4160.500000000003,100.0,79.42
PER,4169.595000000003,102.0,79.42
PER,4174.928333333336,96.0,79.42
PER,4179.195000000002,96.0,79.42
PER,4185.795000000003,99.0,79.42
PER,4214.0172222222245,127.0,79.42
PER,4219.97277777778,134.0,79.42
PER,4232.106111111113,156.0,79.42
PER,4243.106111111113,165.0,79.42
PER,4256.950555555558,178.0,79.42
PER,4269.417222222225,187.0,79.42
PER,4287.195000000002,200.0,79.42
PER,4296.17277777778,202.0,79.42
PER,4305.417222222225,208.0,79.42
PER,4314.66166666667,208.0,79.42
PER,4336.66166666667,220.0,79.42
PER,4359.398333333336,228.0,79.42
PER,4374.73166666667,230.0,79.42
PER,4400.953888888892,236.0,79.42
PER,4416.953888888893,240.0,79.42
PER,4430.509444444448,244.0,79.42
PER,4444.287222222226,248.0,79.42
PER,4455.442777777781,251.0,79.42
PER,4466.776111111115,255.0,79.42
PER,4481.165000000003,259.0,79.42
PER,4498.43166666667,259.0,79.42
PER,4519.198333333336,267.0,79.42
PER,4546.473888888891,272.0,79.42
PER,4571.185000000003,278.0,79.42
PER,4599.185000000003,280.0,79.42
PER,4621.507222222225,287.0,79.42
PER,4634.262777777781,287.0,79.42
HAM,9.327499999999999,287.0,79.512
HAM,25.438611111111108,290.0,79.512
HAM,48.149722222222216,292.0,79.512
HAM,71.09416666666667,295.0,79.512
HAM,97.67194444444445,299.0,79.512
HAM,121.08305555555556,301.0,79.512
HAM,144.7275,304.0,79.512
HAM,158.28305555555556,305.0,79.512
HAM,171.88305555555556,306.0,79.512
HAM,188.8830555555556,306.0,79.512
HAM,216.26083333333335,308.0,79.512
HAM,229.9941666666667,309.0,79.512
HAM,250.7469444444445,310.0,79.512
HAM,271.5469444444445,312.0,79.512
HAM,309.9247222222223,314.0,79.512
HAM,323.88027777777785,314.0,79.512
HAM,337.8358333333334,314.0,79.512
HAM,358.8358333333334,315.0,79.512
HAM,383.49138888888893,317.0,79.512
HAM,397.58027777777784,317.0,79.512
HAM,415.191388888889,317.0,79.512
HAM,439.91388888888895,319.0,79.512
HAM,468.18055555555566,318.0,79.512
HAM,482.35833333333335,319.0,79.512
HAM,507.1694444444445,319.0,79.512
HAM,531.9805555555556,319.0,79.512
HAM,553.2472222222223,319.0,79.512
HAM,578.0583333333333,319.0,79.512
HAM,595.8361111111111,320.0,79.512
HAM,624.2805555555556,320.0,79.512
HAM,663.3916666666667,320.0,79.512
HAM,695.3916666666668,320.0,79.512
HAM,713.1694444444445,320.0,79.512
HAM,743.9472222222223,277.0,79.512
HAM,757.3361111111111,241.0,79.512
HAM,773.0472222222223,202.0,79.512
HAM,785.3805555555556,185.0,79.512
HAM,795.0955555555556,174.0,79.512
HAM,813.0955555555556,162.0,79.512
HAM,825.0733333333334,154.0,79.512
HAM,833.628888888889,154.0,79.512
HAM,845.3733333333334,151.0,79.512
HAM,859.2400000000001,156.0,79.512
HAM,868.1844444444446,161.0,79.512
HAM,887.7400000000001,176.0,79.512
HAM,895.6458333333335,179.0,79.512
HAM,903.7791666666668,183.0,79.512
HAM,912.0902777777779,187.0,79.512
HAM,922.6458333333335,190.0,79.512
HAM,933.4236111111112,194.0,79.512
HAM,951.2902777777779,201.0,79.512
HAM,965.0236111111112,206.0,79.512
HAM,983.8680555555557,212.0,79.512
HAM,1003.4236111111112,220.0,79.512
HAM,1013.4236111111112,225.0,79.512
HAM,1042.0236111111112,234.0,79.512
HAM,1052.4236111111113,234.0,79.512
HAM,1070.9347222222225,238.0,79.512
HAM,1089.6013888888892,240.0,79.512
HAM,1108.501388888889,243.0,79.512
HAM,1127.5569444444445,245.0,79.512
HAM,1141.1680555555556,245.0,79.512
HAM,1152.1902777777777,248.0,79.512
HAM,1185.7266666666665,251.0,79.512
HAM,1210.9266666666665,252.0,79.512
HAM,1222.171111111111,253.0,79.512
HAM,1242.0044444444445,255.0,79.512
HAM,1267.8044444444445,258.0,79.512
HAM,1279.3155555555556,259.0,79.512
HAM,1305.6155555555556,263.0,79.512
HAM,1317.348888888889,264.0,79.512
HAM,1343.9747222222225,267.0,79.512
HAM,1364.8969444444447,269.0,79.512
HAM,1382.9636111111113,271.0,79.512
HAM,1404.1191666666668,272.0,79.512
HAM,1428.5636111111114,275.0,79.512
HAM,1443.9525000000003,277.0,79.512
HAM,1456.308055555556,278.0,79.512
HAM,1468.708055555556,279.0,79.512
HAM,1493.685833333334,281.0,79.512
HAM,1509.3525000000004,282.0,79.512
HAM,1528.3525000000002,285.0,79.512
HAM,1560.1302777777782,286.0,79.512
HAM,1579.2636111111115,287.0,79.512
HAM,1595.2636111111115,288.0,79.512
HAM,1623.1525000000006,251.0,79.512
HAM,1633.1080555555561,224.0,79.512
HAM,1648.4850000000006,197.0,79.512
HAM,1663.029444444445,187.0,79.512
HAM,1678.0516666666672,169.0,79.512
HAM,1688.9183333333337,163.0,79.512
HAM,1704.4183333333337,155.0,79.512
HAM,1716.0072222222227,149.0,79.512
HAM,1729.6072222222226,153.0,79.512
HAM,1738.2738888888894,156.0,79.512
HAM,1749.0072222222227,161.0,79.512
HAM,1766.0597222222227,171.0,79.512
HAM,1788.4263888888895,183.0,79.512
HAM,1809.981944444445,194.0,79.512
HAM,1832.6486111111114,204.0,79.512
HAM,1841.9375000000005,209.0,79.512
HAM,1856.1375000000005,213.0,79.512
HAM,1868.0819444444448,215.0,79.512
HAM,1877.9041666666672,221.0,79.512
HAM,1887.8597222222227,224.0,79.512
HAM,1908.3041666666672,230.0,79.512
HAM,1924.0375000000004,236.0,79.512
HAM,1934.5708333333337,237.0,79.512
HAM,1947.9597222222226,241.0,79.512
HAM,1961.5152777777782,244.0,79.512
HAM,1980.9597222222226,250.0,79.512
HAM,2003.2513888888893,250.0,79.512
HAM,2023.7513888888893,205.0,79.512
HAM,2034.3625000000004,191.0,79.512
HAM,2043.4180555555558,163.0,79.512
HAM,2050.1736111111113,152.0,79.512
HAM,2058.2847222222226,146.0,79.512
HAM,2068.7069444444446,134.0,79.512
HAM,2076.9736111111115,124.0,79.512
HAM,2086.1513888888894,118.0,79.512
HAM,2092.484722222223,114.0,79.512
HAM,2097.4625000000005,112.0,79.512
HAM,2108.0625000000005,106.0,79.512
HAM,2117.1894444444447,103.0,79.512
HAM,2125.589444444445,108.0,79.512
HAM,2137.1894444444447,116.0,79.512
HAM,2142.5672222222224,121.0,79.512
HAM,2149.733888888889,129.0,79.512
HAM,2157.3450000000003,137.0,79.512
HAM,2166.4783333333335,137.0,79.512
HAM,2173.411666666667,156.0,79.512
HAM,2190.911666666667,175.0,79.512
HAM,2212.022777777778,190.0,79.512
HAM,2223.0783333333334,199.0,79.512
HAM,2234.4672222222225,205.0,79.512
HAM,2243.7561111111113,209.0,79.512
HAM,2271.011666666667,223.0,79.512
HAM,2283.5672222222224,226.0,79.512
HAM,2296.6322222222225,234.0,79.512
HAM,2309.854444444445,238.0,79.512
HAM,2323.2988888888895,242.0,79.512
HAM,2334.1433333333343,244.0,79.512
HAM,2356.2766666666676,249.0,79.512
HAM,2367.4766666666674,252.0,79.512
HAM,2378.810000000001,255.0,79.512
HAM,2404.710000000001,259.0,79.512
HAM,2434.043333333334,264.0,79.512
HAM,2445.687777777778,262.0,79.512
HAM,2468.7988888888895,208.0,79.512
HAM,2477.5438888888893,198.0,79.512
HAM,2489.5438888888893,180.0,79.512
HAM,2497.3661111111114,176.0,79.512
HAM,2510.121666666667,164.0,79.512
HAM,2517.1883333333335,159.0,79.512
HAM,2530.6994444444445,152.0,79.512
HAM,2540.8327777777777,152.0,79.512
HAM,2553.043888888889,157.0,79.512
HAM,2565.7994444444444,164.0,79.512
HAM,2573.3549999999996,170.0,79.512
HAM,2595.9661111111104,185.0,79.512
HAM,2613.299444444444,195.0,79.512
HAM,2631.432777777777,204.0,79.512
HAM,2655.3216666666663,215.0,79.512
HAM,2667.6049999999996,220.0,79.512
HAM,2677.560555555555,224.0,79.512
HAM,2687.738333333333,229.0,79.512
HAM,2708.804999999999,237.0,79.512
HAM,2735.9161111111102,244.0,79.512
HAM,2755.282777777777,249.0,79.512
HAM,2772.1494444444434,253.0,79.512
HAM,2795.0827777777768,258.0,79.512
HAM,2806.593888888888,259.0,79.512
HAM,2829.4383333333326,257.0,79.512
HAM,2843.604999999999,255.0,79.512
HAM,2868.8347222222214,253.0,79.512
HAM,2882.8347222222214,252.0,79.512
HAM,2896.834722222221,252.0,79.512
HAM,2924.945833333332,253.0,79.512
HAM,2944.468055555554,251.0,79.512
HAM,2964.2236111111097,254.0,79.512
HAM,2990.1236111111098,259.0,79.512
HAM,3010.656944444443,264.0,79.512
HAM,3031.42361111111,267.0,79.512
HAM,3055.690277777777,273.0,79.512
HAM,3083.490277777777,278.0,79.512
HAM,3115.1569444444435,285.0,79.512
HAM,3127.9124999999995,287.0,79.512
HAM,3144.1041666666656,290.0,79.512
HAM,3180.0374999999995,294.0,79.512
HAM,3193.2374999999993,297.0,79.512
HAM,3209.793055555555,298.0,79.512
HAM,3229.793055555555,300.0,79.512
HAM,3246.5708333333323,302.0,79.512
HAM,3266.904166666666,305.0,79.512
HAM,3283.9597222222214,307.0,79.512
HAM,3304.4930555555543,308.0,79.512
HAM,3325.226388888888,311.0,79.512
HAM,3348.8708333333325,304.0,79.512
HAM,3368.626388888888,254.0,79.512
HAM,3388.371388888888,198.0,79.512
HAM,3402.9158333333326,187.0,79.512
HAM,3411.971388888888,163.0,79.512
HAM,3420.4158333333326,152.0,79.512
HAM,3426.8158333333326,144.0,79.512
HAM,3434.371388888888,136.0,79.512
HAM,3443.0380555555544,130.0,79.512
HAM,3448.59361111111,125.0,79.512
HAM,3456.79361111111,123.0,79.512
HAM,3464.5269444444434,116.0,79.512
HAM,3472.0602777777767,113.0,79.512
HAM,3483.1602777777766,111.0,79.512
HAM,3488.1824999999985,113.0,79.512
HAM,3497.3602777777764,118.0,79.512
HAM,3502.826944444443,123.0,79.512
HAM,3508.382499999999,125.0,79.512
HAM,3514.1963888888877,130.0,79.512
HAM,3523.2630555555543,136.0,79.512
HAM,3531.151944444443,142.0,79.512
HAM,3545.1074999999987,157.0,79.512
HAM,3554.2741666666657,165.0,79.512
HAM,3563.885277777777,173.0,79.512
HAM,3571.7519444444433,177.0,79.512
HAM,3579.8852777777765,183.0,79.512
HAM,3590.3297222222213,188.0,79.512
HAM,3601.0519444444435,193.0,79.512
HAM,3611.996388888888,197.0,79.512
HAM,3625.529722222221,203.0,79.512
HAM,3644.107499999999,209.0,79.512
HAM,3655.7186111111105,209.0,79.512
HAM,3666.71861111111,198.0,79.512
HAM,3680.6686111111103,180.0,79.512
HAM,3696.6686111111103,160.0,79.512
HAM,3713.1130555555546,148.0,79.512
HAM,3728.557499999999,139.0,79.512
HAM,3737.4908333333324,134.0,79.512
HAM,3743.3130555555545,131.0,79.512
HAM,3759.9797222222214,125.0,79.512
HAM,3767.0352777777766,127.0,79.512
HAM,3777.06861111111,129.0,79.512
HAM,3785.86861111111,132.0,79.512
HAM,3793.4241666666658,136.0,79.512
HAM,3802.7294444444437,139.0,79.512
HAM,3810.7294444444437,144.0,79.512
HAM,3822.629444444444,153.0,79.512
HAM,3840.9627777777773,165.0,79.512
HAM,3848.607222222222,172.0,79.512
HAM,3866.707222222222,181.0,79.512
HAM,3881.8738888888884,195.0,79.512
HAM,3895.3405555555546,202.0,79.512
HAM,3904.584999999999,208.0,79.512
HAM,3918.918333333332,215.0,79.512
HAM,3928.5627777777772,217.0,79.512
HAM,3943.1849999999986,188.0,79.512
HAM,3957.9405555555545,166.0,79.512
HAM,3969.8755555555545,154.0,79.512
HAM,3976.586666666665,151.0,79.512
HAM,3987.786666666665,144.0,79.512
HAM,3995.508888888887,139.0,79.512
HAM,4004.1755555555537,130.0,79.512
HAM,4014.208888888887,129.0,79.512
HAM,4022.9422222222206,131.0,79.512
HAM,4031.9422222222206,135.0,79.512
HAM,4044.4755555555544,141.0,79.512
HAM,4056.0644444444433,149.0,79.512
HAM,4073.6644444444432,144.0,79.512
HAM,4080.9977777777763,132.0,79.512
HAM,4087.9422222222206,125.0,79.512
HAM,4093.3088888888874,120.0,79.512
HAM,4100.508888888888,108.0,79.512
HAM,4105.13111111111,104.0,79.512
HAM,4109.397777777776,96.0,79.512
HAM,4116.319999999999,89.0,79.512
HAM,4122.93111111111,85.0,79.512
HAM,4127.3755555555545,80.0,79.512
HAM,4135.475555555555,81.0,79.512
HAM,4140.086666666666,83.0,79.512
HAM,4145.886666666666,87.0,79.512
HAM,4152.286666666666,96.0,79.512
HAM,4158.486666666666,93.0,79.512
HAM,4167.886666666665,94.0,79.512
HAM,4172.108888888887,95.0,79.512
HAM,4182.3802777777755,103.0,79.512
HAM,4187.180277777776,108.0,79.512
HAM,4197.580277777776,117.0,79.512
HAM,4204.802499999999,130.0,79.512
HAM,4217.780277777776,146.0,79.512
HAM,4226.502499999999,157.0,79.512
HAM,4245.946944444443,175.0,79.512
HAM,4254.080277777776,183.0,79.512
HAM,4264.469166666665,187.0,79.512
HAM,4275.413611111108,197.0,79.512
HAM,4293.7247222222195,206.0,79.512
HAM,4305.502499999998,212.0,79.512
HAM,4332.329999999998,219.0,79.512
HAM,4357.329999999997,225.0,79.512
HAM,4367.596666666664,231.0,79.512
HAM,4377.863333333331,231.0,79.512
HAM,4396.296666666664,237.0,79.512
HAM,4415.196666666664,243.0,79.512
HAM,4431.529999999997,245.0,79.512
HAM,4459.418888888886,251.0,79.512
HAM,4482.35222222222,258.0,79.512
HAM,4502.729999999998,262.0,79.512
HAM,4514.55222222222,266.0,79.512
HAM,4526.507777777775,269.0,79.512
HAM,4544.574444444443,271.0,79.512
HAM,4565.963333333331,275.0,79.512
HAM,4587.585833333331,279.0,79.512
HAM,4615.785833333331,282.0,79.512
BOT,1.827222222222222,286.0,79.608
BOT,21.093888888888888,289.0,79.608
BOT,50.29388888888889,292.0,79.608
BOT,73.16055555555556,294.0,79.608
BOT,99.73833333333334,299.0,79.608
BOT,116.34944444444446,299.0,79.608
BOT,136.41611111111112,301.0,79.608
BOT,166.83138888888888,305.0,79.608
BOT,204.23138888888892,306.0,79.608
BOT,238.56472222222223,309.0,79.608
BOT,273.00916666666666,310.0,79.608
BOT,286.87583333333333,312.0,79.608
BOT,307.6758333333333,312.0,79.608
BOT,325.0647222222222,313.0,79.608
BOT,339.0202777777778,314.0,79.608
BOT,353.0202777777778,315.0,79.608
BOT,381.0202777777777,315.0,79.608
BOT,402.0202777777777,315.0,79.608
BOT,416.15361111111105,318.0,79.608
BOT,433.7647222222222,317.0,79.608
BOT,451.4313888888888,318.0,79.608
BOT,476.0869444444444,317.0,79.608
BOT,504.53111111111104,319.0,79.608
BOT,536.431111111111,319.0,79.608
BOT,554.2088888888889,320.0,79.608
BOT,571.9311111111111,319.0,79.608
BOT,586.1088888888889,319.0,79.608
BOT,603.8866666666667,320.0,79.608
BOT,628.8533333333334,321.0,79.608
BOT,650.1866666666667,320.0,79.608
BOT,675.0755555555556,320.0,79.608
BOT,692.7977777777778,319.0,79.608
BOT,706.9311111111111,318.0,79.608
BOT,736.4311111111111,295.0,79.608
BOT,759.2927777777778,258.0,79.608
BOT,775.315,206.0,79.608
BOT,793.1150000000001,178.0,79.608
BOT,800.8483333333335,174.0,79.608
BOT,809.9594444444446,164.0,79.608
BOT,818.6261111111112,156.0,79.608
BOT,828.4261111111111,147.0,79.608
BOT,834.8261111111111,144.0,79.608
BOT,849.4261111111111,146.0,79.608
BOT,866.203888888889,151.0,79.608
BOT,875.0372222222223,159.0,79.608
BOT,884.4261111111111,169.0,79.608
BOT,892.2927777777778,177.0,79.608
BOT,915.3927777777778,189.0,79.608
BOT,925.9483333333335,190.0,79.608
BOT,936.7800000000001,194.0,79.608
BOT,947.8355555555557,199.0,79.608
BOT,959.0022222222224,201.0,79.608
BOT,968.0688888888891,204.0,79.608
BOT,986.8244444444447,211.0,79.608
BOT,996.3355555555559,214.0,79.608
BOT,1006.0688888888892,219.0,79.608
BOT,1028.468888888889,224.0,79.608
BOT,1054.246666666667,232.0,79.608
BOT,1064.6022222222225,233.0,79.608
BOT,1091.046666666667,238.0,79.608
BOT,1101.646666666667,240.0,79.608
BOT,1117.7800000000004,242.0,79.608
BOT,1128.4911111111116,241.0,79.608
BOT,1147.6244444444449,246.0,79.608
BOT,1158.5577777777783,246.0,79.608
BOT,1180.6022222222227,248.0,79.608
BOT,1197.3355555555563,251.0,79.608
BOT,1217.013333333334,253.0,79.608
BOT,1236.8466666666675,255.0,79.608
BOT,1248.1800000000007,255.0,79.608
BOT,1279.7133333333338,258.0,79.608
BOT,1303.0022222222228,262.0,79.608
BOT,1326.4688888888895,264.0,79.608
BOT,1356.2466666666674,268.0,79.608
BOT,1371.3216666666674,270.0,79.608
BOT,1383.3216666666674,270.0,79.608
BOT,1395.4105555555561,272.0,79.608
BOT,1419.7661111111117,274.0,79.608
BOT,1450.5438888888898,277.0,79.608
BOT,1472.3216666666674,280.0,79.608
BOT,1490.9883333333341,280.0,79.608
BOT,1516.2327777777787,284.0,79.608
BOT,1528.855000000001,284.0,79.608
BOT,1554.2772222222231,286.0,79.608
BOT,1570.2772222222231,288.0,79.608
BOT,1598.6980555555563,285.0,79.608
BOT,1613.253611111112,262.0,79.608
BOT,1626.253611111112,234.0,79.608
BOT,1647.9202777777784,195.0,79.608
BOT,1661.9202777777784,180.0,79.608
BOT,1674.753611111112,165.0,79.608
BOT,1690.253611111112,155.0,79.608
BOT,1701.686944444445,147.0,79.608
BOT,1712.575833333334,140.0,79.608
BOT,1725.0202777777783,140.0,79.608
BOT,1739.5202777777783,145.0,79.608
BOT,1756.964722222223,157.0,79.608
BOT,1764.0313888888895,159.0,79.608
BOT,1773.2997222222227,166.0,79.608
BOT,1795.5441666666673,182.0,79.608
BOT,1803.7663888888894,185.0,79.608
BOT,1814.433055555556,192.0,79.608
BOT,1827.7663888888894,200.0,79.608
BOT,1839.1552777777783,205.0,79.608
BOT,1853.1552777777783,210.0,79.608
BOT,1864.9330555555562,212.0,79.608
BOT,1879.4663888888897,218.0,79.608
BOT,1894.3997222222229,224.0,79.608
BOT,1912.3663888888896,231.0,79.608
BOT,1930.5663888888896,234.0,79.608
BOT,1954.6991666666672,242.0,79.608
BOT,1973.8325000000007,246.0,79.608
BOT,1987.665833333334,249.0,79.608
BOT,2001.5547222222228,250.0,79.608
BOT,2012.5325000000007,247.0,79.608
BOT,2024.865833333334,222.0,79.608
BOT,2036.9991666666674,182.0,79.608
BOT,2044.5991666666673,171.0,79.608
BOT,2054.465833333334,148.0,79.608
BOT,2063.732500000001,139.0,79.608
BOT,2072.332500000001,129.0,79.608
BOT,2084.332500000001,120.0,79.608
BOT,2089.3991666666675,114.0,79.608
BOT,2097.643611111112,106.0,79.608
BOT,2102.3102777777785,105.0,79.608
BOT,2106.843611111112,102.0,79.608
BOT,2111.4052777777783,102.0,79.608
BOT,2118.4052777777783,105.0,79.608
BOT,2124.460833333334,109.0,79.608
BOT,2134.683055555556,115.0,79.608
BOT,2141.460833333334,122.0,79.608
BOT,2148.5719444444453,128.0,79.608
BOT,2154.5275000000006,134.0,79.608
BOT,2160.6608333333343,138.0,79.608
BOT,2168.771944444445,146.0,79.608
BOT,2177.327500000001,154.0,79.608
BOT,2186.4941666666678,165.0,79.608
BOT,2198.4275000000007,179.0,79.608
BOT,2215.4052777777783,191.0,79.608
BOT,2226.460833333334,199.0,79.608
BOT,2237.9052777777783,206.0,79.608
BOT,2254.5677777777787,215.0,79.608
BOT,2276.467777777779,219.0,79.608
BOT,2302.467777777779,234.0,79.608
BOT,2329.3566666666675,242.0,79.608
BOT,2345.890000000001,248.0,79.608
BOT,2356.956666666668,249.0,79.608
BOT,2391.2233333333343,257.0,79.608
BOT,2405.5566666666678,258.0,79.608
BOT,2425.7788888888895,260.0,79.608
BOT,2443.112222222223,260.0,79.608
BOT,2456.27888888889,237.0,79.608
BOT,2469.868611111112,203.0,79.608
BOT,2480.2575000000006,187.0,79.608
BOT,2493.868611111112,175.0,79.608
BOT,2511.868611111112,162.0,79.608
BOT,2518.8908333333343,158.0,79.608
BOT,2534.090833333334,152.0,79.608
BOT,2545.913055555556,152.0,79.608
BOT,2556.513055555556,159.0,79.608
BOT,2563.6686111111117,161.0,79.608
BOT,2575.1352777777784,172.0,79.608
BOT,2582.913055555556,175.0,79.608
BOT,2597.379722222223,186.0,79.608
BOT,2614.7130555555564,195.0,79.608
BOT,2630.6005555555566,205.0,79.608
BOT,2639.7116666666675,205.0,79.608
BOT,2656.6672222222232,218.0,79.608
BOT,2669.0005555555563,222.0,79.608
BOT,2684.2005555555565,228.0,79.608
BOT,2702.400555555557,234.0,79.608
BOT,2718.2672222222236,238.0,79.608
BOT,2734.53388888889,244.0,79.608
BOT,2756.6672222222232,249.0,79.608
BOT,2776.4227777777787,254.0,79.608
BOT,2807.83388888889,257.0,79.608
BOT,2821.945000000001,254.0,79.608
BOT,2836.111666666668,255.0,79.608
BOT,2847.381666666668,252.0,79.608
BOT,2863.9816666666675,249.0,79.608
BOT,2875.00388888889,248.0,79.608
BOT,2885.9372222222228,246.0,79.608
BOT,2904.9927777777784,245.0,79.608
BOT,2924.2038888888897,247.0,79.608
BOT,2938.092777777779,250.0,79.608
BOT,2963.2927777777786,252.0,79.608
BOT,2977.5150000000003,256.0,79.608
BOT,2994.781666666667,259.0,79.608
BOT,3012.248333333334,262.0,79.608
BOT,3030.0483333333336,267.0,79.608
BOT,3057.248333333334,272.0,79.608
BOT,3069.470555555556,275.0,79.608
BOT,3097.3927777777785,280.0,79.608
BOT,3109.970555555556,283.0,79.608
BOT,3135.3927777777785,286.0,79.608
BOT,3151.448333333334,289.0,79.608
BOT,3177.4927777777784,293.0,79.608
BOT,3193.881666666667,295.0,79.608
BOT,3227.1038888888897,299.0,79.608
BOT,3240.481666666667,301.0,79.608
BOT,3257.259444444445,302.0,79.608
BOT,3274.2038888888887,305.0,79.608
BOT,3301.4927777777775,307.0,79.608
BOT,3318.6594444444445,309.0,79.608
BOT,3353.571944444444,285.0,79.608
BOT,3381.5719444444444,252.0,79.608
BOT,3390.9941666666664,212.0,79.608
BOT,3399.5275,192.0,79.608
BOT,3412.9830555555554,173.0,79.608
BOT,3425.038611111111,155.0,79.608
BOT,3434.505277777778,142.0,79.608
BOT,3448.7275,128.0,79.608
BOT,3459.3941666666665,120.0,79.608
BOT,3468.2608333333333,114.0,79.608
BOT,3473.238611111111,112.0,79.608
BOT,3478.038611111111,108.0,79.608
BOT,3485.305277777778,109.0,79.608
BOT,3494.016388888889,112.0,79.608
BOT,3503.006388888889,116.0,79.608
BOT,3515.606388888889,126.0,79.608
BOT,3527.606388888889,135.0,79.608
BOT,3540.7619444444445,148.0,79.608
BOT,3557.2619444444445,165.0,79.608
BOT,3568.728611111111,172.0,79.608
BOT,3576.6841666666664,179.0,79.608
BOT,3589.0175,185.0,79.608
BOT,3610.9063888888886,197.0,79.608
BOT,3624.439722222222,203.0,79.608
BOT,3640.909444444444,211.0,79.608
BOT,3657.398333333333,212.0,79.608
BOT,3668.5094444444444,200.0,79.608
BOT,3676.8205555555555,187.0,79.608
BOT,3696.7427777777775,163.0,79.608
BOT,3705.298333333333,154.0,79.608
BOT,3715.0316666666668,146.0,79.608
BOT,3721.209444444444,139.0,79.608
BOT,3731.6316666666667,134.0,79.608
BOT,3743.1872222222223,130.0,79.608
BOT,3750.2983333333336,128.0,79.608
BOT,3757.353888888889,127.0,79.608
BOT,3767.3094444444446,128.0,79.608
BOT,3777.4983333333334,131.0,79.608
BOT,3787.9983333333334,135.0,79.608
BOT,3797.3591666666666,141.0,79.608
BOT,3808.8702777777776,148.0,79.608
BOT,3819.1369444444445,154.0,79.608
BOT,3826.114722222222,157.0,79.608
BOT,3835.3925,167.0,79.608
BOT,3851.214722222222,178.0,79.608
BOT,3867.6591666666664,185.0,79.608
BOT,3880.725833333333,196.0,79.608
BOT,3889.748055555555,203.0,79.608
BOT,3911.248055555555,215.0,79.608
BOT,3920.936944444444,218.0,79.608
BOT,3939.0377777777776,203.0,79.608
BOT,3949.4266666666667,187.0,79.608
BOT,3956.9377777777777,169.0,79.608
BOT,3967.471111111111,158.0,79.608
BOT,3997.248888888889,134.0,79.608
BOT,4003.026666666667,130.0,79.608
BOT,4013.215555555556,131.0,79.608
BOT,4022.215555555556,135.0,79.608
BOT,4033.104444444445,140.0,79.608
BOT,4042.6377777777784,143.0,79.608
BOT,4056.3266666666677,154.0,79.608
BOT,4063.5266666666676,162.0,79.608
BOT,4070.460000000001,156.0,79.608
BOT,4077.082222222223,149.0,79.608
BOT,4089.582222222223,125.0,79.608
BOT,4100.352222222224,108.0,79.608
BOT,4107.352222222224,105.0,79.608
BOT,4117.463333333335,91.0,79.608
BOT,4123.330000000002,88.0,79.608
BOT,4128.163333333335,87.0,79.608
BOT,4132.941111111113,86.0,79.608
BOT,4136.763333333335,86.0,79.608
BOT,4140.763333333335,90.0,79.608
BOT,4146.096666666668,96.0,79.608
BOT,4152.696666666668,99.0,79.608
BOT,4160.163333333334,96.0,79.608
BOT,4169.990555555556,98.0,79.608
BOT,4179.32388888889,105.0,79.608
BOT,4190.52388888889,112.0,79.608
BOT,4200.168333333334,124.0,79.608
BOT,4206.168333333334,135.0,79.608
BOT,4217.446111111111,145.0,79.608
BOT,4232.201666666667,166.0,79.608
BOT,4245.812777777778,175.0,79.608
BOT,4253.946111111111,183.0,79.608
BOT,4271.190555555556,194.0,79.608
BOT,4284.723888888889,203.0,79.608
BOT,4298.657222222222,209.0,79.608
BOT,4315.457222222222,216.0,79.608
BOT,4330.123888888889,220.0,79.608
BOT,4345.194166666666,227.0,79.608
BOT,4355.371944444445,229.0,79.608
BOT,4368.3163888888885,233.0,79.608
BOT,4384.116388888889,237.0,79.608
BOT,4402.783055555556,240.0,79.608
BOT,4413.6275,244.0,79.608
BOT,4441.405277777778,250.0,79.608
BOT,4464.071944444444,255.0,79.608
BOT,4496.33861111111,264.0,79.608
BOT,4523.33861111111,270.0,79.608
BOT,4541.6144444444435,273.0,79.608
BOT,4566.325555555555,278.0,79.608
BOT,4588.258888888889,282.0,79.608
BOT,4600.836666666666,283.0,79.608
BOT,4623.158888888888,287.0,79.608
MAG,5.44,288.0,79.682
MAG,37.77333333333333,291.0,79.682
MAG,50.75833333333333,294.0,79.682
MAG,63.958333333333336,297.0,79.682
MAG,77.20277777777777,298.0,79.682
MAG,93.75833333333333,298.0,79.682
MAG,110.5361111111111,302.0,79.682
MAG,137.46944444444443,303.0,79.682
MAG,157.86944444444444,306.0,79.682
MAG,185.2472222222222,308.0,79.682
MAG,212.80277777777778,310.0,79.682
MAG,226.58055555555552,310.0,79.682
MAG,264.83611111111105,313.0,79.682
MAG,278.83611111111105,315.0,79.682
MAG,303.33611111111105,315.0,79.682
MAG,327.91388888888883,316.0,79.682
MAG,352.6472222222222,318.0,79.682
MAG,377.53611111111104,320.0,79.682
MAG,395.25833333333327,319.0,79.682
MAG,409.525,321.0,79.682
MAG,452.41416666666663,321.0,79.682
MAG,484.6141666666667,322.0,79.682
MAG,498.9252777777778,322.0,79.682
MAG,524.0475,323.0,79.682
MAG,556.3475000000001,323.0,79.682
MAG,570.7475000000001,324.0,79.682
MAG,603.0475000000001,323.0,79.682
MAG,617.4475000000001,324.0,79.682
MAG,649.8572222222223,325.0,79.682
MAG,675.0572222222223,324.0,79.682
MAG,696.6572222222223,324.0,79.682
MAG,721.5461111111111,320.0,79.682
MAG,744.835,262.0,79.682
MAG,757.723888888889,232.0,79.682
MAG,767.546111111111,221.0,79.682
MAG,776.5238888888888,202.0,79.682
MAG,792.7905555555554,183.0,79.682
MAG,802.5127777777777,175.0,79.682
MAG,813.7794444444444,169.0,79.682
MAG,831.0016666666666,155.0,79.682
MAG,840.8683333333332,148.0,79.682
MAG,848.9794444444444,146.0,79.682
MAG,865.8683333333332,152.0,79.682
MAG,872.6683333333332,153.0,79.682
MAG,885.7816666666665,168.0,79.682
MAG,899.7038888888887,179.0,79.682
MAG,916.1483333333332,185.0,79.682
MAG,928.6816666666665,188.0,79.682
MAG,947.9816666666665,193.0,79.682
MAG,963.3816666666665,198.0,79.682
MAG,981.8705555555555,208.0,79.682
MAG,993.7594444444443,214.0,79.682
MAG,1008.4927777777776,221.0,79.682
MAG,1031.2294444444442,228.0,79.682
MAG,1060.0738888888886,236.0,79.682
MAG,1086.6294444444443,239.0,79.682
MAG,1113.5183333333332,242.0,79.682
MAG,1124.3627777777776,244.0,79.682
MAG,1140.6294444444443,244.0,79.682
MAG,1154.1849999999997,244.0,79.682
MAG,1165.0294444444442,244.0,79.682
MAG,1175.8738888888886,244.0,79.682
MAG,1197.829444444444,247.0,79.682
MAG,1214.3627777777776,248.0,79.682
MAG,1225.5183333333332,251.0,79.682
MAG,1239.5738888888886,253.0,79.682
MAG,1253.6849999999997,254.0,79.682
MAG,1273.7516666666666,258.0,79.682
MAG,1296.9349999999997,260.0,79.682
MAG,1323.435,265.0,79.682
MAG,1338.2683333333332,267.0,79.682
MAG,1353.2127777777775,269.0,79.682
MAG,1365.168333333333,269.0,79.682
MAG,1380.168333333333,270.0,79.682
MAG,1401.4794444444442,274.0,79.682
MAG,1419.879444444444,276.0,79.682
MAG,1441.5016666666663,278.0,79.682
MAG,1457.0572222222218,280.0,79.682
MAG,1469.5461111111106,281.0,79.682
MAG,1497.8461111111105,283.0,79.682
MAG,1523.1002777777771,285.0,79.682
MAG,1545.4224999999994,287.0,79.682
MAG,1574.4224999999994,290.0,79.682
MAG,1587.3113888888884,290.0,79.682
MAG,1603.3113888888884,288.0,79.682
MAG,1617.366944444444,253.0,79.682
MAG,1632.8336111111105,232.0,79.682
MAG,1642.4780555555549,217.0,79.682
MAG,1662.2780555555548,198.0,79.682
MAG,1681.8336111111105,176.0,79.682
MAG,1691.1669444444437,168.0,79.682
MAG,1700.2780555555548,164.0,79.682
MAG,1707.2113888888882,156.0,79.682
MAG,1725.0558333333327,146.0,79.682
MAG,1733.111388888888,145.0,79.682
MAG,1741.3747222222214,148.0,79.682
MAG,1749.7636111111103,151.0,79.682
MAG,1758.3747222222214,155.0,79.682
MAG,1765.441388888888,159.0,79.682
MAG,1780.2858333333324,167.0,79.682
MAG,1787.9302777777768,172.0,79.682
MAG,1795.7524999999991,176.0,79.682
MAG,1814.352499999999,186.0,79.682
MAG,1836.6858333333323,201.0,79.682
MAG,1845.752499999999,204.0,79.682
MAG,1869.6413888888878,215.0,79.682
MAG,1879.3138888888877,219.0,79.682
MAG,1894.1805555555545,223.0,79.682
MAG,1904.313888888888,228.0,79.682
MAG,1922.5916666666656,235.0,79.682
MAG,1933.03611111111,235.0,79.682
MAG,1954.6361111111098,243.0,79.682
MAG,1971.1027777777765,247.0,79.682
MAG,1990.5472222222209,250.0,79.682
MAG,2009.058333333332,238.0,79.682
MAG,2019.6361111111098,238.0,79.682
MAG,2040.1694444444431,168.0,79.682
MAG,2053.4138888888874,149.0,79.682
MAG,2065.4138888888874,135.0,79.682
MAG,2078.8583333333318,121.0,79.682
MAG,2085.446666666665,118.0,79.682
MAG,2090.5133333333315,114.0,79.682
MAG,2095.357777777776,109.0,79.682
MAG,2104.6911111111094,105.0,79.682
MAG,2116.024444444443,102.0,79.682
MAG,2124.346666666665,107.0,79.682
MAG,2132.0133333333315,115.0,79.682
MAG,2143.035555555554,124.0,79.682
MAG,2148.6799999999985,127.0,79.682
MAG,2161.3022222222207,142.0,79.682
MAG,2169.6911111111094,151.0,79.682
MAG,2186.2449999999985,166.0,79.682
MAG,2196.0227777777764,176.0,79.682
MAG,2206.3005555555537,185.0,79.682
MAG,2228.633888888887,201.0,79.682
MAG,2244.9672222222202,210.0,79.682
MAG,2261.844999999998,217.0,79.682
MAG,2284.744999999998,229.0,79.682
MAG,2303.100555555554,236.0,79.682
MAG,2322.000555555554,243.0,79.682
MAG,2344.0449999999983,248.0,79.682
MAG,2369.5449999999983,255.0,79.682
MAG,2398.433888888887,260.0,79.682
MAG,2410.0783333333316,262.0,79.682
MAG,2424.874166666665,265.0,79.682
MAG,2453.1074999999983,231.0,79.682
MAG,2462.929722222221,221.0,79.682
MAG,2474.151944444443,202.0,79.682
MAG,2486.151944444443,180.0,79.682
MAG,2495.763055555554,173.0,79.682
MAG,2506.896388888887,167.0,79.682
MAG,2515.785277777776,160.0,79.682
MAG,2525.985277777776,153.0,79.682
MAG,2535.851944444443,148.0,79.682
MAG,2547.285277777776,147.0,79.682
MAG,2558.9519444444427,150.0,79.682
MAG,2574.6083333333318,157.0,79.682
MAG,2587.986111111109,172.0,79.682
MAG,2597.986111111109,180.0,79.682
MAG,2608.263888888887,185.0,79.682
MAG,2616.8416666666644,193.0,79.682
MAG,2627.89722222222,199.0,79.682
MAG,2641.5638888888866,205.0,79.682
MAG,2650.986111111109,212.0,79.682
MAG,2665.4527777777757,217.0,79.682
MAG,2680.2527777777755,222.0,79.682
MAG,2695.5194444444423,229.0,79.682
MAG,2719.219444444442,237.0,79.682
MAG,2729.886111111109,240.0,79.682
MAG,2749.09722222222,247.0,79.682
MAG,2760.163888888887,249.0,79.682
MAG,2771.363888888887,252.0,79.682
MAG,2782.7680555555535,255.0,79.682
MAG,2799.901388888887,257.0,79.682
MAG,2814.2347222222206,258.0,79.682
MAG,2836.990277777776,256.0,79.682
MAG,2850.9347222222204,251.0,79.682
MAG,2864.5458333333318,245.0,79.682
MAG,2875.3013888888872,242.0,79.682
MAG,2886.0124999999985,241.0,79.682
MAG,2899.3458333333315,240.0,79.682
MAG,2912.7347222222206,241.0,79.682
MAG,2926.2347222222206,243.0,79.682
MAG,2942.7680555555535,248.0,79.682
MAG,2964.9902777777756,250.0,79.682
MAG,2979.101388888887,254.0,79.682
MAG,2993.3236111111087,256.0,79.682
MAG,3013.396111111109,259.0,79.682
MAG,3039.796111111109,264.0,79.682
MAG,3069.6849999999977,269.0,79.682
MAG,3100.2405555555533,275.0,79.682
MAG,3118.7738888888866,278.0,79.682
MAG,3131.2183333333314,280.0,79.682
MAG,3169.7516666666647,289.0,79.682
MAG,3185.9738888888874,292.0,79.682
MAG,3208.8405555555537,294.0,79.682
MAG,3228.5738888888873,296.0,79.682
MAG,3245.129444444443,298.0,79.682
MAG,3265.346666666665,302.0,79.682
MAG,3282.291111111109,305.0,79.682
MAG,3306.1688888888866,307.0,79.682
MAG,3339.9466666666644,304.0,79.682
MAG,3352.7911111111093,289.0,79.682
MAG,3375.5911111111095,228.0,79.682
MAG,3390.6022222222205,193.0,79.682
MAG,3402.335555555554,176.0,79.682
MAG,3409.624444444443,164.0,79.682
MAG,3419.757777777776,152.0,79.682
MAG,3426.1577777777757,144.0,79.682
MAG,3436.8133333333312,137.0,79.682
MAG,3448.191111111109,128.0,79.682
MAG,3457.801111111109,124.0,79.682
MAG,3463.178888888887,121.0,79.682
MAG,3472.201111111109,116.0,79.682
MAG,3478.4233333333314,112.0,79.682
MAG,3485.889999999998,112.0,79.682
MAG,3494.989999999998,117.0,79.682
MAG,3503.0566666666646,121.0,79.682
MAG,3511.3899999999976,125.0,79.682
MAG,3523.1233333333307,132.0,79.682
MAG,3533.934444444442,139.0,79.682
MAG,3553.734444444442,162.0,79.682
MAG,3563.1233333333307,169.0,79.682
MAG,3572.9011111111085,176.0,79.682
MAG,3581.0852777777754,183.0,79.682
MAG,3593.751944444442,190.0,79.682
MAG,3602.507499999998,197.0,79.682
MAG,3611.3519444444423,199.0,79.682
MAG,3627.4519444444422,207.0,79.682
MAG,3644.1741666666644,215.0,79.682
MAG,3655.8408333333314,210.0,79.682
MAG,3674.4408333333313,186.0,79.682
MAG,3684.2741666666643,177.0,79.682
MAG,3695.6741666666644,171.0,79.682
MAG,3706.540833333331,163.0,79.682
MAG,3716.8074999999976,154.0,79.682
MAG,3731.2074999999977,144.0,79.682
MAG,3737.474166666664,141.0,79.682
MAG,3750.836944444442,134.0,79.682
MAG,3756.7036111111083,132.0,79.682
MAG,3767.992499999997,127.0,79.682
MAG,3774.992499999997,126.0,79.682
MAG,3786.6369444444417,131.0,79.682
MAG,3794.081388888886,134.0,79.682
MAG,3809.6369444444417,140.0,79.682
MAG,3816.081388888886,145.0,79.682
MAG,3824.470277777775,151.0,79.682
MAG,3833.081388888886,155.0,79.682
MAG,3848.281388888886,171.0,79.682
MAG,3858.281388888886,180.0,79.682
MAG,3882.536388888886,198.0,79.682
MAG,3905.7586111111077,209.0,79.682
MAG,3915.2697222222196,214.0,79.682
MAG,3925.0030555555527,219.0,79.682
MAG,3940.247499999997,196.0,79.682
MAG,3953.936388888886,176.0,79.682
MAG,3964.9363888888856,165.0,79.682
MAG,3981.8252777777748,152.0,79.682
MAG,3994.6252777777745,144.0,79.682
MAG,4005.358611111108,138.0,79.682
MAG,4011.3141666666634,134.0,79.682
MAG,4017.1808333333297,132.0,79.682
MAG,4025.7141666666635,128.0,79.682
MAG,4035.7474999999968,129.0,79.682
MAG,4046.2874999999967,136.0,79.682
MAG,4061.4874999999965,152.0,79.682
MAG,4074.2874999999967,144.0,79.682
MAG,4085.5763888888855,127.0,79.682
MAG,4096.876388888885,113.0,79.682
MAG,4104.143055555552,109.0,79.682
MAG,4108.809722222219,105.0,79.682
MAG,4115.409722222218,99.0,79.682
MAG,4125.743055555551,93.0,79.682
MAG,4131.743055555551,90.0,79.682
MAG,4138.533888888885,87.0,79.682
MAG,4145.533888888885,90.0,79.682
MAG,4150.867222222218,96.0,79.682
MAG,4155.178333333329,97.0,79.682
MAG,4166.300555555551,91.0,79.682
MAG,4171.356111111107,91.0,79.682
MAG,4177.822777777774,97.0,79.682
MAG,4182.311666666663,101.0,79.682
MAG,4190.7116666666625,108.0,79.682
MAG,4201.378333333329,120.0,79.682
MAG,4208.600555555551,130.0,79.682
MAG,4216.5449999999955,143.0,79.682
MAG,4228.911666666662,159.0,79.682
MAG,4242.367222222218,173.0,79.682
MAG,4256.756111111106,185.0,79.682
MAG,4269.569166666662,193.0,79.682
MAG,4285.35805555555,203.0,79.682
MAG,4299.224722222217,208.0,79.682
MAG,4308.735833333328,214.0,79.682
MAG,4320.95805555555,220.0,79.682
MAG,4340.780277777772,223.0,79.682
MAG,4361.313611111106,231.0,79.682
MAG,4377.046944444439,236.0,79.682
MAG,4387.624722222216,238.0,79.682
MAG,4412.024722222216,244.0,79.682
MAG,4422.95805555555,246.0,79.682
MAG,4445.428055555551,252.0,79.682
MAG,4459.650277777773,256.0,79.682
MAG,4471.072499999995,257.0,79.682
MAG,4488.472499999994,261.0,79.682
MAG,4548.694722222216,271.0,79.682
MAG,4560.7836111111055,272.0,79.682
MAG,4582.172499999994,275.0,79.682
MAG,4600.6391666666605,277.0,79.682
MAG,4622.494722222216,281.0,79.682
RIC,20.32,288.0,80.287
RIC,56.1311111111111,293.0,80.287
RIC,106.04749999999999,299.0,80.287
RIC,122.63083333333333,300.0,80.287
RIC,136.0086111111111,301.0,80.287
RIC,162.94194444444443,303.0,80.287
RIC,176.49749999999997,305.0,80.287
RIC,200.29749999999999,306.0,80.287
RIC,234.51972222222219,308.0,80.287
RIC,255.11972222222215,309.0,80.287
RIC,275.78638888888884,310.0,80.287
RIC,293.0641666666666,311.0,80.287
RIC,324.2641666666666,312.0,80.287
RIC,341.6530555555555,313.0,80.287
RIC,359.0419444444443,313.0,80.287
RIC,379.97527777777765,314.0,80.287
RIC,393.97527777777765,315.0,80.287
RIC,414.97527777777765,315.0,80.287
RIC,446.5752777777776,316.0,80.287
RIC,474.6641666666665,316.0,80.287
RIC,492.2197222222221,316.0,80.287
RIC,520.3086111111111,316.0,80.287
RIC,541.4419444444444,317.0,80.287
RIC,555.5308333333332,317.0,80.287
RIC,580.1863888888888,317.0,80.287
RIC,608.3641666666666,317.0,80.287
RIC,629.4975,317.0,80.287
RIC,647.108611111111,317.0,80.287
RIC,675.3744444444444,317.0,80.287
RIC,703.3755555555555,316.0,80.287
RIC,728.0866666666666,278.0,80.287
RIC,744.6866666666666,249.0,80.287
RIC,761.331111111111,214.0,80.287
RIC,770.4422222222221,205.0,80.287
RIC,784.6755555555554,183.0,80.287
RIC,797.8199999999998,169.0,80.287
RIC,808.5533333333332,161.0,80.287
RIC,818.8866666666665,155.0,80.287
RIC,832.131111111111,149.0,80.287
RIC,840.2977777777776,147.0,80.287
RIC,850.231111111111,149.0,80.287
RIC,862.131111111111,153.0,80.287
RIC,869.1088888888887,157.0,80.287
RIC,880.3755555555554,169.0,80.287
RIC,894.4533333333331,181.0,80.287
RIC,909.231111111111,190.0,80.287
RIC,926.7422222222222,197.0,80.287
RIC,937.8533333333332,200.0,80.287
RIC,946.8755555555555,203.0,80.287
RIC,958.431111111111,208.0,80.287
RIC,967.7644444444444,210.0,80.287
RIC,984.5644444444445,216.0,80.287
RIC,999.2977777777777,221.0,80.287
RIC,1019.5644444444443,228.0,80.287
RIC,1035.028611111111,231.0,80.287
RIC,1047.9730555555554,233.0,80.287
RIC,1061.0841666666665,236.0,80.287
RIC,1082.2622222222221,239.0,80.287
RIC,1092.9733333333334,241.0,80.287
RIC,1106.4177777777777,242.0,80.287
RIC,1133.6399999999999,245.0,80.287
RIC,1152.7733333333333,246.0,80.287
RIC,1172.1399999999999,249.0,80.287
RIC,1197.24,251.0,80.287
RIC,1216.84,252.0,80.287
RIC,1236.6733333333334,255.0,80.287
RIC,1253.74,256.0,80.287
RIC,1285.5177777777778,260.0,80.287
RIC,1297.1622222222222,262.0,80.287
RIC,1314.6955555555555,263.0,80.287
RIC,1326.4733333333334,265.0,80.287
RIC,1344.206666666667,266.0,80.287
RIC,1365.128888888889,269.0,80.287
RIC,1383.1955555555558,271.0,80.287
RIC,1401.3955555555556,273.0,80.287
RIC,1429.0955555555556,277.0,80.287
RIC,1444.5400000000002,278.0,80.287
RIC,1456.9400000000003,279.0,80.287
RIC,1475.6066666666668,280.0,80.287
RIC,1503.7847222222224,281.0,80.287
RIC,1525.640277777778,281.0,80.287
RIC,1541.251388888889,281.0,80.287
RIC,1553.7847222222224,282.0,80.287
RIC,1575.6397222222224,282.0,80.287
RIC,1599.3730555555558,267.0,80.287
RIC,1618.1952777777778,242.0,80.287
RIC,1635.0730555555556,217.0,80.287
RIC,1648.0730555555556,195.0,80.287
RIC,1660.2730555555556,183.0,80.287
RIC,1671.7397222222223,172.0,80.287
RIC,1692.406388888889,155.0,80.287
RIC,1700.7397222222223,150.0,80.287
RIC,1707.2286111111111,146.0,80.287
RIC,1716.8286111111113,144.0,80.287
RIC,1731.8286111111113,150.0,80.287
RIC,1740.3286111111113,153.0,80.287
RIC,1750.795277777778,157.0,80.287
RIC,1759.795277777778,162.0,80.287
RIC,1773.095277777778,171.0,80.287
RIC,1782.9286111111112,177.0,80.287
RIC,1795.1952777777778,184.0,80.287
RIC,1816.9730555555557,196.0,80.287
RIC,1830.506388888889,203.0,80.287
RIC,1842.0619444444444,208.0,80.287
RIC,1853.8397222222222,212.0,80.287
RIC,1868.2997222222223,216.0,80.287
RIC,1878.1219444444446,221.0,80.287
RIC,1906.1108333333336,229.0,80.287
RIC,1929.7450000000003,237.0,80.287
RIC,1943.0783333333336,240.0,80.287
RIC,1959.3450000000003,244.0,80.287
RIC,1989.7783333333336,249.0,80.287
RIC,2006.111666666667,245.0,80.287
RIC,2015.8450000000003,219.0,80.287
RIC,2029.0450000000003,198.0,80.287
RIC,2036.9561111111113,178.0,80.287
RIC,2049.4783333333335,161.0,80.287
RIC,2058.945,142.0,80.287
RIC,2069.133888888889,131.0,80.287
RIC,2077.4672222222225,125.0,80.287
RIC,2092.400555555556,112.0,80.287
RIC,2097.3338888888893,111.0,80.287
RIC,2102.1338888888895,108.0,80.287
RIC,2110.1450000000004,103.0,80.287
RIC,2119.211666666667,102.0,80.287
RIC,2126.2783333333336,106.0,80.287
RIC,2137.7783333333336,115.0,80.287
RIC,2147.3450000000003,123.0,80.287
RIC,2154.5672222222224,130.0,80.287
RIC,2165.6894444444447,143.0,80.287
RIC,2174.287777777778,154.0,80.287
RIC,2183.1211111111115,159.0,80.287
RIC,2190.6322222222225,169.0,80.287
RIC,2202.7655555555557,182.0,80.287
RIC,2220.0447222222224,195.0,80.287
RIC,2233.5113888888886,202.0,80.287
RIC,2250.0002777777777,212.0,80.287
RIC,2272.1002777777776,221.0,80.287
RIC,2303.1669444444447,233.0,80.287
RIC,2313.744722222222,238.0,80.287
RIC,2329.878055555556,242.0,80.287
RIC,2363.344722222222,251.0,80.287
RIC,2386.0113888888886,255.0,80.287
RIC,2406.1558333333332,259.0,80.287
RIC,2420.711388888889,262.0,80.287
RIC,2445.611388888889,249.0,80.287
RIC,2460.478055555556,223.0,80.287
RIC,2475.6447222222223,195.0,80.287
RIC,2489.333611111111,176.0,80.287
RIC,2498.611388888889,167.0,80.287
RIC,2509.211388888889,159.0,80.287
RIC,2527.4225,149.0,80.287
RIC,2533.9113888888887,146.0,80.287
RIC,2542.0225,146.0,80.287
RIC,2551.9972222222223,149.0,80.287
RIC,2563.8194444444443,152.0,80.287
RIC,2581.708333333333,161.0,80.287
RIC,2593.6416666666664,179.0,80.287
RIC,2610.300555555555,188.0,80.287
RIC,2623.2338888888885,194.0,80.287
RIC,2639.0227777777773,203.0,80.287
RIC,2657.7783333333327,211.0,80.287
RIC,2672.3783333333326,219.0,80.287
RIC,2682.2005555555547,221.0,80.287
RIC,2694.7561111111104,226.0,80.287
RIC,2710.2227777777766,232.0,80.287
RIC,2723.3894444444436,237.0,80.287
RIC,2742.2894444444437,243.0,80.287
RIC,2761.2672222222213,244.0,80.287
RIC,2775.15611111111,250.0,80.287
RIC,2794.75611111111,252.0,80.287
RIC,2814.2005555555543,250.0,80.287
RIC,2830.7338888888876,248.0,80.287
RIC,2852.4227777777764,244.0,80.287
RIC,2871.322777777776,243.0,80.287
RIC,2898.3227777777765,243.0,80.287
RIC,2914.722777777776,246.0,80.287
RIC,2928.444999999999,247.0,80.287
RIC,2950.75611111111,251.0,80.287
RIC,2981.99361111111,255.0,80.287
RIC,2999.3936111111097,261.0,80.287
RIC,3010.99361111111,261.0,80.287
RIC,3022.7713888888875,265.0,80.287
RIC,3055.818333333332,271.0,80.287
RIC,3083.618333333332,278.0,80.287
RIC,3108.6849999999986,282.0,80.287
RIC,3121.3072222222213,284.0,80.287
RIC,3134.018333333332,286.0,80.287
RIC,3149.907222222221,286.0,80.287
RIC,3166.018333333332,290.0,80.287
RIC,3192.2405555555542,295.0,80.287
RIC,3205.3961111111103,296.0,80.287
RIC,3225.262777777777,298.0,80.287
RIC,3258.8183333333327,302.0,80.287
RIC,3275.7072222222214,304.0,80.287
RIC,3306.3072222222218,306.0,80.287
RIC,3326.773888888888,307.0,80.287
RIC,3362.1072222222215,265.0,80.287
RIC,3385.551666666666,211.0,80.287
RIC,3393.907222222221,188.0,80.287
RIC,3406.8183333333322,166.0,80.287
RIC,3418.407222222221,149.0,80.287
RIC,3429.4130555555544,141.0,80.287
RIC,3438.079722222221,130.0,80.287
RIC,3446.5463888888876,127.0,80.287
RIC,3453.2686111111097,121.0,80.287
RIC,3459.7686111111097,117.0,80.287
RIC,3468.479722222221,112.0,80.287
RIC,3479.349444444443,109.0,80.287
RIC,3486.81611111111,112.0,80.287
RIC,3498.71611111111,119.0,80.287
RIC,3505.493888888888,122.0,80.287
RIC,3534.8383333333322,139.0,80.287
RIC,3541.3272222222213,146.0,80.287
RIC,3549.8272222222213,153.0,80.287
RIC,3560.4938888888883,160.0,80.287
RIC,3568.004999999999,169.0,80.287
RIC,3586.004999999999,180.0,80.287
RIC,3598.471666666666,187.0,80.287
RIC,3609.3049999999994,195.0,80.287
RIC,3622.638333333333,200.0,80.287
RIC,3641.1272222222215,208.0,80.287
RIC,3650.371666666666,208.0,80.287
RIC,3663.5049999999997,197.0,80.287
RIC,3675.504999999999,180.0,80.287
RIC,3686.8383333333327,170.0,80.287
RIC,3697.371666666666,158.0,80.287
RIC,3709.1580555555547,151.0,80.287
RIC,3717.269166666666,146.0,80.287
RIC,3729.358055555555,136.0,80.287
RIC,3736.7469444444437,133.0,80.287
RIC,3749.546944444444,128.0,80.287
RIC,3756.491388888888,125.0,80.287
RIC,3766.023888888888,123.0,80.287
RIC,3771.623888888888,126.0,80.287
RIC,3778.84611111111,130.0,80.287
RIC,3789.1905555555545,133.0,80.287
RIC,3800.0794444444437,140.0,80.287
RIC,3809.9461111111104,148.0,80.287
RIC,3818.5016666666656,154.0,80.287
RIC,3825.4794444444437,157.0,80.287
RIC,3836.612777777777,167.0,80.287
RIC,3844.212777777777,171.0,80.287
RIC,3862.812777777777,186.0,80.287
RIC,3871.2127777777764,189.0,80.287
RIC,3879.9683333333323,197.0,80.287
RIC,3888.9905555555542,203.0,80.287
RIC,3905.2461111111097,209.0,80.287
RIC,3919.7794444444426,218.0,80.287
RIC,3933.1127777777756,200.0,80.287
RIC,3948.846111111109,177.0,80.287
RIC,3961.212777777776,159.0,80.287
RIC,3971.0794444444423,148.0,80.287
RIC,3982.123888888887,142.0,80.287
RIC,3992.701666666665,136.0,80.287
RIC,4000.2391666666654,135.0,80.287
RIC,4007.5724999999984,132.0,80.287
RIC,4025.305833333332,133.0,80.287
RIC,4031.394722222221,137.0,80.287
RIC,4045.894722222221,145.0,80.287
RIC,4056.11861111111,154.0,80.287
RIC,4065.0074999999993,160.0,80.287
RIC,4073.3408333333327,150.0,80.287
RIC,4080.896388888888,136.0,80.287
RIC,4089.096388888888,123.0,80.287
RIC,4094.074166666666,112.0,80.287
RIC,4098.874166666666,108.0,80.287
RIC,4104.485277777777,101.0,80.287
RIC,4110.751944444443,94.0,80.287
RIC,4119.5519444444435,88.0,80.287
RIC,4123.285277777777,84.0,80.287
RIC,4134.085277777777,81.0,80.287
RIC,4138.696388888889,83.0,80.287
RIC,4147.496388888889,88.0,80.287
RIC,4160.0297222222225,94.0,80.287
RIC,4167.574166666667,97.0,80.287
RIC,4174.307500000001,101.0,80.287
RIC,4182.7075,108.0,80.287
RIC,4187.729722222222,113.0,80.287
RIC,4192.929722222223,117.0,80.287
RIC,4199.929722222223,126.0,80.287
RIC,4209.502777777779,143.0,80.287
RIC,4219.636111111113,152.0,80.287
RIC,4230.436111111113,162.0,80.287
RIC,4237.991666666669,170.0,80.287
RIC,4252.225000000002,183.0,80.287
RIC,4269.558333333336,195.0,80.287
RIC,4287.635000000003,204.0,80.287
RIC,4301.768333333336,212.0,80.287
RIC,4321.146111111114,218.0,80.287
RIC,4341.057222222225,224.0,80.287
RIC,4351.146111111114,227.0,80.287
RIC,4361.323888888892,229.0,80.287
RIC,4376.857222222226,233.0,80.287
RIC,4395.212777777781,236.0,80.287
RIC,4411.212777777781,240.0,80.287
RIC,4430.112777777781,243.0,80.287
RIC,4441.090555555558,247.0,80.287
RIC,4463.40166666667,251.0,80.287
RIC,4474.735000000003,255.0,80.287
RIC,4495.0350000000035,261.0,80.287
RIC,4518.590555555558,265.0,80.287
RIC,4536.457222222226,268.0,80.287
RIC,4548.50166666667,271.0,80.287
RIC,4569.735000000003,273.0,80.287
RIC,4588.00166666667,274.0,80.287
RIC,4600.312777777781,277.0,80.287
RIC,4612.668333333338,278.0,80.287
RIC,4628.301666666671,280.0,80.287
MSC,2.087222222222222,289.0,80.368
MSC,18.25388888888889,291.0,80.368
MSC,44.47611111111112,295.0,80.368
MSC,81.02055555555556,299.0,80.368
MSC,111.12055555555557,301.0,80.368
MSC,128.00944444444445,304.0,80.368
MSC,162.12055555555554,307.0,80.368
MSC,179.23166666666665,308.0,80.368
MSC,203.26500000000001,309.0,80.368
MSC,223.99833333333333,311.0,80.368
MSC,241.3625,311.0,80.368
MSC,276.1402777777778,313.0,80.368
MSC,300.6402777777778,315.0,80.368
MSC,318.25138888888887,317.0,80.368
MSC,342.90694444444443,317.0,80.368
MSC,371.08472222222224,317.0,80.368
MSC,388.75138888888887,318.0,80.368
MSC,424.30694444444447,320.0,80.368
MSC,438.4402777777778,320.0,80.368
MSC,452.6625,320.0,80.368
MSC,466.9291666666667,321.0,80.368
MSC,484.8180555555556,322.0,80.368
MSC,502.7069444444444,322.0,80.368
MSC,531.3291666666667,322.0,80.368
MSC,552.7958333333333,322.0,80.368
MSC,581.5069444444445,323.0,80.368
MSC,610.2180555555556,323.0,80.368
MSC,624.5736111111112,323.0,80.368
MSC,664.2958333333335,325.0,80.368
MSC,678.6958333333334,324.0,80.368
MSC,703.8180555555558,323.0,80.368
MSC,727.3847222222224,303.0,80.368
MSC,747.2180555555557,255.0,80.368
MSC,764.5625000000002,223.0,80.368
MSC,775.5069444444447,197.0,80.368
MSC,783.640277777778,183.0,80.368
MSC,805.5525000000002,164.0,80.368
MSC,821.0525000000002,155.0,80.368
MSC,827.7636111111113,151.0,80.368
MSC,839.0413888888892,145.0,80.368
MSC,853.6413888888892,146.0,80.368
MSC,860.2636111111115,149.0,80.368
MSC,875.9636111111114,157.0,80.368
MSC,883.3858333333336,167.0,80.368
MSC,901.5352777777781,182.0,80.368
MSC,915.924166666667,185.0,80.368
MSC,928.4575000000003,188.0,80.368
MSC,943.5463888888893,194.0,80.368
MSC,961.3241666666671,200.0,80.368
MSC,972.7686111111116,206.0,80.368
MSC,982.1463888888893,211.0,80.368
MSC,991.613055555556,213.0,80.368
MSC,1010.9019444444449,217.0,80.368
MSC,1023.4575000000004,226.0,80.368
MSC,1038.8575000000005,231.0,80.368
MSC,1064.9686111111116,235.0,80.368
MSC,1080.701944444445,236.0,80.368
MSC,1093.8686111111115,237.0,80.368
MSC,1120.2019444444447,237.0,80.368
MSC,1130.735277777778,237.0,80.368
MSC,1149.3125000000002,238.0,80.368
MSC,1167.901388888889,239.0,80.368
MSC,1189.4125000000001,242.0,80.368
MSC,1205.679166666667,244.0,80.368
MSC,1230.479166666667,248.0,80.368
MSC,1249.9236111111115,250.0,80.368
MSC,1272.5013888888893,254.0,80.368
MSC,1286.7236111111115,256.0,80.368
MSC,1303.9236111111113,258.0,80.368
MSC,1330.150555555556,263.0,80.368
MSC,1362.9061111111114,268.0,80.368
MSC,1393.0172222222227,271.0,80.368
MSC,1423.5727777777781,275.0,80.368
MSC,1435.8838888888893,277.0,80.368
MSC,1454.4172222222226,278.0,80.368
MSC,1470.0283333333339,281.0,80.368
MSC,1482.5616666666672,282.0,80.368
MSC,1495.0950000000005,282.0,80.368
MSC,1520.5172222222227,286.0,80.368
MSC,1539.7172222222225,288.0,80.368
MSC,1552.5172222222225,288.0,80.368
MSC,1568.572777777778,289.0,80.368
MSC,1584.6283333333333,289.0,80.368
MSC,1605.783888888889,272.0,80.368
MSC,1626.4705555555556,232.0,80.368
MSC,1645.9705555555556,195.0,80.368
MSC,1656.1927777777778,184.0,80.368
MSC,1666.0816666666667,178.0,80.368
MSC,1673.6816666666666,171.0,80.368
MSC,1682.7927777777777,164.0,80.368
MSC,1695.0816666666667,158.0,80.368
MSC,1704.9483333333333,148.0,80.368
MSC,1715.915,141.0,80.368
MSC,1723.7483333333332,141.0,80.368
MSC,1730.0594444444444,142.0,80.368
MSC,1744.7594444444444,147.0,80.368
MSC,1758.3169444444445,153.0,80.368
MSC,1770.7613888888889,160.0,80.368
MSC,1787.261388888889,165.0,80.368
MSC,1794.861388888889,171.0,80.368
MSC,1804.6391666666668,176.0,80.368
MSC,1814.750277777778,182.0,80.368
MSC,1827.2836111111112,188.0,80.368
MSC,1835.950277777778,195.0,80.368
MSC,1856.650277777778,207.0,80.368
MSC,1880.7613888888893,217.0,80.368
MSC,1893.0947222222226,222.0,80.368
MSC,1905.650277777778,226.0,80.368
MSC,1915.7836111111114,228.0,80.368
MSC,1944.8725000000004,238.0,80.368
MSC,1958.3169444444447,242.0,80.368
MSC,1971.9961111111115,245.0,80.368
MSC,1985.7183333333337,247.0,80.368
MSC,1999.4961111111115,248.0,80.368
MSC,2010.429444444445,246.0,80.368
MSC,2028.4738888888894,203.0,80.368
MSC,2036.429444444445,179.0,80.368
MSC,2043.540555555556,160.0,80.368
MSC,2057.540555555556,140.0,80.368
MSC,2071.651666666667,127.0,80.368
MSC,2077.029444444445,121.0,80.368
MSC,2089.3627777777783,111.0,80.368
MSC,2094.2211111111114,110.0,80.368
MSC,2101.287777777778,106.0,80.368
MSC,2105.9544444444446,105.0,80.368
MSC,2114.2766666666666,107.0,80.368
MSC,2119.121111111111,109.0,80.368
MSC,2129.1655555555553,113.0,80.368
MSC,2136.965555555555,117.0,80.368
MSC,2146.6877777777772,125.0,80.368
MSC,2157.1877777777772,135.0,80.368
MSC,2163.4988888888884,142.0,80.368
MSC,2183.054444444444,160.0,80.368
MSC,2198.5211111111107,174.0,80.368
MSC,2215.054444444444,186.0,80.368
MSC,2237.165555555555,199.0,80.368
MSC,2248.7230555555548,207.0,80.368
MSC,2258.2341666666657,214.0,80.368
MSC,2267.9674999999993,219.0,80.368
MSC,2288.145277777777,227.0,80.368
MSC,2314.5897222222216,238.0,80.368
MSC,2333.567499999999,244.0,80.368
MSC,2350.1008333333325,248.0,80.368
MSC,2372.5897222222216,253.0,80.368
MSC,2383.9230555555546,255.0,80.368
MSC,2406.945277777777,259.0,80.368
MSC,2421.5008333333326,262.0,80.368
MSC,2447.029722222221,256.0,80.368
MSC,2459.696388888888,228.0,80.368
MSC,2471.0852777777773,205.0,80.368
MSC,2490.4186111111107,174.0,80.368
MSC,2503.4075,167.0,80.368
MSC,2515.6963888888886,158.0,80.368
MSC,2530.4963888888888,148.0,80.368
MSC,2542.2408333333333,151.0,80.368
MSC,2554.1408333333334,153.0,80.368
MSC,2568.8075,165.0,80.368
MSC,2586.5074999999997,177.0,80.368
MSC,2607.5074999999997,189.0,80.368
MSC,2616.3075,198.0,80.368
MSC,2627.6416666666664,203.0,80.368
MSC,2653.797222222222,214.0,80.368
MSC,2663.5305555555556,219.0,80.368
MSC,2676.030555555555,225.0,80.368
MSC,2691.3638888888886,230.0,80.368
MSC,2704.3638888888886,234.0,80.368
MSC,2720.2972222222215,239.0,80.368
MSC,2733.852777777777,244.0,80.368
MSC,2750.3861111111105,248.0,80.368
MSC,2767.252777777777,253.0,80.368
MSC,2787.163888888888,256.0,80.368
MSC,2807.3083333333325,259.0,80.368
MSC,2832.7374999999993,255.0,80.368
MSC,2852.2597222222216,251.0,80.368
MSC,2865.926388888888,246.0,80.368
MSC,2879.481944444444,244.0,80.368
MSC,2890.2819444444435,243.0,80.368
MSC,2903.615277777777,240.0,80.368
MSC,2919.5486111111104,239.0,80.368
MSC,2930.126388888888,238.0,80.368
MSC,2946.1930555555546,241.0,80.368
MSC,2962.593055555554,246.0,80.368
MSC,2979.259722222221,250.0,80.368
MSC,3004.859722222221,256.0,80.368
MSC,3016.2819444444435,257.0,80.368
MSC,3036.815277777777,264.0,80.368
MSC,3048.726388888888,268.0,80.368
MSC,3060.7263888888883,270.0,80.368
MSC,3072.9355555555544,273.0,80.368
MSC,3091.402222222221,277.0,80.368
MSC,3106.9577777777768,280.0,80.368
MSC,3132.2022222222213,284.0,80.368
MSC,3148.2577777777765,289.0,80.368
MSC,3164.479999999999,292.0,80.368
MSC,3177.4577777777768,292.0,80.368
MSC,3190.568888888888,295.0,80.368
MSC,3206.9577777777768,295.0,80.368
MSC,3223.6244444444437,300.0,80.368
MSC,3240.4022222222216,302.0,80.368
MSC,3260.7355555555546,305.0,80.368
MSC,3287.9355555555544,306.0,80.368
MSC,3304.99111111111,307.0,80.368
MSC,3322.1577777777766,309.0,80.368
MSC,3346.260277777777,311.0,80.368
MSC,3374.960277777777,287.0,80.368
MSC,3397.7380555555546,205.0,80.368
MSC,3417.071388888888,174.0,80.368
MSC,3427.738055555555,160.0,80.368
MSC,3434.404722222222,150.0,80.368
MSC,3451.4713888888887,128.0,80.368
MSC,3458.2491666666665,122.0,80.368
MSC,3467.4269444444444,118.0,80.368
MSC,3474.826944444444,111.0,80.368
MSC,3480.826944444444,108.0,80.368
MSC,3488.2577777777774,111.0,80.368
MSC,3494.535555555555,113.0,80.368
MSC,3503.324444444444,113.0,80.368
MSC,3516.6577777777775,120.0,80.368
MSC,3522.213333333333,125.0,80.368
MSC,3535.213333333333,130.0,80.368
MSC,3546.257777777778,142.0,80.368
MSC,3556.5911111111113,155.0,80.368
MSC,3563.702222222222,160.0,80.368
MSC,3575.168888888889,172.0,80.368
MSC,3583.124444444444,179.0,80.368
MSC,3597.902222222222,190.0,80.368
MSC,3615.502222222222,198.0,80.368
MSC,3631.544722222222,207.0,80.368
MSC,3640.9224999999997,211.0,80.368
MSC,3657.4891666666663,213.0,80.368
MSC,3668.7113888888885,202.0,80.368
MSC,3680.978055555555,184.0,80.368
MSC,3694.278055555555,171.0,80.368
MSC,3704.944722222222,160.0,80.368
MSC,3715.1447222222223,153.0,80.368
MSC,3728.033611111111,145.0,80.368
MSC,3738.8447222222217,139.0,80.368
MSC,3754.366944444444,127.0,80.368
MSC,3761.422499999999,127.0,80.368
MSC,3768.478055555555,127.0,80.368
MSC,3774.157777777777,127.0,80.368
MSC,3782.8244444444435,130.0,80.368
MSC,3788.646666666666,131.0,80.368
MSC,3794.646666666666,135.0,80.368
MSC,3805.613333333333,141.0,80.368
MSC,3816.8133333333326,144.0,80.368
MSC,3825.0911111111104,149.0,80.368
MSC,3841.1911111111103,161.0,80.368
MSC,3850.5244444444434,168.0,80.368
MSC,3862.3244444444435,177.0,80.368
MSC,3874.79111111111,187.0,80.368
MSC,3887.857777777777,196.0,80.368
MSC,3908.757777777777,209.0,80.368
MSC,3918.179999999999,212.0,80.368
MSC,3938.523333333332,204.0,80.368
MSC,3946.967777777777,190.0,80.368
MSC,3962.2566666666658,172.0,80.368
MSC,3971.145555555555,160.0,80.368
MSC,3984.389999999999,149.0,80.368
MSC,3992.278888888888,142.0,80.368
MSC,4006.8344444444438,131.0,80.368
MSC,4012.656666666666,131.0,80.368
MSC,4019.767777777777,128.0,80.368
MSC,4026.767777777777,126.0,80.368
MSC,4037.967777777777,126.0,80.368
MSC,4045.189999999999,130.0,80.368
MSC,4062.584999999999,142.0,80.368
MSC,4079.69611111111,154.0,80.368
MSC,4085.7849999999994,137.0,80.368
MSC,4091.5183333333325,129.0,80.368
MSC,4100.307222222222,113.0,80.368
MSC,4108.39611111111,104.0,80.368
MSC,4115.062777777777,100.0,80.368
MSC,4125.1738888888885,91.0,80.368
MSC,4132.285,80.0,80.368
MSC,4138.273888888889,77.0,80.368
MSC,4141.740555555555,78.0,80.368
MSC,4145.296111111111,80.0,80.368
MSC,4150.829444444444,83.0,80.368
MSC,4158.218333333332,95.0,80.368
MSC,4165.193333333333,90.0,80.368
MSC,4174.3933333333325,92.0,80.368
MSC,4183.015555555555,97.0,80.368
MSC,4192.526666666666,107.0,80.368
MSC,4204.326666666666,118.0,80.368
MSC,4213.259999999999,134.0,80.368
MSC,4219.393333333333,138.0,80.368
MSC,4229.793333333333,156.0,80.368
MSC,4249.126666666667,174.0,80.368
MSC,4261.26,182.0,80.368
MSC,4276.324722222223,193.0,80.368
MSC,4291.802500000001,199.0,80.368
MSC,4303.358055555555,208.0,80.368
MSC,4312.735833333334,211.0,80.368
MSC,4339.869166666667,222.0,80.368
MSC,4352.424722222223,226.0,80.368
MSC,4367.691388888889,229.0,80.368
MSC,4378.091388888889,234.0,80.368
MSC,4396.6025,238.0,80.368
MSC,4418.380277777778,245.0,80.368
MSC,4432.158055555556,248.0,80.368
MSC,4446.1025,251.0,80.368
MSC,4465.935833333333,255.0,80.368
MSC,4486.313611111111,262.0,80.368
MSC,4507.080277777777,267.0,80.368
MSC,4525.005277777777,270.0,80.368
MSC,4546.394166666666,275.0,80.368
MSC,4564.9941666666655,279.0,80.368
MSC,4577.43861111111,280.0,80.368
MSC,4593.105277777777,282.0,80.368
MSC,4618.616388888888,287.0,80.368
NOR,0.3188888888888889,287.0,80.471
NOR,22.796666666666663,289.0,80.471
NOR,35.77444444444444,292.0,80.471
NOR,58.64111111111111,294.0,80.471
NOR,95.18555555555554,299.0,80.471
NOR,121.9411111111111,301.0,80.471
NOR,145.59194444444444,303.0,80.471
NOR,165.8586111111111,304.0,80.471
NOR,186.25861111111112,306.0,80.471
NOR,199.90305555555554,307.0,80.471
NOR,213.59194444444444,308.0,80.471
NOR,234.19194444444446,309.0,80.471
NOR,275.7919444444445,312.0,80.471
NOR,296.6586111111111,313.0,80.471
NOR,317.59194444444444,314.0,80.471
NOR,342.09194444444444,315.0,80.471
NOR,359.64750000000004,316.0,80.471
NOR,398.39194444444445,317.0,80.471
NOR,433.7252777777778,318.0,80.471
NOR,451.35888888888894,319.0,80.471
NOR,472.62555555555565,319.0,80.471
NOR,493.958888888889,320.0,80.471
NOR,508.18111111111125,320.0,80.471
NOR,543.8477777777779,321.0,80.471
NOR,565.2477777777779,321.0,80.471
NOR,579.5144444444445,321.0,80.471
NOR,600.9144444444445,321.0,80.471
NOR,636.5811111111111,321.0,80.471
NOR,654.4144444444445,321.0,80.471
NOR,675.8144444444445,321.0,80.471
NOR,715.1369444444443,321.0,80.471
NOR,743.2369444444445,281.0,80.471
NOR,756.9591666666666,247.0,80.471
NOR,773.2147222222222,209.0,80.471
NOR,793.2147222222221,180.0,80.471
NOR,813.3813888888889,165.0,80.471
NOR,820.4925,160.0,80.471
NOR,827.4258333333332,156.0,80.471
NOR,840.6702777777776,149.0,80.471
NOR,850.7369444444444,151.0,80.471
NOR,866.6369444444443,159.0,80.471
NOR,873.7924999999999,161.0,80.471
NOR,885.4591666666665,175.0,80.471
NOR,897.5924999999999,182.0,80.471
NOR,907.8741666666665,186.0,80.471
NOR,924.7630555555554,190.0,80.471
NOR,940.1630555555554,198.0,80.471
NOR,949.1408333333331,202.0,80.471
NOR,962.8741666666665,206.0,80.471
NOR,972.2519444444442,211.0,80.471
NOR,986.5852777777776,215.0,80.471
NOR,1001.318611111111,221.0,80.471
NOR,1029.3075,229.0,80.471
NOR,1039.618611111111,232.0,80.471
NOR,1055.218611111111,234.0,80.471
NOR,1071.0186111111109,237.0,80.471
NOR,1089.7519444444442,240.0,80.471
NOR,1105.8852777777774,242.0,80.471
NOR,1116.7297222222219,244.0,80.471
NOR,1138.5963888888887,246.0,80.471
NOR,1152.318611111111,247.0,80.471
NOR,1174.5408333333332,250.0,80.471
NOR,1199.5408333333332,250.0,80.471
NOR,1210.7408333333333,252.0,80.471
NOR,1238.9630555555555,254.0,80.471
NOR,1253.129722222222,255.0,80.471
NOR,1270.1963888888888,256.0,80.471
NOR,1281.6630555555555,258.0,80.471
NOR,1293.1297222222222,258.0,80.471
NOR,1307.518611111111,259.0,80.471
NOR,1327.896388888889,262.0,80.471
NOR,1339.6005555555557,265.0,80.471
NOR,1357.4005555555557,267.0,80.471
NOR,1369.3561111111112,269.0,80.471
NOR,1396.4561111111113,271.0,80.471
NOR,1427.0116666666668,275.0,80.471
NOR,1458.0116666666668,279.0,80.471
NOR,1473.5672222222227,280.0,80.471
NOR,1489.2338888888892,282.0,80.471
NOR,1508.0338888888891,282.0,80.471
NOR,1523.7005555555556,282.0,80.471
NOR,1539.422777777778,283.0,80.471
NOR,1555.1450000000002,283.0,80.471
NOR,1567.8013888888888,283.0,80.471
NOR,1589.8125,283.0,80.471
NOR,1607.4791666666667,265.0,80.471
NOR,1626.0680555555555,239.0,80.471
NOR,1638.234722222222,219.0,80.471
NOR,1655.7458333333332,197.0,80.471
NOR,1665.8013888888888,181.0,80.471
NOR,1673.7124999999999,178.0,80.471
NOR,1686.8569444444443,169.0,80.471
NOR,1697.7902777777776,164.0,80.471
NOR,1708.1902777777775,156.0,80.471
NOR,1718.3236111111107,152.0,80.471
NOR,1724.945833333333,149.0,80.471
NOR,1739.7458333333332,148.0,80.471
NOR,1746.4569444444444,151.0,80.471
NOR,1762.4125,160.0,80.471
NOR,1773.4125,165.0,80.471
NOR,1782.8013888888888,169.0,80.471
NOR,1794.3347222222221,173.0,80.471
NOR,1810.8680555555554,186.0,80.471
NOR,1825.723611111111,191.0,80.471
NOR,1836.6680555555554,197.0,80.471
NOR,1852.6125,205.0,80.471
NOR,1876.5013888888889,215.0,80.471
NOR,1896.1458333333333,221.0,80.471
NOR,1916.565,229.0,80.471
NOR,1942.8983333333333,237.0,80.471
NOR,1956.2316666666666,240.0,80.471
NOR,1966.987222222222,242.0,80.471
NOR,1977.9205555555554,246.0,80.471
NOR,1997.1316666666667,247.0,80.471
NOR,2017.1316666666667,225.0,80.471
NOR,2031.8316666666665,189.0,80.471
NOR,2039.7427777777775,178.0,80.471
NOR,2054.6427777777776,149.0,80.471
NOR,2061.265,149.0,80.471
NOR,2067.2205555555556,134.0,80.471
NOR,2075.6872222222223,127.0,80.471
NOR,2082.4094444444445,121.0,80.471
NOR,2090.076111111111,115.0,80.471
NOR,2097.5427777777777,112.0,80.471
NOR,2104.7427777777775,108.0,80.471
NOR,2115.0141666666664,103.0,80.471
NOR,2122.9474999999998,102.0,80.471
NOR,2133.9474999999998,110.0,80.471
NOR,2138.9697222222217,113.0,80.471
NOR,2144.214166666666,118.0,80.471
NOR,2154.091944444444,127.0,80.471
NOR,2171.4474999999993,142.0,80.471
NOR,2181.514166666666,151.0,80.471
NOR,2192.5141666666655,165.0,80.471
NOR,2206.5641666666656,180.0,80.471
NOR,2214.741944444443,184.0,80.471
NOR,2227.741944444443,195.0,80.471
NOR,2239.0197222222205,203.0,80.471
NOR,2257.953055555554,213.0,80.471
NOR,2267.5530555555542,216.0,80.471
NOR,2287.286388888888,222.0,80.471
NOR,2297.50861111111,230.0,80.471
NOR,2310.5641666666656,235.0,80.471
NOR,2337.5641666666656,243.0,80.471
NOR,2351.2863888888883,247.0,80.471
NOR,2362.397499999999,250.0,80.471
NOR,2385.0641666666656,255.0,80.471
NOR,2411.1641666666656,261.0,80.471
NOR,2422.80861111111,262.0,80.471
NOR,2437.419722222221,263.0,80.471
NOR,2453.6197222222213,243.0,80.471
NOR,2470.437222222221,217.0,80.471
NOR,2486.7927777777763,184.0,80.471
NOR,2496.4594444444433,174.0,80.471
NOR,2507.6594444444436,168.0,80.471
NOR,2520.0261111111104,159.0,80.471
NOR,2530.22611111111,153.0,80.471
NOR,2538.503888888888,149.0,80.471
NOR,2553.303888888888,148.0,80.471
NOR,2568.803888888888,155.0,80.471
NOR,2575.870555555555,159.0,80.471
NOR,2587.050277777777,167.0,80.471
NOR,2595.0058333333322,179.0,80.471
NOR,2605.3391666666657,186.0,80.471
NOR,2618.1391666666655,192.0,80.471
NOR,2629.0836111111103,197.0,80.471
NOR,2645.18361111111,207.0,80.471
NOR,2661.9058333333323,215.0,80.471
NOR,2676.572499999999,220.0,80.471
NOR,2694.3058333333324,228.0,80.471
NOR,2707.1947222222216,232.0,80.471
NOR,2801.0613888888884,256.0,80.471
NOR,2818.2613888888886,258.0,80.471
NOR,2835.328055555555,256.0,80.471
NOR,2857.658055555555,252.0,80.471
NOR,2874.1913888888885,248.0,80.471
NOR,2893.324722222221,246.0,80.471
NOR,2917.9247222222216,246.0,80.471
NOR,2942.9247222222216,250.0,80.471
NOR,2954.0802777777767,251.0,80.471
NOR,2976.5691666666658,253.0,80.471
NOR,2996.4024999999992,255.0,80.471
NOR,3007.8691666666655,258.0,80.471
NOR,3022.497499999999,262.0,80.471
NOR,3043.264166666666,267.0,80.471
NOR,3073.7086111111103,274.0,80.471
NOR,3089.0974999999994,277.0,80.471
NOR,3114.075277777777,281.0,80.471
NOR,3129.8530555555544,284.0,80.471
NOR,3142.5641666666656,286.0,80.471
NOR,3168.2530555555545,289.0,80.471
NOR,3184.4197222222215,291.0,80.471
NOR,3210.641944444443,295.0,80.471
NOR,3223.8419444444435,297.0,80.471
NOR,3240.453055555555,299.0,80.471
NOR,3257.1752777777765,301.0,80.471
NOR,3270.5530555555547,301.0,80.471
NOR,3294.0419444444433,302.0,80.471
NOR,3314.2419444444436,303.0,80.471
NOR,3334.5086111111104,304.0,80.471
NOR,3348.0197222222214,304.0,80.471
NOR,3370.3497222222218,252.0,80.471
NOR,3385.3497222222218,225.0,80.471
NOR,3402.5052777777773,193.0,80.471
NOR,3412.2830555555547,176.0,80.471
NOR,3419.616388888888,165.0,80.471
NOR,3431.4386111111103,152.0,80.471
NOR,3438.0608333333325,149.0,80.471
NOR,3444.3719444444437,142.0,80.471
NOR,3453.505277777777,137.0,80.471
NOR,3463.616388888888,130.0,80.471
NOR,3469.206666666666,125.0,80.471
NOR,3475.873333333333,120.0,80.471
NOR,3481.206666666666,120.0,80.471
NOR,3492.306666666666,111.0,80.471
NOR,3497.106666666666,108.0,80.471
NOR,3503.1622222222213,109.0,80.471
NOR,3516.05111111111,116.0,80.471
NOR,3521.3844444444435,120.0,80.471
NOR,3532.85111111111,129.0,80.471
NOR,3540.35111111111,135.0,80.471
NOR,3551.7066666666656,146.0,80.471
NOR,3565.6622222222213,157.0,80.471
NOR,3582.9622222222215,173.0,80.471
NOR,3598.9622222222215,180.0,80.471
NOR,3609.517777777777,190.0,80.471
NOR,3620.35111111111,195.0,80.471
NOR,3629.2399999999993,200.0,80.471
NOR,3638.262222222221,203.0,80.471
NOR,3649.7047222222213,207.0,80.471
NOR,3658.860277777777,206.0,80.471
NOR,3673.560277777777,189.0,80.471
NOR,3687.4047222222216,178.0,80.471
NOR,3698.471388888888,166.0,80.471
NOR,3707.360277777777,160.0,80.471
NOR,3715.9158333333326,154.0,80.471
NOR,3724.2491666666656,150.0,80.471
NOR,3739.8047222222212,140.0,80.471
NOR,3746.02111111111,139.0,80.471
NOR,3751.9766666666656,134.0,80.471
NOR,3760.709999999999,131.0,80.471
NOR,3766.3544444444433,127.0,80.471
NOR,3777.1099999999988,121.0,80.471
NOR,3786.7544444444434,124.0,80.471
NOR,3793.8099999999986,127.0,80.471
NOR,3801.0877777777764,131.0,80.471
NOR,3807.132222222221,136.0,80.471
NOR,3819.8433333333323,143.0,80.471
NOR,3828.1766666666654,150.0,80.471
NOR,3844.1766666666654,160.0,80.471
NOR,3851.598888888888,167.0,80.471
NOR,3865.2877777777767,176.0,80.471
NOR,3873.2877777777767,180.0,80.471
NOR,3888.22111111111,192.0,80.471
NOR,3910.9988888888884,205.0,80.471
NOR,3920.376666666666,211.0,80.471
NOR,3938.9544444444437,209.0,80.471
NOR,3953.2144444444434,184.0,80.471
NOR,3962.7144444444434,171.0,80.471
NOR,3970.0477777777774,165.0,80.471
NOR,3983.5588888888883,152.0,80.471
NOR,3998.158888888888,146.0,80.471
NOR,4004.4255555555546,141.0,80.471
NOR,4014.9255555555546,135.0,80.471
NOR,4030.4830555555545,127.0,80.471
NOR,4037.3719444444437,124.0,80.471
NOR,4045.7052777777767,125.0,80.471
NOR,4060.594166666666,134.0,80.471
NOR,4078.4386111111103,146.0,80.471
NOR,4092.883055555555,130.0,80.471
NOR,4100.883055555555,120.0,80.471
NOR,4112.549722222222,105.0,80.471
NOR,4121.083055555555,96.0,80.471
NOR,4127.083055555555,90.0,80.471
NOR,4131.8052777777775,85.0,80.471
NOR,4135.494166666666,83.0,80.471
NOR,4142.249722222222,76.0,80.471
NOR,4150.249722222222,80.0,80.471
NOR,4157.983055555555,87.0,80.471
NOR,4167.483055555555,95.0,80.471
NOR,4173.657222222222,93.0,80.471
NOR,4181.9238888888885,93.0,80.471
NOR,4186.14611111111,95.0,80.471
NOR,4193.923888888888,100.0,80.471
NOR,4200.923888888888,105.0,80.471
NOR,4208.657222222221,116.0,80.471
NOR,4215.54611111111,124.0,80.471
NOR,4233.06361111111,143.0,80.471
NOR,4251.285833333332,164.0,80.471
NOR,4260.896944444444,173.0,80.471
NOR,4268.808055555554,178.0,80.471
NOR,4281.408055555554,189.0,80.471
NOR,4303.9636111111095,203.0,80.471
NOR,4315.574722222221,209.0,80.471
NOR,4329.97472222222,216.0,80.471
NOR,4352.17472222222,222.0,80.471
NOR,4375.07472222222,229.0,80.471
NOR,4395.696944444441,232.0,80.471
NOR,4422.363611111108,240.0,80.471
NOR,4435.919166666664,244.0,80.471
NOR,4463.8080555555525,251.0,80.471
NOR,4498.4747222222195,260.0,80.471
NOR,4510.119166666664,262.0,80.471
NOR,4533.955555555553,269.0,80.471
NOR,4545.955555555553,270.0,80.471
NOR,4576.733333333331,277.0,80.471
NOR,4598.433333333331,279.0,80.471
NOR,4614.044444444442,281.0,80.471
NOR,4632.911111111108,283.0,80.471
OCO,21.36,288.0,80.638
OCO,47.31555555555555,292.0,80.638
OCO,76.71555555555555,294.0,80.638
OCO,99.66000000000001,295.0,80.638
OCO,119.52666666666667,298.0,80.638
OCO,132.85999999999999,300.0,80.638
OCO,156.2711111111111,301.0,80.638
OCO,176.40444444444444,302.0,80.638
OCO,193.29333333333335,304.0,80.638
OCO,210.18222222222226,304.0,80.638
OCO,240.88222222222225,307.0,80.638
OCO,268.26,308.0,80.638
OCO,295.7294444444444,310.0,80.638
OCO,312.95166666666665,310.0,80.638
OCO,326.86027777777775,311.0,80.638
OCO,344.1380555555555,311.0,80.638
OCO,375.33805555555546,312.0,80.638
OCO,406.7380555555555,314.0,80.638
OCO,424.18249999999995,314.0,80.638
OCO,441.6269444444444,314.0,80.638
OCO,459.12694444444435,315.0,80.638
OCO,476.6824999999999,316.0,80.638
OCO,494.23805555555543,316.0,80.638
OCO,508.2824999999999,316.0,80.638
OCO,536.4602777777777,317.0,80.638
OCO,561.1158333333332,317.0,80.638
OCO,596.3380555555555,317.0,80.638
OCO,628.1380555555555,318.0,80.638
OCO,645.7491666666666,317.0,80.638
OCO,663.3602777777777,317.0,80.638
OCO,687.9380555555554,316.0,80.638
OCO,721.1602777777777,299.0,80.638
OCO,744.6602777777778,235.0,80.638
OCO,755.1047222222221,235.0,80.638
OCO,767.9713888888888,193.0,80.638
OCO,780.0380555555555,181.0,80.638
OCO,791.4380555555555,171.0,80.638
OCO,798.7713888888889,165.0,80.638
OCO,805.9269444444444,161.0,80.638
OCO,818.0944444444444,157.0,80.638
OCO,830.0369444444444,153.0,80.638
OCO,846.8147222222221,151.0,80.638
OCO,864.1480555555555,156.0,80.638
OCO,883.5925,175.0,80.638
OCO,893.5369444444444,179.0,80.638
OCO,903.5925000000001,181.0,80.638
OCO,918.2147222222222,188.0,80.638
OCO,937.5147222222223,193.0,80.638
OCO,955.2925,200.0,80.638
OCO,971.4702777777778,208.0,80.638
OCO,985.6702777777779,213.0,80.638
OCO,1005.2258333333333,220.0,80.638
OCO,1020.3591666666666,227.0,80.638
OCO,1035.6258333333333,229.0,80.638
OCO,1051.0925,232.0,80.638
OCO,1072.0702777777778,236.0,80.638
OCO,1093.403611111111,240.0,80.638
OCO,1115.003611111111,243.0,80.638
OCO,1128.5591666666664,244.0,80.638
OCO,1147.7702777777774,247.0,80.638
OCO,1164.303611111111,248.0,80.638
OCO,1194.9116666666666,251.0,80.638
OCO,1208.925833333333,251.0,80.638
OCO,1228.603611111111,253.0,80.638
OCO,1251.3591666666664,256.0,80.638
OCO,1265.6369444444442,257.0,80.638
OCO,1277.0591666666664,257.0,80.638
OCO,1291.4480555555554,259.0,80.638
OCO,1308.9147222222223,262.0,80.638
OCO,1326.3813888888888,262.0,80.638
OCO,1349.9369444444444,265.0,80.638
OCO,1364.8258333333333,268.0,80.638
OCO,1379.770277777778,269.0,80.638
OCO,1400.9258333333332,272.0,80.638
OCO,1416.0925000000002,273.0,80.638
OCO,1431.370277777778,275.0,80.638
OCO,1446.7036111111113,276.0,80.638
OCO,1465.3036111111112,279.0,80.638
OCO,1496.5258333333336,281.0,80.638
OCO,1528.1925,285.0,80.638
OCO,1550.4369444444446,286.0,80.638
OCO,1566.4369444444446,288.0,80.638
OCO,1597.6591666666668,281.0,80.638
OCO,1610.9369444444449,239.0,80.638
OCO,1624.8036111111114,208.0,80.638
OCO,1639.8147222222226,193.0,80.638
OCO,1651.6813888888892,178.0,80.638
OCO,1663.1480555555559,172.0,80.638
OCO,1670.4797222222226,166.0,80.638
OCO,1682.890555555556,159.0,80.638
OCO,1694.9461111111116,155.0,80.638
OCO,1701.6572222222228,151.0,80.638
OCO,1711.590555555556,149.0,80.638
OCO,1724.1238888888893,141.0,80.638
OCO,1733.7238888888894,144.0,80.638
OCO,1741.7794444444448,145.0,80.638
OCO,1755.0238888888894,149.0,80.638
OCO,1773.0238888888894,162.0,80.638
OCO,1780.490555555556,168.0,80.638
OCO,1806.9238888888895,183.0,80.638
OCO,1817.368333333334,188.0,80.638
OCO,1830.3016666666672,194.0,80.638
OCO,1853.0794444444448,205.0,80.638
OCO,1862.3683333333338,209.0,80.638
OCO,1881.3905555555561,214.0,80.638
OCO,1898.5016666666672,220.0,80.638
OCO,1911.0016666666672,225.0,80.638
OCO,1929.0461111111117,232.0,80.638
OCO,1955.379444444445,237.0,80.638
OCO,1985.3238888888895,245.0,80.638
OCO,1999.0461111111117,247.0,80.638
OCO,2014.379444444445,230.0,80.638
OCO,2028.1127777777783,206.0,80.638
OCO,2041.6461111111116,174.0,80.638
OCO,2048.979444444445,165.0,80.638
OCO,2061.4238888888895,140.0,80.638
OCO,2067.4683333333337,136.0,80.638
OCO,2074.6350000000007,129.0,80.638
OCO,2082.568333333334,119.0,80.638
OCO,2096.379444444445,113.0,80.638
OCO,2101.268333333334,110.0,80.638
OCO,2108.3350000000005,106.0,80.638
OCO,2119.668333333334,102.0,80.638
OCO,2126.5350000000008,103.0,80.638
OCO,2131.2905555555562,107.0,80.638
OCO,2137.457222222223,111.0,80.638
OCO,2148.2127777777787,121.0,80.638
OCO,2156.9461111111123,131.0,80.638
OCO,2169.7461111111124,144.0,80.638
OCO,2183.7905555555567,158.0,80.638
OCO,2198.635000000001,167.0,80.638
OCO,2218.746111111112,181.0,80.638
OCO,2226.7905555555562,181.0,80.638
OCO,2234.835000000001,181.0,80.638
OCO,2246.2794444444453,206.0,80.638
OCO,2260.879444444445,219.0,80.638
OCO,2270.612777777779,219.0,80.638
OCO,2293.7127777777787,231.0,80.638
OCO,2317.7127777777787,240.0,80.638
OCO,2333.846111111112,242.0,80.638
OCO,2364.2794444444457,249.0,80.638
OCO,2392.612777777779,255.0,80.638
OCO,2404.1238888888897,259.0,80.638
OCO,2421.457222222223,260.0,80.638
OCO,2447.057222222223,256.0,80.638
OCO,2457.32388888889,231.0,80.638
OCO,2467.146111111112,221.0,80.638
OCO,2479.4794444444456,185.0,80.638
OCO,2496.8794444444457,174.0,80.638
OCO,2504.3016666666676,167.0,80.638
OCO,2513.190555555557,160.0,80.638
OCO,2521.801666666668,155.0,80.638
OCO,2539.6461111111125,146.0,80.638
OCO,2558.3461111111124,153.0,80.638
OCO,2574.3461111111124,160.0,80.638
OCO,2586.0127777777793,175.0,80.638
OCO,2600.168333333335,182.0,80.638
OCO,2619.3683333333347,192.0,80.638
OCO,2644.179444444446,203.0,80.638
OCO,2680.7402777777797,219.0,80.638
OCO,2693.1777777777797,225.0,80.638
OCO,2703.1777777777797,225.0,80.638
OCO,2723.97777777778,234.0,80.638
OCO,2734.5111111111137,237.0,80.638
OCO,2753.4111111111138,243.0,80.638
OCO,2781.0777777777803,249.0,80.638
OCO,2797.9444444444466,253.0,80.638
OCO,2814.8111111111134,253.0,80.638
OCO,2828.8111111111134,252.0,80.638
OCO,2853.511111111113,247.0,80.638
OCO,2867.233333333335,247.0,80.638
OCO,2880.9555555555576,247.0,80.638
OCO,2897.288888888891,245.0,80.638
OCO,2908.1777777777797,245.0,80.638
OCO,2924.511111111113,245.0,80.638
OCO,2949.511111111113,250.0,80.638
OCO,2971.9111111111133,252.0,80.638
OCO,2986.0222222222246,254.0,80.638
OCO,3008.955555555558,258.0,80.638
OCO,3026.4222222222243,262.0,80.638
OCO,3038.066666666669,262.0,80.638
OCO,3059.144444444447,271.0,80.638
OCO,3083.5888888888912,275.0,80.638
OCO,3102.2555555555573,280.0,80.638
OCO,3117.97777777778,283.0,80.638
OCO,3143.4794444444465,286.0,80.638
OCO,3169.176666666669,290.0,80.638
OCO,3195.2211111111133,293.0,80.638
OCO,3214.9544444444464,296.0,80.638
OCO,3238.28777777778,300.0,80.638
OCO,3251.6211111111134,300.0,80.638
OCO,3275.18777777778,303.0,80.638
OCO,3298.832222222224,304.0,80.638
OCO,3319.232222222224,306.0,80.638
OCO,3339.6322222222243,306.0,80.638
OCO,3365.232222222224,288.0,80.638
OCO,3379.5655555555572,258.0,80.638
OCO,3393.9655555555573,216.0,80.638
OCO,3408.8988888888907,192.0,80.638
OCO,3416.410000000002,169.0,80.638
OCO,3426.743333333335,155.0,80.638
OCO,3437.5544444444463,139.0,80.638
OCO,3447.510000000002,128.0,80.638
OCO,3458.3544444444465,122.0,80.638
OCO,3464.9100000000017,118.0,80.638
OCO,3470.0655555555572,116.0,80.638
OCO,3476.3988888888907,114.0,80.638
OCO,3481.332222222224,111.0,80.638
OCO,3489.8100000000018,109.0,80.638
OCO,3497.1433333333352,110.0,80.638
OCO,3507.2766666666685,114.0,80.638
OCO,3515.3100000000018,120.0,80.638
OCO,3522.254444444446,125.0,80.638
OCO,3529.4766666666683,130.0,80.638
OCO,3542.1480555555568,143.0,80.638
OCO,3548.68138888889,147.0,80.638
OCO,3557.4036111111122,157.0,80.638
OCO,3575.959166666668,167.0,80.638
OCO,3589.570277777779,175.0,80.638
OCO,3603.959166666668,185.0,80.638
OCO,3623.6591666666677,197.0,80.638
OCO,3639.370277777779,202.0,80.638
OCO,3655.6258333333344,209.0,80.638
OCO,3668.8258333333347,198.0,80.638
OCO,3689.970277777779,173.0,80.638
OCO,3697.3036111111123,165.0,80.638
OCO,3707.8369444444456,158.0,80.638
OCO,3714.636944444446,153.0,80.638
OCO,3724.5036111111126,148.0,80.638
OCO,3735.6258333333344,143.0,80.638
OCO,3745.0258333333345,141.0,80.638
OCO,3753.8258333333347,132.0,80.638
OCO,3766.625833333335,128.0,80.638
OCO,3773.514722222224,124.0,80.638
OCO,3778.8925000000017,121.0,80.638
OCO,3787.025833333335,122.0,80.638
OCO,3800.061944444446,130.0,80.638
OCO,3810.7952777777796,138.0,80.638
OCO,3818.5730555555574,140.0,80.638
OCO,3825.061944444446,146.0,80.638
OCO,3837.229444444446,157.0,80.638
OCO,3852.07388888889,167.0,80.638
OCO,3865.9183333333344,178.0,80.638
OCO,3880.6183333333347,189.0,80.638
OCO,3893.6850000000013,196.0,80.638
OCO,3907.3516666666683,205.0,80.638
OCO,3921.4850000000015,212.0,80.638
OCO,3946.818333333335,190.0,80.638
OCO,3956.540555555557,175.0,80.638
OCO,3963.785000000001,163.0,80.638
OCO,3974.0516666666676,154.0,80.638
OCO,3988.351666666668,143.0,80.638
OCO,3996.07388888889,139.0,80.638
OCO,4005.2072222222237,137.0,80.638
OCO,4012.5961111111124,133.0,80.638
OCO,4023.018333333335,134.0,80.638
OCO,4030.5738888888905,136.0,80.638
OCO,4039.97388888889,141.0,80.638
OCO,4056.8627777777792,152.0,80.638
OCO,4067.662777777779,162.0,80.638
OCO,4076.440555555557,158.0,80.638
OCO,4084.385000000001,143.0,80.638
OCO,4093.0208333333344,129.0,80.638
OCO,4098.220833333335,117.0,80.638
OCO,4110.809722222223,103.0,80.638
OCO,4120.283333333335,95.0,80.638
OCO,4125.227777777779,89.0,80.638
OCO,4131.027777777779,87.0,80.638
OCO,4141.416666666668,85.0,80.638
OCO,4147.216666666668,87.0,80.638
OCO,4151.172222222224,89.0,80.638
OCO,4157.572222222224,96.0,80.638
OCO,4161.83888888889,96.0,80.638
OCO,4169.1500000000015,94.0,80.638
OCO,4175.350000000001,93.0,80.638
OCO,4182.8166666666675,96.0,80.638
OCO,4189.616666666668,102.0,80.638
OCO,4205.616666666668,120.0,80.638
OCO,4211.127777777779,124.0,80.638
OCO,4217.127777777779,135.0,80.638
OCO,4229.027777777778,153.0,80.638
OCO,4243.872222222222,167.0,80.638
OCO,4255.538888888889,175.0,80.638
OCO,4274.538888888889,190.0,80.638
OCO,4290.016666666667,199.0,80.638
OCO,4301.405555555556,205.0,80.638
OCO,4317.738888888888,210.0,80.638
OCO,4329.7988888888885,216.0,80.638
OCO,4342.021111111111,220.0,80.638
OCO,4351.932222222222,223.0,80.638
OCO,4367.132222222222,228.0,80.638
OCO,4387.867222222222,234.0,80.638
OCO,4403.667222222222,237.0,80.638
OCO,4422.4894444444435,242.0,80.638
OCO,4447.189444444443,247.0,80.638
OCO,4481.3227777777765,256.0,80.638
OCO,4492.8338888888875,259.0,80.638
OCO,4510.367222222221,263.0,80.638
OCO,4546.367222222221,270.0,80.638
OCO,4570.722777777776,274.0,80.638
OCO,4592.422777777776,279.0,80.638
OCO,4608.033888888887,281.0,80.638
OCO,4636.633888888888,286.0,80.638
TSU,35.97388888888889,293.0,80.639
TSU,52.251666666666665,293.0,80.639
TSU,72.05166666666666,297.0,80.639
TSU,105.27388888888888,299.0,80.639
TSU,118.65166666666664,301.0,80.639
TSU,145.76277777777776,305.0,80.639
TSU,169.56277777777774,306.0,80.639
TSU,186.67388888888885,308.0,80.639
TSU,210.70722222222216,309.0,80.639
TSU,245.37388888888887,312.0,80.639
TSU,283.6294444444444,313.0,80.639
TSU,301.1294444444444,315.0,80.639
TSU,322.1294444444444,315.0,80.639
TSU,343.19611111111107,316.0,80.639
TSU,367.77388888888885,316.0,80.639
TSU,381.86277777777775,317.0,80.639
TSU,410.12944444444435,318.0,80.639
TSU,424.26277777777767,318.0,80.639
TSU,441.92944444444436,318.0,80.639
TSU,463.1294444444444,318.0,80.639
TSU,502.2405555555555,320.0,80.639
TSU,516.4627777777778,320.0,80.639
TSU,537.8627777777778,321.0,80.639
TSU,573.5294444444445,321.0,80.639
TSU,594.9294444444445,321.0,80.639
TSU,609.1961111111111,321.0,80.639
TSU,627.085,322.0,80.639
TSU,655.7072222222223,322.0,80.639
TSU,677.1738888888889,322.0,80.639
TSU,705.7072222222223,321.0,80.639
TSU,730.0627777777779,274.0,80.639
TSU,751.4850000000001,241.0,80.639
TSU,772.262777777778,187.0,80.639
TSU,780.3516666666668,182.0,80.639
TSU,788.0405555555557,173.0,80.639
TSU,797.4850000000001,170.0,80.639
TSU,808.1516666666668,160.0,80.639
TSU,815.173888888889,158.0,80.639
TSU,829.973888888889,148.0,80.639
TSU,844.6738888888889,147.0,80.639
TSU,854.7405555555556,151.0,80.639
TSU,875.0294444444445,166.0,80.639
TSU,895.1405555555556,181.0,80.639
TSU,903.3183333333334,184.0,80.639
TSU,915.585,184.0,80.639
TSU,934.585,190.0,80.639
TSU,943.2516666666667,195.0,80.639
TSU,952.0516666666666,198.0,80.639
TSU,965.6516666666666,204.0,80.639
TSU,987.1516666666666,215.0,80.639
TSU,996.8405555555555,218.0,80.639
TSU,1009.1738888888889,222.0,80.639
TSU,1021.785,227.0,80.639
TSU,1050.385,234.0,80.639
TSU,1079.5961111111112,239.0,80.639
TSU,1103.3961111111112,238.0,80.639
TSU,1119.3294444444446,239.0,80.639
TSU,1137.996111111111,240.0,80.639
TSU,1162.3961111111112,244.0,80.639
TSU,1192.5849999999998,247.0,80.639
TSU,1234.655,252.0,80.639
TSU,1248.6955555555553,254.0,80.639
TSU,1259.9844444444443,254.0,80.639
TSU,1282.7399999999998,256.0,80.639
TSU,1294.251111111111,259.0,80.639
TSU,1314.5511111111111,261.0,80.639
TSU,1343.9955555555555,265.0,80.639
TSU,1361.7955555555557,267.0,80.639
TSU,1379.8622222222223,271.0,80.639
TSU,1394.9733333333334,272.0,80.639
TSU,1422.6733333333334,277.0,80.639
TSU,1438.117777777778,278.0,80.639
TSU,1453.728888888889,281.0,80.639
TSU,1472.4622222222222,281.0,80.639
TSU,1485.0844444444444,284.0,80.639
TSU,1504.1511111111113,286.0,80.639
TSU,1532.8511111111113,287.0,80.639
TSU,1558.6288888888892,290.0,80.639
TSU,1574.8511111111113,292.0,80.639
TSU,1600.8066666666668,292.0,80.639
TSU,1617.54,251.0,80.639
TSU,1627.7177777777777,229.0,80.639
TSU,1643.5844444444444,204.0,80.639
TSU,1660.4733333333334,190.0,80.639
TSU,1672.4066666666665,179.0,80.639
TSU,1681.9066666666665,171.0,80.639
TSU,1695.9058333333332,157.0,80.639
TSU,1709.286111111111,151.0,80.639
TSU,1722.175,145.0,80.639
TSU,1731.9083333333333,146.0,80.639
TSU,1743.5749999999998,150.0,80.639
TSU,1750.4638888888887,155.0,80.639
TSU,1762.986111111111,161.0,80.639
TSU,1775.7416666666668,164.0,80.639
TSU,1787.275,173.0,80.639
TSU,1799.2083333333335,179.0,80.639
TSU,1815.9194444444445,188.0,80.639
TSU,1826.5861111111112,192.0,80.639
TSU,1839.786111111111,198.0,80.639
TSU,1855.8861111111112,207.0,80.639
TSU,1865.263888888889,211.0,80.639
TSU,1879.7972222222222,218.0,80.639
TSU,1897.0638888888889,222.0,80.639
TSU,1914.6416666666667,226.0,80.639
TSU,1935.3527777777776,233.0,80.639
TSU,1948.4083333333333,235.0,80.639
TSU,1959.0305555555556,239.0,80.639
TSU,1972.5305555555556,243.0,80.639
TSU,1983.5083333333334,247.0,80.639
TSU,2002.7972222222222,248.0,80.639
TSU,2018.9305555555557,242.0,80.639
TSU,2036.8861111111112,202.0,80.639
TSU,2048.5344444444445,174.0,80.639
TSU,2057.367777777778,159.0,80.639
TSU,2065.5344444444445,147.0,80.639
TSU,2077.4083333333333,134.0,80.639
TSU,2083.008333333333,126.0,80.639
TSU,2089.8416666666667,123.0,80.639
TSU,2102.175,111.0,80.639
TSU,2110.5750000000003,108.0,80.639
TSU,2118.586111111111,103.0,80.639
TSU,2128.786111111111,102.0,80.639
TSU,2137.0305555555556,106.0,80.639
TSU,2145.897222222222,114.0,80.639
TSU,2153.897222222222,120.0,80.639
TSU,2170.519444444444,136.0,80.639
TSU,2176.5638888888884,136.0,80.639
TSU,2186.9638888888885,156.0,80.639
TSU,2194.3861111111105,167.0,80.639
TSU,2206.2527777777773,178.0,80.639
TSU,2220.486111111111,183.0,80.639
TSU,2233.2861111111106,192.0,80.639
TSU,2246.5527777777775,199.0,80.639
TSU,2267.7527777777773,212.0,80.639
TSU,2279.8638888888886,218.0,80.639
TSU,2289.908333333333,226.0,80.639
TSU,2305.108333333333,228.0,80.639
TSU,2329.074722222222,239.0,80.639
TSU,2347.9747222222218,243.0,80.639
TSU,2361.5302777777774,244.0,80.639
TSU,2372.6858333333325,251.0,80.639
TSU,2392.370833333333,254.0,80.639
TSU,2415.3041666666663,258.0,80.639
TSU,2435.681944444444,262.0,80.639
TSU,2454.8152777777773,246.0,80.639
TSU,2469.5486111111104,221.0,80.639
TSU,2482.8152777777773,199.0,80.639
TSU,2494.7486111111107,179.0,80.639
TSU,2516.2152777777774,161.0,80.639
TSU,2524.8819444444443,156.0,80.639
TSU,2531.8152777777777,156.0,80.639
TSU,2541.8152777777777,150.0,80.639
TSU,2556.4152777777776,146.0,80.639
TSU,2564.5819444444446,147.0,80.639
TSU,2574.9819444444443,156.0,80.639
TSU,2584.148611111111,165.0,80.639
TSU,2597.3708333333334,170.0,80.639
TSU,2607.2041666666664,177.0,80.639
TSU,2619.9375,191.0,80.639
TSU,2642.159722222222,200.0,80.639
TSU,2655.826388888889,205.0,80.639
TSU,2667.493055555556,210.0,80.639
TSU,2679.604166666667,218.0,80.639
TSU,2694.5997222222227,224.0,80.639
TSU,2704.6441666666674,226.0,80.639
TSU,2733.855277777778,239.0,80.639
TSU,2758.2872222222227,245.0,80.639
TSU,2772.0094444444444,247.0,80.639
TSU,2788.8094444444446,252.0,80.639
TSU,2819.853888888889,254.0,80.639
TSU,2836.5872222222224,251.0,80.639
TSU,2847.6094444444448,248.0,80.639
TSU,2864.0094444444444,246.0,80.639
TSU,2874.7205555555556,241.0,80.639
TSU,2893.231666666667,238.0,80.639
TSU,2909.0983333333334,238.0,80.639
TSU,2927.6872222222223,239.0,80.639
TSU,2943.8872222222226,243.0,80.639
TSU,2977.2205555555556,250.0,80.639
TSU,2988.420555555556,252.0,80.639
TSU,2999.7094444444447,254.0,80.639
TSU,3019.6983333333337,257.0,80.639
TSU,3043.1650000000004,264.0,80.639
TSU,3061.098333333334,269.0,80.639
TSU,3088.498333333334,274.0,80.639
TSU,3110.0427777777786,277.0,80.639
TSU,3125.6538888888895,281.0,80.639
TSU,3147.8205555555564,285.0,80.639
TSU,3163.844722222223,287.0,80.639
TSU,3179.9002777777787,289.0,80.639
TSU,3192.9225000000006,293.0,80.639
TSU,3212.522500000001,294.0,80.639
TSU,3238.9286111111123,298.0,80.639
TSU,3258.9952777777785,301.0,80.639
TSU,3282.561944444445,303.0,80.639
TSU,3313.261944444445,307.0,80.639
TSU,3354.461944444445,309.0,80.639
TSU,3367.7063888888893,298.0,80.639
TSU,3384.373055555556,250.0,80.639
TSU,3409.439722222223,188.0,80.639
TSU,3424.1063888888893,165.0,80.639
TSU,3435.4619444444447,146.0,80.639
TSU,3443.0175000000004,136.0,80.639
TSU,3455.7175,127.0,80.639
TSU,3463.784166666667,121.0,80.639
TSU,3472.9619444444443,118.0,80.639
TSU,3481.9063888888886,115.0,80.639
TSU,3488.0730555555556,111.0,80.639
TSU,3495.139722222222,106.0,80.639
TSU,3508.706388888889,111.0,80.639
TSU,3513.7730555555554,114.0,80.639
TSU,3520.328611111111,118.0,80.639
TSU,3528.629722222222,124.0,80.639
TSU,3539.0519444444444,134.0,80.639
TSU,3555.385277777778,147.0,80.639
TSU,3565.7186111111114,155.0,80.639
TSU,3580.4280555555556,166.0,80.639
TSU,3592.0947222222226,175.0,80.639
TSU,3606.4836111111117,185.0,80.639
TSU,3623.6391666666673,193.0,80.639
TSU,3636.8391666666676,198.0,80.639
TSU,3645.8613888888895,203.0,80.639
TSU,3657.3613888888895,207.0,80.639
TSU,3670.5613888888893,198.0,80.639
TSU,3680.839166666667,185.0,80.639
TSU,3694.0613888888893,170.0,80.639
TSU,3706.1947222222225,156.0,80.639
TSU,3714.4725,149.0,80.639
TSU,3725.9058333333332,147.0,80.639
TSU,3736.7947222222224,140.0,80.639
TSU,3745.7947222222224,135.0,80.639
TSU,3757.083611111111,127.0,80.639
TSU,3766.650277777778,123.0,80.639
TSU,3780.2058333333334,122.0,80.639
TSU,3788.4725,124.0,80.639
TSU,3795.5280555555555,127.0,80.639
TSU,3807.2613888888886,132.0,80.639
TSU,3825.146388888889,146.0,80.639
TSU,3835.3463888888887,153.0,80.639
TSU,3842.4575,160.0,80.639
TSU,3849.7019444444445,163.0,80.639
TSU,3870.9202777777773,174.0,80.639
TSU,3890.2202777777775,193.0,80.639
TSU,3908.4425,205.0,80.639
TSU,3917.731388888889,209.0,80.639
TSU,3927.2425,214.0,80.639
TSU,3939.2980555555555,217.0,80.639
TSU,3950.131388888889,195.0,80.639
TSU,3965.4202777777778,172.0,80.639
TSU,3972.5313888888886,160.0,80.639
TSU,3982.5980555555557,151.0,80.639
TSU,3998.153611111111,140.0,80.639
TSU,4005.820277777778,138.0,80.639
TSU,4018.820277777778,130.0,80.639
TSU,4027.2202777777784,126.0,80.639
TSU,4045.0869444444447,134.0,80.639
TSU,4061.198055555556,145.0,80.639
TSU,4067.7758333333336,148.0,80.639
TSU,4079.909166666667,156.0,80.639
TSU,4090.720277777778,139.0,80.639
TSU,4100.399166666667,124.0,80.639
TSU,4108.065833333333,115.0,80.639
TSU,4114.9991666666665,104.0,80.639
TSU,4120.554722222222,100.0,80.639
TSU,4125.943611111111,97.0,80.639
TSU,4133.3324999999995,95.0,80.639
TSU,4141.90861111111,86.0,80.639
TSU,4147.641944444444,86.0,80.639
TSU,4156.8419444444435,92.0,80.639
TSU,4162.1752777777765,96.0,80.639
TSU,4182.230833333332,95.0,80.639
TSU,4186.40861111111,94.0,80.639
TSU,4191.853055555554,98.0,80.639
TSU,4198.786388888888,104.0,80.639
TSU,4203.586388888888,108.0,80.639
TSU,4215.586388888888,120.0,80.639
TSU,4224.719722222221,137.0,80.639
TSU,4232.941944444444,148.0,80.639
TSU,4243.808611111111,163.0,80.639
TSU,4259.364166666666,175.0,80.639
TSU,4267.319722222222,179.0,80.639
TSU,4279.919722222221,189.0,80.639
TSU,4293.119722222222,198.0,80.639
TSU,4306.786388888888,205.0,80.639
TSU,4320.853055555554,211.0,80.639
TSU,4337.8691666666655,218.0,80.639
TSU,4350.202499999999,222.0,80.639
TSU,4370.558055555554,229.0,80.639
TSU,4383.391388888888,231.0,80.639
TSU,4407.1913888888885,238.0,80.639
TSU,4420.580277777777,241.0,80.639
TSU,4439.645277777777,246.0,80.639
TSU,4450.711944444443,249.0,80.639
TSU,4464.711944444443,252.0,80.639
TSU,4484.77861111111,258.0,80.639
TSU,4505.156388888888,262.0,80.639
TSU,4522.88972222222,266.0,80.639
TSU,4537.834166666665,269.0,80.639
TSU,4549.923055555553,272.0,80.639
TSU,4568.323055555554,276.0,80.639
TSU,4580.678611111109,278.0,80.639
TSU,4608.778611111109,281.0,80.639
TSU,4621.400833333331,284.0,80.639
TSU,4634.067499999999,285.0,80.639
GAS,2.8000000000000003,288.0,80.719
GAS,32.0,292.0,80.719
GAS,48.33333333333333,294.0,80.719
GAS,81.33333333333333,297.0,80.719
GAS,97.94444444444444,299.0,80.719
GAS,128.12805555555556,301.0,80.719
GAS,151.7725,304.0,80.719
GAS,175.57250000000002,306.0,80.719
GAS,196.10583333333332,308.0,80.719
GAS,216.70583333333335,309.0,80.719
GAS,240.8947222222222,311.0,80.719
GAS,258.1725,311.0,80.719
GAS,278.8858333333333,312.0,80.719
GAS,296.2191666666667,312.0,80.719
GAS,310.2191666666667,315.0,80.719
GAS,334.7191666666667,315.0,80.719
GAS,369.9413888888889,317.0,80.719
GAS,387.55249999999995,317.0,80.719
GAS,412.2858333333333,318.0,80.719
GAS,444.3858333333333,321.0,80.719
GAS,458.65250000000003,321.0,80.719
GAS,490.85249999999996,322.0,80.719
GAS,519.5636111111111,323.0,80.719
GAS,541.0969444444444,323.0,80.719
GAS,559.0969444444443,324.0,80.719
GAS,591.4969444444442,324.0,80.719
GAS,623.8969444444442,324.0,80.719
GAS,645.4302777777775,323.0,80.719
GAS,663.4302777777775,324.0,80.719
GAS,692.4094444444443,325.0,80.719
GAS,713.6094444444442,318.0,80.719
GAS,732.6761111111109,286.0,80.719
GAS,746.8983333333331,256.0,80.719
GAS,763.6983333333332,216.0,80.719
GAS,772.4983333333331,198.0,80.719
GAS,786.6538888888887,182.0,80.719
GAS,803.2538888888887,166.0,80.719
GAS,810.1438888888887,156.0,80.719
GAS,816.9883333333331,154.0,80.719
GAS,828.577222222222,149.0,80.719
GAS,834.9327777777776,143.0,80.719
GAS,847.7327777777775,144.0,80.719
GAS,859.3216666666664,149.0,80.719
GAS,866.077222222222,152.0,80.719
GAS,880.3883333333331,161.0,80.719
GAS,904.3883333333331,180.0,80.719
GAS,914.5549999999997,183.0,80.719
GAS,922.8216666666664,186.0,80.719
GAS,937.7549999999998,192.0,80.719
GAS,953.1549999999997,198.0,80.719
GAS,962.177222222222,203.0,80.719
GAS,978.5105555555552,210.0,80.719
GAS,995.4661111111109,218.0,80.719
GAS,1020.688333333333,227.0,80.719
GAS,1046.6419444444443,233.0,80.719
GAS,1057.0419444444442,234.0,80.719
GAS,1075.6308333333332,239.0,80.719
GAS,1097.0530555555554,241.0,80.719
GAS,1110.3863888888886,240.0,80.719
GAS,1129.130833333333,241.0,80.719
GAS,1148.030833333333,243.0,80.719
GAS,1175.5863888888887,248.0,80.719
GAS,1189.2952777777775,248.0,80.719
GAS,1205.9619444444443,250.0,80.719
GAS,1217.1174999999998,251.0,80.719
GAS,1239.339722222222,250.0,80.719
GAS,1253.228611111111,250.0,80.719
GAS,1269.961944444444,251.0,80.719
GAS,1289.639722222222,253.0,80.719
GAS,1303.8619444444441,256.0,80.719
GAS,1324.0063888888888,259.0,80.719
GAS,1335.6063888888887,261.0,80.719
GAS,1368.1174999999996,266.0,80.719
GAS,1398.228611111111,271.0,80.719
GAS,1413.3952777777774,273.0,80.719
GAS,1428.6730555555553,275.0,80.719
GAS,1456.5730555555551,279.0,80.719
GAS,1478.5063888888885,282.0,80.719
GAS,1494.2286111111107,283.0,80.719
GAS,1506.8952777777774,285.0,80.719
GAS,1529.297222222222,287.0,80.719
GAS,1548.5638888888886,289.0,80.719
GAS,1567.8305555555553,289.0,80.719
GAS,1580.7194444444442,290.0,80.719
GAS,1598.8527777777776,272.0,80.719
GAS,1622.3527777777776,235.0,80.719
GAS,1638.4527777777778,207.0,80.719
GAS,1649.2305555555556,194.0,80.719
GAS,1666.4825,173.0,80.719
GAS,1674.0825,171.0,80.719
GAS,1681.5491666666667,168.0,80.719
GAS,1693.8380555555557,158.0,80.719
GAS,1708.9380555555556,151.0,80.719
GAS,1717.2158333333334,149.0,80.719
GAS,1731.3158333333336,141.0,80.719
GAS,1739.260277777778,143.0,80.719
GAS,1750.7713888888889,148.0,80.719
GAS,1764.5491666666667,155.0,80.719
GAS,1782.9936111111112,166.0,80.719
GAS,1790.371388888889,166.0,80.719
GAS,1815.171388888889,186.0,80.719
GAS,1830.104722222222,192.0,80.719
GAS,1843.371388888889,199.0,80.719
GAS,1857.171388888889,207.0,80.719
GAS,1869.0638888888889,213.0,80.719
GAS,1881.1194444444443,217.0,80.719
GAS,1890.8527777777776,219.0,80.719
GAS,1913.5527777777777,227.0,80.719
GAS,1926.386111111111,231.0,80.719
GAS,1947.4527777777776,237.0,80.719
GAS,1963.586111111111,242.0,80.719
GAS,1979.9194444444443,245.0,80.719
GAS,1996.4527777777778,248.0,80.719
GAS,2012.8527777777776,246.0,80.719
GAS,2030.3977777777775,198.0,80.719
GAS,2042.2644444444443,178.0,80.719
GAS,2057.0644444444442,148.0,80.719
GAS,2073.8644444444444,126.0,80.719
GAS,2080.6422222222222,122.0,80.719
GAS,2087.1422222222222,117.0,80.719
GAS,2099.3644444444444,110.0,80.719
GAS,2104.1644444444446,108.0,80.719
GAS,2116.3866666666668,100.0,80.719
GAS,2124.5533333333333,105.0,80.719
GAS,2133.2644444444445,112.0,80.719
GAS,2138.42,116.0,80.719
GAS,2151.9755555555557,122.0,80.719
GAS,2162.5533333333333,136.0,80.719
GAS,2174.105555555556,148.0,80.719
GAS,2180.9944444444445,155.0,80.719
GAS,2190.105555555556,164.0,80.719
GAS,2197.7944444444447,173.0,80.719
GAS,2216.4944444444445,187.0,80.719
GAS,2234.4500000000003,202.0,80.719
GAS,2248.1166666666672,205.0,80.719
GAS,2272.7833333333338,222.0,80.719
GAS,2290.672222222223,230.0,80.719
GAS,2311.584444444445,236.0,80.719
GAS,2327.5844444444447,240.0,80.719
GAS,2343.917777777778,245.0,80.719
GAS,2360.584444444445,250.0,80.719
GAS,2371.828888888889,253.0,80.719
GAS,2383.1622222222227,255.0,80.719
GAS,2397.44,257.0,80.719
GAS,2420.817777777778,263.0,80.719
GAS,2432.5511111111114,264.0,80.719
GAS,2448.817777777778,244.0,80.719
GAS,2461.6511111111113,231.0,80.719
GAS,2472.6511111111113,198.0,80.719
GAS,2484.9177777777777,184.0,80.719
GAS,2501.817777777778,169.0,80.719
GAS,2512.4177777777777,159.0,80.719
GAS,2519.217777777778,153.0,80.719
GAS,2527.551111111111,150.0,80.719
GAS,2534.128888888889,148.0,80.719
GAS,2543.7955555555554,145.0,80.719
GAS,2555.1136111111114,145.0,80.719
GAS,2561.691388888889,148.0,80.719
GAS,2568.269166666667,148.0,80.719
GAS,2583.291388888889,169.0,80.719
GAS,2590.9802777777777,173.0,80.719
GAS,2607.780277777778,189.0,80.719
GAS,2616.3580555555554,193.0,80.719
GAS,2627.3580555555554,198.0,80.719
GAS,2636.3802777777773,203.0,80.719
GAS,2650.446944444444,211.0,80.719
GAS,2667.4024999999997,218.0,80.719
GAS,2687.428611111111,226.0,80.719
GAS,2708.0508333333332,232.0,80.719
GAS,2721.273055555555,238.0,80.719
GAS,2734.550833333333,239.0,80.719
GAS,2762.2174999999993,249.0,80.719
GAS,2793.6286111111103,257.0,80.719
GAS,2813.5397222222214,256.0,80.719
GAS,2835.6730555555546,249.0,80.719
GAS,2865.617499999999,245.0,80.719
GAS,2879.0619444444437,242.0,80.719
GAS,2906.1730555555546,244.0,80.719
GAS,2917.0174999999995,244.0,80.719
GAS,2938.973055555555,247.0,80.719
GAS,2961.175555555555,249.0,80.719
GAS,2983.664444444444,253.0,80.719
GAS,2997.8866666666668,256.0,80.719
GAS,3009.353333333333,258.0,80.719
GAS,3029.8866666666663,264.0,80.719
GAS,3047.6866666666665,267.0,80.719
GAS,3071.7755555555555,271.0,80.719
GAS,3096.4866666666667,278.0,80.719
GAS,3115.22,281.0,80.719
GAS,3137.3866666666668,285.0,80.719
GAS,3166.2063888888893,289.0,80.719
GAS,3192.2508333333335,293.0,80.719
GAS,3211.850833333334,294.0,80.719
GAS,3231.6508333333336,297.0,80.719
GAS,3244.939722222223,299.0,80.719
GAS,3275.2397222222226,303.0,80.719
GAS,3302.4397222222224,306.0,80.719
GAS,3322.839722222222,306.0,80.719
GAS,3350.039722222222,306.0,80.719
GAS,3366.3730555555553,294.0,80.719
GAS,3384.650833333333,235.0,80.719
GAS,3396.9286111111105,221.0,80.719
GAS,3410.850833333333,179.0,80.719
GAS,3420.073055555555,166.0,80.719
GAS,3428.628611111111,154.0,80.719
GAS,3442.3666666666663,137.0,80.719
GAS,3452.555555555555,131.0,80.719
GAS,3458.111111111111,125.0,80.719
GAS,3467.4444444444443,120.0,80.719
GAS,3473.9444444444443,117.0,80.719
GAS,3480.333333333333,115.0,80.719
GAS,3486.555555555555,112.0,80.719
GAS,3494.7999999999997,106.0,80.719
GAS,3503.2777777777774,109.0,80.719
GAS,3508.2111111111108,111.0,80.719
GAS,3516.922222222222,112.0,80.719
GAS,3523.533333333333,119.0,80.719
GAS,3530.498333333333,126.0,80.719
GAS,3544.398333333333,139.0,80.719
GAS,3554.5983333333334,153.0,80.719
GAS,3563.3205555555555,157.0,80.719
GAS,3584.587222222222,174.0,80.719
GAS,3596.9205555555554,185.0,80.719
GAS,3605.2316666666666,187.0,80.719
GAS,3613.809444444444,193.0,80.719
GAS,3624.809444444444,198.0,80.719
GAS,3643.0316666666663,205.0,80.719
GAS,3654.7538888888885,211.0,80.719
GAS,3670.309444444444,200.0,80.719
GAS,3688.409444444444,181.0,80.719
GAS,3697.853888888889,170.0,80.719
GAS,3714.785,152.0,80.719
GAS,3722.8405555555555,145.0,80.719
GAS,3731.907222222222,136.0,80.719
GAS,3737.907222222222,135.0,80.719
GAS,3745.1294444444443,130.0,80.719
GAS,3757.5294444444444,124.0,80.719
GAS,3766.7072222222223,118.0,80.719
GAS,3774.7072222222223,120.0,80.719
GAS,3781.4294444444445,121.0,80.719
GAS,3794.4294444444445,130.0,80.719
GAS,3803.2961111111113,133.0,80.719
GAS,3812.762777777778,142.0,80.719
GAS,3819.078611111111,143.0,80.719
GAS,3829.1452777777777,151.0,80.719
GAS,3837.8119444444446,156.0,80.719
GAS,3848.7452777777776,164.0,80.719
GAS,3862.4341666666664,176.0,80.719
GAS,3872.6563888888886,184.0,80.719
GAS,3887.7452777777776,194.0,80.719
GAS,3898.9119444444445,201.0,80.719
GAS,3907.8452777777775,201.0,80.719
GAS,3926.7786111111113,213.0,80.719
GAS,3942.4897222222216,202.0,80.719
GAS,3956.9563888888883,186.0,80.719
GAS,3966.5674999999997,173.0,80.719
GAS,3977.034166666667,157.0,80.719
GAS,3986.8341666666665,147.0,80.719
GAS,3997.918055555555,142.0,80.719
GAS,4008.729166666666,139.0,80.719
GAS,4017.595833333333,133.0,80.719
GAS,4031.8180555555546,128.0,80.719
GAS,4042.0847222222214,132.0,80.719
GAS,4052.740277777777,137.0,80.719
GAS,4059.0069444444434,141.0,80.719
GAS,4068.8069444444436,147.0,80.719
GAS,4083.606944444444,148.0,80.719
GAS,4097.606944444444,126.0,80.719
GAS,4107.442777777777,111.0,80.719
GAS,4115.376111111111,102.0,80.719
GAS,4119.687222222222,97.0,80.719
GAS,4126.920555555555,93.0,80.719
GAS,4132.853888888889,89.0,80.719
GAS,4136.720555555556,87.0,80.719
GAS,4142.120555555555,81.0,80.719
GAS,4145.720555555556,81.0,80.719
GAS,4157.209444444445,94.0,80.719
GAS,4167.309444444445,101.0,80.719
GAS,4176.809444444445,95.0,80.719
GAS,4182.087222222223,95.0,80.719
GAS,4190.798333333334,98.0,80.719
GAS,4196.520555555557,103.0,80.719
GAS,4201.395277777779,109.0,80.719
GAS,4207.673055555557,113.0,80.719
GAS,4228.039722222224,141.0,80.719
GAS,4243.839722222224,158.0,80.719
GAS,4259.484166666668,176.0,80.719
GAS,4271.750833333335,184.0,80.719
GAS,4288.99527777778,194.0,80.719
GAS,4304.784166666669,203.0,80.719
GAS,4323.628611111114,212.0,80.719
GAS,4340.661944444448,219.0,80.719
GAS,4355.661944444448,225.0,80.719
GAS,4370.931388888893,230.0,80.719
GAS,4383.931388888892,234.0,80.719
GAS,4402.442500000003,238.0,80.719
GAS,4426.742500000003,243.0,80.719
GAS,4437.675833333337,246.0,80.719
GAS,4459.9869444444475,251.0,80.719
GAS,4485.686944444447,257.0,80.719
GAS,4503.153611111114,262.0,80.719
GAS,4526.886944444447,267.0,80.719
GAS,4551.242500000002,274.0,80.719
GAS,4572.709166666669,276.0,80.719
GAS,4588.209166666669,279.0,80.719
GAS,4604.010000000003,283.0,80.719
GAS,4616.5877777777805,283.0,80.719
GAS,4638.910000000003,287.0,80.719
ZHO,16.617499999999996,289.0,80.476
ZHO,39.095277777777774,289.0,80.476
ZHO,55.3175,292.0,80.476
ZHO,78.26194444444444,295.0,80.476
ZHO,98.06194444444445,297.0,80.476
ZHO,114.67305555555555,299.0,80.476
ZHO,131.3397222222222,300.0,80.476
ZHO,151.47305555555553,302.0,80.476
ZHO,181.9730555555555,305.0,80.476
ZHO,202.37305555555554,306.0,80.476
ZHO,243.57305555555553,309.0,80.476
ZHO,257.3508333333333,310.0,80.476
ZHO,291.90638888888884,311.0,80.476
ZHO,316.2508333333333,313.0,80.476
ZHO,344.2491666666666,314.0,80.476
ZHO,358.2491666666666,315.0,80.476
ZHO,389.8491666666666,316.0,80.476
ZHO,403.9380555555555,317.0,80.476
ZHO,428.59361111111104,317.0,80.476
ZHO,442.72694444444437,318.0,80.476
ZHO,463.9936111111111,319.0,80.476
ZHO,492.34916666666663,320.0,80.476
ZHO,510.12694444444435,320.0,80.476
ZHO,527.9047222222222,320.0,80.476
ZHO,549.3713888888889,322.0,80.476
ZHO,574.4158333333334,322.0,80.476
ZHO,603.0380555555555,322.0,80.476
ZHO,628.1602777777778,323.0,80.476
ZHO,642.4713888888889,322.0,80.476
ZHO,667.5158333333334,322.0,80.476
ZHO,692.4825,321.0,80.476
ZHO,710.1491666666667,318.0,80.476
ZHO,732.3158333333333,285.0,80.476
ZHO,743.7380555555555,257.0,80.476
ZHO,759.0047222222222,229.0,80.476
ZHO,775.8936111111111,190.0,80.476
ZHO,785.7824999999999,178.0,80.476
ZHO,798.9269444444443,169.0,80.476
ZHO,812.9713888888888,158.0,80.476
ZHO,824.7158333333333,151.0,80.476
ZHO,839.5569444444444,148.0,80.476
ZHO,846.1347222222222,148.0,80.476
ZHO,856.2013888888889,151.0,80.476
ZHO,864.8125,155.0,80.476
ZHO,882.9236111111111,163.0,80.476
ZHO,896.4569444444445,174.0,80.476
ZHO,908.3902777777778,179.0,80.476
ZHO,918.3955555555557,181.0,80.476
ZHO,926.5288888888889,183.0,80.476
ZHO,941.3066666666667,190.0,80.476
ZHO,958.9955555555556,199.0,80.476
ZHO,977.3066666666666,206.0,80.476
ZHO,993.8733333333333,213.0,80.476
ZHO,1015.9733333333332,221.0,80.476
ZHO,1028.4733333333334,225.0,80.476
ZHO,1046.3622222222223,230.0,80.476
ZHO,1056.6733333333334,232.0,80.476
ZHO,1066.94,231.0,80.476
ZHO,1087.828888888889,235.0,80.476
ZHO,1108.9844444444445,238.0,80.476
ZHO,1130.3177777777778,240.0,80.476
ZHO,1154.417777777778,241.0,80.476
ZHO,1167.917777777778,243.0,80.476
ZHO,1195.3622222222223,247.0,80.476
ZHO,1209.1400000000003,248.0,80.476
ZHO,1234.3097222222223,251.0,80.476
ZHO,1254.065277777778,254.0,80.476
ZHO,1273.9763888888892,256.0,80.476
ZHO,1291.1097222222224,257.0,80.476
ZHO,1308.5763888888891,262.0,80.476
ZHO,1328.9541666666667,262.0,80.476
ZHO,1343.676388888889,265.0,80.476
ZHO,1361.4022222222222,267.0,80.476
ZHO,1376.5133333333335,272.0,80.476
ZHO,1388.6022222222223,272.0,80.476
ZHO,1409.7577777777778,272.0,80.476
ZHO,1440.4244444444446,276.0,80.476
ZHO,1455.9244444444446,279.0,80.476
ZHO,1477.7022222222222,280.0,80.476
ZHO,1506.0022222222224,283.0,80.476
ZHO,1518.6244444444446,284.0,80.476
ZHO,1547.4244444444446,288.0,80.476
ZHO,1572.9355555555558,287.0,80.476
ZHO,1592.1355555555556,288.0,80.476
ZHO,1607.691111111111,280.0,80.476
ZHO,1630.291111111111,226.0,80.476
ZHO,1649.591111111111,193.0,80.476
ZHO,1661.591111111111,180.0,80.476
ZHO,1670.98,169.0,80.476
ZHO,1685.1575,159.0,80.476
ZHO,1695.0241666666666,148.0,80.476
ZHO,1704.6908333333333,145.0,80.476
ZHO,1712.6352777777777,143.0,80.476
ZHO,1723.7575,143.0,80.476
ZHO,1730.1575,144.0,80.476
ZHO,1741.7463888888888,149.0,80.476
ZHO,1757.4463888888888,157.0,80.476
ZHO,1764.4688888888888,159.0,80.476
ZHO,1771.7577777777778,164.0,80.476
ZHO,1785.0577777777778,171.0,80.476
ZHO,1792.9688888888888,178.0,80.476
ZHO,1809.9466666666667,191.0,80.476
ZHO,1825.1133333333335,195.0,80.476
ZHO,1834.0022222222224,200.0,80.476
ZHO,1852.5800000000002,209.0,80.476
ZHO,1881.9133333333334,220.0,80.476
ZHO,1894.3577777777778,224.0,80.476
ZHO,1904.5355555555554,229.0,80.476
ZHO,1922.6577777777775,233.0,80.476
ZHO,1941.1688888888887,238.0,80.476
ZHO,1951.8355555555554,240.0,80.476
ZHO,1970.8133333333333,244.0,80.476
ZHO,1990.102222222222,248.0,80.476
ZHO,2014.991111111111,224.0,80.476
ZHO,2034.7069444444444,177.0,80.476
ZHO,2041.8625,161.0,80.476
ZHO,2053.0625,144.0,80.476
ZHO,2064.795833333333,132.0,80.476
ZHO,2071.9069444444444,128.0,80.476
ZHO,2081.2402777777775,120.0,80.476
ZHO,2090.1069444444443,114.0,80.476
ZHO,2101.995833333333,107.0,80.476
ZHO,2107.7447222222218,104.0,80.476
ZHO,2114.4780555555553,101.0,80.476
ZHO,2119.0558333333333,103.0,80.476
ZHO,2128.744722222222,109.0,80.476
ZHO,2135.0780555555552,114.0,80.476
ZHO,2143.0780555555552,120.0,80.476
ZHO,2152.955833333333,127.0,80.476
ZHO,2160.789166666666,141.0,80.476
ZHO,2172.8447222222217,155.0,80.476
ZHO,2180.0002777777772,161.0,80.476
ZHO,2202.489166666666,184.0,80.476
ZHO,2224.489166666666,198.0,80.476
ZHO,2235.989166666666,207.0,80.476
ZHO,2247.766944444443,212.0,80.476
ZHO,2269.8669444444436,221.0,80.476
ZHO,2287.366944444443,225.0,80.476
ZHO,2300.311388888888,233.0,80.476
ZHO,2310.844722222221,237.0,80.476
ZHO,2329.890277777777,244.0,80.476
ZHO,2346.2902777777767,246.0,80.476
ZHO,2362.9569444444437,250.0,80.476
ZHO,2374.2013888888882,253.0,80.476
ZHO,2391.334722222221,257.0,80.476
ZHO,2417.334722222221,260.0,80.476
ZHO,2437.4791666666656,259.0,80.476
ZHO,2450.7013888888882,238.0,80.476
ZHO,2470.9449999999993,203.0,80.476
ZHO,2479.1672222222214,185.0,80.476
ZHO,2486.8116666666656,172.0,80.476
ZHO,2499.4116666666655,162.0,80.476
ZHO,2514.5116666666654,151.0,80.476
ZHO,2522.4005555555545,142.0,80.476
ZHO,2536.5005555555545,141.0,80.476
ZHO,2544.5005555555545,144.0,80.476
ZHO,2556.244999999999,151.0,80.476
ZHO,2570.8227777777765,164.0,80.476
ZHO,2590.822777777777,180.0,80.476
ZHO,2599.0005555555545,184.0,80.476
ZHO,2625.8005555555546,201.0,80.476
ZHO,2642.0561111111097,209.0,80.476
ZHO,2656.389444444443,215.0,80.476
ZHO,2671.25611111111,223.0,80.476
ZHO,2683.9302777777766,227.0,80.476
ZHO,2696.7636111111096,231.0,80.476
ZHO,2707.1191666666655,233.0,80.476
ZHO,2731.3191666666653,242.0,80.476
ZHO,2744.9858333333323,246.0,80.476
ZHO,2767.0302777777765,248.0,80.476
ZHO,2783.9636111111095,254.0,80.476
ZHO,2801.2302777777763,259.0,80.476
ZHO,2818.096944444443,253.0,80.476
ZHO,2834.6969444444426,249.0,80.476
ZHO,2856.1408333333316,242.0,80.476
ZHO,2872.274166666665,242.0,80.476
ZHO,2896.374166666665,241.0,80.476
ZHO,2929.4408333333317,248.0,80.476
ZHO,2943.2186111111096,248.0,80.476
ZHO,2957.163055555554,251.0,80.476
ZHO,2985.496388888888,255.0,80.476
ZHO,2996.829722222221,255.0,80.476
ZHO,3029.340833333332,266.0,80.476
ZHO,3050.1074999999987,267.0,80.476
ZHO,3071.496388888888,275.0,80.476
ZHO,3083.8074999999994,277.0,80.476
ZHO,3115.251944444444,283.0,80.476
ZHO,3137.4186111111107,285.0,80.476
ZHO,3159.976666666666,289.0,80.476
ZHO,3172.9544444444437,292.0,80.476
ZHO,3189.287777777777,294.0,80.476
ZHO,3202.487777777777,297.0,80.476
ZHO,3232.3877777777775,299.0,80.476
ZHO,3259.1433333333325,301.0,80.476
ZHO,3279.476666666666,305.0,80.476
ZHO,3313.587777777777,307.0,80.476
ZHO,3337.387777777777,306.0,80.476
ZHO,3361.135555555555,268.0,80.476
ZHO,3378.002222222222,253.0,80.476
ZHO,3391.2688888888883,199.0,80.476
ZHO,3403.8022222222216,188.0,80.476
ZHO,3411.0911111111104,164.0,80.476
ZHO,3418.113333333333,158.0,80.476
ZHO,3426.335555555555,148.0,80.476
ZHO,3438.246666666666,134.0,80.476
ZHO,3443.89111111111,127.0,80.476
ZHO,3452.0244444444434,122.0,80.476
ZHO,3458.413333333332,115.0,80.476
ZHO,3464.635555555554,112.0,80.476
ZHO,3471.8355555555545,108.0,80.476
ZHO,3482.4355555555544,106.0,80.476
ZHO,3489.702222222221,109.0,80.476
ZHO,3494.635555555554,111.0,80.476
ZHO,3500.9688888888877,114.0,80.476
ZHO,3506.2577777777765,119.0,80.476
ZHO,3514.4577777777768,123.0,80.476
ZHO,3524.8391666666657,133.0,80.476
ZHO,3530.972499999999,138.0,80.476
ZHO,3537.28361111111,142.0,80.476
ZHO,3551.3280555555543,158.0,80.476
ZHO,3558.439166666665,160.0,80.476
ZHO,3573.728055555554,172.0,80.476
ZHO,3581.6836111111097,179.0,80.476
ZHO,3592.0169444444427,186.0,80.476
ZHO,3600.505833333332,191.0,80.476
ZHO,3613.6391666666655,197.0,80.476
ZHO,3629.6613888888874,206.0,80.476
ZHO,3648.5355555555543,213.0,80.476
ZHO,3666.8466666666654,206.0,80.476
ZHO,3677.402222222221,190.0,80.476
ZHO,3687.1799999999985,176.0,80.476
ZHO,3704.513333333332,156.0,80.476
ZHO,3721.3799999999987,138.0,80.476
ZHO,3731.802222222221,134.0,80.476
ZHO,3743.002222222221,126.0,80.476
ZHO,3757.668888888888,120.0,80.476
ZHO,3764.224444444443,118.0,80.476
ZHO,3777.779999999999,122.0,80.476
ZHO,3783.29111111111,124.0,80.476
ZHO,3794.8466666666654,130.0,80.476
ZHO,3807.3299999999986,140.0,80.476
ZHO,3820.9299999999985,153.0,80.476
ZHO,3829.8188888888876,160.0,80.476
ZHO,3837.3299999999986,169.0,80.476
ZHO,3851.4077777777766,181.0,80.476
ZHO,3864.0077777777765,189.0,80.476
ZHO,3881.607777777777,198.0,80.476
ZHO,3900.0966666666654,208.0,80.476
ZHO,3914.629999999999,218.0,80.476
ZHO,3930.496666666666,204.0,80.476
ZHO,3948.6461111111103,182.0,80.476
ZHO,3962.690555555555,158.0,80.476
ZHO,3972.623888888888,149.0,80.476
ZHO,3982.157222222221,143.0,80.476
ZHO,3988.2461111111106,137.0,80.476
ZHO,4001.546111111111,133.0,80.476
ZHO,4013.368333333333,133.0,80.476
ZHO,4022.368333333333,135.0,80.476
ZHO,4034.9016666666666,141.0,80.476
ZHO,4043.0683333333336,147.0,80.476
ZHO,4054.9683333333337,153.0,80.476
ZHO,4064.079444444444,164.0,80.476
ZHO,4075.357222222222,145.0,80.476
ZHO,4082.579444444444,130.0,80.476
ZHO,4089.1349999999998,118.0,80.476
ZHO,4099.6641666666665,105.0,80.476
ZHO,4107.208611111111,97.0,80.476
ZHO,4111.341944444444,93.0,80.476
ZHO,4118.186388888889,88.0,80.476
ZHO,4123.019722222222,87.0,80.476
ZHO,4127.686388888888,84.0,80.476
ZHO,4132.408611111111,85.0,80.476
ZHO,4139.019722222222,85.0,80.476
ZHO,4146.0975,91.0,80.476
ZHO,4150.364166666666,96.0,80.476
ZHO,4157.8308333333325,96.0,80.476
ZHO,4163.053055555555,94.0,80.476
ZHO,4168.193888888888,93.0,80.476
ZHO,4177.993888888888,98.0,80.476
ZHO,4184.927222222222,104.0,80.476
ZHO,4190.982777777777,109.0,80.476
ZHO,4206.6272222222215,128.0,80.476
ZHO,4216.027222222222,141.0,80.476
ZHO,4222.516111111111,146.0,80.476
ZHO,4229.716111111111,162.0,80.476
ZHO,4239.2716666666665,172.0,80.476
ZHO,4255.627222222222,184.0,80.476
ZHO,4266.238333333333,191.0,80.476
ZHO,4281.871666666666,201.0,80.476
ZHO,4302.971666666666,211.0,80.476
ZHO,4314.860555555555,214.0,80.476
ZHO,4339.700277777777,223.0,80.476
ZHO,4352.144722222221,224.0,80.476
ZHO,4367.6113888888885,232.0,80.476
ZHO,4377.9225,232.0,80.476
ZHO,4391.144722222222,238.0,80.476
ZHO,4415.4447222222225,243.0,80.476
ZHO,4434.889166666667,250.0,80.476
ZHO,4451.689166666666,252.0,80.476
ZHO,4465.855833333333,255.0,80.476
ZHO,4492.255833333333,264.0,80.476
ZHO,4510.122499999999,268.0,80.476
ZHO,4528.122499999999,270.0,80.476
ZHO,4540.135833333333,272.0,80.476
ZHO,4558.602499999999,277.0,80.476
ZHO,4574.046944444443,278.0,80.476
ZHO,4592.8469444444445,282.0,80.476
ZHO,4615.013611111111,285.0,80.476
ZHO,4630.958055555555,287.0,80.476
VET,11.4,285.0,80.954
VET,33.72222222222222,287.0,80.954
VET,46.61111111111111,290.0,80.954
VET,69.4,293.0,80.954
VET,92.34444444444443,295.0,80.954
VET,108.84444444444445,297.0,80.954
VET,132.10000000000002,299.0,80.954
VET,145.4777777777778,301.0,80.954
VET,165.54444444444445,301.0,80.954
VET,192.56666666666666,304.0,80.954
VET,209.51111111111112,305.0,80.954
VET,233.3111111111111,306.0,80.954
VET,260.6888888888889,308.0,80.954
VET,284.8,310.0,80.954
VET,316.0866666666667,312.0,80.954
VET,329.9533333333333,312.0,80.954
VET,350.81999999999994,313.0,80.954
VET,368.2644444444444,314.0,80.954
VET,403.2644444444444,315.0,80.954
VET,427.91999999999996,317.0,80.954
VET,449.1199999999999,318.0,80.954
VET,466.6430555555554,317.0,80.954
VET,480.77638888888873,318.0,80.954
VET,505.5097222222221,318.0,80.954
VET,533.8652777777777,319.0,80.954
VET,562.2208333333332,319.0,80.954
VET,587.1097222222221,320.0,80.954
VET,619.1097222222221,320.0,80.954
VET,636.8874999999999,320.0,80.954
VET,661.7763888888887,320.0,80.954
VET,675.9541666666665,319.0,80.954
VET,690.1319444444442,319.0,80.954
VET,717.9541666666664,313.0,80.954
VET,739.9986111111109,248.0,80.954
VET,758.8430555555553,212.0,80.954
VET,777.4430555555554,186.0,80.954
VET,787.0541666666666,173.0,80.954
VET,805.1652777777776,163.0,80.954
VET,813.8874999999998,157.0,80.954
VET,828.8288888888887,149.0,80.954
VET,840.0288888888887,144.0,80.954
VET,851.3066666666664,145.0,80.954
VET,861.2399999999998,149.0,80.954
VET,871.5733333333332,155.0,80.954
VET,884.7955555555553,170.0,80.954
VET,894.6288888888887,177.0,80.954
VET,906.8444444444442,184.0,80.954
VET,917.2333333333331,187.0,80.954
VET,925.5888888888887,188.0,80.954
VET,940.4444444444442,191.0,80.954
VET,962.5555555555553,199.0,80.954
VET,973.722222222222,201.0,80.954
VET,990.2111111111109,212.0,80.954
VET,1012.3111111111108,221.0,80.954
VET,1022.3555555555553,226.0,80.954
VET,1045.4555555555553,231.0,80.954
VET,1065.9888888888886,231.0,80.954
VET,1081.522222222222,233.0,80.954
VET,1094.522222222222,234.0,80.954
VET,1118.122222222222,236.0,80.954
VET,1142.1222222222218,240.0,80.954
VET,1158.3222222222219,243.0,80.954
VET,1171.933333333333,245.0,80.954
VET,1193.9574999999998,247.0,80.954
VET,1210.5574999999997,249.0,80.954
VET,1227.2908333333332,251.0,80.954
VET,1241.3463888888887,253.0,80.954
VET,1261.179722222222,255.0,80.954
VET,1272.5574999999997,256.0,80.954
VET,1292.7019444444443,259.0,80.954
VET,1318.9019444444443,262.0,80.954
VET,1330.4736111111113,262.0,80.954
VET,1342.2958333333336,266.0,80.954
VET,1363.1402777777778,268.0,80.954
VET,1375.1402777777778,270.0,80.954
VET,1399.3180555555555,272.0,80.954
VET,1420.7069444444444,275.0,80.954
VET,1432.973611111111,276.0,80.954
VET,1457.8625,280.0,80.954
VET,1495.5958333333333,283.0,80.954
VET,1511.3736111111111,284.0,80.954
VET,1524.0402777777779,285.0,80.954
VET,1546.2847222222222,286.0,80.954
VET,1568.6847222222223,288.0,80.954
VET,1581.4847222222222,288.0,80.954
VET,1601.940277777778,263.0,80.954
VET,1619.4402777777777,225.0,80.954
VET,1641.1069444444445,195.0,80.954
VET,1660.2658333333334,172.0,80.954
VET,1667.5547222222224,164.0,80.954
VET,1679.7658333333334,157.0,80.954
VET,1693.2769444444446,152.0,80.954
VET,1701.499166666667,148.0,80.954
VET,1712.621388888889,143.0,80.954
VET,1723.5880555555557,141.0,80.954
VET,1739.5880555555557,144.0,80.954
VET,1747.7138888888892,147.0,80.954
VET,1757.9805555555558,154.0,80.954
VET,1764.9583333333337,157.0,80.954
VET,1780.0694444444448,170.0,80.954
VET,1789.902777777778,177.0,80.954
VET,1802.169444444445,184.0,80.954
VET,1817.180555555556,193.0,80.954
VET,1828.2361111111115,199.0,80.954
VET,1844.4138888888892,208.0,80.954
VET,1853.7027777777782,209.0,80.954
VET,1880.5916666666672,220.0,80.954
VET,1905.9250000000004,228.0,80.954
VET,1918.8138888888896,232.0,80.954
VET,1931.9250000000006,236.0,80.954
VET,1956.0250000000005,241.0,80.954
VET,1975.158333333334,246.0,80.954
VET,1988.9361111111118,248.0,80.954
VET,1999.6916666666673,242.0,80.954
VET,2016.395555555556,214.0,80.954
VET,2028.662222222223,184.0,80.954
VET,2040.3288888888894,175.0,80.954
VET,2047.1733333333339,154.0,80.954
VET,2057.0400000000004,148.0,80.954
VET,2070.0400000000004,130.0,80.954
VET,2079.3733333333334,120.0,80.954
VET,2085.8733333333334,117.0,80.954
VET,2097.1419444444446,113.0,80.954
VET,2102.0308333333337,110.0,80.954
VET,2106.875277777778,109.0,80.954
VET,2114.964166666667,104.0,80.954
VET,2125.864166666667,109.0,80.954
VET,2132.1975000000007,114.0,80.954
VET,2144.0975000000008,119.0,80.954
VET,2151.208611111112,128.0,80.954
VET,2162.1752777777783,141.0,80.954
VET,2176.041944444445,156.0,80.954
VET,2195.48638888889,175.0,80.954
VET,2203.619722222223,183.0,80.954
VET,2230.5530555555565,202.0,80.954
VET,2247.041944444445,212.0,80.954
VET,2261.5752777777784,218.0,80.954
VET,2276.5752777777784,225.0,80.954
VET,2289.416944444445,230.0,80.954
VET,2302.305833333334,232.0,80.954
VET,2312.928055555556,239.0,80.954
VET,2337.628055555556,247.0,80.954
VET,2351.5725000000007,251.0,80.954
VET,2374.2391666666667,255.0,80.954
VET,2391.439166666667,258.0,80.954
VET,2408.9058333333337,262.0,80.954
VET,2426.505833333334,264.0,80.954
VET,2444.1725000000006,265.0,80.954
VET,2462.603611111112,208.0,80.954
VET,2475.4036111111122,192.0,80.954
VET,2492.4036111111122,170.0,80.954
VET,2513.3369444444456,157.0,80.954
VET,2521.78138888889,152.0,80.954
VET,2530.003611111112,148.0,80.954
VET,2545.8925000000013,143.0,80.954
VET,2552.2925000000014,144.0,80.954
VET,2571.725833333335,159.0,80.954
VET,2584.4813888888903,164.0,80.954
VET,2598.7925000000014,184.0,80.954
VET,2607.236944444446,190.0,80.954
VET,2629.792500000002,203.0,80.954
VET,2646.0480555555573,209.0,80.954
VET,2662.9861111111127,217.0,80.954
VET,2672.852777777779,222.0,80.954
VET,2685.4638888888903,227.0,80.954
VET,2695.641666666668,229.0,80.954
VET,2719.441666666668,238.0,80.954
VET,2741.041666666668,243.0,80.954
VET,2757.6416666666682,249.0,80.954
VET,2785.9750000000013,255.0,80.954
VET,2805.7305555555567,254.0,80.954
VET,2827.971944444446,251.0,80.954
VET,2844.4386111111126,247.0,80.954
VET,2860.5719444444458,242.0,80.954
VET,2876.4386111111126,238.0,80.954
VET,2887.01638888889,238.0,80.954
VET,2897.7275000000013,241.0,80.954
VET,2911.2275000000013,243.0,80.954
VET,2933.1830555555566,247.0,80.954
VET,2944.1608333333347,247.0,80.954
VET,2960.8275000000017,250.0,80.954
VET,2974.8275000000012,252.0,80.954
VET,2989.105277777779,257.0,80.954
VET,3006.505277777779,261.0,80.954
VET,3033.105277777779,266.0,80.954
VET,3051.171944444445,271.0,80.954
VET,3063.305277777779,273.0,80.954
VET,3078.638611111112,276.0,80.954
VET,3091.038611111112,279.0,80.954
VET,3109.705277777779,280.0,80.954
VET,3131.9511111111124,285.0,80.954
VET,3144.706666666668,287.0,80.954
VET,3157.5511111111127,289.0,80.954
VET,3183.5066666666685,292.0,80.954
VET,3196.573333333335,294.0,80.954
VET,3222.973333333335,297.0,80.954
VET,3236.2177777777797,298.0,80.954
VET,3252.9400000000014,301.0,80.954
VET,3266.3177777777796,301.0,80.954
VET,3286.584444444446,304.0,80.954
VET,3310.306666666668,305.0,80.954
VET,3336.5355555555575,296.0,80.954
VET,3359.8244444444463,262.0,80.954
VET,3372.102222222224,221.0,80.954
VET,3383.213333333335,200.0,80.954
VET,3402.1022222222236,170.0,80.954
VET,3419.946666666668,146.0,80.954
VET,3430.602222222223,137.0,80.954
VET,3442.246666666668,131.0,80.954
VET,3457.280000000001,123.0,80.954
VET,3464.0022222222233,121.0,80.954
VET,3476.557777777779,113.0,80.954
VET,3481.5355555555566,112.0,80.954
VET,3491.1355555555565,108.0,80.954
VET,3500.94388888889,110.0,80.954
VET,3511.521666666668,119.0,80.954
VET,3518.4661111111122,125.0,80.954
VET,3524.3327777777786,132.0,80.954
VET,3535.2216666666677,140.0,80.954
VET,3545.421666666668,153.0,80.954
VET,3559.021666666668,153.0,80.954
VET,3574.755000000001,177.0,80.954
VET,3587.2216666666677,187.0,80.954
VET,3602.2327777777787,193.0,80.954
VET,3622.4763888888897,203.0,80.954
VET,3641.143055555556,210.0,80.954
VET,3654.609722222223,202.0,80.954
VET,3667.3430555555565,191.0,80.954
VET,3675.3430555555565,180.0,80.954
VET,3691.6430555555567,163.0,80.954
VET,3704.97638888889,150.0,80.954
VET,3714.3097222222236,140.0,80.954
VET,3726.3097222222236,135.0,80.954
VET,3733.47638888889,129.0,80.954
VET,3743.0430555555567,123.0,80.954
VET,3749.765277777779,121.0,80.954
VET,3759.17638888889,121.0,80.954
VET,3766.0652777777786,124.0,80.954
VET,3773.1208333333343,127.0,80.954
VET,3786.357500000001,132.0,80.954
VET,3797.0908333333346,138.0,80.954
VET,3803.4463888888904,143.0,80.954
VET,3814.8797222222233,147.0,80.954
VET,3823.3241666666677,152.0,80.954
VET,3831.879722222223,154.0,80.954
VET,3841.101944444445,166.0,80.954
VET,3854.868611111112,177.0,80.954
VET,3869.490833333334,188.0,80.954
VET,3878.201944444445,196.0,80.954
VET,3893.913055555556,202.0,80.954
VET,3905.468611111112,208.0,80.954
VET,3917.132222222223,211.0,80.954
VET,3936.232222222223,191.0,80.954
VET,3948.098888888889,178.0,80.954
VET,3957.376666666667,167.0,80.954
VET,3975.9544444444446,152.0,80.954
VET,3985.287777777778,140.0,80.954
VET,3991.3322222222223,136.0,80.954
VET,3997.2433333333333,133.0,80.954
VET,4004.4100000000003,129.0,80.954
VET,4015.165555555556,121.0,80.954
VET,4021.887777777778,121.0,80.954
VET,4031.7655555555557,127.0,80.954
VET,4045.665555555556,139.0,80.954
VET,4053.8322222222228,147.0,80.954
VET,4070.8747222222228,153.0,80.954
VET,4078.6525000000006,140.0,80.954
VET,4087.185833333334,128.0,80.954
VET,4092.385833333334,117.0,80.954
VET,4098.385833333335,108.0,80.954
VET,4107.985833333335,96.0,80.954
VET,4115.296944444446,94.0,80.954
VET,4121.03027777778,86.0,80.954
VET,4125.585833333335,82.0,80.954
VET,4133.685833333336,81.0,80.954
VET,4139.285833333335,84.0,80.954
VET,4145.352500000002,91.0,80.954
VET,4149.636666666669,97.0,80.954
VET,4155.970000000002,95.0,80.954
VET,4161.192222222225,94.0,80.954
VET,4167.792222222224,99.0,80.954
VET,4175.725555555558,102.0,80.954
VET,4181.614444444446,106.0,80.954
VET,4190.481111111113,114.0,80.954
VET,4197.14777777778,120.0,80.954
VET,4202.747777777779,126.0,80.954
VET,4214.925555555557,137.0,80.954
VET,4227.058888888891,156.0,80.954
VET,4240.281111111112,170.0,80.954
VET,4250.170000000001,178.0,80.954
VET,4262.5700000000015,186.0,80.954
VET,4275.370000000001,192.0,80.954
VET,4290.66888888889,196.0,80.954
VET,4307.002222222223,210.0,80.954
VET,4321.002222222223,210.0,80.954
VET,4345.668888888889,222.0,80.954
VET,4363.402222222223,228.0,80.954
VET,4381.291111111112,230.0,80.954
VET,4391.691111111112,234.0,80.954
VET,4407.691111111112,240.0,80.954
VET,4432.391111111112,247.0,80.954
VET,4460.502222222223,253.0,80.954
VET,4483.4525,259.0,80.954
VET,4503.830277777778,262.0,80.954
VET,4515.652500000001,266.0,80.954
VET,4536.6525,270.0,80.954
VET,4554.852500000001,273.0,80.954
VET,4567.030277777779,274.0,80.954
VET,4585.363611111112,275.0,80.954
VET,4597.719166666669,278.0,80.954
VET,4632.063611111113,281.0,80.954
ALO,0.23833333333333334,286.0,81.043
ALO,35.805,291.0,81.043
ALO,55.271666666666675,292.0,81.043
ALO,91.44944444444445,296.0,81.043
ALO,104.64944444444444,297.0,81.043
ALO,127.905,299.0,81.043
ALO,154.57166666666666,300.0,81.043
ALO,198.33833333333334,303.0,81.043
ALO,229.0233333333333,306.0,81.043
ALO,252.9788888888889,308.0,81.043
ALO,273.57888888888886,309.0,81.043
ALO,290.8011111111111,310.0,81.043
ALO,311.3816666666666,310.0,81.043
ALO,335.57055555555553,311.0,81.043
ALO,356.4372222222222,313.0,81.043
ALO,377.3705555555555,314.0,81.043
ALO,394.81499999999994,314.0,81.043
ALO,422.81499999999994,315.0,81.043
ALO,443.8816666666666,316.0,81.043
ALO,468.45944444444433,316.0,81.043
ALO,503.6816666666666,317.0,81.043
ALO,535.3816666666667,317.0,81.043
ALO,553.0483333333333,318.0,81.043
ALO,567.1816666666666,318.0,81.043
ALO,584.8483333333332,318.0,81.043
ALO,609.5816666666666,318.0,81.043
ALO,623.7594444444444,319.0,81.043
ALO,659.2038888888887,319.0,81.043
ALO,680.4705555555554,319.0,81.043
ALO,711.8705555555554,314.0,81.043
ALO,724.626111111111,287.0,81.043
ALO,744.5372222222221,256.0,81.043
ALO,754.6261111111108,227.0,81.043
ALO,764.1372222222219,214.0,81.043
ALO,781.524722222222,195.0,81.043
ALO,789.3469444444441,176.0,81.043
ALO,800.5469444444442,168.0,81.043
ALO,807.7469444444442,162.0,81.043
ALO,819.7594444444443,155.0,81.043
ALO,832.9149999999998,148.0,81.043
ALO,842.5149999999999,144.0,81.043
ALO,852.2483333333332,146.0,81.043
ALO,858.8705555555555,149.0,81.043
ALO,869.3372222222222,157.0,81.043
ALO,876.7149999999999,166.0,81.043
ALO,894.5149999999999,178.0,81.043
ALO,902.6483333333332,183.0,81.043
ALO,919.0927777777777,185.0,81.043
ALO,929.5927777777777,189.0,81.043
ALO,947.1038888888888,197.0,81.043
ALO,960.6372222222221,203.0,81.043
ALO,972.0816666666666,206.0,81.043
ALO,981.2372222222222,206.0,81.043
ALO,990.7927777777777,215.0,81.043
ALO,1010.6149999999999,223.0,81.043
ALO,1033.5149999999999,229.0,81.043
ALO,1061.8705555555555,232.0,81.043
ALO,1077.4705555555554,234.0,81.043
ALO,1101.0705555555555,236.0,81.043
ALO,1111.6038888888888,237.0,81.043
ALO,1122.2925,239.0,81.043
ALO,1143.8925,243.0,81.043
ALO,1154.6924999999999,243.0,81.043
ALO,1176.5591666666667,246.0,81.043
ALO,1193.0925,248.0,81.043
ALO,1217.9233333333334,249.0,81.043
ALO,1245.9233333333334,252.0,81.043
ALO,1265.6011111111113,253.0,81.043
ALO,1288.3566666666668,256.0,81.043
ALO,1346.8011111111111,263.0,81.043
ALO,1358.49,263.0,81.043
ALO,1370.2677777777778,265.0,81.043
ALO,1388.067777777778,267.0,81.043
ALO,1399.9344444444448,267.0,81.043
ALO,1421.0122222222224,271.0,81.043
ALO,1439.2122222222224,273.0,81.043
ALO,1451.39,274.0,81.043
ALO,1485.367777777778,278.0,81.043
ALO,1500.8122222222223,278.0,81.043
ALO,1532.1455555555556,282.0,81.043
ALO,1557.4788888888888,285.0,81.043
ALO,1582.901111111111,286.0,81.043
ALO,1613.7652777777778,231.0,81.043
ALO,1633.4652777777778,197.0,81.043
ALO,1643.798611111111,186.0,81.043
ALO,1655.598611111111,177.0,81.043
ALO,1663.198611111111,171.0,81.043
ALO,1672.0983333333334,161.0,81.043
ALO,1680.8761111111112,158.0,81.043
ALO,1694.1205555555557,149.0,81.043
ALO,1705.242777777778,143.0,81.043
ALO,1714.6427777777778,141.0,81.043
ALO,1727.5316666666668,145.0,81.043
ALO,1740.865,150.0,81.043
ALO,1754.6427777777778,155.0,81.043
ALO,1765.3094444444444,160.0,81.043
ALO,1782.9094444444443,176.0,81.043
ALO,1799.4427777777776,186.0,81.043
ALO,1814.5316666666665,194.0,81.043
ALO,1829.776111111111,196.0,81.043
ALO,1841.1094444444443,204.0,81.043
ALO,1852.7205555555554,209.0,81.043
ALO,1872.0983333333331,218.0,81.043
ALO,1884.376111111111,221.0,81.043
ALO,1899.4427777777778,226.0,81.043
ALO,1925.2205555555554,232.0,81.043
ALO,1943.719722222222,237.0,81.043
ALO,1954.3863888888886,240.0,81.043
ALO,1970.7197222222221,245.0,81.043
ALO,1984.4419444444443,247.0,81.043
ALO,1995.508611111111,249.0,81.043
ALO,2010.1752777777774,220.0,81.043
ALO,2024.0419444444442,208.0,81.043
ALO,2034.9961111111108,165.0,81.043
ALO,2045.129444444444,152.0,81.043
ALO,2055.785,137.0,81.043
ALO,2064.4516666666664,130.0,81.043
ALO,2071.507222222222,127.0,81.043
ALO,2079.307222222222,117.0,81.043
ALO,2092.873888888889,111.0,81.043
ALO,2100.073888888889,108.0,81.043
ALO,2105.7961111111113,103.0,81.043
ALO,2112.5294444444444,101.0,81.043
ALO,2124.6405555555552,109.0,81.043
ALO,2132.0405555555553,111.0,81.043
ALO,2137.373888888889,120.0,81.043
ALO,2144.373888888889,126.0,81.043
ALO,2151.373888888889,126.0,81.043
ALO,2157.240555555555,132.0,81.043
ALO,2163.4627777777773,140.0,81.043
ALO,2175.440555555555,154.0,81.043
ALO,2188.1961111111104,164.0,81.043
ALO,2199.7294444444437,173.0,81.043
ALO,2215.8183333333327,181.0,81.043
ALO,2223.913055555555,181.0,81.043
ALO,2235.9797222222214,181.0,81.043
ALO,2255.1797222222212,216.0,81.043
ALO,2280.06861111111,224.0,81.043
ALO,2292.8463888888873,230.0,81.043
ALO,2303.2463888888874,234.0,81.043
ALO,2313.8463888888873,240.0,81.043
ALO,2327.290833333332,242.0,81.043
ALO,2346.4241666666653,246.0,81.043
ALO,2357.535277777776,250.0,81.043
ALO,2377.2908333333316,254.0,81.043
ALO,2394.490833333332,258.0,81.043
ALO,2420.890833333332,264.0,81.043
ALO,2434.946388888887,253.0,81.043
ALO,2459.3463888888873,183.0,81.043
ALO,2479.2686111111093,163.0,81.043
ALO,2497.157499999998,161.0,81.043
ALO,2512.157499999998,150.0,81.043
ALO,2526.757499999998,146.0,81.043
ALO,2541.857499999998,151.0,81.043
ALO,2556.435277777776,164.0,81.043
ALO,2565.7686111111093,168.0,81.043
ALO,2581.818611111109,180.0,81.043
ALO,2592.263055555554,188.0,81.043
ALO,2609.6852777777763,196.0,81.043
ALO,2627.9963888888874,206.0,81.043
ALO,2639.7186111111096,211.0,81.043
ALO,2654.051944444443,215.0,81.043
ALO,2665.996388888888,215.0,81.043
ALO,2691.266388888888,228.0,81.043
ALO,2701.5774999999985,232.0,81.043
ALO,2711.9774999999986,234.0,81.043
ALO,2722.510833333332,237.0,81.043
ALO,2741.333055555554,242.0,81.043
ALO,2765.933055555554,246.0,81.043
ALO,2788.333055555554,252.0,81.043
ALO,2805.1997222222208,253.0,81.043
ALO,2819.3663888888873,255.0,81.043
ALO,2841.5886111111095,250.0,81.043
ALO,2852.6552777777765,249.0,81.043
ALO,2871.5552777777766,243.0,81.043
ALO,2887.421944444443,238.0,81.043
ALO,2903.2886111111097,238.0,81.043
ALO,2916.399722222221,236.0,81.043
ALO,2940.299722222221,239.0,81.043
ALO,2972.9663888888876,245.0,81.043
ALO,2992.3330555555544,249.0,81.043
ALO,3009.3330555555544,255.0,81.043
ALO,3020.826666666665,257.0,81.043
ALO,3035.326666666665,261.0,81.043
ALO,3059.148888888887,268.0,81.043
ALO,3086.248888888887,271.0,81.043
ALO,3101.637777777776,277.0,81.043
ALO,3117.1933333333313,280.0,81.043
ALO,3135.9933333333315,282.0,81.043
ALO,3151.747499999998,285.0,81.043
ALO,3174.147499999998,288.0,81.043
ALO,3187.080833333332,291.0,81.043
ALO,3203.3586111111094,293.0,81.043
ALO,3216.4697222222208,295.0,81.043
ALO,3242.95861111111,298.0,81.043
ALO,3273.0586111111097,301.0,81.043
ALO,3300.080833333332,304.0,81.043
ALO,3327.1919444444434,305.0,81.043
ALO,3347.7252777777767,264.0,81.043
ALO,3371.3252777777766,236.0,81.043
ALO,3380.791944444443,213.0,81.043
ALO,3394.325277777776,174.0,81.043
ALO,3407.314166666665,167.0,81.043
ALO,3418.6697222222206,146.0,81.043
ALO,3434.5586111111093,130.0,81.043
ALO,3445.4030555555537,122.0,81.043
ALO,3450.7808333333314,121.0,81.043
ALO,3457.3133333333312,117.0,81.043
ALO,3468.413333333331,111.0,81.043
ALO,3473.1688888888866,107.0,81.043
ALO,3479.2799999999975,110.0,81.043
ALO,3493.5799999999977,117.0,81.043
ALO,3504.60222222222,124.0,81.043
ALO,3513.56472222222,135.0,81.043
ALO,3519.56472222222,135.0,81.043
ALO,3530.5313888888863,141.0,81.043
ALO,3540.6647222222196,152.0,81.043
ALO,3563.598055555553,172.0,81.043
ALO,3571.509166666664,178.0,81.043
ALO,3579.598055555553,182.0,81.043
ALO,3594.4536111111083,191.0,81.043
ALO,3603.1202777777753,195.0,81.043
ALO,3611.920277777775,198.0,81.043
ALO,3623.198055555553,203.0,81.043
ALO,3634.7536111111085,208.0,81.043
ALO,3650.3869444444417,201.0,81.043
ALO,3658.6536111111086,186.0,81.043
ALO,3670.3202777777756,175.0,81.043
ALO,3679.486944444442,165.0,81.043
ALO,3691.4647222222197,154.0,81.043
ALO,3699.7424999999976,149.0,81.043
ALO,3706.142499999997,144.0,81.043
ALO,3715.4758333333307,140.0,81.043
ALO,3728.5758333333306,131.0,81.043
ALO,3739.8108333333307,126.0,81.043
ALO,3748.210833333331,126.0,81.043
ALO,3756.010833333331,117.0,81.043
ALO,3766.6774999999975,120.0,81.043
ALO,3780.6774999999975,126.0,81.043
ALO,3789.344166666664,130.0,81.043
ALO,3803.305277777775,140.0,81.043
ALO,3809.6608333333306,143.0,81.043
ALO,3818.0497222222198,151.0,81.043
ALO,3830.4163888888866,159.0,81.043
ALO,3838.0163888888865,171.0,81.043
ALO,3854.105277777775,181.0,81.043
ALO,3868.960833333331,191.0,81.043
ALO,3882.1608333333315,198.0,81.043
ALO,3893.3830555555533,202.0,81.043
ALO,3907.583055555554,213.0,81.043
ALO,3917.138611111109,215.0,81.043
ALO,3935.238611111109,181.0,81.043
ALO,3951.138611111109,159.0,81.043
ALO,3961.138611111109,150.0,81.043
ALO,3969.194166666665,145.0,81.043
ALO,3981.4608333333317,138.0,81.043
ALO,3987.416388888887,134.0,81.043
ALO,3994.583055555554,129.0,81.043
ALO,4009.0274999999983,130.0,81.043
ALO,4024.2877777777767,137.0,81.043
ALO,4033.6877777777763,141.0,81.043
ALO,4041.6877777777763,144.0,81.043
ALO,4050.243333333332,154.0,81.043
ALO,4059.187777777776,161.0,81.043
ALO,4069.254444444443,151.0,81.043
ALO,4078.0544444444427,132.0,81.043
ALO,4086.1211111111093,121.0,81.043
ALO,4098.201944444442,109.0,81.043
ALO,4104.535277777776,95.0,81.043
ALO,4110.46861111111,89.0,81.043
ALO,4118.668611111109,82.0,81.043
ALO,4128.3241666666645,79.0,81.043
ALO,4134.77972222222,83.0,81.043
ALO,4139.890833333331,92.0,81.043
ALO,4144.068611111109,94.0,81.043
ALO,4150.201944444442,92.0,81.043
ALO,4157.046388888887,88.0,81.043
ALO,4163.113055555554,91.0,81.043
ALO,4169.37972222222,94.0,81.043
ALO,4178.890833333331,107.0,81.043
ALO,4189.290833333331,117.0,81.043
ALO,4199.47972222222,131.0,81.043
ALO,4209.07972222222,144.0,81.043
ALO,4219.589999999997,157.0,81.043
ALO,4228.701111111108,164.0,81.043
ALO,4248.812222222219,181.0,81.043
ALO,4261.545555555552,191.0,81.043
ALO,4274.7455555555525,198.0,81.043
ALO,4283.812222222219,204.0,81.043
ALO,4292.967777777774,206.0,81.043
ALO,4302.389999999997,212.0,81.043
ALO,4321.767777777775,218.0,81.043
ALO,4344.304999999998,226.0,81.043
ALO,4359.504999999998,228.0,81.043
ALO,4375.038333333331,233.0,81.043
ALO,4396.282777777775,239.0,81.043
ALO,4406.949444444442,240.0,81.043
ALO,4420.449444444441,243.0,81.043
ALO,4437.049444444441,249.0,81.043
ALO,4448.116111111108,249.0,81.043
ALO,4476.449444444442,255.0,81.043
ALO,4490.949444444441,261.0,81.043
ALO,4502.638333333331,263.0,81.043
ALO,4520.43833333333,267.0,81.043
ALO,4535.4938888888855,271.0,81.043
ALO,4563.093888888886,276.0,81.043
ALO,4575.4938888888855,279.0,81.043
ALO,4591.104999999997,281.0,81.043
ALO,4613.193888888886,284.0,81.043
STR,16.80333333333333,284.0,81.418
STR,36.00333333333333,288.0,81.418
STR,68.22555555555556,290.0,81.418
STR,87.69222222222223,292.0,81.418
STR,103.97,293.0,81.418
STR,117.08111111111113,295.0,81.418
STR,140.18111111111114,297.0,81.418
STR,170.18111111111114,300.0,81.418
STR,190.3313888888889,301.0,81.418
STR,213.89805555555557,303.0,81.418
STR,240.9202777777778,304.0,81.418
STR,261.3202777777778,306.0,81.418
STR,295.5425,308.0,81.418
STR,316.14250000000004,309.0,81.418
STR,336.7894444444445,311.0,81.418
STR,357.52277777777783,311.0,81.418
STR,385.2561111111112,312.0,81.418
STR,406.18944444444446,314.0,81.418
STR,437.5894444444445,314.0,81.418
STR,462.0894444444445,315.0,81.418
STR,479.645,316.0,81.418
STR,504.30055555555555,317.0,81.418
STR,525.5005555555556,318.0,81.418
STR,543.1672222222222,318.0,81.418
STR,560.8338888888889,318.0,81.418
STR,582.1005555555555,319.0,81.418
STR,614.0005555555555,319.0,81.418
STR,635.2672222222221,319.0,81.418
STR,677.8005555555554,319.0,81.418
STR,691.9783333333332,319.0,81.418
STR,725.5338888888888,302.0,81.418
STR,745.0561111111109,251.0,81.418
STR,763.7811111111109,210.0,81.418
STR,772.3588888888887,193.0,81.418
STR,789.8588888888887,175.0,81.418
STR,797.2811111111108,167.0,81.418
STR,809.3366666666665,155.0,81.418
STR,816.1366666666664,153.0,81.418
STR,825.9366666666664,147.0,81.418
STR,838.342222222222,140.0,81.418
STR,846.1199999999998,140.0,81.418
STR,854.0088888888887,142.0,81.418
STR,863.742222222222,146.0,81.418
STR,875.9533333333331,157.0,81.418
STR,891.0644444444442,170.0,81.418
STR,904.9088888888887,178.0,81.418
STR,912.9088888888887,180.0,81.418
STR,927.142222222222,183.0,81.418
STR,941.7644444444442,188.0,81.418
STR,952.3755555555553,191.0,81.418
STR,967.7755555555553,198.0,81.418
STR,976.8866666666664,205.0,81.418
STR,990.8199999999998,209.0,81.418
STR,1010.2866666666664,219.0,81.418
STR,1022.6199999999998,222.0,81.418
STR,1040.353333333333,228.0,81.418
STR,1060.9755555555553,232.0,81.418
STR,1079.4088888888887,237.0,81.418
STR,1103.174722222222,237.0,81.418
STR,1113.6636111111109,236.0,81.418
STR,1129.396944444444,236.0,81.418
STR,1142.5080555555553,236.0,81.418
STR,1168.7302777777775,236.0,81.418
STR,1187.1636111111109,237.0,81.418
STR,1203.2302777777775,241.0,81.418
STR,1216.6627777777776,243.0,81.418
STR,1227.507222222222,244.0,81.418
STR,1246.718333333333,247.0,81.418
STR,1269.0294444444442,251.0,81.418
STR,1291.7849999999996,256.0,81.418
STR,1311.8516666666665,258.0,81.418
STR,1338.1516666666664,263.0,81.418
STR,1352.818333333333,264.0,81.418
STR,1373.5849999999996,267.0,81.418
STR,1385.4961111111106,268.0,81.418
STR,1397.4961111111106,270.0,81.418
STR,1421.7627777777773,273.0,81.418
STR,1446.2072222222218,275.0,81.418
STR,1470.918333333333,278.0,81.418
STR,1499.018333333333,281.0,81.418
STR,1514.6849999999995,282.0,81.418
STR,1546.351666666666,285.0,81.418
STR,1562.2405555555551,286.0,81.418
STR,1591.0202777777772,287.0,81.418
STR,1610.4647222222218,250.0,81.418
STR,1627.886944444444,224.0,81.418
STR,1641.1536111111106,199.0,81.418
STR,1653.6202777777773,187.0,81.418
STR,1666.9202777777773,171.0,81.418
STR,1675.9758333333327,163.0,81.418
STR,1686.4652777777771,158.0,81.418
STR,1695.131944444444,156.0,81.418
STR,1701.7986111111106,150.0,81.418
STR,1713.0763888888885,145.0,81.418
STR,1728.743055555555,141.0,81.418
STR,1736.6874999999995,143.0,81.418
STR,1748.1986111111105,148.0,81.418
STR,1763.6986111111107,155.0,81.418
STR,1770.8097222222216,160.0,81.418
STR,1787.6097222222218,168.0,81.418
STR,1803.8763888888884,183.0,81.418
STR,1816.4763888888883,189.0,81.418
STR,1827.3097222222216,195.0,81.418
STR,1847.8097222222216,205.0,81.418
STR,1869.1097222222218,213.0,81.418
STR,1883.7763888888883,220.0,81.418
STR,1896.2208333333326,224.0,81.418
STR,1916.729166666666,230.0,81.418
STR,1932.329166666666,234.0,81.418
STR,1948.2624999999994,239.0,81.418
STR,1961.7069444444437,242.0,81.418
STR,1980.8402777777771,246.0,81.418
STR,1991.862499999999,248.0,81.418
STR,2009.9069444444435,232.0,81.418
STR,2030.6069444444436,207.0,81.418
STR,2038.380277777777,176.0,81.418
STR,2045.4913888888882,160.0,81.418
STR,2057.469166666666,154.0,81.418
STR,2063.602499999999,138.0,81.418
STR,2074.802499999999,126.0,81.418
STR,2083.980277777777,118.0,81.418
STR,2089.0469444444434,114.0,81.418
STR,2098.6469444444433,108.0,81.418
STR,2112.246944444443,102.0,81.418
STR,2117.802499999999,100.0,81.418
STR,2122.335833333332,102.0,81.418
STR,2130.7358333333323,108.0,81.418
STR,2139.835833333332,117.0,81.418
STR,2145.169166666665,120.0,81.418
STR,2155.2802777777765,130.0,81.418
STR,2166.480277777777,144.0,81.418
STR,2184.8136111111103,165.0,81.418
STR,2205.1977777777765,183.0,81.418
STR,2213.7755555555545,193.0,81.418
STR,2229.253333333332,199.0,81.418
STR,2248.0977777777766,212.0,81.418
STR,2260.264444444443,219.0,81.418
STR,2277.6866666666656,224.0,81.418
STR,2295.6533333333323,231.0,81.418
STR,2322.319999999999,240.0,81.418
STR,2335.8077777777767,244.0,81.418
STR,2352.407777777777,249.0,81.418
STR,2363.563333333333,251.0,81.418
STR,2386.2299999999996,255.0,81.418
STR,2400.5633333333326,258.0,81.418
STR,2418.0299999999993,262.0,81.418
STR,2438.2522222222215,260.0,81.418
STR,2451.0855555555545,231.0,81.418
STR,2467.2633333333324,208.0,81.418
STR,2475.7522222222215,191.0,81.418
STR,2496.407777777777,169.0,81.418
STR,2513.629999999999,155.0,81.418
STR,2521.9633333333327,150.0,81.418
STR,2530.0744444444435,146.0,81.418
STR,2544.274444444444,142.0,81.418
STR,2555.629999999999,146.0,81.418
STR,2564.0744444444435,152.0,81.418
STR,2570.9633333333322,155.0,81.418
STR,2584.1547222222216,169.0,81.418
STR,2596.154722222221,180.0,81.418
STR,2608.6880555555545,188.0,81.418
STR,2617.3102777777767,194.0,81.418
STR,2630.7102777777764,201.0,81.418
STR,2651.6102777777764,209.0,81.418
STR,2668.488055555554,217.0,81.418
STR,2680.8213888888877,222.0,81.418
STR,2703.857222222221,231.0,81.418
STR,2714.3016666666654,235.0,81.418
STR,2724.8349999999987,237.0,81.418
STR,2743.7349999999988,243.0,81.418
STR,2768.7349999999988,250.0,81.418
STR,2782.7905555555544,253.0,81.418
STR,2807.7905555555544,250.0,81.418
STR,2821.512777777777,247.0,81.418
STR,2840.4905555555547,244.0,81.418
STR,2861.9127777777767,241.0,81.418
STR,2888.468333333333,239.0,81.418
STR,2899.0461111111103,238.0,81.418
STR,2931.4461111111104,243.0,81.418
STR,2950.4238888888876,244.0,81.418
STR,2967.0905555555546,250.0,81.418
STR,2983.9572222222214,253.0,81.418
STR,2998.1947222222216,255.0,81.418
STR,3012.5836111111103,259.0,81.418
STR,3024.2724999999996,263.0,81.418
STR,3051.1724999999997,269.0,81.418
STR,3066.283611111111,272.0,81.418
STR,3090.994722222222,278.0,81.418
STR,3109.6613888888883,280.0,81.418
STR,3128.528055555555,283.0,81.418
STR,3147.6613888888887,287.0,81.418
STR,3166.928055555555,289.0,81.418
STR,3192.891111111111,293.0,81.418
STR,3212.557777777778,295.0,81.418
STR,3242.3577777777778,298.0,81.418
STR,3282.624444444444,302.0,81.418
STR,3299.5133333333333,304.0,81.418
STR,3316.457777777777,305.0,81.418
STR,3349.902222222222,301.0,81.418
STR,3360.9688888888886,249.0,81.418
STR,3385.2911111111107,199.0,81.418
STR,3399.5244444444443,183.0,81.418
STR,3412.3577777777778,165.0,81.418
STR,3419.246666666667,155.0,81.418
STR,3435.0244444444447,142.0,81.418
STR,3445.057777777778,129.0,81.418
STR,3454.5025,121.0,81.418
STR,3459.7025,117.0,81.418
STR,3465.9802777777777,113.0,81.418
STR,3470.913611111111,111.0,81.418
STR,3481.513611111111,106.0,81.418
STR,3490.6691666666666,103.0,81.418
STR,3497.735833333333,106.0,81.418
STR,3510.4024999999997,114.0,81.418
STR,3519.9691666666663,123.0,81.418
STR,3531.843055555555,134.0,81.418
STR,3541.5763888888887,146.0,81.418
STR,3551.9097222222217,155.0,81.418
STR,3562.9763888888883,166.0,81.418
STR,3570.5763888888882,171.0,81.418
STR,3578.4874999999997,178.0,81.418
STR,3588.7652777777776,185.0,81.418
STR,3605.920833333333,193.0,81.418
STR,3614.720833333333,198.0,81.418
STR,3628.254166666666,203.0,81.418
STR,3639.8097222222214,208.0,81.418
STR,3651.365277777777,208.0,81.418
STR,3664.631944444444,199.0,81.418
STR,3681.731944444444,171.0,81.418
STR,3692.3319444444437,159.0,81.418
STR,3698.9986111111107,150.0,81.418
STR,3706.8875,142.0,81.418
STR,3713.020833333333,138.0,81.418
STR,3722.020833333333,135.0,81.418
STR,3732.2461111111106,131.0,81.418
STR,3738.0238888888885,130.0,81.418
STR,3743.579444444444,125.0,81.418
STR,3754.4238888888885,122.0,81.418
STR,3759.7572222222216,120.0,81.418
STR,3770.2461111111106,118.0,81.418
STR,3775.579444444444,120.0,81.418
STR,3782.357222222222,122.0,81.418
STR,3787.8238888888886,123.0,81.418
STR,3796.357222222222,128.0,81.418
STR,3806.546111111111,131.0,81.418
STR,3819.394722222222,145.0,81.418
STR,3833.261388888888,156.0,81.418
STR,3842.3724999999995,164.0,81.418
STR,3851.983611111111,173.0,81.418
STR,3872.8725,188.0,81.418
STR,3897.561388888889,202.0,81.418
STR,3913.9725,211.0,81.418
STR,3931.839166666666,201.0,81.418
STR,3952.2502777777772,167.0,81.418
STR,3960.9724999999994,157.0,81.418
STR,3977.194722222222,146.0,81.418
STR,3983.505833333333,142.0,81.418
STR,3995.683611111111,137.0,81.418
STR,4007.275277777778,130.0,81.418
STR,4018.919722222222,131.0,81.418
STR,4026.3641666666663,134.0,81.418
STR,4032.3197222222216,134.0,81.418
STR,4043.3641666666663,142.0,81.418
STR,4053.3641666666663,150.0,81.418
STR,4067.230833333333,156.0,81.418
STR,4079.853055555555,142.0,81.418
STR,4088.4530555555552,129.0,81.418
STR,4097.475277777778,116.0,81.418
STR,4107.447499999999,100.0,81.418
STR,4115.803055555555,94.0,81.418
STR,4121.7363888888885,89.0,81.418
STR,4127.203055555555,82.0,81.418
STR,4130.803055555555,81.0,81.418
STR,4139.003055555555,82.0,81.418
STR,4147.0919444444435,91.0,81.418
STR,4153.55861111111,97.0,81.418
STR,4161.825277777776,93.0,81.418
STR,4166.991944444443,93.0,81.418
STR,4174.380833333332,95.0,81.418
STR,4179.936388888887,100.0,81.418
STR,4188.025277777776,104.0,81.418
STR,4194.136388888887,110.0,81.418
STR,4200.580833333332,116.0,81.418
STR,4213.917777777776,133.0,81.418
STR,4225.428888888887,148.0,81.418
STR,4232.273333333331,154.0,81.418
STR,4245.339999999997,168.0,81.418
STR,4255.117777777775,176.0,81.418
STR,4265.284444444442,183.0,81.418
STR,4275.895555555553,191.0,81.418
STR,4291.528888888886,201.0,81.418
STR,4307.862222222219,210.0,81.418
STR,4317.284444444442,212.0,81.418
STR,4334.239999999997,218.0,81.418
STR,4346.573333333331,222.0,81.418
STR,4359.010833333331,225.0,81.418
STR,4382.310833333331,233.0,81.418
STR,4398.044166666664,236.0,81.418
STR,4411.377499999998,240.0,81.418
STR,4441.688611111109,248.0,81.418
STR,4458.4219444444425,251.0,81.418
STR,4469.710833333331,254.0,81.418
STR,4481.088611111109,256.0,81.418
STR,4495.533055555553,260.0,81.418
STR,4518.99972222222,264.0,81.418
STR,4533.833055555552,267.0,81.418
STR,4554.91083333333,271.0,81.418
STR,4582.41083333333,275.0,81.418
STR,4597.799722222218,277.0,81.418
STR,4629.099999999996,281.0,81.418
ALB,0.8,288.0,81.645
ALB,20.2,291.0,81.645
ALB,36.477777777777774,293.0,81.645
ALB,62.52222222222222,293.0,81.645
ALB,92.42222222222222,299.0,81.645
ALB,115.91111111111111,302.0,81.645
ALB,139.55555555555554,304.0,81.645
ALB,156.55555555555554,306.0,81.645
ALB,170.2444444444444,308.0,81.645
ALB,190.77777777777777,308.0,81.645
ALB,207.94444444444446,309.0,81.645
ALB,228.67777777777778,311.0,81.645
ALB,259.8777777777778,312.0,81.645
ALB,284.3,314.0,81.645
ALB,305.1461111111111,314.0,81.645
ALB,336.8461111111111,317.0,81.645
ALB,372.1794444444444,318.0,81.645
ALB,400.62361111111113,319.0,81.645
ALB,436.1791666666666,320.0,81.645
ALB,461.1458333333333,321.0,81.645
ALB,489.7680555555556,322.0,81.645
ALB,507.6569444444444,322.0,81.645
ALB,521.9680555555555,322.0,81.645
ALB,543.4347222222221,322.0,81.645
ALB,568.4791666666666,322.0,81.645
ALB,586.423611111111,323.0,81.645
ALB,604.3680555555554,323.0,81.645
ALB,636.6680555555555,323.0,81.645
ALB,661.7902777777778,323.0,81.645
ALB,694.0902777777777,323.0,81.645
ALB,725.4902777777777,314.0,81.645
ALB,742.223611111111,251.0,81.645
ALB,754.7791666666666,226.0,81.645
ALB,764.8236111111111,226.0,81.645
ALB,783.4236111111111,186.0,81.645
ALB,798.7125,172.0,81.645
ALB,809.4458333333333,161.0,81.645
ALB,824.7033333333334,153.0,81.645
ALB,831.4144444444445,151.0,81.645
ALB,839.6366666666668,148.0,81.645
ALB,853.9366666666667,143.0,81.645
ALB,862.0325,145.0,81.645
ALB,868.6102777777777,148.0,81.645
ALB,875.2769444444443,150.0,81.645
ALB,884.2769444444443,162.0,81.645
ALB,899.5658333333332,172.0,81.645
ALB,913.2547222222221,176.0,81.645
ALB,929.4324999999999,182.0,81.645
ALB,939.7102777777776,185.0,81.645
ALB,950.2102777777777,189.0,81.645
ALB,960.9880555555554,194.0,81.645
ALB,971.9880555555554,198.0,81.645
ALB,983.2102777777777,202.0,81.645
ALB,999.6213888888888,211.0,81.645
ALB,1009.0880555555555,213.0,81.645
ALB,1026.354722222222,222.0,81.645
ALB,1043.7769444444443,224.0,81.645
ALB,1053.9102777777778,228.0,81.645
ALB,1079.5769444444445,231.0,81.645
ALB,1092.4102777777778,231.0,81.645
ALB,1105.2991666666667,232.0,81.645
ALB,1126.010277777778,233.0,81.645
ALB,1141.6102777777778,234.0,81.645
ALB,1162.4991666666667,235.0,81.645
ALB,1178.3658333333333,238.0,81.645
ALB,1191.687777777778,241.0,81.645
ALB,1213.2877777777778,243.0,81.645
ALB,1224.1322222222223,244.0,81.645
ALB,1235.0211111111112,245.0,81.645
ALB,1256.8669444444445,245.0,81.645
ALB,1267.8891666666666,248.0,81.645
ALB,1284.4891666666667,249.0,81.645
ALB,1298.433611111111,251.0,81.645
ALB,1318.1891666666668,254.0,81.645
ALB,1344.0891666666666,259.0,81.645
ALB,1364.544722222222,263.0,81.645
ALB,1391.2447222222222,267.0,81.645
ALB,1403.2447222222222,270.0,81.645
ALB,1421.3113888888888,271.0,81.645
ALB,1433.4447222222223,273.0,81.645
ALB,1451.7780555555555,275.0,81.645
ALB,1464.1336111111111,278.0,81.645
ALB,1479.6336111111113,279.0,81.645
ALB,1517.3669444444445,283.0,81.645
ALB,1542.8780555555556,287.0,81.645
ALB,1568.5669444444445,289.0,81.645
ALB,1584.7336111111115,291.0,81.645
ALB,1604.5669444444447,255.0,81.645
ALB,1623.9447222222225,218.0,81.645
ALB,1639.0336111111114,194.0,81.645
ALB,1649.1447222222225,182.0,81.645
ALB,1666.0975000000003,170.0,81.645
ALB,1673.4308333333336,165.0,81.645
ALB,1682.264166666667,159.0,81.645
ALB,1694.206666666667,153.0,81.645
ALB,1702.5955555555558,151.0,81.645
ALB,1709.1733333333336,148.0,81.645
ALB,1718.7733333333338,144.0,81.645
ALB,1725.1288888888894,143.0,81.645
ALB,1734.5288888888892,141.0,81.645
ALB,1742.5288888888892,144.0,81.645
ALB,1753.9622222222226,147.0,81.645
ALB,1765.8622222222227,153.0,81.645
ALB,1774.6400000000006,158.0,81.645
ALB,1781.7511111111116,160.0,81.645
ALB,1791.084444444445,168.0,81.645
ALB,1804.8511111111115,177.0,81.645
ALB,1819.1622222222225,184.0,81.645
ALB,1832.0955555555558,194.0,81.645
ALB,1845.3622222222225,199.0,81.645
ALB,1866.4622222222224,211.0,81.645
ALB,1885.8400000000001,218.0,81.645
ALB,1895.706666666667,222.0,81.645
ALB,1908.3733333333334,228.0,81.645
ALB,1931.6733333333336,233.0,81.645
ALB,1944.8955555555558,238.0,81.645
ALB,1960.9622222222224,241.0,81.645
ALB,1983.006666666667,248.0,81.645
ALB,2010.549166666667,207.0,81.645
ALB,2019.2602777777781,196.0,81.645
ALB,2032.2491666666672,167.0,81.645
ALB,2039.046944444445,152.0,81.645
ALB,2045.5802777777783,147.0,81.645
ALB,2051.758055555556,139.0,81.645
ALB,2063.580277777778,133.0,81.645
ALB,2069.2247222222227,127.0,81.645
ALB,2075.946944444445,121.0,81.645
ALB,2084.969166666667,116.0,81.645
ALB,2092.3025000000002,110.0,81.645
ALB,2100.6247222222223,107.0,81.645
ALB,2106.4025,104.0,81.645
ALB,2116.6025,102.0,81.645
ALB,2122.213611111111,101.0,81.645
ALB,2127.9913888888887,104.0,81.645
ALB,2140.658055555555,114.0,81.645
ALB,2154.8802777777773,128.0,81.645
ALB,2160.924722222222,136.0,81.645
ALB,2170.591388888889,145.0,81.645
ALB,2178.8691666666664,149.0,81.645
ALB,2187.924722222222,163.0,81.645
ALB,2199.1247222222223,168.0,81.645
ALB,2207.213611111111,182.0,81.645
ALB,2219.613611111111,186.0,81.645
ALB,2232.4802777777777,193.0,81.645
ALB,2248.346944444444,204.0,81.645
ALB,2273.1247222222223,223.0,81.645
ALB,2285.7833333333333,229.0,81.645
ALB,2296.094444444444,232.0,81.645
ALB,2306.559444444444,234.0,81.645
ALB,2322.6261111111107,241.0,81.645
ALB,2333.5149999999994,245.0,81.645
ALB,2352.9594444444438,250.0,81.645
ALB,2372.7927777777772,255.0,81.645
ALB,2389.9927777777775,258.0,81.645
ALB,2410.3705555555553,262.0,81.645
ALB,2433.3927777777776,259.0,81.645
ALB,2456.615,209.0,81.645
ALB,2472.970555555555,184.0,81.645
ALB,2486.0372222222218,168.0,81.645
ALB,2495.092777777777,163.0,81.645
ALB,2503.870555555555,158.0,81.645
ALB,2510.6261111111103,152.0,81.645
ALB,2517.2927777777772,150.0,81.645
ALB,2530.270555555555,146.0,81.645
ALB,2538.270555555555,144.0,81.645
ALB,2548.270555555555,150.0,81.645
ALB,2564.070555555555,158.0,81.645
ALB,2579.359444444444,172.0,81.645
ALB,2595.803888888888,185.0,81.645
ALB,2606.470555555555,192.0,81.645
ALB,2622.1038888888884,201.0,81.645
ALB,2640.770555555555,210.0,81.645
ALB,2660.0877777777773,218.0,81.645
ALB,2677.6502777777773,225.0,81.645
ALB,2695.694722222222,232.0,81.645
ALB,2706.0947222222217,234.0,81.645
ALB,2724.761388888888,240.0,81.645
ALB,2741.028055555555,244.0,81.645
ALB,2752.0502777777774,248.0,81.645
ALB,2768.7836111111105,251.0,81.645
ALB,2782.9502777777775,255.0,81.645
ALB,2802.783611111111,255.0,81.645
ALB,2819.3836111111104,249.0,81.645
ALB,2843.6836111111106,243.0,81.645
ALB,2854.305833333333,239.0,81.645
ALB,2870.105833333333,237.0,81.645
ALB,2883.216944444444,236.0,81.645
ALB,2896.3280555555552,236.0,81.645
ALB,2925.6613888888883,240.0,81.645
ALB,2955.3613888888885,243.0,81.645
ALB,2966.339166666666,247.0,81.645
ALB,2980.116944444444,248.0,81.645
ALB,2991.316944444444,252.0,81.645
ALB,3011.1502777777773,255.0,81.645
ALB,3037.4502777777775,263.0,81.645
ALB,3055.183611111111,266.0,81.645
ALB,3079.361388888889,272.0,81.645
ALB,3107.1613888888887,278.0,81.645
ALB,3122.6944444444443,281.0,81.645
ALB,3157.8519444444446,287.0,81.645
ALB,3173.9630555555555,290.0,81.645
ALB,3206.7408333333333,295.0,81.645
ALB,3226.6075,298.0,81.645
ALB,3253.3630555555555,301.0,81.645
ALB,3280.385277777778,304.0,81.645
ALB,3307.5852777777777,306.0,81.645
ALB,3328.2519444444447,310.0,81.645
ALB,3343.8630555555555,281.0,81.645
ALB,3355.596388888889,264.0,81.645
ALB,3370.2630555555556,264.0,81.645
ALB,3385.8186111111113,200.0,81.645
ALB,3397.885277777778,181.0,81.645
ALB,3415.1075,155.0,81.645
ALB,3430.5519444444444,139.0,81.645
ALB,3436.4630555555555,133.0,81.645
ALB,3447.7519444444442,127.0,81.645
ALB,3459.851944444444,121.0,81.645
ALB,3471.451944444444,116.0,81.645
ALB,3476.5630555555554,115.0,81.645
ALB,3486.3408333333327,110.0,81.645
ALB,3498.451944444444,109.0,81.645
ALB,3503.354444444444,111.0,81.645
ALB,3515.0869444444443,117.0,81.645
ALB,3526.464722222222,128.0,81.645
ALB,3532.2869444444445,131.0,81.645
ALB,3541.553611111111,139.0,81.645
ALB,3551.6202777777776,151.0,81.645
ALB,3558.553611111111,156.0,81.645
ALB,3569.486944444444,164.0,81.645
ALB,3587.286944444444,178.0,81.645
ALB,3610.264722222222,188.0,81.645
ALB,3623.198055555555,194.0,81.645
ALB,3636.9313888888887,206.0,81.645
ALB,3654.6202777777776,199.0,81.645
ALB,3663.153611111111,192.0,81.645
ALB,3672.9313888888883,176.0,81.645
ALB,3684.1313888888885,168.0,81.645
ALB,3697.9980555555553,156.0,81.645
ALB,3707.731388888889,146.0,81.645
ALB,3721.531388888889,138.0,81.645
ALB,3736.0869444444447,131.0,81.645
ALB,3744.5536111111114,127.0,81.645
ALB,3750.1536111111113,126.0,81.645
ALB,3766.1536111111113,120.0,81.645
ALB,3771.6647222222223,124.0,81.645
ALB,3777.220277777778,125.0,81.645
ALB,3784.3669444444445,128.0,81.645
ALB,3790.152777777778,131.0,81.645
ALB,3803.8527777777776,137.0,81.645
ALB,3813.319444444445,142.0,81.645
ALB,3823.1194444444445,147.0,81.645
ALB,3836.9861111111113,156.0,81.645
ALB,3855.875,170.0,81.645
ALB,3868.008333333333,182.0,81.645
ALB,3880.6083333333336,189.0,81.645
ALB,3896.241666666667,201.0,81.645
ALB,3912.5750000000003,210.0,81.645
ALB,3924.4638888888885,214.0,81.645
ALB,3938.4638888888885,180.0,81.645
ALB,3952.9527777777776,163.0,81.645
ALB,3963.419444444444,157.0,81.645
ALB,3975.0083333333328,149.0,81.645
ALB,3989.2083333333326,142.0,81.645
ALB,3995.4305555555547,140.0,81.645
ALB,4005.774999999999,133.0,81.645
ALB,4014.5083333333328,131.0,81.645
ALB,4021.897222222222,133.0,81.645
ALB,4036.7861111111106,134.0,81.645
ALB,4052.7861111111106,144.0,81.645
ALB,4061.0638888888884,149.0,81.645
ALB,4069.563888888888,153.0,81.645
ALB,4078.5638888888884,135.0,81.645
ALB,4087.897222222222,120.0,81.645
ALB,4097.408333333333,107.0,81.645
ALB,4102.030555555555,104.0,81.645
ALB,4111.530555555555,95.0,81.645
ALB,4115.530555555555,90.0,81.645
ALB,4124.1305555555555,86.0,81.645
ALB,4132.1305555555555,80.0,81.645
ALB,4138.430555555556,81.0,81.645
ALB,4142.030555555556,81.0,81.645
ALB,4146.919444444445,88.0,81.645
ALB,4152.197222222222,95.0,81.645
ALB,4157.697222222222,99.0,81.645
ALB,4165.397222222222,99.0,81.645
ALB,4171.008333333333,101.0,81.645
ALB,4179.019444444444,103.0,81.645
ALB,4190.019444444444,110.0,81.645
ALB,4202.219444444444,122.0,81.645
ALB,4210.88611111111,130.0,81.645
ALB,4218.719444444443,141.0,81.645
ALB,4239.008333333332,166.0,81.645
ALB,4252.930555555555,179.0,81.645
ALB,4271.930555555555,190.0,81.645
ALB,4294.5425,203.0,81.645
ALB,4308.616944444443,212.0,81.645
ALB,4318.083611111109,213.0,81.645
ALB,4332.816944444443,221.0,81.645
ALB,4345.316944444443,225.0,81.645
ALB,4371.09472222222,232.0,81.645
ALB,4386.761388888887,235.0,81.645
ALB,4402.694722222221,239.0,81.645
ALB,4426.994722222221,243.0,81.645
ALB,4443.59472222222,249.0,81.645
ALB,4463.350277777776,254.0,81.645
ALB,4474.816944444442,258.0,81.645
ALB,4492.283611111109,262.0,81.645
ALB,4507.061388888887,266.0,81.645
ALB,4534.361388888888,273.0,81.645
ALB,4549.69472222222,276.0,81.645
ALB,4562.005833333332,277.0,81.645
ALB,4590.305833333332,283.0,81.645
ALB,4606.08361111111,284.0,81.645
ALB,4618.839166666666,287.0,81.645
LAT,0.6355555555555555,286.0,81.915
LAT,23.11333333333333,289.0,81.915
LAT,42.513333333333335,291.0,81.915
LAT,65.30222222222223,293.0,81.915
LAT,94.9022222222222,296.0,81.915
LAT,118.15777777777777,299.0,81.915
LAT,151.60222222222222,301.0,81.915
LAT,185.2688888888889,303.0,81.915
LAT,202.21333333333334,305.0,81.915
LAT,219.21333333333337,306.0,81.915
LAT,256.98,309.0,81.915
LAT,270.71333333333337,309.0,81.915
LAT,298.4466666666667,312.0,81.915
LAT,319.24666666666667,312.0,81.915
LAT,333.15777777777777,313.0,81.915
LAT,368.24527777777774,315.0,81.915
LAT,389.24527777777774,315.0,81.915
LAT,406.80083333333334,316.0,81.915
LAT,438.6008333333333,318.0,81.915
LAT,459.71250000000003,318.0,81.915
LAT,495.2680555555555,320.0,81.915
LAT,509.49027777777775,320.0,81.915
LAT,538.0236111111111,321.0,81.915
LAT,563.0680555555555,322.0,81.915
LAT,584.5347222222222,322.0,81.915
LAT,606.0680555555555,323.0,81.915
LAT,634.7791666666666,323.0,81.915
LAT,663.4902777777777,323.0,81.915
LAT,677.8458333333333,323.0,81.915
LAT,699.3791666666666,323.0,81.915
LAT,728.8791666666667,295.0,81.915
LAT,758.0791666666668,219.0,81.915
LAT,774.7902777777778,188.0,81.915
LAT,788.0902777777778,171.0,81.915
LAT,798.7569444444445,160.0,81.915
LAT,817.2125,151.0,81.915
LAT,828.5680555555555,146.0,81.915
LAT,836.4963888888889,142.0,81.915
LAT,852.8297222222222,147.0,81.915
LAT,860.9963888888889,147.0,81.915
LAT,867.7075,151.0,81.915
LAT,876.5408333333332,159.0,81.915
LAT,896.0474999999999,176.0,81.915
LAT,906.1030555555554,181.0,81.915
LAT,914.1919444444443,182.0,81.915
LAT,928.5030555555554,184.0,81.915
LAT,943.2808333333331,190.0,81.915
LAT,965.7252777777776,202.0,81.915
LAT,981.669722222222,205.0,81.915
LAT,996.0030555555554,215.0,81.915
LAT,1010.6030555555554,219.0,81.915
LAT,1023.1030555555554,225.0,81.915
LAT,1043.5475,230.0,81.915
LAT,1064.3474999999999,234.0,81.915
LAT,1077.2919444444442,233.0,81.915
LAT,1087.6030555555553,232.0,81.915
LAT,1108.2252777777776,232.0,81.915
LAT,1118.4919444444442,231.0,81.915
LAT,1136.5363888888887,232.0,81.915
LAT,1152.069722222222,233.0,81.915
LAT,1162.4697222222221,234.0,81.915
LAT,1178.2697222222223,237.0,81.915
LAT,1199.6030555555553,240.0,81.915
LAT,1213.114722222222,242.0,81.915
LAT,1229.5813888888888,247.0,81.915
LAT,1240.5591666666667,247.0,81.915
LAT,1260.003611111111,250.0,81.915
LAT,1271.2480555555555,253.0,81.915
LAT,1285.3591666666669,254.0,81.915
LAT,1305.4258333333335,258.0,81.915
LAT,1316.8650000000002,259.0,81.915
LAT,1334.265,261.0,81.915
LAT,1345.9983333333334,264.0,81.915
LAT,1360.7761111111113,266.0,81.915
LAT,1378.7094444444447,269.0,81.915
LAT,1408.9316666666668,272.0,81.915
LAT,1430.3205555555558,275.0,81.915
LAT,1448.853888888889,278.0,81.915
LAT,1473.742777777778,280.0,81.915
LAT,1492.542777777778,282.0,81.915
LAT,1511.4094444444447,283.0,81.915
LAT,1524.120555555556,286.0,81.915
LAT,1543.3205555555558,288.0,81.915
LAT,1562.6538888888892,290.0,81.915
LAT,1592.9872222222225,273.0,81.915
LAT,1608.5872222222226,234.0,81.915
LAT,1620.531666666667,215.0,81.915
LAT,1629.5983333333336,204.0,81.915
LAT,1643.8316666666667,183.0,81.915
LAT,1660.331666666667,165.0,81.915
LAT,1671.042777777778,160.0,81.915
LAT,1682.9427777777778,153.0,81.915
LAT,1696.0094444444444,147.0,81.915
LAT,1705.5427777777777,143.0,81.915
LAT,1721.3205555555555,142.0,81.915
LAT,1730.9205555555557,144.0,81.915
LAT,1740.6797222222222,147.0,81.915
LAT,1750.8797222222222,153.0,81.915
LAT,1765.1908333333333,161.0,81.915
LAT,1776.1908333333333,165.0,81.915
LAT,1793.3908333333334,172.0,81.915
LAT,1807.6241666666667,183.0,81.915
LAT,1818.1241666666667,189.0,81.915
LAT,1833.2908333333335,195.0,81.915
LAT,1846.8908333333334,204.0,81.915
LAT,1858.3908333333336,207.0,81.915
LAT,1870.2797222222225,214.0,81.915
LAT,1884.8797222222224,219.0,81.915
LAT,1907.5797222222225,227.0,81.915
LAT,1922.9797222222226,231.0,81.915
LAT,1955.2463888888892,242.0,81.915
LAT,1966.1797222222226,246.0,81.915
LAT,1993.0686111111113,242.0,81.915
LAT,2009.7908333333337,215.0,81.915
LAT,2025.0383333333336,171.0,81.915
LAT,2032.2827777777782,163.0,81.915
LAT,2046.2827777777782,140.0,81.915
LAT,2052.371666666667,137.0,81.915
LAT,2062.3272222222226,128.0,81.915
LAT,2067.7938888888893,123.0,81.915
LAT,2075.7272222222227,119.0,81.915
LAT,2085.651666666667,112.0,81.915
LAT,2091.5961111111114,107.0,81.915
LAT,2097.3738888888893,104.0,81.915
LAT,2103.973888888889,99.0,81.915
LAT,2111.8294444444446,101.0,81.915
LAT,2121.3405555555555,107.0,81.915
LAT,2130.1294444444443,113.0,81.915
LAT,2135.285,116.0,81.915
LAT,2145.085,126.0,81.915
LAT,2155.7405555555556,137.0,81.915
LAT,2163.851666666667,146.0,81.915
LAT,2176.3738888888893,161.0,81.915
LAT,2183.7072222222223,165.0,81.915
LAT,2195.1072222222224,171.0,81.915
LAT,2211.0183333333334,179.0,81.915
LAT,2222.0738888888886,199.0,81.915
LAT,2238.096111111111,206.0,81.915
LAT,2257.5627777777777,219.0,81.915
LAT,2275.2961111111113,228.0,81.915
LAT,2298.6608333333334,233.0,81.915
LAT,2309.3275000000003,240.0,81.915
LAT,2325.594166666667,244.0,81.915
LAT,2339.3719444444446,248.0,81.915
LAT,2367.7052777777776,255.0,81.915
LAT,2387.849722222222,259.0,81.915
LAT,2405.316388888889,262.0,81.915
LAT,2419.909722222222,264.0,81.915
LAT,2431.3763888888893,258.0,81.915
LAT,2448.7986111111113,224.0,81.915
LAT,2465.954166666667,193.0,81.915
LAT,2481.2430555555557,172.0,81.915
LAT,2493.8430555555556,162.0,81.915
LAT,2509.0430555555554,152.0,81.915
LAT,2517.2097222222224,147.0,81.915
LAT,2528.254166666667,142.0,81.915
LAT,2534.4319444444445,139.0,81.915
LAT,2540.6986111111114,141.0,81.915
LAT,2553.5875,145.0,81.915
LAT,2567.454166666667,156.0,81.915
LAT,2582.565277777778,170.0,81.915
LAT,2601.065277777778,185.0,81.915
LAT,2611.676388888889,191.0,81.915
LAT,2634.3430555555556,204.0,81.915
LAT,2646.0097222222225,210.0,81.915
LAT,2667.77,217.0,81.915
LAT,2685.1922222222224,224.0,81.915
LAT,2703.236666666667,232.0,81.915
LAT,2718.9700000000007,236.0,81.915
LAT,2735.1033333333344,242.0,81.915
LAT,2754.3922222222227,248.0,81.915
LAT,2768.3366666666675,251.0,81.915
LAT,2785.265833333334,255.0,81.915
LAT,2799.376944444445,254.0,81.915
LAT,2810.6213888888897,253.0,81.915
LAT,2830.1436111111116,251.0,81.915
LAT,2857.254722222223,244.0,81.915
LAT,2870.5325000000003,239.0,81.915
LAT,2888.810277777778,235.0,81.915
LAT,2912.210277777778,234.0,81.915
LAT,2922.6102777777783,234.0,81.915
LAT,2946.6102777777783,240.0,81.915
LAT,2968.476944444445,246.0,81.915
LAT,2985.210277777778,251.0,81.915
LAT,2999.3213888888895,254.0,81.915
LAT,3025.2213888888896,259.0,81.915
LAT,3051.9213888888894,267.0,81.915
LAT,3069.9213888888894,270.0,81.915
LAT,3085.143611111111,274.0,81.915
LAT,3110.0211111111116,279.0,81.915
LAT,3128.887777777778,283.0,81.915
LAT,3147.9544444444446,286.0,81.915
LAT,3163.9544444444446,288.0,81.915
LAT,3186.665555555556,292.0,81.915
LAT,3199.7322222222224,294.0,81.915
LAT,3222.6766666666667,295.0,81.915
LAT,3252.6766666666667,300.0,81.915
LAT,3266.015,302.0,81.915
LAT,3279.481666666667,303.0,81.915
LAT,3303.2038888888887,305.0,81.915
LAT,3316.803888888889,306.0,81.915
LAT,3341.5150000000003,278.0,81.915
LAT,3359.4038888888895,230.0,81.915
LAT,3369.0483333333336,217.0,81.915
LAT,3385.3150000000005,183.0,81.915
LAT,3405.1816666666673,149.0,81.915
LAT,3413.0150000000003,141.0,81.915
LAT,3419.059444444445,136.0,81.915
LAT,3429.0927777777783,129.0,81.915
LAT,3438.7372222222225,124.0,81.915
LAT,3444.070555555556,120.0,81.915
LAT,3453.0150000000003,115.0,81.915
LAT,3461.570555555556,110.0,81.915
LAT,3473.2372222222225,105.0,81.915
LAT,3485.712777777778,112.0,81.915
LAT,3490.7794444444444,114.0,81.915
LAT,3500.035,119.0,81.915
LAT,3510.9683333333332,123.0,81.915
LAT,3518.0238888888885,127.0,81.915
LAT,3528.6016666666665,136.0,81.915
LAT,3540.035,147.0,81.915
LAT,3558.1461111111107,163.0,81.915
LAT,3567.543333333333,170.0,81.915
LAT,3579.21,175.0,81.915
LAT,3587.2988888888885,182.0,81.915
LAT,3604.276666666666,191.0,81.915
LAT,3615.221111111111,197.0,81.915
LAT,3628.7544444444443,203.0,81.915
LAT,3645.0099999999998,209.0,81.915
LAT,3655.8988888888885,196.0,81.915
LAT,3669.5099999999998,175.0,81.915
LAT,3676.9766666666665,168.0,81.915
LAT,3695.1877777777777,149.0,81.915
LAT,3710.0766666666664,134.0,81.915
LAT,3717.2988888888885,130.0,81.915
LAT,3724.3544444444437,127.0,81.915
LAT,3736.8544444444437,125.0,81.915
LAT,3746.4211111111103,123.0,81.915
LAT,3753.0877777777773,120.0,81.915
LAT,3758.376666666666,119.0,81.915
LAT,3768.0555555555547,124.0,81.915
LAT,3776.455555555555,126.0,81.915
LAT,3785.1888888888884,131.0,81.915
LAT,3791.0999999999995,133.0,81.915
LAT,3800.499999999999,141.0,81.915
LAT,3815.399999999999,149.0,81.915
LAT,3827.688888888888,158.0,81.915
LAT,3836.966666666666,167.0,81.915
LAT,3855.2158333333323,183.0,81.915
LAT,3863.5269444444434,187.0,81.915
LAT,3872.149166666666,194.0,81.915
LAT,3888.015833333333,204.0,81.915
LAT,3909.615833333333,216.0,81.915
LAT,3920.8936111111097,203.0,81.915
LAT,3938.4936111111097,176.0,81.915
LAT,3947.6602777777766,165.0,81.915
LAT,3959.404722222221,151.0,81.915
LAT,3972.026944444444,142.0,81.915
LAT,3987.360277777777,138.0,81.915
LAT,3993.271388888888,133.0,81.915
LAT,4010.6047222222214,130.0,81.915
LAT,4021.026944444444,134.0,81.915
LAT,4030.160277777777,137.0,81.915
LAT,4039.6269444444442,142.0,81.915
LAT,4047.890277777777,148.0,81.915
LAT,4056.4458333333328,154.0,81.915
LAT,4063.2458333333325,153.0,81.915
LAT,4075.7458333333325,125.0,81.915
LAT,4082.301388888888,118.0,81.915
LAT,4091.8124999999995,107.0,81.915
LAT,4098.479166666666,100.0,81.915
LAT,4104.812499999999,95.0,81.915
LAT,4110.812499999999,90.0,81.915
LAT,4116.345833333332,83.0,81.915
LAT,4123.080277777776,76.0,81.915
LAT,4128.280277777776,78.0,81.915
LAT,4136.580277777776,83.0,81.915
LAT,4148.7136111111095,91.0,81.915
LAT,4153.658055555554,89.0,81.915
LAT,4158.5469444444425,88.0,81.915
LAT,4168.8802777777755,93.0,81.915
LAT,4173.013611111109,93.0,81.915
LAT,4186.458055555554,110.0,81.915
LAT,4195.946944444443,122.0,81.915
LAT,4206.369166666665,134.0,81.915
LAT,4212.769166666665,144.0,81.915
LAT,4231.102499999998,165.0,81.915
LAT,4244.558055555553,173.0,81.915
LAT,4259.076388888887,186.0,81.915
LAT,4267.654166666664,193.0,81.915
LAT,4278.765277777776,200.0,81.915
LAT,4287.920833333331,206.0,81.915
LAT,4309.3208333333305,214.0,81.915
LAT,4328.965277777776,221.0,81.915
LAT,4344.098611111109,227.0,81.915
LAT,4369.987499999998,233.0,81.915
LAT,4388.498611111108,238.0,81.915
LAT,4409.942499999997,242.0,81.915
LAT,4426.342499999998,246.0,81.915
LAT,4443.075833333331,251.0,81.915
LAT,4460.009166666664,254.0,81.915
LAT,4471.475833333331,258.0,81.915
LAT,4483.031388888887,260.0,81.915
LAT,4497.586944444442,262.0,81.915
LAT,4521.5869444444415,270.0,81.915
LAT,4533.67583333333,272.0,81.915
LAT,4552.009166666664,275.0,81.915
LAT,4567.509166666664,279.0,81.915
LAT,4583.17583333333,282.0,81.915
LAT,4602.109166666664,284.0,81.915
