Driver,Distance,Speed,LapTimeSec
PER,3.12,312.0,88.2
PER,38.12,315.0,88.2
PER,59.18666666666667,316.0,88.2
PER,94.54249999999999,319.0,88.2
PER,115.87583333333332,320.0,88.2
PER,144.49805555555554,322.0,88.2
PER,165.9647222222222,322.0,88.2
PER,183.96472222222224,324.0,88.2
PER,209.2425,325.0,88.2
PER,230.97583333333336,326.0,88.2
PER,260.1313888888889,328.0,88.2
PER,274.7091666666667,328.0,88.2
PER,296.64250000000004,329.0,88.2
PER,322.23138888888894,329.0,88.2
PER,344.1647222222223,329.0,88.2
PER,366.0980555555556,329.0,88.2
PER,392.4091666666667,296.0,88.2
PER,419.03111111111116,239.0,88.2
PER,440.7866666666667,178.0,88.2
PER,449.84222222222223,163.0,88.2
PER,462.9088888888889,147.0,88.2
PER,472.1088888888889,138.0,88.2
PER,477.9311111111111,131.0,88.2
PER,488.9533333333333,124.0,88.2
PER,496.68666666666667,116.0,88.2
PER,509.13111111111107,112.0,88.2
PER,514.0644444444445,111.0,88.2
PER,521.0644444444445,105.0,88.2
PER,531.5936111111112,95.0,88.2
PER,537.7936111111111,93.0,88.2
PER,541.8380555555556,91.0,88.2
PER,545.8825,91.0,88.2
PER,551.0491666666668,93.0,88.2
PER,561.2491666666667,102.0,88.2
PER,567.1380555555556,106.0,88.2
PER,578.8380555555557,117.0,88.2
PER,593.8380555555557,135.0,88.2
PER,603.971388888889,152.0,88.2
PER,622.971388888889,171.0,88.2
PER,639.2380555555557,183.0,88.2
PER,652.0244444444445,191.0,88.2
PER,667.6577777777779,201.0,88.2
PER,679.1022222222224,206.0,88.2
PER,698.2133333333335,215.0,88.2
PER,710.4355555555557,220.0,88.2
PER,730.8800000000001,230.0,88.2
PER,743.8800000000001,234.0,88.2
PER,762.3911111111113,238.0,88.2
PER,789.6133333333336,245.0,88.2
PER,806.3466666666668,251.0,88.2
PER,820.4022222222225,253.0,88.2
PER,834.7355555555557,258.0,88.2
PER,863.7738888888891,262.0,88.2
PER,890.373888888889,266.0,88.2
PER,905.2072222222223,267.0,88.2
PER,926.0516666666668,268.0,88.2
PER,943.8627777777779,229.0,88.2
PER,958.1961111111112,215.0,88.2
PER,972.4294444444446,183.0,88.2
PER,980.2961111111113,177.0,88.2
PER,1000.9516666666668,169.0,88.2
PER,1008.2850000000002,165.0,88.2
PER,1021.3516666666668,168.0,88.2
PER,1028.9516666666668,171.0,88.2
PER,1038.8961111111114,179.0,88.2
PER,1064.5494444444446,192.0,88.2
PER,1073.4383333333335,200.0,88.2
PER,1084.5494444444446,200.0,88.2
PER,1110.582777777778,213.0,88.2
PER,1137.593888888889,221.0,88.2
PER,1147.593888888889,225.0,88.2
PER,1178.793888888889,234.0,88.2
PER,1199.7716666666668,236.0,88.2
PER,1213.1050000000002,240.0,88.2
PER,1235.2383333333335,249.0,88.2
PER,1257.7272222222223,253.0,88.2
PER,1271.8230555555558,255.0,88.2
PER,1283.2008333333335,256.0,88.2
PER,1297.4786111111114,257.0,88.2
PER,1320.5008333333337,259.0,88.2
PER,1332.011944444445,259.0,88.2
PER,1346.4008333333338,259.0,88.2
PER,1366.6230555555562,260.0,88.2
PER,1398.4008333333338,260.0,88.2
PER,1413.0119444444451,263.0,88.2
PER,1424.700833333334,263.0,88.2
PER,1447.4563888888895,256.0,88.2
PER,1464.4563888888895,255.0,88.2
PER,1478.623055555556,255.0,88.2
PER,1501.5388888888895,257.0,88.2
PER,1515.9277777777784,259.0,88.2
PER,1527.5277777777783,261.0,88.2
PER,1542.0277777777783,261.0,88.2
PER,1561.8611111111118,255.0,88.2
PER,1573.0611111111118,252.0,88.2
PER,1586.672222222223,245.0,88.2
PER,1597.2944444444452,239.0,88.2
PER,1612.7611111111116,232.0,88.2
PER,1638.4277777777784,231.0,88.2
PER,1648.9166666666672,236.0,88.2
PER,1662.2500000000005,240.0,88.2
PER,1686.2500000000005,240.0,88.2
PER,1713.027777777778,241.0,88.2
PER,1734.5602777777783,243.0,88.2
PER,1753.6158333333337,245.0,88.2
PER,1764.6380555555559,248.0,88.2
PER,1775.7936111111114,251.0,88.2
PER,1792.7269444444448,254.0,88.2
PER,1804.1936111111115,258.0,88.2
PER,1821.5269444444448,260.0,88.2
PER,1844.9936111111115,264.0,88.2
PER,1859.7713888888893,266.0,88.2
PER,1889.9936111111117,272.0,88.2
PER,1911.4602777777782,276.0,88.2
PER,1926.9047222222227,278.0,88.2
PER,1942.5158333333338,281.0,88.2
PER,1967.6608333333336,282.0,88.2
PER,1983.4386111111116,284.0,88.2
PER,2015.4386111111116,288.0,88.2
PER,2031.494166666667,289.0,88.2
PER,2050.8941666666674,291.0,88.2
PER,2063.8275000000003,291.0,88.2
PER,2089.783055555556,292.0,88.2
PER,2106.171944444445,295.0,88.2
PER,2139.171944444445,297.0,88.2
PER,2168.971944444445,298.0,88.2
PER,2182.2163888888895,298.0,88.2
PER,2205.4719444444445,299.0,88.2
PER,2225.405277777778,299.0,88.2
PER,2238.694166666667,299.0,88.2
PER,2261.9441666666667,300.0,88.2
PER,2278.6108333333336,300.0,88.2
PER,2307.833055555556,263.0,88.2
PER,2325.1775000000002,223.0,88.2
PER,2343.044166666667,201.0,88.2
PER,2351.355277777778,187.0,88.2
PER,2361.2441666666673,178.0,88.2
PER,2370.7441666666673,171.0,88.2
PER,2382.077500000001,170.0,88.2
PER,2392.9441666666676,163.0,88.2
PER,2410.0552777777784,154.0,88.2
PER,2420.3219444444453,154.0,88.2
PER,2427.4327777777785,159.0,88.2
PER,2445.877222222223,166.0,88.2
PER,2469.743888888889,179.0,88.2
PER,2477.788333333334,181.0,88.2
PER,2497.088333333334,193.0,88.2
PER,2514.955000000001,201.0,88.2
PER,2526.232777777778,203.0,88.2
PER,2542.7216666666673,212.0,88.2
PER,2554.8883333333342,219.0,88.2
PER,2567.3327777777786,224.0,88.2
PER,2580.055000000001,229.0,88.2
PER,2600.94388888889,235.0,88.2
PER,2619.766111111112,242.0,88.2
PER,2633.143333333334,242.0,88.2
PER,2643.89888888889,242.0,88.2
PER,2660.765555555556,253.0,88.2
PER,2672.0100000000007,253.0,88.2
PER,2686.3988888888894,259.0,88.2
PER,2712.7988888888895,264.0,88.2
PER,2724.621111111112,266.0,88.2
PER,2745.5433333333344,269.0,88.2
PER,2763.7433333333342,273.0,88.2
PER,2782.010000000001,274.0,88.2
PER,2803.6322222222234,278.0,88.2
PER,2831.6322222222234,280.0,88.2
PER,2853.64388888889,282.0,88.2
PER,2872.64388888889,285.0,88.2
PER,2901.34388888889,287.0,88.2
PER,2936.7883333333343,290.0,88.2
PER,2968.788333333335,288.0,88.2
PER,2987.9994444444455,247.0,88.2
PER,3002.932777777779,224.0,88.2
PER,3021.421666666668,208.0,88.2
PER,3034.221666666668,192.0,88.2
PER,3046.6216666666683,186.0,88.2
PER,3062.799444444446,182.0,88.2
PER,3070.799444444446,180.0,88.2
PER,3087.2438888888905,185.0,88.2
PER,3102.2788888888904,194.0,88.2
PER,3120.5011111111126,205.0,88.2
PER,3142.001111111113,215.0,88.2
PER,3171.8677777777793,224.0,88.2
PER,3197.534444444446,231.0,88.2
PER,3213.201111111113,235.0,88.2
PER,3237.4011111111126,242.0,88.2
PER,3248.245555555557,244.0,88.2
PER,3264.912222222224,250.0,88.2
PER,3293.5391666666687,257.0,88.2
PER,3313.761388888891,260.0,88.2
PER,3328.4280555555574,264.0,88.2
PER,3346.361388888891,269.0,88.2
PER,3361.4725000000017,272.0,88.2
PER,3382.6280555555572,272.0,88.2
PER,3394.939166666669,277.0,88.2
PER,3426.272500000002,282.0,88.2
PER,3441.939166666669,282.0,88.2
PER,3467.45027777778,287.0,88.2
PER,3493.228055555557,290.0,88.2
PER,3525.672500000002,292.0,88.2
PER,3545.2725000000014,294.0,88.2
PER,3561.6613888888905,295.0,88.2
PER,3591.278888888891,297.0,88.2
PER,3611.2122222222238,299.0,88.2
PER,3624.501111111113,299.0,88.2
PER,3641.2233333333356,301.0,88.2
PER,3654.7344444444466,304.0,88.2
PER,3671.734444444447,306.0,88.2
PER,3695.690000000002,308.0,88.2
PER,3712.9677777777797,311.0,88.2
PER,3811.678055555558,317.0,88.2
PER,3840.0336111111133,319.0,88.2
PER,3875.922500000002,323.0,88.2
PER,3904.722500000002,324.0,88.2
PER,3926.389166666669,325.0,88.2
PER,3966.3558333333353,327.0,88.2
PER,4002.8002777777797,328.0,88.2
PER,4021.0225000000023,328.0,88.2
PER,4053.9225000000024,329.0,88.2
PER,4079.5113888888914,329.0,88.2
PER,4094.133611111113,329.0,88.2
PER,4116.066944444447,329.0,88.2
PER,4156.155833333335,328.0,88.2
PER,4169.405833333335,300.0,88.2
PER,4187.872500000002,277.0,88.2
PER,4205.339166666669,262.0,88.2
PER,4234.305833333336,237.0,88.2
PER,4257.205833333335,229.0,88.2
PER,4267.161388888891,224.0,88.2
PER,4282.228055555558,226.0,88.2
PER,4297.561388888891,230.0,88.2
PER,4313.294722222225,236.0,88.2
PER,4324.139166666669,244.0,88.2
PER,4337.762500000002,244.0,88.2
PER,4354.095833333335,245.0,88.2
PER,4370.562500000002,247.0,88.2
PER,4384.4513888888905,250.0,88.2
PER,4409.9513888888905,255.0,88.2
PER,4427.218055555557,259.0,88.2
PER,4441.829166666668,263.0,88.2
PER,4456.495833333335,264.0,88.2
PER,4477.1069444444465,265.0,88.2
PER,4504.006944444446,269.0,88.2
PER,4531.506944444446,275.0,88.2
PER,4553.051388888891,277.0,88.2
PER,4578.029166666668,281.0,88.2
PER,4596.895833333334,283.0,88.2
PER,4619.1402777777785,286.0,88.2
PER,4644.571666666668,287.0,88.2
PER,4677.127222222223,293.0,88.2
PER,4700.071666666668,295.0,88.2
PER,4736.738333333334,300.0,88.2
PER,4750.116111111111,301.0,88.2
PER,4767.005,304.0,88.2
PER,4794.293888888888,307.0,88.2
PER,4807.982777777778,308.0,88.2
PER,4832.093888888889,310.0,88.2
PER,4856.525277777778,313.0,88.2
PER,4873.969722222222,314.0,88.2
PER,4912.836388888889,318.0,88.2
PER,4930.614166666667,320.0,88.2
PER,4955.503055555556,320.0,88.2
PER,4991.503055555555,324.0,88.2
PER,5020.480833333333,326.0,88.2
PER,5042.280833333332,327.0,88.2
PER,5078.836388888888,329.0,88.2
PER,5108.169722222221,330.0,88.2
PER,5144.947499999999,331.0,88.2
PER,5159.65861111111,331.0,88.2
PER,5178.0475,331.0,88.2
PER,5211.3475,333.0,88.2
PER,5244.654722222222,334.0,88.2
PER,5274.343611111111,334.0,88.2
PER,5292.899166666667,334.0,88.2
PER,5311.510277777777,335.0,88.2
PER,5333.776944444445,334.0,88.2
PER,5352.3325,334.0,88.2
PER,5376.8324999999995,315.0,88.2
PER,5399.143611111112,251.0,88.2
PER,5416.3325,221.0,88.2
PER,5427.443333333334,199.0,88.2
PER,5435.39888888889,179.0,88.2
PER,5447.687777777779,158.0,88.2
PER,5455.798888888889,146.0,88.2
PER,5463.354444444445,136.0,88.2
PER,5474.732222222223,128.0,88.2
PER,5485.487777777778,121.0,88.2
PER,5492.09888888889,119.0,88.2
PER,5505.910000000001,113.0,88.2
PER,5512.021111111112,110.0,88.2
PER,5516.9544444444455,111.0,88.2
PER,5524.821111111112,118.0,88.2
PER,5530.065555555557,118.0,88.2
PER,5537.065555555557,126.0,88.2
PER,5542.976666666668,133.0,88.2
PER,5549.065555555557,137.0,88.2
PER,5560.732222222224,150.0,88.2
PER,5571.332222222223,159.0,88.2
PER,5584.710000000001,172.0,88.2
PER,5592.660000000002,180.0,88.2
PER,5603.160000000002,189.0,88.2
PER,5614.04888888889,196.0,88.2
PER,5627.5155555555575,202.0,88.2
PER,5638.904444444446,205.0,88.2
PER,5650.8488888888905,215.0,88.2
PER,5665.715555555557,223.0,88.2
PER,5694.1933333333345,233.0,88.2
PER,5712.7044444444455,238.0,88.2
PER,5731.828055555556,245.0,88.2
PER,5745.716944444444,250.0,88.2
PER,5759.883611111111,255.0,88.2
PER,5783.083611111111,261.0,88.2
PER,5815.839166666668,268.0,88.2
PER,5827.750277777778,268.0,88.2
PER,5839.9725,275.0,88.2
PER,5858.572499999999,279.0,88.2
PER,5877.3725,282.0,88.2
PER,5915.905833333333,289.0,88.2
PER,5948.6836111111115,295.0,88.2
PER,5981.794722222223,298.0,88.2
PER,6011.994722222223,302.0,88.2
PER,6032.261388888889,304.0,88.2
PER,6063.061388888889,308.0,88.2
PER,6083.575555555556,309.0,88.2
LEC,22.733888888888888,302.0,88.225
LEC,39.51166666666666,302.0,88.225
LEC,53.022777777777776,304.0,88.225
LEC,66.57833333333333,305.0,88.225
LEC,97.27833333333334,307.0,88.225
LEC,114.38944444444445,308.0,88.225
LEC,152.27833333333334,310.0,88.225
LEC,166.10055555555556,311.0,88.225
LEC,186.83388888888888,311.0,88.225
LEC,207.6338888888889,312.0,88.225
LEC,235.545,314.0,88.225
LEC,253.1325,315.0,88.225
LEC,274.19916666666666,316.0,88.225
LEC,295.1325,314.0,88.225
LEC,309.1325,315.0,88.225
LEC,333.5547222222222,314.0,88.225
LEC,361.28805555555556,312.0,88.225
LEC,381.95472222222224,310.0,88.225
LEC,398.23249999999996,293.0,88.225
LEC,418.3769444444444,259.0,88.225
LEC,430.8769444444444,225.0,88.225
LEC,441.82138888888886,197.0,88.225
LEC,449.5505555555555,175.0,88.225
LEC,460.1505555555555,159.0,88.225
LEC,468.31722222222214,147.0,88.225
LEC,485.2505555555555,127.0,88.225
LEC,498.02833333333325,115.0,88.225
LEC,510.2505555555555,110.0,88.225
LEC,516.2505555555555,108.0,88.225
LEC,525.1394444444444,100.0,88.225
LEC,532.3727777777777,93.0,88.225
LEC,540.3727777777777,90.0,88.225
LEC,546.2394444444444,88.0,88.225
LEC,550.1505555555556,88.0,88.225
LEC,556.4838888888889,95.0,88.225
LEC,565.7283333333334,104.0,88.225
LEC,570.7061111111111,112.0,88.225
LEC,585.1866666666667,130.0,88.225
LEC,593.02,141.0,88.225
LEC,599.5533333333333,147.0,88.225
LEC,610.2866666666666,161.0,88.225
LEC,617.6644444444444,166.0,88.225
LEC,629.531111111111,178.0,88.225
LEC,648.6311111111111,191.0,88.225
LEC,661.9644444444444,200.0,88.225
LEC,677.9088888888889,205.0,88.225
LEC,689.6866666666667,212.0,88.225
LEC,709.3583333333333,222.0,88.225
LEC,721.9694444444444,227.0,88.225
LEC,734.8027777777778,231.0,88.225
LEC,758.5027777777777,237.0,88.225
LEC,774.6361111111111,242.0,88.225
LEC,785.4805555555555,244.0,88.225
LEC,804.8472222222222,249.0,88.225
LEC,824.6805555555555,255.0,88.225
LEC,847.4361111111111,256.0,88.225
LEC,864.7694444444444,260.0,88.225
LEC,879.325,262.0,88.225
LEC,908.5472222222223,263.0,88.225
LEC,923.1027777777779,262.0,88.225
LEC,937.6583333333334,262.0,88.225
LEC,954.613888888889,218.0,88.225
LEC,969.6786111111112,193.0,88.225
LEC,978.0341666666668,188.0,88.225
LEC,993.4119444444445,173.0,88.225
LEC,1005.0119444444447,174.0,88.225
LEC,1018.7786111111112,177.0,88.225
LEC,1037.8786111111112,191.0,88.225
LEC,1062.6897222222224,203.0,88.225
LEC,1083.8897222222224,212.0,88.225
LEC,1093.3119444444446,212.0,88.225
LEC,1102.9119444444445,216.0,88.225
LEC,1122.6722222222222,223.0,88.225
LEC,1137.738888888889,226.0,88.225
LEC,1147.9166666666667,229.0,88.225
LEC,1163.25,230.0,88.225
LEC,1192.5833333333335,240.0,88.225
LEC,1206.0277777777778,242.0,88.225
LEC,1222.4277777777777,246.0,88.225
LEC,1239.1611111111113,251.0,88.225
LEC,1261.738888888889,254.0,88.225
LEC,1290.4055555555556,258.0,88.225
LEC,1307.6722222222224,259.0,88.225
LEC,1322.0611111111114,259.0,88.225
LEC,1333.5722222222225,259.0,88.225
LEC,1350.9722222222224,261.0,88.225
LEC,1371.2722222222226,261.0,88.225
LEC,1385.8447222222226,261.0,88.225
LEC,1415.289166666667,265.0,88.225
LEC,1435.900277777778,265.0,88.225
LEC,1450.5669444444445,264.0,88.225
LEC,1471.100277777778,264.0,88.225
LEC,1482.8336111111114,264.0,88.225
LEC,1494.5669444444447,264.0,88.225
LEC,1515.1780555555556,265.0,88.225
LEC,1538.3780555555556,261.0,88.225
LEC,1552.4336111111113,253.0,88.225
LEC,1566.1002777777778,246.0,88.225
LEC,1592.811111111111,241.0,88.225
LEC,1603.4333333333332,239.0,88.225
LEC,1614.0555555555554,239.0,88.225
LEC,1630.1888888888889,242.0,88.225
LEC,1651.8777777777777,244.0,88.225
LEC,1676.7777777777776,249.0,88.225
LEC,1687.8888888888887,250.0,88.225
LEC,1710.1999999999998,251.0,88.225
LEC,1721.3999999999999,252.0,88.225
LEC,1735.4555555555553,253.0,88.225
LEC,1769.5888888888887,256.0,88.225
LEC,1795.4888888888886,259.0,88.225
LEC,1810.044444444444,262.0,88.225
LEC,1824.7666666666662,265.0,88.225
LEC,1860.8416666666662,270.0,88.225
LEC,1891.3972222222217,275.0,88.225
LEC,1916.019444444444,277.0,88.225
LEC,1940.819444444444,279.0,88.225
LEC,1956.430555555555,281.0,88.225
LEC,1968.9638888888883,282.0,88.225
LEC,1991.130555555555,285.0,88.225
LEC,2003.7972222222218,285.0,88.225
LEC,2035.6861111111104,287.0,88.225
LEC,2054.8861111111105,288.0,88.225
LEC,2087.0277777777774,290.0,88.225
LEC,2106.427777777777,291.0,88.225
LEC,2132.3833333333328,292.0,88.225
LEC,2151.916666666666,293.0,88.225
LEC,2168.2499999999995,294.0,88.225
LEC,2191.1166666666663,294.0,88.225
LEC,2210.7833333333324,295.0,88.225
LEC,2236.8277777777766,293.0,88.225
LEC,2249.7611111111105,291.0,88.225
LEC,2269.0944444444435,290.0,88.225
LEC,2290.4055555555547,274.0,88.225
LEC,2306.938888888888,248.0,88.225
LEC,2321.6722222222215,221.0,88.225
LEC,2339.5388888888883,201.0,88.225
LEC,2359.811666666666,182.0,88.225
LEC,2380.1005555555553,166.0,88.225
LEC,2389.1005555555553,162.0,88.225
LEC,2403.5894444444443,163.0,88.225
LEC,2414.5894444444443,165.0,88.225
LEC,2421.967222222222,166.0,88.225
LEC,2437.0783333333334,170.0,88.225
LEC,2448.8783333333336,177.0,88.225
LEC,2469.433888888889,185.0,88.225
LEC,2477.789444444445,188.0,88.225
LEC,2490.389444444445,189.0,88.225
LEC,2513.1102777777783,205.0,88.225
LEC,2527.1102777777783,210.0,88.225
LEC,2536.5325000000003,212.0,88.225
LEC,2546.265833333334,219.0,88.225
LEC,2558.654722222223,223.0,88.225
LEC,2581.554722222223,229.0,88.225
LEC,2594.4991666666674,233.0,88.225
LEC,2618.7991666666676,243.0,88.225
LEC,2646.6880555555567,251.0,88.225
LEC,2663.6213888888897,254.0,88.225
LEC,2692.3991666666675,259.0,88.225
LEC,2715.6880555555563,262.0,88.225
LEC,2733.4952777777785,266.0,88.225
LEC,2754.4952777777785,270.0,88.225
LEC,2769.60638888889,272.0,88.225
LEC,2794.139722222223,276.0,88.225
LEC,2809.528611111112,277.0,88.225
LEC,2834.328611111112,279.0,88.225
LEC,2849.8841666666676,280.0,88.225
LEC,2871.817500000001,282.0,88.225
LEC,2903.4841666666675,285.0,88.225
LEC,2922.550833333334,286.0,88.225
LEC,2938.439722222223,286.0,88.225
LEC,2954.2730555555563,285.0,88.225
LEC,2985.4172222222232,281.0,88.225
LEC,3007.2172222222234,218.0,88.225
LEC,3018.6061111111126,205.0,88.225
LEC,3033.6172222222235,193.0,88.225
LEC,3048.239444444446,188.0,88.225
LEC,3060.639444444446,186.0,88.225
LEC,3075.4950000000017,191.0,88.225
LEC,3084.0727777777793,193.0,88.225
LEC,3109.617222222224,209.0,88.225
LEC,3119.08388888889,213.0,88.225
LEC,3136.1172222222235,219.0,88.225
LEC,3146.072777777779,224.0,88.225
LEC,3158.68388888889,227.0,88.225
LEC,3189.681666666668,232.0,88.225
LEC,3200.2150000000015,237.0,88.225
LEC,3213.4927777777793,239.0,88.225
LEC,3243.681666666668,247.0,88.225
LEC,3274.7261111111125,254.0,88.225
LEC,3286.1038888888907,256.0,88.225
LEC,3321.3038888888905,264.0,88.225
LEC,3345.1261111111126,268.0,88.225
LEC,3360.1261111111126,270.0,88.225
LEC,3384.481666666668,274.0,88.225
LEC,3409.10388888889,277.0,88.225
LEC,3424.4711111111124,278.0,88.225
LEC,3436.9600000000014,281.0,88.225
LEC,3452.5711111111123,281.0,88.225
LEC,3477.9933333333347,286.0,88.225
LEC,3490.704444444446,286.0,88.225
LEC,3506.64888888889,287.0,88.225
LEC,3529.2044444444455,290.0,88.225
LEC,3564.8933333333343,292.0,88.225
LEC,3581.115555555557,292.0,88.225
LEC,3594.137777777779,293.0,88.225
LEC,3620.360000000001,295.0,88.225
LEC,3640.160000000001,297.0,88.225
LEC,3656.826666666668,300.0,88.225
LEC,3683.7550000000015,302.0,88.225
LEC,3700.588333333335,303.0,88.225
LEC,3714.055000000001,303.0,88.225
LEC,3730.999444444446,305.0,88.225
LEC,3754.799444444446,306.0,88.225
LEC,3768.4883333333346,308.0,88.225
LEC,3785.6550000000016,309.0,88.225
LEC,3799.432777777779,310.0,88.225
LEC,3820.232777777779,312.0,88.225
LEC,3855.121666666668,314.0,88.225
LEC,3869.0772222222236,314.0,88.225
LEC,3886.577222222223,315.0,88.225
LEC,3918.277222222223,317.0,88.225
LEC,3953.7216666666673,319.0,88.225
LEC,3981.988611111112,319.0,88.225
LEC,4006.799722222223,319.0,88.225
LEC,4020.9775000000004,319.0,88.225
LEC,4035.199722222223,320.0,88.225
LEC,4056.5330555555565,320.0,88.225
LEC,4070.799722222223,321.0,88.225
LEC,4092.199722222223,321.0,88.225
LEC,4120.46638888889,318.0,88.225
LEC,4138.021944444445,316.0,88.225
LEC,4172.021944444446,306.0,88.225
LEC,4193.255277777778,273.0,88.225
LEC,4207.36638888889,254.0,88.225
LEC,4220.810833333334,242.0,88.225
LEC,4241.408333333334,231.0,88.225
LEC,4254.075,228.0,88.225
LEC,4279.186111111111,226.0,88.225
LEC,4292.019444444444,231.0,88.225
LEC,4307.6194444444445,234.0,88.225
LEC,4318.197222222222,238.0,88.225
LEC,4339.886111111111,244.0,88.225
LEC,4353.441666666667,244.0,88.225
LEC,4381.219444444445,250.0,88.225
LEC,4406.719444444445,255.0,88.225
LEC,4418.097222222223,256.0,88.225
LEC,4438.241666666667,259.0,88.225
LEC,4455.641666666666,261.0,88.225
LEC,4467.374999999999,264.0,88.225
LEC,4488.0675,267.0,88.225
LEC,4502.900833333332,267.0,88.225
LEC,4533.234166666666,273.0,88.225
LEC,4554.623055555555,275.0,88.225
LEC,4579.334166666666,278.0,88.225
LEC,4591.689722222222,278.0,88.225
LEC,4607.356388888889,282.0,88.225
LEC,4623.078611111111,283.0,88.225
LEC,4642.078611111112,285.0,88.225
LEC,4661.211944444445,287.0,88.225
LEC,4693.545277777779,291.0,88.225
LEC,4713.211944444445,295.0,88.225
LEC,4726.405000000001,295.0,88.225
LEC,4759.627222222222,299.0,88.225
LEC,4799.89388888889,302.0,88.225
LEC,4813.405000000001,304.0,88.225
LEC,4843.805,304.0,88.225
LEC,4871.182777777779,308.0,88.225
LEC,4888.349444444446,309.0,88.225
LEC,4912.538333333335,311.0,88.225
LEC,4929.927222222223,313.0,88.225
LEC,4947.371666666667,314.0,88.225
LEC,4964.871666666667,315.0,88.225
LEC,4992.960555555556,316.0,88.225
LEC,5017.6161111111105,317.0,88.225
LEC,5035.139166666667,317.0,88.225
LEC,5049.316944444445,319.0,88.225
LEC,5070.583611111111,319.0,88.225
LEC,5084.850277777778,321.0,88.225
LEC,5102.6836111111115,321.0,88.225
LEC,5134.783611111112,321.0,88.225
LEC,5149.094722222224,322.0,88.225
LEC,5174.216944444445,323.0,88.225
LEC,5195.816944444447,324.0,88.225
LEC,5217.483611111113,325.0,88.225
LEC,5242.683611111112,324.0,88.225
LEC,5275.283611111113,326.0,88.225
LEC,5300.729722222224,326.0,88.225
LEC,5322.39638888889,325.0,88.225
LEC,5354.59638888889,322.0,88.225
LEC,5391.874166666667,305.0,88.225
LEC,5418.207500000001,237.0,88.225
LEC,5433.607500000001,198.0,88.225
LEC,5445.474166666668,178.0,88.225
LEC,5458.807500000002,150.0,88.225
LEC,5468.140833333335,140.0,88.225
LEC,5476.807500000001,130.0,88.225
LEC,5487.29638888889,118.0,88.225
LEC,5492.451944444445,116.0,88.225
LEC,5502.229722222223,110.0,88.225
LEC,5510.832222222223,111.0,88.225
LEC,5521.143333333334,116.0,88.225
LEC,5533.843333333334,127.0,88.225
LEC,5553.310000000001,146.0,88.225
LEC,5571.08777777778,160.0,88.225
LEC,5582.621111111112,173.0,88.225
LEC,5601.621111111112,190.0,88.225
LEC,5610.19888888889,193.0,88.225
LEC,5623.79888888889,204.0,88.225
LEC,5647.524722222223,213.0,88.225
LEC,5664.946944444446,224.0,88.225
LEC,5677.613611111113,228.0,88.225
LEC,5693.146944444446,233.0,88.225
LEC,5706.369166666668,238.0,88.225
LEC,5725.346944444446,244.0,88.225
LEC,5736.235833333335,245.0,88.225
LEC,5764.346944444446,253.0,88.225
LEC,5778.624722222224,257.0,88.225
LEC,5802.091388888891,264.0,88.225
LEC,5826.002500000001,269.0,88.225
LEC,5856.558055555557,275.0,88.225
LEC,5875.09138888889,278.0,88.225
LEC,5890.702500000001,281.0,88.225
LEC,5919.023611111112,284.0,88.225
LEC,5938.223611111112,288.0,88.225
LEC,5951.112500000001,290.0,88.225
LEC,5967.279166666668,291.0,88.225
LEC,5980.2125000000015,291.0,88.225
LEC,5996.49027777778,293.0,88.225
LEC,6019.512500000002,296.0,88.225
LEC,6036.068055555557,298.0,88.225
SAI,2.090277777777778,301.0,88.402
SAI,29.02361111111111,303.0,88.402
SAI,49.35694444444444,305.0,88.402
SAI,62.82777777777777,305.0,88.402
SAI,76.42777777777778,306.0,88.402
SAI,96.89444444444443,307.0,88.402
SAI,114.00555555555556,308.0,88.402
SAI,141.5611111111111,310.0,88.402
SAI,165.75,311.0,88.402
SAI,193.48333333333332,312.0,88.402
SAI,214.41666666666669,314.0,88.402
SAI,242.32777777777778,314.0,88.402
SAI,277.4388888888889,316.0,88.402
SAI,298.5055555555556,316.0,88.402
SAI,319.5055555555556,315.0,88.402
SAI,333.5055555555556,315.0,88.402
SAI,350.95000000000005,314.0,88.402
SAI,371.75000000000006,312.0,88.402
SAI,385.5722222222223,311.0,88.402
SAI,407.8944444444445,287.0,88.402
SAI,428.6055555555556,233.0,88.402
SAI,441.20555555555563,189.0,88.402
SAI,453.1388888888889,179.0,88.402
SAI,469.25000000000006,145.0,88.402
SAI,479.3611111111112,130.0,88.402
SAI,492.0594444444445,114.0,88.402
SAI,499.5927777777779,113.0,88.402
SAI,505.8150000000001,112.0,88.402
SAI,512.0927777777779,113.0,88.402
SAI,516.8627777777779,108.0,88.402
SAI,527.973888888889,100.0,88.402
SAI,540.2405555555556,92.0,88.402
SAI,550.9072222222222,96.0,88.402
SAI,559.9738888888888,102.0,88.402
SAI,566.9072222222222,104.0,88.402
SAI,581.9405555555556,123.0,88.402
SAI,595.8405555555556,139.0,88.402
SAI,609.6183333333335,155.0,88.402
SAI,616.9072222222223,164.0,88.402
SAI,624.5961111111112,173.0,88.402
SAI,638.4405555555556,178.0,88.402
SAI,648.9405555555556,189.0,88.402
SAI,664.4183333333335,199.0,88.402
SAI,690.5738888888891,214.0,88.402
SAI,712.673888888889,221.0,88.402
SAI,722.4961111111112,221.0,88.402
SAI,735.3294444444446,231.0,88.402
SAI,750.9961111111112,235.0,88.402
SAI,772.3961111111112,240.0,88.402
SAI,791.6072222222223,247.0,88.402
SAI,805.4405555555555,249.0,88.402
SAI,825.1961111111111,254.0,88.402
SAI,842.3244444444443,258.0,88.402
SAI,859.6577777777777,260.0,88.402
SAI,877.191111111111,263.0,88.402
SAI,903.591111111111,264.0,88.402
SAI,915.2799999999999,263.0,88.402
SAI,932.4799999999999,258.0,88.402
SAI,947.7466666666666,229.0,88.402
SAI,956.8577777777776,205.0,88.402
SAI,989.3466666666666,172.0,88.402
SAI,996.8577777777776,169.0,88.402
SAI,1010.0799999999997,170.0,88.402
SAI,1027.7799999999997,177.0,88.402
SAI,1038.2244444444443,188.0,88.402
SAI,1048.8911111111108,192.0,88.402
SAI,1061.8911111111108,195.0,88.402
SAI,1072.8355555555552,197.0,88.402
SAI,1100.8355555555552,210.0,88.402
SAI,1122.4355555555553,216.0,88.402
SAI,1139.4688888888884,219.0,88.402
SAI,1154.5355555555552,226.0,88.402
SAI,1167.3213888888884,229.0,88.402
SAI,1188.2102777777773,235.0,88.402
SAI,1203.9436111111108,236.0,88.402
SAI,1214.5213888888886,238.0,88.402
SAI,1242.0080555555553,248.0,88.402
SAI,1258.6747222222218,250.0,88.402
SAI,1272.7302777777772,253.0,88.402
SAI,1286.8413888888883,254.0,88.402
SAI,1301.0080555555553,255.0,88.402
SAI,1318.1413888888885,257.0,88.402
SAI,1329.5636111111107,257.0,88.402
SAI,1343.896944444444,258.0,88.402
SAI,1358.285833333333,259.0,88.402
SAI,1372.7302777777775,260.0,88.402
SAI,1401.8413888888886,262.0,88.402
SAI,1422.5302777777774,266.0,88.402
SAI,1451.9747222222218,265.0,88.402
SAI,1472.4302777777775,263.0,88.402
SAI,1489.9636111111108,263.0,88.402
SAI,1513.3413888888886,263.0,88.402
SAI,1544.874722222222,258.0,88.402
SAI,1556.2080555555553,255.0,88.402
SAI,1575.2636111111108,245.0,88.402
SAI,1588.7080555555553,242.0,88.402
SAI,1612.1080555555552,234.0,88.402
SAI,1627.9747222222218,238.0,88.402
SAI,1652.4424999999997,244.0,88.402
SAI,1674.0424999999996,243.0,88.402
SAI,1684.886944444444,244.0,88.402
SAI,1695.775833333333,245.0,88.402
SAI,1712.2402777777775,248.0,88.402
SAI,1734.373611111111,249.0,88.402
SAI,1751.106944444444,251.0,88.402
SAI,1762.395833333333,254.0,88.402
SAI,1785.2402777777775,257.0,88.402
SAI,1814.1291666666662,260.0,88.402
SAI,1834.818055555555,266.0,88.402
SAI,1849.6513888888883,267.0,88.402
SAI,1861.6069444444438,269.0,88.402
SAI,1879.6736111111106,271.0,88.402
SAI,1897.9402777777773,274.0,88.402
SAI,1925.7402777777772,278.0,88.402
SAI,1941.2402777777772,279.0,88.402
SAI,1953.729166666666,281.0,88.402
SAI,1978.9736111111106,284.0,88.402
SAI,1991.5958333333328,284.0,88.402
SAI,2013.8402777777774,286.0,88.402
SAI,2039.3513888888886,287.0,88.402
SAI,2058.618055555555,289.0,88.402
SAI,2074.7291666666665,290.0,88.402
SAI,2087.6624999999995,291.0,88.402
SAI,2110.3736111111107,292.0,88.402
SAI,2129.988333333333,293.0,88.402
SAI,2146.377222222222,295.0,88.402
SAI,2182.5549999999994,296.0,88.402
SAI,2202.288333333333,296.0,88.402
SAI,2228.5172222222213,296.0,88.402
SAI,2251.383888888888,294.0,88.402
SAI,2267.661666666666,293.0,88.402
SAI,2283.3838888888877,283.0,88.402
SAI,2305.428333333332,248.0,88.402
SAI,2320.3616666666653,224.0,88.402
SAI,2338.9394444444433,209.0,88.402
SAI,2353.794999999999,191.0,88.402
SAI,2367.561666666666,177.0,88.402
SAI,2376.9505555555547,169.0,88.402
SAI,2387.8172222222215,163.0,88.402
SAI,2396.4838888888885,156.0,88.402
SAI,2408.2283333333326,151.0,88.402
SAI,2420.3616666666658,156.0,88.402
SAI,2432.80611111111,160.0,88.402
SAI,2450.1061111111103,173.0,88.402
SAI,2461.7727777777773,175.0,88.402
SAI,2469.9505555555547,184.0,88.402
SAI,2484.7283333333326,190.0,88.402
SAI,2504.3283333333325,196.0,88.402
SAI,2515.5505555555546,202.0,88.402
SAI,2534.8105555555544,216.0,88.402
SAI,2547.0327777777766,220.0,88.402
SAI,2559.477222222221,224.0,88.402
SAI,2572.1994444444435,229.0,88.402
SAI,2582.3772222222215,229.0,88.402
SAI,2614.576666666666,242.0,88.402
SAI,2628.2433333333324,246.0,88.402
SAI,2639.3544444444437,250.0,88.402
SAI,2656.22111111111,253.0,88.402
SAI,2667.5988888888883,256.0,88.402
SAI,2690.7099999999996,260.0,88.402
SAI,2717.2099999999996,265.0,88.402
SAI,2732.043333333333,267.0,88.402
SAI,2743.9988888888884,269.0,88.402
SAI,2762.065555555555,271.0,88.402
SAI,2777.2322222222215,273.0,88.402
SAI,2789.4099999999994,274.0,88.402
SAI,2804.7433333333324,276.0,88.402
SAI,2820.1322222222216,277.0,88.402
SAI,2841.9877777777774,281.0,88.402
SAI,2860.7877777777776,282.0,88.402
SAI,2876.5099999999993,283.0,88.402
SAI,2889.132222222222,284.0,88.402
SAI,2914.5544444444445,286.0,88.402
SAI,2946.221111111111,285.0,88.402
SAI,2962.054444444444,285.0,88.402
SAI,2977.721111111111,282.0,88.402
SAI,2996.6886111111107,243.0,88.402
SAI,3009.2441666666664,226.0,88.402
SAI,3023.4441666666667,213.0,88.402
SAI,3038.9219444444443,199.0,88.402
SAI,3049.699722222222,194.0,88.402
SAI,3060.144166666667,188.0,88.402
SAI,3068.5441666666666,189.0,88.402
SAI,3081.290833333333,192.0,88.402
SAI,3092.013055555555,193.0,88.402
SAI,3109.968611111111,202.0,88.402
SAI,3119.079722222222,205.0,88.402
SAI,3130.468611111111,205.0,88.402
SAI,3161.090833333333,212.0,88.402
SAI,3175.5574999999994,217.0,88.402
SAI,3187.6686111111107,218.0,88.402
SAI,3205.4019444444443,228.0,88.402
SAI,3223.6019444444446,234.0,88.402
SAI,3236.879722222222,239.0,88.402
SAI,3258.390833333333,242.0,88.402
SAI,3272.2241666666664,249.0,88.402
SAI,3289.090833333333,253.0,88.402
SAI,3300.379722222222,254.0,88.402
SAI,3323.4908333333333,260.0,88.402
SAI,3338.046388888889,262.0,88.402
SAI,3349.868611111111,266.0,88.402
SAI,3364.7575,268.0,88.402
SAI,3388.846388888889,271.0,88.402
SAI,3410.079722222222,273.0,88.402
SAI,3431.8572222222224,279.0,88.402
SAI,3469.7238888888887,284.0,88.402
SAI,3501.6127777777774,287.0,88.402
SAI,3517.6127777777774,288.0,88.402
SAI,3533.7238888888883,290.0,88.402
SAI,3546.532222222222,290.0,88.402
SAI,3562.643333333333,290.0,88.402
SAI,3585.354444444444,292.0,88.402
SAI,3598.4211111111113,294.0,88.402
SAI,3618.0211111111107,294.0,88.402
SAI,3631.1766666666667,296.0,88.402
SAI,3654.51,300.0,88.402
SAI,3687.9544444444446,301.0,88.402
SAI,3711.598888888889,304.0,88.402
SAI,3742.098888888889,305.0,88.402
SAI,3755.7877777777776,308.0,88.402
SAI,3776.387777777778,309.0,88.402
SAI,3810.9433333333336,311.0,88.402
SAI,3828.3322222222228,313.0,88.402
SAI,3849.198888888889,313.0,88.402
SAI,3873.776666666667,316.0,88.402
SAI,3902.043333333334,318.0,88.402
SAI,3937.376666666667,318.0,88.402
SAI,3955.0988888888896,319.0,88.402
SAI,3976.4541666666673,319.0,88.402
SAI,4008.4541666666673,320.0,88.402
SAI,4026.287500000001,321.0,88.402
SAI,4044.120833333334,321.0,88.402
SAI,4058.3430555555565,320.0,88.402
SAI,4083.1541666666676,319.0,88.402
SAI,4104.554166666667,321.0,88.402
SAI,4139.6883333333335,317.0,88.402
SAI,4157.243888888889,316.0,88.402
SAI,4177.177222222223,299.0,88.402
SAI,4205.955,259.0,88.402
SAI,4227.288333333333,240.0,88.402
SAI,4247.999444444444,233.0,88.402
SAI,4263.732777777776,236.0,88.402
SAI,4290.399444444443,240.0,88.402
SAI,4306.732777777776,245.0,88.402
SAI,4320.621666666665,250.0,88.402
SAI,4337.354999999999,251.0,88.402
SAI,4359.754999999998,252.0,88.402
SAI,4376.821666666666,256.0,88.402
SAI,4399.843888888888,259.0,88.402
SAI,4414.343888888888,261.0,88.402
SAI,4431.943888888887,264.0,88.402
SAI,4446.721666666665,266.0,88.402
SAI,4464.588333333331,268.0,88.402
SAI,4476.618611111109,269.0,88.402
SAI,4500.707499999999,271.0,88.402
SAI,4521.940833333332,273.0,88.402
SAI,4540.407499999998,277.0,88.402
SAI,4555.851944444443,278.0,88.402
SAI,4568.251944444442,279.0,88.402
SAI,4593.2297222222205,281.0,88.402
SAI,4618.483888888886,285.0,88.402
SAI,4637.550555555554,286.0,88.402
SAI,4663.239444444442,289.0,88.402
SAI,4679.294999999997,289.0,88.402
SAI,4692.317222222219,293.0,88.402
SAI,4711.983888888886,295.0,88.402
SAI,4741.983888888886,300.0,88.402
SAI,4761.983888888886,300.0,88.402
SAI,4785.550555555553,303.0,88.402
SAI,4809.272777777775,305.0,88.402
SAI,4829.672777777775,306.0,88.402
SAI,4846.728333333331,307.0,88.402
SAI,4863.950555555553,310.0,88.402
SAI,4884.683888888886,311.0,88.402
SAI,4912.5949999999975,314.0,88.402
SAI,4944.0949999999975,315.0,88.402
SAI,4968.750555555554,317.0,88.402
SAI,4989.883888888887,317.0,88.402
SAI,5003.972777777775,317.0,88.402
SAI,5021.783611111109,319.0,88.402
SAI,5043.116944444442,320.0,88.402
SAI,5071.650277777776,321.0,88.402
SAI,5096.694722222221,322.0,88.402
SAI,5125.405833333331,323.0,88.402
SAI,5139.761388888886,323.0,88.402
SAI,5164.883611111109,323.0,88.402
SAI,5204.637499999998,326.0,88.402
SAI,5233.615277777775,326.0,88.402
SAI,5248.104166666663,326.0,88.402
SAI,5277.170833333331,327.0,88.402
SAI,5309.870833333331,327.0,88.402
SAI,5335.304166666664,327.0,88.402
SAI,5360.426388888886,323.0,88.402
SAI,5374.737499999997,322.0,88.402
SAI,5403.848611111109,262.0,88.402
SAI,5420.4152777777745,213.0,88.402
SAI,5428.948611111108,192.0,88.402
SAI,5446.948611111108,162.0,88.402
SAI,5458.537499999997,149.0,88.402
SAI,5466.593055555552,145.0,88.402
SAI,5478.0597222222195,129.0,88.402
SAI,5489.959722222219,119.0,88.402
SAI,5497.591388888885,114.0,88.402
SAI,5511.158055555552,111.0,88.402
SAI,5517.43583333333,113.0,88.402
SAI,5526.613611111107,118.0,88.402
SAI,5535.080277777774,127.0,88.402
SAI,5545.113611111108,129.0,88.402
SAI,5553.0580555555525,143.0,88.402
SAI,5559.813611111108,152.0,88.402
SAI,5570.502222222219,161.0,88.402
SAI,5578.057777777774,170.0,88.402
SAI,5588.002222222219,179.0,88.402
SAI,5602.857777777774,191.0,88.402
SAI,5616.124444444441,199.0,88.402
SAI,5639.679999999996,212.0,88.402
SAI,5649.3688888888855,218.0,88.402
SAI,5666.71333333333,223.0,88.402
SAI,5679.435555555552,229.0,88.402
SAI,5692.3799999999965,233.0,88.402
SAI,5710.968888888886,239.0,88.402
SAI,5729.8688888888855,243.0,88.402
SAI,5743.757777777774,250.0,88.402
SAI,5757.8688888888855,254.0,88.402
SAI,5775.068888888885,258.0,88.402
SAI,5789.624444444441,262.0,88.402
SAI,5813.62444444444,270.0,88.402
SAI,5841.02444444444,274.0,88.402
SAI,5872.2133333333295,280.0,88.402
SAI,5887.879999999996,282.0,88.402
SAI,5906.946666666663,286.0,88.402
SAI,5922.891111111107,287.0,88.402
SAI,5955.22444444444,291.0,88.402
SAI,5988.002222222219,295.0,88.402
SAI,6007.735555555551,296.0,88.402
SAI,6037.552499999995,299.0,88.402
SAI,6057.619166666663,301.0,88.402
SAI,6074.396944444441,302.0,88.402
SAI,6094.596944444441,303.0,88.402
VER,19.5,312.0,88.461
VER,40.43333333333334,314.0,88.461
VER,57.988888888888894,316.0,88.461
VER,75.6,317.0,88.461
VER,110.95583333333333,319.0,88.461
VER,143.15583333333333,322.0,88.461
VER,161.04472222222222,322.0,88.461
VER,186.2447222222222,324.0,88.461
VER,211.4447222222222,324.0,88.461
VER,233.17805555555555,326.0,88.461
VER,258.6113888888889,327.0,88.461
VER,273.14472222222224,327.0,88.461
VER,313.23361111111114,328.0,88.461
VER,327.8113888888889,328.0,88.461
VER,353.24472222222226,327.0,88.461
VER,367.7780555555556,327.0,88.461
VER,385.16694444444454,313.0,88.461
VER,418.168888888889,247.0,88.461
VER,427.768888888889,216.0,88.461
VER,438.26888888888897,189.0,88.461
VER,457.2133333333334,155.0,88.461
VER,472.61333333333346,126.0,88.461
VER,478.2133333333334,126.0,88.461
VER,492.7466666666668,109.0,88.461
VER,501.99111111111125,104.0,88.461
VER,507.82444444444457,105.0,88.461
VER,516.8022222222223,101.0,88.461
VER,525.2466666666668,95.0,88.461
VER,530.2769444444446,91.0,88.461
VER,534.2769444444446,90.0,88.461
VER,539.221388888889,89.0,88.461
VER,547.3102777777779,91.0,88.461
VER,551.4436111111112,93.0,88.461
VER,556.8880555555556,98.0,88.461
VER,565.4436111111112,110.0,88.461
VER,580.9658333333334,127.0,88.461
VER,588.6880555555556,139.0,88.461
VER,595.0880555555556,144.0,88.461
VER,609.5769444444445,163.0,88.461
VER,621.3769444444445,177.0,88.461
VER,631.6547222222222,185.0,88.461
VER,649.1313888888889,196.0,88.461
VER,660.3536111111111,202.0,88.461
VER,669.4202777777779,204.0,88.461
VER,681.0869444444445,210.0,88.461
VER,697.6536111111111,213.0,88.461
VER,707.3869444444445,219.0,88.461
VER,719.9425000000001,226.0,88.461
VER,730.0758333333334,228.0,88.461
VER,745.8091666666667,236.0,88.461
VER,772.9202777777778,244.0,88.461
VER,783.8536111111111,246.0,88.461
VER,797.7425000000001,250.0,88.461
VER,823.3425,256.0,88.461
VER,852.3425,261.0,88.461
VER,875.6472222222221,263.0,88.461
VER,896.2583333333333,265.0,88.461
VER,908.1249999999999,267.0,88.461
VER,919.8583333333332,264.0,88.461
VER,934.7916666666666,224.0,88.461
VER,944.2138888888888,212.0,88.461
VER,956.9472222222222,191.0,88.461
VER,971.8805555555556,168.0,88.461
VER,981.0472222222222,165.0,88.461
VER,999.0472222222223,162.0,88.461
VER,1012.3472222222222,171.0,88.461
VER,1022.3472222222222,180.0,88.461
VER,1032.7916666666667,188.0,88.461
VER,1050.2683333333332,196.0,88.461
VER,1061.3794444444443,200.0,88.461
VER,1084.4905555555556,208.0,88.461
VER,1096.435,215.0,88.461
VER,1110.9683333333332,218.0,88.461
VER,1120.835,222.0,88.461
VER,1141.0127777777777,227.0,88.461
VER,1153.7350000000001,229.0,88.461
VER,1179.8461111111112,235.0,88.461
VER,1203.9461111111111,241.0,88.461
VER,1214.6572222222223,241.0,88.461
VER,1233.6350000000002,244.0,88.461
VER,1250.4350000000002,252.0,88.461
VER,1261.6794444444447,253.0,88.461
VER,1281.3644444444446,254.0,88.461
VER,1295.5866666666668,256.0,88.461
VER,1324.1422222222225,257.0,88.461
VER,1344.3644444444444,260.0,88.461
VER,1367.4755555555555,260.0,88.461
VER,1379.0311111111112,260.0,88.461
VER,1393.4755555555557,260.0,88.461
VER,1408.0866666666668,263.0,88.461
VER,1425.4866666666667,261.0,88.461
VER,1442.6866666666667,258.0,88.461
VER,1471.02,255.0,88.461
VER,1488.02,255.0,88.461
VER,1499.468888888889,256.0,88.461
VER,1528.2466666666667,259.0,88.461
VER,1560.5133333333333,242.0,88.461
VER,1571.0022222222221,236.0,88.461
VER,1594.0022222222221,230.0,88.461
VER,1614.4466666666667,230.0,88.461
VER,1627.446666666667,234.0,88.461
VER,1645.6466666666668,234.0,88.461
VER,1659.091111111111,242.0,88.461
VER,1672.4800000000002,241.0,88.461
VER,1685.9244444444446,242.0,88.461
VER,1707.7022222222224,245.0,88.461
VER,1726.9133333333334,247.0,88.461
VER,1740.732777777778,250.0,88.461
VER,1751.8883333333335,251.0,88.461
VER,1768.8216666666667,254.0,88.461
VER,1780.2883333333334,258.0,88.461
VER,1794.732777777778,260.0,88.461
VER,1821.1327777777778,264.0,88.461
VER,1832.9550000000002,266.0,88.461
VER,1853.955,270.0,88.461
VER,1872.0883333333334,272.0,88.461
VER,1890.4216666666666,275.0,88.461
VER,1911.966111111111,277.0,88.461
VER,1940.066111111111,281.0,88.461
VER,1962.1558333333332,283.0,88.461
VER,1981.1558333333335,285.0,88.461
VER,2009.9558333333334,288.0,88.461
VER,2045.4002777777778,290.0,88.461
VER,2077.8447222222226,292.0,88.461
VER,2100.711388888889,294.0,88.461
VER,2120.3113888888893,294.0,88.461
VER,2146.6225000000004,296.0,88.461
VER,2166.4225000000006,297.0,88.461
VER,2186.2225000000003,297.0,88.461
VER,2212.6225000000004,297.0,88.461
VER,2225.8225000000007,297.0,88.461
VER,2252.2225000000008,297.0,88.461
VER,2274.0000000000005,281.0,88.461
VER,2296.0444444444447,248.0,88.461
VER,2317.7444444444445,217.0,88.461
VER,2342.4111111111115,185.0,88.461
VER,2361.5222222222224,172.0,88.461
VER,2372.6555555555556,167.0,88.461
VER,2388.5555555555557,159.0,88.461
VER,2395.5777777777776,158.0,88.461
VER,2406.1777777777775,159.0,88.461
VER,2424.3341666666665,163.0,88.461
VER,2437.4786111111107,169.0,88.461
VER,2447.1452777777777,174.0,88.461
VER,2459.2119444444443,181.0,88.461
VER,2469.5452777777773,186.0,88.461
VER,2484.4786111111107,192.0,88.461
VER,2493.278611111111,198.0,88.461
VER,2516.0563888888887,205.0,88.461
VER,2527.723055555555,210.0,88.461
VER,2547.5452777777773,223.0,88.461
VER,2567.9897222222216,230.0,88.461
VER,2594.5452777777778,239.0,88.461
VER,2610.7452777777776,243.0,88.461
VER,2624.5230555555554,248.0,88.461
VER,2649.952222222222,255.0,88.461
VER,2667.152222222222,258.0,88.461
VER,2678.7522222222224,261.0,88.461
VER,2693.3077777777776,262.0,88.461
VER,2704.996666666667,263.0,88.461
VER,2719.885555555556,268.0,88.461
VER,2740.8855555555556,270.0,88.461
VER,2756.0522222222226,273.0,88.461
VER,2844.1752777777783,283.0,88.461
VER,2869.508611111112,285.0,88.461
VER,2901.6197222222227,289.0,88.461
VER,2927.3086111111115,289.0,88.461
VER,2946.5752777777784,289.0,88.461
VER,2975.786388888889,239.0,88.461
VER,2998.4530555555557,204.0,88.461
VER,3009.341944444445,196.0,88.461
VER,3028.241944444445,189.0,88.461
VER,3042.241944444445,180.0,88.461
VER,3050.241944444445,180.0,88.461
VER,3062.3086111111115,181.0,88.461
VER,3085.653055555556,191.0,88.461
VER,3094.5747222222226,202.0,88.461
VER,3108.0413888888893,202.0,88.461
VER,3122.2413888888896,213.0,88.461
VER,3149.496944444445,223.0,88.461
VER,3172.396944444445,229.0,88.461
VER,3182.574722222223,229.0,88.461
VER,3198.2413888888896,235.0,88.461
VER,3214.174722222223,239.0,88.461
VER,3230.5080555555564,245.0,88.461
VER,3241.574722222223,249.0,88.461
VER,3255.7005555555565,253.0,88.461
VER,3272.900555555557,258.0,88.461
VER,3290.300555555557,261.0,88.461
VER,3304.9672222222234,264.0,88.461
VER,3331.8672222222235,269.0,88.461
VER,3349.8672222222235,270.0,88.461
VER,3365.0338888888905,273.0,88.461
VER,3380.311666666668,275.0,88.461
VER,3402.1672222222237,281.0,88.461
VER,3430.467222222224,283.0,88.461
VER,3459.2672222222236,288.0,88.461
VER,3481.8227777777793,290.0,88.461
VER,3507.778333333335,292.0,88.461
VER,3527.3116666666683,293.0,88.461
VER,3550.100555555557,293.0,88.461
VER,3576.1522222222234,294.0,88.461
VER,3609.1522222222234,297.0,88.461
VER,3632.5633333333344,301.0,88.461
VER,3669.963333333335,306.0,88.461
VER,3683.607777777779,307.0,88.461
VER,3700.774444444446,309.0,88.461
VER,3728.5077777777797,312.0,88.461
VER,3742.4188888888907,313.0,88.461
VER,3766.763333333335,313.0,88.461
VER,3791.4288888888905,316.0,88.461
VER,3809.0955555555574,318.0,88.461
VER,3848.3288888888906,321.0,88.461
VER,3866.2177777777797,322.0,88.461
VER,3891.3400000000015,323.0,88.461
VER,3927.4511111111133,325.0,88.461
VER,3956.428888888891,326.0,88.461
VER,3978.1622222222236,326.0,88.461
VER,4014.4955555555566,327.0,88.461
VER,4043.562222222223,327.0,88.461
VER,4079.784444444446,326.0,88.461
VER,4094.2733333333344,326.0,88.461
VER,4112.32888888889,325.0,88.461
VER,4144.62888888889,323.0,88.461
VER,4172.4513888888905,279.0,88.461
VER,4195.562500000002,260.0,88.461
VER,4208.729166666668,237.0,88.461
VER,4221.618055555557,232.0,88.461
VER,4236.884722222223,229.0,88.461
VER,4249.162500000001,221.0,88.461
VER,4266.195833333335,219.0,88.461
VER,4286.1069444444465,224.0,88.461
VER,4303.995833333335,230.0,88.461
VER,4317.228333333335,237.0,88.461
VER,4327.761666666668,237.0,88.461
VER,4346.739444444446,244.0,88.461
VER,4360.295000000002,244.0,88.461
VER,4374.183888888891,250.0,88.461
VER,4396.761666666668,254.0,88.461
VER,4419.783888888891,259.0,88.461
VER,4434.339444444446,262.0,88.461
VER,4466.728333333334,265.0,88.461
VER,4481.561666666668,267.0,88.461
VER,4493.5172222222245,269.0,88.461
VER,4511.650555555558,272.0,88.461
VER,4523.828333333336,274.0,88.461
VER,4539.106111111114,275.0,88.461
VER,4551.37277777778,276.0,88.461
VER,4563.728333333335,278.0,88.461
VER,4585.739444444446,283.0,88.461
VER,4604.739444444447,285.0,88.461
VER,4626.983888888892,286.0,88.461
VER,4639.703888888891,288.0,88.461
VER,4655.703888888891,288.0,88.461
VER,4671.870555555558,291.0,88.461
VER,4691.470555555557,294.0,88.461
VER,4707.915000000002,296.0,88.461
VER,4724.526111111113,299.0,88.461
VER,4744.59277777778,301.0,88.461
VER,4781.992777777779,306.0,88.461
VER,4805.948333333335,308.0,88.461
VER,4830.145555555558,310.0,88.461
VER,4847.423333333336,311.0,88.461
VER,4864.812222222224,313.0,88.461
VER,4892.901111111113,316.0,88.461
VER,4932.012222222224,320.0,88.461
VER,4946.234444444446,320.0,88.461
VER,4960.545555555557,322.0,88.461
VER,4982.078888888891,323.0,88.461
VER,5003.6788888888905,324.0,88.461
VER,5047.145555555558,326.0,88.461
VER,5083.590000000003,328.0,88.461
VER,5120.256666666669,330.0,88.461
VER,5153.356666666669,331.0,88.461
VER,5175.423333333337,331.0,88.461
VER,5208.623333333337,332.0,88.461
VER,5230.730833333336,333.0,88.461
VER,5252.9308333333365,333.0,88.461
VER,5278.830833333337,333.0,88.461
VER,5297.330833333336,333.0,88.461
VER,5312.130833333337,333.0,88.461
VER,5338.030833333336,333.0,88.461
VER,5365.853055555559,313.0,88.461
VER,5387.897500000003,248.0,88.461
VER,5410.620833333337,204.0,88.461
VER,5428.843055555559,164.0,88.461
VER,5444.620833333337,142.0,88.461
VER,5458.020833333337,134.0,88.461
VER,5468.2097222222255,131.0,88.461
VER,5482.509722222226,117.0,88.461
VER,5488.565277777781,109.0,88.461
VER,5501.643055555559,107.0,88.461
VER,5511.509722222226,111.0,88.461
VER,5519.443055555559,119.0,88.461
VER,5526.165277777782,121.0,88.461
VER,5536.509722222227,133.0,88.461
VER,5544.454166666671,143.0,88.461
VER,5551.476388888894,158.0,88.461
VER,5560.5319444444485,163.0,88.461
VER,5570.0319444444485,171.0,88.461
VER,5579.70555555556,175.0,88.461
VER,5590.316666666671,191.0,88.461
VER,5603.316666666671,195.0,88.461
VER,5619.183333333338,204.0,88.461
VER,5643.183333333338,216.0,88.461
VER,5655.627777777782,224.0,88.461
VER,5675.983333333337,229.0,88.461
VER,5691.650000000004,235.0,88.461
VER,5705.050000000004,240.0,88.461
VER,5715.761111111115,241.0,88.461
VER,5732.294444444448,248.0,88.461
VER,5746.350000000004,253.0,88.461
VER,5766.338888888892,257.0,88.461
VER,5780.838888888892,261.0,88.461
VER,5795.561111111115,265.0,88.461
VER,5819.738888888893,272.0,88.461
VER,5831.827777777781,272.0,88.461
VER,5847.21666666667,277.0,88.461
VER,5859.661111111114,280.0,88.461
VER,5878.52777777778,283.0,88.461
VER,5891.238888888891,286.0,88.461
VER,5910.505555555558,289.0,88.461
VER,5949.705555555557,294.0,88.461
VER,5976.016666666669,296.0,88.461
VER,5989.216666666669,297.0,88.461
VER,6015.794444444447,299.0,88.461
VER,6029.083333333336,299.0,88.461
VER,6049.216666666669,302.0,88.461
VER,6062.59916666667,303.0,88.461
OCO,21.303333333333335,308.0,89.068
OCO,41.903333333333336,309.0,89.068
OCO,62.57000000000001,310.0,89.068
OCO,97.3477777777778,313.0,89.068
OCO,121.77000000000001,314.0,89.068
OCO,156.9688888888889,316.0,89.068
OCO,178.10222222222222,317.0,89.068
OCO,195.82444444444445,319.0,89.068
OCO,213.54666666666668,319.0,89.068
OCO,227.63583333333332,319.0,89.068
OCO,262.96916666666664,318.0,89.068
OCO,305.2358333333333,317.0,89.068
OCO,340.5691666666666,318.0,89.068
OCO,368.74694444444435,317.0,89.068
OCO,389.613611111111,313.0,89.068
OCO,417.8469444444444,231.0,89.068
OCO,436.94694444444434,191.0,89.068
OCO,451.5247222222221,164.0,89.068
OCO,458.2802777777777,152.0,89.068
OCO,464.59138888888884,142.0,89.068
OCO,475.63583333333327,142.0,89.068
OCO,482.7469444444444,128.0,89.068
OCO,492.2358333333333,122.0,89.068
OCO,505.9247222222222,112.0,89.068
OCO,516.5247222222222,106.0,89.068
OCO,521.1025,103.0,89.068
OCO,526.6580555555555,100.0,89.068
OCO,533.1247222222222,97.0,89.068
OCO,541.4172222222222,93.0,89.068
OCO,548.4172222222222,90.0,89.068
OCO,553.5283333333333,92.0,89.068
OCO,560.995,96.0,89.068
OCO,567.8994444444444,104.0,89.068
OCO,575.4327777777777,113.0,89.068
OCO,583.566111111111,122.0,89.068
OCO,597.666111111111,141.0,89.068
OCO,604.155,146.0,89.068
OCO,614.6216666666667,157.0,89.068
OCO,626.0216666666666,171.0,89.068
OCO,634.0216666666666,180.0,89.068
OCO,671.9883333333333,201.0,89.068
OCO,680.9216666666667,201.0,89.068
OCO,697.6438888888889,215.0,89.068
OCO,720.143888888889,225.0,89.068
OCO,732.7550000000001,227.0,89.068
OCO,745.7550000000001,234.0,89.068
OCO,761.6216666666668,238.0,89.068
OCO,775.0105555555557,241.0,89.068
OCO,808.343888888889,250.0,89.068
OCO,833.643888888889,253.0,89.068
OCO,853.5550000000001,256.0,89.068
OCO,870.7550000000001,258.0,89.068
OCO,885.2716666666668,260.0,89.068
OCO,908.3827777777778,260.0,89.068
OCO,925.7827777777777,261.0,89.068
OCO,936.2272222222222,235.0,89.068
OCO,957.5072222222223,192.0,89.068
OCO,969.5738888888889,181.0,89.068
OCO,979.2405555555557,174.0,89.068
OCO,988.6850000000002,170.0,89.068
OCO,997.7961111111113,164.0,89.068
OCO,1008.9961111111112,168.0,89.068
OCO,1016.5516666666667,170.0,89.068
OCO,1026.2738888888891,175.0,89.068
OCO,1036.4405555555559,183.0,89.068
OCO,1047.051666666667,191.0,89.068
OCO,1069.2738888888891,200.0,89.068
OCO,1085.451666666667,208.0,89.068
OCO,1109.451666666667,216.0,89.068
OCO,1126.7183333333337,222.0,89.068
OCO,1141.718333333334,225.0,89.068
OCO,1162.1627777777783,230.0,89.068
OCO,1191.2516666666672,238.0,89.068
OCO,1201.829444444445,238.0,89.068
OCO,1220.807222222223,244.0,89.068
OCO,1234.6405555555561,249.0,89.068
OCO,1259.940555555556,253.0,89.068
OCO,1276.807222222223,253.0,89.068
OCO,1302.5786111111115,257.0,89.068
OCO,1325.6008333333339,259.0,89.068
OCO,1337.1563888888895,260.0,89.068
OCO,1348.7119444444452,260.0,89.068
OCO,1365.9730555555564,260.0,89.068
OCO,1389.1730555555564,261.0,89.068
OCO,1406.7730555555563,264.0,89.068
OCO,1418.5508333333341,265.0,89.068
OCO,1442.0175000000008,264.0,89.068
OCO,1470.5730555555565,257.0,89.068
OCO,1490.5619444444453,257.0,89.068
OCO,1504.8952777777788,258.0,89.068
OCO,1516.3619444444453,258.0,89.068
OCO,1533.1619444444455,252.0,89.068
OCO,1549.5619444444453,246.0,89.068
OCO,1572.9619444444454,234.0,89.068
OCO,1585.628611111112,228.0,89.068
OCO,1595.6730555555564,226.0,89.068
OCO,1615.3175000000008,221.0,89.068
OCO,1625.139722222223,221.0,89.068
OCO,1642.561944444445,224.0,89.068
OCO,1663.450833333334,235.0,89.068
OCO,1679.3175000000008,238.0,89.068
OCO,1692.7063888888897,241.0,89.068
OCO,1703.417500000001,241.0,89.068
OCO,1722.3175000000008,243.0,89.068
OCO,1738.6519444444455,244.0,89.068
OCO,1752.3741666666676,247.0,89.068
OCO,1783.1741666666676,252.0,89.068
OCO,1800.2408333333344,256.0,89.068
OCO,1823.2797222222232,260.0,89.068
OCO,1843.8130555555567,264.0,89.068
OCO,1858.5908333333346,266.0,89.068
OCO,1873.535277777779,269.0,89.068
OCO,1897.7130555555566,272.0,89.068
OCO,1916.04638888889,275.0,89.068
OCO,1940.7575000000008,278.0,89.068
OCO,1962.5352777777787,280.0,89.068
OCO,1984.468611111112,282.0,89.068
OCO,2000.3019444444453,285.0,89.068
OCO,2019.368611111112,286.0,89.068
OCO,2035.3130555555563,287.0,89.068
OCO,2057.790833333334,289.0,89.068
OCO,2080.3463888888896,290.0,89.068
OCO,2103.057500000001,292.0,89.068
OCO,2132.3575000000005,293.0,89.068
OCO,2151.824166666667,292.0,89.068
OCO,2164.801944444445,292.0,89.068
OCO,2187.435277777778,291.0,89.068
OCO,2216.535277777778,291.0,89.068
OCO,2232.701944444445,291.0,89.068
OCO,2258.560277777778,290.0,89.068
OCO,2274.6158333333337,289.0,89.068
OCO,2289.060277777778,260.0,89.068
OCO,2302.3936111111116,240.0,89.068
OCO,2312.7047222222222,232.0,89.068
OCO,2339.315833333333,200.0,89.068
OCO,2349.8713888888888,190.0,89.068
OCO,2358.093611111111,185.0,89.068
OCO,2369.693611111111,174.0,89.068
OCO,2377.1602777777775,168.0,89.068
OCO,2391.3824999999997,160.0,89.068
OCO,2406.9824999999996,156.0,89.068
OCO,2415.426944444444,152.0,89.068
OCO,2422.226944444444,153.0,89.068
OCO,2432.560277777777,155.0,89.068
OCO,2441.3936111111107,159.0,89.068
OCO,2448.815833333333,167.0,89.068
OCO,2458.204722222222,169.0,89.068
OCO,2468.0380555555553,177.0,89.068
OCO,2482.504722222222,186.0,89.068
OCO,2495.104722222222,189.0,89.068
OCO,2506.104722222222,198.0,89.068
OCO,2515.126944444444,203.0,89.068
OCO,2533.971388888888,212.0,89.068
OCO,2558.7491666666665,223.0,89.068
OCO,2571.249166666666,225.0,89.068
OCO,2584.138055555555,232.0,89.068
OCO,2602.793333333333,239.0,89.068
OCO,2616.2933333333326,243.0,89.068
OCO,2632.826666666666,248.0,89.068
OCO,2652.6599999999994,255.0,89.068
OCO,2666.9377777777772,257.0,89.068
OCO,2681.3822222222216,260.0,89.068
OCO,2693.071111111111,263.0,89.068
OCO,2710.6641666666665,265.0,89.068
OCO,2725.5530555555556,268.0,89.068
OCO,2749.6419444444446,271.0,89.068
OCO,2761.819722222222,274.0,89.068
OCO,2777.0975,275.0,89.068
OCO,2817.3974999999996,279.0,89.068
OCO,2836.0641666666666,280.0,89.068
OCO,2851.7308333333335,282.0,89.068
OCO,2873.5863888888885,281.0,89.068
OCO,2895.5975,283.0,89.068
OCO,2911.3752777777777,284.0,89.068
OCO,2936.619722222222,284.0,89.068
OCO,2952.3974999999996,284.0,89.068
OCO,2970.2641666666664,268.0,89.068
OCO,2981.6419444444446,256.0,89.068
OCO,3001.1086111111113,219.0,89.068
OCO,3012.5530555555556,206.0,89.068
OCO,3021.3086111111115,197.0,89.068
OCO,3031.975277777778,192.0,89.068
OCO,3048.4197222222224,185.0,89.068
OCO,3062.341944444445,179.0,89.068
OCO,3076.548055555556,182.0,89.068
OCO,3102.814722222223,197.0,89.068
OCO,3126.036944444445,209.0,89.068
OCO,3137.8702777777785,213.0,89.068
OCO,3149.9258333333337,217.0,89.068
OCO,3159.598333333334,219.0,89.068
OCO,3172.0427777777786,224.0,89.068
OCO,3189.776111111112,228.0,89.068
OCO,3200.087222222223,232.0,89.068
OCO,3215.887222222223,237.0,89.068
OCO,3226.5538888888896,240.0,89.068
OCO,3245.531666666667,244.0,89.068
OCO,3273.531666666667,252.0,89.068
OCO,3293.3650000000007,255.0,89.068
OCO,3319.665000000001,263.0,89.068
OCO,3331.3983333333344,264.0,89.068
OCO,3349.2650000000012,268.0,89.068
OCO,3379.4872222222234,272.0,89.068
OCO,3394.709444444445,274.0,89.068
OCO,3413.109444444445,276.0,89.068
OCO,3434.576111111112,276.0,89.068
OCO,3459.5538888888896,281.0,89.068
OCO,3491.5538888888896,288.0,89.068
OCO,3507.5538888888896,288.0,89.068
OCO,3527.034722222223,291.0,89.068
OCO,3556.434722222223,294.0,89.068
OCO,3572.823611111112,295.0,89.068
OCO,3589.212500000001,295.0,89.068
OCO,3602.368055555556,296.0,89.068
OCO,3625.468055555556,297.0,89.068
OCO,3645.468055555556,300.0,89.068
OCO,3679.1613888888896,304.0,89.068
OCO,3696.050277777779,304.0,89.068
OCO,3716.383611111112,305.0,89.068
OCO,3750.716944444445,309.0,89.068
OCO,3778.539166666667,313.0,89.068
OCO,3806.450277777778,314.0,89.068
OCO,3827.516944444445,316.0,89.068
OCO,3862.9613888888894,319.0,89.068
OCO,3884.294722222223,320.0,89.068
OCO,3902.0725000000007,320.0,89.068
OCO,3923.539166666667,322.0,89.068
OCO,3952.339166666667,324.0,89.068
OCO,3973.9391666666675,324.0,89.068
OCO,4002.6502777777787,323.0,89.068
OCO,4020.539166666668,322.0,89.068
OCO,4042.005833333334,322.0,89.068
OCO,4059.894722222223,322.0,89.068
OCO,4081.2280555555567,320.0,89.068
OCO,4095.494444444445,319.0,89.068
OCO,4123.85,319.0,89.068
OCO,4148.505555555556,317.0,89.068
OCO,4167.772222222223,289.0,89.068
OCO,4182.494444444445,265.0,89.068
OCO,4194.272222222223,265.0,89.068
OCO,4215.516666666667,239.0,89.068
OCO,4235.8086111111115,229.0,89.068
OCO,4250.608611111111,222.0,89.068
OCO,4270.608611111111,225.0,89.068
OCO,4283.219722222222,227.0,89.068
OCO,4293.4863888888885,231.0,89.068
OCO,4309.1530555555555,235.0,89.068
OCO,4333.6530555555555,245.0,89.068
OCO,4349.9863888888885,245.0,89.068
OCO,4369.50861111111,251.0,89.068
OCO,4389.264166666666,254.0,89.068
OCO,4406.397499999999,257.0,89.068
OCO,4420.730833333333,258.0,89.068
OCO,4435.230833333333,261.0,89.068
OCO,4452.897499999999,265.0,89.068
OCO,4476.630833333333,267.0,89.068
OCO,4503.530833333332,269.0,89.068
OCO,4524.764166666666,273.0,89.068
OCO,4543.097499999999,275.0,89.068
OCO,4555.364166666665,276.0,89.068
OCO,4570.885833333333,278.0,89.068
OCO,4589.6191666666655,281.0,89.068
OCO,4614.863611111109,284.0,89.068
OCO,4637.108055555554,286.0,89.068
OCO,4662.796944444443,289.0,89.068
OCO,4675.685833333332,290.0,89.068
OCO,4698.474722222221,293.0,89.068
OCO,4734.936111111109,299.0,89.068
OCO,4761.780555555554,302.0,89.068
OCO,4775.202777777776,302.0,89.068
OCO,4802.313888888887,305.0,89.068
OCO,4833.013888888887,307.0,89.068
OCO,4857.124999999998,310.0,89.068
OCO,4881.391666666665,312.0,89.068
OCO,4895.258333333331,312.0,89.068
OCO,4930.2583333333305,315.0,89.068
OCO,4954.991666666664,318.0,89.068
OCO,4969.169444444443,319.0,89.068
OCO,5004.836111111109,321.0,89.068
OCO,5029.880555555554,322.0,89.068
OCO,5047.824999999998,323.0,89.068
OCO,5076.624999999997,324.0,89.068
OCO,5109.124999999997,325.0,89.068
OCO,5130.948888888886,326.0,89.068
OCO,5170.915555555554,327.0,89.068
OCO,5189.0822222222205,327.0,89.068
OCO,5214.437777777776,326.0,89.068
OCO,5236.171111111111,326.0,89.068
OCO,5261.448888888889,325.0,89.068
OCO,5279.448888888888,324.0,89.068
OCO,5293.848888888889,324.0,89.068
OCO,5315.292499999999,323.0,89.068
OCO,5329.648055555555,323.0,89.068
OCO,5347.536944444443,322.0,89.068
OCO,5371.570277777777,309.0,89.068
OCO,5389.9702777777775,276.0,89.068
OCO,5414.192499999999,218.0,89.068
OCO,5422.90361111111,196.0,89.068
OCO,5436.9813888888875,181.0,89.068
OCO,5446.314722222221,168.0,89.068
OCO,5455.092499999999,158.0,89.068
OCO,5466.292499999999,144.0,89.068
OCO,5476.6369444444435,133.0,89.068
OCO,5483.748055555555,128.0,89.068
OCO,5490.581388888888,123.0,89.068
OCO,5498.514722222221,119.0,89.068
OCO,5504.90361111111,115.0,89.068
OCO,5514.592499999999,109.0,89.068
OCO,5525.792499999999,112.0,89.068
OCO,5539.159166666665,120.0,89.068
OCO,5545.936944444444,122.0,89.068
OCO,5555.070277777778,137.0,89.068
OCO,5563.236944444444,147.0,89.068
OCO,5581.7925,167.0,89.068
OCO,5602.348055555555,185.0,89.068
OCO,5615.1480555555545,192.0,89.068
OCO,5635.690833333332,206.0,89.068
OCO,5649.824166666666,212.0,89.068
OCO,5661.935277777777,218.0,89.068
OCO,5676.8019444444435,223.0,89.068
OCO,5702.690833333332,233.0,89.068
OCO,5713.224166666666,237.0,89.068
OCO,5734.824166666665,243.0,89.068
OCO,5748.601944444444,248.0,89.068
OCO,5765.601944444444,255.0,89.068
OCO,5782.801944444444,258.0,89.068
OCO,5800.268611111111,262.0,89.068
OCO,5815.046388888889,266.0,89.068
OCO,5848.2908333333335,272.0,89.068
OCO,5863.568611111112,275.0,89.068
OCO,5894.7908333333335,281.0,89.068
OCO,5907.413055555557,284.0,89.068
OCO,5923.301944444444,286.0,89.068
OCO,5949.2494444444455,291.0,89.068
OCO,5975.382777777779,294.0,89.068
OCO,6004.982777777779,296.0,89.068
OCO,6021.538333333335,298.0,89.068
OCO,6054.982777777778,301.0,89.068
OCO,6068.405000000002,302.0,89.068
OCO,6088.671666666668,304.0,89.068
RUS,13.87027777777778,299.0,89.104
RUS,40.62583333333333,301.0,89.104
RUS,54.04805555555556,302.0,89.104
RUS,91.20361111111112,304.0,89.104
RUS,108.20361111111112,306.0,89.104
RUS,125.20361111111113,306.0,89.104
RUS,163.0561111111111,309.0,89.104
RUS,197.61166666666665,311.0,89.104
RUS,214.945,312.0,89.104
RUS,246.14499999999998,312.0,89.104
RUS,277.445,313.0,89.104
RUS,301.8672222222222,314.0,89.104
RUS,315.8227777777778,314.0,89.104
RUS,329.8227777777778,315.0,89.104
RUS,350.8227777777778,315.0,89.104
RUS,368.26722222222224,314.0,89.104
RUS,382.2227777777778,314.0,89.104
RUS,407.72277777777776,255.0,89.104
RUS,430.0227777777778,223.0,89.104
RUS,448.13388888888886,163.0,89.104
RUS,458.00055555555554,148.0,89.104
RUS,472.7783333333333,133.0,89.104
RUS,487.8116666666666,123.0,89.104
RUS,495.7119444444444,119.0,89.104
RUS,507.1119444444444,114.0,89.104
RUS,516.0563888888888,115.0,89.104
RUS,526.5563888888888,105.0,89.104
RUS,538.3163888888888,96.0,89.104
RUS,542.4497222222221,93.0,89.104
RUS,550.4497222222221,90.0,89.104
RUS,555.6163888888888,93.0,89.104
RUS,562.0830555555555,97.0,89.104
RUS,568.9497222222221,103.0,89.104
RUS,585.0830555555555,121.0,89.104
RUS,596.9941666666666,134.0,89.104
RUS,603.4386111111111,145.0,89.104
RUS,615.8052777777777,159.0,89.104
RUS,633.1052777777777,173.0,89.104
RUS,649.9052777777778,189.0,89.104
RUS,658.4830555555556,193.0,89.104
RUS,676.4386111111111,202.0,89.104
RUS,692.7719444444443,210.0,89.104
RUS,722.5052777777777,223.0,89.104
RUS,745.7052777777776,232.0,89.104
RUS,764.0608333333332,236.0,89.104
RUS,785.6819444444443,244.0,89.104
RUS,799.4041666666666,247.0,89.104
RUS,821.8041666666666,252.0,89.104
RUS,847.5041666666665,257.0,89.104
RUS,861.8930555555553,259.0,89.104
RUS,882.3436111111109,262.0,89.104
RUS,908.8436111111109,265.0,89.104
RUS,920.6213888888888,265.0,89.104
RUS,940.0658333333333,250.0,89.104
RUS,962.2880555555555,200.0,89.104
RUS,970.6436111111111,188.0,89.104
RUS,982.8436111111112,183.0,89.104
RUS,990.6658333333334,176.0,89.104
RUS,1000.1102777777778,170.0,89.104
RUS,1009.6658333333334,172.0,89.104
RUS,1017.3991666666667,174.0,89.104
RUS,1035.9991666666667,186.0,89.104
RUS,1044.6658333333335,195.0,89.104
RUS,1053.4658333333334,198.0,89.104
RUS,1064.6880555555556,202.0,89.104
RUS,1076.1880555555556,207.0,89.104
RUS,1095.2991666666667,215.0,89.104
RUS,1109.8991666666668,219.0,89.104
RUS,1119.7213888888891,221.0,89.104
RUS,1132.1658333333335,224.0,89.104
RUS,1142.210277777778,226.0,89.104
RUS,1160.1769444444446,231.0,89.104
RUS,1183.6769444444446,235.0,89.104
RUS,1194.1886111111112,238.0,89.104
RUS,1204.8997222222224,241.0,89.104
RUS,1223.7997222222225,243.0,89.104
RUS,1237.6330555555558,249.0,89.104
RUS,1260.0330555555558,252.0,89.104
RUS,1274.144166666667,254.0,89.104
RUS,1296.8816666666671,255.0,89.104
RUS,1316.870555555556,257.0,89.104
RUS,1331.2038888888892,258.0,89.104
RUS,1359.870555555556,258.0,89.104
RUS,1379.9372222222228,258.0,89.104
RUS,1400.0038888888894,258.0,89.104
RUS,1437.8483333333338,262.0,89.104
RUS,1452.348333333334,261.0,89.104
RUS,1475.1927777777782,257.0,89.104
RUS,1509.3261111111117,256.0,89.104
RUS,1526.3927777777785,256.0,89.104
RUS,1537.4150000000006,248.0,89.104
RUS,1558.9261111111118,242.0,89.104
RUS,1569.5927777777786,240.0,89.104
RUS,1582.7038888888897,236.0,89.104
RUS,1598.1705555555561,232.0,89.104
RUS,1618.7927777777784,232.0,89.104
RUS,1639.6816666666673,235.0,89.104
RUS,1655.415833333334,237.0,89.104
RUS,1677.1047222222228,244.0,89.104
RUS,1687.9936111111117,245.0,89.104
RUS,1701.6602777777782,246.0,89.104
RUS,1715.3825000000004,247.0,89.104
RUS,1731.915833333334,248.0,89.104
RUS,1745.874166666667,250.0,89.104
RUS,1762.6075000000005,251.0,89.104
RUS,1791.163055555556,257.0,89.104
RUS,1811.4630555555561,261.0,89.104
RUS,1834.8408333333339,263.0,89.104
RUS,1861.7408333333337,269.0,89.104
RUS,1879.8075000000003,271.0,89.104
RUS,1904.074166666667,273.0,89.104
RUS,1922.540833333334,277.0,89.104
RUS,1947.2519444444451,278.0,89.104
RUS,1959.6075000000008,278.0,89.104
RUS,1972.0963888888896,281.0,89.104
RUS,1997.1630555555562,282.0,89.104
RUS,2009.7852777777784,284.0,89.104
RUS,2025.6186111111117,285.0,89.104
RUS,2060.6963888888895,287.0,89.104
RUS,2086.3852777777784,289.0,89.104
RUS,2099.2297222222223,289.0,89.104
RUS,2125.096388888889,291.0,89.104
RUS,2138.074166666667,292.0,89.104
RUS,2157.4597222222224,292.0,89.104
RUS,2180.248611111111,293.0,89.104
RUS,2206.3819444444443,294.0,89.104
RUS,2222.7152777777774,294.0,89.104
RUS,2245.5075,292.0,89.104
RUS,2258.485277777778,292.0,89.104
RUS,2271.463055555556,292.0,89.104
RUS,2292.4630555555555,270.0,89.104
RUS,2312.9963888888888,231.0,89.104
RUS,2327.3297222222222,215.0,89.104
RUS,2338.6075,203.0,89.104
RUS,2347.3630555555555,197.0,89.104
RUS,2355.6741666666667,187.0,89.104
RUS,2374.6741666666667,171.0,89.104
RUS,2382.1408333333334,168.0,89.104
RUS,2396.4519444444445,161.0,89.104
RUS,2408.7408333333333,158.0,89.104
RUS,2426.1852777777776,157.0,89.104
RUS,2437.0519444444444,163.0,89.104
RUS,2457.9519444444445,171.0,89.104
RUS,2479.7075000000004,178.0,89.104
RUS,2501.151944444445,193.0,89.104
RUS,2516.9408333333336,203.0,89.104
RUS,2526.1408333333334,207.0,89.104
RUS,2542.8630555555555,215.0,89.104
RUS,2560.0680555555555,222.0,89.104
RUS,2570.023611111111,224.0,89.104
RUS,2582.745833333334,229.0,89.104
RUS,2593.1013888888892,233.0,89.104
RUS,2611.8347222222224,240.0,89.104
RUS,2622.5902777777783,242.0,89.104
RUS,2636.3125,247.0,89.104
RUS,2658.801388888889,253.0,89.104
RUS,2672.968055555556,255.0,89.104
RUS,2690.234722222223,259.0,89.104
RUS,2704.790277777778,262.0,89.104
RUS,2725.479166666667,266.0,89.104
RUS,2737.3458333333338,267.0,89.104
RUS,2758.4236111111113,271.0,89.104
RUS,2776.556944444445,272.0,89.104
RUS,2788.6902777777786,273.0,89.104
RUS,2803.968055555556,275.0,89.104
RUS,2822.5013888888893,278.0,89.104
RUS,2853.6125,280.0,89.104
RUS,2881.9125000000004,283.0,89.104
RUS,2913.2458333333334,282.0,89.104
RUS,2935.490277777778,286.0,89.104
RUS,2963.990277777778,285.0,89.104
RUS,2991.990277777778,252.0,89.104
RUS,3006.7236111111115,221.0,89.104
RUS,3020.5902777777783,208.0,89.104
RUS,3037.869444444445,195.0,89.104
RUS,3048.480555555556,191.0,89.104
RUS,3066.780555555556,183.0,89.104
RUS,3083.454722222223,187.0,89.104
RUS,3094.2325000000005,194.0,89.104
RUS,3110.176944444445,205.0,89.104
RUS,3124.0436111111117,208.0,89.104
RUS,3135.9325000000003,214.0,89.104
RUS,3145.5325000000007,216.0,89.104
RUS,3162.876944444445,223.0,89.104
RUS,3177.8769444444447,225.0,89.104
RUS,3201.3769444444447,235.0,89.104
RUS,3219.9658333333336,239.0,89.104
RUS,3236.299166666667,245.0,89.104
RUS,3261.299166666667,250.0,89.104
RUS,3275.4102777777784,254.0,89.104
RUS,3295.399166666667,257.0,89.104
RUS,3315.621388888889,260.0,89.104
RUS,3330.288055555556,264.0,89.104
RUS,3342.1547222222225,267.0,89.104
RUS,3366.1547222222225,270.0,89.104
RUS,3384.354722222223,273.0,89.104
RUS,3399.6325000000006,275.0,89.104
RUS,3415.0213888888893,277.0,89.104
RUS,3443.0213888888893,280.0,89.104
RUS,3455.5991666666673,283.0,89.104
RUS,3468.221388888889,284.0,89.104
RUS,3487.2750000000005,287.0,89.104
RUS,3509.6750000000006,288.0,89.104
RUS,3529.0083333333337,290.0,89.104
RUS,3548.489166666667,291.0,89.104
RUS,3561.4669444444453,292.0,89.104
RUS,3577.7447222222227,293.0,89.104
RUS,3594.078055555556,294.0,89.104
RUS,3626.966944444445,296.0,89.104
RUS,3640.166944444445,297.0,89.104
RUS,3663.4225000000006,299.0,89.104
RUS,3683.4891666666667,301.0,89.104
RUS,3710.600277777778,305.0,89.104
RUS,3734.3225,305.0,89.104
RUS,3761.611388888889,307.0,89.104
RUS,3775.255833333333,307.0,89.104
RUS,3809.478055555556,308.0,89.104
RUS,3844.033611111111,311.0,89.104
RUS,3861.366944444444,312.0,89.104
RUS,3875.2780555555555,313.0,89.104
RUS,3896.211388888889,314.0,89.104
RUS,3931.211388888889,315.0,89.104
RUS,3952.211388888889,315.0,89.104
RUS,3973.278055555555,316.0,89.104
RUS,4001.278055555555,315.0,89.104
RUS,4022.278055555555,315.0,89.104
RUS,4036.2780555555546,315.0,89.104
RUS,4050.1463888888884,314.0,89.104
RUS,4081.446388888888,313.0,89.104
RUS,4112.833333333332,313.0,89.104
RUS,4130.166666666666,312.0,89.104
RUS,4160.966666666666,308.0,89.104
RUS,4185.5,276.0,89.104
RUS,4202.566666666667,256.0,89.104
RUS,4228.788888888889,236.0,89.104
RUS,4253.788888888889,225.0,89.104
RUS,4274.055555555556,228.0,89.104
RUS,4291.866666666667,229.0,89.104
RUS,4302.311111111111,235.0,89.104
RUS,4321.133333333333,242.0,89.104
RUS,4331.888888888889,242.0,89.104
RUS,4345.611111111111,247.0,89.104
RUS,4359.444444444445,249.0,89.104
RUS,4376.177777777778,251.0,89.104
RUS,4396.011111111111,255.0,89.104
RUS,4416.0,257.0,89.104
RUS,4430.5,261.0,89.104
RUS,4450.877777777778,262.0,89.104
RUS,4480.544444444444,267.0,89.104
RUS,4498.477777777778,269.0,89.104
RUS,4528.7,272.0,89.104
RUS,4543.846111111111,274.0,89.104
RUS,4562.2461111111115,276.0,89.104
RUS,4590.32388888889,280.0,89.104
RUS,4605.935,281.0,89.104
RUS,4624.801666666668,283.0,89.104
RUS,4640.579444444445,284.0,89.104
RUS,4656.468333333333,286.0,89.104
RUS,4688.690555555556,290.0,89.104
RUS,4711.557222222223,294.0,89.104
RUS,4744.44611111111,296.0,89.104
RUS,4777.779444444444,300.0,89.104
RUS,4811.446111111111,303.0,89.104
RUS,4824.912777777778,303.0,89.104
RUS,4862.312777777777,306.0,89.104
RUS,4875.957222222221,307.0,89.104
RUS,4896.4238888888885,307.0,89.104
RUS,4917.090555555555,310.0,89.104
RUS,4934.312777777777,310.0,89.104
RUS,4951.535,310.0,89.104
RUS,4986.312777777777,313.0,89.104
RUS,5024.812777777777,315.0,89.104
RUS,5056.412777777778,316.0,89.104
RUS,5073.968333333333,316.0,89.104
RUS,5091.491388888889,317.0,89.104
RUS,5109.1025,317.0,89.104
RUS,5130.457777777778,319.0,89.104
RUS,5144.679999999999,320.0,89.104
RUS,5158.902222222223,320.0,89.104
RUS,5180.235555555556,320.0,89.104
RUS,5201.635555555556,321.0,89.104
RUS,5223.035555555556,321.0,89.104
RUS,5240.924444444444,322.0,89.104
RUS,5273.1244444444455,322.0,89.104
RUS,5294.657777777778,323.0,89.104
RUS,5319.702222222223,322.0,89.104
RUS,5341.102222222223,321.0,89.104
RUS,5365.991111111111,320.0,89.104
RUS,5382.26888888889,293.0,89.104
RUS,5401.324444444445,245.0,89.104
RUS,5415.991111111111,220.0,89.104
RUS,5435.657777777778,177.0,89.104
RUS,5450.957777777779,153.0,89.104
RUS,5460.757777777779,147.0,89.104
RUS,5468.535555555557,140.0,89.104
RUS,5481.235555555557,127.0,89.104
RUS,5488.06888888889,123.0,89.104
RUS,5496.002222222223,119.0,89.104
RUS,5503.66888888889,115.0,89.104
RUS,5512.3022222222235,111.0,89.104
RUS,5523.7702777777795,115.0,89.104
RUS,5533.449166666668,124.0,89.104
RUS,5540.726944444446,131.0,89.104
RUS,5554.926944444446,142.0,89.104
RUS,5567.060277777779,156.0,89.104
RUS,5576.171388888891,164.0,89.104
RUS,5591.815833333335,176.0,89.104
RUS,5602.038055555558,184.0,89.104
RUS,5621.838055555558,198.0,89.104
RUS,5630.949166666669,205.0,89.104
RUS,5642.615833333335,210.0,89.104
RUS,5656.949166666669,215.0,89.104
RUS,5671.682500000002,221.0,89.104
RUS,5689.415833333335,228.0,89.104
RUS,5702.304722222224,232.0,89.104
RUS,5731.8825000000015,242.0,89.104
RUS,5745.604722222224,247.0,89.104
RUS,5773.938055555557,255.0,89.104
RUS,5791.2047222222245,259.0,89.104
RUS,5808.671388888891,262.0,89.104
RUS,5823.393611111113,265.0,89.104
RUS,5838.338055555558,269.0,89.104
RUS,5862.693611111113,274.0,89.104
RUS,5887.315833333336,277.0,89.104
RUS,5915.515833333336,282.0,89.104
RUS,5934.370277777779,284.0,89.104
RUS,5963.250277777779,288.0,89.104
RUS,5985.805833333335,290.0,89.104
RUS,6018.472500000002,294.0,89.104
RUS,6041.494722222223,296.0,89.104
RUS,6064.516944444445,296.0,89.104
RUS,6080.961388888889,296.0,89.104
ALO,10.299999999999999,309.0,89.147
ALO,27.522222222222226,310.0,89.147
ALO,65.9,314.0,89.147
ALO,104.52222222222221,316.0,89.147
ALO,118.61111111111111,317.0,89.147
ALO,161.14444444444445,319.0,89.147
ALO,189.5888888888889,320.0,89.147
ALO,207.47777777777776,322.0,89.147
ALO,236.1888888888889,323.0,89.147
ALO,264.81111111111113,322.0,89.147
ALO,282.61055555555555,322.0,89.147
ALO,296.9216666666667,322.0,89.147
ALO,314.75500000000005,321.0,89.147
ALO,343.28833333333336,321.0,89.147
ALO,357.555,321.0,89.147
ALO,375.3883333333334,321.0,89.147
ALO,398.33277777777784,295.0,89.147
ALO,424.9772222222222,218.0,89.147
ALO,435.6438888888889,192.0,89.147
ALO,443.6883333333334,181.0,89.147
ALO,457.2883333333334,153.0,89.147
ALO,466.3550000000001,136.0,89.147
ALO,473.4105555555556,127.0,89.147
ALO,484.02138888888896,119.0,89.147
ALO,490.4102777777778,115.0,89.147
ALO,495.3880555555556,112.0,89.147
ALO,501.2769444444445,106.0,89.147
ALO,509.59916666666675,107.0,89.147
ALO,514.5325,111.0,89.147
ALO,520.5880555555556,109.0,89.147
ALO,525.2102777777778,104.0,89.147
ALO,531.8102777777779,99.0,89.147
ALO,542.1436111111112,93.0,89.147
ALO,546.1880555555557,91.0,89.147
ALO,551.3547222222223,93.0,89.147
ALO,561.2547222222223,99.0,89.147
ALO,573.2547222222223,108.0,89.147
ALO,584.0652777777779,122.0,89.147
ALO,594.7208333333334,137.0,89.147
ALO,601.1208333333334,144.0,89.147
ALO,607.6986111111112,148.0,89.147
ALO,618.4986111111111,162.0,89.147
ALO,625.9652777777778,168.0,89.147
ALO,638.0319444444445,181.0,89.147
ALO,655.0097222222222,191.0,89.147
ALO,666.0097222222223,198.0,89.147
ALO,689.3430555555557,210.0,89.147
ALO,706.2986111111112,218.0,89.147
ALO,718.6875,223.0,89.147
ALO,731.2986111111112,227.0,89.147
ALO,752.0744444444446,233.0,89.147
ALO,765.2411111111112,237.0,89.147
ALO,792.4633333333335,245.0,89.147
ALO,806.2411111111113,248.0,89.147
ALO,823.0411111111111,252.0,89.147
ALO,834.3744444444445,255.0,89.147
ALO,857.218888888889,257.0,89.147
ALO,871.6077777777779,259.0,89.147
ALO,900.7188888888888,262.0,89.147
ALO,927.218888888889,265.0,89.147
ALO,938.33,250.0,89.147
ALO,954.5077777777777,208.0,89.147
ALO,966.7744444444444,184.0,89.147
ALO,974.7299999999999,179.0,89.147
ALO,988.06,172.0,89.147
ALO,997.2266666666666,165.0,89.147
ALO,1016.1155555555556,170.0,89.147
ALO,1029.96,178.0,89.147
ALO,1046.76,189.0,89.147
ALO,1055.4711111111112,196.0,89.147
ALO,1066.6377777777777,201.0,89.147
ALO,1078.137777777778,207.0,89.147
ALO,1092.137777777778,210.0,89.147
ALO,1106.4044444444446,214.0,89.147
ALO,1131.0711111111113,222.0,89.147
ALO,1146.137777777778,226.0,89.147
ALO,1156.2897222222225,227.0,89.147
ALO,1181.956388888889,231.0,89.147
ALO,1214.0897222222225,241.0,89.147
ALO,1224.9786111111114,245.0,89.147
ALO,1249.9786111111114,250.0,89.147
ALO,1272.4675000000002,253.0,89.147
ALO,1286.6341666666667,255.0,89.147
ALO,1306.6230555555558,257.0,89.147
ALO,1320.956388888889,258.0,89.147
ALO,1335.345277777778,259.0,89.147
ALO,1349.6786111111114,258.0,89.147
ALO,1372.6119444444448,258.0,89.147
ALO,1392.756388888889,259.0,89.147
ALO,1407.183888888889,261.0,89.147
ALO,1418.8727777777779,263.0,89.147
ALO,1436.1394444444445,259.0,89.147
ALO,1447.4283333333335,254.0,89.147
ALO,1461.5394444444446,254.0,89.147
ALO,1486.6394444444447,251.0,89.147
ALO,1497.8394444444446,252.0,89.147
ALO,1517.5172222222225,253.0,89.147
ALO,1534.4505555555559,254.0,89.147
ALO,1551.1172222222224,250.0,89.147
ALO,1570.0950000000003,244.0,89.147
ALO,1593.2950000000003,232.0,89.147
ALO,1610.7013888888891,223.0,89.147
ALO,1625.4347222222225,221.0,89.147
ALO,1647.7347222222224,223.0,89.147
ALO,1676.3347222222224,234.0,89.147
ALO,1702.3347222222226,234.0,89.147
ALO,1720.379166666667,232.0,89.147
ALO,1735.979166666667,234.0,89.147
ALO,1757.3125000000002,240.0,89.147
ALO,1773.6458333333335,245.0,89.147
ALO,1790.179166666667,248.0,89.147
ALO,1812.6680555555558,253.0,89.147
ALO,1824.001388888889,255.0,89.147
ALO,1847.2013888888891,261.0,89.147
ALO,1867.583888888889,263.0,89.147
ALO,1891.3172222222224,267.0,89.147
ALO,1918.3172222222224,270.0,89.147
ALO,1955.1172222222224,276.0,89.147
ALO,1986.1172222222224,279.0,89.147
ALO,2004.7172222222223,279.0,89.147
ALO,2033.1172222222222,284.0,89.147
ALO,2045.7838888888891,285.0,89.147
ALO,2064.8505555555553,286.0,89.147
ALO,2096.9305555555557,288.0,89.147
ALO,2119.4861111111113,290.0,89.147
ALO,2135.652777777778,291.0,89.147
ALO,2155.1194444444445,292.0,89.147
ALO,2171.341666666667,292.0,89.147
ALO,2193.9750000000004,291.0,89.147
ALO,2206.9083333333333,291.0,89.147
ALO,2239.2416666666663,291.0,89.147
ALO,2255.3527777777776,290.0,89.147
ALO,2280.152777777778,279.0,89.147
ALO,2301.663888888889,242.0,89.147
ALO,2325.2194444444444,212.0,89.147
ALO,2338.6194444444445,201.0,89.147
ALO,2349.1749999999997,190.0,89.147
ALO,2366.5266666666666,174.0,89.147
ALO,2377.7933333333335,169.0,89.147
ALO,2385.0377777777776,163.0,89.147
ALO,2393.871111111111,159.0,89.147
ALO,2400.8044444444445,156.0,89.147
ALO,2409.137777777778,150.0,89.147
ALO,2420.8044444444445,150.0,89.147
ALO,2429.3599999999997,154.0,89.147
ALO,2488.523888888889,190.0,89.147
ALO,2506.123888888889,198.0,89.147
ALO,2529.123888888889,207.0,89.147
ALO,2548.3238888888886,216.0,89.147
ALO,2563.057222222222,221.0,89.147
ALO,2591.4127777777776,232.0,89.147
ALO,2618.079444444444,240.0,89.147
ALO,2631.579444444444,243.0,89.147
ALO,2656.779444444444,252.0,89.147
ALO,2676.690555555555,256.0,89.147
ALO,2688.157222222221,258.0,89.147
ALO,2705.623888888888,262.0,89.147
ALO,2738.257222222221,267.0,89.147
ALO,2750.1380555555547,269.0,89.147
ALO,2768.2713888888875,272.0,89.147
ALO,2786.4713888888878,273.0,89.147
ALO,2819.9602777777764,274.0,89.147
ALO,2847.9602777777764,280.0,89.147
ALO,2860.4491666666654,281.0,89.147
ALO,2879.182499999999,281.0,89.147
ALO,2897.9824999999987,282.0,89.147
ALO,2916.915833333332,284.0,89.147
ALO,2929.538055555555,284.0,89.147
ALO,2945.3947222222214,284.0,89.147
ALO,2964.3280555555543,284.0,89.147
ALO,2981.794722222221,262.0,89.147
ALO,2994.961388888888,237.0,89.147
ALO,3015.461388888888,205.0,89.147
ALO,3028.594722222221,197.0,89.147
ALO,3039.3169444444434,193.0,89.147
ALO,3049.872499999999,190.0,89.147
ALO,3064.1836111111097,184.0,89.147
ALO,3082.8836111111095,187.0,89.147
ALO,3102.1836111111097,193.0,89.147
ALO,3118.1280555555536,205.0,89.147
ALO,3136.972499999998,212.0,89.147
ALO,3151.372499999998,216.0,89.147
ALO,3168.639166666665,222.0,89.147
ALO,3189.019722222221,230.0,89.147
ALO,3215.353055555554,237.0,89.147
ALO,3233.8641666666654,238.0,89.147
ALO,3264.2974999999988,249.0,89.147
ALO,3275.453055555554,251.0,89.147
ALO,3289.564166666665,254.0,89.147
ALO,3312.6752777777765,260.0,89.147
ALO,3324.2752777777764,261.0,89.147
ALO,3344.8086111111097,264.0,89.147
ALO,3365.805555555554,269.0,89.147
ALO,3380.8611111111095,271.0,89.147
ALO,3414.349999999998,274.0,89.147
ALO,3429.794444444443,278.0,89.147
ALO,3451.7277777777763,282.0,89.147
ALO,3483.394444444443,285.0,89.147
ALO,3508.9944444444427,288.0,89.147
ALO,3528.394444444443,291.0,89.147
ALO,3560.838888888887,292.0,89.147
ALO,3586.8833333333314,293.0,89.147
ALO,3619.661111111109,295.0,89.147
ALO,3632.8166666666652,296.0,89.147
ALO,3649.3722222222204,298.0,89.147
ALO,3679.5722222222203,302.0,89.147
ALO,3710.0872222222206,306.0,89.147
ALO,3737.4649999999983,308.0,89.147
ALO,3754.6316666666653,309.0,89.147
ALO,3771.853888888887,310.0,89.147
ALO,3792.5872222222206,311.0,89.147
ALO,3809.9205555555536,312.0,89.147
ALO,3834.342777777776,314.0,89.147
ALO,3862.431666666665,316.0,89.147
ALO,3887.1649999999986,318.0,89.147
ALO,3904.975833333332,319.0,89.147
ALO,3919.1980555555538,320.0,89.147
ALO,3944.1647222222205,321.0,89.147
ALO,3961.998055555554,321.0,89.147
ALO,3979.8313888888874,321.0,89.147
ALO,4008.3647222222203,321.0,89.147
ALO,4036.8091666666646,320.0,89.147
ALO,4054.5869444444425,320.0,89.147
ALO,4093.575833333331,319.0,89.147
ALO,4111.298055555553,319.0,89.147
ALO,4125.431388888886,318.0,89.147
ALO,4146.631388888886,318.0,89.147
ALO,4160.631388888886,315.0,89.147
ALO,4176.686944444442,289.0,89.147
ALO,4189.531388888887,289.0,89.147
ALO,4200.9091666666645,256.0,89.147
ALO,4219.731388888887,242.0,89.147
ALO,4235.531388888887,237.0,89.147
ALO,4253.342499999998,229.0,89.147
ALO,4263.412499999998,228.0,89.147
ALO,4276.079166666664,228.0,89.147
ALO,4288.856944444442,230.0,89.147
ALO,4304.456944444442,234.0,89.147
ALO,4317.679166666664,238.0,89.147
ALO,4331.123611111108,242.0,89.147
ALO,4347.390277777775,244.0,89.147
ALO,4378.068055555553,251.0,89.147
ALO,4397.823611111108,254.0,89.147
ALO,4417.9619444444415,258.0,89.147
ALO,4432.406388888886,260.0,89.147
ALO,4446.906388888886,261.0,89.147
ALO,4470.461944444441,265.0,89.147
ALO,4503.339722222218,269.0,89.147
ALO,4515.339722222218,270.0,89.147
ALO,4527.384166666664,271.0,89.147
ALO,4545.65083333333,274.0,89.147
ALO,4564.05083333333,276.0,89.147
ALO,4601.517499999997,281.0,89.147
ALO,4633.184166666664,285.0,89.147
ALO,4665.184166666663,288.0,89.147
ALO,4694.384166666663,292.0,89.147
ALO,4714.05083333333,295.0,89.147
ALO,4743.75083333333,297.0,89.147
ALO,4763.667499999996,300.0,89.147
ALO,4783.80083333333,302.0,89.147
ALO,4807.523055555553,305.0,89.147
ALO,4824.578611111108,307.0,89.147
ALO,4838.2230555555525,307.0,89.147
ALO,4862.256388888886,309.0,89.147
ALO,4889.989722222219,312.0,89.147
ALO,4917.90083333333,314.0,89.147
ALO,4953.099722222219,316.0,89.147
ALO,4988.544166666664,319.0,89.147
ALO,5024.099722222219,320.0,89.147
ALO,5056.299722222218,322.0,89.147
ALO,5081.421944444441,323.0,89.147
ALO,5121.144166666662,325.0,89.147
ALO,5139.255277777774,326.0,89.147
ALO,5179.099722222218,326.0,89.147
ALO,5208.255277777774,328.0,89.147
ALO,5230.12194444444,328.0,89.147
ALO,5248.288611111107,327.0,89.147
ALO,5273.72194444444,327.0,89.147
ALO,5291.833055555551,326.0,89.147
ALO,5306.321944444439,326.0,89.147
ALO,5324.377499999995,325.0,89.147
ALO,5342.43305555555,325.0,89.147
ALO,5360.398333333329,325.0,89.147
ALO,5377.842777777772,314.0,89.147
ALO,5396.6427777777735,282.0,89.147
ALO,5415.1538888888845,238.0,89.147
ALO,5437.153888888884,198.0,89.147
ALO,5446.653888888884,171.0,89.147
ALO,5460.431666666661,155.0,89.147
ALO,5469.764999999995,140.0,89.147
ALO,5477.134999999995,132.0,89.147
ALO,5482.912777777773,130.0,89.147
ALO,5491.1794444444395,124.0,89.147
ALO,5497.901666666662,121.0,89.147
ALO,5507.0016666666625,117.0,89.147
ALO,5513.223888888884,112.0,89.147
ALO,5519.390555555551,111.0,89.147
ALO,5529.701666666662,116.0,89.147
ALO,5534.990555555551,119.0,89.147
ALO,5541.823888888884,123.0,89.147
ALO,5547.5127777777725,128.0,89.147
ALO,5556.246111111106,131.0,89.147
ALO,5562.423888888884,139.0,89.147
ALO,5572.557222222217,152.0,89.147
ALO,5595.623888888884,173.0,89.147
ALO,5612.157222222217,186.0,89.147
ALO,5620.734999999994,193.0,89.147
ALO,5638.779444444439,203.0,89.147
ALO,5647.934999999994,206.0,89.147
ALO,5662.268333333327,215.0,89.147
ALO,5671.984999999994,220.0,89.147
ALO,5687.051666666661,226.0,89.147
ALO,5705.0961111111055,232.0,89.147
ALO,5723.6072222222165,238.0,89.147
ALO,5742.662777777772,245.0,89.147
ALO,5756.496111111106,249.0,89.147
ALO,5776.251666666662,254.0,89.147
ALO,5793.657222222217,260.0,89.147
ALO,5820.257222222217,266.0,89.147
ALO,5847.457222222217,272.0,89.147
ALO,5872.079444444438,277.0,89.147
ALO,5897.057222222216,281.0,89.147
ALO,5916.057222222216,285.0,89.147
ALO,5938.534999999994,289.0,89.147
ALO,5954.701666666661,291.0,89.147
ALO,5980.923888888884,295.0,89.147
ALO,6000.723888888883,297.0,89.147
ALO,6020.657222222216,299.0,89.147
ALO,6047.501666666661,302.0,89.147
ALO,6077.801666666661,303.0,89.147
ALO,6094.6905555555495,304.0,89.147
BOT,17.056666666666665,301.0,89.183
BOT,43.99000000000001,303.0,89.183
BOT,74.49000000000001,305.0,89.183
BOT,88.13444444444445,307.0,89.183
BOT,115.60111111111112,309.0,89.183
BOT,129.33444444444444,309.0,89.183
BOT,146.61222222222221,311.0,89.183
BOT,188.34555555555556,313.0,89.183
BOT,219.74555555555554,314.0,89.183
BOT,237.2455555555555,315.0,89.183
BOT,254.74555555555554,315.0,89.183
BOT,297.10027777777776,317.0,89.183
BOT,332.1002777777778,315.0,89.183
BOT,360.0113888888889,314.0,89.183
BOT,387.92250000000007,314.0,89.183
BOT,404.86694444444447,305.0,89.183
BOT,416.77805555555557,268.0,89.183
BOT,433.65583333333336,217.0,89.183
BOT,442.6336111111111,202.0,89.183
BOT,460.30027777777775,159.0,89.183
BOT,469.7002777777778,141.0,89.183
BOT,483.4436111111111,124.0,89.183
BOT,491.3102777777778,118.0,89.183
BOT,500.9102777777778,108.0,89.183
BOT,507.9102777777778,105.0,89.183
BOT,513.8547222222222,107.0,89.183
BOT,522.2547222222222,108.0,89.183
BOT,529.2547222222222,105.0,89.183
BOT,538.2325,101.0,89.183
BOT,542.5880555555556,98.0,89.183
BOT,548.9880555555555,96.0,89.183
BOT,556.5325,97.0,89.183
BOT,563.2658333333334,101.0,89.183
BOT,570.4658333333334,108.0,89.183
BOT,580.9547222222224,118.0,89.183
BOT,595.6580555555557,132.0,89.183
BOT,614.3580555555557,153.0,89.183
BOT,623.4691666666669,164.0,89.183
BOT,639.1136111111114,176.0,89.183
BOT,651.6469444444447,188.0,89.183
BOT,660.1358333333336,191.0,89.183
BOT,678.2691666666669,204.0,89.183
BOT,692.0025000000003,206.0,89.183
BOT,716.1136111111114,217.0,89.183
BOT,726.1580555555558,226.0,89.183
BOT,741.4913888888892,230.0,89.183
BOT,767.8697222222225,238.0,89.183
BOT,783.9363888888893,241.0,89.183
BOT,794.8697222222227,246.0,89.183
BOT,805.8475000000004,247.0,89.183
BOT,819.8475000000004,252.0,89.183
BOT,845.4475000000006,256.0,89.183
BOT,859.8363888888894,259.0,89.183
BOT,885.9363888888893,261.0,89.183
BOT,915.1586111111116,263.0,89.183
BOT,932.6919444444449,263.0,89.183
BOT,956.3586111111115,213.0,89.183
BOT,972.8030555555559,185.0,89.183
BOT,984.1836111111115,170.0,89.183
BOT,996.9391666666671,164.0,89.183
BOT,1005.9947222222227,163.0,89.183
BOT,1021.1058333333337,170.0,89.183
BOT,1030.6613888888892,172.0,89.183
BOT,1047.3725000000004,188.0,89.183
BOT,1058.1502777777782,194.0,89.183
BOT,1073.8613888888895,202.0,89.183
BOT,1097.3058333333338,211.0,89.183
BOT,1111.7058333333339,216.0,89.183
BOT,1123.928055555556,220.0,89.183
BOT,1136.3725000000004,224.0,89.183
BOT,1161.8641666666672,230.0,89.183
BOT,1185.3641666666672,235.0,89.183
BOT,1198.5308333333337,237.0,89.183
BOT,1217.2752777777782,241.0,89.183
BOT,1236.4863888888892,247.0,89.183
BOT,1253.0863888888894,249.0,89.183
BOT,1272.7641666666673,253.0,89.183
BOT,1284.0086111111118,253.0,89.183
BOT,1315.2975000000006,256.0,89.183
BOT,1326.6752777777783,256.0,89.183
BOT,1346.6641666666674,257.0,89.183
BOT,1358.130833333334,258.0,89.183
BOT,1372.4641666666673,258.0,89.183
BOT,1407.069444444445,259.0,89.183
BOT,1418.7138888888894,262.0,89.183
BOT,1433.269444444445,262.0,89.183
BOT,1464.5583333333338,256.0,89.183
BOT,1495.480555555556,253.0,89.183
BOT,1506.7250000000006,253.0,89.183
BOT,1540.5916666666674,254.0,89.183
BOT,1562.547222222223,247.0,89.183
BOT,1575.8250000000007,239.0,89.183
BOT,1595.9138888888897,226.0,89.183
BOT,1616.0916666666674,227.0,89.183
BOT,1628.8608333333339,231.0,89.183
BOT,1639.1275000000005,231.0,89.183
BOT,1652.183055555556,235.0,89.183
BOT,1673.5163888888892,240.0,89.183
BOT,1684.1386111111115,239.0,89.183
BOT,1697.471944444445,240.0,89.183
BOT,1716.2163888888892,241.0,89.183
BOT,1746.0386111111115,244.0,89.183
BOT,1759.705277777778,246.0,89.183
BOT,1770.7275000000002,248.0,89.183
BOT,1793.1275000000003,252.0,89.183
BOT,1810.1275000000003,255.0,89.183
BOT,1824.5163888888894,259.0,89.183
BOT,1847.9672222222225,263.0,89.183
BOT,1862.633888888889,264.0,89.183
BOT,1874.545,268.0,89.183
BOT,1889.545,270.0,89.183
BOT,1910.7005555555556,272.0,89.183
BOT,1922.8783333333333,274.0,89.183
BOT,1938.2116666666666,276.0,89.183
BOT,1950.4338888888888,275.0,89.183
BOT,1969.033888888889,279.0,89.183
BOT,2000.256111111111,281.0,89.183
BOT,2012.745,281.0,89.183
BOT,2028.522777777778,284.0,89.183
BOT,2057.122777777778,286.0,89.183
BOT,2089.122777777778,288.0,89.183
BOT,2114.7313888888893,289.0,89.183
BOT,2137.364722222222,291.0,89.183
BOT,2150.298055555556,291.0,89.183
BOT,2163.2758333333336,292.0,89.183
BOT,2182.7425000000003,292.0,89.183
BOT,2195.7647222222226,293.0,89.183
BOT,2215.364722222222,294.0,89.183
BOT,2241.320277777778,292.0,89.183
BOT,2257.431388888889,290.0,89.183
BOT,2289.209166666667,286.0,89.183
BOT,2308.3425,246.0,89.183
BOT,2320.731388888889,223.0,89.183
BOT,2332.2869444444445,208.0,89.183
BOT,2348.961111111111,187.0,89.183
BOT,2358.5722222222225,173.0,89.183
BOT,2376.016666666667,157.0,89.183
BOT,2384.2944444444447,149.0,89.183
BOT,2393.827777777778,143.0,89.183
BOT,2400.183333333334,143.0,89.183
BOT,2413.5166666666673,150.0,89.183
BOT,2422.072222222223,154.0,89.183
BOT,2440.4055555555565,165.0,89.183
BOT,2458.4055555555565,180.0,89.183
BOT,2466.583333333334,184.0,89.183
BOT,2481.5166666666673,192.0,89.183
BOT,2494.7166666666676,198.0,89.183
BOT,2503.6944444444453,202.0,89.183
BOT,2520.0469444444457,211.0,89.183
BOT,2531.9358333333344,214.0,89.183
BOT,2556.8247222222235,224.0,89.183
BOT,2574.713611111112,230.0,89.183
BOT,2595.780277777779,237.0,89.183
BOT,2606.358055555557,238.0,89.183
BOT,2619.858055555557,243.0,89.183
BOT,2633.635833333334,248.0,89.183
BOT,2650.3691666666678,251.0,89.183
BOT,2667.4358333333344,256.0,89.183
BOT,2696.4358333333344,261.0,89.183
BOT,2714.102500000001,265.0,89.183
BOT,2725.998611111112,266.0,89.183
BOT,2755.998611111112,270.0,89.183
BOT,2792.665277777779,275.0,89.183
BOT,2804.9319444444454,276.0,89.183
BOT,2832.8319444444455,279.0,89.183
BOT,2857.809722222223,281.0,89.183
BOT,2873.47638888889,282.0,89.183
BOT,2895.565277777779,284.0,89.183
BOT,2911.454166666668,286.0,89.183
BOT,2927.3986111111126,287.0,89.183
BOT,2943.2875000000017,286.0,89.183
BOT,2968.709722222224,286.0,89.183
BOT,2989.009722222224,261.0,89.183
BOT,3001.8894444444463,233.0,89.183
BOT,3011.3561111111126,213.0,89.183
BOT,3024.689444444446,200.0,89.183
BOT,3033.2227777777794,192.0,89.183
BOT,3043.6116666666685,187.0,89.183
BOT,3061.4116666666687,178.0,89.183
BOT,3069.4561111111134,181.0,89.183
BOT,3083.9227777777796,186.0,89.183
BOT,3096.656111111113,191.0,89.183
BOT,3110.256111111113,204.0,89.183
BOT,3126.433888888891,208.0,89.183
BOT,3148.133888888891,217.0,89.183
BOT,3165.5402777777795,223.0,89.183
BOT,3180.606944444446,226.0,89.183
BOT,3203.9069444444463,233.0,89.183
BOT,3233.3625000000015,241.0,89.183
BOT,3260.918055555557,248.0,89.183
BOT,3280.595833333335,253.0,89.183
BOT,3297.729166666669,257.0,89.183
BOT,3321.0180555555576,262.0,89.183
BOT,3338.6847222222245,265.0,89.183
BOT,3356.551388888891,268.0,89.183
BOT,3380.729166666669,272.0,89.183
BOT,3392.8625000000025,273.0,89.183
BOT,3417.4847222222247,277.0,89.183
BOT,3439.1847222222245,280.0,89.183
BOT,3464.34027777778,283.0,89.183
BOT,3492.94027777778,286.0,89.183
BOT,3531.4736111111138,289.0,89.183
BOT,3563.918055555558,292.0,89.183
BOT,3583.4513888888914,293.0,89.183
BOT,3612.9513888888914,295.0,89.183
BOT,3626.0625000000023,295.0,89.183
BOT,3645.8625000000025,297.0,89.183
BOT,3679.279166666669,300.0,89.183
BOT,3702.768055555558,302.0,89.183
BOT,3719.656944444447,304.0,89.183
BOT,3739.9902777777806,305.0,89.183
BOT,3757.045833333336,307.0,89.183
BOT,3781.079166666669,309.0,89.183
BOT,3794.8125000000023,309.0,89.183
BOT,3829.3680555555584,311.0,89.183
BOT,3846.7013888888914,312.0,89.183
BOT,3874.7013888888914,315.0,89.183
BOT,3902.7902777777804,316.0,89.183
BOT,3938.0125000000025,317.0,89.183
BOT,3959.2791666666694,319.0,89.183
BOT,3977.001388888892,319.0,89.183
BOT,4008.9125000000026,320.0,89.183
BOT,4030.245833333336,320.0,89.183
BOT,4044.512500000003,321.0,89.183
BOT,4062.2902777777804,320.0,89.183
BOT,4076.601388888892,322.0,89.183
BOT,4094.434722222225,321.0,89.183
BOT,4119.401388888892,321.0,89.183
BOT,4137.123611111115,319.0,89.183
BOT,4206.251944444448,222.0,89.183
BOT,4224.829722222225,209.0,89.183
BOT,4248.496388888892,213.0,89.183
BOT,4267.963055555559,219.0,89.183
BOT,4282.696388888891,221.0,89.183
BOT,4311.418611111114,235.0,89.183
BOT,4338.08527777778,240.0,89.183
BOT,4351.751944444447,246.0,89.183
BOT,4376.551944444447,248.0,89.183
BOT,4396.1519444444475,252.0,89.183
BOT,4407.4852777777805,255.0,89.183
BOT,4424.685277777781,258.0,89.183
BOT,4456.707500000003,262.0,89.183
BOT,4468.367500000002,264.0,89.183
BOT,4486.100833333336,266.0,89.183
BOT,4504.034166666669,269.0,89.183
BOT,4537.400833333336,273.0,89.183
BOT,4565.100833333336,277.0,89.183
BOT,4577.411944444448,277.0,89.183
BOT,4596.14527777778,281.0,89.183
BOT,4615.011944444446,283.0,89.183
BOT,4634.011944444447,285.0,89.183
BOT,4646.634166666669,284.0,89.183
BOT,4662.658333333336,287.0,89.183
BOT,4682.058333333336,291.0,89.183
BOT,4701.458333333336,291.0,89.183
BOT,4717.847222222224,295.0,89.183
BOT,4747.747222222224,299.0,89.183
BOT,4767.680555555557,299.0,89.183
BOT,4784.402777777779,301.0,89.183
BOT,4801.236111111113,303.0,89.183
BOT,4824.958333333336,305.0,89.183
BOT,4855.658333333336,307.0,89.183
BOT,4886.658333333336,310.0,89.183
BOT,4911.0027777777805,313.0,89.183
BOT,4938.913888888891,314.0,89.183
BOT,4959.847222222225,314.0,89.183
BOT,4984.425000000003,316.0,89.183
BOT,5012.514722222224,317.0,89.183
BOT,5048.07027777778,320.0,89.183
BOT,5073.036944444447,321.0,89.183
BOT,5112.514722222224,323.0,89.183
BOT,5126.825833333335,322.0,89.183
BOT,5144.825833333335,324.0,89.183
BOT,5173.625833333336,324.0,89.183
BOT,5188.025833333336,324.0,89.183
BOT,5213.303611111114,325.0,89.183
BOT,5238.749722222225,326.0,89.183
BOT,5256.916388888892,327.0,89.183
BOT,5296.883055555558,327.0,89.183
BOT,5314.883055555558,324.0,89.183
BOT,5339.9275000000025,322.0,89.183
BOT,5373.483055555558,302.0,89.183
BOT,5395.616388888891,249.0,89.183
BOT,5410.616388888892,225.0,89.183
BOT,5430.838611111114,182.0,89.183
BOT,5444.527500000003,154.0,89.183
BOT,5459.638611111113,136.0,89.183
BOT,5465.50527777778,132.0,89.183
BOT,5472.50527777778,126.0,89.183
BOT,5484.30527777778,118.0,89.183
BOT,5495.47416666667,112.0,89.183
BOT,5505.607500000003,114.0,89.183
BOT,5512.1630555555585,118.0,89.183
BOT,5518.940833333337,122.0,89.183
BOT,5527.407500000003,127.0,89.183
BOT,5534.629722222226,130.0,89.183
BOT,5545.907500000003,145.0,89.183
BOT,5559.951944444447,158.0,89.183
BOT,5572.551944444447,162.0,89.183
BOT,5582.601944444447,180.0,89.183
BOT,5590.7352777777805,183.0,89.183
BOT,5605.9019444444475,195.0,89.183
BOT,5617.12416666667,202.0,89.183
BOT,5628.679722222225,208.0,89.183
BOT,5647.879722222226,216.0,89.183
BOT,5668.057500000003,227.0,89.183
BOT,5680.946388888891,232.0,89.183
BOT,5710.401944444447,241.0,89.183
BOT,5724.013055555558,245.0,89.183
BOT,5735.03527777778,248.0,89.183
BOT,5751.9019444444475,253.0,89.183
BOT,5763.279722222225,256.0,89.183
BOT,5777.72416666667,260.0,89.183
BOT,5789.368611111114,262.0,89.183
BOT,5801.146388888891,265.0,89.183
BOT,5822.146388888891,270.0,89.183
BOT,5840.346388888892,273.0,89.183
BOT,5861.968611111113,278.0,89.183
BOT,5874.246944444447,278.0,89.183
BOT,5889.858055555558,281.0,89.183
BOT,5905.635833333336,284.0,89.183
BOT,5924.76916666667,287.0,89.183
BOT,5940.824722222225,289.0,89.183
BOT,5956.991388888892,291.0,89.183
BOT,5976.524722222225,293.0,89.183
BOT,6012.580277777781,295.0,89.183
BOT,6035.602500000003,296.0,89.183
BOT,6058.863055555559,298.0,89.183
BOT,6075.363055555558,297.0,89.183
GAS,0.9319444444444444,305.0,89.254
GAS,17.987499999999997,307.0,89.254
GAS,41.94305555555556,308.0,89.254
GAS,76.49861111111112,311.0,89.254
GAS,93.77638888888889,311.0,89.254
GAS,124.97638888888889,312.0,89.254
GAS,138.93194444444444,314.0,89.254
GAS,163.43194444444444,315.0,89.254
GAS,184.49861111111107,316.0,89.254
GAS,216.1986111111111,317.0,89.254
GAS,244.55416666666665,319.0,89.254
GAS,262.33194444444445,320.0,89.254
GAS,280.1097222222222,320.0,89.254
GAS,294.33194444444445,320.0,89.254
GAS,319.2986111111111,321.0,89.254
GAS,337.1875,322.0,89.254
GAS,376.29861111111114,320.0,89.254
GAS,407.1875,278.0,89.254
GAS,426.4672222222223,247.0,89.254
GAS,443.0894444444445,187.0,89.254
GAS,454.2894444444445,168.0,89.254
GAS,461.09111111111116,154.0,89.254
GAS,467.71333333333337,149.0,89.254
GAS,476.71333333333337,135.0,89.254
GAS,483.7688888888889,127.0,89.254
GAS,494.1688888888889,117.0,89.254
GAS,502.8022222222222,111.0,89.254
GAS,512.2244444444444,106.0,89.254
GAS,518.9577777777778,101.0,89.254
GAS,527.8466666666667,100.0,89.254
GAS,538.1800000000001,93.0,89.254
GAS,544.0466666666667,88.0,89.254
GAS,549.8466666666667,87.0,89.254
GAS,553.8466666666667,90.0,89.254
GAS,559.0688888888889,94.0,89.254
GAS,565.6022222222222,98.0,89.254
GAS,570.18,103.0,89.254
GAS,579.0466666666666,114.0,89.254
GAS,590.2466666666666,126.0,89.254
GAS,599.3799999999999,137.0,89.254
GAS,609.5799999999999,153.0,89.254
GAS,628.5799999999999,171.0,89.254
GAS,642.5799999999999,180.0,89.254
GAS,664.1894444444443,194.0,89.254
GAS,677.7227777777777,203.0,89.254
GAS,689.3338888888889,209.0,89.254
GAS,701.2227777777777,214.0,89.254
GAS,710.6744444444444,214.0,89.254
GAS,735.7855555555554,226.0,89.254
GAS,767.3855555555554,237.0,89.254
GAS,794.4966666666664,244.0,89.254
GAS,816.7188888888887,250.0,89.254
GAS,833.6522222222221,254.0,89.254
GAS,865.4299999999998,260.0,89.254
GAS,891.8299999999998,264.0,89.254
GAS,915.3855555555554,265.0,89.254
GAS,926.9855555555554,261.0,89.254
GAS,938.0966666666665,250.0,89.254
GAS,954.5855555555553,212.0,89.254
GAS,965.752222222222,201.0,89.254
GAS,979.5966666666666,178.0,89.254
GAS,1000.3744444444443,170.0,89.254
GAS,1017.0744444444442,167.0,89.254
GAS,1024.541111111111,168.0,89.254
GAS,1034.2077777777777,174.0,89.254
GAS,1046.541111111111,185.0,89.254
GAS,1063.8394444444443,194.0,89.254
GAS,1079.5505555555553,202.0,89.254
GAS,1091.0505555555553,207.0,89.254
GAS,1107.6172222222222,213.0,89.254
GAS,1122.023611111111,217.0,89.254
GAS,1136.7569444444443,221.0,89.254
GAS,1151.7569444444446,225.0,89.254
GAS,1174.6569444444444,229.0,89.254
GAS,1184.9680555555556,232.0,89.254
GAS,1200.7013888888887,236.0,89.254
GAS,1216.4347222222223,236.0,89.254
GAS,1227.0569444444445,239.0,89.254
GAS,1274.4680555555556,251.0,89.254
GAS,1285.6680555555556,252.0,89.254
GAS,1305.5013888888889,255.0,89.254
GAS,1331.101388888889,256.0,89.254
GAS,1345.3791666666668,257.0,89.254
GAS,1359.6569444444447,257.0,89.254
GAS,1376.6569444444447,255.0,89.254
GAS,1390.879166666667,256.0,89.254
GAS,1425.2791666666672,258.0,89.254
GAS,1450.579166666667,253.0,89.254
GAS,1469.9458333333337,249.0,89.254
GAS,1486.6125000000004,250.0,89.254
GAS,1500.626666666667,251.0,89.254
GAS,1523.026666666667,252.0,89.254
GAS,1539.7600000000002,251.0,89.254
GAS,1550.8266666666668,249.0,89.254
GAS,1577.6483333333335,242.0,89.254
GAS,1593.315,235.0,89.254
GAS,1606.2594444444444,233.0,89.254
GAS,1619.1483333333335,232.0,89.254
GAS,1631.9816666666668,231.0,89.254
GAS,1647.5816666666667,234.0,89.254
GAS,1658.203888888889,239.0,89.254
GAS,1671.5927777777779,241.0,89.254
GAS,1684.9261111111114,240.0,89.254
GAS,1698.0372222222225,236.0,89.254
GAS,1724.5927777777779,239.0,89.254
GAS,1743.1816666666668,239.0,89.254
GAS,1770.515,246.0,89.254
GAS,1789.803888888889,248.0,89.254
GAS,1806.5372222222222,251.0,89.254
GAS,1829.4705555555556,258.0,89.254
GAS,1861.6150000000002,263.0,89.254
GAS,1873.392777777778,265.0,89.254
GAS,1894.3150000000003,269.0,89.254
GAS,1909.3705555555557,271.0,89.254
GAS,1936.7705555555556,274.0,89.254
GAS,1955.237222222222,277.0,89.254
GAS,1983.214722222222,279.0,89.254
GAS,2008.2813888888886,282.0,89.254
GAS,2020.8591666666664,283.0,89.254
GAS,2033.481388888889,284.0,89.254
GAS,2052.468611111111,286.0,89.254
GAS,2078.068611111111,288.0,89.254
GAS,2097.3352777777777,289.0,89.254
GAS,2110.1797222222217,289.0,89.254
GAS,2136.0463888888885,291.0,89.254
GAS,2168.601944444444,293.0,89.254
GAS,2191.468611111111,294.0,89.254
GAS,2207.8019444444444,294.0,89.254
GAS,2220.9130555555553,295.0,89.254
GAS,2240.5130555555556,294.0,89.254
GAS,2260.1797222222226,295.0,89.254
GAS,2287.5797222222227,274.0,89.254
GAS,2302.135277777778,262.0,89.254
GAS,2312.446388888889,232.0,89.254
GAS,2331.2019444444445,211.0,89.254
GAS,2339.9575,197.0,89.254
GAS,2354.268611111111,184.0,89.254
GAS,2369.9130555555557,176.0,89.254
GAS,2381.313055555556,171.0,89.254
GAS,2390.535277777778,166.0,89.254
GAS,2397.6908333333336,161.0,89.254
GAS,2409.5130555555556,152.0,89.254
GAS,2419.8225,154.0,89.254
GAS,2428.4891666666667,156.0,89.254
GAS,2448.778055555556,166.0,89.254
GAS,2460.4447222222225,175.0,89.254
GAS,2476.749166666667,184.0,89.254
GAS,2491.760277777778,193.0,89.254
GAS,2502.7047222222222,197.0,89.254
GAS,2513.9269444444444,202.0,89.254
GAS,2532.593611111111,210.0,89.254
GAS,2546.9269444444444,215.0,89.254
GAS,2566.8380555555555,224.0,89.254
GAS,2584.5713888888886,228.0,89.254
GAS,2602.771388888889,234.0,89.254
GAS,2616.0491666666667,239.0,89.254
GAS,2632.4491666666668,246.0,89.254
GAS,2646.3380555555555,250.0,89.254
GAS,2666.0158333333334,253.0,89.254
GAS,2685.9269444444444,256.0,89.254
GAS,2706.1491666666666,260.0,89.254
GAS,2732.8491666666664,267.0,89.254
GAS,2750.7825,269.0,89.254
GAS,2762.7824999999993,270.0,89.254
GAS,2784.015833333333,273.0,89.254
GAS,2811.7158333333327,277.0,89.254
GAS,2827.1602777777775,278.0,89.254
GAS,2852.216111111111,281.0,89.254
GAS,2867.8272222222217,281.0,89.254
GAS,2883.4938888888887,282.0,89.254
GAS,2899.2716666666665,284.0,89.254
GAS,2911.9827777777773,286.0,89.254
GAS,2950.036666666666,286.0,89.254
GAS,2965.925555555555,286.0,89.254
GAS,2978.2811111111105,278.0,89.254
GAS,2994.0811111111107,237.0,89.254
GAS,3004.0366666666664,224.0,89.254
GAS,3022.0811111111107,203.0,89.254
GAS,3040.881111111111,188.0,89.254
GAS,3051.103333333333,184.0,89.254
GAS,3059.103333333333,180.0,89.254
GAS,3071.236666666666,182.0,89.254
GAS,3081.514444444444,185.0,89.254
GAS,3089.7811111111105,186.0,89.254
GAS,3100.5588888888883,194.0,89.254
GAS,3111.7811111111105,202.0,89.254
GAS,3127.958888888888,208.0,89.254
GAS,3142.225555555555,214.0,89.254
GAS,3154.336666666666,218.0,89.254
GAS,3164.1144444444435,220.0,89.254
GAS,3184.2922222222214,227.0,89.254
GAS,3210.4033333333323,235.0,89.254
GAS,3223.5699999999993,237.0,89.254
GAS,3237.014444444444,242.0,89.254
GAS,3256.2161111111104,246.0,89.254
GAS,3270.1605555555548,251.0,89.254
GAS,3287.093888888888,254.0,89.254
GAS,3307.004999999999,256.0,89.254
GAS,3321.449444444444,260.0,89.254
GAS,3336.1716666666657,265.0,89.254
GAS,3347.9494444444435,265.0,89.254
GAS,3365.8744444444433,270.0,89.254
GAS,3380.8744444444433,270.0,89.254
GAS,3405.4077777777766,276.0,89.254
GAS,3417.7188888888872,277.0,89.254
GAS,3433.2188888888872,279.0,89.254
GAS,3474.3855555555538,285.0,89.254
GAS,3493.4522222222204,286.0,89.254
GAS,3509.4522222222204,288.0,89.254
GAS,3532.0077777777756,290.0,89.254
GAS,3554.641111111109,291.0,89.254
GAS,3570.8633333333314,292.0,89.254
GAS,3596.9077777777757,293.0,89.254
GAS,3613.2411111111087,294.0,89.254
GAS,3632.841111111109,294.0,89.254
GAS,3645.996666666665,296.0,89.254
GAS,3672.7522222222206,301.0,89.254
GAS,3689.4744444444423,301.0,89.254
GAS,3703.029999999998,305.0,89.254
GAS,3720.0299999999975,306.0,89.254
GAS,3747.407777777775,308.0,89.254
GAS,3771.5188888888865,310.0,89.254
GAS,3795.638055555553,309.0,89.254
GAS,3837.5047222222197,314.0,89.254
GAS,3872.726944444442,317.0,89.254
GAS,3890.3380555555527,317.0,89.254
GAS,3907.949166666664,317.0,89.254
GAS,3922.0383333333307,319.0,89.254
GAS,3939.7605555555533,319.0,89.254
GAS,3964.72722222222,321.0,89.254
GAS,3979.0383333333307,322.0,89.254
GAS,4000.438333333331,321.0,89.254
GAS,4014.704999999997,321.0,89.254
GAS,4039.749444444442,322.0,89.254
GAS,4075.6383333333306,323.0,89.254
GAS,4100.760555555553,323.0,89.254
GAS,4132.860555555553,321.0,89.254
GAS,4147.082777777776,320.0,89.254
GAS,4167.416111111109,305.0,89.254
GAS,4196.52722222222,262.0,89.254
GAS,4210.193888888886,246.0,89.254
GAS,4226.060555555553,238.0,89.254
GAS,4243.949444444442,230.0,89.254
GAS,4263.238333333331,217.0,89.254
GAS,4288.016111111108,223.0,89.254
GAS,4300.627222222219,227.0,89.254
GAS,4316.091388888885,231.0,89.254
GAS,4339.991388888885,239.0,89.254
GAS,4353.435833333329,242.0,89.254
GAS,4367.158055555552,247.0,89.254
GAS,4378.135833333329,247.0,89.254
GAS,4397.5802777777735,250.0,89.254
GAS,4414.513611111107,254.0,89.254
GAS,4443.3302777777735,260.0,89.254
GAS,4457.885833333329,262.0,89.254
GAS,4475.4858333333295,264.0,89.254
GAS,4505.152499999996,267.0,89.254
GAS,4529.1524999999965,270.0,89.254
GAS,4553.419166666663,273.0,89.254
GAS,4571.88583333333,277.0,89.254
GAS,4602.9969444444405,280.0,89.254
GAS,4621.79694444444,282.0,89.254
GAS,4637.519166666662,283.0,89.254
GAS,4656.519166666663,285.0,89.254
GAS,4682.296944444441,290.0,89.254
GAS,4701.69694444444,291.0,89.254
GAS,4727.830277777774,294.0,89.254
GAS,4744.274722222219,296.0,89.254
GAS,4764.208055555551,299.0,89.254
GAS,4780.930277777774,301.0,89.254
GAS,4801.19694444444,304.0,89.254
GAS,4814.837222222218,305.0,89.254
GAS,4842.2149999999965,308.0,89.254
GAS,4866.326111111108,310.0,89.254
GAS,4887.0594444444405,311.0,89.254
GAS,4904.392777777774,312.0,89.254
GAS,4918.34833333333,314.0,89.254
GAS,4946.348333333329,315.0,89.254
GAS,4974.526666666662,318.0,89.254
GAS,4995.793333333329,319.0,89.254
GAS,5024.148888888884,319.0,89.254
GAS,5041.926666666663,320.0,89.254
GAS,5056.193333333329,321.0,89.254
GAS,5077.726666666663,323.0,89.254
GAS,5110.026666666663,323.0,89.254
GAS,5131.6266666666625,324.0,89.254
GAS,5156.904444444441,325.0,89.254
GAS,5182.182222222219,325.0,89.254
GAS,5203.982222222218,327.0,89.254
GAS,5222.148888888885,327.0,89.254
GAS,5240.315555555552,327.0,89.254
GAS,5262.1155555555515,327.0,89.254
GAS,5291.2711111111075,328.0,89.254
GAS,5324.071111111108,328.0,89.254
GAS,5349.659999999997,329.0,89.254
GAS,5371.259999999997,324.0,89.254
GAS,5384.371111111107,295.0,89.254
GAS,5399.111111111108,264.0,89.254
GAS,5414.711111111107,234.0,89.254
GAS,5432.133333333329,196.0,89.254
GAS,5445.04444444444,166.0,89.254
GAS,5458.466666666663,151.0,89.254
GAS,5464.777777777774,142.0,89.254
GAS,5475.43333333333,137.0,89.254
GAS,5490.920277777774,127.0,89.254
GAS,5501.764722222219,122.0,89.254
GAS,5507.009166666663,118.0,89.254
GAS,5516.964722222219,112.0,89.254
GAS,5528.06472222222,111.0,89.254
GAS,5537.631388888886,123.0,89.254
GAS,5547.66472222222,129.0,89.254
GAS,5553.620277777775,134.0,89.254
GAS,5570.175833333331,149.0,89.254
GAS,5582.853611111109,163.0,89.254
GAS,5590.098055555553,163.0,89.254
GAS,5610.7647222222195,186.0,89.254
GAS,5626.009166666664,196.0,89.254
GAS,5637.286944444442,203.0,89.254
GAS,5656.042499999998,211.0,89.254
GAS,5678.342499999998,223.0,89.254
GAS,5693.5388888888865,227.0,89.254
GAS,5722.627777777776,238.0,89.254
GAS,5736.072222222219,242.0,89.254
GAS,5755.438888888886,249.0,89.254
GAS,5772.238888888887,252.0,89.254
GAS,5792.383333333331,259.0,89.254
GAS,5806.994444444442,263.0,89.254
GAS,5818.77222222222,265.0,89.254
GAS,5836.697222222219,270.0,89.254
GAS,5848.741666666665,271.0,89.254
GAS,5863.963888888887,274.0,89.254
GAS,5885.586111111109,278.0,89.254
GAS,5904.452777777777,283.0,89.254
GAS,5936.563888888887,289.0,89.254
GAS,5949.452777777776,290.0,89.254
GAS,5972.1638888888865,292.0,89.254
GAS,5988.49722222222,294.0,89.254
GAS,6004.886111111109,295.0,89.254
GAS,6028.063888888887,298.0,89.254
GAS,6051.3194444444425,299.0,89.254
GAS,6068.097222222221,302.0,89.254
GAS,6084.930555555553,303.0,89.254
MAG,19.955,307.0,89.546
MAG,37.010555555555555,307.0,89.546
MAG,54.20722222222223,308.0,89.546
MAG,78.31833333333334,310.0,89.546
MAG,102.66277777777779,313.0,89.546
MAG,134.06277777777777,314.0,89.546
MAG,151.5072222222222,314.0,89.546
MAG,176.00722222222223,315.0,89.546
MAG,189.96388888888887,316.0,89.546
MAG,204.00833333333333,316.0,89.546
MAG,218.0972222222222,317.0,89.546
MAG,239.36388888888888,319.0,89.546
MAG,267.8972222222222,321.0,89.546
MAG,285.67499999999995,320.0,89.546
MAG,299.8972222222222,320.0,89.546
MAG,317.78611111111104,322.0,89.546
MAG,342.8305555555555,322.0,89.546
MAG,364.16388888888883,320.0,89.546
MAG,393.56388888888887,294.0,89.546
MAG,421.79722222222216,231.0,89.546
MAG,433.1861111111111,205.0,89.546
MAG,446.4083333333333,170.0,89.546
MAG,459.5638888888888,148.0,89.546
MAG,475.20833333333326,128.0,89.546
MAG,483.3416666666666,122.0,89.546
MAG,495.8972222222221,113.0,89.546
MAG,508.1499999999999,110.0,89.546
MAG,515.4833333333332,110.0,89.546
MAG,522.4833333333332,105.0,89.546
MAG,533.2611111111111,97.0,89.546
MAG,539.4611111111111,93.0,89.546
MAG,546.4611111111111,90.0,89.546
MAG,556.1341666666667,97.0,89.546
MAG,562.8675000000001,101.0,89.546
MAG,568.756388888889,106.0,89.546
MAG,576.2230555555557,112.0,89.546
MAG,582.8341666666669,119.0,89.546
MAG,589.945277777778,128.0,89.546
MAG,603.2786111111113,150.0,89.546
MAG,613.2786111111113,150.0,89.546
MAG,624.545277777778,169.0,89.546
MAG,643.045277777778,185.0,89.546
MAG,663.045277777778,200.0,89.546
MAG,674.3786111111114,204.0,89.546
MAG,688.5119444444447,212.0,89.546
MAG,718.3786111111112,224.0,89.546
MAG,728.3341666666668,224.0,89.546
MAG,741.1119444444446,230.0,89.546
MAG,751.556388888889,235.0,89.546
MAG,762.1786111111113,239.0,89.546
MAG,775.6230555555557,242.0,89.546
MAG,792.0897222222223,247.0,89.546
MAG,817.46,253.0,89.546
MAG,846.2377777777779,259.0,89.546
MAG,860.7933333333335,262.0,89.546
MAG,890.2377777777779,265.0,89.546
MAG,922.748888888889,266.0,89.546
MAG,933.7022222222223,248.0,89.546
MAG,955.4800000000001,196.0,89.546
MAG,965.5355555555557,181.0,89.546
MAG,978.9133333333335,172.0,89.546
MAG,996.6911111111112,160.0,89.546
MAG,1011.268888888889,164.0,89.546
MAG,1020.7133333333335,170.0,89.546
MAG,1030.3800000000003,174.0,89.546
MAG,1040.7133333333336,186.0,89.546
MAG,1053.5133333333335,192.0,89.546
MAG,1066.7133333333336,198.0,89.546
MAG,1080.446666666667,206.0,89.546
MAG,1089.735555555556,209.0,89.546
MAG,1099.2022222222226,213.0,89.546
MAG,1111.2022222222226,216.0,89.546
MAG,1123.313333333334,218.0,89.546
MAG,1138.2466666666671,224.0,89.546
MAG,1153.5800000000004,230.0,89.546
MAG,1171.7800000000004,234.0,89.546
MAG,1187.513333333334,236.0,89.546
MAG,1217.280833333334,243.0,89.546
MAG,1231.003055555556,247.0,89.546
MAG,1247.7363888888892,251.0,89.546
MAG,1258.8919444444448,251.0,89.546
MAG,1275.7586111111116,253.0,89.546
MAG,1307.0475000000004,256.0,89.546
MAG,1324.0475000000006,255.0,89.546
MAG,1343.7325000000005,254.0,89.546
MAG,1355.0213888888895,254.0,89.546
MAG,1369.0213888888895,252.0,89.546
MAG,1391.5102777777784,253.0,89.546
MAG,1405.5658333333338,253.0,89.546
MAG,1416.988055555556,257.0,89.546
MAG,1431.0436111111114,253.0,89.546
MAG,1444.8213888888895,248.0,89.546
MAG,1461.0880555555561,244.0,89.546
MAG,1480.2213888888896,246.0,89.546
MAG,1513.4213888888896,249.0,89.546
MAG,1524.5325000000007,250.0,89.546
MAG,1549.4325000000006,249.0,89.546
MAG,1568.2547222222227,242.0,89.546
MAG,1581.2547222222229,234.0,89.546
MAG,1606.1436111111116,224.0,89.546
MAG,1623.488055555556,223.0,89.546
MAG,1646.4516666666668,229.0,89.546
MAG,1656.8961111111112,235.0,89.546
MAG,1675.173888888889,235.0,89.546
MAG,1688.3405555555555,237.0,89.546
MAG,1717.3072222222222,237.0,89.546
MAG,1730.5294444444444,238.0,89.546
MAG,1746.5294444444446,240.0,89.546
MAG,1771.1294444444445,246.0,89.546
MAG,1790.5819444444446,251.0,89.546
MAG,1801.7819444444447,252.0,89.546
MAG,1818.8486111111113,256.0,89.546
MAG,1850.8708333333336,262.0,89.546
MAG,1883.5041666666668,267.0,89.546
MAG,1898.504166666667,270.0,89.546
MAG,1913.6152777777781,272.0,89.546
MAG,1947.1041666666672,274.0,89.546
MAG,1959.3263888888891,275.0,89.546
MAG,1971.5486111111113,275.0,89.546
MAG,1986.8263888888894,275.0,89.546
MAG,2008.5263888888892,279.0,89.546
MAG,2024.0263888888894,279.0,89.546
MAG,2036.426388888889,279.0,89.546
MAG,2055.093055555556,280.0,89.546
MAG,2070.759722222223,282.0,89.546
MAG,2083.2486111111116,281.0,89.546
MAG,2108.404166666667,283.0,89.546
MAG,2130.571944444445,284.0,89.546
MAG,2159.2719444444447,287.0,89.546
MAG,2172.0275000000006,287.0,89.546
MAG,2187.9163888888893,286.0,89.546
MAG,2216.616388888889,287.0,89.546
MAG,2238.9386111111116,287.0,89.546
MAG,2254.771944444445,285.0,89.546
MAG,2273.638611111112,283.0,89.546
MAG,2291.8386111111117,273.0,89.546
MAG,2305.050000000001,239.0,89.546
MAG,2317.2722222222233,220.0,89.546
MAG,2336.372222222223,191.0,89.546
MAG,2344.63888888889,186.0,89.546
MAG,2354.6944444444453,181.0,89.546
MAG,2370.072222222223,173.0,89.546
MAG,2377.5833333333344,169.0,89.546
MAG,2397.016666666668,159.0,89.546
MAG,2405.6833333333348,156.0,89.546
MAG,2412.7055555555567,158.0,89.546
MAG,2421.53888888889,159.0,89.546
MAG,2432.33888888889,162.0,89.546
MAG,2455.6722222222234,175.0,89.546
MAG,2465.450000000001,176.0,89.546
MAG,2477.516666666668,181.0,89.546
MAG,2499.1833333333343,195.0,89.546
MAG,2507.8500000000013,195.0,89.546
MAG,2523.7733333333344,204.0,89.546
MAG,2537.9733333333347,213.0,89.546
MAG,2557.795555555557,223.0,89.546
MAG,2575.5288888888904,228.0,89.546
MAG,2593.72888888889,234.0,89.546
MAG,2618.028888888891,243.0,89.546
MAG,2628.9622222222238,246.0,89.546
MAG,2640.0288888888904,249.0,89.546
MAG,2656.895555555557,253.0,89.546
MAG,2674.0238888888907,258.0,89.546
MAG,2703.1350000000016,262.0,89.546
MAG,2717.8572222222233,265.0,89.546
MAG,2753.990555555557,271.0,89.546
MAG,2769.1572222222235,273.0,89.546
MAG,2790.5461111111126,275.0,89.546
MAG,2812.0905555555573,277.0,89.546
MAG,2824.446111111113,278.0,89.546
MAG,2849.423888888891,281.0,89.546
MAG,2880.9794444444465,284.0,89.546
MAG,2903.301666666669,287.0,89.546
MAG,2932.001666666669,287.0,89.546
MAG,2960.501666666669,285.0,89.546
MAG,2978.835000000002,275.0,89.546
MAG,3003.5633333333353,222.0,89.546
MAG,3016.896666666669,200.0,89.546
MAG,3033.341111111113,185.0,89.546
MAG,3041.2966666666684,179.0,89.546
MAG,3049.1633333333352,177.0,89.546
MAG,3060.8300000000017,175.0,89.546
MAG,3076.4744444444464,176.0,89.546
MAG,3088.6744444444466,183.0,89.546
MAG,3108.6744444444466,200.0,89.546
MAG,3120.006388888891,205.0,89.546
MAG,3134.006388888891,210.0,89.546
MAG,3143.517500000002,214.0,89.546
MAG,3173.2508333333353,223.0,89.546
MAG,3196.1508333333354,229.0,89.546
MAG,3214.2730555555577,233.0,89.546
MAG,3241.2730555555577,243.0,89.546
MAG,3254.9952777777803,247.0,89.546
MAG,3277.3063888888914,251.0,89.546
MAG,3291.250833333336,251.0,89.546
MAG,3308.5175000000027,259.0,89.546
MAG,3331.9841666666694,264.0,89.546
MAG,3355.8063888888914,268.0,89.546
MAG,3367.806388888891,270.0,89.546
MAG,3392.073055555558,273.0,89.546
MAG,3410.48277777778,275.0,89.546
MAG,3432.1827777777803,279.0,89.546
MAG,3454.1161111111137,282.0,89.546
MAG,3473.049444444447,284.0,89.546
MAG,3508.249444444447,288.0,89.546
MAG,3534.0272222222247,290.0,89.546
MAG,3556.660555555558,291.0,89.546
MAG,3572.938333333336,293.0,89.546
MAG,3605.7450000000017,296.0,89.546
MAG,3618.9005555555577,296.0,89.546
MAG,3635.400555555558,297.0,89.546
MAG,3648.6450000000023,298.0,89.546
MAG,3668.6450000000023,300.0,89.546
MAG,3692.211666666669,303.0,89.546
MAG,3726.1005555555575,305.0,89.546
MAG,3743.1561111111128,307.0,89.546
MAG,3760.3783333333354,310.0,89.546
MAG,3781.111666666669,311.0,89.546
MAG,3801.9116666666687,312.0,89.546
MAG,3815.8672222222244,314.0,89.546
MAG,3850.9783333333353,316.0,89.546
MAG,3868.6450000000023,318.0,89.546
MAG,3893.4561111111134,319.0,89.546
MAG,3911.178333333335,319.0,89.546
MAG,3946.8450000000016,321.0,89.546
MAG,3964.823333333335,322.0,89.546
MAG,3982.712222222224,322.0,89.546
MAG,3996.9788888888907,321.0,89.546
MAG,4018.512222222224,323.0,89.546
MAG,4054.4011111111126,323.0,89.546
MAG,4068.7566666666685,323.0,89.546
MAG,4090.356666666668,324.0,89.546
MAG,4122.556666666668,322.0,89.546
MAG,4154.556666666668,320.0,89.546
MAG,4184.925000000001,274.0,89.546
MAG,4203.902777777779,244.0,89.546
MAG,4216.902777777779,234.0,89.546
MAG,4236.547222222223,221.0,89.546
MAG,4250.81388888889,214.0,89.546
MAG,4262.591666666667,212.0,89.546
MAG,4281.791666666668,216.0,89.546
MAG,4301.7027777777785,224.0,89.546
MAG,4322.236111111112,231.0,89.546
MAG,4340.669444444445,237.0,89.546
MAG,4359.569444444444,243.0,89.546
MAG,4370.413888888889,244.0,89.546
MAG,4398.191666666667,250.0,89.546
MAG,4426.525000000001,255.0,89.546
MAG,4438.018611111112,257.0,89.546
MAG,4452.463055555556,260.0,89.546
MAG,4469.996388888889,263.0,89.546
MAG,4496.496388888889,265.0,89.546
MAG,4526.496388888889,270.0,89.546
MAG,4538.585277777777,272.0,89.546
MAG,4550.7186111111105,273.0,89.546
MAG,4572.185277777778,276.0,89.546
MAG,4612.774166666666,281.0,89.546
MAG,4644.329722222222,284.0,89.546
MAG,4666.572222222221,287.0,89.546
MAG,4685.972222222221,291.0,89.546
MAG,4708.76111111111,293.0,89.546
MAG,4745.1833333333325,298.0,89.546
MAG,4765.183333333333,300.0,89.546
MAG,4781.961111111112,302.0,89.546
MAG,4798.794444444444,303.0,89.546
MAG,4815.6833333333325,304.0,89.546
MAG,4839.638888888888,308.0,89.546
MAG,4856.749999999999,308.0,89.546
MAG,4887.849999999999,311.0,89.546
MAG,4919.249999999999,314.0,89.546
MAG,4950.849999999999,316.0,89.546
MAG,4979.294166666666,319.0,89.546
MAG,5011.294166666666,320.0,89.546
MAG,5032.694166666666,321.0,89.546
MAG,5047.005277777777,322.0,89.546
MAG,5072.1275,323.0,89.546
MAG,5090.1275,324.0,89.546
MAG,5122.6275,325.0,89.546
MAG,5148.060833333333,327.0,89.546
MAG,5162.549722222221,326.0,89.546
MAG,5198.994166666665,328.0,89.546
MAG,5217.271944444443,329.0,89.546
MAG,5242.691944444443,328.0,89.546
MAG,5279.35861111111,330.0,89.546
MAG,5301.291944444442,329.0,89.546
MAG,5319.514166666665,328.0,89.546
MAG,5341.314166666666,327.0,89.546
MAG,5373.514166666666,322.0,89.546
MAG,5402.180833333332,258.0,89.546
MAG,5417.380833333333,228.0,89.546
MAG,5430.847499999999,202.0,89.546
MAG,5439.114166666665,186.0,89.546
MAG,5450.5808333333325,172.0,89.546
MAG,5459.525277777777,161.0,89.546
MAG,5476.391944444444,138.0,89.546
MAG,5483.87361111111,134.0,89.546
MAG,5489.47361111111,126.0,89.546
MAG,5499.784722222221,116.0,89.546
MAG,5509.829166666665,113.0,89.546
MAG,5518.306944444443,109.0,89.546
MAG,5525.840277777776,113.0,89.546
MAG,5536.418055555554,119.0,89.546
MAG,5543.251388888887,123.0,89.546
MAG,5550.47361111111,130.0,89.546
MAG,5559.940277777776,142.0,89.546
MAG,5566.5180555555535,148.0,89.546
MAG,5579.118055555554,162.0,89.546
MAG,5597.167777777776,181.0,89.546
MAG,5618.834444444443,195.0,89.546
MAG,5629.8899999999985,199.0,89.546
MAG,5641.445555555554,208.0,89.546
MAG,5650.867777777777,212.0,89.546
MAG,5667.745555555554,217.0,89.546
MAG,5680.134444444443,223.0,89.546
MAG,5690.178888888887,226.0,89.546
MAG,5700.489999999998,232.0,89.546
MAG,5713.489999999998,234.0,89.546
MAG,5729.623333333331,242.0,89.546
MAG,5740.378888888887,242.0,89.546
MAG,5754.212222222221,249.0,89.546
MAG,5768.212222222221,252.0,89.546
MAG,5788.356666666665,259.0,89.546
MAG,5800.045555555554,263.0,89.546
MAG,5820.886388888887,267.0,89.546
MAG,5844.975277777776,271.0,89.546
MAG,5866.441944444443,276.0,89.546
MAG,5891.597499999999,283.0,89.546
MAG,5904.1752777777765,283.0,89.546
MAG,5919.953055555555,284.0,89.546
MAG,5955.397499999999,290.0,89.546
MAG,5968.3308333333325,291.0,89.546
MAG,5984.608611111111,293.0,89.546
MAG,5997.630833333333,293.0,89.546
MAG,6020.653055555555,296.0,89.546
MAG,6050.353055555554,297.0,89.546
MAG,6063.597499999999,298.0,89.546
MAG,6086.8475,300.0,89.546
NOR,17.558333333333334,301.0,89.651
NOR,30.980555555555554,302.0,89.651
NOR,47.86944444444444,304.0,89.651
NOR,85.39166666666667,307.0,89.651
NOR,109.425,309.0,89.651
NOR,123.15833333333332,309.0,89.651
NOR,140.38055555555553,310.0,89.651
NOR,154.20277777777775,311.0,89.651
NOR,168.0694444444444,312.0,89.651
NOR,195.89166666666662,313.0,89.651
NOR,213.33611111111108,314.0,89.651
NOR,230.86777777777772,314.0,89.651
NOR,272.9133333333333,316.0,89.651
NOR,311.78,318.0,89.651
NOR,332.98,318.0,89.651
NOR,354.18,318.0,89.651
NOR,371.8466666666667,318.0,89.651
NOR,398.5133333333334,300.0,89.651
NOR,413.0133333333333,261.0,89.651
NOR,425.62444444444446,227.0,89.651
NOR,442.0688888888889,185.0,89.651
NOR,449.40222222222224,165.0,89.651
NOR,464.1022222222222,147.0,89.651
NOR,473.1022222222222,135.0,89.651
NOR,478.9244444444445,131.0,89.651
NOR,486.99111111111114,121.0,89.651
NOR,497.03555555555556,113.0,89.651
NOR,501.9244444444445,110.0,89.651
NOR,512.7244444444444,108.0,89.651
NOR,517.4355555555555,106.0,89.651
NOR,524.3022222222222,103.0,89.651
NOR,533.0133333333333,98.0,89.651
NOR,540.3244444444445,94.0,89.651
NOR,544.3688888888889,91.0,89.651
NOR,548.4133333333334,91.0,89.651
NOR,558.1133333333333,97.0,89.651
NOR,567.565,106.0,89.651
NOR,573.8113888888889,113.0,89.651
NOR,588.2558333333334,130.0,89.651
NOR,597.8558333333334,144.0,89.651
NOR,617.411388888889,160.0,89.651
NOR,630.9447222222224,174.0,89.651
NOR,638.8558333333335,178.0,89.651
NOR,660.3002777777779,193.0,89.651
NOR,678.2558333333334,202.0,89.651
NOR,699.5558333333335,213.0,89.651
NOR,724.4447222222223,224.0,89.651
NOR,734.6225000000001,229.0,89.651
NOR,744.8891666666667,231.0,89.651
NOR,757.9447222222224,235.0,89.651
NOR,768.5225000000002,238.0,89.651
NOR,787.5002777777779,244.0,89.651
NOR,801.2225000000001,247.0,89.651
NOR,823.5336111111112,251.0,89.651
NOR,849.1336111111111,256.0,89.651
NOR,869.3558333333334,260.0,89.651
NOR,933.8891666666667,242.0,89.651
NOR,953.1425,192.0,89.651
NOR,961.4536111111112,187.0,89.651
NOR,969.2711111111112,177.0,89.651
NOR,984.5600000000001,172.0,89.651
NOR,991.9822222222223,167.0,89.651
NOR,1012.7600000000001,170.0,89.651
NOR,1035.0044444444445,182.0,89.651
NOR,1043.3155555555556,187.0,89.651
NOR,1053.926666666667,191.0,89.651
NOR,1064.8155555555559,196.0,89.651
NOR,1085.4155555555558,206.0,89.651
NOR,1101.7488888888893,210.0,89.651
NOR,1121.0377777777783,217.0,89.651
NOR,1138.226666666667,221.0,89.651
NOR,1150.6711111111113,224.0,89.651
NOR,1163.337777777778,228.0,89.651
NOR,1173.6044444444447,231.0,89.651
NOR,1184.0044444444447,234.0,89.651
NOR,1207.9044444444446,239.0,89.651
NOR,1218.66,242.0,89.651
NOR,1232.3266666666666,246.0,89.651
NOR,1248.9266666666665,249.0,89.651
NOR,1279.7266666666667,252.0,89.651
NOR,1304.9266666666667,252.0,89.651
NOR,1324.7600000000002,255.0,89.651
NOR,1339.0533333333335,256.0,89.651
NOR,1370.4644444444446,257.0,89.651
NOR,1381.7711111111114,256.0,89.651
NOR,1398.9044444444446,257.0,89.651
NOR,1424.9044444444446,260.0,89.651
NOR,1459.437777777778,259.0,89.651
NOR,1476.6377777777777,258.0,89.651
NOR,1499.4822222222222,257.0,89.651
NOR,1510.9044444444444,257.0,89.651
NOR,1536.6044444444447,257.0,89.651
NOR,1563.2711111111112,240.0,89.651
NOR,1588.9377777777777,231.0,89.651
NOR,1601.7155555555557,230.0,89.651
NOR,1627.2711111111112,230.0,89.651
NOR,1637.5377777777778,231.0,89.651
NOR,1653.471111111111,239.0,89.651
NOR,1672.06,239.0,89.651
NOR,1698.171111111111,235.0,89.651
NOR,1711.2266666666667,235.0,89.651
NOR,1737.671111111111,238.0,89.651
NOR,1751.0044444444443,240.0,89.651
NOR,1761.8488888888887,244.0,89.651
NOR,1781.1377777777777,248.0,89.651
NOR,1797.9408333333333,251.0,89.651
NOR,1812.0519444444444,254.0,89.651
NOR,1840.8686111111112,260.0,89.651
NOR,1858.4019444444446,263.0,89.651
NOR,1879.0908333333334,266.0,89.651
NOR,1897.0241666666666,269.0,89.651
NOR,1909.0241666666666,270.0,89.651
NOR,1930.2575,273.0,89.651
NOR,1942.479722222222,275.0,89.651
NOR,1970.279722222222,278.0,89.651
NOR,1991.9019444444443,278.0,89.651
NOR,2007.4574999999998,280.0,89.651
NOR,2023.1241666666667,282.0,89.651
NOR,2045.1352777777774,283.0,89.651
NOR,2057.7130555555555,283.0,89.651
NOR,2076.7130555555555,285.0,89.651
NOR,2098.9575,286.0,89.651
NOR,2111.7130555555555,287.0,89.651
NOR,2137.3130555555554,288.0,89.651
NOR,2150.1574999999993,289.0,89.651
NOR,2166.2686111111107,290.0,89.651
NOR,2179.2019444444445,291.0,89.651
NOR,2198.601944444444,291.0,89.651
NOR,2221.390833333333,293.0,89.651
NOR,2240.790833333333,291.0,89.651
NOR,2272.901944444444,289.0,89.651
NOR,2285.3908333333325,281.0,89.651
NOR,2296.9738888888883,259.0,89.651
NOR,2307.9961111111106,248.0,89.651
NOR,2320.718333333333,229.0,89.651
NOR,2332.4961111111106,212.0,89.651
NOR,2345.375555555555,194.0,89.651
NOR,2355.597777777777,184.0,89.651
NOR,2370.797777777777,171.0,89.651
NOR,2385.108888888888,161.0,89.651
NOR,2397.1644444444437,155.0,89.651
NOR,2403.9644444444434,153.0,89.651
NOR,2410.5866666666657,149.0,89.651
NOR,2422.5644444444433,154.0,89.651
NOR,2429.453333333332,155.0,89.651
NOR,2442.053333333332,162.0,89.651
NOR,2449.475555555554,167.0,89.651
NOR,2463.086666666665,175.0,89.651
NOR,2486.064444444443,188.0,89.651
NOR,2501.153333333332,194.0,89.651
NOR,2519.375555555554,205.0,89.651
NOR,2538.3088888888874,213.0,89.651
NOR,2552.9755555555544,220.0,89.651
NOR,2573.1533333333323,227.0,89.651
NOR,2591.3533333333326,234.0,89.651
NOR,2609.9422222222215,239.0,89.651
NOR,2626.2755555555545,245.0,89.651
NOR,2645.797777777777,251.0,89.651
NOR,2665.623888888888,254.0,89.651
NOR,2682.890555555555,259.0,89.651
NOR,2709.190555555555,263.0,89.651
NOR,2732.8497222222218,267.0,89.651
NOR,2753.8497222222218,270.0,89.651
NOR,2775.0830555555544,273.0,89.651
NOR,2787.305277777777,275.0,89.651
NOR,2821.1608333333324,277.0,89.651
NOR,2849.1608333333324,280.0,89.651
NOR,2867.894166666666,281.0,89.651
NOR,2886.760833333333,283.0,89.651
NOR,2921.716388888888,286.0,89.651
NOR,2937.6052777777772,286.0,89.651
NOR,2950.2719444444438,285.0,89.651
NOR,2962.9386111111107,285.0,89.651
NOR,2985.783055555555,257.0,89.651
NOR,3007.383055555555,216.0,89.651
NOR,3023.0163888888883,201.0,89.651
NOR,3039.9941666666655,191.0,89.651
NOR,3064.2608333333324,182.0,89.651
NOR,3076.5274999999992,184.0,89.651
NOR,3086.9719444444436,188.0,89.651
NOR,3097.6941666666658,193.0,89.651
NOR,3120.6402777777766,206.0,89.651
NOR,3132.1958333333323,208.0,89.651
NOR,3156.084722222221,215.0,89.651
NOR,3183.4002777777764,224.0,89.651
NOR,3201.13361111111,228.0,89.651
NOR,3222.1113888888876,236.0,89.651
NOR,3240.855833333332,241.0,89.651
NOR,3265.7558333333322,249.0,89.651
NOR,3285.2780555555546,251.0,89.651
NOR,3299.5002777777763,256.0,89.651
NOR,3310.9224999999988,257.0,89.651
NOR,3328.3891666666655,262.0,89.651
NOR,3349.0002777777763,265.0,89.651
NOR,3360.866944444443,267.0,89.651
NOR,3378.8002777777765,269.0,89.651
NOR,3390.8447222222208,271.0,89.651
NOR,3409.1113888888876,274.0,89.651
NOR,3427.6447222222205,278.0,89.651
NOR,3440.0447222222206,279.0,89.651
NOR,3455.7113888888875,282.0,89.651
NOR,3474.578055555554,283.0,89.651
NOR,3496.8224999999984,286.0,89.651
NOR,3528.8224999999984,288.0,89.651
NOR,3541.6669444444433,289.0,89.651
NOR,3554.555833333332,290.0,89.651
NOR,3583.8369444444434,292.0,89.651
NOR,3609.8813888888876,293.0,89.651
NOR,3629.5480555555537,295.0,89.651
NOR,3652.7258333333316,298.0,89.651
NOR,3672.6424999999986,300.0,89.651
NOR,3699.575833333332,303.0,89.651
NOR,3736.8536111111093,305.0,89.651
NOR,3764.053611111109,306.0,89.651
NOR,3788.009166666665,308.0,89.651
NOR,3829.475833333331,311.0,89.651
NOR,3860.775833333331,313.0,89.651
NOR,3895.775833333331,315.0,89.651
NOR,3909.8202777777756,316.0,89.651
NOR,3930.8869444444426,316.0,89.651
NOR,3944.931388888887,316.0,89.651
NOR,3966.0647222222206,317.0,89.651
NOR,3983.7313888888866,318.0,89.651
NOR,4001.3980555555536,318.0,89.651
NOR,4029.753611111109,319.0,89.651
NOR,4047.4758333333316,319.0,89.651
NOR,4061.653611111109,319.0,89.651
NOR,4096.875833333331,317.0,89.651
NOR,4118.009166666664,317.0,89.651
NOR,4142.596666666664,315.0,89.651
NOR,4171.096666666664,285.0,89.651
NOR,4188.629999999997,263.0,89.651
NOR,4205.029999999998,246.0,89.651
NOR,4226.007777777776,236.0,89.651
NOR,4236.2986111111095,233.0,89.651
NOR,4256.565277777776,228.0,89.651
NOR,4281.231944444443,222.0,89.651
NOR,4296.031944444442,222.0,89.651
NOR,4323.40972222222,224.0,89.651
NOR,4343.854166666665,230.0,89.651
NOR,4354.120833333332,231.0,89.651
NOR,4375.187499999999,237.0,89.651
NOR,4399.287499999999,241.0,89.651
NOR,4415.820833333332,248.0,89.651
NOR,4432.354166666665,248.0,89.651
NOR,4460.909722222221,257.0,89.651
NOR,4472.376388888887,258.0,89.651
NOR,4492.59861111111,260.0,89.651
NOR,4504.2874999999985,263.0,89.651
NOR,4519.009722222221,265.0,89.651
NOR,4536.876388888889,268.0,89.651
NOR,4557.954166666666,271.0,89.651
NOR,4585.454166666666,275.0,89.651
NOR,4603.997777777778,277.0,89.651
NOR,4616.397777777777,279.0,89.651
NOR,4632.008888888889,281.0,89.651
NOR,4644.542222222221,282.0,89.651
NOR,4666.708888888888,285.0,89.651
NOR,4679.464444444444,287.0,89.651
NOR,4698.664444444444,288.0,89.651
NOR,4734.394166666667,293.0,89.651
NOR,4760.794166666667,297.0,89.651
NOR,4790.694166666666,299.0,89.651
NOR,4820.894166666666,302.0,89.651
NOR,4834.360833333333,303.0,89.651
NOR,4861.560833333333,306.0,89.651
NOR,4882.0275,307.0,89.651
NOR,4902.6275,309.0,89.651
NOR,4930.271944444444,311.0,89.651
NOR,4958.005277777777,312.0,89.651
NOR,4978.871944444443,313.0,89.651
NOR,4999.871944444444,315.0,89.651
NOR,5020.938611111111,316.0,89.651
NOR,5045.516388888888,316.0,89.651
NOR,5080.849722222221,318.0,89.651
NOR,5119.838611111111,319.0,89.651
NOR,5134.060833333333,320.0,89.651
NOR,5159.116666666666,321.0,89.651
NOR,5173.383333333333,321.0,89.651
NOR,5194.783333333333,321.0,89.651
NOR,5216.249999999999,322.0,89.651
NOR,5230.561111111111,322.0,89.651
NOR,5273.627777777777,323.0,89.651
NOR,5309.4269444444435,323.0,89.651
NOR,5341.626944444443,322.0,89.651
NOR,5359.460277777777,321.0,89.651
NOR,5388.960277777777,295.0,89.651
NOR,5402.015833333333,235.0,89.651
NOR,5413.738055555556,211.0,89.651
NOR,5426.404722222222,190.0,89.651
NOR,5434.138055555555,174.0,89.651
NOR,5449.738055555556,156.0,89.651
NOR,5460.938055555555,144.0,89.651
NOR,5468.660277777778,139.0,89.651
NOR,5480.215833333334,130.0,89.651
NOR,5487.326944444444,128.0,89.651
NOR,5501.7491666666665,118.0,89.651
NOR,5506.993611111111,118.0,89.651
NOR,5513.3825,115.0,89.651
NOR,5524.049166666666,120.0,89.651
NOR,5533.615833333332,123.0,89.651
NOR,5540.615833333332,126.0,89.651
NOR,5547.985833333332,132.0,89.651
NOR,5558.719166666666,138.0,89.651
NOR,5570.230277777777,148.0,89.651
NOR,5587.330277777777,171.0,89.651
NOR,5597.108055555555,176.0,89.651
NOR,5611.6525,187.0,89.651
NOR,5620.264999999999,195.0,89.651
NOR,5629.2427777777775,202.0,89.651
NOR,5638.309444444444,204.0,89.651
NOR,5652.509444444444,213.0,89.651
NOR,5672.331666666667,223.0,89.651
NOR,5684.942777777778,227.0,89.651
NOR,5695.120555555556,229.0,89.651
NOR,5708.120555555556,234.0,89.651
NOR,5726.787222222223,240.0,89.651
NOR,5743.253888888889,247.0,89.651
NOR,5768.55388888889,253.0,89.651
NOR,5800.5761111111115,262.0,89.651
NOR,5815.35388888889,266.0,89.651
NOR,5836.276111111112,269.0,89.651
NOR,5860.7205555555565,275.0,89.651
NOR,5895.0650000000005,281.0,89.651
NOR,5913.998333333335,284.0,89.651
NOR,5945.998333333334,288.0,89.651
NOR,5978.412500000001,291.0,89.651
NOR,5997.8791666666675,292.0,89.651
NOR,6017.479166666667,294.0,89.651
NOR,6050.256944444445,295.0,89.651
NOR,6069.990277777778,296.0,89.651
NOR,6093.090277777778,297.0,89.651
RIC,30.131666666666668,303.0,89.773
RIC,47.07611111111112,305.0,89.773
RIC,67.47611111111112,306.0,89.773
RIC,101.80944444444444,309.0,89.773
RIC,115.58722222222222,310.0,89.773
RIC,139.86249999999998,311.0,89.773
RIC,160.6625,312.0,89.773
RIC,188.5736111111111,314.0,89.773
RIC,213.07361111111112,315.0,89.773
RIC,237.65138888888887,316.0,89.773
RIC,269.3513888888889,317.0,89.773
RIC,283.4847222222222,318.0,89.773
RIC,297.61805555555554,318.0,89.773
RIC,318.8847222222222,319.0,89.773
RIC,340.0627777777778,319.0,89.773
RIC,375.5072222222222,319.0,89.773
RIC,392.3961111111111,304.0,89.773
RIC,421.99611111111113,222.0,89.773
RIC,432.82944444444445,195.0,89.773
RIC,445.4294444444444,162.0,89.773
RIC,456.94055555555553,148.0,89.773
RIC,463.07388888888886,138.0,89.773
RIC,474.54055555555556,129.0,89.773
RIC,487.7627777777778,119.0,89.773
RIC,496.3183333333333,110.0,89.773
RIC,506.9183333333333,106.0,89.773
RIC,517.7183333333332,108.0,89.773
RIC,524.4516666666666,101.0,89.773
RIC,535.033611111111,95.0,89.773
RIC,541.1669444444443,92.0,89.773
RIC,549.5224999999999,94.0,89.773
RIC,553.8780555555555,98.0,89.773
RIC,558.2336111111111,98.0,89.773
RIC,565.3002777777778,106.0,89.773
RIC,575.5225,115.0,89.773
RIC,583.9891666666667,127.0,89.773
RIC,598.0891666666668,141.0,89.773
RIC,606.491388888889,152.0,89.773
RIC,617.5580555555556,166.0,89.773
RIC,625.1136111111111,170.0,89.773
RIC,650.4469444444445,190.0,89.773
RIC,670.7469444444445,203.0,89.773
RIC,687.0025,209.0,89.773
RIC,711.3358333333334,219.0,89.773
RIC,723.7802777777779,224.0,89.773
RIC,744.491388888889,233.0,89.773
RIC,757.6580555555556,237.0,89.773
RIC,773.7247222222223,241.0,89.773
RIC,795.680277777778,247.0,89.773
RIC,818.080277777778,252.0,89.773
RIC,829.3691666666668,254.0,89.773
RIC,852.3025000000002,258.0,89.773
RIC,869.7750000000002,261.0,89.773
RIC,890.2305555555557,263.0,89.773
RIC,910.7638888888891,264.0,89.773
RIC,927.0305555555557,244.0,89.773
RIC,951.2305555555557,198.0,89.773
RIC,967.0527777777779,178.0,89.773
RIC,980.1972222222224,169.0,89.773
RIC,989.4194444444446,166.0,89.773
RIC,1007.5961111111113,164.0,89.773
RIC,1015.1516666666669,170.0,89.773
RIC,1024.9850000000001,177.0,89.773
RIC,1033.0294444444446,181.0,89.773
RIC,1045.8294444444446,192.0,89.773
RIC,1061.1516666666669,197.0,89.773
RIC,1083.8183333333336,204.0,89.773
RIC,1095.5405555555558,211.0,89.773
RIC,1107.4850000000001,215.0,89.773
RIC,1122.085,219.0,89.773
RIC,1136.8850000000002,222.0,89.773
RIC,1146.9294444444447,226.0,89.773
RIC,1172.8183333333334,233.0,89.773
RIC,1185.9294444444445,236.0,89.773
RIC,1204.673888888889,241.0,89.773
RIC,1218.285,245.0,89.773
RIC,1246.1738888888892,251.0,89.773
RIC,1260.2997222222225,253.0,89.773
RIC,1274.355277777778,253.0,89.773
RIC,1285.6886111111112,255.0,89.773
RIC,1302.7552777777778,256.0,89.773
RIC,1331.0886111111113,255.0,89.773
RIC,1342.4219444444443,255.0,89.773
RIC,1359.288611111111,253.0,89.773
RIC,1384.888611111111,256.0,89.773
RIC,1410.7886111111109,259.0,89.773
RIC,1439.1619444444443,256.0,89.773
RIC,1459.2286111111111,258.0,89.773
RIC,1473.4508333333333,256.0,89.773
RIC,1496.2063888888888,256.0,89.773
RIC,1513.4063888888886,258.0,89.773
RIC,1527.7397222222219,258.0,89.773
RIC,1549.8730555555553,249.0,89.773
RIC,1571.0286111111109,238.0,89.773
RIC,1591.4730555555554,230.0,89.773
RIC,1609.0508333333332,226.0,89.773
RIC,1626.7063888888888,227.0,89.773
RIC,1636.9730555555552,231.0,89.773
RIC,1663.4174999999998,238.0,89.773
RIC,1689.750833333333,237.0,89.773
RIC,1700.35,237.0,89.773
RIC,1713.6277777777777,239.0,89.773
RIC,1729.627777777778,240.0,89.773
RIC,1753.927777777778,243.0,89.773
RIC,1781.5944444444444,249.0,89.773
RIC,1792.7055555555555,250.0,89.773
RIC,1803.9055555555556,252.0,89.773
RIC,1823.8166666666668,256.0,89.773
RIC,1861.6611111111113,262.0,89.773
RIC,1891.3277777777778,267.0,89.773
RIC,1912.2527777777777,270.0,89.773
RIC,1930.3194444444446,271.0,89.773
RIC,1951.6305555555555,274.0,89.773
RIC,1985.486111111111,277.0,89.773
RIC,2004.086111111111,279.0,89.773
RIC,2019.6416666666669,280.0,89.773
RIC,2035.2527777777777,281.0,89.773
RIC,2050.9194444444447,282.0,89.773
RIC,2072.930555555556,283.0,89.773
RIC,2088.7083333333335,284.0,89.773
RIC,2117.308333333334,286.0,89.773
RIC,2146.0083333333337,287.0,89.773
RIC,2174.8083333333334,288.0,89.773
RIC,2200.5775,289.0,89.773
RIC,2229.2774999999997,287.0,89.773
RIC,2248.3441666666663,286.0,89.773
RIC,2261.055277777777,286.0,89.773
RIC,2281.744166666666,266.0,89.773
RIC,2295.3552777777772,245.0,89.773
RIC,2317.455277777777,221.0,89.773
RIC,2333.1663888888884,202.0,89.773
RIC,2341.833055555555,195.0,89.773
RIC,2361.1663888888884,174.0,89.773
RIC,2370.499722222222,168.0,89.773
RIC,2382.8997222222215,160.0,89.773
RIC,2399.7886111111106,152.0,89.773
RIC,2409.7886111111106,150.0,89.773
RIC,2418.3441666666663,154.0,89.773
RIC,2428.944166666666,159.0,89.773
RIC,2445.644166666666,167.0,89.773
RIC,2465.866388888888,182.0,89.773
RIC,2478.466388888888,189.0,89.773
RIC,2491.5997222222213,197.0,89.773
RIC,2500.4886111111105,200.0,89.773
RIC,2514.2886111111106,207.0,89.773
RIC,2526.010833333333,211.0,89.773
RIC,2553.021944444444,221.0,89.773
RIC,2565.5844444444438,225.0,89.773
RIC,2575.7622222222217,229.0,89.773
RIC,2596.7399999999993,236.0,89.773
RIC,2618.2511111111103,242.0,89.773
RIC,2637.539999999999,248.0,89.773
RIC,2654.339999999999,252.0,89.773
RIC,2677.184444444443,257.0,89.773
RIC,2691.628888888888,260.0,89.773
RIC,2706.1844444444437,262.0,89.773
RIC,2723.85111111111,265.0,89.773
RIC,2735.717777777777,267.0,89.773
RIC,2756.5622222222214,268.0,89.773
RIC,2783.5869444444434,271.0,89.773
RIC,2814.1424999999995,275.0,89.773
RIC,2829.4758333333325,276.0,89.773
RIC,2844.9202777777773,278.0,89.773
RIC,2857.2758333333327,278.0,89.773
RIC,2879.1313888888885,281.0,89.773
RIC,2894.7425,281.0,89.773
RIC,2907.2313888888884,281.0,89.773
RIC,2919.764722222222,282.0,89.773
RIC,2935.4313888888887,282.0,89.773
RIC,2954.231388888889,282.0,89.773
RIC,2966.364722222222,273.0,89.773
RIC,2980.809166666667,260.0,89.773
RIC,2993.309166666667,225.0,89.773
RIC,3009.564722222222,209.0,89.773
RIC,3018.275833333333,196.0,89.773
RIC,3032.638055555555,184.0,89.773
RIC,3048.4602777777773,178.0,89.773
RIC,3062.226944444444,177.0,89.773
RIC,3078.315833333333,181.0,89.773
RIC,3086.6269444444442,187.0,89.773
RIC,3097.404722222222,194.0,89.773
RIC,3122.5824999999995,206.0,89.773
RIC,3131.9602777777777,211.0,89.773
RIC,3143.904722222222,215.0,89.773
RIC,3153.5491666666667,217.0,89.773
RIC,3170.5825,219.0,89.773
RIC,3193.6825,231.0,89.773
RIC,3204.0380555555553,233.0,89.773
RIC,3222.4830555555554,238.0,89.773
RIC,3247.0830555555553,246.0,89.773
RIC,3266.449722222222,249.0,89.773
RIC,3300.7163888888886,257.0,89.773
RIC,3315.1608333333334,260.0,89.773
RIC,3347.6719444444443,266.0,89.773
RIC,3371.6719444444443,270.0,89.773
RIC,3383.7163888888886,271.0,89.773
RIC,3408.249722222222,276.0,89.773
RIC,3436.1497222222224,279.0,89.773
RIC,3464.528333333333,283.0,89.773
RIC,3486.7727777777777,286.0,89.773
RIC,3515.5727777777774,288.0,89.773
RIC,3541.2616666666663,289.0,89.773
RIC,3567.128333333333,291.0,89.773
RIC,3580.061666666666,291.0,89.773
RIC,3602.850555555555,293.0,89.773
RIC,3642.450555555555,297.0,89.773
RIC,3662.383888888888,299.0,89.773
RIC,3685.872777777777,302.0,89.773
RIC,3706.139444444444,304.0,89.773
RIC,3729.861666666666,305.0,89.773
RIC,3743.376666666666,306.0,89.773
RIC,3757.0211111111103,307.0,89.773
RIC,3787.9211111111103,309.0,89.773
RIC,3801.6988888888886,310.0,89.773
RIC,3832.8988888888885,312.0,89.773
RIC,3864.3988888888885,315.0,89.773
RIC,3885.4655555555555,316.0,89.773
RIC,3899.554444444444,317.0,89.773
RIC,3917.1655555555553,317.0,89.773
RIC,3938.298888888889,317.0,89.773
RIC,3963.0322222222217,318.0,89.773
RIC,4001.6544444444444,316.0,89.773
RIC,4022.8088888888888,316.0,89.773
RIC,4047.3088888888888,315.0,89.773
RIC,4061.3088888888883,315.0,89.773
RIC,4078.753333333333,314.0,89.773
RIC,4096.197777777777,314.0,89.773
RIC,4124.108888888889,314.0,89.773
RIC,4144.908888888889,312.0,89.773
RIC,4166.531111111111,278.0,89.773
RIC,4191.431111111111,249.0,89.773
RIC,4219.175555555556,227.0,89.773
RIC,4231.62,224.0,89.773
RIC,4244.064444444444,224.0,89.773
RIC,4256.62,226.0,89.773
RIC,4269.286666666667,228.0,89.773
RIC,4295.221666666667,234.0,89.773
RIC,4316.732777777778,242.0,89.773
RIC,4330.177222222223,242.0,89.773
RIC,4343.732777777778,244.0,89.773
RIC,4368.532777777778,248.0,89.773
RIC,4399.699444444444,255.0,89.773
RIC,4422.632777777777,258.0,89.773
RIC,4439.966111111111,260.0,89.773
RIC,4460.499444444445,264.0,89.773
RIC,4472.232777777777,264.0,89.773
RIC,4489.96611111111,266.0,89.773
RIC,4504.985277777777,269.0,89.773
RIC,4535.207499999999,272.0,89.773
RIC,4556.596388888887,275.0,89.773
RIC,4571.985277777776,277.0,89.773
RIC,4603.207499999999,281.0,89.773
RIC,4618.929722222221,283.0,89.773
RIC,4647.529722222222,286.0,89.773
RIC,4686.196388888888,290.0,89.773
RIC,4715.596388888887,294.0,89.773
RIC,4728.796388888888,297.0,89.773
RIC,4741.996388888888,297.0,89.773
RIC,4758.607499999999,299.0,89.773
RIC,4775.329722222221,301.0,89.773
RIC,4809.0230555555545,304.0,89.773
RIC,4822.578611111111,305.0,89.773
RIC,4839.57861111111,306.0,89.773
RIC,4860.111944444444,308.0,89.773
RIC,4877.3341666666665,310.0,89.773
RIC,4905.067499999999,312.0,89.773
RIC,4932.978611111111,314.0,89.773
RIC,4957.47861111111,315.0,89.773
RIC,4982.134166666666,317.0,89.773
RIC,5006.867499999999,318.0,89.773
RIC,5031.600833333333,318.0,89.773
RIC,5049.411666666667,319.0,89.773
RIC,5081.3116666666665,319.0,89.773
RIC,5116.867222222221,320.0,89.773
RIC,5138.200555555555,320.0,89.773
RIC,5173.75611111111,320.0,89.773
RIC,5187.978333333332,320.0,89.773
RIC,5205.75611111111,320.0,89.773
RIC,5223.589444444444,321.0,89.773
RIC,5248.478333333333,320.0,89.773
RIC,5269.878333333332,321.0,89.773
RIC,5298.411666666666,321.0,89.773
RIC,5312.633888888888,320.0,89.773
RIC,5333.967222222221,320.0,89.773
RIC,5358.15611111111,311.0,89.773
RIC,5371.14111111111,294.0,89.773
RIC,5385.696666666666,262.0,89.773
RIC,5398.7522222222215,235.0,89.773
RIC,5414.385555555554,201.0,89.773
RIC,5422.652222222221,186.0,89.773
RIC,5435.952222222221,171.0,89.773
RIC,5442.9299999999985,157.0,89.773
RIC,5449.641111111109,151.0,89.773
RIC,5460.685555555554,142.0,89.773
RIC,5473.385555555554,127.0,89.773
RIC,5482.718888888887,120.0,89.773
RIC,5506.183055555553,111.0,89.773
RIC,5511.116388888887,111.0,89.773
RIC,5527.24972222222,121.0,89.773
RIC,5532.716388888886,123.0,89.773
RIC,5546.716388888887,140.0,89.773
RIC,5558.616388888887,153.0,89.773
RIC,5577.505277777776,170.0,89.773
RIC,5591.660833333332,182.0,89.773
RIC,5604.3274999999985,190.0,89.773
RIC,5622.016388888887,199.0,89.773
RIC,5648.1719444444425,214.0,89.773
RIC,5660.3386111111095,219.0,89.773
RIC,5685.60861111111,228.0,89.773
RIC,5703.730833333332,233.0,89.773
RIC,5716.897499999998,237.0,89.773
RIC,5735.71972222222,242.0,89.773
RIC,5752.253055555554,248.0,89.773
RIC,5783.41972222222,255.0,89.773
RIC,5803.641944444443,260.0,89.773
RIC,5833.086388888886,265.0,89.773
RIC,5847.975277777775,268.0,89.773
RIC,5862.975277777775,270.0,89.773
RIC,5884.362499999997,274.0,89.773
RIC,5908.984722222219,277.0,89.773
RIC,5927.584722222218,279.0,89.773
RIC,5946.251388888885,280.0,89.773
RIC,5971.318055555551,282.0,89.773
RIC,5983.8958333333285,283.0,89.773
RIC,6012.49583333333,286.0,89.773
RIC,6025.251388888885,287.0,89.773
RIC,6060.451388888885,288.0,89.773
RIC,6086.140277777773,289.0,89.773
ZHO,15.065833333333334,303.0,89.819
ZHO,28.532500000000006,303.0,89.819
ZHO,55.64361111111111,305.0,89.819
ZHO,89.75472222222221,307.0,89.819
ZHO,113.78805555555554,309.0,89.819
ZHO,144.88805555555555,311.0,89.819
ZHO,176.18805555555556,313.0,89.819
ZHO,197.18805555555554,315.0,89.819
ZHO,232.27555555555557,315.0,89.819
ZHO,253.4088888888889,317.0,89.819
ZHO,281.67555555555555,318.0,89.819
ZHO,295.8088888888889,318.0,89.819
ZHO,309.9422222222222,318.0,89.819
ZHO,331.1422222222222,318.0,89.819
ZHO,359.40888888888884,318.0,89.819
ZHO,379.7422222222222,305.0,89.819
ZHO,405.14222222222224,254.0,89.819
ZHO,417.57972222222224,225.0,89.819
ZHO,429.9797222222223,186.0,89.819
ZHO,437.84638888888895,177.0,89.819
ZHO,456.6463888888889,141.0,89.819
ZHO,469.4463888888889,128.0,89.819
ZHO,479.0130555555556,123.0,89.819
ZHO,491.9019444444445,116.0,89.819
ZHO,498.2352777777778,114.0,89.819
ZHO,508.1019444444445,111.0,89.819
ZHO,513.9908333333334,106.0,89.819
ZHO,520.9241666666668,104.0,89.819
ZHO,529.4575000000001,96.0,89.819
ZHO,537.5463888888889,91.0,89.819
ZHO,541.5463888888889,90.0,89.819
ZHO,549.7241666666667,92.0,89.819
ZHO,556.2847222222223,98.0,89.819
ZHO,564.3736111111112,104.0,89.819
ZHO,573.0847222222224,112.0,89.819
ZHO,581.351388888889,124.0,89.819
ZHO,599.0736111111112,145.0,89.819
ZHO,613.2958333333335,160.0,89.819
ZHO,626.8291666666668,174.0,89.819
ZHO,636.940277777778,182.0,89.819
ZHO,658.6636111111112,196.0,89.819
ZHO,667.6858333333334,203.0,89.819
ZHO,679.2969444444445,209.0,89.819
ZHO,688.6747222222223,211.0,89.819
ZHO,703.2747222222223,219.0,89.819
ZHO,720.5413888888891,222.0,89.819
ZHO,746.541388888889,234.0,89.819
ZHO,759.6525000000001,236.0,89.819
ZHO,773.0969444444445,242.0,89.819
ZHO,789.4969444444445,246.0,89.819
ZHO,806.1636111111111,250.0,89.819
ZHO,817.4525,254.0,89.819
ZHO,846.1191666666667,258.0,89.819
ZHO,860.6747222222223,262.0,89.819
ZHO,881.2080555555556,264.0,89.819
ZHO,895.8747222222223,264.0,89.819
ZHO,924.8747222222223,261.0,89.819
ZHO,937.9955555555556,235.0,89.819
ZHO,949.6066666666668,209.0,89.819
ZHO,958.3622222222224,197.0,89.819
ZHO,970.1622222222223,177.0,89.819
ZHO,988.0511111111114,161.0,89.819
ZHO,995.0733333333336,158.0,89.819
ZHO,1005.4066666666669,155.0,89.819
ZHO,1021.3066666666668,159.0,89.819
ZHO,1039.006666666667,177.0,89.819
ZHO,1060.0650000000003,190.0,89.819
ZHO,1075.4650000000004,198.0,89.819
ZHO,1086.6872222222225,202.0,89.819
ZHO,1105.0872222222226,207.0,89.819
ZHO,1119.1538888888892,211.0,89.819
ZHO,1131.2650000000006,218.0,89.819
ZHO,1151.0872222222229,223.0,89.819
ZHO,1171.3538888888893,228.0,89.819
ZHO,1192.3316666666672,236.0,89.819
ZHO,1211.0761111111117,241.0,89.819
ZHO,1230.2094444444451,246.0,89.819
ZHO,1241.2316666666673,248.0,89.819
ZHO,1269.2316666666673,252.0,89.819
ZHO,1297.6761111111116,256.0,89.819
ZHO,1309.1250000000007,256.0,89.819
ZHO,1323.458333333334,258.0,89.819
ZHO,1340.658333333334,258.0,89.819
ZHO,1366.158333333334,255.0,89.819
ZHO,1394.269444444445,253.0,89.819
ZHO,1405.4694444444451,252.0,89.819
ZHO,1416.5805555555562,250.0,89.819
ZHO,1435.7138888888896,246.0,89.819
ZHO,1470.958333333334,244.0,89.819
ZHO,1498.4027777777783,247.0,89.819
ZHO,1517.7777777777783,250.0,89.819
ZHO,1534.1111111111118,245.0,89.819
ZHO,1552.3888888888896,235.0,89.819
ZHO,1579.644444444445,223.0,89.819
ZHO,1594.4444444444453,222.0,89.819
ZHO,1606.7777777777785,222.0,89.819
ZHO,1619.333333333334,226.0,89.819
ZHO,1632.055555555556,229.0,89.819
ZHO,1650.1777777777784,233.0,89.819
ZHO,1663.4555555555562,239.0,89.819
ZHO,1687.4555555555562,240.0,89.819
ZHO,1711.4555555555562,240.0,89.819
ZHO,1735.7555555555564,243.0,89.819
ZHO,1757.779722222223,247.0,89.819
ZHO,1783.079722222223,253.0,89.819
ZHO,1800.0797222222232,255.0,89.819
ZHO,1811.5019444444454,257.0,89.819
ZHO,1831.8797222222229,262.0,89.819
ZHO,1846.6019444444453,265.0,89.819
ZHO,1873.4019444444452,268.0,89.819
ZHO,1894.4797222222228,271.0,89.819
ZHO,1906.6130555555562,273.0,89.819
ZHO,1937.279722222223,276.0,89.819
ZHO,1952.6686111111119,277.0,89.819
ZHO,1974.368611111112,280.0,89.819
ZHO,2005.8130555555565,283.0,89.819
ZHO,2024.6797222222228,283.0,89.819
ZHO,2040.5130555555563,285.0,89.819
ZHO,2059.579722222223,286.0,89.819
ZHO,2088.379722222223,288.0,89.819
ZHO,2120.601944444445,290.0,89.819
ZHO,2140.001944444445,291.0,89.819
ZHO,2159.401944444445,291.0,89.819
ZHO,2172.379722222223,292.0,89.819
ZHO,2191.913055555556,293.0,89.819
ZHO,2208.1908333333336,293.0,89.819
ZHO,2243.879722222223,292.0,89.819
ZHO,2260.183055555556,292.0,89.819
ZHO,2272.894166666667,286.0,89.819
ZHO,2294.8497222222227,247.0,89.819
ZHO,2314.7608333333337,224.0,89.819
ZHO,2330.083055555556,197.0,89.819
ZHO,2342.549722222222,187.0,89.819
ZHO,2357.749722222222,171.0,89.819
ZHO,2366.8052777777775,163.0,89.819
ZHO,2375.5830555555553,158.0,89.819
ZHO,2385.983055555555,156.0,89.819
ZHO,2392.649722222222,150.0,89.819
ZHO,2404.238611111111,149.0,89.819
ZHO,2419.296666666666,151.0,89.819
ZHO,2436.4077777777775,154.0,89.819
ZHO,2445.2411111111105,159.0,89.819
ZHO,2454.4077777777775,165.0,89.819
ZHO,2462.0077777777774,171.0,89.819
ZHO,2475.93,179.0,89.819
ZHO,2486.152222222222,184.0,89.819
ZHO,2494.6855555555553,192.0,89.819
ZHO,2503.5299999999997,199.0,89.819
ZHO,2514.863333333333,204.0,89.819
ZHO,2528.663333333333,207.0,89.819
ZHO,2538.2188888888886,215.0,89.819
ZHO,2550.441111111111,220.0,89.819
ZHO,2562.8855555555556,224.0,89.819
ZHO,2580.6966666666667,229.0,89.819
ZHO,2591.052222222222,233.0,89.819
ZHO,2609.785555555555,240.0,89.819
ZHO,2631.741111111111,247.0,89.819
ZHO,2651.341111111111,252.0,89.819
ZHO,2674.0966666666664,256.0,89.819
ZHO,2685.6522222222216,260.0,89.819
ZHO,2700.1522222222216,261.0,89.819
ZHO,2732.7855555555548,267.0,89.819
ZHO,2744.7411111111105,269.0,89.819
ZHO,2759.8522222222214,272.0,89.819
ZHO,2771.985555555555,273.0,89.819
ZHO,2793.5299999999997,277.0,89.819
ZHO,2821.5299999999997,280.0,89.819
ZHO,2833.9299999999994,279.0,89.819
ZHO,2855.785,282.0,89.819
ZHO,2884.185,284.0,89.819
ZHO,2906.585,288.0,89.819
ZHO,2944.9849999999997,288.0,89.819
ZHO,2960.9849999999997,288.0,89.819
ZHO,2988.607222222222,226.0,89.819
ZHO,3006.3849999999998,200.0,89.819
ZHO,3015.007222222222,194.0,89.819
ZHO,3031.185,182.0,89.819
ZHO,3048.985,178.0,89.819
ZHO,3067.436111111111,184.0,89.819
ZHO,3082.447222222222,193.0,89.819
ZHO,3102.7472222222223,203.0,89.819
ZHO,3121.413888888889,210.0,89.819
ZHO,3140.7027777777776,217.0,89.819
ZHO,3150.3916666666664,218.0,89.819
ZHO,3167.736111111111,223.0,89.819
ZHO,3199.0694444444443,235.0,89.819
ZHO,3214.869444444444,237.0,89.819
ZHO,3233.769444444444,243.0,89.819
ZHO,3250.236111111111,247.0,89.819
ZHO,3269.913888888889,253.0,89.819
ZHO,3281.1763888888886,255.0,89.819
ZHO,3292.5986111111106,257.0,89.819
ZHO,3318.7986111111104,262.0,89.819
ZHO,3330.620833333333,266.0,89.819
ZHO,3357.720833333333,271.0,89.819
ZHO,3385.120833333333,274.0,89.819
ZHO,3403.520833333333,276.0,89.819
ZHO,3415.9652777777774,280.0,89.819
ZHO,3431.520833333333,280.0,89.819
ZHO,3450.4541666666664,284.0,89.819
ZHO,3472.6208333333325,285.0,89.819
ZHO,3507.943055555555,289.0,89.819
ZHO,3527.4238888888885,291.0,89.819
ZHO,3550.1349999999998,292.0,89.819
ZHO,3563.1127777777774,292.0,89.819
ZHO,3579.3905555555552,293.0,89.819
ZHO,3595.779444444444,295.0,89.819
ZHO,3622.090555555555,296.0,89.819
ZHO,3642.090555555555,300.0,89.819
ZHO,3665.4238888888885,300.0,89.819
ZHO,3695.8238888888886,304.0,89.819
ZHO,3733.468333333333,308.0,89.819
ZHO,3750.6349999999998,309.0,89.819
ZHO,3767.8016666666663,309.0,89.819
ZHO,3784.9683333333332,309.0,89.819
ZHO,3802.3016666666667,312.0,89.819
ZHO,3837.2141666666666,315.0,89.819
ZHO,3865.303055555555,316.0,89.819
ZHO,3882.9141666666665,317.0,89.819
ZHO,3900.525277777778,317.0,89.819
ZHO,3932.425277777778,319.0,89.819
ZHO,3971.658611111111,321.0,89.819
ZHO,4000.2808333333332,322.0,89.819
ZHO,4021.6808333333333,321.0,89.819
ZHO,4046.8030555555556,323.0,89.819
ZHO,4061.2030555555552,324.0,89.819
ZHO,4082.8030555555556,324.0,89.819
ZHO,4100.837222222222,323.0,89.819
ZHO,4136.503888888889,321.0,89.819
ZHO,4160.692777777778,311.0,89.819
ZHO,4175.637222222223,269.0,89.819
ZHO,4202.081666666668,238.0,89.819
ZHO,4214.359444444445,221.0,89.819
ZHO,4235.359444444445,210.0,89.819
ZHO,4263.226111111112,209.0,89.819
ZHO,4285.226111111112,220.0,89.819
ZHO,4295.181666666667,224.0,89.819
ZHO,4305.270555555556,227.0,89.819
ZHO,4318.10388888889,231.0,89.819
ZHO,4331.215000000001,236.0,89.819
ZHO,4358.147500000001,243.0,89.819
ZHO,4368.991944444445,244.0,89.819
ZHO,4382.769722222223,248.0,89.819
ZHO,4399.436388888889,250.0,89.819
ZHO,4413.436388888889,252.0,89.819
ZHO,4436.458611111112,259.0,89.819
ZHO,4459.7475,262.0,89.819
ZHO,4480.203055555556,263.0,89.819
ZHO,4500.969722222222,267.0,89.819
ZHO,4522.125277777778,272.0,89.819
ZHO,4543.436388888889,274.0,89.819
ZHO,4558.846388888889,276.0,89.819
ZHO,4586.746388888889,279.0,89.819
ZHO,4618.190833333334,283.0,89.819
ZHO,4637.1241666666665,284.0,89.819
ZHO,4669.013055555556,287.0,89.819
ZHO,4681.8575,289.0,89.819
ZHO,4698.079722222223,292.0,89.819
ZHO,4714.413055555557,294.0,89.819
ZHO,4737.4352777777785,296.0,89.819
ZHO,4757.4352777777785,300.0,89.819
ZHO,4784.2797222222225,302.0,89.819
ZHO,4797.701944444446,302.0,89.819
ZHO,4818.1019444444455,306.0,89.819
ZHO,4841.979722222223,307.0,89.819
ZHO,4855.583055555556,308.0,89.819
ZHO,4872.749722222223,309.0,89.819
ZHO,4889.91638888889,309.0,89.819
ZHO,4914.260833333335,313.0,89.819
ZHO,4928.21638888889,314.0,89.819
ZHO,4952.638611111112,314.0,89.819
ZHO,4966.683055555556,316.0,89.819
ZHO,4980.771944444446,317.0,89.819
ZHO,5005.505277777779,318.0,89.819
ZHO,5037.405277777779,319.0,89.819
ZHO,5062.371944444446,321.0,89.819
ZHO,5130.650555555557,323.0,89.819
ZHO,5145.0505555555565,324.0,89.819
ZHO,5188.517222222224,326.0,89.819
ZHO,5203.006111111112,326.0,89.819
ZHO,5235.706111111112,327.0,89.819
ZHO,5261.061666666667,326.0,89.819
ZHO,5297.506111111113,328.0,89.819
ZHO,5322.8616666666685,326.0,89.819
ZHO,5344.595000000001,326.0,89.819
ZHO,5372.772777777778,317.0,89.819
ZHO,5401.3727777777785,234.0,89.819
ZHO,5412.983888888889,209.0,89.819
ZHO,5432.158055555556,173.0,89.819
ZHO,5444.446944444445,158.0,89.819
ZHO,5452.891388888889,152.0,89.819
ZHO,5463.235833333334,133.0,89.819
ZHO,5471.369166666667,122.0,89.819
ZHO,5486.1580555555565,121.0,89.819
ZHO,5495.024722222223,114.0,89.819
ZHO,5507.135833333335,109.0,89.819
ZHO,5513.302500000002,111.0,89.819
ZHO,5519.69138888889,115.0,89.819
ZHO,5529.370277777779,124.0,89.819
ZHO,5541.459166666668,136.0,89.819
ZHO,5551.125833333334,145.0,89.819
ZHO,5561.525833333334,156.0,89.819
ZHO,5576.992500000001,174.0,89.819
ZHO,5584.903611111112,178.0,89.819
ZHO,5604.303611111111,194.0,89.819
ZHO,5613.236944444445,201.0,89.819
ZHO,5639.148055555555,212.0,89.819
ZHO,5658.881388888889,222.0,89.819
ZHO,5679.236944444444,229.0,89.819
ZHO,5702.836944444444,236.0,89.819
ZHO,5732.713333333334,245.0,89.819
ZHO,5743.824444444445,250.0,89.819
ZHO,5760.75777777778,254.0,89.819
ZHO,5772.180000000001,257.0,89.819
ZHO,5792.6355555555565,263.0,89.819
ZHO,5807.46888888889,267.0,89.819
ZHO,5822.4688888888895,270.0,89.819
ZHO,5840.66888888889,273.0,89.819
ZHO,5862.135555555557,276.0,89.819
ZHO,5877.6355555555565,279.0,89.819
ZHO,5896.502222222224,283.0,89.819
ZHO,5928.391111111112,287.0,89.819
ZHO,5944.5827777777795,290.0,89.819
ZHO,5964.049444444446,292.0,89.819
ZHO,5996.827222222224,295.0,89.819
ZHO,6013.271666666668,296.0,89.819
ZHO,6036.371666666669,297.0,89.819
ZHO,6056.238333333335,298.0,89.819
ZHO,6069.482777777779,298.0,89.819
ZHO,6086.09388888889,299.0,89.819
MSC,0.16777777777777778,302.0,89.92
MSC,13.634444444444446,303.0,89.92
MSC,37.35666666666667,305.0,89.92
MSC,50.91222222222222,305.0,89.92
MSC,71.37888888888888,307.0,89.92
MSC,112.57888888888888,309.0,89.92
MSC,133.3122222222222,311.0,89.92
MSC,157.57888888888888,312.0,89.92
MSC,174.96777777777774,313.0,89.92
MSC,202.88027777777776,315.0,89.92
MSC,223.81361111111107,314.0,89.92
MSC,262.68027777777775,318.0,89.92
MSC,280.2913888888889,317.0,89.92
MSC,308.55805555555554,318.0,89.92
MSC,329.6913888888889,317.0,89.92
MSC,343.78027777777777,317.0,89.92
MSC,361.3358333333333,316.0,89.92
MSC,389.15805555555556,313.0,89.92
MSC,408.35805555555555,288.0,89.92
MSC,423.4691666666667,272.0,89.92
MSC,437.3358333333333,208.0,89.92
MSC,455.55805555555554,164.0,89.92
MSC,463.94694444444445,151.0,89.92
MSC,478.6136111111111,132.0,89.92
MSC,485.7247222222222,128.0,89.92
MSC,491.4491666666667,128.0,89.92
MSC,496.7825,120.0,89.92
MSC,506.91583333333335,114.0,89.92
MSC,536.6380555555556,107.0,89.92
MSC,547.5269444444444,98.0,89.92
MSC,552.8047222222223,95.0,89.92
MSC,564.1455555555556,93.0,89.92
MSC,573.0344444444445,100.0,89.92
MSC,578.9233333333334,106.0,89.92
MSC,583.7677777777778,109.0,89.92
MSC,590.2122222222223,116.0,89.92
MSC,598.8788888888889,130.0,89.92
MSC,613.578888888889,147.0,89.92
MSC,620.6011111111111,158.0,89.92
MSC,631.7344444444444,167.0,89.92
MSC,641.5122222222222,176.0,89.92
MSC,662.7344444444445,191.0,89.92
MSC,678.0566666666667,197.0,89.92
MSC,694.078888888889,206.0,89.92
MSC,703.6344444444445,215.0,89.92
MSC,718.3011111111111,220.0,89.92
MSC,738.0344444444445,222.0,89.92
MSC,764.3222222222223,236.0,89.92
MSC,794.2666666666668,245.0,89.92
MSC,813.5555555555558,248.0,89.92
MSC,827.5555555555558,252.0,89.92
MSC,844.6888888888891,257.0,89.92
MSC,867.8000000000002,260.0,89.92
MSC,894.1000000000001,263.0,89.92
MSC,908.877777777778,266.0,89.92
MSC,923.6000000000001,265.0,89.92
MSC,934.8625000000002,255.0,89.92
MSC,954.2402777777779,218.0,89.92
MSC,965.1291666666667,196.0,89.92
MSC,984.9069444444445,178.0,89.92
MSC,999.8402777777779,168.0,89.92
MSC,1009.1736111111112,168.0,89.92
MSC,1018.6180555555557,170.0,89.92
MSC,1028.2291666666667,173.0,89.92
MSC,1038.2847222222222,181.0,89.92
MSC,1052.7513888888889,186.0,89.92
MSC,1063.3625,191.0,89.92
MSC,1080.5180555555555,193.0,89.92
MSC,1091.4624999999999,197.0,89.92
MSC,1102.5736111111112,200.0,89.92
MSC,1116.1069444444445,203.0,89.92
MSC,1127.4958333333334,205.0,89.92
MSC,1154.0783333333336,217.0,89.92
MSC,1178.9672222222225,224.0,89.92
MSC,1191.5783333333336,227.0,89.92
MSC,1212.5561111111115,236.0,89.92
MSC,1228.3561111111117,237.0,89.92
MSC,1255.689444444445,246.0,89.92
MSC,1280.4894444444449,248.0,89.92
MSC,1297.1561111111116,250.0,89.92
MSC,1313.8894444444447,251.0,89.92
MSC,1333.4969444444448,253.0,89.92
MSC,1361.830277777778,255.0,89.92
MSC,1373.2080555555558,256.0,89.92
MSC,1384.5858333333335,256.0,89.92
MSC,1404.6525000000004,258.0,89.92
MSC,1421.6525000000004,255.0,89.92
MSC,1438.3191666666671,250.0,89.92
MSC,1449.208055555556,245.0,89.92
MSC,1476.0969444444447,242.0,89.92
MSC,1489.6525000000001,244.0,89.92
MSC,1508.7858333333336,246.0,89.92
MSC,1527.9969444444448,247.0,89.92
MSC,1541.719166666667,247.0,89.92
MSC,1555.108055555556,241.0,89.92
MSC,1576.1747222222225,237.0,89.92
MSC,1602.0169444444448,232.0,89.92
MSC,1619.828055555556,229.0,89.92
MSC,1632.6613888888892,231.0,89.92
MSC,1656.3613888888892,237.0,89.92
MSC,1669.7502777777781,241.0,89.92
MSC,1680.5058333333336,242.0,89.92
MSC,1702.1058333333335,243.0,89.92
MSC,1718.3725000000004,244.0,89.92
MSC,1729.1725000000004,243.0,89.92
MSC,1750.9502777777782,245.0,89.92
MSC,1775.7811111111114,249.0,89.92
MSC,1786.8033333333335,248.0,89.92
MSC,1798.0922222222225,254.0,89.92
MSC,1820.936666666667,257.0,89.92
MSC,1844.225555555556,262.0,89.92
MSC,1858.8922222222225,264.0,89.92
MSC,1879.6588888888891,267.0,89.92
MSC,1897.658888888889,270.0,89.92
MSC,1924.9588888888889,273.0,89.92
MSC,1940.236666666667,275.0,89.92
MSC,1958.7033333333334,277.0,89.92
MSC,1974.2033333333334,279.0,89.92
MSC,1989.7033333333334,279.0,89.92
MSC,2008.4366666666665,281.0,89.92
MSC,2020.9255555555558,281.0,89.92
MSC,2042.936666666667,283.0,89.92
MSC,2123.2947222222224,289.0,89.92
MSC,2152.3947222222223,291.0,89.92
MSC,2178.1725,290.0,89.92
MSC,2207.2725,291.0,89.92
MSC,2220.250277777778,292.0,89.92
MSC,2242.805833333334,290.0,89.92
MSC,2255.7391666666667,291.0,89.92
MSC,2278.139166666667,288.0,89.92
MSC,2293.451111111111,277.0,89.92
MSC,2320.462222222222,221.0,89.92
MSC,2343.9288888888887,192.0,89.92
MSC,2359.5733333333333,176.0,89.92
MSC,2369.0177777777776,170.0,89.92
MSC,2378.128888888889,164.0,89.92
MSC,2385.24,160.0,89.92
MSC,2397.14,153.0,89.92
MSC,2417.806666666667,155.0,89.92
MSC,2424.7400000000002,156.0,89.92
MSC,2435.34,159.0,89.92
MSC,2448.017777777778,163.0,89.92
MSC,2459.0844444444447,166.0,89.92
MSC,2470.6658333333335,173.0,89.92
MSC,2484.6658333333335,180.0,89.92
MSC,2503.6658333333335,190.0,89.92
MSC,2528.8436111111114,206.0,89.92
MSC,2542.7769444444443,209.0,89.92
MSC,2567.4436111111113,222.0,89.92
MSC,2579.9991666666665,226.0,89.92
MSC,2590.221388888889,230.0,89.92
MSC,2611.2880555555557,237.0,89.92
MSC,2632.9769444444446,244.0,89.92
MSC,2649.576944444444,249.0,89.92
MSC,2660.618611111111,250.0,89.92
MSC,2674.729722222222,254.0,89.92
MSC,2691.929722222222,258.0,89.92
MSC,2709.2630555555556,260.0,89.92
MSC,2732.7297222222223,264.0,89.92
MSC,2753.5741666666663,268.0,89.92
MSC,2768.518611111111,269.0,89.92
MSC,2786.5852777777777,271.0,89.92
MSC,2801.7519444444442,273.0,89.92
MSC,2826.3741666666665,277.0,89.92
MSC,2847.9963888888888,278.0,89.92
MSC,2875.9963888888888,280.0,89.92
MSC,2891.6630555555557,282.0,89.92
MSC,2907.440833333333,284.0,89.92
MSC,2936.120277777778,286.0,89.92
MSC,2951.8980555555554,284.0,89.92
MSC,2964.431388888889,282.0,89.92
MSC,2984.575833333334,259.0,89.92
MSC,2997.5758333333333,234.0,89.92
MSC,3022.1425000000004,201.0,89.92
MSC,3043.031388888889,188.0,89.92
MSC,3057.2647222222226,183.0,89.92
MSC,3073.1758333333337,179.0,89.92
MSC,3087.720277777778,187.0,89.92
MSC,3100.8536111111116,197.0,89.92
MSC,3119.196111111112,207.0,89.92
MSC,3135.685000000001,212.0,89.92
MSC,3159.5738888888895,215.0,89.92
MSC,3176.5294444444453,218.0,89.92
MSC,3186.4850000000006,224.0,89.92
MSC,3196.6627777777785,229.0,89.92
MSC,3209.4961111111115,231.0,89.92
MSC,3219.8516666666674,233.0,89.92
MSC,3233.073888888889,238.0,89.92
MSC,3257.773888888889,247.0,89.92
MSC,3274.440555555556,250.0,89.92
MSC,3294.2738888888894,255.0,89.92
MSC,3314.4961111111115,260.0,89.92
MSC,3344.125555555556,266.0,89.92
MSC,3355.9477777777784,266.0,89.92
MSC,3376.870000000001,269.0,89.92
MSC,3413.6700000000005,276.0,89.92
MSC,3429.003333333334,276.0,89.92
MSC,3441.4922222222226,281.0,89.92
MSC,3473.0477777777783,284.0,89.92
MSC,3492.114444444445,286.0,89.92
MSC,3521.014444444445,289.0,89.92
MSC,3537.181111111112,291.0,89.92
MSC,3550.114444444445,291.0,89.92
MSC,3569.5811111111116,292.0,89.92
MSC,3595.7213888888896,295.0,89.92
MSC,3615.3880555555556,295.0,89.92
MSC,3648.4991666666674,298.0,89.92
MSC,3682.054722222223,302.0,89.92
MSC,3698.888055555556,303.0,89.92
MSC,3736.410277777779,307.0,89.92
MSC,3750.054722222223,307.0,89.92
MSC,3787.9436111111117,310.0,89.92
MSC,3801.72138888889,310.0,89.92
MSC,3815.543611111112,311.0,89.92
MSC,3836.3436111111123,312.0,89.92
MSC,3860.8436111111123,315.0,89.92
MSC,3874.975833333335,316.0,89.92
MSC,3889.020277777779,316.0,89.92
MSC,3917.286944444446,318.0,89.92
MSC,3938.6202777777794,320.0,89.92
MSC,3967.0647222222237,320.0,89.92
MSC,4013.720277777779,323.0,89.92
MSC,4042.43138888889,323.0,89.92
MSC,4078.3202777777797,323.0,89.92
MSC,4106.942500000002,322.0,89.92
MSC,4128.409166666668,322.0,89.92
MSC,4156.409166666668,315.0,89.92
MSC,4174.86527777778,278.0,89.92
MSC,4188.920833333335,253.0,89.92
MSC,4199.631944444447,241.0,89.92
MSC,4219.987500000003,229.0,89.92
MSC,4234.387500000003,216.0,89.92
MSC,4250.5652777777805,208.0,89.92
MSC,4266.743055555558,208.0,89.92
MSC,4278.520833333336,212.0,89.92
MSC,4290.298611111114,212.0,89.92
MSC,4307.487500000003,221.0,89.92
MSC,4320.098611111114,227.0,89.92
MSC,4346.098611111113,234.0,89.92
MSC,4359.26527777778,237.0,89.92
MSC,4372.665277777781,240.0,89.92
MSC,4397.265277777781,246.0,89.92
MSC,4408.243055555558,247.0,89.92
MSC,4422.131944444447,250.0,89.92
MSC,4441.887500000003,254.0,89.92
MSC,4456.165277777781,257.0,89.92
MSC,4467.7208333333365,260.0,89.92
MSC,4490.920833333336,261.0,89.92
MSC,4502.654166666669,264.0,89.92
MSC,4520.387500000003,266.0,89.92
MSC,4541.46527777778,271.0,89.92
MSC,4574.954166666669,274.0,89.92
MSC,4590.343055555558,277.0,89.92
MSC,4615.2319444444465,280.0,89.92
MSC,4630.765000000002,281.0,89.92
MSC,4656.009444444448,284.0,89.92
MSC,4688.009444444447,288.0,89.92
MSC,4707.409444444447,291.0,89.92
MSC,4740.076111111113,294.0,89.92
MSC,4759.809444444448,296.0,89.92
MSC,4782.987222222226,298.0,89.92
MSC,4799.653888888892,300.0,89.92
MSC,4826.587222222226,303.0,89.92
MSC,4846.920555555559,305.0,89.92
MSC,4860.476111111116,305.0,89.92
MSC,4888.028611111115,309.0,89.92
MSC,4901.761944444448,309.0,89.92
MSC,4936.428611111115,312.0,89.92
MSC,4957.295277777781,313.0,89.92
MSC,4978.295277777781,315.0,89.92
MSC,5006.561944444448,318.0,89.92
MSC,5045.550833333337,319.0,89.92
MSC,5081.217500000003,321.0,89.92
MSC,5106.1841666666705,321.0,89.92
MSC,5131.228611111115,322.0,89.92
MSC,5145.628611111116,324.0,89.92
MSC,5159.984166666671,323.0,89.92
MSC,5192.584166666671,326.0,89.92
MSC,5210.549444444448,325.0,89.92
MSC,5228.716111111115,327.0,89.92
MSC,5250.516111111115,327.0,89.92
MSC,5290.482777777781,327.0,89.92
MSC,5305.016111111116,327.0,89.92
MSC,5337.616111111116,326.0,89.92
MSC,5352.016111111116,324.0,89.92
MSC,5378.682777777782,300.0,89.92
MSC,5403.8827777777815,252.0,89.92
MSC,5416.216111111115,222.0,89.92
MSC,5428.749444444449,188.0,89.92
MSC,5436.7050000000045,179.0,89.92
MSC,5447.148333333338,156.0,89.92
MSC,5453.859444444449,151.0,89.92
MSC,5466.037222222227,137.0,89.92
MSC,5473.259444444449,130.0,89.92
MSC,5484.370555555561,125.0,89.92
MSC,5493.703888888894,120.0,89.92
MSC,5501.5705555555605,118.0,89.92
MSC,5511.792777777783,115.0,89.92
MSC,5516.85944444445,114.0,89.92
MSC,5526.037222222228,118.0,89.92
MSC,5532.926111111116,124.0,89.92
MSC,5539.815000000005,124.0,89.92
MSC,5548.681666666672,133.0,89.92
MSC,5554.948333333338,141.0,89.92
MSC,5566.459444444449,148.0,89.92
MSC,5573.393611111115,157.0,89.92
MSC,5584.460277777783,166.0,89.92
MSC,5598.460277777783,180.0,89.92
MSC,5608.849166666671,187.0,89.92
MSC,5617.471388888895,194.0,89.92
MSC,5626.093611111117,194.0,89.92
MSC,5635.160277777783,204.0,89.92
MSC,5649.226944444451,211.0,89.92
MSC,5661.22694444445,216.0,89.92
MSC,5681.404722222228,227.0,89.92
MSC,5707.62694444445,236.0,89.92
MSC,5729.22694444445,243.0,89.92
MSC,5745.561388888895,244.0,89.92
MSC,5762.428055555561,253.0,89.92
MSC,5779.561388888895,257.0,89.92
MSC,5802.939166666672,263.0,89.92
MSC,5826.7613888888945,268.0,89.92
MSC,5854.2613888888945,275.0,89.92
MSC,5872.728055555561,277.0,89.92
MSC,5891.461388888893,281.0,89.92
MSC,5907.294722222227,285.0,89.92
MSC,5939.51694444445,290.0,89.92
MSC,5958.91694444445,291.0,89.92
MSC,5991.694722222228,295.0,89.92
MSC,6021.494722222228,298.0,89.92
MSC,6034.739166666673,298.0,89.92
MSC,6054.589444444451,299.0,89.92
STR,7.093333333333334,304.0,90.256
STR,44.61555555555555,307.0,90.256
STR,65.30138888888888,309.0,90.256
STR,89.49027777777776,311.0,90.256
STR,110.29027777777776,312.0,90.256
STR,131.2236111111111,314.0,90.256
STR,145.17916666666667,314.0,90.256
STR,166.17916666666667,315.0,90.256
STR,190.75694444444446,316.0,90.256
STR,208.4236111111111,318.0,90.256
STR,229.69027777777777,319.0,90.256
STR,243.86805555555554,319.0,90.256
STR,258.0902777777777,320.0,90.256
STR,283.0569444444444,321.0,90.256
STR,304.52361111111105,322.0,90.256
STR,318.8347222222222,322.0,90.256
STR,358.19027777777774,322.0,90.256
STR,385.9236111111111,312.0,90.256
STR,404.25694444444434,275.0,90.256
STR,419.123611111111,223.0,90.256
STR,434.468611111111,198.0,90.256
STR,444.24638888888876,176.0,90.256
STR,453.1352777777777,160.0,90.256
STR,462.80194444444436,145.0,90.256
STR,474.71305555555546,134.0,90.256
STR,492.3352777777777,122.0,90.256
STR,502.55749999999995,115.0,90.256
STR,513.5574999999999,110.0,90.256
STR,522.4741666666665,100.0,90.256
STR,526.7408333333332,96.0,90.256
STR,533.818611111111,91.0,90.256
STR,542.6186111111109,88.0,90.256
STR,546.3963888888887,85.0,90.256
STR,552.6186111111109,80.0,90.256
STR,557.2852777777777,84.0,90.256
STR,563.2852777777777,90.0,90.256
STR,572.0852777777776,99.0,90.256
STR,579.4852777777776,111.0,90.256
STR,588.8186111111108,120.0,90.256
STR,597.8186111111108,135.0,90.256
STR,609.5630555555554,151.0,90.256
STR,616.4963888888888,156.0,90.256
STR,631.6963888888887,171.0,90.256
STR,646.0074999999998,184.0,90.256
STR,667.9524999999998,198.0,90.256
STR,677.0636111111108,205.0,90.256
STR,698.063611111111,210.0,90.256
STR,715.3302777777776,222.0,90.256
STR,730.5969444444443,229.0,90.256
STR,754.1969444444442,236.0,90.256
STR,767.5302777777775,240.0,90.256
STR,795.085833333333,248.0,90.256
STR,806.3111111111108,251.0,90.256
STR,826.2222222222218,256.0,90.256
STR,840.6666666666662,260.0,90.256
STR,870.1111111111106,265.0,90.256
STR,884.944444444444,267.0,90.256
STR,896.855555555555,268.0,90.256
STR,914.7888888888884,269.0,90.256
STR,928.8999999999996,254.0,90.256
STR,944.033333333333,227.0,90.256
STR,962.8333333333329,188.0,90.256
STR,970.9222222222218,182.0,90.256
STR,980.5333333333328,173.0,90.256
STR,995.1999999999995,165.0,90.256
STR,1005.7333333333328,158.0,90.256
STR,1018.1777777777772,160.0,90.256
STR,1029.1111111111106,164.0,90.256
STR,1044.6666666666663,175.0,90.256
STR,1052.6222222222216,179.0,90.256
STR,1060.7111111111105,182.0,90.256
STR,1077.724444444444,192.0,90.256
STR,1097.624444444444,199.0,90.256
STR,1109.0133333333329,205.0,90.256
STR,1120.6799999999994,210.0,90.256
STR,1147.6911111111106,221.0,90.256
STR,1160.1911111111106,225.0,90.256
STR,1172.857777777777,228.0,90.256
STR,1185.8022222222216,233.0,90.256
STR,1198.9788888888882,236.0,90.256
STR,1214.9788888888884,240.0,90.256
STR,1225.8677777777773,245.0,90.256
STR,1248.0011111111107,249.0,90.256
STR,1259.1122222222218,250.0,90.256
STR,1270.3122222222219,252.0,90.256
STR,1287.245555555555,254.0,90.256
STR,1313.045555555555,258.0,90.256
STR,1327.4899999999993,260.0,90.256
STR,1347.7899999999995,261.0,90.256
STR,1368.0899999999997,261.0,90.256
STR,1382.6455555555551,262.0,90.256
STR,1397.2011111111105,262.0,90.256
STR,1408.8899999999994,263.0,90.256
STR,1426.2899999999995,261.0,90.256
STR,1443.4899999999993,258.0,90.256
STR,1460.4899999999993,255.0,90.256
STR,1474.6011111111106,254.0,90.256
STR,1497.3566666666661,256.0,90.256
STR,1519.775277777777,253.0,90.256
STR,1547.1086111111103,246.0,90.256
STR,1565.2308333333326,233.0,90.256
STR,1577.8419444444437,227.0,90.256
STR,1590.286388888888,224.0,90.256
STR,1602.6197222222215,222.0,90.256
STR,1614.8974999999994,221.0,90.256
STR,1637.0974999999994,222.0,90.256
STR,1652.6286111111106,232.0,90.256
STR,1673.5174999999995,235.0,90.256
STR,1684.0063888888883,236.0,90.256
STR,1696.8952777777772,232.0,90.256
STR,1707.1619444444439,231.0,90.256
STR,1725.361944444444,234.0,90.256
STR,1741.1619444444439,237.0,90.256
STR,1751.7397222222216,238.0,90.256
STR,1762.4952777777771,242.0,90.256
STR,1778.9619444444436,247.0,90.256
STR,1789.9841666666657,248.0,90.256
STR,1809.7397222222214,254.0,90.256
STR,1841.7619444444438,262.0,90.256
STR,1856.484166666666,265.0,90.256
STR,1871.3174999999992,267.0,90.256
STR,1895.4063888888882,271.0,90.256
STR,1910.4619444444436,271.0,90.256
STR,1934.995277777777,276.0,90.256
STR,1969.095277777777,279.0,90.256
STR,1984.6283333333324,281.0,90.256
STR,2006.6394444444436,283.0,90.256
STR,2028.8838888888881,286.0,90.256
STR,2044.8838888888877,288.0,90.256
STR,2070.6616666666655,290.0,90.256
STR,2086.8283333333325,291.0,90.256
STR,2099.850555555555,293.0,90.256
STR,2116.183888888888,294.0,90.256
STR,2129.3769444444433,295.0,90.256
STR,2152.3991666666657,296.0,90.256
STR,2172.1991666666654,297.0,90.256
STR,2208.74361111111,299.0,90.256
STR,2222.032499999999,299.0,90.256
STR,2238.5880555555545,298.0,90.256
STR,2261.7658333333325,298.0,90.256
STR,2287.7658333333325,260.0,90.256
STR,2303.5658333333326,237.0,90.256
STR,2320.0547222222212,212.0,90.256
STR,2337.3880555555547,195.0,90.256
STR,2349.321388888888,179.0,90.256
STR,2357.1436111111107,176.0,90.256
STR,2370.2102777777773,168.0,90.256
STR,2382.9658333333327,164.0,90.256
STR,2396.9213888888885,157.0,90.256
STR,2414.888055555555,147.0,90.256
STR,2422.958611111111,146.0,90.256
STR,2429.5808333333334,149.0,90.256
STR,2438.0808333333334,153.0,90.256
STR,2450.525277777778,160.0,90.256
STR,2459.580833333333,163.0,90.256
STR,2477.480833333333,179.0,90.256
STR,2489.880833333333,186.0,90.256
STR,2514.258333333333,199.0,90.256
STR,2537.5916666666662,210.0,90.256
STR,2547.102777777777,214.0,90.256
STR,2561.769444444444,220.0,90.256
STR,2571.636111111111,222.0,90.256
STR,2586.969444444444,230.0,90.256
STR,2599.969444444444,234.0,90.256
STR,2616.1027777777776,242.0,90.256
STR,2635.391666666666,248.0,90.256
STR,2652.191666666666,252.0,90.256
STR,2669.2583333333328,256.0,90.256
STR,2686.3916666666664,257.0,90.256
STR,2703.9249999999993,263.0,90.256
STR,2730.7249999999995,268.0,90.256
STR,2748.791666666666,271.0,90.256
STR,2763.958333333333,273.0,90.256
STR,2782.3583333333327,276.0,90.256
STR,2816.5805555555553,280.0,90.256
STR,2829.069444444444,281.0,90.256
STR,2847.9361111111107,283.0,90.256
STR,2863.6902777777773,285.0,90.256
STR,2876.445833333333,287.0,90.256
STR,2892.4458333333328,288.0,90.256
STR,2928.0125,291.0,90.256
STR,2940.9902777777775,292.0,90.256
STR,2953.9680555555556,292.0,90.256
STR,2977.6125,266.0,90.256
STR,2988.301111111111,239.0,90.256
STR,3004.6344444444444,210.0,90.256
STR,3025.412222222222,187.0,90.256
STR,3035.412222222222,180.0,90.256
STR,3047.145555555556,176.0,90.256
STR,3060.2900000000004,169.0,90.256
STR,3073.356666666667,168.0,90.256
STR,3082.9122222222227,172.0,90.256
STR,3090.6900000000005,175.0,90.256
STR,3105.2344444444448,187.0,90.256
STR,3127.4566666666674,200.0,90.256
STR,3141.0566666666673,204.0,90.256
STR,3152.390000000001,204.0,90.256
STR,3171.5900000000006,216.0,90.256
STR,3196.4788888888893,224.0,90.256
STR,3209.256666666667,230.0,90.256
STR,3222.2566666666667,234.0,90.256
STR,3243.678888888889,241.0,90.256
STR,3254.4788888888893,243.0,90.256
STR,3268.1325,247.0,90.256
STR,3282.076944444445,251.0,90.256
STR,3296.2991666666667,256.0,90.256
STR,3316.4436111111113,259.0,90.256
STR,3342.9436111111113,265.0,90.256
STR,3357.8325000000004,268.0,90.256
STR,3372.776944444445,269.0,90.256
STR,3394.2422222222226,275.0,90.256
STR,3412.575555555556,275.0,90.256
STR,3431.242222222223,280.0,90.256
STR,3446.964444444445,283.0,90.256
STR,3462.7977777777783,285.0,90.256
STR,3491.597777777778,288.0,90.256
STR,3504.486666666667,290.0,90.256
STR,3533.786666666667,293.0,90.256
STR,3553.3866666666663,294.0,90.256
STR,3582.8866666666668,295.0,90.256
STR,3599.3866666666663,297.0,90.256
STR,3636.053333333333,300.0,90.256
STR,3666.3533333333335,303.0,90.256
STR,3683.242222222222,304.0,90.256
STR,3703.708888888889,307.0,90.256
STR,3724.1755555555555,307.0,90.256
STR,3737.953333333333,310.0,90.256
STR,3765.5088888888886,310.0,90.256
STR,3786.242222222222,311.0,90.256
STR,3807.021944444444,313.0,90.256
STR,3827.888611111111,313.0,90.256
STR,3870.1552777777774,317.0,90.256
STR,3891.3552777777777,318.0,90.256
STR,3923.1552777777774,318.0,90.256
STR,3965.777222222222,319.0,90.256
STR,3979.9994444444437,320.0,90.256
STR,4051.555,322.0,90.256
STR,4072.9549999999995,321.0,90.256
STR,4101.488333333333,321.0,90.256
STR,4115.710555555555,320.0,90.256
STR,4129.888333333333,319.0,90.256
STR,4147.443888888889,316.0,90.256
STR,4172.332777777778,280.0,90.256
STR,4186.610555555556,257.0,90.256
STR,4197.632777777778,248.0,90.256
STR,4212.966111111111,230.0,90.256
STR,4229.921666666666,218.0,90.256
STR,4242.032777777777,218.0,90.256
STR,4253.8661111111105,213.0,90.256
STR,4263.154999999999,209.0,90.256
STR,4279.799444444443,214.0,90.256
STR,4289.399444444442,216.0,90.256
STR,4311.799444444442,224.0,90.256
STR,4324.688333333331,232.0,90.256
STR,4340.28972222222,235.0,90.256
STR,4350.956388888886,240.0,90.256
STR,4369.934166666664,244.0,90.256
STR,4383.711944444442,248.0,90.256
STR,4414.8786111111085,255.0,90.256
STR,4432.284166666664,260.0,90.256
STR,4455.66194444444,263.0,90.256
STR,4467.439722222219,265.0,90.256
STR,4488.128611111108,266.0,90.256
STR,4509.05083333333,269.0,90.256
STR,4524.217499999996,273.0,90.256
STR,4548.75083333333,276.0,90.256
STR,4564.195277777774,278.0,90.256
STR,4586.05083333333,281.0,90.256
STR,4601.773055555552,283.0,90.256
STR,4617.606388888886,285.0,90.256
STR,4643.206388888886,288.0,90.256
STR,4672.306388888886,291.0,90.256
STR,4704.9730555555525,294.0,90.256
STR,4718.173055555552,297.0,90.256
STR,4755.084166666665,302.0,90.256
STR,4771.917499999997,303.0,90.256
STR,4788.861944444441,305.0,90.256
STR,4819.561944444441,307.0,90.256
STR,4843.509444444442,309.0,90.256
STR,4857.331666666664,311.0,90.256
STR,4871.153888888886,311.0,90.256
STR,4898.79833333333,311.0,90.256
STR,4926.798333333331,315.0,90.256
STR,4940.842777777775,316.0,90.256
STR,4955.01972222222,317.0,90.256
STR,4976.153055555553,317.0,90.256
STR,5004.41972222222,318.0,90.256
STR,5025.753055555553,320.0,90.256
STR,5115.475277777776,323.0,90.256
STR,5144.275277777777,324.0,90.256
STR,5162.3308333333325,325.0,90.256
STR,5183.997499999999,325.0,90.256
STR,5198.441944444443,325.0,90.256
STR,5212.886388888887,325.0,90.256
STR,5234.619722222222,326.0,90.256
STR,5259.975277777778,326.0,90.256
STR,5292.675277777777,327.0,90.256
STR,5318.108611111111,327.0,90.256
STR,5336.275277777777,327.0,90.256
STR,5360.075277777777,306.0,90.256
STR,5372.2975,275.0,90.256
STR,5391.50861111111,247.0,90.256
STR,5407.841944444443,210.0,90.256
STR,5418.399999999999,191.0,90.256
STR,5431.388888888888,167.0,90.256
STR,5438.2777777777765,155.0,90.256
STR,5449.555555555554,145.0,90.256
STR,5457.166666666664,137.0,90.256
STR,5464.536666666664,132.0,90.256
STR,5473.00333333333,127.0,90.256
STR,5479.892222222219,124.0,90.256
STR,5486.614444444442,121.0,90.256
STR,5499.39222222222,115.0,90.256
STR,5506.858888888886,112.0,90.256
STR,5512.914444444442,109.0,90.256
STR,5521.3144444444415,108.0,90.256
STR,5527.592222222219,113.0,90.256
STR,5534.1477777777745,118.0,90.256
STR,5547.247777777775,131.0,90.256
STR,5553.29222222222,136.0,90.256
STR,5559.558888888887,141.0,90.256
STR,5568.225555555554,156.0,90.256
STR,5581.447777777776,170.0,90.256
STR,5593.047777777776,174.0,90.256
STR,5605.447777777776,186.0,90.256
STR,5623.403333333332,202.0,90.256
STR,5637.269999999999,208.0,90.256
STR,5646.736666666665,213.0,90.256
STR,5661.336666666665,219.0,90.256
STR,5673.836666666664,225.0,90.256
STR,5705.3033333333315,236.0,90.256
STR,5726.835833333332,243.0,90.256
STR,5748.702499999998,246.0,90.256
STR,5768.613611111109,256.0,90.256
STR,5791.886111111109,261.0,90.256
STR,5821.663888888887,268.0,90.256
STR,5839.863888888887,273.0,90.256
STR,5855.197222222221,276.0,90.256
STR,5876.819444444443,278.0,90.256
STR,5892.48611111111,282.0,90.256
STR,5911.552777777777,286.0,90.256
STR,5927.608333333333,289.0,90.256
STR,5950.319444444443,292.0,90.256
STR,5979.819444444443,295.0,90.256
STR,5996.208333333332,295.0,90.256
STR,6019.463888888888,299.0,90.256
STR,6056.374999999998,302.0,90.256
STR,6086.774999999998,304.0,90.256
HAM,21.488055555555558,301.0,90.343
HAM,45.054722222222225,303.0,90.343
HAM,58.605555555555554,303.0,90.343
HAM,92.60555555555557,306.0,90.343
HAM,123.50555555555556,309.0,90.343
HAM,157.8388888888889,309.0,90.343
HAM,171.5722222222222,309.0,90.343
HAM,188.85,311.0,90.343
HAM,206.2388888888889,313.0,90.343
HAM,230.58333333333334,313.0,90.343
HAM,248.0277777777778,314.0,90.343
HAM,261.98333333333335,314.0,90.343
HAM,293.58333333333337,316.0,90.343
HAM,318.23888888888894,317.0,90.343
HAM,339.37222222222226,317.0,90.343
HAM,353.4166666666667,316.0,90.343
HAM,367.46111111111117,316.0,90.343
HAM,400.4611111111112,297.0,90.343
HAM,411.32611111111123,246.0,90.343
HAM,429.10388888888895,200.0,90.343
HAM,443.85944444444453,166.0,90.343
HAM,452.6372222222223,158.0,90.343
HAM,461.6372222222223,135.0,90.343
HAM,474.9705555555556,120.0,90.343
HAM,482.6372222222223,115.0,90.343
HAM,495.8372222222223,108.0,90.343
HAM,502.59861111111115,101.0,90.343
HAM,510.8430555555556,106.0,90.343
HAM,517.976388888889,107.0,90.343
HAM,524.576388888889,99.0,90.343
HAM,528.8430555555557,96.0,90.343
HAM,534.9097222222224,91.0,90.343
HAM,541.9097222222224,90.0,90.343
HAM,547.0208333333335,92.0,90.343
HAM,553.4208333333335,96.0,90.343
HAM,557.8208333333334,99.0,90.343
HAM,562.4875000000001,105.0,90.343
HAM,571.3541666666667,114.0,90.343
HAM,579.4875000000001,122.0,90.343
HAM,585.0430555555556,125.0,90.343
HAM,602.5208333333334,143.0,90.343
HAM,616.9208333333333,162.0,90.343
HAM,628.6541666666667,176.0,90.343
HAM,640.9208333333332,184.0,90.343
HAM,656.0333333333333,195.0,90.343
HAM,667.1999999999999,201.0,90.343
HAM,678.6444444444444,206.0,90.343
HAM,692.7777777777777,212.0,90.343
HAM,712.3333333333333,220.0,90.343
HAM,746.1333333333332,234.0,90.343
HAM,767.4666666666666,240.0,90.343
HAM,791.9666666666666,245.0,90.343
HAM,814.3475,251.0,90.343
HAM,825.5919444444443,253.0,90.343
HAM,845.5808333333332,257.0,90.343
HAM,871.7808333333331,262.0,90.343
HAM,883.469722222222,263.0,90.343
HAM,904.0808333333331,265.0,90.343
HAM,918.8030555555554,265.0,90.343
HAM,935.669722222222,253.0,90.343
HAM,953.4474999999998,200.0,90.343
HAM,965.7141666666665,184.0,90.343
HAM,978.7808333333331,168.0,90.343
HAM,989.6474999999999,163.0,90.343
HAM,1001.858611111111,157.0,90.343
HAM,1008.9252777777775,159.0,90.343
HAM,1023.5919444444442,165.0,90.343
HAM,1037.5141666666664,179.0,90.343
HAM,1058.7941666666663,192.0,90.343
HAM,1067.460833333333,195.0,90.343
HAM,1087.960833333333,205.0,90.343
HAM,1104.2941666666666,210.0,90.343
HAM,1118.6274999999998,215.0,90.343
HAM,1140.8274999999999,222.0,90.343
HAM,1153.3274999999999,225.0,90.343
HAM,1178.8830555555555,230.0,90.343
HAM,1189.303333333333,233.0,90.343
HAM,1207.8144444444442,238.0,90.343
HAM,1221.2588888888886,242.0,90.343
HAM,1248.8144444444442,248.0,90.343
HAM,1262.6477777777775,249.0,90.343
HAM,1273.8477777777775,252.0,90.343
HAM,1290.714444444444,253.0,90.343
HAM,1304.881111111111,255.0,90.343
HAM,1321.9477777777777,256.0,90.343
HAM,1347.6477777777777,257.0,90.343
HAM,1358.981111111111,255.0,90.343
HAM,1373.0366666666664,253.0,90.343
HAM,1395.3477777777775,251.0,90.343
HAM,1412.1477777777777,252.0,90.343
HAM,1431.5144444444443,249.0,90.343
HAM,1447.7811111111112,244.0,90.343
HAM,1469.2033333333334,241.0,90.343
HAM,1479.9588888888889,242.0,90.343
HAM,1490.8033333333333,244.0,90.343
HAM,1512.7788888888888,248.0,90.343
HAM,1537.4788888888888,247.0,90.343
HAM,1550.812222222222,240.0,90.343
HAM,1563.812222222222,234.0,90.343
HAM,1591.19,224.0,90.343
HAM,1603.6344444444444,224.0,90.343
HAM,1616.0788888888887,224.0,90.343
HAM,1628.6344444444444,226.0,90.343
HAM,1641.3644444444444,228.0,90.343
HAM,1657.0977777777775,236.0,90.343
HAM,1667.5866666666664,236.0,90.343
HAM,1688.653333333333,237.0,90.343
HAM,1699.1422222222218,236.0,90.343
HAM,1709.7199999999996,238.0,90.343
HAM,1725.7199999999996,240.0,90.343
HAM,1749.9199999999996,242.0,90.343
HAM,1763.4755555555553,244.0,90.343
HAM,1782.8422222222218,249.0,90.343
HAM,1802.5977777777775,254.0,90.343
HAM,1816.8755555555554,257.0,90.343
HAM,1831.2644444444443,259.0,90.343
HAM,1842.9533333333331,263.0,90.343
HAM,1860.62,265.0,90.343
HAM,1878.4199999999998,267.0,90.343
HAM,1896.3533333333332,269.0,90.343
HAM,1911.5199999999998,273.0,90.343
HAM,1935.9644444444443,275.0,90.343
HAM,1960.509722222222,277.0,90.343
HAM,1991.6208333333334,280.0,90.343
HAM,2013.5541666666668,282.0,90.343
HAM,2029.3319444444442,284.0,90.343
HAM,2045.1652777777776,285.0,90.343
HAM,2061.1097222222215,287.0,90.343
HAM,2077.1097222222215,288.0,90.343
HAM,2106.1097222222215,290.0,90.343
HAM,2125.590555555555,291.0,90.343
HAM,2151.546111111111,292.0,90.343
HAM,2164.568333333333,293.0,90.343
HAM,2180.901666666666,294.0,90.343
HAM,2193.9683333333332,294.0,90.343
HAM,2216.912777777777,295.0,90.343
HAM,2236.579444444444,295.0,90.343
HAM,2249.646111111111,294.0,90.343
HAM,2262.712777777778,294.0,90.343
HAM,2282.112777777778,291.0,90.343
HAM,2293.4905555555556,256.0,90.343
HAM,2311.0683333333336,226.0,90.343
HAM,2335.512777777778,200.0,90.343
HAM,2346.012777777778,189.0,90.343
HAM,2356.235,184.0,90.343
HAM,2371.1683333333335,168.0,90.343
HAM,2380.1683333333335,162.0,90.343
HAM,2393.9461111111113,155.0,90.343
HAM,2412.401666666667,151.0,90.343
HAM,2420.9144444444446,154.0,90.343
HAM,2433.2811111111114,159.0,90.343
HAM,2445.958888888889,163.0,90.343
HAM,2455.347777777778,169.0,90.343
HAM,2471.436666666667,181.0,90.343
HAM,2481.714444444445,185.0,90.343
HAM,2489.936666666667,185.0,90.343
HAM,2500.214444444445,185.0,90.343
HAM,2509.2036111111115,201.0,90.343
HAM,2525.4591666666665,209.0,90.343
HAM,2539.659166666667,213.0,90.343
HAM,2566.7925,222.0,90.343
HAM,2576.881388888889,227.0,90.343
HAM,2589.714722222222,231.0,90.343
HAM,2608.303611111111,239.0,90.343
HAM,2632.803611111111,245.0,90.343
HAM,2649.470277777778,250.0,90.343
HAM,2669.2258333333334,254.0,90.343
HAM,2692.2480555555558,259.0,90.343
HAM,2709.648055555556,261.0,90.343
HAM,2721.381388888889,264.0,90.343
HAM,2742.148055555556,267.0,90.343
HAM,2763.0702777777783,269.0,90.343
HAM,2787.4258333333337,274.0,90.343
HAM,2821.281388888889,277.0,90.343
HAM,2836.7038888888887,279.0,90.343
HAM,2849.103888888889,279.0,90.343
HAM,2864.7149999999997,281.0,90.343
HAM,2886.648333333333,282.0,90.343
HAM,2902.315,282.0,90.343
HAM,2930.915,286.0,90.343
HAM,2950.0483333333336,287.0,90.343
HAM,2980.673333333333,250.0,90.343
HAM,3004.117777777778,211.0,90.343
HAM,3013.1844444444446,204.0,90.343
HAM,3025.9844444444448,192.0,90.343
HAM,3034.428888888889,190.0,90.343
HAM,3046.695555555556,184.0,90.343
HAM,3056.695555555556,180.0,90.343
HAM,3068.3622222222225,175.0,90.343
HAM,3082.0511111111114,176.0,90.343
HAM,3094.1844444444446,182.0,90.343
HAM,3107.0511111111114,193.0,90.343
HAM,3120.051111111111,195.0,90.343
HAM,3133.317777777778,199.0,90.343
HAM,3153.4177777777777,201.0,90.343
HAM,3167.6844444444446,214.0,90.343
HAM,3179.7955555555554,218.0,90.343
HAM,3194.662222222222,223.0,90.343
HAM,3222.8955555555553,231.0,90.343
HAM,3233.34,235.0,90.343
HAM,3249.34,240.0,90.343
HAM,3262.7725,243.0,90.343
HAM,3273.7502777777777,247.0,90.343
HAM,3287.639166666667,250.0,90.343
HAM,3319.050277777778,257.0,90.343
HAM,3330.5613888888893,259.0,90.343
HAM,3342.2058333333334,262.0,90.343
HAM,3365.850277777778,266.0,90.343
HAM,3377.8358333333335,268.0,90.343
HAM,3398.991388888889,272.0,90.343
HAM,3429.6580555555556,276.0,90.343
HAM,3445.1025000000004,278.0,90.343
HAM,3463.8358333333335,281.0,90.343
HAM,3485.6913888888894,281.0,90.343
HAM,3507.935833333334,286.0,90.343
HAM,3523.824722222223,286.0,90.343
HAM,3536.535833333334,286.0,90.343
HAM,3559.0913888888895,290.0,90.343
HAM,3591.535833333334,292.0,90.343
HAM,3611.069166666667,293.0,90.343
HAM,3627.4025,294.0,90.343
HAM,3653.891388888889,298.0,90.343
HAM,3687.335833333334,301.0,90.343
HAM,3704.0580555555557,301.0,90.343
HAM,3720.8358333333335,302.0,90.343
HAM,3747.858055555556,304.0,90.343
HAM,3761.413611111111,305.0,90.343
HAM,3778.3286111111115,306.0,90.343
HAM,3795.4397222222224,308.0,90.343
HAM,3812.5508333333337,308.0,90.343
HAM,3836.661944444445,310.0,90.343
HAM,3867.861944444445,312.0,90.343
HAM,3885.2508333333335,313.0,90.343
HAM,3902.6952777777783,314.0,90.343
HAM,3927.2047222222227,314.0,90.343
HAM,3948.2047222222227,315.0,90.343
HAM,3969.271388888889,316.0,90.343
HAM,3986.8825,317.0,90.343
HAM,4004.4936111111115,317.0,90.343
HAM,4036.1936111111113,317.0,90.343
HAM,4050.2825,317.0,90.343
HAM,4082.0824999999995,318.0,90.343
HAM,4103.282499999999,318.0,90.343
HAM,4134.8825,316.0,90.343
HAM,4151.938055555555,307.0,90.343
HAM,4184.0824999999995,263.0,90.343
HAM,4207.482499999999,234.0,90.343
HAM,4219.871388888888,223.0,90.343
HAM,4234.2713888888875,216.0,90.343
HAM,4248.2713888888875,210.0,90.343
HAM,4257.649166666665,211.0,90.343
HAM,4276.9380555555545,217.0,90.343
HAM,4291.871388888888,224.0,90.343
HAM,4307.0744444444435,229.0,90.343
HAM,4322.807777777776,236.0,90.343
HAM,4354.807777777776,240.0,90.343
HAM,4371.207777777776,246.0,90.343
HAM,4396.207777777776,250.0,90.343
HAM,4430.412222222221,256.0,90.343
HAM,4441.967777777777,260.0,90.343
HAM,4501.30111111111,267.0,90.343
HAM,4519.301111111111,270.0,90.343
HAM,4543.567777777777,273.0,90.343
HAM,4555.834444444444,276.0,90.343
HAM,4568.189999999999,278.0,90.343
HAM,4583.745555555554,280.0,90.343
HAM,4608.723333333332,281.0,90.343
HAM,4624.334444444444,281.0,90.343
HAM,4637.00111111111,285.0,90.343
HAM,4656.134444444443,287.0,90.343
HAM,4678.767777777776,291.0,90.343
HAM,4694.989999999999,292.0,90.343
HAM,4711.267777777777,293.0,90.343
HAM,4724.378888888888,295.0,90.343
HAM,4747.5566666666655,298.0,90.343
HAM,4760.845555555554,299.0,90.343
HAM,4791.045555555554,302.0,90.343
HAM,4807.878888888888,303.0,90.343
HAM,4828.127499999999,305.0,90.343
HAM,4841.771944444443,307.0,90.343
HAM,4865.727499999998,308.0,90.343
HAM,4882.894166666665,309.0,90.343
HAM,4921.027499999998,312.0,90.343
HAM,4941.981111111109,313.0,90.343
HAM,4969.9811111111085,315.0,90.343
HAM,4984.025555555552,316.0,90.343
HAM,5008.60333333333,316.0,90.343
HAM,5033.258888888886,317.0,90.343
HAM,5050.9811111111085,319.0,90.343
HAM,5079.425555555554,320.0,90.343
HAM,5097.20333333333,320.0,90.343
HAM,5122.169999999997,321.0,90.343
HAM,5140.003333333331,321.0,90.343
HAM,5157.892222222221,322.0,90.343
HAM,5186.514444444442,322.0,90.343
HAM,5218.814444444442,323.0,90.343
HAM,5254.703333333332,323.0,90.343
HAM,5269.103333333332,324.0,90.343
HAM,5308.458888888887,322.0,90.343
HAM,5326.2922222222205,321.0,90.343
HAM,5344.1255555555545,321.0,90.343
HAM,5372.225555555555,281.0,90.343
HAM,5391.5230555555545,249.0,90.343
HAM,5401.211944444444,218.0,90.343
HAM,5409.8341666666665,194.0,90.343
HAM,5424.7675,168.0,90.343
HAM,5438.278611111112,152.0,90.343
HAM,5444.634166666668,143.0,90.343
HAM,5450.850555555557,139.0,90.343
HAM,5459.58388888889,131.0,90.343
HAM,5470.606111111113,124.0,90.343
HAM,5478.606111111113,120.0,90.343
HAM,5509.439444444446,111.0,90.343
HAM,5519.750555555557,116.0,90.343
HAM,5526.472777777779,121.0,90.343
HAM,5535.139444444446,130.0,90.343
HAM,5540.917222222223,130.0,90.343
HAM,5547.272777777779,143.0,90.343
HAM,5557.406111111113,152.0,90.343
HAM,5570.317222222225,166.0,90.343
HAM,5588.617222222225,183.0,90.343
HAM,5603.628333333335,193.0,90.343
HAM,5614.739444444446,200.0,90.343
HAM,5630.761666666668,206.0,90.343
HAM,5640.183888888891,212.0,90.343
HAM,5657.372777777779,221.0,90.343
HAM,5675.106111111113,228.0,90.343
HAM,5687.9305555555575,232.0,90.343
HAM,5706.286111111113,236.0,90.343
HAM,5716.95277777778,240.0,90.343
HAM,5736.16388888889,247.0,90.343
HAM,5750.1083333333345,251.0,90.343
HAM,5764.345833333335,255.0,90.343
HAM,5781.612500000001,259.0,90.343
HAM,5796.168055555557,262.0,90.343
HAM,5810.945833333335,266.0,90.343
HAM,5841.056944444445,271.0,90.343
HAM,5859.456944444446,276.0,90.343
HAM,5874.901388888889,278.0,90.343
HAM,5896.679166666668,280.0,90.343
HAM,5912.40138888889,283.0,90.343
HAM,5928.234722222224,285.0,90.343
HAM,5957.234722222224,290.0,90.343
HAM,5970.168055555558,291.0,90.343
HAM,5983.101388888892,291.0,90.343
HAM,5999.379166666668,293.0,90.343
HAM,6022.40138888889,296.0,90.343
HAM,6042.268055555558,298.0,90.343
HAM,6062.268055555558,300.0,90.343
HAM,6089.023611111113,301.0,90.343
ALB,4.897777777777778,304.0,90.492
ALB,42.33472222222222,307.0,90.492
ALB,76.66805555555555,309.0,90.492
ALB,114.80138888888888,312.0,90.492
ALB,146.20138888888889,314.0,90.492
ALB,167.26805555555555,316.0,90.492
ALB,198.96805555555557,317.0,90.492
ALB,227.23472222222222,318.0,90.492
ALB,266.3458333333333,320.0,90.492
ALB,298.53499999999997,321.0,90.492
ALB,320.0016666666666,322.0,90.492
ALB,337.8905555555555,322.0,90.492
ALB,370.0905555555555,322.0,90.492
ALB,389.69055555555553,294.0,90.492
ALB,408.59055555555557,243.0,90.492
ALB,420.4238888888889,213.0,90.492
ALB,430.8127777777778,187.0,90.492
ALB,438.63500000000005,176.0,90.492
ALB,450.61277777777786,154.0,90.492
ALB,460.21277777777783,144.0,90.492
ALB,472.0350000000001,133.0,90.492
ALB,483.0572222222223,124.0,90.492
ALB,493.4572222222223,117.0,90.492
ALB,498.52388888888896,114.0,90.492
ALB,506.816388888889,107.0,90.492
ALB,514.8275000000001,103.0,90.492
ALB,524.0275000000001,92.0,90.492
ALB,531.7608333333335,87.0,90.492
ALB,539.2275000000002,84.0,90.492
ALB,544.8275000000002,84.0,90.492
ALB,549.7163888888891,88.0,90.492
ALB,559.1163888888891,94.0,90.492
ALB,564.6163888888891,99.0,90.492
ALB,573.1244444444446,109.0,90.492
ALB,583.7911111111113,120.0,90.492
ALB,597.5911111111112,138.0,90.492
ALB,603.9466666666668,143.0,90.492
ALB,616.3133333333335,159.0,90.492
ALB,627.8466666666668,173.0,90.492
ALB,640.0466666666669,183.0,90.492
ALB,648.4911111111113,190.0,90.492
ALB,668.1911111111112,197.0,90.492
ALB,677.2133333333335,203.0,90.492
ALB,691.3466666666668,212.0,90.492
ALB,703.4022222222223,217.0,90.492
ALB,715.6244444444446,220.0,90.492
ALB,728.2355555555557,227.0,90.492
ALB,776.2355555555557,240.0,90.492
ALB,798.3883333333334,250.0,90.492
ALB,823.8883333333335,255.0,90.492
ALB,838.2216666666668,258.0,90.492
ALB,861.5994444444447,263.0,90.492
ALB,888.2994444444446,267.0,90.492
ALB,906.232777777778,269.0,90.492
ALB,917.6994444444447,258.0,90.492
ALB,934.5772222222224,217.0,90.492
ALB,943.6883333333335,205.0,90.492
ALB,953.9661111111112,185.0,90.492
ALB,965.2797222222223,169.0,90.492
ALB,974.3908333333335,164.0,90.492
ALB,984.9908333333334,159.0,90.492
ALB,991.9686111111112,157.0,90.492
ALB,998.9019444444446,156.0,90.492
ALB,1009.7686111111111,163.0,90.492
ALB,1017.1019444444445,165.0,90.492
ALB,1034.8019444444446,177.0,90.492
ALB,1053.7019444444445,189.0,90.492
ALB,1062.1463888888889,190.0,90.492
ALB,1079.479722222222,195.0,90.492
ALB,1090.6463888888886,201.0,90.492
ALB,1102.0352777777775,205.0,90.492
ALB,1113.5352777777775,207.0,90.492
ALB,1135.0352777777775,215.0,90.492
ALB,1165.168611111111,226.0,90.492
ALB,1187.8055555555554,227.0,90.492
ALB,1206.2388888888886,237.0,90.492
ALB,1233.461111111111,245.0,90.492
ALB,1250.061111111111,249.0,90.492
ALB,1277.95,251.0,90.492
ALB,1294.8833333333332,254.0,90.492
ALB,1320.5833333333333,257.0,90.492
ALB,1340.5722222222223,257.0,90.492
ALB,1352.0211111111114,256.0,90.492
ALB,1380.3544444444447,255.0,90.492
ALB,1406.1544444444446,258.0,90.492
ALB,1434.376666666667,254.0,90.492
ALB,1445.5766666666668,252.0,90.492
ALB,1459.465555555556,250.0,90.492
ALB,1473.2988888888892,249.0,90.492
ALB,1492.8211111111116,251.0,90.492
ALB,1506.876666666667,253.0,90.492
ALB,1517.8988888888891,248.0,90.492
ALB,1541.498888888889,236.0,90.492
ALB,1559.2322222222224,228.0,90.492
ALB,1574.1655555555556,224.0,90.492
ALB,1584.0766666666666,223.0,90.492
ALB,1593.9433333333332,222.0,90.492
ALB,1618.6099999999997,222.0,90.492
ALB,1628.4149999999997,222.0,90.492
ALB,1648.3261111111108,224.0,90.492
ALB,1669.3038888888884,236.0,90.492
ALB,1682.4149999999997,236.0,90.492
ALB,1698.1483333333329,236.0,90.492
ALB,1724.7038888888885,239.0,90.492
ALB,1740.8372222222217,242.0,90.492
ALB,1771.2705555555551,249.0,90.492
ALB,1788.2074999999995,253.0,90.492
ALB,1808.1963888888884,257.0,90.492
ALB,1825.5297222222218,260.0,90.492
ALB,1843.1297222222217,264.0,90.492
ALB,1854.951944444444,266.0,90.492
ALB,1872.9519444444443,270.0,90.492
ALB,1894.1852777777774,273.0,90.492
ALB,1909.4630555555555,275.0,90.492
ALB,1927.929722222222,277.0,90.492
ALB,1940.329722222222,279.0,90.492
ALB,1952.7741666666664,280.0,90.492
ALB,1974.7074999999998,282.0,90.492
ALB,1993.5741666666665,283.0,90.492
ALB,2006.1963888888886,284.0,90.492
ALB,2041.3963888888884,288.0,90.492
ALB,2067.174166666666,290.0,90.492
ALB,2086.640833333333,292.0,90.492
ALB,2106.174166666666,293.0,90.492
ALB,2128.959166666666,294.0,90.492
ALB,2145.348055555555,295.0,90.492
ALB,2161.792499999999,296.0,90.492
ALB,2181.5924999999993,297.0,90.492
ALB,2207.9924999999994,297.0,90.492
ALB,2251.036944444444,298.0,90.492
ALB,2274.0591666666664,259.0,90.492
ALB,2296.4591666666665,224.0,90.492
ALB,2314.1141666666663,198.0,90.492
ALB,2322.5586111111106,190.0,90.492
ALB,2336.791944444444,183.0,90.492
ALB,2354.1919444444443,174.0,90.492
ALB,2361.7030555555557,169.0,90.492
ALB,2374.458611111111,164.0,90.492
ALB,2383.3475,160.0,90.492
ALB,2393.6808333333333,155.0,90.492
ALB,2407.014166666667,150.0,90.492
ALB,2417.014166666667,150.0,90.492
ALB,2429.1475,156.0,90.492
ALB,2440.080833333333,164.0,90.492
ALB,2452.991944444444,166.0,90.492
ALB,2460.6363888888886,172.0,90.492
ALB,2476.7252777777776,181.0,90.492
ALB,2491.580833333333,191.0,90.492
ALB,2514.0799999999995,203.0,90.492
ALB,2523.4577777777777,211.0,90.492
ALB,2545.3577777777778,219.0,90.492
ALB,2562.8577777777778,225.0,90.492
ALB,2578.191111111111,230.0,90.492
ALB,2601.491111111111,233.0,90.492
ALB,2614.88,241.0,90.492
ALB,2642.657777777778,250.0,90.492
ALB,2654.0619444444446,255.0,90.492
ALB,2673.9730555555557,256.0,90.492
ALB,2688.361944444445,259.0,90.492
ALB,2717.695277777778,264.0,90.492
ALB,2732.3619444444444,264.0,90.492
ALB,2744.406388888889,271.0,90.492
ALB,2762.6063888888893,273.0,90.492
ALB,2777.773055555556,273.0,90.492
ALB,2796.173055555556,276.0,90.492
ALB,2824.073055555556,279.0,90.492
ALB,2836.5175000000004,280.0,90.492
ALB,2852.1841666666674,282.0,90.492
ALB,2877.428611111112,284.0,90.492
ALB,2896.5619444444455,287.0,90.492
ALB,2918.884166666668,287.0,90.492
ALB,2937.8841666666676,285.0,90.492
ALB,2960.2841666666677,252.0,90.492
ALB,2970.3730555555567,227.0,90.492
ALB,2979.8841666666676,214.0,90.492
ALB,2996.720277777779,190.0,90.492
ALB,3014.520277777779,178.0,90.492
ALB,3024.2980555555564,176.0,90.492
ALB,3033.9091666666677,173.0,90.492
ALB,3053.953611111112,164.0,90.492
ALB,3063.23138888889,167.0,90.492
ALB,3072.7869444444455,172.0,90.492
ALB,3082.7869444444455,180.0,90.492
ALB,3093.227777777779,187.0,90.492
ALB,3106.4277777777793,198.0,90.492
ALB,3115.316666666668,200.0,90.492
ALB,3133.9833333333345,210.0,90.492
ALB,3143.450000000001,213.0,90.492
ALB,3153.13888888889,218.0,90.492
ALB,3167.6722222222234,218.0,90.492
ALB,3190.6722222222234,230.0,90.492
ALB,3203.6722222222234,234.0,90.492
ALB,3222.3388888888894,240.0,90.492
ALB,3241.316666666667,244.0,90.492
ALB,3255.094444444445,248.0,90.492
ALB,3269.0388888888897,251.0,90.492
ALB,3280.2833333333338,253.0,90.492
ALB,3297.4166666666674,257.0,90.492
ALB,3314.9500000000003,263.0,90.492
ALB,3332.683333333334,266.0,90.492
ALB,3347.6277777777786,269.0,90.492
ALB,3371.8055555555566,272.0,90.492
ALB,3396.1736111111118,275.0,90.492
ALB,3427.3958333333344,281.0,90.492
ALB,3449.406944444445,283.0,90.492
ALB,3465.2402777777784,285.0,90.492
ALB,3481.240277777779,288.0,90.492
ALB,3497.2402777777784,288.0,90.492
ALB,3513.3513888888897,290.0,90.492
ALB,3542.75138888889,294.0,90.492
ALB,3562.366111111112,293.0,90.492
ALB,3588.766111111112,297.0,90.492
ALB,3602.010555555556,298.0,90.492
ALB,3618.6216666666674,299.0,90.492
ALB,3632.0438888888893,302.0,90.492
ALB,3655.610555555556,303.0,90.492
ALB,3675.9438888888894,305.0,90.492
ALB,3689.5883333333336,307.0,90.492
ALB,3703.232777777778,307.0,90.492
ALB,3723.8327777777786,309.0,90.492
ALB,3737.610555555556,310.0,90.492
ALB,3761.799444444445,311.0,90.492
ALB,3800.0550000000003,313.0,90.492
ALB,3817.499444444445,314.0,90.492
ALB,3834.9994444444455,315.0,90.492
ALB,3863.2661111111115,318.0,90.492
ALB,3880.9327777777785,318.0,90.492
ALB,3909.377222222223,320.0,90.492
ALB,3948.4883333333337,320.0,90.492
ALB,3966.232500000001,321.0,90.492
ALB,3991.276944444445,322.0,90.492
ALB,4016.3213888888895,322.0,90.492
ALB,4034.2658333333343,323.0,90.492
ALB,4062.9769444444455,323.0,90.492
ALB,4080.9213888888894,323.0,90.492
ALB,4095.1880555555563,321.0,90.492
ALB,4113.02138888889,321.0,90.492
ALB,4127.2877777777785,319.0,90.492
ALB,4150.543333333334,299.0,90.492
ALB,4169.676666666667,287.0,90.492
ALB,4198.032222222223,232.0,90.492
ALB,4208.121111111112,227.0,90.492
ALB,4220.39888888889,221.0,90.492
ALB,4237.121111111112,215.0,90.492
ALB,4258.421111111113,213.0,90.492
ALB,4272.554444444446,212.0,90.492
ALB,4289.121111111112,213.0,90.492
ALB,4308.7655555555575,221.0,90.492
ALB,4323.7655555555575,225.0,90.492
ALB,4334.121111111112,233.0,90.492
ALB,4352.632222222223,238.0,90.492
ALB,4371.532222222223,243.0,90.492
ALB,4393.665555555557,249.0,90.492
ALB,4424.58777777778,253.0,90.492
ALB,4438.794166666668,257.0,90.492
ALB,4450.349722222224,260.0,90.492
ALB,4464.849722222224,261.0,90.492
ALB,4485.460833333335,265.0,90.492
ALB,4500.349722222224,268.0,90.492
ALB,4527.349722222224,270.0,90.492
ALB,4545.683055555557,275.0,90.492
ALB,4579.738055555557,278.0,90.492
ALB,4611.071388888891,282.0,90.492
ALB,4623.693611111114,284.0,90.492
ALB,4642.76027777778,286.0,90.492
ALB,4655.560277777781,288.0,90.492
ALB,4674.960277777781,291.0,90.492
ALB,4691.1825000000035,292.0,90.492
ALB,4710.915833333336,296.0,90.492
ALB,4734.171388888892,299.0,90.492
ALB,4754.171388888892,300.0,90.492
ALB,4774.304722222226,302.0,90.492
ALB,4794.638055555559,305.0,90.492
ALB,4815.0380555555585,306.0,90.492
ALB,4845.938055555558,309.0,90.492
ALB,4866.5380555555585,309.0,90.492
ALB,4883.815833333337,311.0,90.492
ALB,4904.682500000003,313.0,90.492
ALB,4943.304722222225,316.0,90.492
ALB,4957.349166666669,316.0,90.492
ALB,4978.549166666669,318.0,90.492
ALB,4996.182777777781,319.0,90.492
ALB,5010.360555555559,319.0,90.492
ALB,5028.138333333337,320.0,90.492
ALB,5067.3716666666705,321.0,90.492
ALB,5081.682777777782,322.0,90.492
ALB,5096.038333333338,323.0,90.492
ALB,5124.838333333338,324.0,90.492
ALB,5139.3283333333375,324.0,90.492
ALB,5164.606111111116,325.0,90.492
ALB,5200.717222222226,325.0,90.492
ALB,5218.8283333333375,326.0,90.492
ALB,5240.561666666672,326.0,90.492
ALB,5265.917222222228,326.0,90.492
ALB,5291.35055555556,327.0,90.492
ALB,5309.517222222227,327.0,90.492
ALB,5324.05055555556,327.0,90.492
ALB,5349.4838888888935,327.0,90.492
ALB,5378.817222222227,264.0,90.492
ALB,5393.217222222227,216.0,90.492
ALB,5403.995000000005,194.0,90.492
ALB,5418.928333333339,168.0,90.492
ALB,5434.372777777783,139.0,90.492
ALB,5441.872777777783,135.0,90.492
ALB,5448.983888888894,128.0,90.492
ALB,5459.917222222228,123.0,90.492
ALB,5465.2950000000055,121.0,90.492
ALB,5471.873055555561,119.0,90.492
ALB,5478.317500000006,116.0,90.492
ALB,5484.706388888894,115.0,90.492
ALB,5493.573055555561,114.0,90.492
ALB,5504.973055555561,114.0,90.492
ALB,5511.306388888894,114.0,90.492
ALB,5517.973055555561,120.0,90.492
ALB,5527.808055555561,126.0,90.492
ALB,5536.741388888894,134.0,90.492
ALB,5546.274722222227,143.0,90.492
ALB,5554.719166666671,152.0,90.492
ALB,5563.885833333338,165.0,90.492
ALB,5581.685833333338,178.0,90.492
ALB,5589.90805555556,185.0,90.492
ALB,5609.90805555556,200.0,90.492
ALB,5623.841388888894,209.0,90.492
ALB,5645.341388888894,215.0,90.492
ALB,5657.730277777782,223.0,90.492
ALB,5686.208055555559,233.0,90.492
ALB,5710.408055555559,242.0,90.492
ALB,5724.019166666671,245.0,90.492
ALB,5740.819166666672,252.0,90.492
ALB,5757.752500000005,254.0,90.492
ALB,5769.219166666671,258.0,90.492
ALB,5792.863611111116,266.0,90.492
ALB,5810.79694444445,269.0,90.492
ALB,5828.987500000006,274.0,90.492
ALB,5847.454166666672,277.0,90.492
ALB,5885.1875000000055,283.0,90.492
ALB,5904.1875000000055,285.0,90.492
ALB,5933.1875000000055,290.0,90.492
ALB,5972.736388888895,296.0,90.492
ALB,5985.936388888895,297.0,90.492
ALB,6053.047500000006,302.0,90.492
ALB,6073.380833333339,305.0,90.492
HUL,28.39,306.0,90.543
HUL,55.76416666666667,307.0,90.543
HUL,69.49749999999999,309.0,90.543
HUL,93.68638888888887,311.0,90.543
HUL,124.98638888888888,313.0,90.543
HUL,138.89749999999998,313.0,90.543
HUL,163.39749999999998,315.0,90.543
HUL,180.95305555555555,316.0,90.543
HUL,202.08638888888888,317.0,90.543
HUL,230.35305555555553,318.0,90.543
HUL,251.68638888888887,320.0,90.543
HUL,276.5752777777777,320.0,90.543
HUL,297.97527777777776,321.0,90.543
HUL,322.9419444444444,321.0,90.543
HUL,337.25305555555553,322.0,90.543
HUL,365.87527777777774,322.0,90.543
HUL,389.05305555555555,298.0,90.543
HUL,414.98805555555555,234.0,90.543
HUL,424.1436111111111,206.0,90.543
HUL,440.3436111111111,162.0,90.543
HUL,451.77694444444444,147.0,90.543
HUL,460.4436111111111,130.0,90.543
HUL,472.4436111111111,120.0,90.543
HUL,478.8880555555556,116.0,90.543
HUL,490.8880555555556,108.0,90.543
HUL,495.5838888888889,105.0,90.543
HUL,503.3616666666667,100.0,90.543
HUL,509.0838888888889,103.0,90.543
HUL,519.9727777777778,98.0,90.543
HUL,525.2505555555556,95.0,90.543
HUL,529.4283333333334,94.0,90.543
HUL,535.495,91.0,90.543
HUL,540.4394444444445,89.0,90.543
HUL,546.1727777777778,86.0,90.543
HUL,555.3727777777777,92.0,90.543
HUL,559.5061111111111,93.0,90.543
HUL,564.9505555555555,98.0,90.543
HUL,575.1727777777778,115.0,90.543
HUL,583.1727777777778,120.0,90.543
HUL,593.8283333333334,137.0,90.543
HUL,603.6283333333333,147.0,90.543
HUL,618.0283333333333,162.0,90.543
HUL,625.6727777777778,172.0,90.543
HUL,633.7172222222223,181.0,90.543
HUL,650.7305555555556,192.0,90.543
HUL,670.5305555555556,198.0,90.543
HUL,681.9194444444444,205.0,90.543
HUL,693.5861111111111,210.0,90.543
HUL,720.9638888888888,224.0,90.543
HUL,733.7972222222221,231.0,90.543
HUL,746.9083333333333,236.0,90.543
HUL,760.2416666666666,240.0,90.543
HUL,773.8091666666666,243.0,90.543
HUL,790.2758333333333,247.0,90.543
HUL,801.3425,249.0,90.543
HUL,823.9202777777776,254.0,90.543
HUL,835.4313888888888,259.0,90.543
HUL,846.9869444444444,260.0,90.543
HUL,864.5869444444444,264.0,90.543
HUL,891.2869444444444,267.0,90.543
HUL,906.1202777777777,267.0,90.543
HUL,925.7202777777776,252.0,90.543
HUL,942.2869444444442,213.0,90.543
HUL,953.0091666666666,193.0,90.543
HUL,963.0647222222221,181.0,90.543
HUL,970.9313888888888,177.0,90.543
HUL,982.064722222222,167.0,90.543
HUL,992.8647222222221,162.0,90.543
HUL,1003.5313888888887,160.0,90.543
HUL,1012.6980555555554,165.0,90.543
HUL,1028.164722222222,174.0,90.543
HUL,1044.2033333333331,181.0,90.543
HUL,1065.6477777777777,193.0,90.543
HUL,1081.3588888888887,202.0,90.543
HUL,1092.858888888889,207.0,90.543
HUL,1104.581111111111,211.0,90.543
HUL,1116.5255555555555,215.0,90.543
HUL,1128.692222222222,219.0,90.543
HUL,1151.0922222222218,224.0,90.543
HUL,1166.4225,229.0,90.543
HUL,1187.133611111111,233.0,90.543
HUL,1197.6669444444442,237.0,90.543
HUL,1211.0558333333333,241.0,90.543
HUL,1221.7669444444446,241.0,90.543
HUL,1240.7447222222222,244.0,90.543
HUL,1257.411388888889,250.0,90.543
HUL,1268.611388888889,252.0,90.543
HUL,1279.8558333333335,253.0,90.543
HUL,1296.7891666666667,254.0,90.543
HUL,1308.1669444444444,256.0,90.543
HUL,1328.0780555555557,256.0,90.543
HUL,1359.6113888888888,258.0,90.543
HUL,1373.8891666666668,257.0,90.543
HUL,1388.2225,258.0,90.543
HUL,1411.6002777777778,263.0,90.543
HUL,1425.8780555555556,257.0,90.543
HUL,1448.3669444444445,253.0,90.543
HUL,1479.2891666666665,253.0,90.543
HUL,1493.385,255.0,90.543
HUL,1513.2961111111113,256.0,90.543
HUL,1532.8183333333334,251.0,90.543
HUL,1546.262777777778,242.0,90.543
HUL,1566.796111111111,231.0,90.543
HUL,1579.6294444444445,231.0,90.543
HUL,1589.4072222222223,220.0,90.543
HUL,1601.4072222222223,216.0,90.543
HUL,1611.0672222222222,216.0,90.543
HUL,1628.1005555555555,219.0,90.543
HUL,1642.9005555555557,222.0,90.543
HUL,1671.256111111111,232.0,90.543
HUL,1681.6116666666667,233.0,90.543
HUL,1694.667222222222,235.0,90.543
HUL,1713.1783333333333,238.0,90.543
HUL,1737.2783333333332,241.0,90.543
HUL,1753.545,244.0,90.543
HUL,1772.756111111111,247.0,90.543
HUL,1795.3338888888889,254.0,90.543
HUL,1812.4672222222223,257.0,90.543
HUL,1824.0672222222222,261.0,90.543
HUL,1844.4449999999997,262.0,90.543
HUL,1865.2116666666664,267.0,90.543
HUL,1889.2116666666664,270.0,90.543
HUL,1922.9449999999997,276.0,90.543
HUL,1938.2569444444441,277.0,90.543
HUL,1950.6124999999997,278.0,90.543
HUL,1966.1680555555552,280.0,90.543
HUL,1988.1791666666663,283.0,90.543
HUL,2003.9013888888887,283.0,90.543
HUL,2032.3013888888886,284.0,90.543
HUL,2051.3680555555547,286.0,90.543
HUL,2087.015555555555,291.0,90.543
HUL,2119.5711111111104,293.0,90.543
HUL,2132.6377777777775,294.0,90.543
HUL,2152.3044444444436,295.0,90.543
HUL,2165.4599999999996,296.0,90.543
HUL,2185.193333333333,296.0,90.543
HUL,2201.6933333333327,297.0,90.543
HUL,2221.4266666666663,296.0,90.543
HUL,2244.3711111111106,295.0,90.543
HUL,2263.97111111111,294.0,90.543
HUL,2281.7711111111103,267.0,90.543
HUL,2298.237777777777,247.0,90.543
HUL,2313.3044444444436,226.0,90.543
HUL,2334.2044444444437,209.0,90.543
HUL,2347.337777777777,197.0,90.543
HUL,2357.726666666666,187.0,90.543
HUL,2369.1933333333327,172.0,90.543
HUL,2388.504444444444,158.0,90.543
HUL,2395.3488888888883,154.0,90.543
HUL,2405.3488888888883,150.0,90.543
HUL,2413.4194444444443,146.0,90.543
HUL,2419.7305555555554,142.0,90.543
HUL,2427.786111111111,145.0,90.543
HUL,2446.7305555555554,155.0,90.543
HUL,2453.930555555555,162.0,90.543
HUL,2461.2194444444444,164.0,90.543
HUL,2476.863888888889,176.0,90.543
HUL,2484.735,176.0,90.543
HUL,2499.4350000000004,189.0,90.543
HUL,2521.8794444444447,202.0,90.543
HUL,2533.435,208.0,90.543
HUL,2547.635,213.0,90.543
HUL,2564.7461111111115,220.0,90.543
HUL,2582.401666666667,227.0,90.543
HUL,2595.290555555556,232.0,90.543
HUL,2605.7350000000006,235.0,90.543
HUL,2624.479444444445,241.0,90.543
HUL,2652.257222222223,250.0,90.543
HUL,2669.1905555555563,254.0,90.543
HUL,2683.5238888888894,258.0,90.543
HUL,2706.4572222222228,258.0,90.543
HUL,2736.2350000000006,268.0,90.543
HUL,2751.2350000000006,270.0,90.543
HUL,2766.4016666666676,273.0,90.543
HUL,2790.7572222222225,274.0,90.543
HUL,2803.068333333334,277.0,90.543
HUL,2818.3802777777782,277.0,90.543
HUL,2833.824722222223,278.0,90.543
HUL,2849.435833333334,281.0,90.543
HUL,2871.3691666666673,282.0,90.543
HUL,2900.069166666667,287.0,90.543
HUL,2916.1247222222228,289.0,90.543
HUL,2932.235833333334,290.0,90.543
HUL,2954.871944444445,290.0,90.543
HUL,2972.7386111111114,268.0,90.543
HUL,2987.871944444445,227.0,90.543
HUL,2999.260833333334,205.0,90.543
HUL,3009.9275000000007,192.0,90.543
HUL,3028.0275000000006,181.0,90.543
HUL,3035.8941666666674,177.0,90.543
HUL,3053.094166666667,172.0,90.543
HUL,3064.4275000000007,170.0,90.543
HUL,3082.327500000001,179.0,90.543
HUL,3092.660833333334,186.0,90.543
HUL,3117.227500000001,201.0,90.543
HUL,3138.327500000001,211.0,90.543
HUL,3150.3275000000003,216.0,90.543
HUL,3164.9275000000002,219.0,90.543
HUL,3179.794166666667,223.0,90.543
HUL,3189.794166666667,225.0,90.543
HUL,3210.4163888888893,232.0,90.543
HUL,3226.149722222223,236.0,90.543
HUL,3242.2822222222226,243.0,90.543
HUL,3258.6822222222227,246.0,90.543
HUL,3292.5488888888895,254.0,90.543
HUL,3309.8822222222225,260.0,90.543
HUL,3336.3822222222225,265.0,90.543
HUL,3372.1900000000005,268.0,90.543
HUL,3384.2788888888895,272.0,90.543
HUL,3447.3900000000003,284.0,90.543
HUL,3466.456666666667,286.0,90.543
HUL,3492.056666666667,288.0,90.543
HUL,3504.9455555555555,290.0,90.543
HUL,3517.8788888888894,291.0,90.543
HUL,3534.101111111111,292.0,90.543
HUL,3560.2344444444443,294.0,90.543
HUL,3576.678888888889,296.0,90.543
HUL,3589.834444444444,296.0,90.543
HUL,3609.701111111111,298.0,90.543
HUL,3633.0344444444445,300.0,90.543
HUL,3649.756666666666,301.0,90.543
HUL,3666.5899999999997,303.0,90.543
HUL,3680.1455555555553,305.0,90.543
HUL,3703.9455555555546,306.0,90.543
HUL,3717.545555555555,306.0,90.543
HUL,3748.445555555555,309.0,90.543
HUL,3765.612222222222,309.0,90.543
HUL,3786.1927777777773,310.0,90.543
HUL,3800.0594444444437,312.0,90.543
HUL,3824.403888888888,313.0,90.543
HUL,3841.848333333333,314.0,90.543
HUL,3880.4705555555547,316.0,90.543
HUL,3901.6919444444434,317.0,90.543
HUL,3929.9586111111103,318.0,90.543
HUL,3944.091944444444,318.0,90.543
HUL,3968.8252777777766,318.0,90.543
HUL,3993.6363888888877,319.0,90.543
HUL,4011.3586111111103,319.0,90.543
HUL,4039.7141666666657,319.0,90.543
HUL,4057.380833333332,318.0,90.543
HUL,4082.1141666666654,318.0,90.543
HUL,4099.780833333332,318.0,90.543
HUL,4117.391944444444,317.0,90.543
HUL,4145.303055555554,314.0,90.543
HUL,4171.903055555555,266.0,90.543
HUL,4197.569722222222,231.0,90.543
HUL,4207.569722222222,225.0,90.543
HUL,4232.991944444444,208.0,90.543
HUL,4244.325277777777,204.0,90.543
HUL,4255.603055555555,203.0,90.543
HUL,4276.503055555555,209.0,90.543
HUL,4293.243055555555,216.0,90.543
HUL,4303.1097222222215,222.0,90.543
HUL,4313.154166666666,226.0,90.543
HUL,4333.776388888888,232.0,90.543
HUL,4354.843055555555,237.0,90.543
HUL,4365.465277777777,239.0,90.543
HUL,4376.288055555555,242.0,90.543
HUL,4392.6880555555545,246.0,90.543
HUL,4415.1769444444435,253.0,90.543
HUL,4432.1769444444435,255.0,90.543
HUL,4506.3436111111105,267.0,90.543
HUL,4530.34361111111,270.0,90.543
HUL,4545.454722222221,272.0,90.543
HUL,4563.721388888888,274.0,90.543
HUL,4575.899166666666,274.0,90.543
HUL,4588.3436111111105,280.0,90.543
HUL,4607.076944444443,281.0,90.543
HUL,4629.165833333333,284.0,90.543
HUL,4657.865833333332,287.0,90.543
HUL,4680.421388888888,290.0,90.543
HUL,4696.643611111111,292.0,90.543
HUL,4719.588055555555,295.0,90.543
HUL,4732.788055555555,297.0,90.543
HUL,4756.121388888888,300.0,90.543
HUL,4779.532499999999,301.0,90.543
HUL,4796.281666666666,303.0,90.543
HUL,4820.0038888888885,305.0,90.543
HUL,4833.603888888888,306.0,90.543
HUL,4857.559444444443,308.0,90.543
HUL,4874.72611111111,309.0,90.543
HUL,4892.0344444444445,310.0,90.543
HUL,4912.834444444444,312.0,90.543
HUL,4930.223333333332,313.0,90.543
HUL,4947.667777777777,314.0,90.543
HUL,4982.778888888887,316.0,90.543
HUL,5003.912222222221,317.0,90.543
HUL,5021.578888888887,318.0,90.543
HUL,5046.312222222221,318.0,90.543
HUL,5064.034444444444,319.0,90.543
HUL,5081.812222222222,320.0,90.543
HUL,5113.912222222222,321.0,90.543
HUL,5128.223333333333,322.0,90.543
HUL,5142.5344444444445,322.0,90.543
HUL,5160.478888888889,323.0,90.543
HUL,5185.678888888889,324.0,90.543
HUL,5207.278888888888,324.0,90.543
HUL,5228.8788888888885,324.0,90.543
HUL,5257.678888888888,324.0,90.543
HUL,5279.278888888888,324.0,90.543
HUL,5293.589999999999,322.0,90.543
HUL,5315.0566666666655,322.0,90.543
HUL,5332.945555555554,322.0,90.543
HUL,5369.745555555554,276.0,90.543
HUL,5391.632499999999,247.0,90.543
HUL,5409.94361111111,206.0,90.543
HUL,5423.94361111111,180.0,90.543
HUL,5438.745277777776,166.0,90.543
HUL,5454.300833333332,140.0,90.543
HUL,5462.967499999998,130.0,90.543
HUL,5469.856388888887,124.0,90.543
HUL,5479.18972222222,120.0,90.543
HUL,5485.745277777775,118.0,90.543
HUL,5493.278611111108,113.0,90.543
HUL,5499.3897222222195,110.0,90.543
HUL,5507.7119444444415,107.0,90.543
HUL,5518.911944444441,112.0,90.543
HUL,5525.467499999997,118.0,90.543
HUL,5535.267499999996,126.0,90.543
HUL,5552.745277777774,143.0,90.543
HUL,5568.545277777775,158.0,90.543
HUL,5577.823055555552,167.0,90.543
HUL,5589.823055555553,180.0,90.543
HUL,5600.267499999997,188.0,90.543
HUL,5624.589722222219,199.0,90.543
HUL,5643.434166666663,212.0,90.543
HUL,5662.989722222219,220.0,90.543
HUL,5680.659722222219,228.0,90.543
HUL,5693.604166666663,233.0,90.543
HUL,5717.704166666664,241.0,90.543
HUL,5742.573055555553,248.0,90.543
HUL,5756.573055555552,252.0,90.543
HUL,5776.639722222219,258.0,90.543
HUL,5803.139722222219,265.0,90.543
HUL,5815.006388888886,267.0,90.543
HUL,5827.006388888886,270.0,90.543
HUL,5839.05083333333,271.0,90.543
HUL,5870.05083333333,279.0,90.543
HUL,5891.906388888886,281.0,90.543
HUL,5907.517499999996,281.0,90.543
HUL,5923.461944444441,287.0,90.543
HUL,5939.517499999996,289.0,90.543
HUL,5962.228611111107,292.0,90.543
HUL,5978.617499999996,295.0,90.543
HUL,5991.773055555551,296.0,90.543
HUL,6008.273055555551,297.0,90.543
HUL,6028.139722222217,298.0,90.543
HUL,6054.984166666662,302.0,90.543
HUL,6068.450833333328,303.0,90.543
HUL,6092.1730555555505,305.0,90.543
LAT,10.318333333333333,302.0,91.817
LAT,40.80277777777778,304.0,91.817
LAT,57.66250000000001,305.0,91.817
LAT,91.88472222222222,308.0,91.817
LAT,105.61805555555557,309.0,91.817
LAT,119.35138888888889,309.0,91.817
LAT,146.99583333333334,311.0,91.817
LAT,167.72916666666666,311.0,91.817
LAT,188.5958333333333,313.0,91.817
LAT,212.94027777777777,313.0,91.817
LAT,240.94027777777774,315.0,91.817
LAT,269.02916666666664,316.0,91.817
LAT,283.07361111111106,316.0,91.817
LAT,314.8736111111111,318.0,91.817
LAT,329.0069444444444,318.0,91.817
LAT,350.2069444444444,318.0,91.817
LAT,388.09583333333325,310.0,91.817
LAT,403.373611111111,275.0,91.817
LAT,414.0847222222221,241.0,91.817
LAT,428.21805555555545,212.0,91.817
LAT,436.6180555555555,189.0,91.817
LAT,446.0624999999999,170.0,91.817
LAT,456.8624999999999,162.0,91.817
LAT,463.21805555555545,143.0,91.817
LAT,469.17361111111103,134.0,91.817
LAT,477.8402777777777,130.0,91.817
LAT,484.50694444444434,120.0,91.817
LAT,492.17361111111103,115.0,91.817
LAT,497.0930555555555,110.0,91.817
LAT,504.1597222222222,106.0,91.817
LAT,513.1980555555555,102.0,91.817
LAT,518.8647222222221,102.0,91.817
LAT,523.3980555555554,102.0,91.817
LAT,528.7313888888888,96.0,91.817
LAT,532.8202777777776,92.0,91.817
LAT,536.8647222222221,91.0,91.817
LAT,545.4647222222221,86.0,91.817
LAT,551.1313888888888,85.0,91.817
LAT,555.9647222222221,87.0,91.817
LAT,559.8758333333333,88.0,91.817
LAT,566.2091666666666,95.0,91.817
LAT,579.8980555555555,112.0,91.817
LAT,585.0536111111111,116.0,91.817
LAT,591.9425,124.0,91.817
LAT,606.2425000000001,143.0,91.817
LAT,622.5425,163.0,91.817
LAT,633.9425,171.0,91.817
LAT,648.2536111111111,184.0,91.817
LAT,672.3313888888889,197.0,91.817
LAT,686.131388888889,207.0,91.817
LAT,697.7980555555557,210.0,91.817
LAT,707.2647222222224,213.0,91.817
LAT,717.0869444444446,221.0,91.817
LAT,739.6869444444446,226.0,91.817
LAT,760.6411111111113,235.0,91.817
LAT,790.2188888888891,242.0,91.817
LAT,806.5505555555558,246.0,91.817
LAT,820.4950000000001,251.0,91.817
LAT,852.1505555555558,259.0,91.817
LAT,872.6061111111113,263.0,91.817
LAT,896.1616666666669,265.0,91.817
LAT,910.9394444444446,266.0,91.817
LAT,929.0616666666668,233.0,91.817
LAT,940.6727777777779,209.0,91.817
LAT,951.1727777777779,189.0,91.817
LAT,960.783888888889,173.0,91.817
LAT,968.2061111111112,167.0,91.817
LAT,977.0950000000003,160.0,91.817
LAT,985.7061111111113,155.0,91.817
LAT,998.9505555555558,149.0,91.817
LAT,1014.5505555555558,156.0,91.817
LAT,1029.3061111111112,166.0,91.817
LAT,1043.306111111111,180.0,91.817
LAT,1053.6950000000002,187.0,91.817
LAT,1062.272777777778,193.0,91.817
LAT,1073.3283333333334,199.0,91.817
LAT,1091.3727777777779,203.0,91.817
LAT,1118.972777777778,207.0,91.817
LAT,1135.072777777778,207.0,91.817
LAT,1154.2436111111112,215.0,91.817
LAT,1166.4102777777778,219.0,91.817
LAT,1178.7991666666667,223.0,91.817
LAT,1198.9138888888888,227.0,91.817
LAT,1211.6361111111112,229.0,91.817
LAT,1232.2583333333334,232.0,91.817
LAT,1253.8583333333333,243.0,91.817
LAT,1275.7249999999997,246.0,91.817
LAT,1292.2583333333332,248.0,91.817
LAT,1311.7805555555556,251.0,91.817
LAT,1328.7138888888887,254.0,91.817
LAT,1354.1138888888886,254.0,91.817
LAT,1378.7138888888885,246.0,91.817
LAT,1392.2138888888887,243.0,91.817
LAT,1412.658333333333,230.0,91.817
LAT,1430.3138888888886,227.0,91.817
LAT,1447.8916666666664,226.0,91.817
LAT,1465.3916666666662,225.0,91.817
LAT,1480.3249999999996,224.0,91.817
LAT,1492.8249999999996,225.0,91.817
LAT,1508.158333333333,230.0,91.817
LAT,1534.4916666666663,237.0,91.817
LAT,1544.9361111111107,235.0,91.817
LAT,1557.6027777777772,228.0,91.817
LAT,1574.9311111111103,222.0,91.817
LAT,1601.8199999999993,220.0,91.817
LAT,1611.4644444444436,217.0,91.817
LAT,1623.5755555555547,218.0,91.817
LAT,1635.6261111111103,218.0,91.817
LAT,1645.2261111111102,216.0,91.817
LAT,1657.3372222222213,218.0,91.817
LAT,1669.8927777777767,226.0,91.817
LAT,1679.9372222222212,226.0,91.817
LAT,1702.337222222221,224.0,91.817
LAT,1719.6038888888877,222.0,91.817
LAT,1739.6927777777767,226.0,91.817
LAT,1768.1705555555545,233.0,91.817
LAT,1784.1038888888877,239.0,91.817
LAT,1808.6038888888877,245.0,91.817
LAT,1830.8261111111099,250.0,91.817
LAT,1847.8261111111099,255.0,91.817
LAT,1865.02611111111,258.0,91.817
LAT,1888.314999999999,262.0,91.817
LAT,1900.0927777777767,265.0,91.817
LAT,1917.8261111111099,266.0,91.817
LAT,1932.7705555555542,269.0,91.817
LAT,1953.9261111111098,272.0,91.817
LAT,1972.1927777777767,274.0,91.817
LAT,1993.6594444444434,276.0,91.817
LAT,2012.3369444444434,279.0,91.817
LAT,2037.3147222222212,281.0,91.817
LAT,2056.048055555554,281.0,91.817
LAT,2078.0591666666655,283.0,91.817
LAT,2093.892499999999,285.0,91.817
LAT,2122.512777777777,287.0,91.817
LAT,2151.3127777777772,288.0,91.817
LAT,2170.6461111111103,290.0,91.817
LAT,2193.2794444444435,291.0,91.817
LAT,2212.74611111111,292.0,91.817
LAT,2238.7905555555544,293.0,91.817
LAT,2251.8127777777763,293.0,91.817
LAT,2264.8349999999987,293.0,91.817
LAT,2277.3238888888873,281.0,91.817
LAT,2295.9905555555542,240.0,91.817
LAT,2306.123888888888,228.0,91.817
LAT,2319.7905555555544,205.0,91.817
LAT,2330.4016666666657,191.0,91.817
LAT,2346.0461111111103,176.0,91.817
LAT,2366.0905555555546,164.0,91.817
LAT,2374.923888888888,159.0,91.817
LAT,2389.823888888888,149.0,91.817
LAT,2399.7572222222216,149.0,91.817
LAT,2415.1572222222217,154.0,91.817
LAT,2425.5572222222213,156.0,91.817
LAT,2432.533888888888,156.0,91.817
LAT,2439.7338888888885,162.0,91.817
LAT,2456.6338888888886,169.0,91.817
LAT,2472.1894444444442,175.0,91.817
LAT,2481.9116666666664,175.0,91.817
LAT,2496.1716666666666,184.0,91.817
LAT,2506.616111111111,188.0,91.817
LAT,2521.938333333333,197.0,91.817
LAT,2540.338333333333,207.0,91.817
LAT,2552.116111111111,212.0,91.817
LAT,2566.782777777778,220.0,91.817
LAT,2579.2827777777775,225.0,91.817
LAT,2610.4827777777778,234.0,91.817
LAT,2626.549444444444,241.0,91.817
LAT,2654.216111111111,249.0,91.817
LAT,2668.2161111111104,252.0,91.817
LAT,2682.3827777777774,255.0,91.817
LAT,2693.760555555555,256.0,91.817
LAT,2711.0938888888886,260.0,91.817
LAT,2731.5494444444444,263.0,91.817
LAT,2746.438333333333,268.0,91.817
LAT,2776.5494444444444,271.0,91.817
LAT,2800.9049999999997,274.0,91.817
LAT,2825.438333333333,276.0,91.817
LAT,2850.2383333333323,279.0,91.817
LAT,2884.9058333333323,283.0,91.817
LAT,2903.772499999999,283.0,91.817
LAT,2922.8391666666657,286.0,91.817
LAT,2935.6391666666655,288.0,91.817
LAT,2958.116944444443,289.0,91.817
LAT,2975.444444444443,261.0,91.817
LAT,2988.722222222221,239.0,91.817
LAT,3000.7222222222204,216.0,91.817
LAT,3015.888888888887,195.0,91.817
LAT,3033.888888888887,180.0,91.817
LAT,3047.0333333333315,169.0,91.817
LAT,3059.7111111111094,163.0,91.817
LAT,3072.3888888888873,163.0,91.817
LAT,3089.1888888888875,168.0,91.817
LAT,3096.9666666666653,175.0,91.817
LAT,3120.433333333332,192.0,91.817
LAT,3142.655555555554,200.0,91.817
LAT,3175.1666666666656,209.0,91.817
LAT,3187.11111111111,215.0,91.817
LAT,3202.0444444444433,224.0,91.817
LAT,3214.599999999999,226.0,91.817
LAT,3224.822222222221,230.0,91.817
LAT,3248.2222222222213,234.0,91.817
LAT,3275.5124999999994,245.0,91.817
LAT,3292.045833333332,248.0,91.817
LAT,3320.6013888888883,257.0,91.817
LAT,3343.890277777777,262.0,91.817
LAT,3361.4833333333327,265.0,91.817
LAT,3385.3055555555547,268.0,91.817
LAT,3409.4833333333327,272.0,91.817
LAT,3421.616666666666,273.0,91.817
LAT,3436.8388888888885,274.0,91.817
LAT,3455.2388888888886,276.0,91.817
LAT,3473.9722222222217,281.0,91.817
LAT,3495.8277777777776,281.0,91.817
LAT,3515.0944444444444,289.0,91.817
LAT,3537.7277777777776,291.0,91.817
LAT,3557.1944444444443,292.0,91.817
LAT,3596.6611111111106,296.0,91.817
LAT,3629.7722222222214,298.0,91.817
LAT,3666.56111111111,301.0,91.817
LAT,3703.8388888888885,305.0,91.817
LAT,3734.5388888888883,307.0,91.817
LAT,3772.5138888888887,310.0,91.817
LAT,3786.291666666666,310.0,91.817
LAT,3807.0249999999996,311.0,91.817
LAT,3831.369444444444,313.0,91.817
LAT,3852.3694444444436,315.0,91.817
LAT,3877.024999999999,317.0,91.817
LAT,3905.291666666666,318.0,91.817
LAT,3933.5586111111106,319.0,91.817
LAT,3947.7808333333323,320.0,91.817
LAT,3962.003055555555,320.0,91.817
LAT,3994.103055555555,321.0,91.817
LAT,4008.3697222222213,321.0,91.817
LAT,4022.636388888888,321.0,91.817
LAT,4036.9030555555546,321.0,91.817
LAT,4065.525277777777,322.0,91.817
LAT,4083.414166666666,322.0,91.817
LAT,4101.303055555554,322.0,91.817
LAT,4126.347499999999,322.0,91.817
LAT,4153.014166666666,300.0,91.817
LAT,4179.014166666666,260.0,91.817
LAT,4197.75861111111,241.0,91.817
LAT,4223.547499999999,211.0,91.817
LAT,4244.247499999999,207.0,91.817
LAT,4267.247499999999,207.0,91.817
LAT,4276.491944444443,208.0,91.817
LAT,4292.88361111111,210.0,91.817
LAT,4302.439166666666,215.0,91.817
LAT,4317.439166666666,225.0,91.817
LAT,4343.439166666666,234.0,91.817
LAT,4374.639166666666,234.0,91.817
LAT,4393.3836111111095,241.0,91.817
LAT,4409.7152777777765,246.0,91.817
LAT,4426.24861111111,248.0,91.817
LAT,4443.0486111111095,252.0,91.817
LAT,4463.115277777776,258.0,91.817
LAT,4483.337499999999,260.0,91.817
LAT,4494.981944444443,262.0,91.817
LAT,4512.715277777776,266.0,91.817
LAT,4533.793055555553,271.0,91.817
LAT,4561.093055555553,273.0,91.817
LAT,4585.7152777777765,277.0,91.817
LAT,4598.070833333331,278.0,91.817
LAT,4623.0486111111095,281.0,91.817
LAT,4648.3819444444425,285.0,91.817
LAT,4673.981944444442,288.0,91.817
LAT,4699.937499999998,292.0,91.817
LAT,4722.95972222222,296.0,91.817
LAT,4739.45972222222,297.0,91.817
LAT,4766.126388888886,300.0,91.817
LAT,4789.621111111109,301.0,91.817
LAT,4816.643333333331,304.0,91.817
LAT,4840.443333333331,306.0,91.817
LAT,4857.554444444442,308.0,91.817
LAT,4878.154444444442,309.0,91.817
LAT,4902.3433333333305,311.0,91.817
LAT,4916.209999999997,312.0,91.817
LAT,4947.423055555553,313.0,91.817
LAT,4968.423055555553,315.0,91.817
LAT,4982.423055555553,315.0,91.817
LAT,4999.978611111109,316.0,91.817
LAT,5028.156388888888,317.0,91.817
LAT,5052.967499999999,319.0,91.817
LAT,5074.300833333332,320.0,91.817
LAT,5102.834166666665,321.0,91.817
LAT,5117.100833333332,321.0,91.817
LAT,5145.723055555553,322.0,91.817
LAT,5160.0341666666645,322.0,91.817
LAT,5185.156388888887,323.0,91.817
LAT,5206.756388888887,324.0,91.817
LAT,5231.956388888887,324.0,91.817
LAT,5257.234166666665,325.0,91.817
LAT,5278.900833333331,325.0,91.817
LAT,5296.956388888887,325.0,91.817
LAT,5336.678611111109,325.0,91.817
LAT,5368.968055555553,322.0,91.817
LAT,5381.056944444442,272.0,91.817
LAT,5431.723611111109,152.0,91.817
LAT,5444.079166666664,139.0,91.817
LAT,5452.842499999997,132.0,91.817
LAT,5458.486944444441,127.0,91.817
LAT,5466.686944444441,123.0,91.817
LAT,5475.631388888885,115.0,91.817
LAT,5480.520277777775,110.0,91.817
LAT,5486.575833333331,109.0,91.817
LAT,5494.742499999998,105.0,91.817
LAT,5500.631388888886,106.0,91.817
LAT,5506.575833333331,107.0,91.817
LAT,5512.631388888886,109.0,91.817
LAT,5520.164722222219,113.0,91.817
LAT,5525.320277777774,116.0,91.817
LAT,5534.809166666663,122.0,91.817
LAT,5540.586944444441,130.0,91.817
LAT,5557.031388888885,148.0,91.817
LAT,5564.2758333333295,163.0,91.817
LAT,5571.742499999997,168.0,91.817
LAT,5581.298055555551,172.0,91.817
LAT,5593.298055555551,180.0,91.817
LAT,5601.698055555551,189.0,91.817
LAT,5620.009166666662,206.0,91.817
LAT,5631.67833333333,209.0,91.817
LAT,5646.011666666663,215.0,91.817
LAT,5655.833888888885,221.0,91.817
LAT,5668.556111111107,229.0,91.817
LAT,5678.733888888885,229.0,91.817
LAT,5697.089444444441,236.0,91.817
LAT,5710.5338888888855,242.0,91.817
LAT,5738.089444444441,248.0,91.817
LAT,5755.0227777777745,254.0,91.817
LAT,5766.417777777775,258.0,91.817
LAT,5786.87333333333,263.0,91.817
LAT,5798.562222222219,263.0,91.817
LAT,5813.395555555553,267.0,91.817
LAT,5843.728888888886,273.0,91.817
LAT,5865.039999999997,274.0,91.817
LAT,5899.751111111108,284.0,91.817
LAT,5931.751111111109,288.0,91.817
LAT,5951.151111111109,291.0,91.817
LAT,5967.373333333331,292.0,91.817
LAT,5983.706666666665,294.0,91.817
LAT,6013.406666666665,297.0,91.817
LAT,6040.073333333331,300.0,91.817
LAT,6073.739999999998,303.0,91.817
