Driver,Distance,Speed,LapTimeSec
SAI,24.75,275.0,90.984
SAI,37.105555555555554,278.0,90.984
SAI,55.83888888888889,281.0,90.984
SAI,71.69555555555556,284.0,90.984
SAI,84.4511111111111,287.0,90.984
SAI,123.51777777777777,293.0,90.984
SAI,179.99555555555557,299.0,90.984
SAI,203.48444444444445,302.0,90.984
SAI,223.75111111111113,304.0,90.984
SAI,247.47333333333333,305.0,90.984
SAI,271.35111111111115,307.0,90.984
SAI,298.72888888888895,308.0,90.984
SAI,322.06222222222226,300.0,90.984
SAI,336.89555555555563,267.0,90.984
SAI,347.4733333333334,238.0,90.984
SAI,357.428888888889,224.0,90.984
SAI,372.2844444444445,191.0,90.984
SAI,385.38194444444446,169.0,90.984
SAI,400.18194444444447,148.0,90.984
SAI,411.3041666666667,143.0,90.984
SAI,418.9152777777778,137.0,90.984
SAI,429.6486111111111,138.0,90.984
SAI,444.04861111111114,144.0,90.984
SAI,450.4930555555556,145.0,90.984
SAI,460.9597222222223,157.0,90.984
SAI,468.0708333333334,160.0,90.984
SAI,477.0708333333334,162.0,90.984
SAI,486.1158333333334,162.0,90.984
SAI,493.22694444444454,160.0,90.984
SAI,503.76027777777784,158.0,90.984
SAI,514.0269444444446,132.0,90.984
SAI,525.2269444444445,112.0,90.984
SAI,531.0602777777779,105.0,90.984
SAI,536.5602777777779,99.0,90.984
SAI,541.6713888888889,92.0,90.984
SAI,546.6713888888889,90.0,90.984
SAI,553.4380555555556,87.0,90.984
SAI,564.8047222222223,93.0,90.984
SAI,570.2491666666667,98.0,90.984
SAI,581.1491666666667,109.0,90.984
SAI,588.8825,116.0,90.984
SAI,595.8825,126.0,90.984
SAI,613.6047222222222,145.0,90.984
SAI,628.3141666666667,166.0,90.984
SAI,635.8697222222222,170.0,90.984
SAI,650.1030555555556,183.0,90.984
SAI,662.8363888888889,191.0,90.984
SAI,671.5919444444444,197.0,90.984
SAI,692.4919444444445,209.0,90.984
SAI,709.3697222222222,217.0,90.984
SAI,719.1919444444444,221.0,90.984
SAI,729.1030555555556,223.0,90.984
SAI,739.2363888888889,228.0,90.984
SAI,752.1252777777777,232.0,90.984
SAI,773.3469444444444,238.0,90.984
SAI,784.1025,242.0,90.984
SAI,795.0358333333334,246.0,90.984
SAI,808.8691666666667,249.0,90.984
SAI,825.4691666666668,249.0,90.984
SAI,848.1358333333333,255.0,90.984
SAI,865.1358333333333,255.0,90.984
SAI,884.2691666666667,246.0,90.984
SAI,900.8358333333333,213.0,90.984
SAI,911.613611111111,194.0,90.984
SAI,921.613611111111,180.0,90.984
SAI,929.1691666666666,170.0,90.984
SAI,947.1691666666667,162.0,90.984
SAI,954.1913888888889,158.0,90.984
SAI,964.7913888888888,159.0,90.984
SAI,983.1247222222223,165.0,90.984
SAI,992.5136111111111,169.0,90.984
SAI,1003.9802777777777,172.0,90.984
SAI,1018.2402777777777,184.0,90.984
SAI,1039.7958333333333,194.0,90.984
SAI,1062.573611111111,205.0,90.984
SAI,1071.684722222222,205.0,90.984
SAI,1102.484722222222,231.0,90.984
SAI,1115.595833333333,236.0,90.984
SAI,1126.3069444444443,241.0,90.984
SAI,1139.9302777777777,244.0,90.984
SAI,1159.2969444444445,249.0,90.984
SAI,1173.6302777777778,258.0,90.984
SAI,1199.8302777777778,262.0,90.984
SAI,1214.663611111111,267.0,90.984
SAI,1226.663611111111,270.0,90.984
SAI,1241.663611111111,270.0,90.984
SAI,1257.1080555555554,278.0,90.984
SAI,1272.5525,278.0,90.984
SAI,1291.4191666666666,283.0,90.984
SAI,1307.363611111111,287.0,90.984
SAI,1329.8413888888888,289.0,90.984
SAI,1355.9747222222222,294.0,90.984
SAI,1382.3747222222223,297.0,90.984
SAI,1402.1747222222223,297.0,90.984
SAI,1435.730277777778,302.0,90.984
SAI,1514.1005555555557,307.0,90.984
SAI,1538.1338888888888,309.0,90.984
SAI,1562.322777777778,311.0,90.984
SAI,1579.7116666666668,313.0,90.984
SAI,1597.1561111111112,314.0,90.984
SAI,1611.1116666666667,314.0,90.984
SAI,1625.1116666666667,315.0,90.984
SAI,1646.111666666667,315.0,90.984
SAI,1673.9316666666668,312.0,90.984
SAI,1700.1538888888892,236.0,90.984
SAI,1717.6650000000004,197.0,90.984
SAI,1729.5983333333336,179.0,90.984
SAI,1749.331666666667,148.0,90.984
SAI,1758.5983333333336,139.0,90.984
SAI,1764.4650000000001,132.0,90.984
SAI,1770.065,126.0,90.984
SAI,1779.6316666666667,123.0,90.984
SAI,1787.4983333333332,118.0,90.984
SAI,1794.165,120.0,90.984
SAI,1800.9983333333332,123.0,90.984
SAI,1815.4427777777776,130.0,90.984
SAI,1824.776111111111,140.0,90.984
SAI,1834.4427777777776,145.0,90.984
SAI,1843.5538888888887,164.0,90.984
SAI,1855.0872222222222,173.0,90.984
SAI,1867.1538888888888,181.0,90.984
SAI,1875.5094444444444,188.0,90.984
SAI,1888.2561111111108,192.0,90.984
SAI,1906.656111111111,207.0,90.984
SAI,1915.9005555555557,208.0,90.984
SAI,1924.6116666666667,196.0,90.984
SAI,1934.1672222222223,172.0,90.984
SAI,1946.7005555555556,141.0,90.984
SAI,1955.1672222222223,127.0,90.984
SAI,1962.4338888888888,109.0,90.984
SAI,1970.993888888889,96.0,90.984
SAI,1974.993888888889,90.0,90.984
SAI,1979.7161111111113,85.0,90.984
SAI,1983.3605555555557,82.0,90.984
SAI,1990.2050000000002,77.0,90.984
SAI,1997.1383333333335,78.0,90.984
SAI,2002.4050000000002,79.0,90.984
SAI,2007.0716666666667,84.0,90.984
SAI,2013.005,89.0,90.984
SAI,2019.5383333333334,98.0,90.984
SAI,2030.4383333333335,109.0,90.984
SAI,2041.7272222222225,127.0,90.984
SAI,2047.593888888889,132.0,90.984
SAI,2055.482777777778,142.0,90.984
SAI,2069.438333333334,157.0,90.984
SAI,2078.160555555556,157.0,90.984
SAI,2092.1605555555557,180.0,90.984
SAI,2117.493888888889,190.0,90.984
SAI,2129.1119444444444,175.0,90.984
SAI,2144.2119444444443,151.0,90.984
SAI,2152.1563888888886,143.0,90.984
SAI,2169.0230555555554,138.0,90.984
SAI,2182.3230555555556,133.0,90.984
SAI,2191.1897222222224,133.0,90.984
SAI,2203.494722222222,138.0,90.984
SAI,2211.4391666666666,143.0,90.984
SAI,2222.9502777777775,148.0,90.984
SAI,2235.0836111111107,156.0,90.984
SAI,2250.016944444444,168.0,90.984
SAI,2259.850277777777,177.0,90.984
SAI,2268.116944444444,186.0,90.984
SAI,2285.5391666666665,196.0,90.984
SAI,2296.816944444444,203.0,90.984
SAI,2311.016944444444,213.0,90.984
SAI,2328.0502777777774,219.0,90.984
SAI,2340.4947222222218,224.0,90.984
SAI,2363.794722222222,233.0,90.984
SAI,2379.6613888888887,238.0,90.984
SAI,2395.7947222222224,242.0,90.984
SAI,2406.550277777778,242.0,90.984
SAI,2428.950277777778,252.0,90.984
SAI,2448.7836111111114,255.0,90.984
SAI,2469.0058333333336,260.0,90.984
SAI,2486.5325000000003,264.0,90.984
SAI,2516.0880555555564,266.0,90.984
SAI,2533.888055555556,267.0,90.984
SAI,2548.054722222223,255.0,90.984
SAI,2573.254722222223,189.0,90.984
SAI,2589.7002777777784,164.0,90.984
SAI,2598.2558333333336,154.0,90.984
SAI,2607.9225000000006,145.0,90.984
SAI,2617.3891666666673,142.0,90.984
SAI,2623.4780555555562,137.0,90.984
SAI,2634.21138888889,138.0,90.984
SAI,2642.0447222222233,141.0,90.984
SAI,2653.4002777777787,146.0,90.984
SAI,2665.455833333334,155.0,90.984
SAI,2683.9002777777787,166.0,90.984
SAI,2702.1002777777785,182.0,90.984
SAI,2722.1002777777785,150.0,90.984
SAI,2733.566944444445,129.0,90.984
SAI,2740.4002777777787,123.0,90.984
SAI,2749.5002777777786,117.0,90.984
SAI,2755.7225000000008,112.0,90.984
SAI,2763.122500000001,111.0,90.984
SAI,2774.8225000000007,117.0,90.984
SAI,2784.4669444444453,124.0,90.984
SAI,2793.6950000000006,139.0,90.984
SAI,2807.5616666666674,156.0,90.984
SAI,2818.428333333334,163.0,90.984
SAI,2835.928333333334,175.0,90.984
SAI,2843.9727777777784,181.0,90.984
SAI,2860.825277777779,189.0,90.984
SAI,2883.047500000001,200.0,90.984
SAI,2904.047500000001,210.0,90.984
SAI,2928.158611111112,217.0,90.984
SAI,2951.747500000001,193.0,90.984
SAI,2969.0808333333343,156.0,90.984
SAI,2980.1030555555567,124.0,90.984
SAI,2989.2586111111123,103.0,90.984
SAI,2993.3030555555565,91.0,90.984
SAI,2999.7586111111123,83.0,90.984
SAI,3004.958611111112,78.0,90.984
SAI,3009.1808333333342,76.0,90.984
SAI,3014.469722222223,68.0,90.984
SAI,3018.869722222223,66.0,90.984
SAI,3023.33638888889,67.0,90.984
SAI,3026.358611111112,68.0,90.984
SAI,3031.958611111112,72.0,90.984
SAI,3040.158611111112,82.0,90.984
SAI,3049.731944444445,96.0,90.984
SAI,3054.3541666666674,104.0,90.984
SAI,3061.8875000000007,113.0,90.984
SAI,3073.2652777777785,128.0,90.984
SAI,3088.306944444445,150.0,90.984
SAI,3107.306944444445,171.0,90.984
SAI,3133.0402777777786,193.0,90.984
SAI,3141.618055555556,193.0,90.984
SAI,3152.9513888888896,204.0,90.984
SAI,3162.1958333333337,208.0,90.984
SAI,3171.7513888888893,215.0,90.984
SAI,3186.6847222222227,224.0,90.984
SAI,3204.8069444444445,233.0,90.984
SAI,3234.506944444445,243.0,90.984
SAI,3259.7069444444446,252.0,90.984
SAI,3276.773611111111,256.0,90.984
SAI,3303.1736111111113,264.0,90.984
SAI,3314.9958333333334,266.0,90.984
SAI,3332.995833333333,270.0,90.984
SAI,3345.084722222223,272.0,90.984
SAI,3357.3513888888892,276.0,90.984
SAI,3385.451388888889,281.0,90.984
SAI,3417.3402777777783,287.0,90.984
SAI,3436.6069444444447,289.0,90.984
SAI,3458.1519444444443,278.0,90.984
SAI,3476.196388888889,232.0,90.984
SAI,3489.4630555555555,199.0,90.984
SAI,3497.774166666667,187.0,90.984
SAI,3509.7947222222224,154.0,90.984
SAI,3517.4058333333337,137.0,90.984
SAI,3526.5058333333336,117.0,90.984
SAI,3534.6725,105.0,90.984
SAI,3542.139166666667,96.0,90.984
SAI,3550.139166666667,90.0,90.984
SAI,3559.3391666666666,92.0,90.984
SAI,3563.5169444444446,94.0,90.984
SAI,3573.0169444444446,95.0,90.984
SAI,3578.7391666666663,103.0,90.984
SAI,3583.4502777777775,106.0,90.984
SAI,3588.516944444444,114.0,90.984
SAI,3595.294722222222,122.0,90.984
SAI,3606.0280555555555,138.0,90.984
SAI,3615.6280555555554,144.0,90.984
SAI,3636.894722222222,174.0,90.984
SAI,3649.0280555555555,182.0,90.984
SAI,3659.5836111111103,190.0,90.984
SAI,3707.583611111111,216.0,90.984
SAI,3719.861388888888,221.0,90.984
SAI,3734.928055555555,226.0,90.984
SAI,3752.985555555555,233.0,90.984
SAI,3768.918888888888,239.0,90.984
SAI,3787.818888888888,243.0,90.984
SAI,3818.443888888888,250.0,90.984
SAI,3829.599444444443,251.0,90.984
SAI,3843.76611111111,255.0,90.984
SAI,3863.9105555555548,259.0,90.984
SAI,3884.3661111111105,263.0,90.984
SAI,3905.1327777777774,267.0,90.984
SAI,3920.0216666666665,268.0,90.984
SAI,3944.2883333333325,273.0,90.984
SAI,3959.5661111111103,275.0,90.984
SAI,3981.1883333333326,278.0,90.984
SAI,4002.810555555555,278.0,90.984
SAI,4018.421666666666,281.0,90.984
SAI,4046.7216666666664,283.0,90.984
SAI,4068.8883333333333,285.0,90.984
SAI,4087.9549999999995,286.0,90.984
SAI,4123.399444444443,290.0,90.984
SAI,4139.510555555555,290.0,90.984
SAI,4165.377222222221,291.0,90.984
SAI,4181.599444444443,292.0,90.984
SAI,4204.154999999999,290.0,90.984
SAI,4228.154999999999,216.0,90.984
SAI,4239.376388888888,203.0,90.984
SAI,4247.331944444443,179.0,90.984
SAI,4256.165277777776,159.0,90.984
SAI,4265.2986111111095,137.0,90.984
SAI,4276.711944444442,128.0,90.984
SAI,4283.5452777777755,123.0,90.984
SAI,4294.845277777776,113.0,90.984
SAI,4299.778611111109,111.0,90.984
SAI,4308.567499999998,113.0,90.984
SAI,4315.123055555554,118.0,90.984
SAI,4323.523055555554,126.0,90.984
SAI,4337.223055555554,137.0,90.984
SAI,4346.223055555554,135.0,90.984
SAI,4353.834166666666,137.0,90.984
SAI,4368.134166666666,143.0,90.984
SAI,4386.834166666666,153.0,90.984
SAI,4397.634166666666,162.0,90.984
SAI,4407.07861111111,170.0,90.984
SAI,4421.311944444444,183.0,90.984
SAI,4429.57861111111,186.0,90.984
SAI,4446.734166666666,193.0,90.984
SAI,4455.800833333333,204.0,90.984
SAI,4467.411944444444,209.0,90.984
SAI,4476.9675,215.0,90.984
SAI,4499.2675,223.0,90.984
SAI,4511.934166666667,228.0,90.984
SAI,4527.600833333333,235.0,90.984
SAI,4549.044722222222,242.0,90.984
SAI,4562.655833333333,245.0,90.984
SAI,4579.255833333333,249.0,90.984
SAI,4590.436388888888,250.0,90.984
SAI,4612.480833333333,248.0,90.984
SAI,4635.180833333333,227.0,90.984
SAI,4652.136388888887,218.0,90.984
SAI,4668.46972222222,210.0,90.984
SAI,4687.491944444443,214.0,90.984
SAI,4699.825277777777,222.0,90.984
SAI,4712.325277777776,225.0,90.984
SAI,4722.503055555555,229.0,90.984
SAI,4732.85861111111,233.0,90.984
SAI,4743.2586111111095,234.0,90.984
SAI,4756.4252777777765,237.0,90.984
SAI,4777.7586111111095,240.0,90.984
SAI,4794.0919444444435,245.0,90.984
SAI,4818.891944444444,248.0,90.984
SAI,4830.269722222221,256.0,90.984
SAI,4850.491944444444,260.0,90.984
SAI,4873.958611111111,264.0,90.984
RUS,26.92083333333333,273.0,91.056
RUS,45.25416666666666,275.0,91.056
RUS,60.75416666666667,279.0,91.056
RUS,98.75416666666666,285.0,91.056
RUS,127.935,291.0,91.056
RUS,144.2127777777778,293.0,91.056
RUS,163.8127777777778,294.0,91.056
RUS,183.54611111111112,296.0,91.056
RUS,196.79055555555558,298.0,91.056
RUS,220.04611111111112,299.0,91.056
RUS,236.76833333333335,301.0,91.056
RUS,260.33500000000004,303.0,91.056
RUS,283.9794444444445,304.0,91.056
RUS,317.09055555555557,298.0,91.056
RUS,343.29055555555556,262.0,91.056
RUS,368.8905555555556,192.0,91.056
RUS,383.29055555555556,162.0,91.056
RUS,391.8461111111111,154.0,91.056
RUS,403.12388888888887,145.0,91.056
RUS,411.0127777777778,142.0,91.056
RUS,420.0127777777778,135.0,91.056
RUS,433.91277777777776,139.0,91.056
RUS,445.11277777777775,144.0,91.056
RUS,455.20388888888886,152.0,91.056
RUS,469.515,161.0,91.056
RUS,480.3816666666666,163.0,91.056
RUS,496.3816666666666,160.0,91.056
RUS,502.8705555555555,146.0,91.056
RUS,514.7297222222221,133.0,91.056
RUS,526.8408333333332,109.0,91.056
RUS,536.7408333333332,99.0,91.056
RUS,546.9630555555555,92.0,91.056
RUS,557.5963888888888,87.0,91.056
RUS,568.2630555555554,96.0,91.056
RUS,577.3297222222221,102.0,91.056
RUS,587.9963888888888,120.0,91.056
RUS,593.5963888888888,126.0,91.056
RUS,604.1741666666666,136.0,91.056
RUS,614.3741666666666,153.0,91.056
RUS,622.8741666666666,153.0,91.056
RUS,636.4852777777778,175.0,91.056
RUS,648.6852777777779,183.0,91.056
RUS,661.6186111111111,194.0,91.056
RUS,670.5519444444445,201.0,91.056
RUS,686.185277777778,201.0,91.056
RUS,707.785277777778,216.0,91.056
RUS,730.4222222222224,227.0,91.056
RUS,740.5111111111113,227.0,91.056
RUS,756.1111111111113,234.0,91.056
RUS,777.3555555555557,239.0,91.056
RUS,802.023888888889,246.0,91.056
RUS,829.8016666666668,250.0,91.056
RUS,863.2683333333335,251.0,91.056
RUS,874.0683333333335,243.0,91.056
RUS,886.1238888888892,217.0,91.056
RUS,895.412777777778,209.0,91.056
RUS,904.212777777778,198.0,91.056
RUS,916.2127777777779,180.0,91.056
RUS,929.2016666666668,167.0,91.056
RUS,948.0238888888889,154.0,91.056
RUS,963.8238888888889,158.0,91.056
RUS,974.8905555555556,166.0,91.056
RUS,992.1905555555555,173.0,91.056
RUS,1000.3238888888889,183.0,91.056
RUS,1012.9905555555555,190.0,91.056
RUS,1021.7461111111111,197.0,91.056
RUS,1030.5016666666666,197.0,91.056
RUS,1050.8016666666667,203.0,91.056
RUS,1075.023888888889,218.0,91.056
RUS,1089.8238888888889,222.0,91.056
RUS,1107.8813888888888,233.0,91.056
RUS,1126.4702777777777,239.0,91.056
RUS,1142.7369444444446,244.0,91.056
RUS,1153.5813888888888,244.0,91.056
RUS,1173.6416666666667,257.0,91.056
RUS,1187.9194444444445,257.0,91.056
RUS,1208.763888888889,268.0,91.056
RUS,1230.1527777777776,275.0,91.056
RUS,1251.697222222222,277.0,91.056
RUS,1276.7638888888887,282.0,91.056
RUS,1305.3638888888886,286.0,91.056
RUS,1318.2527777777775,290.0,91.056
RUS,1347.5527777777775,293.0,91.056
RUS,1363.8861111111107,294.0,91.056
RUS,1377.0861111111108,297.0,91.056
RUS,1390.2861111111108,297.0,91.056
RUS,1406.8416666666667,298.0,91.056
RUS,1430.1749999999997,300.0,91.056
RUS,1450.2416666666666,301.0,91.056
RUS,1487.2749999999996,303.0,91.056
RUS,1507.475,303.0,91.056
RUS,1524.475,306.0,91.056
RUS,1593.3638888888888,310.0,91.056
RUS,1610.586111111111,310.0,91.056
RUS,1631.3194444444441,311.0,91.056
RUS,1655.421944444444,311.0,91.056
RUS,1675.2219444444443,297.0,91.056
RUS,1694.5108333333333,248.0,91.056
RUS,1718.2758333333331,194.0,91.056
RUS,1725.7424999999998,168.0,91.056
RUS,1734.1869444444442,152.0,91.056
RUS,1744.8424999999997,137.0,91.056
RUS,1755.0313888888886,131.0,91.056
RUS,1764.7536111111108,125.0,91.056
RUS,1771.4202777777775,120.0,91.056
RUS,1781.8202777777776,117.0,91.056
RUS,1788.5980555555554,122.0,91.056
RUS,1798.553611111111,128.0,91.056
RUS,1809.2869444444443,138.0,91.056
RUS,1817.2869444444443,144.0,91.056
RUS,1833.9869444444444,167.0,91.056
RUS,1847.364722222222,172.0,91.056
RUS,1859.8313888888888,187.0,91.056
RUS,1883.7869444444443,196.0,91.056
RUS,1895.0647222222221,203.0,91.056
RUS,1913.4647222222218,207.0,91.056
RUS,1923.5202777777774,181.0,91.056
RUS,1934.9536111111108,147.0,91.056
RUS,1948.175833333333,119.0,91.056
RUS,1954.2011111111108,109.0,91.056
RUS,1958.7788888888886,103.0,91.056
RUS,1964.1677777777772,97.0,91.056
RUS,1970.3011111111107,92.0,91.056
RUS,1977.701944444444,83.0,91.056
RUS,1982.0352777777775,78.0,91.056
RUS,1989.6352777777774,76.0,91.056
RUS,1993.1463888888886,79.0,91.056
RUS,1999.5241666666664,82.0,91.056
RUS,2004.4130555555553,88.0,91.056
RUS,2010.8130555555554,96.0,91.056
RUS,2021.3130555555554,105.0,91.056
RUS,2029.2463888888888,119.0,91.056
RUS,2036.468611111111,130.0,91.056
RUS,2051.068611111111,146.0,91.056
RUS,2071.8463888888887,170.0,91.056
RUS,2083.713055555555,178.0,91.056
RUS,2093.990833333333,185.0,91.056
RUS,2108.7686111111107,190.0,91.056
RUS,2116.5908333333327,176.0,91.056
RUS,2130.813055555555,160.0,91.056
RUS,2137.6574999999993,154.0,91.056
RUS,2145.6574999999993,144.0,91.056
RUS,2151.9686111111105,142.0,91.056
RUS,2165.2686111111107,133.0,91.056
RUS,2172.6019444444437,132.0,91.056
RUS,2181.3352777777773,131.0,91.056
RUS,2193.2977777777774,135.0,91.056
RUS,2201.0199999999995,139.0,91.056
RUS,2210.6866666666665,145.0,91.056
RUS,2217.5738888888886,154.0,91.056
RUS,2232.418333333333,167.0,91.056
RUS,2250.618333333333,182.0,91.056
RUS,2265.3961111111107,190.0,91.056
RUS,2281.1849999999995,203.0,91.056
RUS,2300.118333333333,213.0,91.056
RUS,2312.2294444444437,218.0,91.056
RUS,2324.618333333333,223.0,91.056
RUS,2334.529444444444,223.0,91.056
RUS,2344.6627777777776,228.0,91.056
RUS,2355.107222222222,235.0,91.056
RUS,2368.3849999999998,239.0,91.056
RUS,2389.807222222222,241.0,91.056
RUS,2406.273888888889,247.0,91.056
RUS,2431.673888888889,254.0,91.056
RUS,2443.007222222222,255.0,91.056
RUS,2463.1516666666666,259.0,91.056
RUS,2486.4405555555554,262.0,91.056
RUS,2509.907222222222,264.0,91.056
RUS,2540.096111111111,247.0,91.056
RUS,2550.496111111111,234.0,91.056
RUS,2565.8961111111107,198.0,91.056
RUS,2577.4961111111106,174.0,91.056
RUS,2590.283611111111,165.0,91.056
RUS,2597.305833333333,158.0,91.056
RUS,2609.0141666666664,150.0,91.056
RUS,2615.5030555555554,146.0,91.056
RUS,2627.0919444444444,149.0,91.056
RUS,2644.425277777778,156.0,91.056
RUS,2653.2030555555552,158.0,91.056
RUS,2662.2030555555552,162.0,91.056
RUS,2671.5363888888887,168.0,91.056
RUS,2683.069722222222,173.0,91.056
RUS,2690.936388888889,177.0,91.056
RUS,2706.4919444444445,175.0,91.056
RUS,2714.7697222222223,149.0,91.056
RUS,2728.5475,124.0,91.056
RUS,2735.2141666666666,120.0,91.056
RUS,2746.4141666666665,112.0,91.056
RUS,2755.0474999999997,111.0,91.056
RUS,2760.1141666666663,114.0,91.056
RUS,2773.5586111111106,121.0,91.056
RUS,2779.2919444444437,129.0,91.056
RUS,2786.9586111111107,138.0,91.056
RUS,2795.2363888888885,149.0,91.056
RUS,2804.0697222222216,159.0,91.056
RUS,2819.091944444444,169.0,91.056
RUS,2836.7919444444437,177.0,91.056
RUS,2855.8919444444437,191.0,91.056
RUS,2871.159444444444,197.0,91.056
RUS,2887.1038888888884,205.0,91.056
RUS,2898.6613888888883,207.0,91.056
RUS,2922.772499999999,217.0,91.056
RUS,2936.305833333332,203.0,91.056
RUS,2946.4169444444433,182.0,91.056
RUS,2959.561388888888,169.0,91.056
RUS,2973.161388888888,136.0,91.056
RUS,2979.88361111111,121.0,91.056
RUS,2984.8613888888876,112.0,91.056
RUS,2990.58361111111,103.0,91.056
RUS,2995.9724999999985,97.0,91.056
RUS,3001.028055555554,91.0,91.056
RUS,3007.716944444443,86.0,91.056
RUS,3015.939166666665,74.0,91.056
RUS,3019.939166666665,72.0,91.056
RUS,3023.1391666666655,72.0,91.056
RUS,3029.2724999999987,69.0,91.056
RUS,3035.939166666665,75.0,91.056
RUS,3061.6058333333317,105.0,91.056
RUS,3068.872499999998,109.0,91.056
RUS,3078.1280555555536,119.0,91.056
RUS,3090.928055555554,144.0,91.056
RUS,3106.828055555554,159.0,91.056
RUS,3114.2922222222205,169.0,91.056
RUS,3130.520555555554,182.0,91.056
RUS,3150.720555555554,202.0,91.056
RUS,3162.3316666666647,209.0,91.056
RUS,3174.2761111111095,215.0,91.056
RUS,3194.2761111111095,225.0,91.056
RUS,3206.942777777776,228.0,91.056
RUS,3217.298333333332,233.0,91.056
RUS,3244.0761111111096,241.0,91.056
RUS,3255.098333333332,248.0,91.056
RUS,3274.7761111111095,253.0,91.056
RUS,3303.8872222222208,262.0,91.056
RUS,3333.6649999999986,268.0,91.056
RUS,3348.5538888888877,268.0,91.056
RUS,3373.1761111111095,277.0,91.056
RUS,3388.6205555555543,278.0,91.056
RUS,3407.3538888888875,281.0,91.056
RUS,3432.7761111111104,286.0,91.056
RUS,3458.287222222221,287.0,91.056
RUS,3470.820555555555,282.0,91.056
RUS,3481.1761111111105,233.0,91.056
RUS,3492.4538888888883,203.0,91.056
RUS,3505.987222222221,203.0,91.056
RUS,3517.887222222221,153.0,91.056
RUS,3528.909444444443,124.0,91.056
RUS,3535.7983333333323,124.0,91.056
RUS,3544.7761111111104,101.0,91.056
RUS,3551.17611111111,96.0,91.056
RUS,3555.309444444443,93.0,91.056
RUS,3560.087222222221,86.0,91.056
RUS,3566.853888888888,87.0,91.056
RUS,3570.764999999999,88.0,91.056
RUS,3575.9316666666655,93.0,91.056
RUS,3586.3316666666656,104.0,91.056
RUS,3592.5538888888877,112.0,91.056
RUS,3597.5316666666654,112.0,91.056
RUS,3607.3316666666656,126.0,91.056
RUS,3624.331666666666,153.0,91.056
RUS,3631.1316666666658,153.0,91.056
RUS,3647.7316666666657,166.0,91.056
RUS,3668.1761111111095,184.0,91.056
RUS,3683.5761111111096,198.0,91.056
RUS,3701.7983333333323,205.0,91.056
RUS,3716.464999999999,220.0,91.056
RUS,3731.131666666666,220.0,91.056
RUS,3749.176111111111,232.0,91.056
RUS,3762.2872222222213,236.0,91.056
RUS,3786.487222222221,242.0,91.056
RUS,3805.6983333333324,247.0,91.056
RUS,3822.365,250.0,91.056
RUS,3836.47611111111,254.0,91.056
RUS,3859.231666666666,256.0,91.056
RUS,3873.5649999999996,258.0,91.056
RUS,3899.9649999999997,264.0,91.056
RUS,3914.7427777777775,266.0,91.056
RUS,3929.57611111111,267.0,91.056
RUS,3956.67611111111,271.0,91.056
RUS,3984.27611111111,276.0,91.056
RUS,3999.664999999999,277.0,91.056
RUS,4030.776111111111,280.0,91.056
RUS,4046.387222222222,281.0,91.056
RUS,4058.920555555555,282.0,91.056
RUS,4090.4761111111097,284.0,91.056
RUS,4122.142777777777,285.0,91.056
RUS,4147.653888888889,287.0,91.056
RUS,4166.853888888889,288.0,91.056
RUS,4189.176111111111,287.0,91.056
RUS,4208.309444444444,287.0,91.056
RUS,4236.842777777778,214.0,91.056
RUS,4247.287222222222,188.0,91.056
RUS,4254.665,166.0,91.056
RUS,4263.053888888889,151.0,91.056
RUS,4269.27611111111,140.0,91.056
RUS,4275.27611111111,135.0,91.056
RUS,4283.809444444444,128.0,91.056
RUS,4290.47611111111,120.0,91.056
RUS,4299.296388888888,113.0,91.056
RUS,4308.954999999999,109.0,91.056
RUS,4316.5549999999985,114.0,91.056
RUS,4321.799444444443,118.0,91.056
RUS,4327.221666666665,122.0,91.056
RUS,4334.332777777776,128.0,91.056
RUS,4349.5549999999985,137.0,91.056
RUS,4360.2105555555545,137.0,91.056
RUS,4366.388333333332,139.0,91.056
RUS,4377.743888888888,146.0,91.056
RUS,4390.110555555555,159.0,91.056
RUS,4401.043888888888,164.0,91.056
RUS,4416.599444444444,175.0,91.056
RUS,4441.932777777778,190.0,91.056
RUS,4455.266111111111,200.0,91.056
RUS,4469.266111111111,210.0,91.056
RUS,4491.266111111111,220.0,91.056
RUS,4506.132777777778,223.0,91.056
RUS,4521.599444444444,232.0,91.056
RUS,4537.332777777777,236.0,91.056
RUS,4558.843888888889,242.0,91.056
RUS,4569.599444444444,242.0,91.056
RUS,4588.577222222222,244.0,91.056
RUS,4601.910555555556,240.0,91.056
RUS,4612.399444444445,236.0,91.056
RUS,4629.649722222223,221.0,91.056
RUS,4646.079722222223,212.0,91.056
RUS,4662.724166666667,214.0,91.056
RUS,4676.924166666667,213.0,91.056
RUS,4686.390833333333,213.0,91.056
RUS,4701.0575,220.0,91.056
RUS,4713.501944444444,224.0,91.056
RUS,4739.279722222222,232.0,91.056
RUS,4752.279722222222,234.0,91.056
RUS,4762.679722222221,234.0,91.056
RUS,4778.746388888889,241.0,91.056
RUS,4800.613055555555,246.0,91.056
RUS,4811.590833333332,247.0,91.056
RUS,4822.657499999999,249.0,91.056
RUS,4833.901944444444,253.0,91.056
RUS,4856.924166666666,259.0,91.056
RUS,4886.701944444444,268.0,91.056
LEC,11.017777777777777,268.0,91.063
LEC,28.884444444444444,268.0,91.063
LEC,59.995555555555555,280.0,91.063
LEC,75.82888888888888,285.0,91.063
LEC,94.96222222222221,287.0,91.063
LEC,117.3597222222222,289.0,91.063
LEC,150.1375,295.0,91.063
LEC,183.24861111111107,298.0,91.063
LEC,196.62638888888887,301.0,91.063
LEC,237.29305555555553,305.0,91.063
LEC,254.23749999999995,305.0,91.063
LEC,267.9263888888889,308.0,91.063
LEC,285.1788888888889,309.0,91.063
LEC,309.0566666666666,307.0,91.063
LEC,324.66777777777776,281.0,91.063
LEC,346.66777777777776,220.0,91.063
LEC,358.2788888888889,209.0,91.063
LEC,366.7677777777778,191.0,91.063
LEC,376.8788888888889,182.0,91.063
LEC,385.93444444444447,163.0,91.063
LEC,394.7677777777778,159.0,91.063
LEC,404.5677777777778,147.0,91.063
LEC,412.4566666666667,142.0,91.063
LEC,423.34555555555556,140.0,91.063
LEC,436.1455555555556,144.0,91.063
LEC,450.01222222222225,156.0,91.063
LEC,460.5455555555556,158.0,91.063
LEC,478.76777777777784,164.0,91.063
LEC,509.40111111111116,120.0,91.063
LEC,517.9566666666667,110.0,91.063
LEC,525.9677777777779,103.0,91.063
LEC,531.2455555555556,95.0,91.063
LEC,536.3566666666667,92.0,91.063
LEC,540.3566666666667,90.0,91.063
LEC,544.3566666666667,90.0,91.063
LEC,550.2900000000001,89.0,91.063
LEC,558.5825000000001,93.0,91.063
LEC,569.6936111111112,100.0,91.063
LEC,579.7380555555557,113.0,91.063
LEC,588.071388888889,125.0,91.063
LEC,607.1380555555556,143.0,91.063
LEC,617.7380555555557,159.0,91.063
LEC,624.9825000000001,163.0,91.063
LEC,632.6269444444446,172.0,91.063
LEC,646.7047222222224,181.0,91.063
LEC,659.5713888888889,193.0,91.063
LEC,670.4602777777778,196.0,91.063
LEC,681.8491666666666,205.0,91.063
LEC,705.9602777777777,217.0,91.063
LEC,720.9602777777777,225.0,91.063
LEC,736.0269444444444,226.0,91.063
LEC,749.0269444444444,234.0,91.063
LEC,764.8936111111111,238.0,91.063
LEC,781.0936111111112,243.0,91.063
LEC,791.9825000000001,245.0,91.063
LEC,808.5797222222222,250.0,91.063
LEC,831.1575,254.0,91.063
LEC,842.4908333333334,255.0,91.063
LEC,853.8241666666668,255.0,91.063
LEC,867.6019444444446,248.0,91.063
LEC,886.6241666666667,214.0,91.063
LEC,899.2241666666669,189.0,91.063
LEC,910.8908333333335,175.0,91.063
LEC,925.4250000000002,163.0,91.063
LEC,932.3138888888891,155.0,91.063
LEC,940.7583333333336,152.0,91.063
LEC,947.6472222222225,155.0,91.063
LEC,961.7805555555558,159.0,91.063
LEC,976.6250000000002,167.0,91.063
LEC,988.1583333333335,173.0,91.063
LEC,998.1583333333335,180.0,91.063
LEC,1010.8250000000003,190.0,91.063
LEC,1023.8916666666669,196.0,91.063
LEC,1044.2916666666667,204.0,91.063
LEC,1063.6694444444445,218.0,91.063
LEC,1073.7583333333334,227.0,91.063
LEC,1086.7027777777778,233.0,91.063
LEC,1108.125,241.0,91.063
LEC,1121.6805555555554,244.0,91.063
LEC,1141.2027777777778,251.0,91.063
LEC,1176.0027777777777,261.0,91.063
LEC,1193.795,268.0,91.063
LEC,1220.695,269.0,91.063
LEC,1235.8616666666665,273.0,91.063
LEC,1270.5727777777777,284.0,91.063
LEC,1299.3727777777776,288.0,91.063
LEC,1318.7727777777775,291.0,91.063
LEC,1344.9877777777776,294.0,91.063
LEC,1361.4877777777776,297.0,91.063
LEC,1384.7433333333333,299.0,91.063
LEC,1408.1544444444446,301.0,91.063
LEC,1435.0877777777778,303.0,91.063
LEC,1451.976666666667,304.0,91.063
LEC,1465.487777777778,304.0,91.063
LEC,1492.8655555555558,308.0,91.063
LEC,1510.0322222222223,309.0,91.063
LEC,1530.6988888888889,310.0,91.063
LEC,1554.887777777778,311.0,91.063
LEC,1572.2766666666669,313.0,91.063
LEC,1603.6766666666667,314.0,91.063
LEC,1624.7433333333336,316.0,91.063
LEC,1645.8100000000002,316.0,91.063
LEC,1659.8100000000002,315.0,91.063
LEC,1686.9211111111113,305.0,91.063
LEC,1705.587777777778,240.0,91.063
LEC,1720.9877777777779,198.0,91.063
LEC,1732.0747222222224,167.0,91.063
LEC,1747.9636111111113,143.0,91.063
LEC,1757.0302777777779,136.0,91.063
LEC,1764.2525,130.0,91.063
LEC,1780.3858333333335,121.0,91.063
LEC,1792.8202777777778,124.0,91.063
LEC,1799.8758333333333,127.0,91.063
LEC,1808.6758333333335,132.0,91.063
LEC,1818.2758333333334,144.0,91.063
LEC,1824.8536111111111,148.0,91.063
LEC,1837.4536111111113,162.0,91.063
LEC,1846.9536111111113,171.0,91.063
LEC,1861.2647222222222,184.0,91.063
LEC,1876.3536111111111,194.0,91.063
LEC,1898.5758333333335,200.0,91.063
LEC,1918.0758333333335,195.0,91.063
LEC,1937.0091666666667,142.0,91.063
LEC,1947.6758333333335,120.0,91.063
LEC,1953.6758333333335,108.0,91.063
LEC,1961.1425000000002,96.0,91.063
LEC,1966.1425000000002,90.0,91.063
LEC,1971.809166666667,85.0,91.063
LEC,1979.6091666666669,78.0,91.063
LEC,1985.520277777778,76.0,91.063
LEC,1990.6322222222223,77.0,91.063
LEC,1997.9211111111113,82.0,91.063
LEC,2003.8544444444447,89.0,91.063
LEC,2013.6544444444446,98.0,91.063
LEC,2018.2766666666669,104.0,91.063
LEC,2028.6200000000001,116.0,91.063
LEC,2043.9533333333334,138.0,91.063
LEC,2059.8533333333335,159.0,91.063
LEC,2079.52,177.0,91.063
LEC,2102.864444444445,191.0,91.063
LEC,2122.4200000000005,176.0,91.063
LEC,2136.464444444445,158.0,91.063
LEC,2149.3533333333335,145.0,91.063
LEC,2155.797777777778,145.0,91.063
LEC,2166.2200000000003,134.0,91.063
LEC,2174.8866666666668,130.0,91.063
LEC,2182.108888888889,130.0,91.063
LEC,2192.4533333333334,133.0,91.063
LEC,2201.32,133.0,91.063
LEC,2210.786666666667,142.0,91.063
LEC,2217.3644444444444,148.0,91.063
LEC,2229.42,155.0,91.063
LEC,2246.82,174.0,91.063
LEC,2265.6675000000005,189.0,91.063
LEC,2274.245277777778,193.0,91.063
LEC,2287.7786111111113,203.0,91.063
LEC,2306.7119444444447,213.0,91.063
LEC,2328.5725,218.0,91.063
LEC,2354.239166666667,231.0,91.063
LEC,2386.5058333333336,242.0,91.063
LEC,2397.3947222222228,245.0,91.063
LEC,2411.0613888888893,246.0,91.063
LEC,2421.9947222222227,246.0,91.063
LEC,2433.1947222222225,252.0,91.063
LEC,2450.261388888889,256.0,91.063
LEC,2470.4058333333337,259.0,91.063
LEC,2502.7947222222224,265.0,91.063
LEC,2529.5947222222226,268.0,91.063
LEC,2545.661388888889,241.0,91.063
LEC,2565.761388888889,201.0,91.063
LEC,2573.761388888889,180.0,91.063
LEC,2584.761388888889,165.0,91.063
LEC,2591.9169444444447,161.0,91.063
LEC,2598.761388888889,154.0,91.063
LEC,2613.0613888888893,143.0,91.063
LEC,2628.616944444445,140.0,91.063
LEC,2638.1502777777782,143.0,91.063
LEC,2649.4652777777783,146.0,91.063
LEC,2661.131944444445,150.0,91.063
LEC,2671.4652777777783,155.0,91.063
LEC,2678.620833333334,161.0,91.063
LEC,2692.124444444445,173.0,91.063
LEC,2702.124444444445,180.0,91.063
LEC,2714.413333333334,158.0,91.063
LEC,2725.302222222223,140.0,91.063
LEC,2735.1800000000007,127.0,91.063
LEC,2745.580000000001,117.0,91.063
LEC,2756.880000000001,113.0,91.063
LEC,2761.902222222223,113.0,91.063
LEC,2774.002222222223,121.0,91.063
LEC,2781.0577777777785,127.0,91.063
LEC,2787.102222222223,136.0,91.063
LEC,2793.4133333333343,142.0,91.063
LEC,2801.6355555555565,148.0,91.063
LEC,2814.391111111112,164.0,91.063
LEC,2825.791111111112,171.0,91.063
LEC,2847.9133333333343,181.0,91.063
LEC,2860.446666666667,188.0,91.063
LEC,2871.2800000000007,195.0,91.063
LEC,2919.502222222223,217.0,91.063
LEC,2931.66888888889,219.0,91.063
LEC,2945.4022222222234,206.0,91.063
LEC,2959.2747222222233,179.0,91.063
LEC,2969.8080555555566,158.0,91.063
LEC,2980.6191666666678,139.0,91.063
LEC,2993.2366666666676,103.0,91.063
LEC,2997.4144444444455,94.0,91.063
LEC,3002.303333333334,88.0,91.063
LEC,3008.681111111112,82.0,91.063
LEC,3014.7477777777785,78.0,91.063
LEC,3020.3477777777784,72.0,91.063
LEC,3024.1811111111115,69.0,91.063
LEC,3030.3144444444447,69.0,91.063
LEC,3034.3144444444447,72.0,91.063
LEC,3040.4588888888893,79.0,91.063
LEC,3047.225555555556,87.0,91.063
LEC,3052.281111111112,91.0,91.063
LEC,3063.681111111112,114.0,91.063
LEC,3073.3255555555565,124.0,91.063
LEC,3082.65888888889,140.0,91.063
LEC,3101.7255555555566,156.0,91.063
LEC,3111.2811111111123,172.0,91.063
LEC,3127.6366666666677,184.0,91.063
LEC,3138.303333333334,192.0,91.063
LEC,3154.170000000001,204.0,91.063
LEC,3178.392222222223,218.0,91.063
LEC,3190.8297222222236,225.0,91.063
LEC,3201.051944444446,230.0,91.063
LEC,3214.1075000000014,235.0,91.063
LEC,3230.174166666668,241.0,91.063
LEC,3252.2875000000013,248.0,91.063
LEC,3266.3430555555565,253.0,91.063
LEC,3292.443055555557,261.0,91.063
LEC,3304.1319444444453,263.0,91.063
LEC,3324.820833333334,266.0,91.063
LEC,3339.87638888889,271.0,91.063
LEC,3358.209722222223,275.0,91.063
LEC,3386.4097222222226,282.0,91.063
LEC,3405.409722222222,285.0,91.063
LEC,3421.4097222222226,288.0,91.063
LEC,3450.3097222222227,289.0,91.063
LEC,3478.0541666666672,227.0,91.063
LEC,3491.187500000001,197.0,91.063
LEC,3500.909722222223,175.0,91.063
LEC,3512.187500000001,145.0,91.063
LEC,3518.6319444444453,145.0,91.063
LEC,3529.2986111111118,120.0,91.063
LEC,3534.320833333334,113.0,91.063
LEC,3540.265277777778,107.0,91.063
LEC,3544.754166666667,101.0,91.063
LEC,3554.154166666667,94.0,91.063
LEC,3559.3208333333337,93.0,91.063
LEC,3565.5875000000005,94.0,91.063
LEC,3574.3600000000006,99.0,91.063
LEC,3580.0822222222223,103.0,91.063
LEC,3587.6822222222227,114.0,91.063
LEC,3592.780555555556,114.0,91.063
LEC,3604.1583333333338,128.0,91.063
LEC,3619.2583333333337,151.0,91.063
LEC,3631.8583333333336,162.0,91.063
LEC,3645.5472222222224,176.0,91.063
LEC,3662.258333333333,188.0,91.063
LEC,3673.313888888889,199.0,91.063
LEC,3684.5916666666667,203.0,91.063
LEC,3693.9249999999997,210.0,91.063
LEC,3703.480555555556,215.0,91.063
LEC,3713.302777777778,221.0,91.063
LEC,3725.691666666667,223.0,91.063
LEC,3746.313888888889,232.0,91.063
LEC,3762.047222222222,236.0,91.063
LEC,3786.547222222222,245.0,91.063
LEC,3797.480555555556,246.0,91.063
LEC,3817.002777777778,251.0,91.063
LEC,3839.758333333333,256.0,91.063
LEC,3862.780555555556,259.0,91.063
LEC,3895.291666666667,266.0,91.063
LEC,3907.2472222222223,269.0,91.063
LEC,3928.2472222222223,270.0,91.063
LEC,3946.5805555555553,275.0,91.063
LEC,3968.048055555556,277.0,91.063
LEC,3980.4036111111113,278.0,91.063
LEC,4002.337222222222,281.0,91.063
LEC,4014.870555555556,282.0,91.063
LEC,4036.8816666666676,283.0,91.063
LEC,4068.4372222222223,284.0,91.063
LEC,4084.4372222222228,288.0,91.063
LEC,4100.492777777778,289.0,91.063
LEC,4116.60388888889,290.0,91.063
LEC,4136.003888888889,291.0,91.063
LEC,4148.937222222223,291.0,91.063
LEC,4174.892777777779,292.0,91.063
LEC,4191.115000000001,292.0,91.063
LEC,4216.892777777779,232.0,91.063
LEC,4228.170555555557,203.0,91.063
LEC,4247.170555555557,190.0,91.063
LEC,4258.370555555557,144.0,91.063
LEC,4264.281666666668,133.0,91.063
LEC,4277.837222222223,122.0,91.063
LEC,4283.081666666668,118.0,91.063
LEC,4289.359444444446,113.0,91.063
LEC,4295.526111111112,111.0,91.063
LEC,4301.748333333335,112.0,91.063
LEC,4312.059444444446,116.0,91.063
LEC,4325.259444444446,132.0,91.063
LEC,4338.959444444446,137.0,91.063
LEC,4349.809444444445,140.0,91.063
LEC,4360.85388888889,142.0,91.063
LEC,4369.005555555556,146.0,91.063
LEC,4386.116666666668,154.0,91.063
LEC,4396.783333333334,160.0,91.063
LEC,4405.950000000001,165.0,91.063
LEC,4419.405555555556,173.0,91.063
LEC,4438.105555555556,187.0,91.063
LEC,4448.883333333334,194.0,91.063
LEC,4457.683333333334,198.0,91.063
LEC,4469.183333333334,207.0,91.063
LEC,4480.850000000001,210.0,91.063
LEC,4493.016666666668,219.0,91.063
LEC,4510.361111111113,223.0,91.063
LEC,4536.250000000002,233.0,91.063
LEC,4549.416666666669,237.0,91.063
LEC,4560.12777777778,241.0,91.063
LEC,4582.083333333336,247.0,91.063
LEC,4604.038888888891,247.0,91.063
LEC,4655.861111111113,212.0,91.063
LEC,4669.661111111113,207.0,91.063
LEC,4685.916666666669,209.0,91.063
LEC,4705.2944444444465,218.0,91.063
LEC,4727.594444444447,223.0,91.063
LEC,4737.7527777777805,230.0,91.063
LEC,4758.7961111111135,236.0,91.063
LEC,4783.096111111114,243.0,91.063
LEC,4796.707222222225,245.0,91.063
LEC,4810.429444444448,247.0,91.063
LEC,4833.273888888892,257.0,91.063
LEC,4847.55166666667,257.0,91.063
LEC,4859.151666666669,261.0,91.063
NOR,10.83472222222222,269.0,91.27
NOR,25.945833333333333,272.0,91.27
NOR,41.27916666666667,276.0,91.27
NOR,56.77916666666667,279.0,91.27
NOR,78.79027777777777,283.0,91.27
NOR,113.99027777777779,288.0,91.27
NOR,130.1013888888889,290.0,91.27
NOR,159.6013888888889,295.0,91.27
NOR,179.4013888888889,297.0,91.27
NOR,195.95694444444445,298.0,91.27
NOR,232.86805555555554,302.0,91.27
NOR,259.80583333333334,304.0,91.27
NOR,273.3613888888889,305.0,91.27
NOR,297.1613888888889,306.0,91.27
NOR,317.42805555555555,304.0,91.27
NOR,330.2725,289.0,91.27
NOR,352.7725,225.0,91.27
NOR,367.8613888888888,194.0,91.27
NOR,376.1280555555555,186.0,91.27
NOR,383.7724999999999,172.0,91.27
NOR,391.1502777777777,166.0,91.27
NOR,399.70583333333326,154.0,91.27
NOR,412.99166666666656,149.0,91.27
NOR,419.436111111111,145.0,91.27
NOR,425.70277777777767,141.0,91.27
NOR,433.64722222222207,143.0,91.27
NOR,443.4472222222221,147.0,91.27
NOR,457.5805555555554,159.0,91.27
NOR,468.64722222222207,166.0,91.27
NOR,481.09166666666647,160.0,91.27
NOR,492.9138888888887,152.0,91.27
NOR,500.63611111111095,139.0,91.27
NOR,507.7472222222221,128.0,91.27
NOR,513.2138888888887,123.0,91.27
NOR,524.9916666666666,106.0,91.27
NOR,529.4805555555555,101.0,91.27
NOR,536.0138888888888,98.0,91.27
NOR,546.2361111111111,92.0,91.27
NOR,551.0694444444445,87.0,91.27
NOR,556.8694444444444,87.0,91.27
NOR,563.9219444444444,91.0,91.27
NOR,575.1441666666667,101.0,91.27
NOR,588.0330555555556,116.0,91.27
NOR,593.4997222222222,123.0,91.27
NOR,613.2330555555556,148.0,91.27
NOR,621.9552777777778,157.0,91.27
NOR,629.1552777777779,162.0,91.27
NOR,638.7027777777778,171.0,91.27
NOR,653.0138888888889,184.0,91.27
NOR,663.6805555555555,192.0,91.27
NOR,684.1805555555555,205.0,91.27
NOR,695.9583333333334,212.0,91.27
NOR,705.3805555555556,212.0,91.27
NOR,717.6027777777778,220.0,91.27
NOR,730.1027777777778,225.0,91.27
NOR,742.8805555555556,230.0,91.27
NOR,758.6138888888889,236.0,91.27
NOR,771.8361111111111,238.0,91.27
NOR,790.8916666666668,245.0,91.27
NOR,813.1138888888889,250.0,91.27
NOR,835.6916666666667,254.0,91.27
NOR,852.6916666666667,255.0,91.27
NOR,880.8027777777778,253.0,91.27
NOR,923.6894444444445,168.0,91.27
NOR,936.445,164.0,91.27
NOR,948.5005555555557,155.0,91.27
NOR,957.1672222222223,156.0,91.27
NOR,965.945,158.0,91.27
NOR,973.1450000000001,162.0,91.27
NOR,980.4783333333335,165.0,91.27
NOR,992.0783333333334,174.0,91.27
NOR,1008.5741666666668,185.0,91.27
NOR,1030.3519444444444,196.0,91.27
NOR,1048.6630555555555,206.0,91.27
NOR,1062.8630555555555,213.0,91.27
NOR,1092.4630555555557,222.0,91.27
NOR,1108.2630555555556,237.0,91.27
NOR,1118.796388888889,237.0,91.27
NOR,1129.7741666666668,247.0,91.27
NOR,1149.374166666667,252.0,91.27
NOR,1166.374166666667,255.0,91.27
NOR,1180.9297222222224,262.0,91.27
NOR,1195.7075000000004,266.0,91.27
NOR,1226.0408333333337,273.0,91.27
NOR,1244.4408333333336,276.0,91.27
NOR,1263.1741666666671,281.0,91.27
NOR,1278.8963888888893,283.0,91.27
NOR,1297.963055555556,286.0,91.27
NOR,1317.2297222222228,289.0,91.27
NOR,1330.1630555555562,291.0,91.27
NOR,1349.6813888888896,294.0,91.27
NOR,1376.0813888888897,297.0,91.27
NOR,1389.3258333333342,298.0,91.27
NOR,1402.5702777777783,298.0,91.27
NOR,1419.2369444444453,300.0,91.27
NOR,1446.0813888888897,302.0,91.27
NOR,1466.2813888888895,303.0,91.27
NOR,1486.548055555556,304.0,91.27
NOR,1513.833055555556,306.0,91.27
NOR,1527.4775000000004,307.0,91.27
NOR,1544.5886111111115,308.0,91.27
NOR,1558.3663888888893,310.0,91.27
NOR,1586.0108333333337,311.0,91.27
NOR,1613.833055555556,313.0,91.27
NOR,1634.6997222222226,313.0,91.27
NOR,1652.0886111111117,313.0,91.27
NOR,1672.4886111111116,306.0,91.27
NOR,1689.3552777777784,253.0,91.27
NOR,1709.0552777777784,197.0,91.27
NOR,1723.7219444444452,165.0,91.27
NOR,1730.6552777777786,156.0,91.27
NOR,1738.3219444444453,138.0,91.27
NOR,1750.1441666666676,133.0,91.27
NOR,1757.1441666666676,126.0,91.27
NOR,1766.6330555555564,122.0,91.27
NOR,1782.2330555555563,117.0,91.27
NOR,1790.3988888888898,123.0,91.27
NOR,1803.4988888888897,131.0,91.27
NOR,1811.2766666666676,140.0,91.27
NOR,1831.3211111111118,164.0,91.27
NOR,1849.0211111111118,177.0,91.27
NOR,1861.2877777777787,184.0,91.27
NOR,1878.586111111112,194.0,91.27
NOR,1889.7527777777786,201.0,91.27
NOR,1905.6972222222232,205.0,91.27
NOR,1919.4638888888896,177.0,91.27
NOR,1932.5305555555562,147.0,91.27
NOR,1940.197222222223,138.0,91.27
NOR,1945.7083333333342,124.0,91.27
NOR,1954.7750000000005,102.0,91.27
NOR,1959.997222222223,94.0,91.27
NOR,1965.9305555555563,89.0,91.27
NOR,1972.5416666666674,85.0,91.27
NOR,1976.930555555556,79.0,91.27
NOR,1984.6305555555562,77.0,91.27
NOR,1989.8972222222228,79.0,91.27
NOR,1995.297222222223,81.0,91.27
NOR,1999.0750000000005,85.0,91.27
NOR,2007.2527777777782,92.0,91.27
NOR,2015.1861111111116,102.0,91.27
NOR,2023.3527777777783,105.0,91.27
NOR,2031.4522222222226,122.0,91.27
NOR,2047.4522222222226,144.0,91.27
NOR,2057.385555555556,149.0,91.27
NOR,2066.2188888888895,159.0,91.27
NOR,2090.885555555556,185.0,91.27
NOR,2109.938333333334,190.0,91.27
NOR,2120.160555555556,184.0,91.27
NOR,2131.027222222223,163.0,91.27
NOR,2140.8938888888897,148.0,91.27
NOR,2147.3827777777783,146.0,91.27
NOR,2158.1938888888894,139.0,91.27
NOR,2165.638333333334,134.0,91.27
NOR,2175.593888888889,128.0,91.27
NOR,2185.6272222222224,129.0,91.27
NOR,2200.960555555556,138.0,91.27
NOR,2215.760555555556,148.0,91.27
NOR,2238.2938888888893,169.0,91.27
NOR,2254.4716666666673,182.0,91.27
NOR,2264.9716666666673,189.0,91.27
NOR,2280.5272222222225,200.0,91.27
NOR,2292.0272222222225,207.0,91.27
NOR,2306.2272222222227,213.0,91.27
NOR,2328.3272222222226,221.0,91.27
NOR,2346.2938888888893,231.0,91.27
NOR,2361.895277777778,235.0,91.27
NOR,2382.784166666667,235.0,91.27
NOR,2398.984166666667,243.0,91.27
NOR,2424.184166666667,252.0,91.27
NOR,2435.4730555555557,254.0,91.27
NOR,2458.4780555555562,258.0,91.27
NOR,2487.7002777777784,263.0,91.27
NOR,2514.2002777777784,265.0,91.27
NOR,2540.866944444445,240.0,91.27
NOR,2563.966944444445,189.0,91.27
NOR,2582.078055555556,163.0,91.27
NOR,2595.678055555556,153.0,91.27
NOR,2608.478055555556,144.0,91.27
NOR,2614.700277777778,140.0,91.27
NOR,2625.4336111111115,138.0,91.27
NOR,2634.9002777777782,142.0,91.27
NOR,2642.9558333333334,145.0,91.27
NOR,2654.700277777778,151.0,91.27
NOR,2665.4336111111115,161.0,91.27
NOR,2676.6336111111113,168.0,91.27
NOR,2684.3225,173.0,91.27
NOR,2698.1669444444447,178.0,91.27
NOR,2714.0669444444447,159.0,91.27
NOR,2726.4325000000003,124.0,91.27
NOR,2731.899166666667,123.0,91.27
NOR,2739.6325000000006,116.0,91.27
NOR,2749.4991666666674,111.0,91.27
NOR,2760.830555555556,113.0,91.27
NOR,2774.386111111112,122.0,91.27
NOR,2793.8527777777786,146.0,91.27
NOR,2800.8750000000005,158.0,91.27
NOR,2810.0416666666674,165.0,91.27
NOR,2817.3750000000005,165.0,91.27
NOR,2824.886111111112,169.0,91.27
NOR,2836.4861111111118,174.0,91.27
NOR,2850.4861111111113,180.0,91.27
NOR,2874.441666666667,196.0,91.27
NOR,2894.941666666667,205.0,91.27
NOR,2909.2083333333335,214.0,91.27
NOR,2931.0083333333337,218.0,91.27
NOR,2940.6972222222225,218.0,91.27
NOR,2953.1638888888892,187.0,91.27
NOR,2960.586111111111,167.0,91.27
NOR,2967.6972222222225,160.0,91.27
NOR,2980.2972222222224,126.0,91.27
NOR,2991.5194444444446,101.0,91.27
NOR,2997.586111111111,91.0,91.27
NOR,3003.9411111111112,82.0,91.27
NOR,3009.9300000000003,77.0,91.27
NOR,3014.53,69.0,91.27
NOR,3017.5522222222226,68.0,91.27
NOR,3022.5477777777783,64.0,91.27
NOR,3026.1588888888896,65.0,91.27
NOR,3031.603333333334,70.0,91.27
NOR,3037.514444444445,76.0,91.27
NOR,3044.203333333334,86.0,91.27
NOR,3053.003333333334,99.0,91.27
NOR,3064.803333333334,118.0,91.27
NOR,3070.492222222223,128.0,91.27
NOR,3084.892222222223,144.0,91.27
NOR,3093.5033333333345,155.0,91.27
NOR,3100.881111111112,166.0,91.27
NOR,3108.436666666668,170.0,91.27
NOR,3118.381111111112,179.0,91.27
NOR,3133.236666666668,191.0,91.27
NOR,3146.7700000000013,203.0,91.27
NOR,3173.2922222222232,217.0,91.27
NOR,3188.15888888889,223.0,91.27
NOR,3201.047777777779,232.0,91.27
NOR,3256.6033333333344,250.0,91.27
NOR,3270.7144444444457,254.0,91.27
NOR,3288.0477777777787,260.0,91.27
NOR,3308.662777777779,266.0,91.27
NOR,3326.5961111111124,269.0,91.27
NOR,3347.9072222222235,274.0,91.27
NOR,3382.2072222222228,280.0,91.27
NOR,3394.740555555557,282.0,91.27
NOR,3410.518333333335,284.0,91.27
NOR,3432.918333333334,288.0,91.27
NOR,3455.318333333334,288.0,91.27
NOR,3475.77388888889,263.0,91.27
NOR,3487.77388888889,216.0,91.27
NOR,3503.240555555557,174.0,91.27
NOR,3511.629444444445,151.0,91.27
NOR,3521.585000000001,128.0,91.27
NOR,3530.296111111112,112.0,91.27
NOR,3536.1294444444457,105.0,91.27
NOR,3545.929444444446,98.0,91.27
NOR,3553.0850000000014,92.0,91.27
NOR,3559.0850000000014,90.0,91.27
NOR,3570.451666666668,93.0,91.27
NOR,3575.8405555555573,97.0,91.27
NOR,3585.26277777778,106.0,91.27
NOR,3591.5405555555576,113.0,91.27
NOR,3601.3405555555573,126.0,91.27
NOR,3617.673888888891,147.0,91.27
NOR,3626.4077777777798,158.0,91.27
NOR,3633.8300000000017,167.0,91.27
NOR,3643.6633333333352,177.0,91.27
NOR,3655.996666666669,185.0,91.27
NOR,3673.4733333333356,196.0,91.27
NOR,3684.7511111111135,203.0,91.27
NOR,3706.3511111111134,216.0,91.27
NOR,3715.9511111111133,216.0,91.27
NOR,3733.5288888888913,226.0,91.27
NOR,3746.362222222225,231.0,91.27
NOR,3762.1622222222245,237.0,91.27
NOR,3786.5622222222246,244.0,91.27
NOR,3803.0955555555574,248.0,91.27
NOR,3817.0400000000022,251.0,91.27
NOR,3842.240000000002,252.0,91.27
NOR,3874.01777777778,260.0,91.27
NOR,3891.6177777777807,264.0,91.27
NOR,3906.3955555555576,266.0,91.27
NOR,3927.3955555555576,270.0,91.27
NOR,3939.4844444444475,272.0,91.27
NOR,3963.8400000000024,274.0,91.27
NOR,3976.01777777778,274.0,91.27
NOR,3991.406666666669,277.0,91.27
NOR,4003.8066666666687,279.0,91.27
NOR,4032.0066666666685,282.0,91.27
NOR,4047.728888888891,283.0,91.27
NOR,4066.662222222225,284.0,91.27
NOR,4092.005000000002,286.0,91.27
NOR,4107.949444444446,287.0,91.27
NOR,4127.149444444447,288.0,91.27
NOR,4140.029444444446,288.0,91.27
NOR,4165.629444444447,288.0,91.27
NOR,4194.329444444446,287.0,91.27
NOR,4213.3072222222245,244.0,91.27
NOR,4231.196111111113,230.0,91.27
NOR,4246.662777777779,174.0,91.27
NOR,4254.718333333335,145.0,91.27
NOR,4262.051666666668,132.0,91.27
NOR,4267.785000000002,129.0,91.27
NOR,4273.385000000001,126.0,91.27
NOR,4278.718333333335,120.0,91.27
NOR,4285.27388888889,118.0,91.27
NOR,4295.407222222223,114.0,91.27
NOR,4302.873888888889,112.0,91.27
NOR,4314.773888888889,119.0,91.27
NOR,4320.240555555556,123.0,91.27
NOR,4330.818333333334,136.0,91.27
NOR,4342.9961111111115,137.0,91.27
NOR,4355.529444444444,141.0,91.27
NOR,4373.618333333334,148.0,91.27
NOR,4380.285000000001,150.0,91.27
NOR,4392.340555555556,155.0,91.27
NOR,4403.207222222223,163.0,91.27
NOR,4417.234722222223,181.0,91.27
NOR,4425.545833333335,187.0,91.27
NOR,4440.688611111113,194.0,91.27
NOR,4449.621944444446,201.0,91.27
NOR,4465.799722222224,208.0,91.27
NOR,4490.244166666668,220.0,91.27
NOR,4502.744166666668,225.0,91.27
NOR,4515.5219444444465,230.0,91.27
NOR,4528.521944444446,234.0,91.27
NOR,4544.5219444444465,240.0,91.27
NOR,4555.233055555557,241.0,91.27
NOR,4577.277500000001,248.0,91.27
NOR,4591.110833333335,249.0,91.27
NOR,4616.333055555558,227.0,91.27
NOR,4628.610833333336,221.0,91.27
NOR,4649.910833333336,213.0,91.27
NOR,4666.244166666669,210.0,91.27
NOR,4675.799722222225,215.0,91.27
NOR,4700.577500000002,223.0,91.27
NOR,4710.533055555558,224.0,91.27
NOR,4722.977500000002,224.0,91.27
NOR,4735.421944444446,224.0,91.27
NOR,4748.477500000002,235.0,91.27
NOR,4769.721944444446,239.0,91.27
NOR,4794.221944444446,245.0,91.27
NOR,4819.421944444446,252.0,91.27
NOR,4839.261944444446,256.0,91.27
NOR,4859.639722222224,262.0,91.27
NOR,4874.435555555557,265.0,91.27
HAM,17.25,270.0,91.485
HAM,44.75,275.0,91.485
HAM,75.97222222222223,281.0,91.485
HAM,111.17222222222222,288.0,91.485
HAM,143.61666666666667,292.0,91.485
HAM,169.6611111111111,293.0,91.485
HAM,196.15,298.0,91.485
HAM,209.48333333333332,300.0,91.485
HAM,232.89444444444445,301.0,91.485
HAM,253.02777777777777,302.0,91.485
HAM,269.9166666666667,304.0,91.485
HAM,293.7166666666667,306.0,91.485
HAM,313.91666666666674,303.0,91.485
HAM,331.2500000000001,260.0,91.485
HAM,342.13888888888897,245.0,91.485
HAM,358.0833333333334,205.0,91.485
HAM,374.98333333333346,169.0,91.485
HAM,390.7394444444446,158.0,91.485
HAM,397.31722222222237,148.0,91.485
HAM,406.6505555555557,140.0,91.485
HAM,418.47277777777794,133.0,91.485
HAM,432.31111111111125,138.0,91.485
HAM,449.088888888889,151.0,91.485
HAM,471.48888888888905,168.0,91.485
HAM,478.9555555555557,168.0,91.485
HAM,487.9555555555557,162.0,91.485
HAM,495.02222222222235,159.0,91.485
HAM,501.51111111111123,146.0,91.485
HAM,510.31111111111125,132.0,91.485
HAM,519.488888888889,118.0,91.485
HAM,532.3222222222224,105.0,91.485
HAM,542.0222222222225,97.0,91.485
HAM,548.2888888888891,94.0,91.485
HAM,557.1888888888891,89.0,91.485
HAM,561.2777777777779,92.0,91.485
HAM,567.8111111111112,98.0,91.485
HAM,572.2111111111112,99.0,91.485
HAM,576.788888888889,103.0,91.485
HAM,587.9888888888889,112.0,91.485
HAM,602.9888888888889,135.0,91.485
HAM,612.7888888888889,147.0,91.485
HAM,625.3438888888888,162.0,91.485
HAM,638.9549999999999,175.0,91.485
HAM,650.8883333333333,179.0,91.485
HAM,659.3327777777778,190.0,91.485
HAM,674.7877777777777,198.0,91.485
HAM,686.1211111111111,204.0,91.485
HAM,702.6877777777777,213.0,91.485
HAM,719.8766666666667,221.0,91.485
HAM,737.6877777777777,229.0,91.485
HAM,758.4877777777778,234.0,91.485
HAM,782.6877777777777,242.0,91.485
HAM,793.4877777777776,243.0,91.485
HAM,818.2877777777776,248.0,91.485
HAM,832.1766666666665,250.0,91.485
HAM,843.3322222222221,251.0,91.485
HAM,854.5322222222221,252.0,91.485
HAM,868.5877777777777,253.0,91.485
HAM,885.8544444444444,222.0,91.485
HAM,899.1877777777777,200.0,91.485
HAM,920.3322222222222,173.0,91.485
HAM,931.2655555555555,164.0,91.485
HAM,940.2099999999999,161.0,91.485
HAM,975.3211111111111,158.0,91.485
HAM,984.21,160.0,91.485
HAM,995.4766666666668,169.0,91.485
HAM,1009.4266666666668,180.0,91.485
HAM,1022.0933333333335,190.0,91.485
HAM,1037.4155555555558,197.0,91.485
HAM,1063.1405555555557,210.0,91.485
HAM,1072.7405555555556,216.0,91.485
HAM,1084.9627777777778,220.0,91.485
HAM,1103.0072222222223,232.0,91.485
HAM,1121.673888888889,240.0,91.485
HAM,1140.885,247.0,91.485
HAM,1154.8294444444446,251.0,91.485
HAM,1177.762777777778,258.0,91.485
HAM,1192.3183333333334,262.0,91.485
HAM,1213.0849999999998,267.0,91.485
HAM,1234.3183333333332,273.0,91.485
HAM,1249.6516666666664,276.0,91.485
HAM,1277.7516666666666,281.0,91.485
HAM,1299.8405555555553,284.0,91.485
HAM,1318.9738888888887,287.0,91.485
HAM,1354.6627777777774,292.0,91.485
HAM,1371.0516666666663,295.0,91.485
HAM,1397.3627777777774,296.0,91.485
HAM,1413.9738888888887,299.0,91.485
HAM,1437.3072222222218,300.0,91.485
HAM,1470.8627777777774,302.0,91.485
HAM,1487.611944444444,303.0,91.485
HAM,1501.123055555555,304.0,91.485
HAM,1518.0674999999994,305.0,91.485
HAM,1538.4674999999995,306.0,91.485
HAM,1565.9308333333327,308.0,91.485
HAM,1583.0974999999996,309.0,91.485
HAM,1614.0974999999996,310.0,91.485
HAM,1627.9641666666664,312.0,91.485
HAM,1652.2308333333328,312.0,91.485
HAM,1669.619722222222,313.0,91.485
HAM,1689.1530555555553,293.0,91.485
HAM,1711.8530555555553,227.0,91.485
HAM,1725.0530555555554,198.0,91.485
HAM,1734.8863888888886,177.0,91.485
HAM,1749.4863888888885,146.0,91.485
HAM,1765.7419444444442,133.0,91.485
HAM,1774.141944444444,126.0,91.485
HAM,1780.8641666666663,121.0,91.485
HAM,1789.8863888888886,116.0,91.485
HAM,1795.0419444444442,116.0,91.485
HAM,1805.8863888888886,122.0,91.485
HAM,1811.4419444444443,125.0,91.485
HAM,1818.8308333333332,133.0,91.485
HAM,1824.9197222222222,137.0,91.485
HAM,1840.6197222222222,157.0,91.485
HAM,1849.786388888889,165.0,91.485
HAM,1861.6530555555557,178.0,91.485
HAM,1878.400555555556,189.0,91.485
HAM,1889.233888888889,195.0,91.485
HAM,1902.633888888889,201.0,91.485
HAM,1911.8019444444446,205.0,91.485
HAM,1928.0686111111113,183.0,91.485
HAM,1942.3686111111112,143.0,91.485
HAM,1952.7130555555557,133.0,91.485
HAM,1961.0352777777778,107.0,91.485
HAM,1969.568611111111,96.0,91.485
HAM,1974.6241666666667,91.0,91.485
HAM,1979.5686111111113,89.0,91.485
HAM,1983.2575000000002,83.0,91.485
HAM,1986.8130555555556,80.0,91.485
HAM,1990.1908333333336,76.0,91.485
HAM,1994.3019444444446,74.0,91.485
HAM,2001.235277777778,78.0,91.485
HAM,2006.835277777778,84.0,91.485
HAM,2016.035277777778,92.0,91.485
HAM,2020.4797222222226,100.0,91.485
HAM,2029.113055555556,111.0,91.485
HAM,2040.1352777777781,124.0,91.485
HAM,2052.5797222222227,140.0,91.485
HAM,2072.624166666667,164.0,91.485
HAM,2080.0908333333336,168.0,91.485
HAM,2093.8575000000005,177.0,91.485
HAM,2106.390833333334,188.0,91.485
HAM,2121.2708333333335,192.0,91.485
HAM,2129.1375000000003,177.0,91.485
HAM,2141.3922222222222,157.0,91.485
HAM,2148.1922222222224,153.0,91.485
HAM,2159.3922222222222,144.0,91.485
HAM,2173.947777777778,131.0,91.485
HAM,2181.003333333333,127.0,91.485
HAM,2187.8366666666666,123.0,91.485
HAM,2194.8366666666666,126.0,91.485
HAM,2203.4366666666665,129.0,91.485
HAM,2209.481111111111,136.0,91.485
HAM,2222.37,145.0,91.485
HAM,2230.8144444444442,152.0,91.485
HAM,2249.592222222222,169.0,91.485
HAM,2259.37,176.0,91.485
HAM,2278.5699999999997,192.0,91.485
HAM,2294.3588888888885,203.0,91.485
HAM,2303.514444444444,206.0,91.485
HAM,2327.7366666666667,218.0,91.485
HAM,2337.514444444444,220.0,91.485
HAM,2350.181111111111,228.0,91.485
HAM,2363.0699999999997,232.0,91.485
HAM,2376.2366666666667,237.0,91.485
HAM,2397.7477777777776,242.0,91.485
HAM,2422.6477777777777,249.0,91.485
HAM,2447.947777777778,253.0,91.485
HAM,2467.942777777778,258.0,91.485
HAM,2488.242777777778,261.0,91.485
HAM,2502.926944444445,263.0,91.485
HAM,2532.260277777778,264.0,91.485
HAM,2549.7269444444446,262.0,91.485
HAM,2562.838055555556,236.0,91.485
HAM,2578.160277777778,197.0,91.485
HAM,2594.960277777778,168.0,91.485
HAM,2603.793611111111,159.0,91.485
HAM,2610.6825000000003,155.0,91.485
HAM,2619.0158333333334,150.0,91.485
HAM,2627.2380555555555,148.0,91.485
HAM,2635.1825,143.0,91.485
HAM,2646.5380555555553,146.0,91.485
HAM,2663.315833333333,151.0,91.485
HAM,2672.0936111111105,158.0,91.485
HAM,2679.3824999999997,164.0,91.485
HAM,2694.7602777777774,173.0,91.485
HAM,2710.4936111111106,177.0,91.485
HAM,2739.5824999999995,119.0,91.485
HAM,2747.115833333333,113.0,91.485
HAM,2755.515833333333,108.0,91.485
HAM,2765.2936111111107,110.0,91.485
HAM,2777.193611111111,119.0,91.485
HAM,2782.581944444444,122.0,91.485
HAM,2795.2436111111106,142.0,91.485
HAM,2810.9436111111104,157.0,91.485
HAM,2820.1102777777774,165.0,91.485
HAM,2829.443611111111,168.0,91.485
HAM,2844.9102777777775,174.0,91.485
HAM,2854.799166666666,178.0,91.485
HAM,2863.065833333333,186.0,91.485
HAM,2885.065833333333,198.0,91.485
HAM,2894.1324999999997,204.0,91.485
HAM,2910.465833333333,210.0,91.485
HAM,2934.576944444444,217.0,91.485
HAM,2955.465833333333,188.0,91.485
HAM,2965.1880555555554,175.0,91.485
HAM,2977.6324999999997,140.0,91.485
HAM,2984.9102777777775,131.0,91.485
HAM,2992.3769444444442,112.0,91.485
HAM,3001.0880555555555,98.0,91.485
HAM,3008.9102777777775,88.0,91.485
HAM,3012.5102777777774,81.0,91.485
HAM,3015.843611111111,75.0,91.485
HAM,3019.7325,70.0,91.485
HAM,3024.1991666666668,67.0,91.485
HAM,3029.1769444444444,64.0,91.485
HAM,3035.3102777777776,69.0,91.485
HAM,3039.3658333333333,73.0,91.485
HAM,3046.743611111111,83.0,91.485
HAM,3053.0769444444445,95.0,91.485
HAM,3057.4769444444446,99.0,91.485
HAM,3063.4769444444446,108.0,91.485
HAM,3072.9658333333336,122.0,91.485
HAM,3078.610277777778,127.0,91.485
HAM,3086.610277777778,144.0,91.485
HAM,3102.510277777778,159.0,91.485
HAM,3111.8991666666666,169.0,91.485
HAM,3119.7658333333334,177.0,91.485
HAM,3134.543611111111,190.0,91.485
HAM,3157.321388888889,205.0,91.485
HAM,3166.565833333333,208.0,91.485
HAM,3188.3658333333333,218.0,91.485
HAM,3214.2547222222224,233.0,91.485
HAM,3232.9991666666665,241.0,91.485
HAM,3255.0436111111107,248.0,91.485
HAM,3271.843611111111,252.0,91.485
HAM,3289.043611111111,258.0,91.485
HAM,3309.421388888889,262.0,91.485
HAM,3324.1991666666663,266.0,91.485
HAM,3351.399166666666,272.0,91.485
HAM,3372.865833333333,276.0,91.485
HAM,3391.4658333333323,279.0,91.485
HAM,3407.0769444444436,281.0,91.485
HAM,3432.4102777777775,285.0,91.485
HAM,3448.3547222222223,287.0,91.485
HAM,3473.7547222222224,254.0,91.485
HAM,3486.1436111111107,223.0,91.485
HAM,3497.6991666666663,208.0,91.485
HAM,3513.4991666666665,158.0,91.485
HAM,3527.3991666666666,139.0,91.485
HAM,3533.7325,114.0,91.485
HAM,3544.8436111111114,100.0,91.485
HAM,3550.1769444444444,96.0,91.485
HAM,3554.3547222222223,94.0,91.485
HAM,3564.1324999999997,88.0,91.485
HAM,3574.7991666666667,96.0,91.485
HAM,3583.9547222222222,103.0,91.485
HAM,3591.2880555555557,110.0,91.485
HAM,3600.621388888889,120.0,91.485
HAM,3609.554722222222,134.0,91.485
HAM,3630.221388888889,155.0,91.485
HAM,3639.388055555556,165.0,91.485
HAM,3646.899166666667,169.0,91.485
HAM,3657.0102777777784,182.0,91.485
HAM,3665.410277777778,189.0,91.485
HAM,3673.9436111111113,192.0,91.485
HAM,3687.476944444444,203.0,91.485
HAM,3699.0880555555555,209.0,91.485
HAM,3715.8700000000003,215.0,91.485
HAM,3735.8961111111116,226.0,91.485
HAM,3751.2294444444447,230.0,91.485
HAM,3761.673888888889,235.0,91.485
HAM,3772.2072222222223,237.0,91.485
HAM,3785.540555555556,240.0,91.485
HAM,3812.9850000000006,247.0,91.485
HAM,3832.507222222223,251.0,91.485
HAM,3843.7961111111117,254.0,91.485
HAM,3863.7850000000008,257.0,91.485
HAM,3884.007222222223,260.0,91.485
HAM,3901.6738888888895,265.0,91.485
HAM,3925.4072222222235,267.0,91.485
HAM,3961.8072222222227,273.0,91.485
HAM,3980.1405555555566,275.0,91.485
HAM,3998.607222222223,277.0,91.485
HAM,4026.607222222223,280.0,91.485
HAM,4045.340555555557,281.0,91.485
HAM,4064.207222222223,283.0,91.485
HAM,4083.140555555556,284.0,91.485
HAM,4108.562777777779,286.0,91.485
HAM,4121.3183333333345,287.0,91.485
HAM,4143.796111111113,289.0,91.485
HAM,4159.796111111113,288.0,91.485
HAM,4172.640555555557,289.0,91.485
HAM,4195.2766666666685,290.0,91.485
HAM,4217.6741666666685,289.0,91.485
HAM,4235.407500000002,228.0,91.485
HAM,4248.6741666666685,199.0,91.485
HAM,4256.407500000002,174.0,91.485
HAM,4266.740833333336,155.0,91.485
HAM,4274.68527777778,143.0,91.485
HAM,4288.796388888892,127.0,91.485
HAM,4295.518611111114,121.0,91.485
HAM,4300.674166666669,116.0,91.485
HAM,4308.207500000002,113.0,91.485
HAM,4318.429722222225,115.0,91.485
HAM,4323.718611111113,119.0,91.485
HAM,4329.229722222224,124.0,91.485
HAM,4334.874166666669,127.0,91.485
HAM,4346.78527777778,134.0,91.485
HAM,4361.3408333333355,131.0,91.485
HAM,4367.251944444446,133.0,91.485
HAM,4374.863055555557,137.0,91.485
HAM,4385.98527777778,143.0,91.485
HAM,4405.051944444446,156.0,91.485
HAM,4416.318611111113,169.0,91.485
HAM,4426.207500000001,178.0,91.485
HAM,4436.48527777778,185.0,91.485
HAM,4451.418611111113,192.0,91.485
HAM,4467.207500000002,203.0,91.485
HAM,4486.110833333336,212.0,91.485
HAM,4498.166388888892,217.0,91.485
HAM,4515.603888888892,225.0,91.485
HAM,4525.826111111113,230.0,91.485
HAM,4544.181666666669,236.0,91.485
HAM,4554.715000000002,237.0,91.485
HAM,4568.103888888891,241.0,91.485
HAM,4589.970555555557,246.0,91.485
HAM,4606.037222222224,241.0,91.485
HAM,4625.948333333335,224.0,91.485
HAM,4645.059444444446,215.0,91.485
HAM,4656.726111111113,210.0,91.485
HAM,4670.459444444446,206.0,91.485
HAM,4689.126111111113,210.0,91.485
HAM,4708.326111111112,216.0,91.485
HAM,4728.237222222223,224.0,91.485
HAM,4756.715000000001,233.0,91.485
HAM,4780.415000000001,237.0,91.485
HAM,4799.237222222223,242.0,91.485
HAM,4824.137222222223,249.0,91.485
HAM,4835.248333333334,250.0,91.485
HAM,4852.381666666667,257.0,91.485
HAM,4872.526111111111,259.0,91.485
MAG,5.230555555555555,269.0,91.575
MAG,17.319444444444443,272.0,91.575
MAG,38.94083333333333,277.0,91.575
MAG,70.38527777777777,283.0,91.575
MAG,89.45194444444444,286.0,91.575
MAG,115.05194444444444,288.0,91.575
MAG,131.2186111111111,291.0,91.575
MAG,154.16305555555556,295.0,91.575
MAG,167.36305555555558,297.0,91.575
MAG,183.91861111111112,298.0,91.575
MAG,203.91861111111115,300.0,91.575
MAG,220.6963888888889,302.0,91.575
MAG,244.26305555555558,303.0,91.575
MAG,264.5963888888889,305.0,91.575
MAG,281.65194444444444,307.0,91.575
MAG,298.7075,307.0,91.575
MAG,328.4247222222222,298.0,91.575
MAG,350.7358333333333,251.0,91.575
MAG,364.4025,205.0,91.575
MAG,376.93583333333333,188.0,91.575
MAG,393.43583333333333,165.0,91.575
MAG,410.3247222222222,152.0,91.575
MAG,421.68027777777775,146.0,91.575
MAG,428.1691666666666,146.0,91.575
MAG,444.613611111111,148.0,91.575
MAG,453.0580555555555,152.0,91.575
MAG,463.39138888888886,155.0,91.575
MAG,477.47972222222216,158.0,91.575
MAG,491.43527777777774,157.0,91.575
MAG,498.32416666666666,155.0,91.575
MAG,507.72416666666663,141.0,91.575
MAG,521.4130555555556,112.0,91.575
MAG,529.1908333333333,100.0,91.575
MAG,534.4130555555555,94.0,91.575
MAG,538.4575,91.0,91.575
MAG,546.2797222222222,88.0,91.575
MAG,552.8908333333333,85.0,91.575
MAG,558.7574999999999,88.0,91.575
MAG,564.8241666666667,91.0,91.575
MAG,573.5352777777778,98.0,91.575
MAG,580.3733333333333,103.0,91.575
MAG,587.7066666666666,110.0,91.575
MAG,594.2622222222221,118.0,91.575
MAG,604.1399999999999,127.0,91.575
MAG,610.2288888888887,137.0,91.575
MAG,616.8066666666665,148.0,91.575
MAG,633.1066666666665,163.0,91.575
MAG,642.8844444444443,176.0,91.575
MAG,651.0622222222221,184.0,91.575
MAG,661.6733333333332,191.0,91.575
MAG,672.6733333333332,198.0,91.575
MAG,688.54,204.0,91.575
MAG,697.8288888888889,209.0,91.575
MAG,707.1177777777777,209.0,91.575
MAG,724.3680555555554,221.0,91.575
MAG,747.2680555555555,229.0,91.575
MAG,765.623611111111,236.0,91.575
MAG,778.9013888888887,239.0,91.575
MAG,803.3013888888888,244.0,91.575
MAG,817.023611111111,247.0,91.575
MAG,830.9124999999999,250.0,91.575
MAG,859.1347222222221,254.0,91.575
MAG,870.423611111111,254.0,91.575
MAG,883.3680555555553,233.0,91.575
MAG,895.0902777777777,211.0,91.575
MAG,909.4013888888887,184.0,91.575
MAG,927.7347222222222,165.0,91.575
MAG,940.1013888888888,159.0,91.575
MAG,952.1138888888888,155.0,91.575
MAG,962.1805555555555,151.0,91.575
MAG,981.3694444444443,157.0,91.575
MAG,990.3694444444444,162.0,91.575
MAG,1012.4916666666666,181.0,91.575
MAG,1035.9583333333333,192.0,91.575
MAG,1056.5583333333332,206.0,91.575
MAG,1073.125,213.0,91.575
MAG,1090.2361111111109,220.0,91.575
MAG,1100.0749999999998,220.0,91.575
MAG,1112.7416666666663,228.0,91.575
MAG,1136.4416666666664,237.0,91.575
MAG,1147.1083333333331,240.0,91.575
MAG,1160.9972222222223,250.0,91.575
MAG,1172.3749999999998,256.0,91.575
MAG,1189.7083333333333,260.0,91.575
MAG,1201.3083333333332,261.0,91.575
MAG,1224.5083333333332,261.0,91.575
MAG,1252.1083333333331,276.0,91.575
MAG,1286.697222222222,283.0,91.575
MAG,1321.7749999999996,287.0,91.575
MAG,1337.8861111111107,290.0,91.575
MAG,1367.286111111111,294.0,91.575
MAG,1386.870833333333,295.0,91.575
MAG,1413.3597222222218,298.0,91.575
MAG,1429.970833333333,299.0,91.575
MAG,1456.8152777777773,302.0,91.575
MAG,1483.8374999999996,304.0,91.575
MAG,1510.859722222222,304.0,91.575
MAG,1545.0819444444444,308.0,91.575
MAG,1558.8597222222222,310.0,91.575
MAG,1586.5930555555556,312.0,91.575
MAG,1607.4597222222221,313.0,91.575
MAG,1621.5472222222222,315.0,91.575
MAG,1639.0472222222222,315.0,91.575
MAG,1666.8694444444445,313.0,91.575
MAG,1686.1361111111112,289.0,91.575
MAG,1703.2694444444446,257.0,91.575
MAG,1720.6027777777779,195.0,91.575
MAG,1739.6694444444445,156.0,91.575
MAG,1753.3694444444445,137.0,91.575
MAG,1760.4805555555558,128.0,91.575
MAG,1765.9472222222223,123.0,91.575
MAG,1776.525,119.0,91.575
MAG,1788.1250000000002,116.0,91.575
MAG,1801.5694444444446,121.0,91.575
MAG,1809.9027777777778,125.0,91.575
MAG,1824.3625000000002,145.0,91.575
MAG,1832.9736111111113,155.0,91.575
MAG,1841.8625000000002,160.0,91.575
MAG,1853.6625000000004,177.0,91.575
MAG,1869.3958333333337,177.0,91.575
MAG,1893.9625000000003,201.0,91.575
MAG,1916.9625000000003,207.0,91.575
MAG,1924.918055555556,179.0,91.575
MAG,1935.5180555555562,159.0,91.575
MAG,1943.2788888888892,139.0,91.575
MAG,1948.745555555556,123.0,91.575
MAG,1961.8122222222225,98.0,91.575
MAG,1978.056666666667,86.0,91.575
MAG,1984.356666666667,81.0,91.575
MAG,1989.356666666667,75.0,91.575
MAG,1995.267777777778,76.0,91.575
MAG,2001.4122222222225,79.0,91.575
MAG,2009.2344444444448,88.0,91.575
MAG,2016.5455555555557,94.0,91.575
MAG,2022.1011111111113,100.0,91.575
MAG,2027.0788888888892,112.0,91.575
MAG,2032.4122222222225,120.0,91.575
MAG,2042.0566666666668,124.0,91.575
MAG,2053.371666666667,146.0,91.575
MAG,2069.871666666667,165.0,91.575
MAG,2083.7161111111113,178.0,91.575
MAG,2093.8272222222226,182.0,91.575
MAG,2108.3716666666674,187.0,91.575
MAG,2126.3716666666674,180.0,91.575
MAG,2133.527222222223,161.0,91.575
MAG,2143.927222222223,156.0,91.575
MAG,2150.416111111112,146.0,91.575
MAG,2158.249444444445,141.0,91.575
MAG,2165.8986111111117,137.0,91.575
MAG,2171.9430555555564,136.0,91.575
MAG,2180.8097222222227,133.0,91.575
MAG,2190.920833333334,130.0,91.575
MAG,2204.520833333334,136.0,91.575
MAG,2212.2986111111118,140.0,91.575
MAG,2220.4097222222226,146.0,91.575
MAG,2228.743055555556,150.0,91.575
MAG,2237.743055555556,162.0,91.575
MAG,2251.354166666667,175.0,91.575
MAG,2274.698611111112,191.0,91.575
MAG,2285.6986111111114,198.0,91.575
MAG,2306.7986111111113,211.0,91.575
MAG,2321.265277777778,217.0,91.575
MAG,2333.654166666667,223.0,91.575
MAG,2362.254166666667,234.0,91.575
MAG,2383.609444444445,241.0,91.575
MAG,2394.3650000000007,242.0,91.575
MAG,2413.576111111112,247.0,91.575
MAG,2430.376111111112,252.0,91.575
MAG,2441.620555555556,253.0,91.575
MAG,2467.5205555555563,259.0,91.575
MAG,2487.898333333334,262.0,91.575
MAG,2499.5872222222233,263.0,91.575
MAG,2511.3650000000007,265.0,91.575
MAG,2523.187222222223,266.0,91.575
MAG,2538.0205555555563,267.0,91.575
MAG,2557.8155555555563,222.0,91.575
MAG,2567.1044444444456,209.0,91.575
MAG,2575.4155555555567,187.0,91.575
MAG,2584.8600000000015,170.0,91.575
MAG,2595.5266666666685,160.0,91.575
MAG,2608.682222222224,148.0,91.575
MAG,2618.2155555555573,143.0,91.575
MAG,2629.1044444444465,140.0,91.575
MAG,2640.071111111113,141.0,91.575
MAG,2648.0155555555575,143.0,91.575
MAG,2656.0711111111127,145.0,91.575
MAG,2662.782222222224,151.0,91.575
MAG,2680.782222222224,162.0,91.575
MAG,2688.337777777779,170.0,91.575
MAG,2700.204444444446,178.0,91.575
MAG,2718.426666666668,164.0,91.575
MAG,2726.1488888888903,139.0,91.575
MAG,2734.615555555557,127.0,91.575
MAG,2743.760555555557,118.0,91.575
MAG,2755.871666666668,109.0,91.575
MAG,2768.4272222222235,113.0,91.575
MAG,2773.671666666668,118.0,91.575
MAG,2792.071666666668,138.0,91.575
MAG,2800.405000000001,150.0,91.575
MAG,2807.2494444444455,154.0,91.575
MAG,2816.2944444444456,162.0,91.575
MAG,2829.5166666666673,170.0,91.575
MAG,2839.2388888888895,175.0,91.575
MAG,2857.5388888888897,183.0,91.575
MAG,2868.0944444444453,190.0,91.575
MAG,2876.5388888888897,190.0,91.575
MAG,2887.5944444444453,199.0,91.575
MAG,2898.983333333334,205.0,91.575
MAG,2910.705555555556,211.0,91.575
MAG,2925.172222222223,217.0,91.575
MAG,2937.3388888888894,219.0,91.575
MAG,2953.983333333334,214.0,91.575
MAG,2969.272222222223,172.0,91.575
MAG,2981.4500000000007,137.0,91.575
MAG,2989.4500000000007,120.0,91.575
MAG,3000.0055555555564,95.0,91.575
MAG,3016.8538888888897,66.0,91.575
MAG,3021.676111111112,62.0,91.575
MAG,3026.7316666666675,65.0,91.575
MAG,3030.565000000001,69.0,91.575
MAG,3034.676111111112,74.0,91.575
MAG,3038.2316666666675,80.0,91.575
MAG,3041.9205555555563,83.0,91.575
MAG,3048.187222222223,94.0,91.575
MAG,3057.7280555555567,107.0,91.575
MAG,3071.6169444444454,125.0,91.575
MAG,3084.1502777777787,141.0,91.575
MAG,3094.283611111112,152.0,91.575
MAG,3117.8836111111123,177.0,91.575
MAG,3130.483611111112,189.0,91.575
MAG,3139.1058333333344,194.0,91.575
MAG,3148.0391666666674,201.0,91.575
MAG,3164.5280555555564,212.0,91.575
MAG,3179.0613888888897,218.0,91.575
MAG,3191.5613888888893,225.0,91.575
MAG,3204.3947222222228,231.0,91.575
MAG,3231.0613888888893,240.0,91.575
MAG,3247.3947222222228,245.0,91.575
MAG,3264.0613888888897,250.0,91.575
MAG,3278.2836111111114,256.0,91.575
MAG,3295.6836111111115,261.0,91.575
MAG,3313.3502777777785,265.0,91.575
MAG,3325.216944444445,267.0,91.575
MAG,3343.341111111112,273.0,91.575
MAG,3367.7855555555557,275.0,91.575
MAG,3380.007777777778,275.0,91.575
MAG,3392.407777777779,279.0,91.575
MAG,3408.1855555555567,284.0,91.575
MAG,3433.696666666667,287.0,91.575
MAG,3452.83,287.0,91.575
MAG,3469.6300000000006,252.0,91.575
MAG,3489.4250000000006,222.0,91.575
MAG,3497.469444444445,181.0,91.575
MAG,3506.3027777777784,159.0,91.575
MAG,3512.880555555556,148.0,91.575
MAG,3523.636111111112,121.0,91.575
MAG,3533.4138888888892,110.0,91.575
MAG,3540.3472222222226,104.0,91.575
MAG,3545.8472222222226,99.0,91.575
MAG,3552.180555555556,95.0,91.575
MAG,3558.1138888888895,89.0,91.575
MAG,3567.2138888888894,91.0,91.575
MAG,3575.9250000000006,98.0,91.575
MAG,3580.280555555556,98.0,91.575
MAG,3586.2250000000004,107.0,91.575
MAG,3596.625,117.0,91.575
MAG,3603.902777777778,131.0,91.575
MAG,3614.9472222222225,142.0,91.575
MAG,3636.0138888888887,158.0,91.575
MAG,3647.764722222222,177.0,91.575
MAG,3666.6647222222223,189.0,91.575
MAG,3677.5536111111114,196.0,91.575
MAG,3703.953611111111,216.0,91.575
MAG,3726.2536111111112,223.0,91.575
MAG,3741.5202777777786,229.0,91.575
MAG,3762.474444444445,235.0,91.575
MAG,3775.752222222223,239.0,91.575
MAG,3794.885555555555,246.0,91.575
MAG,3814.252222222222,249.0,91.575
MAG,3836.7411111111114,253.0,91.575
MAG,3850.8522222222227,254.0,91.575
MAG,3862.2300000000005,256.0,91.575
MAG,3885.341111111111,260.0,91.575
MAG,3899.8966666666665,262.0,91.575
MAG,3917.6300000000006,266.0,91.575
MAG,3938.6299999999997,270.0,91.575
MAG,3953.6299999999997,270.0,91.575
MAG,3981.1299999999997,275.0,91.575
MAG,3999.596666666667,277.0,91.575
MAG,4018.1966666666663,279.0,91.575
MAG,4030.6411111111106,280.0,91.575
MAG,4055.618888888889,281.0,91.575
MAG,4077.785555555556,285.0,91.575
MAG,4100.030000000001,286.0,91.575
MAG,4119.083611111111,287.0,91.575
MAG,4151.1947222222225,289.0,91.575
MAG,4170.5280555555555,290.0,91.575
MAG,4186.583611111111,289.0,91.575
MAG,4220.050277777778,251.0,91.575
MAG,4240.406666666667,203.0,91.575
MAG,4249.462222222222,163.0,91.575
MAG,4259.262222222223,147.0,91.575
MAG,4268.328888888889,136.0,91.575
MAG,4273.973333333333,127.0,91.575
MAG,4283.228888888889,119.0,91.575
MAG,4289.673333333333,116.0,91.575
MAG,4298.306666666666,111.0,91.575
MAG,4307.173333333333,114.0,91.575
MAG,4320.839999999999,123.0,91.575
MAG,4334.44,136.0,91.575
MAG,4352.306666666666,134.0,91.575
MAG,4364.484444444444,137.0,91.575
MAG,4372.262222222222,140.0,91.575
MAG,4383.6177777777775,146.0,91.575
MAG,4392.062222222222,152.0,91.575
MAG,4402.728888888888,160.0,91.575
MAG,4420.528888888889,178.0,91.575
MAG,4435.228888888888,189.0,91.575
MAG,4448.2411111111105,196.0,91.575
MAG,4466.552222222222,206.0,91.575
MAG,4480.885555555555,215.0,91.575
MAG,4503.185555555555,223.0,91.575
MAG,4513.318888888888,228.0,91.575
MAG,4534.2730555555545,235.0,91.575
MAG,4561.050833333333,241.0,91.575
MAG,4585.950833333332,249.0,91.575
MAG,4613.284166666666,246.0,91.575
MAG,4639.561944444444,215.0,91.575
MAG,4663.006388888888,211.0,91.575
MAG,4681.673055555555,210.0,91.575
MAG,4700.873055555555,216.0,91.575
MAG,4710.606388888888,219.0,91.575
MAG,4728.028611111111,224.0,91.575
MAG,4743.495277777777,232.0,91.575
MAG,4756.4397222222215,233.0,91.575
MAG,4775.028611111111,239.0,91.575
MAG,4791.228611111111,243.0,91.575
MAG,4807.695277777777,247.0,91.575
MAG,4818.761944444444,249.0,91.575
MAG,4838.673055555555,256.0,91.575
MAG,4864.873055555556,262.0,91.575
ALO,5.024444444444445,266.0,91.615
ALO,17.06888888888889,271.0,91.615
ALO,32.346666666666664,275.0,91.615
ALO,44.61333333333333,276.0,91.615
ALO,63.213333333333324,279.0,91.615
ALO,75.70222222222222,281.0,91.615
ALO,101.03555555555556,285.0,91.615
ALO,130.03555555555556,290.0,91.615
ALO,166.09111111111113,295.0,91.615
ALO,202.7577777777778,300.0,91.615
ALO,219.48000000000002,301.0,91.615
ALO,249.78,303.0,91.615
ALO,270.0286111111111,305.0,91.615
ALO,297.2286111111111,306.0,91.615
ALO,314.2286111111111,306.0,91.615
ALO,339.7397222222222,287.0,91.615
ALO,359.4730555555555,222.0,91.615
ALO,375.29527777777776,178.0,91.615
ALO,391.8508333333333,149.0,91.615
ALO,398.3397222222222,146.0,91.615
ALO,410.69527777777773,139.0,91.615
ALO,419.49527777777774,132.0,91.615
ALO,425.44333333333327,133.0,91.615
ALO,433.0544444444444,137.0,91.615
ALO,446.21,148.0,91.615
ALO,456.61,156.0,91.615
ALO,467.5433333333333,164.0,91.615
ALO,482.47666666666663,168.0,91.615
ALO,502.5211111111111,164.0,91.615
ALO,515.2211111111111,127.0,91.615
ALO,521.6655555555556,116.0,91.615
ALO,526.5988888888888,111.0,91.615
ALO,535.4877777777778,100.0,91.615
ALO,544.6877777777778,92.0,91.615
ALO,554.2433333333333,86.0,91.615
ALO,560.0433333333333,87.0,91.615
ALO,569.7163888888889,97.0,91.615
ALO,575.3275,101.0,91.615
ALO,581.3275,108.0,91.615
ALO,588.7275,111.0,91.615
ALO,600.5497222222222,133.0,91.615
ALO,618.5163888888889,147.0,91.615
ALO,636.6274999999999,163.0,91.615
ALO,644.4497222222221,176.0,91.615
ALO,656.5163888888889,181.0,91.615
ALO,667.0130555555554,188.0,91.615
ALO,675.8574999999998,199.0,91.615
ALO,703.7241666666665,209.0,91.615
ALO,746.6019444444443,227.0,91.615
ALO,765.1130555555554,238.0,91.615
ALO,781.179722222222,241.0,91.615
ALO,800.0797222222221,243.0,91.615
ALO,819.5241666666666,250.0,91.615
ALO,842.0130555555555,253.0,91.615
ALO,861.8463888888888,255.0,91.615
ALO,875.2908333333332,242.0,91.615
ALO,885.1130555555553,221.0,91.615
ALO,894.9352777777775,221.0,91.615
ALO,909.6352777777776,189.0,91.615
ALO,923.8177777777776,183.0,91.615
ALO,940.2177777777775,164.0,91.615
ALO,952.3511111111109,156.0,91.615
ALO,961.0177777777775,156.0,91.615
ALO,973.3844444444442,159.0,91.615
ALO,989.8844444444442,165.0,91.615
ALO,997.2177777777775,165.0,91.615
ALO,1009.0844444444441,178.0,91.615
ALO,1017.1288888888886,181.0,91.615
ALO,1027.4066666666663,185.0,91.615
ALO,1037.735833333333,185.0,91.615
ALO,1046.5802777777774,199.0,91.615
ALO,1060.3136111111107,206.0,91.615
ALO,1076.3358333333329,206.0,91.615
ALO,1098.5358333333331,222.0,91.615
ALO,1111.2024999999996,228.0,91.615
ALO,1123.8691666666662,228.0,91.615
ALO,1136.9802777777772,236.0,91.615
ALO,1150.258055555555,239.0,91.615
ALO,1169.7024999999996,250.0,91.615
ALO,1202.2136111111108,266.0,91.615
ALO,1217.2136111111108,270.0,91.615
ALO,1244.7136111111108,275.0,91.615
ALO,1263.1136111111107,276.0,91.615
ALO,1278.7802777777777,282.0,91.615
ALO,1313.9802777777775,288.0,91.615
ALO,1339.766111111111,291.0,91.615
ALO,1352.7883333333332,293.0,91.615
ALO,1375.8105555555553,296.0,91.615
ALO,1395.6105555555555,297.0,91.615
ALO,1408.855,298.0,91.615
ALO,1438.655,298.0,91.615
ALO,1462.1438888888886,302.0,91.615
ALO,1475.5661111111108,302.0,91.615
ALO,1488.988333333333,302.0,91.615
ALO,1502.4549999999997,303.0,91.615
ALO,1519.3438888888888,304.0,91.615
ALO,1546.7180555555553,307.0,91.615
ALO,1560.4513888888887,309.0,91.615
ALO,1574.184722222222,309.0,91.615
ALO,1591.4069444444442,310.0,91.615
ALO,1612.073611111111,310.0,91.615
ALO,1639.7180555555553,311.0,91.615
ALO,1660.5180555555553,312.0,91.615
ALO,1682.2180555555553,279.0,91.615
ALO,1700.106944444444,230.0,91.615
ALO,1711.2736111111108,201.0,91.615
ALO,1721.7736111111108,189.0,91.615
ALO,1728.8402777777774,159.0,91.615
ALO,1744.0624999999995,137.0,91.615
ALO,1750.0624999999995,135.0,91.615
ALO,1758.6624999999997,129.0,91.615
ALO,1772.106944444444,121.0,91.615
ALO,1778.7736111111108,120.0,91.615
ALO,1786.7736111111108,120.0,91.615
ALO,1796.6936111111108,128.0,91.615
ALO,1811.915833333333,137.0,91.615
ALO,1828.804722222222,152.0,91.615
ALO,1835.7824999999998,157.0,91.615
ALO,1859.5158333333331,178.0,91.615
ALO,1869.7380555555553,184.0,91.615
ALO,1878.1824999999997,190.0,91.615
ALO,1889.293333333333,199.0,91.615
ALO,1905.2377777777776,205.0,91.615
ALO,1915.6822222222222,188.0,91.615
ALO,1931.2822222222221,156.0,91.615
ALO,1939.004444444444,139.0,91.615
ALO,1944.382222222222,121.0,91.615
ALO,1950.5488888888885,111.0,91.615
ALO,1956.1599999999996,101.0,91.615
ALO,1961.382222222222,94.0,91.615
ALO,1967.3822222222218,90.0,91.615
ALO,1972.1599999999996,86.0,91.615
ALO,1978.6155555555551,83.0,91.615
ALO,1985.4599999999996,77.0,91.615
ALO,1992.215555555555,76.0,91.615
ALO,1997.6822222222215,82.0,91.615
ALO,2007.5711111111107,89.0,91.615
ALO,2040.2466666666662,128.0,91.615
ALO,2051.2911111111107,142.0,91.615
ALO,2063.502222222222,157.0,91.615
ALO,2072.724444444444,166.0,91.615
ALO,2082.391111111111,174.0,91.615
ALO,2090.302222222222,178.0,91.615
ALO,2098.5244444444447,185.0,91.615
ALO,2111.1911111111117,190.0,91.615
ALO,2127.508611111112,183.0,91.615
ALO,2145.0641666666675,158.0,91.615
ALO,2157.5975000000008,141.0,91.615
ALO,2166.797500000001,138.0,91.615
ALO,2183.4641666666676,125.0,91.615
ALO,2191.9308333333342,127.0,91.615
ALO,2197.7530555555563,131.0,91.615
ALO,2203.6641666666674,133.0,91.615
ALO,2214.7863888888896,143.0,91.615
ALO,2224.7197222222226,149.0,91.615
ALO,2233.553055555556,159.0,91.615
ALO,2242.941944444445,169.0,91.615
ALO,2263.1641666666674,182.0,91.615
ALO,2275.7641666666673,189.0,91.615
ALO,2288.8975000000005,197.0,91.615
ALO,2300.008611111112,200.0,91.615
ALO,2314.3419444444453,215.0,91.615
ALO,2329.0752777777784,221.0,91.615
ALO,2339.030833333334,224.0,91.615
ALO,2354.433055555556,232.0,91.615
ALO,2375.410833333334,236.0,91.615
ALO,2386.033055555556,239.0,91.615
ALO,2396.8775000000005,244.0,91.615
ALO,2410.488611111112,245.0,91.615
ALO,2432.977500000001,253.0,91.615
ALO,2449.9775000000004,255.0,91.615
ALO,2467.2441666666673,259.0,91.615
ALO,2490.7841666666673,264.0,91.615
ALO,2502.517500000001,264.0,91.615
ALO,2517.350833333334,267.0,91.615
ALO,2529.2175000000007,267.0,91.615
ALO,2550.461944444445,239.0,91.615
ALO,2567.8841666666676,196.0,91.615
ALO,2579.017500000001,167.0,91.615
ALO,2587.6841666666674,156.0,91.615
ALO,2597.8175000000006,152.0,91.615
ALO,2607.2175000000007,141.0,91.615
ALO,2620.7175000000007,135.0,91.615
ALO,2632.8952777777786,137.0,91.615
ALO,2639.161944444445,141.0,91.615
ALO,2647.2175000000007,145.0,91.615
ALO,2660.2841666666673,147.0,91.615
ALO,2669.0619444444446,158.0,91.615
ALO,2681.7397222222226,163.0,91.615
ALO,2704.4063888888895,170.0,91.615
ALO,2714.6302777777782,154.0,91.615
ALO,2727.330277777778,127.0,91.615
ALO,2733.996944444445,120.0,91.615
ALO,2747.685833333334,112.0,91.615
ALO,2758.985833333334,113.0,91.615
ALO,2766.6525000000006,115.0,91.615
ALO,2777.709166666667,124.0,91.615
ALO,2785.098055555556,133.0,91.615
ALO,2796.8425,151.0,91.615
ALO,2809.5980555555557,164.0,91.615
ALO,2824.8869444444445,172.0,91.615
ALO,2834.4980555555558,173.0,91.615
ALO,2842.320277777778,176.0,91.615
ALO,2858.5869444444447,183.0,91.615
ALO,2869.198055555556,191.0,91.615
ALO,2882.3980555555563,198.0,91.615
ALO,2898.420277777778,206.0,91.615
ALO,2910.2536111111117,213.0,91.615
ALO,2931.553611111112,213.0,91.615
ALO,2944.4202777777787,193.0,91.615
ALO,2955.620277777779,168.0,91.615
ALO,2962.73138888889,160.0,91.615
ALO,2974.553611111112,133.0,91.615
ALO,2983.186944444445,111.0,91.615
ALO,2990.5758333333342,95.0,91.615
ALO,2996.617222222223,91.0,91.615
ALO,3004.9505555555565,75.0,91.615
ALO,3009.617222222223,70.0,91.615
ALO,3013.395000000001,68.0,91.615
ALO,3022.3283333333343,67.0,91.615
ALO,3029.648611111112,73.0,91.615
ALO,3033.92638888889,77.0,91.615
ALO,3039.72638888889,87.0,91.615
ALO,3045.993055555557,94.0,91.615
ALO,3050.4819444444456,101.0,91.615
ALO,3059.0375000000013,110.0,91.615
ALO,3065.42638888889,115.0,91.615
ALO,3075.5375000000013,130.0,91.615
ALO,3086.8930555555567,146.0,91.615
ALO,3104.8930555555567,162.0,91.615
ALO,3123.7930555555567,189.0,91.615
ALO,3150.993055555557,204.0,91.615
ALO,3170.281944444446,217.0,91.615
ALO,3182.337500000001,217.0,91.615
ALO,3200.148611111112,229.0,91.615
ALO,3213.204166666668,235.0,91.615
ALO,3229.3375000000015,242.0,91.615
ALO,3254.0375000000013,247.0,91.615
ALO,3273.948611111112,256.0,91.615
ALO,3291.2097222222233,260.0,91.615
ALO,3314.8541666666674,266.0,91.615
ALO,3332.7875000000013,269.0,91.615
ALO,3360.0875000000015,273.0,91.615
ALO,3372.398611111112,277.0,91.615
ALO,3397.4544444444455,281.0,91.615
ALO,3429.2322222222238,286.0,91.615
ALO,3456.532222222224,273.0,91.615
ALO,3480.19888888889,213.0,91.615
ALO,3500.243333333335,164.0,91.615
ALO,3514.7988888888904,131.0,91.615
ALO,3525.3766666666684,119.0,91.615
ALO,3534.265555555557,100.0,91.615
ALO,3538.576666666668,97.0,91.615
ALO,3545.8877777777793,94.0,91.615
ALO,3551.8211111111127,89.0,91.615
ALO,3556.8211111111123,90.0,91.615
ALO,3564.054444444446,93.0,91.615
ALO,3570.5877777777796,98.0,91.615
ALO,3577.3211111111127,101.0,91.615
ALO,3582.1211111111124,108.0,91.615
ALO,3591.5322222222235,121.0,91.615
ALO,3605.7322222222233,142.0,91.615
ALO,3621.4883333333346,158.0,91.615
ALO,3628.7327777777787,163.0,91.615
ALO,3640.466111111112,176.0,91.615
ALO,3656.8216666666676,184.0,91.615
ALO,3677.3786111111117,205.0,91.615
ALO,3701.489722222223,217.0,91.615
ALO,3732.15638888889,230.0,91.615
ALO,3742.4675000000007,232.0,91.615
ALO,3755.5230555555563,235.0,91.615
ALO,3766.145277777778,239.0,91.615
ALO,3776.856388888889,241.0,91.615
ALO,3793.123055555556,244.0,91.615
ALO,3812.411944444445,248.0,91.615
ALO,3843.4563888888893,254.0,91.615
ALO,3869.3563888888893,259.0,91.615
ALO,3886.8230555555556,262.0,91.615
ALO,3913.3230555555556,265.0,91.615
ALO,3925.100833333333,265.0,91.615
ALO,3943.100833333334,270.0,91.615
ALO,3955.1897222222224,272.0,91.615
ALO,3967.4119444444445,275.0,91.615
ALO,3995.0119444444445,276.0,91.615
ALO,4026.123055555556,280.0,91.615
ALO,4044.8563888888893,281.0,91.615
ALO,4066.86638888889,284.0,91.615
ALO,4089.0330555555556,285.0,91.615
ALO,4108.16638888889,287.0,91.615
ALO,4120.921944444445,287.0,91.615
ALO,4143.32388888889,287.0,91.615
ALO,4159.212777777778,286.0,91.615
ALO,4181.457222222222,286.0,91.615
ALO,4202.223888888889,267.0,91.615
ALO,4220.346111111111,233.0,91.615
ALO,4237.323888888889,191.0,91.615
ALO,4252.623888888889,153.0,91.615
ALO,4258.846111111111,140.0,91.615
ALO,4271.146111111111,123.0,91.615
ALO,4277.7572222222225,119.0,91.615
ALO,4283.046111111111,119.0,91.615
ALO,4288.112777777777,114.0,91.615
ALO,4294.223888888889,110.0,91.615
ALO,4303.168333333333,115.0,91.615
ALO,4311.168333333333,120.0,91.615
ALO,4327.301666666667,132.0,91.615
ALO,4336.101666666667,132.0,91.615
ALO,4343.490555555556,133.0,91.615
ALO,4376.601666666667,149.0,91.615
ALO,4384.879444444446,149.0,91.615
ALO,4396.0794444444455,168.0,91.615
ALO,4409.796944444445,177.0,91.615
ALO,4422.263611111112,187.0,91.615
ALO,4437.430277777779,195.0,91.615
ALO,4463.277777777778,211.0,91.615
ALO,4472.877777777779,216.0,91.615
ALO,4485.211111111112,222.0,91.615
ALO,4502.944444444445,228.0,91.615
ALO,4521.2222222222235,235.0,91.615
ALO,4539.8888888888905,240.0,91.615
ALO,4553.444444444446,244.0,91.615
ALO,4575.311111111112,246.0,91.615
ALO,4589.08888888889,248.0,91.615
ALO,4607.67777777778,239.0,91.615
ALO,4625.411111111113,228.0,91.615
ALO,4637.633333333336,220.0,91.615
ALO,4658.533333333336,209.0,91.615
ALO,4675.100000000002,213.0,91.615
ALO,4689.700000000002,219.0,91.615
ALO,4717.444444444446,227.0,91.615
ALO,4730.222222222224,230.0,91.615
ALO,4751.022222222225,234.0,91.615
ALO,4764.244444444446,238.0,91.615
ALO,4783.222222222224,244.0,91.615
ALO,4810.66666666667,247.0,91.615
ALO,4824.762500000003,255.0,91.615
ALO,4836.095833333336,255.0,91.615
ALO,4850.54027777778,260.0,91.615
ALO,4868.073611111114,263.0,91.615
OCO,18.09,268.0,91.673
OCO,30.134444444444448,271.0,91.673
OCO,42.26777777777777,273.0,91.673
OCO,57.60111111111111,276.0,91.673
OCO,82.66777777777777,282.0,91.673
OCO,101.60111111111111,284.0,91.673
OCO,120.66777777777777,286.0,91.673
OCO,146.61527777777778,291.0,91.673
OCO,159.59305555555557,292.0,91.673
OCO,175.9263888888889,294.0,91.673
OCO,189.08194444444445,296.0,91.673
OCO,215.57083333333335,298.0,91.673
OCO,242.32638888888889,301.0,91.673
OCO,262.52638888888885,303.0,91.673
OCO,279.41527777777776,304.0,91.673
OCO,299.74861111111113,305.0,91.673
OCO,320.08194444444445,305.0,91.673
OCO,343.38194444444446,233.0,91.673
OCO,362.84861111111115,219.0,91.673
OCO,370.75972222222225,178.0,91.673
OCO,379.87083333333334,164.0,91.673
OCO,393.2041666666667,150.0,91.673
OCO,401.25972222222225,145.0,91.673
OCO,412.0708333333334,139.0,91.673
OCO,430.47083333333336,138.0,91.673
OCO,439.8316666666667,141.0,91.673
OCO,455.0316666666667,152.0,91.673
OCO,463.865,159.0,91.673
OCO,483.90944444444443,164.0,91.673
OCO,499.1094444444444,152.0,91.673
OCO,508.44277777777774,140.0,91.673
OCO,519.1427777777778,120.0,91.673
OCO,525.3094444444445,111.0,91.673
OCO,533.3983333333333,104.0,91.673
OCO,541.2538888888889,101.0,91.673
OCO,550.0538888888889,99.0,91.673
OCO,555.3872222222222,96.0,91.673
OCO,559.5205555555556,93.0,91.673
OCO,568.0538888888889,96.0,91.673
OCO,573.6094444444444,100.0,91.673
OCO,580.5427777777778,104.0,91.673
OCO,589.4094444444445,114.0,91.673
OCO,596.1872222222223,122.0,91.673
OCO,610.3872222222222,142.0,91.673
OCO,620.5872222222223,153.0,91.673
OCO,631.1205555555556,158.0,91.673
OCO,638.5872222222223,168.0,91.673
OCO,654.9427777777779,184.0,91.673
OCO,670.1094444444445,195.0,91.673
OCO,686.053888888889,205.0,91.673
OCO,700.0619444444446,211.0,91.673
OCO,724.395277777778,219.0,91.673
OCO,739.5952777777779,228.0,91.673
OCO,752.4841666666669,232.0,91.673
OCO,784.4841666666669,240.0,91.673
OCO,809.2527777777779,247.0,91.673
OCO,823.1416666666668,250.0,91.673
OCO,840.0083333333334,253.0,91.673
OCO,857.075,256.0,91.673
OCO,868.4527777777778,256.0,91.673
OCO,886.4194444444445,231.0,91.673
OCO,898.0861111111111,210.0,91.673
OCO,912.5527777777778,186.0,91.673
OCO,925.8527777777776,171.0,91.673
OCO,943.2972222222222,157.0,91.673
OCO,958.3972222222222,151.0,91.673
OCO,979.463888888889,158.0,91.673
OCO,994.2194444444445,166.0,91.673
OCO,1003.7750000000001,172.0,91.673
OCO,1017.6972222222224,179.0,91.673
OCO,1028.0861111111112,187.0,91.673
OCO,1041.0194444444444,194.0,91.673
OCO,1062.1194444444443,211.0,91.673
OCO,1079.2305555555554,220.0,91.673
OCO,1094.2344444444443,226.0,91.673
OCO,1115.301111111111,237.0,91.673
OCO,1131.5011111111107,243.0,91.673
OCO,1156.7011111111108,252.0,91.673
OCO,1167.9899999999998,254.0,91.673
OCO,1190.995,258.0,91.673
OCO,1220.4394444444442,265.0,91.673
OCO,1247.8394444444446,274.0,91.673
OCO,1278.9505555555556,280.0,91.673
OCO,1313.7838888888891,285.0,91.673
OCO,1345.8950000000002,289.0,91.673
OCO,1371.9394444444447,293.0,91.673
OCO,1398.1616666666669,295.0,91.673
OCO,1411.361666666667,297.0,91.673
OCO,1434.5394444444444,298.0,91.673
OCO,1454.4727777777778,299.0,91.673
OCO,1471.1394444444443,300.0,91.673
OCO,1494.5505555555555,301.0,91.673
OCO,1514.7505555555554,303.0,91.673
OCO,1535.0838888888889,305.0,91.673
OCO,1548.6838888888888,306.0,91.673
OCO,1572.639444444444,308.0,91.673
OCO,1603.539444444444,309.0,91.673
OCO,1634.6527777777774,312.0,91.673
OCO,1648.5194444444442,312.0,91.673
OCO,1669.2527777777773,311.0,91.673
OCO,1693.430555555555,272.0,91.673
OCO,1714.5891666666662,211.0,91.673
OCO,1733.1447222222218,167.0,91.673
OCO,1751.8113888888884,140.0,91.673
OCO,1757.7224999999994,133.0,91.673
OCO,1764.8336111111107,128.0,91.673
OCO,1770.3002777777774,123.0,91.673
OCO,1775.7669444444439,123.0,91.673
OCO,1783.5002777777772,116.0,91.673
OCO,1792.6780555555551,118.0,91.673
OCO,1808.4447222222218,129.0,91.673
OCO,1822.6447222222218,142.0,91.673
OCO,1832.9780555555553,155.0,91.673
OCO,1849.8780555555552,169.0,91.673
OCO,1857.7447222222218,177.0,91.673
OCO,1870.078055555555,185.0,91.673
OCO,1878.3002777777774,185.0,91.673
OCO,1887.1002777777771,198.0,91.673
OCO,1907.700277777777,206.0,91.673
OCO,1928.8113888888881,190.0,91.673
OCO,1938.7447222222215,149.0,91.673
OCO,1949.2847222222217,136.0,91.673
OCO,1958.4624999999996,118.0,91.673
OCO,1965.2624999999996,102.0,91.673
OCO,1969.6180555555552,98.0,91.673
OCO,1976.643055555555,90.0,91.673
OCO,1981.4208333333327,86.0,91.673
OCO,1987.6430555555548,80.0,91.673
OCO,1993.476388888888,75.0,91.673
OCO,1999.3874999999991,76.0,91.673
OCO,2006.7652777777769,83.0,91.673
OCO,2015.965277777777,92.0,91.673
OCO,2020.365277777777,99.0,91.673
OCO,2031.265277777777,109.0,91.673
OCO,2037.7652777777769,117.0,91.673
OCO,2043.1874999999993,122.0,91.673
OCO,2049.054166666666,132.0,91.673
OCO,2057.3319444444437,149.0,91.673
OCO,2069.6208333333325,158.0,91.673
OCO,2081.0874999999987,172.0,91.673
OCO,2103.9430555555546,187.0,91.673
OCO,2116.809722222221,193.0,91.673
OCO,2126.69861111111,178.0,91.673
OCO,2157.3652777777766,138.0,91.673
OCO,2164.7541666666657,133.0,91.673
OCO,2173.6208333333325,133.0,91.673
OCO,2183.5408333333326,128.0,91.673
OCO,2192.1408333333325,129.0,91.673
OCO,2202.563055555555,134.0,91.673
OCO,2220.5705555555546,147.0,91.673
OCO,2227.414999999999,154.0,91.673
OCO,2236.414999999999,162.0,91.673
OCO,2249.637222222221,170.0,91.673
OCO,2264.181666666666,187.0,91.673
OCO,2279.270555555555,194.0,91.673
OCO,2290.0483333333327,194.0,91.673
OCO,2308.981666666666,213.0,91.673
OCO,2321.1483333333326,219.0,91.673
OCO,2338.570555555555,224.0,91.673
OCO,2356.3038888888887,228.0,91.673
OCO,2369.248333333333,233.0,91.673
OCO,2393.3483333333334,241.0,91.673
OCO,2412.6372222222217,248.0,91.673
OCO,2429.437222222222,252.0,91.673
OCO,2460.970555555555,258.0,91.673
OCO,2475.415,260.0,91.673
OCO,2498.8816666666667,264.0,91.673
OCO,2513.6594444444445,266.0,91.673
OCO,2534.348333333333,266.0,91.673
OCO,2558.903888888889,221.0,91.673
OCO,2569.9594444444447,200.0,91.673
OCO,2578.137222222222,184.0,91.673
OCO,2587.5261111111113,169.0,91.673
OCO,2598.4594444444447,164.0,91.673
OCO,2612.1911111111112,154.0,91.673
OCO,2620.5244444444447,150.0,91.673
OCO,2635.1244444444446,146.0,91.673
OCO,2641.6133333333332,146.0,91.673
OCO,2653.0466666666666,147.0,91.673
OCO,2661.38,150.0,91.673
OCO,2671.6466666666665,154.0,91.673
OCO,2688.1466666666665,165.0,91.673
OCO,2699.48,170.0,91.673
OCO,2708.98,171.0,91.673
OCO,2722.78,138.0,91.673
OCO,2737.08,117.0,91.673
OCO,2744.5466666666666,112.0,91.673
OCO,2750.5466666666666,108.0,91.673
OCO,2758.713333333333,105.0,91.673
OCO,2763.3355555555554,104.0,91.673
OCO,2773.1133333333332,110.0,91.673
OCO,2778.313333333333,117.0,91.673
OCO,2785.2577777777774,125.0,91.673
OCO,2790.813333333333,125.0,91.673
OCO,2805.513333333333,147.0,91.673
OCO,2814.18,156.0,91.673
OCO,2825.313333333333,167.0,91.673
OCO,2840.643055555555,173.0,91.673
OCO,2850.865277777777,184.0,91.673
OCO,2863.731944444444,193.0,91.673
OCO,2872.497499999999,196.0,91.673
OCO,2890.897499999999,207.0,91.673
OCO,2912.597499999999,217.0,91.673
OCO,2929.864166666666,222.0,91.673
OCO,2945.497499999999,201.0,91.673
OCO,2961.1419444444437,176.0,91.673
OCO,2970.1419444444437,162.0,91.673
OCO,2978.086388888888,143.0,91.673
OCO,2983.775277777777,128.0,91.673
OCO,2989.4641666666657,128.0,91.673
OCO,2994.264166666666,108.0,91.673
OCO,2999.764166666666,99.0,91.673
OCO,3007.497499999999,87.0,91.673
OCO,3012.897499999999,81.0,91.673
OCO,3020.097499999999,72.0,91.673
OCO,3023.2086111111103,70.0,91.673
OCO,3028.4197222222215,67.0,91.673
OCO,3034.4641666666657,68.0,91.673
OCO,3041.219722222221,76.0,91.673
OCO,3051.853055555555,87.0,91.673
OCO,3056.2086111111103,98.0,91.673
OCO,3064.8419444444435,111.0,91.673
OCO,3072.50861111111,115.0,91.673
OCO,3083.04861111111,136.0,91.673
OCO,3089.359722222221,142.0,91.673
OCO,3101.6924999999987,158.0,91.673
OCO,3109.1591666666654,168.0,91.673
OCO,3123.2369444444435,181.0,91.673
OCO,3145.125833333332,197.0,91.673
OCO,3156.292499999999,201.0,91.673
OCO,3168.070277777777,212.0,91.673
OCO,3180.181388888888,218.0,91.673
OCO,3195.114722222221,224.0,91.673
OCO,3205.3369444444434,230.0,91.673
OCO,3226.492499999999,238.0,91.673
OCO,3239.9369444444437,242.0,91.673
OCO,3267.8258333333324,251.0,91.673
OCO,3281.9924999999994,255.0,91.673
OCO,3307.9924999999994,260.0,91.673
OCO,3328.6036111111107,265.0,91.673
OCO,3340.5147222222217,268.0,91.673
OCO,3370.9591666666665,274.0,91.673
OCO,3383.270277777777,277.0,91.673
OCO,3398.714722222222,278.0,91.673
OCO,3414.3813888888876,282.0,91.673
OCO,3430.1591666666654,284.0,91.673
OCO,3455.2258333333325,282.0,91.673
OCO,3478.9258333333323,237.0,91.673
OCO,3497.125833333332,182.0,91.673
OCO,3508.750833333332,150.0,91.673
OCO,3519.1730555555546,134.0,91.673
OCO,3526.0963888888878,124.0,91.673
OCO,3537.7630555555547,105.0,91.673
OCO,3544.3630555555546,99.0,91.673
OCO,3549.696388888888,96.0,91.673
OCO,3556.696388888888,90.0,91.673
OCO,3565.596388888888,89.0,91.673
OCO,3570.7074999999995,92.0,91.673
OCO,3575.063055555555,98.0,91.673
OCO,3580.785277777777,103.0,91.673
OCO,3586.8963888888884,110.0,91.673
OCO,3593.5074999999997,119.0,91.673
OCO,3603.851944444444,133.0,91.673
OCO,3621.074166666666,155.0,91.673
OCO,3629.685277777777,155.0,91.673
OCO,3637.196388888888,169.0,91.673
OCO,3653.1074999999996,179.0,91.673
OCO,3670.2630555555547,193.0,91.673
OCO,3723.7963888888876,219.0,91.673
OCO,3738.9963888888883,228.0,91.673
OCO,3757.1186111111106,233.0,91.673
OCO,3778.4519444444436,240.0,91.673
OCO,3802.8519444444437,244.0,91.673
OCO,3813.761111111111,247.0,91.673
OCO,3836.2311111111107,252.0,91.673
OCO,3862.031111111111,258.0,91.673
OCO,3876.4755555555557,260.0,91.673
OCO,3891.086666666667,263.0,91.673
OCO,3914.4644444444443,263.0,91.673
OCO,3929.3533333333335,268.0,91.673
OCO,3941.353333333333,270.0,91.673
OCO,3971.686666666667,273.0,91.673
OCO,3983.9533333333334,276.0,91.673
OCO,4005.6533333333336,279.0,91.673
OCO,4036.9866666666676,282.0,91.673
OCO,4068.5422222222223,284.0,91.673
OCO,4084.4311111111115,286.0,91.673
OCO,4110.031111111111,288.0,91.673
OCO,4126.086666666667,289.0,91.673
OCO,4145.420000000001,290.0,91.673
OCO,4171.286666666667,291.0,91.673
OCO,4197.064444444445,290.0,91.673
OCO,4208.931111111112,267.0,91.673
OCO,4220.797777777779,267.0,91.673
OCO,4233.131111111113,222.0,91.673
OCO,4245.197777777779,181.0,91.673
OCO,4257.720000000001,161.0,91.673
OCO,4269.364444444446,131.0,91.673
OCO,4276.142222222224,122.0,91.673
OCO,4286.275555555557,114.0,91.673
OCO,4293.6755555555565,111.0,91.673
OCO,4298.431111111112,107.0,91.673
OCO,4304.320000000001,106.0,91.673
OCO,4312.953333333334,111.0,91.673
OCO,4317.975555555556,113.0,91.673
OCO,4324.642222222223,120.0,91.673
OCO,4338.042222222222,134.0,91.673
OCO,4345.431111111111,133.0,91.673
OCO,4351.386666666666,134.0,91.673
OCO,4362.042222222222,137.0,91.673
OCO,4378.486666666667,148.0,91.673
OCO,4385.153333333334,150.0,91.673
OCO,4401.453333333334,163.0,91.673
OCO,4421.120000000001,177.0,91.673
OCO,4435.742222222223,188.0,91.673
OCO,4453.3422222222225,198.0,91.673
OCO,4467.142222222222,207.0,91.673
OCO,4481.3422222222225,213.0,91.673
OCO,4498.531111111111,221.0,91.673
OCO,4511.031111111111,225.0,91.673
OCO,4534.431111111111,234.0,91.673
OCO,4553.019999999999,239.0,91.673
OCO,4569.286666666666,244.0,91.673
OCO,4583.008888888889,247.0,91.673
OCO,4604.786666666666,245.0,91.673
OCO,4617.73111111111,233.0,91.673
OCO,4639.63111111111,219.0,91.673
OCO,4651.519999999999,214.0,91.673
OCO,4663.242222222221,211.0,91.673
OCO,4684.342222222222,211.0,91.673
OCO,4706.342222222222,220.0,91.673
OCO,4718.786666666665,224.0,91.673
OCO,4744.564444444443,232.0,91.673
OCO,4757.564444444443,234.0,91.673
OCO,4768.053333333332,236.0,91.673
OCO,4794.942222222222,242.0,91.673
OCO,4822.608888888888,249.0,91.673
OCO,4845.364444444444,256.0,91.673
OCO,4862.497777777778,257.0,91.673
OCO,4882.953333333333,263.0,91.673
HUL,7.472222222222221,269.0,91.808
HUL,22.638888888888886,273.0,91.808
HUL,44.02777777777777,275.0,91.808
HUL,56.42777777777778,279.0,91.808
HUL,68.96111111111111,282.0,91.808
HUL,97.5611111111111,286.0,91.808
HUL,113.5611111111111,288.0,91.808
HUL,126.53888888888889,292.0,91.808
HUL,142.81666666666666,293.0,91.808
HUL,159.20555555555555,295.0,91.808
HUL,182.30555555555554,297.0,91.808
HUL,195.59444444444443,299.0,91.808
HUL,208.97222222222223,301.0,91.808
HUL,232.62305555555554,303.0,91.808
HUL,263.22305555555556,306.0,91.808
HUL,287.1786111111111,308.0,91.808
HUL,304.2341666666666,307.0,91.808
HUL,333.7341666666666,295.0,91.808
HUL,350.12305555555554,295.0,91.808
HUL,361.51194444444445,205.0,91.808
HUL,380.2897222222222,169.0,91.808
HUL,387.5786111111111,164.0,91.808
HUL,396.18972222222226,155.0,91.808
HUL,404.5230555555556,150.0,91.808
HUL,415.80083333333334,145.0,91.808
HUL,431.68972222222226,143.0,91.808
HUL,443.0452777777778,146.0,91.808
HUL,454.9802777777778,154.0,91.808
HUL,465.7802777777778,162.0,91.808
HUL,486.6802777777778,171.0,91.808
HUL,496.0691666666667,169.0,91.808
HUL,512.5691666666667,135.0,91.808
HUL,526.1358333333334,111.0,91.808
HUL,535.8358333333333,97.0,91.808
HUL,543.0691666666667,93.0,91.808
HUL,550.0691666666667,90.0,91.808
HUL,554.0047222222222,88.0,91.808
HUL,559.0047222222222,90.0,91.808
HUL,568.7047222222222,97.0,91.808
HUL,573.0602777777777,98.0,91.808
HUL,578.7825,103.0,91.808
HUL,583.5825,108.0,91.808
HUL,591.1158333333333,113.0,91.808
HUL,596.493611111111,121.0,91.808
HUL,608.3158333333332,133.0,91.808
HUL,623.9158333333332,156.0,91.808
HUL,645.1824999999999,174.0,91.808
HUL,668.4047222222221,190.0,91.808
HUL,679.3491666666665,197.0,91.808
HUL,700.2491666666665,209.0,91.808
HUL,714.5227777777776,215.0,91.808
HUL,734.5227777777775,225.0,91.808
HUL,747.0783333333331,226.0,91.808
HUL,767.7894444444443,233.0,91.808
HUL,789.1227777777775,240.0,91.808
HUL,810.9005555555553,245.0,91.808
HUL,838.7894444444443,251.0,91.808
HUL,850.0338888888887,253.0,91.808
HUL,872.5227777777776,253.0,91.808
HUL,888.0561111111109,233.0,91.808
HUL,897.358333333333,208.0,91.808
HUL,907.8583333333331,189.0,91.808
HUL,923.0583333333332,171.0,91.808
HUL,933.7916666666664,161.0,91.808
HUL,944.3249999999997,158.0,91.808
HUL,957.7472222222219,151.0,91.808
HUL,976.8138888888886,156.0,91.808
HUL,993.4138888888887,166.0,91.808
HUL,1002.9694444444442,172.0,91.808
HUL,1010.9694444444442,180.0,91.808
HUL,1027.8583333333331,190.0,91.808
HUL,1047.958333333333,201.0,91.808
HUL,1071.847222222222,215.0,91.808
HUL,1086.5805555555553,221.0,91.808
HUL,1109.815833333333,233.0,91.808
HUL,1123.093611111111,239.0,91.808
HUL,1136.6491666666664,244.0,91.808
HUL,1153.3825,251.0,91.808
HUL,1176.3158333333333,258.0,91.808
HUL,1208.9491666666665,267.0,91.808
HUL,1239.393611111111,274.0,91.808
HUL,1251.6602777777778,276.0,91.808
HUL,1270.3269444444443,280.0,91.808
HUL,1286.1277777777777,283.0,91.808
HUL,1298.838888888889,286.0,91.808
HUL,1337.5055555555557,290.0,91.808
HUL,1393.6055555555556,297.0,91.808
HUL,1416.8611111111109,299.0,91.808
HUL,1436.9277777777777,301.0,91.808
HUL,1460.4166666666667,302.0,91.808
HUL,1484.1388888888887,305.0,91.808
HUL,1511.3388888888887,306.0,91.808
HUL,1535.3722222222223,309.0,91.808
HUL,1552.5944444444444,310.0,91.808
HUL,1566.4611111111112,312.0,91.808
HUL,1580.3722222222223,313.0,91.808
HUL,1604.7166666666667,313.0,91.808
HUL,1629.1291666666666,315.0,91.808
HUL,1660.7291666666665,316.0,91.808
HUL,1683.673611111111,295.0,91.808
HUL,1699.173611111111,279.0,91.808
HUL,1716.284722222222,220.0,91.808
HUL,1734.684722222222,184.0,91.808
HUL,1742.0180555555553,165.0,91.808
HUL,1751.9513888888885,149.0,91.808
HUL,1758.1736111111106,140.0,91.808
HUL,1765.506944444444,132.0,91.808
HUL,1772.541944444444,126.0,91.808
HUL,1778.0974999999996,125.0,91.808
HUL,1786.0974999999996,120.0,91.808
HUL,1795.5086111111107,121.0,91.808
HUL,1808.1086111111106,126.0,91.808
HUL,1815.2197222222217,128.0,91.808
HUL,1822.5530555555551,132.0,91.808
HUL,1830.2752777777773,139.0,91.808
HUL,1838.7752777777773,153.0,91.808
HUL,1851.6863888888886,166.0,91.808
HUL,1873.8086111111106,181.0,91.808
HUL,1884.3086111111108,189.0,91.808
HUL,1904.4086111111108,201.0,91.808
HUL,1918.141944444444,206.0,91.808
HUL,1929.6974999999993,208.0,91.808
HUL,1947.6641666666658,147.0,91.808
HUL,1958.829166666666,126.0,91.808
HUL,1963.8069444444438,112.0,91.808
HUL,1971.8180555555548,103.0,91.808
HUL,1978.0847222222214,94.0,91.808
HUL,1982.1736111111104,92.0,91.808
HUL,1990.1736111111104,80.0,91.808
HUL,1996.0847222222214,76.0,91.808
HUL,1999.4624999999992,76.0,91.808
HUL,2002.8847222222214,77.0,91.808
HUL,2006.3958333333323,79.0,91.808
HUL,2011.0069444444434,83.0,91.808
HUL,2018.7644444444434,87.0,91.808
HUL,2022.853333333332,92.0,91.808
HUL,2027.2533333333322,99.0,91.808
HUL,2033.1977777777765,107.0,91.808
HUL,2040.9311111111099,116.0,91.808
HUL,2052.93111111111,135.0,91.808
HUL,2062.7311111111103,147.0,91.808
HUL,2075.2533333333326,161.0,91.808
HUL,2088.786666666666,174.0,91.808
HUL,2098.842222222221,181.0,91.808
HUL,2109.2311111111103,187.0,91.808
HUL,2117.63111111111,189.0,91.808
HUL,2136.5199999999986,170.0,91.808
HUL,2143.4977777777767,157.0,91.808
HUL,2153.1644444444437,145.0,91.808
HUL,2168.1644444444437,135.0,91.808
HUL,2175.33111111111,129.0,91.808
HUL,2183.7311111111103,126.0,91.808
HUL,2193.4961111111106,126.0,91.808
HUL,2208.162777777777,132.0,91.808
HUL,2223.718333333333,140.0,91.808
HUL,2230.296111111111,148.0,91.808
HUL,2252.5627777777772,167.0,91.808
HUL,2262.2849999999994,175.0,91.808
HUL,2270.2849999999994,180.0,91.808
HUL,2280.558333333333,184.0,91.808
HUL,2295.958333333333,198.0,91.808
HUL,2307.3472222222217,205.0,91.808
HUL,2329.0472222222215,217.0,91.808
HUL,2341.4361111111107,223.0,91.808
HUL,2351.347222222222,223.0,91.808
HUL,2364.180555555555,231.0,91.808
HUL,2377.236111111111,235.0,91.808
HUL,2390.5138888888882,239.0,91.808
HUL,2406.780555555555,244.0,91.808
HUL,2420.558333333333,248.0,91.808
HUL,2440.158333333333,252.0,91.808
HUL,2463.002777777777,257.0,91.808
HUL,2486.113888888888,260.0,91.808
HUL,2503.580555555555,262.0,91.808
HUL,2533.2472222222214,267.0,91.808
HUL,2577.1549999999993,172.0,91.808
HUL,2589.5994444444436,160.0,91.808
HUL,2601.1105555555546,148.0,91.808
HUL,2609.1105555555546,144.0,91.808
HUL,2616.8883333333324,140.0,91.808
HUL,2623.06611111111,139.0,91.808
HUL,2629.243888888888,139.0,91.808
HUL,2638.710555555554,142.0,91.808
HUL,2651.818055555554,147.0,91.808
HUL,2669.2624999999985,157.0,91.808
HUL,2684.018055555554,166.0,91.808
HUL,2695.684722222221,175.0,91.808
HUL,2716.218055555554,154.0,91.808
HUL,2724.951388888888,131.0,91.808
HUL,2730.5513888888877,126.0,91.808
HUL,2735.9291666666654,121.0,91.808
HUL,2744.7958333333318,114.0,91.808
HUL,2752.2624999999985,112.0,91.808
HUL,2758.3736111111098,110.0,91.808
HUL,2764.5402777777763,111.0,91.808
HUL,2777.762499999999,119.0,91.808
HUL,2786.495833333332,131.0,91.808
HUL,2795.9624999999987,142.0,91.808
HUL,2804.295833333332,150.0,91.808
HUL,2814.495833333332,153.0,91.808
HUL,2825.362499999999,163.0,91.808
HUL,2832.6958333333323,165.0,91.808
HUL,2844.247499999999,174.0,91.808
HUL,2860.6030555555544,184.0,91.808
HUL,2869.091944444443,191.0,91.808
HUL,2877.669722222221,193.0,91.808
HUL,2888.780833333332,200.0,91.808
HUL,2907.35861111111,209.0,91.808
HUL,2921.75861111111,216.0,91.808
HUL,2936.2252777777767,217.0,91.808
HUL,2954.4152777777767,204.0,91.808
HUL,2962.6374999999994,185.0,91.808
HUL,2971.804166666666,165.0,91.808
HUL,2978.204166666666,144.0,91.808
HUL,2988.515277777777,116.0,91.808
HUL,2997.1374999999994,97.0,91.808
HUL,3003.0041666666657,88.0,91.808
HUL,3007.5041666666657,81.0,91.808
HUL,3012.437499999999,74.0,91.808
HUL,3016.9708333333324,68.0,91.808
HUL,3023.4708333333324,65.0,91.808
HUL,3029.5152777777766,68.0,91.808
HUL,3032.715277777777,72.0,91.808
HUL,3036.715277777777,72.0,91.808
HUL,3044.44861111111,87.0,91.808
HUL,3049.6152777777766,93.0,91.808
HUL,3057.470833333332,101.0,91.808
HUL,3073.470833333332,120.0,91.808
HUL,3082.8316666666656,141.0,91.808
HUL,3098.6316666666658,158.0,91.808
HUL,3107.409444444443,158.0,91.808
HUL,3130.5094444444435,189.0,91.808
HUL,3150.7094444444433,202.0,91.808
HUL,3164.842777777777,212.0,91.808
HUL,3184.5486111111104,221.0,91.808
HUL,3197.215277777777,228.0,91.808
HUL,3215.5708333333328,236.0,91.808
HUL,3234.5486111111104,244.0,91.808
HUL,3256.8597222222215,251.0,91.808
HUL,3271.0263888888885,255.0,91.808
HUL,3282.4486111111105,257.0,91.808
HUL,3305.7374999999993,262.0,91.808
HUL,3320.515277777777,266.0,91.808
HUL,3338.64861111111,272.0,91.808
HUL,3360.037499999999,275.0,91.808
HUL,3375.5930555555547,280.0,91.808
HUL,3403.893055555555,283.0,91.808
HUL,3423.093055555554,288.0,91.808
HUL,3442.293055555555,288.0,91.808
HUL,3455.0486111111104,287.0,91.808
HUL,3476.559722222221,242.0,91.808
HUL,3491.959722222221,198.0,91.808
HUL,3504.870833333332,166.0,91.808
HUL,3514.6963888888877,148.0,91.808
HUL,3528.1408333333325,121.0,91.808
HUL,3535.4741666666655,110.0,91.808
HUL,3541.1963888888877,103.0,91.808
HUL,3553.5963888888873,93.0,91.808
HUL,3562.721666666665,91.0,91.808
HUL,3567.8883333333315,93.0,91.808
HUL,3574.288333333331,96.0,91.808
HUL,3581.0883333333313,102.0,91.808
HUL,3585.843888888887,107.0,91.808
HUL,3594.9438888888867,117.0,91.808
HUL,3601.888333333331,125.0,91.808
HUL,3612.9327777777758,142.0,91.808
HUL,3625.2994444444416,159.0,91.808
HUL,3644.9661111111086,177.0,91.808
HUL,3663.8661111111087,189.0,91.808
HUL,3691.3327777777754,206.0,91.808
HUL,3710.4438888888862,215.0,91.808
HUL,3722.6661111111084,220.0,91.808
HUL,3740.321666666664,227.0,91.808
HUL,3753.210555555553,232.0,91.808
HUL,3768.8772222222196,235.0,91.808
HUL,3793.17722222222,243.0,91.808
HUL,3812.4661111111086,248.0,91.808
HUL,3829.0633333333312,250.0,91.808
HUL,3851.6411111111083,254.0,91.808
HUL,3868.841111111109,258.0,91.808
HUL,3895.041111111109,262.0,91.808
HUL,3906.7299999999973,263.0,91.808
HUL,3930.626666666664,268.0,91.808
HUL,3960.8488888888864,272.0,91.808
HUL,3988.4488888888864,276.0,91.808
HUL,4019.448888888886,279.0,91.808
HUL,4053.9155555555535,282.0,91.808
HUL,4085.6933333333304,286.0,91.808
HUL,4111.115555555553,286.0,91.808
HUL,4136.804444444441,289.0,91.808
HUL,4149.648888888885,289.0,91.808
HUL,4172.204444444441,290.0,91.808
HUL,4191.404444444442,288.0,91.808
HUL,4207.126666666663,283.0,91.808
HUL,4225.79333333333,240.0,91.808
HUL,4238.726666666664,194.0,91.808
HUL,4249.99333333333,169.0,91.808
HUL,4256.615555555552,149.0,91.808
HUL,4266.959999999997,133.0,91.808
HUL,4278.659999999997,117.0,91.808
HUL,4289.330277777775,107.0,91.808
HUL,4294.085833333331,107.0,91.808
HUL,4300.952499999998,103.0,91.808
HUL,4310.37472222222,106.0,91.808
HUL,4322.10722222222,117.0,91.808
HUL,4336.884999999998,133.0,91.808
HUL,4355.018333333332,136.0,91.808
HUL,4361.151666666665,138.0,91.808
HUL,4368.984999999998,141.0,91.808
HUL,4375.251666666664,141.0,91.808
HUL,4381.8738888888865,149.0,91.808
HUL,4392.140555555554,154.0,91.808
HUL,4404.973888888887,165.0,91.808
HUL,4427.7072222222205,186.0,91.808
HUL,4447.307222222221,196.0,91.808
HUL,4460.973888888887,205.0,91.808
HUL,4482.3738888888865,214.0,91.808
HUL,4492.151666666664,220.0,91.808
HUL,4507.084999999998,224.0,91.808
HUL,4517.262777777776,229.0,91.808
HUL,4527.529444444443,231.0,91.808
HUL,4551.529444444443,240.0,91.808
HUL,4578.973888888888,247.0,91.808
HUL,4595.640555555554,250.0,91.808
HUL,4614.240555555553,240.0,91.808
HUL,4631.584999999998,223.0,91.808
HUL,4645.784999999999,213.0,91.808
HUL,4655.0294444444435,208.0,91.808
HUL,4671.186944444444,207.0,91.808
HUL,4682.686944444443,207.0,91.808
HUL,4699.253611111109,213.0,91.808
HUL,4716.209166666665,218.0,91.808
HUL,4733.709166666665,225.0,91.808
HUL,4753.798055555554,226.0,91.808
HUL,4777.198055555554,234.0,91.808
HUL,4787.731388888887,237.0,91.808
HUL,4812.031388888887,243.0,91.808
HUL,4825.753611111109,247.0,91.808
HUL,4836.864722222221,250.0,91.808
HUL,4848.153611111109,254.0,91.808
HUL,4862.431388888887,257.0,91.808
HUL,4882.886944444443,263.0,91.808
LAW,3.652777777777778,263.0,92.166
LAW,21.38611111111111,266.0,92.166
LAW,33.38611111111111,270.0,92.166
LAW,51.58611111111111,273.0,92.166
LAW,69.98611111111111,276.0,92.166
LAW,85.4861111111111,279.0,92.166
LAW,97.975,281.0,92.166
LAW,116.84166666666667,283.0,92.166
LAW,139.1638888888889,287.0,92.166
LAW,152.00833333333333,289.0,92.166
LAW,171.40833333333333,291.0,92.166
LAW,197.54166666666666,294.0,92.166
LAW,210.65277777777777,295.0,92.166
LAW,223.77027777777778,297.0,92.166
LAW,250.25916666666666,298.0,92.166
LAW,270.3258333333333,301.0,92.166
LAW,287.04805555555555,301.0,92.166
LAW,313.7147222222222,300.0,92.166
LAW,338.11472222222216,244.0,92.166
LAW,350.11472222222216,216.0,92.166
LAW,367.91472222222217,178.0,92.166
LAW,384.1597222222222,162.0,92.166
LAW,394.35972222222216,153.0,92.166
LAW,404.4263888888888,151.0,92.166
LAW,419.75972222222214,138.0,92.166
LAW,425.84861111111104,137.0,92.166
LAW,435.2486111111111,141.0,92.166
LAW,441.5152777777777,141.0,92.166
LAW,451.248611111111,146.0,92.166
LAW,461.248611111111,150.0,92.166
LAW,469.6930555555555,152.0,92.166
LAW,480.02638888888885,155.0,92.166
LAW,490.4263888888888,156.0,92.166
LAW,504.4263888888888,140.0,92.166
LAW,515.3597222222222,123.0,92.166
LAW,524.2263888888889,114.0,92.166
LAW,530.0597222222223,105.0,92.166
LAW,534.7263888888889,105.0,92.166
LAW,540.3375,101.0,92.166
LAW,544.6486111111111,97.0,92.166
LAW,552.7122222222222,91.0,92.166
LAW,558.6455555555556,89.0,92.166
LAW,563.6455555555556,90.0,92.166
LAW,567.7788888888889,93.0,92.166
LAW,576.49,98.0,92.166
LAW,587.59,111.0,92.166
LAW,592.9233333333334,120.0,92.166
LAW,602.8788888888889,128.0,92.166
LAW,610.583888888889,138.0,92.166
LAW,630.3838888888889,162.0,92.166
LAW,639.9394444444445,172.0,92.166
LAW,651.8727777777779,179.0,92.166
LAW,668.7616666666668,190.0,92.166
LAW,682.0950000000001,200.0,92.166
LAW,693.4838888888889,205.0,92.166
LAW,702.7283333333334,208.0,92.166
LAW,714.6172222222223,214.0,92.166
LAW,724.2616666666668,217.0,92.166
LAW,736.7061111111111,224.0,92.166
LAW,749.3727777777777,228.0,92.166
LAW,762.2616666666667,232.0,92.166
LAW,775.3172222222222,235.0,92.166
LAW,794.0616666666667,241.0,92.166
LAW,813.195,246.0,92.166
LAW,827.0283333333333,249.0,92.166
LAW,843.8283333333334,252.0,92.166
LAW,857.9394444444446,254.0,92.166
LAW,868.7394444444445,243.0,92.166
LAW,890.7952777777779,199.0,92.166
LAW,903.1952777777777,186.0,92.166
LAW,913.028611111111,177.0,92.166
LAW,929.428611111111,164.0,92.166
LAW,940.1619444444444,161.0,92.166
LAW,958.7397222222221,152.0,92.166
LAW,974.4397222222223,157.0,92.166
LAW,994.8972222222222,167.0,92.166
LAW,1010.7194444444444,178.0,92.166
LAW,1027.6972222222223,191.0,92.166
LAW,1047.4972222222223,198.0,92.166
LAW,1056.5638888888889,204.0,92.166
LAW,1070.4305555555554,208.0,92.166
LAW,1090.0749999999998,221.0,92.166
LAW,1099.8972222222221,221.0,92.166
LAW,1115.2305555555556,230.0,92.166
LAW,1136.3861111111112,238.0,92.166
LAW,1155.4416666666666,245.0,92.166
LAW,1169.6638888888888,256.0,92.166
LAW,1189.8861111111112,260.0,92.166
LAW,1210.4972222222223,265.0,92.166
LAW,1231.497222222222,270.0,92.166
LAW,1249.763888888889,274.0,92.166
LAW,1265.0972222222222,276.0,92.166
LAW,1277.4197222222222,279.0,92.166
LAW,1302.5752777777777,283.0,92.166
LAW,1331.3752777777777,288.0,92.166
LAW,1354.0086111111111,291.0,92.166
LAW,1373.475277777778,292.0,92.166
LAW,1386.4975000000002,293.0,92.166
LAW,1412.808611111111,296.0,92.166
LAW,1435.9911111111112,297.0,92.166
LAW,1459.2466666666664,299.0,92.166
LAW,1492.691111111111,301.0,92.166
LAW,1506.1133333333332,302.0,92.166
LAW,1522.9466666666665,303.0,92.166
LAW,1546.591111111111,304.0,92.166
LAW,1580.8133333333333,308.0,92.166
LAW,1618.5800000000002,309.0,92.166
LAW,1649.5800000000002,310.0,92.166
LAW,1679.18,296.0,92.166
LAW,1700.157777777778,236.0,92.166
LAW,1709.9355555555558,220.0,92.166
LAW,1720.768888888889,195.0,92.166
LAW,1741.3022222222223,154.0,92.166
LAW,1754.2800000000002,146.0,92.166
LAW,1760.457777777778,139.0,92.166
LAW,1768.9555555555557,128.0,92.166
LAW,1782.177777777778,119.0,92.166
LAW,1788.677777777778,117.0,92.166
LAW,1793.877777777778,117.0,92.166
LAW,1802.0111111111114,122.0,92.166
LAW,1809.0111111111114,126.0,92.166
LAW,1818.077777777778,136.0,92.166
LAW,1824.3888888888891,142.0,92.166
LAW,1837.9422222222224,152.0,92.166
LAW,1857.275555555556,174.0,92.166
LAW,1871.7422222222224,186.0,92.166
LAW,1886.986666666667,196.0,92.166
LAW,1895.8311111111116,199.0,92.166
LAW,1907.2755555555557,206.0,92.166
LAW,1923.097777777778,178.0,92.166
LAW,1931.9311111111115,159.0,92.166
LAW,1941.3977777777782,142.0,92.166
LAW,1948.4533333333336,127.0,92.166
LAW,1959.2533333333336,108.0,92.166
LAW,1969.0533333333335,98.0,92.166
LAW,1975.1200000000001,91.0,92.166
LAW,1979.9533333333336,87.0,92.166
LAW,1986.097777777778,79.0,92.166
LAW,1992.0866666666668,77.0,92.166
LAW,1995.508888888889,77.0,92.166
LAW,2000.9088888888891,81.0,92.166
LAW,2011.2741666666668,85.0,92.166
LAW,2016.496388888889,94.0,92.166
LAW,2024.3519444444446,101.0,92.166
LAW,2031.7519444444447,111.0,92.166
LAW,2041.3186111111113,123.0,92.166
LAW,2052.5963888888887,145.0,92.166
LAW,2068.5405555555553,159.0,92.166
LAW,2086.1405555555552,176.0,92.166
LAW,2096.2516666666666,182.0,92.166
LAW,2115.4516666666664,192.0,92.166
LAW,2130.4738888888887,169.0,92.166
LAW,2137.9849999999997,169.0,92.166
LAW,2146.429444444444,152.0,92.166
LAW,2155.8961111111103,142.0,92.166
LAW,2164.8961111111103,135.0,92.166
LAW,2172.2849999999994,133.0,92.166
LAW,2180.8849999999993,129.0,92.166
LAW,2193.7849999999994,129.0,92.166
LAW,2207.6849999999995,139.0,92.166
LAW,2213.9961111111106,142.0,92.166
LAW,2223.929444444444,149.0,92.166
LAW,2235.9849999999997,155.0,92.166
LAW,2255.207222222222,173.0,92.166
LAW,2271.3849999999998,182.0,92.166
LAW,2284.4516666666664,196.0,92.166
LAW,2307.283333333333,206.0,92.166
LAW,2319.2277777777776,215.0,92.166
LAW,2331.5055555555555,221.0,92.166
LAW,2346.5722222222216,226.0,92.166
LAW,2364.6166666666663,232.0,92.166
LAW,2383.1938888888885,238.0,92.166
LAW,2396.416111111111,238.0,92.166
LAW,2415.6272222222224,247.0,92.166
LAW,2432.293888888889,250.0,92.166
LAW,2449.1605555555557,253.0,92.166
LAW,2466.2938888888893,257.0,92.166
LAW,2477.8494444444445,260.0,92.166
LAW,2501.1383333333333,262.0,92.166
LAW,2518.8050000000003,265.0,92.166
LAW,2541.2050000000004,252.0,92.166
LAW,2558.8938888888893,199.0,92.166
LAW,2570.960555555556,181.0,92.166
LAW,2585.538333333334,164.0,92.166
LAW,2600.538333333334,150.0,92.166
LAW,2610.538333333334,150.0,92.166
LAW,2621.427222222223,140.0,92.166
LAW,2629.149444444445,139.0,92.166
LAW,2637.0383333333343,142.0,92.166
LAW,2643.5716666666676,147.0,92.166
LAW,2650.149444444445,148.0,92.166
LAW,2660.616111111112,157.0,92.166
LAW,2669.616111111112,162.0,92.166
LAW,2685.034444444445,174.0,92.166
LAW,2697.1011111111115,181.0,92.166
LAW,2707.212222222223,182.0,92.166
LAW,2721.8122222222228,146.0,92.166
LAW,2731.7252777777785,127.0,92.166
LAW,2738.5030555555563,122.0,92.166
LAW,2746.3697222222227,118.0,92.166
LAW,2756.2363888888895,111.0,92.166
LAW,2763.3697222222227,107.0,92.166
LAW,2772.003055555556,111.0,92.166
LAW,2780.0697222222225,121.0,92.166
LAW,2785.7141666666666,127.0,92.166
LAW,2798.869722222222,148.0,92.166
LAW,2807.5919444444444,157.0,92.166
LAW,2826.258611111111,168.0,92.166
LAW,2846.480833333333,182.0,92.166
LAW,2854.7030555555552,185.0,92.166
LAW,2863.1030555555553,189.0,92.166
LAW,2878.5030555555554,198.0,92.166
LAW,2894.369722222222,204.0,92.166
LAW,2903.7030555555552,210.0,92.166
LAW,2913.258611111111,215.0,92.166
LAW,2925.3697222222218,218.0,92.166
LAW,2939.6363888888886,214.0,92.166
LAW,2959.5252777777773,179.0,92.166
LAW,2967.0363888888887,169.0,92.166
LAW,2976.5299999999997,143.0,92.166
LAW,2990.2188888888886,112.0,92.166
LAW,2995.83,101.0,92.166
LAW,2999.963333333333,93.0,92.166
LAW,3006.418888888889,83.0,92.166
LAW,3010.130833333333,83.0,92.166
LAW,3014.2974999999997,75.0,92.166
LAW,3019.741944444444,70.0,92.166
LAW,3023.519722222222,68.0,92.166
LAW,3029.3863888888886,66.0,92.166
LAW,3033.275277777778,70.0,92.166
LAW,3037.4419444444443,75.0,92.166
LAW,3041.9419444444443,81.0,92.166
LAW,3052.053055555555,91.0,92.166
LAW,3056.6752777777774,104.0,92.166
LAW,3067.164166666666,118.0,92.166
LAW,3072.6308333333327,123.0,92.166
LAW,3087.2308333333326,146.0,92.166
LAW,3101.986388888888,166.0,92.166
LAW,3117.897499999999,179.0,92.166
LAW,3126.0308333333323,183.0,92.166
LAW,3134.564166666666,192.0,92.166
LAW,3145.6197222222218,199.0,92.166
LAW,3159.353055555555,206.0,92.166
LAW,3171.1308333333327,212.0,92.166
LAW,3183.297499999999,219.0,92.166
LAW,3193.2974999999997,225.0,92.166
LAW,3208.6974999999998,231.0,92.166
LAW,3221.6877777777772,235.0,92.166
LAW,3232.3544444444437,240.0,92.166
LAW,3254.3099999999995,247.0,92.166
LAW,3268.3099999999995,252.0,92.166
LAW,3291.1544444444435,257.0,92.166
LAW,3314.6944444444443,264.0,92.166
LAW,3344.5833333333326,269.0,92.166
LAW,3371.9833333333327,274.0,92.166
LAW,3396.7833333333333,279.0,92.166
LAW,3412.3944444444446,281.0,92.166
LAW,3431.3277777777776,284.0,92.166
LAW,3447.2166666666667,286.0,92.166
LAW,3476.061111111111,236.0,92.166
LAW,3491.072222222222,193.0,92.166
LAW,3505.1166666666663,158.0,92.166
LAW,3512.1388888888882,158.0,92.166
LAW,3525.1388888888882,117.0,92.166
LAW,3538.0722222222216,97.0,92.166
LAW,3543.3499999999995,95.0,92.166
LAW,3549.4833333333327,92.0,92.166
LAW,3556.1722222222215,86.0,92.166
LAW,3563.016666666666,88.0,92.166
LAW,3569.216666666666,93.0,92.166
LAW,3578.105555555555,100.0,92.166
LAW,3586.5530555555547,109.0,92.166
LAW,3593.275277777777,121.0,92.166
LAW,3600.2752777777764,126.0,92.166
LAW,3613.4719444444436,148.0,92.166
LAW,3624.005277777777,158.0,92.166
LAW,3631.2052777777767,162.0,92.166
LAW,3640.7052777777767,171.0,92.166
LAW,3652.971944444443,184.0,92.166
LAW,3670.216388888888,194.0,92.166
LAW,3689.616388888888,194.0,92.166
LAW,3711.5163888888883,219.0,92.166
LAW,3731.427499999999,224.0,92.166
LAW,3744.2052777777767,230.0,92.166
LAW,3757.2052777777767,234.0,92.166
LAW,3783.8719444444437,240.0,92.166
LAW,3797.483055555554,245.0,92.166
LAW,3811.260833333332,248.0,92.166
LAW,3828.0608333333325,252.0,92.166
LAW,3842.2274999999986,255.0,92.166
LAW,3862.060833333332,255.0,92.166
LAW,3879.5274999999992,262.0,92.166
LAW,3897.060833333332,263.0,92.166
LAW,3911.7830555555547,265.0,92.166
LAW,3929.7163888888876,269.0,92.166
LAW,3962.83861111111,271.0,92.166
LAW,3974.971944444444,273.0,92.166
LAW,3996.2844444444436,275.0,92.166
LAW,4014.75111111111,277.0,92.166
LAW,4036.45111111111,279.0,92.166
LAW,4052.084444444444,280.0,92.166
LAW,4064.573333333333,281.0,92.166
LAW,4080.24,282.0,92.166
LAW,4105.484444444443,284.0,92.166
LAW,4118.106666666666,284.0,92.166
LAW,4137.173333333333,286.0,92.166
LAW,4153.062222222222,286.0,92.166
LAW,4172.195555555555,287.0,92.166
LAW,4206.462222222222,257.0,92.166
LAW,4221.595555555556,227.0,92.166
LAW,4234.795555555555,198.0,92.166
LAW,4244.406666666667,173.0,92.166
LAW,4255.84,147.0,92.166
LAW,4261.884444444445,136.0,92.166
LAW,4292.162222222222,109.0,92.166
LAW,4298.217777777778,109.0,92.166
LAW,4303.106666666667,110.0,92.166
LAW,4309.551111111111,116.0,92.166
LAW,4315.106666666667,125.0,92.166
LAW,4326.84,132.0,92.166
LAW,4336.873333333334,129.0,92.166
LAW,4352.168333333334,138.0,92.166
LAW,4361.635,142.0,92.166
LAW,4375.146111111112,152.0,92.166
LAW,4385.723333333334,158.0,92.166
LAW,4394.945555555556,166.0,92.166
LAW,4402.501111111112,170.0,92.166
LAW,4427.167777777778,185.0,92.166
LAW,4438.056666666666,196.0,92.166
LAW,4461.167777777778,208.0,92.166
LAW,4482.567777777777,214.0,92.166
LAW,4494.956666666666,223.0,92.166
LAW,4526.156666666665,234.0,92.166
LAW,4542.023333333333,238.0,92.166
LAW,4552.778888888888,242.0,92.166
LAW,4566.334444444444,244.0,92.166
LAW,4593.445555555554,244.0,92.166
LAW,4613.267777777777,223.0,92.166
LAW,4633.767777777777,205.0,92.166
LAW,4642.701111111111,201.0,92.166
LAW,4651.723333333332,203.0,92.166
LAW,4670.034444444444,206.0,92.166
LAW,4689.0566666666655,214.0,92.166
LAW,4703.723333333332,220.0,92.166
LAW,4713.589999999999,222.0,92.166
LAW,4728.656666666666,226.0,92.166
LAW,4756.703888888888,230.0,92.166
LAW,4767.237222222221,237.0,92.166
LAW,4777.88111111111,238.0,92.166
LAW,4791.325555555554,242.0,92.166
LAW,4804.936666666665,245.0,92.166
LAW,4827.336666666665,252.0,92.166
LAW,4841.503333333332,255.0,92.166
LAW,4852.969999999998,258.0,92.166
LAW,4867.469999999998,261.0,92.166
VER,7.621666666666665,269.0,92.173
VER,22.864166666666666,273.0,92.173
VER,35.08638888888889,275.0,92.173
VER,47.441944444444445,278.0,92.173
VER,62.941944444444445,279.0,92.173
VER,81.94194444444445,285.0,92.173
VER,110.74194444444446,288.0,92.173
VER,126.90861111111111,291.0,92.173
VER,149.77527777777777,294.0,92.173
VER,172.87527777777777,297.0,92.173
VER,186.07527777777779,297.0,92.173
VER,206.0752777777778,300.0,92.173
VER,226.14194444444445,301.0,92.173
VER,246.40861111111113,304.0,92.173
VER,263.2975,304.0,92.173
VER,290.31972222222225,304.0,92.173
VER,310.4530555555556,302.0,92.173
VER,327.7805555555556,261.0,92.173
VER,347.425,221.0,92.173
VER,362.2027777777778,190.0,92.173
VER,371.925,175.0,92.173
VER,389.2583333333333,156.0,92.173
VER,400.76944444444445,148.0,92.173
VER,412.125,146.0,92.173
VER,421.39166666666665,139.0,92.173
VER,427.525,138.0,92.173
VER,440.32499999999993,144.0,92.173
VER,454.4133333333333,158.0,92.173
VER,465.2799999999999,163.0,92.173
VER,482.9466666666666,159.0,92.173
VER,498.2466666666666,153.0,92.173
VER,505.96888888888884,139.0,92.173
VER,513.0799999999999,128.0,92.173
VER,522.5688888888888,122.0,92.173
VER,527.4577777777777,110.0,92.173
VER,540.2577777777776,96.0,92.173
VER,547.4133333333332,92.0,92.173
VER,554.9688888888887,85.0,92.173
VER,562.5244444444443,85.0,92.173
VER,567.3022222222221,86.0,92.173
VER,571.3022222222221,90.0,92.173
VER,581.0749999999999,98.0,92.173
VER,586.8527777777778,104.0,92.173
VER,591.6083333333333,107.0,92.173
VER,598.2194444444444,119.0,92.173
VER,603.6416666666667,122.0,92.173
VER,610.975,132.0,92.173
VER,624.5749999999999,153.0,92.173
VER,631.5972222222222,158.0,92.173
VER,640.8194444444445,166.0,92.173
VER,654.4305555555555,175.0,92.173
VER,675.9861111111111,194.0,92.173
VER,686.9305555555555,197.0,92.173
VER,698.4322222222222,206.0,92.173
VER,715.0766666666666,214.0,92.173
VER,727.2988888888889,220.0,92.173
VER,742.2322222222223,224.0,92.173
VER,760.1988888888889,231.0,92.173
VER,773.1988888888889,234.0,92.173
VER,783.7766666666666,238.0,92.173
VER,797.2211111111112,242.0,92.173
VER,810.8322222222223,245.0,92.173
VER,844.298888888889,251.0,92.173
VER,855.5433333333334,253.0,92.173
VER,885.3655555555556,244.0,92.173
VER,903.1433333333334,200.0,92.173
VER,917.5322222222223,185.0,92.173
VER,927.2544444444445,175.0,92.173
VER,936.5322222222222,167.0,92.173
VER,945.5977777777779,164.0,92.173
VER,959.1977777777778,153.0,92.173
VER,972.9755555555556,155.0,92.173
VER,985.4200000000001,160.0,92.173
VER,998.2533333333334,165.0,92.173
VER,1007.8644444444445,173.0,92.173
VER,1022.1755555555557,184.0,92.173
VER,1032.7866666666666,191.0,92.173
VER,1041.5866666666666,198.0,92.173
VER,1052.5866666666666,198.0,92.173
VER,1071.4008333333334,211.0,92.173
VER,1091.0452777777775,221.0,92.173
VER,1103.3230555555556,221.0,92.173
VER,1115.6008333333334,221.0,92.173
VER,1133.8786111111112,235.0,92.173
VER,1159.0786111111113,252.0,92.173
VER,1176.2119444444445,257.0,92.173
VER,1187.7675000000002,260.0,92.173
VER,1205.3675000000003,264.0,92.173
VER,1223.1675000000002,267.0,92.173
VER,1238.1675000000002,270.0,92.173
VER,1250.3008333333337,273.0,92.173
VER,1268.7675000000006,277.0,92.173
VER,1290.623055555556,281.0,92.173
VER,1303.2452777777783,284.0,92.173
VER,1322.3786111111117,287.0,92.173
VER,1348.1563888888895,290.0,92.173
VER,1361.1341666666674,292.0,92.173
VER,1374.1191666666673,294.0,92.173
VER,1400.4302777777784,296.0,92.173
VER,1420.296944444445,298.0,92.173
VER,1436.908055555556,299.0,92.173
VER,1463.6636111111115,301.0,92.173
VER,1493.9636111111117,303.0,92.173
VER,1510.908055555556,305.0,92.173
VER,1541.708055555556,308.0,92.173
VER,1572.6938888888894,309.0,92.173
VER,1593.4272222222226,311.0,92.173
VER,1614.1605555555561,311.0,92.173
VER,1648.7161111111116,311.0,92.173
VER,1662.360555555556,307.0,92.173
VER,1682.093888888889,296.0,92.173
VER,1693.382777777778,254.0,92.173
VER,1708.5161111111115,227.0,92.173
VER,1722.1161111111114,204.0,92.173
VER,1732.1161111111114,180.0,92.173
VER,1742.649444444445,158.0,92.173
VER,1752.3161111111115,145.0,92.173
VER,1765.2161111111116,129.0,92.173
VER,1776.149444444445,123.0,92.173
VER,1785.0938888888895,115.0,92.173
VER,1791.4272222222228,114.0,92.173
VER,1796.4938888888894,114.0,92.173
VER,1802.8827777777783,115.0,92.173
VER,1808.1716666666673,119.0,92.173
VER,1819.3366666666675,126.0,92.173
VER,1829.203333333334,148.0,92.173
VER,1837.9255555555562,157.0,92.173
VER,1845.0811111111118,161.0,92.173
VER,1860.4588888888898,173.0,92.173
VER,1879.3588888888896,189.0,92.173
VER,1888.0255555555561,195.0,92.173
VER,1903.6588888888896,201.0,92.173
VER,1915.104722222223,205.0,92.173
VER,1935.3936111111118,166.0,92.173
VER,1943.893611111112,153.0,92.173
VER,1953.1602777777787,139.0,92.173
VER,1963.2047222222232,113.0,92.173
VER,1969.804722222223,99.0,92.173
VER,1974.9158333333341,92.0,92.173
VER,1978.8269444444452,88.0,92.173
VER,1983.4380555555563,83.0,92.173
VER,1986.9491666666672,79.0,92.173
VER,1991.115833333334,75.0,92.173
VER,1995.3380555555561,76.0,92.173
VER,1999.6158333333337,77.0,92.173
VER,2004.0602777777783,80.0,92.173
VER,2010.7491666666672,86.0,92.173
VER,2017.9825000000003,93.0,92.173
VER,2023.4825000000003,99.0,92.173
VER,2030.4825000000003,105.0,92.173
VER,2036.6491666666668,111.0,92.173
VER,2042.160277777778,124.0,92.173
VER,2058.341944444445,146.0,92.173
VER,2068.7419444444445,156.0,92.173
VER,2077.853055555556,164.0,92.173
VER,2095.5530555555556,177.0,92.173
VER,2108.086388888889,188.0,92.173
VER,2130.086388888889,180.0,92.173
VER,2145.686388888889,156.0,92.173
VER,2163.2038888888887,143.0,92.173
VER,2175.2038888888887,135.0,92.173
VER,2186.7594444444444,130.0,92.173
VER,2199.8594444444443,131.0,92.173
VER,2205.8149999999996,134.0,92.173
VER,2215.0816666666665,139.0,92.173
VER,2228.059444444444,146.0,92.173
VER,2234.9038888888886,154.0,92.173
VER,2245.970555555555,166.0,92.173
VER,2261.881666666666,179.0,92.173
VER,2276.737222222222,191.0,92.173
VER,2287.681666666667,197.0,92.173
VER,2303.4705555555556,203.0,92.173
VER,2320.0372222222218,213.0,92.173
VER,2336.9927777777775,218.0,92.173
VER,2351.926111111111,224.0,92.173
VER,2364.7038888888887,230.0,92.173
VER,2375.0830555555553,235.0,92.173
VER,2396.505277777778,241.0,92.173
VER,2421.305277777778,248.0,92.173
VER,2440.983055555556,253.0,92.173
VER,2457.916388888889,254.0,92.173
VER,2469.383055555556,258.0,92.173
VER,2492.583055555556,261.0,92.173
VER,2513.1116666666667,263.0,92.173
VER,2533.8005555555555,266.0,92.173
VER,2559.356111111111,230.0,92.173
VER,2568.378333333333,203.0,92.173
VER,2579.156111111111,194.0,92.173
VER,2591.9116666666664,164.0,92.173
VER,2608.245,147.0,92.173
VER,2625.1116666666667,138.0,92.173
VER,2638.911666666667,138.0,92.173
VER,2653.311666666667,144.0,92.173
VER,2667.0005555555554,154.0,92.173
VER,2673.9783333333335,157.0,92.173
VER,2682.9783333333335,162.0,92.173
VER,2706.1783333333333,174.0,92.173
VER,2719.956111111111,155.0,92.173
VER,2726.5338888888887,148.0,92.173
VER,2735.0980555555557,129.0,92.173
VER,2748.0980555555557,117.0,92.173
VER,2754.320277777778,112.0,92.173
VER,2759.2536111111112,111.0,92.173
VER,2766.6536111111113,111.0,92.173
VER,2772.931388888889,113.0,92.173
VER,2780.9980555555558,121.0,92.173
VER,2786.5536111111114,125.0,92.173
VER,2799.0369444444445,140.0,92.173
VER,2816.5925,158.0,92.173
VER,2829.736944444445,169.0,92.173
VER,2843.4258333333337,176.0,92.173
VER,2851.470277777778,181.0,92.173
VER,2861.9147222222227,188.0,92.173
VER,2879.248055555556,195.0,92.173
VER,2890.359166666667,200.0,92.173
VER,2904.0925000000007,206.0,92.173
VER,2915.8702777777785,212.0,92.173
VER,2936.9702777777784,211.0,92.173
VER,2955.670277777778,187.0,92.173
VER,2966.6036111111116,164.0,92.173
VER,2974.825833333334,148.0,92.173
VER,2984.4702777777784,124.0,92.173
VER,2994.114722222223,124.0,92.173
VER,2998.6036111111116,101.0,92.173
VER,3005.0036111111117,96.0,92.173
VER,3014.6372222222226,79.0,92.173
VER,3018.8594444444448,76.0,92.173
VER,3024.381666666667,71.0,92.173
VER,3029.1150000000002,71.0,92.173
VER,3034.481666666667,69.0,92.173
VER,3040.3150000000005,75.0,92.173
VER,3048.036388888889,77.0,92.173
VER,3057.236388888889,92.0,92.173
VER,3062.958611111111,103.0,92.173
VER,3073.658611111111,107.0,92.173
VER,3085.836388888889,137.0,92.173
VER,3092.1475,142.0,92.173
VER,3100.6475,153.0,92.173
VER,3111.514166666667,163.0,92.173
VER,3122.9808333333335,172.0,92.173
VER,3133.258611111111,185.0,92.173
VER,3145.858611111111,189.0,92.173
VER,3166.5586111111106,207.0,92.173
VER,3188.5586111111106,220.0,92.173
VER,3198.5141666666664,224.0,92.173
VER,3213.9808333333326,232.0,92.173
VER,3232.414166666666,237.0,92.173
VER,3259.3030555555547,242.0,92.173
VER,3281.9697222222217,255.0,92.173
VER,3299.236388888888,259.0,92.173
VER,3328.6072222222215,265.0,92.173
VER,3343.329444444444,265.0,92.173
VER,3358.4405555555554,272.0,92.173
VER,3376.7738888888885,275.0,92.173
VER,3398.4738888888887,279.0,92.173
VER,3420.5636111111103,283.0,92.173
VER,3436.341388888888,284.0,92.173
VER,3457.9636111111104,278.0,92.173
VER,3474.56361111111,249.0,92.173
VER,3488.230277777777,205.0,92.173
VER,3500.2969444444434,181.0,92.173
VER,3507.4080555555543,160.0,92.173
VER,3519.4080555555547,135.0,92.173
VER,3527.6080555555545,123.0,92.173
VER,3537.3858333333324,110.0,92.173
VER,3546.185833333332,99.0,92.173
VER,3552.252499999999,91.0,92.173
VER,3560.16361111111,89.0,92.173
VER,3568.86361111111,87.0,92.173
VER,3574.9302777777766,91.0,92.173
VER,3582.7080555555544,100.0,92.173
VER,3588.5969444444436,106.0,92.173
VER,3595.041388888888,116.0,92.173
VER,3600.552499999999,124.0,92.173
VER,3606.285833333332,129.0,92.173
VER,3615.4191666666657,137.0,92.173
VER,3623.9191666666657,153.0,92.173
VER,3638.7172222222207,167.0,92.173
VER,3650.4505555555543,176.0,92.173
VER,3660.6172222222212,183.0,92.173
VER,3680.4172222222214,198.0,92.173
VER,3696.5747222222208,207.0,92.173
VER,3708.4080555555543,213.0,92.173
VER,3723.008055555554,219.0,92.173
VER,3743.1858333333325,227.0,92.173
VER,3758.7191666666654,233.0,92.173
VER,3777.152499999999,237.0,92.173
VER,3793.3524999999995,243.0,92.173
VER,3804.241388888888,245.0,92.173
VER,3826.46361111111,250.0,92.173
VER,3840.574722222221,254.0,92.173
VER,3869.3524999999995,259.0,92.173
VER,3898.574722222221,263.0,92.173
VER,3910.3524999999986,265.0,92.173
VER,3922.219166666666,267.0,92.173
VER,3943.219166666666,270.0,92.173
VER,3964.296944444444,271.0,92.173
VER,3976.4747222222213,274.0,92.173
VER,3988.7413888888877,276.0,92.173
VER,4004.130277777777,277.0,92.173
VER,4022.7302777777763,279.0,92.173
VER,4053.952499999999,281.0,92.173
VER,4066.5302777777765,283.0,92.173
VER,4085.384722222221,284.0,92.173
VER,4120.218055555554,285.0,92.173
VER,4136.1624999999985,287.0,92.173
VER,4148.918055555554,287.0,92.173
VER,4171.395833333332,289.0,92.173
VER,4184.320555555554,289.0,92.173
VER,4200.37611111111,289.0,92.173
VER,4220.520555555553,259.0,92.173
VER,4233.131666666664,227.0,92.173
VER,4249.664999999998,186.0,92.173
VER,4258.887222222221,166.0,92.173
VER,4267.720555555554,159.0,92.173
VER,4275.442777777776,139.0,92.173
VER,4288.998333333332,122.0,92.173
VER,4294.198333333332,117.0,92.173
VER,4303.887222222221,109.0,92.173
VER,4308.687222222221,108.0,92.173
VER,4319.987222222221,113.0,92.173
VER,4331.631666666665,131.0,92.173
VER,4343.542777777777,134.0,92.173
VER,4349.498333333332,134.0,92.173
VER,4355.409444444443,133.0,92.173
VER,4362.798333333331,133.0,92.173
VER,4371.864999999998,136.0,92.173
VER,4379.698333333331,141.0,92.173
VER,4387.809444444442,146.0,92.173
VER,4394.431666666665,149.0,92.173
VER,4405.164999999998,161.0,92.173
VER,4414.396388888887,167.0,92.173
VER,4422.218611111109,176.0,92.173
VER,4438.485277777775,183.0,92.173
VER,4449.318611111109,195.0,92.173
VER,4467.363055555554,203.0,92.173
VER,4486.533888888887,215.0,92.173
VER,4511.533888888886,225.0,92.173
VER,4534.733888888886,232.0,92.173
VER,4555.889444444442,238.0,92.173
VER,4569.278333333331,241.0,92.173
VER,4585.744999999997,247.0,92.173
VER,4599.633888888886,250.0,92.173
VER,4628.233888888885,234.0,92.173
VER,4645.344999999997,220.0,92.173
VER,4664.3672222222185,214.0,92.173
VER,4673.87833333333,214.0,92.173
VER,4698.656111111108,223.0,92.173
VER,4729.322777777775,230.0,92.173
VER,4742.100555555553,230.0,92.173
VER,4757.833888888886,236.0,92.173
VER,4776.422777777775,239.0,92.173
VER,4795.400555555553,244.0,92.173
VER,4811.933888888886,248.0,92.173
VER,4834.422777777775,253.0,92.173
VER,4854.417777777775,258.0,92.173
VER,4868.973333333331,262.0,92.173
VER,4883.695555555553,265.0,92.173
GAS,12.513888888888891,265.0,92.274
GAS,39.81388888888889,273.0,92.274
GAS,55.14722222222222,276.0,92.274
GAS,70.64722222222223,279.0,92.274
GAS,92.65833333333333,283.0,92.274
GAS,105.32500000000002,285.0,92.274
GAS,143.85833333333335,289.0,92.274
GAS,166.725,294.0,92.274
GAS,193.03611111111113,296.0,92.274
GAS,219.61388888888888,299.0,92.274
GAS,236.28055555555557,300.0,92.274
GAS,249.65833333333333,301.0,92.274
GAS,279.9738888888889,304.0,92.274
GAS,296.80722222222226,303.0,92.274
GAS,310.3183333333334,304.0,92.274
GAS,326.8738888888889,298.0,92.274
GAS,340.1183333333333,298.0,92.274
GAS,353.06277777777774,233.0,92.274
GAS,371.37388888888887,206.0,92.274
GAS,378.7961111111111,167.0,92.274
GAS,387.7961111111111,162.0,92.274
GAS,399.69611111111107,153.0,92.274
GAS,416.1405555555555,148.0,92.274
GAS,424.1405555555555,144.0,92.274
GAS,431.9572222222222,140.0,92.274
GAS,442.61277777777775,137.0,92.274
GAS,450.3905555555555,140.0,92.274
GAS,460.39055555555547,150.0,92.274
GAS,472.2905555555555,153.0,92.274
GAS,480.90166666666664,155.0,92.274
GAS,487.7461111111111,154.0,92.274
GAS,496.2461111111111,153.0,92.274
GAS,504.6905555555555,152.0,92.274
GAS,520.9572222222222,122.0,92.274
GAS,526.2461111111111,119.0,92.274
GAS,538.9572222222222,104.0,92.274
GAS,547.8461111111111,100.0,92.274
GAS,555.3127777777778,96.0,92.274
GAS,560.4794444444445,93.0,92.274
GAS,565.4794444444445,90.0,92.274
GAS,570.6202777777779,93.0,92.274
GAS,579.4202777777779,99.0,92.274
GAS,588.6647222222223,104.0,92.274
GAS,597.2202777777778,110.0,92.274
GAS,607.2536111111112,129.0,92.274
GAS,614.6980555555557,134.0,92.274
GAS,626.7536111111112,155.0,92.274
GAS,635.920277777778,165.0,92.274
GAS,643.431388888889,169.0,92.274
GAS,653.3202777777778,178.0,92.274
GAS,670.2619444444445,190.0,92.274
GAS,687.9508333333333,199.0,92.274
GAS,699.3952777777778,206.0,92.274
GAS,711.1730555555556,212.0,92.274
GAS,727.8175,214.0,92.274
GAS,750.4175,226.0,92.274
GAS,765.9508333333332,233.0,92.274
GAS,776.4397222222221,236.0,92.274
GAS,792.5063888888889,241.0,92.274
GAS,808.9063888888888,246.0,92.274
GAS,822.6841666666667,248.0,92.274
GAS,833.8397222222221,251.0,92.274
GAS,850.7730555555555,254.0,92.274
GAS,870.3730555555555,252.0,92.274
GAS,881.5730555555556,252.0,92.274
GAS,895.7730555555555,213.0,92.274
GAS,912.9286111111111,193.0,92.274
GAS,921.2397222222222,187.0,92.274
GAS,929.1897222222221,180.0,92.274
GAS,944.0341666666666,167.0,92.274
GAS,954.9008333333334,163.0,92.274
GAS,963.7897222222223,160.0,92.274
GAS,978.0119444444446,160.0,92.274
GAS,994.4119444444445,164.0,92.274
GAS,1003.6897222222223,167.0,92.274
GAS,1021.2897222222223,176.0,92.274
GAS,1039.44,181.0,92.274
GAS,1052.44,195.0,92.274
GAS,1065.9066666666665,202.0,92.274
GAS,1089.9066666666668,216.0,92.274
GAS,1099.5066666666667,216.0,92.274
GAS,1113.9066666666668,216.0,92.274
GAS,1124.128888888889,230.0,92.274
GAS,1139.862222222222,236.0,92.274
GAS,1156.2622222222221,246.0,92.274
GAS,1170.151111111111,250.0,92.274
GAS,1186.951111111111,252.0,92.274
GAS,1204.4844444444445,263.0,92.274
GAS,1231.0844444444444,266.0,92.274
GAS,1255.351111111111,273.0,92.274
GAS,1276.8955555555556,277.0,92.274
GAS,1292.451111111111,280.0,92.274
GAS,1304.9844444444443,282.0,92.274
GAS,1320.7622222222221,284.0,92.274
GAS,1333.4733333333334,286.0,92.274
GAS,1359.1705555555554,290.0,92.274
GAS,1378.6372222222224,292.0,92.274
GAS,1394.9150000000002,293.0,92.274
GAS,1407.9816666666668,294.0,92.274
GAS,1434.292777777778,296.0,92.274
GAS,1464.1927777777778,299.0,92.274
GAS,1477.526111111111,300.0,92.274
GAS,1500.9372222222223,301.0,92.274
GAS,1517.7988888888888,302.0,92.274
GAS,1554.9544444444443,304.0,92.274
GAS,1571.9544444444443,306.0,92.274
GAS,1592.4877777777779,308.0,92.274
GAS,1619.9544444444446,309.0,92.274
GAS,1640.621111111111,310.0,92.274
GAS,1657.8433333333332,310.0,92.274
GAS,1671.621111111111,310.0,92.274
GAS,1687.7322222222222,290.0,92.274
GAS,1699.8211111111111,272.0,92.274
GAS,1713.0433333333335,238.0,92.274
GAS,1724.71,210.0,92.274
GAS,1734.8766666666666,183.0,92.274
GAS,1744.0433333333333,165.0,92.274
GAS,1755.3211111111111,145.0,92.274
GAS,1766.2099999999998,140.0,92.274
GAS,1773.9877777777776,140.0,92.274
GAS,1782.6544444444442,130.0,92.274
GAS,1789.6544444444442,126.0,92.274
GAS,1795.0766666666664,122.0,92.274
GAS,1808.0441666666663,117.0,92.274
GAS,1816.1774999999996,122.0,92.274
GAS,1823.2330555555552,127.0,92.274
GAS,1837.8330555555551,146.0,92.274
GAS,1848.233055555555,156.0,92.274
GAS,1869.8663888888884,177.0,92.274
GAS,1888.6663888888884,188.0,92.274
GAS,1913.2888888888886,201.0,92.274
GAS,1930.0888888888885,189.0,92.274
GAS,1944.3111111111107,160.0,92.274
GAS,1956.6111111111106,123.0,92.274
GAS,1961.7222222222217,115.0,92.274
GAS,1968.5222222222217,102.0,92.274
GAS,1976.8777777777773,94.0,92.274
GAS,1980.8777777777773,90.0,92.274
GAS,1986.6111111111106,86.0,92.274
GAS,1993.8999999999996,82.0,92.274
GAS,1999.9666666666662,78.0,92.274
GAS,2004.1888888888884,76.0,92.274
GAS,2010.4111111111106,80.0,92.274
GAS,2017.0999999999995,86.0,92.274
GAS,2024.0999999999995,90.0,92.274
GAS,2030.7666666666662,100.0,92.274
GAS,2036.5444444444438,104.0,92.274
GAS,2041.4911111111105,112.0,92.274
GAS,2053.135555555555,131.0,92.274
GAS,2067.735555555555,146.0,92.274
GAS,2080.2577777777774,161.0,92.274
GAS,2091.2577777777774,165.0,92.274
GAS,2098.991111111111,174.0,92.274
GAS,2115.435555555555,185.0,92.274
GAS,2129.5636111111107,181.0,92.274
GAS,2142.241388888888,163.0,92.274
GAS,2158.3524999999995,145.0,92.274
GAS,2164.796944444444,145.0,92.274
GAS,2172.6302777777773,141.0,92.274
GAS,2183.1302777777773,135.0,92.274
GAS,2197.019166666666,125.0,92.274
GAS,2212.7858333333324,129.0,92.274
GAS,2226.2858333333324,135.0,92.274
GAS,2241.6858333333325,154.0,92.274
GAS,2256.441388888888,166.0,92.274
GAS,2264.2636111111105,176.0,92.274
GAS,2274.4858333333327,184.0,92.274
GAS,2300.4858333333327,195.0,92.274
GAS,2318.9747222222218,208.0,92.274
GAS,2328.219166666666,208.0,92.274
GAS,2342.9574999999995,222.0,92.274
GAS,2368.624166666666,231.0,92.274
GAS,2381.5686111111104,233.0,92.274
GAS,2392.101944444444,237.0,92.274
GAS,2408.1686111111107,241.0,92.274
GAS,2421.5574999999994,241.0,92.274
GAS,2437.9574999999995,246.0,92.274
GAS,2449.2019444444436,253.0,92.274
GAS,2472.1177777777775,257.0,92.274
GAS,2501.2288888888884,262.0,92.274
GAS,2521.8399999999997,265.0,92.274
GAS,2542.451111111111,265.0,92.274
GAS,2553.473333333333,248.0,92.274
GAS,2565.695555555555,220.0,92.274
GAS,2582.5844444444438,190.0,92.274
GAS,2592.139999999999,172.0,92.274
GAS,2602.939999999999,162.0,92.274
GAS,2611.717777777777,158.0,92.274
GAS,2626.717777777777,150.0,92.274
GAS,2641.417777777777,147.0,92.274
GAS,2651.0844444444433,145.0,92.274
GAS,2659.139999999999,145.0,92.274
GAS,2670.728888888888,149.0,92.274
GAS,2682.7844444444436,155.0,92.274
GAS,2689.762222222221,157.0,92.274
GAS,2700.762222222221,165.0,92.274
GAS,2721.7366666666658,172.0,92.274
GAS,2730.514444444443,158.0,92.274
GAS,2741.1699999999987,137.0,92.274
GAS,2749.569999999999,126.0,92.274
GAS,2758.3588888888876,113.0,92.274
GAS,2766.7588888888877,108.0,92.274
GAS,2777.2880555555544,105.0,92.274
GAS,2788.2880555555544,110.0,92.274
GAS,2794.6769444444435,115.0,92.274
GAS,2808.0769444444436,134.0,92.274
GAS,2821.410277777777,150.0,92.274
GAS,2828.432499999999,158.0,92.274
GAS,2837.654722222221,166.0,92.274
GAS,2848.9880555555546,170.0,92.274
GAS,2860.521388888888,173.0,92.274
GAS,2870.410277777777,178.0,92.274
GAS,2882.876944444444,187.0,92.274
GAS,2902.4769444444437,196.0,92.274
GAS,2923.376944444444,209.0,92.274
GAS,2932.84361111111,213.0,92.274
GAS,2947.24361111111,216.0,92.274
GAS,2962.64361111111,198.0,92.274
GAS,2980.64361111111,162.0,92.274
GAS,2992.64361111111,135.0,92.274
GAS,3000.710277777777,121.0,92.274
GAS,3011.4611111111103,97.0,92.274
GAS,3016.4611111111103,90.0,92.274
GAS,3021.1833333333325,85.0,92.274
GAS,3026.4499999999994,79.0,92.274
GAS,3032.205555555555,74.0,92.274
GAS,3037.825555555555,72.0,92.274
GAS,3041.7699999999995,71.0,92.274
GAS,3047.292222222222,71.0,92.274
GAS,3052.425555555555,77.0,92.274
GAS,3057.892222222222,82.0,92.274
GAS,3063.7588888888886,88.0,92.274
GAS,3067.8477777777775,92.0,92.274
GAS,3077.5366666666664,109.0,92.274
GAS,3085.736666666666,123.0,92.274
GAS,3098.1811111111106,140.0,92.274
GAS,3112.0477777777774,156.0,92.274
GAS,3123.114444444444,166.0,92.274
GAS,3139.025555555555,179.0,92.274
GAS,3158.525555555555,195.0,92.274
GAS,3172.2588888888886,206.0,92.274
GAS,3188.514444444444,209.0,92.274
GAS,3200.6811111111106,219.0,92.274
GAS,3213.1811111111106,225.0,92.274
GAS,3223.447777777777,231.0,92.274
GAS,3233.936666666666,236.0,92.274
GAS,3250.003333333332,241.0,92.274
GAS,3263.6144444444435,245.0,92.274
GAS,3285.944444444443,252.0,92.274
GAS,3303.0111111111105,256.0,92.274
GAS,3317.5111111111096,261.0,92.274
GAS,3344.1111111111104,266.0,92.274
GAS,3365.2641666666655,271.0,92.274
GAS,3380.486388888888,274.0,92.274
GAS,3398.8863888888877,276.0,92.274
GAS,3423.8641666666663,281.0,92.274
GAS,3442.7308333333326,283.0,92.274
GAS,3464.8197222222216,284.0,92.274
GAS,3482.086388888888,259.0,92.274
GAS,3492.3530555555553,231.0,92.274
GAS,3509.5086111111104,193.0,92.274
GAS,3518.9530555555552,170.0,92.274
GAS,3533.730833333333,133.0,92.274
GAS,3546.1752777777774,112.0,92.274
GAS,3550.841944444444,105.0,92.274
GAS,3555.3752777777777,102.0,92.274
GAS,3562.919722222222,97.0,92.274
GAS,3570.075277777777,92.0,92.274
GAS,3574.0752777777775,90.0,92.274
GAS,3578.1197222222218,91.0,92.274
GAS,3583.341944444444,94.0,92.274
GAS,3589.8086111111106,97.0,92.274
GAS,3601.919722222222,109.0,92.274
GAS,3606.9863888888885,114.0,92.274
GAS,3615.351388888889,126.0,92.274
GAS,3634.0513888888886,153.0,92.274
GAS,3643.1069444444443,163.0,92.274
GAS,3650.3513888888883,163.0,92.274
GAS,3664.3513888888883,180.0,92.274
GAS,3672.7591666666663,188.0,92.274
GAS,3683.3702777777767,191.0,92.274
GAS,3699.314722222221,205.0,92.274
GAS,3711.036944444443,211.0,92.274
GAS,3730.5036111111103,219.0,92.274
GAS,3743.0036111111094,225.0,92.274
GAS,3755.725833333332,229.0,92.274
GAS,3768.725833333332,234.0,92.274
GAS,3795.614722222221,242.0,92.274
GAS,3806.4591666666656,244.0,92.274
GAS,3828.6813888888873,250.0,92.274
GAS,3839.836944444444,251.0,92.274
GAS,3865.5369444444436,257.0,92.274
GAS,3888.648055555554,260.0,92.274
GAS,3912.0258333333322,263.0,92.274
GAS,3923.8036111111096,265.0,92.274
GAS,3935.6258333333317,266.0,92.274
GAS,3950.5702777777765,269.0,92.274
GAS,3968.570277777776,270.0,92.274
GAS,3983.6813888888873,272.0,92.274
GAS,3998.90361111111,274.0,92.274
GAS,4011.0813888888874,274.0,92.274
GAS,4029.5480555555537,277.0,92.274
GAS,4044.9705555555547,279.0,92.274
GAS,4057.3705555555543,279.0,92.274
GAS,4082.4372222222205,282.0,92.274
GAS,4098.214999999998,284.0,92.274
GAS,4123.548333333332,285.0,92.274
GAS,4149.139166666665,287.0,92.274
GAS,4181.250277777775,289.0,92.274
GAS,4210.050277777776,288.0,92.274
GAS,4231.650277777776,243.0,92.274
GAS,4243.48361111111,213.0,92.274
GAS,4255.8836111111095,186.0,92.274
GAS,4264.994722222221,164.0,92.274
GAS,4280.8836111111095,130.0,92.274
GAS,4290.528055555554,124.0,92.274
GAS,4301.19472222222,120.0,92.274
GAS,4306.305833333331,115.0,92.274
GAS,4318.639166666664,111.0,92.274
GAS,4334.9058333333305,122.0,92.274
GAS,4342.128055555553,130.0,92.274
GAS,4351.0613888888865,134.0,92.274
GAS,4361.405833333331,133.0,92.274
GAS,4371.983611111109,136.0,92.274
GAS,4381.250277777775,139.0,92.274
GAS,4394.316944444442,147.0,92.274
GAS,4406.2519444444415,154.0,92.274
GAS,4415.2519444444415,162.0,92.274
GAS,4424.7519444444415,171.0,92.274
GAS,4441.247777777775,185.0,92.274
GAS,4453.981111111108,191.0,92.274
GAS,4462.781111111108,198.0,92.274
GAS,4474.114444444442,204.0,92.274
GAS,4488.181111111109,211.0,92.274
GAS,4507.558888888887,218.0,92.274
GAS,4530.358888888887,228.0,92.274
GAS,4553.758888888887,234.0,92.274
GAS,4575.358888888887,243.0,92.274
GAS,4588.9699999999975,245.0,92.274
GAS,4602.69222222222,247.0,92.274
GAS,4628.469999999998,232.0,92.274
GAS,4641.08111111111,227.0,92.274
GAS,4653.247777777776,219.0,92.274
GAS,4667.647777777776,216.0,92.274
GAS,4679.314444444443,210.0,92.274
GAS,4695.725555555554,211.0,92.274
GAS,4710.258888888888,218.0,92.274
GAS,4724.925555555554,220.0,92.274
GAS,4737.314444444442,223.0,92.274
GAS,4752.181111111109,223.0,92.274
GAS,4780.903333333331,235.0,92.274
GAS,4791.481111111109,238.0,92.274
GAS,4810.2361111111095,242.0,92.274
GAS,4826.5694444444425,245.0,92.274
GAS,4846.169444444443,252.0,92.274
GAS,4860.51861111111,257.0,92.274
GAS,4872.029722222221,259.0,92.274
GAS,4886.585277777776,262.0,92.274
PER,18.536666666666665,268.0,92.099
PER,36.603333333333325,271.0,92.099
PER,51.825555555555546,274.0,92.099
PER,67.15888888888888,276.0,92.099
PER,85.95888888888888,282.0,92.099
PER,111.11444444444444,283.0,92.099
PER,130.38111111111112,289.0,92.099
PER,159.48111111111112,291.0,92.099
PER,182.42555555555558,295.0,92.099
PER,212.22555555555556,298.0,92.099
PER,225.5588888888889,300.0,92.099
PER,255.84277777777777,302.0,92.099
PER,272.62055555555554,302.0,92.099
PER,289.56499999999994,305.0,92.099
PER,320.265,307.0,92.099
PER,350.82055555555553,250.0,92.099
PER,360.6427777777778,221.0,92.099
PER,396.33166666666665,146.0,92.099
PER,406.065,146.0,92.099
PER,419.36499999999995,133.0,92.099
PER,425.2316666666666,132.0,92.099
PER,435.7316666666666,135.0,92.099
PER,445.29166666666663,144.0,92.099
PER,463.1805555555555,161.0,92.099
PER,481.62499999999994,166.0,92.099
PER,500.32499999999993,153.0,92.099
PER,507.82499999999993,135.0,92.099
PER,521.6361111111111,113.0,92.099
PER,529.4138888888888,100.0,92.099
PER,536.5694444444443,92.0,92.099
PER,541.5138888888888,89.0,92.099
PER,547.3138888888888,87.0,92.099
PER,552.8702777777777,83.0,92.099
PER,563.7480555555554,89.0,92.099
PER,569.1369444444443,97.0,92.099
PER,577.0702777777776,102.0,92.099
PER,589.2702777777777,122.0,92.099
PER,598.0702777777776,132.0,92.099
PER,609.5813888888888,148.0,92.099
PER,621.8702777777777,158.0,92.099
PER,629.0702777777777,162.0,92.099
PER,638.2924999999999,166.0,92.099
PER,654.8258333333332,186.0,92.099
PER,667.6924999999999,193.0,92.099
PER,688.1925,205.0,92.099
PER,709.8322222222222,217.0,92.099
PER,724.6322222222221,222.0,92.099
PER,752.9877777777778,232.0,92.099
PER,779.4322222222221,238.0,92.099
PER,792.8766666666666,242.0,92.099
PER,803.721111111111,244.0,92.099
PER,814.6544444444444,246.0,92.099
PER,834.2544444444443,252.0,92.099
PER,845.4988888888887,253.0,92.099
PER,859.6655555555553,255.0,92.099
PER,870.7766666666664,250.0,92.099
PER,891.4338888888885,206.0,92.099
PER,904.567222222222,197.0,92.099
PER,916.3672222222219,177.0,92.099
PER,927.567222222222,168.0,92.099
PER,941.7005555555553,159.0,92.099
PER,956.9005555555552,152.0,92.099
PER,968.7227777777775,152.0,92.099
PER,986.8338888888886,163.0,92.099
PER,1038.0338888888887,192.0,92.099
PER,1046.567222222222,192.0,92.099
PER,1065.4116666666664,212.0,92.099
PER,1079.9449999999997,218.0,92.099
PER,1104.8824999999997,225.0,92.099
PER,1117.826944444444,233.0,92.099
PER,1128.3158333333329,236.0,92.099
PER,1150.1824999999997,246.0,92.099
PER,1176.0824999999995,259.0,92.099
PER,1190.6936111111106,263.0,92.099
PER,1205.4713888888884,266.0,92.099
PER,1217.2936111111107,266.0,92.099
PER,1232.3491666666664,271.0,92.099
PER,1244.4824999999998,273.0,92.099
PER,1262.9491666666663,277.0,92.099
PER,1301.0283333333332,285.0,92.099
PER,1326.6283333333329,288.0,92.099
PER,1342.7394444444442,290.0,92.099
PER,1355.717222222222,292.0,92.099
PER,1368.7838888888887,294.0,92.099
PER,1401.7838888888887,297.0,92.099
PER,1415.0283333333332,298.0,92.099
PER,1431.6394444444443,299.0,92.099
PER,1444.9727777777775,300.0,92.099
PER,1461.6949999999997,301.0,92.099
PER,1478.4727777777775,302.0,92.099
PER,1502.1172222222222,304.0,92.099
PER,1522.5172222222222,306.0,92.099
PER,1549.8061111111112,307.0,92.099
PER,1573.8394444444443,309.0,92.099
PER,1601.5727777777777,312.0,92.099
PER,1615.3969444444442,313.0,92.099
PER,1639.7413888888887,313.0,92.099
PER,1670.3413888888886,306.0,92.099
PER,1688.4080555555554,271.0,92.099
PER,1705.9080555555552,225.0,92.099
PER,1724.2080555555553,183.0,92.099
PER,1736.574722222222,159.0,92.099
PER,1751.7969444444443,137.0,92.099
PER,1767.4769444444444,128.0,92.099
PER,1772.8991666666666,122.0,92.099
PER,1782.4658333333332,123.0,92.099
PER,1790.3991666666666,119.0,92.099
PER,1797.2880555555555,124.0,92.099
PER,1804.2880555555555,126.0,92.099
PER,1811.7325,134.0,92.099
PER,1819.8436111111112,146.0,92.099
PER,1831.9769444444444,156.0,92.099
PER,1840.8658333333333,160.0,92.099
PER,1854.243611111111,172.0,92.099
PER,1868.2436111111112,180.0,92.099
PER,1879.0769444444443,195.0,92.099
PER,1890.0769444444445,198.0,92.099
PER,1903.8769444444442,207.0,92.099
PER,1922.1769444444446,183.0,92.099
PER,1932.9102777777778,161.0,92.099
PER,1940.8547222222223,143.0,92.099
PER,1952.322777777778,115.0,92.099
PER,1962.6227777777779,103.0,92.099
PER,1967.9005555555555,95.0,92.099
PER,1974.667222222222,87.0,92.099
PER,1980.0005555555556,80.0,92.099
PER,1986.6672222222223,75.0,92.099
PER,1992.4227777777778,74.0,92.099
PER,1999.533888888889,80.0,92.099
PER,2005.9344444444444,82.0,92.099
PER,2010.9899999999998,91.0,92.099
PER,2021.5899999999997,106.0,92.099
PER,2026.612222222222,113.0,92.099
PER,2035.3455555555554,131.0,92.099
PER,2054.945555555555,147.0,92.099
PER,2061.701111111111,152.0,92.099
PER,2082.9677777777774,174.0,92.099
PER,2090.8344444444438,177.0,92.099
PER,2105.767777777777,192.0,92.099
PER,2114.434444444444,195.0,92.099
PER,2125.767777777777,170.0,92.099
PER,2141.1677777777772,154.0,92.099
PER,2157.545555555555,134.0,92.099
PER,2169.1899999999996,131.0,92.099
PER,2180.2663888888883,125.0,92.099
PER,2187.1552777777774,124.0,92.099
PER,2192.6663888888884,124.0,92.099
PER,2204.3997222222215,132.0,92.099
PER,2210.6663888888884,141.0,92.099
PER,2224.088611111111,151.0,92.099
PER,2232.6997222222217,155.0,92.099
PER,2246.0774999999994,172.0,92.099
PER,2253.721944444444,172.0,92.099
PER,2270.4852777777774,188.0,92.099
PER,2281.3741666666665,196.0,92.099
PER,2292.540833333333,201.0,92.099
PER,2304.0963888888887,208.0,92.099
PER,2320.9741666666664,217.0,92.099
PER,2330.751944444444,220.0,92.099
PER,2351.285277777777,231.0,92.099
PER,2364.229722222222,233.0,92.099
PER,2377.3963888888884,237.0,92.099
PER,2390.5630555555554,237.0,92.099
PER,2404.285277777778,247.0,92.099
PER,2420.9519444444445,250.0,92.099
PER,2446.3519444444446,254.0,92.099
PER,2475.0186111111116,258.0,92.099
PER,2507.1630555555557,263.0,92.099
PER,2521.8852777777774,265.0,92.099
PER,2536.718611111111,267.0,92.099
PER,2561.1630555555553,200.0,92.099
PER,2571.1130555555555,180.0,92.099
PER,2588.446388888889,156.0,92.099
PER,2600.035277777778,149.0,92.099
PER,2606.4797222222223,145.0,92.099
PER,2620.3797222222224,139.0,92.099
PER,2634.2797222222225,139.0,92.099
PER,2643.8797222222224,144.0,92.099
PER,2660.810833333334,152.0,92.099
PER,2667.6997222222226,155.0,92.099
PER,2686.144166666667,166.0,92.099
PER,2697.810833333334,175.0,92.099
PER,2705.144166666667,165.0,92.099
PER,2711.810833333334,150.0,92.099
PER,2724.810833333334,130.0,92.099
PER,2731.3663888888896,118.0,92.099
PER,2740.0775000000003,112.0,92.099
PER,2746.2441666666673,111.0,92.099
PER,2755.7552777777782,107.0,92.099
PER,2760.5552777777784,108.0,92.099
PER,2765.621944444445,114.0,92.099
PER,2772.2330555555563,119.0,92.099
PER,2782.1886111111116,128.0,92.099
PER,2788.410833333334,140.0,92.099
PER,2798.410833333334,150.0,92.099
PER,2807.133055555556,157.0,92.099
PER,2817.9997222222228,163.0,92.099
PER,2829.199722222223,168.0,92.099
PER,2849.2605555555565,181.0,92.099
PER,2866.238333333334,191.0,92.099
PER,2879.5050000000006,199.0,92.099
PER,2908.0383333333343,214.0,92.099
PER,2927.327222222223,217.0,92.099
PER,2948.0455555555563,186.0,92.099
PER,2958.0455555555563,180.0,92.099
PER,2968.9344444444455,140.0,92.099
PER,2974.890000000001,134.0,92.099
PER,2982.3566666666675,112.0,92.099
PER,2989.1566666666677,102.0,92.099
PER,2995.2233333333343,91.0,92.099
PER,3000.001111111112,86.0,92.099
PER,3004.501111111112,81.0,92.099
PER,3012.001111111112,75.0,92.099
PER,3019.6677777777786,69.0,92.099
PER,3026.6677777777786,70.0,92.099
PER,3030.6677777777786,72.0,92.099
PER,3034.9455555555564,77.0,92.099
PER,3038.501111111112,80.0,92.099
PER,3044.4344444444455,89.0,92.099
PER,3048.5677777777787,93.0,92.099
PER,3054.1788888888896,101.0,92.099
PER,3061.5788888888897,111.0,92.099
PER,3069.9788888888897,126.0,92.099
PER,3085.8280555555566,143.0,92.099
PER,3096.7613888888895,164.0,92.099
PER,3108.2280555555562,172.0,92.099
PER,3116.272500000001,181.0,92.099
PER,3124.494722222223,185.0,92.099
PER,3137.628055555557,197.0,92.099
PER,3160.7969444444457,208.0,92.099
PER,3172.908055555557,218.0,92.099
PER,3185.3525000000013,224.0,92.099
PER,3203.2413888888905,230.0,92.099
PER,3218.9080555555574,235.0,92.099
PER,3232.3525000000022,242.0,92.099
PER,3254.5747222222244,250.0,92.099
PER,3286.1080555555573,258.0,92.099
PER,3303.6413888888915,263.0,92.099
PER,3321.3747222222246,266.0,92.099
PER,3336.2636111111137,268.0,92.099
PER,3357.3413888888917,271.0,92.099
PER,3397.6413888888915,279.0,92.099
PER,3422.9747222222254,285.0,92.099
PER,3435.730277777781,287.0,92.099
PER,3454.8636111111136,287.0,92.099
PER,3470.330277777781,232.0,92.099
PER,3481.7747222222247,206.0,92.099
PER,3495.074722222225,171.0,92.099
PER,3503.519166666669,152.0,92.099
PER,3516.3833333333355,129.0,92.099
PER,3523.9166666666692,113.0,92.099
PER,3529.694444444447,104.0,92.099
PER,3535.1944444444466,99.0,92.099
PER,3544.3944444444464,92.0,92.099
PER,3554.08527777778,87.0,92.099
PER,3561.08527777778,90.0,92.099
PER,3565.218611111113,93.0,92.099
PER,3570.5519444444467,96.0,92.099
PER,3582.6630555555575,109.0,92.099
PER,3596.3297222222245,123.0,92.099
PER,3606.8297222222245,135.0,92.099
PER,3620.3408333333355,152.0,92.099
PER,3629.5630555555576,166.0,92.099
PER,3642.7075000000023,169.0,92.099
PER,3655.107500000002,186.0,92.099
PER,3670.118611111113,193.0,92.099
PER,3683.718611111113,204.0,92.099
PER,3705.318611111113,216.0,92.099
PER,3715.0519444444462,219.0,92.099
PER,3727.496388888891,224.0,92.099
PER,3740.2186111111137,229.0,92.099
PER,3758.418611111113,234.0,92.099
PER,3774.351944444447,239.0,92.099
PER,3804.5941666666686,248.0,92.099
PER,3826.994166666669,252.0,92.099
PER,3849.749722222224,256.0,92.099
PER,3864.1386111111133,259.0,92.099
PER,3884.594166666669,263.0,92.099
PER,3899.3900000000017,265.0,92.099
PER,3917.1900000000023,267.0,92.099
PER,3941.278888888891,271.0,92.099
PER,3962.4344444444464,272.0,92.099
PER,3983.8233333333355,275.0,92.099
PER,4011.5233333333354,277.0,92.099
PER,4023.834444444446,277.0,92.099
PER,4045.690000000002,281.0,92.099
PER,4061.301111111113,281.0,92.099
PER,4073.8788888888907,283.0,92.099
PER,4086.501111111114,284.0,92.099
PER,4105.56777777778,286.0,92.099
PER,4127.890000000002,287.0,92.099
PER,4140.645555555558,287.0,92.099
PER,4159.845555555558,288.0,92.099
PER,4188.745555555558,289.0,92.099
PER,4204.023333333334,275.0,92.099
PER,4221.523333333334,225.0,92.099
PER,4230.278888888891,197.0,92.099
PER,4243.734444444446,173.0,92.099
PER,4253.534444444446,147.0,92.099
PER,4259.756666666668,140.0,92.099
PER,4265.534444444445,130.0,92.099
PER,4274.911944444446,121.0,92.099
PER,4282.578611111112,115.0,92.099
PER,4293.178611111112,106.0,92.099
PER,4297.889722222223,106.0,92.099
PER,4303.86388888889,107.0,92.099
PER,4312.808333333334,115.0,92.099
PER,4321.341666666667,128.0,92.099
PER,4328.619444444445,131.0,92.099
PER,4334.397222222223,130.0,92.099
PER,4346.1305555555555,132.0,92.099
PER,4351.997222222222,132.0,92.099
PER,4363.997222222222,135.0,92.099
PER,4371.941666666667,143.0,92.099
PER,4383.608333333334,150.0,92.099
PER,4400.508333333333,169.0,92.099
PER,4408.241666666667,174.0,92.099
PER,4416.330555555555,182.0,92.099
PER,4433.486111111111,193.0,92.099
PER,4455.819444444444,201.0,92.099
PER,4477.419444444446,216.0,92.099
PER,4492.152777777778,221.0,92.099
PER,4502.152777777778,225.0,92.099
PER,4512.241666666667,227.0,92.099
PER,4522.552777777779,232.0,92.099
PER,4540.986111111112,237.0,92.099
PER,4573.652777777778,245.0,92.099
PER,4595.805555555557,250.0,92.099
PER,4606.694444444445,245.0,92.099
PER,4626.872222222223,227.0,92.099
PER,4643.672222222223,216.0,92.099
PER,4657.596666666668,208.0,92.099
PER,4668.763333333335,201.0,92.099
PER,4684.707777777779,205.0,92.099
PER,4706.107777777778,214.0,92.099
PER,4725.307777777779,216.0,92.099
PER,4742.963333333335,227.0,92.099
PER,4753.230000000001,231.0,92.099
PER,4771.352222222224,233.0,92.099
PER,4798.018888888891,240.0,92.099
PER,4814.41888888889,246.0,92.099
PER,4828.363333333335,251.0,92.099
PER,4848.352222222224,257.0,92.099
PER,4874.352222222224,260.0,92.099
ALB,14.814444444444446,268.0,92.668
ALB,42.39083333333333,275.0,92.668
ALB,57.835277777777776,278.0,92.668
ALB,82.99083333333334,283.0,92.668
ALB,108.50194444444443,287.0,92.668
ALB,134.3686111111111,291.0,92.668
ALB,150.70194444444445,294.0,92.668
ALB,163.85750000000002,296.0,92.668
ALB,187.19083333333333,300.0,92.668
ALB,200.47972222222222,299.0,92.668
ALB,213.77388888888888,301.0,92.668
ALB,240.70722222222224,303.0,92.668
ALB,264.42944444444447,305.0,92.668
ALB,291.80722222222226,308.0,92.668
ALB,308.75166666666667,305.0,92.668
ALB,329.085,305.0,92.668
ALB,353.52944444444444,220.0,92.668
ALB,371.7294444444444,182.0,92.668
ALB,392.2627777777777,154.0,92.668
ALB,403.77388888888885,148.0,92.668
ALB,413.44055555555553,145.0,92.668
ALB,425.88499999999993,140.0,92.668
ALB,432.01833333333326,138.0,92.668
ALB,442.98499999999996,141.0,92.668
ALB,457.88499999999993,149.0,92.668
ALB,477.85249999999996,163.0,92.668
ALB,485.0080555555555,161.0,92.668
ALB,491.8969444444444,155.0,92.668
ALB,500.2302777777777,150.0,92.668
ALB,511.69694444444434,129.0,92.668
ALB,518.3080555555555,119.0,92.668
ALB,526.7080555555555,108.0,92.668
ALB,536.9080555555554,102.0,92.668
ALB,545.2374999999998,94.0,92.668
ALB,551.1708333333332,89.0,92.668
ALB,562.7708333333333,87.0,92.668
ALB,573.1041666666665,93.0,92.668
ALB,580.9597222222221,101.0,92.668
ALB,588.1597222222222,108.0,92.668
ALB,598.8263888888888,120.0,92.668
ALB,608.7819444444443,128.0,92.668
ALB,617.9819444444444,138.0,92.668
ALB,628.4486111111111,157.0,92.668
ALB,639.5152777777778,166.0,92.668
ALB,659.9597222222221,184.0,92.668
ALB,674.2708333333333,184.0,92.668
ALB,690.2930555555555,206.0,92.668
ALB,709.1963888888888,212.0,92.668
ALB,723.3297222222221,212.0,92.668
ALB,738.5297222222222,228.0,92.668
ALB,753.8630555555555,230.0,92.668
ALB,775.0186111111111,238.0,92.668
ALB,788.5186111111111,243.0,92.668
ALB,816.1852777777779,249.0,92.668
ALB,830.1852777777779,252.0,92.668
ALB,858.6297222222223,256.0,92.668
ALB,874.6297222222222,240.0,92.668
ALB,896.3530555555556,196.0,92.668
ALB,917.0086111111111,169.0,92.668
ALB,936.6863888888889,161.0,92.668
ALB,945.4086111111111,157.0,92.668
ALB,955.608611111111,153.0,92.668
ALB,967.8197222222221,157.0,92.668
ALB,980.2641666666666,160.0,92.668
ALB,989.5419444444443,167.0,92.668
ALB,1002.9197222222219,172.0,92.668
ALB,1020.819722222222,179.0,92.668
ALB,1029.3086111111108,191.0,92.668
ALB,1042.5086111111107,198.0,92.668
ALB,1063.0086111111107,205.0,92.668
ALB,1088.9786111111107,212.0,92.668
ALB,1107.8230555555551,212.0,92.668
ALB,1128.9786111111107,238.0,92.668
ALB,1139.5563888888885,238.0,92.668
ALB,1150.800833333333,253.0,92.668
ALB,1170.8674999999998,258.0,92.668
ALB,1185.3119444444442,260.0,92.668
ALB,1206.1563888888886,268.0,92.668
ALB,1224.3563888888884,273.0,92.668
ALB,1249.0674999999997,278.0,92.668
ALB,1261.4341666666662,280.0,92.668
ALB,1274.011944444444,283.0,92.668
ALB,1293.0786111111108,286.0,92.668
ALB,1312.411944444444,290.0,92.668
ALB,1331.9452777777776,293.0,92.668
ALB,1354.9674999999997,296.0,92.668
ALB,1381.3674999999998,297.0,92.668
ALB,1408.1230555555553,301.0,92.668
ALB,1428.3230555555556,303.0,92.668
ALB,1455.345277777778,304.0,92.668
ALB,1482.7230555555554,308.0,92.668
ALB,1506.6786111111112,308.0,92.668
ALB,1520.3675,308.0,92.668
ALB,1548.0119444444445,311.0,92.668
ALB,1643.2,317.0,92.668
ALB,1668.9777777777779,290.0,92.668
ALB,1691.5555555555557,254.0,92.668
ALB,1708.8000000000002,194.0,92.668
ALB,1723.288888888889,163.0,92.668
ALB,1730.5333333333335,163.0,92.668
ALB,1739.7333333333336,138.0,92.668
ALB,1747.177777777778,134.0,92.668
ALB,1756.9777777777779,126.0,92.668
ALB,1764.8780555555556,119.0,92.668
ALB,1776.4780555555556,116.0,92.668
ALB,1784.0113888888889,113.0,92.668
ALB,1790.4558333333332,116.0,92.668
ALB,1795.6558333333332,117.0,92.668
ALB,1802.4891666666665,123.0,92.668
ALB,1812.9891666666665,135.0,92.668
ALB,1820.9336111111108,143.0,92.668
ALB,1830.866944444444,149.0,92.668
ALB,1842.0002777777775,167.0,92.668
ALB,1853.7336111111108,176.0,92.668
ALB,1868.355833333333,188.0,92.668
ALB,1890.355833333333,198.0,92.668
ALB,1915.9583333333333,209.0,92.668
ALB,1931.5583333333332,156.0,92.668
ALB,1939.2249999999997,138.0,92.668
ALB,1945.836111111111,119.0,92.668
ALB,1953.8472222222222,103.0,92.668
ALB,1958.425,103.0,92.668
ALB,1965.736111111111,94.0,92.668
ALB,1974.236111111111,85.0,92.668
ALB,1980.536111111111,81.0,92.668
ALB,1986.3694444444443,75.0,92.668
ALB,1989.7027777777776,75.0,92.668
ALB,1996.7249999999997,79.0,92.668
ALB,2000.4138888888886,83.0,92.668
ALB,2005.3336111111107,89.0,92.668
ALB,2011.6669444444442,95.0,92.668
ALB,2022.6669444444442,110.0,92.668
ALB,2029.1113888888888,116.0,92.668
ALB,2034.266944444444,116.0,92.668
ALB,2044.766944444444,135.0,92.668
ALB,2061.9891666666663,155.0,92.668
ALB,2085.7224999999994,178.0,92.668
ALB,2108.3336111111107,185.0,92.668
ALB,2123.8002777777774,174.0,92.668
ALB,2136.166944444444,159.0,92.668
ALB,2142.878055555555,151.0,92.668
ALB,2152.518055555555,144.0,92.668
ALB,2167.2958333333327,133.0,92.668
ALB,2177.095833333333,126.0,92.668
ALB,2183.818055555555,121.0,92.668
ALB,2193.3847222222216,123.0,92.668
ALB,2204.9402777777773,130.0,92.668
ALB,2214.2736111111103,140.0,92.668
ALB,2224.140277777777,148.0,92.668
ALB,2238.3624999999993,160.0,92.668
ALB,2251.8958333333326,174.0,92.668
ALB,2263.4958333333325,174.0,92.668
ALB,2278.5308333333323,194.0,92.668
ALB,2287.4641666666657,201.0,92.668
ALB,2298.9641666666653,207.0,92.668
ALB,2313.030833333332,211.0,92.668
ALB,2325.1974999999984,219.0,92.668
ALB,2342.6974999999984,225.0,92.668
ALB,2366.0974999999985,234.0,92.668
ALB,2376.4974999999986,234.0,92.668
ALB,2398.2752777777764,245.0,92.668
ALB,2412.1086111111094,249.0,92.668
ALB,2437.6086111111094,255.0,92.668
ALB,2454.8086111111097,258.0,92.668
ALB,2483.9197222222206,262.0,92.668
ALB,2495.7711111111093,265.0,92.668
ALB,2516.5377777777762,267.0,92.668
ALB,2534.3377777777764,267.0,92.668
ALB,2551.759999999999,224.0,92.668
ALB,2565.093333333332,200.0,92.668
ALB,2575.093333333332,180.0,92.668
ALB,2589.0488888888876,157.0,92.668
ALB,2597.326666666665,149.0,92.668
ALB,2607.0599999999986,146.0,92.668
ALB,2619.3266666666655,138.0,92.668
ALB,2626.8266666666655,135.0,92.668
ALB,2639.0933333333323,138.0,92.668
ALB,2648.759999999999,145.0,92.668
ALB,2662.3174999999987,153.0,92.668
ALB,2669.206388888888,155.0,92.668
ALB,2688.0952777777766,170.0,92.668
ALB,2699.561944444443,172.0,92.668
ALB,2713.0730555555538,152.0,92.668
ALB,2719.2508333333317,139.0,92.668
ALB,2730.361944444443,125.0,92.668
ALB,2735.695277777776,120.0,92.668
ALB,2744.6397222222204,115.0,92.668
ALB,2749.6174999999985,112.0,92.668
ALB,2756.884166666665,109.0,92.668
ALB,2761.7286111111093,109.0,92.668
ALB,2768.006388888887,113.0,92.668
ALB,2775.9397222222206,119.0,92.668
ALB,2789.2766666666653,133.0,92.668
ALB,2802.6099999999988,150.0,92.668
ALB,2809.6322222222207,158.0,92.668
ALB,2818.7988888888876,165.0,92.668
ALB,2826.2211111111096,167.0,92.668
ALB,2835.832222222221,173.0,92.668
ALB,2845.7766666666653,179.0,92.668
ALB,2853.954444444443,184.0,92.668
ALB,2866.4877777777765,188.0,92.668
ALB,2881.576666666665,194.0,92.668
ALB,2902.576666666665,210.0,92.668
ALB,2911.9099999999985,210.0,92.668
ALB,2928.6322222222207,215.0,92.668
ALB,2949.1877777777763,185.0,92.668
ALB,2966.381944444443,141.0,92.668
ALB,2974.64861111111,124.0,92.668
ALB,2980.8152777777764,111.0,92.668
ALB,2986.4263888888877,101.0,92.668
ALB,2992.759722222221,95.0,92.668
ALB,3000.315277777777,85.0,92.668
ALB,3005.64861111111,80.0,92.668
ALB,3012.94861111111,73.0,92.668
ALB,3018.3930555555544,70.0,92.668
ALB,3025.093055555554,67.0,92.668
ALB,3028.2486111111098,71.0,92.668
ALB,3035.5688888888876,73.0,92.668
ALB,3040.179999999999,83.0,92.668
ALB,3045.0688888888876,88.0,92.668
ALB,3054.868888888888,98.0,92.668
ALB,3069.5355555555548,120.0,92.668
ALB,3075.0022222222215,123.0,92.668
ALB,3117.2911111111107,173.0,92.668
ALB,3129.424444444444,182.0,92.668
ALB,3149.324444444444,199.0,92.668
ALB,3158.1688888888884,199.0,92.668
ALB,3174.735555555555,213.0,92.668
ALB,3189.3411111111104,220.0,92.668
ALB,3215.1188888888887,232.0,92.668
ALB,3242.1188888888887,243.0,92.668
ALB,3273.163333333333,254.0,92.668
ALB,3287.552222222222,259.0,92.668
ALB,3320.1855555555553,267.0,92.668
ALB,3341.1855555555553,270.0,92.668
ALB,3362.418888888889,273.0,92.668
ALB,3377.8633333333337,278.0,92.668
ALB,3396.5299999999997,280.0,92.668
ALB,3415.676111111111,286.0,92.668
ALB,3450.998333333333,289.0,92.668
ALB,3465.8316666666665,267.0,92.668
ALB,3482.865,219.0,92.668
ALB,3500.765,179.0,92.668
ALB,3511.231666666666,157.0,92.668
ALB,3521.187222222222,128.0,92.668
ALB,3530.2872222222218,117.0,92.668
ALB,3535.1761111111105,110.0,92.668
ALB,3540.8427777777774,102.0,92.668
ALB,3549.4649999999997,97.0,92.668
ALB,3555.398333333333,89.0,92.668
ALB,3563.998333333333,86.0,92.668
ALB,3573.073055555555,91.0,92.668
ALB,3579.4063888888886,95.0,92.668
ALB,3593.0952777777775,112.0,92.668
ALB,3607.3175,128.0,92.668
ALB,3614.984166666666,138.0,92.668
ALB,3621.339722222222,143.0,92.668
ALB,3627.6952777777774,143.0,92.668
ALB,3640.761944444444,168.0,92.668
ALB,3648.450833333333,173.0,92.668
ALB,3658.5063888888885,181.0,92.668
ALB,3666.950833333333,190.0,92.668
ALB,3687.0063888888885,200.0,92.668
ALB,3701.006388888888,210.0,92.668
ALB,3715.339722222221,215.0,92.668
ALB,3730.3397222222216,225.0,92.668
ALB,3750.8730555555544,231.0,92.668
ALB,3774.6730555555546,238.0,92.668
ALB,3793.5730555555547,243.0,92.668
ALB,3821.350833333333,250.0,92.668
ALB,3892.017499999999,265.0,92.668
ALB,3903.839722222222,266.0,92.668
ALB,3928.0174999999995,272.0,92.668
ALB,3946.1508333333322,272.0,92.668
ALB,3976.6299999999987,275.0,92.668
ALB,3992.1299999999987,279.0,92.668
ALB,4004.574444444443,280.0,92.668
ALB,4029.64111111111,282.0,92.668
ALB,4058.14111111111,285.0,92.668
ALB,4074.0299999999993,286.0,92.668
ALB,4089.9744444444427,287.0,92.668
ALB,4102.774444444443,288.0,92.668
ALB,4118.885555555555,290.0,92.668
ALB,4131.774444444443,290.0,92.668
ALB,4151.174444444443,291.0,92.668
ALB,4190.188888888888,292.0,92.668
ALB,4212.677777777776,253.0,92.668
ALB,4225.733333333332,235.0,92.668
ALB,4234.399999999998,195.0,92.668
ALB,4243.066666666664,195.0,92.668
ALB,4259.844444444442,151.0,92.668
ALB,4266.155555555553,142.0,92.668
ALB,4273.599999999998,134.0,92.668
ALB,4279.377777777775,130.0,92.668
ALB,4286.266666666664,124.0,92.668
ALB,4292.933333333331,120.0,92.668
ALB,4301.566666666664,111.0,92.668
ALB,4308.9666666666635,111.0,92.668
ALB,4319.277777777775,116.0,92.668
ALB,4328.922222222219,124.0,92.668
ALB,4340.83333333333,134.0,92.668
ALB,4346.79583333333,135.0,92.668
ALB,4357.5291666666635,138.0,92.668
ALB,4371.329166666664,138.0,92.668
ALB,4380.662499999998,140.0,92.668
ALB,4392.406944444442,151.0,92.668
ALB,4408.906944444442,165.0,92.668
ALB,4422.440277777776,174.0,92.668
ALB,4443.440277777776,189.0,92.668
ALB,4468.797777777776,207.0,92.668
ALB,4478.131111111109,210.0,92.668
ALB,4495.086666666664,218.0,92.668
ALB,4510.153333333332,226.0,92.668
ALB,4522.986666666665,231.0,92.668
ALB,4536.097777777776,236.0,92.668
ALB,4549.3755555555545,239.0,92.668
ALB,4562.8755555555545,243.0,92.668
ALB,4581.93111111111,245.0,92.668
ALB,4595.764444444444,249.0,92.668
ALB,4614.119999999999,236.0,92.668
ALB,4631.153333333333,219.0,92.668
ALB,4643.32,219.0,92.668
ALB,4654.764444444444,206.0,92.668
ALB,4668.164444444444,201.0,92.668
ALB,4688.8644444444435,207.0,92.668
ALB,4702.931111111111,211.0,92.668
ALB,4714.986666666667,217.0,92.668
ALB,4737.224722222222,223.0,92.668
ALB,4760.224722222222,230.0,92.668
ALB,4773.3358333333335,236.0,92.668
ALB,4792.0025000000005,240.0,92.668
ALB,4808.135833333334,242.0,92.668
ALB,4830.269166666668,249.0,92.668
ALB,4850.024722222222,254.0,92.668
ALB,4873.046944444445,259.0,92.668
TSU,1.534166666666667,263.0,91.991
TSU,19.067500000000003,263.0,91.991
TSU,37.134166666666665,271.0,91.991
TSU,55.40083333333333,274.0,91.991
TSU,77.02305555555554,278.0,91.991
TSU,102.0897222222222,282.0,91.991
TSU,127.42305555555555,285.0,91.991
TSU,146.62305555555554,288.0,91.991
TSU,172.4897222222222,291.0,91.991
TSU,198.53416666666664,293.0,91.991
TSU,221.4786111111111,295.0,91.991
TSU,234.63416666666663,296.0,91.991
TSU,261.21194444444444,299.0,91.991
TSU,351.5955555555555,301.0,91.991
TSU,370.3511111111111,211.0,91.991
TSU,385.28444444444443,168.0,91.991
TSU,398.2622222222222,146.0,91.991
TSU,410.08444444444444,133.0,91.991
TSU,415.8177777777778,129.0,91.991
TSU,424.0177777777778,123.0,91.991
TSU,430.79555555555555,122.0,91.991
TSU,440.75111111111113,128.0,91.991
TSU,449.8463888888889,137.0,91.991
TSU,464.9463888888889,151.0,91.991
TSU,475.34638888888895,156.0,91.991
TSU,484.17972222222227,159.0,91.991
TSU,491.2463888888889,159.0,91.991
TSU,499.9686111111111,157.0,91.991
TSU,510.4686111111111,135.0,91.991
TSU,517.3575,124.0,91.991
TSU,525.0241666666666,115.0,91.991
TSU,532.0241666666666,105.0,91.991
TSU,538.8908333333333,103.0,91.991
TSU,546.4352777777777,97.0,91.991
TSU,556.6575,92.0,91.991
TSU,567.5600000000001,89.0,91.991
TSU,577.36,98.0,91.991
TSU,583.1377777777777,104.0,91.991
TSU,589.4155555555556,113.0,91.991
TSU,599.2155555555555,126.0,91.991
TSU,605.0377777777777,131.0,91.991
TSU,616.4711111111111,147.0,91.991
TSU,632.9711111111111,165.0,91.991
TSU,646.5044444444444,174.0,91.991
TSU,660.9711111111111,186.0,91.991
TSU,669.5488888888888,193.0,91.991
TSU,686.971111111111,196.0,91.991
TSU,696.171111111111,207.0,91.991
TSU,707.7794444444444,210.0,91.991
TSU,721.7794444444444,210.0,91.991
TSU,744.3794444444444,226.0,91.991
TSU,757.1572222222221,230.0,91.991
TSU,767.4238888888888,231.0,91.991
TSU,785.7794444444443,236.0,91.991
TSU,812.7794444444443,243.0,91.991
TSU,846.1127777777776,250.0,91.991
TSU,876.9127777777776,252.0,91.991
TSU,896.1127777777776,216.0,91.991
TSU,910.9683333333332,191.0,91.991
TSU,919.0572222222221,182.0,91.991
TSU,930.7055555555554,174.0,91.991
TSU,948.9277777777776,164.0,91.991
TSU,961.0611111111109,156.0,91.991
TSU,969.672222222222,155.0,91.991
TSU,982.1944444444442,161.0,91.991
TSU,997.4833333333331,172.0,91.991
TSU,1009.3499999999997,178.0,91.991
TSU,1021.9499999999996,189.0,91.991
TSU,1039.2833333333328,195.0,91.991
TSU,1054.994444444444,202.0,91.991
TSU,1068.794444444444,207.0,91.991
TSU,1085.689444444444,218.0,91.991
TSU,1095.600555555555,223.0,91.991
TSU,1108.378333333333,230.0,91.991
TSU,1123.8449999999996,232.0,91.991
TSU,1137.289444444444,242.0,91.991
TSU,1156.6561111111107,249.0,91.991
TSU,1182.4561111111107,258.0,91.991
TSU,1194.0561111111106,261.0,91.991
TSU,1217.700555555555,266.0,91.991
TSU,1232.6449999999993,269.0,91.991
TSU,1260.2449999999992,276.0,91.991
TSU,1278.7116666666661,277.0,91.991
TSU,1310.1561111111105,283.0,91.991
TSU,1322.9019444444439,285.0,91.991
TSU,1345.1463888888884,286.0,91.991
TSU,1364.213055555555,286.0,91.991
TSU,1387.0797222222218,294.0,91.991
TSU,1406.6797222222217,294.0,91.991
TSU,1423.013055555555,294.0,91.991
TSU,1449.324166666666,296.0,91.991
TSU,1465.824166666666,297.0,91.991
TSU,1485.7574999999995,299.0,91.991
TSU,1512.4241666666662,300.0,91.991
TSU,1529.1463888888884,301.0,91.991
TSU,1556.0797222222218,303.0,91.991
TSU,1576.4797222222217,306.0,91.991
TSU,1603.683333333333,307.0,91.991
TSU,1617.3722222222218,308.0,91.991
TSU,1651.705555555555,309.0,91.991
TSU,1672.2388888888884,308.0,91.991
TSU,1696.416666666666,272.0,91.991
TSU,1706.9499999999994,237.0,91.991
TSU,1723.9277777777772,191.0,91.991
TSU,1731.9722222222217,181.0,91.991
TSU,1744.183333333333,157.0,91.991
TSU,1750.583333333333,144.0,91.991
TSU,1759.6499999999996,136.0,91.991
TSU,1765.5166666666662,132.0,91.991
TSU,1772.405555555555,124.0,91.991
TSU,1780.5388888888886,122.0,91.991
TSU,1791.9705555555552,114.0,91.991
TSU,1802.1927777777773,115.0,91.991
TSU,1807.6149999999996,122.0,91.991
TSU,1814.7261111111106,128.0,91.991
TSU,1820.6372222222217,133.0,91.991
TSU,1828.4149999999995,140.0,91.991
TSU,1836.6927777777773,149.0,91.991
TSU,1843.759444444444,159.0,91.991
TSU,1854.6261111111105,163.0,91.991
TSU,1868.548333333333,179.0,91.991
TSU,1887.848333333333,193.0,91.991
TSU,1896.559444444444,196.0,91.991
TSU,1912.4261111111107,204.0,91.991
TSU,1932.870555555555,184.0,91.991
TSU,1949.8208333333328,139.0,91.991
TSU,1957.7541666666662,119.0,91.991
TSU,1964.0874999999994,114.0,91.991
TSU,1969.6986111111105,101.0,91.991
TSU,1975.8986111111105,93.0,91.991
TSU,1983.4541666666662,85.0,91.991
TSU,1988.854166666666,81.0,91.991
TSU,1996.3541666666663,75.0,91.991
TSU,2002.2652777777773,76.0,91.991
TSU,2010.5652777777773,83.0,91.991
TSU,2014.343055555555,85.0,91.991
TSU,2024.1702777777773,98.0,91.991
TSU,2030.1147222222219,107.0,91.991
TSU,2036.5591666666664,116.0,91.991
TSU,2049.4591666666665,129.0,91.991
TSU,2068.2813888888886,154.0,91.991
TSU,2075.5258333333327,163.0,91.991
TSU,2121.725833333333,189.0,91.991
TSU,2133.2591666666663,173.0,91.991
TSU,2149.359166666666,161.0,91.991
TSU,2155.9813888888884,149.0,91.991
TSU,2166.8702777777776,140.0,91.991
TSU,2175.8327777777777,135.0,91.991
TSU,2190.055,128.0,91.991
TSU,2204.3883333333333,129.0,91.991
TSU,2221.9883333333332,144.0,91.991
TSU,2230.4327777777776,152.0,91.991
TSU,2250.966111111111,168.0,91.991
TSU,2264.7327777777778,177.0,91.991
TSU,2279.5883333333336,191.0,91.991
TSU,2290.5883333333336,198.0,91.991
TSU,2304.1883333333335,204.0,91.991
TSU,2318.246666666667,210.0,91.991
TSU,2345.624444444445,224.0,91.991
TSU,2358.1800000000003,226.0,91.991
TSU,2376.3022222222226,233.0,91.991
TSU,2400.0022222222224,237.0,91.991
TSU,2416.4022222222225,246.0,91.991
TSU,2435.7688888888893,249.0,91.991
TSU,2455.446666666667,253.0,91.991
TSU,2466.78,255.0,91.991
TSU,2481.057777777778,257.0,91.991
TSU,2504.257777777778,261.0,91.991
TSU,2521.7911111111107,263.0,91.991
TSU,2548.4911111111105,267.0,91.991
TSU,2569.9313888888883,215.0,91.991
TSU,2582.7313888888884,192.0,91.991
TSU,2602.7758333333327,164.0,91.991
TSU,2619.442499999999,150.0,91.991
TSU,2627.498055555555,145.0,91.991
TSU,2633.6758333333323,139.0,91.991
TSU,2639.6758333333323,135.0,91.991
TSU,2650.409166666666,138.0,91.991
TSU,2656.720277777777,142.0,91.991
TSU,2664.942499999999,148.0,91.991
TSU,2671.7869444444436,154.0,91.991
TSU,2688.1322222222216,163.0,91.991
TSU,2699.598888888888,172.0,91.991
TSU,2711.4655555555546,178.0,91.991
TSU,2723.1322222222216,175.0,91.991
TSU,2735.1322222222216,135.0,91.991
TSU,2747.5322222222217,124.0,91.991
TSU,2756.554444444444,116.0,91.991
TSU,2768.8877777777775,111.0,91.991
TSU,2805.6877777777777,138.0,91.991
TSU,2812.043333333333,143.0,91.991
TSU,2825.91,156.0,91.991
TSU,2836.9766666666665,166.0,91.991
TSU,2856.815833333333,179.0,91.991
TSU,2866.9824999999996,183.0,91.991
TSU,2875.2936111111107,187.0,91.991
TSU,2892.8047222222217,197.0,91.991
TSU,2913.3047222222217,205.0,91.991
TSU,2925.0824999999995,212.0,91.991
TSU,2937.026944444444,215.0,91.991
TSU,2946.6713888888885,217.0,91.991
TSU,2958.3936111111107,211.0,91.991
TSU,2967.1491666666666,197.0,91.991
TSU,2978.615833333333,172.0,91.991
TSU,2995.718055555555,128.0,91.991
TSU,3005.318055555555,108.0,91.991
TSU,3010.7624999999994,98.0,91.991
TSU,3014.940277777777,94.0,91.991
TSU,3018.7180555555547,85.0,91.991
TSU,3027.051388888888,75.0,91.991
TSU,3030.1180555555547,69.0,91.991
TSU,3033.7847222222213,66.0,91.991
TSU,3036.6736111111104,65.0,91.991
TSU,3040.2847222222213,65.0,91.991
TSU,3044.1180555555547,69.0,91.991
TSU,3049.9513888888882,75.0,91.991
TSU,3055.418055555555,82.0,91.991
TSU,3063.9513888888882,96.0,91.991
TSU,3072.1180555555547,105.0,91.991
TSU,3082.6958333333328,119.0,91.991
TSU,3088.3933333333325,129.0,91.991
TSU,3099.748888888888,146.0,91.991
TSU,3116.348888888888,166.0,91.991
TSU,3128.015555555555,175.0,91.991
TSU,3142.5599999999995,187.0,91.991
TSU,3162.4599999999996,199.0,91.991
TSU,3178.715555555555,209.0,91.991
TSU,3203.3822222222216,222.0,91.991
TSU,3232.1697222222215,235.0,91.991
TSU,3242.7030555555552,237.0,91.991
TSU,3261.680833333333,244.0,91.991
TSU,3278.2141666666657,248.0,91.991
TSU,3292.2141666666657,252.0,91.991
TSU,3306.4363888888884,256.0,91.991
TSU,3320.8252777777775,259.0,91.991
TSU,3335.3808333333322,262.0,91.991
TSU,3356.147499999999,267.0,91.991
TSU,3371.147499999999,270.0,91.991
TSU,3392.5363888888883,275.0,91.991
TSU,3414.1586111111105,278.0,91.991
TSU,3429.714166666666,280.0,91.991
TSU,3445.380833333333,282.0,91.991
TSU,3464.2474999999995,283.0,91.991
TSU,3488.9474999999993,247.0,91.991
TSU,3505.4141666666656,247.0,91.991
TSU,3515.8586111111103,188.0,91.991
TSU,3530.517777777777,147.0,91.991
TSU,3542.9177777777772,124.0,91.991
TSU,3549.139999999999,112.0,91.991
TSU,3556.839999999999,99.0,91.991
TSU,3563.1066666666657,94.0,91.991
TSU,3570.9288888888877,88.0,91.991
TSU,3577.6177777777766,86.0,91.991
TSU,3585.6177777777766,90.0,91.991
TSU,3593.189166666665,97.0,91.991
TSU,3598.9113888888874,103.0,91.991
TSU,3610.4113888888874,115.0,91.991
TSU,3615.9224999999983,124.0,91.991
TSU,3624.855833333332,134.0,91.991
TSU,3644.989166666665,151.0,91.991
TSU,3652.544722222221,170.0,91.991
TSU,3674.7891666666656,182.0,91.991
TSU,3683.366944444443,193.0,91.991
TSU,3698.9224999999988,200.0,91.991
TSU,3707.9447222222207,203.0,91.991
TSU,3722.078055555554,212.0,91.991
TSU,3744.378055555554,223.0,91.991
TSU,3772.7336111111103,232.0,91.991
TSU,3793.9780555555544,239.0,91.991
TSU,3815.687777777777,245.0,91.991
TSU,3829.4655555555546,248.0,91.991
TSU,3840.4877777777765,248.0,91.991
TSU,3863.0655555555536,254.0,91.991
TSU,3874.4433333333322,256.0,91.991
TSU,3897.465555555554,259.0,91.991
TSU,3911.965555555554,261.0,91.991
TSU,3932.4988888888874,264.0,91.991
TSU,3944.3211111111095,266.0,91.991
TSU,3968.3961111111093,270.0,91.991
TSU,3983.451666666665,271.0,91.991
TSU,3998.618333333332,273.0,91.991
TSU,4013.8405555555546,274.0,91.991
TSU,4035.3849999999993,277.0,91.991
TSU,4047.7405555555547,278.0,91.991
TSU,4072.629444444443,280.0,91.991
TSU,4088.2405555555542,281.0,91.991
TSU,4103.907222222221,282.0,91.991
TSU,4119.629444444444,283.0,91.991
TSU,4135.407222222222,284.0,91.991
TSU,4154.407222222222,285.0,91.991
TSU,4183.0072222222225,286.0,91.991
TSU,4214.785000000001,286.0,91.991
TSU,4242.407222222223,226.0,91.991
TSU,4253.3516666666665,197.0,91.991
TSU,4262.962777777778,173.0,91.991
TSU,4280.073888888889,140.0,91.991
TSU,4287.370555555556,132.0,91.991
TSU,4300.703888888889,120.0,91.991
TSU,4309.492777777778,113.0,91.991
TSU,4314.292777777779,108.0,91.991
TSU,4324.792777777779,105.0,91.991
TSU,4336.492777777778,117.0,91.991
TSU,4345.092777777779,129.0,91.991
TSU,4360.353055555556,137.0,91.991
TSU,4366.575277777778,140.0,91.991
TSU,4382.686388888889,145.0,91.991
TSU,4392.686388888889,150.0,91.991
TSU,4399.575277777778,155.0,91.991
TSU,4406.8197222222225,163.0,91.991
TSU,4424.219722222222,174.0,91.991
TSU,4434.386388888889,183.0,91.991
TSU,4449.397499999999,193.0,91.991
TSU,4460.397499999999,198.0,91.991
TSU,4478.7975,207.0,91.991
TSU,4488.219722222222,212.0,91.991
TSU,4497.819722222222,216.0,91.991
TSU,4510.041944444444,220.0,91.991
TSU,4527.6975,227.0,91.991
TSU,4537.875277777778,229.0,91.991
TSU,4553.541944444445,235.0,91.991
TSU,4566.764166666667,238.0,91.991
TSU,4583.030833333334,244.0,91.991
TSU,4599.430833333334,246.0,91.991
TSU,4625.255,233.0,91.991
TSU,4644.988333333334,222.0,91.991
TSU,4659.1883333333335,213.0,91.991
TSU,4686.788333333334,207.0,91.991
TSU,4705.632777777778,212.0,91.991
TSU,4730.249722222222,221.0,91.991
TSU,4742.638611111111,223.0,91.991
TSU,4760.527499999999,230.0,91.991
TSU,4770.83861111111,232.0,91.991
TSU,4786.438611111111,234.0,91.991
TSU,4802.438611111111,240.0,91.991
TSU,4818.638611111111,243.0,91.991
TSU,4832.360833333333,247.0,91.991
TSU,4846.3052777777775,251.0,91.991
TSU,4872.205277777777,259.0,91.991
BOT,5.9399999999999995,264.0,92.809
BOT,26.862222222222215,269.0,92.809
BOT,42.028888888888886,273.0,92.809
BOT,63.41777777777777,275.0,92.809
BOT,94.64,281.0,92.809
BOT,120.0622222222222,286.0,92.809
BOT,132.81777777777776,287.0,92.809
BOT,161.73722222222221,290.0,92.809
BOT,187.78166666666664,293.0,92.809
BOT,200.84833333333333,294.0,92.809
BOT,220.58166666666665,296.0,92.809
BOT,233.82611111111112,298.0,92.809
BOT,260.49277777777775,300.0,92.809
BOT,290.6927777777778,302.0,92.809
BOT,325.4038888888889,284.0,92.809
BOT,336.6038888888889,252.0,92.809
BOT,349.1038888888889,225.0,92.809
BOT,360.32611111111106,202.0,92.809
BOT,368.8594444444444,192.0,92.809
BOT,379.99277777777775,167.0,92.809
BOT,390.1261111111111,152.0,92.809
BOT,396.70388888888886,148.0,92.809
BOT,410.60388888888883,139.0,92.809
BOT,416.60388888888883,135.0,92.809
BOT,429.90388888888884,133.0,92.809
BOT,444.34388888888884,144.0,92.809
BOT,452.7883333333333,152.0,92.809
BOT,467.63277777777773,167.0,92.809
BOT,482.655,169.0,92.809
BOT,496.69944444444445,158.0,92.809
BOT,505.03277777777777,150.0,92.809
BOT,510.855,131.0,92.809
BOT,519.7216666666667,114.0,92.809
BOT,524.4327777777778,106.0,92.809
BOT,528.9819444444445,103.0,92.809
BOT,537.7819444444444,99.0,92.809
BOT,545.1708333333333,95.0,92.809
BOT,553.3486111111112,92.0,92.809
BOT,558.4597222222222,92.0,92.809
BOT,564.7263888888889,94.0,92.809
BOT,576.0597222222223,102.0,92.809
BOT,587.1597222222223,111.0,92.809
BOT,603.9597222222224,126.0,92.809
BOT,614.926388888889,141.0,92.809
BOT,624.6597222222224,146.0,92.809
BOT,639.415277777778,166.0,92.809
BOT,647.1486111111113,174.0,92.809
BOT,661.6930555555557,187.0,92.809
BOT,681.5930555555557,199.0,92.809
BOT,707.5630555555557,212.0,92.809
BOT,717.0741666666668,214.0,92.809
BOT,726.8519444444446,220.0,92.809
BOT,739.2963888888889,224.0,92.809
BOT,759.7408333333334,230.0,92.809
BOT,772.7408333333335,234.0,92.809
BOT,791.4075000000001,240.0,92.809
BOT,816.0075,246.0,92.809
BOT,838.248888888889,251.0,92.809
BOT,855.0488888888891,252.0,92.809
BOT,884.9155555555557,224.0,92.809
BOT,905.3600000000002,184.0,92.809
BOT,918.5822222222223,170.0,92.809
BOT,929.5155555555557,164.0,92.809
BOT,943.5600000000002,158.0,92.809
BOT,955.46,153.0,92.809
BOT,965.5933333333335,152.0,92.809
BOT,976.0600000000001,157.0,92.809
BOT,986.8600000000001,162.0,92.809
BOT,1006.4155555555556,176.0,92.809
BOT,1020.96,187.0,92.809
BOT,1035.5044444444443,187.0,92.809
BOT,1053.4269444444444,201.0,92.809
BOT,1067.6269444444442,213.0,92.809
BOT,1082.293611111111,220.0,92.809
BOT,1097.4936111111108,228.0,92.809
BOT,1118.826944444444,240.0,92.809
BOT,1132.1602777777773,240.0,92.809
BOT,1160.2713888888886,253.0,92.809
BOT,1174.4380555555551,255.0,92.809
BOT,1203.8824999999995,265.0,92.809
BOT,1221.7491666666663,268.0,92.809
BOT,1251.895833333333,272.0,92.809
BOT,1286.118055555555,280.0,92.809
BOT,1321.0736111111107,286.0,92.809
BOT,1337.1291666666662,289.0,92.809
BOT,1356.395833333333,289.0,92.809
BOT,1379.106944444444,292.0,92.809
BOT,1402.0513888888886,295.0,92.809
BOT,1418.495833333333,296.0,92.809
BOT,1441.6736111111109,298.0,92.809
BOT,1471.6736111111109,300.0,92.809
BOT,1485.0069444444441,300.0,92.809
BOT,1505.1402777777773,302.0,92.809
BOT,1535.5402777777772,304.0,92.809
BOT,1573.1477777777775,307.0,92.809
BOT,1600.6144444444442,309.0,92.809
BOT,1628.3477777777775,312.0,92.809
BOT,1642.1699999999998,311.0,92.809
BOT,1656.0366666666666,312.0,92.809
BOT,1678.7477777777776,292.0,92.809
BOT,1693.0255555555555,257.0,92.809
BOT,1709.4366666666667,211.0,92.809
BOT,1722.5700000000002,197.0,92.809
BOT,1736.5255555555557,157.0,92.809
BOT,1742.8855555555558,144.0,92.809
BOT,1749.0633333333335,139.0,92.809
BOT,1757.5966666666668,128.0,92.809
BOT,1765.9300000000003,125.0,92.809
BOT,1774.0633333333335,122.0,92.809
BOT,1783.2411111111114,118.0,92.809
BOT,1793.7300000000002,118.0,92.809
BOT,1804.6633333333336,123.0,92.809
BOT,1813.196666666667,128.0,92.809
BOT,1825.6411111111113,140.0,92.809
BOT,1839.5966666666668,157.0,92.809
BOT,1852.6633333333334,168.0,92.809
BOT,1860.441111111111,175.0,92.809
BOT,1877.0633333333333,187.0,92.809
BOT,1928.1105555555557,170.0,92.809
BOT,1940.555,140.0,92.809
BOT,1951.043888888889,118.0,92.809
BOT,1960.1105555555555,102.0,92.809
BOT,1967.9327777777778,88.0,92.809
BOT,1971.8438888888888,88.0,92.809
BOT,1977.3772222222221,83.0,92.809
BOT,1981.8216666666665,80.0,92.809
BOT,1987.888333333333,78.0,92.809
BOT,1993.0666666666666,78.0,92.809
BOT,2001.4666666666667,84.0,92.809
BOT,2007.3333333333333,88.0,92.809
BOT,2012.5,93.0,92.809
BOT,2016.7666666666669,96.0,92.809
BOT,2022.2111111111112,98.0,92.809
BOT,2031.0000000000002,113.0,92.809
BOT,2037.8333333333337,123.0,92.809
BOT,2047.0333333333335,138.0,92.809
BOT,2057.0333333333338,150.0,92.809
BOT,2067.6333333333337,159.0,92.809
BOT,2081.0111111111114,172.0,92.809
BOT,2101.7888888888892,187.0,92.809
BOT,2123.2263888888892,175.0,92.809
BOT,2138.326388888889,151.0,92.809
BOT,2146.2708333333335,143.0,92.809
BOT,2153.9375000000005,138.0,92.809
BOT,2164.0486111111118,130.0,92.809
BOT,2169.781944444445,129.0,92.809
BOT,2179.7375000000006,128.0,92.809
BOT,2192.8375000000005,131.0,92.809
BOT,2203.493055555556,137.0,92.809
BOT,2214.8486111111115,146.0,92.809
BOT,2221.3375,146.0,92.809
BOT,2235.7375,162.0,92.809
BOT,2243.204166666667,168.0,92.809
BOT,2252.9330555555557,176.0,92.809
BOT,2265.466388888889,188.0,92.809
BOT,2285.266388888889,198.0,92.809
BOT,2296.7108333333335,206.0,92.809
BOT,2306.0886111111117,211.0,92.809
BOT,2322.810833333334,215.0,92.809
BOT,2347.810833333334,225.0,92.809
BOT,2379.544166666667,238.0,92.809
BOT,2409.733055555556,247.0,92.809
BOT,2432.044166666667,251.0,92.809
BOT,2451.955277777778,256.0,92.809
BOT,2463.3330555555563,256.0,92.809
BOT,2480.738611111112,260.0,92.809
BOT,2510.071944444445,264.0,92.809
BOT,2530.294166666667,260.0,92.809
BOT,2544.0719444444444,248.0,92.809
BOT,2560.4830555555554,211.0,92.809
BOT,2575.5941666666668,170.0,92.809
BOT,2585.994166666667,156.0,92.809
BOT,2595.8608333333336,148.0,92.809
BOT,2608.1275000000005,138.0,92.809
BOT,2618.6275000000005,135.0,92.809
BOT,2627.4941666666673,133.0,92.809
BOT,2637.9566666666674,135.0,92.809
BOT,2644.0455555555563,137.0,92.809
BOT,2651.9900000000007,143.0,92.809
BOT,2661.790000000001,147.0,92.809
BOT,2670.4566666666674,156.0,92.809
BOT,2683.523333333334,168.0,92.809
BOT,2701.223333333334,177.0,92.809
BOT,2709.0900000000006,177.0,92.809
BOT,2721.09,135.0,92.809
BOT,2727.9233333333336,123.0,92.809
BOT,2739.223333333334,113.0,92.809
BOT,2746.356666666667,107.0,92.809
BOT,2757.9122222222227,104.0,92.809
BOT,2762.563333333334,104.0,92.809
BOT,2771.1188888888896,110.0,92.809
BOT,2779.0522222222226,119.0,92.809
BOT,2788.696666666667,124.0,92.809
BOT,2798.4300000000007,146.0,92.809
BOT,2807.041111111112,155.0,92.809
BOT,2821.7077777777786,165.0,92.809
BOT,2831.2077777777786,171.0,92.809
BOT,2843.141111111112,179.0,92.809
BOT,2859.6744444444453,186.0,92.809
BOT,2870.2300000000005,190.0,92.809
BOT,2888.4522222222226,205.0,92.809
BOT,2902.5188888888893,211.0,92.809
BOT,2921.924722222223,219.0,92.809
BOT,2931.7025000000003,220.0,92.809
BOT,2953.369166666667,195.0,92.809
BOT,2965.035833333334,175.0,92.809
BOT,2977.835833333334,144.0,92.809
BOT,2983.3025000000007,123.0,92.809
BOT,2992.2802777777783,101.0,92.809
BOT,2996.2802777777783,90.0,92.809
BOT,3002.5025000000005,80.0,92.809
BOT,3005.969166666667,78.0,92.809
BOT,3010.702500000001,71.0,92.809
BOT,3013.813611111112,70.0,92.809
BOT,3017.5358333333343,67.0,92.809
BOT,3022.002500000001,67.0,92.809
BOT,3028.9216666666675,69.0,92.809
BOT,3035.4994444444455,74.0,92.809
BOT,3039.010555555557,79.0,92.809
BOT,3043.732777777779,85.0,92.809
BOT,3047.777222222224,91.0,92.809
BOT,3053.277222222224,99.0,92.809
BOT,3059.221666666668,107.0,92.809
BOT,3064.199444444446,112.0,92.809
BOT,3072.732777777779,128.0,92.809
BOT,3083.5438888888903,139.0,92.809
BOT,3099.64388888889,161.0,92.809
BOT,3107.199444444446,170.0,92.809
BOT,3121.432777777779,183.0,92.809
BOT,3143.210555555557,196.0,92.809
BOT,3169.0627777777795,212.0,92.809
BOT,3183.6627777777794,219.0,92.809
BOT,3196.0516666666686,223.0,92.809
BOT,3208.8294444444464,230.0,92.809
BOT,3224.7627777777793,239.0,92.809
BOT,3246.451666666668,244.0,92.809
BOT,3263.1183333333347,250.0,92.809
BOT,3288.818333333336,257.0,92.809
BOT,3309.2738888888903,263.0,92.809
BOT,3335.97388888889,267.0,92.809
BOT,3348.0183333333352,271.0,92.809
BOT,3375.795277777779,277.0,92.809
BOT,3391.350833333335,280.0,92.809
BOT,3406.961944444446,281.0,92.809
BOT,3435.461944444446,285.0,92.809
BOT,3465.284166666668,244.0,92.809
BOT,3475.4175000000014,228.0,92.809
BOT,3507.4397222222237,131.0,92.809
BOT,3515.30638888889,118.0,92.809
BOT,3525.6063888888903,103.0,92.809
BOT,3529.8286111111124,95.0,92.809
BOT,3537.061944444446,93.0,92.809
BOT,3543.036944444446,90.0,92.809
BOT,3552.925833333335,89.0,92.809
BOT,3563.5925000000016,96.0,92.809
BOT,3576.7925000000014,108.0,92.809
BOT,3583.2925000000014,117.0,92.809
BOT,3599.059166666668,129.0,92.809
BOT,3610.3369444444456,145.0,92.809
BOT,3622.78138888889,160.0,92.809
BOT,3632.448055555557,174.0,92.809
BOT,3644.6480555555568,183.0,92.809
BOT,3657.5683333333345,193.0,92.809
BOT,3682.868333333335,207.0,92.809
BOT,3694.7016666666677,213.0,92.809
BOT,3711.735000000001,219.0,92.809
BOT,3734.735000000001,230.0,92.809
BOT,3750.4016666666685,235.0,92.809
BOT,3769.0683333333354,240.0,92.809
BOT,3788.2016666666686,246.0,92.809
BOT,3799.1350000000016,246.0,92.809
BOT,3812.968333333335,249.0,92.809
BOT,3835.635000000001,255.0,92.809
BOT,3852.768333333334,257.0,92.809
BOT,3878.9683333333337,262.0,92.809
BOT,3905.4944444444454,266.0,92.809
BOT,3923.3611111111118,268.0,92.809
BOT,3956.727777777778,273.0,92.809
BOT,3987.394444444445,276.0,92.809
BOT,4002.83888888889,278.0,92.809
BOT,4015.1500000000005,277.0,92.809
BOT,4027.55,279.0,92.809
BOT,4049.4833333333336,282.0,92.809
BOT,4062.061111111111,283.0,92.809
BOT,4077.7833333333338,283.0,92.809
BOT,4090.4500000000003,285.0,92.809
BOT,4119.229722222223,287.0,92.809
BOT,4138.3630555555565,287.0,92.809
BOT,4157.496388888891,287.0,92.809
BOT,4176.69638888889,288.0,92.809
BOT,4200.163055555558,264.0,92.809
BOT,4220.063055555557,199.0,92.809
BOT,4233.440833333335,172.0,92.809
BOT,4248.551944444445,136.0,92.809
BOT,4277.885277777779,110.0,92.809
BOT,4282.551944444446,105.0,92.809
BOT,4291.974166666669,106.0,92.809
BOT,4299.307500000003,110.0,92.809
BOT,4312.829166666669,122.0,92.809
BOT,4320.329166666669,135.0,92.809
BOT,4326.506944444447,139.0,92.809
BOT,4339.129166666669,142.0,92.809
BOT,4353.629166666669,145.0,92.809
BOT,4361.962500000002,150.0,92.809
BOT,4370.573611111114,155.0,92.809
BOT,4377.462500000002,155.0,92.809
BOT,4386.573611111114,164.0,92.809
BOT,4394.173611111113,171.0,92.809
BOT,4406.04027777778,178.0,92.809
BOT,4432.495277777781,198.0,92.809
BOT,4450.89527777778,207.0,92.809
BOT,4462.673055555559,212.0,92.809
BOT,4472.317500000003,217.0,92.809
BOT,4482.095277777781,220.0,92.809
BOT,4507.5397222222255,229.0,92.809
BOT,4517.939722222225,234.0,92.809
BOT,4531.161944444448,238.0,92.809
BOT,4541.873055555559,241.0,92.809
BOT,4555.428611111114,244.0,92.809
BOT,4569.095277777781,246.0,92.809
BOT,4587.217500000003,233.0,92.809
BOT,4601.884166666669,220.0,92.809
BOT,4620.28416666667,207.0,92.809
BOT,4635.761944444448,199.0,92.809
BOT,4653.450833333337,199.0,92.809
BOT,4662.3283333333375,201.0,92.809
BOT,4678.428333333338,207.0,92.809
BOT,4699.8283333333375,214.0,92.809
BOT,4714.428333333337,219.0,92.809
BOT,4731.695000000003,222.0,92.809
BOT,4754.595000000003,229.0,92.809
BOT,4773.183888888892,239.0,92.809
BOT,4800.406111111115,245.0,92.809
BOT,4831.521111111114,254.0,92.809
BOT,4842.987777777781,258.0,92.809
BOT,4863.521111111115,264.0,92.809
PIA,13.86,264.0,92.902
PIA,34.93777777777777,271.0,92.902
PIA,62.53777777777777,276.0,92.902
PIA,78.03777777777776,279.0,92.902
PIA,96.90444444444444,283.0,92.902
PIA,112.79333333333334,286.0,92.902
PIA,125.54888888888888,287.0,92.902
PIA,138.39333333333332,289.0,92.902
PIA,157.72666666666666,290.0,92.902
PIA,177.24499999999998,294.0,92.902
PIA,213.66722222222222,298.0,92.902
PIA,240.1561111111111,298.0,92.902
PIA,263.645,302.0,92.902
PIA,294.045,304.0,92.902
PIA,317.68944444444446,304.0,92.902
PIA,345.74194444444447,229.0,92.902
PIA,360.9863888888889,196.0,92.902
PIA,374.9086111111111,179.0,92.902
PIA,384.1308333333333,166.0,92.902
PIA,391.01972222222224,155.0,92.902
PIA,397.5975,148.0,92.902
PIA,408.7975,144.0,92.902
PIA,425.4197222222223,136.0,92.902
PIA,431.5530555555556,138.0,92.902
PIA,437.7308333333334,139.0,92.902
PIA,447.3308333333334,144.0,92.902
PIA,453.9530555555556,149.0,92.902
PIA,469.65305555555557,157.0,92.902
PIA,476.6752777777778,158.0,92.902
PIA,483.60861111111114,156.0,92.902
PIA,490.6308333333333,158.0,92.902
PIA,500.43083333333334,147.0,92.902
PIA,510.30861111111113,127.0,92.902
PIA,515.7308333333334,122.0,92.902
PIA,525.5975000000001,111.0,92.902
PIA,536.4591666666668,98.0,92.902
PIA,543.6147222222223,92.0,92.902
PIA,551.3480555555557,87.0,92.902
PIA,555.1258333333335,85.0,92.902
PIA,559.9591666666669,87.0,92.902
PIA,568.0480555555557,91.0,92.902
PIA,579.4097222222224,102.0,92.902
PIA,584.1208333333335,106.0,92.902
PIA,591.9208333333335,117.0,92.902
PIA,598.6986111111113,122.0,92.902
PIA,606.2541666666668,136.0,92.902
PIA,625.9319444444446,161.0,92.902
PIA,645.8208333333334,179.0,92.902
PIA,662.7986111111112,191.0,92.902
PIA,680.6652777777779,201.0,92.902
PIA,696.9986111111111,210.0,92.902
PIA,716.3763888888889,218.0,92.902
PIA,726.3319444444444,224.0,92.902
PIA,741.5319444444444,228.0,92.902
PIA,767.7541666666667,236.0,92.902
PIA,797.3319444444445,242.0,92.902
PIA,819.5541666666668,250.0,92.902
PIA,842.0430555555557,253.0,92.902
PIA,858.9058333333335,254.0,92.902
PIA,917.4613888888891,170.0,92.902
PIA,930.4186111111113,166.0,92.902
PIA,940.8852777777779,157.0,92.902
PIA,954.4852777777779,153.0,92.902
PIA,964.5519444444446,151.0,92.902
PIA,976.3741666666667,152.0,92.902
PIA,983.2630555555556,155.0,92.902
PIA,991.9297222222224,156.0,92.902
PIA,1006.596388888889,165.0,92.902
PIA,1022.7741666666666,182.0,92.902
PIA,1035.6408333333334,193.0,92.902
PIA,1050.9630555555557,197.0,92.902
PIA,1067.1408333333334,208.0,92.902
PIA,1094.885277777778,227.0,92.902
PIA,1105.1075,230.0,92.902
PIA,1126.2630555555556,238.0,92.902
PIA,1142.6630555555555,246.0,92.902
PIA,1162.2630555555556,252.0,92.902
PIA,1182.2519444444447,257.0,92.902
PIA,1196.7519444444447,261.0,92.902
PIA,1226.4552777777778,268.0,92.902
PIA,1238.5441666666668,272.0,92.902
PIA,1250.766388888889,275.0,92.902
PIA,1266.2108333333335,278.0,92.902
PIA,1284.9441666666667,281.0,92.902
PIA,1307.0330555555556,284.0,92.902
PIA,1326.246111111111,287.0,92.902
PIA,1339.0905555555555,289.0,92.902
PIA,1361.7238888888887,291.0,92.902
PIA,1378.0016666666668,293.0,92.902
PIA,1404.312777777778,296.0,92.902
PIA,1430.712777777778,297.0,92.902
PIA,1460.712777777778,300.0,92.902
PIA,1484.2016666666666,302.0,92.902
PIA,1511.223888888889,304.0,92.902
PIA,1548.7461111111113,307.0,92.902
PIA,1562.3905555555557,307.0,92.902
PIA,1586.4238888888892,309.0,92.902
PIA,1620.8683333333336,310.0,92.902
PIA,1655.0905555555557,308.0,92.902
PIA,1672.890555555556,267.0,92.902
PIA,1692.7127777777782,223.0,92.902
PIA,1701.6016666666671,200.0,92.902
PIA,1709.9572222222228,188.0,92.902
PIA,1720.6238888888893,160.0,92.902
PIA,1731.8613888888892,145.0,92.902
PIA,1737.9058333333337,136.0,92.902
PIA,1747.7836111111114,127.0,92.902
PIA,1758.539166666667,121.0,92.902
PIA,1767.6391666666668,117.0,92.902
PIA,1776.3033333333335,111.0,92.902
PIA,1787.7033333333336,114.0,92.902
PIA,1803.347777777778,128.0,92.902
PIA,1813.3033333333335,128.0,92.902
PIA,1825.2811111111114,154.0,92.902
PIA,1834.3922222222227,164.0,92.902
PIA,1859.0588888888892,185.0,92.902
PIA,1880.8366666666668,196.0,92.902
PIA,1892.0033333333336,201.0,92.902
PIA,1901.07,204.0,92.902
PIA,1914.67,204.0,92.902
PIA,1924.3922222222225,175.0,92.902
PIA,1939.6144444444446,137.0,92.902
PIA,1944.9922222222224,121.0,92.902
PIA,1953.6255555555558,111.0,92.902
PIA,1959.236666666667,101.0,92.902
PIA,1963.458888888889,95.0,92.902
PIA,1969.3255555555559,88.0,92.902
PIA,1973.0588888888892,84.0,92.902
PIA,1982.6388888888891,72.0,92.902
PIA,1986.527777777778,70.0,92.902
PIA,1995.938888888889,77.0,92.902
PIA,2003.4944444444448,85.0,92.902
PIA,2011.9652777777783,95.0,92.902
PIA,2019.8986111111114,102.0,92.902
PIA,2027.5652777777782,115.0,92.902
PIA,2035.431944444445,118.0,92.902
PIA,2041.2986111111115,132.0,92.902
PIA,2054.0097222222225,143.0,92.902
PIA,2070.8097222222227,168.0,92.902
PIA,2084.5763888888896,177.0,92.902
PIA,2103.6763888888895,191.0,92.902
PIA,2122.4541666666673,169.0,92.902
PIA,2134.2763888888894,152.0,92.902
PIA,2147.7875000000004,152.0,92.902
PIA,2153.8763888888893,137.0,92.902
PIA,2162.943055555556,136.0,92.902
PIA,2170.165277777778,130.0,92.902
PIA,2178.631944444445,127.0,92.902
PIA,2193.2986111111113,132.0,92.902
PIA,2199.254166666667,134.0,92.902
PIA,2208.3875000000003,137.0,92.902
PIA,2214.831944444445,145.0,92.902
PIA,2227.198611111112,159.0,92.902
PIA,2240.528611111112,172.0,92.902
PIA,2250.5841666666674,181.0,92.902
PIA,2261.028611111112,188.0,92.902
PIA,2285.896111111112,203.0,92.902
PIA,2295.185000000001,209.0,92.902
PIA,2324.5183333333343,220.0,92.902
PIA,2342.0961111111124,226.0,92.902
PIA,2360.2183333333346,233.0,92.902
PIA,2373.496111111112,239.0,92.902
PIA,2398.096111111112,246.0,92.902
PIA,2420.407222222223,251.0,92.902
PIA,2445.907222222223,255.0,92.902
PIA,2463.1072222222233,258.0,92.902
PIA,2480.5072222222234,261.0,92.902
PIA,2501.0405555555567,264.0,92.902
PIA,2515.707222222223,264.0,92.902
PIA,2537.1294444444457,241.0,92.902
PIA,2548.962777777779,213.0,92.902
PIA,2568.2961111111126,174.0,92.902
PIA,2585.0738888888905,151.0,92.902
PIA,2591.4738888888905,144.0,92.902
PIA,2600.87388888889,141.0,92.902
PIA,2611.37388888889,135.0,92.902
PIA,2626.4472222222234,136.0,92.902
PIA,2640.7472222222236,143.0,92.902
PIA,2647.2361111111127,146.0,92.902
PIA,2653.9472222222234,151.0,92.902
PIA,2670.1922222222233,162.0,92.902
PIA,2677.7033333333347,169.0,92.902
PIA,2697.036666666668,174.0,92.902
PIA,2717.9700000000016,157.0,92.902
PIA,2731.0811111111125,118.0,92.902
PIA,2738.814444444446,116.0,92.902
PIA,2749.814444444446,110.0,92.902
PIA,2759.414444444446,108.0,92.902
PIA,2766.8144444444456,111.0,92.902
PIA,2774.747777777779,119.0,92.902
PIA,2785.1700000000014,134.0,92.902
PIA,2802.503333333335,156.0,92.902
PIA,2823.525555555557,172.0,92.902
PIA,2831.3477777777794,176.0,92.902
PIA,2839.3033333333346,179.0,92.902
PIA,2851.7033333333347,186.0,92.902
PIA,2860.103333333335,189.0,92.902
PIA,2868.6811111111124,193.0,92.902
PIA,2884.0811111111125,198.0,92.902
PIA,2902.3922222222236,206.0,92.902
PIA,2913.8900000000012,208.0,92.902
PIA,2925.6122222222234,211.0,92.902
PIA,2939.012222222223,201.0,92.902
PIA,2954.7947222222233,177.0,92.902
PIA,2961.86138888889,159.0,92.902
PIA,2969.9169444444456,145.0,92.902
PIA,2984.0947222222235,116.0,92.902
PIA,2988.8058333333347,106.0,92.902
PIA,3008.2280555555567,76.0,92.902
PIA,3012.2280555555567,72.0,92.902
PIA,3015.2058333333343,67.0,92.902
PIA,3019.539166666668,65.0,92.902
PIA,3027.972500000001,69.0,92.902
PIA,3031.128055555557,71.0,92.902
PIA,3042.7280555555567,87.0,92.902
PIA,3047.950277777779,94.0,92.902
PIA,3052.26138888889,97.0,92.902
PIA,3058.3725000000013,110.0,92.902
PIA,3066.3058333333347,119.0,92.902
PIA,3080.205833333335,139.0,92.902
PIA,3090.205833333335,150.0,92.902
PIA,3100.8725000000013,160.0,92.902
PIA,3112.5391666666683,175.0,92.902
PIA,3127.083611111113,187.0,92.902
PIA,3146.928333333335,199.0,92.902
PIA,3160.9283333333346,210.0,92.902
PIA,3177.86638888889,217.0,92.902
PIA,3195.444166666668,226.0,92.902
PIA,3208.2775000000015,231.0,92.902
PIA,3226.86638888889,239.0,92.902
PIA,3243.1330555555573,244.0,92.902
PIA,3254.199722222224,249.0,92.902
PIA,3273.877500000002,253.0,92.902
PIA,3296.9886111111123,260.0,92.902
PIA,3326.6552777777792,267.0,92.902
PIA,3350.8330555555567,272.0,92.902
PIA,3366.1108333333345,275.0,92.902
PIA,3390.910833333335,279.0,92.902
PIA,3419.2108333333354,283.0,92.902
PIA,3438.2775000000015,286.0,92.902
PIA,3455.8108333333344,263.0,92.902
PIA,3468.9219444444457,236.0,92.902
PIA,3488.721944444446,198.0,92.902
PIA,3498.610833333335,178.0,92.902
PIA,3513.010833333335,144.0,92.902
PIA,3522.7330555555573,125.0,92.902
PIA,3532.599722222224,111.0,92.902
PIA,3538.3775000000014,104.0,92.902
PIA,3543.8219444444458,98.0,92.902
PIA,3548.0177777777794,95.0,92.902
PIA,3554.2177777777792,93.0,92.902
PIA,3558.3322222222237,92.0,92.902
PIA,3563.276666666668,89.0,92.902
PIA,3569.3433333333346,91.0,92.902
PIA,3575.676666666668,95.0,92.902
PIA,3582.5433333333344,103.0,92.902
PIA,3596.9655555555564,118.0,92.902
PIA,3614.6877777777786,145.0,92.902
PIA,3663.487777777779,183.0,92.902
PIA,3685.9322222222227,202.0,92.902
PIA,3697.4877777777783,208.0,92.902
PIA,3706.865555555556,211.0,92.902
PIA,3721.5322222222235,220.0,92.902
PIA,3739.187777777779,227.0,92.902
PIA,3749.4988888888897,232.0,92.902
PIA,3781.3655555555565,239.0,92.902
PIA,3794.8100000000004,242.0,92.902
PIA,3805.6544444444457,244.0,92.902
PIA,3830.8544444444456,252.0,92.902
PIA,3842.1433333333343,254.0,92.902
PIA,3856.365555555557,256.0,92.902
PIA,3882.565555555557,262.0,92.902
PIA,3900.0922222222225,264.0,92.902
PIA,3921.011111111112,268.0,92.902
PIA,3945.1000000000004,271.0,92.902
PIA,3972.6000000000004,275.0,92.902
PIA,3984.8666666666677,276.0,92.902
PIA,4006.48888888889,278.0,92.902
PIA,4021.988888888889,279.0,92.902
PIA,4050.188888888889,282.0,92.902
PIA,4068.9888888888895,282.0,92.902
PIA,4100.655555555555,285.0,92.902
PIA,4113.322222222223,285.0,92.902
PIA,4135.5666666666675,286.0,92.902
PIA,4164.166666666668,286.0,92.902
PIA,4176.833333333334,285.0,92.902
PIA,4201.722222222223,280.0,92.902
PIA,4225.944444444445,218.0,92.902
PIA,4238.811111111112,193.0,92.902
PIA,4251.411111111112,162.0,92.902
PIA,4258.255555555556,154.0,92.902
PIA,4267.255555555556,135.0,92.902
PIA,4275.655555555556,126.0,92.902
PIA,4285.966666666667,116.0,92.902
PIA,4294.677777777778,112.0,92.902
PIA,4299.655555555556,112.0,92.902
PIA,4306.855555555556,108.0,92.902
PIA,4315.488888888889,111.0,92.902
PIA,4323.422222222222,119.0,92.902
PIA,4331.755555555556,125.0,92.902
PIA,4343.222222222223,129.0,92.902
PIA,4353.644444444445,134.0,92.902
PIA,4361.144444444445,135.0,92.902
PIA,4378.7444444444445,144.0,92.902
PIA,4388.877777777779,152.0,92.902
PIA,4405.5777777777785,167.0,92.902
PIA,4417.177777777778,174.0,92.902
PIA,4431.566666666667,185.0,92.902
PIA,4439.966666666666,189.0,92.902
PIA,4458.011111111111,203.0,92.902
PIA,4471.944444444444,209.0,92.902
PIA,4486.277777777777,215.0,92.902
PIA,4503.7,224.0,92.902
PIA,4519.033333333334,230.0,92.902
PIA,4532.0888888888885,235.0,92.902
PIA,4553.422222222222,240.0,92.902
PIA,4564.177777777778,242.0,92.902
PIA,4575.066666666667,245.0,92.902
PIA,4588.788888888889,247.0,92.902
PIA,4606.833333333334,232.0,92.902
PIA,4623.711111111112,217.0,92.902
PIA,4642.466666666667,211.0,92.902
PIA,4654.133333333334,210.0,92.902
PIA,4677.355555555557,209.0,92.902
PIA,4686.7333333333345,211.0,92.902
PIA,4703.455555555557,215.0,92.902
PIA,4713.366666666668,223.0,92.902
PIA,4725.922222222223,226.0,92.902
PIA,4741.122222222223,228.0,92.902
PIA,4770.211111111113,238.0,92.902
PIA,4783.655555555556,242.0,92.902
PIA,4797.266666666667,245.0,92.902
PIA,4808.2444444444445,247.0,92.902
PIA,4839.533333333335,256.0,92.902
PIA,4850.911111111112,256.0,92.902
PIA,4862.511111111112,261.0,92.902
PIA,4883.200000000001,266.0,92.902
SAR,2.183333333333333,262.0,93.252
SAR,32.18333333333333,270.0,93.252
SAR,68.85,275.0,93.252
SAR,97.25,284.0,93.252
SAR,116.31666666666666,286.0,93.252
SAR,132.3722222222222,289.0,93.252
SAR,145.30555555555554,291.0,93.252
SAR,214.98916666666665,299.0,93.252
SAR,231.6558333333333,300.0,93.252
SAR,245.0336111111111,301.0,93.252
SAR,271.96694444444444,303.0,93.252
SAR,299.0780555555556,305.0,93.252
SAR,315.96694444444444,304.0,93.252
SAR,339.2558333333333,262.0,93.252
SAR,350.18916666666667,246.0,93.252
SAR,365.04472222222216,191.0,93.252
SAR,381.3447222222222,163.0,93.252
SAR,392.7780555555555,147.0,93.252
SAR,406.4780555555555,137.0,93.252
SAR,415.54472222222216,136.0,93.252
SAR,425.8891666666666,133.0,93.252
SAR,436.54472222222216,137.0,93.252
SAR,449.38472222222214,144.0,93.252
SAR,461.51805555555546,156.0,93.252
SAR,470.4069444444443,160.0,93.252
SAR,482.92916666666656,161.0,93.252
SAR,498.70694444444433,142.0,93.252
SAR,509.55138888888877,122.0,93.252
SAR,514.7958333333332,118.0,93.252
SAR,525.2666666666665,105.0,93.252
SAR,534.2444444444443,101.0,93.252
SAR,538.511111111111,96.0,93.252
SAR,544.6444444444443,92.0,93.252
SAR,548.6888888888888,91.0,93.252
SAR,556.4222222222221,87.0,93.252
SAR,565.622222222222,92.0,93.252
SAR,577.9666666666665,101.0,93.252
SAR,582.7666666666664,108.0,93.252
SAR,589.0999999999997,114.0,93.252
SAR,595.8777777777775,122.0,93.252
SAR,601.2999999999997,122.0,93.252
SAR,610.6999999999997,141.0,93.252
SAR,620.4999999999997,147.0,93.252
SAR,627.6555555555551,161.0,93.252
SAR,644.7555555555551,171.0,93.252
SAR,652.8888888888885,183.0,93.252
SAR,671.5888888888884,187.0,93.252
SAR,692.4466666666663,208.0,93.252
SAR,704.1133333333329,210.0,93.252
SAR,723.7577777777774,221.0,93.252
SAR,744.113333333333,229.0,93.252
SAR,765.1799999999997,237.0,93.252
SAR,778.5688888888885,241.0,93.252
SAR,789.3688888888885,243.0,93.252
SAR,808.5799999999996,247.0,93.252
SAR,819.6911111111107,250.0,93.252
SAR,830.7769444444441,251.0,93.252
SAR,853.3547222222219,254.0,93.252
SAR,872.1769444444442,242.0,93.252
SAR,890.576944444444,207.0,93.252
SAR,900.9658333333331,187.0,93.252
SAR,912.565833333333,174.0,93.252
SAR,929.8991666666662,156.0,93.252
SAR,945.2991666666663,154.0,93.252
SAR,965.0324999999997,148.0,93.252
SAR,976.8547222222218,152.0,93.252
SAR,987.4547222222219,159.0,93.252
SAR,1002.7436111111108,172.0,93.252
SAR,1010.7436111111108,180.0,93.252
SAR,1025.5991666666662,191.0,93.252
SAR,1044.999166666666,194.0,93.252
SAR,1070.9691666666663,212.0,93.252
SAR,1080.7024999999996,219.0,93.252
SAR,1090.524722222222,221.0,93.252
SAR,1102.8024999999998,221.0,93.252
SAR,1123.0691666666664,228.0,93.252
SAR,1136.1802777777775,236.0,93.252
SAR,1155.0802777777776,243.0,93.252
SAR,1181.1802777777775,261.0,93.252
SAR,1204.839444444444,267.0,93.252
SAR,1222.9061111111107,271.0,93.252
SAR,1260.1061111111107,279.0,93.252
SAR,1291.6616666666664,284.0,93.252
SAR,1314.0616666666663,288.0,93.252
SAR,1333.4616666666664,291.0,93.252
SAR,1359.6838888888885,295.0,93.252
SAR,1382.861666666666,298.0,93.252
SAR,1402.8616666666662,300.0,93.252
SAR,1422.9283333333328,301.0,93.252
SAR,1443.128333333333,303.0,93.252
SAR,1477.0172222222218,305.0,93.252
SAR,1500.7394444444442,305.0,93.252
SAR,1524.6172222222222,307.0,93.252
SAR,1552.169722222222,309.0,93.252
SAR,1572.769722222222,309.0,93.252
SAR,1593.569722222222,312.0,93.252
SAR,1614.369722222222,312.0,93.252
SAR,1642.1919444444443,313.0,93.252
SAR,1659.636388888889,314.0,93.252
SAR,1687.7475000000002,253.0,93.252
SAR,1699.9141666666667,219.0,93.252
SAR,1718.3586111111113,166.0,93.252
SAR,1728.0252777777778,145.0,93.252
SAR,1742.2119444444445,128.0,93.252
SAR,1756.3897222222222,116.0,93.252
SAR,1770.078611111111,112.0,93.252
SAR,1776.3008333333332,112.0,93.252
SAR,1783.9675,115.0,93.252
SAR,1793.5341666666666,123.0,93.252
SAR,1803.6452777777777,130.0,93.252
SAR,1811.089722222222,134.0,93.252
SAR,1823.0674999999999,154.0,93.252
SAR,1839.8675,168.0,93.252
SAR,1847.6897222222221,176.0,93.252
SAR,1859.956388888889,184.0,93.252
SAR,1879.656388888889,197.0,93.252
SAR,1904.7688888888888,205.0,93.252
SAR,1919.2577777777776,163.0,93.252
SAR,1930.991111111111,132.0,93.252
SAR,1936.8577777777778,132.0,93.252
SAR,1941.791111111111,111.0,93.252
SAR,1949.491111111111,99.0,93.252
SAR,1954.6577777777777,93.0,93.252
SAR,1961.4244444444444,87.0,93.252
SAR,1967.0244444444443,84.0,93.252
SAR,1973.8688888888887,77.0,93.252
SAR,1977.1813888888887,75.0,93.252
SAR,1980.4702777777777,74.0,93.252
SAR,1985.6702777777778,78.0,93.252
SAR,1991.0702777777776,81.0,93.252
SAR,1997.003611111111,89.0,93.252
SAR,2004.3147222222221,94.0,93.252
SAR,2013.8258333333333,107.0,93.252
SAR,2024.3147222222221,118.0,93.252
SAR,2032.7813888888888,127.0,93.252
SAR,2045.403611111111,142.0,93.252
SAR,2059.625833333333,160.0,93.252
SAR,2072.848055555555,170.0,93.252
SAR,2080.7591666666667,178.0,93.252
SAR,2097.470277777778,188.0,93.252
SAR,2139.208888888889,139.0,93.252
SAR,2151.031111111111,133.0,93.252
SAR,2162.2311111111107,126.0,93.252
SAR,2173.342222222222,125.0,93.252
SAR,2184.8977777777777,130.0,93.252
SAR,2190.7644444444445,132.0,93.252
SAR,2200.164444444444,141.0,93.252
SAR,2208.3866666666663,148.0,93.252
SAR,2220.9088888888887,161.0,93.252
SAR,2232.2613888888886,171.0,93.252
SAR,2251.061388888889,188.0,93.252
SAR,2263.994722222222,194.0,93.252
SAR,2275.2169444444444,202.0,93.252
SAR,2284.3280555555552,205.0,93.252
SAR,2296.2169444444444,214.0,93.252
SAR,2313.2502777777777,219.0,93.252
SAR,2325.5836111111107,222.0,93.252
SAR,2340.383611111111,222.0,93.252
SAR,2355.183611111111,222.0,93.252
SAR,2371.2502777777772,241.0,93.252
SAR,2390.4613888888885,247.0,93.252
SAR,2418.5724999999993,253.0,93.252
SAR,2450.5449999999996,261.0,93.252
SAR,2476.9449999999997,264.0,93.252
SAR,2491.7227777777775,266.0,93.252
SAR,2506.5561111111106,267.0,93.252
SAR,2525.611666666666,245.0,93.252
SAR,2535.3005555555555,218.0,93.252
SAR,2549.4561111111107,182.0,93.252
SAR,2565.6561111111105,162.0,93.252
SAR,2577.400555555555,151.0,93.252
SAR,2588.5227777777773,143.0,93.252
SAR,2594.8338888888884,142.0,93.252
SAR,2606.9227777777774,136.0,93.252
SAR,2612.8783333333326,134.0,93.252
SAR,2620.1749999999993,132.0,93.252
SAR,2628.774999999999,129.0,93.252
SAR,2641.474999999999,127.0,93.252
SAR,2648.5305555555547,127.0,93.252
SAR,2654.4416666666657,133.0,93.252
SAR,2665.4861111111104,142.0,93.252
SAR,2682.819444444444,156.0,93.252
SAR,2703.219444444444,153.0,93.252
SAR,2718.2527777777773,123.0,93.252
SAR,2728.2972222222215,113.0,93.252
SAR,2736.541666666666,106.0,93.252
SAR,2741.2972222222215,107.0,93.252
SAR,2748.594166666666,109.0,93.252
SAR,2761.705277777777,118.0,93.252
SAR,2771.816388888888,130.0,93.252
SAR,2779.6497222222215,141.0,93.252
SAR,2791.4719444444436,152.0,93.252
SAR,2806.0497222222216,164.0,93.252
SAR,2817.249722222222,168.0,93.252
SAR,2828.716388888888,172.0,93.252
SAR,2844.53861111111,178.0,93.252
SAR,2859.1608333333324,188.0,93.252
SAR,2872.294166666666,197.0,93.252
SAR,2888.336666666666,207.0,93.252
SAR,2897.6699999999996,210.0,93.252
SAR,2909.5033333333326,213.0,93.252
SAR,2923.436666666666,209.0,93.252
SAR,2934.103333333333,192.0,93.252
SAR,2947.792222222222,176.0,93.252
SAR,2961.592222222222,138.0,93.252
SAR,2966.97,121.0,93.252
SAR,2976.1255555555554,103.0,93.252
SAR,2981.292222222222,93.0,93.252
SAR,2989.392222222222,81.0,93.252
SAR,2994.392222222222,75.0,93.252
SAR,3002.1699999999996,70.0,93.252
SAR,3005.2558333333327,69.0,93.252
SAR,3010.466944444444,67.0,93.252
SAR,3015.1336111111104,70.0,93.252
SAR,3020.889166666666,74.0,93.252
SAR,3026.3558333333326,82.0,93.252
SAR,3031.2447222222213,88.0,93.252
SAR,3039.7780555555546,96.0,93.252
SAR,3045.722499999999,107.0,93.252
SAR,3053.455833333332,116.0,93.252
SAR,3065.63361111111,137.0,93.252
SAR,3073.855833333332,148.0,93.252
SAR,3088.344722222221,163.0,93.252
SAR,3099.8780555555545,173.0,93.252
SAR,3116.359722222221,186.0,93.252
SAR,3124.9819444444433,194.0,93.252
SAR,3148.2041666666655,209.0,93.252
SAR,3162.537499999999,215.0,93.252
SAR,3182.537499999999,225.0,93.252
SAR,3192.8041666666654,231.0,93.252
SAR,3214.04861111111,239.0,93.252
SAR,3224.8930555555544,244.0,93.252
SAR,3244.4152777777767,251.0,93.252
SAR,3255.659722222221,253.0,93.252
SAR,3272.926388888888,259.0,93.252
SAR,3284.5708333333323,262.0,93.252
SAR,3299.293055555555,265.0,93.252
SAR,3317.226388888888,269.0,93.252
SAR,3344.802777777777,275.0,93.252
SAR,3369.6027777777763,279.0,93.252
SAR,3382.0027777777773,279.0,93.252
SAR,3397.7249999999985,283.0,93.252
SAR,3410.4361111111107,286.0,93.252
SAR,3426.4361111111098,288.0,93.252
SAR,3442.2694444444433,285.0,93.252
SAR,3453.602777777777,255.0,93.252
SAR,3467.6694444444433,211.0,93.252
SAR,3481.047222222221,172.0,93.252
SAR,3494.8472222222213,138.0,93.252
SAR,3500.447222222221,126.0,93.252
SAR,3509.1583333333324,112.0,93.252
SAR,3520.491666666666,102.0,93.252
SAR,3531.9544444444437,94.0,93.252
SAR,3538.0211111111103,91.0,93.252
SAR,3543.076666666666,91.0,93.252
SAR,3548.1877777777772,92.0,93.252
SAR,3554.654444444444,97.0,93.252
SAR,3563.721111111111,102.0,93.252
SAR,3570.6544444444444,104.0,93.252
SAR,3582.9544444444446,123.0,93.252
SAR,3593.61,137.0,93.252
SAR,3608.51,149.0,93.252
SAR,3615.7544444444443,163.0,93.252
SAR,3633.5036111111112,177.0,93.252
SAR,3643.3369444444447,177.0,93.252
SAR,3654.225833333334,196.0,93.252
SAR,3674.825833333334,206.0,93.252
SAR,3701.8369444444447,221.0,93.252
SAR,3711.659166666667,221.0,93.252
SAR,3771.0591666666674,243.0,93.252
SAR,3787.459166666667,246.0,93.252
SAR,3812.759166666667,253.0,93.252
SAR,3824.048055555556,254.0,93.252
SAR,3844.1925000000006,259.0,93.252
SAR,3861.520000000001,261.0,93.252
SAR,3891.297777777778,268.0,93.252
SAR,3921.5200000000004,272.0,93.252
SAR,3955.375555555556,277.0,93.252
SAR,3970.875555555556,279.0,93.252
SAR,4005.4644444444443,283.0,93.252
SAR,4027.5533333333333,284.0,93.252
SAR,4049.875555555556,287.0,93.252
SAR,4065.8200000000006,287.0,93.252
SAR,4085.0200000000004,288.0,93.252
SAR,4104.43388888889,290.0,93.252
SAR,4139.878333333334,290.0,93.252
SAR,4156.045000000001,291.0,93.252
SAR,4178.600555555557,290.0,93.252
SAR,4201.200555555557,226.0,93.252
SAR,4215.267222222224,211.0,93.252
SAR,4228.022777777779,164.0,93.252
SAR,4238.911666666668,140.0,93.252
SAR,4245.13388888889,140.0,93.252
SAR,4252.245000000001,128.0,93.252
SAR,4262.73388888889,118.0,93.252
SAR,4270.400555555556,115.0,93.252
SAR,4281.300555555556,109.0,93.252
SAR,4292.469444444445,112.0,93.252
SAR,4300.402777777778,119.0,93.252
SAR,4316.5361111111115,132.0,93.252
SAR,4331.425,134.0,93.252
SAR,4338.813888888889,133.0,93.252
SAR,4344.813888888889,135.0,93.252
SAR,4350.858333333334,136.0,93.252
SAR,4361.902777777778,142.0,93.252
SAR,4368.347222222223,145.0,93.252
SAR,4376.51388888889,147.0,93.252
SAR,4383.047222222222,147.0,93.252
SAR,4399.89388888889,168.0,93.252
SAR,4411.827222222223,179.0,93.252
SAR,4424.4272222222235,189.0,93.252
SAR,4437.227222222223,192.0,93.252
SAR,4455.538333333334,206.0,93.252
SAR,4477.338333333334,218.0,93.252
SAR,4494.916111111112,226.0,93.252
SAR,4520.916111111112,234.0,93.252
SAR,4584.649444444444,239.0,93.252
SAR,4594.516111111112,222.0,93.252
SAR,4612.916111111112,207.0,93.252
SAR,4626.382777777779,202.0,93.252
SAR,4648.216944444444,197.0,93.252
SAR,4659.161388888889,197.0,93.252
SAR,4668.094722222222,201.0,93.252
SAR,4686.405833333333,206.0,93.252
SAR,4708.205833333333,218.0,93.252
SAR,4720.483611111112,221.0,93.252
SAR,4732.76138888889,221.0,93.252
SAR,4742.583611111112,221.0,93.252
SAR,4755.416944444446,231.0,93.252
SAR,4765.905833333335,236.0,93.252
SAR,4781.639166666668,236.0,93.252
SAR,4814.774722222224,248.0,93.252
SAR,4837.174722222224,252.0,93.252
SAR,4851.508055555558,258.0,93.252
SAR,4863.108055555557,261.0,93.252
ZHO,8.423333333333334,266.0,93.258
ZHO,35.72333333333333,273.0,93.258
ZHO,69.77833333333334,278.0,93.258
ZHO,82.31166666666667,282.0,93.258
ZHO,94.84500000000001,282.0,93.258
ZHO,110.62277777777778,284.0,93.258
ZHO,136.40055555555554,290.0,93.258
ZHO,152.51166666666666,290.0,93.258
ZHO,175.3783333333333,294.0,93.258
ZHO,205.07833333333332,297.0,93.258
ZHO,231.57305555555553,299.0,93.258
ZHO,251.70638888888885,302.0,93.258
ZHO,292.2397222222222,304.0,93.258
ZHO,322.79527777777776,275.0,93.258
ZHO,340.68416666666667,230.0,93.258
ZHO,353.6175,194.0,93.258
ZHO,368.46194444444444,167.0,93.258
ZHO,380.2063888888889,151.0,93.258
ZHO,389.8730555555556,145.0,93.258
ZHO,399.2063888888889,140.0,93.258
ZHO,408.2063888888889,135.0,93.258
ZHO,422.8730555555556,132.0,93.258
ZHO,433.52861111111116,137.0,93.258
ZHO,444.65083333333337,143.0,93.258
ZHO,458.5608333333334,156.0,93.258
ZHO,469.36083333333335,162.0,93.258
ZHO,480.36083333333335,165.0,93.258
ZHO,491.36083333333335,165.0,93.258
ZHO,504.07194444444445,143.0,93.258
ZHO,511.1275,127.0,93.258
ZHO,523.0163888888889,107.0,93.258
ZHO,528.6274999999999,101.0,93.258
ZHO,538.9608333333333,93.0,93.258
ZHO,544.9608333333333,90.0,93.258
ZHO,554.6033333333334,87.0,93.258
ZHO,566.3366666666667,96.0,93.258
ZHO,579.5366666666666,108.0,93.258
ZHO,585.87,114.0,93.258
ZHO,593.6033333333332,116.0,93.258
ZHO,603.7144444444444,130.0,93.258
ZHO,615.0699999999999,146.0,93.258
ZHO,623.4588888888889,151.0,93.258
ZHO,636.7588888888888,171.0,93.258
ZHO,654.9588888888887,182.0,93.258
ZHO,663.0477777777776,182.0,93.258
ZHO,676.381111111111,200.0,93.258
ZHO,697.1811111111109,208.0,93.258
ZHO,724.4986111111109,223.0,93.258
ZHO,744.6763888888887,227.0,93.258
ZHO,765.4763888888888,234.0,93.258
ZHO,776.1430555555554,240.0,93.258
ZHO,786.8097222222219,240.0,93.258
ZHO,805.7874999999998,244.0,93.258
ZHO,819.6763888888886,250.0,93.258
ZHO,839.3541666666664,253.0,93.258
ZHO,856.3541666666663,255.0,93.258
ZHO,877.2430555555552,235.0,93.258
ZHO,886.5180555555552,210.0,93.258
ZHO,895.0513888888885,192.0,93.258
ZHO,906.9180555555553,178.0,93.258
ZHO,918.5180555555552,174.0,93.258
ZHO,929.4513888888886,164.0,93.258
ZHO,941.8180555555551,159.0,93.258
ZHO,955.6847222222218,156.0,93.258
ZHO,969.6402777777773,157.0,93.258
ZHO,980.3069444444441,160.0,93.258
ZHO,995.3291666666663,169.0,93.258
ZHO,1011.0624999999997,177.0,93.258
ZHO,1025.7624999999996,189.0,93.258
ZHO,1034.1624999999997,189.0,93.258
ZHO,1052.0291666666665,201.0,93.258
ZHO,1122.5944444444442,235.0,93.258
ZHO,1144.461111111111,246.0,93.258
ZHO,1167.0388888888888,254.0,93.258
ZHO,1190.0611111111111,259.0,93.258
ZHO,1213.5277777777778,264.0,93.258
ZHO,1225.4833333333333,269.0,93.258
ZHO,1243.55,271.0,93.258
ZHO,1258.938888888889,277.0,93.258
ZHO,1280.7166666666667,280.0,93.258
ZHO,1299.5711111111111,284.0,93.258
ZHO,1328.371111111111,288.0,93.258
ZHO,1347.7044444444446,290.0,93.258
ZHO,1363.871111111111,291.0,93.258
ZHO,1376.8933333333332,293.0,93.258
ZHO,1393.2822222222221,295.0,93.258
ZHO,1416.3822222222223,297.0,93.258
ZHO,1432.9933333333333,299.0,93.258
ZHO,1453.06,301.0,93.258
ZHO,1473.1933333333334,302.0,93.258
ZHO,1493.3266666666666,302.0,93.258
ZHO,1517.048888888889,305.0,93.258
ZHO,1551.0488888888888,306.0,93.258
ZHO,1588.901388888889,309.0,93.258
ZHO,1620.101388888889,312.0,93.258
ZHO,1637.4347222222223,312.0,93.258
ZHO,1654.8236111111112,313.0,93.258
ZHO,1678.0791666666669,299.0,93.258
ZHO,1691.3680555555559,299.0,93.258
ZHO,1708.6347222222223,222.0,93.258
ZHO,1727.2347222222224,186.0,93.258
ZHO,1739.601388888889,159.0,93.258
ZHO,1750.801388888889,144.0,93.258
ZHO,1756.7125,133.0,93.258
ZHO,1767.8236111111112,125.0,93.258
ZHO,1773.3791666666668,125.0,93.258
ZHO,1779.9019444444446,118.0,93.258
ZHO,1787.635277777778,116.0,93.258
ZHO,1798.9352777777779,113.0,93.258
ZHO,1805.4908333333333,118.0,93.258
ZHO,1810.9130555555555,122.0,93.258
ZHO,1821.3352777777777,134.0,93.258
ZHO,1837.779722222222,148.0,93.258
ZHO,1860.9797222222223,174.0,93.258
ZHO,1883.2241666666666,182.0,93.258
ZHO,1900.9130555555555,199.0,93.258
ZHO,1917.0130555555556,207.0,93.258
ZHO,1925.5019444444442,191.0,93.258
ZHO,1937.6188888888887,181.0,93.258
ZHO,1952.952222222222,138.0,93.258
ZHO,1961.9744444444443,116.0,93.258
ZHO,1967.8077777777778,105.0,93.258
ZHO,1975.43,98.0,93.258
ZHO,1983.0744444444445,86.0,93.258
ZHO,1988.541111111111,82.0,93.258
ZHO,1993.8077777777776,79.0,93.258
ZHO,2000.652222222222,77.0,93.258
ZHO,2006.7966666666664,79.0,93.258
ZHO,2012.3299999999997,83.0,93.258
ZHO,2018.9174999999996,85.0,93.258
ZHO,2022.961944444444,91.0,93.258
ZHO,2028.0174999999995,91.0,93.258
ZHO,2034.8174999999994,102.0,93.258
ZHO,2041.1508333333327,114.0,93.258
ZHO,2051.1063888888884,128.0,93.258
ZHO,2064.8063888888883,137.0,93.258
ZHO,2071.6508333333327,154.0,93.258
ZHO,2085.784166666666,159.0,93.258
ZHO,2095.617499999999,177.0,93.258
ZHO,2114.5174999999995,189.0,93.258
ZHO,2126.584166666666,181.0,93.258
ZHO,2144.361944444444,160.0,93.258
ZHO,2150.8466666666664,145.0,93.258
ZHO,2162.124444444444,145.0,93.258
ZHO,2170.9244444444444,132.0,93.258
ZHO,2180.802222222222,127.0,93.258
ZHO,2189.2022222222217,126.0,93.258
ZHO,2196.2022222222217,126.0,93.258
ZHO,2207.8466666666664,131.0,93.258
ZHO,2215.4577777777777,137.0,93.258
ZHO,2225.191111111111,146.0,93.258
ZHO,2239.235555555555,158.0,93.258
ZHO,2248.5688888888885,168.0,93.258
ZHO,2264.6577777777775,181.0,93.258
ZHO,2276.8577777777773,183.0,93.258
ZHO,2294.048333333333,194.0,93.258
ZHO,2303.1150000000002,204.0,93.258
ZHO,2327.226111111111,217.0,93.258
ZHO,2342.1594444444445,224.0,93.258
ZHO,2362.5149999999994,229.0,93.258
ZHO,2372.6927777777773,229.0,93.258
ZHO,2394.2038888888883,242.0,93.258
ZHO,2405.0483333333327,244.0,93.258
ZHO,2424.259444444444,247.0,93.258
ZHO,2435.415,251.0,93.258
ZHO,2452.348333333333,254.0,93.258
ZHO,2463.637222222222,254.0,93.258
ZHO,2478.0261111111113,259.0,93.258
ZHO,2495.4927777777775,262.0,93.258
ZHO,2521.9661111111113,264.0,93.258
ZHO,2545.521666666667,265.0,93.258
ZHO,2556.143888888889,239.0,93.258
ZHO,2568.143888888889,216.0,93.258
ZHO,2576.8105555555553,195.0,93.258
ZHO,2586.643888888889,177.0,93.258
ZHO,2595.421666666666,158.0,93.258
ZHO,2602.088333333333,150.0,93.258
ZHO,2611.755,145.0,93.258
ZHO,2622.410555555555,137.0,93.258
ZHO,2635.910555555555,135.0,93.258
ZHO,2641.955,136.0,93.258
ZHO,2652.6105555555555,137.0,93.258
ZHO,2668.6105555555555,144.0,93.258
ZHO,2687.9997222222223,159.0,93.258
ZHO,2699.3997222222224,171.0,93.258
ZHO,2709.3997222222224,180.0,93.258
ZHO,2719.2886111111115,178.0,93.258
ZHO,2729.7552777777782,157.0,93.258
ZHO,2741.133055555556,128.0,93.258
ZHO,2748.866388888889,116.0,93.258
ZHO,2760.066388888889,112.0,93.258
ZHO,2768.5441666666666,109.0,93.258
ZHO,2779.8441666666668,113.0,93.258
ZHO,2784.9108333333334,114.0,93.258
ZHO,2797.646111111111,127.0,93.258
ZHO,2805.2572222222225,137.0,93.258
ZHO,2813.535,149.0,93.258
ZHO,2829.335,158.0,93.258
ZHO,2849.6238888888893,166.0,93.258
ZHO,2857.1794444444445,170.0,93.258
ZHO,2905.823888888889,199.0,93.258
ZHO,2919.7572222222225,209.0,93.258
ZHO,2941.3572222222224,216.0,93.258
ZHO,2950.335,202.0,93.258
ZHO,2964.023888888889,176.0,93.258
ZHO,2975.442777777778,172.0,93.258
ZHO,2990.2205555555556,133.0,93.258
ZHO,3001.7761111111113,104.0,93.258
ZHO,3012.653888888889,89.0,93.258
ZHO,3017.0983333333334,80.0,93.258
ZHO,3025.5316666666668,69.0,93.258
ZHO,3030.742777777778,67.0,93.258
ZHO,3035.876111111111,66.0,93.258
ZHO,3039.5983333333334,67.0,93.258
ZHO,3044.3983333333335,72.0,93.258
ZHO,3049.5530555555556,77.0,93.258
ZHO,3060.7975,92.0,93.258
ZHO,3066.4086111111114,101.0,93.258
ZHO,3074.964166666667,110.0,93.258
ZHO,3087.864166666667,129.0,93.258
ZHO,3097.1975000000007,140.0,93.258
ZHO,3109.408611111112,157.0,93.258
ZHO,3122.7086111111116,171.0,93.258
ZHO,3130.7086111111116,180.0,93.258
ZHO,3141.153055555556,188.0,93.258
ZHO,3158.5752777777784,196.0,93.258
ZHO,3172.3752777777786,207.0,93.258
ZHO,3194.4752777777785,221.0,93.258
ZHO,3217.0125000000007,226.0,93.258
ZHO,3232.812500000001,237.0,93.258
ZHO,3262.879166666667,246.0,93.258
ZHO,3291.212500000001,255.0,93.258
ZHO,3305.5458333333345,258.0,93.258
ZHO,3317.1458333333344,261.0,93.258
ZHO,3328.7458333333343,261.0,93.258
ZHO,3349.5902777777787,268.0,93.258
ZHO,3361.6791666666686,272.0,93.258
ZHO,3376.90138888889,274.0,93.258
ZHO,3389.0791666666682,274.0,93.258
ZHO,3417.257222222223,281.0,93.258
ZHO,3436.190555555557,284.0,93.258
ZHO,3455.257222222223,286.0,93.258
ZHO,3473.1238888888893,268.0,93.258
ZHO,3493.0350000000008,224.0,93.258
ZHO,3510.2350000000006,172.0,93.258
ZHO,3521.357222222223,143.0,93.258
ZHO,3533.690555555556,111.0,93.258
ZHO,3557.690555555556,90.0,93.258
ZHO,3561.601666666667,88.0,93.258
ZHO,3569.1572222222226,85.0,93.258
ZHO,3574.8905555555557,86.0,93.258
ZHO,3585.1980555555556,93.0,93.258
ZHO,3590.4202777777778,94.0,93.258
ZHO,3594.864722222222,100.0,93.258
ZHO,3604.553611111111,109.0,93.258
ZHO,3617.153611111111,126.0,93.258
ZHO,3624.764722222222,137.0,93.258
ZHO,3632.9869444444444,148.0,93.258
ZHO,3640.053611111111,159.0,93.258
ZHO,3649.3869444444445,168.0,93.258
ZHO,3657.1202777777776,174.0,93.258
ZHO,3669.4536111111115,185.0,93.258
ZHO,3696.1758333333332,200.0,93.258
ZHO,3715.109166666667,213.0,93.258
ZHO,3727.053611111111,215.0,93.258
ZHO,3736.8313888888893,220.0,93.258
ZHO,3746.8313888888893,225.0,93.258
ZHO,3772.831388888889,234.0,93.258
ZHO,3783.364722222223,237.0,93.258
ZHO,3796.7536111111112,241.0,93.258
ZHO,3807.5980555555566,244.0,93.258
ZHO,3821.320277777778,247.0,93.258
ZHO,3835.209166666667,250.0,93.258
ZHO,3855.0425000000005,255.0,93.258
ZHO,3872.109166666668,256.0,93.258
ZHO,3895.3091666666674,261.0,93.258
ZHO,3915.9202777777787,265.0,93.258
ZHO,3939.6536111111113,267.0,93.258
ZHO,3951.578611111112,270.0,93.258
ZHO,3972.889722222223,274.0,93.258
ZHO,4000.389722222223,275.0,93.258
ZHO,4018.8563888888893,277.0,93.258
ZHO,4040.5563888888896,279.0,93.258
ZHO,4068.6563888888895,281.0,93.258
ZHO,4090.667500000001,283.0,93.258
ZHO,4122.334166666668,285.0,93.258
ZHO,4157.614166666668,288.0,93.258
ZHO,4170.414166666667,288.0,93.258
ZHO,4192.8919444444455,289.0,93.258
ZHO,4211.2252777777785,275.0,93.258
ZHO,4225.558611111112,258.0,93.258
ZHO,4237.614166666668,217.0,93.258
ZHO,4248.336388888891,193.0,93.258
ZHO,4259.058611111112,193.0,93.258
ZHO,4270.414166666668,146.0,93.258
ZHO,4277.747500000001,132.0,93.258
ZHO,4287.158611111113,121.0,93.258
ZHO,4295.947500000002,113.0,93.258
ZHO,4302.003055555558,109.0,93.258
ZHO,4307.947500000002,107.0,93.258
ZHO,4315.080833333335,107.0,93.258
ZHO,4326.580833333335,115.0,93.258
ZHO,4334.447500000002,118.0,93.258
ZHO,4341.669722222225,130.0,93.258
ZHO,4354.633611111113,130.0,93.258
ZHO,4367.833611111113,132.0,93.258
ZHO,4375.111388888891,131.0,93.258
ZHO,4385.922500000002,139.0,93.258
ZHO,4395.455833333336,143.0,93.258
ZHO,4409.678055555558,160.0,93.258
ZHO,4422.7447222222245,168.0,93.258
ZHO,4439.100277777779,184.0,93.258
ZHO,4454.086944444446,192.0,93.258
ZHO,4465.086944444446,198.0,93.258
ZHO,4486.286944444446,212.0,93.258
ZHO,4495.753611111112,213.0,93.258
ZHO,4510.553611111111,222.0,93.258
ZHO,4541.486944444445,232.0,93.258
ZHO,4551.931388888889,235.0,93.258
ZHO,4581.998055555557,246.0,93.258
ZHO,4592.93138888889,246.0,93.258
ZHO,4612.298055555557,249.0,93.258
ZHO,4623.009166666668,241.0,93.258
ZHO,4638.475833333334,232.0,93.258
ZHO,4659.3758333333335,209.0,93.258
ZHO,4684.1869444444455,203.0,93.258
ZHO,4702.409166666667,205.0,93.258
ZHO,4721.106111111112,211.0,93.258
ZHO,4733.161666666668,217.0,93.258
ZHO,4742.98388888889,221.0,93.258
ZHO,4763.339444444445,229.0,93.258
ZHO,4773.606111111112,231.0,93.258
ZHO,4794.495000000001,235.0,93.258
ZHO,4807.8838888888895,241.0,93.258
ZHO,4827.172777777779,248.0,93.258
ZHO,4838.28388888889,250.0,93.258
ZHO,4861.110555555557,256.0,93.258
ZHO,4875.555000000001,260.0,93.258
ZHO,4890.221666666668,264.0,93.258
STR,29.703333333333333,268.0,93.397
STR,44.75888888888888,271.0,93.397
STR,56.892222222222216,273.0,93.397
STR,88.00333333333333,280.0,93.397
STR,103.72555555555554,283.0,93.397
STR,116.34777777777776,284.0,93.397
STR,135.61444444444442,289.0,93.397
STR,151.72555555555553,290.0,93.397
STR,178.1255555555555,297.0,93.397
STR,214.9144444444444,301.0,93.397
STR,248.6922222222222,304.0,93.397
STR,262.24777777777774,305.0,93.397
STR,282.71444444444444,307.0,93.397
STR,306.04777777777775,300.0,93.397
STR,328.62555555555554,254.0,93.397
STR,341.9033333333333,239.0,93.397
STR,351.45888888888885,215.0,93.397
STR,367.16999999999996,202.0,93.397
STR,382.66999999999996,155.0,93.397
STR,392.46999999999997,147.0,93.397
STR,401.87,141.0,93.397
STR,408.00333333333333,138.0,93.397
STR,421.1033333333333,131.0,93.397
STR,432.62277777777774,130.0,93.397
STR,445.01694444444445,139.0,93.397
STR,458.35027777777776,150.0,93.397
STR,467.0725,157.0,93.397
STR,475.9613888888889,160.0,93.397
STR,486.6280555555556,160.0,93.397
STR,497.09472222222223,157.0,93.397
STR,505.48361111111114,151.0,93.397
STR,513.1502777777778,138.0,93.397
STR,520.1502777777778,126.0,93.397
STR,527.5502777777778,111.0,93.397
STR,534.4836111111111,104.0,93.397
STR,538.8391666666668,98.0,93.397
STR,545.0391666666668,93.0,93.397
STR,551.8836111111112,88.0,93.397
STR,559.5280555555557,86.0,93.397
STR,564.1947222222225,84.0,93.397
STR,570.1947222222225,90.0,93.397
STR,576.4613888888891,94.0,93.397
STR,582.0169444444447,100.0,93.397
STR,586.7725000000003,107.0,93.397
STR,597.4391666666669,120.0,93.397
STR,602.9947222222224,125.0,93.397
STR,618.4391666666669,139.0,93.397
STR,628.0391666666669,144.0,93.397
STR,635.150277777778,160.0,93.397
STR,654.9280555555558,178.0,93.397
STR,665.0391666666669,182.0,93.397
STR,680.3613888888892,197.0,93.397
STR,696.1502777777781,203.0,93.397
STR,717.350277777778,212.0,93.397
STR,729.5725000000003,220.0,93.397
STR,742.1836111111114,227.0,93.397
STR,752.4058333333337,230.0,93.397
STR,770.9169444444448,238.0,93.397
STR,798.0280555555559,244.0,93.397
STR,820.1613888888892,249.0,93.397
STR,842.5613888888892,252.0,93.397
STR,872.5058333333337,245.0,93.397
STR,882.8613888888893,233.0,93.397
STR,919.7502777777781,166.0,93.397
STR,931.728055555556,154.0,93.397
STR,943.3947222222228,150.0,93.397
STR,954.9058333333338,148.0,93.397
STR,966.5725000000006,150.0,93.397
STR,976.9725000000005,156.0,93.397
STR,987.8391666666673,163.0,93.397
STR,1005.2391666666673,174.0,93.397
STR,1013.505833333334,186.0,93.397
STR,1024.0058333333338,189.0,93.397
STR,1036.859166666667,192.0,93.397
STR,1047.9147222222227,200.0,93.397
STR,1061.648055555556,206.0,93.397
STR,1085.7591666666674,217.0,93.397
STR,1105.225833333334,219.0,93.397
STR,1122.9591666666672,228.0,93.397
STR,1141.7813888888895,242.0,93.397
STR,1155.336944444445,244.0,93.397
STR,1169.5591666666671,256.0,93.397
STR,1196.0591666666674,265.0,93.397
STR,1226.2813888888895,272.0,93.397
STR,1244.6147222222228,275.0,93.397
STR,1260.0591666666674,278.0,93.397
STR,1278.925833333334,283.0,93.397
STR,1297.9925000000005,286.0,93.397
STR,1323.7702777777783,290.0,93.397
STR,1336.7480555555562,292.0,93.397
STR,1353.0813888888897,294.0,93.397
STR,1372.8147222222228,296.0,93.397
STR,1386.0591666666674,298.0,93.397
STR,1406.0591666666671,300.0,93.397
STR,1442.9702777777784,302.0,93.397
STR,1469.9925000000007,304.0,93.397
STR,1490.325833333334,305.0,93.397
STR,1514.2813888888898,308.0,93.397
STR,1531.4780555555565,308.0,93.397
STR,1545.2113888888898,309.0,93.397
STR,1562.4027777777785,311.0,93.397
STR,1586.5916666666676,311.0,93.397
STR,1600.41388888889,311.0,93.397
STR,1614.325000000001,313.0,93.397
STR,1642.236111111112,314.0,93.397
STR,1668.1916666666675,292.0,93.397
STR,1686.936111111112,241.0,93.397
STR,1696.936111111112,225.0,93.397
STR,1705.7361111111118,198.0,93.397
STR,1713.5138888888896,175.0,93.397
STR,1720.9361111111118,167.0,93.397
STR,1732.1361111111119,144.0,93.397
STR,1739.747222222223,137.0,93.397
STR,1746.9138888888897,129.0,93.397
STR,1753.7472222222232,123.0,93.397
STR,1764.325000000001,119.0,93.397
STR,1773.5027777777786,118.0,93.397
STR,1783.636111111112,114.0,93.397
STR,1791.9027777777787,124.0,93.397
STR,1800.636111111112,131.0,93.397
STR,1815.636111111112,150.0,93.397
STR,1826.3027777777788,160.0,93.397
STR,1843.5027777777789,172.0,93.397
STR,1864.2805555555565,187.0,93.397
STR,1872.5916666666678,187.0,93.397
STR,1881.2138888888899,194.0,93.397
STR,1892.4922222222233,202.0,93.397
STR,1907.5272222222234,194.0,93.397
STR,1934.8272222222233,117.0,93.397
STR,1943.8050000000012,101.0,93.397
STR,1950.9605555555568,92.0,93.397
STR,1959.4605555555568,85.0,93.397
STR,1966.5716666666679,80.0,93.397
STR,1972.3272222222233,74.0,93.397
STR,1975.616111111112,74.0,93.397
STR,1980.6827777777787,76.0,93.397
STR,1984.1494444444454,78.0,93.397
STR,1990.7605555555565,85.0,93.397
STR,1995.7605555555565,90.0,93.397
STR,2001.038333333334,95.0,93.397
STR,2006.6494444444452,101.0,93.397
STR,2019.7605555555563,118.0,93.397
STR,2025.3605555555564,126.0,93.397
STR,2032.638333333334,131.0,93.397
STR,2043.9938888888896,146.0,93.397
STR,2058.660555555556,165.0,93.397
STR,2072.116111111112,173.0,93.397
STR,2095.0938888888895,188.0,93.397
STR,2103.2716666666674,184.0,93.397
STR,2123.8477777777784,154.0,93.397
STR,2133.2750000000005,142.0,93.397
STR,2146.7750000000005,135.0,93.397
STR,2154.0527777777784,131.0,93.397
STR,2161.1083333333336,127.0,93.397
STR,2169.5083333333337,126.0,93.397
STR,2179.0750000000003,123.0,93.397
STR,2189.030555555556,128.0,93.397
STR,2198.1638888888892,137.0,93.397
STR,2210.7861111111115,142.0,93.397
STR,2221.830555555556,142.0,93.397
STR,2231.2194444444453,169.0,93.397
STR,2248.1194444444454,169.0,93.397
STR,2260.5194444444455,186.0,93.397
STR,2275.7638888888896,196.0,93.397
STR,2286.6527777777787,196.0,93.397
STR,2297.986111111112,204.0,93.397
STR,2314.786111111112,216.0,93.397
STR,2330.052777777779,229.0,93.397
STR,2342.8861111111123,231.0,93.397
STR,2366.486111111112,236.0,93.397
STR,2382.8194444444457,245.0,93.397
STR,2402.108333333334,248.0,93.397
STR,2416.052777777779,251.0,93.397
STR,2441.9244444444453,258.0,93.397
STR,2468.124444444445,262.0,93.397
STR,2482.791111111112,264.0,93.397
STR,2509.117777777779,264.0,93.397
STR,2519.8733333333344,242.0,93.397
STR,2534.206666666668,215.0,93.397
STR,2546.206666666668,180.0,93.397
STR,2555.42888888889,166.0,93.397
STR,2563.8733333333344,152.0,93.397
STR,2577.8733333333344,140.0,93.397
STR,2585.3177777777787,134.0,93.397
STR,2600.840000000001,127.0,93.397
STR,2613.940000000001,131.0,93.397
STR,2619.851111111112,133.0,93.397
STR,2628.984444444445,137.0,93.397
STR,2635.562222222223,148.0,93.397
STR,2649.42888888889,156.0,93.397
STR,2660.2955555555563,163.0,93.397
STR,2667.8066666666678,169.0,93.397
STR,2679.4733333333347,175.0,93.397
STR,2696.695555555557,155.0,93.397
STR,2702.740000000001,136.0,93.397
STR,2711.0733333333346,125.0,93.397
STR,2723.517777777779,112.0,93.397
STR,2730.784444444446,109.0,93.397
STR,2736.7027777777794,106.0,93.397
STR,2741.502777777779,108.0,93.397
STR,2750.1361111111123,111.0,93.397
STR,2763.691666666668,122.0,93.397
STR,2779.430000000001,142.0,93.397
STR,2793.296666666668,156.0,93.397
STR,2807.874444444446,164.0,93.397
STR,2824.774444444446,169.0,93.397
STR,2832.3744444444465,171.0,93.397
STR,2848.5522222222244,182.0,93.397
STR,2858.9966666666687,188.0,93.397
STR,2869.7744444444465,194.0,93.397
STR,2883.0411111111134,199.0,93.397
STR,2904.1411111111133,211.0,93.397
STR,2917.2744444444465,197.0,93.397
STR,2925.7188888888913,190.0,93.397
STR,2933.5855555555577,177.0,93.397
STR,2944.118888888891,158.0,93.397
STR,2950.7411111111132,149.0,93.397
STR,2961.230000000002,118.0,93.397
STR,2966.20777777778,112.0,93.397
STR,2977.20777777778,90.0,93.397
STR,2985.10777777778,79.0,93.397
STR,2990.10777777778,75.0,93.397
STR,2993.3077777777803,72.0,93.397
STR,3001.9925000000026,65.0,93.397
STR,3006.325833333336,65.0,93.397
STR,3011.692500000003,69.0,93.397
STR,3016.6052777777804,74.0,93.397
STR,3021.2163888888917,83.0,93.397
STR,3028.605277777781,95.0,93.397
STR,3038.905277777781,103.0,93.397
STR,3048.2386111111146,120.0,93.397
STR,3053.5719444444476,120.0,93.397
STR,3061.1275000000032,136.0,93.397
STR,3067.1719444444475,136.0,93.397
STR,3079.7719444444474,162.0,93.397
STR,3089.2719444444474,171.0,93.397
STR,3099.2719444444474,180.0,93.397
STR,3111.8052777777807,188.0,93.397
STR,3120.5163888888915,196.0,93.397
STR,3138.9163888888916,207.0,93.397
STR,3155.7941666666693,217.0,93.397
STR,3167.849722222225,217.0,93.397
STR,3185.8941666666697,232.0,93.397
STR,3199.1163888888914,238.0,93.397
STR,3212.560833333336,242.0,93.397
STR,3237.4608333333363,249.0,93.397
STR,3254.460833333336,255.0,93.397
STR,3271.727500000003,259.0,93.397
STR,3298.327500000003,266.0,93.397
STR,3313.4025000000024,270.0,93.397
STR,3325.4469444444467,271.0,93.397
STR,3337.491388888892,271.0,93.397
STR,3349.8025000000025,277.0,93.397
STR,3365.3025000000025,279.0,93.397
STR,3393.6025000000027,283.0,93.397
STR,3406.1458333333353,284.0,93.397
STR,3425.145833333336,285.0,93.397
STR,3436.8347222222246,263.0,93.397
STR,3450.5569444444473,247.0,93.397
STR,3465.334722222225,190.0,93.397
STR,3484.645833333336,158.0,93.397
STR,3497.756944444447,118.0,93.397
STR,3502.4680555555583,106.0,93.397
STR,3507.968055555558,99.0,93.397
STR,3515.2013888888914,93.0,93.397
STR,3522.756944444447,85.0,93.397
STR,3528.2902777777804,83.0,93.397
STR,3538.434722222225,83.0,93.397
STR,3548.87916666667,94.0,93.397
STR,3555.812500000003,104.0,93.397
STR,3561.9236111111145,110.0,93.397
STR,3568.534722222226,119.0,93.397
STR,3627.4822222222256,171.0,93.397
STR,3635.0822222222255,171.0,93.397
STR,3654.4822222222256,194.0,93.397
STR,3672.971111111115,208.0,93.397
STR,3684.800555555559,214.0,93.397
STR,3696.967222222226,219.0,93.397
STR,3717.0561111111147,226.0,93.397
STR,3727.233888888892,229.0,93.397
STR,3737.6338888888927,234.0,93.397
STR,3748.167222222226,237.0,93.397
STR,3764.233888888892,241.0,93.397
STR,3775.0783333333366,244.0,93.397
STR,3799.7783333333364,247.0,93.397
STR,3822.267222222226,253.0,93.397
STR,3845.11166666667,257.0,93.397
STR,3868.0450000000037,258.0,93.397
STR,3882.378333333337,258.0,93.397
STR,3902.9116666666705,264.0,93.397
STR,3932.8005555555587,269.0,93.397
STR,3947.8561111111144,271.0,93.397
STR,3972.2116666666707,274.0,93.397
STR,3996.9227777777814,278.0,93.397
STR,4024.9227777777814,280.0,93.397
STR,4059.4677777777815,282.0,93.397
STR,4091.1344444444476,285.0,93.397
STR,4107.023333333336,286.0,93.397
STR,4142.101111111114,287.0,93.397
STR,4158.045555555558,287.0,93.397
STR,4173.9900000000025,287.0,93.397
STR,4199.703333333336,232.0,93.397
STR,4211.14777777778,206.0,93.397
STR,4226.94777777778,158.0,93.397
STR,4237.914444444447,141.0,93.397
STR,4243.958888888892,136.0,93.397
STR,4251.070000000003,128.0,93.397
STR,4265.125555555559,115.0,93.397
STR,4273.758888888892,111.0,93.397
STR,4282.158888888892,108.0,93.397
STR,4289.425555555558,109.0,93.397
STR,4294.53666666667,115.0,93.397
STR,4306.181111111115,131.0,93.397
STR,4311.958888888892,130.0,93.397
STR,4323.247777777781,127.0,93.397
STR,4331.514444444448,124.0,93.397
STR,4338.458888888892,125.0,93.397
STR,4349.03666666667,136.0,93.397
STR,4355.170000000003,138.0,93.397
STR,4370.470000000003,153.0,93.397
STR,4377.491388888892,157.0,93.397
STR,4394.7913888888925,173.0,93.397
STR,4402.880277777781,182.0,93.397
STR,4413.324722222225,188.0,93.397
STR,4430.835833333336,197.0,93.397
STR,4444.435833333337,204.0,93.397
STR,4460.943333333336,213.0,93.397
STR,4472.943333333336,216.0,93.397
STR,4487.676666666669,221.0,93.397
STR,4505.565555555558,230.0,93.397
STR,4515.965555555557,234.0,93.397
STR,4534.476666666668,238.0,93.397
STR,4547.810000000002,240.0,93.397
STR,4572.110000000002,243.0,93.397
STR,4595.210000000003,231.0,93.397
STR,4611.932222222225,215.0,93.397
STR,4621.354444444448,212.0,93.397
STR,4632.854444444448,207.0,93.397
STR,4648.4100000000035,200.0,93.397
STR,4666.543333333337,204.0,93.397
STR,4680.676666666671,212.0,93.397
STR,4695.0766666666705,216.0,93.397
STR,4707.0766666666705,216.0,93.397
STR,4726.810000000003,222.0,93.397
STR,4736.810000000004,225.0,93.397
STR,4752.4100000000035,234.0,93.397
STR,4768.3427777777815,238.0,93.397
STR,4784.3427777777815,240.0,93.397
STR,4806.298333333338,247.0,93.397
STR,4823.165000000004,253.0,93.397
STR,4834.4983333333375,255.0,93.397
STR,4851.898333333337,261.0,93.397
