Driver,Distance,Speed,LapTimeSec
VER,15.2375,265.0,86.72
VER,33.10416666666667,268.0,86.72
VER,45.14861111111111,271.0,86.72
VER,72.7486111111111,276.0,86.72
VER,91.34861111111111,279.0,86.72
VER,109.9486111111111,279.0,86.72
VER,128.94861111111112,285.0,86.72
VER,164.1486111111111,288.0,86.72
VER,177.11805555555554,290.0,86.72
VER,190.05138888888888,291.0,86.72
VER,206.2736111111111,292.0,86.72
VER,235.7736111111111,295.0,86.72
VER,258.8736111111111,297.0,86.72
VER,278.74027777777775,298.0,86.72
VER,312.07361111111106,300.0,86.72
VER,335.5625,302.0,86.72
VER,362.4069444444444,302.0,86.72
VER,392.5069444444444,301.0,86.72
VER,412.5069444444444,300.0,86.72
VER,442.20694444444445,297.0,86.72
VER,465.3069444444444,297.0,86.72
VER,494.72499999999997,295.0,86.72
VER,507.8361111111111,295.0,86.72
VER,524.225,295.0,86.72
VER,550.4472222222223,295.0,86.72
VER,573.4694444444444,296.0,86.72
VER,593.2027777777778,296.0,86.72
VER,616.1472222222222,295.0,86.72
VER,639.0138888888889,294.0,86.72
VER,661.8027777777778,293.0,86.72
VER,681.4027777777778,294.0,86.72
VER,704.2694444444444,294.0,86.72
VER,730.4844444444444,294.0,86.72
VER,756.7955555555556,296.0,86.72
VER,769.9511111111111,296.0,86.72
VER,798.0511111111113,281.0,86.72
VER,809.2511111111112,252.0,86.72
VER,825.5844444444446,210.0,86.72
VER,834.4733333333335,200.0,86.72
VER,846.0066666666668,173.0,86.72
VER,856.6733333333334,160.0,86.72
VER,867.8733333333333,144.0,86.72
VER,873.8733333333333,135.0,86.72
VER,888.9066666666666,123.0,86.72
VER,895.4622222222222,118.0,86.72
VER,905.5066666666667,113.0,86.72
VER,910.5288888888889,113.0,86.72
VER,920.896388888889,117.0,86.72
VER,926.1852777777779,119.0,86.72
VER,937.9186111111112,132.0,86.72
VER,949.2741666666667,146.0,86.72
VER,959.6075000000001,155.0,86.72
VER,968.7186111111112,164.0,86.72
VER,982.3186111111112,153.0,86.72
VER,996.8741666666667,131.0,86.72
VER,1002.3408333333334,123.0,86.72
VER,1013.6408333333334,113.0,86.72
VER,1018.4708333333334,108.0,86.72
VER,1026.4041666666667,102.0,86.72
VER,1031.848611111111,98.0,86.72
VER,1038.1819444444443,95.0,86.72
VER,1043.4041666666665,94.0,86.72
VER,1050.0041666666666,99.0,86.72
VER,1055.6152777777777,101.0,86.72
VER,1065.3041666666666,109.0,86.72
VER,1071.748611111111,116.0,86.72
VER,1077.0819444444442,120.0,86.72
VER,1089.3486111111108,138.0,86.72
VER,1095.7041666666664,143.0,86.72
VER,1107.9152777777774,157.0,86.72
VER,1115.4263888888886,169.0,86.72
VER,1125.259722222222,177.0,86.72
VER,1133.348611111111,182.0,86.72
VER,1148.4374999999998,194.0,86.72
VER,1159.6041666666663,201.0,86.72
VER,1168.8041666666663,207.0,86.72
VER,1187.678333333333,213.0,86.72
VER,1209.878333333333,222.0,86.72
VER,1220.1005555555553,230.0,86.72
VER,1233.1005555555553,234.0,86.72
VER,1248.8338888888884,236.0,86.72
VER,1259.5449999999996,241.0,86.72
VER,1281.5005555555551,247.0,86.72
VER,1295.4449999999997,251.0,86.72
VER,1324.2227777777773,259.0,86.72
VER,1348.0302777777772,267.0,86.72
VER,1362.9747222222218,269.0,86.72
VER,1387.596944444444,277.0,86.72
VER,1399.9969444444441,279.0,86.72
VER,1415.7191666666663,283.0,86.72
VER,1434.9191666666661,288.0,86.72
VER,1450.9191666666661,288.0,86.72
VER,1487.096944444444,296.0,86.72
VER,1503.6524999999995,298.0,86.72
VER,1533.9524999999994,303.0,86.72
VER,1564.6524999999997,307.0,86.72
VER,1578.385833333333,309.0,86.72
VER,1606.1191666666662,312.0,86.72
VER,1641.1191666666664,315.0,86.72
VER,1665.8524999999997,318.0,86.72
VER,1690.6524999999997,320.0,86.72
VER,1704.9191666666663,321.0,86.72
VER,1730.0413888888884,323.0,86.72
VER,1762.5413888888884,325.0,86.72
VER,1791.608055555555,327.0,86.72
VER,1806.1413888888883,327.0,86.72
VER,1824.3636111111105,328.0,86.72
VER,1845.896944444444,323.0,86.72
VER,1868.1413888888885,286.0,86.72
VER,1882.9191666666663,266.0,86.72
VER,1901.574444444444,239.0,86.72
VER,1916.4411111111108,223.0,86.72
VER,1930.374444444444,209.0,86.72
VER,1947.5299999999995,193.0,86.72
VER,1961.374444444444,178.0,86.72
VER,1969.0188888888883,172.0,86.72
VER,1983.6855555555549,165.0,86.72
VER,1992.685555555555,162.0,86.72
VER,2001.3522222222218,156.0,86.72
VER,2010.185555555555,159.0,86.72
VER,2023.0966666666664,166.0,86.72
VER,2032.4855555555553,169.0,86.72
VER,2048.663333333333,182.0,86.72
VER,2065.7299999999996,192.0,86.72
VER,2077.663333333333,179.0,86.72
VER,2090.7299999999996,168.0,86.72
VER,2105.5299999999997,148.0,86.72
VER,2116.1475,137.0,86.72
VER,2129.0475,129.0,86.72
VER,2144.7808333333332,118.0,86.72
VER,2151.1697222222224,115.0,86.72
VER,2157.5030555555554,114.0,86.72
VER,2165.1030555555553,114.0,86.72
VER,2176.803055555555,117.0,86.72
VER,2186.169722222222,120.0,86.72
VER,2195.8141666666666,124.0,86.72
VER,2206.236388888889,134.0,86.72
VER,2222.6808333333333,148.0,86.72
VER,2234.8141666666666,156.0,86.72
VER,2243.9808333333335,165.0,86.72
VER,2260.0697222222225,181.0,86.72
VER,2268.2475,184.0,86.72
VER,2278.914166666667,192.0,86.72
VER,2296.8697222222227,202.0,86.72
VER,2316.0697222222225,216.0,86.72
VER,2330.6030555555553,218.0,86.72
VER,2340.736388888889,228.0,86.72
VER,2350.869722222222,228.0,86.72
VER,2366.6697222222224,237.0,86.72
VER,2380.114166666667,242.0,86.72
VER,2390.9586111111116,244.0,86.72
VER,2413.180833333334,250.0,86.72
VER,2433.0208333333335,256.0,86.72
VER,2447.4097222222226,259.0,86.72
VER,2464.943055555556,263.0,86.72
VER,2488.765277777778,268.0,86.72
VER,2515.865277777778,271.0,86.72
VER,2528.0430555555554,274.0,86.72
VER,2552.6652777777776,277.0,86.72
VER,2568.054166666667,277.0,86.72
VER,2586.8655555555556,281.0,86.72
VER,2608.798888888889,282.0,86.72
VER,2630.965555555556,285.0,86.72
VER,2666.165555555556,288.0,86.72
VER,2691.9433333333336,290.0,86.72
VER,2714.654444444445,292.0,86.72
VER,2734.1877777777777,293.0,86.72
VER,2757.0544444444445,294.0,86.72
VER,2780.076666666667,296.0,86.72
VER,2796.5211111111116,296.0,86.72
VER,2816.3211111111113,297.0,86.72
VER,2836.187777777778,298.0,86.72
VER,2856.1211111111115,299.0,86.72
VER,2886.1211111111115,300.0,86.72
VER,2906.187777777778,301.0,86.72
VER,2932.9433333333336,301.0,86.72
VER,2966.415,302.0,86.72
VER,2989.6705555555554,299.0,86.72
VER,3016.0705555555555,297.0,86.72
VER,3029.2261111111115,296.0,86.72
VER,3055.3594444444448,294.0,86.72
VER,3084.5594444444446,292.0,86.72
VER,3097.4483333333333,290.0,86.72
VER,3110.3372222222224,290.0,86.72
VER,3136.106388888889,289.0,86.72
VER,3148.906388888889,288.0,86.72
VER,3164.9063888888886,288.0,86.72
VER,3184.1730555555555,289.0,86.72
VER,3200.339722222222,291.0,86.72
VER,3216.506388888889,291.0,86.72
VER,3229.439722222223,291.0,86.72
VER,3242.4175000000005,292.0,86.72
VER,3271.8175000000006,294.0,86.72
VER,3288.2063888888897,295.0,86.72
VER,3321.0952777777784,296.0,86.72
VER,3340.828611111112,296.0,86.72
VER,3354.028611111112,297.0,86.72
VER,3367.228611111112,297.0,86.72
VER,3403.7730555555563,299.0,86.72
VER,3417.061944444445,299.0,86.72
VER,3433.728611111112,300.0,86.72
VER,3453.728611111112,300.0,86.72
VER,3470.450833333334,301.0,86.72
VER,3493.861944444445,301.0,86.72
VER,3507.2841666666673,302.0,86.72
VER,3520.578333333334,301.0,86.72
VER,3540.645,301.0,86.72
VER,3554.0672222222224,302.0,86.72
VER,3577.5561111111115,302.0,86.72
VER,3601.0450000000005,302.0,86.72
VER,3621.245,303.0,86.72
VER,3644.8116666666665,303.0,86.72
VER,3661.533888888889,301.0,86.72
VER,3681.550277777778,299.0,86.72
VER,3694.794722222222,298.0,86.72
VER,3714.461388888889,295.0,86.72
VER,3730.7947222222224,294.0,86.72
VER,3743.861388888889,294.0,86.72
VER,3756.8836111111113,293.0,86.72
VER,3779.8280555555552,295.0,86.72
VER,3796.050277777778,292.0,86.72
VER,3808.939166666667,290.0,86.72
VER,3827.9391666666666,285.0,86.72
VER,3858.494722222222,275.0,86.72
VER,3870.4947222222227,270.0,86.72
VER,3896.794722222223,263.0,86.72
VER,3913.994722222223,258.0,86.72
VER,3933.050277777779,245.0,86.72
VER,3951.328055555556,235.0,86.72
VER,3969.1391666666673,229.0,86.72
VER,3984.205833333334,226.0,86.72
VER,3996.7613888888895,226.0,86.72
VER,4016.8502777777785,226.0,86.72
VER,4042.674444444445,233.0,86.72
VER,4055.841111111112,237.0,86.72
VER,4074.741111111112,243.0,86.72
VER,4093.952222222223,247.0,86.72
VER,4107.952222222223,252.0,86.72
VER,4124.8855555555565,254.0,86.72
VER,4139.17888888889,256.0,86.72
VER,4156.445555555556,259.0,86.72
VER,4177.056666666667,265.0,86.72
VER,4191.945555555556,268.0,86.72
VER,4216.212222222222,273.0,86.72
VER,4231.545555555556,276.0,86.72
VER,4253.401111111112,281.0,86.72
VER,4265.934444444445,282.0,86.72
VER,4278.601111111111,285.0,86.72
VER,4307.401111111111,288.0,86.72
VER,4333.5344444444445,294.0,86.72
VER,4369.956666666667,298.0,86.72
VER,4393.367777777778,301.0,86.72
VER,4410.201111111112,303.0,86.72
VER,4434.001111111113,306.0,86.72
VER,4461.467777777779,309.0,86.72
VER,4485.734444444445,312.0,86.72
VER,4499.645555555556,313.0,86.72
VER,4520.57888888889,314.0,86.72
VER,4534.57888888889,315.0,86.72
VER,4555.624166666667,317.0,86.72
VER,4576.824166666668,318.0,86.72
VER,4605.268611111112,320.0,86.72
VER,4630.235277777779,321.0,86.72
VER,4648.124166666668,322.0,86.72
VER,4662.479722222223,323.0,86.72
VER,4695.0700000000015,325.0,86.72
VER,4713.0700000000015,324.0,86.72
VER,4745.670000000002,326.0,86.72
VER,4767.403333333335,326.0,86.72
VER,4792.836666666668,327.0,86.72
VER,4821.9033333333355,327.0,86.72
VER,4836.436666666668,327.0,86.72
VER,4854.603333333335,327.0,86.72
VER,4872.65888888889,325.0,86.72
VER,4890.325555555557,318.0,86.72
VER,4904.05888888889,309.0,86.72
VER,4931.158888888891,271.0,86.72
VER,4950.992222222223,255.0,86.72
VER,4967.45888888889,247.0,86.72
VER,4985.970000000001,238.0,86.72
VER,5011.525555555556,230.0,86.72
VER,5034.625555555556,231.0,86.72
VER,5047.514444444445,232.0,86.72
VER,5063.2477777777785,236.0,86.72
VER,5084.581111111112,240.0,86.72
VER,5103.491111111111,244.0,86.72
VER,5117.26888888889,248.0,86.72
VER,5131.157777777778,250.0,86.72
VER,5145.213333333334,253.0,86.72
VER,5162.280000000001,256.0,86.72
VER,5185.4800000000005,261.0,86.72
VER,5215.555000000001,270.0,86.72
VER,5242.955000000001,274.0,86.72
VER,5261.488333333334,278.0,86.72
VER,5277.043888888889,280.0,86.72
VER,5295.777222222222,281.0,86.72
VER,5308.399444444445,284.0,86.72
VER,5327.466111111112,286.0,86.72
VER,5359.577222222223,289.0,86.72
VER,5371.399444444445,266.0,86.72
VER,5387.066111111111,235.0,86.72
VER,5400.8661111111105,207.0,86.72
VER,5413.199444444444,185.0,86.72
VER,5428.399444444444,152.0,86.72
VER,5436.177222222223,140.0,86.72
VER,5443.677222222223,135.0,86.72
VER,5451.410555555556,116.0,86.72
VER,5460.921666666667,107.0,86.72
VER,5469.810555555556,100.0,86.72
VER,5474.210555555555,99.0,86.72
VER,5484.410555555555,102.0,86.72
VER,5489.0922222222225,106.0,86.72
VER,5495.203333333333,110.0,86.72
VER,5504.7699999999995,123.0,86.72
VER,5515.4366666666665,120.0,86.72
VER,5525.925555555556,118.0,86.72
VER,5531.158055555556,117.0,86.72
VER,5537.658055555556,117.0,86.72
VER,5548.413611111111,121.0,86.72
VER,5559.613611111111,126.0,86.72
VER,5571.435833333333,133.0,86.72
VER,5579.380277777777,143.0,86.72
VER,5591.124722222222,151.0,86.72
VER,5605.613611111111,163.0,86.72
VER,5613.21361111111,171.0,86.72
VER,5627.5247222222215,184.0,86.72
VER,5642.6913888888885,195.0,86.72
VER,5653.913611111111,202.0,86.72
VER,5665.469166666666,208.0,86.72
VER,5677.1913888888885,211.0,86.72
VER,5696.924722222222,222.0,86.72
VER,5706.880277777777,224.0,86.72
VER,5727.502499999999,232.0,86.72
VER,5751.402499999998,239.0,86.72
VER,5767.735833333332,245.0,86.72
VER,5789.958055555554,250.0,86.72
VER,5812.642499999999,256.0,86.72
NOR,6.551388888888889,265.0,86.961
NOR,33.55138888888889,270.0,86.961
NOR,61.15138888888889,276.0,86.961
NOR,76.59583333333332,278.0,86.961
NOR,98.52916666666665,282.0,86.961
NOR,111.0625,282.0,86.961
NOR,169.14305555555555,290.0,86.961
NOR,191.7763888888889,291.0,86.961
NOR,204.7986111111111,293.0,86.961
NOR,237.68749999999997,296.0,86.961
NOR,250.84305555555554,296.0,86.961
NOR,277.42083333333335,299.0,86.961
NOR,290.70972222222224,299.0,86.961
NOR,307.3763888888889,300.0,86.961
NOR,330.8652777777778,302.0,86.961
NOR,364.5319444444445,303.0,86.961
NOR,377.9541666666667,302.0,86.961
NOR,391.33194444444445,301.0,86.961
NOR,414.7430555555556,301.0,86.961
NOR,447.77138888888896,298.0,86.961
NOR,461.01583333333343,298.0,86.961
NOR,477.4602777777779,296.0,86.961
NOR,497.1936111111112,296.0,86.961
NOR,513.5825000000001,295.0,86.961
NOR,529.971388888889,295.0,86.961
NOR,562.971388888889,297.0,86.961
NOR,585.9936111111111,296.0,86.961
NOR,599.1491666666667,296.0,86.961
NOR,612.2602777777778,295.0,86.961
NOR,635.1269444444445,294.0,86.961
NOR,667.5713888888888,292.0,86.961
NOR,687.186111111111,293.0,86.961
NOR,706.7194444444443,293.0,86.961
NOR,729.5083333333333,293.0,86.961
NOR,752.2972222222222,293.0,86.961
NOR,781.5972222222222,293.0,86.961
NOR,801.5083333333333,256.0,86.961
NOR,814.0638888888889,226.0,86.961
NOR,833.0638888888889,190.0,86.961
NOR,840.6638888888889,171.0,86.961
NOR,848.2638888888889,171.0,86.961
NOR,861.563888888889,171.0,86.961
NOR,869.3972222222222,141.0,86.961
NOR,878.2638888888889,133.0,86.961
NOR,886.8638888888889,129.0,86.961
NOR,895.2638888888889,126.0,86.961
NOR,905.72,118.0,86.961
NOR,912.3866666666668,120.0,86.961
NOR,926.2755555555556,125.0,86.961
NOR,934.8088888888889,128.0,86.961
NOR,940.6755555555555,132.0,86.961
NOR,954.7755555555556,141.0,86.961
NOR,964.6422222222222,148.0,86.961
NOR,974.5755555555556,149.0,86.961
NOR,983.7755555555557,138.0,86.961
NOR,998.3200000000002,119.0,86.961
NOR,1003.5525000000002,117.0,86.961
NOR,1008.5747222222225,113.0,86.961
NOR,1014.630277777778,109.0,86.961
NOR,1024.830277777778,102.0,86.961
NOR,1032.6858333333337,101.0,86.961
NOR,1039.219166666667,98.0,86.961
NOR,1050.219166666667,99.0,86.961
NOR,1058.2302777777782,103.0,86.961
NOR,1068.3636111111116,114.0,86.961
NOR,1080.8636111111116,125.0,86.961
NOR,1090.0636111111116,138.0,86.961
NOR,1105.3636111111118,153.0,86.961
NOR,1118.5080555555562,169.0,86.961
NOR,1136.6575000000007,182.0,86.961
NOR,1145.101944444445,190.0,86.961
NOR,1155.6575000000005,190.0,86.961
NOR,1174.501944444445,212.0,86.961
NOR,1191.4575000000004,218.0,86.961
NOR,1206.5908333333339,227.0,86.961
NOR,1224.8686111111117,235.0,86.961
NOR,1243.1463888888893,235.0,86.961
NOR,1262.0463888888894,243.0,86.961
NOR,1278.5797222222227,248.0,86.961
NOR,1298.2575000000006,253.0,86.961
NOR,1321.5300000000007,261.0,86.961
NOR,1345.263333333334,267.0,86.961
NOR,1357.2188888888895,269.0,86.961
NOR,1384.8188888888894,276.0,86.961
NOR,1397.2188888888895,279.0,86.961
NOR,1419.1522222222227,282.0,86.961
NOR,1431.8188888888894,285.0,86.961
NOR,1451.0188888888897,288.0,86.961
NOR,1470.4855555555562,292.0,86.961
NOR,1493.4300000000007,295.0,86.961
NOR,1506.6300000000008,297.0,86.961
NOR,1543.4188888888896,301.0,86.961
NOR,1560.3077777777787,304.0,86.961
NOR,1587.4188888888898,305.0,86.961
NOR,1601.0633333333342,307.0,86.961
NOR,1628.4441666666673,309.0,86.961
NOR,1642.2663888888897,311.0,86.961
NOR,1670.088611111112,313.0,86.961
NOR,1694.5886111111117,315.0,86.961
NOR,1715.7219444444452,317.0,86.961
NOR,1733.3886111111117,318.0,86.961
NOR,1761.6552777777783,318.0,86.961
NOR,1796.8775000000005,317.0,86.961
NOR,1811.010833333334,318.0,86.961
NOR,1842.310833333334,313.0,86.961
NOR,1855.190833333334,288.0,86.961
NOR,1876.6575000000007,276.0,86.961
NOR,1890.2686111111118,245.0,86.961
NOR,1905.1352777777784,223.0,86.961
NOR,1916.9130555555564,212.0,86.961
NOR,1930.3797222222229,202.0,86.961
NOR,1941.3797222222229,198.0,86.961
NOR,1957.7352777777785,184.0,86.961
NOR,1967.6241666666674,178.0,86.961
NOR,1975.4463888888897,176.0,86.961
NOR,1990.379722222223,168.0,86.961
NOR,1997.5352777777787,161.0,86.961
NOR,2010.057500000001,161.0,86.961
NOR,2017.3019444444456,163.0,86.961
NOR,2026.5797222222234,167.0,86.961
NOR,2034.1797222222233,171.0,86.961
NOR,2048.1019444444455,179.0,86.961
NOR,2058.3797222222233,185.0,86.961
NOR,2066.6019444444455,185.0,86.961
NOR,2081.7544444444457,171.0,86.961
NOR,2097.3544444444456,156.0,86.961
NOR,2103.9322222222236,148.0,86.961
NOR,2111.5433333333344,137.0,86.961
NOR,2120.3433333333346,132.0,86.961
NOR,2125.987777777779,127.0,86.961
NOR,2136.832222222223,122.0,86.961
NOR,2143.4433333333345,119.0,86.961
NOR,2155.887777777779,112.0,86.961
NOR,2165.785277777779,111.0,86.961
NOR,2172.007500000001,112.0,86.961
NOR,2182.49638888889,118.0,86.961
NOR,2187.918611111112,122.0,86.961
NOR,2194.9741666666678,127.0,86.961
NOR,2203.6408333333343,130.0,86.961
NOR,2211.418611111112,140.0,86.961
NOR,2230.7297222222232,158.0,86.961
NOR,2240.0075000000006,167.0,86.961
NOR,2257.807500000001,178.0,86.961
NOR,2277.0075000000006,192.0,86.961
NOR,2285.7630555555565,197.0,86.961
NOR,2304.0741666666677,206.0,86.961
NOR,2328.740833333334,222.0,86.961
NOR,2346.4741666666678,228.0,86.961
NOR,2364.7641666666677,236.0,86.961
NOR,2375.253055555557,236.0,86.961
NOR,2394.3086111111124,245.0,86.961
NOR,2419.6086111111126,253.0,86.961
NOR,2442.364166666668,256.0,86.961
NOR,2453.964166666668,261.0,86.961
NOR,2468.630833333335,264.0,86.961
NOR,2486.430833333335,267.0,86.961
NOR,2507.5086111111123,271.0,86.961
NOR,2522.564166666668,271.0,86.961
NOR,2544.0294444444457,275.0,86.961
NOR,2562.562777777779,278.0,86.961
NOR,2581.229444444446,280.0,86.961
NOR,2606.3850000000016,283.0,86.961
NOR,2628.5516666666676,285.0,86.961
NOR,2641.262777777779,286.0,86.961
NOR,2666.862777777779,288.0,86.961
NOR,2683.0294444444457,291.0,86.961
NOR,2699.2516666666675,292.0,86.961
NOR,2715.5294444444453,293.0,86.961
NOR,2738.396111111112,294.0,86.961
NOR,2754.840555555556,296.0,86.961
NOR,2781.240555555556,297.0,86.961
NOR,2807.729444444445,298.0,86.961
NOR,2827.6627777777785,299.0,86.961
NOR,2850.996111111112,300.0,86.961
NOR,2881.196111111112,302.0,86.961
NOR,2904.6786111111114,303.0,86.961
NOR,2934.8786111111112,302.0,86.961
NOR,2975.278611111112,303.0,86.961
NOR,2992.111944444445,303.0,86.961
NOR,3008.778611111112,300.0,86.961
NOR,3028.6452777777786,298.0,86.961
NOR,3058.1452777777786,295.0,86.961
NOR,3081.015555555556,293.0,86.961
NOR,3103.7266666666674,292.0,86.961
NOR,3126.3600000000006,291.0,86.961
NOR,3158.2488888888893,287.0,86.961
NOR,3180.726666666667,289.0,86.961
NOR,3196.782222222222,289.0,86.961
NOR,3222.56,290.0,86.961
NOR,3235.448888888889,290.0,86.961
NOR,3251.6155555555556,291.0,86.961
NOR,3277.5711111111113,292.0,86.961
NOR,3303.7044444444446,294.0,86.961
NOR,3323.3711111111115,295.0,86.961
NOR,3336.5266666666666,296.0,86.961
NOR,3349.726666666667,297.0,86.961
NOR,3369.526666666667,297.0,86.961
NOR,3386.0822222222223,298.0,86.961
NOR,3399.326666666667,298.0,86.961
NOR,3425.9933333333333,300.0,86.961
NOR,3449.243333333333,300.0,86.961
NOR,3465.9655555555555,301.0,86.961
NOR,3486.0322222222217,301.0,86.961
NOR,3512.876666666666,302.0,86.961
NOR,3542.9766666666665,301.0,86.961
NOR,3556.3544444444437,301.0,86.961
NOR,3583.198888888888,302.0,86.961
NOR,3599.921111111111,301.0,86.961
NOR,3620.0713888888886,301.0,86.961
NOR,3643.560277777777,302.0,86.961
NOR,3666.8936111111107,300.0,86.961
NOR,3703.071388888889,296.0,86.961
NOR,3729.026944444445,292.0,86.961
NOR,3751.504722222222,289.0,86.961
NOR,3770.771388888889,289.0,86.961
NOR,3793.0936111111114,287.0,86.961
NOR,3814.7936111111117,279.0,86.961
NOR,3830.0158333333334,274.0,86.961
NOR,3847.8825,268.0,86.961
NOR,3865.6158333333337,266.0,86.961
NOR,3883.215833333334,264.0,86.961
NOR,3909.115833333334,259.0,86.961
NOR,3925.915833333334,252.0,86.961
NOR,3947.0713888888895,238.0,86.961
NOR,3972.0088888888895,225.0,86.961
NOR,3989.5088888888895,225.0,86.961
NOR,4009.3311111111116,223.0,86.961
NOR,4019.375555555556,226.0,86.961
NOR,4039.997777777778,232.0,86.961
NOR,4063.8977777777786,239.0,86.961
NOR,4074.653333333334,242.0,86.961
NOR,4085.586666666667,246.0,86.961
NOR,4108.056666666667,252.0,86.961
NOR,4119.345555555556,254.0,86.961
NOR,4133.512222222223,255.0,86.961
NOR,4150.845555555556,260.0,86.961
NOR,4165.456666666666,263.0,86.961
NOR,4180.234444444444,266.0,86.961
NOR,4192.234444444444,270.0,86.961
NOR,4204.3677777777775,273.0,86.961
NOR,4232.067777777777,277.0,86.961
NOR,4247.623333333333,280.0,86.961
NOR,4279.178888888889,284.0,86.961
NOR,4298.445555555555,289.0,86.961
NOR,4311.334444444445,290.0,86.961
NOR,4324.312222222223,292.0,86.961
NOR,4360.490000000001,296.0,86.961
NOR,4373.734444444445,298.0,86.961
NOR,4390.3455555555565,299.0,86.961
NOR,4410.3455555555565,300.0,86.961
NOR,4427.1788888888905,303.0,86.961
NOR,4450.901111111113,305.0,86.961
NOR,4464.545555555557,307.0,86.961
NOR,4478.148888888891,308.0,86.961
NOR,4498.815555555557,310.0,86.961
NOR,4512.593333333334,310.0,86.961
NOR,4536.860000000001,312.0,86.961
NOR,4561.282222222223,314.0,86.961
NOR,4582.282222222224,315.0,86.961
NOR,4606.860000000001,316.0,86.961
NOR,4624.471111111112,317.0,86.961
NOR,4645.759444444445,318.0,86.961
NOR,4659.892777777779,318.0,86.961
NOR,4681.159444444445,319.0,86.961
NOR,4698.937222222224,320.0,86.961
NOR,4713.159444444445,320.0,86.961
NOR,4727.426111111112,321.0,86.961
NOR,4752.392777777779,321.0,86.961
NOR,4770.226111111113,321.0,86.961
NOR,4784.448333333335,320.0,86.961
NOR,4805.781666666668,320.0,86.961
NOR,4841.226111111113,319.0,86.961
NOR,4855.359444444446,318.0,86.961
NOR,4886.659444444446,313.0,86.961
NOR,4905.79277777778,287.0,86.961
NOR,4926.715000000003,269.0,86.961
NOR,4946.703888888892,257.0,86.961
NOR,4966.148333333335,250.0,86.961
NOR,4982.148333333336,240.0,86.961
NOR,4995.148333333336,234.0,86.961
NOR,5015.059444444447,224.0,86.961
NOR,5039.886111111114,224.0,86.961
NOR,5052.441666666669,226.0,86.961
NOR,5070.330555555558,230.0,86.961
NOR,5088.608333333336,235.0,86.961
NOR,5101.941666666669,240.0,86.961
NOR,5118.0750000000035,242.0,86.961
NOR,5131.865833333336,247.0,86.961
NOR,5148.532500000003,250.0,86.961
NOR,5168.521388888892,257.0,86.961
NOR,5182.91027777778,259.0,86.961
NOR,5206.4658333333355,265.0,86.961
NOR,5221.41027777778,269.0,86.961
NOR,5242.721388888891,274.0,86.961
NOR,5254.943611111113,275.0,86.961
NOR,5267.299166666668,278.0,86.961
NOR,5295.399166666668,281.0,86.961
NOR,5320.554722222224,283.0,86.961
NOR,5354.654722222223,279.0,86.961
NOR,5373.943611111113,248.0,86.961
NOR,5386.110277777779,219.0,86.961
NOR,5400.499166666667,185.0,86.961
NOR,5414.188055555556,154.0,86.961
NOR,5424.843611111112,137.0,86.961
NOR,5430.532500000001,128.0,86.961
NOR,5438.732500000001,123.0,86.961
NOR,5443.9769444444455,118.0,86.961
NOR,5451.47888888889,113.0,86.961
NOR,5458.545555555556,106.0,86.961
NOR,5467.7011111111115,103.0,86.961
NOR,5475.79,104.0,86.961
NOR,5481.678888888889,106.0,86.961
NOR,5486.567777777777,110.0,86.961
NOR,5498.701388888889,121.0,86.961
NOR,5505.590277777777,124.0,86.961
NOR,5518.090277777777,125.0,86.961
NOR,5526.490277777777,126.0,86.961
NOR,5536.2125,125.0,86.961
NOR,5547.412499999999,126.0,86.961
NOR,5553.234722222222,131.0,86.961
NOR,5560.734722222222,135.0,86.961
NOR,5568.512500000001,140.0,86.961
NOR,5576.623611111112,146.0,86.961
NOR,5583.468055555556,154.0,86.961
NOR,5600.368055555556,169.0,86.961
NOR,5614.134722222222,177.0,86.961
NOR,5626.668055555556,188.0,86.961
NOR,5642.145833333334,199.0,86.961
NOR,5665.590277777778,211.0,86.961
NOR,5687.590277777778,220.0,86.961
NOR,5700.090277777778,225.0,86.961
NOR,5715.623611111111,233.0,86.961
NOR,5736.601388888889,236.0,86.961
NOR,5755.433888888889,243.0,86.961
NOR,5769.100555555556,246.0,86.961
NOR,5783.045,251.0,86.961
NOR,5797.211666666666,255.0,86.961
NOR,5814.278333333334,256.0,86.961
PIA,15.163888888888888,265.0,87.092
PIA,27.075,268.0,87.092
PIA,39.03055555555556,269.0,87.092
PIA,60.34166666666667,274.0,87.092
PIA,91.26416666666667,279.0,87.092
PIA,103.75305555555555,281.0,87.092
PIA,119.47527777777776,283.0,87.092
PIA,138.47527777777776,285.0,87.092
PIA,154.4197222222222,287.0,87.092
PIA,170.47527777777776,289.0,87.092
PIA,202.9197222222222,292.0,87.092
PIA,225.78638888888884,294.0,87.092
PIA,238.85305555555553,294.0,87.092
PIA,252.0086111111111,296.0,87.092
PIA,275.1086111111111,297.0,87.092
PIA,308.4419444444444,300.0,87.092
PIA,328.59222222222223,301.0,87.092
PIA,348.79222222222216,303.0,87.092
PIA,372.28111111111104,302.0,87.092
PIA,395.6922222222222,301.0,87.092
PIA,425.69222222222214,300.0,87.092
PIA,448.86999999999995,298.0,87.092
PIA,465.3144444444444,296.0,87.092
PIA,494.8144444444444,295.0,87.092
PIA,507.92555555555543,295.0,87.092
PIA,521.0366666666665,295.0,87.092
PIA,543.981111111111,295.0,87.092
PIA,560.4255555555554,296.0,87.092
PIA,580.0922222222221,295.0,87.092
PIA,599.692222222222,294.0,87.092
PIA,619.292222222222,294.0,87.092
PIA,645.1666666666664,292.0,87.092
PIA,661.333333333333,291.0,87.092
PIA,693.6666666666664,291.0,87.092
PIA,713.1333333333331,292.0,87.092
PIA,726.1111111111109,292.0,87.092
PIA,755.3111111111108,292.0,87.092
PIA,774.7777777777775,292.0,87.092
PIA,793.3111111111108,278.0,87.092
PIA,809.7777777777775,247.0,87.092
PIA,832.3888888888886,185.0,87.092
PIA,840.3047222222219,177.0,87.092
PIA,847.5491666666663,163.0,87.092
PIA,856.104722222222,154.0,87.092
PIA,869.8047222222219,137.0,87.092
PIA,879.9936111111109,131.0,87.092
PIA,888.1936111111108,123.0,87.092
PIA,901.1936111111108,117.0,87.092
PIA,910.5269444444442,120.0,87.092
PIA,921.6380555555553,125.0,87.092
PIA,935.0380555555554,134.0,87.092
PIA,944.3713888888888,140.0,87.092
PIA,959.9713888888888,156.0,87.092
PIA,972.4158333333332,160.0,87.092
PIA,986.0777777777777,137.0,87.092
PIA,991.9444444444443,132.0,87.092
PIA,998.7777777777777,123.0,87.092
PIA,1008.5555555555554,110.0,87.092
PIA,1016.8,106.0,87.092
PIA,1023.5333333333333,101.0,87.092
PIA,1031.1555555555556,98.0,87.092
PIA,1038.388888888889,93.0,87.092
PIA,1045.7777777777778,95.0,87.092
PIA,1052.5111111111112,101.0,87.092
PIA,1060.677777777778,105.0,87.092
PIA,1071.1102777777778,117.0,87.092
PIA,1082.4880555555555,128.0,87.092
PIA,1088.3991666666666,133.0,87.092
PIA,1102.7991666666667,144.0,87.092
PIA,1110.1325,165.0,87.092
PIA,1123.6658333333332,174.0,87.092
PIA,1131.7991666666667,183.0,87.092
PIA,1144.5325,191.0,87.092
PIA,1158.0658333333336,203.0,87.092
PIA,1174.6325000000002,213.0,87.092
PIA,1184.2325,216.0,87.092
PIA,1212.2213888888891,229.0,87.092
PIA,1225.2213888888891,234.0,87.092
PIA,1246.5547222222224,240.0,87.092
PIA,1257.3547222222223,243.0,87.092
PIA,1279.5075,250.0,87.092
PIA,1290.6630555555555,251.0,87.092
PIA,1313.596388888889,258.0,87.092
PIA,1334.0519444444446,263.0,87.092
PIA,1351.9852777777778,269.0,87.092
PIA,1367.096388888889,272.0,87.092
PIA,1391.7186111111112,277.0,87.092
PIA,1423.2741666666668,284.0,87.092
PIA,1435.985277777778,286.0,87.092
PIA,1464.985277777778,290.0,87.092
PIA,1478.088888888889,293.0,87.092
PIA,1501.0333333333335,295.0,87.092
PIA,1517.588888888889,298.0,87.092
PIA,1537.6555555555558,301.0,87.092
PIA,1554.4333333333336,302.0,87.092
PIA,1574.7666666666669,305.0,87.092
PIA,1591.8222222222228,307.0,87.092
PIA,1619.2888888888895,309.0,87.092
PIA,1636.5111111111116,310.0,87.092
PIA,1650.4222222222227,313.0,87.092
PIA,1678.4222222222227,315.0,87.092
PIA,1692.4666666666672,316.0,87.092
PIA,1717.2000000000003,318.0,87.092
PIA,1731.3333333333337,318.0,87.092
PIA,1749.0000000000002,318.0,87.092
PIA,1763.1333333333337,318.0,87.092
PIA,1787.7888888888892,317.0,87.092
PIA,1805.4000000000003,317.0,87.092
PIA,1819.4888888888893,317.0,87.092
PIA,1847.5786111111117,317.0,87.092
PIA,1875.2786111111118,277.0,87.092
PIA,1886.700833333334,257.0,87.092
PIA,1900.0341666666673,240.0,87.092
PIA,1914.9675000000004,224.0,87.092
PIA,1924.4341666666671,213.0,87.092
PIA,1941.7675000000004,195.0,87.092
PIA,1952.1008333333336,186.0,87.092
PIA,1971.6563888888893,176.0,87.092
PIA,1986.5472222222224,167.0,87.092
PIA,1995.6583333333338,164.0,87.092
PIA,2010.502777777778,167.0,87.092
PIA,2018.0583333333336,170.0,87.092
PIA,2027.669444444445,173.0,87.092
PIA,2039.602777777778,179.0,87.092
PIA,2049.880555555556,185.0,87.092
PIA,2071.880555555556,180.0,87.092
PIA,2081.4361111111116,172.0,87.092
PIA,2097.2361111111118,158.0,87.092
PIA,2111.4361111111116,142.0,87.092
PIA,2117.5694444444453,138.0,87.092
PIA,2128.947222222223,128.0,87.092
PIA,2142.2805555555565,120.0,87.092
PIA,2151.3805555555564,117.0,87.092
PIA,2160.4480555555565,117.0,87.092
PIA,2165.6480555555568,117.0,87.092
PIA,2174.670277777779,116.0,87.092
PIA,2186.770277777779,121.0,87.092
PIA,2197.970277777779,126.0,87.092
PIA,2203.792500000001,131.0,87.092
PIA,2211.4036111111122,137.0,87.092
PIA,2220.9369444444455,143.0,87.092
PIA,2232.8369444444456,153.0,87.092
PIA,2241.7813888888904,161.0,87.092
PIA,2255.2850000000017,173.0,87.092
PIA,2267.3516666666683,181.0,87.092
PIA,2280.2183333333346,193.0,87.092
PIA,2298.351666666668,204.0,87.092
PIA,2314.9183333333344,213.0,87.092
PIA,2324.385000000001,213.0,87.092
PIA,2344.651666666668,228.0,87.092
PIA,2357.6516666666676,234.0,87.092
PIA,2370.9294444444454,239.0,87.092
PIA,2384.429444444445,243.0,87.092
PIA,2403.640555555556,247.0,87.092
PIA,2417.585000000001,251.0,87.092
PIA,2440.5183333333343,258.0,87.092
PIA,2463.896111111112,263.0,87.092
PIA,2481.6294444444457,266.0,87.092
PIA,2502.629444444445,270.0,87.092
PIA,2529.929444444445,273.0,87.092
PIA,2551.2419444444454,275.0,87.092
PIA,2579.2419444444454,280.0,87.092
PIA,2617.1086111111117,284.0,87.092
PIA,2632.997500000001,286.0,87.092
PIA,2648.9419444444457,287.0,87.092
PIA,2668.1419444444455,288.0,87.092
PIA,2697.3419444444453,292.0,87.092
PIA,2720.2122222222238,293.0,87.092
PIA,2743.07888888889,294.0,87.092
PIA,2766.1011111111125,296.0,87.092
PIA,2799.212222222224,298.0,87.092
PIA,2822.4677777777792,299.0,87.092
PIA,2839.134444444446,300.0,87.092
PIA,2865.8900000000017,301.0,87.092
PIA,2879.267777777779,301.0,87.092
PIA,2896.045555555557,302.0,87.092
PIA,2922.8900000000012,302.0,87.092
PIA,2949.7344444444457,302.0,87.092
PIA,2969.934444444446,303.0,87.092
PIA,2983.401111111112,303.0,87.092
PIA,2996.8677777777793,303.0,87.092
PIA,3016.867777777779,300.0,87.092
PIA,3033.534444444446,300.0,87.092
PIA,3046.77888888889,298.0,87.092
PIA,3072.912222222223,294.0,87.092
PIA,3095.5422222222232,292.0,87.092
PIA,3111.7088888888898,291.0,87.092
PIA,3131.0422222222232,290.0,87.092
PIA,3156.642222222223,288.0,87.092
PIA,3185.5422222222232,289.0,87.092
PIA,3198.386666666668,289.0,87.092
PIA,3224.075555555557,289.0,87.092
PIA,3240.186666666668,290.0,87.092
PIA,3259.6675000000014,291.0,87.092
PIA,3282.3786111111126,292.0,87.092
PIA,3305.089722222224,292.0,87.092
PIA,3341.145277777779,295.0,87.092
PIA,3367.367500000001,295.0,87.092
PIA,3390.3897222222236,296.0,87.092
PIA,3410.1897222222237,297.0,87.092
PIA,3433.3675000000017,298.0,87.092
PIA,3456.5452777777796,298.0,87.092
PIA,3473.100833333335,298.0,87.092
PIA,3493.034166666668,299.0,87.092
PIA,3512.9675000000016,299.0,87.092
PIA,3532.9008333333345,299.0,87.092
PIA,3562.7008333333342,298.0,87.092
PIA,3582.6341666666676,299.0,87.092
PIA,3609.2119444444456,299.0,87.092
PIA,3642.4619444444456,300.0,87.092
PIA,3665.717500000001,299.0,87.092
PIA,3692.0286111111122,296.0,87.092
PIA,3705.1841666666674,296.0,87.092
PIA,3730.961944444445,290.0,87.092
PIA,3759.661944444445,287.0,87.092
PIA,3772.50638888889,289.0,87.092
PIA,3785.3063888888896,288.0,87.092
PIA,3810.4513888888896,282.0,87.092
PIA,3822.8069444444454,278.0,87.092
PIA,3838.029166666668,274.0,87.092
PIA,3856.0291666666676,270.0,87.092
PIA,3870.9180555555567,268.0,87.092
PIA,3885.5847222222233,264.0,87.092
PIA,3897.1847222222236,261.0,87.092
PIA,3908.6069444444456,257.0,87.092
PIA,3933.006944444446,244.0,87.092
PIA,3946.340277777779,240.0,87.092
PIA,3972.118055555557,232.0,87.092
PIA,3987.518055555557,231.0,87.092
PIA,3997.606944444446,227.0,87.092
PIA,4007.6958333333346,227.0,87.092
PIA,4035.562500000001,228.0,87.092
PIA,4045.9180555555567,233.0,87.092
PIA,4059.0847222222233,237.0,87.092
PIA,4075.0847222222233,240.0,87.092
PIA,4088.640277777779,244.0,87.092
PIA,4108.162500000001,251.0,87.092
PIA,4119.45138888889,254.0,87.092
PIA,4130.669722222223,254.0,87.092
PIA,4147.936388888889,259.0,87.092
PIA,4159.491944444445,260.0,87.092
PIA,4180.025277777779,264.0,87.092
PIA,4201.103055555556,271.0,87.092
PIA,4219.369722222223,274.0,87.092
PIA,4240.914166666667,277.0,87.092
PIA,4256.525277777778,281.0,87.092
PIA,4275.5375,284.0,87.092
PIA,4288.248611111112,286.0,87.092
PIA,4307.5152777777785,289.0,87.092
PIA,4323.681944444446,291.0,87.092
PIA,4336.704166666668,293.0,87.092
PIA,4349.859722222223,296.0,87.092
PIA,4373.037500000001,298.0,87.092
PIA,4389.648611111113,299.0,87.092
PIA,4403.02638888889,301.0,87.092
PIA,4423.1597222222235,302.0,87.092
PIA,4457.048611111113,305.0,87.092
PIA,4470.693055555557,307.0,87.092
PIA,4501.693055555557,310.0,87.092
PIA,4522.426388888892,311.0,87.092
PIA,4546.770833333337,313.0,87.092
PIA,4571.193055555557,314.0,87.092
PIA,4595.61527777778,314.0,87.092
PIA,4616.615277777781,315.0,87.092
PIA,4634.170833333336,316.0,87.092
PIA,4662.348611111113,317.0,87.092
PIA,4697.704444444446,319.0,87.092
PIA,4715.371111111113,318.0,87.092
PIA,4740.1822222222245,319.0,87.092
PIA,4764.993333333336,319.0,87.092
PIA,4782.771111111112,320.0,87.092
PIA,4804.104444444446,320.0,87.092
PIA,4821.915277777779,319.0,87.092
PIA,4843.11527777778,318.0,87.092
PIA,4867.770833333334,317.0,87.092
PIA,4885.381944444445,317.0,87.092
PIA,4911.515277777779,294.0,87.092
PIA,4926.848611111113,276.0,87.092
PIA,4946.8375000000015,257.0,87.092
PIA,4957.9930555555575,251.0,87.092
PIA,4969.015277777779,248.0,87.092
PIA,4993.11527777778,241.0,87.092
PIA,5014.093055555557,236.0,87.092
PIA,5042.326388888891,231.0,87.092
PIA,5060.293055555559,231.0,87.092
PIA,5073.237500000002,233.0,87.092
PIA,5091.748611111113,238.0,87.092
PIA,5113.259722222225,242.0,87.092
PIA,5132.159722222224,243.0,87.092
PIA,5143.270833333336,250.0,87.092
PIA,5160.137500000002,253.0,87.092
PIA,5171.559722222225,257.0,87.092
PIA,5188.820833333335,260.0,87.092
PIA,5206.620833333336,267.0,87.092
PIA,5230.709722222225,271.0,87.092
PIA,5252.176388888892,276.0,87.092
PIA,5267.620833333336,278.0,87.092
PIA,5280.020833333336,279.0,87.092
PIA,5308.399444444447,283.0,87.092
PIA,5324.177222222225,284.0,87.092
PIA,5352.777222222226,286.0,87.092
PIA,5370.577222222225,267.0,87.092
PIA,5387.92166666667,223.0,87.092
PIA,5404.366111111114,185.0,87.092
PIA,5412.588333333337,185.0,87.092
PIA,5421.255000000003,156.0,87.092
PIA,5429.1438888888915,142.0,87.092
PIA,5436.42166666667,131.0,87.092
PIA,5441.888333333336,123.0,87.092
PIA,5452.988333333336,111.0,87.092
PIA,5461.388333333336,108.0,87.092
PIA,5468.321666666669,104.0,87.092
PIA,5476.099444444447,100.0,87.092
PIA,5487.543888888891,103.0,87.092
PIA,5498.6438888888915,111.0,87.092
PIA,5505.255000000003,119.0,87.092
PIA,5513.455000000003,123.0,87.092
PIA,5524.388333333336,123.0,87.092
PIA,5533.920833333336,123.0,87.092
PIA,5540.754166666669,123.0,87.092
PIA,5547.643055555558,124.0,87.092
PIA,5554.754166666668,128.0,87.092
PIA,5563.487500000002,131.0,87.092
PIA,5576.020833333335,141.0,87.092
PIA,5593.286111111112,155.0,87.092
PIA,5610.5861111111135,173.0,87.092
PIA,5622.719444444447,182.0,87.092
PIA,5633.219444444447,189.0,87.092
PIA,5646.486111111113,199.0,87.092
PIA,5655.508333333335,203.0,87.092
PIA,5669.641666666669,212.0,87.092
PIA,5694.4194444444465,223.0,87.092
PIA,5704.46388888889,226.0,87.092
PIA,5719.9305555555575,232.0,87.092
PIA,5735.66388888889,236.0,87.092
PIA,5751.663888888891,240.0,87.092
PIA,5776.363888888891,247.0,87.092
PIA,5790.308333333334,251.0,87.092
PIA,5804.475000000001,255.0,87.092
PIA,5821.675000000002,258.0,87.092
LEC,6.6499999999999995,266.0,87.136
LEC,21.65,270.0,87.136
LEC,46.00555555555556,274.0,87.136
LEC,58.31666666666668,277.0,87.136
LEC,80.09444444444446,280.0,87.136
LEC,108.57333333333335,284.0,87.136
LEC,127.64000000000001,286.0,87.136
LEC,143.64000000000001,288.0,87.136
LEC,169.50666666666666,291.0,87.136
LEC,188.97333333333336,292.0,87.136
LEC,205.3066666666667,294.0,87.136
LEC,234.9066666666667,296.0,87.136
LEC,268.0177777777778,298.0,87.136
LEC,291.3511111111111,300.0,87.136
LEC,321.4511111111111,301.0,87.136
LEC,348.3888888888889,304.0,87.136
LEC,371.87777777777785,302.0,87.136
LEC,402.0777777777778,302.0,87.136
LEC,432.1777777777778,301.0,87.136
LEC,448.78888888888895,299.0,87.136
LEC,475.3666666666667,299.0,87.136
LEC,515.1,298.0,87.136
LEC,548.3222222222223,299.0,87.136
LEC,564.9333333333334,299.0,87.136
LEC,598.0444444444445,298.0,87.136
LEC,611.2888888888889,298.0,87.136
LEC,634.4666666666666,298.0,87.136
LEC,651.1049999999999,298.0,87.136
LEC,664.3494444444443,298.0,87.136
LEC,684.1494444444444,297.0,87.136
LEC,700.6494444444443,297.0,87.136
LEC,713.8938888888887,298.0,87.136
LEC,733.6938888888888,297.0,87.136
LEC,756.7161111111109,296.0,87.136
LEC,769.827222222222,295.0,87.136
LEC,801.116111111111,256.0,87.136
LEC,815.3161111111109,213.0,87.136
LEC,828.7161111111109,201.0,87.136
LEC,843.7383333333331,169.0,87.136
LEC,855.7508333333332,155.0,87.136
LEC,868.9952777777776,149.0,87.136
LEC,878.2619444444442,139.0,87.136
LEC,885.4286111111109,129.0,87.136
LEC,892.4286111111109,126.0,87.136
LEC,900.7619444444442,125.0,87.136
LEC,913.2619444444442,125.0,87.136
LEC,918.8619444444442,126.0,87.136
LEC,937.1286111111109,137.0,87.136
LEC,950.1063888888887,146.0,87.136
LEC,958.439722222222,150.0,87.136
LEC,973.1952777777776,166.0,87.136
LEC,986.9952777777776,138.0,87.136
LEC,996.3619444444442,120.0,87.136
LEC,1003.828611111111,112.0,87.136
LEC,1010.6952777777776,103.0,87.136
LEC,1017.2286111111109,98.0,87.136
LEC,1021.4063888888887,94.0,87.136
LEC,1026.5175,92.0,87.136
LEC,1031.5175,90.0,87.136
LEC,1035.5175,90.0,87.136
LEC,1040.5730555555556,91.0,87.136
LEC,1047.9619444444445,95.0,87.136
LEC,1052.3175,98.0,87.136
LEC,1059.2508333333335,104.0,87.136
LEC,1064.1397222222224,110.0,87.136
LEC,1073.1619444444445,116.0,87.136
LEC,1081.6597222222224,128.0,87.136
LEC,1089.3819444444446,139.0,87.136
LEC,1095.7819444444447,144.0,87.136
LEC,1108.2263888888892,160.0,87.136
LEC,1123.781944444445,175.0,87.136
LEC,1131.9152777777783,183.0,87.136
LEC,1142.6375000000005,193.0,87.136
LEC,1153.693055555556,199.0,87.136
LEC,1167.493055555556,207.0,87.136
LEC,1187.0486111111118,220.0,87.136
LEC,1199.493055555556,224.0,87.136
LEC,1214.693055555556,228.0,87.136
LEC,1225.093055555556,234.0,87.136
LEC,1241.0263888888894,239.0,87.136
LEC,1260.0819444444448,245.0,87.136
LEC,1276.6152777777784,248.0,87.136
LEC,1298.7286111111116,248.0,87.136
LEC,1324.8286111111117,261.0,87.136
LEC,1358.073055555556,272.0,87.136
LEC,1388.9619444444452,278.0,87.136
LEC,1404.6286111111117,282.0,87.136
LEC,1417.2952777777784,285.0,87.136
LEC,1439.8508333333339,290.0,87.136
LEC,1465.8952777777783,293.0,87.136
LEC,1488.9952777777785,297.0,87.136
LEC,1529.3952777777786,303.0,87.136
LEC,1559.9102777777784,306.0,87.136
LEC,1591.0102777777788,311.0,87.136
LEC,1615.354722222223,313.0,87.136
LEC,1636.2213888888898,313.0,87.136
LEC,1653.7769444444452,316.0,87.136
LEC,1674.976944444445,318.0,87.136
LEC,1699.9436111111117,321.0,87.136
LEC,1714.2547222222229,322.0,87.136
LEC,1735.7880555555562,323.0,87.136
LEC,1761.065833333334,325.0,87.136
LEC,1775.5102777777784,325.0,87.136
LEC,1800.7880555555562,325.0,87.136
LEC,1815.1436111111118,323.0,87.136
LEC,1833.1219444444453,322.0,87.136
LEC,1847.2997222222227,319.0,87.136
LEC,1871.2552777777785,308.0,87.136
LEC,1895.8552777777784,246.0,87.136
LEC,1905.9441666666673,227.0,87.136
LEC,1915.6775000000007,219.0,87.136
LEC,1935.6775000000007,200.0,87.136
LEC,1949.7552777777785,181.0,87.136
LEC,1961.288611111112,173.0,87.136
LEC,1982.6219444444453,160.0,87.136
LEC,1994.8330555555565,157.0,87.136
LEC,2010.4330555555564,156.0,87.136
LEC,2021.1216666666676,161.0,87.136
LEC,2038.0216666666674,169.0,87.136
LEC,2050.1550000000007,182.0,87.136
LEC,2058.377222222223,185.0,87.136
LEC,2068.877222222223,189.0,87.136
LEC,2084.2550000000006,173.0,87.136
LEC,2093.310555555556,163.0,87.136
LEC,2107.910555555556,146.0,87.136
LEC,2121.410555555556,135.0,87.136
LEC,2128.5216666666674,128.0,87.136
LEC,2138.2438888888896,125.0,87.136
LEC,2143.7105555555563,123.0,87.136
LEC,2166.3419444444453,113.0,87.136
LEC,2175.2086111111116,114.0,87.136
LEC,2180.408611111112,117.0,87.136
LEC,2194.1863888888897,124.0,87.136
LEC,2199.8308333333343,127.0,87.136
LEC,2211.830833333334,135.0,87.136
LEC,2218.141944444445,142.0,87.136
LEC,2226.364166666667,148.0,87.136
LEC,2238.8086111111115,160.0,87.136
LEC,2258.4752777777785,177.0,87.136
LEC,2266.341944444445,177.0,87.136
LEC,2274.741944444445,189.0,87.136
LEC,2290.2197222222226,199.0,87.136
LEC,2313.938055555556,214.0,87.136
LEC,2323.5825000000004,217.0,87.136
LEC,2335.9158333333335,222.0,87.136
LEC,2351.249166666667,230.0,87.136
LEC,2364.3602777777783,236.0,87.136
LEC,2377.6936111111113,240.0,87.136
LEC,2405.360277777778,249.0,87.136
LEC,2425.1936111111113,255.0,87.136
LEC,2436.6158333333337,257.0,87.136
LEC,2448.2158333333336,261.0,87.136
LEC,2468.826944444445,265.0,87.136
LEC,2498.826944444445,270.0,87.136
LEC,2517.102777777778,273.0,87.136
LEC,2535.4361111111116,275.0,87.136
LEC,2557.136111111112,279.0,87.136
LEC,2578.9916666666677,281.0,87.136
LEC,2607.391666666668,284.0,87.136
LEC,2629.6361111111123,286.0,87.136
LEC,2645.636111111112,288.0,87.136
LEC,2674.636111111112,290.0,87.136
LEC,2687.61388888889,292.0,87.136
LEC,2700.636111111112,293.0,87.136
LEC,2723.5027777777786,294.0,87.136
LEC,2739.9472222222234,296.0,87.136
LEC,2759.6805555555566,296.0,87.136
LEC,2779.4805555555567,297.0,87.136
LEC,2799.41388888889,299.0,87.136
LEC,2826.085833333335,301.0,87.136
LEC,2842.8080555555566,301.0,87.136
LEC,2876.3636111111123,302.0,87.136
LEC,2896.5636111111126,303.0,87.136
LEC,2910.0302777777797,303.0,87.136
LEC,2940.5302777777797,305.0,87.136
LEC,2960.9302777777793,306.0,87.136
LEC,2981.3302777777794,306.0,87.136
LEC,3001.5969444444463,304.0,87.136
LEC,3038.263611111113,300.0,87.136
LEC,3051.6355555555574,299.0,87.136
LEC,3064.924444444446,299.0,87.136
LEC,3081.368888888891,296.0,87.136
LEC,3110.868888888891,295.0,87.136
LEC,3133.6577777777798,293.0,87.136
LEC,3152.9911111111132,290.0,87.136
LEC,3185.4355555555576,292.0,87.136
LEC,3208.2244444444464,293.0,87.136
LEC,3234.4466666666685,295.0,87.136
LEC,3263.9466666666685,295.0,87.136
LEC,3283.6800000000017,296.0,87.136
LEC,3313.4800000000023,298.0,87.136
LEC,3336.6577777777798,298.0,87.136
LEC,3366.5744444444467,300.0,87.136
LEC,3379.90777777778,300.0,87.136
LEC,3396.630000000002,301.0,87.136
LEC,3423.4744444444464,302.0,87.136
LEC,3447.041111111113,303.0,87.136
LEC,3467.2411111111132,303.0,87.136
LEC,3490.885555555558,304.0,87.136
LEC,3514.6077777777796,305.0,87.136
LEC,3538.3300000000017,305.0,87.136
LEC,3558.6633333333352,305.0,87.136
LEC,3582.30777777778,304.0,87.136
LEC,3609.503611111113,305.0,87.136
LEC,3636.6147222222244,305.0,87.136
LEC,3650.125833333336,304.0,87.136
LEC,3680.3258333333356,302.0,87.136
LEC,3693.6591666666686,300.0,87.136
LEC,3716.7591666666685,297.0,87.136
LEC,3730.0036111111126,298.0,87.136
LEC,3749.603611111113,294.0,87.136
LEC,3769.0702777777797,292.0,87.136
LEC,3791.6258333333353,290.0,87.136
LEC,3804.381388888891,287.0,87.136
LEC,3838.236944444446,277.0,87.136
LEC,3853.181388888891,269.0,87.136
LEC,3876.2036111111133,259.0,87.136
LEC,3887.6702777777805,258.0,87.136
LEC,3910.5319444444467,258.0,87.136
LEC,3921.7763888888912,253.0,87.136
LEC,3943.376388888891,243.0,87.136
LEC,3961.3430555555574,231.0,87.136
LEC,3976.409722222224,226.0,87.136
LEC,3988.854166666669,224.0,87.136
LEC,4008.5875000000024,222.0,87.136
LEC,4033.36527777778,223.0,87.136
LEC,4043.36527777778,225.0,87.136
LEC,4066.7652777777803,234.0,87.136
LEC,4077.2302777777804,234.0,87.136
LEC,4095.974722222225,241.0,87.136
LEC,4109.530277777781,244.0,87.136
LEC,4126.263611111113,251.0,87.136
LEC,4140.319166666669,253.0,87.136
LEC,4157.452500000002,257.0,87.136
LEC,4171.8969444444465,260.0,87.136
LEC,4195.541388888891,266.0,87.136
LEC,4210.430277777779,268.0,87.136
LEC,4222.563611111113,273.0,87.136
LEC,4247.185833333335,277.0,87.136
LEC,4259.541388888891,278.0,87.136
LEC,4281.552500000002,283.0,87.136
LEC,4294.219166666668,285.0,87.136
LEC,4310.219166666668,288.0,87.136
LEC,4323.108055555556,290.0,87.136
LEC,4345.896944444446,293.0,87.136
LEC,4362.285833333333,295.0,87.136
LEC,4375.485833333334,297.0,87.136
LEC,4402.069166666666,300.0,87.136
LEC,4432.469166666666,304.0,87.136
LEC,4446.024722222222,305.0,87.136
LEC,4463.080277777777,307.0,87.136
LEC,4483.746944444445,310.0,87.136
LEC,4497.569166666667,311.0,87.136
LEC,4525.39138888889,313.0,87.136
LEC,4542.891388888889,315.0,87.136
LEC,4578.224722222223,318.0,87.136
LEC,4606.668888888889,319.0,87.136
LEC,4624.446666666668,320.0,87.136
LEC,4652.9800000000005,321.0,87.136
LEC,4667.335555555557,323.0,87.136
LEC,4685.280000000001,323.0,87.136
LEC,4706.9466666666685,325.0,87.136
LEC,4725.002222222224,325.0,87.136
LEC,4764.724444444446,325.0,87.136
LEC,4782.780000000002,325.0,87.136
LEC,4815.380000000002,326.0,87.136
LEC,4847.680000000002,323.0,87.136
LEC,4861.991111111113,322.0,87.136
LEC,4890.435555555557,320.0,87.136
LEC,4923.768888888891,300.0,87.136
LEC,4944.380000000002,265.0,87.136
LEC,4963.367500000002,245.0,87.136
LEC,4973.900833333335,237.0,87.136
LEC,4992.334166666668,237.0,87.136
LEC,5014.234166666668,219.0,87.136
LEC,5033.256388888891,214.0,87.136
LEC,5042.6341666666685,211.0,87.136
LEC,5054.356388888891,211.0,87.136
LEC,5068.556388888891,213.0,87.136
LEC,5085.667500000002,220.0,87.136
LEC,5097.945277777781,221.0,87.136
LEC,5115.820000000003,229.0,87.136
LEC,5131.353333333336,233.0,87.136
LEC,5147.486666666669,242.0,87.136
LEC,5169.442222222226,247.0,87.136
LEC,5189.275555555559,255.0,87.136
LEC,5200.69777777778,257.0,87.136
LEC,5224.075555555557,263.0,87.136
LEC,5238.908888888891,267.0,87.136
LEC,5253.908888888891,270.0,87.136
LEC,5269.075555555558,273.0,87.136
LEC,5290.542222222225,276.0,87.136
LEC,5306.042222222224,279.0,87.136
LEC,5331.020000000002,281.0,87.136
LEC,5355.997777777779,281.0,87.136
LEC,5374.7977777777805,282.0,87.136
LEC,5392.764444444448,231.0,87.136
LEC,5411.564444444448,188.0,87.136
LEC,5423.886944444448,159.0,87.136
LEC,5436.986944444448,131.0,87.136
LEC,5451.920277777782,112.0,87.136
LEC,5457.920277777782,108.0,87.136
LEC,5463.4758333333375,100.0,87.136
LEC,5470.009166666671,98.0,87.136
LEC,5479.709166666671,97.0,87.136
LEC,5487.514722222227,100.0,87.136
LEC,5495.836944444449,107.0,87.136
LEC,5505.170277777782,120.0,87.136
LEC,5518.94805555556,124.0,87.136
LEC,5528.436944444449,122.0,87.136
LEC,5535.159166666672,121.0,87.136
LEC,5546.092500000005,123.0,87.136
LEC,5551.559166666671,123.0,87.136
LEC,5558.614722222227,127.0,87.136
LEC,5570.792500000005,137.0,87.136
LEC,5583.770277777782,146.0,87.136
LEC,5593.703611111116,149.0,87.136
LEC,5600.903611111116,162.0,87.136
LEC,5608.503611111116,171.0,87.136
LEC,5620.503611111116,180.0,87.136
LEC,5630.94805555556,188.0,87.136
LEC,5639.614722222226,195.0,87.136
LEC,5657.836944444449,205.0,87.136
LEC,5674.421944444449,214.0,87.136
LEC,5686.4775000000045,217.0,87.136
LEC,5701.210833333337,221.0,87.136
LEC,5721.655277777782,230.0,87.136
LEC,5745.655277777782,240.0,87.136
LEC,5756.410833333338,242.0,87.136
LEC,5778.63305555556,250.0,87.136
LEC,5792.744166666671,254.0,87.136
LEC,5809.948888888893,257.0,87.136
SAI,2.9222222222222225,263.0,87.148
SAI,14.744444444444444,266.0,87.148
SAI,51.144444444444446,273.0,87.148
SAI,75.58888888888889,275.0,87.148
SAI,91.08888888888889,279.0,87.148
SAI,116.15555555555557,282.0,87.148
SAI,144.95555555555555,288.0,87.148
SAI,167.59166666666667,290.0,87.148
SAI,186.99166666666665,291.0,87.148
SAI,206.525,293.0,87.148
SAI,226.19166666666666,295.0,87.148
SAI,239.34722222222223,296.0,87.148
SAI,255.9027777777778,298.0,87.148
SAI,272.5138888888889,299.0,87.148
SAI,285.8027777777778,299.0,87.148
SAI,302.5805555555556,302.0,87.148
SAI,326.06944444444446,302.0,87.148
SAI,339.5805555555555,304.0,87.148
SAI,359.78055555555557,303.0,87.148
SAI,373.24722222222226,303.0,87.148
SAI,396.7361111111112,302.0,87.148
SAI,416.71916666666675,301.0,87.148
SAI,433.38583333333344,300.0,87.148
SAI,446.7636111111112,301.0,87.148
SAI,470.09694444444455,300.0,87.148
SAI,496.5858333333335,298.0,87.148
SAI,509.83027777777795,298.0,87.148
SAI,526.3858333333335,298.0,87.148
SAI,543.0525000000001,300.0,87.148
SAI,563.0525000000001,300.0,87.148
SAI,589.7191666666669,300.0,87.148
SAI,606.330277777778,299.0,87.148
SAI,626.2636111111112,299.0,87.148
SAI,639.5080555555556,298.0,87.148
SAI,659.3747222222223,298.0,87.148
SAI,682.5525,298.0,87.148
SAI,702.4191666666667,298.0,87.148
SAI,728.9908333333333,298.0,87.148
SAI,758.5908333333334,296.0,87.148
SAI,793.5463888888889,286.0,87.148
SAI,818.2130555555557,222.0,87.148
SAI,829.2130555555557,198.0,87.148
SAI,837.2130555555557,180.0,87.148
SAI,849.6575000000001,160.0,87.148
SAI,863.0797222222224,151.0,87.148
SAI,873.8130555555557,138.0,87.148
SAI,890.2130555555557,123.0,87.148
SAI,902.0800000000002,119.0,87.148
SAI,914.0800000000002,120.0,87.148
SAI,923.8800000000001,126.0,87.148
SAI,932.5466666666667,130.0,87.148
SAI,939.9911111111112,134.0,87.148
SAI,949.3911111111112,141.0,87.148
SAI,961.2133333333335,152.0,87.148
SAI,968.368888888889,161.0,87.148
SAI,978.4355555555557,151.0,87.148
SAI,988.5466666666669,130.0,87.148
SAI,993.8355555555557,119.0,87.148
SAI,1002.4688888888891,111.0,87.148
SAI,1007.1800000000002,106.0,87.148
SAI,1012.8750000000002,102.0,87.148
SAI,1017.4083333333335,102.0,87.148
SAI,1025.0305555555558,98.0,87.148
SAI,1034.4305555555559,94.0,87.148
SAI,1038.6083333333336,94.0,87.148
SAI,1042.8305555555557,95.0,87.148
SAI,1053.1305555555557,103.0,87.148
SAI,1061.6083333333336,109.0,87.148
SAI,1069.1416666666669,113.0,87.148
SAI,1086.7416666666668,132.0,87.148
SAI,1097.9416666666668,144.0,87.148
SAI,1113.8416666666667,159.0,87.148
SAI,1125.4597222222224,175.0,87.148
SAI,1144.2597222222223,188.0,87.148
SAI,1157.4597222222221,198.0,87.148
SAI,1166.4375,202.0,87.148
SAI,1178.1041666666667,210.0,87.148
SAI,1197.5708333333334,219.0,87.148
SAI,1210.0152777777778,224.0,87.148
SAI,1233.4152777777776,234.0,87.148
SAI,1257.5152777777776,241.0,87.148
SAI,1271.181944444444,246.0,87.148
SAI,1290.6263888888886,250.0,87.148
SAI,1301.8263888888887,252.0,87.148
SAI,1355.500833333333,268.0,87.148
SAI,1376.889722222222,275.0,87.148
SAI,1389.2452777777773,278.0,87.148
SAI,1420.911944444444,285.0,87.148
SAI,1433.6230555555553,286.0,87.148
SAI,1459.489722222222,291.0,87.148
SAI,1472.5563888888887,294.0,87.148
SAI,1489.000833333333,296.0,87.148
SAI,1512.3341666666665,300.0,87.148
SAI,1546.000833333333,303.0,87.148
SAI,1559.600833333333,306.0,87.148
SAI,1573.2452777777773,307.0,87.148
SAI,1597.3563888888887,310.0,87.148
SAI,1632.1580555555552,314.0,87.148
SAI,1646.2024999999996,316.0,87.148
SAI,1663.813611111111,317.0,87.148
SAI,1685.0136111111108,318.0,87.148
SAI,1702.7913888888884,320.0,87.148
SAI,1720.6802777777773,322.0,87.148
SAI,1756.6802777777775,324.0,87.148
SAI,1781.9580555555551,325.0,87.148
SAI,1796.4024999999997,325.0,87.148
SAI,1810.8024999999998,324.0,87.148
SAI,1835.924722222222,323.0,87.148
SAI,1867.8136111111107,287.0,87.148
SAI,1885.4199999999998,263.0,87.148
SAI,1901.6866666666665,244.0,87.148
SAI,1918.8755555555554,221.0,87.148
SAI,1935.053333333333,208.0,87.148
SAI,1953.153333333333,181.0,87.148
SAI,1966.6088888888885,173.0,87.148
SAI,1975.8311111111107,166.0,87.148
SAI,1991.5311111111107,157.0,87.148
SAI,1998.3311111111107,153.0,87.148
SAI,2005.1311111111106,153.0,87.148
SAI,2017.4199999999996,158.0,87.148
SAI,2026.4199999999996,162.0,87.148
SAI,2037.553333333333,167.0,87.148
SAI,2049.4199999999996,178.0,87.148
SAI,2061.686666666666,184.0,87.148
SAI,2078.079722222222,185.0,87.148
SAI,2088.3574999999996,185.0,87.148
SAI,2105.2463888888883,152.0,87.148
SAI,2114.7797222222216,143.0,87.148
SAI,2121.001944444444,140.0,87.148
SAI,2134.1019444444437,131.0,87.148
SAI,2142.635277777777,128.0,87.148
SAI,2150.9019444444434,124.0,87.148
SAI,2158.96861111111,121.0,87.148
SAI,2173.26861111111,117.0,87.148
SAI,2178.50111111111,117.0,87.148
SAI,2183.7455555555543,118.0,87.148
SAI,2190.412222222221,120.0,87.148
SAI,2202.712222222221,123.0,87.148
SAI,2212.978888888888,132.0,87.148
SAI,2222.378888888888,141.0,87.148
SAI,2239.2677777777767,152.0,87.148
SAI,2251.712222222221,160.0,87.148
SAI,2267.445555555554,177.0,87.148
SAI,2286.3455555555543,189.0,87.148
SAI,2299.7455555555543,201.0,87.148
SAI,2320.8455555555543,211.0,87.148
SAI,2338.034444444443,221.0,87.148
SAI,2361.1699999999987,232.0,87.148
SAI,2371.4811111111094,232.0,87.148
SAI,2384.758888888887,239.0,87.148
SAI,2406.625555555554,246.0,87.148
SAI,2425.9144444444423,248.0,87.148
SAI,2443.1144444444426,258.0,87.148
SAI,2463.3366666666648,260.0,87.148
SAI,2483.947777777776,265.0,87.148
SAI,2504.947777777776,270.0,87.148
SAI,2523.081111111109,272.0,87.148
SAI,2544.5477777777755,276.0,87.148
SAI,2569.5144444444422,280.0,87.148
SAI,2594.669999999998,283.0,87.148
SAI,2607.2922222222205,284.0,87.148
SAI,2635.9922222222203,287.0,87.148
SAI,2648.79222222222,288.0,87.148
SAI,2671.4255555555533,291.0,87.148
SAI,2684.4033333333314,292.0,87.148
SAI,2703.869999999998,292.0,87.148
SAI,2723.536666666664,295.0,87.148
SAI,2746.636666666664,297.0,87.148
SAI,2759.8811111111086,298.0,87.148
SAI,2796.425555555553,299.0,87.148
SAI,2813.1477777777745,301.0,87.148
SAI,2839.992222222219,302.0,87.148
SAI,2853.458888888886,303.0,87.148
SAI,2880.3966666666643,304.0,87.148
SAI,2893.9522222222195,305.0,87.148
SAI,2921.063333333331,305.0,87.148
SAI,2944.9411111111085,307.0,87.148
SAI,2965.474444444442,308.0,87.148
SAI,2982.529999999997,307.0,87.148
SAI,3009.5522222222194,304.0,87.148
SAI,3042.8855555555524,300.0,87.148
SAI,3056.1744444444416,299.0,87.148
SAI,3085.8744444444415,297.0,87.148
SAI,3099.1122222222193,296.0,87.148
SAI,3122.0566666666637,295.0,87.148
SAI,3138.334444444441,293.0,87.148
SAI,3157.734444444441,291.0,87.148
SAI,3173.956666666663,292.0,87.148
SAI,3193.489999999996,293.0,87.148
SAI,3209.8233333333296,294.0,87.148
SAI,3235.956666666663,294.0,87.148
SAI,3252.289999999996,294.0,87.148
SAI,3265.445555555552,296.0,87.148
SAI,3291.845555555552,297.0,87.148
SAI,3305.089999999996,298.0,87.148
SAI,3328.3455555555515,299.0,87.148
SAI,3341.6344444444408,299.0,87.148
SAI,3358.3011111111073,300.0,87.148
SAI,3371.6788888888855,301.0,87.148
SAI,3395.167777777774,302.0,87.148
SAI,3411.945555555552,302.0,87.148
SAI,3425.412222222219,303.0,87.148
SAI,3452.3499999999963,304.0,87.148
SAI,3482.8499999999963,305.0,87.148
SAI,3496.4499999999966,306.0,87.148
SAI,3513.449999999996,306.0,87.148
SAI,3533.8499999999963,306.0,87.148
SAI,3547.4499999999966,306.0,87.148
SAI,3574.561111111108,305.0,87.148
SAI,3591.5611111111075,306.0,87.148
SAI,3625.5611111111075,306.0,87.148
SAI,3652.9352777777744,307.0,87.148
SAI,3669.7686111111075,303.0,87.148
SAI,3696.524166666663,301.0,87.148
SAI,3709.813055555552,299.0,87.148
SAI,3726.3686111111074,298.0,87.148
SAI,3746.101944444441,296.0,87.148
SAI,3762.4352777777744,294.0,87.148
SAI,3798.1241666666633,292.0,87.148
SAI,3814.068611111107,287.0,87.148
SAI,3841.4686111111077,274.0,87.148
SAI,3867.6686111111076,262.0,87.148
SAI,3879.135277777774,258.0,87.148
SAI,3901.8019444444403,255.0,87.148
SAI,3928.8019444444403,243.0,87.148
SAI,3947.0019444444406,234.0,87.148
SAI,3964.4394444444406,225.0,87.148
SAI,3974.306111111107,222.0,87.148
SAI,3991.572777777774,222.0,87.148
SAI,4013.872777777774,223.0,87.148
SAI,4033.961666666663,226.0,87.148
SAI,4044.094999999996,228.0,87.148
SAI,4056.872777777774,230.0,87.148
SAI,4072.4061111111073,233.0,87.148
SAI,4090.9172222222187,238.0,87.148
SAI,4104.417222222219,243.0,87.148
SAI,4123.853055555552,249.0,87.148
SAI,4140.586388888885,251.0,87.148
SAI,4157.653055555552,256.0,87.148
SAI,4180.941944444441,262.0,87.148
SAI,4201.786388888886,268.0,87.148
SAI,4213.741944444441,269.0,87.148
SAI,4238.008611111108,273.0,87.148
SAI,4253.397499999996,277.0,87.148
SAI,4269.008611111107,281.0,87.148
SAI,4284.786388888885,284.0,87.148
SAI,4307.186388888886,288.0,87.148
SAI,4323.353055555553,291.0,87.148
SAI,4349.486388888886,294.0,87.148
SAI,4375.886388888886,297.0,87.148
SAI,4395.886388888886,300.0,87.148
SAI,4419.453055555553,303.0,87.148
SAI,4449.953055555553,305.0,87.148
SAI,4473.823055555553,308.0,87.148
SAI,4504.923055555553,311.0,87.148
SAI,4546.923055555553,315.0,87.148
SAI,4564.5341666666645,317.0,87.148
SAI,4582.2008333333315,318.0,87.148
SAI,4603.467499999998,319.0,87.148
SAI,4635.467499999998,320.0,87.148
SAI,4660.523333333332,321.0,87.148
SAI,4685.645555555553,323.0,87.148
SAI,4710.845555555553,324.0,87.148
SAI,4747.0677777777755,326.0,87.148
SAI,4772.501111111109,327.0,87.148
SAI,4790.7233333333315,328.0,87.148
SAI,4819.789999999997,327.0,87.148
SAI,4834.278888888885,326.0,87.148
SAI,4852.334444444441,325.0,87.148
SAI,4880.867777777775,321.0,87.148
SAI,4907.801111111107,303.0,87.148
SAI,4926.801111111108,285.0,87.148
SAI,4938.712222222219,268.0,87.148
SAI,4950.0899999999965,256.0,87.148
SAI,4966.556666666663,247.0,87.148
SAI,4979.778888888885,238.0,87.148
SAI,4990.22333333333,235.0,87.148
SAI,5010.045555555553,223.0,87.148
SAI,5027.018055555553,219.0,87.148
SAI,5039.3513888888865,222.0,87.148
SAI,5054.218055555553,223.0,87.148
SAI,5074.218055555554,225.0,87.148
SAI,5097.118055555554,229.0,87.148
SAI,5107.38472222222,231.0,87.148
SAI,5128.629166666665,239.0,87.148
SAI,5142.129166666664,243.0,87.148
SAI,5158.664444444442,247.0,87.148
SAI,5178.419999999997,254.0,87.148
SAI,5198.5644444444415,259.0,87.148
SAI,5231.0755555555525,266.0,87.148
SAI,5255.164444444442,271.0,87.148
SAI,5276.553333333331,275.0,87.148
SAI,5295.019999999997,277.0,87.148
SAI,5316.95333333333,282.0,87.148
SAI,5338.964444444441,283.0,87.148
SAI,5354.686666666664,283.0,87.148
SAI,5373.55333333333,283.0,87.148
SAI,5389.619999999997,241.0,87.148
SAI,5403.75333333333,212.0,87.148
SAI,5420.15333333333,164.0,87.148
SAI,5430.15333333333,150.0,87.148
SAI,5442.419999999997,138.0,87.148
SAI,5455.387499999997,117.0,87.148
SAI,5463.865277777775,109.0,87.148
SAI,5472.843055555552,101.0,87.148
SAI,5477.287499999997,100.0,87.148
SAI,5486.531944444441,104.0,87.148
SAI,5497.731944444441,112.0,87.148
SAI,5502.709722222219,112.0,87.148
SAI,5508.087499999997,121.0,87.148
SAI,5519.144166666663,124.0,87.148
SAI,5524.566388888886,122.0,87.148
SAI,5531.288611111108,121.0,87.148
SAI,5539.421944444442,122.0,87.148
SAI,5546.255277777775,123.0,87.148
SAI,5553.199722222219,125.0,87.148
SAI,5558.799722222219,126.0,87.148
SAI,5564.533055555553,129.0,87.148
SAI,5578.4330555555525,139.0,87.148
SAI,5586.4330555555525,144.0,87.148
SAI,5603.766388888886,156.0,87.148
SAI,5614.766388888886,165.0,87.148
SAI,5622.499722222219,174.0,87.148
SAI,5630.633055555552,183.0,87.148
SAI,5654.71083333333,197.0,87.148
SAI,5663.466388888886,197.0,87.148
SAI,5675.188611111108,211.0,87.148
SAI,5689.655277777775,217.0,87.148
SAI,5701.933055555553,221.0,87.148
SAI,5719.821944444442,230.0,87.148
SAI,5730.088611111109,231.0,87.148
SAI,5740.467777777774,235.0,87.148
SAI,5756.467777777775,240.0,87.148
SAI,5767.267777777775,243.0,87.148
SAI,5786.71222222222,250.0,87.148
SAI,5806.623333333331,256.0,87.148
SAI,5823.889999999998,259.0,87.148
RUS,0.7305555555555556,263.0,87.155
RUS,12.508333333333335,265.0,87.155
RUS,30.508333333333333,270.0,87.155
RUS,42.55277777777778,271.0,87.155
RUS,63.863888888888894,274.0,87.155
RUS,82.32000000000001,278.0,87.155
RUS,97.87555555555556,280.0,87.155
RUS,110.36444444444446,281.0,87.155
RUS,132.53111111111113,285.0,87.155
RUS,158.04222222222222,287.0,87.155
RUS,170.88666666666668,289.0,87.155
RUS,187.05333333333334,291.0,87.155
RUS,203.22000000000003,291.0,87.155
RUS,222.82000000000005,294.0,87.155
RUS,249.13111111111115,296.0,87.155
RUS,265.6311111111112,297.0,87.155
RUS,285.5644444444445,299.0,87.155
RUS,298.8977777777779,300.0,87.155
RUS,318.96444444444455,301.0,87.155
RUS,342.3755555555556,301.0,87.155
RUS,362.5088888888889,302.0,87.155
RUS,389.34805555555556,301.0,87.155
RUS,419.2480555555556,299.0,87.155
RUS,455.5480555555556,297.0,87.155
RUS,488.3258333333333,295.0,87.155
RUS,504.71472222222224,295.0,87.155
RUS,517.781388888889,294.0,87.155
RUS,540.8036111111112,296.0,87.155
RUS,567.2036111111112,297.0,87.155
RUS,590.2258333333334,296.0,87.155
RUS,629.6925,296.0,87.155
RUS,659.1105555555555,295.0,87.155
RUS,688.6105555555556,295.0,87.155
RUS,711.555,295.0,87.155
RUS,731.2216666666666,295.0,87.155
RUS,747.6105555555554,295.0,87.155
RUS,767.277222222222,295.0,87.155
RUS,788.3549999999998,271.0,87.155
RUS,799.0216666666664,240.0,87.155
RUS,813.2216666666665,213.0,87.155
RUS,827.766111111111,187.0,87.155
RUS,835.8105555555554,181.0,87.155
RUS,848.7216666666665,166.0,87.155
RUS,855.6994444444442,157.0,87.155
RUS,864.0186111111109,149.0,87.155
RUS,870.4630555555552,145.0,87.155
RUS,880.9630555555552,135.0,87.155
RUS,893.6630555555552,127.0,87.155
RUS,899.1741666666662,124.0,87.155
RUS,904.551944444444,121.0,87.155
RUS,917.151944444444,126.0,87.155
RUS,927.1074999999996,128.0,87.155
RUS,936.3074999999997,138.0,87.155
RUS,956.5741666666663,152.0,87.155
RUS,969.0186111111108,160.0,87.155
RUS,982.9186111111107,139.0,87.155
RUS,991.4827777777774,129.0,87.155
RUS,1002.9827777777774,115.0,87.155
RUS,1010.2494444444441,109.0,87.155
RUS,1014.9161111111107,105.0,87.155
RUS,1020.5827777777773,102.0,87.155
RUS,1029.2938888888884,98.0,87.155
RUS,1034.5716666666663,95.0,87.155
RUS,1044.2716666666663,97.0,87.155
RUS,1054.3716666666662,101.0,87.155
RUS,1060.2605555555551,106.0,87.155
RUS,1069.1272222222217,114.0,87.155
RUS,1074.549444444444,122.0,87.155
RUS,1105.5924999999995,155.0,87.155
RUS,1118.036944444444,160.0,87.155
RUS,1125.725833333333,173.0,87.155
RUS,1146.3924999999995,186.0,87.155
RUS,1155.1924999999994,198.0,87.155
RUS,1173.6813888888883,208.0,87.155
RUS,1183.1924999999994,214.0,87.155
RUS,1195.4147222222216,220.0,87.155
RUS,1213.148055555555,228.0,87.155
RUS,1239.4813888888882,237.0,87.155
RUS,1250.1036111111105,239.0,87.155
RUS,1260.9036111111104,243.0,87.155
RUS,1280.2702777777772,249.0,87.155
RUS,1308.2002777777773,252.0,87.155
RUS,1319.7113888888885,259.0,87.155
RUS,1334.378055555555,264.0,87.155
RUS,1352.3113888888881,269.0,87.155
RUS,1367.478055555555,273.0,87.155
RUS,1382.8113888888884,276.0,87.155
RUS,1414.2558333333327,283.0,87.155
RUS,1436.5002777777772,286.0,87.155
RUS,1449.3447222222217,289.0,87.155
RUS,1462.3224999999995,292.0,87.155
RUS,1485.189166666666,294.0,87.155
RUS,1518.4113888888885,299.0,87.155
RUS,1538.695555555555,303.0,87.155
RUS,1558.9622222222215,304.0,87.155
RUS,1582.9177777777772,308.0,87.155
RUS,1607.0288888888886,310.0,87.155
RUS,1638.3288888888885,313.0,87.155
RUS,1662.7511111111107,314.0,87.155
RUS,1680.3066666666662,316.0,87.155
RUS,1712.1066666666661,318.0,87.155
RUS,1726.2844444444438,319.0,87.155
RUS,1740.506666666666,320.0,87.155
RUS,1765.395555555555,320.0,87.155
RUS,1783.1733333333327,320.0,87.155
RUS,1804.4399999999991,319.0,87.155
RUS,1825.7733333333326,320.0,87.155
RUS,1846.9733333333324,318.0,87.155
RUS,1871.8730555555546,281.0,87.155
RUS,1886.2619444444438,259.0,87.155
RUS,1911.3730555555549,226.0,87.155
RUS,1925.2397222222214,208.0,87.155
RUS,1934.2174999999993,202.0,87.155
RUS,1952.7174999999995,185.0,87.155
RUS,1964.584166666666,178.0,87.155
RUS,1975.8508333333327,169.0,87.155
RUS,1986.7841666666661,164.0,87.155
RUS,2006.584166666666,162.0,87.155
RUS,2013.963333333333,165.0,87.155
RUS,2021.2966666666662,165.0,87.155
RUS,2031.074444444444,176.0,87.155
RUS,2049.474444444444,184.0,87.155
RUS,2064.33,191.0,87.155
RUS,2076.93,189.0,87.155
RUS,2096.7077777777777,178.0,87.155
RUS,2108.374444444444,150.0,87.155
RUS,2120.641111111111,138.0,87.155
RUS,2133.141111111111,125.0,87.155
RUS,2141.141111111111,120.0,87.155
RUS,2152.541111111111,114.0,87.155
RUS,2161.1744444444444,111.0,87.155
RUS,2172.243611111111,111.0,87.155
RUS,2177.3102777777776,114.0,87.155
RUS,2183.8102777777776,117.0,87.155
RUS,2194.654722222222,122.0,87.155
RUS,2204.7658333333334,130.0,87.155
RUS,2213.8991666666666,137.0,87.155
RUS,2225.4102777777775,148.0,87.155
RUS,2238.0102777777774,162.0,87.155
RUS,2251.4658333333327,173.0,87.155
RUS,2263.599166666666,182.0,87.155
RUS,2278.688055555555,194.0,87.155
RUS,2296.7888888888883,203.0,87.155
RUS,2315.6333333333328,212.0,87.155
RUS,2325.3666666666663,219.0,87.155
RUS,2348.3666666666663,230.0,87.155
RUS,2358.7222222222217,233.0,87.155
RUS,2377.3888888888887,240.0,87.155
RUS,2388.277777777778,245.0,87.155
RUS,2404.8777777777773,249.0,87.155
RUS,2421.744444444444,253.0,87.155
RUS,2441.8888888888887,259.0,87.155
RUS,2453.4888888888886,261.0,87.155
RUS,2486.1222222222223,267.0,87.155
RUS,2501.0666666666666,269.0,87.155
RUS,2525.3333333333335,273.0,87.155
RUS,2537.555555555556,275.0,87.155
RUS,2562.1894444444447,278.0,87.155
RUS,2574.589444444445,279.0,87.155
RUS,2599.6561111111114,282.0,87.155
RUS,2621.8227777777784,285.0,87.155
RUS,2640.8894444444445,286.0,87.155
RUS,2656.945,289.0,87.155
RUS,2682.811666666667,291.0,87.155
RUS,2715.4783333333335,294.0,87.155
RUS,2728.589444444445,295.0,87.155
RUS,2758.1894444444447,296.0,87.155
RUS,2771.471944444444,297.0,87.155
RUS,2794.7274999999995,299.0,87.155
RUS,2811.338611111111,299.0,87.155
RUS,2831.338611111111,300.0,87.155
RUS,2848.0608333333325,301.0,87.155
RUS,2868.194166666666,302.0,87.155
RUS,2885.0274999999992,303.0,87.155
RUS,2911.9608333333326,303.0,87.155
RUS,2928.8497222222218,304.0,87.155
RUS,2942.360833333333,304.0,87.155
RUS,2969.5608333333325,306.0,87.155
RUS,2983.071944444444,304.0,87.155
RUS,3006.560833333333,302.0,87.155
RUS,3019.894166666666,300.0,87.155
RUS,3036.4497222222217,298.0,87.155
RUS,3049.6941666666658,298.0,87.155
RUS,3072.63861111111,295.0,87.155
RUS,3088.9719444444436,294.0,87.155
RUS,3101.9941666666655,293.0,87.155
RUS,3127.779999999999,291.0,87.155
RUS,3156.8799999999987,291.0,87.155
RUS,3169.8133333333317,291.0,87.155
RUS,3185.924444444443,290.0,87.155
RUS,3205.3911111111097,292.0,87.155
RUS,3218.3244444444426,291.0,87.155
RUS,3244.368888888887,293.0,87.155
RUS,3260.6466666666647,293.0,87.155
RUS,3293.4244444444425,295.0,87.155
RUS,3319.906944444442,297.0,87.155
RUS,3336.4069444444426,297.0,87.155
RUS,3362.8958333333317,298.0,87.155
RUS,3376.1847222222204,299.0,87.155
RUS,3392.7958333333318,299.0,87.155
RUS,3412.729166666665,299.0,87.155
RUS,3429.3958333333317,300.0,87.155
RUS,3466.184722222221,301.0,87.155
RUS,3482.9069444444426,301.0,87.155
RUS,3513.1069444444424,302.0,87.155
RUS,3543.3069444444423,302.0,87.155
RUS,3556.7291666666647,302.0,87.155
RUS,3583.573611111109,302.0,87.155
RUS,3617.0180555555535,301.0,87.155
RUS,3640.5069444444425,302.0,87.155
RUS,3663.756944444442,300.0,87.155
RUS,3677.0458333333313,299.0,87.155
RUS,3700.0680555555537,296.0,87.155
RUS,3729.1680555555536,291.0,87.155
RUS,3754.9458333333314,290.0,87.155
RUS,3767.7902777777754,289.0,87.155
RUS,3783.845833333331,289.0,87.155
RUS,3802.845833333331,285.0,87.155
RUS,3824.1569444444417,274.0,87.155
RUS,3839.1013888888865,269.0,87.155
RUS,3859.4738888888864,261.0,87.155
RUS,3876.60722222222,257.0,87.155
RUS,3893.60722222222,255.0,87.155
RUS,3915.473888888887,246.0,87.155
RUS,3933.7516666666643,235.0,87.155
RUS,3943.929444444442,229.0,87.155
RUS,3963.7516666666643,223.0,87.155
RUS,3975.8072222222195,217.0,87.155
RUS,3987.8072222222195,216.0,87.155
RUS,3999.862777777775,217.0,87.155
RUS,4016.7405555555524,217.0,87.155
RUS,4029.0183333333302,221.0,87.155
RUS,4049.196111111108,227.0,87.155
RUS,4069.9961111111083,234.0,87.155
RUS,4085.9294444444417,239.0,87.155
RUS,4105.062777777775,246.0,87.155
RUS,4129.962777777775,249.0,87.155
RUS,4149.725277777775,255.0,87.155
RUS,4175.725277777775,260.0,87.155
RUS,4211.591944444442,269.0,87.155
RUS,4226.536388888886,269.0,87.155
RUS,4241.48083333333,269.0,87.155
RUS,4259.414166666664,269.0,87.155
RUS,4286.314166666663,269.0,87.155
RUS,4308.794166666663,288.0,87.155
RUS,4331.505277777774,292.0,87.155
RUS,4354.449722222218,295.0,87.155
RUS,4387.783055555552,300.0,87.155
RUS,4411.349722222219,303.0,87.155
RUS,4428.238611111107,304.0,87.155
RUS,4455.438611111107,306.0,87.155
RUS,4469.127499999996,308.0,87.155
RUS,4486.294166666663,309.0,87.155
RUS,4514.0274999999965,312.0,87.155
RUS,4541.938611111107,314.0,87.155
RUS,4562.938611111107,315.0,87.155
RUS,4576.983055555553,316.0,87.155
RUS,4591.0274999999965,316.0,87.155
RUS,4612.16083333333,317.0,87.155
RUS,4629.827499999997,318.0,87.155
RUS,4643.96083333333,318.0,87.155
RUS,4672.405277777775,320.0,87.155
RUS,4697.282777777775,321.0,87.155
RUS,4715.171666666663,322.0,87.155
RUS,4736.63833333333,322.0,87.155
RUS,4765.349444444441,323.0,87.155
RUS,4797.6494444444415,323.0,87.155
RUS,4812.0049999999965,323.0,87.155
RUS,4840.716111111107,323.0,87.155
RUS,4858.604999999996,322.0,87.155
RUS,4879.692499999996,315.0,87.155
RUS,4902.092499999995,288.0,87.155
RUS,4923.403611111106,274.0,87.155
RUS,4953.470277777773,246.0,87.155
RUS,4974.53694444444,237.0,87.155
RUS,4992.425833333329,230.0,87.155
RUS,5007.425833333329,225.0,87.155
RUS,5024.848055555552,224.0,87.155
RUS,5042.270277777774,224.0,87.155
RUS,5054.881388888885,227.0,87.155
RUS,5070.014722222219,227.0,87.155
RUS,5085.214722222218,228.0,87.155
RUS,5100.6813888888855,232.0,87.155
RUS,5124.581388888885,239.0,87.155
RUS,5140.781388888885,243.0,87.155
RUS,5162.914722222219,249.0,87.155
RUS,5191.398888888886,257.0,87.155
RUS,5211.854444444441,263.0,87.155
RUS,5235.676666666664,268.0,87.155
RUS,5247.721111111107,271.0,87.155
RUS,5272.165555555553,275.0,87.155
RUS,5300.265555555553,281.0,87.155
RUS,5312.754444444442,281.0,87.155
RUS,5325.287777777775,282.0,87.155
RUS,5350.700277777774,285.0,87.155
RUS,5362.833611111108,273.0,87.155
RUS,5376.1669444444415,240.0,87.155
RUS,5390.366944444442,213.0,87.155
RUS,5400.9780555555535,191.0,87.155
RUS,5410.422499999998,170.0,87.155
RUS,5417.222499999998,153.0,87.155
RUS,5423.755833333331,147.0,87.155
RUS,5436.755833333331,130.0,87.155
RUS,5443.64472222222,124.0,87.155
RUS,5456.311388888886,114.0,87.155
RUS,5463.578055555553,109.0,87.155
RUS,5468.111388888886,102.0,87.155
RUS,5472.644722222219,102.0,87.155
RUS,5485.355833333329,104.0,87.155
RUS,5490.022499999996,105.0,87.155
RUS,5496.189166666663,111.0,87.155
RUS,5504.455833333331,124.0,87.155
RUS,5511.344722222219,124.0,87.155
RUS,5520.755833333331,121.0,87.155
RUS,5526.133611111109,121.0,87.155
RUS,5531.477777777775,121.0,87.155
RUS,5539.611111111109,122.0,87.155
RUS,5545.166666666664,125.0,87.155
RUS,5555.355555555553,131.0,87.155
RUS,5565.933333333331,136.0,87.155
RUS,5575.666666666664,146.0,87.155
RUS,5588.111111111109,160.0,87.155
RUS,5597.499999999997,169.0,87.155
RUS,5609.282222222219,176.0,87.155
RUS,5617.504444444441,185.0,87.155
RUS,5630.30444444444,192.0,87.155
RUS,5641.248888888885,197.0,87.155
RUS,5650.315555555551,204.0,87.155
RUS,5659.559999999997,208.0,87.155
RUS,5676.359999999997,216.0,87.155
RUS,5688.637777777774,221.0,87.155
RUS,5698.682222222219,226.0,87.155
RUS,5714.015555555552,230.0,87.155
RUS,5740.571111111108,239.0,87.155
RUS,5751.326666666663,242.0,87.155
RUS,5775.926666666664,246.0,87.155
RUS,5792.726666666663,252.0,87.155
RUS,5812.482222222218,254.0,87.155
HAM,8.442222222222222,262.0,87.211
HAM,20.220000000000002,265.0,87.211
HAM,47.019999999999996,268.0,87.211
HAM,68.33111111111111,274.0,87.211
HAM,86.79777777777777,277.0,87.211
HAM,124.39777777777776,282.0,87.211
HAM,146.56444444444443,285.0,87.211
HAM,175.4644444444444,289.0,87.211
HAM,194.7836111111111,291.0,87.211
HAM,224.08361111111108,293.0,87.211
HAM,243.6836111111111,294.0,87.211
HAM,256.88361111111107,297.0,87.211
HAM,273.38361111111107,297.0,87.211
HAM,299.96138888888885,299.0,87.211
HAM,316.62805555555553,300.0,87.211
HAM,346.8280555555556,302.0,87.211
HAM,376.8280555555555,300.0,87.211
HAM,393.55027777777775,301.0,87.211
HAM,416.8836111111111,300.0,87.211
HAM,430.1725,299.0,87.211
HAM,489.0541666666666,294.0,87.211
HAM,511.9986111111111,295.0,87.211
HAM,525.0652777777777,294.0,87.211
HAM,557.9541666666667,296.0,87.211
HAM,571.1097222222221,296.0,87.211
HAM,597.3319444444444,295.0,87.211
HAM,610.4430555555555,295.0,87.211
HAM,626.7208333333333,293.0,87.211
HAM,649.5097222222221,293.0,87.211
HAM,681.9541666666665,292.0,87.211
HAM,694.9319444444443,292.0,87.211
HAM,707.9097222222221,292.0,87.211
HAM,730.698611111111,293.0,87.211
HAM,763.283611111111,294.0,87.211
HAM,776.3502777777777,294.0,87.211
HAM,792.5724999999999,292.0,87.211
HAM,810.2391666666665,265.0,87.211
HAM,824.0169444444442,248.0,87.211
HAM,835.4058333333331,205.0,87.211
HAM,854.294722222222,170.0,87.211
HAM,866.1169444444442,152.0,87.211
HAM,872.4280555555554,142.0,87.211
HAM,878.5613888888887,138.0,87.211
HAM,888.4391666666664,127.0,87.211
HAM,901.5502777777775,118.0,87.211
HAM,909.1819444444442,114.0,87.211
HAM,916.8486111111108,115.0,87.211
HAM,926.1819444444441,120.0,87.211
HAM,935.7486111111108,123.0,87.211
HAM,949.3486111111108,136.0,87.211
HAM,960.8597222222219,148.0,87.211
HAM,969.5263888888886,156.0,87.211
HAM,985.0263888888886,155.0,87.211
HAM,991.3819444444442,143.0,87.211
HAM,997.2486111111109,132.0,87.211
HAM,1006.8152777777775,123.0,87.211
HAM,1013.2041666666664,115.0,87.211
HAM,1020.3374999999997,107.0,87.211
HAM,1027.070833333333,101.0,87.211
HAM,1033.470833333333,96.0,87.211
HAM,1041.6230555555553,92.0,87.211
HAM,1046.7341666666664,92.0,87.211
HAM,1057.6230555555553,98.0,87.211
HAM,1064.5563888888887,104.0,87.211
HAM,1069.5341666666666,112.0,87.211
HAM,1081.8341666666665,123.0,87.211
HAM,1091.0341666666666,138.0,87.211
HAM,1100.9008333333331,148.0,87.211
HAM,1111.7674999999997,163.0,87.211
HAM,1133.2786111111109,176.0,87.211
HAM,1141.6863888888888,188.0,87.211
HAM,1150.2197222222221,192.0,87.211
HAM,1161.3308333333332,200.0,87.211
HAM,1182.6308333333332,213.0,87.211
HAM,1199.819722222222,221.0,87.211
HAM,1214.8863888888886,226.0,87.211
HAM,1240.9974999999997,235.0,87.211
HAM,1259.819722222222,242.0,87.211
HAM,1281.7752777777775,247.0,87.211
HAM,1307.1752777777774,254.0,87.211
HAM,1324.2419444444442,256.0,87.211
HAM,1350.7419444444442,265.0,87.211
HAM,1371.819722222222,271.0,87.211
HAM,1399.4427777777773,277.0,87.211
HAM,1411.8872222222217,280.0,87.211
HAM,1427.5538888888882,282.0,87.211
HAM,1453.0649999999994,287.0,87.211
HAM,1475.7761111111106,292.0,87.211
HAM,1495.3761111111105,294.0,87.211
HAM,1518.5538888888884,298.0,87.211
HAM,1541.9649999999997,301.0,87.211
HAM,1565.531666666666,303.0,87.211
HAM,1585.8649999999996,305.0,87.211
HAM,1609.8205555555548,308.0,87.211
HAM,1637.5513888888884,311.0,87.211
HAM,1665.2847222222217,312.0,87.211
HAM,1679.2847222222217,315.0,87.211
HAM,1710.9847222222218,317.0,87.211
HAM,1725.1180555555552,318.0,87.211
HAM,1750.0069444444441,320.0,87.211
HAM,1764.2291666666663,320.0,87.211
HAM,1785.5624999999995,320.0,87.211
HAM,1806.8958333333328,320.0,87.211
HAM,1831.7847222222217,320.0,87.211
HAM,1845.9624999999994,319.0,87.211
HAM,1879.4513888888885,274.0,87.211
HAM,1893.5624999999995,254.0,87.211
HAM,1914.0069444444441,230.0,87.211
HAM,1923.695833333333,218.0,87.211
HAM,1941.5952777777775,202.0,87.211
HAM,1950.350833333333,197.0,87.211
HAM,1966.5286111111106,182.0,87.211
HAM,1980.2174999999995,176.0,87.211
HAM,1991.5508333333328,170.0,87.211
HAM,2000.4952777777771,161.0,87.211
HAM,2015.073055555555,164.0,87.211
HAM,2033.8508333333327,169.0,87.211
HAM,2041.584166666666,174.0,87.211
HAM,2059.784166666666,182.0,87.211
HAM,2068.1919444444434,188.0,87.211
HAM,2082.191944444444,180.0,87.211
HAM,2091.525277777777,168.0,87.211
HAM,2101.9919444444436,157.0,87.211
HAM,2110.2697222222214,149.0,87.211
HAM,2119.5363888888883,139.0,87.211
HAM,2126.9252777777774,133.0,87.211
HAM,2138.1252777777772,126.0,87.211
HAM,2144.7919444444437,120.0,87.211
HAM,2150.0363888888883,118.0,87.211
HAM,2160.3474999999994,116.0,87.211
HAM,2165.4586111111103,115.0,87.211
HAM,2174.4030555555546,115.0,87.211
HAM,2179.514166666666,115.0,87.211
HAM,2186.069722222221,118.0,87.211
HAM,2191.447499999999,121.0,87.211
HAM,2201.169722222221,125.0,87.211
HAM,2208.5030555555545,132.0,87.211
HAM,2214.5030555555545,135.0,87.211
HAM,2227.794722222221,150.0,87.211
HAM,2244.094722222221,163.0,87.211
HAM,2251.6947222222216,171.0,87.211
HAM,2261.639166666666,179.0,87.211
HAM,2273.7058333333325,181.0,87.211
HAM,2282.1058333333326,189.0,87.211
HAM,2300.150277777777,203.0,87.211
HAM,2311.7613888888877,209.0,87.211
HAM,2336.3169444444434,221.0,87.211
HAM,2356.825277777777,230.0,87.211
HAM,2369.936388888888,236.0,87.211
HAM,2391.447499999999,242.0,87.211
HAM,2402.3808333333322,246.0,87.211
HAM,2416.3252777777766,251.0,87.211
HAM,2433.25861111111,254.0,87.211
HAM,2447.536388888888,257.0,87.211
HAM,2479.9252777777765,265.0,87.211
HAM,2494.7586111111095,267.0,87.211
HAM,2521.85861111111,271.0,87.211
HAM,2549.35861111111,275.0,87.211
HAM,2561.6697222222206,277.0,87.211
HAM,2586.4697222222208,279.0,87.211
HAM,2617.914166666665,283.0,87.211
HAM,2640.080833333332,285.0,87.211
HAM,2662.3233333333324,287.0,87.211
HAM,2675.1677777777763,289.0,87.211
HAM,2697.8011111111095,291.0,87.211
HAM,2727.1011111111093,293.0,87.211
HAM,2753.3233333333314,295.0,87.211
HAM,2766.4788888888866,296.0,87.211
HAM,2782.978888888887,297.0,87.211
HAM,2802.845555555554,298.0,87.211
HAM,2826.1011111111093,299.0,87.211
HAM,2842.71222222222,299.0,87.211
HAM,2866.1288888888866,300.0,87.211
HAM,2886.1955555555533,301.0,87.211
HAM,2906.328888888887,302.0,87.211
HAM,2933.1733333333314,302.0,87.211
HAM,2956.739999999998,303.0,87.211
HAM,2970.206666666664,303.0,87.211
HAM,2997.0511111111086,302.0,87.211
HAM,3013.7177777777756,300.0,87.211
HAM,3030.3288888888865,299.0,87.211
HAM,3046.7733333333313,296.0,87.211
HAM,3069.56222222222,293.0,87.211
HAM,3085.7844444444418,292.0,87.211
HAM,3111.5622222222196,290.0,87.211
HAM,3137.2511111111085,289.0,87.211
HAM,3156.584444444442,290.0,87.211
HAM,3179.0622222222196,289.0,87.211
HAM,3207.9622222222197,289.0,87.211
HAM,3230.5147222222195,291.0,87.211
HAM,3259.7147222222193,292.0,87.211
HAM,3298.9147222222196,294.0,87.211
HAM,3315.248055555553,294.0,87.211
HAM,3331.6369444444417,295.0,87.211
HAM,3351.3702777777753,296.0,87.211
HAM,3380.970277777775,296.0,87.211
HAM,3404.152777777775,297.0,87.211
HAM,3427.4083333333306,299.0,87.211
HAM,3450.663888888886,299.0,87.211
HAM,3483.997222222219,300.0,87.211
HAM,3507.3305555555526,300.0,87.211
HAM,3524.0527777777743,301.0,87.211
HAM,3550.719444444441,300.0,87.211
HAM,3564.0527777777743,300.0,87.211
HAM,3580.719444444441,300.0,87.211
HAM,3607.3861111111073,300.0,87.211
HAM,3634.052777777774,300.0,87.211
HAM,3654.052777777774,300.0,87.211
HAM,3667.341666666663,299.0,87.211
HAM,3680.497222222218,296.0,87.211
HAM,3700.163888888885,295.0,87.211
HAM,3716.386111111107,292.0,87.211
HAM,3729.3194444444407,291.0,87.211
HAM,3754.9194444444406,288.0,87.211
HAM,3777.2394444444403,288.0,87.211
HAM,3793.239444444441,288.0,87.211
HAM,3812.1061111111076,283.0,87.211
HAM,3836.2838888888855,272.0,87.211
HAM,3862.7838888888855,265.0,87.211
HAM,3874.3394444444407,260.0,87.211
HAM,3897.094999999996,256.0,87.211
HAM,3911.2061111111075,254.0,87.211
HAM,3928.009166666663,251.0,87.211
HAM,3946.9869444444407,244.0,87.211
HAM,3964.4869444444403,225.0,87.211
HAM,3991.131388888885,218.0,87.211
HAM,4010.6869444444405,220.0,87.211
HAM,4027.798055555552,220.0,87.211
HAM,4042.7980555555514,225.0,87.211
HAM,4060.764722222218,231.0,87.211
HAM,4079.042499999996,235.0,87.211
HAM,4092.3758333333294,240.0,87.211
HAM,4108.7758333333295,246.0,87.211
HAM,4125.4424999999965,250.0,87.211
HAM,4142.4424999999965,255.0,87.211
HAM,4168.342499999996,259.0,87.211
HAM,4185.9424999999965,264.0,87.211
HAM,4209.942499999996,270.0,87.211
HAM,4240.643333333329,277.0,87.211
HAM,4262.421111111107,280.0,87.211
HAM,4287.75444444444,285.0,87.211
HAM,4300.465555555552,286.0,87.211
HAM,4326.332222222219,291.0,87.211
HAM,4355.732222222218,294.0,87.211
HAM,4368.932222222218,297.0,87.211
HAM,4382.176666666663,298.0,87.211
HAM,4409.015833333329,301.0,87.211
HAM,4422.438055555553,302.0,87.211
HAM,4439.326944444441,304.0,87.211
HAM,4459.793611111108,307.0,87.211
HAM,4476.904722222219,308.0,87.211
HAM,4494.071388888885,309.0,87.211
HAM,4507.849166666663,310.0,87.211
HAM,4521.671388888885,311.0,87.211
HAM,4552.9713888888855,313.0,87.211
HAM,4570.41583333333,314.0,87.211
HAM,4605.638055555552,317.0,87.211
HAM,4626.771388888886,317.0,87.211
HAM,4640.904722222219,318.0,87.211
HAM,4655.082499999997,319.0,87.211
HAM,4694.193611111108,320.0,87.211
HAM,4708.460277777775,321.0,87.211
HAM,4726.293611111108,321.0,87.211
HAM,4747.760277777775,322.0,87.211
HAM,4765.649166666664,322.0,87.211
HAM,4790.771388888887,323.0,87.211
HAM,4805.1269444444415,323.0,87.211
HAM,4819.392777777774,323.0,87.211
HAM,4840.926111111108,323.0,87.211
HAM,4855.237222222219,322.0,87.211
HAM,4880.2038888888865,321.0,87.211
HAM,4904.081666666664,307.0,87.211
HAM,4923.148333333331,286.0,87.211
HAM,4943.526111111109,262.0,87.211
HAM,4957.414999999997,250.0,87.211
HAM,4973.347777777775,238.0,87.211
HAM,4983.747777777775,234.0,87.211
HAM,4998.747777777775,225.0,87.211
HAM,5010.9699999999975,220.0,87.211
HAM,5020.703333333331,219.0,87.211
HAM,5030.436666666665,219.0,87.211
HAM,5047.547777777776,220.0,87.211
HAM,5059.825555555553,221.0,87.211
HAM,5069.692222222221,222.0,87.211
HAM,5084.758888888888,226.0,87.211
HAM,5110.758888888888,234.0,87.211
HAM,5121.247777777777,236.0,87.211
HAM,5145.647777777776,244.0,87.211
HAM,5162.114444444443,247.0,87.211
HAM,5181.947777777776,255.0,87.211
HAM,5202.09222222222,259.0,87.211
HAM,5222.4699999999975,262.0,87.211
HAM,5240.336666666663,268.0,87.211
HAM,5255.392222222219,271.0,87.211
HAM,5279.836666666664,275.0,87.211
HAM,5310.869999999998,280.0,87.211
HAM,5326.536666666664,282.0,87.211
HAM,5348.625555555554,284.0,87.211
HAM,5370.7922222222205,285.0,87.211
HAM,5384.847777777776,253.0,87.211
HAM,5399.581111111109,221.0,87.211
HAM,5410.524444444442,196.0,87.211
HAM,5421.457777777776,164.0,87.211
HAM,5432.968888888887,148.0,87.211
HAM,5440.579999999998,137.0,87.211
HAM,5451.335555555554,121.0,87.211
HAM,5457.668888888887,114.0,87.211
HAM,5466.068888888886,108.0,87.211
HAM,5470.6911111111085,104.0,87.211
HAM,5475.135555555553,100.0,87.211
HAM,5485.0355555555525,99.0,87.211
HAM,5494.279999999997,104.0,87.211
HAM,5508.824444444442,119.0,87.211
HAM,5518.468888888886,124.0,87.211
HAM,5525.246666666664,122.0,87.211
HAM,5534.657777777776,121.0,87.211
HAM,5545.413333333331,121.0,87.211
HAM,5554.979999999998,123.0,87.211
HAM,5560.579999999998,126.0,87.211
HAM,5569.313333333332,131.0,87.211
HAM,5575.268888888887,134.0,87.211
HAM,5584.828888888887,144.0,87.211
HAM,5595.228888888887,156.0,87.211
HAM,5610.339999999998,170.0,87.211
HAM,5624.495555555554,182.0,87.211
HAM,5634.995555555553,189.0,87.211
HAM,5643.528888888887,192.0,87.211
HAM,5664.085833333331,205.0,87.211
HAM,5675.6413888888865,208.0,87.211
HAM,5697.741388888887,221.0,87.211
HAM,5712.808055555554,226.0,87.211
HAM,5730.852499999999,232.0,87.211
HAM,5752.008055555554,238.0,87.211
HAM,5762.67472222222,240.0,87.211
HAM,5776.230277777776,244.0,87.211
HAM,5789.896944444443,246.0,87.211
HAM,5803.730277777777,249.0,87.211
HAM,5814.885833333332,251.0,87.211
ALB,19.057777777777776,268.0,87.53
ALB,31.08805555555555,269.0,87.53
ALB,52.476944444444435,275.0,87.53
ALB,67.92138888888888,278.0,87.53
ALB,86.65472222222222,281.0,87.53
ALB,102.37694444444443,283.0,87.53
ALB,121.4436111111111,286.0,87.53
ALB,137.4436111111111,288.0,87.53
ALB,163.31027777777777,291.0,87.53
ALB,179.58805555555557,293.0,87.53
ALB,192.6547222222222,294.0,87.53
ALB,218.96583333333334,296.0,87.53
ALB,232.1658333333333,297.0,87.53
ALB,255.42138888888888,299.0,87.53
ALB,268.7547222222222,300.0,87.53
ALB,285.4769444444444,301.0,87.53
ALB,298.89916666666664,302.0,87.53
ALB,322.4658333333333,303.0,87.53
ALB,339.4102777777777,305.0,87.53
ALB,352.9213888888888,304.0,87.53
ALB,379.7705555555555,303.0,87.53
ALB,409.97055555555556,302.0,87.53
ALB,423.30388888888893,300.0,87.53
ALB,439.9150000000001,299.0,87.53
ALB,459.7816666666667,298.0,87.53
ALB,473.02611111111116,298.0,87.53
ALB,499.4261111111112,297.0,87.53
ALB,515.8705555555557,296.0,87.53
ALB,548.8705555555557,297.0,87.53
ALB,575.4422222222224,298.0,87.53
ALB,591.9422222222224,297.0,87.53
ALB,618.2533333333336,296.0,87.53
ALB,631.4088888888891,296.0,87.53
ALB,647.8533333333336,296.0,87.53
ALB,667.5866666666668,296.0,87.53
ALB,683.9755555555558,295.0,87.53
ALB,720.1533333333335,296.0,87.53
ALB,736.5977777777779,296.0,87.53
ALB,766.197777777778,296.0,87.53
ALB,792.697777777778,265.0,87.53
ALB,803.8533333333336,251.0,87.53
ALB,821.6311111111114,200.0,87.53
ALB,841.6311111111114,180.0,87.53
ALB,853.9977777777781,159.0,87.53
ALB,865.3902777777781,147.0,87.53
ALB,871.7902777777781,144.0,87.53
ALB,882.2125000000003,134.0,87.53
ALB,894.7125000000003,125.0,87.53
ALB,905.379166666667,120.0,87.53
ALB,910.7125000000003,120.0,87.53
ALB,917.4347222222226,121.0,87.53
ALB,925.768055555556,125.0,87.53
ALB,936.0347222222226,132.0,87.53
ALB,943.4791666666671,134.0,87.53
ALB,954.7191666666671,144.0,87.53
ALB,965.1858333333338,157.0,87.53
ALB,975.0525000000005,148.0,87.53
ALB,986.8747222222227,133.0,87.53
ALB,996.2858333333337,121.0,87.53
ALB,1001.3969444444448,115.0,87.53
ALB,1011.0858333333337,109.0,87.53
ALB,1017.0302777777781,107.0,87.53
ALB,1022.6969444444449,102.0,87.53
ALB,1028.1413888888892,98.0,87.53
ALB,1035.530277777778,95.0,87.53
ALB,1040.7525000000003,94.0,87.53
ALB,1049.3747222222225,97.0,87.53
ALB,1058.530277777778,103.0,87.53
ALB,1065.930277777778,111.0,87.53
ALB,1075.108055555556,118.0,87.53
ALB,1088.608055555556,135.0,87.53
ALB,1100.233055555556,150.0,87.53
ALB,1116.733055555556,165.0,87.53
ALB,1141.6663888888893,187.0,87.53
ALB,1152.4997222222225,195.0,87.53
ALB,1163.7219444444447,202.0,87.53
ALB,1177.9219444444448,213.0,87.53
ALB,1200.0219444444447,221.0,87.53
ALB,1217.8966666666668,229.0,87.53
ALB,1235.9411111111112,232.0,87.53
ALB,1254.6855555555558,241.0,87.53
ALB,1282.4633333333334,250.0,87.53
ALB,1301.907777777778,250.0,87.53
ALB,1316.2966666666669,259.0,87.53
ALB,1340.0300000000002,267.0,87.53
ALB,1351.9855555555557,269.0,87.53
ALB,1367.0411111111111,271.0,87.53
ALB,1391.7522222222224,278.0,87.53
ALB,1417.0855555555556,285.0,87.53
ALB,1436.3522222222223,289.0,87.53
ALB,1449.3300000000002,292.0,87.53
ALB,1462.3522222222223,293.0,87.53
ALB,1482.1522222222225,297.0,87.53
ALB,1498.818888888889,300.0,87.53
ALB,1512.1966666666667,301.0,87.53
ALB,1539.218888888889,304.0,87.53
ALB,1563.088888888889,308.0,87.53
ALB,1580.2555555555555,309.0,87.53
ALB,1601.0555555555554,312.0,87.53
ALB,1628.9666666666665,314.0,87.53
ALB,1660.6666666666667,317.0,87.53
ALB,1674.7999999999997,318.0,87.53
ALB,1703.2444444444443,320.0,87.53
ALB,1721.1333333333334,322.0,87.53
ALB,1742.756388888889,323.0,87.53
ALB,1767.878611111111,323.0,87.53
ALB,1793.0008333333333,323.0,87.53
ALB,1832.4786111111111,323.0,87.53
ALB,1858.5230555555556,293.0,87.53
ALB,1878.5119444444445,257.0,87.53
ALB,1894.3786111111112,238.0,87.53
ALB,1911.256388888889,217.0,87.53
ALB,1926.9675000000002,202.0,87.53
ALB,1937.6341666666667,192.0,87.53
ALB,1949.9675000000002,185.0,87.53
ALB,1961.7675000000002,177.0,87.53
ALB,1973.0341666666668,169.0,87.53
ALB,1989.4341666666667,164.0,87.53
ALB,1999.7675,155.0,87.53
ALB,2013.278611111111,152.0,87.53
ALB,2031.0119444444445,160.0,87.53
ALB,2044.1563888888888,169.0,87.53
ALB,2059.9786111111107,178.0,87.53
ALB,2067.889722222222,178.0,87.53
ALB,2082.4675,164.0,87.53
ALB,2098.1675,157.0,87.53
ALB,2104.7452777777776,148.0,87.53
ALB,2110.9674999999997,140.0,87.53
ALB,2122.7374999999997,132.0,87.53
ALB,2128.470833333333,129.0,87.53
ALB,2135.470833333333,126.0,87.53
ALB,2143.4041666666662,119.0,87.53
ALB,2149.8486111111106,116.0,87.53
ALB,2156.181944444444,114.0,87.53
ALB,2161.204166666666,113.0,87.53
ALB,2166.181944444444,112.0,87.53
ALB,2177.781944444444,116.0,87.53
ALB,2184.3930555555553,119.0,87.53
ALB,2198.504166666666,127.0,87.53
ALB,2207.370833333333,133.0,87.53
ALB,2213.5486111111104,139.0,87.53
ALB,2219.9041666666662,143.0,87.53
ALB,2239.459722222222,160.0,87.53
ALB,2246.9263888888886,168.0,87.53
ALB,2256.759722222222,177.0,87.53
ALB,2269.026388888889,184.0,87.53
ALB,2279.6375,191.0,87.53
ALB,2295.348611111111,202.0,87.53
ALB,2304.6375000000003,209.0,87.53
ALB,2314.1775000000002,216.0,87.53
ALB,2328.710833333333,218.0,87.53
ALB,2338.8441666666668,228.0,87.53
ALB,2356.966388888889,233.0,87.53
ALB,2375.7108333333335,241.0,87.53
ALB,2392.1775,247.0,87.53
ALB,2411.7774999999997,252.0,87.53
ALB,2425.7774999999997,252.0,87.53
ALB,2443.2499999999995,261.0,87.53
ALB,2454.938888888888,263.0,87.53
ALB,2472.738888888888,267.0,87.53
ALB,2487.683333333333,269.0,87.53
ALB,2499.6388888888882,269.0,87.53
ALB,2511.772222222222,273.0,87.53
ALB,2533.238888888888,276.0,87.53
ALB,2548.6277777777773,277.0,87.53
ALB,2561.027777777777,279.0,87.53
ALB,2579.7611111111105,281.0,87.53
ALB,2611.427777777777,285.0,87.53
ALB,2624.1388888888882,286.0,87.53
ALB,2653.0388888888883,289.0,87.53
ALB,2672.4388888888884,291.0,87.53
ALB,2695.1499999999996,292.0,87.53
ALB,2718.016666666666,294.0,87.53
ALB,2741.116666666666,297.0,87.53
ALB,2760.9833333333327,298.0,87.53
ALB,2777.594444444444,299.0,87.53
ALB,2804.26111111111,300.0,87.53
ALB,2837.6219444444437,301.0,87.53
ALB,2854.3997222222215,302.0,87.53
ALB,2877.966388888888,303.0,87.53
ALB,2901.6108333333327,304.0,87.53
ALB,2918.4997222222214,304.0,87.53
ALB,2938.7663888888883,304.0,87.53
ALB,2955.795555555555,305.0,87.53
ALB,2975.9955555555553,303.0,87.53
ALB,2999.484444444444,302.0,87.53
ALB,3016.151111111111,300.0,87.53
ALB,3042.462222222222,296.0,87.53
ALB,3058.7955555555554,294.0,87.53
ALB,3081.3511111111106,290.0,87.53
ALB,3094.1955555555555,289.0,87.53
ALB,3107.0399999999995,289.0,87.53
ALB,3135.6399999999994,286.0,87.53
ALB,3161.2399999999993,288.0,87.53
ALB,3196.3177777777773,287.0,87.53
ALB,3218.7177777777774,288.0,87.53
ALB,3234.8288888888883,290.0,87.53
ALB,3257.5399999999995,292.0,87.53
ALB,3283.5844444444438,293.0,87.53
ALB,3306.4511111111105,294.0,87.53
ALB,3319.517777777777,294.0,87.53
ALB,3339.184444444444,295.0,87.53
ALB,3352.34,296.0,87.53
ALB,3372.0575,297.0,87.53
ALB,3391.9241666666667,298.0,87.53
ALB,3418.5019444444447,299.0,87.53
ALB,3441.8352777777777,300.0,87.53
ALB,3458.5575000000003,301.0,87.53
ALB,3471.9352777777785,301.0,87.53
ALB,3502.1188888888896,301.0,87.53
ALB,3518.8966666666674,302.0,87.53
ALB,3549.0966666666673,302.0,87.53
ALB,3569.23,302.0,87.53
ALB,3592.7966666666666,303.0,87.53
ALB,3619.73,303.0,87.53
ALB,3633.196666666667,303.0,87.53
ALB,3650.03,303.0,87.53
ALB,3666.6411111111115,299.0,87.53
ALB,3683.141111111111,297.0,87.53
ALB,3696.207777777778,294.0,87.53
ALB,3725.507777777778,293.0,87.53
ALB,3748.0633333333335,290.0,87.53
ALB,3767.4633333333336,291.0,87.53
ALB,3789.941111111111,289.0,87.53
ALB,3820.3855555555556,274.0,87.53
ALB,3846.9855555555555,266.0,87.53
ALB,3861.707777777777,265.0,87.53
ALB,3878.9077777777775,258.0,87.53
ALB,3901.3077777777776,252.0,87.53
ALB,3920.1402777777776,243.0,87.53
ALB,3932.9180555555554,230.0,87.53
ALB,3945.4180555555554,225.0,87.53
ALB,3957.584722222222,219.0,87.53
ALB,3971.9180555555554,215.0,87.53
ALB,3991.0291666666667,215.0,87.53
ALB,4015.534722222222,220.0,87.53
ALB,4037.9347222222227,224.0,87.53
ALB,4053.3347222222224,231.0,87.53
ALB,4066.390277777778,235.0,87.53
ALB,4082.190277777778,237.0,87.53
ALB,4093.0347222222226,244.0,87.53
ALB,4109.50138888889,247.0,87.53
ALB,4137.3902777777785,251.0,87.53
ALB,4148.768055555556,256.0,87.53
ALB,4166.101388888889,260.0,87.53
ALB,4183.568055555556,262.0,87.53
ALB,4201.368055555557,267.0,87.53
ALB,4228.768055555556,274.0,87.53
ALB,4244.156944444445,277.0,87.53
ALB,4259.768055555556,281.0,87.53
ALB,4278.768055555556,285.0,87.53
ALB,4304.456944444444,289.0,87.53
ALB,4330.501388888889,293.0,87.53
ALB,4343.656944444444,296.0,87.53
ALB,4373.556944444444,299.0,87.53
ALB,4386.851111111111,301.0,87.53
ALB,4403.628888888888,302.0,87.53
ALB,4427.428888888888,306.0,87.53
ALB,4454.806666666666,308.0,87.53
ALB,4482.451111111111,311.0,87.53
ALB,4496.404444444444,312.0,87.53
ALB,4513.904444444444,315.0,87.53
ALB,4542.082222222221,317.0,87.53
ALB,4570.348888888889,318.0,87.53
ALB,4598.704444444444,319.0,87.53
ALB,4616.482222222222,320.0,87.53
ALB,4641.526666666667,322.0,87.53
ALB,4670.237777777778,323.0,87.53
ALB,4684.593333333333,323.0,87.53
ALB,4709.793333333333,324.0,87.53
ALB,4735.071111111111,325.0,87.53
ALB,4753.126666666667,325.0,87.53
ALB,4771.182222222222,325.0,87.53
ALB,4789.293333333333,326.0,87.53
ALB,4818.271111111111,326.0,87.53
ALB,4832.759999999999,326.0,87.53
ALB,4861.648888888888,325.0,87.53
ALB,4892.148888888888,305.0,87.53
ALB,4910.682222222222,278.0,87.53
ALB,4933.704444444444,259.0,87.53
ALB,4955.502777777777,246.0,87.53
ALB,4979.002777777777,235.0,87.53
ALB,4991.780555555555,230.0,87.53
ALB,5006.780555555555,225.0,87.53
ALB,5026.602777777778,223.0,87.53
ALB,5038.997777777778,222.0,87.53
ALB,5056.264444444444,222.0,87.53
ALB,5066.131111111111,222.0,87.53
ALB,5080.997777777778,223.0,87.53
ALB,5095.997777777778,225.0,87.53
ALB,5116.531111111111,231.0,87.53
ALB,5126.886666666666,233.0,87.53
ALB,5151.086666666666,242.0,87.53
ALB,5161.975555555555,245.0,87.53
ALB,5178.7088888888875,251.0,87.53
ALB,5189.953333333333,253.0,87.53
ALB,5210.175555555556,260.0,87.53
ALB,5230.8644444444435,266.0,87.53
ALB,5257.964444444445,271.0,87.53
ALB,5270.142222222223,274.0,87.53
ALB,5282.408888888889,276.0,87.53
ALB,5297.908888888889,279.0,87.53
ALB,5319.92,283.0,87.53
ALB,5338.786666666666,283.0,87.53
ALB,5357.786666666666,285.0,87.53
ALB,5376.919999999999,246.0,87.53
ALB,5395.053333333333,204.0,87.53
ALB,5405.72,192.0,87.53
ALB,5418.745833333333,147.0,87.53
ALB,5430.3902777777785,131.0,87.53
ALB,5441.234722222222,122.0,87.53
ALB,5450.289166666667,116.0,87.53
ALB,5461.955833333334,105.0,87.53
ALB,5467.6225,102.0,87.53
ALB,5473.233611111112,101.0,87.53
ALB,5479.833611111112,99.0,87.53
ALB,5486.7669444444455,104.0,87.53
ALB,5495.244722222224,109.0,87.53
ALB,5504.500277777779,119.0,87.53
ALB,5511.11138888889,119.0,87.53
ALB,5516.355833333335,118.0,87.53
ALB,5526.844722222224,118.0,87.53
ALB,5539.955833333335,118.0,87.53
ALB,5547.889166666669,119.0,87.53
ALB,5554.833611111113,125.0,87.53
ALB,5568.333611111113,135.0,87.53
ALB,5579.61138888889,145.0,87.53
ALB,5588.166944444446,154.0,87.53
ALB,5601.155833333335,167.0,87.53
ALB,5610.989166666668,177.0,87.53
ALB,5621.21138888889,184.0,87.53
ALB,5631.822500000001,191.0,87.53
ALB,5642.878055555557,199.0,87.53
ALB,5654.100277777779,202.0,87.53
ALB,5663.286944444446,208.0,87.53
ALB,5682.486944444447,216.0,87.53
ALB,5702.664722222224,227.0,87.53
ALB,5712.906111111112,229.0,87.53
ALB,5725.850555555557,233.0,87.53
ALB,5738.850555555557,234.0,87.53
ALB,5752.239444444445,241.0,87.53
ALB,5768.639444444445,246.0,87.53
ALB,5785.306111111111,250.0,87.53
ALB,5796.506111111112,252.0,87.53
ALB,5819.350555555556,257.0,87.53
ALO,17.874166666666667,267.0,87.659
ALO,42.05194444444445,272.0,87.659
ALO,63.44083333333333,275.0,87.659
ALO,100.77416666666666,280.0,87.659
ALO,129.195,285.0,87.659
ALO,158.095,289.0,87.659
ALO,180.72833333333332,291.0,87.659
ALO,200.26166666666668,293.0,87.659
ALO,216.65055555555554,295.0,87.659
ALO,236.3838888888889,296.0,87.659
ALO,259.56166666666667,298.0,87.659
ALO,272.85055555555556,299.0,87.659
ALO,292.85055555555556,300.0,87.659
ALO,316.33944444444444,302.0,87.659
ALO,329.80611111111114,303.0,87.659
ALO,353.4505555555556,304.0,87.659
ALO,366.87277777777774,302.0,87.659
ALO,383.7344444444444,302.0,87.659
ALO,397.1122222222222,301.0,87.659
ALO,420.4455555555555,300.0,87.659
ALO,450.2455555555555,298.0,87.659
ALO,463.4455555555555,297.0,87.659
ALO,476.64555555555546,297.0,87.659
ALO,506.2455555555554,296.0,87.659
ALO,529.3455555555554,297.0,87.659
ALO,549.2122222222221,298.0,87.659
ALO,589.0788888888887,299.0,87.659
ALO,612.2566666666665,298.0,87.659
ALO,641.8566666666666,296.0,87.659
ALO,661.5077777777776,296.0,87.659
ALO,691.1077777777778,296.0,87.659
ALO,710.8411111111111,296.0,87.659
ALO,723.9966666666667,296.0,87.659
ALO,740.441111111111,296.0,87.659
ALO,766.7522222222221,296.0,87.659
ALO,783.141111111111,295.0,87.659
ALO,806.741111111111,236.0,87.659
ALO,826.641111111111,199.0,87.659
ALO,836.6966666666665,181.0,87.659
ALO,849.2188888888887,161.0,87.659
ALO,855.8855555555554,150.0,87.659
ALO,880.519722222222,123.0,87.659
ALO,889.6974999999998,118.0,87.659
ALO,894.8974999999998,117.0,87.659
ALO,907.3419444444443,112.0,87.659
ALO,912.4530555555554,115.0,87.659
ALO,923.2974999999998,122.0,87.659
ALO,928.9419444444443,127.0,87.659
ALO,936.1641666666666,130.0,87.659
ALO,947.4419444444443,145.0,87.659
ALO,965.3308333333332,161.0,87.659
ALO,972.5308333333332,162.0,87.659
ALO,979.1530555555555,149.0,87.659
ALO,989.4197222222222,132.0,87.659
ALO,1002.0547222222222,114.0,87.659
ALO,1007.0324999999999,112.0,87.659
ALO,1012.9769444444444,107.0,87.659
ALO,1019.7769444444443,102.0,87.659
ALO,1025.3324999999998,100.0,87.659
ALO,1030.8324999999998,99.0,87.659
ALO,1041.6102777777776,97.0,87.659
ALO,1049.3880555555552,100.0,87.659
ALO,1054.0102777777774,104.0,87.659
ALO,1058.8547222222219,109.0,87.659
ALO,1067.7991666666665,115.0,87.659
ALO,1081.9102777777775,127.0,87.659
ALO,1091.349444444444,141.0,87.659
ALO,1101.5494444444441,153.0,87.659
ALO,1114.616111111111,168.0,87.659
ALO,1128.6938888888885,181.0,87.659
ALO,1147.9938888888885,193.0,87.659
ALO,1163.8605555555553,204.0,87.659
ALO,1175.5827777777774,211.0,87.659
ALO,1197.8827777777774,223.0,87.659
ALO,1207.7938888888884,223.0,87.659
ALO,1218.060555555555,231.0,87.659
ALO,1236.4938888888885,237.0,87.659
ALO,1249.9383333333328,242.0,87.659
ALO,1266.2049999999997,244.0,87.659
ALO,1282.8716666666662,250.0,87.659
ALO,1299.8049999999996,254.0,87.659
ALO,1322.6666666666663,258.0,87.659
ALO,1336.9999999999995,258.0,87.659
ALO,1367.2222222222217,272.0,87.659
ALO,1385.6888888888886,277.0,87.659
ALO,1398.0888888888887,279.0,87.659
ALO,1426.5888888888887,285.0,87.659
ALO,1445.8555555555554,289.0,87.659
ALO,1465.388888888889,293.0,87.659
ALO,1485.0555555555554,295.0,87.659
ALO,1521.7222222222222,300.0,87.659
ALO,1535.2283333333335,302.0,87.659
ALO,1548.7394444444442,304.0,87.659
ALO,1565.7394444444444,306.0,87.659
ALO,1596.6394444444443,309.0,87.659
ALO,1620.8283333333334,311.0,87.659
ALO,1641.695,313.0,87.659
ALO,1676.806111111111,316.0,87.659
ALO,1701.5394444444444,318.0,87.659
ALO,1729.895,319.0,87.659
ALO,1761.7949999999998,319.0,87.659
ALO,1783.0616666666667,319.0,87.659
ALO,1815.0616666666667,320.0,87.659
ALO,1839.9505555555554,320.0,87.659
ALO,1868.5708333333332,287.0,87.659
ALO,1880.3041666666666,264.0,87.659
ALO,1893.970833333333,246.0,87.659
ALO,1913.7930555555554,223.0,87.659
ALO,1929.6597222222222,204.0,87.659
ALO,1942.5263888888887,193.0,87.659
ALO,1956.2152777777776,176.0,87.659
ALO,1968.970833333333,164.0,87.659
ALO,1981.1041666666665,156.0,87.659
ALO,1991.3041666666666,153.0,87.659
ALO,2002.970833333333,150.0,87.659
ALO,2017.0591666666664,158.0,87.659
ALO,2031.814722222222,166.0,87.659
ALO,2039.3702777777776,170.0,87.659
ALO,2057.770277777777,184.0,87.659
ALO,2066.036944444444,186.0,87.659
ALO,2079.803611111111,177.0,87.659
ALO,2087.1813888888887,166.0,87.659
ALO,2097.6480555555554,157.0,87.659
ALO,2107.8480555555557,153.0,87.659
ALO,2118.659166666667,139.0,87.659
ALO,2124.570277777778,133.0,87.659
ALO,2140.214722222222,128.0,87.659
ALO,2146.9925,122.0,87.659
ALO,2157.570277777778,119.0,87.659
ALO,2162.7258333333334,116.0,87.659
ALO,2172.8275000000003,114.0,87.659
ALO,2177.7608333333337,111.0,87.659
ALO,2187.805277777778,113.0,87.659
ALO,2196.905277777778,117.0,87.659
ALO,2204.8386111111113,119.0,87.659
ALO,2211.5608333333334,121.0,87.659
ALO,2223.2941666666666,132.0,87.659
ALO,2239.849722222222,149.0,87.659
ALO,2246.871944444444,158.0,87.659
ALO,2264.471944444444,176.0,87.659
ALO,2272.521944444444,180.0,87.659
ALO,2287.3775,191.0,87.659
ALO,2298.4330555555557,199.0,87.659
ALO,2312.099722222222,205.0,87.659
ALO,2323.8219444444444,211.0,87.659
ALO,2338.555277777778,221.0,87.659
ALO,2351.110833333333,226.0,87.659
ALO,2371.999722222222,235.0,87.659
ALO,2385.3330555555553,240.0,87.659
ALO,2396.1775,244.0,87.659
ALO,2418.399722222222,250.0,87.659
ALO,2429.599722222222,252.0,87.659
ALO,2449.5886111111113,257.0,87.659
ALO,2461.1441666666665,260.0,87.659
ALO,2475.8108333333334,264.0,87.659
ALO,2487.5441666666666,264.0,87.659
ALO,2508.466388888889,269.0,87.659
ALO,2523.5219444444447,271.0,87.659
ALO,2535.655277777778,273.0,87.659
ALO,2560.0233333333335,275.0,87.659
ALO,2588.0233333333335,280.0,87.659
ALO,2600.512222222222,281.0,87.659
ALO,2616.2344444444448,283.0,87.659
ALO,2635.3011111111114,286.0,87.659
ALO,2648.056666666667,287.0,87.659
ALO,2673.7455555555557,289.0,87.659
ALO,2689.856666666667,290.0,87.659
ALO,2722.5233333333335,294.0,87.659
ALO,2748.9166666666665,296.0,87.659
ALO,2765.416666666667,297.0,87.659
ALO,2791.994444444445,299.0,87.659
ALO,2805.2833333333338,299.0,87.659
ALO,2821.9500000000007,300.0,87.659
ALO,2842.016666666667,301.0,87.659
ALO,2858.7944444444447,302.0,87.659
ALO,2895.827777777778,303.0,87.659
ALO,2912.716666666667,304.0,87.659
ALO,2943.216666666667,305.0,87.659
ALO,2973.716666666667,305.0,87.659
ALO,2987.1833333333343,303.0,87.659
ALO,3014.0277777777787,302.0,87.659
ALO,3047.1388888888896,298.0,87.659
ALO,3070.2388888888895,297.0,87.659
ALO,3093.1013888888892,295.0,87.659
ALO,3106.1680555555563,294.0,87.659
ALO,3128.879166666667,292.0,87.659
ALO,3157.979166666667,291.0,87.659
ALO,3183.668055555556,289.0,87.659
ALO,3196.468055555556,288.0,87.659
ALO,3212.5791666666673,290.0,87.659
ALO,3231.979166666667,291.0,87.659
ALO,3254.690277777778,292.0,87.659
ALO,3270.968055555556,293.0,87.659
ALO,3293.994444444445,295.0,87.659
ALO,3313.661111111112,295.0,87.659
ALO,3333.394444444445,296.0,87.659
ALO,3359.883333333334,298.0,87.659
ALO,3383.1388888888896,299.0,87.659
ALO,3396.427777777779,299.0,87.659
ALO,3423.0944444444453,300.0,87.659
ALO,3439.761111111112,300.0,87.659
ALO,3456.4833333333345,301.0,87.659
ALO,3473.261111111112,302.0,87.659
ALO,3496.750000000001,302.0,87.659
ALO,3513.5833333333344,303.0,87.659
ALO,3540.516666666668,303.0,87.659
ALO,3567.450000000001,303.0,87.659
ALO,3587.6500000000005,303.0,87.659
ALO,3611.216666666667,303.0,87.659
ALO,3641.6166666666672,304.0,87.659
ALO,3665.0216666666674,302.0,87.659
ALO,3695.1216666666674,301.0,87.659
ALO,3734.188333333334,293.0,87.659
ALO,3750.4105555555566,292.0,87.659
ALO,3766.5772222222236,291.0,87.659
ALO,3785.977222222223,291.0,87.659
ALO,3814.477222222223,285.0,87.659
ALO,3835.9425000000015,275.0,87.659
ALO,3856.5536111111123,265.0,87.659
ALO,3876.5425000000014,257.0,87.659
ALO,3905.320277777779,259.0,87.659
ALO,3924.1425000000013,242.0,87.659
ALO,3937.0313888888904,232.0,87.659
ALO,3956.9425000000015,224.0,87.659
ALO,3966.720277777779,220.0,87.659
ALO,3978.83138888889,218.0,87.659
ALO,3997.8536111111125,214.0,87.659
ALO,4017.2313888888903,218.0,87.659
ALO,4032.0313888888904,222.0,87.659
ALO,4042.0758333333347,226.0,87.659
ALO,4052.209166666668,228.0,87.659
ALO,4067.742500000001,233.0,87.659
ALO,4080.964722222224,238.0,87.659
ALO,4091.6313888888903,240.0,87.659
ALO,4113.764722222224,249.0,87.659
ALO,4133.217222222224,251.0,87.659
ALO,4147.328333333335,254.0,87.659
ALO,4164.661666666668,260.0,87.659
ALO,4188.217222222223,265.0,87.659
ALO,4215.417222222223,272.0,87.659
ALO,4227.595000000001,274.0,87.659
ALO,4252.395000000001,279.0,87.659
ALO,4268.061666666667,282.0,87.659
ALO,4287.207777777779,286.0,87.659
ALO,4309.841111111112,291.0,87.659
ALO,4332.630000000001,293.0,87.659
ALO,4369.174444444446,299.0,87.659
ALO,4395.930000000002,301.0,87.659
ALO,4419.652222222225,305.0,87.659
ALO,4440.118888888891,307.0,87.659
ALO,4464.230000000002,310.0,87.659
ALO,4488.418888888891,311.0,87.659
ALO,4505.8633333333355,314.0,87.659
ALO,4526.8633333333355,315.0,87.659
ALO,4547.996666666669,317.0,87.659
ALO,4569.196666666669,318.0,87.659
ALO,4601.196666666669,320.0,87.659
ALO,4622.596666666669,321.0,87.659
ALO,4651.21888888889,322.0,87.659
ALO,4687.018055555557,323.0,87.659
ALO,4712.295833333335,325.0,87.659
ALO,4741.2736111111135,326.0,87.659
ALO,4755.762500000002,326.0,87.659
ALO,4784.829166666669,327.0,87.659
ALO,4817.529166666669,327.0,87.659
ALO,4832.062500000002,327.0,87.659
ALO,4846.55138888889,326.0,87.659
ALO,4875.619722222223,326.0,87.659
ALO,4889.753055555556,318.0,87.659
ALO,4906.3086111111115,298.0,87.659
ALO,4925.041944444446,281.0,87.659
ALO,4939.875277777778,267.0,87.659
ALO,4954.041944444445,255.0,87.659
ALO,4964.930833333334,245.0,87.659
ALO,4975.597500000001,240.0,87.659
ALO,4998.297500000001,227.0,87.659
ALO,5010.6308333333345,222.0,87.659
ALO,5034.519722222223,215.0,87.659
ALO,5048.919722222223,216.0,87.659
ALO,5058.519722222223,216.0,87.659
ALO,5068.119722222223,216.0,87.659
ALO,5095.864166666667,227.0,87.659
ALO,5106.086388888889,230.0,87.659
ALO,5119.086388888889,234.0,87.659
ALO,5135.08638888889,240.0,87.659
ALO,5148.6975,245.0,87.659
ALO,5168.219722222222,251.0,87.659
ALO,5179.464166666667,253.0,87.659
ALO,5190.8150000000005,257.0,87.659
ALO,5208.215,261.0,87.659
ALO,5219.992777777778,265.0,87.659
ALO,5240.992777777778,270.0,87.659
ALO,5262.226111111111,273.0,87.659
ALO,5280.626111111112,276.0,87.659
ALO,5302.3261111111115,279.0,87.659
ALO,5317.881666666667,280.0,87.659
ALO,5336.76,282.0,87.659
ALO,5349.3822222222225,284.0,87.659
ALO,5367.848888888889,277.0,87.659
ALO,5381.46,245.0,87.659
ALO,5391.637777777778,229.0,87.659
ALO,5400.66,203.0,87.659
ALO,5413.7266666666665,168.0,87.659
ALO,5422.2266666666665,153.0,87.659
ALO,5428.404444444444,139.0,87.659
ALO,5436.937777777778,128.0,87.659
ALO,5449.604444444444,114.0,87.659
ALO,5454.448888888889,109.0,87.659
ALO,5464.548888888889,101.0,87.659
ALO,5470.8822222222225,95.0,87.659
ALO,5478.271111111111,95.0,87.659
ALO,5485.971111111111,99.0,87.659
ALO,5494.293333333333,107.0,87.659
ALO,5501.959999999999,115.0,87.659
ALO,5508.737777777777,122.0,87.659
ALO,5519.582222222221,122.0,87.659
ALO,5532.660555555554,118.0,87.659
ALO,5539.21611111111,118.0,87.659
ALO,5548.471666666665,119.0,87.659
ALO,5558.193888888888,125.0,87.659
ALO,5565.416111111111,130.0,87.659
ALO,5574.749444444444,140.0,87.659
ALO,5582.90111111111,146.0,87.659
ALO,5593.167777777777,154.0,87.659
ALO,5605.923333333332,164.0,87.659
ALO,5615.756666666665,177.0,87.659
ALO,5632.467777777776,188.0,87.659
ALO,5643.30111111111,195.0,87.659
ALO,5659.245555555554,205.0,87.659
ALO,5668.356666666666,205.0,87.659
ALO,5677.867777777777,214.0,87.659
ALO,5700.267777777776,224.0,87.659
ALO,5720.80111111111,231.0,87.659
ALO,5749.767777777776,237.0,87.659
ALO,5768.512222222221,241.0,87.659
ALO,5782.067777777776,244.0,87.659
ALO,5801.434444444443,249.0,87.659
GAS,12.686666666666666,264.0,87.689
GAS,30.486666666666665,267.0,87.689
GAS,57.68666666666667,272.0,87.689
GAS,79.07555555555555,275.0,87.689
GAS,106.99777777777777,280.0,87.689
GAS,119.57555555555555,283.0,87.689
GAS,135.4088888888889,285.0,87.689
GAS,160.92000000000002,287.0,87.689
GAS,183.39777777777778,289.0,87.689
GAS,202.79777777777778,291.0,87.689
GAS,225.66444444444443,294.0,87.689
GAS,248.68666666666667,296.0,87.689
GAS,271.78666666666663,297.0,87.689
GAS,291.71999999999997,299.0,87.689
GAS,314.9755555555555,299.0,87.689
GAS,341.8147222222222,301.0,87.689
GAS,368.5702777777778,301.0,87.689
GAS,381.90361111111105,300.0,87.689
GAS,411.90361111111105,300.0,87.689
GAS,425.1480555555555,298.0,87.689
GAS,448.24805555555554,297.0,87.689
GAS,461.44805555555547,297.0,87.689
GAS,481.1813888888888,296.0,87.689
GAS,500.8480555555555,295.0,87.689
GAS,523.7925,295.0,87.689
GAS,536.9036111111111,295.0,87.689
GAS,573.0813888888889,296.0,87.689
GAS,589.5258333333334,296.0,87.689
GAS,615.7480555555557,295.0,87.689
GAS,628.8147222222223,294.0,87.689
GAS,654.866388888889,294.0,87.689
GAS,667.9775000000001,295.0,87.689
GAS,694.1108333333333,294.0,87.689
GAS,717.0552777777779,295.0,87.689
GAS,736.5886111111112,293.0,87.689
GAS,752.8108333333333,292.0,87.689
GAS,778.6775,291.0,87.689
GAS,806.4552777777778,250.0,87.689
GAS,816.2775,221.0,87.689
GAS,834.9775,187.0,87.689
GAS,842.9380555555555,178.0,87.689
GAS,854.7602777777778,152.0,87.689
GAS,862.7047222222222,143.0,87.689
GAS,871.9713888888889,139.0,87.689
GAS,879.4713888888889,135.0,87.689
GAS,888.2047222222222,131.0,87.689
GAS,895.2602777777778,127.0,87.689
GAS,906.0158333333333,121.0,87.689
GAS,912.5713888888888,118.0,87.689
GAS,917.8158333333332,118.0,87.689
GAS,928.5713888888888,121.0,87.689
GAS,934.1269444444443,125.0,87.689
GAS,944.3936111111111,132.0,87.689
GAS,950.3936111111111,135.0,87.689
GAS,958.2825,142.0,87.689
GAS,964.9936111111111,151.0,87.689
GAS,977.2047222222222,157.0,87.689
GAS,985.371388888889,147.0,87.689
GAS,991.6380555555556,141.0,87.689
GAS,1002.9802777777778,128.0,87.689
GAS,1014.4802777777778,115.0,87.689
GAS,1019.3691666666667,110.0,87.689
GAS,1025.2025,105.0,87.689
GAS,1032.2025,105.0,87.689
GAS,1036.6469444444444,100.0,87.689
GAS,1045.1802777777777,96.0,87.689
GAS,1050.5691666666667,97.0,87.689
GAS,1062.1247222222223,104.0,87.689
GAS,1072.2897222222223,114.0,87.689
GAS,1078.956388888889,120.0,87.689
GAS,1090.5119444444447,130.0,87.689
GAS,1096.7786111111113,141.0,87.689
GAS,1105.1675000000002,151.0,87.689
GAS,1115.9008333333336,161.0,87.689
GAS,1125.345277777778,170.0,87.689
GAS,1148.8119444444446,192.0,87.689
GAS,1159.8675,199.0,87.689
GAS,1180.6675,208.0,87.689
GAS,1202.7675000000002,221.0,87.689
GAS,1212.8119444444444,226.0,87.689
GAS,1233.5230555555556,233.0,87.689
GAS,1260.3008333333335,241.0,87.689
GAS,1279.4341666666667,246.0,87.689
GAS,1298.654166666667,248.0,87.689
GAS,1309.8986111111112,253.0,87.689
GAS,1330.0430555555558,259.0,87.689
GAS,1356.6430555555557,266.0,87.689
GAS,1380.9097222222224,273.0,87.689
GAS,1393.1319444444446,275.0,87.689
GAS,1408.576388888889,278.0,87.689
GAS,1427.5097222222223,284.0,87.689
GAS,1449.8319444444446,287.0,87.689
GAS,1465.8875,289.0,87.689
GAS,1488.8358333333333,294.0,87.689
GAS,1508.6358333333333,297.0,87.689
GAS,1528.5025,298.0,87.689
GAS,1555.4358333333334,303.0,87.689
GAS,1579.2358333333336,306.0,87.689
GAS,1592.9247222222223,308.0,87.689
GAS,1620.480277777778,310.0,87.689
GAS,1637.869166666667,313.0,87.689
GAS,1655.3136111111114,314.0,87.689
GAS,1672.8691666666668,316.0,87.689
GAS,1697.6025000000002,318.0,87.689
GAS,1715.3802777777778,320.0,87.689
GAS,1744.0025,322.0,87.689
GAS,1772.8025,324.0,87.689
GAS,1794.4025,324.0,87.689
GAS,1819.5247222222222,323.0,87.689
GAS,1851.7247222222222,322.0,87.689
GAS,1873.5022222222221,281.0,87.689
GAS,1898.802222222222,253.0,87.689
GAS,1927.602222222222,216.0,87.689
GAS,1938.9355555555553,204.0,87.689
GAS,1949.6577777777775,193.0,87.689
GAS,1962.0577777777776,186.0,87.689
GAS,1979.0577777777776,170.0,87.689
GAS,1991.8588888888887,164.0,87.689
GAS,2003.9922222222222,156.0,87.689
GAS,2015.8922222222222,153.0,87.689
GAS,2032.7811111111112,152.0,87.689
GAS,2044.9922222222224,157.0,87.689
GAS,2053.992222222222,162.0,87.689
GAS,2069.281111111111,172.0,87.689
GAS,2077.103333333333,176.0,87.689
GAS,2086.547777777778,170.0,87.689
GAS,2100.5033333333336,157.0,87.689
GAS,2113.481111111111,146.0,87.689
GAS,2122.8811111111113,141.0,87.689
GAS,2129.0144444444445,138.0,87.689
GAS,2134.9255555555555,133.0,87.689
GAS,2143.5255555555555,129.0,87.689
GAS,2150.47,125.0,87.689
GAS,2155.8477777777775,121.0,87.689
GAS,2166.3366666666666,118.0,87.689
GAS,2175.0941666666668,113.0,87.689
GAS,2181.483055555556,115.0,87.689
GAS,2189.349722222222,118.0,87.689
GAS,2200.3719444444446,124.0,87.689
GAS,2213.4719444444445,131.0,87.689
GAS,2219.516388888889,136.0,87.689
GAS,2232.494166666667,146.0,87.689
GAS,2240.994166666667,153.0,87.689
GAS,2251.8391666666666,162.0,87.689
GAS,2265.3725,174.0,87.689
GAS,2279.8391666666666,186.0,87.689
GAS,2304.4058333333332,201.0,87.689
GAS,2323.2502777777777,212.0,87.689
GAS,2340.2058333333334,218.0,87.689
GAS,2355.339166666667,227.0,87.689
GAS,2373.5391666666674,234.0,87.689
GAS,2392.1280555555563,239.0,87.689
GAS,2405.628055555556,243.0,87.689
GAS,2422.2280555555562,249.0,87.689
GAS,2439.094722222223,253.0,87.689
GAS,2456.294722222223,258.0,87.689
GAS,2482.594722222223,263.0,87.689
GAS,2500.394722222223,267.0,87.689
GAS,2524.3058333333342,269.0,87.689
GAS,2554.5633333333344,273.0,87.689
GAS,2576.030000000001,276.0,87.689
GAS,2600.91888888889,280.0,87.689
GAS,2613.363333333334,280.0,87.689
GAS,2638.6077777777787,284.0,87.689
GAS,2667.2077777777786,286.0,87.689
GAS,2679.9633333333345,287.0,87.689
GAS,2692.71888888889,287.0,87.689
GAS,2718.66638888889,291.0,87.689
GAS,2731.644166666668,292.0,87.689
GAS,2747.9219444444457,293.0,87.689
GAS,2767.5886111111117,295.0,87.689
GAS,2784.0330555555565,296.0,87.689
GAS,2800.533055555557,297.0,87.689
GAS,2813.733055555557,297.0,87.689
GAS,2826.9775000000013,298.0,87.689
GAS,2856.8775000000014,299.0,87.689
GAS,2873.4886111111123,299.0,87.689
GAS,2906.9330555555566,301.0,87.689
GAS,2926.9997222222237,301.0,87.689
GAS,2940.377500000002,301.0,87.689
GAS,2953.755277777779,301.0,87.689
GAS,2990.544166666668,301.0,87.689
GAS,3003.8775000000014,300.0,87.689
GAS,3020.544166666668,300.0,87.689
GAS,3040.4775000000013,299.0,87.689
GAS,3056.921944444446,296.0,87.689
GAS,3079.788611111113,294.0,87.689
GAS,3092.810833333335,293.0,87.689
GAS,3105.7075000000013,292.0,87.689
GAS,3125.1075000000014,291.0,87.689
GAS,3138.0408333333344,291.0,87.689
GAS,3160.518611111112,289.0,87.689
GAS,3182.9963888888897,289.0,87.689
GAS,3202.329722222223,290.0,87.689
GAS,3224.885277777779,290.0,87.689
GAS,3241.0519444444453,291.0,87.689
GAS,3260.599722222223,292.0,87.689
GAS,3273.5775000000012,292.0,87.689
GAS,3293.1775000000016,294.0,87.689
GAS,3309.5663888888903,295.0,87.689
GAS,3322.6775000000016,295.0,87.689
GAS,3335.8330555555567,296.0,87.689
GAS,3358.9330555555566,297.0,87.689
GAS,3375.433055555557,297.0,87.689
GAS,3388.677500000001,298.0,87.689
GAS,3408.544166666668,298.0,87.689
GAS,3441.76638888889,299.0,87.689
GAS,3455.055277777779,299.0,87.689
GAS,3485.0552777777793,300.0,87.689
GAS,3505.1219444444455,301.0,87.689
GAS,3528.5330555555565,301.0,87.689
GAS,3551.9441666666676,301.0,87.689
GAS,3575.3552777777786,301.0,87.689
GAS,3595.4219444444448,301.0,87.689
GAS,3612.1441666666674,301.0,87.689
GAS,3638.988611111112,302.0,87.689
GAS,3672.238611111112,300.0,87.689
GAS,3688.8497222222227,299.0,87.689
GAS,3711.9497222222226,297.0,87.689
GAS,3734.660833333334,292.0,87.689
GAS,3750.8830555555564,292.0,87.689
GAS,3770.149722222223,289.0,87.689
GAS,3786.3413888888895,290.0,87.689
GAS,3805.3413888888895,285.0,87.689
GAS,3827.352500000001,283.0,87.689
GAS,3842.74138888889,277.0,87.689
GAS,3866.2080555555567,264.0,87.689
GAS,3880.485833333334,257.0,87.689
GAS,3900.0080555555564,251.0,87.689
GAS,3911.0302777777783,248.0,87.689
GAS,3921.7858333333343,242.0,87.689
GAS,3945.1858333333344,234.0,87.689
GAS,3965.2747222222233,226.0,87.689
GAS,3991.430277777779,214.0,87.689
GAS,4008.3080555555566,217.0,87.689
GAS,4020.530277777779,220.0,87.689
GAS,4037.874722222223,223.0,87.689
GAS,4058.4080555555565,231.0,87.689
GAS,4076.6080555555563,234.0,87.689
GAS,4087.14138888889,237.0,87.689
GAS,4103.14138888889,240.0,87.689
GAS,4114.030277777779,245.0,87.689
GAS,4130.561111111112,249.0,87.689
GAS,4147.361111111112,252.0,87.689
GAS,4170.027777777779,255.0,87.689
GAS,4190.405555555557,262.0,87.689
GAS,4205.183333333335,266.0,87.689
GAS,4217.050000000002,267.0,87.689
GAS,4244.526111111113,274.0,87.689
GAS,4259.859444444447,276.0,87.689
GAS,4288.059444444447,282.0,87.689
GAS,4307.059444444447,285.0,87.689
GAS,4329.4594444444465,288.0,87.689
GAS,4355.415000000003,292.0,87.689
GAS,4368.481666666669,294.0,87.689
GAS,4384.926111111114,296.0,87.689
GAS,4401.481666666669,298.0,87.689
GAS,4418.148333333335,300.0,87.689
GAS,4431.481666666669,300.0,87.689
GAS,4461.881666666669,304.0,87.689
GAS,4485.759444444447,307.0,87.689
GAS,4506.2927777777795,308.0,87.689
GAS,4530.481666666668,311.0,87.689
GAS,4565.259444444447,313.0,87.689
GAS,4596.759444444447,315.0,87.689
GAS,4614.315000000001,316.0,87.689
GAS,4635.4483333333355,317.0,87.689
GAS,4663.715000000002,318.0,87.689
GAS,4688.515000000001,320.0,87.689
GAS,4706.348333333335,321.0,87.689
GAS,4724.181666666669,321.0,87.689
GAS,4742.070555555558,322.0,87.689
GAS,4763.537222222224,322.0,87.689
GAS,4792.248333333336,323.0,87.689
GAS,4828.115555555558,322.0,87.689
GAS,4860.0155555555575,319.0,87.689
GAS,4881.215555555557,318.0,87.689
GAS,4898.43777777778,310.0,87.689
GAS,4917.571111111114,287.0,87.689
GAS,4930.015555555558,280.0,87.689
GAS,4947.548888888891,263.0,87.689
GAS,4974.9933333333365,247.0,87.689
GAS,4985.971111111114,247.0,87.689
GAS,5001.63777777778,235.0,87.689
GAS,5016.904444444447,229.0,87.689
GAS,5031.63777777778,221.0,87.689
GAS,5053.83777777778,222.0,87.689
GAS,5066.1711111111135,222.0,87.689
GAS,5078.6711111111135,225.0,87.689
GAS,5093.93777777778,229.0,87.689
GAS,5114.82666666667,235.0,87.689
GAS,5136.3377777777805,242.0,87.689
GAS,5147.226666666669,245.0,87.689
GAS,5172.32666666667,251.0,87.689
GAS,5183.58916666667,255.0,87.689
GAS,5197.922500000004,258.0,87.689
GAS,5218.455833333338,264.0,87.689
GAS,5242.366944444449,269.0,87.689
GAS,5266.633611111116,273.0,87.689
GAS,5278.8875000000035,274.0,87.689
GAS,5294.331944444448,278.0,87.689
GAS,5319.220833333337,280.0,87.689
GAS,5344.109722222226,280.0,87.689
GAS,5368.998611111116,280.0,87.689
GAS,5383.44305555556,260.0,87.689
GAS,5400.165277777782,215.0,87.689
GAS,5416.34305555556,182.0,87.689
GAS,5423.987500000004,172.0,87.689
GAS,5434.954166666671,141.0,87.689
GAS,5445.14305555556,131.0,87.689
GAS,5451.976388888893,123.0,87.689
GAS,5458.365277777782,115.0,87.689
GAS,5464.531944444448,111.0,87.689
GAS,5473.687500000004,103.0,87.689
GAS,5478.265277777781,103.0,87.689
GAS,5486.8875000000035,97.0,87.689
GAS,5496.8875000000035,100.0,87.689
GAS,5504.087500000003,108.0,87.689
GAS,5515.020833333337,123.0,87.689
GAS,5526.008611111115,124.0,87.689
GAS,5538.008611111115,120.0,87.689
GAS,5544.675277777782,120.0,87.689
GAS,5552.941944444448,124.0,87.689
GAS,5564.4086111111155,129.0,87.689
GAS,5571.834444444448,133.0,87.689
GAS,5582.645555555559,139.0,87.689
GAS,5588.912222222227,141.0,87.689
GAS,5598.84555555556,149.0,87.689
GAS,5609.312222222226,157.0,87.689
GAS,5624.423333333338,170.0,87.689
GAS,5632.423333333338,180.0,87.689
GAS,5651.923333333338,195.0,87.689
GAS,5660.590000000004,195.0,87.689
GAS,5674.456666666671,208.0,87.689
GAS,5683.834444444448,211.0,87.689
GAS,5701.023333333337,221.0,87.689
GAS,5718.678888888893,227.0,87.689
GAS,5742.078888888893,234.0,87.689
GAS,5752.65666666667,238.0,87.689
GAS,5763.412222222226,242.0,87.689
GAS,5777.078888888893,246.0,87.689
GAS,5796.44555555556,249.0,87.689
GAS,5813.44555555556,255.0,87.689
HUL,29.370000000000005,267.0,88.896
HUL,41.23666666666667,267.0,88.896
HUL,62.392222222222216,272.0,88.896
HUL,86.92555555555555,276.0,88.896
HUL,111.63666666666666,278.0,88.896
HUL,136.79222222222222,283.0,88.896
HUL,158.88111111111112,284.0,88.896
HUL,184.48111111111112,288.0,88.896
HUL,206.9588888888889,289.0,88.896
HUL,219.8113888888889,291.0,88.896
HUL,232.7891666666667,292.0,88.896
HUL,252.3225,293.0,88.896
HUL,268.7113888888889,295.0,88.896
HUL,291.7336111111111,296.0,88.896
HUL,321.43361111111113,297.0,88.896
HUL,344.69416666666666,298.0,88.896
HUL,361.2497222222222,298.0,88.896
HUL,374.40527777777777,296.0,88.896
HUL,390.8497222222222,296.0,88.896
HUL,404.00527777777774,296.0,88.896
HUL,417.1163888888889,295.0,88.896
HUL,439.98305555555555,294.0,88.896
HUL,453.0497222222222,294.0,88.896
HUL,472.5830555555556,293.0,88.896
HUL,495.3719444444444,293.0,88.896
HUL,514.9052777777778,293.0,88.896
HUL,534.4386111111111,293.0,88.896
HUL,554.1052777777777,295.0,88.896
HUL,573.7719444444443,295.0,88.896
HUL,596.7163888888888,295.0,88.896
HUL,613.0497222222222,294.0,88.896
HUL,632.5830555555555,293.0,88.896
HUL,658.7163888888888,294.0,88.896
HUL,674.9941666666666,293.0,88.896
HUL,688.0608333333331,294.0,88.896
HUL,704.3941666666665,294.0,88.896
HUL,717.549722222222,296.0,88.896
HUL,730.7052777777776,296.0,88.896
HUL,760.2052777777776,295.0,88.896
HUL,773.1902777777776,294.0,88.896
HUL,794.3458333333331,272.0,88.896
HUL,816.245833333333,219.0,88.896
HUL,827.2458333333332,198.0,88.896
HUL,842.5347222222221,172.0,88.896
HUL,854.5552777777775,154.0,88.896
HUL,867.0886111111108,141.0,88.896
HUL,877.1997222222219,130.0,88.896
HUL,884.1997222222219,126.0,88.896
HUL,890.9774999999996,122.0,88.896
HUL,897.5886111111108,119.0,88.896
HUL,905.3219444444442,116.0,88.896
HUL,911.6552777777774,114.0,88.896
HUL,923.1552777777774,115.0,88.896
HUL,928.5330555555552,121.0,88.896
HUL,939.9997222222219,129.0,88.896
HUL,955.9997222222219,144.0,88.896
HUL,966.2663888888885,154.0,88.896
HUL,973.0219444444441,152.0,88.896
HUL,983.6774999999997,137.0,88.896
HUL,989.5886111111108,133.0,88.896
HUL,995.1441666666664,125.0,88.896
HUL,1001.6441666666664,117.0,88.896
HUL,1006.7108333333331,114.0,88.896
HUL,1012.9330555555554,112.0,88.896
HUL,1018.6552777777775,103.0,88.896
HUL,1024.210833333333,100.0,88.896
HUL,1029.6552777777777,98.0,88.896
HUL,1034.796111111111,93.0,88.896
HUL,1045.2405555555556,94.0,88.896
HUL,1051.8405555555555,99.0,88.896
HUL,1058.773888888889,104.0,88.896
HUL,1063.6627777777778,110.0,88.896
HUL,1073.0294444444444,120.0,88.896
HUL,1080.1405555555555,128.0,88.896
HUL,1088.9405555555556,132.0,88.896
HUL,1097.1627777777778,148.0,88.896
HUL,1109.8405555555555,163.0,88.896
HUL,1129.9516666666668,181.0,88.896
HUL,1148.8516666666667,189.0,88.896
HUL,1159.796111111111,197.0,88.896
HUL,1180.796111111111,210.0,88.896
HUL,1197.985,221.0,88.896
HUL,1207.9405555555554,224.0,88.896
HUL,1223.3405555555553,231.0,88.896
HUL,1241.8516666666665,238.0,88.896
HUL,1252.4738888888887,239.0,88.896
HUL,1263.2738888888887,243.0,88.896
HUL,1279.7405555555554,247.0,88.896
HUL,1290.8072222222218,249.0,88.896
HUL,1316.107222222222,253.0,88.896
HUL,1339.307222222222,261.0,88.896
HUL,1374.9072222222217,267.0,88.896
HUL,1408.3199999999995,274.0,88.896
HUL,1420.5866666666661,276.0,88.896
HUL,1432.8977777777773,277.0,88.896
HUL,1448.5088888888886,281.0,88.896
HUL,1464.175555555555,282.0,88.896
HUL,1479.953333333333,284.0,88.896
HUL,1495.9216666666664,286.0,88.896
HUL,1515.1216666666662,288.0,88.896
HUL,1534.4549999999997,290.0,88.896
HUL,1567.0105555555551,293.0,88.896
HUL,1599.5661111111106,293.0,88.896
HUL,1616.0105555555551,296.0,88.896
HUL,1629.1661111111107,296.0,88.896
HUL,1642.4105555555552,298.0,88.896
HUL,1668.988333333333,299.0,88.896
HUL,1688.9883333333328,300.0,88.896
HUL,1709.0549999999994,301.0,88.896
HUL,1735.9883333333328,303.0,88.896
HUL,1749.4549999999995,303.0,88.896
HUL,1769.6549999999997,303.0,88.896
HUL,1786.5438888888887,304.0,88.896
HUL,1810.1883333333333,304.0,88.896
HUL,1830.2549999999999,301.0,88.896
HUL,1858.6549999999997,284.0,88.896
HUL,1883.9549999999997,253.0,88.896
HUL,1906.155,222.0,88.896
HUL,1924.1430555555555,203.0,88.896
HUL,1932.8097222222223,195.0,88.896
HUL,1945.5430555555556,191.0,88.896
HUL,1959.2319444444445,176.0,88.896
HUL,1966.8319444444444,171.0,88.896
HUL,1977.9447222222223,166.0,88.896
HUL,1988.7447222222222,162.0,88.896
HUL,1995.9002777777778,161.0,88.896
HUL,2006.6336111111111,161.0,88.896
HUL,2017.5002777777777,163.0,88.896
HUL,2030.5669444444443,168.0,88.896
HUL,2048.3669444444445,178.0,88.896
HUL,2071.1002777777776,186.0,88.896
HUL,2089.8780555555554,169.0,88.896
HUL,2097.389166666667,169.0,88.896
HUL,2113.611388888889,146.0,88.896
HUL,2124.189166666667,136.0,88.896
HUL,2139.100277777778,122.0,88.896
HUL,2145.711388888889,119.0,88.896
HUL,2150.9558333333334,118.0,88.896
HUL,2161.1780555555556,115.0,88.896
HUL,2171.1336111111113,112.0,88.896
HUL,2182.6336111111113,115.0,88.896
HUL,2194.9336111111115,123.0,88.896
HUL,2203.497777777778,129.0,88.896
HUL,2211.0533333333337,136.0,88.896
HUL,2220.853333333334,147.0,88.896
HUL,2241.9638888888894,158.0,88.896
HUL,2255.5750000000003,175.0,88.896
HUL,2263.708333333334,183.0,88.896
HUL,2283.108333333334,194.0,88.896
HUL,2303.908333333334,208.0,88.896
HUL,2330.6750000000006,219.0,88.896
HUL,2351.208333333334,231.0,88.896
HUL,2366.9416666666675,236.0,88.896
HUL,2385.8416666666676,243.0,88.896
HUL,2396.7305555555563,245.0,88.896
HUL,2419.1305555555564,252.0,88.896
HUL,2438.96388888889,255.0,88.896
HUL,2456.2972222222234,260.0,88.896
HUL,2467.8527777777786,260.0,88.896
HUL,2488.386111111112,264.0,88.896
HUL,2500.2972222222234,268.0,88.896
HUL,2515.2416666666677,269.0,88.896
HUL,2530.1861111111125,269.0,88.896
HUL,2545.352777777779,273.0,88.896
HUL,2563.5527777777793,273.0,88.896
HUL,2594.5527777777793,279.0,88.896
HUL,2616.5638888888907,283.0,88.896
HUL,2638.728888888891,286.0,88.896
HUL,2654.61777777778,286.0,88.896
HUL,2670.5622222222246,287.0,88.896
HUL,2683.4066666666686,289.0,88.896
HUL,2699.598333333335,290.0,88.896
HUL,2718.9983333333353,291.0,88.896
HUL,2735.276111111113,293.0,88.896
HUL,2758.1427777777794,294.0,88.896
HUL,2784.3650000000016,295.0,88.896
HUL,2814.0650000000023,297.0,88.896
HUL,2830.6205555555575,298.0,88.896
HUL,2847.120555555558,297.0,88.896
HUL,2863.731666666669,299.0,88.896
HUL,2877.0650000000023,300.0,88.896
HUL,2893.787222222224,301.0,88.896
HUL,2910.5094444444467,301.0,88.896
HUL,2927.34277777778,303.0,88.896
HUL,2940.8094444444464,303.0,88.896
HUL,2964.376111111113,303.0,88.896
HUL,2977.7538888888903,301.0,88.896
HUL,2991.1316666666685,301.0,88.896
HUL,3004.5094444444458,301.0,88.896
HUL,3034.409444444446,299.0,88.896
HUL,3070.9538888888906,299.0,88.896
HUL,3093.5872222222238,291.0,88.896
HUL,3119.2761111111126,289.0,88.896
HUL,3147.9761111111125,287.0,88.896
HUL,3160.687222222223,286.0,88.896
HUL,3179.8872222222235,288.0,88.896
HUL,3202.207222222223,288.0,88.896
HUL,3221.4072222222235,288.0,88.896
HUL,3243.8872222222235,288.0,88.896
HUL,3256.7316666666684,289.0,88.896
HUL,3276.0650000000014,290.0,88.896
HUL,3292.1761111111127,290.0,88.896
HUL,3308.3983333333354,292.0,88.896
HUL,3337.698333333335,293.0,88.896
HUL,3367.098333333335,294.0,88.896
HUL,3399.987222222224,296.0,88.896
HUL,3423.165000000002,298.0,88.896
HUL,3453.065000000002,299.0,88.896
HUL,3486.398333333335,300.0,88.896
HUL,3506.3316666666683,299.0,88.896
HUL,3526.3316666666683,300.0,88.896
HUL,3552.998333333335,300.0,88.896
HUL,3566.331666666668,300.0,88.896
HUL,3583.0538888888905,301.0,88.896
HUL,3596.4316666666678,301.0,88.896
HUL,3623.187222222223,301.0,88.896
HUL,3639.965000000001,302.0,88.896
HUL,3656.6872222222228,301.0,88.896
HUL,3676.620555555556,299.0,88.896
HUL,3693.1205555555566,297.0,88.896
HUL,3729.176111111112,295.0,88.896
HUL,3745.3725000000004,293.0,88.896
HUL,3774.453055555556,290.0,88.896
HUL,3796.5419444444447,284.0,88.896
HUL,3808.7197222222226,274.0,88.896
HUL,3826.3863888888895,265.0,88.896
HUL,3851.7863888888896,254.0,88.896
HUL,3871.230833333334,250.0,88.896
HUL,3890.753055555556,251.0,88.896
HUL,3904.753055555556,252.0,88.896
HUL,3918.419722222223,246.0,88.896
HUL,3931.3086111111115,232.0,88.896
HUL,3948.419722222223,220.0,88.896
HUL,3965.0641666666675,214.0,88.896
HUL,3974.3975000000005,210.0,88.896
HUL,3986.0641666666675,210.0,88.896
HUL,4009.508611111112,211.0,88.896
HUL,4018.9752777777785,213.0,88.896
HUL,4033.4419444444447,217.0,88.896
HUL,4050.786388888889,223.0,88.896
HUL,4066.1863888888893,231.0,88.896
HUL,4092.741944444445,239.0,88.896
HUL,4117.041944444445,243.0,88.896
HUL,4136.486388888889,250.0,88.896
HUL,4150.541944444445,253.0,88.896
HUL,4167.541944444445,255.0,88.896
HUL,4187.686388888889,259.0,88.896
HUL,4199.213888888889,261.0,88.896
HUL,4213.880555555556,264.0,88.896
HUL,4237.688055555556,267.0,88.896
HUL,4261.776944444446,271.0,88.896
HUL,4279.9769444444455,273.0,88.896
HUL,4292.199166666667,275.0,88.896
HUL,4304.510277777778,277.0,88.896
HUL,4332.610277777779,281.0,88.896
HUL,4367.199166666668,283.0,88.896
HUL,4379.82138888889,284.0,88.896
HUL,4408.52138888889,287.0,88.896
HUL,4421.3213888888895,288.0,88.896
HUL,4437.376944444445,289.0,88.896
HUL,4463.3325,292.0,88.896
HUL,4495.776944444446,292.0,88.896
HUL,4528.443611111113,294.0,88.896
HUL,4541.554722222223,295.0,88.896
HUL,4564.654722222223,297.0,88.896
HUL,4601.076944444446,298.0,88.896
HUL,4624.332500000001,299.0,88.896
HUL,4650.999166666667,300.0,88.896
HUL,4667.72138888889,301.0,88.896
HUL,4704.510277777778,301.0,88.896
HUL,4727.92138888889,301.0,88.896
HUL,4754.676944444446,301.0,88.896
HUL,4768.054722222224,301.0,88.896
HUL,4804.843611111112,301.0,88.896
HUL,4818.22138888889,301.0,88.896
HUL,4838.221388888891,300.0,88.896
HUL,4851.4658333333355,298.0,88.896
HUL,4871.199166666668,296.0,88.896
HUL,4897.332500000002,294.0,88.896
HUL,4913.165833333336,285.0,88.896
HUL,4930.765833333336,264.0,88.896
HUL,4944.59916666667,249.0,88.896
HUL,4958.154722222225,244.0,88.896
HUL,4981.254722222226,231.0,88.896
HUL,4993.976944444447,229.0,88.896
HUL,5015.7769444444475,218.0,88.896
HUL,5032.810277777781,219.0,88.896
HUL,5042.543611111115,219.0,88.896
HUL,5057.143611111114,219.0,88.896
HUL,5071.676944444447,218.0,88.896
HUL,5086.343611111114,220.0,88.896
HUL,5098.676944444447,222.0,88.896
HUL,5111.232500000003,226.0,88.896
HUL,5126.89916666667,235.0,88.896
HUL,5137.432500000003,237.0,88.896
HUL,5162.032500000003,246.0,88.896
HUL,5184.432500000003,252.0,88.896
HUL,5219.232500000003,261.0,88.896
HUL,5230.9658333333355,264.0,88.896
HUL,5254.876944444447,269.0,88.896
HUL,5282.076944444447,272.0,88.896
HUL,5294.2991666666685,275.0,88.896
HUL,5309.743611111113,278.0,88.896
HUL,5322.099166666668,278.0,88.896
HUL,5337.543611111112,278.0,88.896
HUL,5374.610277777779,278.0,88.896
HUL,5395.588055555556,236.0,88.896
HUL,5408.854722222223,199.0,88.896
HUL,5416.676944444445,176.0,88.896
HUL,5425.510277777778,159.0,88.896
HUL,5432.576944444445,159.0,88.896
HUL,5444.221388888889,131.0,88.896
HUL,5450.8325,119.0,88.896
HUL,5458.0325,108.0,88.896
HUL,5462.743611111112,106.0,88.896
HUL,5467.143611111112,99.0,88.896
HUL,5474.454722222223,94.0,88.896
HUL,5483.554722222223,91.0,88.896
HUL,5491.910277777778,94.0,88.896
HUL,5504.465833333334,113.0,88.896
HUL,5512.3325,118.0,88.896
HUL,5517.710277777778,121.0,88.896
HUL,5524.376944444444,120.0,88.896
HUL,5537.376944444444,117.0,88.896
HUL,5543.876944444444,117.0,88.896
HUL,5549.165833333333,119.0,88.896
HUL,5557.432499999999,124.0,88.896
HUL,5564.654722222222,130.0,88.896
HUL,5573.654722222222,135.0,88.896
HUL,5582.854722222221,138.0,88.896
HUL,5602.288055555555,159.0,88.896
HUL,5613.154722222222,163.0,88.896
HUL,5633.599166666666,184.0,88.896
HUL,5655.265833333333,195.0,88.896
HUL,5670.976944444444,202.0,88.896
HUL,5690.265833333332,217.0,88.896
HUL,5710.176944444443,224.0,88.896
HUL,5728.065833333331,230.0,88.896
HUL,5751.965833333331,239.0,88.896
HUL,5804.95472222222,251.0,88.896
HUL,5816.243611111108,254.0,88.896
HUL,5827.710277777775,258.0,88.896
STR,23.613333333333333,264.0,88.935
STR,41.346666666666664,266.0,88.935
STR,62.502222222222215,272.0,88.935
STR,93.20305555555555,277.0,88.935
STR,108.70305555555555,279.0,88.935
STR,140.2586111111111,284.0,88.935
STR,152.8808333333333,284.0,88.935
STR,165.50305555555553,284.0,88.935
STR,187.9030555555555,288.0,88.935
STR,223.79555555555552,293.0,88.935
STR,236.86222222222216,294.0,88.935
STR,256.5955555555555,296.0,88.935
STR,269.7955555555555,297.0,88.935
STR,283.0399999999999,298.0,88.935
STR,309.7066666666666,300.0,88.935
STR,336.551111111111,302.0,88.935
STR,349.97333333333324,302.0,88.935
STR,373.3844444444444,301.0,88.935
STR,393.38444444444434,300.0,88.935
STR,406.7177777777777,300.0,88.935
STR,439.71777777777777,297.0,88.935
STR,452.96222222222224,298.0,88.935
STR,475.9844444444444,296.0,88.935
STR,502.29555555555555,296.0,88.935
STR,528.6955555555555,297.0,88.935
STR,555.2733333333333,299.0,88.935
STR,578.5288888888889,299.0,88.935
STR,605.0177777777778,298.0,88.935
STR,628.1955555555555,298.0,88.935
STR,641.3572222222223,298.0,88.935
STR,654.5572222222222,297.0,88.935
STR,674.4238888888889,298.0,88.935
STR,690.9794444444445,298.0,88.935
STR,714.1572222222222,298.0,88.935
STR,743.9572222222222,298.0,88.935
STR,767.2958333333333,299.0,88.935
STR,783.2402777777777,287.0,88.935
STR,794.5736111111111,255.0,88.935
STR,807.1291666666667,226.0,88.935
STR,816.6402777777778,214.0,88.935
STR,825.2180555555555,193.0,88.935
STR,838.4402777777777,170.0,88.935
STR,845.9958333333333,170.0,88.935
STR,855.8625,148.0,88.935
STR,866.3625,135.0,88.935
STR,874.9625,129.0,88.935
STR,883.3625,126.0,88.935
STR,891.4958333333333,122.0,88.935
STR,899.4958333333333,120.0,88.935
STR,908.5180555555555,116.0,88.935
STR,914.9625,116.0,88.935
STR,922.8958333333334,119.0,88.935
STR,934.0958333333334,126.0,88.935
STR,941.3180555555556,130.0,88.935
STR,947.2736111111111,134.0,88.935
STR,955.1069444444445,141.0,88.935
STR,961.7736111111111,150.0,88.935
STR,968.6625,155.0,88.935
STR,983.1625,145.0,88.935
STR,989.0808333333333,134.0,88.935
STR,999.1919444444445,130.0,88.935
STR,1010.0919444444445,109.0,88.935
STR,1015.8141666666668,103.0,88.935
STR,1024.2586111111111,95.0,88.935
STR,1031.5177777777778,93.0,88.935
STR,1039.1622222222222,86.0,88.935
STR,1046.1622222222222,90.0,88.935
STR,1051.3844444444444,94.0,88.935
STR,1056.8288888888887,98.0,88.935
STR,1062.6066666666666,104.0,88.935
STR,1070.0733333333333,112.0,88.935
STR,1076.6844444444444,119.0,88.935
STR,1090.2844444444443,136.0,88.935
STR,1096.551111111111,141.0,88.935
STR,1110.5066666666664,157.0,88.935
STR,1128.5066666666664,162.0,88.935
STR,1141.1066666666666,189.0,88.935
STR,1149.8177777777778,196.0,88.935
STR,1165.6844444444444,204.0,88.935
STR,1174.8844444444444,207.0,88.935
STR,1184.351111111111,213.0,88.935
STR,1196.6844444444446,222.0,88.935
STR,1206.5511111111111,222.0,88.935
STR,1219.3288888888892,230.0,88.935
STR,1232.3288888888892,234.0,88.935
STR,1245.5511111111114,238.0,88.935
STR,1258.9955555555557,242.0,88.935
STR,1272.649166666667,247.0,88.935
STR,1300.649166666667,252.0,88.935
STR,1317.7825000000005,257.0,88.935
STR,1335.3158333333338,263.0,88.935
STR,1347.0936111111116,265.0,88.935
STR,1368.1686111111114,270.0,88.935
STR,1383.3352777777784,273.0,88.935
STR,1401.6686111111117,275.0,88.935
STR,1417.113055555556,278.0,88.935
STR,1439.0463888888894,282.0,88.935
STR,1470.824166666667,286.0,88.935
STR,1499.7241666666669,289.0,88.935
STR,1515.8352777777782,290.0,88.935
STR,1545.235277777778,294.0,88.935
STR,1568.3352777777782,297.0,88.935
STR,1581.535277777778,297.0,88.935
STR,1601.4686111111114,299.0,88.935
STR,1624.8797222222227,301.0,88.935
STR,1638.2575000000004,301.0,88.935
STR,1651.6797222222226,302.0,88.935
STR,1671.946388888889,304.0,88.935
STR,1685.4575000000002,304.0,88.935
STR,1715.9575000000002,305.0,88.935
STR,1742.9797222222226,304.0,88.935
STR,1783.5130555555559,304.0,88.935
STR,1820.584166666667,304.0,88.935
STR,1834.0508333333337,303.0,88.935
STR,1847.2508333333337,297.0,88.935
STR,1863.084166666667,285.0,88.935
STR,1876.973055555556,250.0,88.935
STR,1889.9175000000002,233.0,88.935
STR,1902.2008333333335,220.0,88.935
STR,1916.0008333333337,207.0,88.935
STR,1929.0008333333337,195.0,88.935
STR,1948.5563888888894,176.0,88.935
STR,1967.334166666667,169.0,88.935
STR,1976.445277777778,164.0,88.935
STR,1983.6452777777781,162.0,88.935
STR,1990.6675000000002,158.0,88.935
STR,2004.9786111111114,161.0,88.935
STR,2016.045277777778,166.0,88.935
STR,2027.3786111111115,170.0,88.935
STR,2042.934166666667,175.0,88.935
STR,2051.0675000000006,183.0,88.935
STR,2063.7341666666675,190.0,88.935
STR,2074.0675000000006,186.0,88.935
STR,2087.5230555555563,173.0,88.935
STR,2097.9230555555564,156.0,88.935
STR,2111.9230555555564,140.0,88.935
STR,2124.5230555555563,126.0,88.935
STR,2136.3230555555565,118.0,88.935
STR,2146.336111111112,113.0,88.935
STR,2151.1805555555566,109.0,88.935
STR,2158.51388888889,110.0,88.935
STR,2167.1472222222233,111.0,88.935
STR,2172.125000000001,112.0,88.935
STR,2179.823611111112,115.0,88.935
STR,2187.956944444445,122.0,88.935
STR,2193.5125000000007,125.0,88.935
STR,2202.312500000001,132.0,88.935
STR,2211.512500000001,138.0,88.935
STR,2222.9458333333346,147.0,88.935
STR,2238.6458333333344,157.0,88.935
STR,2259.6680555555563,172.0,88.935
STR,2280.445833333334,187.0,88.935
STR,2288.934722222223,191.0,88.935
STR,2311.712500000001,205.0,88.935
STR,2328.512500000001,216.0,88.935
STR,2356.623611111112,230.0,88.935
STR,2369.6791666666677,235.0,88.935
STR,2380.212500000001,237.0,88.935
STR,2401.90138888889,244.0,88.935
STR,2424.30138888889,252.0,88.935
STR,2450.00138888889,257.0,88.935
STR,2476.30138888889,263.0,88.935
STR,2493.761666666668,263.0,88.935
STR,2508.372777777779,263.0,88.935
STR,2526.372777777779,270.0,88.935
STR,2563.1158333333346,275.0,88.935
STR,2584.8936111111125,280.0,88.935
STR,2597.382500000001,281.0,88.935
STR,2625.782500000001,284.0,88.935
STR,2654.482500000001,287.0,88.935
STR,2689.926944444446,290.0,88.935
STR,2715.9713888888896,293.0,88.935
STR,2735.6380555555565,295.0,88.935
STR,2758.660277777779,296.0,88.935
STR,2771.860277777779,297.0,88.935
STR,2798.4380555555563,299.0,88.935
STR,2821.7713888888898,300.0,88.935
STR,2841.9047222222234,302.0,88.935
STR,2855.326944444446,302.0,88.935
STR,2878.97138888889,304.0,88.935
STR,2892.4825000000014,304.0,88.935
STR,2909.4269444444453,305.0,88.935
STR,2926.37138888889,305.0,88.935
STR,2943.3713888888906,306.0,88.935
STR,2963.838055555557,307.0,88.935
STR,2997.8380555555573,306.0,88.935
STR,3021.4047222222234,303.0,88.935
STR,3044.654722222224,300.0,88.935
STR,3061.1547222222243,297.0,88.935
STR,3077.4325000000017,293.0,88.935
STR,3090.3658333333356,291.0,88.935
STR,3106.334166666669,286.0,88.935
STR,3125.2675000000017,284.0,88.935
STR,3140.9897222222244,283.0,88.935
STR,3163.1563888888913,285.0,88.935
STR,3188.578611111114,286.0,88.935
STR,3217.378611111114,288.0,88.935
STR,3233.434166666669,289.0,88.935
STR,3249.5452777777805,290.0,88.935
STR,3265.7119444444475,291.0,88.935
STR,3278.689722222225,292.0,88.935
STR,3294.967500000003,293.0,88.935
STR,3311.300833333336,294.0,88.935
STR,3327.689722222225,295.0,88.935
STR,3340.84527777778,296.0,88.935
STR,3363.8675000000026,296.0,88.935
STR,3377.111944444447,298.0,88.935
STR,3390.400833333336,299.0,88.935
STR,3403.689722222225,299.0,88.935
STR,3433.689722222225,300.0,88.935
STR,3470.600833333336,302.0,88.935
STR,3494.1675000000027,303.0,88.935
STR,3521.189722222225,304.0,88.935
STR,3551.589722222225,304.0,88.935
STR,3565.100833333336,304.0,88.935
STR,3585.367500000003,304.0,88.935
STR,3608.9275000000034,304.0,88.935
STR,3629.127500000003,303.0,88.935
STR,3652.778333333336,303.0,88.935
STR,3666.245000000003,303.0,88.935
STR,3686.31166666667,301.0,88.935
STR,3702.922777777781,299.0,88.935
STR,3719.4227777777814,297.0,88.935
STR,3748.8227777777815,294.0,88.935
STR,3778.2227777777816,294.0,88.935
STR,3810.0005555555595,286.0,88.935
STR,3831.0783333333375,271.0,88.935
STR,3856.7783333333373,257.0,88.935
STR,3884.667222222226,251.0,88.935
STR,3900.667222222226,240.0,88.935
STR,3916.333888888893,235.0,88.935
STR,3936.511666666671,227.0,88.935
STR,3946.378333333337,222.0,88.935
STR,3958.433888888893,217.0,88.935
STR,3967.945000000004,214.0,88.935
STR,3986.967222222226,214.0,88.935
STR,3998.8005555555596,213.0,88.935
STR,4010.800555555559,216.0,88.935
STR,4025.467222222226,220.0,88.935
STR,4037.911666666671,224.0,88.935
STR,4066.511666666671,234.0,88.935
STR,4079.7230555555598,239.0,88.935
STR,4104.09055555556,243.0,88.935
STR,4123.535000000004,250.0,88.935
STR,4134.779444444449,253.0,88.935
STR,4151.8461111111155,256.0,88.935
STR,4177.646111111116,258.0,88.935
STR,4197.712777777782,258.0,88.935
STR,4218.712777777782,270.0,88.935
STR,4233.823888888893,272.0,88.935
STR,4249.046111111115,274.0,88.935
STR,4264.379444444449,276.0,88.935
STR,4286.157222222228,280.0,88.935
STR,4308.090555555561,282.0,88.935
STR,4320.712777777783,284.0,88.935
STR,4336.601666666672,286.0,88.935
STR,4368.712777777782,289.0,88.935
STR,4381.646111111116,291.0,88.935
STR,4401.1794444444495,293.0,88.935
STR,4424.123888888894,295.0,88.935
STR,4443.923888888893,297.0,88.935
STR,4477.257222222227,300.0,88.935
STR,4507.357222222227,301.0,88.935
STR,4530.846111111116,302.0,88.935
STR,4547.679444444449,303.0,88.935
STR,4567.946111111116,304.0,88.935
STR,4591.59055555556,304.0,88.935
STR,4605.1055555555595,306.0,88.935
STR,4622.161111111115,307.0,88.935
STR,4649.535277777782,307.0,88.935
STR,4676.91305555556,308.0,88.935
STR,4697.446388888893,308.0,88.935
STR,4711.135277777782,308.0,88.935
STR,4724.824166666672,308.0,88.935
STR,4755.624166666672,308.0,88.935
STR,4793.146388888894,307.0,88.935
STR,4806.790833333338,307.0,88.935
STR,4837.390833333338,306.0,88.935
STR,4850.946388888894,305.0,88.935
STR,4867.890833333338,305.0,88.935
STR,4894.913055555561,304.0,88.935
STR,4925.135277777783,272.0,88.935
STR,4952.468611111117,246.0,88.935
STR,4963.40194444445,246.0,88.935
STR,4980.979722222228,226.0,88.935
STR,5006.279722222228,207.0,88.935
STR,5021.990833333339,202.0,88.935
STR,5039.768611111116,200.0,88.935
STR,5050.879722222227,200.0,88.935
STR,5076.30194444445,208.0,88.935
STR,5093.179722222228,217.0,88.935
STR,5113.090833333339,224.0,88.935
STR,5123.179722222228,227.0,88.935
STR,5152.146388888894,237.0,88.935
STR,5162.946388888894,243.0,88.935
STR,5179.479722222228,248.0,88.935
STR,5190.679722222228,252.0,88.935
STR,5207.746388888894,256.0,88.935
STR,5230.8575000000055,260.0,88.935
STR,5245.635277777784,266.0,88.935
STR,5263.50194444445,268.0,88.935
STR,5278.613055555561,272.0,88.935
STR,5293.779722222228,273.0,88.935
STR,5321.479722222228,277.0,88.935
STR,5336.868611111116,277.0,88.935
STR,5363.668611111117,268.0,88.935
STR,5380.779722222227,220.0,88.935
STR,5389.979722222228,207.0,88.935
STR,5402.246388888894,184.0,88.935
STR,5413.113055555561,163.0,88.935
STR,5422.979722222228,148.0,88.935
STR,5430.20194444445,130.0,88.935
STR,5436.924166666672,121.0,88.935
STR,5444.457500000006,113.0,88.935
STR,5449.390833333339,111.0,88.935
STR,5459.590833333339,102.0,88.935
STR,5468.213055555561,97.0,88.935
STR,5481.6797222222285,101.0,88.935
STR,5486.3463888888955,105.0,88.935
STR,5496.657500000007,116.0,88.935
STR,5508.957500000007,123.0,88.935
STR,5514.3352777777845,121.0,88.935
STR,5521.0019444444515,120.0,88.935
STR,5526.29083333334,119.0,88.935
STR,5532.901944444451,119.0,88.935
STR,5548.901944444451,120.0,88.935
STR,5559.924166666673,124.0,88.935
STR,5568.59083333334,130.0,88.935
STR,5574.501944444451,133.0,88.935
STR,5582.224166666673,139.0,88.935
STR,5588.579722222229,143.0,88.935
STR,5602.535277777784,157.0,88.935
STR,5611.535277777784,162.0,88.935
STR,5623.6686111111185,182.0,88.935
STR,5631.757500000007,182.0,88.935
STR,5640.201944444451,190.0,88.935
STR,5655.757500000007,200.0,88.935
STR,5676.757500000007,210.0,88.935
STR,5696.313055555562,220.0,88.935
STR,5722.09083333334,232.0,88.935
STR,5737.624166666673,233.0,88.935
STR,5748.068611111118,235.0,88.935
STR,5761.235277777784,237.0,88.935
STR,5788.457500000007,245.0,88.935
STR,5802.235277777785,248.0,88.935
STR,5813.301944444452,249.0,88.935
OCO,3.6805555555555554,250.0,88.956
OCO,14.969444444444445,254.0,88.956
OCO,26.43611111111111,258.0,88.956
OCO,46.81388888888888,262.0,88.956
OCO,79.88888888888889,270.0,88.956
OCO,92.02222222222221,273.0,88.956
OCO,110.42222222222222,276.0,88.956
OCO,122.73333333333332,277.0,88.956
OCO,135.13333333333333,279.0,88.956
OCO,160.28888888888886,283.0,88.956
OCO,185.7111111111111,286.0,88.956
OCO,198.5111111111111,288.0,88.956
OCO,221.06666666666666,290.0,88.956
OCO,240.5333333333333,292.0,88.956
OCO,253.6,294.0,88.956
OCO,286.59999999999997,297.0,88.956
OCO,299.84444444444443,298.0,88.956
OCO,323.1777777777778,300.0,88.956
OCO,349.93333333333334,301.0,88.956
OCO,376.6888888888889,301.0,88.956
OCO,403.4444444444445,301.0,88.956
OCO,426.70000000000005,299.0,88.956
OCO,453.2777777777778,299.0,88.956
OCO,476.45555555555563,298.0,88.956
OCO,489.61722222222227,298.0,88.956
OCO,502.86166666666674,298.0,88.956
OCO,522.7283333333335,298.0,88.956
OCO,539.283888888889,298.0,88.956
OCO,562.6172222222224,300.0,88.956
OCO,592.6172222222224,300.0,88.956
OCO,616.033888888889,300.0,88.956
OCO,632.7005555555556,300.0,88.956
OCO,646.0338888888889,300.0,88.956
OCO,662.7561111111112,301.0,88.956
OCO,676.0894444444446,300.0,88.956
OCO,689.4672222222223,301.0,88.956
OCO,712.8005555555555,300.0,88.956
OCO,726.1338888888889,300.0,88.956
OCO,746.0005555555556,298.0,88.956
OCO,768.7116666666667,292.0,88.956
OCO,786.5116666666668,267.0,88.956
OCO,801.9783333333335,232.0,88.956
OCO,816.0450000000002,211.0,88.956
OCO,828.9116666666669,193.0,88.956
OCO,842.2894444444446,172.0,88.956
OCO,851.1783333333335,160.0,88.956
OCO,860.8450000000001,145.0,88.956
OCO,872.7561111111113,134.0,88.956
OCO,879.8672222222225,128.0,88.956
OCO,885.4672222222224,126.0,88.956
OCO,892.1894444444447,121.0,88.956
OCO,897.3894444444447,117.0,88.956
OCO,902.411666666667,113.0,88.956
OCO,914.1116666666669,117.0,88.956
OCO,919.411666666667,120.0,88.956
OCO,929.3672222222225,128.0,88.956
OCO,943.0672222222224,137.0,88.956
OCO,951.0672222222224,144.0,88.956
OCO,965.1116666666669,158.0,88.956
OCO,976.6638888888891,148.0,88.956
OCO,988.0416666666669,128.0,88.956
OCO,997.2972222222224,119.0,88.956
OCO,1003.4638888888892,111.0,88.956
OCO,1009.2416666666669,104.0,88.956
OCO,1014.7972222222224,100.0,88.956
OCO,1020.9972222222224,93.0,88.956
OCO,1025.9972222222225,90.0,88.956
OCO,1034.6972222222225,87.0,88.956
OCO,1038.4750000000004,85.0,88.956
OCO,1046.3861111111114,89.0,88.956
OCO,1057.1638888888892,97.0,88.956
OCO,1063.9638888888892,102.0,88.956
OCO,1068.7638888888891,108.0,88.956
OCO,1078.0194444444446,119.0,88.956
OCO,1083.4861111111113,123.0,88.956
OCO,1089.3083333333336,131.0,88.956
OCO,1097.141666666667,141.0,88.956
OCO,1103.8527777777783,151.0,88.956
OCO,1112.7972222222227,161.0,88.956
OCO,1122.2972222222227,171.0,88.956
OCO,1132.2972222222227,180.0,88.956
OCO,1142.741666666667,188.0,88.956
OCO,1153.5761111111115,196.0,88.956
OCO,1176.9094444444447,210.0,88.956
OCO,1191.2427777777782,215.0,88.956
OCO,1206.0427777777782,222.0,88.956
OCO,1216.0872222222226,226.0,88.956
OCO,1234.274166666667,233.0,88.956
OCO,1247.4408333333338,237.0,88.956
OCO,1263.374166666667,239.0,88.956
OCO,1276.985277777778,245.0,88.956
OCO,1296.4297222222226,250.0,88.956
OCO,1324.985277777778,257.0,88.956
OCO,1351.3852777777784,264.0,88.956
OCO,1366.2186111111116,267.0,88.956
OCO,1393.3186111111115,271.0,88.956
OCO,1414.7852777777782,276.0,88.956
OCO,1427.1408333333338,278.0,88.956
OCO,1445.874166666667,281.0,88.956
OCO,1468.0408333333337,285.0,88.956
OCO,1480.7963888888892,287.0,88.956
OCO,1493.5519444444446,287.0,88.956
OCO,1512.885277777778,290.0,88.956
OCO,1525.8630555555558,292.0,88.956
OCO,1555.2630555555556,294.0,88.956
OCO,1581.5741666666668,296.0,88.956
OCO,1621.4408333333336,299.0,88.956
OCO,1658.2680555555557,302.0,88.956
OCO,1671.7347222222224,303.0,88.956
OCO,1685.2458333333336,304.0,88.956
OCO,1702.1347222222225,304.0,88.956
OCO,1719.1347222222225,306.0,88.956
OCO,1736.1347222222225,306.0,88.956
OCO,1753.275555555556,307.0,88.956
OCO,1773.875555555556,309.0,88.956
OCO,1794.4088888888894,308.0,88.956
OCO,1828.4088888888896,306.0,88.956
OCO,1858.7422222222228,273.0,88.956
OCO,1872.7977777777783,253.0,88.956
OCO,1883.3311111111116,237.0,88.956
OCO,1893.5533333333337,230.0,88.956
OCO,1912.9311111111115,218.0,88.956
OCO,1925.9311111111115,195.0,88.956
OCO,1938.3977777777782,187.0,88.956
OCO,1954.0422222222226,176.0,88.956
OCO,1961.5977777777782,170.0,88.956
OCO,1972.3977777777782,162.0,88.956
OCO,1981.2311111111114,159.0,88.956
OCO,1993.2088888888893,154.0,88.956
OCO,2003.5422222222228,155.0,88.956
OCO,2019.5422222222228,160.0,88.956
OCO,2036.5422222222226,170.0,88.956
OCO,2054.342222222223,178.0,88.956
OCO,2069.406111111112,170.0,88.956
OCO,2076.7394444444453,165.0,88.956
OCO,2086.939444444445,153.0,88.956
OCO,2098.3727777777785,147.0,88.956
OCO,2104.6838888888897,142.0,88.956
OCO,2113.7213888888896,135.0,88.956
OCO,2122.388055555556,130.0,88.956
OCO,2128.0325000000007,127.0,88.956
OCO,2136.0325000000007,120.0,88.956
OCO,2143.8325000000004,117.0,88.956
OCO,2152.854722222223,116.0,88.956
OCO,2163.854722222223,110.0,88.956
OCO,2177.5436111111117,112.0,88.956
OCO,2190.765833333334,119.0,88.956
OCO,2196.1436111111116,121.0,88.956
OCO,2211.3658333333337,137.0,88.956
OCO,2222.565833333334,144.0,88.956
OCO,2242.732500000001,165.0,88.956
OCO,2252.343611111112,173.0,88.956
OCO,2260.2102777777786,177.0,88.956
OCO,2277.1880555555563,191.0,88.956
OCO,2295.143611111112,202.0,88.956
OCO,2316.043611111112,209.0,88.956
OCO,2338.443611111112,224.0,88.956
OCO,2353.447500000001,226.0,88.956
OCO,2366.503055555557,235.0,88.956
OCO,2382.703055555557,243.0,88.956
OCO,2416.5066666666676,253.0,88.956
OCO,2436.651111111112,259.0,88.956
OCO,2448.2511111111126,261.0,88.956
OCO,2474.9511111111124,267.0,88.956
OCO,2502.151111111112,272.0,88.956
OCO,2535.8844444444453,276.0,88.956
OCO,2560.773333333334,280.0,88.956
OCO,2579.640000000001,283.0,88.956
OCO,2601.8066666666678,285.0,88.956
OCO,2614.562222222223,287.0,88.956
OCO,2640.251111111112,289.0,88.956
OCO,2662.8844444444453,291.0,88.956
OCO,2682.2844444444454,291.0,88.956
OCO,2695.3066666666673,293.0,88.956
OCO,2718.3288888888897,296.0,88.956
OCO,2731.4844444444448,296.0,88.956
OCO,2747.9288888888896,296.0,88.956
OCO,2764.484444444445,298.0,88.956
OCO,2781.0400000000004,298.0,88.956
OCO,2800.973333333334,299.0,88.956
OCO,2834.417777777778,301.0,88.956
OCO,2857.906666666667,302.0,88.956
OCO,2881.4666666666667,304.0,88.956
OCO,2898.355555555556,304.0,88.956
OCO,2915.3000000000006,305.0,88.956
OCO,2928.9000000000005,306.0,88.956
OCO,2945.9850000000006,306.0,88.956
OCO,2966.4516666666673,307.0,88.956
OCO,2983.5072222222225,307.0,88.956
OCO,3006.9961111111115,302.0,88.956
OCO,3032.8627777777783,291.0,88.956
OCO,3061.6627777777785,288.0,88.956
OCO,3077.4405555555563,284.0,88.956
OCO,3093.162777777778,283.0,88.956
OCO,3108.829444444445,282.0,88.956
OCO,3121.362777777779,282.0,88.956
OCO,3137.0850000000005,283.0,88.956
OCO,3152.807222222223,283.0,88.956
OCO,3168.529444444445,283.0,88.956
OCO,3181.1516666666676,284.0,88.956
OCO,3203.3183333333345,285.0,88.956
OCO,3216.0294444444453,286.0,88.956
OCO,3228.785000000001,287.0,88.956
OCO,3241.5405555555567,287.0,88.956
OCO,3270.5405555555567,290.0,88.956
OCO,3306.229444444446,292.0,88.956
OCO,3329.0961111111124,294.0,88.956
OCO,3355.3183333333345,295.0,88.956
OCO,3385.0183333333343,297.0,88.956
OCO,3398.2183333333346,297.0,88.956
OCO,3418.151666666668,299.0,88.956
OCO,3441.4016666666676,300.0,88.956
OCO,3461.335000000001,299.0,88.956
OCO,3484.829722222223,301.0,88.956
OCO,3498.2075000000004,301.0,88.956
OCO,3518.340833333334,302.0,88.956
OCO,3535.118611111112,302.0,88.956
OCO,3551.8963888888893,302.0,88.956
OCO,3582.096388888889,302.0,88.956
OCO,3612.3963888888898,303.0,88.956
OCO,3646.1741666666676,304.0,88.956
OCO,3669.6630555555566,302.0,88.956
OCO,3699.5630555555567,299.0,88.956
OCO,3732.3408333333346,295.0,88.956
OCO,3751.940833333335,294.0,88.956
OCO,3771.4741666666678,293.0,88.956
OCO,3797.3408333333346,291.0,88.956
OCO,3809.7408333333346,279.0,88.956
OCO,3824.740833333334,270.0,88.956
OCO,3836.4297222222235,263.0,88.956
OCO,3858.9186111111126,253.0,88.956
OCO,3872.7519444444456,249.0,88.956
OCO,3886.5297222222234,248.0,88.956
OCO,3902.7963888888903,244.0,88.956
OCO,3915.5741666666677,230.0,88.956
OCO,3942.463055555557,220.0,88.956
OCO,3954.403055555557,216.0,88.956
OCO,3975.962777777779,215.0,88.956
OCO,3992.9961111111124,219.0,88.956
OCO,4002.729444444446,219.0,88.956
OCO,4017.5294444444457,222.0,88.956
OCO,4040.329444444446,228.0,88.956
OCO,4058.6072222222238,235.0,88.956
OCO,4077.118333333335,238.0,88.956
OCO,4090.673888888891,244.0,88.956
OCO,4104.451666666669,248.0,88.956
OCO,4118.340555555557,250.0,88.956
OCO,4138.018333333335,253.0,88.956
OCO,4157.929444444447,256.0,88.956
OCO,4169.440555555558,259.0,88.956
OCO,4184.051666666669,263.0,88.956
OCO,4213.607222222225,266.0,88.956
OCO,4225.518333333335,268.0,88.956
OCO,4243.585000000003,271.0,88.956
OCO,4264.896111111113,274.0,88.956
OCO,4283.2961111111135,276.0,88.956
OCO,4314.518333333335,281.0,88.956
OCO,4342.718333333335,282.0,88.956
OCO,4364.96277777778,286.0,88.956
OCO,4380.907222222224,287.0,88.956
OCO,4400.173888888891,289.0,88.956
OCO,4422.729444444446,290.0,88.956
OCO,4435.6261111111135,292.0,88.956
OCO,4451.848333333336,292.0,88.956
OCO,4478.063333333336,294.0,88.956
OCO,4504.374444444446,296.0,88.956
OCO,4524.1744444444475,297.0,88.956
OCO,4537.418888888892,298.0,88.956
OCO,4550.70777777778,299.0,88.956
OCO,4580.70777777778,300.0,88.956
OCO,4617.618888888891,302.0,88.956
OCO,4631.041111111114,302.0,88.956
OCO,4661.3411111111145,303.0,88.956
OCO,4674.8522222222255,304.0,88.956
OCO,4691.685555555559,303.0,88.956
OCO,4718.707777777781,304.0,88.956
OCO,4752.596666666671,305.0,88.956
OCO,4786.485555555559,305.0,88.956
OCO,4800.041111111115,305.0,88.956
OCO,4823.763333333338,305.0,88.956
OCO,4860.796666666671,303.0,88.956
OCO,4883.741111111115,295.0,88.956
OCO,4908.541111111114,279.0,88.956
OCO,4923.318888888893,266.0,88.956
OCO,4953.5077777777815,247.0,88.956
OCO,4971.863333333337,236.0,88.956
OCO,4992.218888888893,229.0,88.956
OCO,5002.130000000004,223.0,88.956
OCO,5028.652222222226,217.0,88.956
OCO,5038.3411111111145,218.0,88.956
OCO,5052.941111111115,219.0,88.956
OCO,5062.763333333337,221.0,88.956
OCO,5077.69666666667,224.0,88.956
OCO,5097.874444444448,227.0,88.956
OCO,5110.874444444447,234.0,88.956
OCO,5126.807777777782,239.0,88.956
OCO,5140.474444444449,246.0,88.956
OCO,5154.252222222226,248.0,88.956
OCO,5179.552222222226,253.0,88.956
OCO,5193.941111111115,259.0,88.956
OCO,5220.3411111111145,264.0,88.956
OCO,5241.263333333337,269.0,88.956
OCO,5253.307777777781,271.0,88.956
OCO,5271.641111111115,275.0,88.956
OCO,5289.974444444448,275.0,88.956
OCO,5308.707777777782,281.0,88.956
OCO,5324.374444444448,282.0,88.956
OCO,5340.096666666671,283.0,88.956
OCO,5358.830000000004,281.0,88.956
OCO,5369.58555555556,242.0,88.956
OCO,5392.48555555556,229.0,88.956
OCO,5408.752222222226,183.0,88.956
OCO,5427.552222222226,141.0,88.956
OCO,5433.818888888893,141.0,88.956
OCO,5444.307777777782,118.0,88.956
OCO,5454.907777777782,106.0,88.956
OCO,5459.618888888893,106.0,88.956
OCO,5465.396666666671,104.0,88.956
OCO,5469.930000000004,102.0,88.956
OCO,5475.652222222227,103.0,88.956
OCO,5490.052222222227,108.0,88.956
OCO,5500.363333333338,116.0,88.956
OCO,5508.696666666671,125.0,88.956
OCO,5514.252222222227,125.0,88.956
OCO,5521.08555555556,123.0,88.956
OCO,5526.418888888894,120.0,88.956
OCO,5536.641111111116,115.0,88.956
OCO,5543.141111111116,117.0,88.956
OCO,5551.207777777782,121.0,88.956
OCO,5556.630000000005,122.0,88.956
OCO,5562.141111111116,124.0,88.956
OCO,5572.096666666671,128.0,88.956
OCO,5586.696666666671,146.0,88.956
OCO,5600.030000000004,150.0,88.956
OCO,5619.030000000004,171.0,88.956
OCO,5631.030000000004,180.0,88.956
OCO,5639.341111111115,187.0,88.956
OCO,5650.174444444449,195.0,88.956
OCO,5672.507777777783,201.0,88.956
OCO,5684.396666666672,214.0,88.956
OCO,5694.130000000006,219.0,88.956
OCO,5708.930000000005,222.0,88.956
OCO,5721.263333333339,222.0,88.956
OCO,5736.930000000005,235.0,88.956
OCO,5752.7966666666725,238.0,88.956
OCO,5783.107777777784,248.0,88.956
OCO,5799.841111111116,251.0,88.956
SAR,1.9499999999999997,260.0,89.031
SAR,19.55,264.0,89.031
SAR,46.449999999999996,269.0,89.031
SAR,58.614444444444445,272.0,89.031
SAR,70.70333333333333,272.0,89.031
SAR,95.41444444444444,278.0,89.031
SAR,111.02555555555554,281.0,89.031
SAR,123.60333333333331,283.0,89.031
SAR,145.84777777777776,286.0,89.031
SAR,161.84777777777776,288.0,89.031
SAR,187.7144444444444,291.0,89.031
SAR,210.50333333333333,293.0,89.031
SAR,230.17,295.0,89.031
SAR,249.97,297.0,89.031
SAR,273.22555555555556,299.0,89.031
SAR,293.22555555555556,300.0,89.031
SAR,309.9477777777778,301.0,89.031
SAR,323.37,302.0,89.031
SAR,346.7750000000001,302.0,89.031
SAR,366.90833333333336,302.0,89.031
SAR,383.68611111111113,302.0,89.031
SAR,400.40833333333336,301.0,89.031
SAR,413.74166666666673,300.0,89.031
SAR,433.675,299.0,89.031
SAR,453.5416666666667,298.0,89.031
SAR,483.3416666666667,298.0,89.031
SAR,512.9416666666667,296.0,89.031
SAR,532.7416666666667,297.0,89.031
SAR,555.9972222222223,299.0,89.031
SAR,582.575,299.0,89.031
SAR,615.8802777777778,299.0,89.031
SAR,642.2802777777778,297.0,89.031
SAR,668.6802777777777,297.0,89.031
SAR,688.4802777777778,297.0,89.031
SAR,711.5802777777777,297.0,89.031
SAR,741.2802777777778,297.0,89.031
SAR,764.4580555555555,298.0,89.031
SAR,782.9247222222222,277.0,89.031
SAR,796.6469444444443,247.0,89.031
SAR,811.4469444444444,222.0,89.031
SAR,826.3802777777778,192.0,89.031
SAR,839.4469444444444,168.0,89.031
SAR,846.4247222222222,157.0,89.031
SAR,857.8947222222222,148.0,89.031
SAR,865.7836111111111,142.0,89.031
SAR,873.3391666666666,136.0,89.031
SAR,882.0725,131.0,89.031
SAR,888.9613888888889,124.0,89.031
SAR,895.5725,119.0,89.031
SAR,900.8169444444444,118.0,89.031
SAR,905.9725,116.0,89.031
SAR,916.3725,117.0,89.031
SAR,927.1280555555555,121.0,89.031
SAR,938.6836111111111,130.0,89.031
SAR,954.5725,143.0,89.031
SAR,961.1466666666666,147.0,89.031
SAR,972.9688888888888,152.0,89.031
SAR,980.6911111111111,139.0,89.031
SAR,987.8577777777778,129.0,89.031
SAR,994.5799999999999,121.0,89.031
SAR,999.691111111111,115.0,89.031
SAR,1011.5799999999999,107.0,89.031
SAR,1021.9799999999999,104.0,89.031
SAR,1029.7577777777776,100.0,89.031
SAR,1036.291111111111,98.0,89.031
SAR,1044.9133333333332,97.0,89.031
SAR,1050.4688888888886,100.0,89.031
SAR,1059.8911111111108,106.0,89.031
SAR,1067.2911111111107,111.0,89.031
SAR,1073.735555555555,116.0,89.031
SAR,1083.268055555555,123.0,89.031
SAR,1089.2680555555548,135.0,89.031
SAR,1095.490277777777,140.0,89.031
SAR,1110.9902777777772,155.0,89.031
SAR,1126.456944444444,174.0,89.031
SAR,1134.5902777777771,183.0,89.031
SAR,1149.4458333333328,191.0,89.031
SAR,1162.9791666666663,203.0,89.031
SAR,1172.0013888888884,203.0,89.031
SAR,1186.4013888888883,216.0,89.031
SAR,1201.1347222222216,221.0,89.031
SAR,1213.745833333333,227.0,89.031
SAR,1229.410833333333,234.0,89.031
SAR,1253.410833333333,240.0,89.031
SAR,1280.9663888888883,248.0,89.031
SAR,1300.721944444444,254.0,89.031
SAR,1326.821944444444,261.0,89.031
SAR,1344.4886111111107,265.0,89.031
SAR,1362.3552777777772,268.0,89.031
SAR,1377.4108333333327,271.0,89.031
SAR,1405.1108333333327,277.0,89.031
SAR,1433.310833333333,282.0,89.031
SAR,1445.933055555555,284.0,89.031
SAR,1471.4441666666662,287.0,89.031
SAR,1500.5441666666663,291.0,89.031
SAR,1513.5219444444442,292.0,89.031
SAR,1556.339444444444,297.0,89.031
SAR,1579.5949999999998,299.0,89.031
SAR,1602.9283333333328,300.0,89.031
SAR,1622.928333333333,300.0,89.031
SAR,1639.7061111111109,302.0,89.031
SAR,1659.9727777777773,304.0,89.031
SAR,1687.0838888888884,305.0,89.031
SAR,1704.0838888888886,306.0,89.031
SAR,1731.4616666666661,308.0,89.031
SAR,1752.0805555555553,308.0,89.031
SAR,1769.1361111111107,307.0,89.031
SAR,1796.3361111111108,306.0,89.031
SAR,1833.6138888888884,305.0,89.031
SAR,1847.080555555555,303.0,89.031
SAR,1859.6583333333328,283.0,89.031
SAR,1879.3361111111108,253.0,89.031
SAR,1897.6916666666664,236.0,89.031
SAR,1912.0249999999996,215.0,89.031
SAR,1921.3138888888886,209.0,89.031
SAR,1938.0249999999999,188.0,89.031
SAR,1948.0249999999999,180.0,89.031
SAR,1955.8472222222222,176.0,89.031
SAR,1975.6472222222221,162.0,89.031
SAR,1991.447222222222,158.0,89.031
SAR,2005.5363888888887,159.0,89.031
SAR,2012.7363888888888,162.0,89.031
SAR,2021.8474999999999,164.0,89.031
SAR,2033.0475,168.0,89.031
SAR,2048.9586111111107,179.0,89.031
SAR,2065.580833333333,187.0,89.031
SAR,2081.314166666666,177.0,89.031
SAR,2093.1141666666663,177.0,89.031
SAR,2111.080833333333,147.0,89.031
SAR,2117.2524999999996,138.0,89.031
SAR,2125.785833333333,128.0,89.031
SAR,2132.619166666666,123.0,89.031
SAR,2140.6858333333325,121.0,89.031
SAR,2147.130277777777,116.0,89.031
SAR,2153.574722222221,116.0,89.031
SAR,2158.5524999999993,112.0,89.031
SAR,2164.66361111111,110.0,89.031
SAR,2179.9969444444437,115.0,89.031
SAR,2185.1969444444435,117.0,89.031
SAR,2191.9191666666657,121.0,89.031
SAR,2214.4191666666657,135.0,89.031
SAR,2222.2524999999987,141.0,89.031
SAR,2230.474722222221,148.0,89.031
SAR,2237.3636111111095,155.0,89.031
SAR,2250.3524999999986,167.0,89.031
SAR,2257.952499999999,171.0,89.031
SAR,2267.8969444444433,179.0,89.031
SAR,2289.5094444444435,195.0,89.031
SAR,2300.5094444444435,198.0,89.031
SAR,2314.642777777777,212.0,89.031
SAR,2329.1094444444434,217.0,89.031
SAR,2354.5538888888877,229.0,89.031
SAR,2378.4538888888883,239.0,89.031
SAR,2394.7205555555547,244.0,89.031
SAR,2420.0908333333327,253.0,89.031
SAR,2437.0908333333323,255.0,89.031
SAR,2469.235277777777,263.0,89.031
SAR,2484.0130555555543,266.0,89.031
SAR,2502.0130555555543,270.0,89.031
SAR,2535.501944444443,274.0,89.031
SAR,2550.9463888888877,278.0,89.031
SAR,2582.16861111111,281.0,89.031
SAR,2617.001944444443,285.0,89.031
SAR,2629.66861111111,285.0,89.031
SAR,2648.9352777777767,289.0,89.031
SAR,2661.8241666666654,290.0,89.031
SAR,2678.046388888888,292.0,89.031
SAR,2691.06861111111,293.0,89.031
SAR,2707.4019444444434,294.0,89.031
SAR,2720.5130555555543,295.0,89.031
SAR,2750.313055555554,298.0,89.031
SAR,2763.518888888888,299.0,89.031
SAR,2790.274444444443,301.0,89.031
SAR,2803.652222222221,301.0,89.031
SAR,2820.429999999999,302.0,89.031
SAR,2847.4522222222213,304.0,89.031
SAR,2884.7299999999987,305.0,89.031
SAR,2908.529999999999,306.0,89.031
SAR,2939.2299999999987,307.0,89.031
SAR,2973.4263888888872,307.0,89.031
SAR,2993.3597222222206,299.0,89.031
SAR,3015.9152777777763,290.0,89.031
SAR,3038.237499999999,287.0,89.031
SAR,3053.9597222222205,283.0,89.031
SAR,3069.4597222222205,279.0,89.031
SAR,3087.8597222222206,276.0,89.031
SAR,3112.304166666665,275.0,89.031
SAR,3130.7041666666646,276.0,89.031
SAR,3155.326388888887,277.0,89.031
SAR,3167.6374999999985,277.0,89.031
SAR,3180.037499999998,279.0,89.031
SAR,3208.037499999998,280.0,89.031
SAR,3226.8374999999983,282.0,89.031
SAR,3264.7041666666646,284.0,89.031
SAR,3283.770833333331,286.0,89.031
SAR,3315.8016666666645,289.0,89.031
SAR,3348.1349999999975,291.0,89.031
SAR,3383.946111111109,293.0,89.031
SAR,3410.1683333333312,295.0,89.031
SAR,3433.190555555553,296.0,89.031
SAR,3449.6905555555536,297.0,89.031
SAR,3472.951111111109,298.0,89.031
SAR,3502.951111111109,300.0,89.031
SAR,3526.2844444444427,300.0,89.031
SAR,3543.0066666666653,301.0,89.031
SAR,3566.4177777777763,301.0,89.031
SAR,3586.4844444444425,301.0,89.031
SAR,3606.551111111109,301.0,89.031
SAR,3626.6177777777757,301.0,89.031
SAR,3659.9511111111087,300.0,89.031
SAR,3686.351111111109,297.0,89.031
SAR,3728.673333333331,293.0,89.031
SAR,3760.8955555555535,290.0,89.031
SAR,3776.895555555553,288.0,89.031
SAR,3789.428888888887,282.0,89.031
SAR,3807.6288888888866,273.0,89.031
SAR,3822.4066666666645,266.0,89.031
SAR,3847.9066666666645,255.0,89.031
SAR,3881.0374999999976,249.0,89.031
SAR,3894.7597222222203,247.0,89.031
SAR,3913.5819444444423,242.0,89.031
SAR,3936.1819444444423,226.0,89.031
SAR,3946.1374999999975,224.0,89.031
SAR,3967.7374999999975,216.0,89.031
SAR,3977.1738888888863,211.0,89.031
SAR,3998.373888888886,212.0,89.031
SAR,4010.151666666664,212.0,89.031
SAR,4026.7183333333305,213.0,89.031
SAR,4048.7183333333305,220.0,89.031
SAR,4058.496111111108,220.0,89.031
SAR,4086.9738888888855,233.0,89.031
SAR,4097.462777777775,236.0,89.031
SAR,4110.796111111109,240.0,89.031
SAR,4121.684999999998,245.0,89.031
SAR,4141.0516666666645,249.0,89.031
SAR,4169.496111111109,256.0,89.031
SAR,4189.640555555553,259.0,89.031
SAR,4213.196111111109,265.0,89.031
SAR,4240.096111111108,269.0,89.031
SAR,4258.296111111108,273.0,89.031
SAR,4279.684999999997,275.0,89.031
SAR,4310.7183333333305,280.0,89.031
SAR,4326.384999999997,282.0,89.031
SAR,4358.051666666664,285.0,89.031
SAR,4370.851666666664,288.0,89.031
SAR,4383.696111111109,289.0,89.031
SAR,4406.329444444441,291.0,89.031
SAR,4442.466944444441,295.0,89.031
SAR,4455.622499999997,296.0,89.031
SAR,4475.489166666663,298.0,89.031
SAR,4488.778055555551,299.0,89.031
SAR,4502.111388888884,300.0,89.031
SAR,4528.86694444444,301.0,89.031
SAR,4555.800277777773,303.0,89.031
SAR,4569.311388888885,304.0,89.031
SAR,4592.955833333329,304.0,89.031
SAR,4613.289166666662,305.0,89.031
SAR,4626.889166666661,306.0,89.031
SAR,4660.889166666662,306.0,89.031
SAR,4674.533611111106,307.0,89.031
SAR,4698.411388888884,307.0,89.031
SAR,4725.789166666661,308.0,89.031
SAR,4753.255833333328,309.0,89.031
SAR,4780.722499999994,309.0,89.031
SAR,4804.67805555555,308.0,89.031
SAR,4832.055833333328,308.0,89.031
SAR,4855.933611111106,307.0,89.031
SAR,4869.4486111111055,306.0,89.031
SAR,4882.870833333327,302.0,89.031
SAR,4901.870833333328,285.0,89.031
SAR,4916.648611111106,266.0,89.031
SAR,4935.548611111106,243.0,89.031
SAR,4957.848611111106,223.0,89.031
SAR,4974.786666666661,217.0,89.031
SAR,4986.56444444444,212.0,89.031
SAR,4995.808888888884,208.0,89.031
SAR,5007.142222222218,204.0,89.031
SAR,5016.119999999995,202.0,89.031
SAR,5025.0977777777725,202.0,89.031
SAR,5040.808888888883,202.0,89.031
SAR,5049.875555555551,204.0,89.031
SAR,5063.67555555555,207.0,89.031
SAR,5080.242222222217,213.0,89.031
SAR,5094.4422222222165,213.0,89.031
SAR,5109.17555555555,221.0,89.031
SAR,5124.4422222222165,229.0,89.031
SAR,5139.975555555549,233.0,89.031
SAR,5158.564444444439,239.0,89.031
SAR,5172.119999999994,244.0,89.031
SAR,5188.919999999994,252.0,89.031
SAR,5211.853333333328,258.0,89.031
SAR,5226.408888888884,262.0,89.031
SAR,5238.142222222216,264.0,89.031
SAR,5252.97555555555,267.0,89.031
SAR,5264.97555555555,270.0,89.031
SAR,5277.019999999994,271.0,89.031
SAR,5304.619999999994,276.0,89.031
SAR,5316.898333333328,278.0,89.031
SAR,5338.676111111106,280.0,89.031
SAR,5365.676111111106,270.0,89.031
SAR,5379.176111111106,243.0,89.031
SAR,5397.398333333328,205.0,89.031
SAR,5411.058055555551,175.0,89.031
SAR,5424.391388888884,150.0,89.031
SAR,5434.580277777773,131.0,89.031
SAR,5441.413611111106,123.0,89.031
SAR,5447.913611111106,117.0,89.031
SAR,5454.191388888883,113.0,89.031
SAR,5461.391388888884,108.0,89.031
SAR,5467.113611111106,103.0,89.031
SAR,5477.213611111107,101.0,89.031
SAR,5481.702499999996,101.0,89.031
SAR,5490.94694444444,104.0,89.031
SAR,5503.613611111107,114.0,89.031
SAR,5511.613611111107,120.0,89.031
SAR,5517.03583333333,122.0,89.031
SAR,5526.524722222219,122.0,89.031
SAR,5531.946944444441,122.0,89.031
SAR,5537.369166666664,122.0,89.031
SAR,5544.146944444442,122.0,89.031
SAR,5549.702499999998,125.0,89.031
SAR,5556.813611111109,128.0,89.031
SAR,5564.146944444442,132.0,89.031
SAR,5571.702499999997,136.0,89.031
SAR,5579.53583333333,141.0,89.031
SAR,5587.661666666663,147.0,89.031
SAR,5605.106111111108,157.0,89.031
SAR,5616.106111111108,165.0,89.031
SAR,5627.906111111108,177.0,89.031
SAR,5636.1283333333295,185.0,89.031
SAR,5651.505277777775,197.0,89.031
SAR,5662.783055555552,203.0,89.031
SAR,5676.716388888886,209.0,89.031
SAR,5688.66083333333,215.0,89.031
SAR,5706.005277777775,223.0,89.031
SAR,5731.671944444442,231.0,89.031
SAR,5755.671944444442,240.0,89.031
SAR,5769.227499999997,244.0,89.031
SAR,5793.827499999998,246.0,89.031
SAR,5813.583055555553,254.0,89.031
SAR,5825.049722222219,258.0,89.031
BOT,14.74,264.0,89.798
BOT,35.66222222222222,269.0,89.798
BOT,59.92888888888889,273.0,89.798
BOT,72.19555555555556,276.0,89.798
BOT,96.99555555555555,279.0,89.798
BOT,109.48444444444445,281.0,89.798
BOT,125.20666666666666,283.0,89.798
BOT,140.98444444444445,284.0,89.798
BOT,179.38444444444445,288.0,89.798
BOT,195.415,290.0,89.798
BOT,224.515,291.0,89.798
BOT,263.8483333333333,295.0,89.798
BOT,280.29277777777776,296.0,89.798
BOT,293.49277777777775,297.0,89.798
BOT,313.4261111111111,299.0,89.798
BOT,330.09277777777777,300.0,89.798
BOT,353.5094444444444,300.0,89.798
BOT,383.3094444444444,298.0,89.798
BOT,406.4872222222222,298.0,89.798
BOT,436.0872222222222,296.0,89.798
BOT,452.4761111111111,295.0,89.798
BOT,465.54277777777776,294.0,89.798
BOT,488.25388888888887,292.0,89.798
BOT,520.8094444444444,293.0,89.798
BOT,556.8649999999999,295.0,89.798
BOT,586.3649999999999,295.0,89.798
BOT,599.476111111111,295.0,89.798
BOT,622.3427777777777,294.0,89.798
BOT,638.676111111111,294.0,89.798
BOT,651.6983333333332,293.0,89.798
BOT,664.8094444444442,295.0,89.798
BOT,681.1427777777776,294.0,89.798
BOT,697.4761111111109,294.0,89.798
BOT,717.1427777777775,295.0,89.798
BOT,736.7938888888885,296.0,89.798
BOT,756.3272222222218,293.0,89.798
BOT,789.8161111111108,274.0,89.798
BOT,800.0383333333331,230.0,89.798
BOT,811.5938888888886,208.0,89.798
BOT,827.5049999999998,179.0,89.798
BOT,843.4049999999997,159.0,89.798
BOT,850.1133333333331,150.0,89.798
BOT,859.4466666666665,140.0,89.798
BOT,868.3133333333332,133.0,89.798
BOT,877.9577777777776,124.0,89.798
BOT,884.5133333333331,118.0,89.798
BOT,893.5355555555553,116.0,89.798
BOT,899.8688888888887,114.0,89.798
BOT,907.6022222222219,116.0,89.798
BOT,914.2688888888887,120.0,89.798
BOT,921.0466666666664,122.0,89.798
BOT,928.1022222222219,127.0,89.798
BOT,940.3688888888886,138.0,89.798
BOT,953.8799999999997,152.0,89.798
BOT,962.3244444444441,152.0,89.798
BOT,969.213333333333,155.0,89.798
BOT,979.0799999999997,148.0,89.798
BOT,990.013333333333,123.0,89.798
BOT,997.4799999999997,112.0,89.798
BOT,1002.2799999999996,108.0,89.798
BOT,1012.4799999999997,102.0,89.798
BOT,1023.4524999999996,99.0,89.798
BOT,1030.8413888888886,95.0,89.798
BOT,1039.1969444444442,94.0,89.798
BOT,1043.4636111111108,96.0,89.798
BOT,1048.9636111111108,99.0,89.798
BOT,1055.8969444444442,104.0,89.798
BOT,1060.6524999999997,107.0,89.798
BOT,1071.0849999999998,117.0,89.798
BOT,1082.5516666666665,129.0,89.798
BOT,1090.2183333333332,138.0,89.798
BOT,1096.885,150.0,89.798
BOT,1103.773888888889,155.0,89.798
BOT,1116.996111111111,170.0,89.798
BOT,1124.9516666666666,179.0,89.798
BOT,1135.3961111111112,188.0,89.798
BOT,1148.4627777777778,196.0,89.798
BOT,1174.1294444444445,210.0,89.798
BOT,1191.1627777777776,219.0,89.798
BOT,1200.896111111111,219.0,89.798
BOT,1221.4294444444442,231.0,89.798
BOT,1242.5849999999998,238.0,89.798
BOT,1267.0849999999998,245.0,89.798
BOT,1280.8627777777779,248.0,89.798
BOT,1306.3627777777779,255.0,89.798
BOT,1323.6294444444445,259.0,89.798
BOT,1359.0222222222221,266.0,89.798
BOT,1370.8444444444444,266.0,89.798
BOT,1404.4555555555557,275.0,89.798
BOT,1416.677777777778,275.0,89.798
BOT,1451.0222222222224,281.0,89.798
BOT,1466.6888888888889,282.0,89.798
BOT,1485.7680555555555,285.0,89.798
BOT,1501.6569444444444,286.0,89.798
BOT,1530.5569444444443,289.0,89.798
BOT,1553.1902777777777,291.0,89.798
BOT,1575.901388888889,292.0,89.798
BOT,1602.123611111111,295.0,89.798
BOT,1628.523611111111,297.0,89.798
BOT,1648.4569444444444,299.0,89.798
BOT,1671.7902777777779,300.0,89.798
BOT,1685.123611111111,300.0,89.798
BOT,1701.901388888889,302.0,89.798
BOT,1715.3236111111112,302.0,89.798
BOT,1739.0458333333331,305.0,89.798
BOT,1755.9347222222223,304.0,89.798
BOT,1822.6013888888888,300.0,89.798
BOT,1842.5347222222222,299.0,89.798
BOT,1868.3347222222221,258.0,89.798
BOT,1886.6902777777777,236.0,89.798
BOT,1912.0547222222222,208.0,89.798
BOT,1933.0547222222222,189.0,89.798
BOT,1946.6658333333332,175.0,89.798
BOT,1957.865833333333,168.0,89.798
BOT,1970.1986111111107,158.0,89.798
BOT,1980.4652777777774,154.0,89.798
BOT,1988.8541666666663,151.0,89.798
BOT,2003.6541666666662,148.0,89.798
BOT,2010.4097222222217,152.0,89.798
BOT,2022.6208333333327,157.0,89.798
BOT,2039.820833333333,172.0,89.798
BOT,2051.8208333333328,180.0,89.798
BOT,2069.720833333333,179.0,89.798
BOT,2080.520833333333,162.0,89.798
BOT,2089.020833333333,153.0,89.798
BOT,2101.2875,138.0,89.798
BOT,2112.8430555555556,130.0,89.798
BOT,2118.4874999999997,127.0,89.798
BOT,2127.820833333333,120.0,89.798
BOT,2135.6208333333334,117.0,89.798
BOT,2143.1541666666667,113.0,89.798
BOT,2149.376388888889,112.0,89.798
BOT,2155.598611111111,112.0,89.798
BOT,2160.6652777777776,114.0,89.798
BOT,2175.1766666666667,119.0,89.798
BOT,2185.7544444444447,119.0,89.798
BOT,2191.398888888889,127.0,89.798
BOT,2199.998888888889,129.0,89.798
BOT,2212.1766666666667,137.0,89.798
BOT,2229.3305555555557,154.0,89.798
BOT,2238.386111111111,163.0,89.798
BOT,2245.8083333333334,167.0,89.798
BOT,2259.8083333333334,180.0,89.798
BOT,2268.163888888889,188.0,89.798
BOT,2279.052777777778,196.0,89.798
BOT,2290.275,202.0,89.798
BOT,2317.1638888888892,220.0,89.798
BOT,2326.9416666666666,220.0,89.798
BOT,2339.552777777778,227.0,89.798
BOT,2355.2194444444444,235.0,89.798
BOT,2387.752777777778,244.0,89.798
BOT,2401.6972222222225,251.0,89.798
BOT,2415.808333333334,254.0,89.798
BOT,2427.141666666667,255.0,89.798
BOT,2459.2861111111115,263.0,89.798
BOT,2471.0194444444446,264.0,89.798
BOT,2491.941666666667,269.0,89.798
BOT,2506.886111111112,269.0,89.798
BOT,2525.0861111111117,273.0,89.798
BOT,2552.8861111111123,278.0,89.798
BOT,2568.386111111112,279.0,89.798
BOT,2586.9750000000013,280.0,89.798
BOT,2602.641666666668,282.0,89.798
BOT,2631.141666666668,285.0,89.798
BOT,2650.341666666668,288.0,89.798
BOT,2663.141666666668,288.0,89.798
BOT,2679.3333333333344,290.0,89.798
BOT,2705.28888888889,292.0,89.798
BOT,2724.8888888888905,294.0,89.798
BOT,2751.1111111111127,295.0,89.798
BOT,2780.8111111111125,297.0,89.798
BOT,2803.9888888888904,298.0,89.798
BOT,2817.1888888888902,297.0,89.798
BOT,2850.411111111113,299.0,89.798
BOT,2867.0777777777794,300.0,89.798
BOT,2890.333333333335,299.0,89.798
BOT,2907.000000000002,300.0,89.798
BOT,2927.0000000000014,300.0,89.798
BOT,2943.722222222224,301.0,89.798
BOT,2960.4444444444466,301.0,89.798
BOT,2989.5444444444465,291.0,89.798
BOT,3005.6555555555574,290.0,89.798
BOT,3024.4555555555576,282.0,89.798
BOT,3049.07777777778,277.0,89.798
BOT,3064.4666666666685,277.0,89.798
BOT,3082.800000000002,275.0,89.798
BOT,3116.334722222224,275.0,89.798
BOT,3150.19027777778,277.0,89.798
BOT,3174.9902777777793,279.0,89.798
BOT,3187.434722222224,280.0,89.798
BOT,3203.2355555555573,283.0,89.798
BOT,3222.102222222224,283.0,89.798
BOT,3240.9688888888904,283.0,89.798
BOT,3253.6800000000017,286.0,89.798
BOT,3279.1911111111126,287.0,89.798
BOT,3291.946666666668,287.0,89.798
BOT,3314.346666666668,288.0,89.798
BOT,3330.346666666668,288.0,89.798
BOT,3343.235555555557,290.0,89.798
BOT,3356.124444444446,290.0,89.798
BOT,3381.902222222224,290.0,89.798
BOT,3398.1244444444455,292.0,89.798
BOT,3411.0577777777794,291.0,89.798
BOT,3423.9911111111123,291.0,89.798
BOT,3436.9688888888904,292.0,89.798
BOT,3453.246666666668,293.0,89.798
BOT,3469.5800000000013,294.0,89.798
BOT,3502.357777777779,295.0,89.798
BOT,3518.7466666666683,295.0,89.798
BOT,3531.813333333335,294.0,89.798
BOT,3551.4133333333352,294.0,89.798
BOT,3584.302222222224,296.0,89.798
BOT,3597.45777777778,296.0,89.798
BOT,3613.8466666666686,295.0,89.798
BOT,3633.5133333333356,295.0,89.798
BOT,3653.113333333336,294.0,89.798
BOT,3666.0100000000025,292.0,89.798
BOT,3678.9433333333354,291.0,89.798
BOT,3691.8766666666693,291.0,89.798
BOT,3704.810000000002,291.0,89.798
BOT,3730.490000000002,288.0,89.798
BOT,3746.378888888891,286.0,89.798
BOT,3762.156666666669,284.0,89.798
BOT,3777.8788888888907,283.0,89.798
BOT,3811.490000000002,275.0,89.798
BOT,3823.5788888888906,272.0,89.798
BOT,3841.112222222224,263.0,89.798
BOT,3855.167777777779,253.0,89.798
BOT,3866.2788888888904,250.0,89.798
BOT,3880.1122222222234,249.0,89.798
BOT,3898.4677777777792,236.0,89.798
BOT,3908.512222222224,226.0,89.798
BOT,3920.6788888888905,219.0,89.798
BOT,3935.012222222224,215.0,89.798
BOT,3946.6233333333353,209.0,89.798
BOT,3967.6233333333353,210.0,89.798
BOT,3986.4677777777797,212.0,89.798
BOT,3998.3566666666684,214.0,89.798
BOT,4020.056666666668,217.0,89.798
BOT,4034.523333333335,217.0,89.798
BOT,4044.5233333333354,225.0,89.798
BOT,4059.723333333335,228.0,89.798
BOT,4072.66777777778,233.0,89.798
BOT,4085.8900000000026,238.0,89.798
BOT,4102.090000000002,243.0,89.798
BOT,4118.554444444447,248.0,89.798
BOT,4143.854444444447,253.0,89.798
BOT,4155.232222222225,256.0,89.798
BOT,4169.637222222224,258.0,89.798
BOT,4190.015000000002,262.0,89.798
BOT,4201.703888888891,263.0,89.798
BOT,4219.437222222225,266.0,89.798
BOT,4252.681666666669,272.0,89.798
BOT,4267.903888888892,274.0,89.798
BOT,4298.4594444444465,275.0,89.798
BOT,4313.9594444444465,279.0,89.798
BOT,4335.737222222225,280.0,89.798
BOT,4360.8038888888905,282.0,89.798
BOT,4392.470555555557,285.0,89.798
BOT,4411.537222222224,286.0,89.798
BOT,4424.381666666669,289.0,89.798
BOT,4440.437222222224,289.0,89.798
BOT,4456.492777777779,289.0,89.798
BOT,4472.603888888891,290.0,89.798
BOT,4495.315000000001,292.0,89.798
BOT,4511.648333333335,294.0,89.798
BOT,4524.759444444446,295.0,89.798
BOT,4617.159444444446,297.0,89.798
BOT,4640.254444444446,298.0,89.798
BOT,4656.810000000001,298.0,89.798
BOT,4686.6100000000015,298.0,89.798
BOT,4709.870555555556,298.0,89.798
BOT,4739.870555555556,300.0,89.798
BOT,4753.159444444446,299.0,89.798
BOT,4773.159444444446,300.0,89.798
BOT,4809.826111111112,300.0,89.798
BOT,4829.692777777778,298.0,89.798
BOT,4852.637222222223,295.0,89.798
BOT,4887.959444444446,289.0,89.798
BOT,4906.292777777779,275.0,89.798
BOT,4920.681666666667,259.0,89.798
BOT,4937.015,245.0,89.798
BOT,4947.459444444445,235.0,89.798
BOT,4959.959444444445,225.0,89.798
BOT,4972.181666666667,220.0,89.798
BOT,4986.248333333334,211.0,89.798
BOT,5008.692777777778,202.0,89.798
BOT,5017.626111111112,201.0,89.798
BOT,5028.848333333334,202.0,89.798
BOT,5044.715000000001,204.0,89.798
BOT,5058.581666666668,208.0,89.798
BOT,5072.848333333335,214.0,89.798
BOT,5089.959444444446,220.0,89.798
BOT,5105.026111111113,226.0,89.798
BOT,5115.159444444446,228.0,89.798
BOT,5127.983888888891,232.0,89.798
BOT,5157.873888888891,244.0,89.798
BOT,5171.540555555558,246.0,89.798
BOT,5202.707222222224,255.0,89.798
BOT,5214.218333333335,259.0,89.798
BOT,5249.818333333335,267.0,89.798
BOT,5267.818333333335,270.0,89.798
BOT,5291.996111111113,272.0,89.798
BOT,5307.329444444447,276.0,89.798
BOT,5325.7961111111135,277.0,89.798
BOT,5338.107222222225,277.0,89.798
BOT,5358.873888888891,267.0,89.798
BOT,5369.185000000002,232.0,89.798
BOT,5383.1183333333365,209.0,89.798
BOT,5395.585000000003,187.0,89.798
BOT,5406.385000000003,162.0,89.798
BOT,5418.918333333337,141.0,89.798
BOT,5428.640555555559,125.0,89.798
BOT,5436.507222222226,118.0,89.798
BOT,5446.018333333337,107.0,89.798
BOT,5454.729444444448,98.0,89.798
BOT,5460.929444444448,93.0,89.798
BOT,5468.929444444448,90.0,89.798
BOT,5478.529444444448,96.0,89.798
BOT,5491.85166666667,109.0,89.798
BOT,5499.718333333337,118.0,89.798
BOT,5507.718333333337,120.0,89.798
BOT,5512.962777777781,118.0,89.798
BOT,5519.407222222226,116.0,89.798
BOT,5529.896111111115,118.0,89.798
BOT,5535.140555555559,118.0,89.798
BOT,5540.518333333337,121.0,89.798
BOT,5548.85166666667,125.0,89.798
BOT,5559.1183333333365,132.0,89.798
BOT,5575.007222222225,143.0,89.798
BOT,5585.407222222225,156.0,89.798
BOT,5592.56277777778,161.0,89.798
BOT,5604.16277777778,174.0,89.798
BOT,5616.36277777778,183.0,89.798
BOT,5638.029444444447,195.0,89.798
BOT,5651.629444444447,204.0,89.798
BOT,5661.007222222224,211.0,89.798
BOT,5673.007222222224,216.0,89.798
BOT,5690.273888888891,222.0,89.798
BOT,5700.3183333333345,226.0,89.798
BOT,5726.429444444446,235.0,89.798
BOT,5739.6516666666685,238.0,89.798
BOT,5755.9850000000015,245.0,89.798
BOT,5783.873888888891,251.0,89.798
BOT,5815.091666666668,256.0,89.798
PER,12.537499999999998,255.0,89.968
PER,29.87083333333333,260.0,89.968
PER,41.47083333333333,261.0,89.968
PER,59.204166666666666,266.0,89.968
PER,74.09305555555555,268.0,89.968
PER,89.14861111111112,271.0,89.968
PER,110.45972222222224,274.0,89.968
PER,138.25972222222222,278.0,89.968
PER,163.32638888888889,282.0,89.968
PER,195.18361111111108,286.0,89.968
PER,224.0836111111111,289.0,89.968
PER,243.41694444444443,290.0,89.968
PER,256.35027777777776,291.0,89.968
PER,275.8169444444444,292.0,89.968
PER,301.9502777777778,294.0,89.968
PER,318.33916666666664,295.0,89.968
PER,341.43916666666667,297.0,89.968
PER,367.8391666666667,297.0,89.968
PER,397.43916666666667,296.0,89.968
PER,430.2169444444445,295.0,89.968
PER,462.9947222222222,295.0,89.968
PER,492.2947222222222,293.0,89.968
PER,515.0058333333334,292.0,89.968
PER,531.1469444444444,292.0,89.968
PER,560.5469444444444,294.0,89.968
PER,583.4136111111111,294.0,89.968
PER,603.0136111111111,294.0,89.968
PER,629.0580555555556,293.0,89.968
PER,642.0802777777778,293.0,89.968
PER,661.6136111111111,293.0,89.968
PER,681.1469444444444,293.0,89.968
PER,694.1691666666666,293.0,89.968
PER,717.1175,294.0,89.968
PER,743.3397222222222,295.0,89.968
PER,763.0730555555556,296.0,89.968
PER,785.4730555555556,288.0,89.968
PER,801.9397222222223,247.0,89.968
PER,816.8063888888889,223.0,89.968
PER,829.6730555555556,193.0,89.968
PER,846.7730555555556,171.0,89.968
PER,853.7952777777779,158.0,89.968
PER,860.4175000000001,149.0,89.968
PER,875.0841666666668,132.0,89.968
PER,883.4175000000001,125.0,89.968
PER,888.706388888889,119.0,89.968
PER,896.2397222222223,113.0,89.968
PER,902.3508333333335,110.0,89.968
PER,908.3508333333335,108.0,89.968
PER,914.3508333333335,108.0,89.968
PER,921.6175000000002,109.0,89.968
PER,930.4841666666669,114.0,89.968
PER,941.1175000000002,120.0,89.968
PER,948.1175000000002,126.0,89.968
PER,959.3175000000001,144.0,89.968
PER,966.1619444444445,154.0,89.968
PER,973.1841666666668,158.0,89.968
PER,985.4508333333334,138.0,89.968
PER,991.3175000000001,132.0,89.968
PER,1003.9841666666667,114.0,89.968
PER,1008.9036111111112,110.0,89.968
PER,1017.9702777777779,102.0,89.968
PER,1022.2813888888891,97.0,89.968
PER,1029.670277777778,95.0,89.968
PER,1037.9369444444446,93.0,89.968
PER,1042.070277777778,93.0,89.968
PER,1049.5369444444448,96.0,89.968
PER,1062.248055555556,104.0,89.968
PER,1075.0258333333338,115.0,89.968
PER,1084.9036111111116,127.0,89.968
PER,1096.9925000000005,136.0,89.968
PER,1103.7925000000005,153.0,89.968
PER,1118.636944444445,167.0,89.968
PER,1126.5036111111115,177.0,89.968
PER,1136.8369444444447,186.0,89.968
PER,1147.6147222222226,194.0,89.968
PER,1175.6147222222226,210.0,89.968
PER,1187.5547222222224,216.0,89.968
PER,1209.7547222222227,222.0,89.968
PER,1241.2213888888891,236.0,89.968
PER,1254.5547222222226,240.0,89.968
PER,1265.399166666667,244.0,89.968
PER,1281.9325000000003,248.0,89.968
PER,1295.7658333333336,249.0,89.968
PER,1315.5919444444448,254.0,89.968
PER,1341.5919444444448,260.0,89.968
PER,1362.2030555555557,265.0,89.968
PER,1389.203055555556,270.0,89.968
PER,1404.314166666667,272.0,89.968
PER,1416.403055555556,272.0,89.968
PER,1438.025277777778,278.0,89.968
PER,1469.2475000000004,281.0,89.968
PER,1504.2030555555557,286.0,89.968
PER,1533.0030555555559,288.0,89.968
PER,1545.8919444444448,290.0,89.968
PER,1568.6030555555558,292.0,89.968
PER,1584.936388888889,294.0,89.968
PER,1598.0030555555556,294.0,89.968
PER,1611.1141666666667,295.0,89.968
PER,1627.5030555555559,295.0,89.968
PER,1644.0030555555559,297.0,89.968
PER,1663.8697222222224,298.0,89.968
PER,1683.7863888888892,300.0,89.968
PER,1703.786388888889,300.0,89.968
PER,1740.6975000000002,302.0,89.968
PER,1754.164166666667,303.0,89.968
PER,1771.0530555555558,304.0,89.968
PER,1798.164166666667,305.0,89.968
PER,1828.7641666666668,306.0,89.968
PER,1842.449166666667,306.0,89.968
PER,1861.5158333333336,286.0,89.968
PER,1879.0491666666671,263.0,89.968
PER,1897.3269444444447,235.0,89.968
PER,1909.5491666666671,220.0,89.968
PER,1925.1047222222226,200.0,89.968
PER,1935.7158333333339,191.0,89.968
PER,1947.9158333333337,183.0,89.968
PER,1957.6936111111115,176.0,89.968
PER,1967.1380555555559,170.0,89.968
PER,1976.3047222222226,165.0,89.968
PER,1990.5269444444448,160.0,89.968
PER,2004.3936111111116,156.0,89.968
PER,2013.226944444445,159.0,89.968
PER,2020.3825000000006,161.0,89.968
PER,2031.3825000000006,165.0,89.968
PER,2047.2936111111114,179.0,89.968
PER,2059.426944444445,182.0,89.968
PER,2067.8713888888897,190.0,89.968
PER,2084.9713888888896,171.0,89.968
PER,2101.4855555555564,149.0,89.968
PER,2112.063333333334,136.0,89.968
PER,2123.3522222222227,127.0,89.968
PER,2128.774444444445,122.0,89.968
PER,2135.3300000000004,118.0,89.968
PER,2142.9300000000003,114.0,89.968
PER,2147.9077777777784,112.0,89.968
PER,2157.716111111112,110.0,89.968
PER,2167.3161111111117,108.0,89.968
PER,2173.3716666666674,109.0,89.968
PER,2178.3938888888893,113.0,89.968
PER,2183.5050000000006,115.0,89.968
PER,2192.993888888889,122.0,89.968
PER,2198.682777777778,128.0,89.968
PER,2205.960555555556,131.0,89.968
PER,2215.4272222222226,142.0,89.968
PER,2235.3494444444445,163.0,89.968
PER,2248.960555555556,175.0,89.968
PER,2256.9161111111116,179.0,89.968
PER,2273.8938888888893,191.0,89.968
PER,2292.0272222222225,204.0,89.968
PER,2313.3272222222226,213.0,89.968
PER,2325.549444444445,220.0,89.968
PER,2348.6494444444447,231.0,89.968
PER,2364.3827777777783,236.0,89.968
PER,2397.2475000000004,247.0,89.968
PER,2408.3586111111117,250.0,89.968
PER,2439.7697222222228,257.0,89.968
PER,2451.3252777777784,260.0,89.968
PER,2483.714166666667,265.0,89.968
PER,2498.603055555556,268.0,89.968
PER,2516.6780555555565,270.0,89.968
PER,2531.7891666666674,272.0,89.968
PER,2559.3891666666673,276.0,89.968
PER,2581.0891666666676,279.0,89.968
PER,2602.9447222222234,281.0,89.968
PER,2628.189166666668,284.0,89.968
PER,2653.6113888888904,286.0,89.968
PER,2672.744722222224,287.0,89.968
PER,2695.222500000001,289.0,89.968
PER,2708.1113888888904,290.0,89.968
PER,2724.278055555557,291.0,89.968
PER,2737.2113888888907,291.0,89.968
PER,2760.0780555555575,294.0,89.968
PER,2776.4113888888905,294.0,89.968
PER,2842.633611111113,298.0,89.968
PER,2862.5669444444466,299.0,89.968
PER,2892.5669444444466,300.0,89.968
PER,2915.978055555557,301.0,89.968
PER,2952.8052777777793,302.0,89.968
PER,2986.249722222224,301.0,89.968
PER,3009.271944444446,296.0,89.968
PER,3028.671944444446,291.0,89.968
PER,3050.9177777777795,285.0,89.968
PER,3069.9177777777795,285.0,89.968
PER,3085.5844444444465,282.0,89.968
PER,3113.6844444444464,281.0,89.968
PER,3126.2177777777792,282.0,89.968
PER,3148.073333333335,281.0,89.968
PER,3176.273333333335,282.0,89.968
PER,3195.073333333335,282.0,89.968
PER,3223.3733333333353,283.0,89.968
PER,3242.3733333333353,285.0,89.968
PER,3258.2066666666683,285.0,89.968
PER,3283.7177777777792,287.0,89.968
PER,3309.317777777779,288.0,89.968
PER,3322.2066666666683,290.0,89.968
PER,3344.762222222224,290.0,89.968
PER,3364.22888888889,292.0,89.968
PER,3383.695555555557,292.0,89.968
PER,3399.9733333333347,293.0,89.968
PER,3416.3066666666678,294.0,89.968
PER,3429.373333333335,294.0,89.968
PER,3465.4688888888904,296.0,89.968
PER,3491.8688888888905,297.0,89.968
PER,3505.0688888888903,297.0,89.968
PER,3524.8688888888905,297.0,89.968
PER,3551.1800000000017,296.0,89.968
PER,3584.1511111111126,296.0,89.968
PER,3600.5955555555574,296.0,89.968
PER,3613.7511111111126,296.0,89.968
PER,3636.8511111111125,297.0,89.968
PER,3650.0066666666685,296.0,89.968
PER,3666.4511111111124,296.0,89.968
PER,3682.784444444446,294.0,89.968
PER,3718.3511111111125,291.0,89.968
PER,3731.2400000000016,290.0,89.968
PER,3747.295555555557,289.0,89.968
PER,3766.5622222222237,289.0,89.968
PER,3802.42888888889,269.0,89.968
PER,3817.095555555557,264.0,89.968
PER,3831.1511111111126,253.0,89.968
PER,3842.1733333333345,248.0,89.968
PER,3871.62888888889,241.0,89.968
PER,3882.117777777779,236.0,89.968
PER,3900.5511111111123,237.0,89.968
PER,3913.717777777779,237.0,89.968
PER,3928.5844444444456,223.0,89.968
PER,3949.9844444444457,214.0,89.968
PER,3961.7622222222235,212.0,89.968
PER,3975.637500000001,209.0,89.968
PER,3987.2486111111125,209.0,89.968
PER,4008.5486111111127,213.0,89.968
PER,4023.1486111111126,219.0,89.968
PER,4032.92638888889,220.0,89.968
PER,4045.4330555555566,224.0,89.968
PER,4066.144166666668,233.0,89.968
PER,4081.944166666668,237.0,89.968
PER,4103.633055555557,244.0,89.968
PER,4128.733055555557,251.0,89.968
PER,4148.488611111113,254.0,89.968
PER,4159.821944444446,255.0,89.968
PER,4188.821944444446,261.0,89.968
PER,4203.433055555557,263.0,89.968
PER,4224.121944444446,266.0,89.968
PER,4239.06638888889,269.0,89.968
PER,4257.133055555557,271.0,89.968
PER,4272.299722222224,273.0,89.968
PER,4287.577500000002,275.0,89.968
PER,4315.477500000002,279.0,89.968
PER,4331.088611111113,281.0,89.968
PER,4349.955277777779,283.0,89.968
PER,4375.288611111113,285.0,89.968
PER,4391.233055555557,287.0,89.968
PER,4410.433055555557,288.0,89.968
PER,4445.91888888889,291.0,89.968
PER,4481.60777777778,292.0,89.968
PER,4507.830000000002,295.0,89.968
PER,4520.941111111112,295.0,89.968
PER,4537.46777777778,296.0,89.968
PER,4557.267777777779,297.0,89.968
PER,4577.067777777778,297.0,89.968
PER,4590.312222222224,298.0,89.968
PER,4616.890000000001,299.0,89.968
PER,4630.17888888889,299.0,89.968
PER,4653.512222222223,300.0,89.968
PER,4670.17888888889,300.0,89.968
PER,4683.512222222223,300.0,89.968
PER,4696.8455555555565,300.0,89.968
PER,4723.601111111111,301.0,89.968
PER,4740.323333333334,301.0,89.968
PER,4753.7011111111115,301.0,89.968
PER,4767.078888888889,301.0,89.968
PER,4780.456666666668,301.0,89.968
PER,4797.17888888889,301.0,89.968
PER,4813.901111111112,301.0,89.968
PER,4847.345555555557,301.0,89.968
PER,4864.06777777778,301.0,89.968
PER,4877.401111111113,300.0,89.968
PER,4896.134444444446,281.0,89.968
PER,4923.690000000001,248.0,89.968
PER,4934.401111111112,241.0,89.968
PER,4947.790000000001,241.0,89.968
PER,4962.656666666668,223.0,89.968
PER,4976.923333333335,214.0,89.968
PER,4986.154166666668,209.0,89.968
PER,4995.443055555556,209.0,89.968
PER,5004.598611111112,206.0,89.968
PER,5013.665277777779,204.0,89.968
PER,5031.320277777779,198.0,89.968
PER,5042.375833333334,199.0,89.968
PER,5053.43138888889,199.0,89.968
PER,5064.986944444445,208.0,89.968
PER,5091.753611111112,219.0,89.968
PER,5101.709166666667,224.0,89.968
PER,5116.909166666667,228.0,89.968
PER,5129.798055555556,232.0,89.968
PER,5140.331388888889,237.0,89.968
PER,5153.7202777777775,241.0,89.968
PER,5173.009166666667,248.0,89.968
PER,5184.031388888889,248.0,89.968
PER,5198.1425,254.0,89.968
PER,5215.3425,258.0,89.968
PER,5229.8425,261.0,89.968
PER,5256.3425,265.0,89.968
PER,5280.342500000001,270.0,89.968
PER,5295.509166666667,273.0,89.968
PER,5323.109166666668,276.0,89.968
PER,5341.642500000001,278.0,89.968
PER,5353.909166666667,276.0,89.968
PER,5369.909166666667,240.0,89.968
PER,5382.63138888889,229.0,89.968
PER,5394.298055555557,210.0,89.968
PER,5405.764722222223,172.0,89.968
PER,5416.652500000001,164.0,89.968
PER,5429.652500000001,130.0,89.968
PER,5435.430277777778,130.0,89.968
PER,5442.186111111112,121.0,89.968
PER,5450.586111111112,108.0,89.968
PER,5455.163888888889,103.0,89.968
PER,5461.963888888889,102.0,89.968
PER,5473.4527777777785,94.0,89.968
PER,5478.675,94.0,89.968
PER,5489.563888888889,98.0,89.968
PER,5495.6194444444445,109.0,89.968
PER,5504.486111111111,114.0,89.968
PER,5515.241666666667,121.0,89.968
PER,5528.019444444445,115.0,89.968
PER,5535.552777777778,113.0,89.968
PER,5540.575,113.0,89.968
PER,5546.797222222222,112.0,89.968
PER,5553.1305555555555,114.0,89.968
PER,5559.741666666667,119.0,89.968
PER,5569.308333333333,123.0,89.968
PER,5576.419444444444,128.0,89.968
PER,5582.552777777778,138.0,89.968
PER,5638.863888888888,181.0,89.968
PER,5653.511388888889,189.0,89.968
PER,5664.6224999999995,200.0,89.968
PER,5685.322499999999,207.0,89.968
PER,5702.0263888888885,214.0,89.968
PER,5724.426388888888,224.0,89.968
PER,5734.604166666666,229.0,89.968
PER,5750.070833333333,232.0,89.968
PER,5779.404166666666,240.0,89.968
PER,5795.804166666666,246.0,89.968
PER,5815.559722222221,254.0,89.968
TSU,6.2333333333333325,255.0,90.025
TSU,17.744444444444444,259.0,90.025
TSU,29.388888888888886,262.0,90.025
TSU,41.12222222222222,264.0,90.025
TSU,65.0188888888889,268.0,90.025
TSU,80.07444444444445,271.0,90.025
TSU,95.24111111111111,273.0,90.025
TSU,110.57444444444445,276.0,90.025
TSU,145.04111111111112,282.0,90.025
TSU,157.66333333333333,284.0,90.025
TSU,176.73000000000002,286.0,90.025
TSU,192.67444444444445,287.0,90.025
TSU,205.5188888888889,289.0,90.025
TSU,221.63,290.0,90.025
TSU,244.34111111111113,292.0,90.025
TSU,257.36333333333334,293.0,90.025
TSU,273.69666666666666,294.0,90.025
TSU,293.43,296.0,90.025
TSU,309.93,297.0,90.025
TSU,339.83,299.0,90.025
TSU,366.40777777777777,299.0,90.025
TSU,382.9633333333333,298.0,90.025
TSU,412.76333333333326,298.0,90.025
TSU,432.62999999999994,298.0,90.025
TSU,445.7855555555555,296.0,90.025
TSU,465.4522222222222,295.0,90.025
TSU,481.72999999999996,293.0,90.025
TSU,498.0077777777777,293.0,90.025
TSU,517.541111111111,293.0,90.025
TSU,537.0594444444444,294.0,90.025
TSU,566.6594444444444,296.0,90.025
TSU,579.7705555555555,295.0,90.025
TSU,596.1855555555554,294.0,90.025
TSU,619.0522222222221,294.0,90.025
TSU,632.0744444444443,293.0,90.025
TSU,651.6077777777776,293.0,90.025
TSU,687.4188888888889,293.0,90.025
TSU,703.7522222222221,294.0,90.025
TSU,736.53,295.0,90.025
TSU,752.9744444444443,296.0,90.025
TSU,775.9188888888887,295.0,90.025
TSU,798.6744444444442,256.0,90.025
TSU,821.4522222222221,205.0,90.025
TSU,833.4522222222221,180.0,90.025
TSU,841.0966666666666,172.0,90.025
TSU,850.3188888888888,166.0,90.025
TSU,858.93,155.0,90.025
TSU,867.2633333333332,150.0,90.025
TSU,878.0744444444443,139.0,90.025
TSU,885.1299999999999,127.0,90.025
TSU,890.5966666666666,123.0,90.025
TSU,927.6188888888888,119.0,90.025
TSU,937.3063888888888,125.0,90.025
TSU,944.6952777777777,133.0,90.025
TSU,958.6952777777777,140.0,90.025
TSU,970.7938888888889,155.0,90.025
TSU,984.4938888888888,137.0,90.025
TSU,990.405,133.0,90.025
TSU,998.405,120.0,90.025
TSU,1011.6049999999999,108.0,90.025
TSU,1018.5383333333333,104.0,90.025
TSU,1026.3938888888888,101.0,90.025
TSU,1037.6383333333333,92.0,90.025
TSU,1043.7716666666668,92.0,90.025
TSU,1049.0494444444446,95.0,90.025
TSU,1055.582777777778,98.0,90.025
TSU,1059.982777777778,99.0,90.025
TSU,1065.8161111111115,105.0,90.025
TSU,1071.9827777777782,111.0,90.025
TSU,1079.8494444444448,118.0,90.025
TSU,1094.8494444444448,135.0,90.025
TSU,1101.2938888888891,145.0,90.025
TSU,1109.9605555555559,156.0,90.025
TSU,1123.182777777778,170.0,90.025
TSU,1135.1161111111114,179.0,90.025
TSU,1147.5827777777781,187.0,90.025
TSU,1162.7494444444449,195.0,90.025
TSU,1176.6161111111114,208.0,90.025
TSU,1185.9938888888892,211.0,90.025
TSU,1197.989166666667,217.0,90.025
TSU,1226.2866666666669,231.0,90.025
TSU,1239.3422222222223,235.0,90.025
TSU,1269.0422222222223,243.0,90.025
TSU,1280.0200000000002,247.0,90.025
TSU,1314.0200000000002,255.0,90.025
TSU,1331.22,258.0,90.025
TSU,1354.508888888889,262.0,90.025
TSU,1369.2866666666669,266.0,90.025
TSU,1387.3533333333337,271.0,90.025
TSU,1399.4422222222227,272.0,90.025
TSU,1420.7533333333338,274.0,90.025
TSU,1433.1088888888894,278.0,90.025
TSU,1451.775555555556,280.0,90.025
TSU,1470.5755555555559,282.0,90.025
TSU,1489.575555555556,285.0,90.025
TSU,1515.175555555556,288.0,90.025
TSU,1537.7311111111114,290.0,90.025
TSU,1557.1311111111115,291.0,90.025
TSU,1583.175555555556,293.0,90.025
TSU,1609.3977777777782,295.0,90.025
TSU,1629.1977777777781,297.0,90.025
TSU,1655.775555555556,299.0,90.025
TSU,1685.775555555556,300.0,90.025
TSU,1722.8088888888894,303.0,90.025
TSU,1743.0088888888893,303.0,90.025
TSU,1763.3422222222227,305.0,90.025
TSU,1776.9422222222227,306.0,90.025
TSU,1793.997777777778,307.0,90.025
TSU,1821.286666666667,307.0,90.025
TSU,1834.9311111111115,307.0,90.025
TSU,1848.3088888888892,301.0,90.025
TSU,1866.9755555555557,280.0,90.025
TSU,1886.3422222222225,249.0,90.025
TSU,1910.5644444444447,218.0,90.025
TSU,1923.9644444444448,201.0,90.025
TSU,1932.6311111111115,195.0,90.025
TSU,1944.8311111111113,183.0,90.025
TSU,1956.5644444444447,176.0,90.025
TSU,1975.1200000000001,167.0,90.025
TSU,1986.0533333333333,164.0,90.025
TSU,1993.12,159.0,90.025
TSU,2001.7311111111112,155.0,90.025
TSU,2013.8644444444444,156.0,90.025
TSU,2020.931111111111,159.0,90.025
TSU,2039.3755555555556,166.0,90.025
TSU,2048.708888888889,168.0,90.025
TSU,2060.908888888889,183.0,90.025
TSU,2080.464444444445,176.0,90.025
TSU,2099.4877777777783,156.0,90.025
TSU,2112.3277777777785,144.0,90.025
TSU,2121.3277777777785,135.0,90.025
TSU,2134.0277777777783,127.0,90.025
TSU,2142.294444444445,124.0,90.025
TSU,2150.294444444445,120.0,90.025
TSU,2157.894444444445,114.0,90.025
TSU,2165.3611111111118,112.0,90.025
TSU,2174.1500000000005,113.0,90.025
TSU,2180.5388888888897,115.0,90.025
TSU,2187.094444444445,118.0,90.025
TSU,2193.816666666667,121.0,90.025
TSU,2200.705555555556,124.0,90.025
TSU,2209.5722222222225,133.0,90.025
TSU,2217.2944444444447,139.0,90.025
TSU,2223.827777777778,147.0,90.025
TSU,2236.116666666667,158.0,90.025
TSU,2249.027777777778,166.0,90.025
TSU,2258.694444444445,174.0,90.025
TSU,2271.027777777778,185.0,90.025
TSU,2286.35,197.0,90.025
TSU,2297.6277777777777,203.0,90.025
TSU,2311.5611111111107,209.0,90.025
TSU,2325.9611111111108,216.0,90.025
TSU,2343.383333333333,224.0,90.025
TSU,2356.161111111111,230.0,90.025
TSU,2371.9611111111108,237.0,90.025
TSU,2385.4055555555556,242.0,90.025
TSU,2407.0944444444444,244.0,90.025
TSU,2423.8944444444446,252.0,90.025
TSU,2441.0277777777774,257.0,90.025
TSU,2458.361111111111,260.0,90.025
TSU,2481.8277777777776,264.0,90.025
TSU,2514.8277777777776,270.0,90.025
TSU,2533.027777777778,273.0,90.025
TSU,2563.8055555555557,277.0,90.025
TSU,2595.027777777778,281.0,90.025
TSU,2610.694444444445,282.0,90.025
TSU,2623.3166666666675,284.0,90.025
TSU,2651.9166666666674,286.0,90.025
TSU,2674.3944444444446,289.0,90.025
TSU,2693.727777777778,290.0,90.025
TSU,2706.6166666666672,290.0,90.025
TSU,2729.483333333334,294.0,90.025
TSU,2758.983333333334,295.0,90.025
TSU,2782.005555555556,296.0,90.025
TSU,2811.7055555555567,297.0,90.025
TSU,2831.572222222223,298.0,90.025
TSU,2848.1833333333343,299.0,90.025
TSU,2884.850000000001,300.0,90.025
TSU,2898.227777777779,301.0,90.025
TSU,2931.6722222222234,301.0,90.025
TSU,2961.872222222223,302.0,90.025
TSU,2975.294444444445,302.0,90.025
TSU,2998.705555555556,301.0,90.025
TSU,3034.516666666668,293.0,90.025
TSU,3057.305555555556,293.0,90.025
TSU,3089.416666666668,289.0,90.025
TSU,3102.2166666666676,288.0,90.025
TSU,3121.3500000000013,287.0,90.025
TSU,3140.3500000000013,285.0,90.025
TSU,3159.350000000001,285.0,90.025
TSU,3178.350000000001,285.0,90.025
TSU,3200.516666666668,285.0,90.025
TSU,3216.4055555555565,286.0,90.025
TSU,3235.53888888889,287.0,90.025
TSU,3270.861111111112,289.0,90.025
TSU,3283.7500000000014,290.0,90.025
TSU,3306.3833333333346,291.0,90.025
TSU,3335.5833333333344,292.0,90.025
TSU,3348.6055555555563,293.0,90.025
TSU,3361.6277777777786,293.0,90.025
TSU,3374.6944444444453,294.0,90.025
TSU,3474.0277777777787,298.0,90.025
TSU,3497.2055555555567,298.0,90.025
TSU,3513.8166666666675,299.0,90.025
TSU,3527.061111111112,298.0,90.025
TSU,3556.8611111111118,298.0,90.025
TSU,3573.4722222222226,299.0,90.025
TSU,3599.9611111111117,298.0,90.025
TSU,3619.8277777777785,298.0,90.025
TSU,3646.2277777777786,297.0,90.025
TSU,3685.2944444444456,293.0,90.025
TSU,3711.1611111111124,291.0,90.025
TSU,3730.4944444444454,290.0,90.025
TSU,3743.2944444444456,288.0,90.025
TSU,3759.350000000001,289.0,90.025
TSU,3772.1944444444457,289.0,90.025
TSU,3788.3055555555566,290.0,90.025
TSU,3814.8055555555566,265.0,90.025
TSU,3826.316666666668,259.0,90.025
TSU,3851.216666666668,249.0,90.025
TSU,3864.7722222222237,244.0,90.025
TSU,3887.9722222222235,232.0,90.025
TSU,3905.9388888888902,231.0,90.025
TSU,3916.2055555555567,231.0,90.025
TSU,3926.2944444444456,227.0,90.025
TSU,3943.483333333334,221.0,90.025
TSU,3955.5388888888897,217.0,90.025
TSU,3967.5430555555563,215.0,90.025
TSU,3986.4172222222232,213.0,90.025
TSU,4003.139444444445,215.0,90.025
TSU,4022.6950000000006,220.0,90.025
TSU,4044.995000000001,223.0,90.025
TSU,4057.606111111112,227.0,90.025
TSU,4070.550555555557,233.0,90.025
TSU,4091.9727777777794,241.0,90.025
TSU,4105.639444444446,246.0,90.025
TSU,4125.006111111113,249.0,90.025
TSU,4147.67277777778,255.0,90.025
TSU,4167.661666666669,257.0,90.025
TSU,4182.106111111113,260.0,90.025
TSU,4202.639444444447,264.0,90.025
TSU,4220.506111111114,268.0,90.025
TSU,4232.417222222224,268.0,90.025
TSU,4271.995000000002,274.0,90.025
TSU,4302.883888888891,278.0,90.025
TSU,4321.550555555557,280.0,90.025
TSU,4340.3505555555585,282.0,90.025
TSU,4362.439444444448,284.0,90.025
TSU,4391.039444444448,286.0,90.025
TSU,4410.239444444448,288.0,90.025
TSU,4426.375277777782,289.0,90.025
TSU,4442.486388888892,290.0,90.025
TSU,4461.871944444448,292.0,90.025
TSU,4481.405277777781,293.0,90.025
TSU,4497.738611111115,294.0,90.025
TSU,4510.849722222225,295.0,90.025
TSU,4527.294166666669,296.0,90.025
TSU,4553.69416666667,297.0,90.025
TSU,4570.19416666667,297.0,90.025
TSU,4599.99416666667,298.0,90.025
TSU,4619.860833333336,298.0,90.025
TSU,4653.19416666667,300.0,90.025
TSU,4666.527500000003,300.0,90.025
TSU,4693.371944444447,302.0,90.025
TSU,4706.79416666667,302.0,90.025
TSU,4740.349722222225,302.0,90.025
TSU,4767.283055555559,303.0,90.025
TSU,4787.483055555559,303.0,90.025
TSU,4804.316388888893,303.0,90.025
TSU,4821.149722222227,303.0,90.025
TSU,4848.083055555559,303.0,90.025
TSU,4881.860833333338,304.0,90.025
TSU,4901.127500000004,289.0,90.025
TSU,4931.5608333333375,249.0,90.025
TSU,4944.616388888893,235.0,90.025
TSU,4957.234722222226,226.0,90.025
TSU,4978.734722222226,215.0,90.025
TSU,4990.56805555556,213.0,90.025
TSU,5002.121111111115,209.0,90.025
TSU,5013.398888888893,203.0,90.025
TSU,5074.06555555556,210.0,90.025
TSU,5088.532222222227,217.0,90.025
TSU,5108.087777777782,220.0,90.025
TSU,5118.2211111111155,228.0,90.025
TSU,5136.421111111115,234.0,90.025
TSU,5166.121111111115,243.0,90.025
TSU,5179.843333333338,247.0,90.025
TSU,5208.176666666671,255.0,90.025
TSU,5228.476666666671,261.0,90.025
TSU,5258.143333333338,267.0,90.025
TSU,5288.36555555556,272.0,90.025
TSU,5303.643333333338,275.0,90.025
TSU,5315.910000000004,276.0,90.025
TSU,5337.610000000004,279.0,90.025
TSU,5350.143333333338,282.0,90.025
TSU,5365.698888888893,280.0,90.025
TSU,5383.587777777781,230.0,90.025
TSU,5399.5111111111155,204.0,90.025
TSU,5413.744444444449,183.0,90.025
TSU,5429.815277777782,145.0,90.025
TSU,5438.415277777782,129.0,90.025
TSU,5450.748611111116,111.0,90.025
TSU,5455.59305555556,109.0,90.025
TSU,5464.481944444448,100.0,90.025
TSU,5471.7930555555595,94.0,90.025
TSU,5476.7930555555595,90.0,90.025
TSU,5483.559722222226,87.0,90.025
TSU,5492.359722222226,88.0,90.025
TSU,5503.137500000004,97.0,90.025
TSU,5518.4486111111155,106.0,90.025
TSU,5526.848611111115,108.0,90.025
TSU,5532.904166666671,109.0,90.025
TSU,5541.615277777782,112.0,90.025
TSU,5547.837500000003,112.0,90.025
TSU,5555.6375000000035,117.0,90.025
TSU,5560.926388888892,119.0,90.025
TSU,5567.648611111114,121.0,90.025
TSU,5576.181944444447,128.0,90.025
TSU,5592.070833333336,143.0,90.025
TSU,5600.737500000003,156.0,90.025
TSU,5607.8041666666695,159.0,90.025
TSU,5626.071944444447,164.0,90.025
TSU,5633.80527777778,174.0,90.025
TSU,5648.271944444447,186.0,90.025
TSU,5658.774722222225,190.0,90.025
TSU,5669.885833333336,200.0,90.025
TSU,5683.21916666667,200.0,90.025
TSU,5694.996944444448,212.0,90.025
TSU,5704.552500000004,215.0,90.025
TSU,5721.974722222227,224.0,90.025
TSU,5742.50805555556,231.0,90.025
TSU,5763.574722222227,237.0,90.025
TSU,5774.285833333338,241.0,90.025
TSU,5790.619166666671,245.0,90.025
TSU,5801.6858333333375,249.0,90.025
TSU,5815.6858333333375,252.0,90.025
ZHO,22.672222222222224,265.0,90.123
ZHO,49.67222222222223,270.0,90.123
ZHO,61.80555555555556,273.0,90.123
ZHO,83.35000000000001,277.0,90.123
ZHO,98.90555555555557,280.0,90.123
ZHO,111.35000000000001,280.0,90.123
ZHO,123.88333333333334,282.0,90.123
ZHO,139.66111111111113,284.0,90.123
ZHO,155.49444444444447,285.0,90.123
ZHO,174.6277777777778,287.0,90.123
ZHO,193.8805555555556,290.0,90.123
ZHO,213.28055555555557,291.0,90.123
ZHO,249.2138888888889,294.0,90.123
ZHO,262.28055555555557,294.0,90.123
ZHO,278.6694444444445,295.0,90.123
ZHO,305.06944444444446,297.0,90.123
ZHO,334.9694444444445,299.0,90.123
ZHO,348.3413888888889,299.0,90.123
ZHO,368.27472222222224,299.0,90.123
ZHO,388.2080555555556,299.0,90.123
ZHO,411.30805555555554,297.0,90.123
ZHO,427.7525,296.0,90.123
ZHO,450.5413888888889,293.0,90.123
ZHO,466.81916666666666,293.0,90.123
ZHO,486.35249999999996,293.0,90.123
ZHO,502.5747222222222,292.0,90.123
ZHO,518.7413888888889,291.0,90.123
ZHO,534.9636111111112,292.0,90.123
ZHO,561.0969444444445,294.0,90.123
ZHO,587.2302777777778,294.0,90.123
ZHO,603.5636111111112,294.0,90.123
ZHO,616.6302777777779,294.0,90.123
ZHO,636.0969444444446,292.0,90.123
ZHO,662.0525000000001,292.0,90.123
ZHO,681.5858333333334,293.0,90.123
ZHO,694.6080555555557,293.0,90.123
ZHO,723.9080555555556,293.0,90.123
ZHO,756.3822222222224,293.0,90.123
ZHO,778.9377777777779,290.0,90.123
ZHO,800.6266666666668,244.0,90.123
ZHO,811.4711111111112,244.0,90.123
ZHO,822.3044444444445,195.0,90.123
ZHO,834.1044444444444,177.0,90.123
ZHO,841.3044444444445,162.0,90.123
ZHO,854.4119444444444,147.0,90.123
ZHO,866.4119444444444,135.0,90.123
ZHO,873.5230555555555,128.0,90.123
ZHO,879.0341666666666,124.0,90.123
ZHO,884.4563888888888,122.0,90.123
ZHO,893.6341666666666,118.0,90.123
ZHO,898.878611111111,118.0,90.123
ZHO,905.3230555555555,116.0,90.123
ZHO,913.1897222222221,118.0,90.123
ZHO,928.2230555555554,123.0,90.123
ZHO,938.3341666666665,130.0,90.123
ZHO,944.2452777777777,133.0,90.123
ZHO,957.1341666666666,145.0,90.123
ZHO,970.9119444444444,155.0,90.123
ZHO,984.2119444444444,133.0,90.123
ZHO,991.1008333333333,124.0,90.123
ZHO,1002.3008333333332,112.0,90.123
ZHO,1009.6341666666666,110.0,90.123
ZHO,1022.5405555555554,97.0,90.123
ZHO,1026.7627777777777,95.0,90.123
ZHO,1038.3738888888888,95.0,90.123
ZHO,1042.596111111111,95.0,90.123
ZHO,1054.9405555555554,101.0,90.123
ZHO,1060.7183333333332,104.0,90.123
ZHO,1067.9483333333333,108.0,90.123
ZHO,1074.2816666666665,114.0,90.123
ZHO,1087.2816666666665,130.0,90.123
ZHO,1098.4038888888888,143.0,90.123
ZHO,1110.8483333333331,160.0,90.123
ZHO,1126.3149999999998,174.0,90.123
ZHO,1142.937222222222,187.0,90.123
ZHO,1155.937222222222,195.0,90.123
ZHO,1171.8816666666664,205.0,90.123
ZHO,1181.3038888888887,212.0,90.123
ZHO,1193.415,218.0,90.123
ZHO,1203.1927777777778,220.0,90.123
ZHO,1221.0038888888887,229.0,90.123
ZHO,1233.8927777777776,232.0,90.123
ZHO,1288.5594444444444,246.0,90.123
ZHO,1305.3594444444445,252.0,90.123
ZHO,1331.1594444444445,258.0,90.123
ZHO,1351.537222222222,262.0,90.123
ZHO,1384.0963888888887,267.0,90.123
ZHO,1414.5408333333332,274.0,90.123
ZHO,1436.1630555555555,278.0,90.123
ZHO,1454.8963888888886,281.0,90.123
ZHO,1476.9080555555552,282.0,90.123
ZHO,1495.9080555555554,285.0,90.123
ZHO,1511.8524999999997,287.0,90.123
ZHO,1540.7524999999996,289.0,90.123
ZHO,1553.685833333333,291.0,90.123
ZHO,1576.474722222222,293.0,90.123
ZHO,1605.974722222222,295.0,90.123
ZHO,1625.774722222222,297.0,90.123
ZHO,1655.5747222222221,298.0,90.123
ZHO,1675.5080555555553,299.0,90.123
ZHO,1692.2302777777775,301.0,90.123
ZHO,1718.985833333333,301.0,90.123
ZHO,1745.8302777777774,302.0,90.123
ZHO,1759.2524999999996,302.0,90.123
ZHO,1782.7413888888887,302.0,90.123
ZHO,1802.7413888888884,300.0,90.123
ZHO,1822.7413888888887,300.0,90.123
ZHO,1839.2413888888887,297.0,90.123
ZHO,1855.6302777777776,295.0,90.123
ZHO,1867.674722222222,271.0,90.123
ZHO,1895.8438888888886,231.0,90.123
ZHO,1913.977222222222,204.0,90.123
ZHO,1922.7327777777775,197.0,90.123
ZHO,1935.8661111111107,197.0,90.123
ZHO,1951.1549999999997,172.0,90.123
ZHO,1969.0886111111108,161.0,90.123
ZHO,1977.6441666666663,154.0,90.123
ZHO,1984.3997222222217,152.0,90.123
ZHO,1996.0663888888885,150.0,90.123
ZHO,2002.7330555555552,150.0,90.123
ZHO,2011.2330555555552,153.0,90.123
ZHO,2019.9552777777774,157.0,90.123
ZHO,2040.7330555555554,170.0,90.123
ZHO,2048.6441666666665,178.0,90.123
ZHO,2058.9219444444443,185.0,90.123
ZHO,2071.2552777777773,185.0,90.123
ZHO,2093.2552777777773,165.0,90.123
ZHO,2101.366388888888,146.0,90.123
ZHO,2109.4774999999995,146.0,90.123
ZHO,2115.2997222222216,131.0,90.123
ZHO,2130.6997222222217,126.0,90.123
ZHO,2135.8997222222215,117.0,90.123
ZHO,2144.844166666666,115.0,90.123
ZHO,2151.1774999999993,114.0,90.123
ZHO,2158.577499999999,111.0,90.123
ZHO,2169.677499999999,111.0,90.123
ZHO,2175.899722222221,112.0,90.123
ZHO,2183.600833333332,116.0,90.123
ZHO,2190.323055555554,121.0,90.123
ZHO,2203.323055555554,130.0,90.123
ZHO,2212.6563888888877,140.0,90.123
ZHO,2218.87861111111,140.0,90.123
ZHO,2227.141944444443,148.0,90.123
ZHO,2242.341944444443,171.0,90.123
ZHO,2254.341944444443,180.0,90.123
ZHO,2271.3197222222207,191.0,90.123
ZHO,2291.5197222222205,202.0,90.123
ZHO,2307.6974999999984,208.0,90.123
ZHO,2317.2974999999983,216.0,90.123
ZHO,2342.519722222221,227.0,90.123
ZHO,2355.4641666666653,233.0,90.123
ZHO,2374.130833333332,240.0,90.123
ZHO,2387.6863888888874,244.0,90.123
ZHO,2404.2197222222203,248.0,90.123
ZHO,2418.2197222222203,252.0,90.123
ZHO,2432.441944444442,256.0,90.123
ZHO,2458.6419444444423,262.0,90.123
ZHO,2473.308611111109,264.0,90.123
ZHO,2491.108611111109,267.0,90.123
ZHO,2515.286388888887,272.0,90.123
ZHO,2530.5086111111086,274.0,90.123
ZHO,2548.9086111111087,276.0,90.123
ZHO,2582.9311111111087,279.0,90.123
ZHO,2617.6422222222195,284.0,90.123
ZHO,2643.064444444442,286.0,90.123
ZHO,2655.819999999998,287.0,90.123
ZHO,2671.955833333331,289.0,90.123
ZHO,2691.3558333333312,291.0,90.123
ZHO,2710.8224999999975,292.0,90.123
ZHO,2723.8002777777756,292.0,90.123
ZHO,2749.84472222222,293.0,90.123
ZHO,2762.9558333333307,295.0,90.123
ZHO,2785.978055555553,296.0,90.123
ZHO,2802.4780555555535,297.0,90.123
ZHO,2815.6780555555533,297.0,90.123
ZHO,2828.8780555555536,297.0,90.123
ZHO,2855.3669444444427,298.0,90.123
ZHO,2871.9780555555535,299.0,90.123
ZHO,2885.2669444444427,299.0,90.123
ZHO,2898.600277777776,300.0,90.123
ZHO,2911.9336111111093,300.0,90.123
ZHO,2928.600277777776,300.0,90.123
ZHO,2945.3224999999984,301.0,90.123
ZHO,2978.5447222222206,299.0,90.123
ZHO,2994.8224999999984,293.0,90.123
ZHO,3007.711388888887,290.0,90.123
ZHO,3026.4447222222207,281.0,90.123
ZHO,3057.666944444443,281.0,90.123
ZHO,3070.0669444444425,279.0,90.123
ZHO,3085.5113888888873,278.0,90.123
ZHO,3103.978055555554,277.0,90.123
ZHO,3122.5113888888873,278.0,90.123
ZHO,3134.7897222222205,278.0,90.123
ZHO,3147.145277777776,278.0,90.123
ZHO,3159.5897222222206,280.0,90.123
ZHO,3172.034166666665,280.0,90.123
ZHO,3197.179166666665,282.0,90.123
ZHO,3212.7902777777763,281.0,90.123
ZHO,3228.568055555554,284.0,90.123
ZHO,3244.401388888887,285.0,90.123
ZHO,3279.356944444443,286.0,90.123
ZHO,3292.1569444444426,288.0,90.123
ZHO,3311.356944444443,288.0,90.123
ZHO,3327.3569444444424,288.0,90.123
ZHO,3340.2013888888873,289.0,90.123
ZHO,3356.2569444444425,289.0,90.123
ZHO,3378.8902777777757,291.0,90.123
ZHO,3391.8236111111096,291.0,90.123
ZHO,3408.0458333333313,292.0,90.123
ZHO,3427.5791666666646,293.0,90.123
ZHO,3443.8569444444424,293.0,90.123
ZHO,3473.2569444444425,294.0,90.123
ZHO,3499.3902777777757,294.0,90.123
ZHO,3515.7791666666644,295.0,90.123
ZHO,3545.2791666666644,295.0,90.123
ZHO,3564.9458333333314,295.0,90.123
ZHO,3578.0569444444427,295.0,90.123
ZHO,3597.7236111111088,295.0,90.123
ZHO,3614.1680555555536,296.0,90.123
ZHO,3630.6124999999975,296.0,90.123
ZHO,3650.345833333331,296.0,90.123
ZHO,3669.797777777776,293.0,90.123
ZHO,3698.397777777776,286.0,90.123
ZHO,3710.9755555555535,283.0,90.123
ZHO,3726.7205555555533,282.0,90.123
ZHO,3748.7316666666648,283.0,90.123
ZHO,3761.2205555555533,281.0,90.123
ZHO,3780.0205555555535,282.0,90.123
ZHO,3812.6538888888867,267.0,90.123
ZHO,3826.9316666666646,257.0,90.123
ZHO,3853.9316666666646,243.0,90.123
ZHO,3867.3205555555537,241.0,90.123
ZHO,3886.142777777776,242.0,90.123
ZHO,3907.7427777777757,243.0,90.123
ZHO,3932.2983333333314,221.0,90.123
ZHO,3946.5649999999982,214.0,90.123
ZHO,3955.8983333333313,210.0,90.123
ZHO,3967.3983333333313,207.0,90.123
ZHO,3978.9538888888865,208.0,90.123
ZHO,3990.509444444442,208.0,90.123
ZHO,4006.920555555553,211.0,90.123
ZHO,4018.8649999999975,215.0,90.123
ZHO,4028.598333333331,219.0,90.123
ZHO,4103.576111111109,241.0,90.123
ZHO,4122.408611111109,243.0,90.123
ZHO,4136.241944444442,249.0,90.123
ZHO,4161.741944444442,255.0,90.123
ZHO,4181.8802777777755,258.0,90.123
ZHO,4208.180277777776,263.0,90.123
ZHO,4219.91361111111,264.0,90.123
ZHO,4237.646944444443,266.0,90.123
ZHO,4270.769166666665,271.0,90.123
ZHO,4288.969166666665,273.0,90.123
ZHO,4310.51361111111,277.0,90.123
ZHO,4344.735833333331,280.0,90.123
ZHO,4363.469166666666,281.0,90.123
ZHO,4379.1913888888885,283.0,90.123
ZHO,4398.124722222221,284.0,90.123
ZHO,4410.791388888887,285.0,90.123
ZHO,4426.624722222221,285.0,90.123
ZHO,4442.569166666665,287.0,90.123
ZHO,4461.835833333332,289.0,90.123
ZHO,4494.280277777777,292.0,90.123
ZHO,4507.258055555554,292.0,90.123
ZHO,4523.535833333332,293.0,90.123
ZHO,4546.324722222222,293.0,90.123
ZHO,4565.8580555555545,293.0,90.123
ZHO,4585.391388888887,293.0,90.123
ZHO,4608.335833333332,295.0,90.123
ZHO,4628.002499999999,295.0,90.123
ZHO,4641.158055555554,296.0,90.123
ZHO,4657.575555555553,297.0,90.123
ZHO,4693.958055555554,297.0,90.123
ZHO,4710.458055555554,297.0,90.123
ZHO,4746.51361111111,295.0,90.123
ZHO,4759.669166666665,296.0,90.123
ZHO,4798.8691666666655,294.0,90.123
ZHO,4818.469166666665,294.0,90.123
ZHO,4844.51361111111,293.0,90.123
ZHO,4860.624722222221,290.0,90.123
ZHO,4879.824722222221,288.0,90.123
ZHO,4892.624722222221,288.0,90.123
ZHO,4913.780277777777,272.0,90.123
ZHO,4925.8691666666655,272.0,90.123
ZHO,4941.735833333333,238.0,90.123
ZHO,4956.335833333333,219.0,90.123
ZHO,4970.269166666666,209.0,90.123
ZHO,4987.958055555555,199.0,90.123
ZHO,5002.891388888888,192.0,90.123
ZHO,5015.558055555554,190.0,90.123
ZHO,5032.624722222221,192.0,90.123
ZHO,5050.135833333332,197.0,90.123
ZHO,5063.5358333333315,201.0,90.123
ZHO,5082.024722222221,208.0,90.123
ZHO,5104.024722222221,220.0,90.123
ZHO,5132.380277777776,232.0,90.123
ZHO,5148.113611111109,236.0,90.123
ZHO,5164.046944444443,239.0,90.123
ZHO,5174.935833333332,245.0,90.123
ZHO,5188.769166666666,249.0,90.123
ZHO,5211.346944444444,254.0,90.123
ZHO,5222.858055555555,259.0,90.123
ZHO,5234.369166666666,259.0,90.123
ZHO,5251.835833333333,262.0,90.123
ZHO,5272.758055555555,269.0,90.123
ZHO,5303.2025,274.0,90.123
ZHO,5321.535833333333,275.0,90.123
ZHO,5333.713611111111,274.0,90.123
ZHO,5352.046944444445,275.0,90.123
ZHO,5369.313611111112,259.0,90.123
ZHO,5392.313611111112,207.0,90.123
ZHO,5404.246944444445,179.0,90.123
ZHO,5412.2025,179.0,90.123
ZHO,5420.813611111112,155.0,90.123
ZHO,5431.546944444445,138.0,90.123
ZHO,5437.235833333334,128.0,90.123
ZHO,5450.458055555557,119.0,90.123
ZHO,5456.680277777779,112.0,90.123
ZHO,5463.746944444446,106.0,90.123
ZHO,5475.08027777778,102.0,90.123
ZHO,5488.006388888891,106.0,90.123
ZHO,5497.9930555555575,112.0,90.123
ZHO,5505.659722222224,115.0,90.123
ZHO,5517.859722222224,122.0,90.123
ZHO,5525.793055555558,119.0,90.123
ZHO,5533.459722222224,115.0,90.123
ZHO,5541.059722222224,114.0,90.123
ZHO,5548.593055555557,113.0,90.123
ZHO,5557.770833333335,118.0,90.123
ZHO,5564.604166666668,123.0,90.123
ZHO,5571.715277777779,128.0,90.123
ZHO,5579.104166666668,133.0,90.123
ZHO,5587.1597222222235,145.0,90.123
ZHO,5597.693055555557,158.0,90.123
ZHO,5607.081944444446,169.0,90.123
ZHO,5614.770833333336,173.0,90.123
ZHO,5629.081944444446,184.0,90.123
ZHO,5644.093055555557,193.0,90.123
ZHO,5655.370833333335,203.0,90.123
ZHO,5669.104166666669,206.0,90.123
ZHO,5686.059722222223,218.0,90.123
ZHO,5698.393055555557,222.0,90.123
ZHO,5713.459722222225,226.0,90.123
ZHO,5728.9930555555575,233.0,90.123
ZHO,5747.426388888891,237.0,90.123
ZHO,5760.870833333335,242.0,90.123
ZHO,5777.270833333335,246.0,90.123
ZHO,5791.215277777779,251.0,90.123
ZHO,5813.970833333335,256.0,90.123
ZHO,5831.304166666669,260.0,90.123
DEV,10.77972222222222,257.0,90.513
DEV,25.22416666666666,260.0,90.513
DEV,48.77972222222222,265.0,90.513
DEV,72.77972222222222,270.0,90.513
DEV,87.89083333333333,272.0,90.513
DEV,100.1575,276.0,90.513
DEV,118.7575,279.0,90.513
DEV,143.82416666666666,282.0,90.513
DEV,162.89083333333332,286.0,90.513
DEV,175.60194444444443,286.0,90.513
DEV,204.60194444444443,290.0,90.513
DEV,236.85444444444443,291.0,90.513
DEV,259.7211111111111,294.0,90.513
DEV,286.0322222222222,296.0,90.513
DEV,299.18777777777774,296.0,90.513
DEV,315.7433333333333,298.0,90.513
DEV,335.67666666666656,299.0,90.513
DEV,348.92111111111103,298.0,90.513
DEV,375.3144444444444,296.0,90.513
DEV,401.5366666666666,295.0,90.513
DEV,417.86999999999995,294.0,90.513
DEV,430.8922222222222,293.0,90.513
DEV,443.9144444444444,293.0,90.513
DEV,466.62555555555554,292.0,90.513
DEV,479.60333333333324,292.0,90.513
DEV,495.7144444444444,290.0,90.513
DEV,515.1144444444444,291.0,90.513
DEV,550.9255555555554,293.0,90.513
DEV,573.7144444444443,293.0,90.513
DEV,586.7366666666666,293.0,90.513
DEV,612.781111111111,293.0,90.513
DEV,638.8255555555554,293.0,90.513
DEV,668.0255555555555,292.0,90.513
DEV,684.3033333333332,293.0,90.513
DEV,713.6033333333331,293.0,90.513
DEV,733.2033333333331,294.0,90.513
DEV,771.6563888888887,289.0,90.513
DEV,783.8786111111108,275.0,90.513
DEV,809.1786111111109,207.0,90.513
DEV,818.3786111111109,207.0,90.513
DEV,838.9119444444442,168.0,90.513
DEV,847.4674999999997,154.0,90.513
DEV,857.3083333333332,147.0,90.513
DEV,865.0861111111109,140.0,90.513
DEV,877.8861111111108,128.0,90.513
DEV,887.3749999999998,122.0,90.513
DEV,896.397222222222,116.0,90.513
DEV,906.5305555555553,114.0,90.513
DEV,917.197222222222,120.0,90.513
DEV,925.3305555555553,122.0,90.513
DEV,935.5194444444442,131.0,90.513
DEV,941.4749999999997,134.0,90.513
DEV,949.2527777777774,140.0,90.513
DEV,955.6527777777774,144.0,90.513
DEV,967.6305555555552,154.0,90.513
DEV,975.7972222222219,147.0,90.513
DEV,1000.0194444444442,109.0,90.513
DEV,1006.8194444444441,102.0,90.513
DEV,1016.4194444444441,96.0,90.513
DEV,1023.6527777777775,93.0,90.513
DEV,1034.2619444444442,87.0,90.513
DEV,1044.9286111111107,96.0,90.513
DEV,1053.0174999999997,104.0,90.513
DEV,1060.4841666666664,112.0,90.513
DEV,1069.7727777777775,119.0,90.513
DEV,1078.1727777777776,126.0,90.513
DEV,1085.8949999999998,139.0,90.513
DEV,1101.9949999999997,161.0,90.513
DEV,1109.5505555555553,170.0,90.513
DEV,1123.3949999999998,178.0,90.513
DEV,1142.7949999999996,194.0,90.513
DEV,1156.1949999999995,201.0,90.513
DEV,1176.8949999999998,207.0,90.513
DEV,1191.4949999999997,219.0,90.513
DEV,1203.9949999999997,225.0,90.513
DEV,1224.528333333333,231.0,90.513
DEV,1245.8616666666662,240.0,90.513
DEV,1256.528333333333,240.0,90.513
DEV,1275.7394444444442,247.0,90.513
DEV,1292.5394444444441,252.0,90.513
DEV,1309.6727777777776,257.0,90.513
DEV,1324.117222222222,260.0,90.513
DEV,1338.6727777777774,262.0,90.513
DEV,1350.4949999999997,266.0,90.513
DEV,1383.5419444444442,271.0,90.513
DEV,1407.9863888888888,275.0,90.513
DEV,1420.2975,277.0,90.513
DEV,1438.8974999999998,279.0,90.513
DEV,1464.0530555555554,283.0,90.513
DEV,1496.0216666666665,287.0,90.513
DEV,1512.077222222222,289.0,90.513
DEV,1525.0105555555554,291.0,90.513
DEV,1547.7994444444444,293.0,90.513
DEV,1560.8216666666665,293.0,90.513
DEV,1577.2105555555554,295.0,90.513
DEV,1593.5994444444443,295.0,90.513
DEV,1630.1438888888888,299.0,90.513
DEV,1643.4327777777778,299.0,90.513
DEV,1660.0994444444443,300.0,90.513
DEV,1680.2327777777778,302.0,90.513
DEV,1720.766111111111,304.0,90.513
DEV,1737.7105555555554,305.0,90.513
DEV,1754.7105555555554,306.0,90.513
DEV,1768.3105555555553,306.0,90.513
DEV,1805.955,308.0,90.513
DEV,1819.6438888888886,308.0,90.513
DEV,1843.0549999999998,301.0,90.513
DEV,1858.4438888888888,277.0,90.513
DEV,1875.3105555555555,253.0,90.513
DEV,1897.2105555555554,219.0,90.513
DEV,1909.0438888888887,213.0,90.513
DEV,1922.056111111111,196.0,90.513
DEV,1932.667222222222,191.0,90.513
DEV,1949.967222222222,173.0,90.513
DEV,1961.167222222222,168.0,90.513
DEV,1968.456111111111,164.0,90.513
DEV,1977.4452777777778,161.0,90.513
DEV,1991.2230555555554,155.0,90.513
DEV,2001.556388888889,155.0,90.513
DEV,2015.5119444444445,157.0,90.513
DEV,2031.9119444444443,164.0,90.513
DEV,2045.3674999999998,173.0,90.513
DEV,2053.234166666666,177.0,90.513
DEV,2072.789722222222,176.0,90.513
DEV,2082.011944444444,166.0,90.513
DEV,2093.9897222222216,154.0,90.513
DEV,2102.1563888888886,147.0,90.513
DEV,2111.5563888888883,141.0,90.513
DEV,2119.3897222222217,141.0,90.513
DEV,2126.611944444444,130.0,90.513
DEV,2138.911944444444,123.0,90.513
DEV,2145.4674999999993,118.0,90.513
DEV,2153.134166666666,115.0,90.513
DEV,2162.9119444444436,110.0,90.513
DEV,2168.9119444444436,108.0,90.513
DEV,2176.3119444444437,111.0,90.513
DEV,2190.945277777777,120.0,90.513
DEV,2206.589722222221,128.0,90.513
DEV,2219.6563888888877,147.0,90.513
DEV,2226.367499999999,151.0,90.513
DEV,2235.244999999999,159.0,90.513
DEV,2246.7116666666657,172.0,90.513
DEV,2258.6449999999986,179.0,90.513
DEV,2266.9116666666655,186.0,90.513
DEV,2284.4227777777764,197.0,90.513
DEV,2293.311666666665,200.0,90.513
DEV,2309.5672222222206,209.0,90.513
DEV,2321.5672222222206,216.0,90.513
DEV,2331.433888888887,222.0,90.513
DEV,2341.3894444444427,224.0,90.513
DEV,2362.2783333333314,235.0,90.513
DEV,2375.5561111111087,239.0,90.513
DEV,2386.3116666666647,242.0,90.513
DEV,2397.2449999999976,246.0,90.513
DEV,2408.178333333331,246.0,90.513
DEV,2422.1783333333306,252.0,90.513
DEV,2436.400555555553,256.0,90.513
DEV,2465.511666666664,262.0,90.513
DEV,2480.178333333331,264.0,90.513
DEV,2492.0449999999973,267.0,90.513
DEV,2510.0449999999973,270.0,90.513
DEV,2540.4894444444417,274.0,90.513
DEV,2552.756111111108,276.0,90.513
DEV,2568.200555555553,278.0,90.513
DEV,2586.733888888886,278.0,90.513
DEV,2605.5338888888864,282.0,90.513
DEV,2618.0772222222195,284.0,90.513
DEV,2630.7883333333302,286.0,90.513
DEV,2643.4994444444415,286.0,90.513
DEV,2656.254999999997,287.0,90.513
DEV,2682.0241666666634,289.0,90.513
DEV,2698.1908333333304,291.0,90.513
DEV,2714.413055555553,292.0,90.513
DEV,2730.6352777777747,292.0,90.513
DEV,2766.813055555553,296.0,90.513
DEV,2779.968611111108,296.0,90.513
DEV,2799.835277777775,298.0,90.513
DEV,2816.39083333333,298.0,90.513
DEV,2829.6352777777747,298.0,90.513
DEV,2846.3019444444412,300.0,90.513
DEV,2869.6352777777747,300.0,90.513
DEV,2883.013055555553,301.0,90.513
DEV,2899.7352777777746,301.0,90.513
DEV,2919.8019444444417,301.0,90.513
DEV,2936.5797222222195,302.0,90.513
DEV,2966.5797222222195,300.0,90.513
DEV,2992.9797222222196,297.0,90.513
DEV,3009.146388888886,291.0,90.513
DEV,3037.746388888886,286.0,90.513
DEV,3056.3463888888864,279.0,90.513
DEV,3068.7019444444422,278.0,90.513
DEV,3087.235277777775,278.0,90.513
DEV,3102.67972222222,278.0,90.513
DEV,3118.1797222222194,279.0,90.513
DEV,3136.7130555555527,278.0,90.513
DEV,3155.1691666666643,278.0,90.513
DEV,3183.269166666664,281.0,90.513
DEV,3195.758055555553,281.0,90.513
DEV,3211.558888888886,283.0,90.513
DEV,3233.725555555553,285.0,90.513
DEV,3246.4366666666638,286.0,90.513
DEV,3265.5033333333304,286.0,90.513
DEV,3300.8255555555525,289.0,90.513
DEV,3316.881111111108,289.0,90.513
DEV,3349.214444444441,291.0,90.513
DEV,3365.381111111108,291.0,90.513
DEV,3388.169999999997,293.0,90.513
DEV,3414.214444444441,293.0,90.513
DEV,3446.992222222219,295.0,90.513
DEV,3466.7255555555525,296.0,90.513
DEV,3479.8811111111077,296.0,90.513
DEV,3496.381111111108,297.0,90.513
DEV,3512.8811111111077,297.0,90.513
DEV,3529.381111111108,297.0,90.513
DEV,3552.558888888886,298.0,90.513
DEV,3569.1144444444412,298.0,90.513
DEV,3582.3588888888858,298.0,90.513
DEV,3673.5144444444413,293.0,90.513
DEV,3696.1444444444414,292.0,90.513
DEV,3712.366666666663,292.0,90.513
DEV,3741.2666666666632,289.0,90.513
DEV,3763.7466666666633,288.0,90.513
DEV,3791.946666666664,282.0,90.513
DEV,3804.2577777777747,277.0,90.513
DEV,3822.2577777777747,270.0,90.513
DEV,3853.1799999999967,253.0,90.513
DEV,3870.0466666666634,253.0,90.513
DEV,3888.6355555555524,239.0,90.513
DEV,3916.1355555555524,225.0,90.513
DEV,3930.3355555555527,213.0,90.513
DEV,3941.9466666666635,209.0,90.513
DEV,3955.6133333333305,205.0,90.513
DEV,3964.768888888886,206.0,90.513
DEV,3976.213333333331,206.0,90.513
DEV,3987.6577777777757,206.0,90.513
DEV,4001.4577777777754,207.0,90.513
DEV,4025.1244444444424,213.0,90.513
DEV,4034.7688888888865,217.0,90.513
DEV,4047.10222222222,222.0,90.513
DEV,4064.8355555555536,228.0,90.513
DEV,4080.30222222222,232.0,90.513
DEV,4096.235555555553,239.0,90.513
DEV,4115.135555555553,243.0,90.513
DEV,4131.668888888887,248.0,90.513
DEV,4142.6911111111085,248.0,90.513
DEV,4156.56583333333,251.0,90.513
DEV,4188.415833333331,260.0,90.513
DEV,4203.026944444441,263.0,90.513
DEV,4235.660277777774,267.0,90.513
DEV,4247.615833333331,269.0,90.513
DEV,4284.282499999997,275.0,90.513
DEV,4302.749166666664,277.0,90.513
DEV,4327.6380555555525,280.0,90.513
DEV,4343.249166666664,281.0,90.513
DEV,4362.11583333333,283.0,90.513
DEV,4374.738055555553,284.0,90.513
DEV,4397.060277777775,287.0,90.513
DEV,4409.860277777774,288.0,90.513
DEV,4429.193611111107,290.0,90.513
DEV,4448.526944444441,290.0,90.513
DEV,4468.060277777774,293.0,90.513
DEV,4494.193611111107,294.0,90.513
DEV,4517.138055555552,295.0,90.513
DEV,4536.871388888886,296.0,90.513
DEV,4563.271388888886,297.0,90.513
DEV,4589.760277777775,298.0,90.513
DEV,4609.693611111107,299.0,90.513
DEV,4636.271388888885,299.0,90.513
DEV,4666.371388888885,301.0,90.513
DEV,4703.160277777775,301.0,90.513
DEV,4723.2936111111085,302.0,90.513
DEV,4743.493611111108,303.0,90.513
DEV,4756.960277777775,303.0,90.513
DEV,4773.849166666663,304.0,90.513
DEV,4800.871388888886,304.0,90.513
DEV,4814.382499999997,304.0,90.513
DEV,4827.938055555553,305.0,90.513
DEV,4848.271388888887,305.0,90.513
DEV,4871.993611111109,305.0,90.513
DEV,4902.215833333331,272.0,90.513
DEV,4918.9491666666645,251.0,90.513
DEV,4929.882499999998,246.0,90.513
DEV,4945.215833333331,230.0,90.513
DEV,4960.082499999998,223.0,90.513
DEV,4983.860277777775,214.0,90.513
DEV,4997.926944444443,211.0,90.513
DEV,5007.082499999998,206.0,90.513
DEV,5018.415833333332,204.0,90.513
DEV,5034.20472222222,203.0,90.513
DEV,5043.226944444443,203.0,90.513
DEV,5066.338055555553,208.0,90.513
DEV,5077.893611111109,208.0,90.513
DEV,5092.2936111111085,216.0,90.513
DEV,5117.182499999998,224.0,90.513
DEV,5145.47361111111,232.0,90.513
DEV,5166.784444444443,239.0,90.513
DEV,5183.184444444442,246.0,90.513
DEV,5208.384444444442,252.0,90.513
DEV,5225.584444444442,258.0,90.513
DEV,5242.9844444444425,261.0,90.513
DEV,5260.651111111109,265.0,90.513
DEV,5278.45111111111,267.0,90.513
DEV,5299.606666666664,272.0,90.513
DEV,5314.884444444442,275.0,90.513
DEV,5330.217777777776,276.0,90.513
DEV,5345.66222222222,278.0,90.513
DEV,5361.217777777776,280.0,90.513
DEV,5378.351111111109,257.0,90.513
DEV,5390.351111111109,216.0,90.513
DEV,5398.928888888887,193.0,90.513
DEV,5411.606666666665,163.0,90.513
DEV,5423.039999999998,147.0,90.513
DEV,5430.595555555554,136.0,90.513
DEV,5438.66222222222,121.0,90.513
DEV,5447.217777777776,110.0,90.513
DEV,5453.051111111109,105.0,90.513
DEV,5459.584444444442,98.0,90.513
DEV,5465.717777777775,92.0,90.513
DEV,5472.328888888886,85.0,90.513
DEV,5476.884444444441,82.0,90.513
DEV,5482.084444444441,78.0,90.513
DEV,5486.528888888885,80.0,90.513
DEV,5493.817777777775,82.0,90.513
DEV,5499.951111111108,92.0,90.513
DEV,5506.617777777775,100.0,90.513
DEV,5513.284444444442,100.0,90.513
DEV,5522.351111111108,102.0,90.513
DEV,5534.939999999998,103.0,90.513
DEV,5542.073333333331,107.0,90.513
DEV,5555.184444444442,118.0,90.513
DEV,5569.295555555553,127.0,90.513
DEV,5576.739999999997,134.0,90.513
DEV,5583.0066666666635,141.0,90.513
DEV,5598.806666666664,158.0,90.513
DEV,5612.028888888886,170.0,90.513
DEV,5623.56222222222,173.0,90.513
DEV,5631.784444444442,185.0,90.513
DEV,5646.406666666664,188.0,90.513
DEV,5666.906666666664,205.0,90.513
DEV,5683.473333333331,213.0,90.513
DEV,5705.87333333333,224.0,90.513
DEV,5721.07333333333,228.0,90.513
DEV,5733.962222222219,232.0,90.513
DEV,5763.539999999996,242.0,90.513
DEV,5774.38444444444,244.0,90.513
DEV,5802.38444444444,252.0,90.513
MAG,0.9027777777777777,250.0,92.378
MAG,18.102777777777778,258.0,92.378
MAG,41.480555555555554,263.0,92.378
MAG,59.28055555555555,267.0,92.378
MAG,80.20277777777777,269.0,92.378
MAG,92.29166666666666,272.0,92.378
MAG,119.71527777777779,275.0,92.378
MAG,141.41527777777776,279.0,92.378
MAG,160.1486111111111,281.0,92.378
MAG,191.70416666666665,284.0,92.378
MAG,220.40416666666664,287.0,92.378
MAG,236.40416666666664,288.0,92.378
MAG,268.73749999999995,291.0,92.378
MAG,291.52638888888885,293.0,92.378
MAG,307.91527777777776,295.0,92.378
MAG,324.3041666666666,295.0,92.378
MAG,357.19305555555553,296.0,92.378
MAG,373.6375,296.0,92.378
MAG,409.2041666666666,291.0,92.378
MAG,425.31527777777774,290.0,92.378
MAG,438.11527777777775,288.0,92.378
MAG,460.4375,287.0,92.378
MAG,482.83944444444444,287.0,92.378
MAG,505.2394444444445,288.0,92.378
MAG,518.0394444444445,288.0,92.378
MAG,534.0394444444444,288.0,92.378
MAG,546.9283333333333,290.0,92.378
MAG,566.3283333333333,291.0,92.378
MAG,579.2616666666667,291.0,92.378
MAG,595.4283333333333,291.0,92.378
MAG,621.2949999999998,291.0,92.378
MAG,647.0808333333332,291.0,92.378
MAG,660.0141666666666,291.0,92.378
MAG,676.1252777777777,290.0,92.378
MAG,692.2919444444443,291.0,92.378
MAG,721.3919444444444,291.0,92.378
MAG,734.3697222222222,292.0,92.378
MAG,766.8141666666666,292.0,92.378
MAG,779.6141666666665,288.0,92.378
MAG,791.7474999999998,273.0,92.378
MAG,802.6363888888887,245.0,92.378
MAG,818.9697222222221,210.0,92.378
MAG,830.1363888888887,201.0,92.378
MAG,839.9141666666665,176.0,92.378
MAG,853.058611111111,169.0,92.378
MAG,867.158611111111,141.0,92.378
MAG,874.7697222222221,137.0,92.378
MAG,881.7697222222221,126.0,92.378
MAG,889.7697222222221,120.0,92.378
MAG,898.6363888888887,114.0,92.378
MAG,909.5666666666665,109.0,92.378
MAG,918.1999999999998,111.0,92.378
MAG,926.9888888888887,113.0,92.378
MAG,936.3222222222221,120.0,92.378
MAG,949.8222222222221,135.0,92.378
MAG,956.0444444444443,140.0,92.378
MAG,962.7555555555554,151.0,92.378
MAG,974.8888888888887,156.0,92.378
MAG,986.1666666666665,145.0,92.378
MAG,999.3299999999998,132.0,92.378
MAG,1009.3744444444443,113.0,92.378
MAG,1015.2077777777776,105.0,92.378
MAG,1023.652222222222,95.0,92.378
MAG,1027.7855555555554,93.0,92.378
MAG,1033.9188888888887,92.0,92.378
MAG,1038.974444444444,91.0,92.378
MAG,1043.063333333333,92.0,92.378
MAG,1047.3299999999997,96.0,92.378
MAG,1052.8855555555554,100.0,92.378
MAG,1062.3966666666665,107.0,92.378
MAG,1067.241111111111,109.0,92.378
MAG,1073.6855555555555,116.0,92.378
MAG,1082.1522222222222,127.0,92.378
MAG,1087.9744444444445,131.0,92.378
MAG,1095.8077777777778,141.0,92.378
MAG,1108.018888888889,157.0,92.378
MAG,1131.4008333333334,175.0,92.378
MAG,1139.756388888889,188.0,92.378
MAG,1157.4452777777778,199.0,92.378
MAG,1176.0230555555556,209.0,92.378
MAG,1200.5786111111113,221.0,92.378
MAG,1210.5786111111113,225.0,92.378
MAG,1239.3008333333335,235.0,92.378
MAG,1269.0008333333335,243.0,92.378
MAG,1285.465277777778,248.0,92.378
MAG,1296.5763888888891,250.0,92.378
MAG,1325.3541666666667,259.0,92.378
MAG,1357.6208333333334,264.0,92.378
MAG,1384.7208333333333,271.0,92.378
MAG,1402.9208333333331,273.0,92.378
MAG,1418.2541666666666,276.0,92.378
MAG,1455.720833333333,281.0,92.378
MAG,1474.5874999999999,283.0,92.378
MAG,1506.3652777777775,286.0,92.378
MAG,1519.120833333333,287.0,92.378
MAG,1538.3874999999998,289.0,92.378
MAG,1551.3208333333332,291.0,92.378
MAG,1564.2541666666666,291.0,92.378
MAG,1577.2319444444445,292.0,92.378
MAG,1606.8138888888886,295.0,92.378
MAG,1633.2138888888887,297.0,92.378
MAG,1653.0805555555555,298.0,92.378
MAG,1666.2805555555556,297.0,92.378
MAG,1689.6138888888886,300.0,92.378
MAG,1709.6138888888888,300.0,92.378
MAG,1733.1027777777774,302.0,92.378
MAG,1756.5916666666665,302.0,92.378
MAG,1770.0583333333332,303.0,92.378
MAG,1796.9916666666666,303.0,92.378
MAG,1816.9747222222222,301.0,92.378
MAG,1840.385833333333,301.0,92.378
MAG,1859.5191666666665,287.0,92.378
MAG,1879.1969444444444,253.0,92.378
MAG,1892.2524999999998,235.0,92.378
MAG,1914.9524999999999,227.0,92.378
MAG,1926.563611111111,209.0,92.378
MAG,1942.8302777777776,183.0,92.378
MAG,1954.4969444444444,175.0,92.378
MAG,1967.4080555555554,166.0,92.378
MAG,1980.0080555555555,162.0,92.378
MAG,1990.4080555555554,156.0,92.378
MAG,2002.1525,151.0,92.378
MAG,2015.2191666666665,147.0,92.378
MAG,2025.1524999999997,149.0,92.378
MAG,2032.0413888888888,155.0,92.378
MAG,2044.998611111111,166.0,92.378
MAG,2060.909722222222,179.0,92.378
MAG,2077.5319444444444,187.0,92.378
MAG,2096.3541666666665,154.0,92.378
MAG,2104.298611111111,143.0,92.378
MAG,2110.4763888888883,139.0,92.378
MAG,2119.209722222222,131.0,92.378
MAG,2127.2763888888885,121.0,92.378
MAG,2132.5652777777773,119.0,92.378
MAG,2137.6763888888886,115.0,92.378
MAG,2142.6541666666662,112.0,92.378
MAG,2153.6236111111107,110.0,92.378
MAG,2159.790277777777,111.0,92.378
MAG,2167.3236111111105,113.0,92.378
MAG,2174.990277777777,115.0,92.378
MAG,2184.3236111111105,120.0,92.378
MAG,2201.9236111111104,132.0,92.378
MAG,2210.9236111111104,135.0,92.378
MAG,2220.5902777777774,145.0,92.378
MAG,2235.8902777777776,153.0,92.378
MAG,2243.045833333333,161.0,92.378
MAG,2260.145833333333,171.0,92.378
MAG,2270.145833333333,180.0,92.378
MAG,2287.1236111111107,191.0,92.378
MAG,2298.12361111111,198.0,92.378
MAG,2319.2822222222217,211.0,92.378
MAG,2328.9711111111105,218.0,92.378
MAG,2341.4155555555553,224.0,92.378
MAG,2367.4155555555553,234.0,92.378
MAG,2377.948888888889,237.0,92.378
MAG,2394.2155555555555,244.0,92.378
MAG,2405.148888888889,246.0,92.378
MAG,2427.637777777778,253.0,92.378
MAG,2438.971111111111,255.0,92.378
MAG,2453.3044444444445,258.0,92.378
MAG,2470.7711111111107,262.0,92.378
MAG,2491.382222222222,265.0,92.378
MAG,2521.307222222222,270.0,92.378
MAG,2536.362777777778,271.0,92.378
MAG,2548.5405555555553,274.0,92.378
MAG,2566.873888888889,275.0,92.378
MAG,2594.773888888889,279.0,92.378
MAG,2632.6405555555552,284.0,92.378
MAG,2648.4738888888887,285.0,92.378
MAG,2664.362777777778,286.0,92.378
MAG,2689.962777777778,288.0,92.378
MAG,2706.0738888888886,290.0,92.378
MAG,2722.2405555555556,291.0,92.378
MAG,2741.7072222222223,292.0,92.378
MAG,2758.0405555555553,294.0,92.378
MAG,2777.6405555555557,294.0,92.378
MAG,2797.389166666667,295.0,92.378
MAG,2813.8336111111116,296.0,92.378
MAG,2830.2780555555555,296.0,92.378
MAG,2850.0780555555557,297.0,92.378
MAG,2883.1891666666666,298.0,92.378
MAG,2899.800277777778,299.0,92.378
MAG,2916.4669444444444,300.0,92.378
MAG,2953.1336111111113,300.0,92.378
MAG,2976.4669444444444,300.0,92.378
MAG,2993.0780555555557,299.0,92.378
MAG,3012.8113888888893,296.0,92.378
MAG,3038.1541666666667,286.0,92.378
MAG,3053.7097222222224,280.0,92.378
MAG,3084.1541666666667,274.0,92.378
MAG,3099.3208333333337,273.0,92.378
MAG,3111.365277777778,271.0,92.378
MAG,3129.4319444444445,271.0,92.378
MAG,3141.520833333333,272.0,92.378
MAG,3153.6541666666667,273.0,92.378
MAG,3168.8763888888893,274.0,92.378
MAG,3184.1541666666667,275.0,92.378
MAG,3208.954166666667,279.0,92.378
MAG,3224.454166666667,279.0,92.378
MAG,3246.2319444444447,280.0,92.378
MAG,3268.243055555555,283.0,92.378
MAG,3287.109722222222,283.0,92.378
MAG,3302.9430555555555,285.0,92.378
MAG,3334.8002777777774,286.0,92.378
MAG,3357.2002777777775,288.0,92.378
MAG,3373.255833333333,289.0,92.378
MAG,3405.4780555555553,290.0,92.378
MAG,3441.044722222222,291.0,92.378
MAG,3467.0002777777777,292.0,92.378
MAG,3492.8669444444445,291.0,92.378
MAG,3505.889166666667,293.0,92.378
MAG,3525.355833333333,292.0,92.378
MAG,3541.5780555555557,292.0,92.378
MAG,3567.5411111111116,293.0,92.378
MAG,3583.818888888889,293.0,92.378
MAG,3609.8633333333332,293.0,92.378
MAG,3626.141111111111,293.0,92.378
MAG,3648.8522222222223,292.0,92.378
MAG,3671.563333333333,292.0,92.378
MAG,3705.541111111111,278.0,92.378
MAG,3717.8077777777776,276.0,92.378
MAG,3733.03,274.0,92.378
MAG,3754.03,270.0,92.378
MAG,3775.1077777777773,271.0,92.378
MAG,3801.007777777778,259.0,92.378
MAG,3811.8077777777776,243.0,92.378
MAG,3827.2744444444443,232.0,92.378
MAG,3846.266944444444,213.0,92.378
MAG,3862.2113888888885,205.0,92.378
MAG,3886.9002777777773,202.0,92.378
MAG,3910.1224999999995,209.0,92.378
MAG,3932.900277777778,205.0,92.378
MAG,3944.0669444444443,201.0,92.378
MAG,3967.7780555555555,194.0,92.378
MAG,3976.311388888889,192.0,92.378
MAG,3991.3224999999998,193.0,92.378
MAG,4011.0674999999997,198.0,92.378
MAG,4033.6230555555553,203.0,92.378
MAG,4042.911944444444,209.0,92.378
MAG,4062.289722222222,218.0,92.378
MAG,4087.511944444444,227.0,92.378
MAG,4113.8452777777775,237.0,92.378
MAG,4141.067499999999,245.0,92.378
MAG,4160.434166666665,249.0,92.378
MAG,4177.167499999999,251.0,92.378
MAG,4200.100833333331,258.0,92.378
MAG,4211.567499999997,258.0,92.378
MAG,4229.240833333331,264.0,92.378
MAG,4252.974166666664,267.0,92.378
MAG,4267.9186111111085,269.0,92.378
MAG,4279.9186111111085,270.0,92.378
MAG,4304.274166666663,274.0,92.378
MAG,4316.496388888886,275.0,92.378
MAG,4331.829722222218,276.0,92.378
MAG,4362.829722222218,279.0,92.378
MAG,4378.496388888885,282.0,92.378
MAG,4397.363055555551,283.0,92.378
MAG,4416.296388888885,284.0,92.378
MAG,4451.374166666663,287.0,92.378
MAG,4480.2741666666625,289.0,92.378
MAG,4518.860277777773,290.0,92.378
MAG,4548.060277777773,292.0,92.378
MAG,4567.593611111106,293.0,92.378
MAG,4587.12694444444,293.0,92.378
MAG,4613.43805555555,296.0,92.378
MAG,4626.593611111105,296.0,92.378
MAG,4646.260277777772,295.0,92.378
MAG,4662.704722222215,296.0,92.378
MAG,4679.14916666666,296.0,92.378
MAG,4705.460277777772,296.0,92.378
MAG,4721.960277777772,297.0,92.378
MAG,4745.06027777777,297.0,92.378
MAG,4781.5652777777705,298.0,92.378
MAG,4801.498611111105,299.0,92.378
MAG,4814.787499999993,299.0,92.378
MAG,4837.887499999993,297.0,92.378
MAG,4867.387499999993,295.0,92.378
MAG,4882.498611111105,272.0,92.378
MAG,4896.498611111104,252.0,92.378
MAG,4906.943055555549,235.0,92.378
MAG,4923.743055555549,216.0,92.378
MAG,4944.143055555549,204.0,92.378
MAG,4967.609722222215,192.0,92.378
MAG,4987.720833333326,181.0,92.378
MAG,5001.515833333326,178.0,92.378
MAG,5011.238055555547,175.0,92.378
MAG,5020.793611111103,172.0,92.378
MAG,5030.238055555547,170.0,92.378
MAG,5045.082499999992,167.0,92.378
MAG,5061.782499999992,167.0,92.378
MAG,5075.16027777777,172.0,92.378
MAG,5088.849166666658,176.0,92.378
MAG,5105.47138888888,187.0,92.378
MAG,5120.638055555547,195.0,92.378
MAG,5138.593611111102,202.0,92.378
MAG,5157.8536111111025,216.0,92.378
MAG,5170.0202777777695,219.0,92.378
MAG,5185.353611111103,230.0,92.378
MAG,5206.5091666666585,238.0,92.378
MAG,5228.198055555548,244.0,92.378
MAG,5253.398055555548,252.0,92.378
MAG,5267.564722222214,255.0,92.378
MAG,5284.8313888888815,259.0,92.378
MAG,5299.3313888888815,261.0,92.378
MAG,5311.064722222214,264.0,92.378
MAG,5325.8424999999925,266.0,92.378
MAG,5343.709166666658,268.0,92.378
MAG,5355.13138888888,257.0,92.378
MAG,5377.23138888888,221.0,92.378
MAG,5386.253611111103,203.0,92.378
MAG,5399.971111111103,177.0,92.378
MAG,5407.83777777777,177.0,92.378
MAG,5418.237777777769,156.0,92.378
MAG,5427.63777777777,141.0,92.378
MAG,5436.43777777777,132.0,92.378
MAG,5449.43777777777,117.0,92.378
MAG,5454.504444444437,114.0,92.378
MAG,5463.659999999992,103.0,92.378
MAG,5472.282222222214,97.0,92.378
MAG,5477.448888888881,93.0,92.378
MAG,5484.5266666666585,91.0,92.378
MAG,5493.752222222214,92.0,92.378
MAG,5499.30777777777,100.0,92.378
MAG,5506.50777777777,108.0,92.378
MAG,5514.174444444437,115.0,92.378
MAG,5526.50777777777,111.0,92.378
MAG,5531.396666666659,110.0,92.378
MAG,5538.596666666659,108.0,92.378
MAG,5546.841111111104,106.0,92.378
MAG,5557.741111111103,109.0,92.378
MAG,5562.585555555547,109.0,92.378
MAG,5570.118888888881,113.0,92.378
MAG,5575.274444444436,116.0,92.378
MAG,5581.996666666659,121.0,92.378
MAG,5589.274444444436,131.0,92.378
MAG,5595.274444444436,135.0,92.378
MAG,5606.629999999992,146.0,92.378
MAG,5626.384999999992,162.0,92.378
MAG,5637.851666666658,172.0,92.378
MAG,5647.629444444437,176.0,92.378
MAG,5657.851666666659,184.0,92.378
MAG,5675.45166666666,198.0,92.378
MAG,5689.118333333326,205.0,92.378
MAG,5710.818333333325,217.0,92.378
MAG,5728.240555555548,224.0,92.378
MAG,5748.773888888881,231.0,92.378
MAG,5775.395833333326,239.0,92.378
MAG,5791.662499999992,244.0,92.378
MAG,5813.973611111102,251.0,92.378
