Driver,Distance,Speed,LapTimeSec
VER,5.999166666666667,313.0,76.732
VER,23.499166666666667,315.0,76.732
VER,51.676944444444445,317.0,76.732
VER,83.57694444444445,319.0,76.732
VER,97.75472222222223,319.0,76.732
VER,115.58805555555556,321.0,76.732
VER,129.85472222222222,321.0,76.732
VER,154.97694444444446,323.0,76.732
VER,180.17694444444444,324.0,76.732
VER,212.67694444444442,325.0,76.732
VER,234.41027777777776,326.0,76.732
VER,248.89916666666667,326.0,76.732
VER,265.89916666666664,306.0,76.732
VER,278.1658333333333,276.0,76.732
VER,301.79999999999995,237.0,76.732
VER,313.9111111111111,218.0,76.732
VER,331.68888888888887,200.0,76.732
VER,342.4111111111111,193.0,76.732
VER,352.9111111111111,189.0,76.732
VER,363.4111111111111,189.0,76.732
VER,378.34444444444443,192.0,76.732
VER,394.0336111111111,201.0,76.732
VER,416.81138888888887,205.0,76.732
VER,428.75583333333327,215.0,76.732
VER,441.1447222222222,223.0,76.732
VER,456.2780555555555,227.0,76.732
VER,466.54472222222216,231.0,76.732
VER,482.3447222222221,237.0,76.732
VER,492.9224999999999,238.0,76.732
VER,503.6780555555555,242.0,76.732
VER,519.8780555555555,243.0,76.732
VER,536.4113888888888,248.0,76.732
VER,550.4113888888888,252.0,76.732
VER,576.1113888888889,257.0,76.732
VER,590.6113888888889,261.0,76.732
VER,620.5002777777778,269.0,76.732
VER,638.7669444444444,274.0,76.732
VER,651.0336111111111,276.0,76.732
VER,663.433611111111,279.0,76.732
VER,685.5224999999999,284.0,76.732
VER,701.4113888888887,286.0,76.732
VER,720.6780555555554,289.0,76.732
VER,739.9308333333332,290.0,76.732
VER,756.2086111111109,293.0,76.732
VER,772.5974999999997,295.0,76.732
VER,792.5308333333331,299.0,76.732
VER,809.2530555555554,301.0,76.732
VER,829.4530555555555,303.0,76.732
VER,853.2530555555554,306.0,76.732
VER,866.8974999999999,307.0,76.732
VER,897.9836111111111,310.0,76.732
VER,932.6502777777777,312.0,76.732
VER,950.0391666666667,313.0,76.732
VER,969.1058333333334,286.0,76.732
VER,990.1836111111112,271.0,76.732
VER,1004.5836111111112,216.0,76.732
VER,1015.9169444444444,204.0,76.732
VER,1027.6502777777778,176.0,76.732
VER,1044.7613888888889,154.0,76.732
VER,1053.6947222222223,134.0,76.732
VER,1068.361388888889,120.0,76.732
VER,1077.1502777777778,113.0,76.732
VER,1087.8502777777778,107.0,76.732
VER,1096.0947222222223,106.0,76.732
VER,1105.7836111111112,109.0,76.732
VER,1110.7169444444444,111.0,76.732
VER,1120.1280555555554,121.0,76.732
VER,1125.604722222222,124.0,76.732
VER,1144.9380555555554,145.0,76.732
VER,1163.2713888888889,165.0,76.732
VER,1172.604722222222,168.0,76.732
VER,1183.8713888888888,169.0,76.732
VER,1191.204722222222,165.0,76.732
VER,1200.249722222222,162.0,76.732
VER,1214.4719444444443,160.0,76.732
VER,1225.2052777777776,161.0,76.732
VER,1234.3163888888887,164.0,76.732
VER,1247.5386111111109,170.0,76.732
VER,1261.149722222222,175.0,76.732
VER,1273.549722222222,186.0,76.732
VER,1284.2719444444442,193.0,76.732
VER,1295.3274999999996,199.0,76.732
VER,1306.8274999999996,207.0,76.732
VER,1320.8274999999999,210.0,76.732
VER,1332.9941666666664,219.0,76.732
VER,1350.4941666666662,225.0,76.732
VER,1371.383055555555,235.0,76.732
VER,1401.2052777777774,244.0,76.732
VER,1414.8163888888885,245.0,76.732
VER,1439.7163888888883,249.0,76.732
VER,1462.1163888888884,252.0,76.732
VER,1479.0497222222218,254.0,76.732
VER,1493.271944444444,256.0,76.732
VER,1504.666944444444,258.0,76.732
VER,1521.9336111111108,259.0,76.732
VER,1548.2336111111108,263.0,76.732
VER,1563.0113888888886,266.0,76.732
VER,1574.9224999999997,268.0,76.732
VER,1599.1002777777774,272.0,76.732
VER,1623.6211111111108,275.0,76.732
VER,1642.1544444444442,278.0,76.732
VER,1670.1544444444442,280.0,76.732
VER,1689.021111111111,283.0,76.732
VER,1720.6877777777775,285.0,76.732
VER,1736.5766666666664,286.0,76.732
VER,1749.2877777777776,286.0,76.732
VER,1768.4877777777779,288.0,76.732
VER,1781.2877777777778,288.0,76.732
VER,1797.0655555555556,284.0,76.732
VER,1811.6766666666667,263.0,76.732
VER,1828.21,248.0,76.732
VER,1856.198888888889,229.0,76.732
VER,1874.087777777778,230.0,76.732
VER,1892.2877777777778,234.0,76.732
VER,1910.8766666666668,239.0,76.732
VER,1929.8544444444447,244.0,76.732
VER,1940.787777777778,246.0,76.732
VER,1957.2544444444445,247.0,76.732
VER,1971.2544444444445,252.0,76.732
VER,1982.498888888889,253.0,76.732
VER,2011.2047222222225,259.0,76.732
VER,2028.671388888889,262.0,76.732
VER,2046.3380555555557,265.0,76.732
VER,2070.249166666667,269.0,76.732
VER,2085.38,271.0,76.732
VER,2100.4355555555558,271.0,76.732
VER,2118.6355555555556,273.0,76.732
VER,2143.168888888889,276.0,76.732
VER,2167.88,278.0,76.732
VER,2186.4800000000005,279.0,76.732
VER,2202.0355555555557,280.0,76.732
VER,2220.835555555556,282.0,76.732
VER,2252.3911111111115,284.0,76.732
VER,2274.4800000000005,284.0,76.732
VER,2296.6466666666674,285.0,76.732
VER,2318.96888888889,287.0,76.732
VER,2331.7688888888897,288.0,76.732
VER,2357.4577777777786,289.0,76.732
VER,2370.3022222222235,289.0,76.732
VER,2386.4133333333343,290.0,76.732
VER,2405.8133333333344,291.0,76.732
VER,2444.7466666666683,292.0,76.732
VER,2457.724444444446,292.0,76.732
VER,2483.76888888889,293.0,76.732
VER,2506.635555555557,294.0,76.732
VER,2536.2530555555572,297.0,76.732
VER,2559.5863888888903,300.0,76.732
VER,2593.3641666666686,304.0,76.732
VER,2607.0044444444457,305.0,76.732
VER,2624.004444444446,306.0,76.732
VER,2637.6933333333345,308.0,76.732
VER,2658.226666666668,308.0,76.732
VER,2678.9600000000014,311.0,76.732
VER,2696.293333333335,312.0,76.732
VER,2720.560000000001,312.0,76.732
VER,2738.0044444444457,314.0,76.732
VER,2751.960000000001,314.0,76.732
VER,2776.537777777779,316.0,76.732
VER,2794.1488888888903,317.0,76.732
VER,2829.4822222222233,318.0,76.732
VER,2857.8377777777787,319.0,76.732
VER,2889.8377777777787,320.0,76.732
VER,2907.6155555555565,320.0,76.732
VER,2925.4488888888895,321.0,76.732
VER,2939.7155555555564,321.0,76.732
VER,2957.604444444445,322.0,76.732
VER,2996.960000000001,322.0,76.732
VER,3018.493333333334,323.0,76.732
VER,3036.4377777777786,323.0,76.732
VER,3054.3822222222234,323.0,76.732
VER,3147.8922222222227,324.0,76.732
VER,3165.892222222223,324.0,76.732
VER,3180.2922222222237,324.0,76.732
VER,3201.9822222222238,324.0,76.732
VER,3222.9155555555567,314.0,76.732
VER,3242.5822222222237,295.0,76.732
VER,3275.337777777779,268.0,76.732
VER,3287.115555555557,265.0,76.732
VER,3301.6155555555565,261.0,76.732
VER,3324.371111111112,256.0,76.732
VER,3341.5711111111123,258.0,76.732
VER,3358.9044444444457,260.0,76.732
VER,3376.104444444446,258.0,76.732
VER,3398.860000000001,256.0,76.732
VER,3421.437777777779,254.0,76.732
VER,3447.1377777777793,257.0,76.732
VER,3467.04888888889,256.0,76.732
VER,3478.6488888888903,261.0,76.732
VER,3490.2044444444455,260.0,76.732
VER,3504.7044444444455,261.0,76.732
VER,3525.237777777779,264.0,76.732
VER,3555.460000000001,272.0,76.732
VER,3567.7266666666674,276.0,76.732
VER,3583.171111111112,278.0,76.732
VER,3601.9044444444457,281.0,76.732
VER,3614.447777777779,284.0,76.732
VER,3646.5588888888897,289.0,76.732
VER,3659.4922222222235,291.0,76.732
VER,3678.9588888888898,292.0,76.732
VER,3698.6405555555566,294.0,76.732
VER,3711.751666666668,295.0,76.732
VER,3735.0072222222234,299.0,76.732
VER,3755.007222222223,300.0,76.732
VER,3785.3072222222227,303.0,76.732
VER,3805.640555555556,305.0,76.732
VER,3888.8405555555564,312.0,76.732
VER,3906.17388888889,312.0,76.732
VER,3937.57388888889,314.0,76.732
VER,3965.662777777779,316.0,76.732
VER,3993.3961111111125,312.0,76.732
VER,4006.6850000000013,299.0,76.732
VER,4023.2183333333346,248.0,76.732
VER,4033.57388888889,233.0,76.732
VER,4050.5516666666676,191.0,76.732
VER,4061.4183333333344,163.0,76.732
VER,4072.6961111111123,145.0,76.732
VER,4080.2516666666675,136.0,76.732
VER,4089.1183333333342,133.0,76.732
VER,4097.185000000001,121.0,76.732
VER,4106.407500000001,119.0,76.732
VER,4114.474166666668,121.0,76.732
VER,4119.89638888889,122.0,76.732
VER,4129.965555555556,129.0,76.732
VER,4137.6322222222225,138.0,76.732
VER,4149.532222222222,153.0,76.732
VER,4158.587777777778,163.0,76.732
VER,4174.143333333333,175.0,76.732
VER,4190.765555555556,187.0,76.732
VER,4210.865555555556,201.0,76.732
VER,4220.065555555556,207.0,76.732
VER,4231.732222222223,210.0,76.732
VER,4251.465555555556,222.0,76.732
VER,4261.421111111112,224.0,76.732
VER,4271.59888888889,229.0,76.732
VER,4281.954444444445,233.0,76.732
VER,4297.821111111111,238.0,76.732
VER,4311.21,241.0,76.732
VER,4334.81,236.0,76.732
VER,4355.610000000001,234.0,76.732
VER,4376.232222222223,232.0,76.732
VER,4386.587777777778,233.0,76.732
VER,4396.898888888889,232.0,76.732
VER,4414.943333333333,232.0,76.732
VER,4427.943333333333,234.0,76.732
VER,4438.432222222222,236.0,76.732
VER,4451.765555555555,240.0,76.732
VER,4467.965555555555,243.0,76.732
VER,4487.263055555554,249.0,76.732
VER,4498.41861111111,251.0,76.732
VER,4509.663055555555,253.0,76.732
VER,4526.991388888889,222.0,76.732
VER,4536.413611111111,212.0,76.732
VER,4550.413611111111,180.0,76.732
VER,4565.213611111111,148.0,76.732
VER,4572.824722222223,137.0,76.732
VER,4579.880277777778,127.0,76.732
VER,4585.302500000001,122.0,76.732
VER,4594.0136111111115,112.0,76.732
VER,4602.1025,104.0,76.732
VER,4607.769166666666,102.0,76.732
VER,4615.313611111111,97.0,76.732
VER,4624.291388888889,101.0,76.732
VER,4628.913611111111,104.0,76.732
VER,4634.913611111111,108.0,76.732
VER,4643.780277777778,114.0,76.732
VER,4652.1802777777775,126.0,76.732
VER,4668.735833333333,149.0,76.732
VER,4685.135833333333,164.0,76.732
VER,4696.535833333332,171.0,76.732
VER,4706.202499999999,174.0,76.732
VER,4722.11361111111,179.0,76.732
VER,4738.202499999999,181.0,76.732
VER,4754.646944444444,185.0,76.732
VER,4765.146944444444,189.0,76.732
VER,4778.225555555555,197.0,76.732
VER,4787.1144444444435,200.0,76.732
VER,4800.904999999999,206.0,76.732
VER,4815.104999999999,213.0,76.732
VER,4827.21611111111,218.0,76.732
VER,4839.604999999999,223.0,76.732
VER,4852.327222222221,229.0,76.732
VER,4865.327222222221,234.0,76.732
VER,4889.727222222221,244.0,76.732
VER,4903.560555555555,249.0,76.732
VER,4926.31611111111,256.0,76.732
VER,4946.693888888888,262.0,76.732
VER,4964.427222222221,266.0,76.732
VER,4985.582777777777,272.0,76.732
VER,5000.860555555555,275.0,76.732
VER,5013.260555555555,279.0,76.732
VER,5032.060555555556,282.0,76.732
VER,5044.682777777778,284.0,76.732
VER,5063.816111111111,287.0,76.732
VER,5083.149444444445,290.0,76.732
VER,5106.016111111111,294.0,76.732
VER,5122.460555555555,296.0,76.732
VER,5152.560555555556,301.0,76.732
VER,5189.838333333333,305.0,76.732
VER,5217.216111111112,308.0,76.732
RUS,3.2933333333333334,312.0,76.968
RUS,20.737777777777776,314.0,76.968
RUS,34.73777777777778,315.0,76.968
RUS,55.80444444444444,316.0,76.968
RUS,76.8711111111111,316.0,76.968
RUS,94.42666666666666,316.0,76.968
RUS,119.39333333333333,321.0,76.968
RUS,137.22666666666666,321.0,76.968
RUS,151.4933333333333,321.0,76.968
RUS,176.61555555555555,323.0,76.968
RUS,194.55999999999997,323.0,76.968
RUS,230.44888888888886,323.0,76.968
RUS,258.9822222222222,321.0,76.968
RUS,285.1822222222222,262.0,76.968
RUS,298.23777777777775,235.0,76.968
RUS,310.2933333333333,217.0,76.968
RUS,319.31555555555553,203.0,76.968
RUS,330.20444444444445,196.0,76.968
RUS,353.06,187.0,76.968
RUS,365.1933333333333,182.0,76.968
RUS,375.36,183.0,76.968
RUS,385.7488888888889,187.0,76.968
RUS,448.95472222222224,219.0,76.968
RUS,461.34361111111116,223.0,76.968
RUS,471.34361111111116,225.0,76.968
RUS,486.8077777777778,231.0,76.968
RUS,502.4744444444445,235.0,76.968
RUS,518.5411111111111,241.0,76.968
RUS,548.73,247.0,76.968
RUS,559.7966666666667,249.0,76.968
RUS,573.7966666666667,252.0,76.968
RUS,596.818888888889,259.0,76.968
RUS,614.4855555555556,265.0,76.968
RUS,632.4855555555555,270.0,76.968
RUS,650.6188888888888,272.0,76.968
RUS,675.1522222222221,276.0,76.968
RUS,700.2188888888888,282.0,76.968
RUS,729.0188888888888,288.0,76.968
RUS,751.73,292.0,76.968
RUS,764.7077777777778,292.0,76.968
RUS,777.7744444444445,294.0,76.968
RUS,794.2188888888888,296.0,76.968
RUS,817.4744444444443,299.0,76.968
RUS,851.0299999999999,302.0,76.968
RUS,864.4522222222221,302.0,76.968
RUS,881.2855555555553,303.0,76.968
RUS,901.6188888888887,305.0,76.968
RUS,915.1338888888888,306.0,76.968
RUS,949.3561111111111,308.0,76.968
RUS,962.9561111111111,306.0,76.968
RUS,981.5561111111111,279.0,76.968
RUS,997.0202777777778,231.0,76.968
RUS,1006.7091666666666,218.0,76.968
RUS,1020.8647222222222,182.0,76.968
RUS,1031.3313888888888,157.0,76.968
RUS,1045.4313888888887,141.0,76.968
RUS,1054.0313888888886,129.0,76.968
RUS,1083.8980555555554,112.0,76.968
RUS,1089.8424999999997,107.0,76.968
RUS,1100.7424999999998,109.0,76.968
RUS,1110.964722222222,115.0,76.968
RUS,1121.8091666666664,122.0,76.968
RUS,1127.5424999999998,129.0,76.968
RUS,1136.7424999999998,138.0,76.968
RUS,1143.3202777777776,148.0,76.968
RUS,1156.8313888888888,152.0,76.968
RUS,1167.8980555555554,166.0,76.968
RUS,1180.8091666666667,166.0,76.968
RUS,1189.9202777777778,164.0,76.968
RUS,1200.8536111111111,164.0,76.968
RUS,1211.7869444444443,164.0,76.968
RUS,1224.8069444444443,168.0,76.968
RUS,1236.273611111111,172.0,76.968
RUS,1244.1402777777776,177.0,76.968
RUS,1258.8147222222221,188.0,76.968
RUS,1269.5925,194.0,76.968
RUS,1285.1480555555556,200.0,76.968
RUS,1296.5925,206.0,76.968
RUS,1315.9702777777777,218.0,76.968
RUS,1336.1480555555554,227.0,76.968
RUS,1359.5480555555553,234.0,76.968
RUS,1370.1702777777775,239.0,76.968
RUS,1383.6702777777775,243.0,76.968
RUS,1405.625833333333,247.0,76.968
RUS,1416.6924999999997,249.0,76.968
RUS,1427.7591666666663,249.0,76.968
RUS,1438.9591666666663,252.0,76.968
RUS,1455.8924999999995,254.0,76.968
RUS,1470.1147222222216,256.0,76.968
RUS,1496.014722222222,259.0,76.968
RUS,1519.3036111111105,262.0,76.968
RUS,1542.948055555555,266.0,76.968
RUS,1554.8147222222217,267.0,76.968
RUS,1566.6813888888885,267.0,76.968
RUS,1587.4480555555551,267.0,76.968
RUS,1602.6702777777773,274.0,76.968
RUS,1614.936944444444,276.0,76.968
RUS,1630.3258333333329,277.0,76.968
RUS,1648.925833333333,279.0,76.968
RUS,1670.625833333333,280.0,76.968
RUS,1683.0702777777774,280.0,76.968
RUS,1695.5147222222217,280.0,76.968
RUS,1717.760555555555,285.0,76.968
RUS,1730.4272222222216,285.0,76.968
RUS,1752.5938888888884,285.0,76.968
RUS,1781.0938888888884,285.0,76.968
RUS,1796.760555555555,282.0,76.968
RUS,1811.0383333333327,257.0,76.968
RUS,1821.9272222222216,245.0,76.968
RUS,1840.360555555555,237.0,76.968
RUS,1858.560555555555,234.0,76.968
RUS,1871.560555555555,234.0,76.968
RUS,1889.9161111111105,236.0,76.968
RUS,1911.071666666666,238.0,76.968
RUS,1921.7383333333328,240.0,76.968
RUS,1935.4605555555552,247.0,76.968
RUS,1954.9049999999995,250.0,76.968
RUS,1971.7049999999997,252.0,76.968
RUS,2000.2605555555551,257.0,76.968
RUS,2026.660555555555,264.0,76.968
RUS,2044.4605555555552,267.0,76.968
RUS,2059.4049999999997,269.0,76.968
RUS,2083.4049999999997,270.0,76.968
RUS,2107.760555555555,274.0,76.968
RUS,2132.2938888888884,276.0,76.968
RUS,2147.6272222222215,276.0,76.968
RUS,2166.083333333333,278.0,76.968
RUS,2178.4833333333327,279.0,76.968
RUS,2197.1608333333324,279.0,76.968
RUS,2215.760833333333,279.0,76.968
RUS,2231.4275,282.0,76.968
RUS,2247.205277777777,284.0,76.968
RUS,2263.0386111111106,285.0,76.968
RUS,2278.9830555555545,287.0,76.968
RUS,2307.883055555555,289.0,76.968
RUS,2323.994166666666,290.0,76.968
RUS,2349.8608333333327,291.0,76.968
RUS,2372.571944444444,292.0,76.968
RUS,2392.1719444444443,294.0,76.968
RUS,2415.038611111111,294.0,76.968
RUS,2431.4275,295.0,76.968
RUS,2444.583055555556,296.0,76.968
RUS,2464.316388888889,296.0,76.968
RUS,2477.516388888889,297.0,76.968
RUS,2497.3163888888894,297.0,76.968
RUS,2517.1830555555557,298.0,76.968
RUS,2540.438611111111,299.0,76.968
RUS,2557.2719444444447,303.0,76.968
RUS,2587.7719444444447,305.0,76.968
RUS,2625.2941666666666,307.0,76.968
RUS,2652.7608333333333,309.0,76.968
RUS,2673.494166666667,311.0,76.968
RUS,2697.7608333333337,312.0,76.968
RUS,2728.9738888888887,313.0,76.968
RUS,2749.994444444444,314.0,76.968
RUS,2763.95,314.0,76.968
RUS,2777.9499999999994,315.0,76.968
RUS,2802.4499999999994,315.0,76.968
RUS,2841.072222222222,316.0,76.968
RUS,2869.1611111111106,316.0,76.968
RUS,2893.816666666666,317.0,76.968
RUS,2907.95,318.0,76.968
RUS,2929.15,318.0,76.968
RUS,2943.2833333333333,318.0,76.968
RUS,2957.4166666666665,318.0,76.968
RUS,2978.616666666667,318.0,76.968
RUS,3003.427777777778,319.0,76.968
RUS,3042.538888888889,320.0,76.968
RUS,3060.3166666666666,320.0,76.968
RUS,3078.0944444444444,320.0,76.968
RUS,3095.816666666666,319.0,76.968
RUS,3131.0388888888883,317.0,76.968
RUS,3148.594444444444,316.0,76.968
RUS,3169.594444444444,315.0,76.968
RUS,3190.527777777777,314.0,76.968
RUS,3211.3944444444437,313.0,76.968
RUS,3228.1166666666663,301.0,76.968
RUS,3255.5166666666664,274.0,76.968
RUS,3270.405555555555,268.0,76.968
RUS,3281.8005555555555,258.0,76.968
RUS,3304.1813888888887,251.0,76.968
RUS,3329.081388888889,249.0,76.968
RUS,3357.525833333333,256.0,76.968
RUS,3368.8147222222224,254.0,76.968
RUS,3394.1147222222226,253.0,76.968
RUS,3405.3147222222224,252.0,76.968
RUS,3430.514722222222,252.0,76.968
RUS,3461.9258333333337,257.0,76.968
RUS,3473.3480555555557,257.0,76.968
RUS,3505.4925,263.0,76.968
RUS,3517.2258333333334,264.0,76.968
RUS,3532.114722222222,268.0,76.968
RUS,3547.2258333333334,272.0,76.968
RUS,3562.5036111111112,275.0,76.968
RUS,3577.948055555555,278.0,76.968
RUS,3593.5591666666664,281.0,76.968
RUS,3609.281388888888,283.0,76.968
RUS,3625.1147222222216,285.0,76.968
RUS,3644.314722222222,288.0,76.968
RUS,3660.425833333333,290.0,76.968
RUS,3680.025833333333,294.0,76.968
RUS,3693.0925,294.0,76.968
RUS,3709.536944444444,296.0,76.968
RUS,3729.4702777777775,299.0,76.968
RUS,3749.4702777777775,300.0,76.968
RUS,3772.881388888888,301.0,76.968
RUS,3786.3036111111105,302.0,76.968
RUS,3823.581388888888,305.0,76.968
RUS,3857.80361111111,308.0,76.968
RUS,3874.970277777777,309.0,76.968
RUS,3895.636944444444,310.0,76.968
RUS,3916.3702777777767,311.0,76.968
RUS,3930.2369444444435,312.0,76.968
RUS,3951.1036111111102,313.0,76.968
RUS,3982.40361111111,313.0,76.968
RUS,3996.00361111111,306.0,76.968
RUS,4018.6702777777764,255.0,76.968
RUS,4042.7480555555544,197.0,76.968
RUS,4050.5702777777765,176.0,76.968
RUS,4061.2369444444435,160.0,76.968
RUS,4070.7702777777768,143.0,76.968
RUS,4082.4147222222214,131.0,76.968
RUS,4097.448055555555,123.0,76.968
RUS,4104.281388888888,123.0,76.968
RUS,4111.059166666666,122.0,76.968
RUS,4118.114722222222,127.0,76.968
RUS,4127.114722222222,135.0,76.968
RUS,4133.248055555555,138.0,76.968
RUS,4139.381388888888,138.0,76.968
RUS,4149.848055555555,157.0,76.968
RUS,4165.225833333333,173.0,76.968
RUS,4186.448055555555,191.0,76.968
RUS,4197.059166666666,191.0,76.968
RUS,4210.392499999999,200.0,76.968
RUS,4222.00361111111,209.0,76.968
RUS,4244.103611111111,221.0,76.968
RUS,4256.659166666666,226.0,76.968
RUS,4272.059166666666,231.0,76.968
RUS,4293.036944444444,236.0,76.968
RUS,4303.659166666666,239.0,76.968
RUS,4319.5925,239.0,76.968
RUS,4330.081388888889,236.0,76.968
RUS,4343.081388888889,234.0,76.968
RUS,4360.8925,229.0,76.968
RUS,4386.114722222223,227.0,76.968
RUS,4398.781388888889,228.0,76.968
RUS,4408.9591666666665,229.0,76.968
RUS,4432.559166666667,236.0,76.968
RUS,4462.014722222222,241.0,76.968
RUS,4480.759166666667,241.0,76.968
RUS,4499.814722222222,245.0,76.968
RUS,4521.770277777778,247.0,76.968
RUS,4540.981388888888,247.0,76.968
RUS,4554.5925,245.0,76.968
RUS,4567.036944444444,160.0,76.968
RUS,4578.159166666666,143.0,76.968
RUS,4585.492499999999,132.0,76.968
RUS,4595.536944444443,113.0,76.968
RUS,4606.036944444443,105.0,76.968
RUS,4613.736944444443,99.0,76.968
RUS,4617.914722222221,94.0,76.968
RUS,4637.181388888887,102.0,76.968
RUS,4649.848055555554,114.0,76.968
RUS,4664.51472222222,132.0,76.968
RUS,4672.459166666665,143.0,76.968
RUS,4690.570277777776,163.0,76.968
RUS,4700.01472222222,170.0,76.968
RUS,4717.814722222221,178.0,76.968
RUS,4731.892499999998,181.0,76.968
RUS,4739.9813888888875,182.0,76.968
RUS,4760.870277777776,188.0,76.968
RUS,4773.670277777776,192.0,76.968
RUS,4784.61472222222,197.0,76.968
RUS,4802.836944444442,205.0,76.968
RUS,4816.836944444442,210.0,76.968
RUS,4831.170277777776,215.0,76.968
RUS,4846.10361111111,224.0,76.968
RUS,4875.314722222221,239.0,76.968
RUS,4905.381388888887,246.0,76.968
RUS,4916.625833333332,253.0,76.968
RUS,4927.959166666666,255.0,76.968
RUS,4951.248055555554,262.0,76.968
RUS,4972.092499999999,268.0,76.968
RUS,4996.359166666666,273.0,76.968
RUS,5030.581388888888,280.0,76.968
RUS,5043.025833333332,280.0,76.968
RUS,5081.559166666666,289.0,76.968
RUS,5094.492499999999,291.0,76.968
RUS,5117.359166666666,294.0,76.968
RUS,5153.781388888889,298.0,76.968
RUS,5180.625833333333,302.0,76.968
RUS,5200.8925,304.0,76.968
RUS,5238.414722222222,307.0,76.968
HAM,19.783055555555556,311.0,77.104
HAM,37.2275,314.0,77.104
HAM,54.78305555555555,316.0,77.104
HAM,68.87194444444444,317.0,77.104
HAM,86.5386111111111,318.0,77.104
HAM,125.64972222222221,320.0,77.104
HAM,147.04972222222221,321.0,77.104
HAM,164.9386111111111,322.0,77.104
HAM,182.8275,322.0,77.104
HAM,271.1425,306.0,77.104
HAM,286.0869444444444,269.0,77.104
HAM,296.62027777777774,237.0,77.104
HAM,311.0133333333333,215.0,77.104
HAM,324.0133333333333,195.0,77.104
HAM,336.61333333333334,189.0,77.104
HAM,358.73555555555555,181.0,77.104
HAM,366.73555555555555,180.0,77.104
HAM,376.8466666666667,182.0,77.104
HAM,393.7355555555556,190.0,77.104
HAM,407.13555555555564,201.0,77.104
HAM,421.0688888888889,209.0,77.104
HAM,435.2688888888889,213.0,77.104
HAM,454.82444444444445,220.0,77.104
HAM,475.17999999999995,229.0,77.104
HAM,498.67999999999995,235.0,77.104
HAM,517.3466666666666,240.0,77.104
HAM,528.0133333333332,240.0,77.104
HAM,538.6799999999998,240.0,77.104
HAM,552.0133333333332,240.0,77.104
HAM,570.6799999999998,240.0,77.104
HAM,599.4577777777777,259.0,77.104
HAM,611.1466666666665,263.0,77.104
HAM,625.9244444444442,266.0,77.104
HAM,644.0577777777776,272.0,77.104
HAM,656.203611111111,275.0,77.104
HAM,687.425833333333,281.0,77.104
HAM,700.0036111111108,283.0,77.104
HAM,719.0702777777775,286.0,77.104
HAM,738.3502777777775,288.0,77.104
HAM,751.2836111111109,291.0,77.104
HAM,774.1502777777777,294.0,77.104
HAM,793.883611111111,296.0,77.104
HAM,823.883611111111,300.0,77.104
HAM,843.9502777777777,301.0,77.104
HAM,926.3502777777776,309.0,77.104
HAM,943.4613888888888,308.0,77.104
HAM,971.7613888888887,283.0,77.104
HAM,992.294722222222,231.0,77.104
HAM,1008.7391666666665,185.0,77.104
HAM,1016.5169444444443,175.0,77.104
HAM,1026.5169444444443,150.0,77.104
HAM,1032.9613888888887,145.0,77.104
HAM,1044.694722222222,132.0,77.104
HAM,1052.8280555555555,122.0,77.104
HAM,1061.7724999999998,115.0,77.104
HAM,1067.9391666666666,111.0,77.104
HAM,1075.1391666666666,108.0,77.104
HAM,1082.2058333333332,106.0,77.104
HAM,1090.2658333333331,104.0,77.104
HAM,1097.5324999999998,109.0,77.104
HAM,1102.5102777777777,112.0,77.104
HAM,1111.955,121.0,77.104
HAM,1119.066111111111,128.0,77.104
HAM,1130.0327777777775,141.0,77.104
HAM,1138.3105555555553,149.0,77.104
HAM,1152.3549999999998,158.0,77.104
HAM,1167.4661111111109,170.0,77.104
HAM,1183.8661111111107,164.0,77.104
HAM,1191.1105555555553,163.0,77.104
HAM,1200.1105555555553,162.0,77.104
HAM,1214.599444444444,163.0,77.104
HAM,1221.9327777777773,165.0,77.104
HAM,1229.4438888888885,169.0,77.104
HAM,1237.0438888888884,171.0,77.104
HAM,1249.110555555555,181.0,77.104
HAM,1259.499444444444,187.0,77.104
HAM,1278.999444444444,195.0,77.104
HAM,1297.6661111111107,210.0,77.104
HAM,1317.0438888888884,218.0,77.104
HAM,1326.8661111111107,221.0,77.104
HAM,1336.9549999999997,227.0,77.104
HAM,1355.2327777777775,235.0,77.104
HAM,1368.5105555555554,239.0,77.104
HAM,1379.2216666666666,241.0,77.104
HAM,1392.8327777777777,245.0,77.104
HAM,1409.4327777777778,249.0,77.104
HAM,1428.885277777778,251.0,77.104
HAM,1440.0408333333335,251.0,77.104
HAM,1451.3741666666667,255.0,77.104
HAM,1471.4344444444444,257.0,77.104
HAM,1482.8566666666666,257.0,77.104
HAM,1503.1566666666668,261.0,77.104
HAM,1529.7566666666667,266.0,77.104
HAM,1544.59,267.0,77.104
HAM,1559.6455555555553,271.0,77.104
HAM,1571.6899999999998,271.0,77.104
HAM,1593.1566666666665,276.0,77.104
HAM,1614.7788888888886,278.0,77.104
HAM,1630.2233333333331,278.0,77.104
HAM,1652.0788888888885,281.0,77.104
HAM,1677.1455555555551,282.0,77.104
HAM,1689.6788888888884,282.0,77.104
HAM,1705.345555555555,282.0,77.104
HAM,1727.2788888888883,282.0,77.104
HAM,1746.0788888888885,282.0,77.104
HAM,1777.9677777777772,287.0,77.104
HAM,1804.1677777777772,262.0,77.104
HAM,1820.3677777777773,243.0,77.104
HAM,1833.5344444444438,237.0,77.104
HAM,1853.8899999999994,229.0,77.104
HAM,1873.8011111111105,224.0,77.104
HAM,1893.8011111111105,225.0,77.104
HAM,1906.467777777777,228.0,77.104
HAM,1922.0691666666658,235.0,77.104
HAM,1932.51361111111,235.0,77.104
HAM,1948.6472222222214,241.0,77.104
HAM,1964.8472222222213,243.0,77.104
HAM,1978.5138888888878,246.0,77.104
HAM,1992.23611111111,247.0,77.104
HAM,2005.9583333333323,247.0,77.104
HAM,2020.2916666666656,258.0,77.104
HAM,2046.5916666666656,263.0,77.104
HAM,2061.369444444443,266.0,77.104
HAM,2085.1916666666652,268.0,77.104
HAM,2106.2694444444433,271.0,77.104
HAM,2124.4694444444435,273.0,77.104
HAM,2145.780555555554,274.0,77.104
HAM,2161.002777777777,274.0,77.104
HAM,2173.1805555555547,274.0,77.104
HAM,2191.447222222221,274.0,77.104
HAM,2203.8472222222213,279.0,77.104
HAM,2222.5138888888873,280.0,77.104
HAM,2241.1805555555543,280.0,77.104
HAM,2263.424999999999,286.0,77.104
HAM,2279.313888888888,286.0,77.104
HAM,2308.313888888888,290.0,77.104
HAM,2344.124999999999,293.0,77.104
HAM,2370.2583333333323,294.0,77.104
HAM,2389.9249999999993,295.0,77.104
HAM,2413.024999999999,297.0,77.104
HAM,2442.841944444443,299.0,77.104
HAM,2462.8583333333318,299.0,77.104
HAM,2476.1916666666652,300.0,77.104
HAM,2489.5694444444425,301.0,77.104
HAM,2512.9805555555536,301.0,77.104
HAM,2550.258333333331,305.0,77.104
HAM,2577.5472222222197,307.0,77.104
HAM,2601.658333333331,310.0,77.104
HAM,2615.4361111111093,310.0,77.104
HAM,2636.3027777777756,313.0,77.104
HAM,2650.213888888887,313.0,77.104
HAM,2664.2138888888867,315.0,77.104
HAM,2685.2805555555537,316.0,77.104
HAM,2709.9361111111093,317.0,77.104
HAM,2748.8027777777756,318.0,77.104
HAM,2766.4694444444426,318.0,77.104
HAM,2784.136111111109,318.0,77.104
HAM,2801.802777777776,318.0,77.104
HAM,2837.3583333333318,320.0,77.104
HAM,2855.1361111111096,320.0,77.104
HAM,2876.5361111111097,321.0,77.104
HAM,2897.8694444444427,320.0,77.104
HAM,2919.269444444443,321.0,77.104
HAM,2937.1027777777763,321.0,77.104
HAM,2969.302777777776,322.0,77.104
HAM,2987.191666666665,322.0,77.104
HAM,3001.413333333331,322.0,77.104
HAM,3030.214166666665,323.0,77.104
HAM,3062.4141666666646,322.0,77.104
HAM,3098.4141666666646,324.0,77.104
HAM,3112.814166666665,324.0,77.104
HAM,3145.114166666665,323.0,77.104
HAM,3159.4697222222203,323.0,77.104
HAM,3191.56972222222,321.0,77.104
HAM,3226.036388888887,282.0,77.104
HAM,3238.214166666665,274.0,77.104
HAM,3268.76972222222,250.0,77.104
HAM,3279.747499999998,247.0,77.104
HAM,3293.1919444444425,242.0,77.104
HAM,3306.6919444444425,243.0,77.104
HAM,3320.303055555554,245.0,77.104
HAM,3334.080833333331,248.0,77.104
HAM,3348.025277777776,251.0,77.104
HAM,3361.858611111109,249.0,77.104
HAM,3375.747499999998,250.0,77.104
HAM,3392.6808333333315,254.0,77.104
HAM,3406.680833333331,252.0,77.104
HAM,3423.547499999998,253.0,77.104
HAM,3434.8363888888866,254.0,77.104
HAM,3449.1141666666645,257.0,77.104
HAM,3466.447499999998,260.0,77.104
HAM,3483.9141666666646,262.0,77.104
HAM,3504.5252777777755,265.0,77.104
HAM,3516.4808333333312,269.0,77.104
HAM,3550.091944444442,275.0,77.104
HAM,3581.203055555553,280.0,77.104
HAM,3596.9252777777756,283.0,77.104
HAM,3616.0586111111093,287.0,77.104
HAM,3635.3252777777757,289.0,77.104
HAM,3648.2586111111095,291.0,77.104
HAM,3667.7252777777762,292.0,77.104
HAM,3697.325277777776,296.0,77.104
HAM,3710.525277777776,297.0,77.104
HAM,3737.103055555554,299.0,77.104
HAM,3774.1363888888873,303.0,77.104
HAM,3787.6474999999987,304.0,77.104
HAM,3808.0474999999988,306.0,77.104
HAM,3828.514166666665,307.0,77.104
HAM,3856.0697222222207,310.0,77.104
HAM,3894.3252777777766,313.0,77.104
HAM,3911.7141666666653,313.0,77.104
HAM,3929.15861111111,314.0,77.104
HAM,3946.5474999999988,313.0,77.104
HAM,3967.4141666666656,313.0,77.104
HAM,3981.325277777777,313.0,77.104
HAM,3995.147499999999,311.0,77.104
HAM,4012.814166666666,265.0,77.104
HAM,4031.7474999999995,213.0,77.104
HAM,4049.9697222222217,164.0,77.104
HAM,4058.358611111111,151.0,77.104
HAM,4067.825277777777,142.0,77.104
HAM,4075.214166666666,133.0,77.104
HAM,4087.6141666666663,124.0,77.104
HAM,4094.391944444444,122.0,77.104
HAM,4102.25861111111,118.0,77.104
HAM,4113.014166666666,121.0,77.104
HAM,4118.880833333333,132.0,77.104
HAM,4128.0808333333325,138.0,77.104
HAM,4134.569722222222,146.0,77.104
HAM,4142.680833333333,146.0,77.104
HAM,4155.825277777777,169.0,77.104
HAM,4175.603055555555,178.0,77.104
HAM,4185.491944444444,178.0,77.104
HAM,4194.203055555556,196.0,77.104
HAM,4214.803055555556,206.0,77.104
HAM,4242.0586111111115,223.0,77.104
HAM,4259.869722222223,229.0,77.104
HAM,4278.147500000001,235.0,77.104
HAM,4299.480833333334,240.0,77.104
HAM,4317.991944444445,238.0,77.104
HAM,4330.991944444445,234.0,77.104
HAM,4348.880833333334,230.0,77.104
HAM,4366.614166666667,228.0,77.104
HAM,4379.280833333333,228.0,77.104
HAM,4399.991944444444,233.0,77.104
HAM,4423.591944444444,236.0,77.104
HAM,4442.4141666666665,242.0,77.104
HAM,4453.214166666667,243.0,77.104
HAM,4499.869722222222,247.0,77.104
HAM,4527.091944444444,245.0,77.104
HAM,4546.536388888889,175.0,77.104
HAM,4554.814166666666,149.0,77.104
HAM,4569.036388888889,128.0,77.104
HAM,4575.758611111111,121.0,77.104
HAM,4586.858611111112,111.0,77.104
HAM,4594.9475,104.0,77.104
HAM,4599.436388888889,101.0,77.104
HAM,4609.991944444445,95.0,77.104
HAM,4616.458611111111,97.0,77.104
HAM,4622.125277777778,102.0,77.104
HAM,4631.991944444445,111.0,77.104
HAM,4640.191944444446,123.0,77.104
HAM,4648.991944444446,132.0,77.104
HAM,4658.925277777779,149.0,77.104
HAM,4679.33638888889,167.0,77.104
HAM,4700.603055555557,174.0,77.104
HAM,4708.469722222224,177.0,77.104
HAM,4716.425277777779,179.0,77.104
HAM,4732.958611111113,186.0,77.104
HAM,4747.814166666669,191.0,77.104
HAM,4765.503055555558,199.0,77.104
HAM,4791.169722222225,210.0,77.104
HAM,4800.680833333336,214.0,77.104
HAM,4830.814166666669,226.0,77.104
HAM,4840.858611111113,226.0,77.104
HAM,4859.291944444446,237.0,77.104
HAM,4889.480833333335,247.0,77.104
HAM,4912.32527777778,257.0,77.104
HAM,4929.725277777779,261.0,77.104
HAM,4962.603055555557,269.0,77.104
HAM,4977.7141666666685,272.0,77.104
HAM,4993.047500000002,276.0,77.104
HAM,5021.147500000003,281.0,77.104
HAM,5033.769722222225,284.0,77.104
HAM,5062.669722222225,289.0,77.104
HAM,5082.136388888892,292.0,77.104
HAM,5111.636388888892,295.0,77.104
HAM,5124.880833333336,298.0,77.104
HAM,5144.964166666669,300.0,77.104
HAM,5161.713333333336,303.0,77.104
HAM,5199.235555555558,307.0,77.104
ALO,7.419166666666666,307.0,77.139
ALO,38.219166666666666,308.0,77.139
ALO,65.86361111111111,311.0,77.139
ALO,86.59694444444443,311.0,77.139
ALO,103.98583333333333,313.0,77.139
ALO,117.85416666666667,314.0,77.139
ALO,138.92083333333335,316.0,77.139
ALO,170.62083333333334,317.0,77.139
ALO,188.2875,318.0,77.139
ALO,202.42083333333335,318.0,77.139
ALO,230.6875,318.0,77.139
ALO,259.0425,318.0,77.139
ALO,278.50916666666666,292.0,77.139
ALO,301.4091666666667,229.0,77.139
ALO,315.6091666666667,213.0,77.139
ALO,336.72027777777777,190.0,77.139
ALO,346.99805555555554,185.0,77.139
ALO,355.0425,181.0,77.139
ALO,367.17583333333334,182.0,77.139
ALO,375.4425,186.0,77.139
ALO,386.1647222222222,193.0,77.139
ALO,397.27583333333337,200.0,77.139
ALO,411.0091666666667,206.0,77.139
ALO,437.0425,213.0,77.139
ALO,454.15361111111116,220.0,77.139
ALO,471.5758333333334,224.0,77.139
ALO,489.6980555555556,233.0,77.139
ALO,508.2091666666667,238.0,77.139
ALO,518.9647222222222,242.0,77.139
ALO,535.4313888888889,247.0,77.139
ALO,549.3202777777778,250.0,77.139
ALO,560.4758333333333,251.0,77.139
ALO,588.6275,254.0,77.139
ALO,606.1608333333334,263.0,77.139
ALO,623.8941666666666,266.0,77.139
ALO,647.9830555555556,271.0,77.139
ALO,663.3372222222223,275.0,77.139
ALO,678.7816666666666,278.0,77.139
ALO,697.5816666666667,282.0,77.139
ALO,723.0038888888889,286.0,77.139
ALO,748.6927777777778,289.0,77.139
ALO,768.0927777777778,291.0,77.139
ALO,784.3705555555555,293.0,77.139
ALO,803.9705555555555,294.0,77.139
ALO,837.1927777777778,299.0,77.139
ALO,860.6038888888888,301.0,77.139
ALO,884.2483333333333,304.0,77.139
ALO,907.9705555555555,305.0,77.139
ALO,921.526111111111,305.0,77.139
ALO,948.6372222222221,305.0,77.139
ALO,962.1038888888888,303.0,77.139
ALO,977.3816666666665,275.0,77.139
ALO,993.5149999999999,242.0,77.139
ALO,1016.8483333333332,175.0,77.139
ALO,1024.226111111111,166.0,77.139
ALO,1036.4927777777777,138.0,77.139
ALO,1046.4483333333333,128.0,77.139
ALO,1058.1158333333333,117.0,77.139
ALO,1066.7491666666665,111.0,77.139
ALO,1078.5269444444443,106.0,77.139
ALO,1083.1333333333332,103.0,77.139
ALO,1088.911111111111,104.0,77.139
ALO,1093.5777777777778,105.0,77.139
ALO,1101.0444444444445,112.0,77.139
ALO,1109.177777777778,122.0,77.139
ALO,1116.1222222222223,125.0,77.139
ALO,1126.8555555555556,138.0,77.139
ALO,1134.9666666666667,146.0,77.139
ALO,1141.677777777778,151.0,77.139
ALO,1154.0444444444445,159.0,77.139
ALO,1162.877777777778,159.0,77.139
ALO,1182.1000000000001,173.0,77.139
ALO,1197.3000000000002,171.0,77.139
ALO,1213.5000000000002,162.0,77.139
ALO,1222.7222222222224,166.0,77.139
ALO,1232.2777777777778,172.0,77.139
ALO,1240.1444444444444,177.0,77.139
ALO,1250.2,181.0,77.139
ALO,1274.6444444444444,200.0,77.139
ALO,1288.4444444444446,207.0,77.139
ALO,1300.2777777777778,213.0,77.139
ALO,1312.4444444444443,219.0,77.139
ALO,1382.2883333333334,242.0,77.139
ALO,1395.955,246.0,77.139
ALO,1406.977222222222,248.0,77.139
ALO,1423.7133333333331,250.0,77.139
ALO,1440.4466666666663,251.0,77.139
ALO,1457.313333333333,253.0,77.139
ALO,1488.724444444444,257.0,77.139
ALO,1500.1466666666663,257.0,77.139
ALO,1514.4244444444444,257.0,77.139
ALO,1537.891111111111,264.0,77.139
ALO,1555.691111111111,267.0,77.139
ALO,1573.6244444444442,269.0,77.139
ALO,1591.691111111111,271.0,77.139
ALO,1615.9577777777777,273.0,77.139
ALO,1640.668888888889,278.0,77.139
ALO,1668.868888888889,282.0,77.139
ALO,1690.957777777778,284.0,77.139
ALO,1703.5800000000002,284.0,77.139
ALO,1716.2022222222222,284.0,77.139
ALO,1731.9800000000002,284.0,77.139
ALO,1754.068888888889,284.0,77.139
ALO,1785.1800000000003,280.0,77.139
ALO,1796.6911111111115,259.0,77.139
ALO,1810.5800000000004,250.0,77.139
ALO,1826.1133333333337,233.0,77.139
ALO,1836.3158333333338,231.0,77.139
ALO,1861.4269444444449,226.0,77.139
ALO,1871.6047222222226,229.0,77.139
ALO,1887.071388888889,232.0,77.139
ALO,1903.0711111111116,239.0,77.139
ALO,1913.7822222222228,241.0,77.139
ALO,1932.8377777777782,245.0,77.139
ALO,1949.304444444445,247.0,77.139
ALO,1974.504444444445,252.0,77.139
ALO,1991.4377777777781,254.0,77.139
ALO,2062.904444444445,268.0,77.139
ALO,2077.848888888889,269.0,77.139
ALO,2105.148888888889,273.0,77.139
ALO,2129.5044444444443,274.0,77.139
ALO,2154.0377777777776,276.0,77.139
ALO,2166.3044444444445,276.0,77.139
ALO,2184.8377777777773,278.0,77.139
ALO,2197.2377777777774,279.0,77.139
ALO,2222.215555555555,281.0,77.139
ALO,2241.0822222222214,283.0,77.139
ALO,2263.2488888888884,285.0,77.139
ALO,2279.1377777777775,286.0,77.139
ALO,2298.271111111111,287.0,77.139
ALO,2317.5377777777776,289.0,77.139
ALO,2340.012777777778,290.0,77.139
ALO,2359.412777777778,291.0,77.139
ALO,2372.435,293.0,77.139
ALO,2395.3052777777775,293.0,77.139
ALO,2411.5830555555553,293.0,77.139
ALO,2434.449722222222,294.0,77.139
ALO,2450.838611111111,295.0,77.139
ALO,2477.060833333333,295.0,77.139
ALO,2503.371944444444,296.0,77.139
ALO,2533.071944444444,297.0,77.139
ALO,2546.360833333333,299.0,77.139
ALO,2563.083055555555,301.0,77.139
ALO,2590.0163888888883,303.0,77.139
ALO,2603.5274999999997,304.0,77.139
ALO,2617.083055555555,305.0,77.139
ALO,2630.6830555555553,306.0,77.139
ALO,2651.1497222222215,307.0,77.139
ALO,2668.260833333333,308.0,77.139
ALO,2699.260833333333,310.0,77.139
ALO,2726.9052777777774,311.0,77.139
ALO,2754.638611111111,312.0,77.139
ALO,2768.5497222222225,313.0,77.139
ALO,2782.4608333333335,313.0,77.139
ALO,2806.805277777778,313.0,77.139
ALO,2824.249722222222,314.0,77.139
ALO,2838.2052777777776,314.0,77.139
ALO,2855.705277777778,315.0,77.139
ALO,2876.7052777777776,315.0,77.139
ALO,2901.117777777778,315.0,77.139
ALO,2915.1177777777775,315.0,77.139
ALO,2929.117777777778,315.0,77.139
ALO,2953.7833333333333,316.0,77.139
ALO,2967.8277777777776,316.0,77.139
ALO,2992.4055555555556,316.0,77.139
ALO,3024.1055555555554,317.0,77.139
ALO,3041.7166666666667,317.0,77.139
ALO,3059.3277777777776,317.0,77.139
ALO,3073.416666666667,317.0,77.139
ALO,3097.916666666667,315.0,77.139
ALO,3122.416666666667,315.0,77.139
ALO,3139.861111111111,314.0,77.139
ALO,3164.2055555555553,313.0,77.139
ALO,3191.938888888889,312.0,77.139
ALO,3205.4500000000003,304.0,77.139
ALO,3221.338888888889,286.0,77.139
ALO,3242.338888888889,270.0,77.139
ALO,3259.5388888888892,258.0,77.139
ALO,3286.7611111111114,245.0,77.139
ALO,3311.461111111111,247.0,77.139
ALO,3328.0611111111116,249.0,77.139
ALO,3342.116666666667,253.0,77.139
ALO,3364.605555555556,253.0,77.139
ALO,3387.2722222222224,255.0,77.139
ALO,3410.027777777778,256.0,77.139
ALO,3424.3611111111113,258.0,77.139
ALO,3441.5558333333333,259.0,77.139
ALO,3453.1558333333337,261.0,77.139
ALO,3470.7622222222226,263.0,77.139
ALO,3488.362222222222,264.0,77.139
ALO,3503.14,266.0,77.139
ALO,3518.14,270.0,77.139
ALO,3533.195555555555,271.0,77.139
ALO,3548.4177777777777,274.0,77.139
ALO,3576.4177777777777,280.0,77.139
ALO,3592.1399999999994,283.0,77.139
ALO,3617.562222222222,286.0,77.139
ALO,3640.0399999999995,289.0,77.139
ALO,3659.373333333333,290.0,77.139
ALO,3682.084444444444,292.0,77.139
ALO,3698.473333333333,295.0,77.139
ALO,3711.628888888889,296.0,77.139
ALO,3731.4955555555557,298.0,77.139
ALO,3744.74,298.0,77.139
ALO,3764.74,300.0,77.139
ALO,3784.8733333333334,302.0,77.139
ALO,3808.4399999999996,303.0,77.139
ALO,3825.3844444444444,305.0,77.139
ALO,3855.9844444444443,306.0,77.139
ALO,3893.6288888888885,308.0,77.139
ALO,3921.006666666666,308.0,77.139
ALO,3941.473333333333,307.0,77.139
ALO,3965.3511111111106,307.0,77.139
ALO,3995.965833333333,307.0,77.139
ALO,4011.9655555555555,239.0,77.139
ALO,4022.5877777777773,239.0,77.139
ALO,4031.743333333333,206.0,77.139
ALO,4044.1877777777772,160.0,77.139
ALO,4060.9322222222218,137.0,77.139
ALO,4072.2211111111105,127.0,77.139
ALO,4081.7099999999996,122.0,77.139
ALO,4086.9099999999994,117.0,77.139
ALO,4094.776666666666,118.0,77.139
ALO,4100.1544444444435,121.0,77.139
ALO,4105.621111111111,123.0,77.139
ALO,4114.554444444444,134.0,77.139
ALO,4125.598888888888,142.0,77.139
ALO,4145.1544444444435,160.0,77.139
ALO,4154.376666666665,166.0,77.139
ALO,4163.598888888888,166.0,77.139
ALO,4173.709999999999,182.0,77.139
ALO,4196.265555555555,203.0,77.139
ALO,4207.765555555555,207.0,77.139
ALO,4221.898888888888,212.0,77.139
ALO,4236.632222222222,221.0,77.139
ALO,4251.698888888888,226.0,77.139
ALO,4264.4766666666665,230.0,77.139
ALO,4288.276666666667,238.0,77.139
ALO,4301.554444444445,239.0,77.139
ALO,4312.110277777778,239.0,77.139
ALO,4332.796944444444,232.0,77.139
ALO,4355.996944444444,232.0,77.139
ALO,4382.330277777777,237.0,77.139
ALO,4392.908055555556,238.0,77.139
ALO,4416.808055555555,239.0,77.139
ALO,4427.4302777777775,239.0,77.139
ALO,4451.530277777778,241.0,77.139
ALO,4480.985833333333,241.0,77.139
ALO,4491.9191666666675,246.0,77.139
ALO,4522.352500000001,249.0,77.139
ALO,4533.4191666666675,249.0,77.139
ALO,4547.252500000001,249.0,77.139
ALO,4555.696944444446,152.0,77.139
ALO,4563.2525000000005,136.0,77.139
ALO,4570.0858333333335,123.0,77.139
ALO,4576.419166666667,114.0,77.139
ALO,4582.363611111111,107.0,77.139
ALO,4588.0858333333335,103.0,77.139
ALO,4594.819166666667,101.0,77.139
ALO,4600.1525,96.0,77.139
ALO,4606.285833333333,92.0,77.139
ALO,4610.374722222222,92.0,77.139
ALO,4615.6525,95.0,77.139
ALO,4622.185833333334,98.0,77.139
ALO,4629.4525,109.0,77.139
ALO,4638.552500000001,117.0,77.139
ALO,4643.974722222223,122.0,77.139
ALO,4662.063611111112,148.0,77.139
ALO,4680.508055555556,166.0,77.139
ALO,4690.063611111112,172.0,77.139
ALO,4701.530277777778,172.0,77.139
ALO,4713.196944444444,175.0,77.139
ALO,4721.063611111111,177.0,77.139
ALO,4733.330277777777,184.0,77.139
ALO,4752.830277777777,195.0,77.139
ALO,4761.674722222221,199.0,77.139
ALO,4780.074722222222,207.0,77.139
ALO,4805.86361111111,211.0,77.139
ALO,4815.641388888887,220.0,77.139
ALO,4830.574722222222,224.0,77.139
ALO,4846.041388888888,232.0,77.139
ALO,4867.374722222221,240.0,77.139
ALO,4897.563611111111,247.0,77.139
ALO,4911.56361111111,252.0,77.139
ALO,4925.785833333332,256.0,77.139
ALO,4940.230277777777,260.0,77.139
ALO,4957.9636111111095,266.0,77.139
ALO,4969.785833333332,266.0,77.139
ALO,4981.874722222221,272.0,77.139
ALO,5000.208055555554,275.0,77.139
ALO,5024.919166666666,278.0,77.139
ALO,5056.47472222222,284.0,77.139
ALO,5072.363611111109,286.0,77.139
ALO,5091.6302777777755,289.0,77.139
ALO,5107.852499999998,292.0,77.139
ALO,5137.352499999998,295.0,77.139
ALO,5153.908055555554,298.0,77.139
ALO,5173.908055555554,300.0,77.139
ALO,5200.841388888888,303.0,77.139
ALO,5214.396944444444,305.0,77.139
SAI,8.754999999999999,309.0,77.27
SAI,22.577222222222225,311.0,77.27
SAI,43.37722222222223,312.0,77.27
SAI,60.82166666666667,314.0,77.27
SAI,74.82166666666667,315.0,77.27
SAI,109.95583333333333,317.0,77.27
SAI,131.15583333333333,318.0,77.27
SAI,152.4225,319.0,77.27
SAI,180.86694444444444,320.0,77.27
SAI,198.78944444444446,321.0,77.27
SAI,216.6227777777778,321.0,77.27
SAI,237.9561111111111,320.0,77.27
SAI,266.22277777777776,318.0,77.27
SAI,289.245,259.0,77.27
SAI,304.51166666666666,229.0,77.27
SAI,316.1227777777778,209.0,77.27
SAI,329.2561111111111,197.0,77.27
SAI,349.58944444444444,183.0,77.27
SAI,362.96722222222223,172.0,77.27
SAI,376.345,172.0,77.27
SAI,390.26722222222224,179.0,77.27
SAI,398.35611111111115,182.0,77.27
SAI,415.33388888888896,191.0,77.27
SAI,424.00055555555565,195.0,77.27
SAI,435.16722222222234,201.0,77.27
SAI,449.1672222222223,210.0,77.27
SAI,478.3672222222223,219.0,77.27
SAI,488.2783333333334,223.0,77.27
SAI,508.6338888888889,229.0,77.27
SAI,526.9894444444445,236.0,77.27
SAI,551.2219444444445,243.0,77.27
SAI,570.4330555555556,247.0,77.27
SAI,598.8775,256.0,77.27
SAI,610.5052777777778,260.0,77.27
SAI,625.1163888888889,263.0,77.27
SAI,636.9830555555556,267.0,77.27
SAI,655.0497222222223,271.0,77.27
SAI,673.1830555555556,272.0,77.27
SAI,688.5719444444444,277.0,77.27
SAI,710.4275,281.0,77.27
SAI,726.2052777777777,284.0,77.27
SAI,738.9608333333333,287.0,77.27
SAI,761.4386111111112,289.0,77.27
SAI,777.6608333333334,292.0,77.27
SAI,810.5497222222223,296.0,77.27
SAI,837.1275,299.0,77.27
SAI,867.2275,301.0,77.27
SAI,884.0608333333332,303.0,77.27
SAI,901.0052777777778,305.0,77.27
SAI,914.6497222222223,307.0,77.27
SAI,931.6497222222222,306.0,77.27
SAI,969.0497222222222,306.0,77.27
SAI,987.5163888888889,277.0,77.27
SAI,1001.016388888889,243.0,77.27
SAI,1012.9608333333334,215.0,77.27
SAI,1051.0575000000001,132.0,77.27
SAI,1057.946388888889,124.0,77.27
SAI,1063.146388888889,117.0,77.27
SAI,1070.644166666667,112.0,77.27
SAI,1077.7775000000004,107.0,77.27
SAI,1084.7108333333338,104.0,77.27
SAI,1098.033055555556,109.0,77.27
SAI,1103.0552777777782,113.0,77.27
SAI,1109.6108333333336,118.0,77.27
SAI,1120.9886111111114,128.0,77.27
SAI,1130.055277777778,136.0,77.27
SAI,1139.9219444444448,148.0,77.27
SAI,1150.455277777778,158.0,77.27
SAI,1165.5663888888892,170.0,77.27
SAI,1179.8775000000003,161.0,77.27
SAI,1195.5775000000003,157.0,77.27
SAI,1207.3997222222226,152.0,77.27
SAI,1214.333055555556,156.0,77.27
SAI,1221.3552777777782,158.0,77.27
SAI,1230.4108333333336,163.0,77.27
SAI,1243.7886111111113,172.0,77.27
SAI,1264.566388888889,187.0,77.27
SAI,1273.0552777777777,191.0,77.27
SAI,1284.1663888888888,200.0,77.27
SAI,1297.966388888889,207.0,77.27
SAI,1307.373888888889,213.0,77.27
SAI,1332.373888888889,225.0,77.27
SAI,1342.5072222222225,228.0,77.27
SAI,1358.1738888888892,235.0,77.27
SAI,1374.1736111111113,239.0,77.27
SAI,1384.9736111111113,243.0,77.27
SAI,1404.1847222222225,247.0,77.27
SAI,1420.7847222222224,249.0,77.27
SAI,1446.0847222222224,253.0,77.27
SAI,1463.0180555555557,254.0,77.27
SAI,1533.6847222222223,265.0,77.27
SAI,1548.5736111111114,268.0,77.27
SAI,1575.6736111111113,271.0,77.27
SAI,1600.029166666667,274.0,77.27
SAI,1624.7402777777781,278.0,77.27
SAI,1637.1402777777782,279.0,77.27
SAI,1655.8736111111114,281.0,77.27
SAI,1668.4513888888891,283.0,77.27
SAI,1693.6958333333337,284.0,77.27
SAI,1712.7625000000003,286.0,77.27
SAI,1735.0847222222226,287.0,77.27
SAI,1750.9736111111115,286.0,77.27
SAI,1769.9736111111117,285.0,77.27
SAI,1788.8402777777783,283.0,77.27
SAI,1808.7577777777783,257.0,77.27
SAI,1824.5577777777783,237.0,77.27
SAI,1835.0022222222226,235.0,77.27
SAI,1852.7208333333338,227.0,77.27
SAI,1865.2763888888892,226.0,77.27
SAI,1882.7763888888892,225.0,77.27
SAI,1895.3875000000003,227.0,77.27
SAI,1916.0986111111115,233.0,77.27
SAI,1937.5208333333337,241.0,77.27
SAI,1962.2208333333338,247.0,77.27
SAI,1973.2875000000004,249.0,77.27
SAI,1987.2319444444447,251.0,77.27
SAI,2009.9875000000002,256.0,77.27
SAI,2021.4541666666669,258.0,77.27
SAI,2033.0986111111113,262.0,77.27
SAI,2044.7875000000001,263.0,77.27
SAI,2062.5875,267.0,77.27
SAI,2077.476388888889,268.0,77.27
SAI,2104.476388888889,270.0,77.27
SAI,2128.920833333333,275.0,77.27
SAI,2153.5430555555554,277.0,77.27
SAI,2165.854166666666,277.0,77.27
SAI,2178.254166666666,279.0,77.27
SAI,2200.109722222222,281.0,77.27
SAI,2215.720833333333,281.0,77.27
SAI,2228.298611111111,283.0,77.27
SAI,2244.0763888888882,284.0,77.27
SAI,2263.0763888888882,285.0,77.27
SAI,2285.318888888888,287.0,77.27
SAI,2298.1188888888883,288.0,77.27
SAI,2310.9633333333322,289.0,77.27
SAI,2333.5994444444436,290.0,77.27
SAI,2346.4883333333323,290.0,77.27
SAI,2369.1994444444435,292.0,77.27
SAI,2398.4994444444433,293.0,77.27
SAI,2414.8883333333324,295.0,77.27
SAI,2431.277222222221,295.0,77.27
SAI,2444.432777777777,296.0,77.27
SAI,2467.454999999999,296.0,77.27
SAI,2490.632777777777,298.0,77.27
SAI,2507.1327777777774,297.0,77.27
SAI,2530.388333333333,299.0,77.27
SAI,2557.3216666666663,303.0,77.27
SAI,2570.7883333333325,303.0,77.27
SAI,2587.6772222222216,304.0,77.27
SAI,2611.5549999999994,307.0,77.27
SAI,2632.154999999999,309.0,77.27
SAI,2666.821666666666,312.0,77.27
SAI,2698.1216666666655,313.0,77.27
SAI,2719.0549999999985,314.0,77.27
SAI,2736.610555555554,316.0,77.27
SAI,2764.699444444443,316.0,77.27
SAI,2792.877222222221,317.0,77.27
SAI,2821.143888888888,318.0,77.27
SAI,2838.810555555554,318.0,77.27
SAI,2859.922222222221,318.0,77.27
SAI,2874.0999999999985,319.0,77.27
SAI,2895.388333333332,318.0,77.27
SAI,2916.654999999999,319.0,77.27
SAI,2934.3772222222215,319.0,77.27
SAI,2952.154999999999,320.0,77.27
SAI,2969.9327777777767,320.0,77.27
SAI,2987.7661111111097,321.0,77.27
SAI,3019.86611111111,321.0,77.27
SAI,3037.7549999999987,322.0,77.27
SAI,3066.377222222221,322.0,77.27
SAI,3091.4994444444433,323.0,77.27
SAI,3113.0327777777766,323.0,77.27
SAI,3138.154999999999,323.0,77.27
SAI,3156.0438888888875,322.0,77.27
SAI,3170.26611111111,320.0,77.27
SAI,3191.4661111111095,318.0,77.27
SAI,3205.510555555554,316.0,77.27
SAI,3225.4438888888876,299.0,77.27
SAI,3244.1772222222207,281.0,77.27
SAI,3265.1772222222207,270.0,77.27
SAI,3279.4549999999986,257.0,77.27
SAI,3303.9549999999986,245.0,77.27
SAI,3333.899444444443,245.0,77.27
SAI,3356.032777777776,249.0,77.27
SAI,3372.699444444443,250.0,77.27
SAI,3391.6772222222207,244.0,77.27
SAI,3415.6105555555537,240.0,77.27
SAI,3431.8111111111093,242.0,77.27
SAI,3442.655555555554,244.0,77.27
SAI,3453.677777777776,248.0,77.27
SAI,3473.1222222222204,250.0,77.27
SAI,3504.2888888888874,255.0,77.27
SAI,3527.399999999998,260.0,77.27
SAI,3548.0888888888867,266.0,77.27
SAI,3559.9555555555535,267.0,77.27
SAI,3578.1555555555537,273.0,77.27
SAI,3590.333333333331,274.0,77.27
SAI,3602.644444444442,277.0,77.27
SAI,3621.2444444444423,279.0,77.27
SAI,3643.2555555555537,283.0,77.27
SAI,3678.5777777777757,289.0,77.27
SAI,3694.7444444444427,291.0,77.27
SAI,3711.0222222222205,293.0,77.27
SAI,3727.411111111109,295.0,77.27
SAI,3760.52222222222,298.0,77.27
SAI,3777.1333333333314,299.0,77.27
SAI,3797.1333333333314,300.0,77.27
SAI,3817.266666666664,302.0,77.27
SAI,3837.5999999999976,305.0,77.27
SAI,3854.6555555555533,307.0,77.27
SAI,3885.5555555555534,309.0,77.27
SAI,3902.777777777775,310.0,77.27
SAI,3916.5136111111087,311.0,77.27
SAI,3944.3336111111084,312.0,77.27
SAI,3975.4336111111083,311.0,77.27
SAI,4009.211388888886,304.0,77.27
SAI,4022.1002777777753,290.0,77.27
SAI,4044.200277777775,221.0,77.27
SAI,4052.7336111111085,192.0,77.27
SAI,4068.8336111111084,161.0,77.27
SAI,4085.211388888886,134.0,77.27
SAI,4091.1669444444415,134.0,77.27
SAI,4106.811388888886,128.0,77.27
SAI,4112.5002777777745,128.0,77.27
SAI,4119.722499999996,130.0,77.27
SAI,4127.222499999996,135.0,77.27
SAI,4135.055833333329,141.0,77.27
SAI,4143.222499999995,147.0,77.27
SAI,4151.833611111107,155.0,77.27
SAI,4160.944722222218,164.0,77.27
SAI,4170.500277777774,172.0,77.27
SAI,4182.833611111107,185.0,77.27
SAI,4193.500277777773,192.0,77.27
SAI,4206.500277777773,195.0,77.27
SAI,4215.5224999999955,203.0,77.27
SAI,4227.300277777773,212.0,77.27
SAI,4241.76694444444,217.0,77.27
SAI,4256.56694444444,222.0,77.27
SAI,4274.455833333329,230.0,77.27
SAI,4284.855833333329,234.0,77.27
SAI,4313.700277777773,236.0,77.27
SAI,4339.478055555551,232.0,77.27
SAI,4351.922499999995,224.0,77.27
SAI,4366.8558333333285,224.0,77.27
SAI,4381.922499999995,226.0,77.27
SAI,4392.144722222218,230.0,77.27
SAI,4407.6780555555515,233.0,77.27
SAI,4431.578055555551,239.0,77.27
SAI,4442.200277777773,239.0,77.27
SAI,4464.06694444444,246.0,77.27
SAI,4495.111388888885,254.0,77.27
SAI,4506.444722222218,255.0,77.27
SAI,4523.111388888884,250.0,77.27
SAI,4538.844722222218,236.0,77.27
SAI,4555.111388888884,183.0,77.27
SAI,4572.344722222218,141.0,77.27
SAI,4579.56694444444,130.0,77.27
SAI,4586.233611111107,120.0,77.27
SAI,4592.45583333333,112.0,77.27
SAI,4599.589166666663,107.0,77.27
SAI,4604.3447222222185,107.0,77.27
SAI,4608.878055555552,102.0,77.27
SAI,4615.478055555552,99.0,77.27
SAI,4624.722499999996,104.0,77.27
SAI,4637.278055555552,113.0,77.27
SAI,4643.889166666663,119.0,77.27
SAI,4652.289166666663,126.0,77.27
SAI,4659.733611111107,134.0,77.27
SAI,4674.733611111107,150.0,77.27
SAI,4683.900277777774,165.0,77.27
SAI,4695.166944444441,169.0,77.27
SAI,4710.544722222218,173.0,77.27
SAI,4718.278055555552,174.0,77.27
SAI,4730.278055555552,180.0,77.27
SAI,4738.366944444441,182.0,77.27
SAI,4748.75583333333,187.0,77.27
SAI,4763.611388888886,191.0,77.27
SAI,4786.278055555553,204.0,77.27
SAI,4797.94472222222,210.0,77.27
SAI,4807.455833333331,214.0,77.27
SAI,4829.555833333331,221.0,77.27
SAI,4858.1558333333305,234.0,77.27
SAI,4876.74472222222,239.0,77.27
SAI,4895.878055555553,246.0,77.27
SAI,4918.366944444441,253.0,77.27
SAI,4938.35583333333,257.0,77.27
SAI,4952.966944444442,263.0,77.27
SAI,4973.889166666664,269.0,77.27
SAI,4995.200277777775,274.0,77.27
SAI,5010.533611111109,276.0,77.27
SAI,5035.511388888886,281.0,77.27
SAI,5064.3113888888865,288.0,77.27
SAI,5086.866944444442,290.0,77.27
SAI,5099.844722222219,292.0,77.27
SAI,5156.700277777775,301.0,77.27
SAI,5190.4780555555535,304.0,77.27
SAI,5224.478055555553,306.0,77.27
SAI,5241.533611111108,307.0,77.27
STR,22.244444444444447,308.0,77.308
STR,39.46666666666667,310.0,77.308
STR,60.133333333333326,310.0,77.308
STR,84.39999999999999,312.0,77.308
STR,105.33333333333331,314.0,77.308
STR,122.83333333333331,315.0,77.308
STR,143.89999999999998,316.0,77.308
STR,179.23333333333332,318.0,77.308
STR,200.4333333333333,318.0,77.308
STR,239.3,318.0,77.308
STR,264.0333333333333,318.0,77.308
STR,290.5333333333333,265.0,77.308
STR,307.79999999999995,222.0,77.308
STR,325.3999999999999,198.0,77.308
STR,333.7999999999999,189.0,77.308
STR,347.95555555555546,182.0,77.308
STR,355.81722222222214,178.0,77.308
STR,379.41722222222216,177.0,77.308
STR,400.7505555555555,192.0,77.308
STR,411.806111111111,199.0,77.308
STR,425.73944444444436,209.0,77.308
STR,435.11722222222215,211.0,77.308
STR,447.00972222222214,213.0,77.308
STR,466.56527777777774,220.0,77.308
STR,481.8986111111111,230.0,77.308
STR,494.7319444444444,231.0,77.308
STR,513.1652777777778,237.0,77.308
STR,532.0652777777777,243.0,77.308
STR,548.598611111111,248.0,77.308
STR,562.5430555555554,251.0,77.308
STR,576.598611111111,253.0,77.308
STR,590.6541666666666,253.0,77.308
STR,608.1874999999999,263.0,77.308
STR,622.9652777777776,266.0,77.308
STR,644.0430555555555,271.0,77.308
STR,668.5763888888888,276.0,77.308
STR,703.0430555555554,282.0,77.308
STR,718.8763888888886,285.0,77.308
STR,747.6763888888887,288.0,77.308
STR,773.5430555555553,291.0,77.308
STR,793.1430555555553,294.0,77.308
STR,809.5874999999999,296.0,77.308
STR,822.6608333333331,296.0,77.308
STR,842.5274999999998,298.0,77.308
STR,872.3274999999998,298.0,77.308
STR,889.1052777777776,302.0,77.308
STR,902.6163888888888,304.0,77.308
STR,929.7274999999998,305.0,77.308
STR,956.9233333333332,305.0,77.308
STR,974.7233333333332,267.0,77.308
STR,996.9233333333332,222.0,77.308
STR,1009.3899999999999,187.0,77.308
STR,1026.612222222222,155.0,77.308
STR,1034.501111111111,142.0,77.308
STR,1040.59,137.0,77.308
STR,1048.9233333333332,125.0,77.308
STR,1054.3455555555554,122.0,77.308
STR,1060.8455555555554,117.0,77.308
STR,1067.1788888888887,114.0,77.308
STR,1074.4455555555553,109.0,77.308
STR,1087.1566666666663,104.0,77.308
STR,1095.5566666666664,108.0,77.308
STR,1104.6566666666665,117.0,77.308
STR,1114.4566666666665,126.0,77.308
STR,1124.8788888888887,134.0,77.308
STR,1131.2344444444443,143.0,77.308
STR,1140.7677777777776,143.0,77.308
STR,1149.378888888889,155.0,77.308
STR,1156.578888888889,162.0,77.308
STR,1175.1988888888889,168.0,77.308
STR,1186.1988888888889,165.0,77.308
STR,1196.9988888888888,162.0,77.308
STR,1211.4877777777776,163.0,77.308
STR,1220.7002777777777,165.0,77.308
STR,1229.8669444444445,165.0,77.308
STR,1241.0669444444445,168.0,77.308
STR,1257.6891666666668,187.0,77.308
STR,1275.111388888889,196.0,77.308
STR,1288.5780555555555,202.0,77.308
STR,1300.1891666666666,209.0,77.308
STR,1314.6558333333332,217.0,77.308
STR,1339.9891666666665,228.0,77.308
STR,1358.1113888888888,233.0,77.308
STR,1376.7002777777775,239.0,77.308
STR,1395.6780555555554,244.0,77.308
STR,1406.6558333333332,247.0,77.308
STR,1428.7891666666667,249.0,77.308
STR,1439.9447222222223,251.0,77.308
STR,1453.9447222222223,252.0,77.308
STR,1470.8780555555556,254.0,77.308
STR,1505.2780555555555,258.0,77.308
STR,1516.7447222222222,258.0,77.308
STR,1539.6780555555556,258.0,77.308
STR,1560.4447222222223,267.0,77.308
STR,1587.4694444444444,271.0,77.308
STR,1608.5472222222222,271.0,77.308
STR,1639.1027777777779,275.0,77.308
STR,1651.4013888888887,275.0,77.308
STR,1666.9569444444442,280.0,77.308
STR,1679.4902777777775,282.0,77.308
STR,1698.2902777777776,282.0,77.308
STR,1717.0902777777776,282.0,77.308
STR,1732.7013888888887,281.0,77.308
STR,1754.5569444444443,281.0,77.308
STR,1770.1680555555554,281.0,77.308
STR,1782.6569444444442,281.0,77.308
STR,1802.8013888888888,259.0,77.308
STR,1816.3013888888888,243.0,77.308
STR,1841.9680555555556,231.0,77.308
STR,1862.234722222222,228.0,77.308
STR,1885.5347222222222,233.0,77.308
STR,1898.6458333333333,236.0,77.308
STR,1912.0902777777776,242.0,77.308
STR,1922.845833333333,242.0,77.308
STR,1936.4569444444442,245.0,77.308
STR,1967.2569444444443,252.0,77.308
STR,1984.0569444444443,252.0,77.308
STR,1998.2236111111108,255.0,77.308
STR,2012.6125,259.0,77.308
STR,2089.6716666666666,267.0,77.308
STR,2104.782777777778,272.0,77.308
STR,2116.916111111111,273.0,77.308
STR,2135.258888888889,274.0,77.308
STR,2153.5922222222225,275.0,77.308
STR,2171.9922222222226,276.0,77.308
STR,2205.847777777778,277.0,77.308
STR,2218.1588888888887,277.0,77.308
STR,2233.8255555555556,282.0,77.308
STR,2259.07,284.0,77.308
STR,2278.1366666666668,286.0,77.308
STR,2297.2699999999995,287.0,77.308
STR,2316.47,288.0,77.308
STR,2342.1588888888887,289.0,77.308
STR,2367.9366666666665,290.0,77.308
STR,2397.1366666666663,292.0,77.308
STR,2419.925555555555,293.0,77.308
STR,2432.9477777777774,293.0,77.308
STR,2446.014444444444,294.0,77.308
STR,2462.3477777777775,294.0,77.308
STR,2485.2922222222214,295.0,77.308
STR,2518.1811111111106,296.0,77.308
STR,2531.3366666666657,296.0,77.308
STR,2547.947777777777,299.0,77.308
STR,2567.9477777777765,300.0,77.308
STR,2581.2861111111106,302.0,77.308
STR,2615.0638888888884,304.0,77.308
STR,2628.6638888888883,306.0,77.308
STR,2649.130555555555,307.0,77.308
STR,2669.7494444444437,308.0,77.308
STR,2683.4827777777773,309.0,77.308
STR,2707.5938888888877,310.0,77.308
STR,2728.3272222222213,311.0,77.308
STR,2759.427222222221,311.0,77.308
STR,2780.2272222222214,312.0,77.308
STR,2863.960555555555,314.0,77.308
STR,2881.4605555555545,315.0,77.308
STR,2912.9605555555545,315.0,77.308
STR,2941.0494444444435,316.0,77.308
STR,2969.1383333333324,316.0,77.308
STR,2983.182777777777,316.0,77.308
STR,3004.316111111111,317.0,77.308
STR,3018.4049999999993,317.0,77.308
STR,3046.582777777777,317.0,77.308
STR,3067.6494444444443,316.0,77.308
STR,3092.1494444444443,315.0,77.308
STR,3109.593888888888,314.0,77.308
STR,3130.5272222222216,314.0,77.308
STR,3151.3272222222217,312.0,77.308
STR,3175.5072222222216,312.0,77.308
STR,3196.240555555555,311.0,77.308
STR,3209.9738888888883,309.0,77.308
STR,3233.4686111111105,301.0,77.308
STR,3249.3574999999996,286.0,77.308
STR,3269.8130555555554,263.0,77.308
STR,3284.146388888889,258.0,77.308
STR,3306.2797222222216,249.0,77.308
STR,3328.324166666666,248.0,77.308
STR,3353.6241666666665,253.0,77.308
STR,3364.8686111111106,253.0,77.308
STR,3379.0352777777775,255.0,77.308
STR,3401.6130555555555,254.0,77.308
STR,3412.8130555555554,252.0,77.308
STR,3424.1019444444446,254.0,77.308
STR,3435.4352777777776,255.0,77.308
STR,3452.635277777778,258.0,77.308
STR,3467.0241666666666,259.0,77.308
STR,3493.4241666666667,264.0,77.308
STR,3517.2463888888888,268.0,77.308
STR,3541.4241666666667,272.0,77.308
STR,3553.6463888888893,275.0,77.308
STR,3565.9130555555557,276.0,77.308
STR,3587.613055555556,279.0,77.308
STR,3603.2241666666673,281.0,77.308
STR,3615.846388888889,284.0,77.308
STR,3631.7352777777783,286.0,77.308
STR,3651.001944444445,289.0,77.308
STR,3673.554444444445,291.0,77.308
STR,3686.487777777779,291.0,77.308
STR,3699.5544444444454,294.0,77.308
STR,3722.6588888888896,296.0,77.308
STR,3735.85888888889,297.0,77.308
STR,3759.114444444445,299.0,77.308
STR,3789.2144444444452,301.0,77.308
STR,3805.9922222222226,302.0,77.308
STR,3822.8811111111117,304.0,77.308
STR,3836.3922222222227,304.0,77.308
STR,3860.192222222223,306.0,77.308
STR,3884.0700000000006,307.0,77.308
STR,3901.1255555555563,307.0,77.308
STR,3924.9255555555555,306.0,77.308
STR,3952.1255555555554,306.0,77.308
STR,3965.7255555555557,306.0,77.308
STR,3982.6699999999996,305.0,77.308
STR,4006.3144444444442,304.0,77.308
STR,4022.181111111111,238.0,77.308
STR,4042.181111111111,180.0,77.308
STR,4057.981111111111,158.0,77.308
STR,4067.047777777778,136.0,77.308
STR,4074.158888888889,128.0,77.308
STR,4085.2700000000004,125.0,77.308
STR,4095.67,117.0,77.308
STR,4106.07,117.0,77.308
STR,4112.958888888888,124.0,77.308
STR,4121.78861111111,133.0,77.308
STR,4127.699722222222,133.0,77.308
STR,4137.540555555555,147.0,77.308
STR,4147.873888888888,155.0,77.308
STR,4157.040555555554,165.0,77.308
STR,4166.707222222221,174.0,77.308
STR,4176.373888888887,174.0,77.308
STR,4186.484999999999,182.0,77.308
STR,4207.184999999999,207.0,77.308
STR,4219.0183333333325,213.0,77.308
STR,4238.573888888888,220.0,77.308
STR,4256.307222222222,228.0,77.308
STR,4271.773888888888,232.0,77.308
STR,4290.051666666666,235.0,77.308
STR,4303.162777777778,236.0,77.308
STR,4313.5183333333325,233.0,77.308
STR,4328.918333333333,231.0,77.308
STR,4339.1849999999995,231.0,77.308
STR,4354.451666666666,229.0,77.308
STR,4369.651666666666,228.0,77.308
STR,4387.540555555554,230.0,77.308
STR,4400.484999999999,233.0,77.308
STR,4424.384999999998,239.0,77.308
STR,4453.59611111111,239.0,77.308
STR,4474.751666666665,238.0,77.308
STR,4490.818333333333,241.0,77.308
STR,4509.640555555555,242.0,77.308
STR,4534.1722222222215,246.0,77.308
STR,4546.021388888888,177.0,77.308
STR,4553.399166666666,166.0,77.308
STR,4559.665833333333,141.0,77.308
STR,4569.465833333333,126.0,77.308
STR,4582.6658333333335,108.0,77.308
STR,4591.554722222222,100.0,77.308
STR,4598.710277777778,92.0,77.308
STR,4602.888055555556,94.0,77.308
STR,4609.354722222223,97.0,77.308
STR,4613.843611111112,101.0,77.308
STR,4618.42138888889,103.0,77.308
STR,4625.954722222223,113.0,77.308
STR,4635.365833333334,121.0,77.308
STR,4653.088055555556,145.0,77.308
STR,4661.8102777777785,157.0,77.308
STR,4670.9769444444455,165.0,77.308
STR,4680.3102777777785,168.0,77.308
STR,4700.088055555556,178.0,77.308
STR,4710.0325,179.0,77.308
STR,4722.165833333334,182.0,77.308
STR,4734.432500000001,184.0,77.308
STR,4747.0325,189.0,77.308
STR,4757.8102777777785,194.0,77.308
STR,4777.8102777777785,200.0,77.308
STR,4789.42138888889,209.0,77.308
STR,4798.652222222224,209.0,77.308
STR,4817.912222222224,216.0,77.308
STR,4840.912222222224,230.0,77.308
STR,4867.690000000001,241.0,77.308
STR,4878.578888888891,245.0,77.308
STR,4903.778888888891,252.0,77.308
STR,4915.156666666669,256.0,77.308
STR,4941.356666666668,262.0,77.308
STR,4974.356666666668,270.0,77.308
STR,4986.445555555557,272.0,77.308
STR,5020.545555555556,279.0,77.308
STR,5032.990000000002,280.0,77.308
STR,5048.712222222224,283.0,77.308
STR,5064.601111111112,286.0,77.308
STR,5080.601111111112,288.0,77.308
STR,5096.656666666668,289.0,77.308
STR,5112.934444444446,293.0,77.308
STR,5129.212222222224,293.0,77.308
STR,5145.656666666668,296.0,77.308
STR,5165.656666666669,300.0,77.308
STR,5182.434444444445,302.0,77.308
STR,5202.634444444446,303.0,77.308
STR,5216.145555555557,304.0,77.308
LEC,7.343055555555556,311.0,77.369
LEC,28.209722222222222,313.0,77.369
LEC,56.12083333333333,314.0,77.369
LEC,77.09972222222221,316.0,77.369
LEC,112.54416666666665,319.0,77.369
LEC,133.81083333333333,319.0,77.369
LEC,173.04416666666665,321.0,77.369
LEC,190.93305555555557,322.0,77.369
LEC,223.03305555555556,321.0,77.369
LEC,244.4997222222222,322.0,77.369
LEC,278.4997222222222,306.0,77.369
LEC,293.66638888888883,273.0,77.369
LEC,307.1108333333333,242.0,77.369
LEC,319.16638888888883,217.0,77.369
LEC,330.3330555555555,201.0,77.369
LEC,340.94138888888887,190.0,77.369
LEC,349.0747222222222,183.0,77.369
LEC,362.68583333333333,175.0,77.369
LEC,376.21916666666664,174.0,77.369
LEC,392.0413888888889,178.0,77.369
LEC,408.7525,188.0,77.369
LEC,426.6191666666666,201.0,77.369
LEC,442.7969444444444,208.0,77.369
LEC,464.59694444444443,218.0,77.369
LEC,482.0191666666666,224.0,77.369
LEC,499.8302777777777,229.0,77.369
LEC,518.1858333333333,236.0,77.369
LEC,528.8525,240.0,77.369
LEC,550.385,243.0,77.369
LEC,578.0516666666667,249.0,77.369
LEC,589.3405555555556,254.0,77.369
LEC,606.6738888888889,260.0,77.369
LEC,624.2738888888889,264.0,77.369
LEC,639.1072222222223,267.0,77.369
LEC,654.1627777777778,271.0,77.369
LEC,688.2627777777777,279.0,77.369
LEC,713.4183333333333,283.0,77.369
LEC,735.8183333333334,288.0,77.369
LEC,755.1516666666666,290.0,77.369
LEC,768.2552777777779,293.0,77.369
LEC,807.8552777777778,297.0,77.369
LEC,821.1441666666667,299.0,77.369
LEC,837.866388888889,301.0,77.369
LEC,861.3552777777778,302.0,77.369
LEC,895.4663888888889,307.0,77.369
LEC,919.4997222222222,309.0,77.369
LEC,946.9663888888889,309.0,77.369
LEC,960.6997222222222,309.0,77.369
LEC,981.2330555555556,308.0,77.369
LEC,995.9552777777777,265.0,77.369
LEC,1011.488611111111,233.0,77.369
LEC,1020.5997222222221,205.0,77.369
LEC,1038.7108333333333,163.0,77.369
LEC,1046.8366666666666,147.0,77.369
LEC,1054.3366666666666,135.0,77.369
LEC,1060.158888888889,131.0,77.369
LEC,1071.858888888889,117.0,77.369
LEC,1085.058888888889,108.0,77.369
LEC,1092.1255555555556,106.0,77.369
LEC,1102.9255555555555,108.0,77.369
LEC,1114.4255555555555,115.0,77.369
LEC,1119.7144444444446,119.0,77.369
LEC,1131.0922222222223,128.0,77.369
LEC,1138.5366666666666,134.0,77.369
LEC,1146.5208333333333,143.0,77.369
LEC,1154.7430555555554,148.0,77.369
LEC,1173.2986111111109,167.0,77.369
LEC,1180.8541666666665,170.0,77.369
LEC,1193.6875,165.0,77.369
LEC,1209.2875,156.0,77.369
LEC,1225.0874999999999,158.0,77.369
LEC,1237.6097222222222,161.0,77.369
LEC,1244.9875,166.0,77.369
LEC,1258.598611111111,175.0,77.369
LEC,1272.8319444444442,183.0,77.369
LEC,1292.3319444444442,195.0,77.369
LEC,1301.2652777777776,201.0,77.369
LEC,1315.198611111111,209.0,77.369
LEC,1329.4722222222222,215.0,77.369
LEC,1341.5833333333333,218.0,77.369
LEC,1362.1166666666666,231.0,77.369
LEC,1377.8499999999997,236.0,77.369
LEC,1399.183333333333,240.0,77.369
LEC,1415.6499999999996,247.0,77.369
LEC,1434.9388888888884,248.0,77.369
LEC,1451.8055555555552,253.0,77.369
LEC,1463.0499999999997,253.0,77.369
LEC,1491.383333333333,255.0,77.369
LEC,1505.6611111111108,257.0,77.369
LEC,1525.9555555555555,260.0,77.369
LEC,1537.6888888888886,264.0,77.369
LEC,1552.411111111111,265.0,77.369
LEC,1579.311111111111,269.0,77.369
LEC,1597.5111111111107,273.0,77.369
LEC,1612.7888888888886,275.0,77.369
LEC,1637.4999999999998,278.0,77.369
LEC,1671.9666666666665,282.0,77.369
LEC,1684.4999999999998,282.0,77.369
LEC,1722.6333333333332,286.0,77.369
LEC,1738.6333333333332,288.0,77.369
LEC,1761.111111111111,289.0,77.369
LEC,1777.111111111111,288.0,77.369
LEC,1796.2444444444443,287.0,77.369
LEC,1807.9044444444444,264.0,77.369
LEC,1824.4377777777777,248.0,77.369
LEC,1839.9711111111112,233.0,77.369
LEC,1859.1711111111113,216.0,77.369
LEC,1880.4711111111112,213.0,77.369
LEC,1910.2044444444446,223.0,77.369
LEC,1927.7822222222221,226.0,77.369
LEC,1946.1377777777777,236.0,77.369
LEC,1956.671111111111,237.0,77.369
LEC,1978.271111111111,243.0,77.369
LEC,2003.2402777777777,249.0,77.369
LEC,2014.4847222222222,253.0,77.369
LEC,2031.6180555555554,257.0,77.369
LEC,2057.8180555555555,262.0,77.369
LEC,2075.418055555556,264.0,77.369
LEC,2090.2513888888893,267.0,77.369
LEC,2111.1736111111113,269.0,77.369
LEC,2126.229166666667,271.0,77.369
LEC,2147.540277777778,274.0,77.369
LEC,2165.873611111111,275.0,77.369
LEC,2184.273611111111,276.0,77.369
LEC,2196.6736111111113,279.0,77.369
LEC,2221.5625,280.0,77.369
LEC,2237.173611111111,281.0,77.369
LEC,2259.2625,284.0,77.369
LEC,2287.6833333333334,285.0,77.369
LEC,2322.883333333333,288.0,77.369
LEC,2348.75,291.0,77.369
LEC,2364.916666666667,291.0,77.369
LEC,2390.8722222222227,292.0,77.369
LEC,2423.316666666667,292.0,77.369
LEC,2436.3833333333337,294.0,77.369
LEC,2456.0500000000006,295.0,77.369
LEC,2469.1611111111115,295.0,77.369
LEC,2492.187500000001,295.0,77.369
LEC,2525.0763888888896,296.0,77.369
LEC,2541.631944444445,298.0,77.369
LEC,2565.043055555556,301.0,77.369
LEC,2588.6097222222224,303.0,77.369
LEC,2615.8097222222223,306.0,77.369
LEC,2636.3430555555556,308.0,77.369
LEC,2660.376388888889,309.0,77.369
LEC,2688.1097222222224,312.0,77.369
LEC,2708.909722222222,312.0,77.369
LEC,2722.8208333333337,313.0,77.369
LEC,2736.776388888889,314.0,77.369
LEC,2750.7319444444447,314.0,77.369
LEC,2775.2319444444447,315.0,77.369
LEC,2796.298611111111,316.0,77.369
LEC,2827.9986111111107,317.0,77.369
LEC,2845.5216666666665,317.0,77.369
LEC,2870.255,318.0,77.369
LEC,2884.3883333333333,318.0,77.369
LEC,2905.655,319.0,77.369
LEC,2941.0994444444445,319.0,77.369
LEC,2969.455,319.0,77.369
LEC,3001.455,320.0,77.369
LEC,3040.566111111111,320.0,77.369
LEC,3083.4552777777776,321.0,77.369
LEC,3111.899722222222,320.0,77.369
LEC,3140.4330555555553,321.0,77.369
LEC,3168.9663888888886,321.0,77.369
LEC,3186.688611111111,319.0,77.369
LEC,3204.410833333333,319.0,77.369
LEC,3225.3441666666663,314.0,77.369
LEC,3247.588611111111,286.0,77.369
LEC,3262.7552777777773,273.0,77.369
LEC,3293.4330555555553,251.0,77.369
LEC,3307.0997222222218,246.0,77.369
LEC,3317.988611111111,245.0,77.369
LEC,3328.8774999999996,245.0,77.369
LEC,3345.4775,249.0,77.369
LEC,3359.4219444444443,251.0,77.369
LEC,3370.5330555555556,250.0,77.369
LEC,3384.3108333333334,248.0,77.369
LEC,3397.909166666667,246.0,77.369
LEC,3416.8869444444445,244.0,77.369
LEC,3427.731388888889,244.0,77.369
LEC,3438.620277777778,245.0,77.369
LEC,3457.9091666666664,248.0,77.369
LEC,3471.9091666666664,252.0,77.369
LEC,3491.8202777777774,256.0,77.369
LEC,3503.198055555555,256.0,77.369
LEC,3523.575833333333,262.0,77.369
LEC,3535.3091666666664,264.0,77.369
LEC,3553.0424999999996,266.0,77.369
LEC,3577.295833333333,272.0,77.369
LEC,3595.7624999999994,277.0,77.369
LEC,3611.318055555555,280.0,77.369
LEC,3626.984722222222,282.0,77.369
LEC,3652.4069444444444,286.0,77.369
LEC,3665.1625,287.0,77.369
LEC,3678.006944444445,289.0,77.369
LEC,3697.4069444444444,291.0,77.369
LEC,3717.006944444445,294.0,77.369
LEC,3736.606944444445,294.0,77.369
LEC,3759.784722222223,298.0,77.369
LEC,3776.395833333334,299.0,77.369
LEC,3793.062500000001,300.0,77.369
LEC,3823.462500000001,304.0,77.369
LEC,3843.862500000001,306.0,77.369
LEC,3857.462500000001,306.0,77.369
LEC,3884.9291666666677,309.0,77.369
LEC,3902.2069444444455,311.0,77.369
LEC,3926.4644444444452,313.0,77.369
LEC,3954.2866666666673,313.0,77.369
LEC,3971.620000000001,312.0,77.369
LEC,3988.897777777778,311.0,77.369
LEC,4012.6977777777784,306.0,77.369
LEC,4026.2977777777787,306.0,77.369
LEC,4038.342222222223,271.0,77.369
LEC,4056.8533333333344,238.0,77.369
LEC,4070.231111111112,172.0,77.369
LEC,4078.8977777777786,156.0,77.369
LEC,4086.9377777777786,144.0,77.369
LEC,4098.84888888889,134.0,77.369
LEC,4108.337777777779,122.0,77.369
LEC,4117.904444444445,123.0,77.369
LEC,4126.104444444445,123.0,77.369
LEC,4134.571111111111,127.0,77.369
LEC,4141.904444444444,132.0,77.369
LEC,4151.504444444445,144.0,77.369
LEC,4173.3711111111115,164.0,77.369
LEC,4181.06,173.0,77.369
LEC,4193.193333333334,182.0,77.369
LEC,4208.204444444445,193.0,77.369
LEC,4226.248888888889,203.0,77.369
LEC,4247.748888888889,215.0,77.369
LEC,4267.393333333333,221.0,77.369
LEC,4293.328333333334,234.0,77.369
LEC,4322.539444444445,239.0,77.369
LEC,4333.161666666667,239.0,77.369
LEC,4358.383888888889,227.0,77.369
LEC,4400.695,224.0,77.369
LEC,4413.139444444444,224.0,77.369
LEC,4439.315833333333,235.0,77.369
LEC,4449.938055555555,239.0,77.369
LEC,4468.760277777777,242.0,77.369
LEC,4482.315833333333,244.0,77.369
LEC,4493.2491666666665,246.0,77.369
LEC,4507.193611111111,251.0,77.369
LEC,4526.793611111111,252.0,77.369
LEC,4540.626944444443,249.0,77.369
LEC,4561.626944444443,189.0,77.369
LEC,4575.671388888887,158.0,77.369
LEC,4585.138055555554,142.0,77.369
LEC,4596.071388888888,123.0,77.369
LEC,4601.182499999999,115.0,77.369
LEC,4609.504722222221,107.0,77.369
LEC,4614.038055555555,102.0,77.369
LEC,4620.771388888888,101.0,77.369
LEC,4626.3825,101.0,77.369
LEC,4631.004722222222,104.0,77.369
LEC,4640.426944444444,106.0,77.369
LEC,4650.617222222222,115.0,77.369
LEC,4666.383888888889,129.0,77.369
LEC,4675.917222222222,143.0,77.369
LEC,4682.495,148.0,77.369
LEC,4695.172777777778,163.0,77.369
LEC,4702.639444444444,168.0,77.369
LEC,4710.150555555555,169.0,77.369
LEC,4725.665555555555,174.0,77.369
LEC,4743.265555555556,176.0,77.369
LEC,4751.1322222222225,177.0,77.369
LEC,4763.1322222222225,180.0,77.369
LEC,4773.4655555555555,186.0,77.369
LEC,4781.954444444445,191.0,77.369
LEC,4790.532222222223,193.0,77.369
LEC,4803.865555555556,200.0,77.369
LEC,4815.31,206.0,77.369
LEC,4834.332222222222,214.0,77.369
LEC,4856.832222222222,225.0,77.369
LEC,4866.832222222222,225.0,77.369
LEC,4879.832222222222,234.0,77.369
LEC,4890.4544444444455,239.0,77.369
LEC,4909.665555555555,247.0,77.369
LEC,4929.11,250.0,77.369
LEC,4955.21,261.0,77.369
LEC,4972.81,264.0,77.369
LEC,4984.587777777778,265.0,77.369
LEC,4999.698888888889,272.0,77.369
LEC,5011.921111111111,275.0,77.369
LEC,5039.74361111111,279.0,77.369
LEC,5055.410277777777,282.0,77.369
LEC,5081.010277777777,288.0,77.369
LEC,5097.065833333332,289.0,77.369
LEC,5113.3436111111105,293.0,77.369
LEC,5129.676944444444,294.0,77.369
LEC,5152.854722222222,298.0,77.369
LEC,5176.349444444445,301.0,77.369
LEC,5210.238333333333,305.0,77.369
LEC,5227.238333333333,306.0,77.369
LEC,5244.349444444444,308.0,77.369
ALB,8.840833333333332,309.0,77.609
ALB,33.02972222222222,311.0,77.609
ALB,46.85194444444444,311.0,77.609
ALB,64.24083333333333,313.0,77.609
ALB,85.24083333333333,315.0,77.609
ALB,99.28527777777778,316.0,77.609
ALB,116.84083333333334,316.0,77.609
ALB,130.97416666666666,318.0,77.609
ALB,159.32972222222222,319.0,77.609
ALB,184.2963888888889,321.0,77.609
ALB,216.4963888888889,322.0,77.609
ALB,245.02972222222223,321.0,77.609
ALB,261.75194444444446,301.0,77.609
ALB,279.75194444444446,270.0,77.609
ALB,293.1408333333334,241.0,77.609
ALB,311.8658333333334,210.0,77.609
ALB,326.79916666666674,192.0,77.609
ALB,343.06583333333344,183.0,77.609
ALB,364.5280555555557,176.0,77.609
ALB,372.21694444444455,173.0,77.609
ALB,392.4391666666668,182.0,77.609
ALB,400.79472222222233,188.0,77.609
ALB,413.9947222222223,198.0,77.609
ALB,427.7280555555556,206.0,77.609
ALB,439.5613888888889,213.0,77.609
ALB,464.2280555555556,222.0,77.609
ALB,487.1280555555556,229.0,77.609
ALB,500.07250000000005,233.0,77.609
ALB,513.1836111111112,236.0,77.609
ALB,531.8502777777778,240.0,77.609
ALB,548.2502777777778,246.0,77.609
ALB,564.9169444444444,250.0,77.609
ALB,581.8502777777778,254.0,77.609
ALB,593.3169444444445,258.0,77.609
ALB,610.8502777777778,263.0,77.609
ALB,631.6947222222223,268.0,77.609
ALB,649.761388888889,271.0,77.609
ALB,668.161388888889,276.0,77.609
ALB,702.6280555555555,282.0,77.609
ALB,718.4613888888889,285.0,77.609
ALB,731.2966666666666,287.0,77.609
ALB,747.4077777777777,290.0,77.609
ALB,827.5908333333332,301.0,77.609
ALB,840.9686111111109,301.0,77.609
ALB,854.4352777777776,303.0,77.609
ALB,878.1574999999999,305.0,77.609
ALB,902.0352777777777,307.0,77.609
ALB,919.1463888888887,308.0,77.609
ALB,939.679722222222,308.0,77.609
ALB,956.7908333333332,308.0,77.609
ALB,970.3463888888888,305.0,77.609
ALB,985.568611111111,274.0,77.609
ALB,1003.1463888888887,226.0,77.609
ALB,1017.6130555555554,186.0,77.609
ALB,1032.9130555555555,153.0,77.609
ALB,1040.6908333333333,140.0,77.609
ALB,1056.2130555555557,127.0,77.609
ALB,1065.9352777777779,125.0,77.609
ALB,1072.4352777777779,117.0,77.609
ALB,1079.9686111111112,113.0,77.609
ALB,1088.3686111111112,108.0,77.609
ALB,1094.2019444444445,105.0,77.609
ALB,1102.6797222222222,109.0,77.609
ALB,1107.6130555555555,111.0,77.609
ALB,1114.0575,116.0,77.609
ALB,1119.4241666666667,120.0,77.609
ALB,1129.2241666666666,126.0,77.609
ALB,1135.1352777777777,133.0,77.609
ALB,1144.8019444444442,145.0,77.609
ALB,1156.8574999999998,155.0,77.609
ALB,1165.9230555555553,164.0,77.609
ALB,1183.8119444444442,161.0,77.609
ALB,1201.9230555555553,163.0,77.609
ALB,1212.8563888888887,164.0,77.609
ALB,1229.1563888888886,163.0,77.609
ALB,1240.0230555555552,163.0,77.609
ALB,1247.5341666666664,169.0,77.609
ALB,1260.911944444444,172.0,77.609
ALB,1269.0452777777775,183.0,77.609
ALB,1281.711944444444,190.0,77.609
ALB,1292.5452777777773,195.0,77.609
ALB,1308.4897222222219,205.0,77.609
ALB,1327.600833333333,215.0,77.609
ALB,1337.4230555555553,221.0,77.609
ALB,1350.0341666666664,227.0,77.609
ALB,1368.2341666666664,234.0,77.609
ALB,1384.1674999999996,239.0,77.609
ALB,1400.500833333333,245.0,77.609
ALB,1411.4341666666664,246.0,77.609
ALB,1430.8786111111108,250.0,77.609
ALB,1444.878611111111,252.0,77.609
ALB,1502.061111111111,257.0,77.609
ALB,1525.261111111111,261.0,77.609
ALB,1542.9277777777775,265.0,77.609
ALB,1569.7530555555554,269.0,77.609
ALB,1587.9530555555552,273.0,77.609
ALB,1603.1197222222222,273.0,77.609
ALB,1618.5086111111111,277.0,77.609
ALB,1637.108611111111,279.0,77.609
ALB,1661.908611111111,279.0,77.609
ALB,1677.6308333333332,283.0,77.609
ALB,1699.8752777777777,286.0,77.609
ALB,1712.6308333333332,287.0,77.609
ALB,1731.830833333333,288.0,77.609
ALB,1744.630833333333,288.0,77.609
ALB,1773.4308333333329,288.0,77.609
ALB,1791.4974999999997,271.0,77.609
ALB,1803.141944444444,262.0,77.609
ALB,1817.030833333333,250.0,77.609
ALB,1838.3641666666663,240.0,77.609
ALB,1856.330833333333,231.0,77.609
ALB,1869.219722222222,232.0,77.609
ALB,1879.441944444444,230.0,77.609
ALB,1899.9752777777774,231.0,77.609
ALB,1912.9752777777774,234.0,77.609
ALB,1934.041944444444,237.0,77.609
ALB,1950.3763888888884,244.0,77.609
ALB,1961.2652777777773,245.0,77.609
ALB,1980.6319444444441,249.0,77.609
ALB,1997.431944444444,252.0,77.609
ALB,2017.3430555555553,256.0,77.609
ALB,2031.7874999999997,260.0,77.609
ALB,2058.2138888888885,265.0,77.609
ALB,2085.1138888888886,269.0,77.609
ALB,2103.180555555555,271.0,77.609
ALB,2118.347222222222,273.0,77.609
ALB,2133.569444444444,274.0,77.609
ALB,2151.8361111111108,274.0,77.609
ALB,2167.225,277.0,77.609
ALB,2179.5805555555553,278.0,77.609
ALB,2204.558333333333,281.0,77.609
ALB,2217.0472222222215,281.0,77.609
ALB,2235.780555555555,281.0,77.609
ALB,2267.558333333333,286.0,77.609
ALB,2280.269444444444,286.0,77.609
ALB,2293.069444444444,288.0,77.609
ALB,2312.4027777777774,290.0,77.609
ALB,2328.5694444444443,291.0,77.609
ALB,2348.0361111111106,292.0,77.609
ALB,2361.1027777777776,294.0,77.609
ALB,2374.1694444444443,294.0,77.609
ALB,2400.4805555555554,296.0,77.609
ALB,2413.6361111111114,296.0,77.609
ALB,2436.8138888888893,298.0,77.609
ALB,2450.141111111111,298.0,77.609
ALB,2466.7522222222224,299.0,77.609
ALB,2500.0855555555554,300.0,77.609
ALB,2516.6966666666667,299.0,77.609
ALB,2536.8300000000004,302.0,77.609
ALB,2563.8522222222227,304.0,77.609
ALB,2594.4669444444444,307.0,77.609
ALB,2611.5780555555557,308.0,77.609
ALB,2632.2447222222227,310.0,77.609
ALB,2663.4447222222225,312.0,77.609
ALB,2701.700277777778,313.0,77.609
ALB,2719.1447222222228,314.0,77.609
ALB,2733.1447222222223,315.0,77.609
ALB,2761.2336111111113,316.0,77.609
ALB,2789.411388888889,317.0,77.609
ALB,2810.544722222223,317.0,77.609
ALB,2842.3447222222226,318.0,77.609
ALB,2860.011388888889,318.0,77.609
ALB,2884.8225,319.0,77.609
ALB,2906.089166666667,319.0,77.609
ALB,2923.8113888888897,319.0,77.609
ALB,2945.1447222222228,320.0,77.609
ALB,2966.4780555555562,320.0,77.609
ALB,2987.8113888888897,320.0,77.609
ALB,3016.344722222223,321.0,77.609
ALB,3052.100555555556,321.0,77.609
ALB,3069.9338888888897,321.0,77.609
ALB,3084.200555555556,321.0,77.609
ALB,3112.8227777777784,322.0,77.609
ALB,3127.13388888889,322.0,77.609
ALB,3148.5338888888896,321.0,77.609
ALB,3187.556111111112,320.0,77.609
ALB,3214.8450000000007,307.0,77.609
ALB,3255.6005555555566,262.0,77.609
ALB,3275.356111111112,254.0,77.609
ALB,3294.256111111112,243.0,77.609
ALB,3318.356111111112,241.0,77.609
ALB,3340.311666666668,247.0,77.609
ALB,3362.53388888889,250.0,77.609
ALB,3390.645000000001,253.0,77.609
ALB,3404.811666666668,255.0,77.609
ALB,3416.056111111112,253.0,77.609
ALB,3438.7227777777784,255.0,77.609
ALB,3467.5005555555563,259.0,77.609
ALB,3484.8338888888898,260.0,77.609
ALB,3514.278333333334,265.0,77.609
ALB,3538.531666666667,272.0,77.609
ALB,3563.0650000000005,276.0,77.609
ALB,3581.665000000001,279.0,77.609
ALB,3610.065000000001,284.0,77.609
ALB,3635.4872222222234,286.0,77.609
ALB,3651.5983333333347,290.0,77.609
ALB,3671.065000000001,292.0,77.609
ALB,3690.6497222222233,295.0,77.609
ALB,3710.4497222222235,297.0,77.609
ALB,3723.6941666666676,298.0,77.609
ALB,3747.027500000001,300.0,77.609
ALB,3763.7497222222228,301.0,77.609
ALB,3780.5275000000006,302.0,77.609
ALB,3814.4163888888893,305.0,77.609
ALB,3828.0163888888897,306.0,77.609
ALB,3848.5497222222225,308.0,77.609
ALB,3872.583055555556,309.0,77.609
ALB,3900.3163888888894,312.0,77.609
ALB,3914.183055555556,312.0,77.609
ALB,3938.5275000000006,313.0,77.609
ALB,3966.260833333334,312.0,77.609
ALB,3987.1275000000005,313.0,77.609
ALB,4011.0386111111115,269.0,77.609
ALB,4022.238611111112,252.0,77.609
ALB,4032.016388888889,220.0,77.609
ALB,4044.883055555556,193.0,77.609
ALB,4055.728055555556,162.0,77.609
ALB,4065.5947222222226,148.0,77.609
ALB,4073.261388888889,138.0,77.609
ALB,4085.861388888889,126.0,77.609
ALB,4094.128055555556,124.0,77.609
ALB,4107.128055555556,117.0,77.609
ALB,4115.1947222222225,121.0,77.609
ALB,4128.058888888889,129.0,77.609
ALB,4137.458888888888,141.0,77.609
ALB,4152.958888888888,155.0,77.609
ALB,4162.1255555555545,165.0,77.609
ALB,4171.792222222221,174.0,77.609
ALB,4186.258888888889,186.0,77.609
ALB,4199.125555555555,193.0,77.609
ALB,4210.292222222222,201.0,77.609
ALB,4221.625555555556,204.0,77.609
ALB,4236.025555555556,216.0,77.609
ALB,4261.358888888889,228.0,77.609
ALB,4271.581111111112,230.0,77.609
ALB,4287.2477777777785,235.0,77.609
ALB,4303.114444444444,238.0,77.609
ALB,4313.692222222223,238.0,77.609
ALB,4324.225555555556,237.0,77.609
ALB,4334.67,235.0,77.609
ALB,4354.847777777778,227.0,77.609
ALB,4369.847777777778,225.0,77.609
ALB,4384.910277777778,225.0,77.609
ALB,4453.376944444444,237.0,77.609
ALB,4472.043611111111,240.0,77.609
ALB,4485.543611111111,243.0,77.609
ALB,4496.476944444445,246.0,77.609
ALB,4515.688055555555,247.0,77.609
ALB,4532.660555555555,219.0,77.609
ALB,4549.860555555555,172.0,77.609
ALB,4558.249444444444,151.0,77.609
ALB,4572.249444444444,126.0,77.609
ALB,4578.860555555555,119.0,77.609
ALB,4586.393888888889,113.0,77.609
ALB,4595.549444444444,103.0,77.609
ALB,4600.082777777777,102.0,77.609
ALB,4606.549444444444,97.0,77.609
ALB,4610.81611111111,96.0,77.609
ALB,4616.093888888889,95.0,77.609
ALB,4623.949444444444,101.0,77.609
ALB,4629.7827777777775,105.0,77.609
ALB,4634.671666666667,110.0,77.609
ALB,4643.693888888889,116.0,77.609
ALB,4649.205,124.0,77.609
ALB,4656.316111111111,128.0,77.609
ALB,4669.382777777778,147.0,77.609
ALB,4689.595277777778,165.0,77.609
ALB,4700.728611111112,167.0,77.609
ALB,4713.873055555556,169.0,77.609
ALB,4727.2508333333335,172.0,77.609
ALB,4738.9175,175.0,77.609
ALB,4750.850833333333,179.0,77.609
ALB,4759.073055555555,185.0,77.609
ALB,4769.517499999999,188.0,77.609
ALB,4787.295277777776,200.0,77.609
ALB,4803.337777777777,207.0,77.609
ALB,4812.804444444443,213.0,77.609
ALB,4827.337777777776,218.0,77.609
ALB,4847.337777777777,225.0,77.609
ALB,4870.937777777777,236.0,77.609
ALB,4901.004444444444,246.0,77.609
ALB,4932.415555555554,257.0,77.609
ALB,4946.915555555554,261.0,77.609
ALB,4958.604444444443,263.0,77.609
ALB,4976.404444444443,267.0,77.609
ALB,4991.515555555554,272.0,77.609
ALB,5003.693333333332,274.0,77.609
ALB,5034.804444444443,280.0,77.609
ALB,5066.582222222221,286.0,77.609
ALB,5089.137777777777,290.0,77.609
ALB,5108.685555555555,292.0,77.609
ALB,5128.4188888888875,296.0,77.609
ALB,5158.218888888888,298.0,77.609
ALB,5171.641111111109,302.0,77.609
ALB,5185.1077777777755,303.0,77.609
ALB,5212.307777777776,306.0,77.609
ALB,5229.363333333332,307.0,77.609
GAS,29.137500000000003,315.0,77.574
GAS,64.47083333333333,318.0,77.574
GAS,78.60416666666667,318.0,77.574
GAS,146.79305555555555,323.0,77.574
GAS,164.8486111111111,325.0,77.574
GAS,197.3486111111111,325.0,77.574
GAS,215.34861111111107,324.0,77.574
GAS,233.29305555555553,323.0,77.574
GAS,251.18194444444444,322.0,77.574
GAS,268.0708333333333,304.0,77.574
GAS,293.97083333333336,259.0,77.574
GAS,310.77083333333337,216.0,77.574
GAS,320.01527777777784,208.0,77.574
GAS,339.2152777777778,192.0,77.574
GAS,355.7486111111112,186.0,77.574
GAS,365.9102777777778,182.0,77.574
GAS,387.7880555555556,179.0,77.574
GAS,409.2325,193.0,77.574
GAS,427.0102777777778,200.0,77.574
GAS,443.42138888888894,211.0,77.574
GAS,452.8880555555556,213.0,77.574
GAS,469.7830555555556,218.0,77.574
GAS,479.82750000000004,226.0,77.574
GAS,503.0275000000001,232.0,77.574
GAS,518.8275000000001,237.0,77.574
GAS,537.4941666666668,240.0,77.574
GAS,551.0497222222224,244.0,77.574
GAS,573.3608333333334,251.0,77.574
GAS,584.516388888889,251.0,77.574
GAS,607.6275,260.0,77.574
GAS,619.3608333333334,264.0,77.574
GAS,637.2275000000001,268.0,77.574
GAS,652.2830555555556,271.0,77.574
GAS,686.5052777777779,280.0,77.574
GAS,708.516388888889,283.0,77.574
GAS,733.9386111111112,286.0,77.574
GAS,753.2719444444446,290.0,77.574
GAS,776.1386111111112,294.0,77.574
GAS,802.5386111111112,297.0,77.574
GAS,829.3777777777779,301.0,77.574
GAS,846.1555555555557,302.0,77.574
GAS,869.8777777777779,305.0,77.574
GAS,883.4777777777779,306.0,77.574
GAS,897.1222222222224,307.0,77.574
GAS,917.5222222222224,306.0,77.574
GAS,934.5222222222222,306.0,77.574
GAS,957.7777777777777,299.0,77.574
GAS,986.8005555555555,238.0,77.574
GAS,1002.3561111111112,200.0,77.574
GAS,1016.2783333333334,179.0,77.574
GAS,1028.8783333333333,162.0,77.574
GAS,1038.4116666666666,143.0,77.574
GAS,1044.545,138.0,77.574
GAS,1051.7116666666668,129.0,77.574
GAS,1066.9116666666669,114.0,77.574
GAS,1073.0783333333336,111.0,77.574
GAS,1077.922777777778,109.0,77.574
GAS,1083.7561111111113,105.0,77.574
GAS,1090.6227777777779,103.0,77.574
GAS,1097.6894444444445,106.0,77.574
GAS,1106.2450000000001,110.0,77.574
GAS,1115.3450000000003,117.0,77.574
GAS,1120.7672222222225,122.0,77.574
GAS,1131.2672222222225,135.0,77.574
GAS,1142.3894444444447,143.0,77.574
GAS,1154.800277777778,159.0,77.574
GAS,1162.2225000000003,167.0,77.574
GAS,1179.3225000000004,171.0,77.574
GAS,1199.8558333333337,168.0,77.574
GAS,1207.278055555556,167.0,77.574
GAS,1218.0780555555561,162.0,77.574
GAS,1230.7558333333338,163.0,77.574
GAS,1243.4658333333339,164.0,77.574
GAS,1252.9102777777784,170.0,77.574
GAS,1266.8325000000004,179.0,77.574
GAS,1286.1325000000004,193.0,77.574
GAS,1301.9991666666672,204.0,77.574
GAS,1320.9325000000006,213.0,77.574
GAS,1335.399166666667,217.0,77.574
GAS,1363.7547222222227,232.0,77.574
GAS,1382.188055555556,237.0,77.574
GAS,1395.576944444445,241.0,77.574
GAS,1420.276944444445,247.0,77.574
GAS,1434.165833333334,250.0,77.574
GAS,1448.165833333334,252.0,77.574
GAS,1479.454722222223,256.0,77.574
GAS,1493.7325000000008,257.0,77.574
GAS,1525.6325000000008,261.0,77.574
GAS,1552.0055555555564,263.0,77.574
GAS,1572.6166666666672,265.0,77.574
GAS,1599.9166666666674,273.0,77.574
GAS,1630.583333333334,276.0,77.574
GAS,1642.983333333334,279.0,77.574
GAS,1664.683333333334,279.0,77.574
GAS,1683.5500000000006,283.0,77.574
GAS,1696.1277777777784,283.0,77.574
GAS,1734.0486111111118,285.0,77.574
GAS,1759.2930555555563,284.0,77.574
GAS,1775.0708333333341,284.0,77.574
GAS,1790.0708333333343,270.0,77.574
GAS,1806.6041666666677,248.0,77.574
GAS,1819.8819444444455,239.0,77.574
GAS,1832.8819444444455,234.0,77.574
GAS,1853.0597222222232,227.0,77.574
GAS,1880.4375000000011,224.0,77.574
GAS,1898.1708333333345,228.0,77.574
GAS,1908.4375000000011,231.0,77.574
GAS,1932.337500000001,239.0,77.574
GAS,1956.637500000001,243.0,77.574
GAS,1973.1708333333343,248.0,77.574
GAS,1995.5708333333343,252.0,77.574
GAS,2015.709166666668,258.0,77.574
GAS,2027.3091666666678,261.0,77.574
GAS,2044.842500000001,263.0,77.574
GAS,2065.53138888889,266.0,77.574
GAS,2080.4202777777787,268.0,77.574
GAS,2098.353611111112,269.0,77.574
GAS,2128.5758333333342,272.0,77.574
GAS,2162.309166666668,276.0,77.574
GAS,2180.765277777779,278.0,77.574
GAS,2196.265277777779,279.0,77.574
GAS,2221.065277777779,279.0,77.574
GAS,2242.843055555557,280.0,77.574
GAS,2255.2875000000013,280.0,77.574
GAS,2274.2208333333347,284.0,77.574
GAS,2289.998611111112,284.0,77.574
GAS,2315.509722222223,287.0,77.574
GAS,2337.9875000000006,289.0,77.574
GAS,2373.5541666666672,291.0,77.574
GAS,2399.5986111111115,293.0,77.574
GAS,2415.931944444445,294.0,77.574
GAS,2442.154166666667,295.0,77.574
GAS,2478.3319444444446,296.0,77.574
GAS,2501.4319444444445,297.0,77.574
GAS,2528.0036111111112,298.0,77.574
GAS,2541.2480555555558,298.0,77.574
GAS,2626.8036111111114,308.0,77.574
GAS,2647.3369444444447,308.0,77.574
GAS,2664.4480555555556,308.0,77.574
GAS,2692.5369444444445,316.0,77.574
GAS,2738.3819444444443,318.0,77.574
GAS,2766.8263888888887,320.0,77.574
GAS,2781.0930555555556,321.0,77.574
GAS,2806.1375000000003,322.0,77.574
GAS,2827.670833333333,323.0,77.574
GAS,2852.8708333333334,324.0,77.574
GAS,2881.848611111111,326.0,77.574
GAS,2900.015277777778,327.0,77.574
GAS,2925.5263888888894,328.0,77.574
GAS,2961.9708333333338,328.0,77.574
GAS,2980.1930555555555,328.0,77.574
GAS,3005.704166666667,328.0,77.574
GAS,3034.8597222222224,328.0,77.574
GAS,3067.659722222222,328.0,77.574
GAS,3089.4597222222224,327.0,77.574
GAS,3133.0169444444446,326.0,77.574
GAS,3147.416944444444,324.0,77.574
GAS,3176.0391666666665,322.0,77.574
GAS,3193.8725,321.0,77.574
GAS,3220.2725,297.0,77.574
GAS,3250.7169444444444,274.0,77.574
GAS,3281.883611111111,255.0,77.574
GAS,3293.039166666667,251.0,77.574
GAS,3315.014722222222,248.0,77.574
GAS,3331.681388888889,250.0,77.574
GAS,3348.548055555556,253.0,77.574
GAS,3365.4147222222227,253.0,77.574
GAS,3376.659166666667,253.0,77.574
GAS,3398.4369444444446,245.0,77.574
GAS,3420.570277777778,249.0,77.574
GAS,3431.6813888888887,250.0,77.574
GAS,3457.181388888889,255.0,77.574
GAS,3480.2036111111115,259.0,77.574
GAS,3500.659166666667,263.0,77.574
GAS,3512.4369444444446,265.0,77.574
GAS,3548.703611111111,272.0,77.574
GAS,3573.4147222222223,278.0,77.574
GAS,3589.0258333333336,281.0,77.574
GAS,3604.826666666667,283.0,77.574
GAS,3627.0711111111113,286.0,77.574
GAS,3649.471111111111,288.0,77.574
GAS,3665.637777777778,291.0,77.574
GAS,3681.915555555556,293.0,77.574
GAS,3714.8044444444445,296.0,77.574
GAS,3748.1377777777775,300.0,77.574
GAS,3764.86,301.0,77.574
GAS,3805.2599999999998,303.0,77.574
GAS,3825.6413888888883,307.0,77.574
GAS,3849.7524999999996,310.0,77.574
GAS,3870.5525,312.0,77.574
GAS,3891.4191666666666,313.0,77.574
GAS,3922.8191666666667,314.0,77.574
GAS,4002.041388888889,230.0,77.574
GAS,4020.1413888888887,181.0,77.574
GAS,4032.9747222222218,165.0,77.574
GAS,4042.7080555555553,146.0,77.574
GAS,4054.6191666666664,134.0,77.574
GAS,4061.8413888888886,130.0,77.574
GAS,4074.4763888888883,126.0,77.574
GAS,4079.854166666666,121.0,77.574
GAS,4091.554166666666,117.0,77.574
GAS,4101.354166666666,126.0,77.574
GAS,4108.687499999999,132.0,77.574
GAS,4119.809722222221,143.0,77.574
GAS,4136.1097222222215,163.0,77.574
GAS,4149.79861111111,176.0,77.574
GAS,4162.065277777777,184.0,77.574
GAS,4181.909999999999,199.0,77.574
GAS,4190.887777777777,202.0,77.574
GAS,4204.954444444444,211.0,77.574
GAS,4217.009999999999,217.0,77.574
GAS,4226.743333333333,219.0,77.574
GAS,4239.243333333333,225.0,77.574
GAS,4252.021111111111,230.0,77.574
GAS,4265.021111111111,234.0,77.574
GAS,4281.021111111111,240.0,77.574
GAS,4296.954444444445,239.0,77.574
GAS,4307.443333333334,236.0,77.574
GAS,4323.043333333334,234.0,77.574
GAS,4335.932222222223,232.0,77.574
GAS,4356.376666666667,230.0,77.574
GAS,4366.598888888889,230.0,77.574
GAS,4382.1322222222225,233.0,77.574
GAS,4395.243333333333,236.0,77.574
GAS,4408.521111111111,239.0,77.574
GAS,4419.321111111111,243.0,77.574
GAS,4438.522777777778,246.0,77.574
GAS,4463.322777777778,248.0,77.574
GAS,4474.345,248.0,77.574
GAS,4488.233888888889,250.0,77.574
GAS,4501.067222222223,231.0,77.574
GAS,4514.800555555556,206.0,77.574
GAS,4530.045,196.0,77.574
GAS,4539.845,147.0,77.574
GAS,4550.267222222223,134.0,77.574
GAS,4558.333888888889,121.0,77.574
GAS,4566.9672222222225,111.0,77.574
GAS,4574.137222222223,108.0,77.574
GAS,4578.80388888889,105.0,77.574
GAS,4584.470555555556,102.0,77.574
GAS,4589.859444444444,97.0,77.574
GAS,4594.170555555555,97.0,77.574
GAS,4598.570555555556,99.0,77.574
GAS,4608.970555555556,104.0,77.574
GAS,4621.970555555556,117.0,77.574
GAS,4627.481666666667,124.0,77.574
GAS,4636.348333333333,133.0,77.574
GAS,4656.026111111111,161.0,77.574
GAS,4665.359444444444,168.0,77.574
GAS,4687.359444444444,180.0,77.574
GAS,4706.915,176.0,77.574
GAS,4722.608333333334,176.0,77.574
GAS,4730.519444444444,178.0,77.574
GAS,4740.519444444444,180.0,77.574
GAS,4756.786111111111,183.0,77.574
GAS,4771.7972222222215,193.0,77.574
GAS,4789.752777777778,202.0,77.574
GAS,4803.752777777778,210.0,77.574
GAS,4830.886111111111,222.0,77.574
GAS,4854.186111111111,233.0,77.574
GAS,4867.463888888889,239.0,77.574
GAS,4883.730555555556,244.0,77.574
GAS,4894.728055555556,249.0,77.574
GAS,4908.783611111112,253.0,77.574
GAS,4928.8502777777785,258.0,77.574
GAS,4940.494722222223,262.0,77.574
GAS,4964.316944444445,268.0,77.574
GAS,4979.428055555556,272.0,77.574
GAS,4994.76138888889,276.0,77.574
GAS,5022.96138888889,282.0,77.574
GAS,5045.283611111112,287.0,77.574
GAS,5061.394722222223,290.0,77.574
GAS,5074.3725,292.0,77.574
GAS,5087.439166666667,294.0,77.574
GAS,5110.616944444445,298.0,77.574
GAS,5123.905833333333,299.0,77.574
GAS,5150.750277777778,302.0,77.574
GAS,5167.639166666667,304.0,77.574
GAS,5191.6802777777775,308.0,77.574
GAS,5208.8469444444445,309.0,77.574
HUL,17.04111111111111,313.0,77.412
HUL,41.62861111111111,315.0,77.412
HUL,55.62861111111111,315.0,77.412
HUL,87.42861111111111,318.0,77.412
HUL,126.78416666666666,322.0,77.412
HUL,141.18416666666667,324.0,77.412
HUL,162.78416666666666,324.0,77.412
HUL,188.13972222222222,326.0,77.412
HUL,213.2497222222222,324.0,77.412
HUL,231.19416666666666,323.0,77.412
HUL,255.07194444444443,307.0,77.412
HUL,281.27194444444444,262.0,77.412
HUL,298.5386111111111,222.0,77.412
HUL,316.7608333333333,205.0,77.412
HUL,329.1608333333333,186.0,77.412
HUL,351.0386111111111,179.0,77.412
HUL,364.88305555555553,178.0,77.412
HUL,374.9941666666667,182.0,77.412
HUL,394.09416666666664,191.0,77.412
HUL,405.1497222222222,199.0,77.412
HUL,416.42749999999995,203.0,77.412
HUL,442.94972222222214,217.0,77.412
HUL,455.3941666666666,224.0,77.412
HUL,483.38305555555553,229.0,77.412
HUL,507.2491666666666,238.0,77.412
HUL,526.3047222222222,245.0,77.412
HUL,551.4047222222221,251.0,77.412
HUL,580.1824999999999,259.0,77.412
HUL,591.8269444444444,262.0,77.412
HUL,612.7491666666666,269.0,77.412
HUL,630.7491666666666,270.0,77.412
HUL,642.9713888888889,275.0,77.412
HUL,680.4930555555555,282.0,77.412
HUL,706.0041666666667,287.0,77.412
HUL,722.1152777777779,290.0,77.412
HUL,738.3930555555556,293.0,77.412
HUL,757.9930555555557,294.0,77.412
HUL,774.4375,296.0,77.412
HUL,791.0486111111112,299.0,77.412
HUL,817.8930555555556,302.0,77.412
HUL,855.5375,308.0,77.412
HUL,879.5708333333333,309.0,77.412
HUL,893.3486111111112,310.0,77.412
HUL,924.3486111111113,310.0,77.412
HUL,954.8486111111113,305.0,77.412
HUL,973.5152777777779,280.0,77.412
HUL,993.6041666666669,226.0,77.412
HUL,1008.4347222222224,190.0,77.412
HUL,1016.3902777777779,179.0,77.412
HUL,1026.7236111111113,155.0,77.412
HUL,1037.7680555555557,142.0,77.412
HUL,1045.1013888888892,132.0,77.412
HUL,1053.1680555555558,121.0,77.412
HUL,1065.6125000000002,112.0,77.412
HUL,1078.690277777778,107.0,77.412
HUL,1085.6611111111113,105.0,77.412
HUL,1091.6055555555558,107.0,77.412
HUL,1101.6500000000003,113.0,77.412
HUL,1111.1388888888891,122.0,77.412
HUL,1116.738888888889,126.0,77.412
HUL,1125.6055555555558,133.0,77.412
HUL,1133.716666666667,146.0,77.412
HUL,1147.8500000000004,159.0,77.412
HUL,1161.3055555555559,173.0,77.412
HUL,1182.0833333333335,170.0,77.412
HUL,1196.3055555555557,160.0,77.412
HUL,1205.0833333333335,158.0,77.412
HUL,1218.5944444444447,152.0,77.412
HUL,1237.2944444444447,153.0,77.412
HUL,1250.205555555556,166.0,77.412
HUL,1266.0772222222226,178.0,77.412
HUL,1274.1661111111116,182.0,77.412
HUL,1333.3327777777783,213.0,77.412
HUL,1348.3327777777786,225.0,77.412
HUL,1361.1105555555564,230.0,77.412
HUL,1382.266111111112,238.0,77.412
HUL,1417.7311111111119,246.0,77.412
HUL,1439.953333333334,250.0,77.412
HUL,1451.153333333334,252.0,77.412
HUL,1470.9088888888898,254.0,77.412
HUL,1488.042222222223,257.0,77.412
HUL,1508.2644444444454,260.0,77.412
HUL,1531.6422222222232,263.0,77.412
HUL,1546.3644444444453,265.0,77.412
HUL,1567.3644444444453,270.0,77.412
HUL,1597.6977777777786,273.0,77.412
HUL,1613.0866666666675,277.0,77.412
HUL,1634.631111111112,277.0,77.412
HUL,1659.7866666666675,283.0,77.412
HUL,1688.2866666666675,285.0,77.412
HUL,1707.4200000000008,287.0,77.412
HUL,1745.900000000001,288.0,77.412
HUL,1758.6555555555565,287.0,77.412
HUL,1783.4555555555564,279.0,77.412
HUL,1797.6777777777786,256.0,77.412
HUL,1818.4777777777786,234.0,77.412
HUL,1843.144444444445,222.0,77.412
HUL,1870.033333333334,220.0,77.412
HUL,1879.8111111111118,220.0,77.412
HUL,1899.4827777777784,222.0,77.412
HUL,1914.6161111111119,227.0,77.412
HUL,1930.2827777777784,235.0,77.412
HUL,1946.2161111111118,239.0,77.412
HUL,1956.9716666666673,242.0,77.412
HUL,1979.0161111111115,248.0,77.412
HUL,2001.4161111111116,252.0,77.412
HUL,2012.7938888888893,256.0,77.412
HUL,2038.7938888888896,260.0,77.412
HUL,2062.349444444445,265.0,77.412
HUL,2083.116111111112,267.0,77.412
HUL,2095.0716666666676,269.0,77.412
HUL,2131.338333333334,272.0,77.412
HUL,2155.7827777777784,275.0,77.412
HUL,2171.227222222223,278.0,77.412
HUL,2186.804722222223,279.0,77.412
HUL,2208.582500000001,280.0,77.412
HUL,2230.5158333333343,282.0,77.412
HUL,2246.2936111111117,284.0,77.412
HUL,2262.0713888888895,284.0,77.412
HUL,2293.8491666666673,286.0,77.412
HUL,2325.626944444445,286.0,77.412
HUL,2341.7380555555565,290.0,77.412
HUL,2380.6713888888894,292.0,77.412
HUL,2400.0569444444454,292.0,77.412
HUL,2422.7680555555567,292.0,77.412
HUL,2442.368055555556,294.0,77.412
HUL,2462.034722222223,295.0,77.412
HUL,2491.734722222223,297.0,77.412
HUL,2597.134722222223,306.0,77.412
HUL,2628.034722222223,309.0,77.412
HUL,2652.223611111112,311.0,77.412
HUL,2673.0236111111117,312.0,77.412
HUL,2700.8458333333338,313.0,77.412
HUL,2718.234722222223,313.0,77.412
HUL,2749.8222222222225,315.0,77.412
HUL,2763.8666666666672,316.0,77.412
HUL,2795.566666666667,317.0,77.412
HUL,2820.2222222222226,317.0,77.412
HUL,2837.8888888888887,318.0,77.412
HUL,2862.7,319.0,77.412
HUL,2894.7,320.0,77.412
HUL,2919.588888888889,320.0,77.412
HUL,2941.0555555555557,322.0,77.412
HUL,2973.0663888888894,321.0,77.412
HUL,2987.333055555556,321.0,77.412
HUL,3008.7997222222225,322.0,77.412
HUL,3026.688611111111,322.0,77.412
HUL,3041.044166666667,323.0,77.412
HUL,3058.988611111111,323.0,77.412
HUL,3076.9886111111114,324.0,77.412
HUL,3095.044166666667,325.0,77.412
HUL,3116.6441666666665,324.0,77.412
HUL,3138.3108333333334,325.0,77.412
HUL,3152.7552777777782,325.0,77.412
HUL,3174.3552777777777,324.0,77.412
HUL,3192.2997222222225,323.0,77.412
HUL,3220.033055555556,312.0,77.412
HUL,3233.321944444445,299.0,77.412
HUL,3251.2552777777782,269.0,77.412
HUL,3265.477500000001,256.0,77.412
HUL,3279.310833333334,249.0,77.412
HUL,3290.2441666666673,246.0,77.412
HUL,3308.899444444445,239.0,77.412
HUL,3333.1994444444454,243.0,77.412
HUL,3344.088333333334,245.0,77.412
HUL,3357.9216666666675,249.0,77.412
HUL,3371.64388888889,247.0,77.412
HUL,3387.977222222223,245.0,77.412
HUL,3407.1105555555564,246.0,77.412
HUL,3423.6438888888897,248.0,77.412
HUL,3443.088333333334,250.0,77.412
HUL,3459.955000000001,253.0,77.412
HUL,3479.788333333334,255.0,77.412
HUL,3496.9830555555563,259.0,77.412
HUL,3508.6275000000005,262.0,77.412
HUL,3523.349722222223,265.0,77.412
HUL,3538.238611111112,268.0,77.412
HUL,3550.2830555555565,271.0,77.412
HUL,3562.4163888888897,273.0,77.412
HUL,3590.31638888889,279.0,77.412
HUL,3621.983055555557,285.0,77.412
HUL,3634.6941666666676,286.0,77.412
HUL,3653.894166666668,288.0,77.412
HUL,3689.705277777779,293.0,77.412
HUL,3706.094166666668,295.0,77.412
HUL,3742.6386111111124,299.0,77.412
HUL,3776.194166666668,302.0,77.412
HUL,3803.300833333335,304.0,77.412
HUL,3816.945277777779,307.0,77.412
HUL,3834.0563888888905,308.0,77.412
HUL,3861.611944444446,310.0,77.412
HUL,3885.95638888889,313.0,77.412
HUL,3913.95638888889,315.0,77.412
HUL,3935.023055555557,316.0,77.412
HUL,3973.7675000000013,317.0,77.412
HUL,4005.067500000002,313.0,77.412
HUL,4020.2897222222236,274.0,77.412
HUL,4037.489722222224,258.0,77.412
HUL,4046.9855555555573,215.0,77.412
HUL,4058.1522222222243,201.0,77.412
HUL,4070.674444444446,161.0,77.412
HUL,4077.5633333333353,155.0,77.412
HUL,4089.5633333333353,135.0,77.412
HUL,4096.785555555558,130.0,77.412
HUL,4103.730000000002,125.0,77.412
HUL,4115.830000000003,121.0,77.412
HUL,4125.396666666669,123.0,77.412
HUL,4132.563333333336,129.0,77.412
HUL,4138.563333333336,135.0,77.412
HUL,4144.563333333336,135.0,77.412
HUL,4156.541111111113,154.0,77.412
HUL,4163.60777777778,159.0,77.412
HUL,4178.985555555558,173.0,77.412
HUL,4189.263333333335,185.0,77.412
HUL,4204.250000000002,192.0,77.412
HUL,4215.4722222222235,202.0,77.412
HUL,4234.316666666668,212.0,77.412
HUL,4291.761111111113,235.0,77.412
HUL,4302.205555555557,235.0,77.412
HUL,4318.005555555557,237.0,77.412
HUL,4331.22777777778,238.0,77.412
HUL,4346.894444444446,235.0,77.412
HUL,4357.116666666669,230.0,77.412
HUL,4377.383333333335,228.0,77.412
HUL,4404.942777777779,226.0,77.412
HUL,4428.342777777779,234.0,77.412
HUL,4455.009444444446,240.0,77.412
HUL,4465.765000000001,242.0,77.412
HUL,4479.209444444446,242.0,77.412
HUL,4495.676111111112,247.0,77.412
HUL,4512.342777777778,250.0,77.412
HUL,4531.087222222222,241.0,77.412
HUL,4546.35388888889,229.0,77.412
HUL,4558.2427777777775,214.0,77.412
HUL,4571.776111111111,174.0,77.412
HUL,4580.442777777778,156.0,77.412
HUL,4590.942777777778,135.0,77.412
HUL,4598.976111111112,120.0,77.412
HUL,4607.531666666668,110.0,77.412
HUL,4615.620555555556,104.0,77.412
HUL,4621.342777777779,103.0,77.412
HUL,4625.65388888889,97.0,77.412
HUL,4631.098333333334,98.0,77.412
HUL,4641.198333333335,101.0,77.412
HUL,4645.865000000002,105.0,77.412
HUL,4652.087222222224,112.0,77.412
HUL,4662.665000000002,119.0,77.412
HUL,4669.94277777778,131.0,77.412
HUL,4687.053888888891,154.0,77.412
HUL,4700.04277777778,167.0,77.412
HUL,4748.2591666666685,181.0,77.412
HUL,4764.881388888891,187.0,77.412
HUL,4777.548055555557,190.0,77.412
HUL,4788.492500000001,197.0,77.412
HUL,4816.7591666666685,212.0,77.412
HUL,4830.892500000002,212.0,77.412
HUL,4840.492500000001,216.0,77.412
HUL,4852.9369444444455,224.0,77.412
HUL,4865.7702777777795,231.0,77.412
HUL,4876.214722222224,235.0,77.412
HUL,4895.026111111113,241.0,77.412
HUL,4922.8038888888905,250.0,77.412
HUL,4937.081666666669,257.0,77.412
HUL,4948.59277777778,259.0,77.412
HUL,4969.1261111111135,264.0,77.412
HUL,4980.992777777781,267.0,77.412
HUL,4993.08166666667,272.0,77.412
HUL,5008.359444444448,275.0,77.412
HUL,5023.748333333336,277.0,77.412
HUL,5045.759444444447,283.0,77.412
HUL,5084.426111111114,290.0,77.412
HUL,5107.29277777778,294.0,77.412
HUL,5127.09277777778,297.0,77.412
HUL,5140.337222222225,298.0,77.412
HUL,5166.920555555557,300.0,77.412
HUL,5204.320555555559,306.0,77.412
HUL,5224.987222222225,310.0,77.412
OCO,4.477777777777778,310.0,77.768
OCO,35.87777777777777,314.0,77.768
OCO,60.377777777777766,315.0,77.768
OCO,99.24444444444443,318.0,77.768
OCO,131.24444444444444,320.0,77.768
OCO,149.11111111111111,320.0,77.768
OCO,174.15555555555557,322.0,77.768
OCO,202.6888888888889,321.0,77.768
OCO,223.95555555555555,319.0,77.768
OCO,241.67777777777778,319.0,77.768
OCO,264.93333333333334,299.0,77.768
OCO,290.43333333333334,255.0,77.768
OCO,303.2111111111111,230.0,77.768
OCO,319.0,203.0,77.768
OCO,327.6222222222222,194.0,77.768
OCO,336.1111111111111,191.0,77.768
OCO,350.34444444444443,183.0,77.768
OCO,364.18888888888887,178.0,77.768
OCO,381.9888888888889,178.0,77.768
OCO,394.3888888888889,186.0,77.768
OCO,411.81111111111113,196.0,77.768
OCO,423.1444444444445,204.0,77.768
OCO,437.0111111111112,208.0,77.768
OCO,451.4175000000001,217.0,77.768
OCO,463.4730555555556,217.0,77.768
OCO,473.4286111111112,224.0,77.768
OCO,488.76194444444457,230.0,77.768
OCO,499.07305555555564,232.0,77.768
OCO,551.2175000000001,247.0,77.768
OCO,565.1063888888889,250.0,77.768
OCO,591.0783333333334,259.0,77.768
OCO,602.6783333333334,261.0,77.768
OCO,614.4561111111112,265.0,77.768
OCO,638.4561111111112,270.0,77.768
OCO,659.7672222222222,274.0,77.768
OCO,681.4672222222222,279.0,77.768
OCO,697.1338888888889,282.0,77.768
OCO,709.7561111111112,284.0,77.768
OCO,735.2672222222221,287.0,77.768
OCO,751.3783333333333,290.0,77.768
OCO,767.6005555555555,292.0,77.768
OCO,793.9116666666666,296.0,77.768
OCO,813.7783333333333,298.0,77.768
OCO,833.7783333333333,300.0,77.768
OCO,864.1783333333333,304.0,77.768
OCO,881.1783333333334,306.0,77.768
OCO,901.5783333333333,306.0,77.768
OCO,928.6894444444443,305.0,77.768
OCO,955.0955555555555,298.0,77.768
OCO,980.6955555555554,256.0,77.768
OCO,997.4955555555554,216.0,77.768
OCO,1013.762222222222,183.0,77.768
OCO,1021.3177777777776,170.0,77.768
OCO,1035.6177777777775,143.0,77.768
OCO,1047.2986111111109,131.0,77.768
OCO,1054.2430555555552,125.0,77.768
OCO,1062.4430555555552,123.0,77.768
OCO,1070.0430555555552,114.0,77.768
OCO,1076.1541666666662,110.0,77.768
OCO,1082.0430555555552,106.0,77.768
OCO,1090.5208333333328,109.0,77.768
OCO,1101.0208333333328,105.0,77.768
OCO,1112.7208333333328,117.0,77.768
OCO,1124.0097222222219,127.0,77.768
OCO,1133.0097222222219,135.0,77.768
OCO,1148.209722222222,152.0,77.768
OCO,1160.498611111111,158.0,77.768
OCO,1172.7874999999997,158.0,77.768
OCO,1194.3874999999996,162.0,77.768
OCO,1204.7874999999997,156.0,77.768
OCO,1222.343055555555,158.0,77.768
OCO,1229.3213888888884,158.0,77.768
OCO,1242.3880555555552,168.0,77.768
OCO,1249.8547222222219,168.0,77.768
OCO,1264.0102777777774,182.0,77.768
OCO,1276.676944444444,190.0,77.768
OCO,1285.4324999999994,197.0,77.768
OCO,1306.3324999999993,209.0,77.768
OCO,1315.9324999999992,216.0,77.768
OCO,1333.2608333333324,222.0,77.768
OCO,1356.1608333333324,229.0,77.768
OCO,1382.827499999999,240.0,77.768
OCO,1396.327499999999,243.0,77.768
OCO,1407.2608333333324,246.0,77.768
OCO,1429.3052777777768,248.0,77.768
OCO,1451.7941666666657,253.0,77.768
OCO,1465.9608333333322,255.0,77.768
OCO,1485.8719444444434,256.0,77.768
OCO,1497.3386111111101,258.0,77.768
OCO,1508.8941666666658,260.0,77.768
OCO,1523.3941666666658,261.0,77.768
OCO,1546.9497222222215,265.0,77.768
OCO,1573.8497222222213,269.0,77.768
OCO,1585.8052777777768,269.0,77.768
OCO,1604.13861111111,275.0,77.768
OCO,1628.8497222222213,278.0,77.768
OCO,1644.3497222222215,279.0,77.768
OCO,1666.205277777777,281.0,77.768
OCO,1681.8488888888883,283.0,77.768
OCO,1697.6822222222215,285.0,77.768
OCO,1713.5155555555548,285.0,77.768
OCO,1729.348888888888,285.0,77.768
OCO,1757.6488888888882,283.0,77.768
OCO,1770.1822222222215,282.0,77.768
OCO,1788.648888888888,277.0,77.768
OCO,1803.1097222222213,259.0,77.768
OCO,1819.4430555555546,245.0,77.768
OCO,1839.9763888888879,231.0,77.768
OCO,1860.0652777777768,226.0,77.768
OCO,1875.065277777777,225.0,77.768
OCO,1897.465277777777,224.0,77.768
OCO,1917.9986111111102,231.0,77.768
OCO,1936.19861111111,234.0,77.768
OCO,1968.99861111111,246.0,77.768
OCO,1982.8319444444433,249.0,77.768
OCO,2011.1652777777767,255.0,77.768
OCO,2040.2763888888878,262.0,77.768
OCO,2060.887499999999,265.0,77.768
OCO,2084.620833333332,267.0,77.768
OCO,2099.509722222221,268.0,77.768
OCO,2111.5097222222207,270.0,77.768
OCO,2129.5763888888873,271.0,77.768
OCO,2150.8874999999985,274.0,77.768
OCO,2166.088888888887,275.0,77.768
OCO,2178.355555555554,276.0,77.768
OCO,2196.888888888887,278.0,77.768
OCO,2227.9999999999986,280.0,77.768
OCO,2240.4888888888872,281.0,77.768
OCO,2253.0666666666652,283.0,77.768
OCO,2265.688888888887,284.0,77.768
OCO,2281.5455555555536,284.0,77.768
OCO,2300.5455555555536,285.0,77.768
OCO,2322.867777777776,287.0,77.768
OCO,2354.978888888887,289.0,77.768
OCO,2367.823333333331,289.0,77.768
OCO,2383.9344444444423,290.0,77.768
OCO,2403.3344444444424,291.0,77.768
OCO,2426.045555555553,292.0,77.768
OCO,2442.267777777776,292.0,77.768
OCO,2458.4899999999984,292.0,77.768
OCO,2497.556666666665,293.0,77.768
OCO,2513.834444444443,293.0,77.768
OCO,2533.4344444444423,294.0,77.768
OCO,2559.8344444444424,297.0,77.768
OCO,2583.167777777776,300.0,77.768
OCO,2599.8899999999985,301.0,77.768
OCO,2613.3566666666648,303.0,77.768
OCO,2626.9122222222204,305.0,77.768
OCO,2640.5122222222203,306.0,77.768
OCO,2660.978888888887,307.0,77.768
OCO,2674.623333333331,307.0,77.768
OCO,2702.092777777776,310.0,77.768
OCO,2715.9149999999986,311.0,77.768
OCO,2736.7149999999983,312.0,77.768
OCO,2757.581666666665,313.0,77.768
OCO,2778.5149999999985,314.0,77.768
OCO,2803.0149999999985,315.0,77.768
OCO,2827.680555555554,316.0,77.768
OCO,2841.724999999998,316.0,77.768
OCO,2866.3805555555537,317.0,77.768
OCO,2883.991666666665,317.0,77.768
OCO,2901.658333333331,318.0,77.768
OCO,2919.324999999998,318.0,77.768
OCO,2933.458333333331,318.0,77.768
OCO,2947.591666666665,318.0,77.768
OCO,2976.036111111109,320.0,77.768
OCO,3008.036111111109,320.0,77.768
OCO,3033.002777777776,321.0,77.768
OCO,3061.536111111109,321.0,77.768
OCO,3079.3694444444423,321.0,77.768
OCO,3097.2027777777757,321.0,77.768
OCO,3114.980555555553,320.0,77.768
OCO,3146.7805555555537,318.0,77.768
OCO,3171.358333333331,316.0,77.768
OCO,3192.424999999998,316.0,77.768
OCO,3213.1583333333315,311.0,77.768
OCO,3226.1805555555534,293.0,77.768
OCO,3249.64722222222,264.0,77.768
OCO,3272.136111111109,253.0,77.768
OCO,3285.78972222222,247.0,77.768
OCO,3307.656388888887,246.0,77.768
OCO,3338.211944444443,250.0,77.768
OCO,3352.3230555555538,254.0,77.768
OCO,3369.393888888887,255.0,77.768
OCO,3394.7938888888875,254.0,77.768
OCO,3414.5494444444425,254.0,77.768
OCO,3431.4161111111093,253.0,77.768
OCO,3442.7049999999986,254.0,77.768
OCO,3465.549444444443,257.0,77.768
OCO,3528.082777777776,268.0,77.768
OCO,3540.0827777777763,270.0,77.768
OCO,3561.393888888887,274.0,77.768
OCO,3579.9938888888873,279.0,77.768
OCO,3598.7938888888875,282.0,77.768
OCO,3620.9605555555545,285.0,77.768
OCO,3646.6494444444434,289.0,77.768
OCO,3659.5827777777763,291.0,77.768
OCO,3679.1161111111096,293.0,77.768
OCO,3718.7161111111095,297.0,77.768
OCO,3735.271666666665,298.0,77.768
OCO,3762.0272222222206,301.0,77.768
OCO,3778.721111111109,302.0,77.768
OCO,3802.365555555554,304.0,77.768
OCO,3840.009999999998,308.0,77.768
OCO,3853.7433333333315,309.0,77.768
OCO,3878.0186111111093,311.0,77.768
OCO,3912.685277777776,312.0,77.768
OCO,3943.8852777777756,312.0,77.768
OCO,3957.707499999998,311.0,77.768
OCO,3978.374166666664,310.0,77.768
OCO,4001.8630555555533,302.0,77.768
OCO,4013.685277777776,266.0,77.768
OCO,4031.7297222222205,232.0,77.768
OCO,4041.4186111111094,218.0,77.768
OCO,4060.751944444443,174.0,77.768
OCO,4072.1074999999983,146.0,77.768
OCO,4082.6852777777763,136.0,77.768
OCO,4094.9852777777764,123.0,77.768
OCO,4106.585277777776,116.0,77.768
OCO,4113.140833333332,118.0,77.768
OCO,4128.663055555554,127.0,77.768
OCO,4140.574166666665,134.0,77.768
OCO,4150.707499999999,152.0,77.768
OCO,4157.685277777776,157.0,77.768
OCO,4173.2408333333315,175.0,77.768
OCO,4187.345833333332,182.0,77.768
OCO,4204.856944444443,197.0,77.768
OCO,4228.079166666665,209.0,77.768
OCO,4242.47222222222,215.0,77.768
OCO,4265.07222222222,226.0,77.768
OCO,4275.2055555555535,228.0,77.768
OCO,4293.483333333332,235.0,77.768
OCO,4309.3499999999985,238.0,77.768
OCO,4320.105555555554,242.0,77.768
OCO,4330.816666666666,241.0,77.768
OCO,4344.149999999999,240.0,77.768
OCO,4357.316666666666,237.0,77.768
OCO,4375.049999999999,228.0,77.768
OCO,4405.049999999999,225.0,77.768
OCO,4417.716666666666,228.0,77.768
OCO,4427.938888888888,230.0,77.768
OCO,4443.605555555555,235.0,77.768
OCO,4456.716666666666,236.0,77.768
OCO,4472.916666666666,243.0,77.768
OCO,4500.25,246.0,77.768
OCO,4528.361111111111,230.0,77.768
OCO,4550.361111111111,220.0,77.768
OCO,4560.138888888889,220.0,77.768
OCO,4571.961111111111,152.0,77.768
OCO,4579.961111111111,144.0,77.768
OCO,4587.349999999999,133.0,77.768
OCO,4602.119166666666,111.0,77.768
OCO,4606.919166666667,108.0,77.768
OCO,4620.1466666666665,99.0,77.768
OCO,4630.8133333333335,96.0,77.768
OCO,4635.257777777778,100.0,77.768
OCO,4639.835555555556,103.0,77.768
OCO,4647.235555555556,111.0,77.768
OCO,4656.724444444445,122.0,77.768
OCO,4665.391111111111,130.0,77.768
OCO,4671.613333333333,140.0,77.768
OCO,4691.535555555555,163.0,77.768
OCO,4698.957777777778,167.0,77.768
OCO,4716.257777777778,173.0,77.768
OCO,4729.868888888889,175.0,77.768
OCO,4749.6466666666665,178.0,77.768
OCO,4759.702222222222,181.0,77.768
OCO,4787.1466666666665,190.0,77.768
OCO,4802.624444444445,199.0,77.768
OCO,4811.691111111112,204.0,77.768
OCO,4830.535555555556,212.0,77.768
OCO,4845.002222222222,217.0,77.768
OCO,4857.391111111111,223.0,77.768
OCO,4867.56888888889,229.0,77.768
OCO,4880.624444444445,235.0,77.768
OCO,4893.891111111111,240.0,77.768
OCO,4904.691111111112,243.0,77.768
OCO,4918.4688888888895,248.0,77.768
OCO,4935.405833333335,253.0,77.768
OCO,4958.605833333335,261.0,77.768
OCO,4982.339166666668,267.0,77.768
OCO,4997.394722222223,271.0,77.768
OCO,5012.616944444446,274.0,77.768
OCO,5034.316944444446,279.0,77.768
OCO,5049.983611111113,282.0,77.768
OCO,5072.305833333335,287.0,77.768
OCO,5085.105833333335,288.0,77.768
OCO,5104.572500000001,292.0,77.768
OCO,5140.872500000001,297.0,77.768
OCO,5171.072500000002,302.0,77.768
OCO,5191.3391666666685,304.0,77.768
OCO,5208.3391666666685,306.0,77.768
OCO,5232.294722222224,308.0,77.768
TSU,17.681666666666665,309.0,78.099
TSU,48.894722222222214,313.0,78.099
TSU,62.85027777777777,314.0,78.099
TSU,83.85027777777776,315.0,78.099
TSU,101.40583333333332,316.0,78.099
TSU,115.49472222222221,317.0,78.099
TSU,133.16138888888887,318.0,78.099
TSU,150.8836111111111,319.0,78.099
TSU,168.60583333333332,319.0,78.099
TSU,189.93916666666667,320.0,78.099
TSU,211.33916666666664,321.0,78.099
TSU,225.56138888888887,320.0,78.099
TSU,246.9613888888889,321.0,78.099
TSU,264.6836111111111,319.0,78.099
TSU,287.7947222222222,260.0,78.099
TSU,299.35027777777776,260.0,78.099
TSU,314.55027777777775,228.0,78.099
TSU,325.4947222222222,197.0,78.099
TSU,335.8280555555556,186.0,78.099
TSU,343.9613888888889,183.0,78.099
TSU,357.77722222222224,177.0,78.099
TSU,375.27722222222224,175.0,78.099
TSU,383.1438888888889,177.0,78.099
TSU,393.4216666666666,185.0,78.099
TSU,403.97722222222217,190.0,78.099
TSU,417.3772222222222,201.0,78.099
TSU,433.4772222222222,207.0,78.099
TSU,447.7438888888889,214.0,78.099
TSU,464.93277777777774,221.0,78.099
TSU,479.93277777777774,225.0,78.099
TSU,497.9772222222222,232.0,78.099
TSU,513.645,236.0,78.099
TSU,524.2672222222222,239.0,78.099
TSU,537.7116666666666,242.0,78.099
TSU,551.3227777777777,245.0,78.099
TSU,562.3449999999999,248.0,78.099
TSU,573.4116666666665,249.0,78.099
TSU,599.4116666666666,260.0,78.099
TSU,628.9672222222222,266.0,78.099
TSU,640.7894444444444,266.0,78.099
TSU,658.9894444444443,273.0,78.099
TSU,692.9672222222222,278.0,78.099
TSU,708.5783333333333,281.0,78.099
TSU,743.5338888888888,286.0,78.099
TSU,775.5338888888888,288.0,78.099
TSU,801.6597222222221,293.0,78.099
TSU,814.7708333333331,295.0,78.099
TSU,831.2152777777777,296.0,78.099
TSU,857.7041666666664,298.0,78.099
TSU,881.1152777777776,301.0,78.099
TSU,908.1374999999998,304.0,78.099
TSU,928.5374999999998,306.0,78.099
TSU,966.1819444444442,308.0,78.099
TSU,992.8819444444441,267.0,78.099
TSU,1005.9374999999998,235.0,78.099
TSU,1019.6041666666664,205.0,78.099
TSU,1027.6424999999997,182.0,78.099
TSU,1036.586944444444,161.0,78.099
TSU,1047.475833333333,140.0,78.099
TSU,1053.475833333333,135.0,78.099
TSU,1065.475833333333,135.0,78.099
TSU,1071.8647222222219,115.0,78.099
TSU,1077.975833333333,110.0,78.099
TSU,1088.375833333333,104.0,78.099
TSU,1096.075833333333,99.0,78.099
TSU,1101.6869444444442,101.0,78.099
TSU,1106.264722222222,103.0,78.099
TSU,1111.064722222222,108.0,78.099
TSU,1120.1647222222218,117.0,78.099
TSU,1125.5424999999996,121.0,78.099
TSU,1137.3647222222219,133.0,78.099
TSU,1145.2536111111108,142.0,78.099
TSU,1157.5083333333332,157.0,78.099
TSU,1166.5083333333332,162.0,78.099
TSU,1181.4416666666666,168.0,78.099
TSU,1219.086111111111,154.0,78.099
TSU,1225.975,155.0,78.099
TSU,1236.7083333333333,161.0,78.099
TSU,1245.986111111111,167.0,78.099
TSU,1257.9194444444443,179.0,78.099
TSU,1266.0527777777777,183.0,78.099
TSU,1282.9416666666666,190.0,78.099
TSU,1308.4280555555556,209.0,78.099
TSU,1330.5280555555555,221.0,78.099
TSU,1356.0836111111112,230.0,78.099
TSU,1366.3947222222223,232.0,78.099
TSU,1379.5058333333334,236.0,78.099
TSU,1395.6391666666666,242.0,78.099
TSU,1411.9725,245.0,78.099
TSU,1431.2613888888889,248.0,78.099
TSU,1447.9280555555556,250.0,78.099
TSU,1461.8169444444445,250.0,78.099
TSU,1481.5725000000002,254.0,78.099
TSU,1495.6836111111113,254.0,78.099
TSU,1515.7502777777781,258.0,78.099
TSU,1533.0888888888892,259.0,78.099
TSU,1553.6222222222223,264.0,78.099
TSU,1574.388888888889,267.0,78.099
TSU,1589.3333333333333,269.0,78.099
TSU,1601.3777777777777,271.0,78.099
TSU,1616.4888888888888,272.0,78.099
TSU,1644.1888888888889,277.0,78.099
TSU,1656.5444444444445,278.0,78.099
TSU,1672.1000000000004,280.0,78.099
TSU,1697.166666666667,282.0,78.099
TSU,1712.9444444444448,284.0,78.099
TSU,1744.7222222222224,286.0,78.099
TSU,1767.0444444444447,287.0,78.099
TSU,1829.1130555555558,233.0,78.099
TSU,1849.1130555555558,225.0,78.099
TSU,1863.5797222222222,217.0,78.099
TSU,1875.5241666666668,215.0,78.099
TSU,1905.6575,226.0,78.099
TSU,1921.0575000000001,231.0,78.099
TSU,1931.546388888889,236.0,78.099
TSU,1944.7130555555555,237.0,78.099
TSU,1958.0463888888887,240.0,78.099
TSU,1968.7575,241.0,78.099
TSU,1988.037222222222,247.0,78.099
TSU,2016.2594444444444,254.0,78.099
TSU,2030.5372222222222,257.0,78.099
TSU,2042.0483333333334,259.0,78.099
TSU,2062.4261111111114,262.0,78.099
TSU,2074.070555555556,262.0,78.099
TSU,2085.8483333333334,265.0,78.099
TSU,2100.7372222222225,268.0,78.099
TSU,2115.6816666666673,269.0,78.099
TSU,2136.681666666667,270.0,78.099
TSU,2173.348333333334,275.0,78.099
TSU,2194.8927777777785,277.0,78.099
TSU,2213.292777777778,276.0,78.099
TSU,2225.648333333334,278.0,78.099
TSU,2250.4594444444447,280.0,78.099
TSU,2284.926111111112,282.0,78.099
TSU,2303.726111111112,282.0,78.099
TSU,2335.2816666666677,284.0,78.099
TSU,2363.9816666666675,287.0,78.099
TSU,2379.981666666667,288.0,78.099
TSU,2412.092777777779,289.0,78.099
TSU,2424.9816666666675,290.0,78.099
TSU,2447.6927777777787,292.0,78.099
TSU,2463.9150000000013,292.0,78.099
TSU,2499.685000000001,292.0,78.099
TSU,2512.662777777779,292.0,78.099
TSU,2528.9405555555563,293.0,78.099
TSU,2545.3294444444455,295.0,78.099
TSU,2571.7294444444456,297.0,78.099
TSU,2591.662777777779,299.0,78.099
TSU,2608.3850000000007,301.0,78.099
TSU,2631.718333333334,300.0,78.099
TSU,2655.2850000000008,303.0,78.099
TSU,2689.1738888888895,305.0,78.099
TSU,2730.240555555556,308.0,78.099
TSU,2747.407222222223,309.0,78.099
TSU,2764.57388888889,309.0,78.099
TSU,2785.1544444444453,310.0,78.099
TSU,2812.79888888889,311.0,78.099
TSU,2826.621111111112,311.0,78.099
TSU,2850.887777777779,312.0,78.099
TSU,2864.7988888888904,313.0,78.099
TSU,2882.187777777779,313.0,78.099
TSU,2896.0988888888905,313.0,78.099
TSU,2916.9655555555573,313.0,78.099
TSU,2937.8988888888903,314.0,78.099
TSU,2965.8100000000013,314.0,78.099
TSU,2979.765555555557,314.0,78.099
TSU,2993.7211111111124,314.0,78.099
TSU,3014.7211111111124,315.0,78.099
TSU,3032.221111111113,315.0,78.099
TSU,3056.886666666668,316.0,78.099
TSU,3070.9311111111124,316.0,78.099
TSU,3092.064444444446,317.0,78.099
TSU,3127.286666666668,317.0,78.099
TSU,3158.986666666668,317.0,78.099
TSU,3173.0755555555575,317.0,78.099
TSU,3204.5755555555575,315.0,78.099
TSU,3218.5311111111128,314.0,78.099
TSU,3245.2311111111126,267.0,78.099
TSU,3265.2200000000016,257.0,78.099
TSU,3276.3755555555576,251.0,78.099
TSU,3297.79777777778,241.0,78.099
TSU,3322.0977777777803,243.0,78.099
TSU,3335.708888888891,245.0,78.099
TSU,3349.473055555558,249.0,78.099
TSU,3366.006388888891,248.0,78.099
TSU,3394.006388888891,252.0,78.099
TSU,3413.6841666666687,253.0,78.099
TSU,3430.484166666669,252.0,78.099
TSU,3455.984166666669,255.0,78.099
TSU,3467.4952777777803,259.0,78.099
TSU,3479.0508333333355,260.0,78.099
TSU,3496.517500000002,262.0,78.099
TSU,3514.184166666669,265.0,78.099
TSU,3529.017500000002,267.0,78.099
TSU,3541.0175000000027,270.0,78.099
TSU,3559.3602777777805,274.0,78.099
TSU,3580.9825000000023,278.0,78.099
TSU,3596.5936111111137,281.0,78.099
TSU,3631.4269444444467,285.0,78.099
TSU,3657.0269444444466,288.0,78.099
TSU,3669.9158333333357,290.0,78.099
TSU,3689.315833333336,291.0,78.099
TSU,3702.3380555555577,293.0,78.099
TSU,3725.282500000002,295.0,78.099
TSU,3748.2269444444464,295.0,78.099
TSU,3774.8047222222244,299.0,78.099
TSU,3791.471388888891,300.0,78.099
TSU,3818.3158333333354,302.0,78.099
TSU,3838.5825000000023,304.0,78.099
TSU,3869.197222222225,307.0,78.099
TSU,3889.7305555555577,308.0,78.099
TSU,3910.3972222222246,310.0,78.099
TSU,3945.063888888891,312.0,78.099
TSU,3969.330555555558,312.0,78.099
TSU,3990.130555555558,312.0,78.099
TSU,4006.9638888888917,303.0,78.099
TSU,4026.4083333333356,250.0,78.099
TSU,4040.941666666669,218.0,78.099
TSU,4051.3861111111137,188.0,78.099
TSU,4074.2936111111135,147.0,78.099
TSU,4080.826944444447,147.0,78.099
TSU,4088.1047222222246,131.0,78.099
TSU,4097.904722222224,126.0,78.099
TSU,4103.46027777778,125.0,78.099
TSU,4110.182500000003,121.0,78.099
TSU,4120.138055555558,128.0,78.099
TSU,4133.238055555558,131.0,78.099
TSU,4146.304722222225,147.0,78.099
TSU,4165.193611111114,170.0,78.099
TSU,4175.082500000002,178.0,78.099
TSU,4196.415833333336,192.0,78.099
TSU,4207.471388888892,199.0,78.099
TSU,4218.8602777777805,205.0,78.099
TSU,4228.193611111114,210.0,78.099
TSU,4240.133611111114,216.0,78.099
TSU,4260.044722222225,224.0,78.099
TSU,4277.933611111113,230.0,78.099
TSU,4298.7336111111135,234.0,78.099
TSU,4311.955833333336,238.0,78.099
TSU,4327.68916666667,236.0,78.099
TSU,4338.133611111114,235.0,78.099
TSU,4351.078055555558,233.0,78.099
TSU,4366.078055555558,225.0,78.099
TSU,4391.078055555558,225.0,78.099
TSU,4403.7447222222245,228.0,78.099
TSU,4413.941388888891,228.0,78.099
TSU,4429.541388888892,234.0,78.099
TSU,4456.319166666669,241.0,78.099
TSU,4474.985833333336,240.0,78.099
TSU,4502.31916666667,246.0,78.099
TSU,4530.185833333337,228.0,78.099
TSU,4543.319166666671,197.0,78.099
TSU,4554.1858333333375,163.0,78.099
TSU,4563.852500000004,145.0,78.099
TSU,4569.808055555559,134.0,78.099
TSU,4576.696944444448,124.0,78.099
TSU,4586.741388888892,113.0,78.099
TSU,4593.8747222222255,107.0,78.099
TSU,4626.713055555559,102.0,78.099
TSU,4631.379722222226,105.0,78.099
TSU,4641.779722222225,117.0,78.099
TSU,4653.335277777781,130.0,78.099
TSU,4661.113055555559,140.0,78.099
TSU,4710.271388888892,170.0,78.099
TSU,4717.826944444448,170.0,78.099
TSU,4727.104722222226,167.0,78.099
TSU,4738.504722222226,171.0,78.099
TSU,4758.171388888893,177.0,78.099
TSU,4766.126944444448,179.0,78.099
TSU,4780.671388888893,187.0,78.099
TSU,4798.182500000004,197.0,78.099
TSU,4811.582500000004,201.0,78.099
TSU,4823.082500000004,207.0,78.099
TSU,4839.960277777782,217.0,78.099
TSU,4867.33805555556,224.0,78.099
TSU,4890.738055555559,234.0,78.099
TSU,4904.0158333333375,239.0,78.099
TSU,4914.860277777781,244.0,78.099
TSU,4925.74916666667,245.0,78.099
TSU,4945.35666666667,253.0,78.099
TSU,4956.734444444449,256.0,78.099
TSU,4971.234444444448,261.0,78.099
TSU,4985.901111111115,264.0,78.099
TSU,5009.723333333338,268.0,78.099
TSU,5021.812222222226,272.0,78.099
TSU,5037.034444444449,274.0,78.099
TSU,5052.478888888893,278.0,78.099
TSU,5067.923333333337,278.0,78.099
TSU,5083.645555555559,283.0,78.099
TSU,5102.845555555559,288.0,78.099
TSU,5115.690000000004,289.0,78.099
TSU,5131.88166666667,290.0,78.099
TSU,5168.18166666667,297.0,78.099
TSU,5191.4372222222255,299.0,78.099
TSU,5208.215000000004,302.0,78.099
TSU,5238.615000000003,304.0,78.099
NOR,9.902777777777779,310.0,78.119
NOR,30.70277777777778,312.0,78.119
NOR,48.03611111111112,312.0,78.119
NOR,69.03611111111113,315.0,78.119
NOR,83.08055555555556,316.0,78.119
NOR,111.43611111111112,319.0,78.119
NOR,150.58027777777778,321.0,78.119
NOR,182.78027777777777,322.0,78.119
NOR,218.66916666666668,323.0,78.119
NOR,233.0247222222222,323.0,78.119
NOR,250.63583333333332,317.0,78.119
NOR,268.76916666666665,272.0,78.119
NOR,285.96916666666664,258.0,78.119
NOR,302.38027777777774,211.0,78.119
NOR,315.51361111111106,197.0,78.119
NOR,325.9024999999999,187.0,78.119
NOR,339.9024999999999,180.0,78.119
NOR,349.62472222222215,175.0,78.119
NOR,362.76916666666654,169.0,78.119
NOR,374.283611111111,172.0,78.119
NOR,387.9724999999999,176.0,78.119
NOR,402.7502777777777,190.0,78.119
NOR,413.3058333333332,190.0,78.119
NOR,422.10583333333324,198.0,78.119
NOR,433.10583333333324,198.0,78.119
NOR,454.8058333333332,217.0,78.119
NOR,464.583611111111,220.0,78.119
NOR,477.02805555555545,224.0,78.119
NOR,497.4724999999999,230.0,78.119
NOR,510.583611111111,236.0,78.119
NOR,537.583611111111,243.0,78.119
NOR,556.7947222222222,247.0,78.119
NOR,627.6541666666667,266.0,78.119
NOR,651.5652777777777,269.0,78.119
NOR,669.9652777777777,276.0,78.119
NOR,685.4652777777778,279.0,78.119
NOR,723.4652777777777,285.0,78.119
NOR,742.4652777777777,285.0,78.119
NOR,755.3097222222221,289.0,78.119
NOR,771.4763888888889,291.0,78.119
NOR,787.7541666666666,293.0,78.119
NOR,800.8208333333333,294.0,78.119
NOR,823.9252777777779,296.0,78.119
NOR,857.3697222222222,301.0,78.119
NOR,874.0919444444445,301.0,78.119
NOR,887.5141666666667,302.0,78.119
NOR,911.2363888888889,305.0,78.119
NOR,924.7919444444444,305.0,78.119
NOR,938.3919444444444,306.0,78.119
NOR,955.3919444444443,306.0,78.119
NOR,971.3919444444444,288.0,78.119
NOR,992.5474999999999,272.0,78.119
NOR,1017.3475,186.0,78.119
NOR,1029.7919444444444,160.0,78.119
NOR,1039.9919444444445,153.0,78.119
NOR,1046.3030555555556,142.0,78.119
NOR,1057.8225,130.0,78.119
NOR,1072.3669444444445,119.0,78.119
NOR,1080.1002777777778,116.0,78.119
NOR,1092.3225,110.0,78.119
NOR,1103.0225,107.0,78.119
NOR,1109.2447222222222,112.0,78.119
NOR,1122.911388888889,123.0,78.119
NOR,1128.5558333333333,127.0,78.119
NOR,1139.3669444444442,139.0,78.119
NOR,1147.533611111111,147.0,78.119
NOR,1167.1336111111111,160.0,78.119
NOR,1174.3336111111112,162.0,78.119
NOR,1183.2225,160.0,78.119
NOR,1192.000277777778,158.0,78.119
NOR,1206.1336111111113,159.0,78.119
NOR,1216.9336111111113,162.0,78.119
NOR,1225.8780555555559,161.0,78.119
NOR,1238.400277777778,161.0,78.119
NOR,1251.389166666667,167.0,78.119
NOR,1272.0558333333336,186.0,78.119
NOR,1298.5891666666669,199.0,78.119
NOR,1310.0336111111112,206.0,78.119
NOR,1321.8113888888893,212.0,78.119
NOR,1336.4169444444447,220.0,78.119
NOR,1356.7725000000003,229.0,78.119
NOR,1367.039166666667,231.0,78.119
NOR,1385.550277777778,238.0,78.119
NOR,1396.3058333333336,242.0,78.119
NOR,1409.861388888889,244.0,78.119
NOR,1420.7947222222224,246.0,78.119
NOR,1437.528055555556,251.0,78.119
NOR,1454.1947222222225,250.0,78.119
NOR,1476.6836111111113,253.0,78.119
NOR,1487.9725000000003,254.0,78.119
NOR,1499.3058333333336,255.0,78.119
NOR,1516.5058333333334,258.0,78.119
NOR,1530.9502777777777,260.0,78.119
NOR,1551.5569444444445,264.0,78.119
NOR,1563.2902777777779,264.0,78.119
NOR,1581.1569444444444,268.0,78.119
NOR,1611.3791666666668,272.0,78.119
NOR,1638.7791666666667,274.0,78.119
NOR,1651.0458333333333,276.0,78.119
NOR,1678.8458333333333,278.0,78.119
NOR,1691.2458333333334,279.0,78.119
NOR,1719.3458333333333,281.0,78.119
NOR,1741.1236111111111,280.0,78.119
NOR,1753.6125,281.0,78.119
NOR,1778.5902777777778,281.0,78.119
NOR,1804.9902777777777,264.0,78.119
NOR,1818.8791666666666,250.0,78.119
NOR,1831.8694444444443,235.0,78.119
NOR,1847.4027777777778,233.0,78.119
NOR,1872.625,227.0,78.119
NOR,1890.3583333333333,228.0,78.119
NOR,1905.6916666666666,230.0,78.119
NOR,1929.5916666666667,239.0,78.119
NOR,1940.3916666666667,243.0,78.119
NOR,1951.1916666666666,243.0,78.119
NOR,1967.658333333333,247.0,78.119
NOR,1984.258333333333,249.0,78.119
NOR,1998.2583333333332,252.0,78.119
NOR,2009.636111111111,256.0,78.119
NOR,2026.974722222222,259.0,78.119
NOR,2047.508055555555,264.0,78.119
NOR,2062.285833333333,266.0,78.119
NOR,2095.1636111111106,269.0,78.119
NOR,2119.1636111111106,270.0,78.119
NOR,2131.2969444444443,273.0,78.119
NOR,2149.5636111111107,274.0,78.119
NOR,2161.7858333333334,275.0,78.119
NOR,2183.330277777778,277.0,78.119
NOR,2204.874722222222,277.0,78.119
NOR,2229.585833333333,278.0,78.119
NOR,2245.1413888888887,280.0,78.119
NOR,2270.1191666666664,281.0,78.119
NOR,2288.9191666666666,282.0,78.119
NOR,2317.3399999999997,285.0,78.119
NOR,2336.3399999999997,285.0,78.119
NOR,2355.4066666666663,286.0,78.119
NOR,2387.295555555555,287.0,78.119
NOR,2409.695555555555,288.0,78.119
NOR,2428.8955555555553,288.0,78.119
NOR,2444.9511111111105,289.0,78.119
NOR,2467.506666666666,290.0,78.119
NOR,2486.8399999999997,290.0,78.119
NOR,2502.9511111111105,290.0,78.119
NOR,2548.921944444444,295.0,78.119
NOR,2562.033055555555,295.0,78.119
NOR,2578.5330555555547,297.0,78.119
NOR,2601.78861111111,299.0,78.119
NOR,2615.1219444444437,300.0,78.119
NOR,2631.8441666666654,301.0,78.119
NOR,2655.48861111111,304.0,78.119
NOR,2686.08861111111,306.0,78.119
NOR,2713.3774999999987,307.0,78.119
NOR,2747.599722222221,308.0,78.119
NOR,2764.766388888888,309.0,78.119
NOR,2799.321944444443,311.0,78.119
NOR,2816.599722222221,311.0,78.119
NOR,2833.933055555554,312.0,78.119
NOR,2847.7997222222207,312.0,78.119
NOR,2865.101666666665,313.0,78.119
NOR,2892.923888888887,313.0,78.119
NOR,2917.2683333333316,313.0,78.119
NOR,2945.1794444444427,314.0,78.119
NOR,2962.6238888888874,314.0,78.119
NOR,2983.623888888887,315.0,78.119
NOR,2997.6238888888874,315.0,78.119
NOR,3015.1794444444427,316.0,78.119
NOR,3036.2461111111097,316.0,78.119
NOR,3071.3572222222206,316.0,78.119
NOR,3088.9127777777762,316.0,78.119
NOR,3103.0449999999987,316.0,78.119
NOR,3124.0449999999983,315.0,78.119
NOR,3158.8227777777765,313.0,78.119
NOR,3183.1672222222205,313.0,78.119
NOR,3217.6116666666653,310.0,78.119
NOR,3251.222777777776,275.0,78.119
NOR,3268.9561111111097,266.0,78.119
NOR,3286.022777777776,256.0,78.119
NOR,3302.6227777777763,249.0,78.119
NOR,3313.6449999999986,248.0,78.119
NOR,3327.4783333333316,249.0,78.119
NOR,3349.8783333333317,252.0,78.119
NOR,3366.8783333333317,255.0,78.119
NOR,3445.110833333332,243.0,78.119
NOR,3456.044166666665,246.0,78.119
NOR,3478.177499999998,249.0,78.119
NOR,3500.666388888887,253.0,78.119
NOR,3514.8886111111096,256.0,78.119
NOR,3593.541944444443,272.0,78.119
NOR,3605.7641666666655,275.0,78.119
NOR,3621.1530555555546,277.0,78.119
NOR,3639.753055555554,279.0,78.119
NOR,3671.3086111111097,284.0,78.119
NOR,3684.0641666666656,287.0,78.119
NOR,3706.5419444444433,289.0,78.119
NOR,3732.497499999999,292.0,78.119
NOR,3752.0974999999985,294.0,78.119
NOR,3768.5419444444433,296.0,78.119
NOR,3791.641944444443,297.0,78.119
NOR,3828.430833333332,301.0,78.119
NOR,3858.830833333332,304.0,78.119
NOR,3875.775277777777,305.0,78.119
NOR,3889.419722222221,307.0,78.119
NOR,3903.0641666666656,307.0,78.119
NOR,3926.9341666666655,308.0,78.119
NOR,3940.623055555555,308.0,78.119
NOR,3957.7341666666657,308.0,78.119
NOR,3974.845277777777,308.0,78.119
NOR,4001.8674999999994,304.0,78.119
NOR,4014.6674999999996,288.0,78.119
NOR,4028.667499999999,252.0,78.119
NOR,4040.8897222222213,220.0,78.119
NOR,4053.1119444444435,220.0,78.119
NOR,4062.6119444444435,171.0,78.119
NOR,4072.4786111111102,148.0,78.119
NOR,4078.8786111111103,144.0,78.119
NOR,4086.4719444444436,136.0,78.119
NOR,4101.9941666666655,127.0,78.119
NOR,4111.171944444443,118.0,78.119
NOR,4117.783055555555,119.0,78.119
NOR,4130.583055555555,128.0,78.119
NOR,4138.083055555555,135.0,78.119
NOR,4157.027499999999,155.0,78.119
NOR,4166.360833333332,168.0,78.119
NOR,4186.805277777777,184.0,78.119
NOR,4195.1608333333315,188.0,78.119
NOR,4205.9941666666655,195.0,78.119
NOR,4217.216388888887,202.0,78.119
NOR,4226.460833333332,208.0,78.119
NOR,4248.060833333332,216.0,78.119
NOR,4257.794166666666,219.0,78.119
NOR,4272.927499999999,227.0,78.119
NOR,4283.194166666666,231.0,78.119
NOR,4296.129166666666,234.0,78.119
NOR,4314.4847222222215,236.0,78.119
NOR,4340.4847222222215,234.0,78.119
NOR,4353.595833333332,236.0,78.119
NOR,4366.595833333332,234.0,78.119
NOR,4395.195833333331,234.0,78.119
NOR,4418.895833333331,237.0,78.119
NOR,4466.361666666665,237.0,78.119
NOR,4487.961666666664,243.0,78.119
NOR,4498.850555555554,245.0,78.119
NOR,4512.628333333331,248.0,78.119
NOR,4528.628333333332,240.0,78.119
NOR,4541.894999999999,199.0,78.119
NOR,4557.372777777777,199.0,78.119
NOR,4571.5727777777765,142.0,78.119
NOR,4577.350555555554,130.0,78.119
NOR,4585.483888888887,122.0,78.119
NOR,4591.983888888887,117.0,78.119
NOR,4600.539444444442,110.0,78.119
NOR,4609.783888888886,104.0,78.119
NOR,4618.494999999997,98.0,78.119
NOR,4629.6061111111085,100.0,78.119
NOR,4637.821111111109,106.0,78.119
NOR,4645.221111111109,111.0,78.119
NOR,4650.5099999999975,119.0,78.119
NOR,4659.04333333333,128.0,78.119
NOR,4665.176666666664,138.0,78.119
NOR,4674.976666666664,147.0,78.119
NOR,4689.465555555552,163.0,78.119
NOR,4696.8433333333305,166.0,78.119
NOR,4708.109999999997,169.0,78.119
NOR,4725.109999999997,170.0,78.119
NOR,4744.046111111108,170.0,78.119
NOR,4761.446111111108,174.0,78.119
NOR,4771.446111111108,180.0,78.119
NOR,4781.66833333333,184.0,78.119
NOR,4791.890555555553,184.0,78.119
NOR,4805.157222222219,199.0,78.119
NOR,4816.546111111108,205.0,78.119
NOR,4825.834999999996,209.0,78.119
NOR,4840.034999999996,213.0,78.119
NOR,4849.8127777777745,220.0,78.119
NOR,4867.4683333333305,227.0,78.119
NOR,4877.734999999997,231.0,78.119
NOR,4901.734999999997,240.0,78.119
NOR,4923.690555555552,247.0,78.119
NOR,4937.690555555552,252.0,78.119
NOR,4960.6238888888865,258.0,78.119
NOR,4990.179444444441,266.0,78.119
NOR,5014.193055555553,271.0,78.119
NOR,5032.459722222219,274.0,78.119
NOR,5047.959722222219,279.0,78.119
NOR,5060.4041666666635,280.0,78.119
NOR,5085.826388888886,286.0,78.119
NOR,5111.515277777774,289.0,78.119
NOR,5137.559722222219,293.0,78.119
NOR,5170.753611111108,298.0,78.119
NOR,5184.042499999996,299.0,78.119
NOR,5200.820277777774,302.0,78.119
NOR,5221.020277777775,303.0,78.119
MAG,12.913333333333334,312.0,78.129
MAG,33.846666666666664,314.0,78.129
MAG,58.42444444444445,316.0,78.129
MAG,86.78,319.0,78.129
MAG,115.4025,321.0,78.129
MAG,133.2913888888889,322.0,78.129
MAG,158.41361111111112,323.0,78.129
MAG,172.81361111111113,324.0,78.129
MAG,187.25805555555556,325.0,78.129
MAG,208.85805555555558,324.0,78.129
MAG,226.9136111111111,325.0,78.129
MAG,252.03583333333333,323.0,78.129
MAG,288.3752777777778,298.0,78.129
MAG,305.4086111111111,219.0,78.129
MAG,321.2752777777778,204.0,78.129
MAG,336.1308333333333,191.0,78.129
MAG,348.3975,184.0,78.129
MAG,356.3975,180.0,78.129
MAG,366.17527777777775,176.0,78.129
MAG,389.5086111111111,175.0,78.129
MAG,399.56416666666667,181.0,78.129
MAG,407.7863888888889,185.0,78.129
MAG,418.67527777777775,196.0,78.129
MAG,432.2086111111111,203.0,78.129
MAG,445.94194444444446,206.0,78.129
MAG,462.5863888888889,214.0,78.129
MAG,480.08638888888885,225.0,78.129
MAG,490.26416666666665,229.0,78.129
MAG,508.0752777777778,229.0,78.129
MAG,526.6641666666667,239.0,78.129
MAG,545.3194444444445,239.0,78.129
MAG,556.2527777777779,246.0,78.129
MAG,581.6527777777778,254.0,78.129
MAG,613.9194444444445,264.0,78.129
MAG,625.7416666666667,266.0,78.129
MAG,643.8083333333334,271.0,78.129
MAG,665.1972222222222,275.0,78.129
MAG,686.8972222222222,280.0,78.129
MAG,702.6194444444445,283.0,78.129
MAG,724.7861111111112,285.0,78.129
MAG,753.9861111111111,292.0,78.129
MAG,776.8527777777779,294.0,78.129
MAG,803.3416666666666,298.0,78.129
MAG,823.3416666666666,300.0,78.129
MAG,860.4972222222223,304.0,78.129
MAG,884.375,307.0,78.129
MAG,901.5416666666666,309.0,78.129
MAG,932.5416666666667,310.0,78.129
MAG,949.7083333333334,309.0,78.129
MAG,966.4305555555557,301.0,78.129
MAG,995.3972222222222,237.0,78.129
MAG,1007.2305555555555,213.0,78.129
MAG,1027.5194444444444,166.0,78.129
MAG,1042.16,146.0,78.129
MAG,1052.348888888889,131.0,78.129
MAG,1063.948888888889,116.0,78.129
MAG,1075.726666666667,106.0,78.129
MAG,1080.3488888888892,104.0,78.129
MAG,1088.126666666667,100.0,78.129
MAG,1094.926666666667,102.0,78.129
MAG,1099.5933333333337,105.0,78.129
MAG,1115.5600000000004,120.0,78.129
MAG,1127.2044444444448,131.0,78.129
MAG,1134.926666666667,139.0,78.129
MAG,1143.1488888888891,148.0,78.129
MAG,1153.6822222222227,158.0,78.129
MAG,1162.737777777778,163.0,78.129
MAG,1172.4600000000003,175.0,78.129
MAG,1187.6600000000003,171.0,78.129
MAG,1207.5822222222225,163.0,78.129
MAG,1219.8711111111113,158.0,78.129
MAG,1226.937777777778,159.0,78.129
MAG,1243.537777777778,166.0,78.129
MAG,1261.437777777778,179.0,78.129
MAG,1273.8377777777778,186.0,78.129
MAG,1291.348888888889,197.0,78.129
MAG,1307.506388888889,207.0,78.129
MAG,1316.9730555555557,213.0,78.129
MAG,1331.6397222222224,220.0,78.129
MAG,1349.3730555555558,228.0,78.129
MAG,1362.3175,233.0,78.129
MAG,1378.1175,237.0,78.129
MAG,1405.3397222222225,245.0,78.129
MAG,1435.6508333333334,248.0,78.129
MAG,1452.3808333333334,252.0,78.129
MAG,1466.4919444444445,254.0,78.129
MAG,1489.336388888889,257.0,78.129
MAG,1509.7141666666669,262.0,78.129
MAG,1521.3586111111113,262.0,78.129
MAG,1539.0252777777778,265.0,78.129
MAG,1553.9141666666667,268.0,78.129
MAG,1577.9141666666667,270.0,78.129
MAG,1599.1475,273.0,78.129
MAG,1633.0030555555556,277.0,78.129
MAG,1657.9808333333335,281.0,78.129
MAG,1673.7586111111113,284.0,78.129
MAG,1699.1808333333336,286.0,78.129
MAG,1734.3808333333334,288.0,78.129
MAG,1756.7808333333335,288.0,78.129
MAG,1782.2825000000003,286.0,78.129
MAG,1794.5047222222224,275.0,78.129
MAG,1853.6713888888892,213.0,78.129
MAG,1867.871388888889,213.0,78.129
MAG,1879.6491666666668,212.0,78.129
MAG,1898.671388888889,214.0,78.129
MAG,1931.8297222222225,230.0,78.129
MAG,1952.8075000000001,236.0,78.129
MAG,1963.385277777778,238.0,78.129
MAG,1982.1297222222224,241.0,78.129
MAG,1998.663055555556,248.0,78.129
MAG,2018.0297222222225,249.0,78.129
MAG,2040.874166666667,257.0,78.129
MAG,2055.374166666667,261.0,78.129
MAG,2075.8297222222227,263.0,78.129
MAG,2105.496388888889,267.0,78.129
MAG,2120.4963888888888,270.0,78.129
MAG,2141.6519444444443,272.0,78.129
MAG,2166.0963888888887,275.0,78.129
MAG,2193.7963888888885,277.0,78.129
MAG,2212.396388888889,279.0,78.129
MAG,2250.074722222222,282.0,78.129
MAG,2262.696944444444,284.0,78.129
MAG,2288.0302777777774,285.0,78.129
MAG,2303.863611111111,285.0,78.129
MAG,2329.374722222222,287.0,78.129
MAG,2361.4858333333327,289.0,78.129
MAG,2397.1747222222216,292.0,78.129
MAG,2410.1524999999997,292.0,78.129
MAG,2436.1155555555547,293.0,78.129
MAG,2455.715555555555,294.0,78.129
MAG,2475.4488888888886,296.0,78.129
MAG,2495.2488888888884,297.0,78.129
MAG,2508.4488888888886,297.0,78.129
MAG,2534.9377777777777,298.0,78.129
MAG,2561.5155555555557,299.0,78.129
MAG,2574.9377777777777,302.0,78.129
MAG,2605.337777777778,304.0,78.129
MAG,2632.6266666666666,307.0,78.129
MAG,2656.66,309.0,78.129
MAG,2670.437777777778,310.0,78.129
MAG,2712.037777777778,312.0,78.129
MAG,2739.86,313.0,78.129
MAG,2757.304444444445,314.0,78.129
MAG,2774.891944444445,315.0,78.129
MAG,2799.469722222222,316.0,78.129
MAG,2824.1252777777777,317.0,78.129
MAG,2841.736388888889,317.0,78.129
MAG,2859.403055555556,318.0,78.129
MAG,2894.8475000000003,319.0,78.129
MAG,2930.4030555555555,320.0,78.129
MAG,2948.1808333333333,320.0,78.129
MAG,2990.980833333333,321.0,78.129
MAG,3012.358055555555,322.0,78.129
MAG,3037.4024999999997,322.0,78.129
MAG,3058.935833333333,323.0,78.129
MAG,3080.5358333333334,324.0,78.129
MAG,3112.835833333333,323.0,78.129
MAG,3215.135833333333,297.0,78.129
MAG,3242.235833333333,271.0,78.129
MAG,3262.3024999999993,258.0,78.129
MAG,3278.8358333333326,248.0,78.129
MAG,3299.991388888888,238.0,78.129
MAG,3313.046944444444,235.0,78.129
MAG,3337.213888888888,241.0,78.129
MAG,3347.969444444444,242.0,78.129
MAG,3371.669444444444,237.0,78.129
MAG,3390.2583333333323,239.0,78.129
MAG,3403.6472222222214,241.0,78.129
MAG,3422.4694444444435,242.0,78.129
MAG,3447.0694444444434,246.0,78.129
MAG,3466.513888888888,250.0,78.129
MAG,3483.313888888888,252.0,78.129
MAG,3508.9424999999987,257.0,78.129
MAG,3520.364722222221,257.0,78.129
MAG,3537.9647222222206,264.0,78.129
MAG,3552.85361111111,268.0,78.129
MAG,3564.8536111111102,270.0,78.129
MAG,3580.0202777777768,273.0,78.129
MAG,3595.3536111111102,276.0,78.129
MAG,3610.85361111111,279.0,78.129
MAG,3629.65361111111,282.0,78.129
MAG,3648.5869444444434,284.0,78.129
MAG,3661.342499999999,287.0,78.129
MAG,3680.6758333333323,290.0,78.129
MAG,3696.8424999999993,291.0,78.129
MAG,3722.9758333333325,294.0,78.129
MAG,3736.1758333333323,297.0,78.129
MAG,3756.042499999999,298.0,78.129
MAG,3772.7091666666656,300.0,78.129
MAG,3789.4313888888883,301.0,78.129
MAG,3802.942499999999,304.0,78.129
MAG,3826.905555555555,307.0,78.129
MAG,3857.805555555555,309.0,78.129
MAG,3871.6277777777773,311.0,78.129
MAG,3888.9611111111108,312.0,78.129
MAG,3906.4055555555547,314.0,78.129
MAG,3927.4055555555547,315.0,78.129
MAG,3951.9833333333327,316.0,78.129
MAG,3972.916666666666,314.0,78.129
MAG,3994.9277777777766,283.0,78.129
MAG,4010.5944444444435,235.0,78.129
MAG,4027.8611111111104,222.0,78.129
MAG,4039.81111111111,180.0,78.129
MAG,4047.455555555555,172.0,78.129
MAG,4056.177777777777,157.0,78.129
MAG,4064.233333333332,145.0,78.129
MAG,4070.277777777777,136.0,78.129
MAG,4076.099999999999,131.0,78.129
MAG,4088.399999999999,123.0,78.129
MAG,4101.622222222221,119.0,78.129
MAG,4106.999999999999,121.0,78.129
MAG,4115.399999999999,126.0,78.129
MAG,4132.755555555555,142.0,78.129
MAG,4141.088888888888,150.0,78.129
MAG,4161.744444444444,169.0,78.129
MAG,4181.411111111111,177.0,78.129
MAG,4198.441944444444,191.0,78.129
MAG,4207.108611111111,195.0,78.129
MAG,4218.6641666666665,208.0,78.129
MAG,4237.953055555556,217.0,78.129
MAG,4255.453055555556,225.0,78.129
MAG,4275.986388888889,231.0,78.129
MAG,4291.653055555556,235.0,78.129
MAG,4320.4975,236.0,78.129
MAG,4343.3975,229.0,78.129
MAG,4355.786388888889,223.0,78.129
MAG,4370.119722222222,215.0,78.129
MAG,4379.527222222222,213.0,78.129
MAG,4391.527222222222,216.0,78.129
MAG,4408.638333333333,220.0,78.129
MAG,4418.5938888888895,224.0,78.129
MAG,4439.216111111111,232.0,78.129
MAG,4452.2716666666665,235.0,78.129
MAG,4465.493888888889,238.0,78.129
MAG,4489.993888888889,245.0,78.129
MAG,4509.205,247.0,78.129
MAG,4522.760555555556,244.0,78.129
MAG,4531.916111111111,206.0,78.129
MAG,4540.182777777777,186.0,78.129
MAG,4553.249444444444,168.0,78.129
MAG,4560.71611111111,168.0,78.129
MAG,4573.249444444444,141.0,78.129
MAG,4580.249444444444,126.0,78.129
MAG,4589.147777777776,114.0,78.129
MAG,4595.147777777776,108.0,78.129
MAG,4604.036666666665,100.0,78.129
MAG,4629.4588888888875,104.0,78.129
MAG,4634.258888888888,108.0,78.129
MAG,4641.925555555554,115.0,78.129
MAG,4648.703333333332,122.0,78.129
MAG,4657.103333333333,126.0,78.129
MAG,4663.414444444444,142.0,78.129
MAG,4677.4588888888875,158.0,78.129
MAG,4698.4333333333325,172.0,78.129
MAG,4715.833333333332,174.0,78.129
MAG,4735.388888888887,176.0,78.129
MAG,4743.388888888888,180.0,78.129
MAG,4753.555555555554,183.0,78.129
MAG,4766.088888888888,188.0,78.129
MAG,4779.222222222221,197.0,78.129
MAG,4795.088888888888,204.0,78.129
MAG,4809.155555555554,211.0,78.129
MAG,4821.155555555554,216.0,78.129
MAG,4838.344444444443,221.0,78.129
MAG,4851.066666666666,229.0,78.129
MAG,4869.2666666666655,234.0,78.129
MAG,4885.467222222221,242.0,78.129
MAG,4904.8338888888875,249.0,78.129
MAG,4924.589444444443,254.0,78.129
MAG,4938.922777777777,258.0,78.129
MAG,4950.567222222221,262.0,78.129
MAG,4965.289444444444,265.0,78.129
MAG,4992.589444444444,273.0,78.129
MAG,5004.811666666666,275.0,78.129
MAG,5020.311666666666,279.0,78.129
MAG,5045.467222222221,283.0,78.129
MAG,5061.244999999999,284.0,78.129
MAG,5093.467222222222,290.0,78.129
MAG,5116.3338888888875,294.0,78.129
MAG,5197.848888888888,306.0,78.129
MAG,5225.2266666666665,308.0,78.129
DEV,8.954166666666666,307.0,78.335
DEV,26.065277777777776,308.0,78.335
DEV,46.73194444444445,310.0,78.335
DEV,81.50972222222222,313.0,78.335
DEV,120.00972222222222,315.0,78.335
DEV,151.60972222222222,316.0,78.335
DEV,165.6986111111111,317.0,78.335
DEV,190.5097222222222,319.0,78.335
DEV,208.2319444444444,319.0,78.335
DEV,225.95416666666662,319.0,78.335
DEV,268.2658333333333,318.0,78.335
DEV,281.24361111111114,292.0,78.335
DEV,310.37083333333334,218.0,78.335
DEV,331.25972222222225,188.0,78.335
DEV,339.3930555555555,183.0,78.335
DEV,347.3041666666666,178.0,78.335
DEV,358.90416666666664,174.0,78.335
DEV,372.4375,174.0,78.335
DEV,384.1708333333333,176.0,78.335
DEV,392.1708333333333,180.0,78.335
DEV,416.12638888888887,196.0,78.335
DEV,425.0597222222222,201.0,78.335
DEV,446.1597222222222,211.0,78.335
DEV,463.11527777777775,218.0,78.335
DEV,488.3375,227.0,78.335
DEV,501.1708333333333,231.0,78.335
DEV,535.8375,240.0,78.335
DEV,554.8930555555555,245.0,78.335
DEV,565.7819444444443,245.0,78.335
DEV,588.1819444444443,252.0,78.335
DEV,605.3819444444443,258.0,78.335
DEV,619.9374999999999,262.0,78.335
DEV,631.6708333333332,264.0,78.335
DEV,646.4486111111111,266.0,78.335
DEV,661.373611111111,270.0,78.335
DEV,673.5069444444443,273.0,78.335
DEV,688.8402777777776,276.0,78.335
DEV,707.5177777777776,279.0,78.335
DEV,732.6733333333332,283.0,78.335
DEV,758.1844444444444,287.0,78.335
DEV,774.2399999999999,289.0,78.335
DEV,790.4066666666666,291.0,78.335
DEV,813.2733333333333,294.0,78.335
DEV,829.6622222222223,295.0,78.335
DEV,852.7622222222222,297.0,78.335
DEV,866.0066666666667,298.0,78.335
DEV,886.0066666666667,300.0,78.335
DEV,923.1622222222222,304.0,78.335
DEV,953.8622222222222,307.0,78.335
DEV,974.1955555555555,305.0,78.335
DEV,989.4733333333334,275.0,78.335
DEV,1007.1288888888889,227.0,78.335
DEV,1026.4622222222222,174.0,78.335
DEV,1035.0733333333333,155.0,78.335
DEV,1041.6066666666666,147.0,78.335
DEV,1050.4066666666665,132.0,78.335
DEV,1074.8955555555553,116.0,78.335
DEV,1081.1733333333332,113.0,78.335
DEV,1086.1066666666666,111.0,78.335
DEV,1094.2441666666666,105.0,78.335
DEV,1098.7775,102.0,78.335
DEV,1107.2855555555554,109.0,78.335
DEV,1113.4522222222222,111.0,78.335
DEV,1120.0077777777776,118.0,78.335
DEV,1125.4299999999998,122.0,78.335
DEV,1130.852222222222,122.0,78.335
DEV,1141.5077777777776,137.0,78.335
DEV,1150.9744444444443,142.0,78.335
DEV,1171.5077777777776,168.0,78.335
DEV,1182.7077777777777,168.0,78.335
DEV,1195.4633333333331,164.0,78.335
DEV,1204.5744444444442,164.0,78.335
DEV,1215.041111111111,157.0,78.335
DEV,1228.4633333333331,151.0,78.335
DEV,1242.33,156.0,78.335
DEV,1255.3188888888888,167.0,78.335
DEV,1262.9188888888887,171.0,78.335
DEV,1270.9633333333331,181.0,78.335
DEV,1287.941111111111,191.0,78.335
DEV,1303.5744444444445,201.0,78.335
DEV,1323.9744444444443,204.0,78.335
DEV,1333.5744444444442,216.0,78.335
DEV,1345.9694444444442,222.0,78.335
DEV,1355.9069444444442,225.0,78.335
DEV,1366.1291666666664,230.0,78.335
DEV,1384.2513888888886,233.0,78.335
DEV,1397.584722222222,240.0,78.335
DEV,1410.9066666666665,241.0,78.335
DEV,1427.2399999999998,245.0,78.335
DEV,1438.2863888888887,247.0,78.335
DEV,1449.3974999999998,250.0,78.335
DEV,1463.2863888888887,250.0,78.335
DEV,1477.3419444444442,253.0,78.335
DEV,1494.2752777777773,254.0,78.335
DEV,1520.0752777777775,258.0,78.335
DEV,1531.5863888888887,259.0,78.335
DEV,1546.1974999999998,263.0,78.335
DEV,1560.919722222222,265.0,78.335
DEV,1587.919722222222,270.0,78.335
DEV,1599.9641666666664,271.0,78.335
DEV,1627.3641666666663,274.0,78.335
DEV,1642.6974999999995,276.0,78.335
DEV,1655.0530555555551,278.0,78.335
DEV,1673.719722222222,280.0,78.335
DEV,1689.330833333333,281.0,78.335
DEV,1705.0530555555551,283.0,78.335
DEV,1730.2974999999997,284.0,78.335
DEV,1746.1863888888886,286.0,78.335
DEV,1774.8863888888886,287.0,78.335
DEV,1799.6863888888886,279.0,78.335
DEV,1821.641944444444,247.0,78.335
DEV,1842.8863888888886,239.0,78.335
DEV,1852.7530555555554,222.0,78.335
DEV,1864.6974999999998,215.0,78.335
DEV,1883.9863888888888,217.0,78.335
DEV,1901.1138888888888,221.0,78.335
DEV,1921.443888888889,228.0,78.335
DEV,1953.0438888888891,237.0,78.335
DEV,1966.321666666667,239.0,78.335
DEV,1984.910555555556,239.0,78.335
DEV,2001.5105555555558,249.0,78.335
DEV,2018.510555555556,255.0,78.335
DEV,2035.6438888888893,257.0,78.335
DEV,2050.032777777778,259.0,78.335
DEV,2064.643888888889,263.0,78.335
DEV,2094.3105555555553,267.0,78.335
DEV,2112.177222222222,268.0,78.335
DEV,2130.2438888888887,271.0,78.335
DEV,2148.3772222222224,272.0,78.335
DEV,2166.7105555555554,275.0,78.335
DEV,2194.410555555555,277.0,78.335
DEV,2222.3105555555553,279.0,78.335
DEV,2234.7105555555554,279.0,78.335
DEV,2250.266111111111,280.0,78.335
DEV,2265.8216666666663,280.0,78.335
DEV,2284.555,281.0,78.335
DEV,2297.0438888888884,281.0,78.335
DEV,2322.288333333333,284.0,78.335
DEV,2357.2438888888887,286.0,78.335
DEV,2376.3772222222215,287.0,78.335
DEV,2398.6197222222218,287.0,78.335
DEV,2427.5999999999995,289.0,78.335
DEV,2440.4888888888886,290.0,78.335
DEV,2476.055555555555,291.0,78.335
DEV,2492.222222222222,291.0,78.335
DEV,2505.2,292.0,78.335
DEV,2518.177777777778,292.0,78.335
DEV,2531.2,293.0,78.335
DEV,2550.866666666667,295.0,78.335
DEV,2567.3111111111107,296.0,78.335
DEV,2593.7999999999997,298.0,78.335
DEV,2613.866666666667,301.0,78.335
DEV,2644.166666666667,303.0,78.335
DEV,2664.5000000000005,305.0,78.335
DEV,2678.0555555555557,305.0,78.335
DEV,2701.9333333333334,307.0,78.335
DEV,2718.988888888889,307.0,78.335
DEV,2732.722222222222,309.0,78.335
DEV,2746.4111111111115,308.0,78.335
DEV,2773.877777777778,309.0,78.335
DEV,2787.6555555555556,310.0,78.335
DEV,2822.2111111111108,311.0,78.335
DEV,2843.011111111111,312.0,78.335
DEV,2881.3888888888887,314.0,78.335
DEV,2898.777777777778,313.0,78.335
DEV,2916.166666666667,313.0,78.335
DEV,2933.611111111111,314.0,78.335
DEV,2975.6111111111113,315.0,78.335
DEV,3000.1888888888893,316.0,78.335
DEV,3028.3666666666663,317.0,78.335
DEV,3042.411111111111,316.0,78.335
DEV,3070.588888888889,317.0,78.335
DEV,3095.2444444444445,317.0,78.335
DEV,3119.9,317.0,78.335
DEV,3134.0333333333333,318.0,78.335
DEV,3158.688888888889,317.0,78.335
DEV,3172.7777777777774,317.0,78.335
DEV,3190.4444444444443,318.0,78.335
DEV,3204.4888888888886,316.0,78.335
DEV,3228.133333333333,304.0,78.335
DEV,3254.9333333333334,268.0,78.335
DEV,3277.866666666667,258.0,78.335
DEV,3292.1444444444446,257.0,78.335
DEV,3305.9222222222224,248.0,78.335
DEV,3330.7222222222226,248.0,78.335
DEV,3361.6444444444446,253.0,78.335
DEV,3375.7000000000003,253.0,78.335
DEV,3409.4333333333334,253.0,78.335
DEV,3437.4333333333334,252.0,78.335
DEV,3465.8777777777777,256.0,78.335
DEV,3477.344444444445,258.0,78.335
DEV,3488.811111111111,258.0,78.335
DEV,3500.4555555555557,262.0,78.335
DEV,3521.066666666667,265.0,78.335
DEV,3538.866666666667,267.0,78.335
DEV,3553.7000000000003,267.0,78.335
DEV,3568.8111111111116,272.0,78.335
DEV,3590.277777777778,276.0,78.335
DEV,3605.7222222222226,278.0,78.335
DEV,3633.9222222222224,282.0,78.335
DEV,3665.588888888889,285.0,78.335
DEV,3691.366666666667,290.0,78.335
DEV,3720.5666666666666,292.0,78.335
DEV,3736.9,294.0,78.335
DEV,3766.6,297.0,78.335
DEV,3779.8444444444444,298.0,78.335
DEV,3809.7444444444445,299.0,78.335
DEV,3846.777777777778,303.0,78.335
DEV,3860.288888888889,304.0,78.335
DEV,3877.2333333333336,305.0,78.335
DEV,3901.1888888888893,308.0,78.335
DEV,3921.7888888888897,309.0,78.335
DEV,3942.4555555555557,310.0,78.335
DEV,3966.566666666667,310.0,78.335
DEV,3987.3000000000006,311.0,78.335
DEV,4018.4000000000005,311.0,78.335
DEV,4037.7666666666673,249.0,78.335
DEV,4048.077777777778,232.0,78.335
DEV,4060.5444444444447,187.0,78.335
DEV,4072.677777777778,156.0,78.335
DEV,4085.0333333333333,139.0,78.335
DEV,4090.8555555555554,131.0,78.335
DEV,4097.7444444444445,124.0,78.335
DEV,4103.166666666667,122.0,78.335
DEV,4111.033333333334,118.0,78.335
DEV,4116.144444444445,115.0,78.335
DEV,4126.900000000001,121.0,78.335
DEV,4135.233333333334,125.0,78.335
DEV,4142.955555555556,139.0,78.335
DEV,4152.822222222223,148.0,78.335
DEV,4167.666666666667,167.0,78.335
DEV,4180.966666666667,171.0,78.335
DEV,4191.0777777777785,182.0,78.335
DEV,4215.522222222223,200.0,78.335
DEV,4226.966666666667,206.0,78.335
DEV,4253.488888888889,217.0,78.335
DEV,4265.711111111112,220.0,78.335
DEV,4278.322222222222,227.0,78.335
DEV,4293.922222222222,234.0,78.335
DEV,4304.4111111111115,236.0,78.335
DEV,4320.277777777777,238.0,78.335
DEV,4344.143888888889,238.0,78.335
DEV,4354.588333333333,235.0,78.335
DEV,4364.835,232.0,78.335
DEV,4382.412777777778,226.0,78.335
DEV,4400.146111111111,228.0,78.335
DEV,4410.368333333333,230.0,78.335
DEV,4425.835,232.0,78.335
DEV,4441.4349999999995,234.0,78.335
DEV,4467.768333333333,237.0,78.335
DEV,4481.212777777777,242.0,78.335
DEV,4502.812777777777,243.0,78.335
DEV,4522.257222222222,250.0,78.335
DEV,4537.857222222221,234.0,78.335
DEV,4557.857222222221,180.0,78.335
DEV,4573.523888888887,141.0,78.335
DEV,4580.690555555554,129.0,78.335
DEV,4588.623888888887,119.0,78.335
DEV,4600.968333333332,101.0,78.335
DEV,4611.523888888888,95.0,78.335
DEV,4615.701666666666,94.0,78.335
DEV,4620.701666666666,90.0,78.335
DEV,4631.479444444444,97.0,78.335
DEV,4637.0905555555555,101.0,78.335
DEV,4645.646111111111,110.0,78.335
DEV,4650.846111111111,117.0,78.335
DEV,4659.147222222222,124.0,78.335
DEV,4668.176111111111,136.0,78.335
DEV,4676.065,142.0,78.335
DEV,4683.042777777778,157.0,78.335
DEV,4700.2427777777775,172.0,78.335
DEV,4707.976111111111,174.0,78.335
DEV,4725.676111111111,177.0,78.335
DEV,4733.5872222222215,178.0,78.335
DEV,4749.231666666667,176.0,78.335
DEV,4759.342777777777,182.0,78.335
DEV,4775.876111111111,186.0,78.335
DEV,4790.964999999999,194.0,78.335
DEV,4811.164999999999,202.0,78.335
DEV,4820.364999999999,207.0,78.335
DEV,4829.653888888887,209.0,78.335
DEV,4839.209444444444,215.0,78.335
DEV,4856.631666666666,224.0,78.335
DEV,4882.520555555555,233.0,78.335
DEV,4901.187222222222,240.0,78.335
DEV,4925.987222222222,248.0,78.335
DEV,4939.987222222222,252.0,78.335
DEV,4954.209444444445,256.0,78.335
DEV,4968.653888888888,260.0,78.335
DEV,4983.320555555555,264.0,78.335
DEV,5007.142777777778,268.0,78.335
DEV,5025.342777777778,273.0,78.335
DEV,5047.042222222222,278.0,78.335
DEV,5062.653333333334,281.0,78.335
DEV,5075.231111111111,283.0,78.335
DEV,5103.951111111111,288.0,78.335
DEV,5116.751111111111,288.0,78.335
DEV,5132.862222222222,290.0,78.335
DEV,5152.5955555555565,296.0,78.335
DEV,5169.04,296.0,78.335
DEV,5195.795555555556,301.0,78.335
DEV,5219.362222222223,303.0,78.335
PIA,6.054722222222221,307.0,78.517
PIA,23.22138888888889,309.0,78.517
PIA,61.35472222222222,312.0,78.517
PIA,96.35472222222222,315.0,78.517
PIA,181.77694444444444,320.0,78.517
PIA,213.87694444444443,321.0,78.517
PIA,228.1436111111111,321.0,78.517
PIA,245.97694444444443,321.0,78.517
PIA,268.06444444444446,285.0,78.517
PIA,284.9977777777778,254.0,78.517
PIA,297.6644444444445,228.0,78.517
PIA,320.7644444444445,189.0,78.517
PIA,330.7644444444445,180.0,78.517
PIA,338.6311111111112,177.0,78.517
PIA,351.8533333333334,170.0,78.517
PIA,372.3866666666667,168.0,78.517
PIA,391.9422222222223,176.0,78.517
PIA,415.6533333333334,194.0,78.517
PIA,424.4977777777778,199.0,78.517
PIA,438.2977777777778,207.0,78.517
PIA,450.0755555555556,212.0,78.517
PIA,471.7755555555556,217.0,78.517
PIA,486.84222222222223,226.0,78.517
PIA,497.02000000000004,229.0,78.517
PIA,517.9088888888889,235.0,78.517
PIA,533.9755555555556,241.0,78.517
PIA,544.82,244.0,78.517
PIA,561.3552777777778,247.0,78.517
PIA,572.4663888888889,250.0,78.517
PIA,591.9108333333334,250.0,78.517
PIA,614.666388888889,256.0,78.517
PIA,626.0441666666667,256.0,78.517
PIA,646.7330555555556,266.0,78.517
PIA,683.4563888888889,276.0,78.517
PIA,698.8452777777777,277.0,78.517
PIA,717.5786111111111,281.0,78.517
PIA,742.8230555555555,284.0,78.517
PIA,758.7119444444443,286.0,78.517
PIA,781.1897222222221,289.0,78.517
PIA,797.3563888888888,291.0,78.517
PIA,850.3341666666666,298.0,78.517
PIA,866.9452777777777,299.0,78.517
PIA,883.6675,301.0,78.517
PIA,907.1563888888888,302.0,78.517
PIA,920.6230555555555,303.0,78.517
PIA,947.6452777777778,304.0,78.517
PIA,964.2563888888889,299.0,78.517
PIA,979.2008333333332,269.0,78.517
PIA,1004.5341666666666,228.0,78.517
PIA,1013.0674999999999,192.0,78.517
PIA,1033.1119444444444,164.0,78.517
PIA,1041.2077777777777,145.0,78.517
PIA,1050.0077777777776,132.0,78.517
PIA,1060.941111111111,123.0,78.517
PIA,1069.9633333333331,116.0,78.517
PIA,1076.241111111111,113.0,78.517
PIA,1082.1855555555553,107.0,78.517
PIA,1092.7855555555554,106.0,78.517
PIA,1102.4441666666664,109.0,78.517
PIA,1108.7774999999997,114.0,78.517
PIA,1115.3886111111108,119.0,78.517
PIA,1129.9441666666664,131.0,78.517
PIA,1137.6663888888886,139.0,78.517
PIA,1145.5552777777775,142.0,78.517
PIA,1152.399722222222,154.0,78.517
PIA,1159.4663888888886,159.0,78.517
PIA,1168.6886111111107,166.0,78.517
PIA,1182.910833333333,160.0,78.517
PIA,1190.021944444444,160.0,78.517
PIA,1201.8441666666663,152.0,78.517
PIA,1210.1774999999996,150.0,78.517
PIA,1218.6774999999996,153.0,78.517
PIA,1229.210833333333,158.0,78.517
PIA,1238.099722222222,160.0,78.517
PIA,1259.3663888888887,174.0,78.517
PIA,1267.4552777777776,182.0,78.517
PIA,1279.8552777777777,186.0,78.517
PIA,1295.4108333333334,200.0,78.517
PIA,1313.7791666666665,206.0,78.517
PIA,1328.1125,215.0,78.517
PIA,1353.223611111111,226.0,78.517
PIA,1371.3458333333333,233.0,78.517
PIA,1392.5902777777778,239.0,78.517
PIA,1425.2569444444443,245.0,78.517
PIA,1436.2544444444445,249.0,78.517
PIA,1455.8544444444444,252.0,78.517
PIA,1484.0766666666668,254.0,78.517
PIA,1498.2433333333333,255.0,78.517
PIA,1515.2433333333333,255.0,78.517
PIA,1526.798888888889,260.0,78.517
PIA,1602.0766666666668,271.0,78.517
PIA,1623.2322222222224,272.0,78.517
PIA,1644.5433333333335,274.0,78.517
PIA,1659.8766666666668,276.0,78.517
PIA,1678.41,278.0,78.517
PIA,1693.965555555556,280.0,78.517
PIA,1709.576666666667,281.0,78.517
PIA,1731.4322222222227,281.0,78.517
PIA,1759.4322222222227,280.0,78.517
PIA,1778.1766666666672,280.0,78.517
PIA,1795.6433333333337,262.0,78.517
PIA,1809.3655555555558,247.0,78.517
PIA,1834.5877777777782,227.0,78.517
PIA,1844.5433333333337,224.0,78.517
PIA,1859.2100000000003,220.0,78.517
PIA,1871.5433333333335,222.0,78.517
PIA,1896.765555555556,227.0,78.517
PIA,1914.8230555555558,233.0,78.517
PIA,1928.045277777778,238.0,78.517
PIA,1946.7119444444447,240.0,78.517
PIA,1971.3119444444446,246.0,78.517
PIA,1987.9119444444445,249.0,78.517
PIA,2001.8563888888891,251.0,78.517
PIA,2027.656388888889,258.0,78.517
PIA,2042.156388888889,261.0,78.517
PIA,2062.6897222222224,264.0,78.517
PIA,2086.423055555556,267.0,78.517
PIA,2101.311944444445,268.0,78.517
PIA,2122.311944444445,270.0,78.517
PIA,2137.3675000000003,271.0,78.517
PIA,2167.8119444444446,274.0,78.517
PIA,2180.0341666666673,275.0,78.517
PIA,2198.4341666666674,276.0,78.517
PIA,2232.244166666667,276.0,78.517
PIA,2266.4663888888895,280.0,78.517
PIA,2282.0775000000003,281.0,78.517
PIA,2316.6663888888897,283.0,78.517
PIA,2329.2441666666673,283.0,78.517
PIA,2348.1775000000007,284.0,78.517
PIA,2373.510833333334,285.0,78.517
PIA,2395.7552777777787,286.0,78.517
PIA,2414.8088888888897,287.0,78.517
PIA,2443.60888888889,288.0,78.517
PIA,2459.60888888889,288.0,78.517
PIA,2475.6088888888894,288.0,78.517
PIA,2498.086666666667,289.0,78.517
PIA,2510.931111111112,289.0,78.517
PIA,2530.3311111111116,291.0,78.517
PIA,2546.553333333334,292.0,78.517
PIA,2582.7311111111117,296.0,78.517
PIA,2599.231111111112,297.0,78.517
PIA,2619.1644444444455,299.0,78.517
PIA,2649.3644444444453,302.0,78.517
PIA,2679.7644444444454,304.0,78.517
PIA,2693.3200000000006,305.0,78.517
PIA,2717.120000000001,306.0,78.517
PIA,2737.5866666666675,307.0,78.517
PIA,2761.4644444444452,307.0,78.517
PIA,2785.5836111111116,309.0,78.517
PIA,2813.2280555555562,311.0,78.517
PIA,2844.428055555556,312.0,78.517
PIA,2882.6836111111115,313.0,78.517
PIA,2910.5058333333336,313.0,78.517
PIA,2927.9502777777784,314.0,78.517
PIA,2955.8613888888895,314.0,78.517
PIA,2973.3058333333333,314.0,78.517
PIA,2994.151944444445,314.0,78.517
PIA,3011.5963888888887,314.0,78.517
PIA,3032.5963888888887,315.0,78.517
PIA,3060.5963888888887,315.0,78.517
PIA,3102.329722222222,313.0,78.517
PIA,3130.0630555555554,312.0,78.517
PIA,3150.796388888889,311.0,78.517
PIA,3171.5297222222225,311.0,78.517
PIA,3202.5297222222225,310.0,78.517
PIA,3228.9297222222226,297.0,78.517
PIA,3256.5297222222225,276.0,78.517
PIA,3274.063055555556,263.0,78.517
PIA,3301.8408333333336,250.0,78.517
PIA,3315.7297222222223,250.0,78.517
PIA,3343.6883333333335,251.0,78.517
PIA,3360.4883333333337,252.0,78.517
PIA,3379.543888888889,245.0,78.517
PIA,3395.743888888889,243.0,78.517
PIA,3411.9438888888894,243.0,78.517
PIA,3433.810555555556,246.0,78.517
PIA,3444.832777777778,248.0,78.517
PIA,3458.7216666666673,250.0,78.517
PIA,3469.9661111111113,253.0,78.517
PIA,3484.243888888889,257.0,78.517
PIA,3504.2388888888895,258.0,78.517
PIA,3518.7944444444447,262.0,78.517
PIA,3530.4388888888893,262.0,78.517
PIA,3545.2722222222224,267.0,78.517
PIA,3563.2722222222224,270.0,78.517
PIA,3575.361111111111,272.0,78.517
PIA,3596.75,275.0,78.517
PIA,3621.6388888888887,280.0,78.517
PIA,3640.5055555555555,283.0,78.517
PIA,3653.1277777777773,284.0,78.517
PIA,3678.6388888888882,287.0,78.517
PIA,3701.116666666666,289.0,78.517
PIA,3723.827777777777,292.0,78.517
PIA,3746.694444444444,294.0,78.517
PIA,3759.8055555555547,295.0,78.517
PIA,3789.6055555555545,298.0,78.517
PIA,3809.538888888888,299.0,78.517
PIA,3829.6222222222214,300.0,78.517
PIA,3842.955555555555,300.0,78.517
PIA,3863.2222222222213,304.0,78.517
PIA,3934.155555555555,304.0,78.517
PIA,3954.422222222222,304.0,78.517
PIA,3967.933333333333,304.0,78.517
PIA,3981.4888888888886,305.0,78.517
PIA,4004.8666666666663,263.0,78.517
PIA,4015.7999999999993,246.0,78.517
PIA,4027.9111111111106,218.0,78.517
PIA,4040.126666666666,184.0,78.517
PIA,4051.793333333333,175.0,78.517
PIA,4068.3488888888887,149.0,78.517
PIA,4081.648888888889,133.0,78.517
PIA,4093.2044444444446,130.0,78.517
PIA,4106.8711111111115,123.0,78.517
PIA,4121.093333333334,128.0,78.517
PIA,4127.004444444446,133.0,78.517
PIA,4134.782222222223,140.0,78.517
PIA,4151.893333333334,154.0,78.517
PIA,4159.093333333334,162.0,78.517
PIA,4175.004444444446,179.0,78.517
PIA,4189.522777777779,186.0,78.517
PIA,4202.656111111112,197.0,78.517
PIA,4213.933888888891,203.0,78.517
PIA,4227.667222222223,206.0,78.517
PIA,4239.611666666668,215.0,78.517
PIA,4249.389444444445,220.0,78.517
PIA,4261.778333333334,223.0,78.517
PIA,4282.400555555556,232.0,78.517
PIA,4300.833888888889,237.0,78.517
PIA,4311.411666666667,238.0,78.517
PIA,4324.522777777778,236.0,78.517
PIA,4345.233888888889,233.0,78.517
PIA,4363.278333333334,232.0,78.517
PIA,4391.691388888889,233.0,78.517
PIA,4415.1913888888885,235.0,78.517
PIA,4430.991388888889,237.0,78.517
PIA,4446.924722222222,239.0,78.517
PIA,4460.313611111111,241.0,78.517
PIA,4471.069166666666,242.0,78.517
PIA,4490.202499999999,246.0,78.517
PIA,4501.180277777777,247.0,78.517
PIA,4512.158055555555,247.0,78.517
PIA,4522.824722222221,240.0,78.517
PIA,4538.61361111111,203.0,78.517
PIA,4551.758055555554,169.0,78.517
PIA,4571.669166666665,128.0,78.517
PIA,4582.279999999999,119.0,78.517
PIA,4592.324444444443,113.0,78.517
PIA,4599.591111111109,109.0,78.517
PIA,4609.791111111109,102.0,78.517
PIA,4616.524444444442,101.0,78.517
PIA,4620.968888888887,100.0,78.517
PIA,4626.691111111109,103.0,78.517
PIA,4632.691111111109,108.0,78.517
PIA,4643.1799999999985,118.0,78.517
PIA,4648.779999999998,126.0,78.517
PIA,4657.779999999998,135.0,78.517
PIA,4674.779999999998,153.0,78.517
PIA,4693.1783333333315,166.0,78.517
PIA,4702.45611111111,167.0,78.517
PIA,4711.733888888888,167.0,78.517
PIA,4724.722777777777,167.0,78.517
PIA,4738.100555555555,172.0,78.517
PIA,4749.900555555555,177.0,78.517
PIA,4764.211666666666,184.0,78.517
PIA,4785.989444444444,196.0,78.517
PIA,4799.456111111111,202.0,78.517
PIA,4808.6561111111105,207.0,78.517
PIA,4820.433888888889,212.0,78.517
PIA,4845.100555555556,222.0,78.517
PIA,4862.911666666667,229.0,78.517
PIA,4878.643611111112,235.0,78.517
PIA,4894.843611111111,243.0,78.517
PIA,4911.376944444444,248.0,78.517
PIA,4928.176944444445,252.0,78.517
PIA,4945.376944444445,258.0,78.517
PIA,4971.776944444445,264.0,78.517
PIA,4989.710277777778,269.0,78.517
PIA,5007.910277777779,273.0,78.517
PIA,5023.1325000000015,274.0,78.517
PIA,5044.910277777778,280.0,78.517
PIA,5057.443611111112,282.0,78.517
PIA,5073.276944444446,285.0,78.517
PIA,5089.221388888889,287.0,78.517
PIA,5105.251944444444,290.0,78.517
PIA,5118.140833333334,290.0,78.517
PIA,5198.4075,301.0,78.517
PIA,5232.1852777777785,304.0,78.517
ZHO,4.434444444444444,307.0,78.54
ZHO,21.49,307.0,78.54
ZHO,35.13444444444444,307.0,78.54
ZHO,62.60111111111111,309.0,78.54
ZHO,93.98805555555555,313.0,78.54
ZHO,114.92138888888888,314.0,78.54
ZHO,150.25472222222223,318.0,78.54
ZHO,189.36583333333334,320.0,78.54
ZHO,221.36583333333334,320.0,78.54
ZHO,246.25472222222226,320.0,78.54
ZHO,277.36583333333334,280.0,78.54
ZHO,301.9213888888889,221.0,78.54
ZHO,313.08805555555557,201.0,78.54
ZHO,325.2213888888889,182.0,78.54
ZHO,340.86583333333334,176.0,78.54
ZHO,356.06583333333333,171.0,78.54
ZHO,369.36583333333334,171.0,78.54
ZHO,379.0394444444444,175.0,78.54
ZHO,390.9061111111111,178.0,78.54
ZHO,410.2061111111111,193.0,78.54
ZHO,479.5838888888889,223.0,78.54
ZHO,489.7172222222222,228.0,78.54
ZHO,499.9394444444444,230.0,78.54
ZHO,518.2044444444444,234.0,78.54
ZHO,528.8266666666666,239.0,78.54
ZHO,547.7266666666666,243.0,78.54
ZHO,558.66,246.0,78.54
ZHO,578.1822222222221,251.0,78.54
ZHO,589.471111111111,254.0,78.54
ZHO,621.6155555555555,263.0,78.54
ZHO,651.5044444444443,269.0,78.54
ZHO,666.7266666666666,274.0,78.54
ZHO,685.1266666666666,276.0,78.54
ZHO,706.9044444444443,280.0,78.54
ZHO,725.7044444444443,282.0,78.54
ZHO,744.9044444444444,288.0,78.54
ZHO,760.9599999999999,289.0,78.54
ZHO,787.0044444444444,293.0,78.54
ZHO,803.3377777777777,294.0,78.54
ZHO,819.7266666666667,295.0,78.54
ZHO,839.5933333333334,298.0,78.54
ZHO,869.7094444444444,302.0,78.54
ZHO,883.1761111111111,303.0,78.54
ZHO,900.0649999999999,304.0,78.54
ZHO,923.7872222222221,305.0,78.54
ZHO,937.3427777777777,305.0,78.54
ZHO,957.676111111111,305.0,78.54
ZHO,970.9649999999999,299.0,78.54
ZHO,991.0316666666665,258.0,78.54
ZHO,1001.8316666666665,243.0,78.54
ZHO,1013.8872222222221,217.0,78.54
ZHO,1022.5633333333333,194.0,78.54
ZHO,1030.2077777777777,172.0,78.54
ZHO,1040.6077777777778,156.0,78.54
ZHO,1048.3855555555556,140.0,78.54
ZHO,1060.9855555555557,126.0,78.54
ZHO,1070.318888888889,120.0,78.54
ZHO,1076.707777777778,115.0,78.54
ZHO,1085.1855555555558,109.0,78.54
ZHO,1091.9855555555557,102.0,78.54
ZHO,1097.5411111111111,100.0,78.54
ZHO,1105.2411111111112,99.0,78.54
ZHO,1110.8522222222223,101.0,78.54
ZHO,1119.2522222222224,108.0,78.54
ZHO,1128.118888888889,114.0,78.54
ZHO,1133.4966666666667,121.0,78.54
ZHO,1145.4077777777777,134.0,78.54
ZHO,1162.6299999999999,155.0,78.54
ZHO,1173.6299999999999,165.0,78.54
ZHO,1185.1152777777777,173.0,78.54
ZHO,1192.8041666666666,173.0,78.54
ZHO,1211.248611111111,166.0,78.54
ZHO,1218.4930555555554,163.0,78.54
ZHO,1229.0263888888887,158.0,78.54
ZHO,1237.6930555555555,156.0,78.54
ZHO,1246.5263888888887,159.0,78.54
ZHO,1257.5930555555553,166.0,78.54
ZHO,1269.1930555555555,174.0,78.54
ZHO,1279.354722222222,182.0,78.54
ZHO,1294.2102777777775,191.0,78.54
ZHO,1312.165833333333,202.0,78.54
ZHO,1328.654722222222,212.0,78.54
ZHO,1338.2102777777777,215.0,78.54
ZHO,1376.8769444444442,232.0,78.54
ZHO,1387.3213888888886,235.0,78.54
ZHO,1403.254722222222,239.0,78.54
ZHO,1414.054722222222,243.0,78.54
ZHO,1430.3213888888886,244.0,78.54
ZHO,1449.6880555555554,249.0,78.54
ZHO,1460.8880555555554,252.0,78.54
ZHO,1472.043611111111,251.0,78.54
ZHO,1497.4436111111108,254.0,78.54
ZHO,1523.2436111111108,258.0,78.54
ZHO,1549.5436111111107,263.0,78.54
ZHO,1573.276944444444,267.0,78.54
ZHO,1600.3016666666665,271.0,78.54
ZHO,1615.468333333333,273.0,78.54
ZHO,1633.8683333333329,276.0,78.54
ZHO,1655.568333333333,279.0,78.54
ZHO,1683.6683333333328,281.0,78.54
ZHO,1718.379444444444,284.0,78.54
ZHO,1740.6252777777772,285.0,78.54
ZHO,1766.0474999999994,286.0,78.54
ZHO,1781.9363888888884,286.0,78.54
ZHO,1797.7697222222218,285.0,78.54
ZHO,1809.6363888888882,267.0,78.54
ZHO,1825.8363888888882,243.0,78.54
ZHO,1848.3363888888882,225.0,78.54
ZHO,1870.0363888888883,217.0,78.54
ZHO,1879.6808333333327,217.0,78.54
ZHO,1904.1252777777772,220.0,78.54
ZHO,1927.025277777777,229.0,78.54
ZHO,1937.3363888888882,232.0,78.54
ZHO,1950.3363888888882,234.0,78.54
ZHO,1966.4697222222214,242.0,78.54
ZHO,1982.6697222222215,243.0,78.54
ZHO,1996.3919444444437,247.0,78.54
ZHO,2010.2808333333326,250.0,78.54
ZHO,2035.9808333333326,257.0,78.54
ZHO,2056.203055555555,260.0,78.54
ZHO,2082.629444444444,265.0,78.54
ZHO,2127.4627777777773,269.0,78.54
ZHO,2154.662777777777,272.0,78.54
ZHO,2169.8294444444437,273.0,78.54
ZHO,2188.2294444444437,276.0,78.54
ZHO,2213.0177777777767,278.0,78.54
ZHO,2231.617777777777,279.0,78.54
ZHO,2247.117777777777,279.0,78.54
ZHO,2265.85111111111,281.0,78.54
ZHO,2297.295555555555,283.0,78.54
ZHO,2309.917777777777,284.0,78.54
ZHO,2328.917777777777,285.0,78.54
ZHO,2354.3399999999992,286.0,78.54
ZHO,2370.284444444443,287.0,78.54
ZHO,2392.684444444443,288.0,78.54
ZHO,2408.684444444443,288.0,78.54
ZHO,2421.484444444443,288.0,78.54
ZHO,2437.5955555555543,290.0,78.54
ZHO,2453.817777777776,292.0,78.54
ZHO,2479.7733333333317,292.0,78.54
ZHO,2495.9955555555543,292.0,78.54
ZHO,2508.973333333332,292.0,78.54
ZHO,2535.106666666665,294.0,78.54
ZHO,2568.217777777777,298.0,78.54
ZHO,2584.7458333333325,299.0,78.54
ZHO,2598.0347222222213,299.0,78.54
ZHO,2618.168055555555,302.0,78.54
ZHO,2635.0013888888884,303.0,78.54
ZHO,2648.5124999999994,304.0,78.54
ZHO,2672.2347222222215,305.0,78.54
ZHO,2709.634722222221,306.0,78.54
ZHO,2747.364722222221,308.0,78.54
ZHO,2767.9647222222216,309.0,78.54
ZHO,2788.6313888888876,310.0,78.54
ZHO,2805.9091666666654,311.0,78.54
ZHO,2819.7313888888875,311.0,78.54
ZHO,2837.064722222221,312.0,78.54
ZHO,2857.9980555555544,314.0,78.54
ZHO,2885.9091666666654,314.0,78.54
ZHO,2899.8202777777765,313.0,78.54
ZHO,2913.7758333333322,314.0,78.54
ZHO,2934.775833333332,315.0,78.54
ZHO,2959.275833333332,315.0,78.54
ZHO,2987.3647222222207,316.0,78.54
ZHO,3008.4980555555544,317.0,78.54
ZHO,3029.5647222222215,316.0,78.54
ZHO,3047.1202777777767,316.0,78.54
ZHO,3071.931388888888,319.0,78.54
ZHO,3086.1091666666657,319.0,78.54
ZHO,3100.242499999999,318.0,78.54
ZHO,3117.9647222222216,319.0,78.54
ZHO,3139.2980555555546,320.0,78.54
ZHO,3153.4758333333325,319.0,78.54
ZHO,3171.054166666666,318.0,78.54
ZHO,3192.254166666666,318.0,78.54
ZHO,3213.320833333333,316.0,78.54
ZHO,3226.9652777777774,307.0,78.54
ZHO,3251.854166666666,280.0,78.54
ZHO,3275.231944444444,263.0,78.54
ZHO,3289.5097222222216,257.0,78.54
ZHO,3306.111944444444,248.0,78.54
ZHO,3325.0119444444435,243.0,78.54
ZHO,3335.7230555555548,241.0,78.54
ZHO,3349.2230555555548,243.0,78.54
ZHO,3374.123055555555,249.0,78.54
ZHO,3387.7897222222214,246.0,78.54
ZHO,3401.234166666666,242.0,78.54
ZHO,3420.0563888888883,242.0,78.54
ZHO,3433.5008333333326,242.0,78.54
ZHO,3454.923055555555,241.0,78.54
ZHO,3468.6452777777777,247.0,78.54
ZHO,3482.5341666666664,250.0,78.54
ZHO,3496.589722222222,253.0,78.54
ZHO,3510.756388888889,255.0,78.54
ZHO,3522.089722222222,255.0,78.54
ZHO,3554.4786111111107,265.0,78.54
ZHO,3566.3452777777775,267.0,78.54
ZHO,3587.3452777777775,270.0,78.54
ZHO,3602.567499999999,274.0,78.54
ZHO,3617.9563888888883,277.0,78.54
ZHO,3630.267499999999,277.0,78.54
ZHO,3642.756388888888,281.0,78.54
ZHO,3671.1772222222216,285.0,78.54
ZHO,3683.8883333333324,286.0,78.54
ZHO,3699.832777777777,287.0,78.54
ZHO,3722.388333333333,290.0,78.54
ZHO,3751.788333333333,294.0,78.54
ZHO,3771.521666666666,296.0,78.54
ZHO,3788.1599999999994,298.0,78.54
ZHO,3811.493333333333,300.0,78.54
ZHO,3835.0599999999995,303.0,78.54
ZHO,3858.704444444444,304.0,78.54
ZHO,3882.5044444444443,306.0,78.54
ZHO,3906.5377777777776,309.0,78.54
ZHO,3927.2044444444437,310.0,78.54
ZHO,3958.5044444444434,313.0,78.54
ZHO,3972.37111111111,312.0,78.54
ZHO,4000.1044444444437,312.0,78.54
ZHO,4033.57111111111,251.0,78.54
ZHO,4043.926666666666,233.0,78.54
ZHO,4062.237777777777,206.0,78.54
ZHO,4074.759999999999,161.0,78.54
ZHO,4083.259999999999,153.0,78.54
ZHO,4090.926666666666,138.0,78.54
ZHO,4099.526666666666,129.0,78.54
ZHO,4109.093333333332,123.0,78.54
ZHO,4114.426666666665,120.0,78.54
ZHO,4123.604444444443,118.0,78.54
ZHO,4134.592222222221,124.0,78.54
ZHO,4143.258888888888,130.0,78.54
ZHO,4152.792222222221,143.0,78.54
ZHO,4170.792222222221,162.0,78.54
ZHO,4180.116388888888,167.0,78.54
ZHO,4194.349722222221,183.0,78.54
ZHO,4202.660833333332,187.0,78.54
ZHO,4213.271944444444,191.0,78.54
ZHO,4224.43861111111,201.0,78.54
ZHO,4238.371944444443,209.0,78.54
ZHO,4250.316388888888,215.0,78.54
ZHO,4267.505277777776,221.0,78.54
ZHO,4288.03861111111,231.0,78.54
ZHO,4298.349722222221,232.0,78.54
ZHO,4314.016388888888,235.0,78.54
ZHO,4332.294166666666,235.0,78.54
ZHO,4372.116388888888,224.0,78.54
ZHO,4389.460833333333,223.0,78.54
ZHO,4406.960833333333,225.0,78.54
ZHO,4417.005277777777,226.0,78.54
ZHO,4429.949722222222,233.0,78.54
ZHO,4442.949722222221,234.0,78.54
ZHO,4458.8163888888885,238.0,78.54
ZHO,4469.571944444444,242.0,78.54
ZHO,4491.616388888888,248.0,78.54
ZHO,4513.857777777776,251.0,78.54
ZHO,4527.857777777776,252.0,78.54
ZHO,4546.613333333333,211.0,78.54
ZHO,4561.079999999999,186.0,78.54
ZHO,4572.979999999999,153.0,78.54
ZHO,4581.682777777776,130.0,78.54
ZHO,4587.4605555555545,130.0,78.54
ZHO,4595.127222222221,115.0,78.54
ZHO,4600.060555555554,111.0,78.54
ZHO,4606.060555555554,108.0,78.54
ZHO,4615.393888888888,105.0,78.54
ZHO,4619.927222222221,102.0,78.54
ZHO,4625.538333333332,101.0,78.54
ZHO,4631.204999999998,102.0,78.54
ZHO,4637.038333333331,105.0,78.54
ZHO,4641.882777777775,109.0,78.54
ZHO,4652.193888888886,116.0,78.54
ZHO,4657.482777777775,119.0,78.54
ZHO,4669.482777777775,135.0,78.54
ZHO,4679.082777777774,144.0,78.54
ZHO,4695.482777777774,164.0,78.54
ZHO,4712.382777777773,169.0,78.54
ZHO,4721.716111111106,168.0,78.54
ZHO,4729.138333333329,167.0,78.54
ZHO,4739.938333333329,162.0,78.54
ZHO,4747.227222222218,164.0,78.54
ZHO,4762.24944444444,169.0,78.54
ZHO,4778.160555555552,179.0,78.54
ZHO,4786.427222222218,186.0,78.54
ZHO,4799.173888888885,192.0,78.54
ZHO,4817.040555555551,201.0,78.54
ZHO,4833.296111111106,209.0,78.54
ZHO,4847.7627777777725,217.0,78.54
ZHO,4862.423611111106,219.0,78.54
ZHO,4891.1458333333285,235.0,78.54
ZHO,4912.923611111106,245.0,78.54
ZHO,4926.701388888884,248.0,78.54
ZHO,4940.6458333333285,251.0,78.54
ZHO,4957.779166666662,257.0,78.54
ZHO,4981.06805555555,262.0,78.54
ZHO,4992.934722222218,267.0,78.54
ZHO,5011.001388888884,271.0,78.54
ZHO,5023.1347222222175,273.0,78.54
ZHO,5038.523611111106,277.0,78.54
ZHO,5057.256944444439,281.0,78.54
ZHO,5069.790277777773,282.0,78.54
ZHO,5095.301388888884,287.0,78.54
ZHO,5121.168055555551,291.0,78.54
ZHO,5160.6347222222175,296.0,78.54
ZHO,5193.9680555555515,300.0,78.54
ZHO,5220.901388888884,303.0,78.54
ZHO,5237.845833333328,305.0,78.54
SAR,1.1977777777777778,308.0,78.557
SAR,25.386666666666663,311.0,78.557
SAR,42.775555555555556,313.0,78.557
SAR,60.22,314.0,78.557
SAR,74.22,315.0,78.557
SAR,156.25333333333333,321.0,78.557
SAR,174.14222222222222,322.0,78.557
SAR,202.94222222222223,324.0,78.557
SAR,224.60888888888888,325.0,78.557
SAR,261.8019444444444,305.0,78.557
SAR,281.8686111111111,258.0,78.557
SAR,298.9019444444444,219.0,78.557
SAR,307.7463888888888,199.0,78.557
SAR,324.01305555555547,183.0,78.557
SAR,331.96861111111104,179.0,78.557
SAR,343.43527777777774,172.0,78.557
SAR,352.76861111111106,168.0,78.557
SAR,360.1908333333332,167.0,78.557
SAR,375.21305555555546,169.0,78.557
SAR,393.0624999999999,178.0,78.557
SAR,405.7291666666666,190.0,78.557
SAR,428.39583333333326,204.0,78.557
SAR,454.55138888888877,214.0,78.557
SAR,477.05138888888877,225.0,78.557
SAR,494.9402777777777,230.0,78.557
SAR,521.3847222222221,238.0,78.557
SAR,548.1624999999999,241.0,78.557
SAR,561.773611111111,245.0,78.557
SAR,578.6402777777777,253.0,78.557
SAR,601.8402777777777,261.0,78.557
SAR,625.4847222222222,266.0,78.557
SAR,646.5625,271.0,78.557
SAR,661.708611111111,274.0,78.557
SAR,680.2419444444444,278.0,78.557
SAR,708.5419444444443,283.0,78.557
SAR,801.2530555555555,298.0,78.557
SAR,814.5863888888889,300.0,78.557
SAR,827.9197222222223,300.0,78.557
SAR,851.6486111111111,304.0,78.557
SAR,865.2041666666667,305.0,78.557
SAR,889.1597222222223,308.0,78.557
SAR,902.8930555555556,309.0,78.557
SAR,927.0819444444445,311.0,78.557
SAR,940.9486111111112,312.0,78.557
SAR,975.2930555555556,281.0,78.557
SAR,999.626388888889,219.0,78.557
SAR,1011.126388888889,207.0,78.557
SAR,1022.7930555555556,175.0,78.557
SAR,1034.3041666666668,148.0,78.557
SAR,1043.1041666666667,132.0,78.557
SAR,1051.3041666666668,123.0,78.557
SAR,1057.8597222222224,118.0,78.557
SAR,1067.815277777778,112.0,78.557
SAR,1073.8708333333334,109.0,78.557
SAR,1079.7041666666667,105.0,78.557
SAR,1086.5041666666666,102.0,78.557
SAR,1096.8752777777777,104.0,78.557
SAR,1101.6308333333332,107.0,78.557
SAR,1107.7419444444442,110.0,78.557
SAR,1116.8419444444444,117.0,78.557
SAR,1122.1752777777776,120.0,78.557
SAR,1130.5752777777775,126.0,78.557
SAR,1136.530833333333,134.0,78.557
SAR,1147.9641666666664,147.0,78.557
SAR,1154.9419444444443,157.0,78.557
SAR,1163.8308333333332,160.0,78.557
SAR,1171.0758333333333,162.0,78.557
SAR,1178.0980555555554,158.0,78.557
SAR,1188.4313888888887,155.0,78.557
SAR,1196.9313888888887,153.0,78.557
SAR,1212.1313888888888,152.0,78.557
SAR,1223.875833333333,151.0,78.557
SAR,1232.375833333333,153.0,78.557
SAR,1244.664722222222,158.0,78.557
SAR,1255.864722222222,168.0,78.557
SAR,1265.5869444444443,175.0,78.557
SAR,1280.1313888888885,187.0,78.557
SAR,1290.853611111111,193.0,78.557
SAR,1306.4869444444441,201.0,78.557
SAR,1322.5869444444443,207.0,78.557
SAR,1332.2313888888887,217.0,78.557
SAR,1352.3202777777776,226.0,78.557
SAR,1378.5424999999998,236.0,78.557
SAR,1394.5425,240.0,78.557
SAR,1410.7413888888889,244.0,78.557
SAR,1421.6302777777776,245.0,78.557
SAR,1449.4080555555554,250.0,78.557
SAR,1460.563611111111,251.0,78.557
SAR,1477.363611111111,252.0,78.557
SAR,1491.5302777777774,255.0,78.557
SAR,1505.6969444444444,255.0,78.557
SAR,1523.0969444444443,261.0,78.557
SAR,1540.6302777777778,263.0,78.557
SAR,1555.3702777777776,264.0,78.557
SAR,1576.214722222222,268.0,78.557
SAR,1600.5702777777776,274.0,78.557
SAR,1622.1924999999999,278.0,78.557
SAR,1634.6369444444442,280.0,78.557
SAR,1681.9702777777775,284.0,78.557
SAR,1694.6813888888887,286.0,78.557
SAR,1713.881388888889,288.0,78.557
SAR,1726.681388888889,288.0,78.557
SAR,1745.8813888888888,288.0,78.557
SAR,1768.2813888888888,288.0,78.557
SAR,1780.9480555555556,285.0,78.557
SAR,1792.681388888889,264.0,78.557
SAR,1817.181388888889,245.0,78.557
SAR,1839.2813888888888,221.0,78.557
SAR,1861.3813888888888,221.0,78.557
SAR,1880.4036111111109,214.0,78.557
SAR,1902.4422222222222,221.0,78.557
SAR,1914.9422222222222,225.0,78.557
SAR,1930.4088888888887,232.0,78.557
SAR,1948.6866666666665,235.0,78.557
SAR,1973.0866666666664,244.0,78.557
SAR,2003.2755555555552,247.0,78.557
SAR,2023.2577777777774,256.0,78.557
SAR,2046.2799999999997,259.0,78.557
SAR,2060.9466666666663,264.0,78.557
SAR,2075.724444444444,266.0,78.557
SAR,2087.5911111111104,267.0,78.557
SAR,2105.524444444444,269.0,78.557
SAR,2132.7244444444436,272.0,78.557
SAR,2160.3244444444435,276.0,78.557
SAR,2172.635555555555,277.0,78.557
SAR,2203.524444444444,278.0,78.557
SAR,2231.6244444444437,281.0,78.557
SAR,2244.1577777777766,282.0,78.557
SAR,2259.99111111111,285.0,78.557
SAR,2279.0577777777767,286.0,78.557
SAR,2298.257777777776,288.0,78.557
SAR,2314.3688888888873,290.0,78.557
SAR,2330.5355555555543,291.0,78.557
SAR,2359.9355555555544,294.0,78.557
SAR,2382.8799999999983,295.0,78.557
SAR,2412.4974999999986,297.0,78.557
SAR,2462.330833333332,299.0,78.557
SAR,2492.430833333332,301.0,78.557
SAR,2509.20861111111,302.0,78.557
SAR,2529.3419444444426,302.0,78.557
SAR,2556.5377777777762,305.0,78.557
SAR,2577.071111111109,308.0,78.557
SAR,2594.237777777776,309.0,78.557
SAR,2614.904444444443,310.0,78.557
SAR,2649.682222222221,313.0,78.557
SAR,2663.637777777776,314.0,78.557
SAR,2684.637777777776,315.0,78.557
SAR,2712.726666666665,316.0,78.557
SAR,2730.2822222222208,316.0,78.557
SAR,2754.9377777777763,317.0,78.557
SAR,2772.548888888887,317.0,78.557
SAR,2786.682222222221,318.0,78.557
SAR,2804.4044444444426,319.0,78.557
SAR,2822.126666666665,319.0,78.557
SAR,2850.4822222222206,319.0,78.557
SAR,2868.259999999998,320.0,78.557
SAR,2882.4822222222206,320.0,78.557
SAR,2911.015555555554,321.0,78.557
SAR,2946.6822222222204,321.0,78.557
SAR,2964.4816666666648,322.0,78.557
SAR,2978.7927777777763,322.0,78.557
SAR,3000.326111111109,323.0,78.557
SAR,3018.270555555554,323.0,78.557
SAR,3032.62611111111,323.0,78.557
SAR,3057.7483333333316,323.0,78.557
SAR,3097.4705555555543,325.0,78.557
SAR,3137.160555555554,324.0,78.557
SAR,3158.693888888887,323.0,78.557
SAR,3180.160555555554,322.0,78.557
SAR,3197.3827777777756,310.0,78.557
SAR,3210.62722222222,298.0,78.557
SAR,3226.071666666664,278.0,78.557
SAR,3243.2716666666643,258.0,78.557
SAR,3265.138333333331,246.0,78.557
SAR,3275.7605555555533,239.0,78.557
SAR,3286.338333333331,238.0,78.557
SAR,3301.938333333331,234.0,78.557
SAR,3320.138333333331,234.0,78.557
SAR,3341.4716666666645,240.0,78.557
SAR,3357.2716666666643,237.0,78.557
SAR,3372.9383333333312,235.0,78.557
SAR,3386.0494444444425,236.0,78.557
SAR,3404.3272222222204,235.0,78.557
SAR,3414.904999999998,238.0,78.557
SAR,3425.4827777777755,238.0,78.557
SAR,3438.9272222222203,242.0,78.557
SAR,3455.393888888887,247.0,78.557
SAR,3466.4605555555536,249.0,78.557
SAR,3480.445833333332,253.0,78.557
SAR,3497.512499999998,256.0,78.557
SAR,3514.8458333333315,260.0,78.557
SAR,3526.5791666666646,264.0,78.557
SAR,3550.4902777777756,269.0,78.557
SAR,3574.845833333331,274.0,78.557
SAR,3590.23472222222,277.0,78.557
SAR,3609.046111111109,281.0,78.557
SAR,3631.0572222222204,283.0,78.557
SAR,3643.768333333331,286.0,78.557
SAR,3659.7683333333316,288.0,78.557
SAR,3689.0683333333313,293.0,78.557
SAR,3705.4572222222205,295.0,78.557
SAR,3721.9016666666644,296.0,78.557
SAR,3745.0794444444423,298.0,78.557
SAR,3761.6905555555536,299.0,78.557
SAR,3788.534999999998,302.0,78.557
SAR,3805.479444444442,305.0,78.557
SAR,3822.4794444444424,306.0,78.557
SAR,3839.5905555555532,308.0,78.557
SAR,3856.812777777776,310.0,78.557
SAR,3870.590555555554,310.0,78.557
SAR,3908.8461111111096,313.0,78.557
SAR,3922.7572222222207,313.0,78.557
SAR,3947.179444444443,314.0,78.557
SAR,3964.5683333333322,313.0,78.557
SAR,3981.957222222221,313.0,78.557
SAR,3994.712777777777,287.0,78.557
SAR,4006.7127777777764,270.0,78.557
SAR,4028.8511111111097,222.0,78.557
SAR,4037.4288888888877,193.0,78.557
SAR,4046.984444444443,172.0,78.557
SAR,4058.4177777777763,147.0,78.557
SAR,4071.3177777777764,129.0,78.557
SAR,4079.5844444444433,124.0,78.557
SAR,4086.3402777777765,121.0,78.557
SAR,4095.284722222221,115.0,78.557
SAR,4104.229166666665,115.0,78.557
SAR,4113.562499999998,120.0,78.557
SAR,4123.595833333332,129.0,78.557
SAR,4134.640277777777,142.0,78.557
SAR,4144.106944444444,142.0,78.557
SAR,4161.006944444443,169.0,78.557
SAR,4168.918055555554,178.0,78.557
SAR,4185.718055555554,189.0,78.557
SAR,4213.318055555555,207.0,78.557
SAR,4222.606944444443,209.0,78.557
SAR,4242.251388888887,221.0,78.557
SAR,4259.751388888887,225.0,78.557
SAR,4272.529166666664,230.0,78.557
SAR,4285.529166666664,234.0,78.557
SAR,4301.129166666665,234.0,78.557
SAR,4318.862499999998,228.0,78.557
SAR,4328.773611111109,223.0,78.557
SAR,4345.651388888887,217.0,78.557
SAR,4364.6141666666645,214.0,78.557
SAR,4379.147499999997,218.0,78.557
SAR,4393.880833333331,221.0,78.557
SAR,4419.325277777775,229.0,78.557
SAR,4432.222777777775,231.0,78.557
SAR,4450.811666666663,239.0,78.557
SAR,4461.433888888886,239.0,78.557
SAR,4474.87833333333,242.0,78.557
SAR,4488.489444444441,245.0,78.557
SAR,4504.956111111108,247.0,78.557
SAR,4517.622777777774,228.0,78.557
SAR,4533.567222222218,205.0,78.557
SAR,4548.056111111107,163.0,78.557
SAR,4554.900555555551,154.0,78.557
SAR,4563.767222222218,133.0,78.557
SAR,4573.022777777774,119.0,78.557
SAR,4591.511666666663,104.0,78.557
SAR,4599.133888888885,98.0,78.557
SAR,4606.67833333333,97.0,78.557
SAR,4610.989444444441,97.0,78.557
SAR,4616.600555555552,101.0,78.557
SAR,4622.433888888885,105.0,78.557
SAR,4629.900555555551,112.0,78.557
SAR,4635.011666666663,115.0,78.557
SAR,4646.122777777774,125.0,78.557
SAR,4658.794166666663,143.0,78.557
SAR,4667.238611111107,152.0,78.557
SAR,4681.460833333329,160.0,78.557
SAR,4694.060833333329,162.0,78.557
SAR,4706.816388888885,164.0,78.557
SAR,4717.929166666662,166.0,78.557
SAR,4725.351388888885,167.0,78.557
SAR,4736.551388888885,168.0,78.557
SAR,4744.018055555552,168.0,78.557
SAR,4753.629166666663,173.0,78.557
SAR,4769.362499999996,177.0,78.557
SAR,4777.629166666662,186.0,78.557
SAR,4788.184722222218,190.0,78.557
SAR,4799.184722222218,198.0,78.557
SAR,4810.573611111106,205.0,78.557
SAR,4819.906944444439,210.0,78.557
SAR,4839.10694444444,216.0,78.557
SAR,4849.062499999995,224.0,78.557
SAR,4870.129166666662,237.0,78.557
SAR,4885.862499999996,236.0,78.557
SAR,4910.562499999995,247.0,78.557
SAR,4936.162499999996,256.0,78.557
SAR,4950.662499999996,261.0,78.557
SAR,4962.440277777773,265.0,78.557
SAR,4980.306944444439,268.0,78.557
SAR,4992.395833333328,272.0,78.557
SAR,5017.018055555551,277.0,78.557
SAR,5042.084722222216,282.0,78.557
SAR,5054.751388888884,285.0,78.557
SAR,5073.871388888883,288.0,78.557
SAR,5099.915833333328,293.0,78.557
SAR,5122.93805555555,296.0,78.557
SAR,5142.871388888882,299.0,78.557
SAR,5163.088611111105,302.0,78.557
SAR,5200.610833333327,307.0,78.557
BOT,6.736944444444444,307.0,78.714
BOT,20.42583333333333,308.0,78.714
BOT,44.62305555555555,310.0,78.714
BOT,65.35638888888889,311.0,78.714
BOT,79.17861111111111,311.0,78.714
BOT,99.82555555555555,311.0,78.714
BOT,117.10333333333332,311.0,78.714
BOT,145.19222222222223,316.0,78.714
BOT,159.2811111111111,317.0,78.714
BOT,201.6811111111111,318.0,78.714
BOT,226.49222222222224,319.0,78.714
BOT,240.62555555555554,318.0,78.714
BOT,268.18111111111114,310.0,78.714
BOT,290.67,253.0,78.714
BOT,303.9477777777778,239.0,78.714
BOT,318.34777777777776,216.0,78.714
BOT,329.1811111111111,195.0,78.714
BOT,345.62555555555554,185.0,78.714
BOT,361.4477777777778,178.0,78.714
BOT,369.18111111111114,174.0,78.714
BOT,386.3811111111111,172.0,78.714
BOT,400.22555555555556,178.0,78.714
BOT,417.3811111111111,193.0,78.714
BOT,442.43666666666667,205.0,78.714
BOT,459.1588888888889,215.0,78.714
BOT,476.42555555555555,222.0,78.714
BOT,494.06611111111107,226.0,78.714
BOT,506.89944444444444,231.0,78.714
BOT,528.055,238.0,78.714
BOT,541.4322222222222,242.0,78.714
BOT,566.1322222222223,247.0,78.714
BOT,591.7322222222222,256.0,78.714
BOT,623.7544444444443,262.0,78.714
BOT,641.5544444444444,267.0,78.714
BOT,653.421111111111,267.0,78.714
BOT,687.3988888888888,278.0,78.714
BOT,709.0988888888888,279.0,78.714
BOT,737.4988888888888,284.0,78.714
BOT,756.6322222222221,287.0,78.714
BOT,775.9655555555555,290.0,78.714
BOT,788.8988888888889,291.0,78.714
BOT,818.4988888888888,296.0,78.714
BOT,838.2322222222222,296.0,78.714
BOT,868.2322222222222,300.0,78.714
BOT,888.2988888888889,301.0,78.714
BOT,915.2322222222223,303.0,78.714
BOT,935.298888888889,301.0,78.714
BOT,964.698888888889,294.0,78.714
BOT,987.2580555555556,253.0,78.714
BOT,999.8691666666668,227.0,78.714
BOT,1015.0025000000002,227.0,78.714
BOT,1026.4691666666668,172.0,78.714
BOT,1035.5900000000001,165.0,78.714
BOT,1042.256666666667,150.0,78.714
BOT,1048.478888888889,140.0,78.714
BOT,1059.8566666666668,128.0,78.714
BOT,1068.0566666666668,123.0,78.714
BOT,1080.8344444444447,115.0,78.714
BOT,1087.0566666666668,112.0,78.714
BOT,1091.9900000000002,111.0,78.714
BOT,1096.8344444444447,109.0,78.714
BOT,1103.9011111111113,106.0,78.714
BOT,1111.1011111111113,108.0,78.714
BOT,1118.7011111111115,114.0,78.714
BOT,1125.3122222222225,119.0,78.714
BOT,1156.9788888888893,150.0,78.714
BOT,1165.5900000000004,155.0,78.714
BOT,1180.8788888888894,172.0,78.714
BOT,1192.0122222222226,167.0,78.714
BOT,1204.3788888888894,159.0,78.714
BOT,1218.1566666666672,155.0,78.714
BOT,1225.0900000000006,156.0,78.714
BOT,1233.9233333333339,159.0,78.714
BOT,1246.6011111111118,163.0,78.714
BOT,1256.0927777777783,170.0,78.714
BOT,1276.537222222223,184.0,78.714
BOT,1287.148333333334,191.0,78.714
BOT,1295.9038888888895,197.0,78.714
BOT,1307.2927777777784,205.0,78.714
BOT,1316.5677777777785,210.0,78.714
BOT,1336.123333333334,220.0,78.714
BOT,1345.9011111111117,220.0,78.714
BOT,1363.7900000000006,230.0,78.714
BOT,1393.2455555555564,241.0,78.714
BOT,1403.9566666666676,241.0,78.714
BOT,1414.890000000001,246.0,78.714
BOT,1428.7233333333343,249.0,78.714
BOT,1442.6122222222232,250.0,78.714
BOT,1456.501111111112,250.0,78.714
BOT,1473.2344444444457,251.0,78.714
BOT,1490.1677777777788,254.0,78.714
BOT,1510.07888888889,256.0,78.714
BOT,1536.07888888889,260.0,78.714
BOT,1550.856666666668,266.0,78.714
BOT,1565.6344444444458,266.0,78.714
BOT,1586.6344444444458,270.0,78.714
BOT,1598.6788888888902,271.0,78.714
BOT,1613.8455555555568,273.0,78.714
BOT,1635.3122222222235,276.0,78.714
BOT,1650.7011111111124,277.0,78.714
BOT,1666.2566666666678,280.0,78.714
BOT,1691.4122222222234,283.0,78.714
BOT,1713.658055555557,285.0,78.714
BOT,1735.9025000000013,286.0,78.714
BOT,1754.9691666666681,286.0,78.714
BOT,1773.969166666668,285.0,78.714
BOT,1786.680277777779,286.0,78.714
BOT,1801.936944444446,276.0,78.714
BOT,1825.236944444446,233.0,78.714
BOT,1844.525833333335,217.0,78.714
BOT,1858.325833333335,207.0,78.714
BOT,1867.5702777777794,208.0,78.714
BOT,1879.1813888888905,209.0,78.714
BOT,1898.2925000000016,215.0,78.714
BOT,1910.348055555557,217.0,78.714
BOT,1922.5702777777794,220.0,78.714
BOT,1935.236944444446,228.0,78.714
BOT,1945.548055555557,232.0,78.714
BOT,1972.1036111111125,239.0,78.714
BOT,2031.1369444444458,253.0,78.714
BOT,2057.036944444446,259.0,78.714
BOT,2077.4147222222236,262.0,78.714
BOT,2095.0813888888906,265.0,78.714
BOT,2121.7813888888904,267.0,78.714
BOT,2133.6925000000015,268.0,78.714
BOT,2160.8677777777793,271.0,78.714
BOT,2185.134444444446,273.0,78.714
BOT,2212.934444444446,278.0,78.714
BOT,2234.556666666668,278.0,78.714
BOT,2250.001111111112,278.0,78.714
BOT,2262.2794444444453,278.0,78.714
BOT,2274.7683333333343,281.0,78.714
BOT,2300.012777777779,284.0,78.714
BOT,2334.968333333334,286.0,78.714
BOT,2350.912777777779,287.0,78.714
BOT,2386.235000000001,289.0,78.714
BOT,2415.0350000000008,288.0,78.714
BOT,2427.9683333333346,291.0,78.714
BOT,2447.3016666666676,290.0,78.714
BOT,2470.012777777779,292.0,78.714
BOT,2482.990555555557,292.0,78.714
BOT,2502.457222222223,292.0,78.714
BOT,2534.901666666668,292.0,78.714
BOT,2548.012777777779,295.0,78.714
BOT,2567.812777777779,297.0,78.714
BOT,2604.4794444444456,300.0,78.714
BOT,2621.2572222222234,302.0,78.714
BOT,2655.035000000001,304.0,78.714
BOT,2678.8350000000014,306.0,78.714
BOT,2695.9200000000014,306.0,78.714
BOT,2730.2533333333345,309.0,78.714
BOT,2750.853333333335,309.0,78.714
BOT,2771.4533333333343,309.0,78.714
BOT,2785.275555555557,311.0,78.714
BOT,2806.0755555555565,312.0,78.714
BOT,2826.855277777779,313.0,78.714
BOT,2844.2441666666678,313.0,78.714
BOT,2865.177500000001,314.0,78.714
BOT,2882.6775000000016,315.0,78.714
BOT,2914.1775000000016,315.0,78.714
BOT,2942.3552777777795,317.0,78.714
BOT,2980.9775000000013,316.0,78.714
BOT,3009.0663888888903,316.0,78.714
BOT,3033.6441666666683,316.0,78.714
BOT,3047.644166666668,315.0,78.714
BOT,3068.710833333335,316.0,78.714
BOT,3082.7552777777796,316.0,78.714
BOT,3107.4108333333347,317.0,78.714
BOT,3142.6330555555573,317.0,78.714
BOT,3160.244166666668,317.0,78.714
BOT,3198.7441666666687,315.0,78.714
BOT,3232.6330555555573,305.0,78.714
BOT,3296.165833333335,238.0,78.714
BOT,3318.7658333333347,226.0,78.714
BOT,3328.8102777777794,226.0,78.714
BOT,3341.5325000000016,229.0,78.714
BOT,3359.822500000002,236.0,78.714
BOT,3375.6891666666684,238.0,78.714
BOT,3389.133611111113,242.0,78.714
BOT,3418.833611111113,243.0,78.714
BOT,3432.222500000002,241.0,78.714
BOT,3443.0669444444466,244.0,78.714
BOT,3462.3558333333353,248.0,78.714
BOT,3493.0336111111133,251.0,78.714
BOT,3521.589166666669,257.0,78.714
BOT,3554.10027777778,266.0,78.714
BOT,3565.9225000000024,266.0,78.714
BOT,3583.8558333333353,269.0,78.714
BOT,3599.0225000000023,273.0,78.714
BOT,3626.822500000002,278.0,78.714
BOT,3645.4225000000024,279.0,78.714
BOT,3657.9558333333352,282.0,78.714
BOT,3683.2891666666687,285.0,78.714
BOT,3702.4225000000024,287.0,78.714
BOT,3715.3558333333353,291.0,78.714
BOT,3734.903611111113,292.0,78.714
BOT,3747.8813888888913,292.0,78.714
BOT,3770.67027777778,293.0,78.714
BOT,3796.892500000002,295.0,78.714
BOT,3810.092500000002,297.0,78.714
BOT,3833.3480555555575,299.0,78.714
BOT,3873.530833333335,302.0,78.714
BOT,3890.3641666666686,303.0,78.714
BOT,3910.764166666668,306.0,78.714
BOT,3938.053055555557,307.0,78.714
BOT,3955.1641666666683,308.0,78.714
BOT,3979.041944444446,307.0,78.714
BOT,3995.98638888889,305.0,78.714
BOT,4037.0530555555565,231.0,78.714
BOT,4048.2197222222235,201.0,78.714
BOT,4057.9975000000013,176.0,78.714
BOT,4069.975277777779,154.0,78.714
BOT,4075.9308333333347,134.0,78.714
BOT,4086.864166666668,123.0,78.714
BOT,4093.5308333333346,120.0,78.714
BOT,4100.08638888889,118.0,78.714
BOT,4112.753055555557,114.0,78.714
BOT,4117.953055555557,117.0,78.714
BOT,4133.719722222223,129.0,78.714
BOT,4141.480555555557,139.0,78.714
BOT,4151.41388888889,149.0,78.714
BOT,4166.258333333335,167.0,78.714
BOT,4179.869444444445,175.0,78.714
BOT,4190.091666666668,184.0,78.714
BOT,4200.758333333335,192.0,78.714
BOT,4221.158333333335,204.0,78.714
BOT,4240.121111111112,214.0,78.714
BOT,4252.121111111112,216.0,78.714
BOT,4264.398888888891,221.0,78.714
BOT,4289.843333333335,229.0,78.714
BOT,4302.732222222224,232.0,78.714
BOT,4315.732222222224,234.0,78.714
BOT,4325.99888888889,231.0,78.714
BOT,4336.2655555555575,231.0,78.714
BOT,4349.098888888891,231.0,78.714
BOT,4369.454444444446,229.0,78.714
BOT,4379.498888888891,226.0,78.714
BOT,4397.38777777778,230.0,78.714
BOT,4410.221111111114,231.0,78.714
BOT,4423.165555555557,233.0,78.714
BOT,4439.032222222225,238.0,78.714
BOT,4452.476666666669,242.0,78.714
BOT,4482.910000000003,249.0,78.714
BOT,4493.976666666669,249.0,78.714
BOT,4510.710000000002,251.0,78.714
BOT,4529.843333333335,246.0,78.714
BOT,4546.963333333335,192.0,78.714
BOT,4558.296666666669,170.0,78.714
BOT,4573.741111111113,139.0,78.714
BOT,4583.774444444447,129.0,78.714
BOT,4593.730000000003,112.0,78.714
BOT,4606.663333333337,97.0,78.714
BOT,4610.770833333337,93.0,78.714
BOT,4617.926388888893,92.0,78.714
BOT,4628.037500000004,91.0,78.714
BOT,4633.315277777781,95.0,78.714
BOT,4640.248611111115,104.0,78.714
BOT,4645.048611111115,108.0,78.714
BOT,4688.937500000004,158.0,78.714
BOT,4702.00416666667,168.0,78.714
BOT,4715.381944444448,172.0,78.714
BOT,4724.881944444448,171.0,78.714
BOT,4736.215277777781,170.0,78.714
BOT,4745.826388888892,173.0,78.714
BOT,4755.326388888892,171.0,78.714
BOT,4769.248611111115,179.0,78.714
BOT,4788.548611111115,193.0,78.714
BOT,4801.73666666667,197.0,78.714
BOT,4815.270000000003,203.0,78.714
BOT,4827.047777777781,212.0,78.714
BOT,4851.825555555559,223.0,78.714
BOT,4861.8700000000035,226.0,78.714
BOT,4877.53666666667,235.0,78.714
BOT,4890.981111111114,242.0,78.714
BOT,4918.758888888891,250.0,78.714
BOT,4938.521388888892,255.0,78.714
BOT,4952.91027777778,259.0,78.714
BOT,4973.521388888891,265.0,78.714
BOT,5000.721388888891,272.0,78.714
BOT,5019.054722222225,275.0,78.714
BOT,5034.554722222225,279.0,78.714
BOT,5063.154722222225,286.0,78.714
BOT,5079.154722222224,288.0,78.714
BOT,5101.943611111114,293.0,78.714
BOT,5128.165833333336,295.0,78.714
BOT,5144.665833333336,297.0,78.714
BOT,5167.999166666669,300.0,78.714
BOT,5184.832500000001,303.0,78.714
BOT,5218.832500000002,306.0,78.714
BOT,5232.521388888891,308.0,78.714
