Driver,Distance,Speed,LapTimeSec
VER,10.773333333333333,303.0,72.272
VER,31.106666666666666,305.0,72.272
VER,58.57333333333332,309.0,72.272
VER,72.30666666666666,309.0,72.272
VER,86.12888888888888,311.0,72.272
VER,110.47333333333333,313.0,72.272
VER,145.56083333333333,315.0,72.272
VER,173.73861111111108,317.0,72.272
VER,198.54972222222221,319.0,72.272
VER,223.43861111111107,320.0,72.272
VER,251.9719444444444,321.0,72.272
VER,273.4386111111111,322.0,72.272
VER,302.1497222222222,323.0,72.272
VER,327.3497222222222,324.0,72.272
VER,341.7497222222222,324.0,72.272
VER,356.1941666666667,325.0,72.272
VER,374.2497222222222,325.0,72.272
VER,388.7386111111111,326.0,72.272
VER,417.80527777777775,327.0,72.272
VER,432.3386111111111,327.0,72.272
VER,454.2052777777777,328.0,72.272
VER,490.6497222222222,328.0,72.272
VER,505.22749999999996,328.0,72.272
VER,527.1608333333334,329.0,72.272
VER,541.7830555555556,329.0,72.272
VER,560.0608333333333,329.0,72.272
VER,585.5583333333333,329.0,72.272
VER,622.225,330.0,72.272
VER,647.813888888889,329.0,72.272
VER,662.4805555555556,330.0,72.272
VER,684.4138888888889,329.0,72.272
VER,713.7497222222223,329.0,72.272
VER,751.0830555555556,280.0,72.272
VER,774.6830555555555,236.0,72.272
VER,794.1830555555556,195.0,72.272
VER,810.3608333333334,182.0,72.272
VER,827.1608333333334,168.0,72.272
VER,836.2163888888889,163.0,72.272
VER,846.8830555555555,160.0,72.272
VER,857.6163888888889,161.0,72.272
VER,872.4608333333333,167.0,72.272
VER,880.2830555555555,176.0,72.272
VER,898.6830555555555,184.0,72.272
VER,913.3830555555554,189.0,72.272
VER,926.2497222222221,193.0,72.272
VER,944.0274999999999,200.0,72.272
VER,966.8052777777777,205.0,72.272
VER,976.2275,212.0,72.272
VER,998.3274999999999,221.0,72.272
VER,1016.0749999999998,229.0,72.272
VER,1036.697222222222,232.0,72.272
VER,1052.4305555555554,236.0,72.272
VER,1062.9194444444443,236.0,72.272
VER,1083.8972222222221,236.0,72.272
VER,1097.5205555555553,244.0,72.272
VER,1116.6538888888888,246.0,72.272
VER,1138.6983333333333,248.0,72.272
VER,1166.587222222222,251.0,72.272
VER,1194.9205555555552,255.0,72.272
VER,1217.6761111111107,256.0,72.272
VER,1243.4761111111106,258.0,72.272
VER,1266.6761111111107,261.0,72.272
VER,1284.1427777777776,262.0,72.272
VER,1295.8316666666665,263.0,72.272
VER,1307.5205555555553,263.0,72.272
VER,1325.2538888888885,266.0,72.272
VER,1340.1427777777774,268.0,72.272
VER,1355.1427777777774,270.0,72.272
VER,1367.1872222222219,271.0,72.272
VER,1388.498333333333,274.0,72.272
VER,1406.8983333333329,276.0,72.272
VER,1437.898333333333,279.0,72.272
VER,1456.5649999999996,280.0,72.272
VER,1487.930833333333,283.0,72.272
VER,1519.5974999999996,285.0,72.272
VER,1538.730833333333,287.0,72.272
VER,1564.330833333333,288.0,72.272
VER,1593.311111111111,289.0,72.272
VER,1614.4666666666662,272.0,72.272
VER,1639.5777777777776,226.0,72.272
VER,1653.5777777777776,210.0,72.272
VER,1662.3777777777775,198.0,72.272
VER,1670.6888888888886,187.0,72.272
VER,1684.2999999999997,175.0,72.272
VER,1694.022222222222,175.0,72.272
VER,1707.0888888888885,168.0,72.272
VER,1724.4222222222218,156.0,72.272
VER,1734.8222222222216,156.0,72.272
VER,1743.5999999999995,158.0,72.272
VER,1754.1333333333328,158.0,72.272
VER,1765.5333333333328,171.0,72.272
VER,1779.6111111111104,181.0,72.272
VER,1787.788888888888,184.0,72.272
VER,1811.6222222222216,195.0,72.272
VER,1837.1666666666658,209.0,72.272
VER,1856.3666666666659,216.0,72.272
VER,1868.644444444444,221.0,72.272
VER,1886.236944444444,227.0,72.272
VER,1896.548055555555,232.0,72.272
VER,1906.948055555555,234.0,72.272
VER,1925.6147222222216,240.0,72.272
VER,1939.1147222222216,243.0,72.272
VER,1955.716944444444,248.0,72.272
VER,1972.5836111111107,253.0,72.272
VER,1998.2836111111108,257.0,72.272
VER,2013.5502777777776,229.0,72.272
VER,2024.994722222222,206.0,72.272
VER,2033.7502777777775,197.0,72.272
VER,2045.1502777777773,171.0,72.272
VER,2053.928055555555,158.0,72.272
VER,2060.7280555555553,153.0,72.272
VER,2071.5391666666665,139.0,72.272
VER,2078.928055555555,133.0,72.272
VER,2093.2280555555553,117.0,72.272
VER,2098.294722222222,114.0,72.272
VER,2104.4613888888885,111.0,72.272
VER,2117.416944444444,106.0,72.272
VER,2130.194722222222,115.0,72.272
VER,2142.394722222222,122.0,72.272
VER,2156.0947222222217,137.0,72.272
VER,2167.9947222222218,153.0,72.272
VER,2187.1058333333326,172.0,72.272
VER,2194.7502777777772,172.0,72.272
VER,2209.475277777777,190.0,72.272
VER,2218.230833333333,197.0,72.272
VER,2234.0975,204.0,72.272
VER,2250.723333333333,213.0,72.272
VER,2260.323333333333,216.0,72.272
VER,2280.5011111111107,227.0,72.272
VER,2293.39,232.0,72.272
VER,2317.49,241.0,72.272
VER,2333.69,243.0,72.272
VER,2364.3677777777775,251.0,72.272
VER,2381.301111111111,254.0,72.272
VER,2404.3233333333333,259.0,72.272
VER,2421.723333333333,261.0,72.272
VER,2448.123333333333,264.0,72.272
VER,2461.623333333333,243.0,72.272
VER,2473.845555555555,220.0,72.272
VER,2483.6233333333325,220.0,72.272
VER,2492.20111111111,193.0,72.272
VER,2510.0011111111103,178.0,72.272
VER,2519.3344444444433,168.0,72.272
VER,2528.389999999999,163.0,72.272
VER,2538.9233333333323,158.0,72.272
VER,2554.6233333333325,157.0,72.272
VER,2567.612222222221,167.0,72.272
VER,2587.056666666666,175.0,72.272
VER,2597.5594444444437,190.0,72.272
VER,2619.6705555555545,199.0,72.272
VER,2640.7288888888875,210.0,72.272
VER,2652.6733333333323,215.0,72.272
VER,2667.3399999999992,220.0,72.272
VER,2677.3399999999992,225.0,72.272
VER,2687.473333333333,228.0,72.272
VER,2708.273333333333,234.0,72.272
VER,2718.895555555555,239.0,72.272
VER,2735.0288888888886,242.0,72.272
VER,2754.24,247.0,72.272
VER,2779.4399999999996,252.0,72.272
VER,2796.5733333333333,257.0,72.272
VER,2810.8511111111106,257.0,72.272
VER,2833.784444444444,258.0,72.272
VER,2845.251111111111,258.0,72.272
VER,2856.7177777777774,258.0,72.272
VER,2873.9177777777777,258.0,72.272
VER,2891.1844444444446,259.0,72.272
VER,2905.5733333333333,259.0,72.272
VER,2922.84,259.0,72.272
VER,2940.306666666667,262.0,72.272
VER,2951.951111111111,262.0,72.272
VER,2963.6400000000003,263.0,72.272
VER,2978.362222222222,265.0,72.272
VER,3002.0955555555556,267.0,72.272
VER,3014.1844444444446,272.0,72.272
VER,3029.462222222222,275.0,72.272
VER,3041.7733333333335,277.0,72.272
VER,3060.428611111111,281.0,72.272
VER,3073.006388888889,283.0,72.272
VER,3095.3286111111106,287.0,72.272
VER,3108.253333333333,289.0,72.272
VER,3124.42,291.0,72.272
VER,3140.6977777777774,293.0,72.272
VER,3167.0088888888886,296.0,72.272
VER,3193.4977777777776,298.0,72.272
VER,3210.2200000000003,301.0,72.272
VER,3230.486666666667,304.0,72.272
VER,3247.431111111111,305.0,72.272
VER,3264.4866666666667,307.0,72.272
VER,3285.02,308.0,72.272
VER,3305.6199999999994,309.0,72.272
VER,3343.753333333333,312.0,72.272
VER,3373.053333333333,293.0,72.272
VER,3384.1644444444437,250.0,72.272
VER,3402.919999999999,211.0,72.272
VER,3419.186666666666,183.0,72.272
VER,3431.7088888888884,161.0,72.272
VER,3438.3311111111107,149.0,72.272
VER,3448.986666666666,137.0,72.272
VER,3456.264444444444,131.0,72.272
VER,3462.086666666666,131.0,72.272
VER,3467.642222222222,125.0,72.272
VER,3475.7088888888884,121.0,72.272
VER,3484.8866666666663,118.0,72.272
VER,3490.042222222222,116.0,72.272
VER,3497.8761111111107,118.0,72.272
VER,3505.809444444444,119.0,72.272
VER,3515.332222222222,122.0,72.272
VER,3520.9766666666665,127.0,72.272
VER,3528.2544444444443,131.0,72.272
VER,3539.3766666666666,143.0,72.272
VER,3551.121111111111,151.0,72.272
VER,3567.821111111111,167.0,72.272
VER,3579.221111111111,171.0,72.272
VER,3600.221111111111,189.0,72.272
VER,3608.8877777777775,195.0,72.272
VER,3617.821111111111,201.0,72.272
VER,3633.921111111111,207.0,72.272
VER,3650.6433333333325,215.0,72.272
VER,3673.643333333333,207.0,72.272
VER,3682.2211111111105,193.0,72.272
VER,3692.1655555555553,179.0,72.272
VER,3704.921111111111,164.0,72.272
VER,3717.1322222222216,157.0,72.272
VER,3725.5211111111107,151.0,72.272
VER,3736.721111111111,144.0,72.272
VER,3745.987777777778,139.0,72.272
VER,3752.121111111111,138.0,72.272
VER,3765.721111111111,136.0,72.272
VER,3773.3322222222223,137.0,72.272
VER,3785.6877777777777,139.0,72.272
VER,3798.4477777777774,144.0,72.272
VER,3808.514444444444,151.0,72.272
VER,3819.0916666666662,158.0,72.272
VER,3826.3805555555555,164.0,72.272
VER,3841.758333333333,173.0,72.272
VER,3851.8138888888884,181.0,72.272
VER,3860.036111111111,185.0,72.272
VER,3875.2027777777776,195.0,72.272
VER,3886.3694444444445,201.0,72.272
VER,3902.7805555555556,211.0,72.272
VER,3919.6583333333333,217.0,72.272
VER,3966.458333333333,234.0,72.272
VER,3979.625,237.0,72.272
VER,3998.602777777777,244.0,72.272
VER,4012.325,247.0,72.272
VER,4028.9249999999993,249.0,72.272
VER,4045.858333333333,254.0,72.272
VER,4074.302777777777,256.0,72.272
VER,4094.291666666666,257.0,72.272
VER,4114.591666666666,261.0,72.272
VER,4126.191666666666,261.0,72.272
VER,4152.791666666666,266.0,72.272
VER,4183.013888888889,272.0,72.272
VER,4195.191666666667,274.0,72.272
VER,4207.3694444444445,274.0,72.272
VER,4225.759166666667,277.0,72.272
VER,4244.302777777778,277.0,72.272
VER,4265.769444444445,276.0,72.272
VER,4292.469444444445,267.0,72.272
VER,4310.2027777777785,266.0,72.272
VER,4330.813888888889,265.0,72.272
VER,4360.480555555556,267.0,72.272
VER,4384.213888888889,267.0,72.272
VER,4399.0472222222215,267.0,72.272
VER,4435.0472222222215,270.0,72.272
VER,4450.102777777777,271.0,72.272
VER,4471.647222222222,277.0,72.272
VER,4496.536111111111,280.0,72.272
VER,4515.5361111111115,285.0,72.272
VER,4528.336111111112,288.0,72.272
VER,4560.669444444445,291.0,72.272
VER,4573.647222222224,292.0,72.272
VER,4593.247222222223,294.0,72.272
VER,4623.047222222223,298.0,72.272
VER,4636.291666666668,298.0,72.272
SAI,7.781111111111111,298.0,72.734
SAI,37.98111111111111,302.0,72.734
SAI,68.58111111111111,306.0,72.734
SAI,82.26611111111112,306.0,72.734
SAI,109.73277777777778,309.0,72.734
SAI,133.8438888888889,310.0,72.734
SAI,147.71055555555557,312.0,72.734
SAI,182.71055555555554,315.0,72.734
SAI,200.17833333333334,316.0,72.734
SAI,235.51166666666666,318.0,72.734
SAI,253.23388888888888,319.0,72.734
SAI,267.41166666666663,319.0,72.734
SAI,285.1894444444444,320.0,72.734
SAI,299.41166666666663,320.0,72.734
SAI,320.74499999999995,320.0,72.734
SAI,345.71166666666664,321.0,72.734
SAI,360.0672222222222,323.0,72.734
SAI,403.26722222222213,324.0,72.734
SAI,421.26722222222213,324.0,72.734
SAI,439.3227777777777,325.0,72.734
SAI,468.21166666666653,325.0,72.734
SAI,497.2783333333332,327.0,72.734
SAI,522.7116666666666,327.0,72.734
SAI,544.5783333333333,328.0,72.734
SAI,570.0116666666665,327.0,72.734
SAI,595.5227777777777,328.0,72.734
SAI,628.3227777777778,328.0,72.734
SAI,646.545,328.0,72.734
SAI,672.2252777777778,329.0,72.734
SAI,690.3919444444444,327.0,72.734
SAI,712.1252777777778,326.0,72.734
SAI,732.3252777777778,303.0,72.734
SAI,755.8252777777778,235.0,72.734
SAI,765.6919444444445,222.0,72.734
SAI,778.505,193.0,72.734
SAI,788.6161111111112,182.0,72.734
SAI,805.7161111111112,171.0,72.734
SAI,823.7161111111112,162.0,72.734
SAI,830.6494444444446,156.0,72.734
SAI,848.2050000000002,158.0,72.734
SAI,857.1494444444446,161.0,72.734
SAI,866.3716666666668,166.0,72.734
SAI,876.0383333333335,174.0,72.734
SAI,887.9716666666669,179.0,72.734
SAI,898.4716666666669,189.0,72.734
SAI,907.0494444444447,193.0,72.734
SAI,920.0494444444447,195.0,72.734
SAI,937.6494444444447,198.0,72.734
SAI,953.671666666667,206.0,72.734
SAI,965.282777777778,209.0,72.734
SAI,982.1605555555559,217.0,72.734
SAI,996.8272222222225,220.0,72.734
SAI,1012.1605555555559,230.0,72.734
SAI,1022.471666666667,232.0,72.734
SAI,1043.5383333333336,237.0,72.734
SAI,1062.1936111111115,239.0,72.734
SAI,1081.0936111111114,243.0,72.734
SAI,1091.8936111111113,243.0,72.734
SAI,1108.160277777778,244.0,72.734
SAI,1124.6936111111113,248.0,72.734
SAI,1146.9158333333335,250.0,72.734
SAI,1160.8458333333335,252.0,72.734
SAI,1183.4236111111113,254.0,72.734
SAI,1203.3347222222226,256.0,72.734
SAI,1217.6125000000004,257.0,72.734
SAI,1229.079166666667,258.0,72.734
SAI,1240.6347222222228,260.0,72.734
SAI,1255.1347222222228,261.0,72.734
SAI,1275.5902777777785,263.0,72.734
SAI,1296.2013888888896,265.0,72.734
SAI,1311.0347222222229,267.0,72.734
SAI,1322.9013888888896,267.0,72.734
SAI,1334.8569444444452,269.0,72.734
SAI,1355.934722222223,271.0,72.734
SAI,1377.2458333333338,274.0,72.734
SAI,1392.5236111111117,275.0,72.734
SAI,1407.9125000000008,277.0,72.734
SAI,1423.3569444444452,278.0,72.734
SAI,1445.2125000000008,281.0,72.734
SAI,1464.0791666666673,283.0,72.734
SAI,1486.1680555555563,284.0,72.734
SAI,1514.9680555555562,288.0,72.734
SAI,1527.8125000000007,289.0,72.734
SAI,1547.2263888888895,290.0,72.734
SAI,1563.393055555556,291.0,72.734
SAI,1582.7263888888895,290.0,72.734
SAI,1609.6263888888893,269.0,72.734
SAI,1625.6263888888893,240.0,72.734
SAI,1636.293055555556,240.0,72.734
SAI,1649.6263888888893,240.0,72.734
SAI,1660.3502777777783,194.0,72.734
SAI,1676.528055555556,182.0,72.734
SAI,1686.2502777777781,175.0,72.734
SAI,1693.7613888888893,169.0,72.734
SAI,1704.7613888888893,165.0,72.734
SAI,1713.6502777777782,160.0,72.734
SAI,1728.8502777777783,152.0,72.734
SAI,1741.0613888888893,157.0,72.734
SAI,1753.5058333333338,160.0,72.734
SAI,1764.6391666666673,167.0,72.734
SAI,1776.1725000000006,173.0,72.734
SAI,1792.4391666666672,183.0,72.734
SAI,1800.8391666666673,189.0,72.734
SAI,1811.6725000000006,195.0,72.734
SAI,1829.628055555556,202.0,72.734
SAI,1838.7391666666672,205.0,72.734
SAI,1852.8725000000004,212.0,72.734
SAI,1865.0391666666671,219.0,72.734
SAI,1874.9058333333337,222.0,72.734
SAI,1884.861388888889,224.0,72.734
SAI,1908.261388888889,234.0,72.734
SAI,1918.9052777777779,238.0,72.734
SAI,1937.6497222222224,241.0,72.734
SAI,1954.1830555555557,248.0,72.734
SAI,1970.9163888888893,251.0,72.734
SAI,1982.2052777777783,254.0,72.734
SAI,1999.2052777777783,255.0,72.734
SAI,2021.783055555556,254.0,72.734
SAI,2034.994444444445,199.0,72.734
SAI,2044.8277777777782,177.0,72.734
SAI,2056.8833333333337,155.0,72.734
SAI,2066.55,145.0,72.734
SAI,2072.55,135.0,72.734
SAI,2082.427777777778,127.0,72.734
SAI,2091.605555555556,118.0,72.734
SAI,2098.05,116.0,72.734
SAI,2106.2944444444447,106.0,72.734
SAI,2112.0722222222225,104.0,72.734
SAI,2118.9388888888893,103.0,72.734
SAI,2130.138888888889,112.0,72.734
SAI,2147.3388888888894,129.0,72.734
SAI,2159.694444444445,139.0,72.734
SAI,2166.227777777778,147.0,72.734
SAI,2174.6722222222224,152.0,72.734
SAI,2183.6722222222224,162.0,72.734
SAI,2201.2722222222224,176.0,72.734
SAI,2218.4813888888893,193.0,72.734
SAI,2234.3480555555557,204.0,72.734
SAI,2261.1147222222226,219.0,72.734
SAI,2278.6147222222226,225.0,72.734
SAI,2296.659166666667,232.0,72.734
SAI,2317.9036111111113,239.0,72.734
SAI,2342.5350000000003,247.0,72.734
SAI,2356.312777777778,248.0,72.734
SAI,2367.557222222222,253.0,72.734
SAI,2384.690555555556,257.0,72.734
SAI,2413.5794444444446,260.0,72.734
SAI,2431.112777777778,263.0,72.734
SAI,2442.8016666666663,263.0,72.734
SAI,2466.3016666666663,235.0,72.734
SAI,2480.3016666666663,210.0,72.734
SAI,2489.1905555555554,200.0,72.734
SAI,2503.6572222222217,186.0,72.734
SAI,2513.268333333333,173.0,72.734
SAI,2531.1572222222217,161.0,72.734
SAI,2545.201666666666,158.0,72.734
SAI,2555.9349999999995,161.0,72.734
SAI,2565.1572222222217,166.0,72.734
SAI,2580.801666666666,176.0,72.734
SAI,2593.201666666666,186.0,72.734
SAI,2608.3444444444435,194.0,72.734
SAI,2623.822222222221,199.0,72.734
SAI,2635.1555555555547,204.0,72.734
SAI,2661.799999999999,218.0,72.734
SAI,2676.599999999999,222.0,72.734
SAI,2689.322222222221,229.0,72.734
SAI,2707.599999999999,235.0,72.734
SAI,2718.1333333333328,237.0,72.734
SAI,2742.5652777777773,245.0,72.734
SAI,2770.343055555555,250.0,72.734
SAI,2784.5097222222216,255.0,72.734
SAI,2795.976388888889,258.0,72.734
SAI,2807.3986111111108,257.0,72.734
SAI,2821.7875,259.0,72.734
SAI,2836.0097222222216,256.0,72.734
SAI,2847.298611111111,254.0,72.734
SAI,2864.1652777777776,253.0,72.734
SAI,2886.6541666666667,253.0,72.734
SAI,2906.331944444444,253.0,72.734
SAI,2920.331944444444,252.0,72.734
SAI,2942.9986111111107,255.0,72.734
SAI,2957.2208333333333,256.0,72.734
SAI,3010.2208333333333,265.0,72.734
SAI,3043.5874999999996,273.0,72.734
SAI,3058.9974999999995,276.0,72.734
SAI,3074.4974999999995,279.0,72.734
SAI,3090.1086111111103,281.0,72.734
SAI,3102.730833333333,284.0,72.734
SAI,3164.3752777777772,292.0,72.734
SAI,3190.5974999999994,295.0,72.734
SAI,3223.9308333333324,300.0,72.734
SAI,3237.224999999999,301.0,72.734
SAI,3264.2472222222214,304.0,72.734
SAI,3284.713888888888,307.0,72.734
SAI,3315.413888888888,307.0,72.734
SAI,3329.1472222222214,309.0,72.734
SAI,3369.947222222221,306.0,72.734
SAI,3383.058333333332,295.0,72.734
SAI,3397.558333333332,261.0,72.734
SAI,3413.2694444444433,202.0,72.734
SAI,3423.324999999999,181.0,72.734
SAI,3430.7027777777766,166.0,72.734
SAI,3448.7916666666656,148.0,72.734
SAI,3456.4583333333326,138.0,72.734
SAI,3467.480555555555,124.0,72.734
SAI,3472.8583333333327,121.0,72.734
SAI,3479.247222222222,115.0,72.734
SAI,3486.8472222222217,114.0,72.734
SAI,3493.2361111111104,115.0,72.734
SAI,3499.8244444444435,118.0,72.734
SAI,3512.1244444444437,123.0,72.734
SAI,3523.235555555555,125.0,72.734
SAI,3529.146666666666,133.0,72.734
SAI,3536.8133333333326,138.0,72.734
SAI,3547.8577777777773,142.0,72.734
SAI,3556.135555555555,149.0,72.734
SAI,3563.113333333333,157.0,72.734
SAI,3572.335555555555,166.0,72.734
SAI,3581.7799999999993,170.0,72.734
SAI,3593.530833333333,177.0,72.734
SAI,3601.7086111111103,184.0,72.734
SAI,3614.6419444444437,194.0,72.734
SAI,3630.1974999999993,200.0,72.734
SAI,3651.297499999999,211.0,72.734
SAI,3665.6308333333327,215.0,72.734
SAI,3682.0419444444437,211.0,72.734
SAI,3698.219722222221,182.0,72.734
SAI,3708.164166666666,179.0,72.734
SAI,3715.7197222222217,170.0,72.734
SAI,3728.2419444444436,161.0,72.734
SAI,3740.1419444444437,153.0,72.734
SAI,3754.441944444444,143.0,72.734
SAI,3770.6974999999998,133.0,72.734
SAI,3777.8641666666663,129.0,72.734
SAI,3794.5241666666666,136.0,72.734
SAI,3808.7241666666664,142.0,72.734
SAI,3820.079722222222,146.0,72.734
SAI,3828.6908333333326,155.0,72.734
SAI,3847.024166666666,165.0,72.734
SAI,3862.846388888888,178.0,72.734
SAI,3884.5130555555547,195.0,72.734
SAI,3895.5130555555543,198.0,72.734
SAI,3911.7105555555545,209.0,72.734
SAI,3923.599444444443,214.0,72.734
SAI,3933.377222222221,220.0,72.734
SAI,3946.043888888888,228.0,72.734
SAI,3961.577222222221,233.0,72.734
SAI,3972.06611111111,236.0,72.734
SAI,3990.810555555554,241.0,72.734
SAI,4004.310555555554,243.0,72.734
SAI,4023.521666666665,247.0,72.734
SAI,4051.6327777777765,253.0,72.734
SAI,4074.3883333333315,256.0,72.734
SAI,4112.088333333331,261.0,72.734
SAI,4132.621666666665,264.0,72.734
SAI,4150.421666666666,267.0,72.734
SAI,4165.36611111111,269.0,72.734
SAI,4183.499444444444,272.0,72.734
SAI,4201.909166666666,275.0,72.734
SAI,4217.298055555555,277.0,72.734
SAI,4232.798055555554,279.0,72.734
SAI,4254.498055555554,279.0,72.734
SAI,4276.120277777776,278.0,72.734
SAI,4294.0536111111105,269.0,72.734
SAI,4317.520277777777,264.0,72.734
SAI,4337.975833333332,263.0,72.734
SAI,4355.442499999998,262.0,72.734
SAI,4375.975833333332,264.0,72.734
SAI,4399.457777777777,265.0,72.734
SAI,4420.068888888888,265.0,72.734
SAI,4440.913333333333,268.0,72.734
SAI,4452.868888888888,269.0,72.734
SAI,4474.179999999999,274.0,72.734
SAI,4511.6466666666665,281.0,72.734
SAI,4533.735555555556,284.0,72.734
SAI,4555.9800000000005,286.0,72.734
SAI,4575.18,288.0,72.734
SAI,4607.6244444444455,292.0,72.734
SAI,4627.157777777778,293.0,72.734
NOR,9.537777777777777,296.0,72.776
NOR,26.148888888888887,299.0,72.776
NOR,52.904444444444444,301.0,72.776
NOR,90.06,304.0,72.776
NOR,103.70027777777779,305.0,72.776
NOR,134.50027777777777,308.0,72.776
NOR,148.18916666666667,308.0,72.776
NOR,179.18916666666667,310.0,72.776
NOR,210.38916666666665,312.0,72.776
NOR,224.25583333333333,312.0,72.776
NOR,245.12249999999997,313.0,72.776
NOR,265.9891666666667,313.0,72.776
NOR,283.43361111111113,314.0,72.776
NOR,318.43361111111113,315.0,72.776
NOR,332.47805555555556,316.0,72.776
NOR,374.74472222222226,317.0,72.776
NOR,395.87805555555565,317.0,72.776
NOR,431.2113888888889,318.0,72.776
NOR,445.30055555555555,319.0,72.776
NOR,463.0227777777778,319.0,72.776
NOR,502.1338888888889,320.0,72.776
NOR,534.1338888888889,320.0,72.776
NOR,551.9116666666667,320.0,72.776
NOR,569.6894444444446,320.0,72.776
NOR,587.4672222222224,320.0,72.776
NOR,601.6894444444447,320.0,72.776
NOR,619.4116666666669,319.0,72.776
NOR,637.1338888888891,319.0,72.776
NOR,661.8672222222225,318.0,72.776
NOR,683.0886111111114,317.0,72.776
NOR,700.6997222222226,317.0,72.776
NOR,721.3663888888891,310.0,72.776
NOR,734.5663888888892,297.0,72.776
NOR,761.8219444444447,223.0,72.776
NOR,773.2108333333335,205.0,72.776
NOR,786.0108333333335,192.0,72.776
NOR,798.1441666666668,182.0,72.776
NOR,815.3441666666668,172.0,72.776
NOR,822.7219444444445,166.0,72.776
NOR,840.2775,158.0,72.776
NOR,858.2775,162.0,72.776
NOR,871.6552777777778,172.0,72.776
NOR,883.3886111111111,176.0,72.776
NOR,904.7219444444445,192.0,72.776
NOR,924.4669444444445,198.0,72.776
NOR,942.6891666666668,205.0,72.776
NOR,959.1002777777778,211.0,72.776
NOR,968.4780555555556,211.0,72.776
NOR,985.5891666666666,220.0,72.776
NOR,995.5447222222222,224.0,72.776
NOR,1005.633611111111,227.0,72.776
NOR,1021.1669444444443,233.0,72.776
NOR,1036.9002777777778,236.0,72.776
NOR,1050.1780555555556,239.0,72.776
NOR,1069.0675,242.0,72.776
NOR,1099.0119444444445,245.0,72.776
NOR,1112.6786111111112,246.0,72.776
NOR,1126.4008333333334,247.0,72.776
NOR,1151.4008333333334,250.0,72.776
NOR,1165.2897222222223,250.0,72.776
NOR,1179.2341666666669,251.0,72.776
NOR,1190.4341666666667,252.0,72.776
NOR,1210.1119444444446,253.0,72.776
NOR,1241.2786111111113,255.0,72.776
NOR,1270.056388888889,259.0,72.776
NOR,1293.1675,260.0,72.776
NOR,1316.5452777777778,263.0,72.776
NOR,1331.2675,265.0,72.776
NOR,1416.4358333333332,274.0,72.776
NOR,1437.9025,276.0,72.776
NOR,1468.7913888888886,278.0,72.776
NOR,1481.1913888888887,279.0,72.776
NOR,1499.8580555555554,280.0,72.776
NOR,1512.3469444444443,281.0,72.776
NOR,1537.5811111111107,283.0,72.776
NOR,1569.1366666666663,284.0,72.776
NOR,1584.9699999999996,285.0,72.776
NOR,1606.514444444444,277.0,72.776
NOR,1624.9811111111105,277.0,72.776
NOR,1643.6477777777773,210.0,72.776
NOR,1662.8477777777773,192.0,72.776
NOR,1673.0699999999995,184.0,72.776
NOR,1684.8699999999997,177.0,72.776
NOR,1698.0922222222218,170.0,72.776
NOR,1714.192222222222,161.0,72.776
NOR,1728.0588888888888,156.0,72.776
NOR,1740.4255555555553,159.0,72.776
NOR,1747.5366666666664,160.0,72.776
NOR,1754.8255555555554,164.0,72.776
NOR,1769.9366666666665,170.0,72.776
NOR,1779.7144444444443,176.0,72.776
NOR,1789.7749999999999,182.0,72.776
NOR,1804.5527777777775,190.0,72.776
NOR,1820.1083333333331,200.0,72.776
NOR,1836.0527777777777,205.0,72.776
NOR,1845.386111111111,210.0,72.776
NOR,1857.1638888888888,212.0,72.776
NOR,1871.7638888888887,219.0,72.776
NOR,1889.2638888888887,225.0,72.776
NOR,1904.6638888888888,231.0,72.776
NOR,1920.3958333333333,235.0,72.776
NOR,1936.3291666666664,239.0,72.776
NOR,1947.1291666666664,243.0,72.776
NOR,1972.0291666666662,249.0,72.776
NOR,1986.0291666666662,252.0,72.776
NOR,2005.6291666666664,252.0,72.776
NOR,2018.795833333333,237.0,72.776
NOR,2037.495833333333,187.0,72.776
NOR,2045.0513888888886,170.0,72.776
NOR,2052.295833333333,163.0,72.776
NOR,2060.6291666666666,150.0,72.776
NOR,2072.806944444444,137.0,72.776
NOR,2080.1402777777776,132.0,72.776
NOR,2088.406944444444,124.0,72.776
NOR,2097.6624999999995,119.0,72.776
NOR,2102.8624999999993,117.0,72.776
NOR,2109.3069444444436,116.0,72.776
NOR,2117.8624999999993,110.0,72.776
NOR,2123.8069444444436,107.0,72.776
NOR,2132.4869444444435,112.0,72.776
NOR,2144.4869444444435,120.0,72.776
NOR,2159.2647222222213,133.0,72.776
NOR,2165.5758333333324,142.0,72.776
NOR,2173.964722222221,151.0,72.776
NOR,2188.7202777777766,166.0,72.776
NOR,2200.65361111111,179.0,72.776
NOR,2217.684444444443,191.0,72.776
NOR,2233.3955555555544,202.0,72.776
NOR,2252.239999999999,212.0,72.776
NOR,2269.4288888888877,221.0,72.776
NOR,2297.662222222221,231.0,72.776
NOR,2318.8177777777764,238.0,72.776
NOR,2340.4177777777763,243.0,72.776
NOR,2351.3511111111097,246.0,72.776
NOR,2362.4622222222206,250.0,72.776
NOR,2385.0399999999986,254.0,72.776
NOR,2405.0288888888876,257.0,72.776
NOR,2427.962222222221,258.0,72.776
NOR,2458.6399999999985,251.0,72.776
NOR,2477.662222222221,214.0,72.776
NOR,2490.2622222222208,189.0,72.776
NOR,2511.8463888888873,177.0,72.776
NOR,2521.2908333333316,170.0,72.776
NOR,2539.179722222221,161.0,72.776
NOR,2549.913055555554,161.0,72.776
NOR,2568.801944444443,170.0,72.776
NOR,2591.413055555554,185.0,72.776
NOR,2608.8897222222204,196.0,72.776
NOR,2617.7786111111095,200.0,72.776
NOR,2631.5119444444426,206.0,72.776
NOR,2653.1119444444425,216.0,72.776
NOR,2665.3341666666647,220.0,72.776
NOR,2680.267499999998,224.0,72.776
NOR,2692.9341666666646,228.0,72.776
NOR,2711.134166666665,234.0,72.776
NOR,2743.534166666665,243.0,72.776
NOR,2782.5786111111092,251.0,72.776
NOR,2796.634166666665,253.0,72.776
NOR,2825.1897222222206,257.0,72.776
NOR,2853.745277777776,257.0,72.776
NOR,2870.9452777777765,258.0,72.776
NOR,2891.089722222221,259.0,72.776
NOR,2908.356388888888,259.0,72.776
NOR,2922.7286111111102,260.0,72.776
NOR,2937.22861111111,261.0,72.776
NOR,2948.82861111111,261.0,72.776
NOR,2969.206388888888,262.0,72.776
NOR,2986.873055555555,265.0,72.776
NOR,3019.7508333333326,269.0,72.776
NOR,3034.8619444444435,272.0,72.776
NOR,3050.1397222222213,275.0,72.776
NOR,3078.217499999999,280.0,72.776
NOR,3093.884166666666,282.0,72.776
NOR,3109.7174999999993,285.0,72.776
NOR,3128.7841666666654,286.0,72.776
NOR,3141.6286111111103,289.0,72.776
NOR,3164.3397222222216,292.0,72.776
NOR,3183.8730555555544,293.0,72.776
NOR,3206.8952777777768,296.0,72.776
NOR,3233.384166666666,298.0,72.776
NOR,3263.4841666666657,301.0,72.776
NOR,3280.317499999999,303.0,72.776
NOR,3303.961944444444,304.0,72.776
NOR,3337.961944444444,306.0,72.776
NOR,3363.7397222222216,290.0,72.776
NOR,3385.3397222222216,243.0,72.776
NOR,3408.1174999999994,205.0,72.776
NOR,3421.495277777777,172.0,72.776
NOR,3432.1174999999994,160.0,72.776
NOR,3438.8286111111106,151.0,72.776
NOR,3449.950833333333,143.0,72.776
NOR,3466.084166666666,132.0,72.776
NOR,3471.861944444444,130.0,72.776
NOR,3486.7730555555554,122.0,72.776
NOR,3492.095,119.0,72.776
NOR,3501.3505555555553,119.0,72.776
NOR,3508.128333333333,122.0,72.776
NOR,3523.8949999999995,129.0,72.776
NOR,3537.3949999999995,135.0,72.776
NOR,3552.3949999999995,150.0,72.776
NOR,3562.928333333333,158.0,72.776
NOR,3574.3949999999995,172.0,72.776
NOR,3590.6616666666664,183.0,72.776
NOR,3607.817222222222,193.0,72.776
NOR,3618.7616666666663,197.0,72.776
NOR,3639.2616666666663,205.0,72.776
NOR,3662.8172222222224,212.0,72.776
NOR,3672.195,211.0,72.776
NOR,3685.195,195.0,72.776
NOR,3695.3616666666667,183.0,72.776
NOR,3708.972777777778,175.0,72.776
NOR,3721.650555555556,163.0,72.776
NOR,3735.3852777777784,155.0,72.776
NOR,3742.051944444445,150.0,72.776
NOR,3753.251944444445,144.0,72.776
NOR,3761.029722222223,140.0,72.776
NOR,3767.2075000000004,139.0,72.776
NOR,3784.074166666667,138.0,72.776
NOR,3800.002777777778,143.0,72.776
NOR,3806.4916666666672,146.0,72.776
NOR,3818.3138888888893,152.0,72.776
NOR,3827.091666666667,158.0,72.776
NOR,3834.425,165.0,72.776
NOR,3854.3138888888893,179.0,72.776
NOR,3866.4472222222225,182.0,72.776
NOR,3875.0250000000005,193.0,72.776
NOR,3888.358333333334,200.0,72.776
NOR,3899.8583333333336,207.0,72.776
NOR,3914.3250000000003,217.0,72.776
NOR,3936.7250000000004,224.0,72.776
NOR,3968.3250000000003,237.0,72.776
NOR,3992.525,242.0,72.776
NOR,4020.080555555556,248.0,72.776
NOR,4048.1916666666666,253.0,72.776
NOR,4076.7472222222227,257.0,72.776
NOR,4093.8755555555563,258.0,72.776
NOR,4111.142222222223,259.0,72.776
NOR,4122.697777777778,260.0,72.776
NOR,4155.086666666668,265.0,72.776
NOR,4169.975555555556,268.0,72.776
NOR,4191.128611111112,271.0,72.776
NOR,4212.439722222223,274.0,72.776
NOR,4233.90638888889,276.0,72.776
NOR,4252.373055555557,277.0,72.776
NOR,4282.706388888891,273.0,72.776
NOR,4294.750833333334,271.0,72.776
NOR,4327.384166666668,267.0,72.776
NOR,4353.984166666668,266.0,72.776
NOR,4389.584166666668,267.0,72.776
NOR,4416.184166666669,266.0,72.776
NOR,4428.139722222224,269.0,72.776
NOR,4449.217500000002,271.0,72.776
NOR,4476.717500000002,275.0,72.776
NOR,4498.417500000001,279.0,72.776
NOR,4510.90638888889,281.0,72.776
NOR,4529.773055555558,283.0,72.776
NOR,4542.439722222224,285.0,72.776
NOR,4558.439722222224,288.0,72.776
NOR,4581.073055555557,291.0,72.776
NOR,4600.5250000000015,293.0,72.776
NOR,4623.547222222223,296.0,72.776
NOR,4640.047222222223,297.0,72.776
GAS,18.64527777777778,301.0,72.816
GAS,38.77861111111111,302.0,72.816
GAS,52.289722222222224,304.0,72.816
GAS,72.68972222222223,306.0,72.816
GAS,100.1563888888889,309.0,72.816
GAS,120.73694444444445,310.0,72.816
GAS,138.0702777777778,312.0,72.816
GAS,162.4925,314.0,72.816
GAS,183.4925,315.0,72.816
GAS,197.4925,315.0,72.816
GAS,222.14805555555554,317.0,72.816
GAS,246.95916666666668,319.0,72.816
GAS,264.6813888888889,319.0,72.816
GAS,289.6480555555556,321.0,72.816
GAS,307.4813888888889,321.0,72.816
GAS,328.9480555555556,322.0,72.816
GAS,361.2480555555556,323.0,72.816
GAS,404.5813888888889,325.0,72.816
GAS,433.5591666666667,326.0,72.816
GAS,448.0925000000001,327.0,72.816
GAS,466.2591666666667,327.0,72.816
GAS,484.48138888888894,328.0,72.816
GAS,517.381388888889,329.0,72.816
GAS,546.7172222222223,329.0,72.816
GAS,572.383888888889,330.0,72.816
GAS,612.7172222222223,330.0,72.816
GAS,638.383888888889,330.0,72.816
GAS,664.0505555555558,330.0,72.816
GAS,693.2950000000003,329.0,72.816
GAS,725.1063888888891,319.0,72.816
GAS,740.7730555555559,282.0,72.816
GAS,751.7952777777781,248.0,72.816
GAS,766.5286111111114,221.0,72.816
GAS,787.3063888888892,187.0,72.816
GAS,798.7730555555559,172.0,72.816
GAS,806.2841666666669,169.0,72.816
GAS,822.2841666666669,160.0,72.816
GAS,832.9508333333335,160.0,72.816
GAS,839.7063888888891,152.0,72.816
GAS,851.5286111111114,152.0,72.816
GAS,860.084166666667,154.0,72.816
GAS,878.7508333333336,168.0,72.816
GAS,894.7508333333336,180.0,72.816
GAS,907.2175000000003,187.0,72.816
GAS,917.8286111111114,191.0,72.816
GAS,935.3397222222226,197.0,72.816
GAS,948.673055555556,200.0,72.816
GAS,964.8305555555559,207.0,72.816
GAS,981.3972222222226,213.0,72.816
GAS,993.4527777777781,217.0,72.816
GAS,1021.6861111111115,231.0,72.816
GAS,1037.152777777778,232.0,72.816
GAS,1050.2083333333337,235.0,72.816
GAS,1068.7972222222224,239.0,72.816
GAS,1079.5083333333337,241.0,72.816
GAS,1103.840555555556,244.0,72.816
GAS,1131.3961111111116,248.0,72.816
GAS,1145.2294444444449,249.0,72.816
GAS,1156.3850000000004,251.0,72.816
GAS,1167.5850000000005,252.0,72.816
GAS,1181.6405555555561,253.0,72.816
GAS,1195.7516666666672,254.0,72.816
GAS,1207.129444444445,256.0,72.816
GAS,1224.2627777777782,257.0,72.816
GAS,1247.2850000000005,259.0,72.816
GAS,1267.5850000000007,261.0,72.816
GAS,1282.1405555555561,262.0,72.816
GAS,1305.6961111111118,265.0,72.816
GAS,1320.4738888888896,266.0,72.816
GAS,1374.67388888889,271.0,72.816
GAS,1408.407222222223,276.0,72.816
GAS,1423.9288888888898,278.0,72.816
GAS,1439.4288888888898,279.0,72.816
GAS,1455.0400000000009,281.0,72.816
GAS,1467.5733333333342,282.0,72.816
GAS,1528.3733333333344,288.0,72.816
GAS,1554.1511111111122,290.0,72.816
GAS,1586.5955555555565,292.0,72.816
GAS,1599.4922222222233,292.0,72.816
GAS,1623.403333333334,269.0,72.816
GAS,1638.9366666666676,233.0,72.816
GAS,1660.3366666666675,214.0,72.816
GAS,1668.9588888888898,194.0,72.816
GAS,1692.1588888888898,174.0,72.816
GAS,1699.8033333333342,172.0,72.816
GAS,1709.1366666666675,168.0,72.816
GAS,1721.6588888888898,161.0,72.816
GAS,1730.381111111112,157.0,72.816
GAS,1737.2255555555564,154.0,72.816
GAS,1756.4144444444453,157.0,72.816
GAS,1765.3588888888896,161.0,72.816
GAS,1780.292222222223,168.0,72.816
GAS,1787.7588888888897,168.0,72.816
GAS,1797.703333333334,179.0,72.816
GAS,1810.1700000000008,187.0,72.816
GAS,1820.9477777777786,194.0,72.816
GAS,1832.058611111112,199.0,72.816
GAS,1853.158611111112,211.0,72.816
GAS,1872.6252777777786,219.0,72.816
GAS,1882.5363888888896,223.0,72.816
GAS,1895.0363888888899,225.0,72.816
GAS,1913.2363888888897,234.0,72.816
GAS,1926.4586111111118,238.0,72.816
GAS,1937.080833333334,239.0,72.816
GAS,1950.6363888888898,244.0,72.816
GAS,1964.4141666666676,248.0,72.816
GAS,1981.2105555555565,253.0,72.816
GAS,1992.5438888888898,255.0,72.816
GAS,2009.277222222223,251.0,72.816
GAS,2026.5438888888896,222.0,72.816
GAS,2044.3438888888895,178.0,72.816
GAS,2055.277222222223,164.0,72.816
GAS,2066.6327777777783,146.0,72.816
GAS,2078.5438888888893,134.0,72.816
GAS,2085.6550000000007,128.0,72.816
GAS,2091.1216666666674,123.0,72.816
GAS,2100.2216666666673,117.0,72.816
GAS,2109.088333333334,114.0,72.816
GAS,2119.7883333333343,107.0,72.816
GAS,2133.7216666666677,114.0,72.816
GAS,2140.2772222222234,118.0,72.816
GAS,2156.202222222223,130.0,72.816
GAS,2170.902222222223,147.0,72.816
GAS,2182.724444444445,152.0,72.816
GAS,2192.0577777777785,168.0,72.816
GAS,2212.724444444445,186.0,72.816
GAS,2230.591111111112,201.0,72.816
GAS,2254.3688888888896,214.0,72.816
GAS,2266.591111111112,220.0,72.816
GAS,2283.8736111111116,223.0,72.816
GAS,2296.706944444445,231.0,72.816
GAS,2307.1513888888894,235.0,72.816
GAS,2320.4291666666672,239.0,72.816
GAS,2336.695833333334,244.0,72.816
GAS,2347.6736111111118,247.0,72.816
GAS,2367.3513888888897,253.0,72.816
GAS,2381.5180555555567,255.0,72.816
GAS,2401.7402777777784,260.0,72.816
GAS,2431.184722222223,265.0,72.816
GAS,2454.2958333333345,260.0,72.816
GAS,2485.6402777777785,217.0,72.816
GAS,2500.184722222223,187.0,72.816
GAS,2512.25138888889,181.0,72.816
GAS,2522.084722222223,177.0,72.816
GAS,2533.5513888888895,172.0,72.816
GAS,2544.3963888888893,162.0,72.816
GAS,2553.1186111111115,157.0,72.816
GAS,2561.896388888889,158.0,72.816
GAS,2574.6519444444443,164.0,72.816
GAS,2588.029722222222,172.0,72.816
GAS,2600.3630555555555,185.0,72.816
GAS,2617.518611111111,193.0,72.816
GAS,2633.3075,203.0,72.816
GAS,2646.8408333333327,203.0,72.816
GAS,2663.640833333333,216.0,72.816
GAS,2683.401111111111,223.0,72.816
GAS,2701.212222222222,229.0,72.816
GAS,2719.3344444444438,233.0,72.816
GAS,2729.956666666666,239.0,72.816
GAS,2748.856666666666,243.0,72.816
GAS,2781.9233333333327,248.0,72.816
GAS,2801.678888888888,254.0,72.816
GAS,2821.745555555555,258.0,72.816
GAS,2839.0122222222217,259.0,72.816
GAS,2867.9011111111104,260.0,72.816
GAS,2885.2344444444434,260.0,72.816
GAS,2908.3455555555547,260.0,72.816
GAS,2922.7899999999995,260.0,72.816
GAS,2937.345555555555,262.0,72.816
GAS,2954.8849999999998,262.0,72.816
GAS,2984.329444444444,265.0,72.816
GAS,3017.329444444444,270.0,72.816
GAS,3041.7738888888885,275.0,72.816
GAS,3060.3072222222218,278.0,72.816
GAS,3072.7961111111103,281.0,72.816
GAS,3098.040555555555,284.0,72.816
GAS,3126.940555555555,289.0,72.816
GAS,3146.4072222222217,292.0,72.816
GAS,3162.658888888888,294.0,72.816
GAS,3182.392222222222,296.0,72.816
GAS,3202.325555555555,299.0,72.816
GAS,3225.736666666666,301.0,72.816
GAS,3249.381111111111,304.0,72.816
GAS,3269.7811111111105,306.0,72.816
GAS,3283.425555555555,307.0,72.816
GAS,3297.158888888888,309.0,72.816
GAS,3324.803333333333,311.0,72.816
GAS,3342.0811111111107,311.0,72.816
GAS,3369.8144444444442,312.0,72.816
GAS,3389.5699999999997,254.0,72.816
GAS,3406.0588888888883,212.0,72.816
GAS,3419.525555555555,202.0,72.816
GAS,3431.0588888888883,173.0,72.816
GAS,3447.8786111111103,151.0,72.816
GAS,3457.2786111111104,141.0,72.816
GAS,3466.011944444444,131.0,72.816
GAS,3471.834166666666,131.0,72.816
GAS,3478.7786111111104,125.0,72.816
GAS,3487.800833333333,116.0,72.816
GAS,3494.0786111111106,113.0,72.816
GAS,3498.878611111111,108.0,72.816
GAS,3506.1452777777777,109.0,72.816
GAS,3516.189722222222,113.0,72.816
GAS,3521.3897222222217,117.0,72.816
GAS,3533.9897222222216,126.0,72.816
GAS,3539.9080555555547,134.0,72.816
GAS,3550.330277777777,134.0,72.816
GAS,3562.619166666666,158.0,72.816
GAS,3569.8191666666658,162.0,72.816
GAS,3579.2636111111105,170.0,72.816
GAS,3593.419166666666,182.0,72.816
GAS,3601.8191666666658,189.0,72.816
GAS,3616.9858333333323,195.0,72.816
GAS,3625.8747222222214,200.0,72.816
GAS,3639.4747222222213,204.0,72.816
GAS,3663.696944444444,218.0,72.816
GAS,3675.752499999999,217.0,72.816
GAS,3686.752499999999,198.0,72.816
GAS,3698.8858333333324,182.0,72.816
GAS,3713.730277777777,167.0,72.816
GAS,3725.941388888888,157.0,72.816
GAS,3736.0499999999993,151.0,72.816
GAS,3753.405555555555,142.0,72.816
GAS,3764.06111111111,137.0,72.816
GAS,3774.327777777777,132.0,72.816
GAS,3787.427777777777,131.0,72.816
GAS,3794.816666666666,133.0,72.816
GAS,3800.727777777777,133.0,72.816
GAS,3813.3499999999995,142.0,72.816
GAS,3825.1722222222215,152.0,72.816
GAS,3839.838888888888,165.0,72.816
GAS,3847.3030555555547,169.0,72.816
GAS,3859.0363888888883,176.0,72.816
GAS,3867.214166666666,184.0,72.816
GAS,3881.9919444444436,190.0,72.816
GAS,3895.3919444444437,201.0,72.816
GAS,3916.4919444444436,211.0,72.816
GAS,3936.2252777777767,222.0,72.816
GAS,3953.9586111111103,228.0,72.816
GAS,3964.4030555555546,235.0,72.816
GAS,3988.4030555555546,240.0,72.816
GAS,4010.180833333333,245.0,72.816
GAS,4023.9030555555555,247.0,72.816
GAS,4046.214166666666,251.0,72.816
GAS,4057.547499999999,255.0,72.816
GAS,4068.880833333333,255.0,72.816
GAS,4083.285833333333,258.0,72.816
GAS,4106.396944444444,260.0,72.816
GAS,4121.008055555555,263.0,72.816
GAS,4138.541388888889,263.0,72.816
GAS,4162.452499999999,269.0,72.816
GAS,4180.585833333333,272.0,72.816
GAS,4211.363611111111,277.0,72.816
GAS,4282.663611111111,279.0,72.816
GAS,4303.5858333333335,269.0,72.816
GAS,4335.90111111111,265.0,72.816
GAS,4347.678888888889,265.0,72.816
GAS,4368.212222222222,264.0,72.816
GAS,4400.478888888889,264.0,72.816
GAS,4421.09,265.0,72.816
GAS,4438.889999999999,267.0,72.816
GAS,4459.967777777777,271.0,72.816
GAS,4475.023333333333,271.0,72.816
GAS,4509.367777777777,281.0,72.816
GAS,4531.456666666666,284.0,72.816
GAS,4547.345555555555,286.0,72.816
GAS,4563.4011111111095,289.0,72.816
GAS,4579.536944444443,289.0,72.816
GAS,4592.51472222222,292.0,72.816
GAS,4615.459166666665,295.0,72.816
GAS,4631.903611111109,296.0,72.816
HAM,1.6555555555555554,298.0,72.818
HAM,38.56666666666667,302.0,72.818
HAM,58.83333333333333,304.0,72.818
HAM,75.77777777777777,305.0,72.818
HAM,99.65555555555554,307.0,72.818
HAM,113.38888888888889,309.0,72.818
HAM,144.4025,311.0,72.818
HAM,179.1802777777778,313.0,72.818
HAM,196.62472222222223,314.0,72.818
HAM,210.62472222222223,315.0,72.818
HAM,224.62472222222223,315.0,72.818
HAM,242.18027777777777,316.0,72.818
HAM,259.7913888888889,317.0,72.818
HAM,273.88027777777774,317.0,72.818
HAM,295.0136111111111,317.0,72.818
HAM,323.3691666666667,319.0,72.818
HAM,348.2580555555556,320.0,72.818
HAM,366.03583333333336,320.0,72.818
HAM,394.56916666666666,321.0,72.818
HAM,412.40250000000003,321.0,72.818
HAM,477.0025,323.0,72.818
HAM,516.4802777777778,323.0,72.818
HAM,534.5702777777777,324.0,72.818
HAM,552.5702777777777,324.0,72.818
HAM,570.5702777777777,324.0,72.818
HAM,584.9702777777777,324.0,72.818
HAM,653.3702777777777,324.0,72.818
HAM,682.0813888888888,323.0,72.818
HAM,717.8591666666666,322.0,72.818
HAM,731.5508333333332,310.0,72.818
HAM,754.5730555555555,259.0,72.818
HAM,769.1730555555555,219.0,72.818
HAM,788.4730555555554,193.0,72.818
HAM,796.5174999999999,181.0,72.818
HAM,818.1175,162.0,72.818
HAM,825.228611111111,160.0,72.818
HAM,833.7841666666666,154.0,72.818
HAM,845.6063888888889,152.0,72.818
HAM,854.3286111111111,157.0,72.818
HAM,861.3952777777778,159.0,72.818
HAM,882.6619444444444,174.0,72.818
HAM,892.6619444444444,180.0,72.818
HAM,909.2841666666667,187.0,72.818
HAM,917.728611111111,190.0,72.818
HAM,928.4508333333333,193.0,72.818
HAM,941.7175,199.0,72.818
HAM,953.1063888888888,205.0,72.818
HAM,964.7197222222221,208.0,72.818
HAM,986.1197222222221,214.0,72.818
HAM,1006.0308333333332,224.0,72.818
HAM,1016.2530555555555,230.0,72.818
HAM,1029.1975,233.0,72.818
HAM,1047.5530555555556,236.0,72.818
HAM,1060.8308333333334,239.0,72.818
HAM,1071.4530555555557,239.0,72.818
HAM,1084.9530555555557,243.0,72.818
HAM,1098.5086111111113,244.0,72.818
HAM,1114.9066666666668,247.0,72.818
HAM,1125.8844444444446,247.0,72.818
HAM,1142.5511111111114,250.0,72.818
HAM,1162.0733333333337,251.0,72.818
HAM,1187.5733333333335,255.0,72.818
HAM,1204.5733333333337,255.0,72.818
HAM,1224.5622222222228,257.0,72.818
HAM,1247.5844444444447,259.0,72.818
HAM,1262.0288888888892,260.0,72.818
HAM,1273.6733333333336,262.0,72.818
HAM,1294.2066666666667,264.0,72.818
HAM,1314.8177777777778,265.0,72.818
HAM,1341.6177777777777,268.0,72.818
HAM,1374.74,271.0,72.818
HAM,1389.851111111111,272.0,72.818
HAM,1423.538611111111,275.0,72.818
HAM,1451.338611111111,278.0,72.818
HAM,1473.038611111111,279.0,72.818
HAM,1488.5941666666665,280.0,72.818
HAM,1520.038611111111,283.0,72.818
HAM,1545.3719444444444,285.0,72.818
HAM,1577.260833333333,287.0,72.818
HAM,1593.2052777777774,287.0,72.818
HAM,1614.5177777777774,275.0,72.818
HAM,1628.184444444444,246.0,72.818
HAM,1638.1399999999994,224.0,72.818
HAM,1649.584444444444,206.0,72.818
HAM,1662.5177777777772,194.0,72.818
HAM,1670.6955555555548,184.0,72.818
HAM,1684.0733333333326,172.0,72.818
HAM,1693.2955555555548,166.0,72.818
HAM,1705.7399999999993,160.0,72.818
HAM,1722.6288888888882,152.0,72.818
HAM,1736.495555555555,156.0,72.818
HAM,1760.7622222222217,168.0,72.818
HAM,1774.5288888888883,177.0,72.818
HAM,1786.7288888888882,183.0,72.818
HAM,1797.2288888888882,189.0,72.818
HAM,1810.4288888888882,198.0,72.818
HAM,1824.0186111111104,203.0,72.818
HAM,1835.5741666666659,208.0,72.818
HAM,1847.4074999999991,213.0,72.818
HAM,1864.5186111111102,220.0,72.818
HAM,1882.096388888888,226.0,72.818
HAM,1897.4297222222212,230.0,72.818
HAM,1918.4074999999991,236.0,72.818
HAM,1937.2297222222214,242.0,72.818
HAM,1953.6297222222213,246.0,72.818
HAM,1972.9186111111103,248.0,72.818
HAM,1995.1599999999992,251.0,72.818
HAM,2014.0599999999993,243.0,72.818
HAM,2029.6933333333325,201.0,72.818
HAM,2037.648888888888,179.0,72.818
HAM,2050.7933333333326,169.0,72.818
HAM,2068.7933333333326,135.0,72.818
HAM,2078.6711111111103,127.0,72.818
HAM,2087.926666666666,119.0,72.818
HAM,2095.5933333333323,115.0,72.818
HAM,2107.482222222221,107.0,72.818
HAM,2114.348888888888,103.0,72.818
HAM,2124.1266666666656,110.0,72.818
HAM,2130.5155555555543,115.0,72.818
HAM,2137.1822222222213,120.0,72.818
HAM,2145.6841666666655,127.0,72.818
HAM,2161.6841666666655,144.0,72.818
HAM,2182.2174999999993,168.0,72.818
HAM,2198.306388888888,181.0,72.818
HAM,2210.9063888888877,189.0,72.818
HAM,2219.5730555555547,195.0,72.818
HAM,2237.884166666666,206.0,72.818
HAM,2259.684166666666,218.0,72.818
HAM,2274.5508333333323,223.0,72.818
HAM,2287.154166666666,228.0,72.818
HAM,2302.6874999999986,233.0,72.818
HAM,2318.620833333332,239.0,72.818
HAM,2337.5986111111097,244.0,72.818
HAM,2356.8874999999985,248.0,72.818
HAM,2373.6874999999986,252.0,72.818
HAM,2384.9763888888874,254.0,72.818
HAM,2396.309722222221,255.0,72.818
HAM,2419.243055555554,258.0,72.818
HAM,2433.5763888888873,258.0,72.818
HAM,2456.5986111111097,259.0,72.818
HAM,2474.1763888888877,226.0,72.818
HAM,2490.120833333332,205.0,72.818
HAM,2502.5208333333317,186.0,72.818
HAM,2514.054166666665,173.0,72.818
HAM,2531.8763888888875,160.0,72.818
HAM,2542.543055555554,160.0,72.818
HAM,2553.4763888888874,164.0,72.818
HAM,2560.854166666665,166.0,72.818
HAM,2570.4097222222204,172.0,72.818
HAM,2584.331944444443,179.0,72.818
HAM,2594.943055555554,191.0,72.818
HAM,2603.6986111111096,197.0,72.818
HAM,2617.231944444443,203.0,72.818
HAM,2635.8986111111094,210.0,72.818
HAM,2645.4986111111093,216.0,72.818
HAM,2667.698611111109,222.0,72.818
HAM,2677.7244444444427,227.0,72.818
HAM,2695.8466666666645,233.0,72.818
HAM,2714.4355555555535,239.0,72.818
HAM,2725.0577777777758,239.0,72.818
HAM,2738.613333333331,244.0,72.818
HAM,2757.9799999999977,249.0,72.818
HAM,2769.179999999998,252.0,72.818
HAM,2788.935555555553,254.0,72.818
HAM,2800.2244444444423,254.0,72.818
HAM,2817.4244444444425,258.0,72.818
HAM,2846.091111111109,258.0,72.818
HAM,2860.5355555555534,260.0,72.818
HAM,2874.9244444444425,259.0,72.818
HAM,2892.257777777776,260.0,72.818
HAM,2915.2799999999984,259.0,72.818
HAM,2935.5022222222206,260.0,72.818
HAM,2953.041666666665,262.0,72.818
HAM,2985.430555555554,265.0,72.818
HAM,3006.1194444444427,266.0,72.818
HAM,3027.2749999999983,272.0,72.818
HAM,3054.874999999998,276.0,72.818
HAM,3070.3749999999977,279.0,72.818
HAM,3082.8194444444425,280.0,72.818
HAM,3108.152777777776,285.0,72.818
HAM,3130.4749999999985,287.0,72.818
HAM,3156.4305555555543,292.0,72.818
HAM,3169.3713888888874,293.0,72.818
HAM,3189.1047222222205,296.0,72.818
HAM,3202.304722222221,297.0,72.818
HAM,3225.5602777777763,299.0,72.818
HAM,3245.6269444444424,301.0,72.818
HAM,3276.026944444443,304.0,72.818
HAM,3303.1380555555534,305.0,72.818
HAM,3326.8602777777755,305.0,72.818
HAM,3340.415833333331,305.0,72.818
HAM,3369.415833333331,290.0,72.818
HAM,3390.7491666666647,240.0,72.818
HAM,3402.6380555555534,214.0,72.818
HAM,3418.10472222222,174.0,72.818
HAM,3425.5713888888868,168.0,72.818
HAM,3432.4602777777754,155.0,72.818
HAM,3440.611944444442,146.0,72.818
HAM,3452.434166666664,133.0,72.818
HAM,3459.48972222222,127.0,72.818
HAM,3467.623055555553,122.0,72.818
HAM,3477.934166666664,116.0,72.818
HAM,3485.400833333331,112.0,72.818
HAM,3498.623055555553,119.0,72.818
HAM,3533.123055555553,135.0,72.818
HAM,3544.0897222222197,141.0,72.818
HAM,3562.9911111111087,155.0,72.818
HAM,3570.279999999998,164.0,72.818
HAM,3583.891111111109,175.0,72.818
HAM,3606.991111111109,189.0,72.818
HAM,3622.1577777777757,195.0,72.818
HAM,3635.624444444442,202.0,72.818
HAM,3651.80222222222,208.0,72.818
HAM,3663.468888888887,210.0,72.818
HAM,3686.324444444442,187.0,72.818
HAM,3700.013333333331,176.0,72.818
HAM,3709.1799999999976,165.0,72.818
HAM,3717.8466666666645,156.0,72.818
HAM,3726.165833333331,149.0,72.818
HAM,3732.6991666666645,147.0,72.818
HAM,3744.132499999998,147.0,72.818
HAM,3751.632499999998,135.0,72.818
HAM,3759.0769444444422,134.0,72.818
HAM,3766.35472222222,131.0,72.818
HAM,3772.1769444444426,131.0,72.818
HAM,3782.5991666666646,134.0,72.818
HAM,3793.25472222222,137.0,72.818
HAM,3803.9880555555537,138.0,72.818
HAM,3815.6547222222202,150.0,72.818
HAM,3829.9658333333314,161.0,72.818
HAM,3845.343611111109,173.0,72.818
HAM,3857.359999999998,181.0,72.818
HAM,3876.859999999998,195.0,72.818
HAM,3892.804444444442,205.0,72.818
HAM,3901.9155555555535,205.0,72.818
HAM,3921.38222222222,219.0,72.818
HAM,3931.2488888888865,222.0,72.818
HAM,4007.1599999999976,244.0,72.818
HAM,4032.0599999999977,249.0,72.818
HAM,4046.0044444444425,251.0,72.818
HAM,4057.2933333333312,254.0,72.818
HAM,4074.29722222222,254.0,72.818
HAM,4085.719444444443,257.0,72.818
HAM,4120.386111111109,260.0,72.818
HAM,4187.119444444444,273.0,72.818
HAM,4199.2972222222215,274.0,72.818
HAM,4223.830555555554,276.0,72.818
HAM,4245.374999999999,277.0,72.818
HAM,4272.974999999999,276.0,72.818
HAM,4285.108333333334,273.0,72.818
HAM,4300.163888888888,271.0,72.818
HAM,4312.1194444444445,269.0,72.818
HAM,4326.878611111111,267.0,72.818
HAM,4341.711944444443,267.0,72.818
HAM,4356.489722222222,266.0,72.818
HAM,4371.323055555556,267.0,72.818
HAM,4395.056388888889,267.0,72.818
HAM,4418.878611111111,268.0,72.818
HAM,4436.811944444445,269.0,72.818
HAM,4457.889722222222,271.0,72.818
HAM,4479.356388888889,276.0,72.818
HAM,4494.745277777778,277.0,72.818
HAM,4519.723055555556,281.0,72.818
HAM,4535.556388888888,285.0,72.818
HAM,4557.956388888888,288.0,72.818
HAM,4590.593333333333,293.0,72.818
HAM,4603.704444444444,295.0,72.818
HAM,4640.248888888888,299.0,72.818
STR,9.735,297.0,72.994
STR,33.068333333333335,300.0,72.994
STR,53.135000000000005,301.0,72.994
STR,76.77944444444445,304.0,72.994
STR,100.50166666666667,305.0,72.994
STR,131.30166666666668,308.0,72.994
STR,148.46833333333333,309.0,72.994
STR,172.74361111111114,311.0,72.994
STR,190.02138888888888,311.0,72.994
STR,210.8213888888889,312.0,72.994
STR,231.7547222222222,314.0,72.994
STR,263.15472222222223,314.0,72.994
STR,277.15472222222223,315.0,72.994
STR,298.1336111111111,316.0,72.994
STR,315.7447222222222,317.0,72.994
STR,347.44472222222225,317.0,72.994
STR,382.7780555555555,318.0,72.994
STR,396.91138888888884,318.0,72.994
STR,432.46694444444444,320.0,72.994
STR,450.2447222222222,320.0,72.994
STR,468.07805555555547,321.0,72.994
STR,485.91138888888884,321.0,72.994
STR,507.37805555555553,322.0,72.994
STR,525.2669444444444,322.0,72.994
STR,539.5780555555556,322.0,72.994
STR,561.1113888888889,323.0,72.994
STR,589.7336111111111,322.0,72.994
STR,614.8558333333334,323.0,72.994
STR,632.8002777777779,323.0,72.994
STR,657.9225,323.0,72.994
STR,679.3891666666667,322.0,72.994
STR,700.9225,323.0,72.994
STR,715.2780555555555,323.0,72.994
STR,740.0780555555556,279.0,72.994
STR,758.0308333333334,230.0,72.994
STR,774.208611111111,208.0,72.994
STR,782.6975,191.0,72.994
STR,794.6308333333334,179.0,72.994
STR,805.7641666666667,167.0,72.994
STR,820.1641666666667,162.0,72.994
STR,828.8980555555555,158.0,72.994
STR,842.5869444444444,154.0,72.994
STR,854.7202777777777,156.0,72.994
STR,863.6647222222222,161.0,72.994
STR,871.2202777777777,170.0,72.994
STR,878.9536111111111,174.0,72.994
STR,889.0647222222223,182.0,72.994
STR,903.8425,190.0,72.994
STR,919.1647222222222,197.0,72.994
STR,930.3313888888889,201.0,72.994
STR,939.3980555555556,204.0,72.994
STR,948.6425,208.0,72.994
STR,965.2869444444444,214.0,72.994
STR,982.3980555555555,220.0,72.994
STR,994.8980555555556,225.0,72.994
STR,1007.6758333333333,230.0,72.994
STR,1020.6758333333333,234.0,72.994
STR,1039.1091666666669,237.0,72.994
STR,1055.1091666666669,240.0,72.994
STR,1073.931388888889,242.0,72.994
STR,1098.431388888889,245.0,72.994
STR,1109.3647222222223,246.0,72.994
STR,1125.9669444444446,248.0,72.994
STR,1139.8002777777779,249.0,72.994
STR,1156.5336111111112,251.0,72.994
STR,1181.8336111111112,253.0,72.994
STR,1198.8336111111114,255.0,72.994
STR,1210.211388888889,256.0,72.994
STR,1224.489166666667,257.0,72.994
STR,1238.7508333333335,258.0,72.994
STR,1261.8619444444446,260.0,72.994
STR,1276.3619444444446,261.0,72.994
STR,1288.006388888889,262.0,72.994
STR,1305.6063888888891,264.0,72.994
STR,1320.3286111111113,265.0,72.994
STR,1347.1286111111112,268.0,72.994
STR,1368.1286111111112,270.0,72.994
STR,1389.2841666666666,272.0,72.994
STR,1407.5508333333335,274.0,72.994
STR,1425.8175,274.0,72.994
STR,1450.5286111111113,278.0,72.994
STR,1462.9730555555557,280.0,72.994
STR,1478.528611111111,280.0,72.994
STR,1503.506388888889,281.0,72.994
STR,1516.0397222222223,282.0,72.994
STR,1534.9730555555557,284.0,72.994
STR,1550.806388888889,285.0,72.994
STR,1563.4286111111112,284.0,72.994
STR,1576.0508333333335,284.0,72.994
STR,1604.4508333333333,284.0,72.994
STR,1616.0786111111113,260.0,72.994
STR,1633.7341666666666,227.0,72.994
STR,1647.8008333333335,211.0,72.994
STR,1660.8675,196.0,72.994
STR,1669.1341666666667,186.0,72.994
STR,1681.0675,179.0,72.994
STR,1696.0897222222222,169.0,72.994
STR,1707.043888888889,165.0,72.994
STR,1716.043888888889,162.0,72.994
STR,1728.0216666666668,154.0,72.994
STR,1738.3550000000002,155.0,72.994
STR,1745.3772222222224,158.0,72.994
STR,1758.055,163.0,72.994
STR,1771.121666666667,168.0,72.994
STR,1780.7883333333336,174.0,72.994
STR,1795.1772222222226,185.0,72.994
STR,1805.732777777778,190.0,72.994
STR,1818.9994444444446,199.0,72.994
STR,1839.4994444444449,205.0,72.994
STR,1868.6994444444447,219.0,72.994
STR,1888.7883333333336,226.0,72.994
STR,1899.0105555555558,230.0,72.994
STR,1912.010555555556,234.0,72.994
STR,1925.2327777777782,238.0,72.994
STR,1949.5327777777782,243.0,72.994
STR,1971.556944444445,247.0,72.994
STR,1990.9236111111115,249.0,72.994
STR,2020.868055555556,245.0,72.994
STR,2035.5680555555562,189.0,72.994
STR,2048.868055555556,171.0,72.994
STR,2061.6680555555563,144.0,72.994
STR,2074.7316666666675,131.0,72.994
STR,2081.620555555556,124.0,72.994
STR,2086.820555555556,117.0,72.994
STR,2094.3538888888893,113.0,72.994
STR,2106.3538888888893,108.0,72.994
STR,2113.3538888888893,105.0,72.994
STR,2118.0650000000005,106.0,72.994
STR,2129.5650000000005,115.0,72.994
STR,2137.5650000000005,120.0,72.994
STR,2142.898333333334,120.0,72.994
STR,2153.398333333334,135.0,72.994
STR,2161.398333333334,144.0,72.994
STR,2180.2872222222227,170.0,72.994
STR,2196.2872222222227,180.0,72.994
STR,2208.820555555556,188.0,72.994
STR,2219.6538888888895,195.0,72.994
STR,2237.8761111111116,205.0,72.994
STR,2252.2094444444447,215.0,72.994
STR,2269.6158333333337,223.0,72.994
STR,2287.349166666667,228.0,72.994
STR,2300.238055555556,232.0,72.994
STR,2329.938055555556,243.0,72.994
STR,2346.338055555556,246.0,72.994
STR,2360.004722222223,246.0,72.994
STR,2379.760277777778,254.0,72.994
STR,2391.0936111111114,255.0,72.994
STR,2416.7222222222226,257.0,72.994
STR,2445.388888888889,258.0,72.994
STR,2459.7777777777783,259.0,72.994
STR,2470.177777777778,234.0,72.994
STR,2480.0,221.0,72.994
STR,2490.666666666667,192.0,72.994
STR,2500.7777777777783,182.0,72.994
STR,2508.466666666667,173.0,72.994
STR,2519.733333333334,169.0,72.994
STR,2534.044444444445,161.0,72.994
STR,2546.1777777777784,156.0,72.994
STR,2554.9555555555557,158.0,72.994
STR,2570.1555555555556,171.0,72.994
STR,2580.1000000000004,179.0,72.994
STR,2620.1000000000004,200.0,72.994
STR,2645.888888888889,211.0,72.994
STR,2657.948888888889,216.0,72.994
STR,2670.1711111111113,220.0,72.994
STR,2682.671111111111,225.0,72.994
STR,2692.8488888888887,229.0,72.994
STR,2743.9377777777777,242.0,72.994
STR,2765.982222222222,248.0,72.994
STR,2794.204444444444,254.0,72.994
STR,2805.4669444444444,255.0,72.994
STR,2828.3113888888884,257.0,72.994
STR,2845.444722222222,257.0,72.994
STR,2871.244722222222,258.0,72.994
STR,2882.7558333333336,259.0,72.994
STR,2917.289166666667,259.0,72.994
STR,2928.8447222222226,260.0,72.994
STR,2943.289166666667,260.0,72.994
STR,2963.6669444444447,262.0,72.994
STR,2978.278055555556,263.0,72.994
STR,2990.0558333333333,265.0,72.994
STR,3023.055833333334,270.0,72.994
STR,3038.1669444444447,272.0,72.994
STR,3062.789166666667,277.0,72.994
STR,3075.2336111111117,280.0,72.994
STR,3090.9558333333334,283.0,72.994
STR,3109.889166666667,284.0,72.994
STR,3125.8336111111107,287.0,72.994
STR,3141.969444444444,289.0,72.994
STR,3171.2694444444437,293.0,72.994
STR,3197.491666666666,295.0,72.994
STR,3210.691666666666,297.0,72.994
STR,3227.3027777777775,299.0,72.994
STR,3250.713888888888,301.0,72.994
STR,3267.491666666666,302.0,72.994
STR,3280.913888888888,302.0,72.994
STR,3297.6916666666657,302.0,72.994
STR,3314.4694444444435,302.0,72.994
STR,3334.585277777777,303.0,72.994
STR,3348.0074999999993,302.0,72.994
STR,3367.0741666666654,286.0,72.994
STR,3386.5963888888878,251.0,72.994
STR,3406.2963888888876,197.0,72.994
STR,3418.0963888888878,177.0,72.994
STR,3430.229722222221,156.0,72.994
STR,3442.6741666666653,140.0,72.994
STR,3450.2297222222205,136.0,72.994
STR,3455.963055555554,129.0,72.994
STR,3465.6852777777763,125.0,72.994
STR,3475.0963888888873,121.0,72.994
STR,3486.5963888888873,115.0,72.994
STR,3501.0186111111093,118.0,72.994
STR,3507.796388888887,122.0,72.994
STR,3523.7213888888873,130.0,72.994
STR,3538.1213888888874,144.0,72.994
STR,3549.9436111111095,152.0,72.994
STR,3558.7213888888873,158.0,72.994
STR,3578.054722222221,174.0,72.994
STR,3594.676944444443,187.0,72.994
STR,3616.454722222221,196.0,72.994
STR,3627.565833333332,200.0,72.994
STR,3643.375833333332,204.0,72.994
STR,3654.931388888888,208.0,72.994
STR,3664.2202777777766,209.0,72.994
STR,3675.4980555555544,203.0,72.994
STR,3688.2313888888875,191.0,72.994
STR,3696.2313888888875,180.0,72.994
STR,3709.1424999999986,166.0,72.994
STR,3717.920277777776,158.0,72.994
STR,3729.2758333333313,146.0,72.994
STR,3744.609166666665,138.0,72.994
STR,3756.2536111111094,131.0,72.994
STR,3774.598055555554,127.0,72.994
STR,3784.7869444444427,131.0,72.994
STR,3793.720277777776,134.0,72.994
STR,3801.2758333333313,136.0,72.994
STR,3810.8091666666646,143.0,72.994
STR,3820.783888888887,149.0,72.994
STR,3829.506111111109,157.0,72.994
STR,3838.6172222222203,164.0,72.994
STR,3852.306111111109,176.0,72.994
STR,3866.772777777776,186.0,72.994
STR,3879.6394444444422,193.0,72.994
STR,3897.7727777777754,204.0,72.994
STR,3914.339444444442,213.0,72.994
STR,3928.8727777777754,218.0,72.994
STR,3946.528333333331,227.0,72.994
STR,3967.2633333333306,234.0,72.994
STR,3985.696666666664,237.0,72.994
STR,4004.6744444444416,244.0,72.994
STR,4015.6077777777746,246.0,72.994
STR,4034.9744444444414,249.0,72.994
STR,4068.707777777775,253.0,72.994
STR,4088.618888888886,256.0,72.994
STR,4108.685555555553,258.0,72.994
STR,4126.085555555553,261.0,72.994
STR,4155.641111111108,266.0,72.994
STR,4173.641111111108,270.0,72.994
STR,4197.996666666664,274.0,72.994
STR,4213.329999999996,276.0,72.994
STR,4228.829999999996,279.0,72.994
STR,4247.440555555552,278.0,72.994
STR,4278.107222222219,276.0,72.994
STR,4310.496111111108,265.0,72.994
STR,4334.051666666663,265.0,72.994
STR,4351.651666666663,264.0,72.994
STR,4363.384999999996,264.0,72.994
STR,4387.029444444441,266.0,72.994
STR,4413.829444444441,268.0,72.994
STR,4431.8961111111075,271.0,72.994
STR,4446.98694444444,273.0,72.994
STR,4465.253611111107,274.0,72.994
STR,4483.720277777774,277.0,72.994
STR,4505.57583333333,281.0,72.994
STR,4527.586944444441,283.0,72.994
STR,4546.720277777774,287.0,72.994
STR,4559.520277777774,288.0,72.994
STR,4572.409166666663,290.0,72.994
STR,4598.542499999997,294.0,72.994
STR,4614.9313888888855,295.0,72.994
OCO,6.561388888888889,299.0,73.001
OCO,23.339166666666667,302.0,73.001
OCO,36.76138888888889,302.0,73.001
OCO,60.4836111111111,305.0,73.001
OCO,80.95027777777777,307.0,73.001
OCO,94.63916666666667,308.0,73.001
OCO,111.80583333333333,309.0,73.001
OCO,132.53916666666666,311.0,73.001
OCO,149.92805555555555,313.0,73.001
OCO,163.88361111111112,314.0,73.001
OCO,177.8391666666667,314.0,73.001
OCO,198.83916666666667,315.0,73.001
OCO,223.49472222222224,317.0,73.001
OCO,248.22805555555556,318.0,73.001
OCO,283.6725,319.0,73.001
OCO,312.1166666666667,321.0,73.001
OCO,330.0055555555556,322.0,73.001
OCO,351.4722222222223,322.0,73.001
OCO,365.82777777777784,323.0,73.001
OCO,380.22777777777776,324.0,73.001
OCO,405.4277777777778,324.0,73.001
OCO,434.4055555555556,326.0,73.001
OCO,467.0055555555556,326.0,73.001
OCO,496.0722222222223,327.0,73.001
OCO,514.2944444444446,328.0,73.001
OCO,550.738888888889,328.0,73.001
OCO,572.6297222222223,327.0,73.001
OCO,598.0630555555557,327.0,73.001
OCO,619.8630555555557,327.0,73.001
OCO,648.8408333333334,326.0,73.001
OCO,674.196388888889,326.0,73.001
OCO,695.9297222222224,326.0,73.001
OCO,726.1297222222223,302.0,73.001
OCO,757.2963888888889,255.0,73.001
OCO,779.5186111111112,200.0,73.001
OCO,799.296388888889,178.0,73.001
OCO,812.2075000000001,166.0,73.001
OCO,826.3408333333334,159.0,73.001
OCO,834.908888888889,155.0,73.001
OCO,852.0200000000001,154.0,73.001
OCO,870.3533333333335,165.0,73.001
OCO,883.808888888889,173.0,73.001
OCO,892.0755555555556,186.0,73.001
OCO,900.4755555555556,189.0,73.001
OCO,917.8977777777778,196.0,73.001
OCO,928.9533333333334,199.0,73.001
OCO,946.9977777777779,203.0,73.001
OCO,972.7866666666667,211.0,73.001
OCO,982.4466666666668,216.0,73.001
OCO,1004.7466666666668,223.0,73.001
OCO,1014.7911111111113,226.0,73.001
OCO,1038.2911111111111,235.0,73.001
OCO,1062.2911111111111,240.0,73.001
OCO,1073.0022222222221,241.0,73.001
OCO,1089.2688888888888,244.0,73.001
OCO,1105.7355555555555,247.0,73.001
OCO,1119.5133333333333,248.0,73.001
OCO,1147.402222222222,251.0,73.001
OCO,1158.5577777777776,251.0,73.001
OCO,1192.5577777777778,255.0,73.001
OCO,1209.6244444444444,256.0,73.001
OCO,1238.291111111111,258.0,73.001
OCO,1249.7302777777777,259.0,73.001
OCO,1264.2302777777777,261.0,73.001
OCO,1296.4969444444444,264.0,73.001
OCO,1323.1969444444444,267.0,73.001
OCO,1338.0858333333333,268.0,73.001
OCO,1353.0858333333333,270.0,73.001
OCO,1368.1413888888887,271.0,73.001
OCO,1380.2747222222222,273.0,73.001
OCO,1395.6080555555554,276.0,73.001
OCO,1410.9969444444446,277.0,73.001
OCO,1432.6191666666666,278.0,73.001
OCO,1451.4305555555554,281.0,73.001
OCO,1467.1527777777778,283.0,73.001
OCO,1486.086111111111,284.0,73.001
OCO,1498.7527777777777,285.0,73.001
OCO,1533.9527777777778,288.0,73.001
OCO,1550.0083333333332,289.0,73.001
OCO,1569.408333333333,291.0,73.001
OCO,1588.8083333333332,291.0,73.001
OCO,1614.408333333333,256.0,73.001
OCO,1625.208333333333,243.0,73.001
OCO,1648.6527777777774,211.0,73.001
OCO,1670.9861111111109,201.0,73.001
OCO,1685.219444444444,183.0,73.001
OCO,1696.9527777777773,176.0,73.001
OCO,1714.9527777777773,162.0,73.001
OCO,1730.3099999999997,154.0,73.001
OCO,1743.821111111111,152.0,73.001
OCO,1756.032222222222,157.0,73.001
OCO,1763.1877777777775,161.0,73.001
OCO,1776.1766666666665,167.0,73.001
OCO,1783.7322222222222,170.0,73.001
OCO,1791.7322222222222,180.0,73.001
OCO,1804.1988888888889,187.0,73.001
OCO,1817.1322222222223,194.0,73.001
OCO,1828.2433333333333,200.0,73.001
OCO,1844.3227777777777,206.0,73.001
OCO,1871.3338888888889,221.0,73.001
OCO,1883.7227777777778,223.0,73.001
OCO,1896.3894444444443,228.0,73.001
OCO,1919.9894444444442,236.0,73.001
OCO,1933.3227777777777,240.0,73.001
OCO,1946.878333333333,244.0,73.001
OCO,1957.9005555555552,248.0,73.001
OCO,1977.5005555555554,252.0,73.001
OCO,2008.300555555555,252.0,73.001
OCO,2030.6338888888886,201.0,73.001
OCO,2045.7449999999994,170.0,73.001
OCO,2059.078333333333,150.0,73.001
OCO,2066.8561111111107,140.0,73.001
OCO,2100.426111111111,108.0,73.001
OCO,2108.6705555555554,106.0,73.001
OCO,2120.4483333333333,106.0,73.001
OCO,2125.337222222222,110.0,73.001
OCO,2133.0038888888885,115.0,73.001
OCO,2138.426111111111,122.0,73.001
OCO,2150.2852777777775,133.0,73.001
OCO,2166.951944444444,150.0,73.001
OCO,2175.840833333333,160.0,73.001
OCO,2189.374166666666,174.0,73.001
OCO,2201.5741666666663,183.0,73.001
OCO,2219.263055555555,199.0,73.001
OCO,2240.1630555555553,209.0,73.001
OCO,2252.1630555555553,216.0,73.001
OCO,2267.0963888888887,224.0,73.001
OCO,2284.9852777777774,230.0,73.001
OCO,2308.685277777777,237.0,73.001
OCO,2330.463055555555,245.0,73.001
OCO,2349.9074999999993,250.0,73.001
OCO,2361.151944444444,253.0,73.001
OCO,2372.396388888888,253.0,73.001
OCO,2395.3297222222213,258.0,73.001
OCO,2409.8297222222213,261.0,73.001
OCO,2424.4230555555546,264.0,73.001
OCO,2445.034166666666,265.0,73.001
OCO,2465.023055555555,257.0,73.001
OCO,2485.011944444444,257.0,73.001
OCO,2493.6341666666663,194.0,73.001
OCO,2503.8008333333332,183.0,73.001
OCO,2515.400833333333,174.0,73.001
OCO,2528.2341666666666,165.0,73.001
OCO,2539.034166666667,162.0,73.001
OCO,2549.611388888889,158.0,73.001
OCO,2560.1447222222223,158.0,73.001
OCO,2567.3891666666664,163.0,73.001
OCO,2584.8891666666664,175.0,73.001
OCO,2595.1113888888885,184.0,73.001
OCO,2610.278055555555,195.0,73.001
OCO,2621.389166666666,200.0,73.001
OCO,2642.189166666666,208.0,73.001
OCO,2651.7002777777775,214.0,73.001
OCO,2661.3891666666664,218.0,73.001
OCO,2673.7780555555555,223.0,73.001
OCO,2694.133611111111,229.0,73.001
OCO,2707.0780555555557,233.0,73.001
OCO,2722.8780555555554,237.0,73.001
OCO,2741.7002777777775,242.0,73.001
OCO,2752.5891666666666,245.0,73.001
OCO,2766.4224999999997,249.0,73.001
OCO,2786.0224999999996,252.0,73.001
OCO,2800.1891666666666,255.0,73.001
OCO,2820.106666666666,257.0,73.001
OCO,2845.9066666666663,258.0,73.001
OCO,2874.684444444444,259.0,73.001
OCO,2886.1955555555555,259.0,73.001
OCO,2900.584444444444,259.0,73.001
OCO,2923.6955555555555,260.0,73.001
OCO,2941.028888888889,260.0,73.001
OCO,2964.301388888889,261.0,73.001
OCO,2984.756944444445,263.0,73.001
OCO,3008.4013888888894,266.0,73.001
OCO,3029.4791666666674,271.0,73.001
OCO,3063.2125000000005,276.0,73.001
OCO,3088.279166666667,282.0,73.001
OCO,3113.7013888888896,286.0,73.001
OCO,3126.4569444444455,287.0,73.001
OCO,3139.345833333334,290.0,73.001
OCO,3165.3902777777785,293.0,73.001
OCO,3188.412500000001,296.0,73.001
OCO,3214.90138888889,298.0,73.001
OCO,3251.934722222223,303.0,73.001
OCO,3279.134722222223,306.0,73.001
OCO,3299.6013888888897,307.0,73.001
OCO,3337.5261111111117,311.0,73.001
OCO,3354.8038888888896,311.0,73.001
OCO,3382.5816666666674,250.0,73.001
OCO,3398.1816666666673,234.0,73.001
OCO,3418.5150000000003,183.0,73.001
OCO,3437.3372222222224,154.0,73.001
OCO,3449.909722222222,141.0,73.001
OCO,3455.820833333333,133.0,73.001
OCO,3464.2875,127.0,73.001
OCO,3476.4874999999997,122.0,73.001
OCO,3483.1541666666662,120.0,73.001
OCO,3490.754166666666,114.0,73.001
OCO,3497.0874999999996,114.0,73.001
OCO,3506.1097222222215,116.0,73.001
OCO,3522.9097222222217,126.0,73.001
OCO,3545.309722222222,144.0,73.001
OCO,3553.6986111111105,151.0,73.001
OCO,3572.254166666666,167.0,73.001
OCO,3592.5874999999996,183.0,73.001
OCO,3605.1874999999995,189.0,73.001
OCO,3620.5874999999996,198.0,73.001
OCO,3634.120833333333,203.0,73.001
OCO,3645.6738888888885,209.0,73.001
OCO,3657.6738888888885,216.0,73.001
OCO,3666.9627777777773,209.0,73.001
OCO,3681.9738888888883,193.0,73.001
OCO,3694.573888888888,189.0,73.001
OCO,3714.862777777777,166.0,73.001
OCO,3723.640555555555,158.0,73.001
OCO,3732.084999999999,152.0,73.001
OCO,3746.8258333333324,147.0,73.001
OCO,3754.5480555555546,139.0,73.001
OCO,3762.1036111111102,136.0,73.001
OCO,3770.7702777777768,130.0,73.001
OCO,3776.414722222221,127.0,73.001
OCO,3786.5258333333322,130.0,73.001
OCO,3795.4591666666656,134.0,73.001
OCO,3806.425833333332,141.0,73.001
OCO,3819.6702777777764,149.0,73.001
OCO,3835.7702777777763,161.0,73.001
OCO,3845.10361111111,168.0,73.001
OCO,3859.0258333333322,179.0,73.001
OCO,3880.581388888888,194.0,73.001
OCO,3898.4480555555547,201.0,73.001
OCO,3917.470277777777,214.0,73.001
OCO,3942.470277777777,225.0,73.001
OCO,3960.5147222222217,232.0,73.001
OCO,3976.2488888888884,237.0,73.001
OCO,3987.004444444444,242.0,73.001
OCO,4006.0599999999995,245.0,73.001
OCO,4036.86,252.0,73.001
OCO,4048.06,252.0,73.001
OCO,4079.5933333333332,258.0,73.001
OCO,4091.221111111111,260.0,73.001
OCO,4111.598888888889,262.0,73.001
OCO,4126.265555555556,264.0,73.001
OCO,4159.143333333333,269.0,73.001
OCO,4186.543333333333,274.0,73.001
OCO,4214.343333333333,278.0,73.001
OCO,4233.1433333333325,282.0,73.001
OCO,4251.8099999999995,280.0,73.001
OCO,4276.343333333332,276.0,73.001
OCO,4300.254444444443,269.0,73.001
OCO,4314.976666666666,265.0,73.001
OCO,4341.176666666665,262.0,73.001
OCO,4370.176666666665,261.0,73.001
OCO,4381.776666666665,261.0,73.001
OCO,4399.176666666665,261.0,73.001
OCO,4413.6766666666645,261.0,73.001
OCO,4434.054444444442,262.0,73.001
OCO,4454.587777777776,264.0,73.001
OCO,4478.512777777776,270.0,73.001
OCO,4490.601666666665,272.0,73.001
OCO,4512.146111111109,277.0,73.001
OCO,4527.701666666665,280.0,73.001
OCO,4540.323888888887,284.0,73.001
OCO,4575.646111111109,289.0,73.001
OCO,4608.394444444443,294.0,73.001
OCO,4621.549999999998,296.0,73.001
OCO,4644.805555555554,299.0,73.001
HUL,12.499444444444443,298.0,73.229
HUL,32.632777777777775,302.0,73.229
HUL,59.83277777777777,306.0,73.229
HUL,73.43277777777777,306.0,73.229
HUL,100.89944444444444,309.0,73.229
HUL,118.12166666666666,310.0,73.229
HUL,142.38833333333332,312.0,73.229
HUL,173.88833333333332,315.0,73.229
HUL,191.44388888888886,316.0,73.229
HUL,223.14388888888888,317.0,73.229
HUL,247.8772222222222,318.0,73.229
HUL,269.23249999999996,319.0,73.229
HUL,297.6769444444444,320.0,73.229
HUL,311.89916666666664,320.0,73.229
HUL,333.2991666666666,321.0,73.229
HUL,369.18805555555554,323.0,73.229
HUL,394.38805555555547,324.0,73.229
HUL,416.05472222222215,325.0,73.229
HUL,434.1102777777777,325.0,73.229
HUL,466.7102777777777,326.0,73.229
HUL,484.82138888888875,326.0,73.229
HUL,502.9324999999999,326.0,73.229
HUL,528.3658333333333,327.0,73.229
HUL,542.8991666666666,327.0,73.229
HUL,568.2416666666666,327.0,73.229
HUL,590.0416666666666,327.0,73.229
HUL,604.5749999999999,327.0,73.229
HUL,630.0083333333332,327.0,73.229
HUL,655.3638888888888,326.0,73.229
HUL,673.4749999999999,326.0,73.229
HUL,687.9194444444444,325.0,73.229
HUL,705.7527777777776,321.0,73.229
HUL,722.9749999999999,310.0,73.229
HUL,741.5749999999999,279.0,73.229
HUL,763.8749999999999,223.0,73.229
HUL,779.1972222222222,197.0,73.229
HUL,789.586111111111,187.0,73.229
HUL,805.1902777777776,175.0,73.229
HUL,819.9458333333332,166.0,73.229
HUL,834.2569444444443,161.0,73.229
HUL,846.2347222222221,154.0,73.229
HUL,858.523611111111,158.0,73.229
HUL,869.0569444444443,158.0,73.229
HUL,880.5236111111109,172.0,73.229
HUL,888.3902777777776,177.0,73.229
HUL,913.8569444444443,191.0,73.229
HUL,924.5791666666664,193.0,73.229
HUL,933.4236111111109,199.0,73.229
HUL,953.7236111111109,203.0,73.229
HUL,970.134722222222,211.0,73.229
HUL,997.2063888888887,222.0,73.229
HUL,1022.9841666666665,232.0,73.229
HUL,1049.3174999999999,237.0,73.229
HUL,1059.8508333333332,237.0,73.229
HUL,1075.9841666666664,242.0,73.229
HUL,1105.928611111111,245.0,73.229
HUL,1116.8619444444444,246.0,73.229
HUL,1130.5286111111109,246.0,73.229
HUL,1149.7397222222219,247.0,73.229
HUL,1160.850833333333,250.0,73.229
HUL,1186.120833333333,252.0,73.229
HUL,1205.7986111111109,253.0,73.229
HUL,1219.9652777777774,255.0,73.229
HUL,1231.3874999999996,257.0,73.229
HUL,1248.5874999999996,258.0,73.229
HUL,1263.031944444444,260.0,73.229
HUL,1280.5652777777773,263.0,73.229
HUL,1292.2986111111106,264.0,73.229
HUL,1310.0319444444442,266.0,73.229
HUL,1339.920833333333,269.0,73.229
HUL,1376.320833333333,273.0,73.229
HUL,1394.5874999999999,274.0,73.229
HUL,1409.9208333333331,276.0,73.229
HUL,1434.6319444444443,278.0,73.229
HUL,1465.7761111111108,281.0,73.229
HUL,1487.787222222222,283.0,73.229
HUL,1500.4094444444443,284.0,73.229
HUL,1519.3427777777774,284.0,73.229
HUL,1535.287222222222,287.0,73.229
HUL,1551.287222222222,288.0,73.229
HUL,1576.8872222222221,288.0,73.229
HUL,1589.687222222222,288.0,73.229
HUL,1616.587222222222,269.0,73.229
HUL,1630.0316666666663,242.0,73.229
HUL,1644.4316666666664,216.0,73.229
HUL,1658.298333333333,208.0,73.229
HUL,1674.9724999999996,187.0,73.229
HUL,1694.416944444444,175.0,73.229
HUL,1707.2502777777775,165.0,73.229
HUL,1723.0502777777774,158.0,73.229
HUL,1729.9391666666663,155.0,73.229
HUL,1750.4724999999996,154.0,73.229
HUL,1757.405833333333,156.0,73.229
HUL,1768.005833333333,159.0,73.229
HUL,1779.0724999999995,166.0,73.229
HUL,1790.4724999999996,171.0,73.229
HUL,1804.316944444444,178.0,73.229
HUL,1821.0280555555553,188.0,73.229
HUL,1836.6613888888885,201.0,73.229
HUL,1855.1811111111106,209.0,73.229
HUL,1864.4699999999996,209.0,73.229
HUL,1876.5255555555552,217.0,73.229
HUL,1888.9144444444441,223.0,73.229
HUL,1909.1811111111108,228.0,73.229
HUL,1930.2477777777774,237.0,73.229
HUL,1940.9588888888886,241.0,73.229
HUL,1951.7588888888886,243.0,73.229
HUL,1973.7144444444439,247.0,73.229
HUL,1990.5811111111107,253.0,73.229
HUL,2015.7811111111107,252.0,73.229
HUL,2032.5630555555551,215.0,73.229
HUL,2043.1741666666665,191.0,73.229
HUL,2058.8741666666665,157.0,73.229
HUL,2069.763055555555,140.0,73.229
HUL,2075.8074999999994,136.0,73.229
HUL,2085.6074999999996,126.0,73.229
HUL,2093.6074999999996,120.0,73.229
HUL,2106.9297222222217,109.0,73.229
HUL,2115.096388888888,105.0,73.229
HUL,2121.963055555555,103.0,73.229
HUL,2132.6630555555553,107.0,73.229
HUL,2140.129722222222,112.0,73.229
HUL,2149.618611111111,122.0,73.229
HUL,2156.785277777778,129.0,73.229
HUL,2167.557777777778,139.0,73.229
HUL,2174.1800000000003,149.0,73.229
HUL,2183.0133333333333,159.0,73.229
HUL,2194.5466666666666,173.0,73.229
HUL,2204.6022222222223,181.0,73.229
HUL,2215.1577777777775,190.0,73.229
HUL,2232.6688888888884,197.0,73.229
HUL,2251.424444444444,211.0,73.229
HUL,2261.1133333333332,218.0,73.229
HUL,2278.5355555555557,224.0,73.229
HUL,2293.7355555555555,228.0,73.229
HUL,2304.0911111111113,233.0,73.229
HUL,2373.605,250.0,73.229
HUL,2384.9383333333335,255.0,73.229
HUL,2399.2716666666665,258.0,73.229
HUL,2422.4716666666664,261.0,73.229
HUL,2443.0049999999997,264.0,73.229
HUL,2460.338333333333,260.0,73.229
HUL,2470.7827777777775,235.0,73.229
HUL,2480.1605555555557,211.0,73.229
HUL,2498.6605555555557,185.0,73.229
HUL,2508.382777777778,175.0,73.229
HUL,2523.0494444444444,165.0,73.229
HUL,2530.2494444444446,162.0,73.229
HUL,2542.5383333333334,158.0,73.229
HUL,2556.6716666666666,159.0,73.229
HUL,2575.2916666666665,168.0,73.229
HUL,2585.0138888888887,175.0,73.229
HUL,2601.636111111111,187.0,73.229
HUL,2610.1694444444447,192.0,73.229
HUL,2623.436111111111,199.0,73.229
HUL,2634.7694444444446,204.0,73.229
HUL,2644.0583333333334,209.0,73.229
HUL,2655.9472222222225,214.0,73.229
HUL,2678.0472222222224,221.0,73.229
HUL,2698.491666666667,230.0,73.229
HUL,2708.8672222222226,232.0,73.229
HUL,2724.800555555556,239.0,73.229
HUL,2743.6227777777776,242.0,73.229
HUL,2768.422777777778,248.0,73.229
HUL,2779.445,248.0,73.229
HUL,2790.6894444444442,253.0,73.229
HUL,2810.6783333333333,257.0,73.229
HUL,2822.1450000000004,258.0,73.229
HUL,2842.0561111111115,256.0,73.229
HUL,2872.9783333333335,253.0,73.229
HUL,2884.2227777777775,253.0,73.229
HUL,2906.7116666666666,253.0,73.229
HUL,2918.000555555556,254.0,73.229
HUL,2952.133888888889,256.0,73.229
HUL,2966.4672222222225,258.0,73.229
HUL,2980.911666666667,260.0,73.229
HUL,3010.3933333333334,266.0,73.229
HUL,3025.3933333333334,270.0,73.229
HUL,3040.5600000000004,273.0,73.229
HUL,3052.826666666667,276.0,73.229
HUL,3084.16,282.0,73.229
HUL,3103.0266666666666,283.0,73.229
HUL,3122.226666666667,288.0,73.229
HUL,3151.4266666666667,292.0,73.229
HUL,3171.093333333333,295.0,73.229
HUL,3204.3986111111108,299.0,73.229
HUL,3227.809722222222,301.0,73.229
HUL,3258.209722222222,304.0,73.229
HUL,3275.2097222222214,306.0,73.229
HUL,3305.909722222222,307.0,73.229
HUL,3326.5763888888882,310.0,73.229
HUL,3340.3541666666665,310.0,73.229
HUL,3360.8208333333328,307.0,73.229
HUL,3373.931944444444,295.0,73.229
HUL,3388.6541666666667,265.0,73.229
HUL,3407.409722222222,211.0,73.229
HUL,3423.5874999999996,182.0,73.229
HUL,3432.920833333333,168.0,73.229
HUL,3444.509722222222,149.0,73.229
HUL,3459.1763888888886,132.0,73.229
HUL,3465.0430555555554,132.0,73.229
HUL,3478.4538888888883,121.0,73.229
HUL,3486.187222222222,116.0,73.229
HUL,3495.0538888888887,114.0,73.229
HUL,3505.6316666666667,119.0,73.229
HUL,3513.765,122.0,73.229
HUL,3520.765,126.0,73.229
HUL,3526.4983333333334,129.0,73.229
HUL,3537.153888888889,137.0,73.229
HUL,3548.4316666666664,145.0,73.229
HUL,3555.184722222222,151.0,73.229
HUL,3564.0180555555553,159.0,73.229
HUL,3577.3180555555555,171.0,73.229
HUL,3590.929166666667,175.0,73.229
HUL,3607.9958333333334,192.0,73.229
HUL,3623.1625,195.0,73.229
HUL,3634.4958333333334,204.0,73.229
HUL,3646.1625000000004,210.0,73.229
HUL,3667.8625,217.0,73.229
HUL,3679.251388888889,205.0,73.229
HUL,3687.740277777778,191.0,73.229
HUL,3703.2069444444446,174.0,73.229
HUL,3710.6291666666666,167.0,73.229
HUL,3719.4069444444444,158.0,73.229
HUL,3732.295833333333,145.0,73.229
HUL,3746.195833333333,139.0,73.229
HUL,3756.6180555555557,134.0,73.229
HUL,3768.1375,130.0,73.229
HUL,3773.8263888888887,128.0,73.229
HUL,3780.993055555555,129.0,73.229
HUL,3797.6152777777775,136.0,73.229
HUL,3806.9486111111105,140.0,73.229
HUL,3813.4374999999995,146.0,73.229
HUL,3819.926388888888,146.0,73.229
HUL,3830.2597222222216,155.0,73.229
HUL,3838.870833333333,155.0,73.229
HUL,3859.1436111111107,182.0,73.229
HUL,3869.4213888888885,185.0,73.229
HUL,3884.899166666666,199.0,73.229
HUL,3896.1213888888883,202.0,73.229
HUL,3917.821388888888,217.0,73.229
HUL,3945.5658333333326,227.0,73.229
HUL,3969.265833333332,237.0,73.229
HUL,3979.8436111111105,238.0,73.229
HUL,3990.5547222222212,241.0,73.229
HUL,4004.0547222222212,243.0,73.229
HUL,4026.099166666665,248.0,73.229
HUL,4059.8324999999986,253.0,73.229
HUL,4082.6769444444426,257.0,73.229
HUL,4102.821388888887,259.0,73.229
HUL,4123.276944444442,263.0,73.229
HUL,4143.888055555553,265.0,73.229
HUL,4155.680555555554,267.0,73.229
HUL,4179.858333333331,272.0,73.229
HUL,4210.524999999998,276.0,73.229
HUL,4235.236111111109,278.0,73.229
HUL,4250.791666666664,280.0,73.229
HUL,4262.969444444442,274.0,73.229
HUL,4289.269444444442,263.0,73.229
HUL,4315.341666666664,260.0,73.229
HUL,4332.541666666664,258.0,73.229
HUL,4346.763888888887,256.0,73.229
HUL,4369.697222222221,258.0,73.229
HUL,4381.208333333332,259.0,73.229
HUL,4398.4749999999985,259.0,73.229
HUL,4415.874999999999,261.0,73.229
HUL,4433.541666666665,265.0,73.229
HUL,4445.274999999998,264.0,73.229
HUL,4457.186111111108,268.0,73.229
HUL,4475.119444444443,269.0,73.229
HUL,4493.3194444444425,273.0,73.229
HUL,4517.941666666666,277.0,73.229
HUL,4542.830555555554,280.0,73.229
HUL,4574.38611111111,284.0,73.229
HUL,4593.452777777777,286.0,73.229
HUL,4622.352777777776,289.0,73.229
HUL,4638.519444444443,291.0,73.229
ALO,2.6488888888888886,298.0,73.098
ALO,29.315555555555548,300.0,73.098
ALO,56.248888888888885,303.0,73.098
ALO,73.13777777777777,304.0,73.098
ALO,169.80694444444447,311.0,73.098
ALO,194.07361111111112,312.0,73.098
ALO,228.9625,314.0,73.098
ALO,242.91805555555558,314.0,73.098
ALO,263.9180555555556,315.0,73.098
ALO,277.9180555555556,315.0,73.098
ALO,306.0947222222223,316.0,73.098
ALO,341.4280555555556,318.0,73.098
ALO,359.0947222222223,318.0,73.098
ALO,383.9058333333334,319.0,73.098
ALO,405.2391666666667,320.0,73.098
ALO,433.68361111111113,320.0,73.098
ALO,465.78361111111116,321.0,73.098
ALO,483.6169444444444,321.0,73.098
ALO,505.0836111111111,322.0,73.098
ALO,530.1280555555555,322.0,73.098
ALO,562.3280555555556,322.0,73.098
ALO,591.0391666666667,323.0,73.098
ALO,616.0836111111112,322.0,73.098
ALO,630.3947222222223,322.0,73.098
ALO,644.7058333333334,322.0,73.098
ALO,673.2391666666667,321.0,73.098
ALO,691.0725000000001,321.0,73.098
ALO,708.8719444444446,322.0,73.098
ALO,731.9719444444447,297.0,73.098
ALO,751.1830555555558,247.0,73.098
ALO,767.5163888888891,210.0,73.098
ALO,776.005277777778,191.0,73.098
ALO,785.8386111111114,177.0,73.098
ALO,796.9719444444446,167.0,73.098
ALO,809.3386111111113,159.0,73.098
ALO,819.6719444444446,155.0,73.098
ALO,829.5797222222224,148.0,73.098
ALO,839.446388888889,148.0,73.098
ALO,846.1575000000001,151.0,73.098
ALO,861.8575000000001,157.0,73.098
ALO,870.9686111111112,164.0,73.098
ALO,884.8130555555557,178.0,73.098
ALO,895.0908333333334,185.0,73.098
ALO,914.2908333333334,192.0,73.098
ALO,922.9575,195.0,73.098
ALO,931.8463888888889,200.0,73.098
ALO,943.2352777777778,205.0,73.098
ALO,961.9908333333334,211.0,73.098
ALO,973.9908333333334,216.0,73.098
ALO,988.6575,220.0,73.098
ALO,1006.0797222222222,224.0,73.098
ALO,1016.3908333333334,232.0,73.098
ALO,1029.3908333333334,234.0,73.098
ALO,1047.9019444444446,238.0,73.098
ALO,1061.2352777777778,240.0,73.098
ALO,1079.9902777777777,242.0,73.098
ALO,1104.4902777777777,245.0,73.098
ALO,1131.934722222222,247.0,73.098
ALO,1143.0013888888886,249.0,73.098
ALO,1157.0013888888886,252.0,73.098
ALO,1179.4902777777775,253.0,73.098
ALO,1196.4902777777777,255.0,73.098
ALO,1219.406111111111,257.0,73.098
ALO,1239.4727777777778,258.0,73.098
ALO,1262.5838888888889,260.0,73.098
ALO,1283.0394444444446,263.0,73.098
ALO,1315.4283333333333,265.0,73.098
ALO,1339.1616666666666,267.0,73.098
ALO,1363.0727777777777,269.0,73.098
ALO,1375.1172222222222,271.0,73.098
ALO,1387.206111111111,272.0,73.098
ALO,1411.5616666666667,274.0,73.098
ALO,1433.0283333333334,276.0,73.098
ALO,1457.7394444444446,278.0,73.098
ALO,1492.0838888888889,281.0,73.098
ALO,1517.1505555555555,282.0,73.098
ALO,1536.0172222222222,283.0,73.098
ALO,1570.7713888888886,285.0,73.098
ALO,1586.5491666666667,284.0,73.098
ALO,1615.7713888888889,263.0,73.098
ALO,1630.9047222222223,227.0,73.098
ALO,1652.3491666666666,193.0,73.098
ALO,1672.6380555555556,166.0,73.098
ALO,1686.6372222222221,157.0,73.098
ALO,1693.526111111111,155.0,73.098
ALO,1703.526111111111,150.0,73.098
ALO,1718.126111111111,146.0,73.098
ALO,1726.2927777777777,147.0,73.098
ALO,1736.3594444444443,151.0,73.098
ALO,1744.9705555555556,155.0,73.098
ALO,1757.5705555555555,162.0,73.098
ALO,1781.0372222222222,176.0,73.098
ALO,1811.526111111111,196.0,73.098
ALO,1822.6927777777778,201.0,73.098
ALO,1846.2483333333332,212.0,73.098
ALO,1870.8038888888887,221.0,73.098
ALO,1885.8038888888889,225.0,73.098
ALO,1903.8483333333334,232.0,73.098
ALO,1919.715,238.0,73.098
ALO,1933.0922222222223,242.0,73.098
ALO,1946.7033333333334,245.0,73.098
ALO,1957.6366666666668,246.0,73.098
ALO,1977.0033333333333,249.0,73.098
ALO,1993.736666666667,251.0,73.098
ALO,2018.5477777777778,203.0,73.098
ALO,2028.6588888888891,182.0,73.098
ALO,2037.8811111111113,166.0,73.098
ALO,2052.7222222222226,148.0,73.098
ALO,2060.444444444445,139.0,73.098
ALO,2067.7222222222226,131.0,73.098
ALO,2075.855555555556,122.0,73.098
ALO,2081.1888888888893,120.0,73.098
ALO,2089.977777777778,113.0,73.098
ALO,2097.1777777777784,108.0,73.098
ALO,2105.422222222223,106.0,73.098
ALO,2114.7555555555564,105.0,73.098
ALO,2126.0555555555566,113.0,73.098
ALO,2132.6111111111118,118.0,73.098
ALO,2142.644444444445,129.0,73.098
ALO,2158.8666666666672,146.0,73.098
ALO,2173.1777777777784,161.0,73.098
ALO,2188.644444444445,174.0,73.098
ALO,2209.755555555556,190.0,73.098
ALO,2225.466666666667,202.0,73.098
ALO,2239.474722222223,211.0,73.098
ALO,2248.985833333334,214.0,73.098
ALO,2266.3302777777785,223.0,73.098
ALO,2294.685833333334,232.0,73.098
ALO,2305.2191666666677,237.0,73.098
ALO,2335.163611111112,245.0,73.098
ALO,2346.2547222222233,248.0,73.098
ALO,2365.7769444444457,251.0,73.098
ALO,2379.8880555555565,254.0,73.098
ALO,2411.299166666668,257.0,73.098
ALO,2437.199166666668,259.0,73.098
ALO,2461.299166666668,241.0,73.098
ALO,2475.565833333335,214.0,73.098
ALO,2488.299166666668,191.0,73.098
ALO,2503.7658333333347,174.0,73.098
ALO,2518.610277777779,167.0,73.098
ALO,2527.554722222224,161.0,73.098
ALO,2543.854722222224,163.0,73.098
ALO,2562.743611111113,170.0,73.098
ALO,2570.5658333333354,176.0,73.098
ALO,2582.565833333335,180.0,73.098
ALO,2593.3991666666684,195.0,73.098
ALO,2608.7991666666685,198.0,73.098
ALO,2624.8991666666684,207.0,73.098
ALO,2643.8619444444457,214.0,73.098
ALO,2653.5952777777793,219.0,73.098
ALO,2670.9397222222237,223.0,73.098
ALO,2683.6063888888903,228.0,73.098
ALO,2693.9175000000014,232.0,73.098
ALO,2723.128611111112,239.0,73.098
ALO,2750.5302777777783,246.0,73.098
ALO,2761.5969444444454,249.0,73.098
ALO,2781.2747222222233,253.0,73.098
ALO,2795.44138888889,255.0,73.098
ALO,2806.7747222222233,255.0,73.098
ALO,2835.330277777779,257.0,73.098
ALO,2852.4636111111126,257.0,73.098
ALO,2863.8858333333346,257.0,73.098
ALO,2881.085833333335,258.0,73.098
ALO,2895.474722222224,259.0,73.098
ALO,2912.7413888888905,259.0,73.098
ALO,2938.8413888888904,261.0,73.098
ALO,2974.0413888888907,264.0,73.098
ALO,3000.7413888888905,267.0,73.098
ALO,3031.0747222222235,273.0,73.098
ALO,3061.963611111112,278.0,73.098
ALO,3093.4080555555565,283.0,73.098
ALO,3112.395277777779,286.0,73.098
ALO,3131.661944444446,289.0,73.098
ALO,3144.595277777779,291.0,73.098
ALO,3180.528611111112,294.0,73.098
ALO,3196.9730555555566,296.0,73.098
ALO,3220.3116666666674,299.0,73.098
ALO,3243.7227777777784,301.0,73.098
ALO,3267.2116666666675,302.0,73.098
ALO,3287.4116666666678,303.0,73.098
ALO,3321.0783333333343,303.0,73.098
ALO,3334.5450000000005,303.0,73.098
ALO,3369.256111111112,284.0,73.098
ALO,3391.5561111111124,223.0,73.098
ALO,3414.8894444444454,175.0,73.098
ALO,3430.3894444444454,155.0,73.098
ALO,3437.2783333333346,155.0,73.098
ALO,3448.0894444444452,139.0,73.098
ALO,3461.0894444444457,130.0,73.098
ALO,3470.73388888889,124.0,73.098
ALO,3476.1561111111123,122.0,73.098
ALO,3483.889444444446,116.0,73.098
ALO,3489.0450000000014,116.0,73.098
ALO,3495.6561111111128,119.0,73.098
ALO,3505.145000000002,122.0,73.098
ALO,3513.5100000000016,126.0,73.098
ALO,3524.0100000000016,135.0,73.098
ALO,3531.8988888888903,142.0,73.098
ALO,3540.0100000000016,146.0,73.098
ALO,3552.6100000000015,162.0,73.098
ALO,3566.2697222222237,175.0,73.098
ALO,3578.1363888888905,178.0,73.098
ALO,3588.580833333335,188.0,73.098
ALO,3601.6475000000014,196.0,73.098
ALO,3619.603055555557,202.0,73.098
ALO,3633.3363888888907,206.0,73.098
ALO,3649.669722222224,210.0,73.098
ALO,3665.147500000002,199.0,73.098
ALO,3678.9141666666687,177.0,73.098
ALO,3691.82527777778,166.0,73.098
ALO,3707.32527777778,155.0,73.098
ALO,3720.2141666666685,145.0,73.098
ALO,3732.658611111113,140.0,73.098
ALO,3738.7919444444465,138.0,73.098
ALO,3747.7919444444465,135.0,73.098
ALO,3755.2919444444465,135.0,73.098
ALO,3767.3808333333354,136.0,73.098
ALO,3779.736388888891,139.0,73.098
ALO,3786.0030555555572,141.0,73.098
ALO,3795.8030555555574,147.0,73.098
ALO,3802.469722222224,150.0,73.098
ALO,3818.7244444444464,163.0,73.098
ALO,3826.3244444444467,171.0,73.098
ALO,3839.935555555558,175.0,73.098
ALO,3854.55777777778,188.0,73.098
ALO,3869.95777777778,198.0,73.098
ALO,3886.271388888891,209.0,73.098
ALO,3898.1602777777803,214.0,73.098
ALO,3910.0491666666694,214.0,73.098
ALO,3930.0491666666694,225.0,73.098
ALO,3942.938055555558,232.0,73.098
ALO,3953.426944444447,236.0,73.098
ALO,3977.526944444447,241.0,73.098
ALO,3999.3936111111134,246.0,73.098
ALO,4010.415833333336,248.0,73.098
ALO,4030.015833333335,252.0,73.098
ALO,4044.071388888891,253.0,73.098
ALO,4075.482500000002,257.0,73.098
ALO,4104.3713888888915,260.0,73.098
ALO,4127.838055555559,264.0,73.098
ALO,4142.615833333336,266.0,73.098
ALO,4157.56027777778,269.0,73.098
ALO,4172.56027777778,270.0,73.098
ALO,4197.004722222225,275.0,73.098
ALO,4212.338055555559,276.0,73.098
ALO,4224.604722222225,276.0,73.098
ALO,4240.049166666669,278.0,73.098
ALO,4261.439166666671,276.0,73.098
ALO,4276.772500000003,276.0,73.098
ALO,4303.672500000002,269.0,73.098
ALO,4318.616944444447,269.0,73.098
ALO,4339.613888888892,269.0,73.098
ALO,4357.547222222225,269.0,73.098
ALO,4375.480555555559,269.0,73.098
ALO,4402.280555555559,268.0,73.098
ALO,4417.336111111114,271.0,73.098
ALO,4429.38055555556,271.0,73.098
ALO,4447.647222222226,274.0,73.098
ALO,4469.269444444449,278.0,73.098
ALO,4484.825000000004,280.0,73.098
ALO,4513.225000000004,284.0,73.098
ALO,4588.102777777782,293.0,73.098
ALO,4627.436111111114,295.0,73.098
PIA,14.966388888888888,301.0,73.059
PIA,41.89972222222222,303.0,73.059
PIA,72.49972222222222,306.0,73.059
PIA,89.61083333333332,308.0,73.059
PIA,110.21083333333331,309.0,73.059
PIA,134.3997222222222,311.0,73.059
PIA,165.79972222222221,314.0,73.059
PIA,193.79972222222221,315.0,73.059
PIA,218.45527777777778,317.0,73.059
PIA,232.54416666666665,317.0,73.059
PIA,246.6775,318.0,73.059
PIA,275.03305555555556,319.0,73.059
PIA,292.7552777777778,319.0,73.059
PIA,310.44416666666666,320.0,73.059
PIA,335.41083333333336,321.0,73.059
PIA,360.3775,321.0,73.059
PIA,385.4219444444445,322.0,73.059
PIA,399.7330555555556,322.0,73.059
PIA,417.6775,323.0,73.059
PIA,439.21083333333337,323.0,73.059
PIA,464.4108333333334,324.0,73.059
PIA,486.01083333333344,324.0,73.059
PIA,507.70083333333343,324.0,73.059
PIA,529.3008333333335,324.0,73.059
PIA,543.7008333333334,324.0,73.059
PIA,576.1008333333334,324.0,73.059
PIA,594.1008333333334,324.0,73.059
PIA,619.3008333333335,324.0,73.059
PIA,637.3008333333335,324.0,73.059
PIA,669.5008333333334,322.0,73.059
PIA,683.8119444444445,322.0,73.059
PIA,698.1230555555557,322.0,73.059
PIA,715.9008333333335,320.0,73.059
PIA,740.1675000000001,273.0,73.059
PIA,753.6675000000001,243.0,73.059
PIA,767.6008333333335,209.0,73.059
PIA,782.456388888889,191.0,73.059
PIA,790.7675000000002,187.0,73.059
PIA,800.7119444444446,179.0,73.059
PIA,814.0119444444446,171.0,73.059
PIA,823.2897222222223,167.0,73.059
PIA,835.7672222222222,161.0,73.059
PIA,852.0672222222223,163.0,73.059
PIA,870.7338888888889,168.0,73.059
PIA,878.4227777777778,173.0,73.059
PIA,888.4227777777778,180.0,73.059
PIA,904.8672222222223,185.0,73.059
PIA,917.4672222222223,189.0,73.059
PIA,934.6763888888889,193.0,73.059
PIA,950.3875,202.0,73.059
PIA,968.9652777777778,209.0,73.059
PIA,985.6097222222222,214.0,73.059
PIA,1013.2319444444445,226.0,73.059
PIA,1033.8541666666665,232.0,73.059
PIA,1054.8319444444444,236.0,73.059
PIA,1065.4097222222222,238.0,73.059
PIA,1076.1208333333334,241.0,73.059
PIA,1097.8097222222223,244.0,73.059
PIA,1116.9430555555555,246.0,73.059
PIA,1139.076388888889,249.0,73.059
PIA,1169.7541666666666,251.0,73.059
PIA,1192.2430555555557,253.0,73.059
PIA,1209.1763888888888,254.0,73.059
PIA,1240.516111111111,257.0,73.059
PIA,1254.8494444444443,258.0,73.059
PIA,1283.7383333333335,260.0,73.059
PIA,1301.2716666666668,263.0,73.059
PIA,1330.7161111111113,265.0,73.059
PIA,1363.5938888888888,269.0,73.059
PIA,1387.7580555555555,271.0,73.059
PIA,1399.891388888889,273.0,73.059
PIA,1418.2247222222222,275.0,73.059
PIA,1446.0247222222222,278.0,73.059
PIA,1461.5247222222224,279.0,73.059
PIA,1480.191388888889,280.0,73.059
PIA,1495.8025,281.0,73.059
PIA,1517.8136111111112,283.0,73.059
PIA,1555.9469444444446,286.0,73.059
PIA,1600.1247222222223,284.0,73.059
PIA,1615.9025000000001,284.0,73.059
PIA,1640.9025000000004,225.0,73.059
PIA,1663.680277777778,205.0,73.059
PIA,1675.9469444444449,184.0,73.059
PIA,1689.4025000000004,173.0,73.059
PIA,1700.4691666666672,166.0,73.059
PIA,1709.4241666666671,162.0,73.059
PIA,1718.201944444445,158.0,73.059
PIA,1725.0463888888894,154.0,73.059
PIA,1737.0241666666673,154.0,73.059
PIA,1747.490833333334,157.0,73.059
PIA,1767.5352777777784,164.0,73.059
PIA,1776.9797222222228,170.0,73.059
PIA,1786.5908333333339,173.0,73.059
PIA,1805.3427777777783,187.0,73.059
PIA,1816.1205555555562,194.0,73.059
PIA,1827.2316666666673,200.0,73.059
PIA,1840.9650000000006,206.0,73.059
PIA,1850.3427777777783,211.0,73.059
PIA,1867.220555555556,217.0,73.059
PIA,1882.020555555556,222.0,73.059
PIA,1899.7538888888894,228.0,73.059
PIA,1920.5538888888893,234.0,73.059
PIA,1944.7538888888894,242.0,73.059
PIA,1958.420555555556,246.0,73.059
PIA,1977.7872222222227,249.0,73.059
PIA,2005.7872222222227,252.0,73.059
PIA,2024.2761111111115,208.0,73.059
PIA,2040.0094444444449,177.0,73.059
PIA,2057.009444444445,153.0,73.059
PIA,2067.9761111111115,141.0,73.059
PIA,2076.9386111111116,135.0,73.059
PIA,2082.6719444444448,129.0,73.059
PIA,2092.2386111111114,123.0,73.059
PIA,2106.294166666667,115.0,73.059
PIA,2111.3608333333336,114.0,73.059
PIA,2124.6830555555557,109.0,73.059
PIA,2129.6472222222224,111.0,73.059
PIA,2138.6694444444447,116.0,73.059
PIA,2145.280555555556,119.0,73.059
PIA,2161.6583333333338,134.0,73.059
PIA,2176.058333333334,144.0,73.059
PIA,2192.958333333334,169.0,73.059
PIA,2204.8250000000007,178.0,73.059
PIA,2217.4916666666677,190.0,73.059
PIA,2235.0916666666676,198.0,73.059
PIA,2253.847222222223,211.0,73.059
PIA,2265.9027777777783,217.0,73.059
PIA,2288.7027777777785,228.0,73.059
PIA,2315.0361111111115,237.0,73.059
PIA,2325.6583333333338,239.0,73.059
PIA,2341.9916666666672,245.0,73.059
PIA,2355.7694444444446,248.0,73.059
PIA,2375.291666666667,251.0,73.059
PIA,2395.1250000000005,255.0,73.059
PIA,2418.0752777777784,259.0,73.059
PIA,2429.6308333333336,260.0,73.059
PIA,2449.7752777777782,259.0,73.059
PIA,2462.886388888889,236.0,73.059
PIA,2472.8863888888895,225.0,73.059
PIA,2495.741944444445,187.0,73.059
PIA,2514.900833333334,172.0,73.059
PIA,2522.4563888888893,170.0,73.059
PIA,2535.134166666667,163.0,73.059
PIA,2544.134166666667,162.0,73.059
PIA,2551.245277777778,160.0,73.059
PIA,2569.8008333333337,167.0,73.059
PIA,2581.4008333333336,174.0,73.059
PIA,2589.4897222222226,182.0,73.059
PIA,2602.156388888889,190.0,73.059
PIA,2612.9897222222226,195.0,73.059
PIA,2626.3897222222226,201.0,73.059
PIA,2647.4897222222226,211.0,73.059
PIA,2677.2230555555557,223.0,73.059
PIA,2700.3230555555556,231.0,73.059
PIA,2726.8786111111112,239.0,73.059
PIA,2754.100833333334,245.0,73.059
PIA,2782.100833333334,252.0,73.059
PIA,2799.03,255.0,73.059
PIA,2816.163333333334,257.0,73.059
PIA,2827.585555555556,257.0,73.059
PIA,2859.1188888888896,258.0,73.059
PIA,2873.4522222222226,258.0,73.059
PIA,2893.6686111111117,259.0,73.059
PIA,2913.890833333334,260.0,73.059
PIA,2934.190833333334,261.0,73.059
PIA,2951.6575000000007,262.0,73.059
PIA,2980.879722222223,263.0,73.059
PIA,2992.6575000000007,265.0,73.059
PIA,3025.6575000000007,270.0,73.059
PIA,3053.3575000000005,277.0,73.059
PIA,3090.9575000000004,282.0,73.059
PIA,3119.5575000000003,286.0,73.059
PIA,3132.3575000000005,288.0,73.059
PIA,3154.9908333333337,291.0,73.059
PIA,3184.390833333334,294.0,73.059
PIA,3207.4908333333337,297.0,73.059
PIA,3220.7797222222225,299.0,73.059
PIA,3240.846388888889,301.0,73.059
PIA,3254.268611111111,302.0,73.059
PIA,3271.1575000000003,304.0,73.059
PIA,3294.8797222222224,305.0,73.059
PIA,3315.261111111111,307.0,73.059
PIA,3339.2944444444443,309.0,73.059
PIA,3356.461111111111,309.0,73.059
PIA,3372.0166666666664,280.0,73.059
PIA,3391.305555555555,248.0,73.059
PIA,3407.5411111111107,208.0,73.059
PIA,3419.741111111111,183.0,73.059
PIA,3429.13,169.0,73.059
PIA,3439.463333333333,155.0,73.059
PIA,3451.9966666666664,141.0,73.059
PIA,3460.73,131.0,73.059
PIA,3470.3744444444446,124.0,73.059
PIA,3479.63,119.0,73.059
PIA,3488.6522222222225,116.0,73.059
PIA,3497.3633333333332,112.0,73.059
PIA,3508.963333333333,116.0,73.059
PIA,3519.9855555555555,124.0,73.059
PIA,3531.7188888888886,132.0,73.059
PIA,3537.5855555555554,132.0,73.059
PIA,3547.1855555555553,144.0,73.059
PIA,3555.574444444444,151.0,73.059
PIA,3569.885555555555,161.0,73.059
PIA,3585.263333333333,173.0,73.059
PIA,3593.3077777777776,181.0,73.059
PIA,3605.8411111111104,188.0,73.059
PIA,3614.4633333333327,194.0,73.059
PIA,3634.5074999999993,201.0,73.059
PIA,3643.61861111111,205.0,73.059
PIA,3660.029722222221,211.0,73.059
PIA,3675.4297222222212,198.0,73.059
PIA,3689.974166666666,187.0,73.059
PIA,3703.5558333333324,174.0,73.059
PIA,3712.7780555555546,166.0,73.059
PIA,3721.722499999999,161.0,73.059
PIA,3735.23361111111,152.0,73.059
PIA,3743.3447222222208,146.0,73.059
PIA,3749.655833333332,142.0,73.059
PIA,3763.255833333332,136.0,73.059
PIA,3775.166944444443,134.0,73.059
PIA,3781.166944444443,135.0,73.059
PIA,3791.9002777777764,138.0,73.059
PIA,3799.7891666666656,142.0,73.059
PIA,3818.4891666666654,153.0,73.059
PIA,3836.6002777777762,163.0,73.059
PIA,3851.7113888888875,170.0,73.059
PIA,3861.3780555555545,174.0,73.059
PIA,3871.6002777777767,184.0,73.059
PIA,3882.322499999999,193.0,73.059
PIA,3900.366944444443,203.0,73.059
PIA,3912.03361111111,210.0,73.059
PIA,3921.63361111111,216.0,73.059
PIA,3933.9669444444435,222.0,73.059
PIA,3951.559444444443,227.0,73.059
PIA,3964.4483333333324,232.0,73.059
PIA,3988.4483333333324,240.0,73.059
PIA,4002.003888888888,244.0,73.059
PIA,4021.2836111111096,247.0,73.059
PIA,4038.0169444444437,251.0,73.059
PIA,4054.8169444444434,252.0,73.059
PIA,4080.516944444443,257.0,73.059
PIA,4094.9058333333323,259.0,73.059
PIA,4106.416944444443,259.0,73.059
PIA,4123.88361111111,262.0,73.059
PIA,4144.494722222221,265.0,73.059
PIA,4159.3836111111095,268.0,73.059
PIA,4186.68361111111,273.0,73.059
PIA,4257.728055555554,278.0,73.059
PIA,4293.861388888888,271.0,73.059
PIA,4314.939166666665,271.0,73.059
PIA,4326.939166666665,270.0,73.059
PIA,4347.939166666665,270.0,73.059
PIA,4359.8947222222205,269.0,73.059
PIA,4386.694722222221,268.0,73.059
PIA,4398.650277777776,269.0,73.059
PIA,4431.772499999999,271.0,73.059
PIA,4458.996666666665,273.0,73.059
PIA,4480.463333333332,276.0,73.059
PIA,4495.963333333332,279.0,73.059
PIA,4524.341944444443,283.0,73.059
PIA,4556.453055555554,289.0,73.059
PIA,4572.619722222221,291.0,73.059
PIA,4608.553055555554,294.0,73.059
PIA,4641.664166666666,298.0,73.059
PER,0.7449999999999999,298.0,73.334
PER,20.678333333333335,299.0,73.334
PER,51.17833333333333,305.0,73.334
PER,92.51166666666666,310.0,73.334
PER,123.71166666666667,312.0,73.334
PER,158.60055555555556,314.0,73.334
PER,193.8227777777778,317.0,73.334
PER,229.26722222222222,319.0,73.334
PER,250.51166666666666,320.0,73.334
PER,271.9116666666667,321.0,73.334
PER,286.22277777777776,322.0,73.334
PER,325.8227777777778,324.0,73.334
PER,343.87833333333333,325.0,73.334
PER,369.3244444444444,326.0,73.334
PER,394.75777777777773,327.0,73.334
PER,420.19111111111107,327.0,73.334
PER,442.05777777777774,328.0,73.334
PER,478.61333333333323,329.0,73.334
PER,493.2355555555555,329.0,73.334
PER,533.4466666666666,329.0,73.334
PER,566.3466666666666,329.0,73.334
PER,610.2133333333333,329.0,73.334
PER,643.0133333333332,328.0,73.334
PER,657.591111111111,328.0,73.334
PER,683.1022222222222,328.0,73.334
PER,715.8022222222222,327.0,73.334
PER,738.1244444444444,287.0,73.334
PER,750.88,287.0,73.334
PER,766.4133333333333,233.0,73.334
PER,776.28,222.0,73.334
PER,787.7244444444444,206.0,73.334
PER,802.6577777777778,192.0,73.334
PER,814.4086111111111,177.0,73.334
PER,827.2419444444445,165.0,73.334
PER,836.1308333333334,160.0,73.334
PER,844.8530555555556,157.0,73.334
PER,856.7530555555556,153.0,73.334
PER,868.8516666666667,155.0,73.334
PER,879.385,158.0,73.334
PER,888.3294444444444,161.0,73.334
PER,899.9294444444445,174.0,73.334
PER,915.7516666666667,178.0,73.334
PER,927.885,182.0,73.334
PER,942.4294444444445,187.0,73.334
PER,957.5961111111111,195.0,73.334
PER,973.6183333333333,206.0,73.334
PER,990.1072222222223,212.0,73.334
PER,1012.2072222222222,221.0,73.334
PER,1032.5627777777777,229.0,73.334
PER,1053.3627777777776,234.0,73.334
PER,1063.896111111111,237.0,73.334
PER,1079.8294444444443,239.0,73.334
PER,1093.2183333333332,241.0,73.334
PER,1114.996111111111,245.0,73.334
PER,1136.9516666666666,247.0,73.334
PER,1147.9738888888887,248.0,73.334
PER,1164.6405555555552,250.0,73.334
PER,1175.7516666666663,250.0,73.334
PER,1200.9813888888884,253.0,73.334
PER,1212.3147222222217,255.0,73.334
PER,1232.225833333333,256.0,73.334
PER,1252.2147222222218,257.0,73.334
PER,1272.3591666666664,259.0,73.334
PER,1292.653611111111,260.0,73.334
PER,1307.2647222222222,263.0,73.334
PER,1321.9313888888887,264.0,73.334
PER,1345.664722222222,267.0,73.334
PER,1360.6091666666664,269.0,73.334
PER,1372.6091666666664,270.0,73.334
PER,1399.9091666666664,273.0,73.334
PER,1424.353611111111,275.0,73.334
PER,1436.664722222222,277.0,73.334
PER,1458.364722222222,279.0,73.334
PER,1473.9202777777775,280.0,73.334
PER,1508.6313888888888,284.0,73.334
PER,1540.2980555555553,285.0,73.334
PER,1565.8091666666664,287.0,73.334
PER,1581.8091666666664,288.0,73.334
PER,1597.8091666666664,288.0,73.334
PER,1613.4202777777775,281.0,73.334
PER,1634.2202777777775,234.0,73.334
PER,1646.2202777777777,216.0,73.334
PER,1655.5091666666667,209.0,73.334
PER,1666.5091666666667,198.0,73.334
PER,1680.6141666666667,182.0,73.334
PER,1690.336388888889,175.0,73.334
PER,1706.6363888888889,163.0,73.334
PER,1715.5252777777778,160.0,73.334
PER,1727.8580555555557,158.0,73.334
PER,1738.3247222222224,157.0,73.334
PER,1748.791388888889,157.0,73.334
PER,1764.691388888889,159.0,73.334
PER,1773.8580555555557,165.0,73.334
PER,1781.3247222222224,168.0,73.334
PER,1792.9913888888889,175.0,73.334
PER,1807.4580555555556,186.0,73.334
PER,1817.9580555555556,189.0,73.334
PER,1837.9580555555556,200.0,73.334
PER,1894.9469444444446,223.0,73.334
PER,1926.0136111111112,233.0,73.334
PER,1944.6025,239.0,73.334
PER,1955.4025,243.0,73.334
PER,1974.4580555555556,245.0,73.334
PER,1985.5691666666667,250.0,73.334
PER,2010.6691666666666,251.0,73.334
PER,2021.3358333333333,240.0,73.334
PER,2044.5580555555557,190.0,73.334
PER,2061.2116666666666,167.0,73.334
PER,2072.7227777777775,148.0,73.334
PER,2080.389444444444,138.0,73.334
PER,2092.3224999999998,119.0,73.334
PER,2104.3224999999998,108.0,73.334
PER,2110.266944444444,107.0,73.334
PER,2122.855833333333,103.0,73.334
PER,2134.4113888888887,104.0,73.334
PER,2139.1225,106.0,73.334
PER,2149.5225,117.0,73.334
PER,2157.7891666666665,124.0,73.334
PER,2165.0669444444443,131.0,73.334
PER,2178.044722222222,146.0,73.334
PER,2186.766944444444,157.0,73.334
PER,2194.189166666666,167.0,73.334
PER,2205.855833333333,175.0,73.334
PER,2214.0336111111105,184.0,73.334
PER,2226.9002777777773,193.0,73.334
PER,2252.078055555555,206.0,73.334
PER,2261.5002777777772,212.0,73.334
PER,2271.189166666666,218.0,73.334
PER,2286.1224999999995,224.0,73.334
PER,2296.3002777777774,229.0,73.334
PER,2309.2447222222218,233.0,73.334
PER,2333.4447222222216,242.0,73.334
PER,2344.2891666666665,244.0,73.334
PER,2375.0191666666665,252.0,73.334
PER,2403.7574999999997,258.0,73.334
PER,2415.224166666667,258.0,73.334
PER,2438.5130555555556,262.0,73.334
PER,2453.179722222222,264.0,73.334
PER,2466.9575,248.0,73.334
PER,2483.679722222222,215.0,73.334
PER,2492.879722222222,207.0,73.334
PER,2507.0352777777775,182.0,73.334
PER,2516.590833333333,172.0,73.334
PER,2534.368611111111,160.0,73.334
PER,2546.4241666666667,155.0,73.334
PER,2553.3130555555554,155.0,73.334
PER,2569.2130555555555,159.0,73.334
PER,2576.3241666666668,160.0,73.334
PER,2589.0797222222222,164.0,73.334
PER,2603.2352777777774,182.0,73.334
PER,2619.9463888888886,188.0,73.334
PER,2628.568611111111,194.0,73.334
PER,2646.701944444444,204.0,73.334
PER,2667.901944444444,212.0,73.334
PER,2677.546388888888,217.0,73.334
PER,2692.2797222222216,221.0,73.334
PER,2712.724166666666,230.0,73.334
PER,2728.324166666666,234.0,73.334
PER,2744.1247222222214,238.0,73.334
PER,2777.126666666666,247.0,73.334
PER,2791.0711111111104,251.0,73.334
PER,2816.571111111111,255.0,73.334
PER,2833.637777777777,256.0,73.334
PER,2845.0599999999995,257.0,73.334
PER,2862.2599999999993,258.0,73.334
PER,2896.126666666666,254.0,73.334
PER,2924.5711111111104,256.0,73.334
PER,2938.793333333333,256.0,73.334
PER,2958.8599999999997,258.0,73.334
PER,2973.2488888888884,259.0,73.334
PER,2999.448888888888,262.0,73.334
PER,3011.226666666666,265.0,73.334
PER,3026.1711111111103,269.0,73.334
PER,3044.304444444444,272.0,73.334
PER,3056.5266666666666,275.0,73.334
PER,3071.9711111111105,278.0,73.334
PER,3087.582222222222,281.0,73.334
PER,3100.2044444444437,284.0,73.334
PER,3122.448888888888,286.0,73.334
PER,3141.7822222222217,290.0,73.334
PER,3164.5711111111104,293.0,73.334
PER,3180.9044444444435,294.0,73.334
PER,3197.3488888888883,296.0,73.334
PER,3213.959999999999,299.0,73.334
PER,3230.626666666666,300.0,73.334
PER,3257.475833333333,303.0,73.334
PER,3291.6722222222215,307.0,73.334
PER,3308.783333333333,308.0,73.334
PER,3325.9499999999994,309.0,73.334
PER,3339.7277777777776,310.0,73.334
PER,3363.838888888889,310.0,73.334
PER,3389.238888888889,254.0,73.334
PER,3407.05,229.0,73.334
PER,3427.161111111111,181.0,73.334
PER,3436.4388888888884,167.0,73.334
PER,3444.994444444444,154.0,73.334
PER,3454.594444444444,144.0,73.334
PER,3462.2611111111105,138.0,73.334
PER,3475.7055555555553,121.0,73.334
PER,3489.394444444444,112.0,73.334
PER,3495.394444444444,108.0,73.334
PER,3503.872222222222,109.0,73.334
PER,3508.85,112.0,73.334
PER,3516.6499999999996,117.0,73.334
PER,3523.4277777777775,122.0,73.334
PER,3533.538888888889,130.0,73.334
PER,3544.427777777778,140.0,73.334
PER,3550.8277777777776,144.0,73.334
PER,3561.161111111111,155.0,73.334
PER,3577.961111111111,168.0,73.334
PER,3600.6944444444443,186.0,73.334
PER,3627.4944444444445,201.0,73.334
PER,3638.938888888889,206.0,73.334
PER,3650.661111111111,211.0,73.334
PER,3672.561111111111,219.0,73.334
PER,3682.2055555555557,217.0,73.334
PER,3695.1388888888887,194.0,73.334
PER,3706.6055555555554,172.0,73.334
PER,3715.6055555555554,162.0,73.334
PER,3722.583333333333,157.0,73.334
PER,3729.2055555555553,149.0,73.334
PER,3740.1722222222215,141.0,73.334
PER,3751.9944444444436,133.0,73.334
PER,3760.66111111111,130.0,73.334
PER,3766.3055555555547,127.0,73.334
PER,3778.9055555555547,126.0,73.334
PER,3784.549999999999,127.0,73.334
PER,3802.4166666666656,134.0,73.334
PER,3810.1944444444434,140.0,73.334
PER,3818.249999999999,145.0,73.334
PER,3826.4722222222213,148.0,73.334
PER,3845.1388888888882,168.0,73.334
PER,3859.138888888888,180.0,73.334
PER,3873.6833333333325,187.0,73.334
PER,3884.4055555555547,193.0,73.334
PER,3897.4841666666657,197.0,73.334
PER,3911.4755555555544,209.0,73.334
PER,3923.419999999999,215.0,73.334
PER,3933.1977777777765,220.0,73.334
PER,3950.853333333332,227.0,73.334
PER,3968.9755555555544,233.0,73.334
PER,3982.03111111111,235.0,73.334
PER,4000.853333333332,242.0,73.334
PER,4011.6977777777765,244.0,73.334
PER,4025.419999999999,247.0,73.334
PER,4044.9422222222215,251.0,73.334
PER,4058.9977777777763,253.0,73.334
PER,4081.6644444444432,255.0,73.334
PER,4104.508888888887,257.0,73.334
PER,4121.775555555554,259.0,73.334
PER,4142.231111111109,263.0,73.334
PER,4156.953333333332,265.0,73.334
PER,4171.84222222222,268.0,73.334
PER,4186.84222222222,270.0,73.334
PER,4198.975555555553,273.0,73.334
PER,4214.253333333331,275.0,73.334
PER,4242.0533333333315,278.0,73.334
PER,4275.786666666665,276.0,73.334
PER,4291.064444444443,275.0,73.334
PER,4302.975555555554,268.0,73.334
PER,4326.619999999999,266.0,73.334
PER,4344.419999999998,267.0,73.334
PER,4359.253333333332,267.0,73.334
PER,4371.119999999999,267.0,73.334
PER,4385.953333333333,267.0,73.334
PER,4412.853333333333,269.0,73.334
PER,4430.919999999999,271.0,73.334
PER,4455.1866666666665,273.0,73.334
PER,4479.719999999999,276.0,73.334
PER,4495.275555555555,280.0,73.334
PER,4520.52,284.0,73.334
PER,4552.631111111111,289.0,73.334
PER,4565.60888888889,292.0,73.334
PER,4598.386666666667,295.0,73.334
PER,4618.186666666668,297.0,73.334
PER,4631.475555555557,299.0,73.334
RUS,12.918888888888889,302.0,73.326
RUS,29.918888888888887,306.0,73.326
RUS,43.60777777777778,308.0,73.326
RUS,64.3411111111111,311.0,73.326
RUS,88.68555555555555,313.0,73.326
RUS,120.38555555555554,317.0,73.326
RUS,148.7411111111111,320.0,73.326
RUS,162.9633333333333,320.0,73.326
RUS,184.36333333333332,321.0,73.326
RUS,209.48555555555552,323.0,73.326
RUS,231.01888888888888,323.0,73.326
RUS,249.0188888888889,324.0,73.326
RUS,270.7522222222222,326.0,73.326
RUS,292.5522222222222,327.0,73.326
RUS,321.7077777777778,328.0,73.326
RUS,354.7077777777778,330.0,73.326
RUS,369.3744444444444,330.0,73.326
RUS,395.1188888888889,331.0,73.326
RUS,432.09999999999997,332.0,73.326
RUS,450.4888888888889,331.0,73.326
RUS,472.6222222222222,332.0,73.326
RUS,498.52222222222224,333.0,73.326
RUS,531.8222222222222,333.0,73.326
RUS,550.2666666666667,332.0,73.326
RUS,579.9555555555555,334.0,73.326
RUS,594.7555555555556,333.0,73.326
RUS,609.5555555555555,333.0,73.326
RUS,639.1555555555556,333.0,73.326
RUS,676.1555555555556,333.0,73.326
RUS,702.0555555555555,333.0,73.326
RUS,728.1,293.0,73.326
RUS,761.6908333333333,233.0,73.326
RUS,770.8019444444444,205.0,73.326
RUS,787.5130555555555,188.0,73.326
RUS,803.0686111111111,175.0,73.326
RUS,810.6241666666666,170.0,73.326
RUS,821.2908333333332,160.0,73.326
RUS,830.0686111111111,158.0,73.326
RUS,838.5686111111111,153.0,73.326
RUS,850.7797222222222,157.0,73.326
RUS,865.1797222222222,162.0,73.326
RUS,874.6241666666666,170.0,73.326
RUS,890.8525,182.0,73.326
RUS,901.2413888888888,187.0,73.326
RUS,911.7413888888889,189.0,73.326
RUS,922.3525,191.0,73.326
RUS,942.2524999999999,199.0,73.326
RUS,965.4747222222222,209.0,73.326
RUS,979.7413888888889,214.0,73.326
RUS,996.9302777777779,221.0,73.326
RUS,1014.7413888888889,229.0,73.326
RUS,1027.6302777777778,232.0,73.326
RUS,1048.6969444444444,237.0,73.326
RUS,1070.1191666666666,241.0,73.326
RUS,1080.9191666666666,243.0,73.326
RUS,1097.2524999999998,245.0,73.326
RUS,1124.7391666666665,248.0,73.326
RUS,1138.5725,249.0,73.326
RUS,1169.4947222222222,253.0,73.326
RUS,1197.8280555555555,255.0,73.326
RUS,1211.9947222222224,255.0,73.326
RUS,1229.061388888889,256.0,73.326
RUS,1240.4836111111113,257.0,73.326
RUS,1269.2613888888889,259.0,73.326
RUS,1286.7280555555558,262.0,73.326
RUS,1319.1905555555556,265.0,73.326
RUS,1336.9905555555558,267.0,73.326
RUS,1354.8572222222224,268.0,73.326
RUS,1378.8572222222224,270.0,73.326
RUS,1396.9905555555556,272.0,73.326
RUS,1409.123888888889,273.0,73.326
RUS,1433.7461111111113,277.0,73.326
RUS,1458.4572222222225,278.0,73.326
RUS,1470.8572222222226,279.0,73.326
RUS,1492.7127777777782,281.0,73.326
RUS,1517.7794444444448,282.0,73.326
RUS,1539.8683333333336,284.0,73.326
RUS,1558.8683333333338,285.0,73.326
RUS,1581.0350000000005,285.0,73.326
RUS,1602.7350000000004,279.0,73.326
RUS,1613.7325000000003,249.0,73.326
RUS,1633.0213888888893,217.0,73.326
RUS,1653.0213888888895,200.0,73.326
RUS,1672.4658333333339,175.0,73.326
RUS,1685.5325000000007,168.0,73.326
RUS,1699.5769444444452,158.0,73.326
RUS,1713.3547222222228,155.0,73.326
RUS,1727.3991666666673,158.0,73.326
RUS,1740.0441666666675,162.0,73.326
RUS,1751.0441666666675,165.0,73.326
RUS,1768.2441666666675,172.0,73.326
RUS,1775.888611111112,172.0,73.326
RUS,1792.4219444444452,186.0,73.326
RUS,1809.7552777777785,195.0,73.326
RUS,1818.5552777777784,198.0,73.326
RUS,1837.0441666666673,208.0,73.326
RUS,1858.6441666666672,216.0,73.326
RUS,1868.421944444445,220.0,73.326
RUS,1899.221944444445,231.0,73.326
RUS,1909.621944444445,234.0,73.326
RUS,1933.721944444445,241.0,73.326
RUS,1950.0552777777784,245.0,73.326
RUS,1963.8330555555563,248.0,73.326
RUS,1983.3630555555562,252.0,73.326
RUS,1994.5186111111118,251.0,73.326
RUS,2007.0741666666672,226.0,73.326
RUS,2016.4963888888894,212.0,73.326
RUS,2028.363055555556,178.0,73.326
RUS,2042.4963888888894,159.0,73.326
RUS,2053.4630555555564,141.0,73.326
RUS,2060.9630555555564,135.0,73.326
RUS,2066.9630555555564,135.0,73.326
RUS,2072.5630555555563,126.0,73.326
RUS,2079.451944444445,124.0,73.326
RUS,2088.3186111111117,114.0,73.326
RUS,2095.682500000001,110.0,73.326
RUS,2102.7491666666674,106.0,73.326
RUS,2108.4713888888896,103.0,73.326
RUS,2114.0269444444452,100.0,73.326
RUS,2118.6491666666675,104.0,73.326
RUS,2125.715833333334,106.0,73.326
RUS,2133.3825000000006,115.0,73.326
RUS,2144.493611111112,125.0,73.326
RUS,2150.493611111112,135.0,73.326
RUS,2163.3825000000006,145.0,73.326
RUS,2176.2936111111117,166.0,73.326
RUS,2185.7380555555565,170.0,73.326
RUS,2195.904722222223,183.0,73.326
RUS,2210.682500000001,190.0,73.326
RUS,2224.0158333333343,200.0,73.326
RUS,2235.515833333334,207.0,73.326
RUS,2254.626944444445,215.0,73.326
RUS,2274.4758333333343,224.0,73.326
RUS,2284.609166666668,228.0,73.326
RUS,2302.8869444444454,235.0,73.326
RUS,2313.420277777779,237.0,73.326
RUS,2337.820277777779,244.0,73.326
RUS,2356.9536111111124,246.0,73.326
RUS,2379.3536111111125,252.0,73.326
RUS,2396.220277777779,253.0,73.326
RUS,2424.6647222222236,256.0,73.326
RUS,2444.4908333333346,254.0,73.326
RUS,2459.9575000000013,232.0,73.326
RUS,2481.2908333333344,192.0,73.326
RUS,2489.2908333333344,180.0,73.326
RUS,2502.668611111112,172.0,73.326
RUS,2510.04638888889,166.0,73.326
RUS,2518.990833333334,161.0,73.326
RUS,2529.3241666666677,155.0,73.326
RUS,2539.7908333333344,157.0,73.326
RUS,2552.3130555555563,161.0,73.326
RUS,2567.2463888888897,168.0,73.326
RUS,2577.0241666666675,176.0,73.326
RUS,2587.2463888888897,184.0,73.326
RUS,2602.413055555556,195.0,73.326
RUS,2622.9130555555566,205.0,73.326
RUS,2636.979722222223,211.0,73.326
RUS,2651.179722222223,213.0,73.326
RUS,2678.8611111111118,227.0,73.326
RUS,2689.0388888888892,229.0,73.326
RUS,2718.2500000000005,239.0,73.326
RUS,2731.638888888889,241.0,73.326
RUS,2814.843888888889,258.0,73.326
RUS,2832.110555555556,259.0,73.326
RUS,2849.2438888888896,257.0,73.326
RUS,2863.4661111111113,256.0,73.326
RUS,2888.7661111111115,253.0,73.326
RUS,2908.521666666667,254.0,73.326
RUS,2928.2772222222225,254.0,73.326
RUS,2948.2661111111115,257.0,73.326
RUS,2962.5994444444445,258.0,73.326
RUS,2991.710555555556,262.0,73.326
RUS,3018.610555555556,269.0,73.326
RUS,3036.7438888888887,272.0,73.326
RUS,3055.143888888889,276.0,73.326
RUS,3073.743888888889,279.0,73.326
RUS,3089.355,281.0,73.326
RUS,3111.521666666667,285.0,73.326
RUS,3134.0772222222226,290.0,73.326
RUS,3150.2183333333337,292.0,73.326
RUS,3179.7183333333337,295.0,73.326
RUS,3192.918333333334,297.0,73.326
RUS,3206.162777777778,298.0,73.326
RUS,3229.573888888889,301.0,73.326
RUS,3253.1405555555557,303.0,73.326
RUS,3266.6961111111113,305.0,73.326
RUS,3300.807222222222,307.0,73.326
RUS,3331.5924999999997,307.0,73.326
RUS,3345.2369444444444,307.0,73.326
RUS,3364.1702777777773,284.0,73.326
RUS,3375.9925,266.0,73.326
RUS,3398.0924999999997,221.0,73.326
RUS,3417.314722222222,173.0,73.326
RUS,3431.003611111111,154.0,73.326
RUS,3443.359166666666,139.0,73.326
RUS,3449.536944444444,139.0,73.326
RUS,3464.325833333333,121.0,73.326
RUS,3473.1924999999997,114.0,73.326
RUS,3480.5924999999993,111.0,73.326
RUS,3485.3924999999995,108.0,73.326
RUS,3495.0813888888883,109.0,73.326
RUS,3500.0147222222217,111.0,73.326
RUS,3507.948055555555,119.0,73.326
RUS,3513.3702777777776,122.0,73.326
RUS,3519.1036111111107,129.0,73.326
RUS,3531.066111111111,135.0,73.326
RUS,3537.332777777777,141.0,73.326
RUS,3550.6661111111107,150.0,73.326
RUS,3567.2661111111106,166.0,73.326
RUS,3580.799444444444,174.0,73.326
RUS,3593.1327777777774,185.0,73.326
RUS,3601.488333333333,188.0,73.326
RUS,3616.7327777777773,196.0,73.326
RUS,3644.1230555555553,205.0,73.326
RUS,3660.378611111111,209.0,73.326
RUS,3674.3119444444437,209.0,73.326
RUS,3686.445277777777,182.0,73.326
RUS,3698.245277777777,177.0,73.326
RUS,3707.134166666666,160.0,73.326
RUS,3715.634166666666,153.0,73.326
RUS,3723.800833333333,147.0,73.326
RUS,3730.156388888888,143.0,73.326
RUS,3737.8786111111103,139.0,73.326
RUS,3746.8119444444433,134.0,73.326
RUS,3756.9230555555546,130.0,73.326
RUS,3772.934166666666,131.0,73.326
RUS,3783.356388888888,134.0,73.326
RUS,3797.5563888888883,142.0,73.326
RUS,3812.3563888888884,148.0,73.326
RUS,3826.6674999999996,161.0,73.326
RUS,3835.8988888888885,167.0,73.326
RUS,3847.5655555555554,175.0,73.326
RUS,3857.6211111111106,181.0,73.326
RUS,3868.1211111111106,189.0,73.326
RUS,3883.832222222222,202.0,73.326
RUS,3902.6766666666663,212.0,73.326
RUS,3914.7322222222215,217.0,73.326
RUS,3936.9938888888883,222.0,73.326
RUS,3947.2161111111104,230.0,73.326
RUS,3965.727222222222,238.0,73.326
RUS,3981.6605555555548,239.0,73.326
RUS,4000.6383333333324,244.0,73.326
RUS,4011.61611111111,247.0,73.326
RUS,4039.3938888888883,250.0,73.326
RUS,4059.227222222222,255.0,73.326
RUS,4085.027222222222,258.0,73.326
RUS,4102.427222222222,261.0,73.326
RUS,4135.060555555556,267.0,73.326
RUS,4156.138333333332,271.0,73.326
RUS,4183.538333333332,274.0,73.326
RUS,4205.082777777777,277.0,73.326
RUS,4220.582777777777,279.0,73.326
RUS,4242.282777777777,279.0,73.326
RUS,4263.749444444444,276.0,73.326
RUS,4287.142777777777,264.0,73.326
RUS,4307.442777777777,261.0,73.326
RUS,4318.909444444444,258.0,73.326
RUS,4335.97611111111,256.0,73.326
RUS,4358.731666666667,256.0,73.326
RUS,4373.0650000000005,258.0,73.326
RUS,4396.176111111111,260.0,73.326
RUS,4422.649444444444,264.0,73.326
RUS,4449.349444444444,267.0,73.326
RUS,4473.438333333333,271.0,73.326
RUS,4497.971666666666,276.0,73.326
RUS,4510.371666666666,279.0,73.326
RUS,4538.871666666666,285.0,73.326
RUS,4564.560555555556,289.0,73.326
RUS,4587.349444444445,293.0,73.326
RUS,4603.738333333333,295.0,73.326
RUS,4620.238333333333,297.0,73.326
ZHO,13.155555555555555,296.0,73.521
ZHO,46.71111111111111,302.0,73.521
ZHO,60.133333333333326,302.0,73.521
ZHO,101.06666666666666,307.0,73.521
ZHO,121.46666666666667,306.0,73.521
ZHO,156.13333333333335,312.0,73.521
ZHO,169.8691666666667,311.0,73.521
ZHO,187.20250000000001,312.0,73.521
ZHO,225.70250000000001,315.0,73.521
ZHO,257.30250000000007,316.0,73.521
ZHO,274.8580555555556,316.0,73.521
ZHO,292.46916666666675,317.0,73.521
ZHO,310.0802777777779,317.0,73.521
ZHO,324.25805555555564,319.0,73.521
ZHO,341.92472222222233,318.0,73.521
ZHO,359.7025000000001,320.0,73.521
ZHO,384.6691666666668,321.0,73.521
ZHO,406.1583333333334,321.0,73.521
ZHO,423.9916666666668,321.0,73.521
ZHO,445.4583333333335,322.0,73.521
ZHO,459.7694444444446,322.0,73.521
ZHO,499.1250000000001,322.0,73.521
ZHO,517.013888888889,322.0,73.521
ZHO,538.5472222222223,323.0,73.521
ZHO,560.0805555555556,323.0,73.521
ZHO,592.4805555555556,324.0,73.521
ZHO,606.7916666666667,322.0,73.521
ZHO,642.7916666666667,324.0,73.521
ZHO,678.6805555555555,323.0,73.521
ZHO,703.725,322.0,73.521
ZHO,724.5250000000001,312.0,73.521
ZHO,752.0805555555556,248.0,73.521
ZHO,774.3186111111112,223.0,73.521
ZHO,790.8519444444445,186.0,73.521
ZHO,804.0741666666667,170.0,73.521
ZHO,811.4519444444444,166.0,73.521
ZHO,823.4297222222222,154.0,73.521
ZHO,830.0519444444444,149.0,73.521
ZHO,836.6297222222222,148.0,73.521
ZHO,846.4297222222222,147.0,73.521
ZHO,856.6963888888888,154.0,73.521
ZHO,865.4741666666665,158.0,73.521
ZHO,878.5874999999999,168.0,73.521
ZHO,900.8319444444443,182.0,73.521
ZHO,911.0541666666666,184.0,73.521
ZHO,921.4430555555554,187.0,73.521
ZHO,940.9430555555554,195.0,73.521
ZHO,951.998611111111,199.0,73.521
ZHO,963.3874999999998,205.0,73.521
ZHO,972.4986111111109,205.0,73.521
ZHO,988.909722222222,211.0,73.521
ZHO,1016.4097222222221,225.0,73.521
ZHO,1041.9652777777776,230.0,73.521
ZHO,1063.0319444444442,237.0,73.521
ZHO,1084.3652777777775,240.0,73.521
ZHO,1097.7541666666664,241.0,73.521
ZHO,1175.4624999999996,250.0,73.521
ZHO,1194.9069444444442,250.0,73.521
ZHO,1223.1291666666664,254.0,73.521
ZHO,1234.4180555555554,254.0,73.521
ZHO,1251.4180555555556,255.0,73.521
ZHO,1262.8402777777778,257.0,73.521
ZHO,1286.023611111111,260.0,73.521
ZHO,1315.3569444444445,264.0,73.521
ZHO,1330.1347222222223,266.0,73.521
ZHO,1351.0569444444445,269.0,73.521
ZHO,1368.9902777777777,269.0,73.521
ZHO,1393.2569444444443,273.0,73.521
ZHO,1420.8569444444443,276.0,73.521
ZHO,1436.2458333333332,277.0,73.521
ZHO,1454.7791666666667,278.0,73.521
ZHO,1476.634722222222,281.0,73.521
ZHO,1504.8347222222224,282.0,73.521
ZHO,1530.1680555555556,285.0,73.521
ZHO,1552.2569444444443,284.0,73.521
ZHO,1564.923611111111,285.0,73.521
ZHO,1577.5902777777778,285.0,73.521
ZHO,1602.8347222222224,284.0,73.521
ZHO,1617.3347222222224,261.0,73.521
ZHO,1630.4355555555558,237.0,73.521
ZHO,1646.6911111111112,209.0,73.521
ZHO,1661.857777777778,195.0,73.521
ZHO,1676.0911111111113,183.0,73.521
ZHO,1683.8688888888892,175.0,73.521
ZHO,1693.257777777778,169.0,73.521
ZHO,1703.9911111111114,161.0,73.521
ZHO,1716.1244444444449,156.0,73.521
ZHO,1726.2577777777783,152.0,73.521
ZHO,1736.6341666666672,155.0,73.521
ZHO,1746.9675000000004,155.0,73.521
ZHO,1754.034166666667,159.0,73.521
ZHO,1770.834166666667,168.0,73.521
ZHO,1780.5008333333337,174.0,73.521
ZHO,1794.423055555556,179.0,73.521
ZHO,1804.8119444444449,187.0,73.521
ZHO,1824.7119444444447,199.0,73.521
ZHO,1833.8230555555558,205.0,73.521
ZHO,1843.0230555555559,207.0,73.521
ZHO,1854.800833333334,212.0,73.521
ZHO,1874.1786111111114,218.0,73.521
ZHO,1886.5675000000006,223.0,73.521
ZHO,1901.7008333333338,227.0,73.521
ZHO,1919.7452777777783,232.0,73.521
ZHO,1930.1897222222226,235.0,73.521
ZHO,1943.5786111111115,241.0,73.521
ZHO,1962.7897222222227,247.0,73.521
ZHO,1976.6786111111116,250.0,73.521
ZHO,1996.2861111111117,253.0,73.521
ZHO,2019.3861111111116,231.0,73.521
ZHO,2039.719444444445,183.0,73.521
ZHO,2047.0972222222226,166.0,73.521
ZHO,2055.541666666667,152.0,73.521
ZHO,2067.719444444445,137.0,73.521
ZHO,2076.319444444445,129.0,73.521
ZHO,2086.930277777778,119.0,73.521
ZHO,2095.7969444444448,114.0,73.521
ZHO,2105.4858333333336,109.0,73.521
ZHO,2113.5747222222226,104.0,73.521
ZHO,2126.5302777777783,106.0,73.521
ZHO,2136.485833333334,112.0,73.521
ZHO,2147.1525000000006,120.0,73.521
ZHO,2152.6636111111115,124.0,73.521
ZHO,2158.7525000000005,137.0,73.521
ZHO,2172.174722222223,151.0,73.521
ZHO,2184.696944444445,161.0,73.521
ZHO,2200.696944444445,180.0,73.521
ZHO,2224.408055555556,194.0,73.521
ZHO,2242.719166666667,206.0,73.521
ZHO,2256.7858333333334,211.0,73.521
ZHO,2284.2233333333334,225.0,73.521
ZHO,2296.7233333333334,225.0,73.521
ZHO,2323.278888888889,239.0,73.521
ZHO,2339.4788888888893,243.0,73.521
ZHO,2367.145555555556,249.0,73.521
ZHO,2398.4344444444446,256.0,73.521
ZHO,2421.528611111112,259.0,73.521
ZHO,2433.0397222222227,259.0,73.521
ZHO,2450.3063888888896,259.0,73.521
ZHO,2471.9063888888895,216.0,73.521
ZHO,2482.7952777777787,196.0,73.521
ZHO,2494.8619444444453,181.0,73.521
ZHO,2504.5841666666674,175.0,73.521
ZHO,2517.4952777777785,166.0,73.521
ZHO,2538.295277777778,156.0,73.521
ZHO,2563.650833333334,163.0,73.521
ZHO,2572.9286111111114,167.0,73.521
ZHO,2593.150833333334,182.0,73.521
ZHO,2614.8175000000006,195.0,73.521
ZHO,2628.2841666666673,202.0,73.521
ZHO,2644.5397222222223,209.0,73.521
ZHO,2658.8730555555558,215.0,73.521
ZHO,2671.034166666667,220.0,73.521
ZHO,2683.423055555556,223.0,73.521
ZHO,2693.4675,226.0,73.521
ZHO,2711.5897222222225,233.0,73.521
ZHO,2727.3897222222226,237.0,73.521
ZHO,2757.2119444444447,244.0,73.521
ZHO,2770.9897222222226,248.0,73.521
ZHO,2784.9341666666674,251.0,73.521
ZHO,2810.4047222222225,254.0,73.521
ZHO,2824.515833333334,254.0,73.521
ZHO,2838.5158333333334,252.0,73.521
ZHO,2855.3825,253.0,73.521
ZHO,2866.493611111111,250.0,73.521
ZHO,2886.0158333333334,251.0,73.521
ZHO,2902.749166666667,251.0,73.521
ZHO,2922.349166666667,252.0,73.521
ZHO,2945.1047222222223,256.0,73.521
ZHO,2970.9047222222225,258.0,73.521
ZHO,2985.404722222222,261.0,73.521
ZHO,3005.7825,262.0,73.521
ZHO,3035.7825,270.0,73.521
ZHO,3060.138055555555,274.0,73.521
ZHO,3085.026944444444,280.0,73.521
ZHO,3116.693611111111,285.0,73.521
ZHO,3139.171388888888,289.0,73.521
ZHO,3158.424166666666,290.0,73.521
ZHO,3171.401944444444,292.0,73.521
ZHO,3194.2686111111107,294.0,73.521
ZHO,3230.935277777777,300.0,73.521
ZHO,3244.2686111111107,300.0,73.521
ZHO,3281.424166666666,304.0,73.521
ZHO,3295.109166666666,306.0,73.521
ZHO,3319.064722222222,308.0,73.521
ZHO,3336.175833333333,308.0,73.521
ZHO,3369.664722222222,274.0,73.521
ZHO,3392.464722222222,228.0,73.521
ZHO,3411.064722222222,186.0,73.521
ZHO,3422.264722222222,168.0,73.521
ZHO,3432.331388888889,151.0,73.521
ZHO,3444.775833333333,140.0,73.521
ZHO,3456.331388888889,130.0,73.521
ZHO,3463.275833333333,125.0,73.521
ZHO,3475.0758333333333,118.0,73.521
ZHO,3487.7425,114.0,73.521
ZHO,3492.8980555555554,116.0,73.521
ZHO,3500.7647222222217,118.0,73.521
ZHO,3507.486944444444,121.0,73.521
ZHO,3517.1313888888885,124.0,73.521
ZHO,3527.3980555555554,132.0,73.521
ZHO,3539.803611111111,140.0,73.521
ZHO,3546.2925,146.0,73.521
ZHO,3558.581388888889,158.0,73.521
ZHO,3567.803611111111,166.0,73.521
ZHO,3575.1813888888887,166.0,73.521
ZHO,3598.1591666666664,188.0,73.521
ZHO,3620.436944444444,200.0,73.521
ZHO,3629.459166666666,203.0,73.521
ZHO,3645.870277777777,211.0,73.521
ZHO,3657.9258333333323,217.0,73.521
ZHO,3666.9924999999994,204.0,73.521
ZHO,3686.770277777777,178.0,73.521
ZHO,3697.836944444444,166.0,73.521
ZHO,3704.8147222222215,157.0,73.521
ZHO,3714.9480555555547,152.0,73.521
ZHO,3723.170277777777,148.0,73.521
ZHO,3732.636944444443,142.0,73.521
ZHO,3746.4369444444433,138.0,73.521
ZHO,3764.8369444444434,138.0,73.521
ZHO,3778.7369444444435,139.0,73.521
ZHO,3794.7369444444435,144.0,73.521
ZHO,3811.625833333332,152.0,73.521
ZHO,3829.6258333333326,162.0,73.521
ZHO,3840.9783333333326,171.0,73.521
ZHO,3852.9783333333326,180.0,73.521
ZHO,3861.244999999999,186.0,73.521
ZHO,3885.689444444444,200.0,73.521
ZHO,3897.244999999999,208.0,73.521
ZHO,3914.104999999999,216.0,73.521
ZHO,3931.6049999999996,225.0,73.521
ZHO,3949.5716666666654,231.0,73.521
ZHO,3965.4383333333326,238.0,73.521
ZHO,3992.549444444443,244.0,73.521
ZHO,4003.5272222222216,247.0,73.521
ZHO,4034.0827777777768,250.0,73.521
ZHO,4059.482777777777,254.0,73.521
ZHO,4093.882777777777,258.0,73.521
ZHO,4120.082777777777,262.0,73.521
ZHO,4131.860555555554,265.0,73.521
ZHO,4152.627222222221,267.0,73.521
ZHO,4179.82722222222,272.0,73.521
ZHO,4201.216111111109,275.0,73.521
ZHO,4213.4827777777755,276.0,73.521
ZHO,4232.016111111108,278.0,73.521
ZHO,4244.371666666665,278.0,73.521
ZHO,4259.704999999997,276.0,73.521
ZHO,4280.704999999997,270.0,73.521
ZHO,4298.298055555553,265.0,73.521
ZHO,4318.9091666666645,265.0,73.521
ZHO,4333.520277777776,263.0,73.521
ZHO,4348.186944444443,264.0,73.521
ZHO,4368.720277777775,264.0,73.521
ZHO,4389.561111111108,267.0,73.521
ZHO,4407.361111111108,267.0,73.521
ZHO,4422.361111111108,270.0,73.521
ZHO,4440.561111111108,273.0,73.521
ZHO,4464.916666666663,274.0,73.521
ZHO,4483.38333333333,277.0,73.521
ZHO,4505.238888888885,281.0,73.521
ZHO,4527.327777777775,284.0,73.521
ZHO,4549.7277777777745,288.0,73.521
ZHO,4572.361111111108,291.0,73.521
ZHO,4601.761111111107,294.0,73.521
ZHO,4628.072222222219,296.0,73.521
DEV,8.497499999999999,297.0,73.581
DEV,21.78638888888889,299.0,73.581
DEV,35.16416666666667,301.0,73.581
DEV,68.94194444444443,304.0,73.581
DEV,99.64194444444443,307.0,73.581
DEV,137.61694444444444,310.0,73.581
DEV,175.75027777777777,312.0,73.581
DEV,193.08361111111108,312.0,73.581
DEV,210.52805555555554,314.0,73.581
DEV,224.52805555555554,315.0,73.581
DEV,249.1058333333333,316.0,73.581
DEV,263.1502777777778,316.0,73.581
DEV,277.2391666666667,317.0,73.581
DEV,298.43916666666667,318.0,73.581
DEV,316.10583333333335,318.0,73.581
DEV,348.2058333333333,321.0,73.581
DEV,373.09472222222223,320.0,73.581
DEV,412.4502777777777,322.0,73.581
DEV,448.2494444444444,323.0,73.581
DEV,477.0494444444444,324.0,73.581
DEV,505.84944444444443,324.0,73.581
DEV,538.3494444444443,325.0,73.581
DEV,563.6272222222221,325.0,73.581
DEV,585.2938888888889,325.0,73.581
DEV,603.3494444444444,325.0,73.581
DEV,628.5494444444444,324.0,73.581
DEV,650.1494444444444,324.0,73.581
DEV,668.1494444444444,324.0,73.581
DEV,689.7494444444444,324.0,73.581
DEV,704.2394444444444,324.0,73.581
DEV,735.9061111111112,285.0,73.581
DEV,751.7061111111112,237.0,73.581
DEV,778.2394444444445,199.0,73.581
DEV,795.9394444444446,177.0,73.581
DEV,810.783888888889,167.0,73.581
DEV,824.9172222222222,159.0,73.581
DEV,833.5283333333334,155.0,73.581
DEV,840.283888888889,152.0,73.581
DEV,850.5505555555557,154.0,73.581
DEV,862.7616666666668,157.0,73.581
DEV,880.1616666666667,174.0,73.581
DEV,896.5547222222224,185.0,73.581
DEV,904.910277777778,188.0,73.581
DEV,917.6436111111113,191.0,73.581
DEV,933.0436111111113,198.0,73.581
DEV,946.5769444444446,203.0,73.581
DEV,958.0213888888891,206.0,73.581
DEV,972.3547222222224,215.0,73.581
DEV,986.8880555555558,218.0,73.581
DEV,1006.8880555555558,225.0,73.581
DEV,1029.9880555555558,231.0,73.581
DEV,1040.3880555555559,234.0,73.581
DEV,1058.899166666667,238.0,73.581
DEV,1085.8552777777782,242.0,73.581
DEV,1099.4108333333336,244.0,73.581
DEV,1115.8108333333337,246.0,73.581
DEV,1135.0997222222225,248.0,73.581
DEV,1160.2997222222225,252.0,73.581
DEV,1174.355277777778,253.0,73.581
DEV,1197.0219444444447,255.0,73.581
DEV,1208.355277777778,255.0,73.581
DEV,1219.6886111111112,255.0,73.581
DEV,1242.5330555555556,257.0,73.581
DEV,1271.4219444444443,260.0,73.581
DEV,1291.7219444444445,261.0,73.581
DEV,1315.1886111111112,264.0,73.581
DEV,1353.8252777777777,268.0,73.581
DEV,1365.7808333333332,269.0,73.581
DEV,1389.958611111111,272.0,73.581
DEV,1414.3141666666666,274.0,73.581
DEV,1426.5363888888887,275.0,73.581
DEV,1445.0030555555552,277.0,73.581
DEV,1460.5030555555554,279.0,73.581
DEV,1476.0586111111108,280.0,73.581
DEV,1498.0697222222218,283.0,73.581
DEV,1523.3141666666663,284.0,73.581
DEV,1539.0919444444444,284.0,73.581
DEV,1564.5044444444443,285.0,73.581
DEV,1580.3933333333332,286.0,73.581
DEV,1596.3377777777778,287.0,73.581
DEV,1612.2266666666667,286.0,73.581
DEV,1635.1266666666666,229.0,73.581
DEV,1657.571111111111,202.0,73.581
DEV,1670.2377777777776,190.0,73.581
DEV,1684.1599999999996,179.0,73.581
DEV,1697.4599999999996,171.0,73.581
DEV,1706.6822222222218,166.0,73.581
DEV,1720.7266666666662,158.0,73.581
DEV,1734.504444444444,155.0,73.581
DEV,1741.4377777777775,156.0,73.581
DEV,1751.971111111111,158.0,73.581
DEV,1770.3694444444443,166.0,73.581
DEV,1779.8694444444445,171.0,73.581
DEV,1802.236111111111,183.0,73.581
DEV,1823.5694444444446,192.0,73.581
DEV,1834.736111111111,201.0,73.581
DEV,1848.6694444444443,209.0,73.581
DEV,1858.0916666666665,212.0,73.581
DEV,1882.6472222222221,221.0,73.581
DEV,1897.7138888888887,226.0,73.581
DEV,1926.5013888888886,235.0,73.581
DEV,1942.634722222222,242.0,73.581
DEV,1958.7680555555553,242.0,73.581
DEV,1981.0791666666664,251.0,73.581
DEV,1998.0124999999998,254.0,73.581
DEV,2009.345833333333,255.0,73.581
DEV,2028.2791666666662,213.0,73.581
DEV,2043.3902777777773,170.0,73.581
DEV,2050.6791666666663,164.0,73.581
DEV,2062.5013888888884,152.0,73.581
DEV,2074.5013888888884,135.0,73.581
DEV,2084.6124999999997,130.0,73.581
DEV,2092.6124999999997,120.0,73.581
DEV,2101.323611111111,112.0,73.581
DEV,2109.5680555555555,106.0,73.581
DEV,2114.1613888888887,104.0,73.581
DEV,2123.583611111111,106.0,73.581
DEV,2134.583611111111,110.0,73.581
DEV,2148.139166666667,122.0,73.581
DEV,2158.4836111111113,133.0,73.581
DEV,2171.639166666667,148.0,73.581
DEV,2186.5725,168.0,73.581
DEV,2202.4836111111113,179.0,73.581
DEV,2217.1580555555556,188.0,73.581
DEV,2230.358055555556,198.0,73.581
DEV,2251.458055555556,211.0,73.581
DEV,2260.9247222222225,213.0,73.581
DEV,2280.569166666667,221.0,73.581
DEV,2301.1025000000004,231.0,73.581
DEV,2311.413611111111,232.0,73.581
DEV,2332.5691666666667,238.0,73.581
DEV,2356.869166666667,243.0,73.581
DEV,2367.891388888889,248.0,73.581
DEV,2401.6247222222223,253.0,73.581
DEV,2413.0025000000005,256.0,73.581
DEV,2438.9025000000006,259.0,73.581
DEV,2455.6358333333337,251.0,73.581
DEV,2468.8580555555563,238.0,73.581
DEV,2484.0480555555564,196.0,73.581
DEV,2492.4925000000007,190.0,73.581
DEV,2502.4925000000007,180.0,73.581
DEV,2510.225833333334,174.0,73.581
DEV,2521.4925000000007,169.0,73.581
DEV,2535.536944444445,158.0,73.581
DEV,2547.903611111112,159.0,73.581
DEV,2556.903611111112,162.0,73.581
DEV,2564.3258333333342,167.0,73.581
DEV,2572.103611111112,175.0,73.581
DEV,2582.2147222222234,182.0,73.581
DEV,2596.992500000001,190.0,73.581
DEV,2610.2475000000013,198.0,73.581
DEV,2623.780833333334,203.0,73.581
DEV,2635.33638888889,208.0,73.581
DEV,2647.058611111112,211.0,73.581
DEV,2656.614166666667,215.0,73.581
DEV,2671.480833333334,223.0,73.581
DEV,2686.680833333334,228.0,73.581
DEV,2707.303055555556,232.0,73.581
DEV,2717.791944444445,236.0,73.581
DEV,2739.303055555556,242.0,73.581
DEV,2758.3586111111117,245.0,73.581
DEV,2772.136388888889,248.0,73.581
DEV,2786.080833333334,251.0,73.581
DEV,2805.8363888888894,254.0,73.581
DEV,2822.836388888889,255.0,73.581
DEV,2837.0586111111115,256.0,73.581
DEV,2859.903055555556,257.0,73.581
DEV,2882.5875000000005,256.0,73.581
DEV,2894.0097222222225,257.0,73.581
DEV,2913.9986111111116,257.0,73.581
DEV,2925.4208333333336,257.0,73.581
DEV,2951.320833333334,259.0,73.581
DEV,2971.4652777777783,259.0,73.581
DEV,2994.931944444445,264.0,73.581
DEV,3012.598611111112,265.0,73.581
DEV,3042.709722222223,271.0,73.581
DEV,3064.1750000000006,275.0,73.581
DEV,3082.508333333334,275.0,73.581
DEV,3113.9527777777785,283.0,73.581
DEV,3126.6194444444454,285.0,73.581
DEV,3149.0194444444455,288.0,73.581
DEV,3161.8638888888895,289.0,73.581
DEV,3178.086111111112,292.0,73.581
DEV,3197.752777777778,295.0,73.581
DEV,3217.4861111111118,296.0,73.581
DEV,3240.6638888888897,298.0,73.581
DEV,3267.330555555556,300.0,73.581
DEV,3284.108333333334,302.0,73.581
DEV,3300.8861111111114,302.0,73.581
DEV,3324.530555555556,304.0,73.581
DEV,3354.930555555556,304.0,73.581
DEV,3372.5305555555565,264.0,73.581
DEV,3387.997222222223,232.0,73.581
DEV,3409.4594444444456,176.0,73.581
DEV,3416.9705555555565,169.0,73.581
DEV,3435.0594444444455,148.0,73.581
DEV,3442.8372222222233,140.0,73.581
DEV,3481.2147222222234,119.0,73.581
DEV,3488.88138888889,115.0,73.581
DEV,3496.28138888889,111.0,73.581
DEV,3502.503611111112,112.0,73.581
DEV,3514.203611111112,117.0,73.581
DEV,3523.303611111112,117.0,73.581
DEV,3533.336944444445,129.0,73.581
DEV,3543.759166666667,134.0,73.581
DEV,3551.5925000000007,141.0,73.581
DEV,3568.1480555555563,149.0,73.581
DEV,3584.6480555555563,165.0,73.581
DEV,3596.114722222223,172.0,73.581
DEV,3607.78138888889,175.0,73.581
DEV,3620.314722222223,188.0,73.581
DEV,3630.925833333334,191.0,73.581
DEV,3646.403611111112,199.0,73.581
DEV,3662.425833333334,206.0,73.581
DEV,3673.8130555555563,206.0,73.581
DEV,3691.2130555555564,174.0,73.581
DEV,3698.7241666666678,169.0,73.581
DEV,3706.2352777777787,169.0,73.581
DEV,3717.9797222222232,151.0,73.581
DEV,3729.179722222223,144.0,73.581
DEV,3735.490833333334,142.0,73.581
DEV,3750.490833333334,135.0,73.581
DEV,3763.5269444444452,130.0,73.581
DEV,3769.4825000000005,134.0,73.581
DEV,3778.6158333333337,137.0,73.581
DEV,3784.926944444445,142.0,73.581
DEV,3799.826944444445,149.0,73.581
DEV,3817.7158333333336,161.0,73.581
DEV,3833.0047222222224,172.0,73.581
DEV,3849.5380555555557,186.0,73.581
DEV,3857.893611111111,188.0,73.581
DEV,3882.8269444444445,204.0,73.581
DEV,3899.160277777778,210.0,73.581
DEV,3913.6936111111113,218.0,73.581
DEV,3923.471388888889,220.0,73.581
DEV,3943.9158333333335,230.0,73.581
DEV,3954.271388888889,233.0,73.581
DEV,3970.204722222222,239.0,73.581
DEV,3980.8269444444445,239.0,73.581
DEV,3991.6269444444442,243.0,73.581
DEV,4013.5138888888887,247.0,73.581
DEV,4024.5805555555553,249.0,73.581
DEV,4046.980555555555,252.0,73.581
DEV,4072.480555555555,255.0,73.581
DEV,4092.391666666666,256.0,73.581
DEV,4109.658333333333,259.0,73.581
DEV,4121.169444444444,259.0,73.581
DEV,4141.702777777778,264.0,73.581
DEV,4177.777777777777,270.0,73.581
DEV,4199.011111111111,273.0,73.581
DEV,4217.344444444444,275.0,73.581
DEV,4235.7444444444445,276.0,73.581
DEV,4253.944444444444,273.0,73.581
DEV,4268.833333333333,268.0,73.581
DEV,4283.555555555556,265.0,73.581
DEV,4298.111111111111,262.0,73.581
DEV,4309.7555555555555,262.0,73.581
DEV,4324.366666666667,263.0,73.581
DEV,4341.966666666666,264.0,73.581
DEV,4362.5,264.0,73.581
DEV,4394.888888888889,265.0,73.581
DEV,4415.5,265.0,73.581
DEV,4442.5,270.0,73.581
DEV,4469.8,273.0,73.581
DEV,4494.422222222223,277.0,73.581
DEV,4509.900000000001,280.0,73.581
DEV,4528.833333333333,284.0,73.581
DEV,4544.777777777777,287.0,73.581
DEV,4560.833333333333,289.0,73.581
DEV,4583.388888888889,290.0,73.581
DEV,4609.61111111111,295.0,73.581
DEV,4626.11111111111,297.0,73.581
TSU,1.4072222222222222,298.0,73.862
TSU,21.47388888888889,301.0,73.862
TSU,38.251666666666665,302.0,73.862
TSU,55.14055555555555,304.0,73.862
TSU,79.02555555555554,306.0,73.862
TSU,92.71444444444444,308.0,73.862
TSU,127.04777777777775,309.0,73.862
TSU,154.86999999999998,313.0,73.862
TSU,182.78111111111107,314.0,73.862
TSU,200.2811111111111,315.0,73.862
TSU,217.83666666666664,316.0,73.862
TSU,231.92555555555555,317.0,73.862
TSU,253.12555555555556,318.0,73.862
TSU,267.25888888888886,318.0,73.862
TSU,292.07,319.0,73.862
TSU,316.95888888888885,320.0,73.862
TSU,334.6477777777778,320.0,73.862
TSU,352.48111111111115,321.0,73.862
TSU,373.88111111111107,321.0,73.862
TSU,402.50333333333333,322.0,73.862
TSU,420.4477777777778,323.0,73.862
TSU,438.39222222222224,323.0,73.862
TSU,452.79222222222216,324.0,73.862
TSU,478.06999999999994,325.0,73.862
TSU,510.56999999999994,325.0,73.862
TSU,532.2366666666667,325.0,73.862
TSU,571.9588888888889,325.0,73.862
TSU,604.5588888888889,326.0,73.862
TSU,619.0477777777778,326.0,73.862
TSU,655.2491666666667,325.0,73.862
TSU,669.6936111111112,325.0,73.862
TSU,684.1380555555556,325.0,73.862
TSU,702.1380555555555,324.0,73.862
TSU,719.5825,314.0,73.862
TSU,746.9158333333334,246.0,73.862
TSU,767.8158333333333,209.0,73.862
TSU,780.1491666666667,185.0,73.862
TSU,789.8158333333333,174.0,73.862
TSU,807.5936111111112,160.0,73.862
TSU,819.7269444444446,156.0,73.862
TSU,826.5269444444446,153.0,73.862
TSU,841.3855555555557,149.0,73.862
TSU,849.8300000000002,152.0,73.862
TSU,861.7300000000001,153.0,73.862
TSU,874.5633333333335,165.0,73.862
TSU,884.2855555555557,175.0,73.862
TSU,894.3966666666668,182.0,73.862
TSU,917.618888888889,190.0,73.862
TSU,930.618888888889,195.0,73.862
TSU,941.6744444444446,199.0,73.862
TSU,953.118888888889,206.0,73.862
TSU,967.118888888889,210.0,73.862
TSU,986.3188888888891,216.0,73.862
TSU,998.707777777778,223.0,73.862
TSU,1013.9744444444445,229.0,73.862
TSU,1037.4394444444447,234.0,73.862
TSU,1050.6061111111112,237.0,73.862
TSU,1066.5394444444446,239.0,73.862
TSU,1077.295,242.0,73.862
TSU,1090.8505555555557,244.0,73.862
TSU,1101.7394444444446,245.0,73.862
TSU,1120.9505555555556,247.0,73.862
TSU,1137.5505555555555,249.0,73.862
TSU,1151.495,251.0,73.862
TSU,1165.4394444444445,251.0,73.862
TSU,1182.306111111111,253.0,73.862
TSU,1193.595,254.0,73.862
TSU,1213.4283333333335,255.0,73.862
TSU,1239.1283333333336,257.0,73.862
TSU,1253.445277777778,259.0,73.862
TSU,1270.7119444444447,259.0,73.862
TSU,1285.2119444444447,261.0,73.862
TSU,1317.6008333333336,265.0,73.862
TSU,1329.423055555556,266.0,73.862
TSU,1344.3119444444449,268.0,73.862
TSU,1356.2675000000004,269.0,73.862
TSU,1374.334166666667,271.0,73.862
TSU,1389.500833333334,273.0,73.862
TSU,1401.6786111111116,274.0,73.862
TSU,1413.8563888888893,274.0,73.862
TSU,1426.123055555556,276.0,73.862
TSU,1457.0119444444447,278.0,73.862
TSU,1485.1119444444446,281.0,73.862
TSU,1519.6569444444444,282.0,73.862
TSU,1554.490277777778,285.0,73.862
TSU,1570.3236111111112,285.0,73.862
TSU,1586.2125,286.0,73.862
TSU,1598.9680555555556,287.0,73.862
TSU,1618.1791666666668,247.0,73.862
TSU,1628.5347222222224,233.0,73.862
TSU,1638.090277777778,215.0,73.862
TSU,1651.890277777778,207.0,73.862
TSU,1662.4458333333337,190.0,73.862
TSU,1680.2458333333336,178.0,73.862
TSU,1693.7013888888891,173.0,73.862
TSU,1713.501388888889,162.0,73.862
TSU,1730.458888888889,153.0,73.862
TSU,1744.4144444444446,157.0,73.862
TSU,1758.9922222222224,164.0,73.862
TSU,1775.9922222222224,170.0,73.862
TSU,1790.2255555555557,183.0,73.862
TSU,1802.8255555555556,189.0,73.862
TSU,1813.658888888889,195.0,73.862
TSU,1829.447777777778,203.0,73.862
TSU,1843.5144444444445,211.0,73.862
TSU,1855.5144444444445,216.0,73.862
TSU,1870.1811111111112,220.0,73.862
TSU,1880.2436111111112,225.0,73.862
TSU,1906.1325,233.0,73.862
TSU,1921.865833333333,236.0,73.862
TSU,1954.7991666666665,247.0,73.862
TSU,1979.9991666666665,252.0,73.862
TSU,2002.843611111111,257.0,73.862
TSU,2022.3991666666666,220.0,73.862
TSU,2033.1213888888888,193.0,73.862
TSU,2041.2102777777777,182.0,73.862
TSU,2051.543611111111,155.0,73.862
TSU,2062.276944444445,138.0,73.862
TSU,2074.8769444444447,126.0,73.862
TSU,2085.333055555556,118.0,73.862
TSU,2090.355277777778,113.0,73.862
TSU,2097.6886111111116,110.0,73.862
TSU,2105.933055555556,106.0,73.862
TSU,2112.799722222223,103.0,73.862
TSU,2118.4108333333343,101.0,73.862
TSU,2125.4108333333343,105.0,73.862
TSU,2132.7441666666678,110.0,73.862
TSU,2143.677500000001,123.0,73.862
TSU,2157.177500000001,135.0,73.862
TSU,2163.5330555555565,143.0,73.862
TSU,2175.8219444444453,158.0,73.862
TSU,2195.42638888889,176.0,73.862
TSU,2205.7041666666673,185.0,73.862
TSU,2218.5041666666675,192.0,73.862
TSU,2234.2152777777787,202.0,73.862
TSU,2255.4152777777786,212.0,73.862
TSU,2267.470833333334,217.0,73.862
TSU,2287.7375000000006,228.0,73.862
TSU,2297.9597222222233,230.0,73.862
TSU,2308.359722222223,234.0,73.862
TSU,2329.6930555555564,240.0,73.862
TSU,2357.0263888888903,246.0,73.862
TSU,2376.470833333334,250.0,73.862
TSU,2399.048611111112,254.0,73.862
TSU,2436.531944444446,260.0,73.862
TSU,2448.1319444444457,261.0,73.862
TSU,2468.2208333333347,226.0,73.862
TSU,2486.265277777779,203.0,73.862
TSU,2494.265277777779,180.0,73.862
TSU,2505.9986111111125,176.0,73.862
TSU,2515.4986111111125,171.0,73.862
TSU,2524.6097222222234,164.0,73.862
TSU,2536.8208333333346,157.0,73.862
TSU,2550.5986111111124,155.0,73.862
TSU,2559.2097222222237,155.0,73.862
TSU,2573.3872222222235,159.0,73.862
TSU,2582.7761111111126,169.0,73.862
TSU,2592.6650000000013,178.0,73.862
TSU,2602.8316666666683,183.0,73.862
TSU,2622.431666666668,196.0,73.862
TSU,2645.431666666668,207.0,73.862
TSU,2659.565000000002,212.0,73.862
TSU,2676.598333333335,219.0,73.862
TSU,2694.0205555555576,224.0,73.862
TSU,2706.798333333335,230.0,73.862
TSU,2727.7761111111126,236.0,73.862
TSU,2749.198333333335,241.0,73.862
TSU,2760.087222222224,245.0,73.862
TSU,2776.5538888888905,247.0,73.862
TSU,2804.4838888888908,252.0,73.862
TSU,2818.5394444444464,253.0,73.862
TSU,2849.339444444446,252.0,73.862
TSU,2877.339444444446,252.0,73.862
TSU,2891.395000000002,253.0,73.862
TSU,2908.395000000002,255.0,73.862
TSU,2919.728333333335,255.0,73.862
TSU,2948.3950000000013,258.0,73.862
TSU,2965.661666666668,259.0,73.862
TSU,2997.7566666666685,262.0,73.862
TSU,3015.356666666668,264.0,73.862
TSU,3033.2900000000013,269.0,73.862
TSU,3057.6455555555567,274.0,73.862
TSU,3076.17888888889,278.0,73.862
TSU,3088.6677777777786,281.0,73.862
TSU,3113.912222222223,284.0,73.862
TSU,3139.423333333334,287.0,73.862
TSU,3152.2233333333343,288.0,73.862
TSU,3174.9344444444455,292.0,73.862
TSU,3201.156666666667,295.0,73.862
TSU,3224.256666666667,297.0,73.862
TSU,3244.1900000000005,299.0,73.862
TSU,3267.6788888888896,302.0,73.862
TSU,3291.245555555556,303.0,73.862
TSU,3304.672222222223,304.0,73.862
TSU,3331.783333333334,305.0,73.862
TSU,3362.283333333334,305.0,73.862
TSU,3390.394444444445,253.0,73.862
TSU,3406.805555555556,211.0,73.862
TSU,3422.094444444445,172.0,73.862
TSU,3435.7833333333338,154.0,73.862
TSU,3448.227777777778,140.0,73.862
TSU,3458.3750000000005,130.0,73.862
TSU,3466.7750000000005,126.0,73.862
TSU,3478.6750000000006,119.0,73.862
TSU,3483.830555555556,116.0,73.862
TSU,3493.697222222223,111.0,73.862
TSU,3503.386111111112,109.0,73.862
TSU,3508.3194444444453,111.0,73.862
TSU,3518.7194444444453,117.0,73.862
TSU,3531.0194444444455,123.0,73.862
TSU,3536.7527777777786,129.0,73.862
TSU,3555.952777777779,144.0,73.862
TSU,3562.486111111112,147.0,73.862
TSU,3578.586111111112,161.0,73.862
TSU,3589.7194444444453,167.0,73.862
TSU,3599.3305555555567,173.0,73.862
TSU,3613.3580555555563,181.0,73.862
TSU,3621.846944444445,191.0,73.862
TSU,3632.7913888888897,197.0,73.862
TSU,3641.680277777779,200.0,73.862
TSU,3655.4802777777786,207.0,73.862
TSU,3672.813611111112,195.0,73.862
TSU,3686.580277777779,177.0,73.862
TSU,3695.858055555557,167.0,73.862
TSU,3703.0580555555566,162.0,73.862
TSU,3709.9469444444458,155.0,73.862
TSU,3718.224722222223,149.0,73.862
TSU,3729.3469444444454,143.0,73.862
TSU,3738.6522222222234,139.0,73.862
TSU,3747.51888888889,133.0,73.862
TSU,3754.7411111111123,130.0,73.862
TSU,3761.796666666668,127.0,73.862
TSU,3767.4411111111126,127.0,73.862
TSU,3776.1744444444457,131.0,73.862
TSU,3785.0411111111125,133.0,73.862
TSU,3797.3077777777794,138.0,73.862
TSU,3803.4411111111126,138.0,73.862
TSU,3817.2188888888904,155.0,73.862
TSU,3830.1300000000015,166.0,73.862
TSU,3839.741111111113,173.0,73.862
TSU,3849.741111111113,180.0,73.862
TSU,3864.5188888888906,190.0,73.862
TSU,3877.6522222222243,197.0,73.862
TSU,3888.930000000002,203.0,73.862
TSU,3907.8633333333355,213.0,73.862
TSU,3927.1805555555575,218.0,73.862
TSU,3937.047222222224,222.0,73.862
TSU,3955.0916666666685,232.0,73.862
TSU,3965.447222222224,233.0,73.862
TSU,3989.447222222225,240.0,73.862
TSU,4008.1138888888904,240.0,73.862
TSU,4030.0694444444466,247.0,73.862
TSU,4046.8027777777797,251.0,73.862
TSU,4074.913888888891,253.0,73.862
TSU,4094.974166666668,257.0,73.862
TSU,4112.240833333335,259.0,73.862
TSU,4141.574166666668,264.0,73.862
TSU,4153.307500000003,264.0,73.862
TSU,4174.229722222225,269.0,73.862
TSU,4186.318611111114,272.0,73.862
TSU,4201.429722222225,272.0,73.862
TSU,4219.763055555558,275.0,73.862
TSU,4238.229722222224,277.0,73.862
TSU,4259.463055555558,273.0,73.862
TSU,4283.107500000003,266.0,73.862
TSU,4297.829722222225,265.0,73.862
TSU,4312.38527777778,262.0,73.862
TSU,4332.68527777778,261.0,73.862
TSU,4358.88527777778,262.0,73.862
TSU,4376.351944444447,262.0,73.862
TSU,4393.951944444447,264.0,73.862
TSU,4426.633055555559,268.0,73.862
TSU,4438.633055555559,270.0,73.862
TSU,4471.9997222222255,273.0,73.862
TSU,4487.333055555559,276.0,73.862
TSU,4581.180555555559,291.0,73.862
TSU,4600.713888888892,293.0,73.862
TSU,4620.380555555558,295.0,73.862
TSU,4636.880555555558,297.0,73.862
BOT,11.55,297.0,73.977
BOT,31.483333333333334,299.0,73.977
BOT,44.81666666666667,300.0,73.977
BOT,78.59444444444443,304.0,73.977
BOT,99.0611111111111,307.0,73.977
BOT,136.7911111111111,308.0,73.977
BOT,157.65777777777777,313.0,73.977
BOT,178.52444444444444,313.0,73.977
BOT,206.61333333333332,316.0,73.977
BOT,227.68,316.0,73.977
BOT,241.72444444444446,316.0,73.977
BOT,269.9911111111111,318.0,73.977
BOT,298.5244444444444,321.0,73.977
BOT,312.7466666666666,320.0,73.977
BOT,337.79111111111104,322.0,73.977
BOT,366.50222222222214,323.0,73.977
BOT,391.6244444444444,323.0,73.977
BOT,413.2244444444443,324.0,73.977
BOT,438.57999999999987,326.0,73.977
BOT,463.9355555555554,326.0,73.977
BOT,478.33388888888874,326.0,73.977
BOT,507.40055555555546,327.0,73.977
BOT,540.1005555555554,327.0,73.977
BOT,576.4338888888888,327.0,73.977
BOT,601.9449999999999,328.0,73.977
BOT,631.1005555555554,328.0,73.977
BOT,660.256111111111,328.0,73.977
BOT,689.3227777777777,327.0,73.977
BOT,714.6908333333332,325.0,73.977
BOT,733.6241666666666,284.0,73.977
BOT,756.7241666666666,231.0,73.977
BOT,766.5019444444445,220.0,73.977
BOT,784.6352777777778,204.0,73.977
BOT,800.1019444444445,174.0,73.977
BOT,807.6575,170.0,73.977
BOT,821.9686111111112,161.0,73.977
BOT,837.2686111111111,153.0,73.977
BOT,844.0686111111111,153.0,73.977
BOT,864.8686111111111,156.0,73.977
BOT,871.9797222222222,160.0,73.977
BOT,889.6797222222222,177.0,73.977
BOT,901.9463888888888,184.0,73.977
BOT,912.4463888888888,189.0,73.977
BOT,927.4038888888888,193.0,73.977
BOT,935.9816666666666,193.0,73.977
BOT,946.8705555555554,196.0,73.977
BOT,955.6705555555553,198.0,73.977
BOT,969.0705555555553,201.0,73.977
BOT,987.7372222222219,210.0,73.977
BOT,1004.4594444444441,215.0,73.977
BOT,1016.7372222222219,221.0,73.977
BOT,1026.737222222222,225.0,73.977
BOT,1036.9149999999997,229.0,73.977
BOT,1049.748333333333,231.0,73.977
BOT,1067.7149999999997,231.0,73.977
BOT,1083.4469444444442,235.0,73.977
BOT,1099.1802777777775,236.0,73.977
BOT,1112.4580555555553,239.0,73.977
BOT,1125.8469444444443,241.0,73.977
BOT,1136.6913888888887,244.0,73.977
BOT,1152.9580555555553,244.0,73.977
BOT,1169.424722222222,247.0,73.977
BOT,1191.5580555555555,249.0,73.977
BOT,1202.6691666666666,250.0,73.977
BOT,1225.1580555555554,253.0,73.977
BOT,1244.9136111111109,254.0,73.977
BOT,1259.0247222222222,254.0,73.977
BOT,1273.3580555555554,258.0,73.977
BOT,1293.5025,259.0,73.977
BOT,1310.9691666666665,262.0,73.977
BOT,1325.5802777777776,263.0,73.977
BOT,1349.0469444444443,264.0,73.977
BOT,1372.7061111111109,267.0,73.977
BOT,1384.617222222222,268.0,73.977
BOT,1405.617222222222,270.0,73.977
BOT,1417.6616666666664,271.0,73.977
BOT,1445.0616666666663,274.0,73.977
BOT,1466.4505555555552,275.0,73.977
BOT,1491.1616666666664,278.0,73.977
BOT,1509.7616666666663,279.0,73.977
BOT,1540.9838888888887,281.0,73.977
BOT,1563.073611111111,283.0,73.977
BOT,1581.806944444444,281.0,73.977
BOT,1612.584722222222,277.0,73.977
BOT,1623.9180555555552,255.0,73.977
BOT,1640.9513888888882,219.0,73.977
BOT,1650.2847222222215,210.0,73.977
BOT,1661.118055555555,195.0,73.977
BOT,1673.1847222222216,181.0,73.977
BOT,1684.7847222222215,174.0,73.977
BOT,1697.618055555555,165.0,73.977
BOT,1711.7513888888884,159.0,73.977
BOT,1720.3069444444438,154.0,73.977
BOT,1728.8069444444438,153.0,73.977
BOT,1740.9402777777773,156.0,73.977
BOT,1756.9402777777773,160.0,73.977
BOT,1768.0736111111107,167.0,73.977
BOT,1779.5402777777774,172.0,73.977
BOT,1802.0999999999997,185.0,73.977
BOT,1810.633333333333,192.0,73.977
BOT,1835.5666666666664,204.0,73.977
BOT,1847.233333333333,210.0,73.977
BOT,1922.698333333333,234.0,73.977
BOT,1938.698333333333,240.0,73.977
BOT,1954.8983333333329,243.0,73.977
BOT,1968.5649999999998,246.0,73.977
BOT,1993.7649999999999,252.0,73.977
BOT,2013.287222222222,251.0,73.977
BOT,2030.3205555555553,219.0,73.977
BOT,2044.2427777777775,179.0,73.977
BOT,2053.3538888888884,164.0,73.977
BOT,2068.909444444444,140.0,73.977
BOT,2081.209444444444,123.0,73.977
BOT,2089.076111111111,118.0,73.977
BOT,2096.4094444444445,110.0,73.977
BOT,2103.342777777778,104.0,73.977
BOT,2109.0094444444444,102.0,73.977
BOT,2116.709444444444,99.0,73.977
BOT,2124.487222222222,100.0,73.977
BOT,2130.236111111111,104.0,73.977
BOT,2141.736111111111,115.0,73.977
BOT,2146.9805555555554,118.0,73.977
BOT,2152.491666666667,124.0,73.977
BOT,2163.3027777777775,139.0,73.977
BOT,2175.280555555555,154.0,73.977
BOT,2182.3472222222217,159.0,73.977
BOT,2201.9027777777774,176.0,73.977
BOT,2221.2563888888885,193.0,73.977
BOT,2230.100833333333,199.0,73.977
BOT,2243.8341666666665,206.0,73.977
BOT,2253.2119444444443,211.0,73.977
BOT,2275.2119444444443,220.0,73.977
BOT,2300.6563888888886,229.0,73.977
BOT,2321.6341666666663,236.0,73.977
BOT,2343.234166666666,243.0,73.977
BOT,2354.1230555555553,245.0,73.977
BOT,2384.800833333333,251.0,73.977
BOT,2404.6341666666663,255.0,73.977
BOT,2421.8341666666665,258.0,73.977
BOT,2433.300833333333,258.0,73.977
BOT,2456.145277777777,257.0,73.977
BOT,2467.3897222222213,253.0,73.977
BOT,2481.989722222221,219.0,73.977
BOT,2491.7230555555548,219.0,73.977
BOT,2500.3008333333323,193.0,73.977
BOT,2516.2508333333326,180.0,73.977
BOT,2523.8952777777768,172.0,73.977
BOT,2538.384166666666,163.0,73.977
BOT,2554.184166666666,158.0,73.977
BOT,2566.4730555555548,158.0,73.977
BOT,2577.5397222222214,166.0,73.977
BOT,2585.2286111111102,173.0,73.977
BOT,2599.6174999999994,185.0,73.977
BOT,2626.0724999999993,198.0,73.977
BOT,2642.0947222222217,206.0,73.977
BOT,2656.2280555555553,212.0,73.977
BOT,2670.5613888888884,215.0,73.977
BOT,2685.3613888888885,222.0,73.977
BOT,2697.916944444444,226.0,73.977
BOT,2710.7502777777772,231.0,73.977
BOT,2723.7502777777772,234.0,73.977
BOT,2734.1947222222216,235.0,73.977
BOT,2747.4724999999994,239.0,73.977
BOT,2763.805833333333,245.0,73.977
BOT,2783.094722222221,248.0,73.977
BOT,2814.0169444444437,253.0,73.977
BOT,2833.772499999999,254.0,73.977
BOT,2859.172499999999,254.0,73.977
BOT,2884.372499999999,252.0,73.977
BOT,2906.68361111111,251.0,73.977
BOT,2920.558333333332,251.0,73.977
BOT,2937.4916666666654,254.0,73.977
BOT,2951.658333333332,255.0,73.977
BOT,2965.8805555555546,256.0,73.977
BOT,2985.8694444444436,257.0,73.977
BOT,3009.0694444444434,261.0,73.977
BOT,3023.6249999999986,262.0,73.977
BOT,3050.699999999999,270.0,73.977
BOT,3062.833333333332,273.0,73.977
BOT,3084.377777777777,277.0,73.977
BOT,3102.977777777777,279.0,73.977
BOT,3124.9888888888886,283.0,73.977
BOT,3137.6111111111104,284.0,73.977
BOT,3169.7222222222213,289.0,73.977
BOT,3192.4333333333325,292.0,73.977
BOT,3221.9333333333325,295.0,73.977
BOT,3241.7333333333327,297.0,73.977
BOT,3278.399999999999,300.0,73.977
BOT,3301.966666666666,303.0,73.977
BOT,3332.366666666666,304.0,73.977
BOT,3355.9333333333325,303.0,73.977
BOT,3372.433333333333,297.0,73.977
BOT,3391.877777777777,250.0,73.977
BOT,3409.0666666666657,221.0,73.977
BOT,3424.9280555555547,179.0,73.977
BOT,3437.761388888888,165.0,73.977
BOT,3444.739166666666,157.0,73.977
BOT,3454.539166666666,147.0,73.977
BOT,3466.1836111111106,131.0,73.977
BOT,3473.1836111111106,126.0,73.977
BOT,3483.5836111111107,117.0,73.977
BOT,3494.9149999999995,113.0,73.977
BOT,3506.2149999999997,113.0,73.977
BOT,3516.437222222222,115.0,73.977
BOT,3527.2816666666663,122.0,73.977
BOT,3532.881666666666,126.0,73.977
BOT,3546.081666666666,132.0,73.977
BOT,3559.1483333333326,147.0,73.977
BOT,3571.4372222222214,158.0,73.977
BOT,3580.6594444444436,166.0,73.977
BOT,3590.0483333333323,169.0,73.977
BOT,3610.9372222222214,188.0,73.977
BOT,3635.503888888888,201.0,73.977
BOT,3646.892777777777,205.0,73.977
BOT,3673.170555555555,215.0,73.977
BOT,3687.1038888888884,209.0,73.977
BOT,3702.659444444444,175.0,73.977
BOT,3721.073055555555,151.0,73.977
BOT,3730.4730555555548,141.0,73.977
BOT,3740.6619444444436,131.0,73.977
BOT,3747.773055555555,128.0,73.977
BOT,3757.4174999999996,124.0,73.977
BOT,3771.4524999999994,126.0,73.977
BOT,3777.2302777777772,130.0,73.977
BOT,3784.6747222222216,134.0,73.977
BOT,3792.3413888888886,138.0,73.977
BOT,3803.696944444444,146.0,73.977
BOT,3822.885833333333,157.0,73.977
BOT,3830.0858333333326,162.0,73.977
BOT,3839.3636111111105,167.0,73.977
BOT,3846.9191666666657,170.0,73.977
BOT,3862.9191666666657,180.0,73.977
BOT,3871.230277777777,187.0,73.977
BOT,3898.2969444444434,203.0,73.977
BOT,3919.5969444444436,213.0,73.977
BOT,3971.819166666666,235.0,73.977
BOT,3998.5969444444445,241.0,73.977
BOT,4014.9302777777775,245.0,73.977
BOT,4039.8302777777776,249.0,73.977
BOT,4053.7747222222224,251.0,73.977
BOT,4070.5711111111104,253.0,73.977
BOT,4087.5044444444443,254.0,73.977
BOT,4107.337777777778,255.0,73.977
BOT,4118.804444444444,258.0,73.977
BOT,4136.137777777777,260.0,73.977
BOT,4156.7444444444445,264.0,73.977
BOT,4168.477777777777,264.0,73.977
BOT,4195.577777777778,271.0,73.977
BOT,4210.688888888889,272.0,73.977
BOT,4238.188888888889,275.0,73.977
BOT,4250.5,277.0,73.977
BOT,4268.633333333334,272.0,73.977
BOT,4283.355555555556,265.0,73.977
BOT,4311.5777777777785,254.0,73.977
BOT,4328.177777777778,249.0,73.977
BOT,4350.400000000001,250.0,73.977
BOT,4367.2,252.0,73.977
BOT,4381.311111111111,254.0,73.977
BOT,4403.888888888889,254.0,73.977
BOT,4429.588888888889,257.0,73.977
BOT,4452.611111111111,259.0,73.977
BOT,4470.011111111111,261.0,73.977
BOT,4496.511111111111,265.0,73.977
BOT,4520.511111111112,270.0,73.977
BOT,4541.744444444445,273.0,73.977
BOT,4557.001111111112,276.0,73.977
BOT,4578.7011111111115,279.0,73.977
BOT,4597.3677777777775,280.0,73.977
BOT,4616.301111111112,284.0,73.977
BOT,4648.381111111112,288.0,73.977
MAG,16.69388888888889,302.0,74.042
MAG,47.19388888888889,305.0,74.042
MAG,71.14944444444444,308.0,74.042
MAG,102.24944444444445,311.0,74.042
MAG,116.16055555555556,313.0,74.042
MAG,144.16055555555556,315.0,74.042
MAG,179.3827777777778,317.0,74.042
MAG,200.58277777777778,318.0,74.042
MAG,214.76055555555558,319.0,74.042
MAG,236.0938888888889,320.0,74.042
MAG,253.9827777777778,322.0,74.042
MAG,289.87166666666667,323.0,74.042
MAG,311.40500000000003,323.0,74.042
MAG,329.495,324.0,74.042
MAG,351.1616666666667,325.0,74.042
MAG,369.27277777777783,326.0,74.042
MAG,391.07277777777784,327.0,74.042
MAG,420.22833333333335,328.0,74.042
MAG,456.6727777777778,328.0,74.042
MAG,471.2950000000001,329.0,74.042
MAG,500.62833333333333,330.0,74.042
MAG,518.9061111111112,329.0,74.042
MAG,533.5283333333334,329.0,74.042
MAG,555.5283333333334,330.0,74.042
MAG,570.1033333333334,330.0,74.042
MAG,592.0366666666667,329.0,74.042
MAG,614.1033333333334,331.0,74.042
MAG,628.7255555555556,329.0,74.042
MAG,665.2811111111112,329.0,74.042
MAG,690.9477777777779,330.0,74.042
MAG,705.57,329.0,74.042
MAG,739.9033333333334,309.0,74.042
MAG,762.6922222222222,293.0,74.042
MAG,775.4144444444445,229.0,74.042
MAG,786.7477777777777,204.0,74.042
MAG,803.1922222222222,185.0,74.042
MAG,816.181111111111,167.0,74.042
MAG,823.2477777777777,159.0,74.042
MAG,833.3811111111111,152.0,74.042
MAG,839.9588888888889,148.0,74.042
MAG,852.7988888888889,144.0,74.042
MAG,864.1544444444445,146.0,74.042
MAG,877.6655555555556,152.0,74.042
MAG,884.8211111111111,161.0,74.042
MAG,896.2211111111111,171.0,74.042
MAG,908.0877777777778,178.0,74.042
MAG,922.3988888888889,184.0,74.042
MAG,937.0988888888888,189.0,74.042
MAG,945.6766666666666,193.0,74.042
MAG,963.1877777777778,197.0,74.042
MAG,972.0766666666667,200.0,74.042
MAG,981.0425,203.0,74.042
MAG,997.6091666666667,213.0,74.042
MAG,1012.0758333333333,217.0,74.042
MAG,1031.9869444444444,224.0,74.042
MAG,1060.4647222222222,233.0,74.042
MAG,1089.7980555555555,240.0,74.042
MAG,1105.9980555555555,243.0,74.042
MAG,1127.5980555555554,243.0,74.042
MAG,1143.9313888888887,245.0,74.042
MAG,1162.9869444444444,245.0,74.042
MAG,1182.1202777777776,246.0,74.042
MAG,1212.553611111111,249.0,74.042
MAG,1229.286944444444,251.0,74.042
MAG,1254.7574999999997,254.0,74.042
MAG,1289.1574999999998,258.0,74.042
MAG,1318.2686111111109,262.0,74.042
MAG,1332.8241666666663,262.0,74.042
MAG,1353.590833333333,267.0,74.042
MAG,1365.501944444444,268.0,74.042
MAG,1395.613055555555,271.0,74.042
MAG,1426.1686111111107,275.0,74.042
MAG,1438.4352777777774,276.0,74.042
MAG,1453.7472222222218,277.0,74.042
MAG,1466.147222222222,279.0,74.042
MAG,1481.7583333333332,281.0,74.042
MAG,1503.6916666666664,282.0,74.042
MAG,1525.7805555555553,284.0,74.042
MAG,1547.947222222222,285.0,74.042
MAG,1573.547222222222,288.0,74.042
MAG,1586.3916666666662,289.0,74.042
MAG,1611.9027777777774,287.0,74.042
MAG,1630.0361111111108,272.0,74.042
MAG,1648.0805555555553,232.0,74.042
MAG,1666.3027777777772,205.0,74.042
MAG,1678.9027777777774,189.0,74.042
MAG,1688.8472222222217,179.0,74.042
MAG,1698.3472222222217,171.0,74.042
MAG,1710.9141666666662,161.0,74.042
MAG,1717.9363888888884,158.0,74.042
MAG,1734.4919444444438,149.0,74.042
MAG,1747.914166666666,151.0,74.042
MAG,1761.7808333333328,156.0,74.042
MAG,1770.4474999999995,156.0,74.042
MAG,1779.4474999999995,162.0,74.042
MAG,1786.7363888888885,164.0,74.042
MAG,1798.069722222222,170.0,74.042
MAG,1805.758611111111,173.0,74.042
MAG,1819.9141666666662,182.0,74.042
MAG,1834.8474999999996,192.0,74.042
MAG,1845.8477777777773,199.0,74.042
MAG,1857.2366666666665,205.0,74.042
MAG,1871.303333333333,211.0,74.042
MAG,1890.7699999999998,219.0,74.042
MAG,1903.214444444444,224.0,74.042
MAG,1915.9366666666663,229.0,74.042
MAG,1926.2477777777774,232.0,74.042
MAG,1944.9144444444441,240.0,74.042
MAG,1969.514444444444,246.0,74.042
MAG,1986.3144444444442,252.0,74.042
MAG,2017.4811111111107,255.0,74.042
MAG,2038.3811111111106,209.0,74.042
MAG,2047.0922222222218,196.0,74.042
MAG,2064.914444444444,160.0,74.042
MAG,2071.403333333333,146.0,74.042
MAG,2077.4477777777774,136.0,74.042
MAG,2084.5588888888888,128.0,74.042
MAG,2091.3366666666666,122.0,74.042
MAG,2103.5588888888888,110.0,74.042
MAG,2113.958888888889,104.0,74.042
MAG,2120.6922222222224,101.0,74.042
MAG,2126.3033333333337,101.0,74.042
MAG,2138.4144444444446,109.0,74.042
MAG,2147.2811111111114,114.0,74.042
MAG,2152.658888888889,121.0,74.042
MAG,2166.0216666666665,134.0,74.042
MAG,2173.9105555555557,142.0,74.042
MAG,2185.655,151.0,74.042
MAG,2198.5661111111112,166.0,74.042
MAG,2208.3438888888886,176.0,74.042
MAG,2218.566111111111,184.0,74.042
MAG,2243.377222222222,203.0,74.042
MAG,2257.377222222222,210.0,74.042
MAG,2269.3772222222215,216.0,74.042
MAG,2281.710555555555,222.0,74.042
MAG,2296.910555555555,228.0,74.042
MAG,2317.977222222222,237.0,74.042
MAG,2331.310555555555,240.0,74.042
MAG,2347.5772222222217,244.0,74.042
MAG,2372.646666666666,250.0,74.042
MAG,2386.7022222222217,253.0,74.042
MAG,2403.8355555555554,257.0,74.042
MAG,2415.3911111111106,260.0,74.042
MAG,2429.9466666666663,262.0,74.042
MAG,2441.5911111111104,262.0,74.042
MAG,2461.8133333333326,260.0,74.042
MAG,2477.2133333333327,231.0,74.042
MAG,2488.6022222222214,205.0,74.042
MAG,2498.9911111111105,187.0,74.042
MAG,2510.457777777777,172.0,74.042
MAG,2517.924444444444,168.0,74.042
MAG,2530.524444444444,162.0,74.042
MAG,2546.024444444444,155.0,74.042
MAG,2554.481944444444,153.0,74.042
MAG,2564.8152777777773,155.0,74.042
MAG,2573.593055555555,158.0,74.042
MAG,2594.981944444444,175.0,74.042
MAG,2602.9374999999995,179.0,74.042
MAG,2613.3263888888882,187.0,74.042
MAG,2621.770833333333,190.0,74.042
MAG,2635.0374999999995,199.0,74.042
MAG,2646.370833333333,204.0,74.042
MAG,2655.704166666666,210.0,74.042
MAG,2665.1708333333327,213.0,74.042
MAG,2674.8597222222215,218.0,74.042
MAG,2700.081944444444,227.0,74.042
MAG,2723.4819444444443,234.0,74.042
MAG,2753.004444444444,241.0,74.042
MAG,2783.4377777777777,249.0,74.042
MAG,2797.493333333333,253.0,74.042
MAG,2811.7155555555555,256.0,74.042
MAG,2823.1377777777775,257.0,74.042
MAG,2842.971111111111,255.0,74.042
MAG,2854.2155555555555,253.0,74.042
MAG,2865.4155555555553,252.0,74.042
MAG,2881.9488888888886,248.0,74.042
MAG,2895.726666666666,248.0,74.042
MAG,2920.5266666666666,248.0,74.042
MAG,2940.0488888888885,251.0,74.042
MAG,2970.971111111111,253.0,74.042
MAG,2999.5661111111112,258.0,74.042
MAG,3022.943888888889,263.0,74.042
MAG,3046.9438888888885,270.0,74.042
MAG,3074.543888888889,276.0,74.042
MAG,3096.1661111111107,278.0,74.042
MAG,3115.0327777777775,283.0,74.042
MAG,3130.9216666666666,286.0,74.042
MAG,3153.3994444444443,289.0,74.042
MAG,3172.932777777777,293.0,74.042
MAG,3189.377222222222,296.0,74.042
MAG,3209.2438888888887,298.0,74.042
MAG,3222.615833333333,299.0,74.042
MAG,3256.0602777777776,301.0,74.042
MAG,3276.3936111111107,305.0,74.042
MAG,3317.3269444444445,307.0,74.042
MAG,3348.2269444444446,309.0,74.042
MAG,3373.2047222222222,281.0,74.042
MAG,3394.0047222222224,234.0,74.042
MAG,3405.6158333333333,209.0,74.042
MAG,3414.5491666666667,201.0,74.042
MAG,3426.2825000000003,176.0,74.042
MAG,3438.6491666666666,159.0,74.042
MAG,3453.2491666666665,146.0,74.042
MAG,3465.2116666666666,135.0,74.042
MAG,3470.856111111111,127.0,74.042
MAG,3478.789444444444,119.0,74.042
MAG,3487.7338888888885,115.0,74.042
MAG,3495.1338888888886,111.0,74.042
MAG,3501.2449999999994,110.0,74.042
MAG,3508.711666666666,112.0,74.042
MAG,3516.3783333333326,115.0,74.042
MAG,3527.489444444444,125.0,74.042
MAG,3540.589444444444,131.0,74.042
MAG,3546.811666666666,140.0,74.042
MAG,3558.322777777777,148.0,74.042
MAG,3576.1449999999995,160.0,74.042
MAG,3585.311666666666,165.0,74.042
MAG,3596.6449999999995,170.0,74.042
MAG,3610.4116666666664,177.0,74.042
MAG,3628.4116666666664,180.0,74.042
MAG,3638.5227777777777,182.0,74.042
MAG,3655.856111111111,195.0,74.042
MAG,3664.745,200.0,74.042
MAG,3673.7672222222222,203.0,74.042
MAG,3690.3894444444445,187.0,74.042
MAG,3708.5005555555554,163.0,74.042
MAG,3720.0894444444443,149.0,74.042
MAG,3732.4449999999997,139.0,74.042
MAG,3750.898333333333,128.0,74.042
MAG,3756.4538888888887,125.0,74.042
MAG,3767.209444444444,121.0,74.042
MAG,3778.3205555555555,125.0,74.042
MAG,3784.053888888889,129.0,74.042
MAG,3792.987222222222,134.0,74.042
MAG,3800.765,140.0,74.042
MAG,3808.765,144.0,74.042
MAG,3820.820555555555,155.0,74.042
MAG,3835.220555555555,162.0,74.042
MAG,3844.6094444444443,169.0,74.042
MAG,3860.5702777777774,179.0,74.042
MAG,3870.848055555555,185.0,74.042
MAG,3881.5147222222217,192.0,74.042
MAG,3892.5702777777774,199.0,74.042
MAG,3913.8702777777776,213.0,74.042
MAG,3938.759166666666,224.0,74.042
MAG,3954.025833333333,229.0,74.042
MAG,3972.30361111111,235.0,74.042
MAG,3991.125833333332,242.0,74.042
MAG,4004.625833333332,243.0,74.042
MAG,4026.4924999999994,246.0,74.042
MAG,4048.3591666666657,246.0,74.042
MAG,4059.4702777777766,250.0,74.042
MAG,4076.6702777777773,258.0,74.042
MAG,4105.486944444444,260.0,74.042
MAG,4120.042499999999,262.0,74.042
MAG,4152.675833333333,267.0,74.042
MAG,4183.009166666666,273.0,74.042
MAG,4198.231388888888,274.0,74.042
MAG,4216.698055555555,277.0,74.042
MAG,4229.053611111111,278.0,74.042
MAG,4259.942499999999,278.0,74.042
MAG,4278.2091666666665,274.0,74.042
MAG,4310.426666666665,263.0,74.042
MAG,4327.826666666666,261.0,74.042
MAG,4344.959999999999,257.0,74.042
MAG,4367.182222222222,250.0,74.042
MAG,4383.848888888888,250.0,74.042
MAG,4395.048888888888,252.0,74.042
MAG,4417.804444444444,256.0,74.042
MAG,4440.915555555554,260.0,74.042
MAG,4452.648888888887,264.0,74.042
MAG,4473.259999999998,265.0,74.042
MAG,4497.526666666666,273.0,74.042
MAG,4518.993333333333,276.0,74.042
MAG,4537.793333333332,282.0,74.042
MAG,4560.115555555554,287.0,74.042
MAG,4582.67111111111,290.0,74.042
MAG,4595.611944444443,293.0,74.042
MAG,4622.0119444444435,297.0,74.042
ALB,7.036111111111111,298.0,74.063
ALB,20.36944444444444,300.0,74.063
ALB,43.858333333333334,302.0,74.063
ALB,60.74722222222222,304.0,74.063
ALB,101.89944444444444,308.0,74.063
ALB,125.93277777777777,309.0,74.063
ALB,153.57722222222222,311.0,74.063
ALB,184.9772222222222,314.0,74.063
ALB,205.97722222222222,315.0,74.063
ALB,241.19944444444445,317.0,74.063
ALB,255.3327777777778,318.0,74.063
ALB,280.0552777777778,319.0,74.063
ALB,304.8663888888889,319.0,74.063
ALB,333.39972222222224,321.0,74.063
ALB,358.3663888888889,321.0,74.063
ALB,383.41083333333336,322.0,74.063
ALB,404.9441666666666,323.0,74.063
ALB,430.06638888888887,323.0,74.063
ALB,448.0108333333333,323.0,74.063
ALB,476.89972222222224,325.0,74.063
ALB,502.17749999999995,325.0,74.063
ALB,520.2886111111111,326.0,74.063
ALB,542.0219444444444,326.0,74.063
ALB,574.7219444444445,327.0,74.063
ALB,589.2552777777778,327.0,74.063
ALB,607.4219444444444,327.0,74.063
ALB,629.2219444444445,327.0,74.063
ALB,665.666388888889,328.0,74.063
ALB,702.2019444444445,328.0,74.063
ALB,719.3130555555556,308.0,74.063
ALB,734.7019444444445,277.0,74.063
ALB,750.4352777777779,236.0,74.063
ALB,764.6352777777778,213.0,74.063
ALB,777.3019444444444,190.0,74.063
ALB,789.3686111111111,181.0,74.063
ALB,800.9686111111112,174.0,74.063
ALB,815.2350000000001,161.0,74.063
ALB,823.9572222222223,157.0,74.063
ALB,830.8461111111112,155.0,74.063
ALB,842.5127777777778,150.0,74.063
ALB,850.8461111111112,150.0,74.063
ALB,864.623888888889,155.0,74.063
ALB,879.2016666666667,164.0,74.063
ALB,897.2016666666668,180.0,74.063
ALB,909.5350000000002,185.0,74.063
ALB,919.923888888889,187.0,74.063
ALB,937.1683333333334,194.0,74.063
ALB,952.5683333333334,198.0,74.063
ALB,966.3016666666667,206.0,74.063
ALB,985.2350000000001,213.0,74.063
ALB,994.8794444444446,217.0,74.063
ALB,1011.7572222222224,217.0,74.063
ALB,1027.0238888888891,229.0,74.063
ALB,1039.9213888888892,231.0,74.063
ALB,1058.199166666667,235.0,74.063
ALB,1076.7102777777782,238.0,74.063
ALB,1090.0436111111114,240.0,74.063
ALB,1108.8658333333335,242.0,74.063
ALB,1130.6436111111113,245.0,74.063
ALB,1144.310277777778,246.0,74.063
ALB,1166.4436111111113,249.0,74.063
ALB,1191.5436111111112,251.0,74.063
ALB,1205.4736111111113,252.0,74.063
ALB,1222.4069444444444,254.0,74.063
ALB,1248.0069444444443,256.0,74.063
ALB,1262.2847222222224,257.0,74.063
ALB,1285.3069444444448,259.0,74.063
ALB,1302.7736111111112,262.0,74.063
ALB,1329.2736111111112,265.0,74.063
ALB,1358.940277777778,267.0,74.063
ALB,1386.0402777777779,271.0,74.063
ALB,1404.2402777777777,273.0,74.063
ALB,1425.6291666666666,275.0,74.063
ALB,1450.3402777777778,278.0,74.063
ALB,1462.740277777778,279.0,74.063
ALB,1478.2958333333333,280.0,74.063
ALB,1516.2413888888887,284.0,74.063
ALB,1532.0191666666667,284.0,74.063
ALB,1560.7191666666668,287.0,74.063
ALB,1579.9191666666666,288.0,74.063
ALB,1598.3858333333335,277.0,74.063
ALB,1614.6525000000001,244.0,74.063
ALB,1625.0525000000002,234.0,74.063
ALB,1637.1080555555557,217.0,74.063
ALB,1683.4597222222224,174.0,74.063
ALB,1703.7486111111114,166.0,74.063
ALB,1719.3486111111113,156.0,74.063
ALB,1731.1708333333336,152.0,74.063
ALB,1746.7708333333335,156.0,74.063
ALB,1753.8819444444446,160.0,74.063
ALB,1768.726388888889,167.0,74.063
ALB,1788.5041666666666,178.0,74.063
ALB,1800.7708333333335,184.0,74.063
ALB,1809.2597222222223,191.0,74.063
ALB,1822.1930555555555,194.0,74.063
ALB,1833.4708333333333,203.0,74.063
ALB,1857.2486111111111,214.0,74.063
ALB,1871.9152777777776,220.0,74.063
ALB,1884.4777777777776,225.0,74.063
ALB,1899.8111111111111,230.0,74.063
ALB,1912.8666666666666,235.0,74.063
ALB,1928.8666666666666,240.0,74.063
ALB,1950.5555555555554,244.0,74.063
ALB,1978.6666666666665,253.0,74.063
ALB,1989.911111111111,253.0,74.063
ALB,2010.888888888889,236.0,74.063
ALB,2022.0000000000002,200.0,74.063
ALB,2030.4000000000003,189.0,74.063
ALB,2041.2666666666669,163.0,74.063
ALB,2048.4658333333336,163.0,74.063
ALB,2058.0658333333336,144.0,74.063
ALB,2067.1325,136.0,74.063
ALB,2072.910277777778,130.0,74.063
ALB,2086.3547222222223,121.0,74.063
ALB,2095.3769444444447,116.0,74.063
ALB,2100.399166666667,113.0,74.063
ALB,2112.5102777777784,109.0,74.063
ALB,2120.676944444445,105.0,74.063
ALB,2126.565833333334,106.0,74.063
ALB,2132.676944444445,110.0,74.063
ALB,2142.988055555556,116.0,74.063
ALB,2152.710277777778,125.0,74.063
ALB,2158.4436111111117,129.0,74.063
ALB,2167.576944444445,137.0,74.063
ALB,2174.1102777777783,147.0,74.063
ALB,2188.911944444445,166.0,74.063
ALB,2202.5230555555563,175.0,74.063
ALB,2219.500833333334,191.0,74.063
ALB,2228.1675000000005,195.0,74.063
ALB,2241.5675000000006,201.0,74.063
ALB,2255.634166666667,211.0,74.063
ALB,2272.7452777777785,220.0,74.063
ALB,2290.323055555556,226.0,74.063
ALB,2300.5452777777787,230.0,74.063
ALB,2321.6119444444453,237.0,74.063
ALB,2332.323055555556,241.0,74.063
ALB,2343.1438888888897,245.0,74.063
ALB,2362.432777777778,248.0,74.063
ALB,2379.299444444445,253.0,74.063
ALB,2402.0550000000003,256.0,74.063
ALB,2433.955,261.0,74.063
ALB,2461.332777777778,224.0,74.063
ALB,2474.866111111111,203.0,74.063
ALB,2490.955,181.0,74.063
ALB,2502.4216666666666,172.0,74.063
ALB,2514.943888888889,161.0,74.063
ALB,2527.3883333333333,160.0,74.063
ALB,2546.2105555555554,154.0,74.063
ALB,2556.677222222222,157.0,74.063
ALB,2573.5238888888885,168.0,74.063
ALB,2598.3238888888886,186.0,74.063
ALB,2620.3238888888886,198.0,74.063
ALB,2631.6572222222217,204.0,74.063
ALB,2647.990555555555,210.0,74.063
ALB,2657.546111111111,215.0,74.063
ALB,2682.546111111111,225.0,74.063
ALB,2708.546111111111,234.0,74.063
ALB,2719.123888888889,238.0,74.063
ALB,2732.445833333333,241.0,74.063
ALB,2743.245833333333,243.0,74.063
ALB,2756.9680555555556,247.0,74.063
ALB,2776.490277777778,251.0,74.063
ALB,2796.479166666667,257.0,74.063
ALB,2816.5458333333336,258.0,74.063
ALB,2839.568055555556,259.0,74.063
ALB,2851.079166666667,259.0,74.063
ALB,2874.0125000000003,258.0,74.063
ALB,2891.145833333334,257.0,74.063
ALB,2911.056944444445,256.0,74.063
ALB,2933.901388888889,257.0,74.063
ALB,2951.0347222222226,257.0,74.063
ALB,2965.2569444444453,256.0,74.063
ALB,2979.645833333334,259.0,74.063
ALB,3000.09638888889,262.0,74.063
ALB,3011.7852777777784,263.0,74.063
ALB,3041.8963888888893,271.0,74.063
ALB,3066.4297222222226,276.0,74.063
ALB,3091.3186111111113,280.0,74.063
ALB,3107.040833333334,283.0,74.063
ALB,3122.9297222222226,286.0,74.063
ALB,3135.7741666666675,289.0,74.063
ALB,3155.1741666666676,291.0,74.063
ALB,3168.240833333334,294.0,74.063
ALB,3191.340833333334,297.0,74.063
ALB,3214.5963888888896,299.0,74.063
ALB,3231.2350000000006,301.0,74.063
ALB,3248.0127777777784,302.0,74.063
ALB,3268.279444444445,304.0,74.063
ALB,3295.4794444444447,306.0,74.063
ALB,3312.5350000000003,307.0,74.063
ALB,3329.701666666667,309.0,74.063
ALB,3343.0350000000003,300.0,74.063
ALB,3364.1127777777783,271.0,74.063
ALB,3387.0127777777784,229.0,74.063
ALB,3400.146111111112,197.0,74.063
ALB,3421.2905555555562,173.0,74.063
ALB,3436.1905555555563,149.0,74.063
ALB,3442.5016666666675,142.0,74.063
ALB,3457.205000000001,132.0,74.063
ALB,3462.9827777777787,130.0,74.063
ALB,3468.7605555555565,130.0,74.063
ALB,3475.59388888889,123.0,74.063
ALB,3482.316111111112,121.0,74.063
ALB,3494.9827777777787,114.0,74.063
ALB,3506.3827777777788,114.0,74.063
ALB,3514.4494444444454,121.0,74.063
ALB,3521.4494444444454,126.0,74.063
ALB,3536.6716666666675,137.0,74.063
ALB,3548.027222222223,146.0,74.063
ALB,3554.7827777777784,152.0,74.063
ALB,3570.9377777777786,162.0,74.063
ALB,3580.1600000000008,166.0,74.063
ALB,3594.2377777777783,181.0,74.063
ALB,3609.1711111111117,192.0,74.063
ALB,3620.1155555555565,197.0,74.063
ALB,3631.44888888889,204.0,74.063
ALB,3657.360000000001,212.0,74.063
ALB,3670.626666666668,199.0,74.063
ALB,3681.0155555555566,187.0,74.063
ALB,3690.7933333333344,176.0,74.063
ALB,3701.860000000001,166.0,74.063
ALB,3715.637777777779,155.0,74.063
ALB,3723.9155555555567,149.0,74.063
ALB,3733.315555555557,141.0,74.063
ALB,3747.0536111111123,137.0,74.063
ALB,3754.4425000000015,133.0,74.063
ALB,3762.7758333333345,125.0,74.063
ALB,3768.286944444446,124.0,74.063
ALB,3775.175833333335,124.0,74.063
ALB,3780.820277777779,127.0,74.063
ALB,3791.1647222222236,133.0,74.063
ALB,3800.298055555557,137.0,74.063
ALB,3808.1869444444455,142.0,74.063
ALB,3816.4647222222234,149.0,74.063
ALB,3826.8647222222235,156.0,74.063
ALB,3833.93138888889,159.0,74.063
ALB,3847.5425000000014,175.0,74.063
ALB,3866.242500000001,187.0,74.063
ALB,3876.8558333333344,192.0,74.063
ALB,3890.3891666666677,203.0,74.063
ALB,3902.0558333333347,210.0,74.063
ALB,3929.189166666668,222.0,74.063
ALB,3939.144722222223,224.0,74.063
ALB,3952.0336111111124,232.0,74.063
ALB,3962.4780555555567,235.0,74.063
ALB,3978.478055555557,240.0,74.063
ALB,3991.9780555555562,243.0,74.063
ALB,4002.866944444446,245.0,74.063
ALB,4013.8447222222235,247.0,74.063
ALB,4024.91138888889,249.0,74.063
ALB,4053.1336111111127,254.0,74.063
ALB,4078.933611111113,258.0,74.063
ALB,4111.028611111113,262.0,74.063
ALB,4143.539722222224,266.0,74.063
ALB,4158.539722222224,270.0,74.063
ALB,4173.650833333334,272.0,74.063
ALB,4185.828611111113,274.0,74.063
ALB,4207.373055555557,277.0,74.063
ALB,4219.728611111113,278.0,74.063
ALB,4232.128611111113,279.0,74.063
ALB,4250.528611111113,276.0,74.063
ALB,4265.639722222224,272.0,74.063
ALB,4292.039722222224,264.0,74.063
ALB,4312.417500000001,262.0,74.063
ALB,4343.70638888889,256.0,74.063
ALB,4372.079722222223,256.0,74.063
ALB,4394.924166666668,257.0,74.063
ALB,4417.9463888888895,259.0,74.063
ALB,4444.346388888889,264.0,74.063
ALB,4465.346388888889,270.0,74.063
ALB,4483.479722222222,272.0,74.063
ALB,4498.757500000001,275.0,74.063
ALB,4520.535277777779,280.0,74.063
ALB,4539.468611111113,284.0,74.063
ALB,4555.413055555557,287.0,74.063
ALB,4574.813055555557,291.0,74.063
ALB,4587.871944444446,292.0,74.063
ALB,4620.983055555556,298.0,74.063
ALB,4641.049722222224,301.0,74.063
LEC,7.083333333333333,300.0,74.079
LEC,44.238888888888894,304.0,74.079
LEC,64.70555555555556,307.0,74.079
LEC,92.17222222222222,309.0,74.079
LEC,112.97222222222221,312.0,74.079
LEC,137.39444444444445,314.0,74.079
LEC,161.97222222222223,316.0,74.079
LEC,200.96111111111114,319.0,74.079
LEC,222.29444444444445,320.0,74.079
LEC,254.78444444444446,324.0,74.079
LEC,298.1177777777778,325.0,74.079
LEC,334.4511111111111,327.0,74.079
LEC,352.67333333333335,328.0,74.079
LEC,378.34,330.0,74.079
LEC,393.00666666666666,330.0,74.079
LEC,429.7844444444445,331.0,74.079
LEC,466.5622222222223,331.0,74.079
LEC,481.3177777777778,332.0,74.079
LEC,499.6700000000001,332.0,74.079
LEC,514.4255555555555,332.0,74.079
LEC,532.9255555555555,333.0,74.079
LEC,558.8255555555555,333.0,74.079
LEC,584.7255555555555,333.0,74.079
LEC,610.6255555555555,333.0,74.079
LEC,640.3144444444443,334.0,74.079
LEC,655.1144444444444,333.0,74.079
LEC,684.6255555555556,332.0,74.079
LEC,706.5588888888889,329.0,74.079
LEC,730.5144444444445,308.0,74.079
LEC,753.6255555555556,260.0,74.079
LEC,769.2255555555556,234.0,74.079
LEC,780.5033333333333,203.0,74.079
LEC,790.8922222222222,187.0,74.079
LEC,804.2397222222222,171.0,74.079
LEC,811.7063888888889,168.0,74.079
LEC,828.7063888888889,153.0,74.079
LEC,841.6841666666667,146.0,74.079
LEC,854.7508333333334,147.0,74.079
LEC,863.0841666666666,150.0,74.079
LEC,871.7508333333333,156.0,74.079
LEC,878.8619444444444,160.0,74.079
LEC,890.4619444444444,174.0,74.079
LEC,898.3286111111111,177.0,74.079
LEC,912.3286111111111,180.0,74.079
LEC,926.6397222222222,184.0,74.079
LEC,936.9766666666666,187.0,74.079
LEC,947.4766666666666,189.0,74.079
LEC,960.3433333333332,193.0,74.079
LEC,978.2988888888888,202.0,74.079
LEC,989.8544444444443,208.0,74.079
LEC,1001.6877777777777,213.0,74.079
LEC,1011.3322222222222,217.0,74.079
LEC,1028.9099999999999,226.0,74.079
LEC,1052.0099999999998,231.0,74.079
LEC,1067.6099999999997,234.0,74.079
LEC,1096.6988888888886,238.0,74.079
LEC,1120.5988888888885,239.0,74.079
LEC,1131.2211111111108,239.0,74.079
LEC,1158.0658333333329,241.0,74.079
LEC,1168.9547222222218,245.0,74.079
LEC,1179.976944444444,248.0,74.079
LEC,1193.7547222222217,248.0,74.079
LEC,1207.699166666666,251.0,74.079
LEC,1235.9213888888885,254.0,74.079
LEC,1261.4213888888885,255.0,74.079
LEC,1278.5547222222217,257.0,74.079
LEC,1292.9436111111106,259.0,74.079
LEC,1321.9436111111108,261.0,74.079
LEC,1342.554722222222,265.0,74.079
LEC,1354.4213888888887,267.0,74.079
LEC,1381.446111111111,271.0,74.079
LEC,1396.6127777777774,273.0,74.079
LEC,1417.9238888888885,274.0,74.079
LEC,1439.468333333333,277.0,74.079
LEC,1454.968333333333,279.0,74.079
LEC,1470.579444444444,281.0,74.079
LEC,1505.2905555555553,284.0,74.079
LEC,1524.357222222222,286.0,74.079
LEC,1540.3016666666663,287.0,74.079
LEC,1556.3016666666663,288.0,74.079
LEC,1575.5016666666666,288.0,74.079
LEC,1601.0127777777777,287.0,74.079
LEC,1615.5127777777777,261.0,74.079
LEC,1632.9127777777776,261.0,74.079
LEC,1653.1688888888887,202.0,74.079
LEC,1663.8911111111108,193.0,74.079
LEC,1676.0244444444443,182.0,74.079
LEC,1683.7577777777776,174.0,74.079
LEC,1693.0355555555554,167.0,74.079
LEC,1700.3244444444445,164.0,74.079
LEC,1712.5355555555557,157.0,74.079
LEC,1722.868888888889,155.0,74.079
LEC,1731.48,155.0,74.079
LEC,1740.1466666666668,156.0,74.079
LEC,1750.68,158.0,74.079
LEC,1757.7466666666667,159.0,74.079
LEC,1770.5022222222224,164.0,74.079
LEC,1787.9022222222222,174.0,74.079
LEC,1797.9075,181.0,74.079
LEC,1810.4408333333336,188.0,74.079
LEC,1821.2741666666668,195.0,74.079
LEC,1846.574166666667,207.0,74.079
LEC,1856.0408333333337,213.0,74.079
LEC,1868.2075000000002,219.0,74.079
LEC,1878.0741666666668,222.0,74.079
LEC,1893.1408333333334,226.0,74.079
LEC,1905.8075,228.0,74.079
LEC,1916.1630555555555,233.0,74.079
LEC,1926.7408333333333,238.0,74.079
LEC,1937.5408333333332,243.0,74.079
LEC,1965.318611111111,250.0,74.079
LEC,1990.918611111111,256.0,74.079
LEC,2019.951111111111,237.0,74.079
LEC,2042.6844444444444,186.0,74.079
LEC,2052.0733333333333,169.0,74.079
LEC,2060.5733333333333,153.0,74.079
LEC,2066.7955555555554,140.0,74.079
LEC,2076.673333333333,127.0,74.079
LEC,2082.317777777778,127.0,74.079
LEC,2087.5177777777776,117.0,74.079
LEC,2095.1177777777775,114.0,74.079
LEC,2101.173333333333,109.0,74.079
LEC,2111.4733333333334,103.0,74.079
LEC,2119.4844444444443,103.0,74.079
LEC,2132.684444444444,108.0,74.079
LEC,2145.3194444444443,114.0,74.079
LEC,2156.519444444444,126.0,74.079
LEC,2169.2305555555554,143.0,74.079
LEC,2185.0305555555556,158.0,74.079
LEC,2198.175,169.0,74.079
LEC,2210.3083333333334,182.0,74.079
LEC,2220.9194444444447,191.0,74.079
LEC,2236.630555555556,202.0,74.079
LEC,2250.7638888888896,212.0,74.079
LEC,2262.819444444445,217.0,74.079
LEC,2277.6861111111116,223.0,74.079
LEC,2287.7486111111116,225.0,74.079
LEC,2314.0819444444446,237.0,74.079
LEC,2330.148611111111,241.0,74.079
LEC,2363.4819444444443,250.0,74.079
LEC,2388.7819444444444,253.0,74.079
LEC,2411.9819444444443,261.0,74.079
LEC,2435.359722222222,263.0,74.079
LEC,2449.9708333333333,263.0,74.079
LEC,2461.259722222222,254.0,74.079
LEC,2475.3930555555557,212.0,74.079
LEC,2489.781944444445,185.0,74.079
LEC,2507.181944444445,174.0,74.079
LEC,2522.3344444444447,171.0,74.079
LEC,2529.445555555556,160.0,74.079
LEC,2539.845555555556,156.0,74.079
LEC,2551.8233333333337,154.0,74.079
LEC,2562.223333333334,156.0,74.079
LEC,2571.0011111111116,158.0,74.079
LEC,2581.8011111111114,162.0,74.079
LEC,2593.3344444444447,173.0,74.079
LEC,2610.2233333333334,190.0,74.079
LEC,2630.0233333333335,198.0,74.079
LEC,2639.0900000000006,204.0,74.079
LEC,2655.5788888888897,212.0,74.079
LEC,2680.1958333333337,221.0,74.079
LEC,2692.806944444445,227.0,74.079
LEC,2708.2069444444446,231.0,74.079
LEC,2726.718055555556,238.0,74.079
LEC,2751.018055555556,243.0,74.079
LEC,2764.740277777779,247.0,74.079
LEC,2787.140277777779,252.0,74.079
LEC,2798.4291666666677,254.0,74.079
LEC,2809.806944444446,256.0,74.079
LEC,2832.295833333335,253.0,74.079
LEC,2859.9625000000015,249.0,74.079
LEC,2879.1736111111127,247.0,74.079
LEC,2901.0402777777795,246.0,74.079
LEC,2937.2261111111125,251.0,74.079
LEC,2948.4261111111123,252.0,74.079
LEC,2971.092777777779,255.0,74.079
LEC,2994.026111111112,258.0,74.079
LEC,3005.581666666668,260.0,74.079
LEC,3022.981666666668,261.0,74.079
LEC,3037.815000000001,267.0,74.079
LEC,3052.815000000001,270.0,74.079
LEC,3074.2816666666677,276.0,74.079
LEC,3099.1705555555563,280.0,74.079
LEC,3114.9483333333337,284.0,74.079
LEC,3140.539166666667,287.0,74.079
LEC,3156.6502777777782,290.0,74.079
LEC,3172.872500000001,292.0,74.079
LEC,3189.2613888888895,295.0,74.079
LEC,3219.1613888888896,299.0,74.079
LEC,3252.6058333333344,301.0,74.079
LEC,3272.872500000001,304.0,74.079
LEC,3296.594722222223,305.0,74.079
LEC,3320.550277777779,308.0,74.079
LEC,3337.7169444444457,309.0,74.079
LEC,3365.0947222222235,308.0,74.079
LEC,3389.4502777777784,274.0,74.079
LEC,3400.9169444444456,258.0,74.079
LEC,3415.250277777779,215.0,74.079
LEC,3433.7594444444458,167.0,74.079
LEC,3442.20388888889,152.0,74.079
LEC,3458.092777777779,130.0,74.079
LEC,3471.6483333333344,122.0,74.079
LEC,3478.092777777779,116.0,74.079
LEC,3485.7594444444453,115.0,74.079
LEC,3490.826111111112,114.0,74.079
LEC,3503.937222222223,118.0,74.079
LEC,3511.937222222223,120.0,74.079
LEC,3527.7397222222235,129.0,74.079
LEC,3536.5397222222236,132.0,74.079
LEC,3545.5397222222236,135.0,74.079
LEC,3558.250833333335,143.0,74.079
LEC,3568.050833333335,147.0,74.079
LEC,3574.717500000002,150.0,74.079
LEC,3588.6730555555578,157.0,74.079
LEC,3603.250833333336,164.0,74.079
LEC,3610.806388888891,170.0,74.079
LEC,3624.4175000000023,175.0,74.079
LEC,3640.8619444444466,185.0,74.079
LEC,3655.7175000000025,191.0,74.079
LEC,3668.717500000002,195.0,74.079
LEC,3683.1841666666687,186.0,74.079
LEC,3697.028611111113,178.0,74.079
LEC,3704.448611111113,168.0,74.079
LEC,3718.6708333333354,160.0,74.079
LEC,3733.7708333333353,151.0,74.079
LEC,3749.548611111113,142.0,74.079
LEC,3760.2041666666687,137.0,74.079
LEC,3772.4708333333356,138.0,74.079
LEC,3784.91527777778,140.0,74.079
LEC,3797.626388888891,143.0,74.079
LEC,3809.1005555555575,147.0,74.079
LEC,3819.2338888888908,152.0,74.079
LEC,3835.4338888888906,162.0,74.079
LEC,3842.945000000002,169.0,74.079
LEC,3858.5894444444466,176.0,74.079
LEC,3874.945000000002,184.0,74.079
LEC,3883.6116666666685,195.0,74.079
LEC,3901.9227777777796,206.0,74.079
LEC,3923.52277777778,216.0,74.079
LEC,3933.345000000002,221.0,74.079
LEC,3964.5450000000023,234.0,74.079
LEC,3975.033888888891,236.0,74.079
LEC,3999.433888888891,244.0,74.079
LEC,4015.8338888888907,246.0,74.079
LEC,4029.667222222224,249.0,74.079
LEC,4048.887222222224,248.0,74.079
LEC,4059.9538888888906,249.0,74.079
LEC,4073.787222222224,249.0,74.079
LEC,4084.942777777779,251.0,74.079
LEC,4101.8761111111135,254.0,74.079
LEC,4124.809444444446,258.0,74.079
LEC,4145.265000000001,263.0,74.079
LEC,4160.0427777777795,266.0,74.079
LEC,4171.865000000002,266.0,74.079
LEC,4183.8650000000025,270.0,74.079
LEC,4198.976111111113,272.0,74.079
LEC,4220.44277777778,276.0,74.079
LEC,4238.584722222225,271.0,74.079
LEC,4255.651388888892,256.0,74.079
LEC,4269.762500000003,254.0,74.079
LEC,4283.484722222225,247.0,74.079
LEC,4294.462500000002,247.0,74.079
LEC,4310.5958333333365,242.0,74.079
LEC,4326.795833333336,243.0,74.079
LEC,4348.573611111115,245.0,74.079
LEC,4359.462500000003,245.0,74.079
LEC,4381.5958333333365,249.0,74.079
LEC,4401.040277777781,250.0,74.079
LEC,4415.0958333333365,253.0,74.079
LEC,4429.373611111115,257.0,74.079
LEC,4449.673611111115,261.0,74.079
LEC,4467.206944444448,263.0,74.079
LEC,4482.040277777782,267.0,74.079
LEC,4506.306944444448,273.0,74.079
LEC,4530.940833333338,278.0,74.079
LEC,4543.429722222228,281.0,74.079
LEC,4565.596388888894,285.0,74.079
LEC,4578.35194444445,287.0,74.079
LEC,4607.65194444445,293.0,74.079
LEC,4630.518611111117,294.0,74.079
SAR,2.7672222222222222,293.0,74.699
SAR,25.867222222222225,297.0,74.699
SAR,45.80055555555556,299.0,74.699
SAR,62.60638888888889,301.0,74.699
SAR,86.25083333333333,304.0,74.699
SAR,110.12861111111111,307.0,74.699
SAR,127.23972222222221,308.0,74.699
SAR,151.35083333333333,310.0,74.699
SAR,179.17305555555558,313.0,74.699
SAR,196.6175,314.0,74.699
SAR,224.6175,315.0,74.699
SAR,256.31750000000005,317.0,74.699
SAR,273.89583333333337,318.0,74.699
SAR,295.1625000000001,319.0,74.699
SAR,327.1625000000001,320.0,74.699
SAR,344.99583333333345,321.0,74.699
SAR,373.61805555555566,322.0,74.699
SAR,395.151388888889,323.0,74.699
SAR,427.45138888888897,323.0,74.699
SAR,463.5625000000001,325.0,74.699
SAR,496.16250000000014,326.0,74.699
SAR,517.8958333333334,326.0,74.699
SAR,543.3291666666668,327.0,74.699
SAR,572.3958333333335,327.0,74.699
SAR,586.9291666666668,327.0,74.699
SAR,605.0958333333334,327.0,74.699
SAR,648.7866666666669,327.0,74.699
SAR,666.9533333333335,327.0,74.699
SAR,699.6533333333335,327.0,74.699
SAR,720.9866666666668,320.0,74.699
SAR,738.9200000000002,269.0,74.699
SAR,755.1200000000002,243.0,74.699
SAR,765.0311111111114,223.0,74.699
SAR,776.4755555555558,206.0,74.699
SAR,820.4297222222226,165.0,74.699
SAR,839.2519444444448,154.0,74.699
SAR,854.8519444444448,156.0,74.699
SAR,867.1408333333337,158.0,74.699
SAR,884.1408333333337,170.0,74.699
SAR,891.8741666666671,174.0,74.699
SAR,907.6075000000004,177.0,74.699
SAR,927.274166666667,177.0,74.699
SAR,939.1408333333337,178.0,74.699
SAR,947.2297222222226,182.0,74.699
SAR,959.6963888888893,187.0,74.699
SAR,970.4186111111115,193.0,74.699
SAR,993.1963888888893,205.0,74.699
SAR,1007.1963888888893,210.0,74.699
SAR,1019.3122222222227,217.0,74.699
SAR,1034.1122222222227,222.0,74.699
SAR,1046.6677777777782,226.0,74.699
SAR,1061.9344444444448,229.0,74.699
SAR,1082.645555555556,233.0,74.699
SAR,1109.0900000000006,238.0,74.699
SAR,1119.7566666666673,240.0,74.699
SAR,1141.3566666666673,243.0,74.699
SAR,1154.9677777777783,245.0,74.699
SAR,1165.9455555555562,247.0,74.699
SAR,1182.5455555555561,249.0,74.699
SAR,1193.5872222222229,250.0,74.699
SAR,1210.320555555556,251.0,74.699
SAR,1227.1872222222228,253.0,74.699
SAR,1238.4761111111118,254.0,74.699
SAR,1267.0316666666672,257.0,74.699
SAR,1287.1761111111118,259.0,74.699
SAR,1298.7761111111117,261.0,74.699
SAR,1328.109444444445,264.0,74.699
SAR,1348.7983333333339,266.0,74.699
SAR,1363.6872222222228,268.0,74.699
SAR,1378.6872222222228,270.0,74.699
SAR,1402.9538888888894,273.0,74.699
SAR,1424.3427777777783,275.0,74.699
SAR,1436.609444444445,276.0,74.699
SAR,1455.1427777777783,278.0,74.699
SAR,1467.5427777777784,279.0,74.699
SAR,1492.598611111112,281.0,74.699
SAR,1514.609722222223,283.0,74.699
SAR,1539.9430555555562,285.0,74.699
SAR,1552.6541666666674,286.0,74.699
SAR,1571.7875000000008,287.0,74.699
SAR,1590.9875000000006,288.0,74.699
SAR,1612.609722222223,278.0,74.699
SAR,1630.8875000000005,235.0,74.699
SAR,1640.531944444445,217.0,74.699
SAR,1659.1986111111116,210.0,74.699
SAR,1667.5541666666672,188.0,74.699
SAR,1675.6366666666675,183.0,74.699
SAR,1689.0144444444452,172.0,74.699
SAR,1700.081111111112,166.0,74.699
SAR,1714.481111111112,162.0,74.699
SAR,1733.3033333333342,154.0,74.699
SAR,1752.6144444444453,158.0,74.699
SAR,1763.4144444444453,162.0,74.699
SAR,1778.2588888888897,167.0,74.699
SAR,1789.5255555555564,169.0,74.699
SAR,1803.1366666666675,175.0,74.699
SAR,1817.0588888888897,179.0,74.699
SAR,1840.770000000001,194.0,74.699
SAR,1854.3033333333342,203.0,74.699
SAR,1875.4619444444454,211.0,74.699
SAR,1905.1952777777788,223.0,74.699
SAR,1930.639722222223,229.0,74.699
SAR,1943.7508333333342,236.0,74.699
SAR,1962.5730555555565,242.0,74.699
SAR,1973.50638888889,246.0,74.699
SAR,2001.3952777777786,251.0,74.699
SAR,2024.9508333333342,212.0,74.699
SAR,2033.8397222222231,200.0,74.699
SAR,2043.6791666666675,178.0,74.699
SAR,2050.834722222223,161.0,74.699
SAR,2059.1125000000006,149.0,74.699
SAR,2070.7013888888896,149.0,74.699
SAR,2080.9680555555565,132.0,74.699
SAR,2090.3791666666675,121.0,74.699
SAR,2100.6902777777786,116.0,74.699
SAR,2105.6680555555563,112.0,74.699
SAR,2115.268055555556,108.0,74.699
SAR,2122.0680555555564,102.0,74.699
SAR,2130.00138888889,102.0,74.699
SAR,2139.423611111112,106.0,74.699
SAR,2146.823611111112,111.0,74.699
SAR,2153.268055555556,116.0,74.699
SAR,2159.8791666666675,119.0,74.699
SAR,2170.2605555555565,133.0,74.699
SAR,2176.3494444444455,137.0,74.699
SAR,2193.905000000001,158.0,74.699
SAR,2209.4605555555568,175.0,74.699
SAR,2226.171666666668,188.0,74.699
SAR,2236.7827777777793,191.0,74.699
SAR,2247.3938888888906,191.0,74.699
SAR,2256.5050000000015,205.0,74.699
SAR,2270.838333333335,215.0,74.699
SAR,2280.527222222224,218.0,74.699
SAR,2297.8716666666683,223.0,74.699
SAR,2315.9938888888905,233.0,74.699
SAR,2329.094722222224,237.0,74.699
SAR,2342.483611111113,241.0,74.699
SAR,2358.8169444444466,245.0,74.699
SAR,2381.1280555555572,251.0,74.699
SAR,2395.2391666666686,254.0,74.699
SAR,2409.4058333333355,255.0,74.699
SAR,2420.7836111111133,256.0,74.699
SAR,2440.85027777778,258.0,74.699
SAR,2463.65027777778,228.0,74.699
SAR,2477.25027777778,204.0,74.699
SAR,2499.861388888891,185.0,74.699
SAR,2516.0613888888906,162.0,74.699
SAR,2523.083611111113,158.0,74.699
SAR,2540.014722222224,152.0,74.699
SAR,2546.77027777778,152.0,74.699
SAR,2553.6147222222244,154.0,74.699
SAR,2562.3369444444465,157.0,74.699
SAR,2571.281388888891,161.0,74.699
SAR,2590.6147222222244,174.0,74.699
SAR,2609.1147222222244,185.0,74.699
SAR,2622.0480555555573,194.0,74.699
SAR,2633.1591666666686,200.0,74.699
SAR,2656.603611111113,211.0,74.699
SAR,2673.6369444444463,219.0,74.699
SAR,2683.3702777777794,219.0,74.699
SAR,2706.3063888888905,230.0,74.699
SAR,2719.3063888888905,234.0,74.699
SAR,2737.973055555557,240.0,74.699
SAR,2756.873055555557,243.0,74.699
SAR,2770.5397222222236,246.0,74.699
SAR,2784.373055555557,249.0,74.699
SAR,2815.661944444446,256.0,74.699
SAR,2832.661944444446,255.0,74.699
SAR,2846.717500000001,253.0,74.699
SAR,2860.7730555555568,253.0,74.699
SAR,2877.4397222222237,250.0,74.699
SAR,2899.661944444446,250.0,74.699
SAR,2913.6063888888903,251.0,74.699
SAR,2930.273055555557,250.0,74.699
SAR,2955.7436111111124,254.0,74.699
SAR,2969.9102777777794,255.0,74.699
SAR,2987.043611111113,257.0,74.699
SAR,2998.465833333335,257.0,74.699
SAR,3012.965833333335,261.0,74.699
SAR,3024.6547222222234,263.0,74.699
SAR,3045.4213888888903,267.0,74.699
SAR,3063.554722222224,272.0,74.699
SAR,3078.8325000000013,275.0,74.699
SAR,3094.276944444446,278.0,74.699
SAR,3112.8769444444465,279.0,74.699
SAR,3125.454722222224,283.0,74.699
SAR,3147.6991666666686,286.0,74.699
SAR,3176.7991666666685,291.0,74.699
SAR,3192.9402777777796,292.0,74.699
SAR,3212.6069444444465,295.0,74.699
SAR,3229.106944444447,297.0,74.699
SAR,3265.8958333333358,301.0,74.699
SAR,3279.273611111114,301.0,74.699
SAR,3296.106944444447,303.0,74.699
SAR,3309.6180555555584,304.0,74.699
SAR,3329.9513888888914,305.0,74.699
SAR,3346.895833333336,305.0,74.699
SAR,3360.0513888888913,296.0,74.699
SAR,3371.7402777777806,263.0,74.699
SAR,3382.7625000000025,248.0,74.699
SAR,3404.873611111114,199.0,74.699
SAR,3421.373611111114,165.0,74.699
SAR,3439.0136111111137,144.0,74.699
SAR,3454.6580555555583,128.0,74.699
SAR,3461.4913888888914,123.0,74.699
SAR,3468.1025000000027,119.0,74.699
SAR,3473.3913888888915,119.0,74.699
SAR,3482.2580555555583,114.0,74.699
SAR,3487.2802777777806,113.0,74.699
SAR,3492.3025000000025,113.0,74.699
SAR,3499.969166666669,115.0,74.699
SAR,3506.6358333333355,120.0,74.699
SAR,3519.2358333333354,126.0,74.699
SAR,3529.658055555558,134.0,74.699
SAR,3547.2580555555583,144.0,74.699
SAR,3564.2155555555582,153.0,74.699
SAR,3578.9711111111133,166.0,74.699
SAR,3594.615555555558,176.0,74.699
SAR,3613.315555555558,187.0,74.699
SAR,3628.4822222222247,195.0,74.699
SAR,3642.0822222222246,204.0,74.699
SAR,3653.7488888888915,210.0,74.699
SAR,3670.2377777777806,212.0,74.699
SAR,3682.8377777777805,189.0,74.699
SAR,3692.5044444444475,174.0,74.699
SAR,3703.3711111111143,163.0,74.699
SAR,3710.213611111114,153.0,74.699
SAR,3725.991388888892,142.0,74.699
SAR,3735.2580555555583,139.0,74.699
SAR,3752.4580555555585,129.0,74.699
SAR,3764.9580555555585,125.0,74.699
SAR,3776.3358333333363,128.0,74.699
SAR,3787.980277777781,131.0,74.699
SAR,3795.480277777781,135.0,74.699
SAR,3801.658055555559,139.0,74.699
SAR,3811.191388888892,143.0,74.699
SAR,3822.935833333336,151.0,74.699
SAR,3839.135833333336,162.0,74.699
SAR,3854.5541666666695,174.0,74.699
SAR,3862.6430555555585,182.0,74.699
SAR,3875.3763888888916,191.0,74.699
SAR,3890.8541666666692,199.0,74.699
SAR,3904.787500000002,209.0,74.699
SAR,3916.731944444447,215.0,74.699
SAR,3931.3986111111144,220.0,74.699
SAR,3946.598611111114,228.0,74.699
SAR,3967.4875000000025,235.0,74.699
SAR,3991.4875000000025,240.0,74.699
SAR,4002.287500000003,243.0,74.699
SAR,4021.576388888892,248.0,74.699
SAR,4049.6463888888916,252.0,74.699
SAR,4063.7019444444472,253.0,74.699
SAR,4080.7686111111134,256.0,74.699
SAR,4100.913055555558,259.0,74.699
SAR,4127.213055555558,263.0,74.699
SAR,4141.93527777778,265.0,74.699
SAR,4165.846388888891,269.0,74.699
SAR,4177.801944444447,269.0,74.699
SAR,4189.93527777778,273.0,74.699
SAR,4214.468611111113,276.0,74.699
SAR,4244.9130555555585,274.0,74.699
SAR,4265.757500000003,268.0,74.699
SAR,4289.4019444444475,266.0,74.699
SAR,4326.308611111114,256.0,74.699
SAR,4337.686388888892,256.0,74.699
SAR,4360.353055555559,255.0,74.699
SAR,4383.197500000003,257.0,74.699
SAR,4394.6197222222245,257.0,74.699
SAR,4411.886388888892,259.0,74.699
SAR,4426.386388888891,261.0,74.699
SAR,4440.941944444447,262.0,74.699
SAR,4461.630833333335,266.0,74.699
SAR,4485.719722222225,271.0,74.699
SAR,4500.997500000001,275.0,74.699
SAR,4526.053333333336,281.0,74.699
SAR,4541.8311111111125,284.0,74.699
SAR,4557.775555555557,287.0,74.699
SAR,4573.886666666668,290.0,74.699
SAR,4603.286666666668,294.0,74.699
SAR,4636.50888888889,299.0,74.699
