Driver,Distance,Speed,LapTimeSec
VER,24.255555555555553,296.0,89.708
VER,50.82722222222222,298.0,89.708
VER,84.38277777777778,302.0,89.708
VER,118.27166666666665,305.0,89.708
VER,135.32722222222222,307.0,89.708
VER,155.7938888888889,307.0,89.708
VER,186.7938888888889,310.0,89.708
VER,210.9738888888889,312.0,89.708
VER,231.77388888888888,312.0,89.708
VER,256.2738888888889,315.0,89.708
VER,270.2738888888889,315.0,89.708
VER,298.4516666666667,317.0,89.708
VER,390.89611111111117,320.0,89.708
VER,412.2961111111112,321.0,89.708
VER,433.7627777777778,322.0,89.708
VER,465.96277777777783,322.0,89.708
VER,487.4961111111112,323.0,89.708
VER,505.44055555555565,323.0,89.708
VER,548.5072222222223,323.0,89.708
VER,569.973888888889,322.0,89.708
VER,603.8627777777778,305.0,89.708
VER,617.9183333333333,253.0,89.708
VER,630.3691666666666,223.0,89.708
VER,649.9247222222222,176.0,89.708
VER,656.9024999999999,157.0,89.708
VER,666.2358333333332,140.0,89.708
VER,672.1024999999998,132.0,89.708
VER,678.4358333333332,114.0,89.708
VER,683.5024999999999,114.0,89.708
VER,692.5772222222222,91.0,89.708
VER,696.5327777777777,89.0,89.708
VER,703.466111111111,78.0,89.708
VER,710.7661111111111,73.0,89.708
VER,717.3661111111111,66.0,89.708
VER,720.2105555555555,64.0,89.708
VER,725.5772222222222,69.0,89.708
VER,731.4105555555556,75.0,89.708
VER,737.7883333333333,82.0,89.708
VER,742.6772222222222,88.0,89.708
VER,748.0661111111111,97.0,89.708
VER,754.7994444444445,101.0,89.708
VER,760.9105555555556,110.0,89.708
VER,766.5550000000001,127.0,89.708
VER,775.4883333333335,134.0,89.708
VER,782.0661111111112,148.0,89.708
VER,794.3550000000001,158.0,89.708
VER,810.1550000000002,158.0,89.708
VER,861.0658333333336,199.0,89.708
VER,872.3436111111113,203.0,89.708
VER,883.9547222222225,209.0,89.708
VER,895.7325000000002,212.0,89.708
VER,920.6213888888891,224.0,89.708
VER,941.0658333333336,230.0,89.708
VER,964.7000000000003,237.0,89.708
VER,980.7000000000002,240.0,89.708
VER,1002.6555555555558,247.0,89.708
VER,1033.9444444444448,256.0,89.708
VER,1048.3888888888891,260.0,89.708
VER,1063.0000000000002,263.0,89.708
VER,1077.8333333333335,267.0,89.708
VER,1092.777777777778,269.0,89.708
VER,1111.0444444444447,274.0,89.708
VER,1142.044444444445,279.0,89.708
VER,1157.7111111111114,282.0,89.708
VER,1170.3333333333337,284.0,89.708
VER,1189.466666666667,287.0,89.708
VER,1202.2666666666669,288.0,89.708
VER,1224.9000000000003,291.0,89.708
VER,1244.4333333333336,293.0,89.708
VER,1257.5444444444447,295.0,89.708
VER,1280.6444444444448,297.0,89.708
VER,1300.5111111111114,298.0,89.708
VER,1313.9277777777781,300.0,89.708
VER,1337.3388888888894,301.0,89.708
VER,1367.5388888888895,302.0,89.708
VER,1390.8722222222225,300.0,89.708
VER,1413.8055555555559,258.0,89.708
VER,1434.8055555555559,210.0,89.708
VER,1445.5277777777783,193.0,89.708
VER,1465.0344444444447,176.0,89.708
VER,1480.034444444445,150.0,89.708
VER,1492.3900000000006,139.0,89.708
VER,1501.3900000000006,135.0,89.708
VER,1508.6122222222227,130.0,89.708
VER,1521.2122222222226,126.0,89.708
VER,1534.1122222222227,129.0,89.708
VER,1541.4455555555562,132.0,89.708
VER,1547.5344444444452,137.0,89.708
VER,1557.0677777777785,143.0,89.708
VER,1563.7344444444452,150.0,89.708
VER,1576.3344444444454,162.0,89.708
VER,1585.8344444444454,171.0,89.708
VER,1597.7677777777785,179.0,89.708
VER,1617.2677777777787,195.0,89.708
VER,1630.601111111112,200.0,89.708
VER,1644.3344444444454,206.0,89.708
VER,1661.11638888889,215.0,89.708
VER,1678.3052777777787,221.0,89.708
VER,1690.9719444444454,228.0,89.708
VER,1709.1719444444452,234.0,89.708
VER,1725.038611111112,238.0,89.708
VER,1741.2386111111118,243.0,89.708
VER,1754.960833333334,247.0,89.708
VER,1783.0719444444453,253.0,89.708
VER,1805.4019444444452,252.0,89.708
VER,1821.4019444444452,240.0,89.708
VER,1841.579722222223,227.0,89.708
VER,1853.968611111112,223.0,89.708
VER,1868.368611111112,216.0,89.708
VER,1880.0352777777784,210.0,89.708
VER,1891.7575000000006,211.0,89.708
VER,1906.090833333334,215.0,89.708
VER,1928.2908333333341,222.0,89.708
VER,1956.768611111112,233.0,89.708
VER,1974.8130555555563,232.0,89.708
VER,1995.7019444444454,235.0,89.708
VER,2011.5686111111117,238.0,89.708
VER,2033.1686111111117,243.0,89.708
VER,2044.0130555555563,244.0,89.708
VER,2066.324166666667,251.0,89.708
VER,2086.228333333334,255.0,89.708
VER,2103.3616666666676,257.0,89.708
VER,2121.2505555555563,230.0,89.708
VER,2141.9172222222232,186.0,89.708
VER,2149.7838888888896,177.0,89.708
VER,2158.6727777777787,160.0,89.708
VER,2167.939444444445,139.0,89.708
VER,2174.995000000001,127.0,89.708
VER,2180.3727777777785,121.0,89.708
VER,2187.7061111111116,110.0,89.708
VER,2195.7661111111115,104.0,89.708
VER,2204.388333333334,97.0,89.708
VER,2210.5883333333336,93.0,89.708
VER,2217.3550000000005,87.0,89.708
VER,2221.2216666666673,87.0,89.708
VER,2224.910555555556,83.0,89.708
VER,2230.177222222223,79.0,89.708
VER,2235.577222222223,81.0,89.708
VER,2245.355000000001,88.0,89.708
VER,2250.577222222223,94.0,89.708
VER,2260.777222222223,102.0,89.708
VER,2268.1772222222226,111.0,89.708
VER,2286.4438888888894,137.0,89.708
VER,2304.5327777777784,148.0,89.708
VER,2313.5327777777784,162.0,89.708
VER,2323.359444444445,176.0,89.708
VER,2337.9038888888895,187.0,89.708
VER,2348.6816666666673,194.0,89.708
VER,2362.0816666666674,201.0,89.708
VER,2378.415000000001,210.0,89.708
VER,2395.370555555556,218.0,89.708
VER,2410.237222222223,223.0,89.708
VER,2436.015000000001,232.0,89.708
VER,2462.6816666666678,240.0,89.708
VER,2476.0588888888897,242.0,89.708
VER,2489.7811111111114,247.0,89.708
VER,2520.9477777777784,255.0,89.708
VER,2546.8477777777784,259.0,89.708
VER,2600.870000000001,187.0,89.708
VER,2612.270000000001,171.0,89.708
VER,2626.847777777779,164.0,89.708
VER,2632.981111111112,138.0,89.708
VER,2639.981111111112,126.0,89.708
VER,2649.847777777779,111.0,89.708
VER,2657.7811111111123,102.0,89.708
VER,2665.0144444444454,93.0,89.708
VER,2675.1819444444454,83.0,89.708
VER,2682.204166666668,79.0,89.708
VER,2686.315277777779,74.0,89.708
VER,2691.5819444444455,79.0,89.708
VER,2698.0375000000013,83.0,89.708
VER,2702.8708333333348,87.0,89.708
VER,2715.7041666666682,105.0,89.708
VER,2720.5930555555574,110.0,89.708
VER,2734.7041666666682,127.0,89.708
VER,2741.108333333335,145.0,89.708
VER,2755.419444444446,161.0,89.708
VER,2769.0305555555574,175.0,89.708
VER,2781.297222222224,184.0,89.708
VER,2800.9972222222236,197.0,89.708
VER,2817.330555555557,210.0,89.708
VER,2839.330555555557,220.0,89.708
VER,2856.908333333335,226.0,89.708
VER,2877.9750000000017,237.0,89.708
VER,2891.4194444444465,242.0,89.708
VER,2919.308333333335,251.0,89.708
VER,2945.2083333333353,259.0,89.708
VER,2968.675000000002,264.0,89.708
VER,2983.4150000000022,264.0,89.708
VER,3013.970555555558,275.0,89.708
VER,3029.359444444447,277.0,89.708
VER,3041.7594444444467,279.0,89.708
VER,3063.8483333333356,284.0,89.708
VER,3079.7927777777804,287.0,89.708
VER,3105.5705555555583,290.0,89.708
VER,3125.0372222222245,292.0,89.708
VER,3138.1038888888916,294.0,89.708
VER,3164.3261111111137,295.0,89.708
VER,3184.126111111114,297.0,89.708
VER,3197.4150000000027,299.0,89.708
VER,3220.820000000003,302.0,89.708
VER,3241.0200000000023,303.0,89.708
VER,3268.1311111111136,305.0,89.708
VER,3292.0088888888913,307.0,89.708
VER,3305.1644444444473,296.0,89.708
VER,3322.964444444447,267.0,89.708
VER,3337.131111111114,255.0,89.708
VER,3362.0644444444474,204.0,89.708
VER,3381.1644444444473,191.0,89.708
VER,3399.364444444447,182.0,89.708
VER,3420.0200000000027,169.0,89.708
VER,3431.286666666669,169.0,89.708
VER,3450.891111111114,176.0,89.708
VER,3461.0022222222246,182.0,89.708
VER,3471.391111111114,187.0,89.708
VER,3484.2577777777806,193.0,89.708
VER,3502.2133333333363,202.0,89.708
VER,3513.6577777777807,206.0,89.708
VER,3527.9244444444475,214.0,89.708
VER,3547.568888888892,221.0,89.708
VER,3567.74666666667,227.0,89.708
VER,3580.635555555559,232.0,89.708
VER,3591.0800000000036,235.0,89.708
VER,3620.590555555559,242.0,89.708
VER,3636.9905555555592,246.0,89.708
VER,3665.10166666667,253.0,89.708
VER,3755.346111111114,262.0,89.708
VER,3769.9572222222255,263.0,89.708
VER,3787.4905555555597,263.0,89.708
VER,3802.1572222222253,264.0,89.708
VER,3819.8905555555593,266.0,89.708
VER,3837.557222222226,265.0,89.708
VER,3861.201666666671,266.0,89.708
VER,3885.0983333333375,268.0,89.708
VER,3909.098333333337,270.0,89.708
VER,3924.098333333337,270.0,89.708
VER,3939.265000000004,273.0,89.708
VER,3951.4427777777814,274.0,89.708
VER,3974.2872222222254,257.0,89.708
VER,3988.5650000000032,257.0,89.708
VER,4000.3983333333367,213.0,89.708
VER,4015.098333333337,189.0,89.708
VER,4030.298333333337,171.0,89.708
VER,4042.820555555559,161.0,89.708
VER,4056.5094444444485,154.0,89.708
VER,4073.0236111111153,149.0,89.708
VER,4091.2347222222265,149.0,89.708
VER,4110.790277777782,160.0,89.708
VER,4124.090277777782,171.0,89.708
VER,4140.356944444449,183.0,89.708
VER,4148.712500000004,188.0,89.708
VER,4157.334722222226,194.0,89.708
VER,4170.868055555559,203.0,89.708
VER,4189.534722222226,210.0,89.708
VER,4211.934722222226,224.0,89.708
VER,4237.934722222225,234.0,89.708
VER,4256.433888888892,237.0,89.708
VER,4269.878333333337,242.0,89.708
VER,4280.81166666667,246.0,89.708
VER,4309.033888888893,254.0,89.708
VER,4331.967222222225,258.0,89.708
VER,4346.467222222225,261.0,89.708
VER,4358.156111111114,263.0,89.708
VER,4375.889444444448,266.0,89.708
VER,4393.889444444448,270.0,89.708
VER,4409.000555555559,272.0,89.708
VER,4433.445000000003,275.0,89.708
VER,4448.833888888892,277.0,89.708
VER,4467.4338888888915,279.0,89.708
VER,4486.155555555559,282.0,89.708
VER,4505.022222222225,283.0,89.708
VER,4530.444444444447,286.0,89.708
VER,4555.955555555558,287.0,89.708
VER,4568.800000000003,289.0,89.708
VER,4591.433333333336,291.0,89.708
VER,4610.833333333336,291.0,89.708
VER,4636.87777777778,293.0,89.708
VER,4649.900000000002,293.0,89.708
VER,4731.844444444447,295.0,89.708
VER,4748.28888888889,296.0,89.708
VER,4779.893888888891,258.0,89.708
VER,4792.671666666669,230.0,89.708
VER,4810.093888888891,196.0,89.708
VER,4823.316111111113,170.0,89.708
VER,4838.216111111114,149.0,89.708
VER,4846.493888888891,149.0,89.708
VER,4852.716111111114,140.0,89.708
VER,4865.816111111114,131.0,89.708
VER,4877.016111111114,126.0,89.708
VER,4886.971666666669,128.0,89.708
VER,4894.193888888892,130.0,89.708
VER,4911.510000000003,142.0,89.708
VER,4919.898888888892,151.0,89.708
VER,4938.787777777781,170.0,89.708
VER,4950.654444444448,178.0,89.708
VER,4960.765555555559,182.0,89.708
VER,4978.365555555559,198.0,89.708
VER,4989.698888888893,204.0,89.708
VER,5006.187777777782,212.0,89.708
VER,5023.298888888893,220.0,89.708
VER,5041.032222222227,228.0,89.708
VER,5056.36555555556,230.0,89.708
VER,5066.854444444449,236.0,89.708
VER,5088.454444444449,243.0,89.708
VER,5099.411388888893,245.0,89.708
VER,5113.022500000005,245.0,89.708
VER,5138.522500000005,255.0,89.708
VER,5155.722500000004,258.0,89.708
VER,5176.100277777782,262.0,89.708
VER,5205.766944444449,267.0,89.708
VER,5217.722500000004,269.0,89.708
VER,5238.87805555556,272.0,89.708
VER,5254.155833333339,275.0,89.708
VER,5275.855833333338,279.0,89.708
VER,5307.411388888893,284.0,89.708
VER,5326.611388888893,288.0,89.708
VER,5342.722500000004,290.0,89.708
VER,5365.430000000004,293.0,89.708
PER,13.319999999999999,296.0,89.846
PER,33.18666666666667,298.0,89.846
PER,66.63111111111112,301.0,89.846
PER,83.46444444444445,303.0,89.846
PER,100.4377777777778,304.0,89.846
PER,134.66000000000003,308.0,89.846
PER,148.3488888888889,308.0,89.846
PER,169.01555555555558,310.0,89.846
PER,182.83777777777777,311.0,89.846
PER,200.17111111111112,312.0,89.846
PER,214.08222222222224,313.0,89.846
PER,245.49472222222224,315.0,89.846
PER,259.53916666666663,316.0,89.846
PER,287.71694444444444,317.0,89.846
PER,319.6169444444444,319.0,89.846
PER,351.6169444444444,320.0,89.846
PER,365.83916666666664,320.0,89.846
PER,390.72805555555556,320.0,89.846
PER,415.7724999999999,322.0,89.846
PER,440.8947222222222,323.0,89.846
PER,458.83916666666664,323.0,89.846
PER,476.83916666666664,324.0,89.846
PER,498.3725,323.0,89.846
PER,516.4280555555555,325.0,89.846
PER,530.8280555555555,324.0,89.846
PER,552.4280555555555,324.0,89.846
PER,566.8280555555555,324.0,89.846
PER,592.1058333333332,325.0,89.846
PER,618.0058333333332,259.0,89.846
PER,659.7066666666665,163.0,89.846
PER,667.3733333333332,138.0,89.846
PER,674.5955555555554,130.0,89.846
PER,680.7622222222221,111.0,89.846
PER,691.3177777777777,95.0,89.846
PER,699.051111111111,87.0,89.846
PER,706.9291666666666,79.0,89.846
PER,711.8625,74.0,89.846
PER,718.1736111111111,71.0,89.846
PER,726.7291666666666,70.0,89.846
PER,730.8402777777777,74.0,89.846
PER,735.2847222222222,80.0,89.846
PER,740.0069444444443,85.0,89.846
PER,745.1180555555554,92.0,89.846
PER,751.7847222222221,100.0,89.846
PER,765.2291666666665,121.0,89.846
PER,772.2291666666665,126.0,89.846
PER,778.4069444444443,139.0,89.846
PER,788.1402777777777,146.0,89.846
PER,794.9847222222221,154.0,89.846
PER,807.5847222222221,162.0,89.846
PER,819.1847222222221,174.0,89.846
PER,827.0513888888888,177.0,89.846
PER,841.673611111111,188.0,89.846
PER,854.7402777777777,196.0,89.846
PER,863.6847222222221,200.0,89.846
PER,879.8625,208.0,89.846
PER,901.5624999999999,217.0,89.846
PER,918.9847222222221,224.0,89.846
PER,939.2513888888888,228.0,89.846
PER,962.9513888888887,237.0,89.846
PER,976.3402777777775,241.0,89.846
PER,1003.9377777777776,249.0,89.846
PER,1029.5377777777776,256.0,89.846
PER,1052.8266666666666,262.0,89.846
PER,1070.4933333333333,265.0,89.846
PER,1085.3822222222223,268.0,89.846
PER,1112.8822222222223,275.0,89.846
PER,1140.9822222222222,281.0,89.846
PER,1156.7044444444443,283.0,89.846
PER,1169.2822222222221,283.0,89.846
PER,1188.4822222222224,288.0,89.846
PER,1201.3266666666668,289.0,89.846
PER,1224.0377777777778,292.0,89.846
PER,1240.3711111111113,294.0,89.846
PER,1260.1044444444444,296.0,89.846
PER,1290.0044444444443,299.0,89.846
PER,1310.0044444444445,300.0,89.846
PER,1330.1377777777777,302.0,89.846
PER,1353.8666666666666,304.0,89.846
PER,1377.588888888889,305.0,89.846
PER,1394.088888888889,297.0,89.846
PER,1414.077777777778,257.0,89.846
PER,1428.6111111111113,218.0,89.846
PER,1441.6111111111113,195.0,89.846
PER,1451.6111111111113,180.0,89.846
PER,1468.9444444444448,156.0,89.846
PER,1481.6158333333337,143.0,89.846
PER,1490.549166666667,134.0,89.846
PER,1501.9269444444446,128.0,89.846
PER,1508.8158333333336,124.0,89.846
PER,1517.0158333333336,123.0,89.846
PER,1523.960277777778,125.0,89.846
PER,1530.960277777778,126.0,89.846
PER,1539.7602777777781,132.0,89.846
PER,1553.9602777777782,142.0,89.846
PER,1573.8825000000004,163.0,89.846
PER,1586.8713888888894,167.0,89.846
PER,1603.4936111111117,187.0,89.846
PER,1616.3602777777783,193.0,89.846
PER,1634.4047222222227,203.0,89.846
PER,1643.6936111111117,209.0,89.846
PER,1662.9825000000008,217.0,89.846
PER,1680.545000000001,225.0,89.846
PER,1695.8116666666676,229.0,89.846
PER,1714.1672222222232,236.0,89.846
PER,1741.1672222222232,243.0,89.846
PER,1752.1450000000011,247.0,89.846
PER,1765.9783333333344,249.0,89.846
PER,1782.7783333333346,252.0,89.846
PER,1796.945000000001,255.0,89.846
PER,1808.0116666666677,249.0,89.846
PER,1823.6783333333342,235.0,89.846
PER,1840.8833333333341,222.0,89.846
PER,1859.7277777777786,212.0,89.846
PER,1873.5944444444453,208.0,89.846
PER,1889.5388888888897,205.0,89.846
PER,1898.8277777777787,209.0,89.846
PER,1908.2055555555564,211.0,89.846
PER,1922.73888888889,218.0,89.846
PER,1937.8055555555566,226.0,89.846
PER,1963.4722222222233,231.0,89.846
PER,1976.4722222222233,234.0,89.846
PER,2000.3722222222232,239.0,89.846
PER,2016.5055555555566,242.0,89.846
PER,2049.705555555556,249.0,89.846
PER,2080.7500000000005,254.0,89.846
PER,2094.9166666666674,255.0,89.846
PER,2109.3216666666676,258.0,89.846
PER,2127.9883333333346,240.0,89.846
PER,2140.155000000001,219.0,89.846
PER,2152.6883333333344,188.0,89.846
PER,2165.832777777779,169.0,89.846
PER,2177.0327777777793,144.0,89.846
PER,2185.299444444446,124.0,89.846
PER,2197.188333333335,107.0,89.846
PER,2207.8550000000014,96.0,89.846
PER,2212.8852777777793,91.0,89.846
PER,2217.663055555557,86.0,89.846
PER,2227.563055555557,81.0,89.846
PER,2235.4630555555573,79.0,89.846
PER,2263.7741666666684,98.0,89.846
PER,2270.7741666666684,105.0,89.846
PER,2281.7963888888908,124.0,89.846
PER,2287.5741666666686,130.0,89.846
PER,2295.407500000002,141.0,89.846
PER,2309.363055555558,157.0,89.846
PER,2322.663055555558,171.0,89.846
PER,2336.2741666666693,175.0,89.846
PER,2360.406666666669,197.0,89.846
PER,2379.0733333333355,210.0,89.846
PER,2391.0733333333355,216.0,89.846
PER,2405.806666666669,221.0,89.846
PER,2423.5400000000027,228.0,89.846
PER,2436.4288888888914,232.0,89.846
PER,2465.8844444444467,241.0,89.846
PER,2476.7288888888916,244.0,89.846
PER,2504.7288888888916,252.0,89.846
PER,2515.9030555555582,253.0,89.846
PER,2538.9252777777806,259.0,89.846
PER,2559.1475000000028,260.0,89.846
PER,2575.8808333333363,251.0,89.846
PER,2598.1808333333365,223.0,89.846
PER,2613.347500000003,195.0,89.846
PER,2629.447500000003,161.0,89.846
PER,2640.4141666666696,141.0,89.846
PER,2651.436388888892,124.0,89.846
PER,2657.769722222225,114.0,89.846
PER,2668.769722222225,99.0,89.846
PER,2678.069722222225,93.0,89.846
PER,2685.8030555555583,87.0,89.846
PER,2690.4930555555584,84.0,89.846
PER,2698.9375000000027,76.0,89.846
PER,2703.2708333333358,78.0,89.846
PER,2706.781944444447,79.0,89.846
PER,2713.393055555558,85.0,89.846
PER,2718.393055555558,90.0,89.846
PER,2727.4597222222246,102.0,89.846
PER,2734.8597222222247,111.0,89.846
PER,2740.2375000000025,121.0,89.846
PER,2752.5041666666693,138.0,89.846
PER,2762.370833333336,148.0,89.846
PER,2768.9486111111137,148.0,89.846
PER,2782.433611111114,174.0,89.846
PER,2794.633611111114,183.0,89.846
PER,2812.411388888892,200.0,89.846
PER,2828.744722222225,210.0,89.846
PER,2838.0780555555584,210.0,89.846
PER,2852.7447222222254,220.0,89.846
PER,2865.4669444444476,229.0,89.846
PER,2894.800277777781,240.0,89.846
PER,2919.500277777781,247.0,89.846
PER,2945.100277777781,256.0,89.846
PER,2977.4891666666695,265.0,89.846
PER,2995.3558333333362,268.0,89.846
PER,3025.9877777777806,275.0,89.846
PER,3041.4322222222254,278.0,89.846
PER,3057.0433333333362,281.0,89.846
PER,3075.9766666666696,284.0,89.846
PER,3101.5766666666696,288.0,89.846
PER,3117.687777777781,290.0,89.846
PER,3137.154444444447,292.0,89.846
PER,3163.4655555555582,296.0,89.846
PER,3189.8655555555583,297.0,89.846
PER,3206.4766666666696,299.0,89.846
PER,3219.854444444447,301.0,89.846
PER,3257.0475000000024,305.0,89.846
PER,3277.4475000000025,306.0,89.846
PER,3310.7808333333355,300.0,89.846
PER,3376.914166666669,192.0,89.846
PER,3387.191944444447,185.0,89.846
PER,3398.9919444444467,177.0,89.846
PER,3408.4919444444467,171.0,89.846
PER,3419.9586111111134,172.0,89.846
PER,3431.5586111111134,174.0,89.846
PER,3447.4697222222244,179.0,89.846
PER,3463.965555555558,185.0,89.846
PER,3480.8544444444465,190.0,89.846
PER,3491.854444444446,198.0,89.846
PER,3503.132222222224,203.0,89.846
PER,3512.376666666668,208.0,89.846
PER,3531.4877777777792,215.0,89.846
PER,3543.7100000000014,220.0,89.846
PER,3556.2100000000014,225.0,89.846
PER,3574.1766666666676,231.0,89.846
PER,3595.2433333333342,237.0,89.846
PER,3614.0655555555563,242.0,89.846
PER,3635.843333333334,245.0,89.846
PER,3663.995000000001,254.0,89.846
PER,3695.406111111112,257.0,89.846
PER,3727.18388888889,260.0,89.846
PER,3747.4838888888903,261.0,89.846
PER,3770.8616666666676,263.0,89.846
PER,3782.550555555556,263.0,89.846
PER,3794.28388888889,264.0,89.846
PER,3811.8838888888895,264.0,89.846
PER,3835.5283333333346,266.0,89.846
PER,3862.2283333333344,267.0,89.846
PER,3892.1172222222226,269.0,89.846
PER,3913.2702777777786,271.0,89.846
PER,3928.3258333333342,271.0,89.846
PER,3940.4591666666674,273.0,89.846
PER,3969.459166666667,261.0,89.846
PER,3988.925833333334,219.0,89.846
PER,4000.092500000001,201.0,89.846
PER,4008.6258333333344,192.0,89.846
PER,4020.292500000001,175.0,89.846
PER,4031.6925000000015,171.0,89.846
PER,4040.692500000001,162.0,89.846
PER,4054.4702777777793,155.0,89.846
PER,4062.8591666666684,151.0,89.846
PER,4072.4591666666684,144.0,89.846
PER,4082.151944444446,146.0,89.846
PER,4092.0186111111125,148.0,89.846
PER,4105.796388888891,155.0,89.846
PER,4120.19638888889,162.0,89.846
PER,4127.751944444446,170.0,89.846
PER,4141.98527777778,183.0,89.846
PER,4154.918611111113,194.0,89.846
PER,4172.963055555557,203.0,89.846
PER,4182.118611111112,206.0,89.846
PER,4247.118611111112,234.0,89.846
PER,4260.340833333335,238.0,89.846
PER,4290.843333333335,249.0,89.846
PER,4304.787777777779,251.0,89.846
PER,4327.632222222223,257.0,89.846
PER,4347.932222222224,261.0,89.846
PER,4374.432222222224,265.0,89.846
PER,4389.321111111112,268.0,89.846
PER,4401.321111111112,270.0,89.846
PER,4428.721111111112,274.0,89.846
PER,4453.432222222224,278.0,89.846
PER,4475.210000000002,280.0,89.846
PER,4490.932222222224,283.0,89.846
PER,4525.564444444446,284.0,89.846
PER,4541.50888888889,287.0,89.846
PER,4573.620000000001,289.0,89.846
PER,4593.020000000001,291.0,89.846
PER,4609.242222222224,292.0,89.846
PER,4635.286666666668,293.0,89.846
PER,4651.620000000002,294.0,89.846
PER,4674.564444444446,295.0,89.846
PER,4697.50888888889,295.0,89.846
PER,4720.531111111112,296.0,89.846
PER,4740.264444444445,296.0,89.846
PER,4753.375555555555,295.0,89.846
PER,4776.575555555556,261.0,89.846
PER,4787.085277777778,235.0,89.846
PER,4798.863055555556,212.0,89.846
PER,4817.163055555556,183.0,89.846
PER,4827.896388888889,161.0,89.846
PER,4839.485277777778,149.0,89.846
PER,4854.929722222222,139.0,89.846
PER,4860.929722222222,135.0,89.846
PER,4871.11861111111,131.0,89.846
PER,4878.11861111111,126.0,89.846
PER,4888.074166666665,128.0,89.846
PER,4903.185277777777,136.0,89.846
PER,4912.51861111111,140.0,89.846
PER,4920.51861111111,144.0,89.846
PER,4932.76361111111,158.0,89.846
PER,4943.830277777777,166.0,89.846
PER,4951.385833333333,170.0,89.846
PER,4967.919166666666,186.0,89.846
PER,4978.585833333333,192.0,89.846
PER,4987.430277777777,199.0,89.846
PER,5003.685833333332,209.0,89.846
PER,5015.630277777776,215.0,89.846
PER,5027.852499999999,220.0,89.846
PER,5040.352499999999,225.0,89.846
PER,5061.06361111111,233.0,89.846
PER,5084.9636111111095,239.0,89.846
PER,5098.4636111111095,243.0,89.846
PER,5120.844444444443,251.0,89.846
PER,5140.5999999999985,254.0,89.846
PER,5154.7666666666655,255.0,89.846
PER,5172.166666666665,261.0,89.846
PER,5204.677777777776,266.0,89.846
PER,5228.588888888888,269.0,89.846
PER,5243.699999999999,272.0,89.846
PER,5271.499999999999,278.0,89.846
PER,5293.4333333333325,282.0,89.846
PER,5315.5999999999985,285.0,89.846
PER,5334.866666666666,289.0,89.846
PER,5357.577777777777,292.0,89.846
LEC,16.279999999999998,296.0,90.0
LEC,42.94666666666666,300.0,90.0
LEC,56.32444444444444,301.0,90.0
LEC,79.8911111111111,303.0,90.0
LEC,100.15777777777777,304.0,90.0
LEC,137.92444444444442,309.0,90.0
LEC,158.5244444444444,309.0,90.0
LEC,189.72444444444443,312.0,90.0
LEC,221.0372222222222,314.0,90.0
LEC,256.1483333333333,316.0,90.0
LEC,270.1927777777778,316.0,90.0
LEC,298.5477777777778,318.0,90.0
LEC,323.43666666666667,320.0,90.0
LEC,337.7033333333334,321.0,90.0
LEC,351.97,321.0,90.0
LEC,380.5922222222222,322.0,90.0
LEC,398.4811111111111,322.0,90.0
LEC,430.7811111111111,323.0,90.0
LEC,452.3811111111111,324.0,90.0
LEC,477.58111111111106,324.0,90.0
LEC,495.63666666666666,325.0,90.0
LEC,520.9144444444445,325.0,90.0
LEC,546.1144444444445,324.0,90.0
LEC,571.1588888888889,322.0,90.0
LEC,592.4922222222223,320.0,90.0
LEC,605.87,301.0,90.0
LEC,623.4033333333333,263.0,90.0
LEC,640.3588888888888,218.0,90.0
LEC,649.4255555555555,204.0,90.0
LEC,676.5144444444445,106.0,90.0
LEC,681.7366666666667,94.0,90.0
LEC,685.7366666666667,90.0,90.0
LEC,689.3811111111112,82.0,90.0
LEC,696.4613888888889,71.0,90.0
LEC,704.5280555555555,66.0,90.0
LEC,709.4455555555555,63.0,90.0
LEC,714.3455555555555,63.0,90.0
LEC,720.2122222222222,66.0,90.0
LEC,724.8788888888888,70.0,90.0
LEC,731.0233333333332,79.0,90.0
LEC,735.801111111111,86.0,90.0
LEC,741.801111111111,90.0,90.0
LEC,753.6899999999998,107.0,90.0
LEC,759.1566666666665,123.0,90.0
LEC,764.801111111111,127.0,90.0
LEC,777.6899999999999,145.0,90.0
LEC,786.2455555555555,154.0,90.0
LEC,794.9677777777778,157.0,90.0
LEC,804.301111111111,168.0,90.0
LEC,816.0344444444444,176.0,90.0
LEC,830.1899999999999,182.0,90.0
LEC,849.79,196.0,90.0
LEC,858.8122222222222,203.0,90.0
LEC,870.2566666666667,206.0,90.0
LEC,897.1455555555556,220.0,90.0
LEC,909.59,224.0,90.0
LEC,919.6788888888889,227.0,90.0
LEC,937.801111111111,233.0,90.0
LEC,950.8466666666666,236.0,90.0
LEC,961.5133333333332,240.0,90.0
LEC,988.6244444444442,244.0,90.0
LEC,1002.5269444444442,249.0,90.0
LEC,1019.393611111111,253.0,90.0
LEC,1048.3936111111109,261.0,90.0
LEC,1066.1269444444445,266.0,90.0
LEC,1078.0825,269.0,90.0
LEC,1090.0824999999998,270.0,90.0
LEC,1105.3047222222222,274.0,90.0
LEC,1133.104722222222,278.0,90.0
LEC,1148.7158333333332,281.0,90.0
LEC,1183.671388888889,286.0,90.0
LEC,1219.3602777777776,292.0,90.0
LEC,1232.3824999999997,293.0,90.0
LEC,1258.7824999999998,297.0,90.0
LEC,1278.7158333333332,299.0,90.0
LEC,1302.126944444444,301.0,90.0
LEC,1325.6936111111108,303.0,90.0
LEC,1345.9602777777773,304.0,90.0
LEC,1366.2269444444441,304.0,90.0
LEC,1386.426944444444,303.0,90.0
LEC,1413.6491666666664,245.0,90.0
LEC,1423.8713888888885,230.0,90.0
LEC,1435.3158333333329,206.0,90.0
LEC,1452.1688888888884,169.0,90.0
LEC,1468.2799999999995,145.0,90.0
LEC,1475.9466666666663,138.0,90.0
LEC,1488.4813888888884,125.0,90.0
LEC,1498.048055555555,123.0,90.0
LEC,1504.936944444444,124.0,90.0
LEC,1516.3147222222217,128.0,90.0
LEC,1523.5924999999995,131.0,90.0
LEC,1529.459166666666,132.0,90.0
LEC,1541.8147222222217,139.0,90.0
LEC,1548.259166666666,145.0,90.0
LEC,1560.2369444444437,154.0,90.0
LEC,1576.6369444444435,164.0,90.0
LEC,1594.2369444444437,176.0,90.0
LEC,1604.4591666666659,184.0,90.0
LEC,1615.070277777777,191.0,90.0
LEC,1633.6480555555547,209.0,90.0
LEC,1660.7813888888882,222.0,90.0
LEC,1670.7813888888882,225.0,90.0
LEC,1686.181388888888,231.0,90.0
LEC,1699.292499999999,236.0,90.0
LEC,1723.392499999999,241.0,90.0
LEC,1736.8924999999992,243.0,90.0
LEC,1750.670277777777,248.0,90.0
LEC,1767.4036111111102,251.0,90.0
LEC,1781.292499999999,250.0,90.0
LEC,1792.3783333333326,251.0,90.0
LEC,1810.9672222222214,239.0,90.0
LEC,1823.808888888888,230.0,90.0
LEC,1840.9199999999992,220.0,90.0
LEC,1850.4755555555548,215.0,90.0
LEC,1862.308888888888,213.0,90.0
LEC,1874.1422222222213,213.0,90.0
LEC,1900.786666666666,218.0,90.0
LEC,1910.5199999999993,219.0,90.0
LEC,1936.1866666666658,231.0,90.0
LEC,1946.586666666666,234.0,90.0
LEC,1964.9422222222213,236.0,90.0
LEC,1980.808888888888,238.0,90.0
LEC,2024.5422222222214,246.0,90.0
LEC,2041.1422222222216,249.0,90.0
LEC,2063.7199999999993,254.0,90.0
LEC,2077.83111111111,254.0,90.0
LEC,2089.2088888888884,256.0,90.0
LEC,2106.4755555555553,259.0,90.0
LEC,2117.7199999999993,253.0,90.0
LEC,2129.664444444444,215.0,90.0
LEC,2142.3977777777773,191.0,90.0
LEC,2153.1977777777774,162.0,90.0
LEC,2161.3644444444444,147.0,90.0
LEC,2172.742222222222,128.0,90.0
LEC,2181.531111111111,113.0,90.0
LEC,2186.3311111111107,108.0,90.0
LEC,2195.192222222222,100.0,90.0
LEC,2202.2952777777773,91.0,90.0
LEC,2209.061944444444,87.0,90.0
LEC,2217.261944444444,82.0,90.0
LEC,2223.6397222222217,82.0,90.0
LEC,2232.1397222222217,85.0,90.0
LEC,2235.961944444444,86.0,90.0
LEC,2242.961944444444,90.0,90.0
LEC,2250.506388888888,97.0,90.0
LEC,2256.2286111111102,103.0,90.0
LEC,2264.9397222222215,112.0,90.0
LEC,2274.506388888888,123.0,90.0
LEC,2280.195277777777,128.0,90.0
LEC,2293.5286111111104,150.0,90.0
LEC,2305.9730555555548,160.0,90.0
LEC,2315.361944444444,169.0,90.0
LEC,2333.961944444444,186.0,90.0
LEC,2344.7397222222216,194.0,90.0
LEC,2358.1397222222213,201.0,90.0
LEC,2377.0730555555547,213.0,90.0
LEC,2391.4730555555548,216.0,90.0
LEC,2411.5619444444437,226.0,90.0
LEC,2427.095277777777,233.0,90.0
LEC,2445.5286111111104,237.0,90.0
LEC,2456.239722222221,241.0,90.0
LEC,2469.7827777777766,245.0,90.0
LEC,2489.374722222221,251.0,90.0
LEC,2512.0413888888875,255.0,90.0
LEC,2523.5080555555546,258.0,90.0
LEC,2538.0080555555546,261.0,90.0
LEC,2561.208055555554,261.0,90.0
LEC,2578.208055555554,255.0,90.0
LEC,2588.4302777777766,230.0,90.0
LEC,2603.674722222221,196.0,90.0
LEC,2621.3413888888876,159.0,90.0
LEC,2628.0524999999984,151.0,90.0
LEC,2635.608055555554,136.0,90.0
LEC,2643.3413888888876,116.0,90.0
LEC,2648.274722222221,111.0,90.0
LEC,2655.66361111111,95.0,90.0
LEC,2661.5969444444436,89.0,90.0
LEC,2666.26361111111,84.0,90.0
LEC,2671.46361111111,78.0,90.0
LEC,2677.141388888888,73.0,90.0
LEC,2680.3413888888876,72.0,90.0
LEC,2684.3969444444433,73.0,90.0
LEC,2690.3080555555543,76.0,90.0
LEC,2695.5747222222208,79.0,90.0
LEC,2699.3080555555543,84.0,90.0
LEC,2706.46361111111,92.0,90.0
LEC,2711.9080555555543,98.0,90.0
LEC,2716.4413888888876,102.0,90.0
LEC,2722.6636111111097,112.0,90.0
LEC,2729.4413888888876,122.0,90.0
LEC,2736.738055555554,132.0,90.0
LEC,2748.368333333332,149.0,90.0
LEC,2767.257222222221,170.0,90.0
LEC,2790.723888888888,192.0,90.0
LEC,2816.0238888888875,207.0,90.0
LEC,2840.1349999999984,217.0,90.0
LEC,2855.268333333332,227.0,90.0
LEC,2881.7127777777764,238.0,90.0
LEC,2897.7127777777764,240.0,90.0
LEC,2917.1572222222208,250.0,90.0
LEC,2937.14611111111,257.0,90.0
LEC,2960.6127777777765,264.0,90.0
LEC,2978.4127777777762,267.0,90.0
LEC,2993.4127777777762,270.0,90.0
LEC,3014.8016666666654,275.0,90.0
LEC,3033.268333333332,277.0,90.0
LEC,3061.668333333332,284.0,90.0
LEC,3080.7349999999983,286.0,90.0
LEC,3100.068333333332,290.0,90.0
LEC,3129.2683333333316,292.0,90.0
LEC,3142.379444444443,295.0,90.0
LEC,3168.868333333332,298.0,90.0
LEC,3188.8683333333315,300.0,90.0
LEC,3219.0683333333313,302.0,90.0
LEC,3235.9572222222205,304.0,90.0
LEC,3252.957222222221,306.0,90.0
LEC,3266.557222222221,306.0,90.0
LEC,3293.668333333332,305.0,90.0
LEC,3315.9127777777767,286.0,90.0
LEC,3327.868333333332,269.0,90.0
LEC,3343.0016666666656,227.0,90.0
LEC,3352.734999999999,219.0,90.0
LEC,3365.8683333333324,197.0,90.0
LEC,3378.734999999999,193.0,90.0
LEC,3386.6461111111107,178.0,90.0
LEC,3398.0461111111103,171.0,90.0
LEC,3411.0349999999994,167.0,90.0
LEC,3422.2349999999997,168.0,90.0
LEC,3431.6238888888884,169.0,90.0
LEC,3441.179444444444,172.0,90.0
LEC,3459.179444444444,180.0,90.0
LEC,3473.8794444444443,189.0,90.0
LEC,3493.3794444444443,195.0,90.0
LEC,3504.712777777778,204.0,90.0
LEC,3518.779444444444,211.0,90.0
LEC,3530.7238888888887,215.0,90.0
LEC,3557.857222222222,222.0,90.0
LEC,3567.9905555555556,228.0,90.0
LEC,3596.835,236.0,90.0
LEC,3610.0675,237.0,90.0
LEC,3620.8,243.0,90.0
LEC,3637.1333333333337,245.0,90.0
LEC,3662.3333333333335,252.0,90.0
LEC,3685.177777777778,257.0,90.0
LEC,3699.511111111111,258.0,90.0
LEC,3713.9,259.0,90.0
LEC,3725.3666666666663,258.0,90.0
LEC,3739.8666666666663,261.0,90.0
LEC,3766.2666666666664,264.0,90.0
LEC,3780.8777777777777,263.0,90.0
LEC,3807.4777777777776,266.0,90.0
LEC,3834.1777777777775,267.0,90.0
LEC,3855.1,269.0,90.0
LEC,3885.1000000000004,270.0,90.0
LEC,3897.188888888889,272.0,90.0
LEC,3912.3,272.0,90.0
LEC,3930.5,273.0,90.0
LEC,3960.833333333334,273.0,90.0
LEC,3977.766666666667,254.0,90.0
LEC,3995.4222222222224,227.0,90.0
LEC,4013.2222222222226,178.0,90.0
LEC,4027.8,164.0,90.0
LEC,4038.2666666666673,157.0,90.0
LEC,4044.977777777778,151.0,90.0
LEC,4053.017777777778,144.0,90.0
LEC,4059.2452777777785,141.0,90.0
LEC,4070.0563888888896,139.0,90.0
LEC,4076.278611111112,140.0,90.0
LEC,4084.278611111112,144.0,90.0
LEC,4126.445277777779,165.0,90.0
LEC,4149.05638888889,185.0,90.0
LEC,4157.411944444445,188.0,90.0
LEC,4166.123055555556,196.0,90.0
LEC,4175.011944444445,200.0,90.0
LEC,4193.767500000001,211.0,90.0
LEC,4208.300833333335,218.0,90.0
LEC,4231.200833333334,229.0,90.0
LEC,4246.800833333334,234.0,90.0
LEC,4268.134166666667,240.0,90.0
LEC,4287.3452777777775,247.0,90.0
LEC,4301.289722222222,251.0,90.0
LEC,4315.3452777777775,253.0,90.0
LEC,4332.545277777777,258.0,90.0
LEC,4346.989722222222,260.0,90.0
LEC,4367.600833333333,265.0,90.0
LEC,4397.489722222223,269.0,90.0
LEC,4409.623055555556,273.0,90.0
LEC,4424.900833333334,275.0,90.0
LEC,4459.078333333333,279.0,90.0
LEC,4481.010833333334,283.0,90.0
LEC,4503.177500000001,285.0,90.0
LEC,4525.499722222223,287.0,90.0
LEC,4551.2775,290.0,90.0
LEC,4573.988611111111,292.0,90.0
LEC,4603.388611111111,294.0,90.0
LEC,4622.98861111111,294.0,90.0
LEC,4636.144166666666,296.0,90.0
LEC,4655.944166666665,297.0,90.0
LEC,4675.744166666665,297.0,90.0
LEC,4695.677499999999,299.0,90.0
LEC,4728.899722222221,299.0,90.0
LEC,4745.455277777776,298.0,90.0
LEC,4765.188611111109,296.0,90.0
LEC,4778.0774999999985,290.0,90.0
LEC,4789.455277777776,256.0,90.0
LEC,4806.021944444443,213.0,90.0
LEC,4816.5774999999985,190.0,90.0
LEC,4831.333055555554,166.0,90.0
LEC,4841.533055555554,153.0,90.0
LEC,4849.699722222221,147.0,90.0
LEC,4861.521944444443,133.0,90.0
LEC,4875.855277777776,129.0,90.0
LEC,4881.5886111111095,129.0,90.0
LEC,4898.958055555554,130.0,90.0
LEC,4907.854166666665,134.0,90.0
LEC,4923.854166666665,144.0,90.0
LEC,4938.076388888888,160.0,90.0
LEC,4947.4652777777765,169.0,90.0
LEC,4963.6430555555535,182.0,90.0
LEC,4978.654166666664,193.0,90.0
LEC,4989.765277777776,200.0,90.0
LEC,5005.865277777776,207.0,90.0
LEC,5022.743055555554,217.0,90.0
LEC,5037.743055555554,225.0,90.0
LEC,5055.709722222221,231.0,90.0
LEC,5074.29861111111,239.0,90.0
LEC,5104.487499999999,247.0,90.0
LEC,5115.4652777777765,247.0,90.0
LEC,5126.665277777776,252.0,90.0
LEC,5146.887499999999,260.0,90.0
LEC,5161.443055555555,262.0,90.0
LEC,5176.165277777777,265.0,90.0
LEC,5191.054166666666,268.0,90.0
LEC,5206.054166666666,270.0,90.0
LEC,5224.254166666666,273.0,90.0
LEC,5236.476388888887,275.0,90.0
LEC,5254.809722222221,275.0,90.0
LEC,5283.009722222221,282.0,90.0
LEC,5305.255555555554,285.0,90.0
LEC,5330.855555555554,288.0,90.0
LEC,5346.941388888888,291.0,90.0
LEC,5363.16361111111,292.0,90.0
SAI,22.775555555555556,296.0,90.154
SAI,49.53111111111111,301.0,90.154
SAI,79.84666666666666,304.0,90.154
SAI,100.17999999999999,305.0,90.154
SAI,127.64666666666666,309.0,90.154
SAI,165.53555555555556,310.0,90.154
SAI,182.81333333333336,311.0,90.154
SAI,200.20222222222222,313.0,90.154
SAI,217.70222222222225,315.0,90.154
SAI,235.2577777777778,316.0,90.154
SAI,256.3911111111112,317.0,90.154
SAI,291.9466666666667,320.0,90.154
SAI,309.7800000000001,321.0,90.154
SAI,324.00222222222226,320.0,90.154
SAI,345.4022222222223,321.0,90.154
SAI,359.66888888888894,321.0,90.154
SAI,384.7911111111112,323.0,90.154
SAI,406.32444444444457,323.0,90.154
SAI,420.6800000000001,323.0,90.154
SAI,446.0355555555556,326.0,90.154
SAI,467.7022222222223,325.0,90.154
SAI,482.2369444444446,325.0,90.154
SAI,507.5147222222223,325.0,90.154
SAI,540.1147222222223,326.0,90.154
SAI,565.2369444444446,323.0,90.154
SAI,593.7702777777779,321.0,90.154
SAI,621.1702777777779,274.0,90.154
SAI,634.5591666666668,241.0,90.154
SAI,653.9550000000002,175.0,90.154
SAI,667.7550000000002,138.0,90.154
SAI,678.5994444444447,122.0,90.154
SAI,685.3994444444446,102.0,90.154
SAI,690.7883333333335,97.0,90.154
SAI,698.8883333333335,81.0,90.154
SAI,706.2883333333335,74.0,90.154
SAI,710.232777777778,71.0,90.154
SAI,713.1216666666669,65.0,90.154
SAI,717.3883333333335,64.0,90.154
SAI,720.2772222222225,65.0,90.154
SAI,725.7216666666669,70.0,90.154
SAI,729.832777777778,74.0,90.154
SAI,735.1661111111114,80.0,90.154
SAI,743.9661111111114,88.0,90.154
SAI,750.2994444444447,95.0,90.154
SAI,757.5661111111114,109.0,90.154
SAI,767.2450000000002,124.0,90.154
SAI,778.0561111111114,139.0,90.154
SAI,786.2227777777781,147.0,90.154
SAI,798.511666666667,158.0,90.154
SAI,809.6450000000003,167.0,90.154
SAI,821.511666666667,178.0,90.154
SAI,831.6227777777781,182.0,90.154
SAI,853.6227777777781,198.0,90.154
SAI,871.788055555556,205.0,90.154
SAI,885.7880555555558,210.0,90.154
SAI,905.4325000000003,221.0,90.154
SAI,917.9325000000005,225.0,90.154
SAI,933.1325000000005,228.0,90.154
SAI,946.0213888888893,232.0,90.154
SAI,958.9102777777781,232.0,90.154
SAI,974.8436111111115,239.0,90.154
SAI,999.5436111111114,247.0,90.154
SAI,1030.8325000000004,256.0,90.154
SAI,1051.2102777777784,262.0,90.154
SAI,1074.9436111111117,267.0,90.154
SAI,1093.0102777777784,271.0,90.154
SAI,1117.6325000000006,277.0,90.154
SAI,1129.9436111111117,277.0,90.154
SAI,1155.0991666666673,283.0,90.154
SAI,1177.4230555555562,286.0,90.154
SAI,1196.689722222223,289.0,90.154
SAI,1219.3230555555563,291.0,90.154
SAI,1251.989722222223,294.0,90.154
SAI,1265.1452777777786,296.0,90.154
SAI,1281.7563888888897,299.0,90.154
SAI,1301.7563888888894,300.0,90.154
SAI,1318.5341666666673,302.0,90.154
SAI,1332.000833333334,303.0,90.154
SAI,1352.2675000000008,304.0,90.154
SAI,1375.750000000001,303.0,90.154
SAI,1401.1722222222231,286.0,90.154
SAI,1418.1055555555563,254.0,90.154
SAI,1434.6722222222231,213.0,90.154
SAI,1443.161111111112,191.0,90.154
SAI,1451.2055555555564,181.0,90.154
SAI,1461.8055555555563,159.0,90.154
SAI,1471.7388888888897,149.0,90.154
SAI,1486.961111111112,137.0,90.154
SAI,1494.2944444444452,132.0,90.154
SAI,1507.0944444444451,128.0,90.154
SAI,1515.7611111111119,130.0,90.154
SAI,1533.4944444444452,133.0,90.154
SAI,1550.6055555555563,140.0,90.154
SAI,1558.661111111112,145.0,90.154
SAI,1566.868611111112,147.0,90.154
SAI,1579.468611111112,162.0,90.154
SAI,1588.74638888889,167.0,90.154
SAI,1600.6797222222233,179.0,90.154
SAI,1615.2241666666675,187.0,90.154
SAI,1630.857500000001,201.0,90.154
SAI,1644.6575000000012,207.0,90.154
SAI,1668.6575000000012,216.0,90.154
SAI,1694.1019444444455,229.0,90.154
SAI,1707.0369444444457,234.0,90.154
SAI,1720.2591666666679,238.0,90.154
SAI,1750.3258333333347,246.0,90.154
SAI,1775.2258333333345,249.0,90.154
SAI,1839.070277777779,221.0,90.154
SAI,1853.3369444444459,214.0,90.154
SAI,1871.736944444446,207.0,90.154
SAI,1880.9813888888903,208.0,90.154
SAI,1892.648055555557,210.0,90.154
SAI,1911.4925000000014,212.0,90.154
SAI,1928.7591666666679,222.0,90.154
SAI,1946.3369444444456,226.0,90.154
SAI,1974.5119444444456,230.0,90.154
SAI,1995.2230555555568,233.0,90.154
SAI,2008.223055555557,234.0,90.154
SAI,2024.15638888889,239.0,90.154
SAI,2043.2119444444456,245.0,90.154
SAI,2056.7675000000013,244.0,90.154
SAI,2087.567500000001,252.0,90.154
SAI,2098.7675000000013,252.0,90.154
SAI,2125.2119444444456,238.0,90.154
SAI,2135.105277777779,224.0,90.154
SAI,2151.6386111111124,186.0,90.154
SAI,2163.61638888889,154.0,90.154
SAI,2172.749722222223,137.0,90.154
SAI,2183.849722222223,111.0,90.154
SAI,2191.627500000001,100.0,90.154
SAI,2200.627500000001,90.0,90.154
SAI,2207.31638888889,86.0,90.154
SAI,2214.5163888888897,81.0,90.154
SAI,2218.905277777779,79.0,90.154
SAI,2227.7941666666675,80.0,90.154
SAI,2236.1941666666676,84.0,90.154
SAI,2243.9275000000007,87.0,90.154
SAI,2249.2316666666675,95.0,90.154
SAI,2260.676111111112,103.0,90.154
SAI,2266.565000000001,106.0,90.154
SAI,2271.8538888888897,119.0,90.154
SAI,2282.276111111112,134.0,90.154
SAI,2290.331666666668,145.0,90.154
SAI,2304.55388888889,160.0,90.154
SAI,2315.887222222223,170.0,90.154
SAI,2323.6205555555566,174.0,90.154
SAI,2340.5983333333343,191.0,90.154
SAI,2353.9983333333344,201.0,90.154
SAI,2362.9316666666673,201.0,90.154
SAI,2379.5166666666673,214.0,90.154
SAI,2394.183333333334,220.0,90.154
SAI,2414.627777777778,230.0,90.154
SAI,2432.7500000000005,233.0,90.154
SAI,2443.3722222222227,239.0,90.154
SAI,2459.505555555556,242.0,90.154
SAI,2473.172222222223,246.0,90.154
SAI,2504.3388888888894,255.0,90.154
SAI,2530.0388888888892,257.0,90.154
SAI,2556.0388888888892,260.0,90.154
SAI,2585.8611111111118,244.0,90.154
SAI,2600.327777777778,217.0,90.154
SAI,2620.7119444444447,183.0,90.154
SAI,2629.434166666667,157.0,90.154
SAI,2637.2675,141.0,90.154
SAI,2645.6675,126.0,90.154
SAI,2655.0008333333335,105.0,90.154
SAI,2660.2786111111113,95.0,90.154
SAI,2666.011944444445,86.0,90.154
SAI,2672.9452777777783,78.0,90.154
SAI,2679.611944444445,75.0,90.154
SAI,2683.611944444445,72.0,90.154
SAI,2686.8563888888893,73.0,90.154
SAI,2696.124166666667,76.0,90.154
SAI,2701.7908333333335,85.0,90.154
SAI,2712.7908333333335,99.0,90.154
SAI,2767.213055555556,158.0,90.154
SAI,2776.268611111111,163.0,90.154
SAI,2788.135277777778,178.0,90.154
SAI,2798.524166666667,187.0,90.154
SAI,2811.5241666666666,195.0,90.154
SAI,2825.2575,206.0,90.154
SAI,2844.1908333333336,213.0,90.154
SAI,2864.3425,226.0,90.154
SAI,2885.409166666667,237.0,90.154
SAI,2898.6869444444446,239.0,90.154
SAI,2912.2425000000003,244.0,90.154
SAI,2923.1758333333332,246.0,90.154
SAI,2946.1091666666666,258.0,90.154
SAI,2960.6647222222223,262.0,90.154
SAI,2975.4424999999997,266.0,90.154
SAI,2996.2091666666665,267.0,90.154
SAI,3020.4758333333334,273.0,90.154
SAI,3042.0980555555557,278.0,90.154
SAI,3067.3425,284.0,90.154
SAI,3099.0408333333335,286.0,90.154
SAI,3134.6075,291.0,90.154
SAI,3170.7852777777775,296.0,90.154
SAI,3194.040833333333,299.0,90.154
SAI,3220.7963888888885,301.0,90.154
SAI,3234.2630555555556,303.0,90.154
SAI,3247.818611111111,305.0,90.154
SAI,3268.1519444444443,305.0,90.154
SAI,3295.2630555555556,305.0,90.154
SAI,3325.7630555555556,305.0,90.154
SAI,3353.7630555555556,252.0,90.154
SAI,3370.545,215.0,90.154
SAI,3381.711666666667,201.0,90.154
SAI,3390.1116666666667,189.0,90.154
SAI,3409.445,174.0,90.154
SAI,3424.467222222222,169.0,90.154
SAI,3433.745,167.0,90.154
SAI,3441.1672222222223,167.0,90.154
SAI,3452.367222222222,168.0,90.154
SAI,3463.9005555555555,173.0,90.154
SAI,3473.8450000000003,179.0,90.154
SAI,3490.2894444444446,185.0,90.154
SAI,3501.067222222222,194.0,90.154
SAI,3514.4005555555555,200.0,90.154
SAI,3528.408611111111,211.0,90.154
SAI,3542.6086111111113,213.0,90.154
SAI,3562.253055555556,221.0,90.154
SAI,3582.5197222222228,228.0,90.154
SAI,3592.653055555556,228.0,90.154
SAI,3610.8530555555562,234.0,90.154
SAI,3626.719722222223,238.0,90.154
SAI,3648.497500000001,245.0,90.154
SAI,3659.4752777777785,247.0,90.154
SAI,3730.864166666668,257.0,90.154
SAI,3745.308611111113,260.0,90.154
SAI,3777.4036111111122,262.0,90.154
SAI,3792.070277777779,264.0,90.154
SAI,3815.7147222222243,266.0,90.154
SAI,3836.6369444444467,269.0,90.154
SAI,3863.536944444447,269.0,90.154
SAI,3878.4813888888903,269.0,90.154
SAI,3890.481388888891,270.0,90.154
SAI,3917.581388888891,271.0,90.154
SAI,3941.6702777777796,271.0,90.154
SAI,3962.825833333335,272.0,90.154
SAI,3977.881388888891,271.0,90.154
SAI,4007.0261111111126,239.0,90.154
SAI,4018.415000000002,205.0,90.154
SAI,4037.6372222222244,173.0,90.154
SAI,4048.637222222224,165.0,90.154
SAI,4057.415000000002,158.0,90.154
SAI,4070.659444444446,149.0,90.154
SAI,4078.60388888889,143.0,90.154
SAI,4089.3372222222238,138.0,90.154
SAI,4100.3038888888905,141.0,90.154
SAI,4111.737222222224,147.0,90.154
SAI,4121.937222222224,153.0,90.154
SAI,4128.915000000002,157.0,90.154
SAI,4143.759444444446,167.0,90.154
SAI,4151.496388888891,173.0,90.154
SAI,4161.551944444446,181.0,90.154
SAI,4181.251944444446,197.0,90.154
SAI,4194.8519444444455,204.0,90.154
SAI,4211.1852777777785,210.0,90.154
SAI,4236.074166666668,224.0,90.154
SAI,4246.163055555557,227.0,90.154
SAI,4264.440833333335,235.0,90.154
SAI,4277.663055555558,238.0,90.154
SAI,4296.407500000002,241.0,90.154
SAI,4324.5186111111125,253.0,90.154
SAI,4341.585277777779,256.0,90.154
SAI,4355.974166666668,259.0,90.154
SAI,4376.356666666668,263.0,90.154
SAI,4394.090000000001,266.0,90.154
SAI,4406.001111111112,268.0,90.154
SAI,4430.090000000001,271.0,90.154
SAI,4445.256666666667,273.0,90.154
SAI,4457.567777777779,277.0,90.154
SAI,4479.112222222224,277.0,90.154
SAI,4494.723333333334,281.0,90.154
SAI,4510.390000000001,282.0,90.154
SAI,4526.1677777777795,284.0,90.154
SAI,4551.6788888888905,287.0,90.154
SAI,4580.678888888891,290.0,90.154
SAI,4596.790000000002,290.0,90.154
SAI,4622.915833333335,293.0,90.154
SAI,4645.7047222222245,293.0,90.154
SAI,4662.093611111113,295.0,90.154
SAI,4681.826944444448,296.0,90.154
SAI,4718.126944444448,297.0,90.154
SAI,4744.438055555558,296.0,90.154
SAI,4760.826944444447,295.0,90.154
SAI,4789.026944444447,282.0,90.154
SAI,4808.626944444447,252.0,90.154
SAI,4824.649166666669,206.0,90.154
SAI,4836.582500000002,179.0,90.154
SAI,4848.638055555558,155.0,90.154
SAI,4856.804722222225,147.0,90.154
SAI,4870.466666666669,137.0,90.154
SAI,4880.57777777778,130.0,90.154
SAI,4891.8666666666695,127.0,90.154
SAI,4903.244444444447,128.0,90.154
SAI,4911.977777777781,131.0,90.154
SAI,4917.844444444448,132.0,90.154
SAI,4928.344444444448,135.0,90.154
SAI,4934.611111111114,141.0,90.154
SAI,4942.777777777781,147.0,90.154
SAI,4953.044444444447,154.0,90.154
SAI,4966.111111111114,168.0,90.154
SAI,4986.829444444447,186.0,90.154
SAI,4995.407222222226,193.0,90.154
SAI,5004.1183333333365,196.0,90.154
SAI,5020.218333333337,207.0,90.154
SAI,5047.229444444448,221.0,90.154
SAI,5057.185000000003,224.0,90.154
SAI,5070.018333333337,231.0,90.154
SAI,5083.018333333337,234.0,90.154
SAI,5104.440555555559,241.0,90.154
SAI,5120.7738888888925,245.0,90.154
SAI,5146.073888888893,253.0,90.154
SAI,5177.973888888892,261.0,90.154
SAI,5192.640555555559,264.0,90.154
SAI,5204.418333333337,265.0,90.154
SAI,5216.329444444447,268.0,90.154
SAI,5243.354166666669,271.0,90.154
SAI,5258.576388888891,274.0,90.154
SAI,5273.909722222225,276.0,90.154
SAI,5289.409722222225,279.0,90.154
SAI,5301.943055555558,282.0,90.154
SAI,5314.609722222224,285.0,90.154
SAI,5333.743055555558,287.0,90.154
SAI,5353.076388888891,290.0,90.154
SAI,5375.709722222225,291.0,90.154
ALO,6.628333333333333,291.0,90.336
ALO,32.85055555555555,295.0,90.336
ALO,52.517222222222216,295.0,90.336
ALO,82.41722222222222,299.0,90.336
ALO,102.56750000000001,301.0,90.336
ALO,122.70083333333335,302.0,90.336
ALO,156.3675,303.0,90.336
ALO,173.31194444444446,305.0,90.336
ALO,193.71194444444444,306.0,90.336
ALO,207.3563888888889,307.0,90.336
ALO,221.04527777777776,308.0,90.336
ALO,238.15638888888887,308.0,90.336
ALO,262.2675,310.0,90.336
ALO,279.54527777777776,311.0,90.336
ALO,321.2786111111111,313.0,90.336
ALO,359.6563888888889,314.0,90.336
ALO,387.65638888888884,315.0,90.336
ALO,408.63527777777773,316.0,90.336
ALO,426.19083333333333,316.0,90.336
ALO,440.2352777777778,316.0,90.336
ALO,457.84638888888895,317.0,90.336
ALO,489.64638888888896,318.0,90.336
ALO,514.3797222222222,318.0,90.336
ALO,535.5797222222222,318.0,90.336
ALO,549.7575,319.0,90.336
ALO,571.0241666666667,319.0,90.336
ALO,592.2908333333334,319.0,90.336
ALO,610.7575,277.0,90.336
ALO,629.2241666666667,277.0,90.336
ALO,641.8908333333334,228.0,90.336
ALO,653.0575,200.0,90.336
ALO,665.0352777777778,154.0,90.336
ALO,678.0352777777778,130.0,90.336
ALO,685.3686111111111,110.0,90.336
ALO,694.3686111111111,90.0,90.336
ALO,698.9241666666667,82.0,90.336
ALO,704.0575,77.0,90.336
ALO,707.2575,72.0,90.336
ALO,710.9797222222223,67.0,90.336
ALO,714.5352777777779,64.0,90.336
ALO,720.6352777777779,61.0,90.336
ALO,723.4352777777779,63.0,90.336
ALO,726.3686111111111,66.0,90.336
ALO,731.3019444444444,74.0,90.336
ALO,735.7463888888889,80.0,90.336
ALO,740.3575,83.0,90.336
ALO,747.9525,98.0,90.336
ALO,760.3969444444444,112.0,90.336
ALO,776.0413888888888,128.0,90.336
ALO,788.9302777777777,145.0,90.336
ALO,795.8636111111111,156.0,90.336
ALO,804.8636111111111,162.0,90.336
ALO,819.7080555555556,167.0,90.336
ALO,831.4413888888889,176.0,90.336
ALO,850.1413888888889,187.0,90.336
ALO,863.3413888888889,198.0,90.336
ALO,872.3752777777778,202.0,90.336
ALO,883.7641666666667,205.0,90.336
ALO,895.7086111111112,215.0,90.336
ALO,912.7419444444445,219.0,90.336
ALO,925.1308333333334,223.0,90.336
ALO,940.1975000000001,226.0,90.336
ALO,969.0419444444445,236.0,90.336
ALO,979.6641666666668,239.0,90.336
ALO,990.5086111111112,244.0,90.336
ALO,1001.3975000000002,245.0,90.336
ALO,1015.1752777777779,248.0,90.336
ALO,1031.908611111111,251.0,90.336
ALO,1055.019722222222,260.0,90.336
ALO,1066.708611111111,263.0,90.336
ALO,1084.4419444444445,266.0,90.336
ALO,1102.3752777777777,269.0,90.336
ALO,1114.4641666666666,272.0,90.336
ALO,1129.555,273.0,90.336
ALO,1144.7216666666666,273.0,90.336
ALO,1166.4216666666666,279.0,90.336
ALO,1191.3994444444445,281.0,90.336
ALO,1204.0216666666668,284.0,90.336
ALO,1232.6216666666667,286.0,90.336
ALO,1248.677222222222,289.0,90.336
ALO,1264.7883333333332,290.0,90.336
ALO,1300.7216666666666,294.0,90.336
ALO,1313.8327777777777,295.0,90.336
ALO,1343.5149999999996,296.0,90.336
ALO,1363.3816666666664,298.0,90.336
ALO,1379.9927777777775,299.0,90.336
ALO,1393.237222222222,298.0,90.336
ALO,1408.126111111111,268.0,90.336
ALO,1425.3927777777776,222.0,90.336
ALO,1436.948333333333,208.0,90.336
ALO,1445.4816666666663,192.0,90.336
ALO,1457.148333333333,175.0,90.336
ALO,1477.2816666666663,151.0,90.336
ALO,1489.3705555555553,136.0,90.336
ALO,1499.5594444444441,131.0,90.336
ALO,1508.0927777777774,128.0,90.336
ALO,1520.6927777777776,126.0,90.336
ALO,1526.426111111111,129.0,90.336
ALO,1533.926111111111,135.0,90.336
ALO,1543.0213888888886,137.0,90.336
ALO,1552.754722222222,146.0,90.336
ALO,1563.0880555555552,155.0,90.336
ALO,1571.9213888888887,159.0,90.336
ALO,1583.5880555555552,175.0,90.336
ALO,1591.4991666666663,178.0,90.336
ALO,1603.965833333333,187.0,90.336
ALO,1618.976944444444,193.0,90.336
ALO,1639.2769444444439,203.0,90.336
ALO,1651.2213888888884,215.0,90.336
ALO,1678.1713888888885,220.0,90.336
ALO,1693.638055555555,232.0,90.336
ALO,1720.3047222222217,240.0,90.336
ALO,1730.9713888888884,240.0,90.336
ALO,1747.3047222222217,245.0,90.336
ALO,1761.0824999999995,248.0,90.336
ALO,1777.815833333333,251.0,90.336
ALO,1794.7491666666663,254.0,90.336
ALO,1815.5491666666662,234.0,90.336
ALO,1832.5047222222217,218.0,90.336
ALO,1848.7602777777772,209.0,90.336
ALO,1871.0936111111107,201.0,90.336
ALO,1882.2602777777772,201.0,90.336
ALO,1895.9269444444437,205.0,90.336
ALO,1905.1269444444438,207.0,90.336
ALO,1927.226944444444,221.0,90.336
ALO,1944.5869444444438,224.0,90.336
ALO,1967.4869444444437,229.0,90.336
ALO,1980.4869444444435,234.0,90.336
ALO,1998.9980555555546,238.0,90.336
ALO,2028.698055555555,243.0,90.336
ALO,2050.7424999999994,248.0,90.336
ALO,2081.542499999999,252.0,90.336
ALO,2098.675833333333,257.0,90.336
ALO,2115.880555555555,257.0,90.336
ALO,2126.102777777777,230.0,90.336
ALO,2136.325,230.0,90.336
ALO,2147.2138888888885,196.0,90.336
ALO,2158.947222222222,176.0,90.336
ALO,2166.369444444444,167.0,90.336
ALO,2176.4361111111107,151.0,90.336
ALO,2186.0027777777773,123.0,90.336
ALO,2199.080555555555,107.0,90.336
ALO,2208.7805555555547,97.0,90.336
ALO,2214.7805555555547,90.0,90.336
ALO,2219.502777777777,85.0,90.336
ALO,2228.2805555555547,79.0,90.336
ALO,2233.4805555555545,78.0,90.336
ALO,2238.03611111111,82.0,90.336
ALO,2242.6472222222214,83.0,90.336
ALO,2252.733055555555,91.0,90.336
ALO,2260.5886111111104,101.0,90.336
ALO,2267.5219444444438,104.0,90.336
ALO,2275.3886111111105,118.0,90.336
ALO,2282.333055555555,125.0,90.336
ALO,2289.88861111111,136.0,90.336
ALO,2301.710833333332,152.0,90.336
ALO,2316.4663888888876,166.0,90.336
ALO,2326.18861111111,175.0,90.336
ALO,2342.8627777777765,187.0,90.336
ALO,2353.69611111111,195.0,90.336
ALO,2362.629444444443,201.0,90.336
ALO,2376.229444444443,204.0,90.336
ALO,2385.562777777776,210.0,90.336
ALO,2402.7516666666647,221.0,90.336
ALO,2415.140555555554,223.0,90.336
ALO,2435.762777777776,232.0,90.336
ALO,2454.1183333333315,236.0,90.336
ALO,2470.184999999998,241.0,90.336
ALO,2486.5183333333316,245.0,90.336
ALO,2497.5405555555535,248.0,90.336
ALO,2511.5405555555535,252.0,90.336
ALO,2522.7849999999976,253.0,90.336
ALO,2539.9183333333312,257.0,90.336
ALO,2593.696111111109,220.0,90.336
ALO,2607.0294444444426,200.0,90.336
ALO,2628.1258333333312,173.0,90.336
ALO,2642.792499999998,132.0,90.336
ALO,2655.0147222222204,100.0,90.336
ALO,2664.681388888887,87.0,90.336
ALO,2670.7480555555535,78.0,90.336
ALO,2675.81472222222,76.0,90.336
ALO,2681.43472222222,72.0,90.336
ALO,2684.545833333331,70.0,90.336
ALO,2688.490277777775,71.0,90.336
ALO,2694.63472222222,79.0,90.336
ALO,2699.1902777777755,82.0,90.336
ALO,2704.0791666666646,88.0,90.336
ALO,2708.301388888887,95.0,90.336
ALO,2712.701388888887,99.0,90.336
ALO,2720.101388888887,111.0,90.336
ALO,2729.823611111109,125.0,90.336
ALO,2746.1569444444426,147.0,90.336
ALO,2764.601388888887,166.0,90.336
ALO,2774.379166666665,176.0,90.336
ALO,2791.090277777776,188.0,90.336
ALO,2801.9791666666647,196.0,90.336
ALO,2822.6791666666645,207.0,90.336
ALO,2837.145833333331,217.0,90.336
ALO,2854.723611111109,226.0,90.336
ALO,2886.1247222222205,236.0,90.336
ALO,2913.1247222222205,243.0,90.336
ALO,2935.6136111111095,253.0,90.336
ALO,2955.6024999999986,257.0,90.336
ALO,2975.9802777777763,262.0,90.336
ALO,2990.702499999998,265.0,90.336
ALO,3005.646944444443,269.0,90.336
ALO,3026.878055555554,272.0,90.336
ALO,3042.155833333332,275.0,90.336
ALO,3066.955833333332,279.0,90.336
ALO,3088.6558333333323,279.0,90.336
ALO,3101.23361111111,283.0,90.336
ALO,3117.0669444444434,285.0,90.336
ALO,3142.7558333333322,289.0,90.336
ALO,3168.622499999999,291.0,90.336
ALO,3194.666944444443,293.0,90.336
ALO,3211.055833333332,295.0,90.336
ALO,3227.500277777777,296.0,90.336
ALO,3240.7002777777766,297.0,90.336
ALO,3263.955833333332,299.0,90.336
ALO,3280.5669444444434,299.0,90.336
ALO,3307.411388888888,302.0,90.336
ALO,3320.4780555555544,294.0,90.336
ALO,3344.2780555555546,238.0,90.336
ALO,3354.4113888888883,228.0,90.336
ALO,3374.7547222222215,204.0,90.336
ALO,3387.221388888888,187.0,90.336
ALO,3399.221388888888,180.0,90.336
ALO,3411.021388888888,177.0,90.336
ALO,3420.521388888888,171.0,90.336
ALO,3435.9880555555546,174.0,90.336
ALO,3453.788055555555,178.0,90.336
ALO,3467.994166666666,182.0,90.336
ALO,3489.3274999999994,192.0,90.336
ALO,3502.594166666666,199.0,90.336
ALO,3521.171944444444,209.0,90.336
ALO,3545.171944444444,216.0,90.336
ALO,3572.549722222222,224.0,90.336
ALO,3592.9941666666664,230.0,90.336
ALO,3603.3497222222218,233.0,90.336
ALO,3619.149722222222,237.0,90.336
ALO,3643.449722222222,243.0,90.336
ALO,3654.338611111111,245.0,90.336
ALO,3670.938611111111,249.0,90.336
ALO,3696.138611111111,252.0,90.336
ALO,3713.1386111111105,255.0,90.336
ALO,3727.360833333333,256.0,90.336
ALO,3741.638611111111,257.0,90.336
ALO,3758.838611111111,258.0,90.336
ALO,3784.666666666667,259.0,90.336
ALO,3813.555555555555,260.0,90.336
ALO,3833.933333333333,262.0,90.336
ALO,3851.466666666667,263.0,90.336
ALO,3877.8666666666672,264.0,90.336
ALO,3901.4222222222224,265.0,90.336
ALO,3913.273611111111,265.0,90.336
ALO,3940.0736111111114,268.0,90.336
ALO,3955.018055555556,269.0,90.336
ALO,3979.018055555556,240.0,90.336
ALO,4005.684722222223,200.0,90.336
ALO,4025.906944444445,182.0,90.336
ALO,4043.9069444444453,162.0,90.336
ALO,4052.6291666666675,157.0,90.336
ALO,4061.184722222223,154.0,90.336
ALO,4075.884722222223,147.0,90.336
ALO,4085.5513888888895,145.0,90.336
ALO,4097.1402777777785,149.0,90.336
ALO,4105.6402777777785,153.0,90.336
ALO,4114.529166666667,160.0,90.336
ALO,4123.806944444445,167.0,90.336
ALO,4131.45138888889,172.0,90.336
ALO,4143.584722222224,182.0,90.336
ALO,4168.0955555555565,201.0,90.336
ALO,4191.651111111112,212.0,90.336
ALO,4203.706666666668,217.0,90.336
ALO,4218.506666666667,222.0,90.336
ALO,4231.173333333334,228.0,90.336
ALO,4244.062222222223,232.0,90.336
ALO,4259.995555555556,239.0,90.336
ALO,4281.663055555556,243.0,90.336
ALO,4295.440833333334,248.0,90.336
ALO,4309.385277777778,251.0,90.336
ALO,4326.318611111112,254.0,90.336
ALO,4346.463055555556,259.0,90.336
ALO,4375.79638888889,264.0,90.336
ALO,4396.640833333335,268.0,90.336
ALO,4417.640833333335,270.0,90.336
ALO,4432.807500000001,273.0,90.336
ALO,4457.429722222224,277.0,90.336
ALO,4475.89638888889,277.0,90.336
ALO,4503.996388888891,281.0,90.336
ALO,4519.718611111113,283.0,90.336
ALO,4535.551944444447,285.0,90.336
ALO,4570.629722222225,287.0,90.336
ALO,4586.68527777778,289.0,90.336
ALO,4605.951944444447,289.0,90.336
ALO,4618.8408333333355,290.0,90.336
ALO,4647.959722222225,292.0,90.336
ALO,4660.937500000002,292.0,90.336
ALO,4683.726388888891,293.0,90.336
ALO,4700.059722222225,294.0,90.336
ALO,4716.393055555557,294.0,90.336
ALO,4736.059722222224,295.0,90.336
ALO,4752.448611111113,295.0,90.336
ALO,4768.6708333333345,292.0,90.336
ALO,4783.355000000001,263.0,90.336
ALO,4796.299444444446,233.0,90.336
ALO,4811.310555555557,193.0,90.336
ALO,4829.310555555557,162.0,90.336
ALO,4845.755000000001,148.0,90.336
ALO,4863.621666666668,134.0,90.336
ALO,4879.14388888889,127.0,90.336
ALO,4884.877222222223,129.0,90.336
ALO,4893.610555555557,131.0,90.336
ALO,4906.055000000001,140.0,90.336
ALO,4914.055000000001,144.0,90.336
ALO,4920.588333333334,147.0,90.336
ALO,4932.721666666667,156.0,90.336
ALO,4941.94388888889,166.0,90.336
ALO,4951.499444444445,172.0,90.336
ALO,4963.299444444445,177.0,90.336
ALO,4977.6883333333335,185.0,90.336
ALO,4988.410555555555,193.0,90.336
ALO,5011.131388888889,205.0,90.336
ALO,5020.464722222223,210.0,90.336
ALO,5037.420277777778,218.0,90.336
ALO,5060.020277777779,226.0,90.336
ALO,5072.853611111112,231.0,90.336
ALO,5096.920277777778,240.0,90.336
ALO,5110.364722222223,242.0,90.336
ALO,5121.120277777778,242.0,90.336
ALO,5134.953611111112,249.0,90.336
ALO,5148.953611111112,252.0,90.336
ALO,5163.120277777779,255.0,90.336
ALO,5189.220277777779,261.0,90.336
ALO,5200.909166666668,263.0,90.336
ALO,5221.5202777777795,265.0,90.336
ALO,5236.409166666668,268.0,90.336
ALO,5251.409166666667,270.0,90.336
ALO,5266.520277777779,272.0,90.336
ALO,5284.986944444445,277.0,90.336
ALO,5309.964722222223,281.0,90.336
ALO,5328.831388888889,283.0,90.336
ALO,5347.898055555556,286.0,90.336
RUS,8.656666666666666,294.0,90.34
RUS,28.32333333333333,295.0,90.34
RUS,48.123333333333335,297.0,90.34
RUS,74.79,300.0,90.34
RUS,98.27888888888889,302.0,90.34
RUS,121.84555555555556,303.0,90.34
RUS,155.73444444444448,305.0,90.34
RUS,172.79000000000002,307.0,90.34
RUS,193.32333333333338,308.0,90.34
RUS,207.05666666666673,309.0,90.34
RUS,238.05666666666673,310.0,90.34
RUS,262.23666666666674,312.0,90.34
RUS,293.53666666666675,313.0,90.34
RUS,310.9811111111112,314.0,90.34
RUS,335.558888888889,316.0,90.34
RUS,374.1811111111112,316.0,90.34
RUS,402.358888888889,317.0,90.34
RUS,441.2255555555556,318.0,90.34
RUS,462.42555555555566,318.0,90.34
RUS,483.6469444444446,317.0,90.34
RUS,497.8247222222223,319.0,90.34
RUS,512.0025,319.0,90.34
RUS,529.7247222222223,319.0,90.34
RUS,550.991388888889,319.0,90.34
RUS,565.1691666666668,319.0,90.34
RUS,586.4358333333334,319.0,90.34
RUS,609.3802777777779,295.0,90.34
RUS,636.1469444444446,219.0,90.34
RUS,654.2469444444446,181.0,90.34
RUS,664.2469444444446,150.0,90.34
RUS,672.0247222222223,140.0,90.34
RUS,683.8025000000001,106.0,90.34
RUS,690.2691666666668,97.0,90.34
RUS,695.2691666666668,90.0,90.34
RUS,699.991388888889,85.0,90.34
RUS,708.4147222222223,76.0,90.34
RUS,713.7036111111112,68.0,90.34
RUS,718.1702777777779,67.0,90.34
RUS,722.5036111111112,65.0,90.34
RUS,726.281388888889,68.0,90.34
RUS,730.2258333333334,71.0,90.34
RUS,736.0591666666668,75.0,90.34
RUS,743.7036111111113,86.0,90.34
RUS,748.8702777777779,93.0,90.34
RUS,758.2327777777779,105.0,90.34
RUS,764.7327777777779,117.0,90.34
RUS,770.1994444444445,123.0,90.34
RUS,779.3994444444445,138.0,90.34
RUS,785.7105555555556,142.0,90.34
RUS,797.3772222222224,150.0,90.34
RUS,806.3216666666668,161.0,90.34
RUS,821.6994444444446,173.0,90.34
RUS,836.0105555555557,184.0,90.34
RUS,848.8772222222224,193.0,90.34
RUS,862.143888888889,199.0,90.34
RUS,871.2994444444446,206.0,90.34
RUS,882.8550000000001,208.0,90.34
RUS,892.3216666666668,213.0,90.34
RUS,907.0550000000002,221.0,90.34
RUS,964.9883333333336,237.0,90.34
RUS,981.1216666666668,242.0,90.34
RUS,1011.6077777777779,250.0,90.34
RUS,1040.1633333333336,257.0,90.34
RUS,1072.6744444444446,266.0,90.34
RUS,1102.896666666667,272.0,90.34
RUS,1124.2855555555557,275.0,90.34
RUS,1142.8188888888892,278.0,90.34
RUS,1164.9086111111114,283.0,90.34
RUS,1177.4863888888892,283.0,90.34
RUS,1193.3197222222225,285.0,90.34
RUS,1215.6419444444448,287.0,90.34
RUS,1231.7530555555559,290.0,90.34
RUS,1247.975277777778,292.0,90.34
RUS,1261.0419444444447,294.0,90.34
RUS,1274.1086111111113,294.0,90.34
RUS,1293.9086111111114,297.0,90.34
RUS,1317.086388888889,298.0,90.34
RUS,1350.5308333333335,301.0,90.34
RUS,1384.1975,303.0,90.34
RUS,1400.8641666666665,300.0,90.34
RUS,1422.3752777777777,242.0,90.34
RUS,1434.2641666666668,214.0,90.34
RUS,1452.7641666666668,185.0,90.34
RUS,1463.8308333333334,166.0,90.34
RUS,1475.8086111111113,154.0,90.34
RUS,1493.7711111111112,135.0,90.34
RUS,1507.8822222222223,127.0,90.34
RUS,1518.9933333333333,125.0,90.34
RUS,1529.0266666666666,129.0,90.34
RUS,1539.4488888888889,134.0,90.34
RUS,1547.1155555555556,138.0,90.34
RUS,1555.171111111111,145.0,90.34
RUS,1567.3477777777775,156.0,90.34
RUS,1576.4033333333332,163.0,90.34
RUS,1591.9588888888889,175.0,90.34
RUS,1606.503333333333,187.0,90.34
RUS,1614.992222222222,191.0,90.34
RUS,1625.9366666666663,197.0,90.34
RUS,1644.2477777777774,206.0,90.34
RUS,1663.6255555555551,218.0,90.34
RUS,1683.714444444444,226.0,90.34
RUS,1696.5477777777774,231.0,90.34
RUS,1709.603333333333,235.0,90.34
RUS,1720.2699999999998,240.0,90.34
RUS,1739.1699999999996,243.0,90.34
RUS,1752.8366666666661,246.0,90.34
RUS,1775.2366666666662,252.0,90.34
RUS,1786.4811111111107,253.0,90.34
RUS,1811.5811111111107,251.0,90.34
RUS,1822.514444444444,246.0,90.34
RUS,1845.4505555555552,230.0,90.34
RUS,1860.050555555555,219.0,90.34
RUS,1873.9838888888885,209.0,90.34
RUS,1887.9838888888885,210.0,90.34
RUS,1899.7061111111107,211.0,90.34
RUS,1918.550555555555,212.0,90.34
RUS,1941.0505555555553,225.0,90.34
RUS,1959.0813888888886,231.0,90.34
RUS,1984.4147222222218,228.0,90.34
RUS,1999.6147222222219,228.0,90.34
RUS,2020.2369444444441,232.0,90.34
RUS,2046.5702777777774,237.0,90.34
RUS,2076.3924999999995,244.0,90.34
RUS,2098.6147222222216,250.0,90.34
RUS,2109.859166666666,253.0,90.34
RUS,2126.5258333333327,250.0,90.34
RUS,2146.525833333333,200.0,90.34
RUS,2154.7480555555553,185.0,90.34
RUS,2165.9480555555556,168.0,90.34
RUS,2179.5480555555555,136.0,90.34
RUS,2187.6813888888887,122.0,90.34
RUS,2194.0702777777774,115.0,90.34
RUS,2200.2369444444444,111.0,90.34
RUS,2207.1036111111107,103.0,90.34
RUS,2216.3777777777773,93.0,90.34
RUS,2225.488888888888,82.0,90.34
RUS,2231.6333333333328,79.0,90.34
RUS,2236.8999999999996,79.0,90.34
RUS,2245.0999999999995,82.0,90.34
RUS,2252.9222222222215,88.0,90.34
RUS,2256.9472222222216,90.0,90.34
RUS,2267.1472222222214,102.0,90.34
RUS,2273.1472222222214,108.0,90.34
RUS,2284.8472222222213,117.0,90.34
RUS,2304.5805555555544,148.0,90.34
RUS,2323.13611111111,167.0,90.34
RUS,2343.5805555555544,184.0,90.34
RUS,2354.2472222222214,192.0,90.34
RUS,2365.302777777777,199.0,90.34
RUS,2386.502777777777,212.0,90.34
RUS,2400.969444444443,217.0,90.34
RUS,2418.469444444443,225.0,90.34
RUS,2431.0805555555544,227.0,90.34
RUS,2444.080555555554,234.0,90.34
RUS,2457.3027777777766,238.0,90.34
RUS,2468.0583333333325,242.0,90.34
RUS,2484.458333333332,246.0,90.34
RUS,2515.3102777777767,253.0,90.34
RUS,2544.0880555555545,259.0,90.34
RUS,2558.4769444444437,259.0,90.34
RUS,2574.810277777777,245.0,90.34
RUS,2587.4769444444437,228.0,90.34
RUS,2599.199166666666,211.0,90.34
RUS,2612.3324999999995,197.0,90.34
RUS,2627.8474999999994,174.0,90.34
RUS,2636.791944444444,161.0,90.34
RUS,2645.3474999999994,154.0,90.34
RUS,2653.8808333333327,128.0,90.34
RUS,2662.3586111111103,109.0,90.34
RUS,2672.8030555555547,94.0,90.34
RUS,2679.647499999999,88.0,90.34
RUS,2686.103055555555,83.0,90.34
RUS,2690.547499999999,80.0,90.34
RUS,2697.1252777777772,74.0,90.34
RUS,2701.858611111111,71.0,90.34
RUS,2709.5586111111106,77.0,90.34
RUS,2714.0586111111106,81.0,90.34
RUS,2718.780833333333,85.0,90.34
RUS,2731.3697222222218,103.0,90.34
RUS,2737.591944444444,112.0,90.34
RUS,2745.791944444444,123.0,90.34
RUS,2751.7474999999995,134.0,90.34
RUS,2766.805555555555,151.0,90.34
RUS,2773.9166666666665,160.0,90.34
RUS,2787.5277777777774,175.0,90.34
RUS,2797.7499999999995,184.0,90.34
RUS,2808.4722222222217,193.0,90.34
RUS,2821.8055555555547,200.0,90.34
RUS,2833.3611111111104,208.0,90.34
RUS,2845.2499999999995,214.0,90.34
RUS,2857.5891666666657,221.0,90.34
RUS,2870.0336111111105,224.0,90.34
RUS,2887.9224999999997,230.0,90.34
RUS,2914.9224999999997,243.0,90.34
RUS,2942.9224999999997,252.0,90.34
RUS,2977.9891666666667,263.0,90.34
RUS,3010.9891666666667,270.0,90.34
RUS,3023.1225000000004,273.0,90.34
RUS,3041.5225,276.0,90.34
RUS,3066.4113888888887,280.0,90.34
RUS,3082.0780555555557,282.0,90.34
RUS,3094.744722222222,285.0,90.34
RUS,3117.1447222222223,288.0,90.34
RUS,3133.2558333333336,290.0,90.34
RUS,3149.4225,291.0,90.34
RUS,3169.0225000000005,294.0,90.34
RUS,3192.044722222223,296.0,90.34
RUS,3208.600277777778,298.0,90.34
RUS,3241.9611111111117,301.0,90.34
RUS,3255.383333333334,302.0,90.34
RUS,3279.0277777777787,304.0,90.34
RUS,3309.6277777777786,306.0,90.34
RUS,3325.9611111111117,294.0,90.34
RUS,3350.2283333333344,242.0,90.34
RUS,3362.617222222223,223.0,90.34
RUS,3372.1283333333345,214.0,90.34
RUS,3383.295000000001,201.0,90.34
RUS,3393.795000000001,189.0,90.34
RUS,3403.739444444446,179.0,90.34
RUS,3420.139444444446,164.0,90.34
RUS,3427.4283333333346,164.0,90.34
RUS,3440.18388888889,164.0,90.34
RUS,3449.461666666668,167.0,90.34
RUS,3458.961666666668,171.0,90.34
RUS,3468.68388888889,175.0,90.34
RUS,3481.0172222222236,185.0,90.34
RUS,3498.261666666668,194.0,90.34
RUS,3511.461666666668,198.0,90.34
RUS,3525.261666666668,207.0,90.34
RUS,3549.372777777779,217.0,90.34
RUS,3561.650555555557,221.0,90.34
RUS,3592.18388888889,229.0,90.34
RUS,3613.2505555555567,237.0,90.34
RUS,3631.9172222222232,240.0,90.34
RUS,3645.349722222223,243.0,90.34
RUS,3673.127500000001,250.0,90.34
RUS,3684.41638888889,254.0,90.34
RUS,3704.327500000001,256.0,90.34
RUS,3715.8386111111126,259.0,90.34
RUS,3736.0550000000007,259.0,90.34
RUS,3750.4994444444455,260.0,90.34
RUS,3762.1438888888897,262.0,90.34
RUS,3782.5216666666674,262.0,90.34
RUS,3805.8105555555567,262.0,90.34
RUS,3826.421666666668,265.0,90.34
RUS,3853.121666666668,267.0,90.34
RUS,3870.855000000001,266.0,90.34
RUS,3882.7216666666673,267.0,90.34
RUS,3903.6438888888897,269.0,90.34
RUS,3930.6438888888897,270.0,90.34
RUS,3954.732777777779,271.0,90.34
RUS,3975.810555555557,271.0,90.34
RUS,3988.977222222223,237.0,90.34
RUS,4007.3772222222237,207.0,90.34
RUS,4052.6772222222235,151.0,90.34
RUS,4060.8438888888904,147.0,90.34
RUS,4068.788333333335,143.0,90.34
RUS,4076.3613888888904,137.0,90.34
RUS,4085.628055555557,139.0,90.34
RUS,4095.16138888889,143.0,90.34
RUS,4111.828055555557,150.0,90.34
RUS,4122.740000000001,163.0,90.34
RUS,4129.984444444445,163.0,90.34
RUS,4141.984444444446,180.0,90.34
RUS,4165.695555555557,194.0,90.34
RUS,4176.862222222224,201.0,90.34
RUS,4195.617777777779,211.0,90.34
RUS,4205.217777777779,216.0,90.34
RUS,4220.017777777779,222.0,90.34
RUS,4237.82888888889,229.0,90.34
RUS,4253.628888888889,237.0,90.34
RUS,4264.251111111112,239.0,90.34
RUS,4277.806666666667,244.0,90.34
RUS,4299.940000000001,249.0,90.34
RUS,4319.695555555556,254.0,90.34
RUS,4336.962222222223,259.0,90.34
RUS,4360.42888888889,264.0,90.34
RUS,4372.251111111113,266.0,90.34
RUS,4384.162222222223,268.0,90.34
RUS,4402.162222222223,270.0,90.34
RUS,4414.295555555556,273.0,90.34
RUS,4435.7622222222235,276.0,90.34
RUS,4451.151111111112,277.0,90.34
RUS,4473.084444444446,282.0,90.34
RUS,4501.505277777778,285.0,90.34
RUS,4533.505277777778,288.0,90.34
RUS,4549.61638888889,290.0,90.34
RUS,4565.7830555555565,291.0,90.34
RUS,4578.841944444444,292.0,90.34
RUS,4601.708611111111,294.0,90.34
RUS,4618.0975,295.0,90.34
RUS,4647.6975,296.0,90.34
RUS,4670.797500000001,297.0,90.34
RUS,4690.664166666668,298.0,90.34
RUS,4727.330833333334,300.0,90.34
RUS,4757.330833333334,300.0,90.34
RUS,4770.708611111112,301.0,90.34
RUS,4782.441944444445,264.0,90.34
RUS,4802.175277777778,222.0,90.34
RUS,4812.041944444445,222.0,90.34
RUS,4825.964166666668,179.0,90.34
RUS,4844.297500000001,150.0,90.34
RUS,4877.8975,126.0,90.34
RUS,4886.164166666667,124.0,90.34
RUS,4897.541944444445,128.0,90.34
RUS,4906.4752777777785,134.0,90.34
RUS,4914.214166666668,140.0,90.34
RUS,4925.8808333333345,150.0,90.34
RUS,4940.103055555556,160.0,90.34
RUS,4951.769722222223,175.0,90.34
RUS,4961.931388888889,182.0,90.34
RUS,4972.486944444445,190.0,90.34
RUS,4992.486944444445,200.0,90.34
RUS,5013.686944444445,212.0,90.34
RUS,5038.464722222222,223.0,90.34
RUS,5053.731388888889,229.0,90.34
RUS,5069.464722222222,236.0,90.34
RUS,5091.064722222222,243.0,90.34
RUS,5101.953611111111,245.0,90.34
RUS,5124.175833333333,250.0,90.34
RUS,5147.020277777778,257.0,90.34
RUS,5164.353611111111,260.0,90.34
RUS,5176.0425,263.0,90.34
RUS,5190.820277777778,266.0,90.34
RUS,5205.7091666666665,268.0,90.34
RUS,5232.909166666666,272.0,90.34
RUS,5260.509166666667,276.0,90.34
RUS,5298.2425,283.0,90.34
RUS,5314.131388888889,286.0,90.34
RUS,5336.531388888889,288.0,90.34
RUS,5352.698055555555,291.0,90.34
HAM,29.04,297.0,90.384
HAM,48.84,297.0,90.384
HAM,68.92333333333333,300.0,90.384
HAM,82.30111111111111,301.0,90.384
HAM,95.76777777777778,303.0,90.384
HAM,112.65666666666667,304.0,90.384
HAM,132.99,305.0,90.384
HAM,146.59,306.0,90.384
HAM,167.12333333333336,308.0,90.384
HAM,191.23444444444448,310.0,90.384
HAM,229.2455555555556,311.0,90.384
HAM,260.5455555555556,313.0,90.384
HAM,281.47888888888895,314.0,90.384
HAM,298.97888888888895,315.0,90.384
HAM,334.09000000000003,316.0,90.384
HAM,355.22333333333336,317.0,90.384
HAM,372.8344444444445,317.0,90.384
HAM,390.5011111111112,318.0,90.384
HAM,425.85694444444454,319.0,90.384
HAM,450.74583333333345,320.0,90.384
HAM,472.0791666666668,320.0,90.384
HAM,493.47916666666674,321.0,90.384
HAM,511.2569444444445,320.0,90.384
HAM,529.0347222222223,320.0,90.384
HAM,554.001388888889,321.0,90.384
HAM,582.4458333333333,320.0,90.384
HAM,600.0569444444444,317.0,90.384
HAM,622.4377777777777,251.0,90.384
HAM,634.6044444444443,219.0,90.384
HAM,643.7155555555554,205.0,90.384
HAM,654.982222222222,169.0,90.384
HAM,662.0488888888888,159.0,90.384
HAM,672.3155555555554,132.0,90.384
HAM,678.871111111111,118.0,90.384
HAM,688.1155555555554,104.0,90.384
HAM,695.4266666666665,94.0,90.384
HAM,701.3599999999999,89.0,90.384
HAM,706.7599999999999,81.0,90.384
HAM,710.3155555555554,80.0,90.384
HAM,714.4266666666665,74.0,90.384
HAM,717.5822222222221,71.0,90.384
HAM,722.2488888888887,70.0,90.384
HAM,741.5599999999998,79.0,90.384
HAM,747.4266666666665,88.0,90.384
HAM,759.9869444444442,103.0,90.384
HAM,773.6536111111109,123.0,90.384
HAM,790.6424999999997,139.0,90.384
HAM,807.5313888888886,152.0,90.384
HAM,820.2869444444441,164.0,90.384
HAM,831.8202777777774,173.0,90.384
HAM,845.7922222222219,179.0,90.384
HAM,853.9699999999997,184.0,90.384
HAM,864.6922222222219,193.0,90.384
HAM,880.4033333333331,202.0,90.384
HAM,891.9588888888886,208.0,90.384
HAM,903.8477777777774,214.0,90.384
HAM,913.4477777777774,216.0,90.384
HAM,923.2255555555553,220.0,90.384
HAM,938.1588888888887,224.0,90.384
HAM,956.1255555555553,231.0,90.384
HAM,982.2366666666665,235.0,90.384
HAM,1009.6811111111108,247.0,90.384
HAM,1023.6811111111108,252.0,90.384
HAM,1046.4366666666663,256.0,90.384
HAM,1060.9366666666663,261.0,90.384
HAM,1087.7366666666662,268.0,90.384
HAM,1105.803333333333,271.0,90.384
HAM,1127.0366666666664,273.0,90.384
HAM,1164.2922222222219,280.0,90.384
HAM,1195.9588888888884,285.0,90.384
HAM,1221.5588888888883,288.0,90.384
HAM,1244.2699999999995,292.0,90.384
HAM,1267.1366666666663,294.0,90.384
HAM,1283.5811111111107,296.0,90.384
HAM,1300.136666666666,298.0,90.384
HAM,1323.5533333333326,300.0,90.384
HAM,1340.2755555555548,301.0,90.384
HAM,1367.2088888888882,303.0,90.384
HAM,1390.8533333333328,304.0,90.384
HAM,1403.9199999999994,294.0,90.384
HAM,1418.586666666666,264.0,90.384
HAM,1437.875555555555,217.0,90.384
HAM,1453.786666666666,179.0,90.384
HAM,1467.9199999999994,159.0,90.384
HAM,1476.3088888888883,151.0,90.384
HAM,1484.1977777777772,142.0,90.384
HAM,1490.375555555555,139.0,90.384
HAM,1500.6422222222216,132.0,90.384
HAM,1507.8088888888883,129.0,90.384
HAM,1518.7422222222217,123.0,90.384
HAM,1524.1199999999994,121.0,90.384
HAM,1536.9199999999994,128.0,90.384
HAM,1542.6977777777772,130.0,90.384
HAM,1556.858333333333,142.0,90.384
HAM,1566.791666666666,149.0,90.384
HAM,1577.3249999999996,158.0,90.384
HAM,1588.5249999999994,168.0,90.384
HAM,1598.2472222222216,175.0,90.384
HAM,1614.8694444444438,187.0,90.384
HAM,1634.8694444444438,200.0,90.384
HAM,1651.2611111111107,210.0,90.384
HAM,1675.9277777777772,222.0,90.384
HAM,1691.0611111111104,227.0,90.384
HAM,1711.8611111111104,234.0,90.384
HAM,1738.6388888888882,241.0,90.384
HAM,1769.0722222222214,249.0,90.384
HAM,1791.7388888888881,255.0,90.384
HAM,1803.0277777777771,254.0,90.384
HAM,1818.894444444444,238.0,90.384
HAM,1840.894444444444,220.0,90.384
HAM,1850.4499999999996,215.0,90.384
HAM,1864.2499999999995,207.0,90.384
HAM,1884.1499999999994,199.0,90.384
HAM,1897.483333333333,200.0,90.384
HAM,1908.8166666666662,204.0,90.384
HAM,1920.2611111111105,206.0,90.384
HAM,1934.594444444444,215.0,90.384
HAM,1956.9322222222218,224.0,90.384
HAM,1982.154444444444,227.0,90.384
HAM,2000.2766666666662,233.0,90.384
HAM,2016.0766666666664,237.0,90.384
HAM,2040.1766666666663,241.0,90.384
HAM,2062.132222222222,247.0,90.384
HAM,2073.2680555555553,249.0,90.384
HAM,2098.868055555555,256.0,90.384
HAM,2113.2013888888882,258.0,90.384
HAM,2138.4013888888885,252.0,90.384
HAM,2162.1347222222216,178.0,90.384
HAM,2178.0236111111103,143.0,90.384
HAM,2191.690277777777,123.0,90.384
HAM,2197.912499999999,112.0,90.384
HAM,2203.801388888888,106.0,90.384
HAM,2213.501388888888,97.0,90.384
HAM,2219.634722222221,92.0,90.384
HAM,2226.401388888888,87.0,90.384
HAM,2231.179166666666,86.0,90.384
HAM,2235.5680555555546,79.0,90.384
HAM,2240.012499999999,80.0,90.384
HAM,2243.656944444443,82.0,90.384
HAM,2249.1902777777764,83.0,90.384
HAM,2259.9213888888876,88.0,90.384
HAM,2271.254722222221,102.0,90.384
HAM,2277.3102777777767,109.0,90.384
HAM,2285.44361111111,122.0,90.384
HAM,2292.776944444443,132.0,90.384
HAM,2300.7213888888873,143.0,90.384
HAM,2310.988055555554,154.0,90.384
HAM,2325.8788888888876,167.0,90.384
HAM,2335.434444444443,172.0,90.384
HAM,2345.4899999999984,181.0,90.384
HAM,2358.556666666665,196.0,90.384
HAM,2374.345555555554,203.0,90.384
HAM,2398.2344444444425,215.0,90.384
HAM,2415.578888888887,223.0,90.384
HAM,2433.389999999998,229.0,90.384
HAM,2446.4455555555533,235.0,90.384
HAM,2467.8677777777757,241.0,90.384
HAM,2484.3344444444424,247.0,90.384
HAM,2509.1344444444426,248.0,90.384
HAM,2523.1899999999982,253.0,90.384
HAM,2537.5233333333313,258.0,90.384
HAM,2568.323333333331,252.0,90.384
HAM,2581.21222222222,232.0,90.384
HAM,2596.078888888887,223.0,90.384
HAM,2604.9233333333314,199.0,90.384
HAM,2622.3747222222205,175.0,90.384
HAM,2629.530277777776,161.0,90.384
HAM,2640.6524999999983,143.0,90.384
HAM,2647.8747222222205,130.0,90.384
HAM,2654.4858333333314,119.0,90.384
HAM,2661.7524999999982,109.0,90.384
HAM,2667.3636111111095,101.0,90.384
HAM,2672.6413888888874,95.0,90.384
HAM,2677.610555555554,89.0,90.384
HAM,2682.4438888888876,87.0,90.384
HAM,2688.743888888888,81.0,90.384
HAM,2697.0772222222213,75.0,90.384
HAM,2706.0772222222213,81.0,90.384
HAM,2718.2105555555545,91.0,90.384
HAM,2731.043888888888,105.0,90.384
HAM,2736.1105555555546,114.0,90.384
HAM,2744.443888888888,125.0,90.384
HAM,2757.0661111111103,142.0,90.384
HAM,2765.5105555555547,152.0,90.384
HAM,2772.7105555555545,162.0,90.384
HAM,2786.3994444444434,176.0,90.384
HAM,2796.677222222221,185.0,90.384
HAM,2807.3994444444434,193.0,90.384
HAM,2820.7994444444435,201.0,90.384
HAM,2837.2105555555545,211.0,90.384
HAM,2849.3216666666654,218.0,90.384
HAM,2874.480833333332,227.0,90.384
HAM,2884.836388888888,233.0,90.384
HAM,2903.503055555555,240.0,90.384
HAM,2928.203055555555,247.0,90.384
HAM,2942.2030555555543,252.0,90.384
HAM,2968.275277777777,260.0,90.384
HAM,2982.830833333332,262.0,90.384
HAM,2994.6530555555546,266.0,90.384
HAM,3009.70861111111,271.0,90.384
HAM,3024.875277777777,273.0,90.384
HAM,3040.2086111111103,276.0,90.384
HAM,3068.30861111111,281.0,90.384
HAM,3080.8863888888877,283.0,90.384
HAM,3103.1308333333322,286.0,90.384
HAM,3119.1308333333327,288.0,90.384
HAM,3135.297499999999,291.0,90.384
HAM,3151.575277777777,293.0,90.384
HAM,3171.1752777777765,294.0,90.384
HAM,3197.6641666666656,298.0,90.384
HAM,3217.597499999999,299.0,90.384
HAM,3237.597499999999,300.0,90.384
HAM,3271.2641666666655,303.0,90.384
HAM,3288.2086111111103,305.0,90.384
HAM,3327.141944444443,292.0,90.384
HAM,3350.60861111111,264.0,90.384
HAM,3368.2641666666655,227.0,90.384
HAM,3379.540833333332,204.0,90.384
HAM,3400.0963888888878,185.0,90.384
HAM,3408.0519444444435,179.0,90.384
HAM,3421.2741666666657,170.0,90.384
HAM,3428.7408333333324,168.0,90.384
HAM,3441.6980555555547,166.0,90.384
HAM,3451.1424999999995,170.0,90.384
HAM,3458.7424999999994,171.0,90.384
HAM,3472.5091666666663,177.0,90.384
HAM,3489.2202777777775,188.0,90.384
HAM,3504.2313888888884,193.0,90.384
HAM,3524.7313888888884,205.0,90.384
HAM,3538.7313888888884,210.0,90.384
HAM,3548.2869444444436,215.0,90.384
HAM,3565.2424999999994,218.0,90.384
HAM,3587.8424999999993,226.0,90.384
HAM,3608.6424999999995,234.0,90.384
HAM,3627.153611111111,238.0,90.384
HAM,3640.5425,241.0,90.384
HAM,3662.6758333333332,249.0,90.384
HAM,3740.3758333333326,259.0,90.384
HAM,3754.8758333333326,261.0,90.384
HAM,3769.4313888888883,262.0,90.384
HAM,3783.9694444444435,263.0,90.384
HAM,3801.5694444444443,264.0,90.384
HAM,3819.236111111111,265.0,90.384
HAM,3848.7916666666656,266.0,90.384
HAM,3866.5988888888887,266.0,90.384
HAM,3878.421111111111,266.0,90.384
HAM,3896.287777777777,268.0,90.384
HAM,3929.165555555555,269.0,90.384
HAM,3944.276666666666,272.0,90.384
HAM,3968.721111111111,275.0,90.384
HAM,3980.5877777777773,267.0,90.384
HAM,3996.4544444444437,238.0,90.384
HAM,4012.3211111111104,204.0,90.384
HAM,4025.9211111111103,204.0,90.384
HAM,4033.743333333333,176.0,90.384
HAM,4043.0211111111103,167.0,90.384
HAM,4057.243333333333,160.0,90.384
HAM,4069.065555555555,152.0,90.384
HAM,4078.9322222222213,148.0,90.384
HAM,4091.465555555555,141.0,90.384
HAM,4097.732222222222,141.0,90.384
HAM,4104.176666666666,145.0,90.384
HAM,4114.043333333333,148.0,90.384
HAM,4120.932222222222,155.0,90.384
HAM,4133.687777777777,164.0,90.384
HAM,4143.187777777777,171.0,90.384
HAM,4157.109999999999,179.0,90.384
HAM,4176.456111111111,194.0,90.384
HAM,4198.900555555555,202.0,90.384
HAM,4210.733888888889,213.0,90.384
HAM,4222.845,218.0,90.384
HAM,4232.862777777778,224.0,90.384
HAM,4250.673888888889,229.0,90.384
HAM,4263.673888888889,234.0,90.384
HAM,4287.97388888889,243.0,90.384
HAM,4307.185,247.0,90.384
HAM,4323.918333333333,251.0,90.384
HAM,4355.818333333333,261.0,90.384
HAM,4382.418333333333,266.0,90.384
HAM,4394.373888888888,269.0,90.384
HAM,4406.373888888889,270.0,90.384
HAM,4430.729444444444,274.0,90.384
HAM,4442.907222222222,274.0,90.384
HAM,4464.529444444444,278.0,90.384
HAM,4499.118333333333,283.0,90.384
HAM,4576.718333333333,291.0,90.384
HAM,4596.251666666666,293.0,90.384
HAM,4622.562777777778,296.0,90.384
HAM,4642.296111111111,296.0,90.384
HAM,4658.71361111111,297.0,90.384
HAM,4681.891388888888,298.0,90.384
HAM,4708.469166666667,299.0,90.384
HAM,4728.469166666667,300.0,90.384
HAM,4745.219166666666,300.0,90.384
HAM,4761.9413888888885,301.0,90.384
HAM,4789.4413888888885,275.0,90.384
HAM,4811.241388888889,218.0,90.384
HAM,4831.019166666667,178.0,90.384
HAM,4842.0858333333335,166.0,90.384
HAM,4852.4191666666675,155.0,90.384
HAM,4864.863611111112,140.0,90.384
HAM,4870.9525,137.0,90.384
HAM,4882.596944444445,131.0,90.384
HAM,4893.796944444445,126.0,90.384
HAM,4902.130277777779,125.0,90.384
HAM,4907.774722222223,127.0,90.384
HAM,4915.052500000002,131.0,90.384
HAM,4922.608055555557,136.0,90.384
HAM,4937.208055555558,146.0,90.384
HAM,4953.608055555557,164.0,90.384
HAM,4978.274722222223,185.0,90.384
HAM,4988.94138888889,192.0,90.384
HAM,5004.419166666668,199.0,90.384
HAM,5015.808055555557,205.0,90.384
HAM,5037.447777777779,217.0,90.384
HAM,5047.314444444446,222.0,90.384
HAM,5059.981111111113,228.0,90.384
HAM,5088.891111111113,236.0,90.384
HAM,5102.168888888891,239.0,90.384
HAM,5115.724444444447,244.0,90.384
HAM,5132.25777777778,248.0,90.384
HAM,5149.1244444444455,253.0,90.384
HAM,5180.902222222224,260.0,90.384
HAM,5192.591111111113,263.0,90.384
HAM,5204.324444444445,264.0,90.384
HAM,5225.16888888889,268.0,90.384
HAM,5237.16888888889,270.0,90.384
HAM,5261.524444444446,274.0,90.384
HAM,5286.057777777779,276.0,90.384
HAM,5298.502222222223,280.0,90.384
HAM,5314.224444444446,283.0,90.384
HAM,5333.291111111113,286.0,90.384
HAM,5362.291111111113,290.0,90.384
STR,20.289166666666667,291.0,90.836
STR,39.88916666666667,294.0,90.836
STR,56.278055555555554,295.0,90.836
STR,69.4336111111111,296.0,90.836
STR,85.98916666666665,298.0,90.836
STR,99.27805555555555,299.0,90.836
STR,122.68916666666667,301.0,90.836
STR,136.11138888888888,302.0,90.836
STR,149.5336111111111,302.0,90.836
STR,176.64472222222219,305.0,90.836
STR,190.2447222222222,306.0,90.836
STR,203.84472222222223,306.0,90.836
STR,231.2225,308.0,90.836
STR,244.9113888888889,308.0,90.836
STR,265.51138888888886,309.0,90.836
STR,289.7002777777778,311.0,90.836
STR,313.96694444444444,312.0,90.836
STR,338.38916666666665,314.0,90.836
STR,352.34472222222223,314.0,90.836
STR,380.25583333333327,314.0,90.836
STR,408.3447222222222,316.0,90.836
STR,429.4991666666666,316.0,90.836
STR,450.63249999999994,317.0,90.836
STR,471.8325,318.0,90.836
STR,485.9658333333333,318.0,90.836
STR,507.01111111111106,317.0,90.836
STR,521.0999999999999,317.0,90.836
STR,538.7666666666665,318.0,90.836
STR,570.6666666666665,319.0,90.836
STR,591.8666666666666,318.0,90.836
STR,616.5777777777777,278.0,90.836
STR,628.0444444444444,258.0,90.836
STR,644.1444444444443,207.0,90.836
STR,662.8444444444442,153.0,90.836
STR,669.6444444444442,153.0,90.836
STR,677.7777777777775,122.0,90.836
STR,683.0222222222219,118.0,90.836
STR,687.7777777777775,107.0,90.836
STR,696.0444444444441,93.0,90.836
STR,699.9999999999997,89.0,90.836
STR,703.6888888888885,83.0,90.836
STR,709.4444444444441,74.0,90.836
STR,713.333333333333,70.0,90.836
STR,720.6666666666664,66.0,90.836
STR,728.8555555555553,67.0,90.836
STR,735.6111111111107,76.0,90.836
STR,743.1902777777774,85.0,90.836
STR,752.8902777777773,97.0,90.836
STR,757.3791666666663,101.0,90.836
STR,766.7902777777773,121.0,90.836
STR,772.3013888888884,124.0,90.836
STR,778.2569444444439,134.0,90.836
STR,787.6177777777773,141.0,90.836
STR,794.0177777777773,144.0,90.836
STR,809.3177777777773,153.0,90.836
STR,823.7177777777773,162.0,90.836
STR,836.9399999999995,170.0,90.836
STR,857.495555555555,185.0,90.836
STR,870.295555555555,192.0,90.836
STR,893.1844444444438,206.0,90.836
STR,904.8511111111105,210.0,90.836
STR,926.8511111111105,220.0,90.836
STR,936.7177777777772,222.0,90.836
STR,951.9844444444439,229.0,90.836
STR,969.9511111111104,231.0,90.836
STR,991.2844444444438,240.0,90.836
STR,1004.7844444444438,243.0,90.836
STR,1027.006666666666,250.0,90.836
STR,1049.7622222222215,256.0,90.836
STR,1072.9622222222215,261.0,90.836
STR,1087.628888888888,264.0,90.836
STR,1105.6369444444435,269.0,90.836
STR,1123.770277777777,272.0,90.836
STR,1151.470277777777,277.0,90.836
STR,1170.070277777777,279.0,90.836
STR,1182.5591666666658,281.0,90.836
STR,1198.2580555555548,284.0,90.836
STR,1217.2580555555546,285.0,90.836
STR,1236.458055555555,288.0,90.836
STR,1272.1469444444435,292.0,90.836
STR,1291.680277777777,293.0,90.836
STR,1324.5691666666658,296.0,90.836
STR,1347.7469444444437,298.0,90.836
STR,1371.0802777777772,300.0,90.836
STR,1391.080277777777,300.0,90.836
STR,1407.1358333333324,289.0,90.836
STR,1418.4247222222214,254.0,90.836
STR,1428.9580555555547,237.0,90.836
STR,1440.6247222222212,210.0,90.836
STR,1457.6247222222214,170.0,90.836
STR,1474.1802777777768,149.0,90.836
STR,1482.0691666666658,142.0,90.836
STR,1492.5691666666658,135.0,90.836
STR,1499.902499999999,132.0,90.836
STR,1508.4358333333323,128.0,90.836
STR,1518.0802777777767,124.0,90.836
STR,1523.724722222221,127.0,90.836
STR,1533.7938888888877,129.0,90.836
STR,1539.6605555555543,132.0,90.836
STR,1550.627222222221,141.0,90.836
STR,1558.7938888888877,147.0,90.836
STR,1567.2938888888877,153.0,90.836
STR,1582.0494444444432,166.0,90.836
STR,1597.9108333333322,179.0,90.836
STR,1608.2997222222211,187.0,90.836
STR,1623.777499999999,199.0,90.836
STR,1637.377499999999,204.0,90.836
STR,1651.5108333333321,212.0,90.836
STR,1666.0441666666657,218.0,90.836
STR,1683.5441666666657,225.0,90.836
STR,1706.9441666666655,234.0,90.836
STR,1720.1663888888877,238.0,90.836
STR,1730.8330555555544,240.0,90.836
STR,1744.3330555555544,243.0,90.836
STR,1763.6997222222212,249.0,90.836
STR,1774.8552777777768,251.0,90.836
STR,1797.3441666666656,253.0,90.836
STR,1815.699722222221,236.0,90.836
STR,1828.1441666666653,224.0,90.836
STR,1847.2552777777764,215.0,90.836
STR,1856.810833333332,215.0,90.836
STR,1872.599722222221,203.0,90.836
STR,1883.6552777777765,199.0,90.836
STR,1904.0116666666654,203.0,90.836
STR,1913.167222222221,206.0,90.836
STR,1929.5783333333322,211.0,90.836
STR,1941.7449999999988,219.0,90.836
STR,1956.8116666666654,226.0,90.836
STR,1974.5449999999987,228.0,90.836
STR,1997.580833333332,231.0,90.836
STR,2010.6363888888873,235.0,90.836
STR,2023.8586111111097,238.0,90.836
STR,2034.5697222222207,241.0,90.836
STR,2053.6252777777763,245.0,90.836
STR,2081.291944444443,249.0,90.836
STR,2092.491944444443,252.0,90.836
STR,2115.1586111111096,255.0,90.836
STR,2136.6697222222206,242.0,90.836
STR,2148.5030555555536,213.0,90.836
STR,2156.9030555555537,189.0,90.836
STR,2169.425277777776,161.0,90.836
STR,2179.025277777776,144.0,90.836
STR,2188.5141666666646,122.0,90.836
STR,2196.047499999998,113.0,90.836
STR,2201.714166666665,102.0,90.836
STR,2210.8141666666647,91.0,90.836
STR,2215.4252777777756,83.0,90.836
STR,2219.8141666666647,79.0,90.836
STR,2226.3919444444427,74.0,90.836
STR,2232.544444444443,69.0,90.836
STR,2240.9888888888872,76.0,90.836
STR,2250.655555555554,87.0,90.836
STR,2255.766666666665,92.0,90.836
STR,2262.5666666666652,102.0,90.836
STR,2273.9666666666653,114.0,90.836
STR,2283.4216666666653,122.0,90.836
STR,2292.821666666665,141.0,90.836
STR,2304.643888888887,152.0,90.836
STR,2311.8438888888872,162.0,90.836
STR,2327.399444444443,175.0,90.836
STR,2387.1994444444426,207.0,90.836
STR,2401.7327777777755,218.0,90.836
STR,2416.5994444444423,223.0,90.836
STR,2439.799444444442,232.0,90.836
STR,2455.5327777777757,236.0,90.836
STR,2468.8661111111087,240.0,90.836
STR,2502.066111111109,249.0,90.836
STR,2518.9994444444424,254.0,90.836
STR,2547.666111111109,258.0,90.836
STR,2561.999444444442,258.0,90.836
STR,2576.4602777777754,259.0,90.836
STR,2600.9047222222202,220.0,90.836
STR,2610.193611111109,209.0,90.836
STR,2622.193611111109,180.0,90.836
STR,2629.793611111109,171.0,90.836
STR,2638.460277777776,156.0,90.836
STR,2644.771388888887,142.0,90.836
STR,2657.0372222222204,123.0,90.836
STR,2662.0149999999985,112.0,90.836
STR,2670.6372222222208,97.0,90.836
STR,2679.1372222222208,85.0,90.836
STR,2686.7372222222207,76.0,90.836
STR,2689.981666666665,73.0,90.836
STR,2695.5038888888876,71.0,90.836
STR,2701.02611111111,71.0,90.836
STR,2706.7816666666654,74.0,90.836
STR,2711.170555555554,79.0,90.836
STR,2715.948333333332,86.0,90.836
STR,2722.4149999999986,97.0,90.836
STR,2728.3038888888873,106.0,90.836
STR,2733.1927777777764,110.0,90.836
STR,2741.7261111111097,128.0,90.836
STR,2747.6816666666655,134.0,90.836
STR,2759.42611111111,151.0,90.836
STR,2776.32611111111,169.0,90.836
STR,2828.7719444444433,205.0,90.836
STR,2840.5497222222207,212.0,90.836
STR,2852.660833333332,218.0,90.836
STR,2864.93861111111,221.0,90.836
STR,2889.4941666666655,221.0,90.836
STR,2910.383055555554,235.0,90.836
STR,2935.31361111111,250.0,90.836
STR,2952.2469444444428,254.0,90.836
STR,2975.358055555554,260.0,90.836
STR,3008.11361111111,268.0,90.836
STR,3023.169166666665,271.0,90.836
STR,3038.391388888888,274.0,90.836
STR,3053.724722222221,276.0,90.836
STR,3069.1691666666657,278.0,90.836
STR,3087.9024999999992,281.0,90.836
STR,3119.5691666666658,285.0,90.836
STR,3135.5136111111105,287.0,90.836
STR,3148.3580555555545,289.0,90.836
STR,3167.7580555555546,291.0,90.836
STR,3180.7802777777765,293.0,90.836
STR,3203.724722222221,295.0,90.836
STR,3223.4580555555544,296.0,90.836
STR,3236.7024999999985,298.0,90.836
STR,3259.958055555554,299.0,90.836
STR,3280.0247222222206,301.0,90.836
STR,3293.4861111111095,301.0,90.836
STR,3316.974999999998,302.0,90.836
STR,3342.5749999999985,256.0,90.836
STR,3359.4527777777757,217.0,90.836
STR,3376.4305555555534,191.0,90.836
STR,3393.9305555555534,175.0,90.836
STR,3403.1527777777756,166.0,90.836
STR,3420.886111111109,160.0,90.836
STR,3436.586111111109,157.0,90.836
STR,3450.986111111109,162.0,90.836
STR,3462.1861111111093,168.0,90.836
STR,3472.1305555555537,179.0,90.836
STR,3490.930555555554,188.0,90.836
STR,3510.930555555554,200.0,90.836
STR,3522.319444444443,205.0,90.836
STR,3531.563888888887,208.0,90.836
STR,3545.8972222222205,215.0,90.836
STR,3555.541666666665,217.0,90.836
STR,3572.8861111111096,223.0,90.836
STR,3585.441666666665,226.0,90.836
STR,3600.9083333333315,232.0,90.836
STR,3624.6083333333313,237.0,90.836
STR,3640.6083333333313,240.0,90.836
STR,3656.9416666666643,245.0,90.836
STR,3676.4555555555535,250.0,90.836
STR,3696.0555555555534,252.0,90.836
STR,3710.166666666664,254.0,90.836
STR,3730.077777777775,256.0,90.836
STR,3747.2777777777756,258.0,90.836
STR,3764.544444444442,259.0,90.836
STR,3778.988888888887,260.0,90.836
STR,3807.9888888888872,261.0,90.836
STR,3831.2049999999977,262.0,90.836
STR,3848.738333333332,263.0,90.836
STR,3872.204999999998,264.0,90.836
STR,3886.871666666665,264.0,90.836
STR,3904.5383333333316,265.0,90.836
STR,3919.3161111111094,266.0,90.836
STR,3934.0938888888872,266.0,90.836
STR,3951.9605555555536,268.0,90.836
STR,3978.2605555555538,263.0,90.836
STR,4003.5605555555544,207.0,90.836
STR,4017.6383333333315,181.0,90.836
STR,4032.749444444443,170.0,90.836
STR,4043.282777777776,158.0,90.836
STR,4056.7938888888875,152.0,90.836
STR,4063.371666666665,148.0,90.836
STR,4075.993888888887,142.0,90.836
STR,4087.077777777776,142.0,90.836
STR,4096.677777777776,144.0,90.836
STR,4108.266666666665,149.0,90.836
STR,4126.044444444443,160.0,90.836
STR,4133.555555555554,169.0,90.836
STR,4143.388888888887,177.0,90.836
STR,4155.72222222222,185.0,90.836
STR,4166.333333333331,191.0,90.836
STR,4175.22222222222,200.0,90.836
STR,4188.888888888887,205.0,90.836
STR,4205.473888888887,214.0,90.836
STR,4225.20722222222,222.0,90.836
STR,4240.473888888887,229.0,90.836
STR,4258.596111111109,233.0,90.836
STR,4269.173888888887,238.0,90.836
STR,4279.8849999999975,241.0,90.836
STR,4296.218333333331,245.0,90.836
STR,4312.751666666664,248.0,90.836
STR,4340.973888888887,254.0,90.836
STR,4355.307222222219,258.0,90.836
STR,4381.607222222219,263.0,90.836
STR,4399.273888888886,265.0,90.836
STR,4435.4072222222185,271.0,90.836
STR,4469.140555555553,276.0,90.836
STR,4484.529444444441,277.0,90.836
STR,4500.106944444441,279.0,90.836
STR,4521.884722222219,280.0,90.836
STR,4537.551388888886,282.0,90.836
STR,4556.484722222219,284.0,90.836
STR,4578.729166666663,286.0,90.836
STR,4601.051388888885,287.0,90.836
STR,4620.318055555552,289.0,90.836
STR,4652.5402777777745,290.0,90.836
STR,4684.8736111111075,291.0,90.836
STR,4701.0147222222195,292.0,90.836
STR,4717.292499999996,293.0,90.836
STR,4753.103611111107,293.0,90.836
STR,4780.603611111108,275.0,90.836
STR,4829.136944444441,168.0,90.836
STR,4838.670277777774,143.0,90.836
STR,4850.492499999996,133.0,90.836
STR,4856.270277777773,130.0,90.836
STR,4863.381388888884,128.0,90.836
STR,4874.13694444444,121.0,90.836
STR,4883.7036111111065,123.0,90.836
STR,4893.73694444444,129.0,90.836
STR,4911.49944444444,145.0,90.836
STR,4925.632777777773,159.0,90.836
STR,4934.966111111106,168.0,90.836
STR,4946.7661111111065,177.0,90.836
STR,4961.077222222218,184.0,90.836
STR,4971.910555555551,195.0,90.836
STR,4997.0883333333295,206.0,90.836
STR,5006.510555555552,212.0,90.836
STR,5031.288333333329,223.0,90.836
STR,5041.314166666663,227.0,90.836
STR,5062.114166666664,234.0,90.836
STR,5080.78083333333,240.0,90.836
STR,5097.047499999997,244.0,90.836
STR,5122.047499999997,250.0,90.836
STR,5141.803055555552,254.0,90.836
STR,5167.803055555552,260.0,90.836
STR,5188.336388888886,264.0,90.836
STR,5212.069722222219,267.0,90.836
STR,5227.014166666663,269.0,90.836
STR,5257.347499999997,273.0,90.836
STR,5285.247499999997,279.0,90.836
STR,5310.403055555552,283.0,90.836
STR,5326.259722222219,284.0,90.836
STR,5358.148611111107,287.0,90.836
OCO,18.683333333333334,295.0,90.914
OCO,45.172222222222224,298.0,90.914
OCO,61.83888888888889,300.0,90.914
OCO,81.90555555555555,301.0,90.914
OCO,105.63444444444443,304.0,90.914
OCO,125.96777777777775,305.0,90.914
OCO,142.96777777777777,306.0,90.914
OCO,156.56777777777776,306.0,90.914
OCO,177.16777777777776,309.0,90.914
OCO,204.7233333333333,310.0,90.914
OCO,228.9122222222222,311.0,90.914
OCO,242.77888888888887,312.0,90.914
OCO,256.6455555555555,312.0,90.914
OCO,277.57888888888886,314.0,90.914
OCO,298.57888888888886,315.0,90.914
OCO,323.06888888888886,316.0,90.914
OCO,344.2022222222222,317.0,90.914
OCO,379.53555555555556,318.0,90.914
OCO,414.98,319.0,90.914
OCO,439.8688888888889,320.0,90.914
OCO,468.31333333333333,320.0,90.914
OCO,507.4244444444445,320.0,90.914
OCO,535.9577777777778,321.0,90.914
OCO,553.7911111111111,321.0,90.914
OCO,582.2355555555556,320.0,90.914
OCO,599.3466666666667,308.0,90.914
OCO,611.5244444444444,274.0,90.914
OCO,623.0355555555556,259.0,90.914
OCO,633.2133333333334,229.0,90.914
OCO,650.1022222222223,190.0,90.914
OCO,659.593888888889,170.0,90.914
OCO,669.1272222222223,143.0,90.914
OCO,675.4827777777779,143.0,90.914
OCO,682.3161111111112,123.0,90.914
OCO,688.4827777777779,111.0,90.914
OCO,693.0161111111112,102.0,90.914
OCO,701.193888888889,92.0,90.914
OCO,708.6605555555557,84.0,90.914
OCO,712.1716666666667,79.0,90.914
OCO,717.1716666666667,75.0,90.914
OCO,721.7716666666668,69.0,90.914
OCO,727.1383333333334,69.0,90.914
OCO,734.6750000000001,68.0,90.914
OCO,739.6083333333333,74.0,90.914
OCO,747.7083333333334,81.0,90.914
OCO,751.6194444444444,88.0,90.914
OCO,755.8416666666666,95.0,90.914
OCO,766.6416666666667,108.0,90.914
OCO,782.775,132.0,90.914
OCO,788.775,135.0,90.914
OCO,798.5083333333333,146.0,90.914
OCO,816.175,159.0,90.914
OCO,825.3416666666666,165.0,90.914
OCO,832.8083333333333,168.0,90.914
OCO,844.675,178.0,90.914
OCO,852.8083333333333,183.0,90.914
OCO,867.7169444444444,191.0,90.914
OCO,878.6613888888888,197.0,90.914
OCO,901.9947222222222,210.0,90.914
OCO,921.4613888888888,219.0,90.914
OCO,941.3725,224.0,90.914
OCO,951.4169444444444,226.0,90.914
OCO,974.9169444444445,235.0,90.914
OCO,990.7169444444444,237.0,90.914
OCO,1006.9836111111111,244.0,90.914
OCO,1018.0058333333334,248.0,90.914
OCO,1051.935,255.0,90.914
OCO,1066.435,261.0,90.914
OCO,1096.1016666666665,267.0,90.914
OCO,1114.0349999999999,269.0,90.914
OCO,1141.5349999999999,275.0,90.914
OCO,1153.8016666666665,276.0,90.914
OCO,1166.2016666666666,279.0,90.914
OCO,1181.8127777777777,281.0,90.914
OCO,1207.146111111111,285.0,90.914
OCO,1223.0905555555553,287.0,90.914
OCO,1248.868333333333,290.0,90.914
OCO,1268.335,292.0,90.914
OCO,1291.2794444444444,295.0,90.914
OCO,1304.3905555555555,295.0,90.914
OCO,1320.8905555555555,297.0,90.914
OCO,1337.5288888888888,298.0,90.914
OCO,1350.8177777777778,299.0,90.914
OCO,1367.4288888888889,299.0,90.914
OCO,1390.6066666666668,298.0,90.914
OCO,1403.7177777777779,295.0,90.914
OCO,1418.4955555555557,266.0,90.914
OCO,1429.0733333333335,238.0,90.914
OCO,1450.4733333333334,214.0,90.914
OCO,1460.8066666666668,186.0,90.914
OCO,1475.028888888889,160.0,90.914
OCO,1486.6177777777777,149.0,90.914
OCO,1498.7066666666667,136.0,90.914
OCO,1511.7066666666667,130.0,90.914
OCO,1525.3391666666666,123.0,90.914
OCO,1537.9391666666666,126.0,90.914
OCO,1543.583611111111,127.0,90.914
OCO,1552.3836111111111,132.0,90.914
OCO,1560.1058333333333,139.0,90.914
OCO,1571.6169444444442,148.0,90.914
OCO,1580.2280555555556,155.0,90.914
OCO,1592.983611111111,164.0,90.914
OCO,1608.6280555555554,176.0,90.914
OCO,1616.8502777777776,185.0,90.914
OCO,1632.0169444444443,195.0,90.914
OCO,1640.9947222222222,202.0,90.914
OCO,1659.7502777777777,211.0,90.914
OCO,1676.7663888888887,218.0,90.914
OCO,1691.6997222222221,224.0,90.914
OCO,1704.3663888888887,228.0,90.914
OCO,1717.2552777777776,232.0,90.914
OCO,1727.7886111111109,237.0,90.914
OCO,1741.1219444444441,240.0,90.914
OCO,1757.388611111111,244.0,90.914
OCO,1771.1108333333332,247.0,90.914
OCO,1796.4108333333331,253.0,90.914
OCO,1810.188611111111,248.0,90.914
OCO,1828.388611111111,234.0,90.914
OCO,1843.188611111111,222.0,90.914
OCO,1859.6775,212.0,90.914
OCO,1884.4322222222222,203.0,90.914
OCO,1909.4877777777779,205.0,90.914
OCO,1930.687777777778,212.0,90.914
OCO,1947.6433333333334,218.0,90.914
OCO,1960.0877777777778,224.0,90.914
OCO,1975.3544444444447,229.0,90.914
OCO,1996.0655555555559,233.0,90.914
OCO,2014.265555555556,234.0,90.914
OCO,2024.798888888889,237.0,90.914
OCO,2046.2211111111112,241.0,90.914
OCO,2057.154444444445,246.0,90.914
OCO,2076.5211111111116,249.0,90.914
OCO,2110.7255555555557,256.0,90.914
OCO,2125.0033333333336,257.0,90.914
OCO,2149.447777777778,220.0,90.914
OCO,2163.758888888889,184.0,90.914
OCO,2177.714444444445,157.0,90.914
OCO,2185.658888888889,143.0,90.914
OCO,2193.047777777778,133.0,90.914
OCO,2204.7477777777776,117.0,90.914
OCO,2212.603333333333,101.0,90.914
OCO,2217.092222222222,101.0,90.914
OCO,2227.7255555555553,87.0,90.914
OCO,2231.503333333333,85.0,90.914
OCO,2235.0808333333334,81.0,90.914
OCO,2238.636388888889,80.0,90.914
OCO,2245.3919444444446,76.0,90.914
OCO,2250.5919444444444,78.0,90.914
OCO,2258.058611111111,84.0,90.914
OCO,2265.058611111111,90.0,90.914
OCO,2269.1919444444443,93.0,90.914
OCO,2278.7030555555552,107.0,90.914
OCO,2289.3697222222218,120.0,90.914
OCO,2297.903055555555,128.0,90.914
OCO,2303.591944444444,128.0,90.914
OCO,2310.214166666666,149.0,90.914
OCO,2318.825277777777,155.0,90.914
OCO,2330.091944444444,169.0,90.914
OCO,2342.008055555555,178.0,90.914
OCO,2350.2747222222215,186.0,90.914
OCO,2365.519166666666,196.0,90.914
OCO,2393.785833333333,212.0,90.914
OCO,2418.5636111111107,223.0,90.914
OCO,2428.5636111111107,225.0,90.914
OCO,2446.6080555555554,232.0,90.914
OCO,2475.8191666666667,239.0,90.914
OCO,2489.374722222222,244.0,90.914
OCO,2520.1747222222216,252.0,90.914
OCO,2539.930277777777,254.0,90.914
OCO,2557.1249999999995,259.0,90.914
OCO,2577.269444444444,259.0,90.914
OCO,2604.5249999999996,223.0,90.914
OCO,2623.2249999999995,187.0,90.914
OCO,2640.558333333333,156.0,90.914
OCO,2648.447222222222,142.0,90.914
OCO,2655.558333333333,128.0,90.914
OCO,2664.1138888888886,110.0,90.914
OCO,2674.0138888888887,99.0,90.914
OCO,2681.0916666666667,91.0,90.914
OCO,2687.049722222222,89.0,90.914
OCO,2694.4275,83.0,90.914
OCO,2699.8275,81.0,90.914
OCO,2705.816388888889,77.0,90.914
OCO,2711.8052777777775,77.0,90.914
OCO,2718.1052777777777,81.0,90.914
OCO,2727.005277777778,89.0,90.914
OCO,2733.405277777778,96.0,90.914
OCO,2741.416388888889,103.0,90.914
OCO,2748.2497222222223,123.0,90.914
OCO,2758.9830555555554,138.0,90.914
OCO,2771.038611111111,155.0,90.914
OCO,2780.205277777778,165.0,90.914
OCO,2796.116388888889,179.0,90.914
OCO,2806.4533333333334,187.0,90.914
OCO,2819.4533333333334,195.0,90.914
OCO,2828.297777777778,199.0,90.914
OCO,2844.6311111111113,210.0,90.914
OCO,2856.7977777777783,219.0,90.914
OCO,2869.297777777778,225.0,90.914
OCO,2892.4977777777776,232.0,90.914
OCO,2903.0755555555556,238.0,90.914
OCO,2919.2088888888893,242.0,90.914
OCO,2947.097777777778,251.0,90.914
OCO,2975.7644444444445,258.0,90.914
OCO,2996.2930555555554,263.0,90.914
OCO,3011.126388888889,267.0,90.914
OCO,3035.304166666667,272.0,90.914
OCO,3053.6375,275.0,90.914
OCO,3084.8597222222224,281.0,90.914
OCO,3107.0263888888885,285.0,90.914
OCO,3142.348611111111,289.0,90.914
OCO,3174.9041666666667,293.0,90.914
OCO,3201.126388888889,295.0,90.914
OCO,3220.8597222222224,296.0,90.914
OCO,3237.4708333333333,299.0,90.914
OCO,3271.026388888889,302.0,90.914
OCO,3284.364722222223,302.0,90.914
OCO,3311.2091666666674,302.0,90.914
OCO,3324.0536111111114,289.0,90.914
OCO,3341.386944444445,260.0,90.914
OCO,3351.8313888888893,235.0,90.914
OCO,3366.098055555556,214.0,90.914
OCO,3374.9425000000006,199.0,90.914
OCO,3391.2091666666674,183.0,90.914
OCO,3406.853611111112,176.0,90.914
OCO,3416.353611111112,171.0,90.914
OCO,3427.353611111112,165.0,90.914
OCO,3439.7980555555564,160.0,90.914
OCO,3448.8988888888894,163.0,90.914
OCO,3458.0655555555563,165.0,90.914
OCO,3465.487777777779,167.0,90.914
OCO,3474.8766666666675,169.0,90.914
OCO,3490.8766666666675,180.0,90.914
OCO,3499.1433333333343,186.0,90.914
OCO,3516.476666666668,195.0,90.914
OCO,3534.69888888889,205.0,90.914
OCO,3563.3655555555565,215.0,90.914
OCO,3575.69888888889,222.0,90.914
OCO,3585.69888888889,225.0,90.914
OCO,3598.4211111111126,229.0,90.914
OCO,3613.9544444444455,233.0,90.914
OCO,3624.3988888888903,235.0,90.914
OCO,3640.3322222222237,239.0,90.914
OCO,3662.021111111112,244.0,90.914
OCO,3684.3511111111125,252.0,90.914
OCO,3701.217777777779,253.0,90.914
OCO,3718.2177777777792,255.0,90.914
OCO,3744.0177777777794,258.0,90.914
OCO,3761.284444444446,259.0,90.914
OCO,3790.173333333335,260.0,90.914
OCO,3807.6400000000012,262.0,90.914
OCO,3822.2511111111126,263.0,90.914
OCO,3836.862222222224,263.0,90.914
OCO,3854.5288888888904,265.0,90.914
OCO,3881.2027777777794,266.0,90.914
OCO,3893.0250000000015,266.0,90.914
OCO,3907.858333333335,267.0,90.914
OCO,3928.7805555555574,269.0,90.914
OCO,3958.780555555557,270.0,90.914
OCO,3973.7250000000017,269.0,90.914
OCO,3994.70277777778,236.0,90.914
OCO,4004.0805555555576,211.0,90.914
OCO,4017.080555555557,195.0,90.914
OCO,4032.1916666666684,170.0,90.914
OCO,4044.713888888891,161.0,90.914
OCO,4054.980555555557,154.0,90.914
OCO,4071.647222222224,150.0,90.914
OCO,4084.447222222224,144.0,90.914
OCO,4095.4916666666686,142.0,90.914
OCO,4103.451666666669,144.0,90.914
OCO,4115.196111111113,151.0,90.914
OCO,4121.996111111113,153.0,90.914
OCO,4140.551666666669,167.0,90.914
OCO,4152.551666666669,180.0,90.914
OCO,4165.085000000003,188.0,90.914
OCO,4185.185000000003,201.0,90.914
OCO,4194.25166666667,204.0,90.914
OCO,4208.385000000003,212.0,90.914
OCO,4222.918333333337,218.0,90.914
OCO,4235.36916666667,223.0,90.914
OCO,4261.25805555556,233.0,90.914
OCO,4271.835833333337,238.0,90.914
OCO,4293.524722222226,244.0,90.914
OCO,4304.45805555556,246.0,90.914
OCO,4326.9469444444485,253.0,90.914
OCO,4341.169166666671,256.0,90.914
OCO,4361.313611111115,259.0,90.914
OCO,4372.913611111115,261.0,90.914
OCO,4387.635833333337,265.0,90.914
OCO,4414.635833333337,270.0,90.914
OCO,4426.680277777781,271.0,90.914
OCO,4441.846944444448,273.0,90.914
OCO,4463.313611111115,276.0,90.914
OCO,4491.313611111115,280.0,90.914
OCO,4503.802500000004,281.0,90.914
OCO,4529.04694444445,284.0,90.914
OCO,4544.856388888894,286.0,90.914
OCO,4560.800833333338,287.0,90.914
OCO,4576.800833333337,288.0,90.914
OCO,4609.134166666671,291.0,90.914
OCO,4625.356388888894,292.0,90.914
OCO,4638.378611111116,293.0,90.914
OCO,4667.778611111115,294.0,90.914
OCO,4690.72305555556,295.0,90.914
OCO,4713.745277777782,296.0,90.914
OCO,4746.827777777781,297.0,90.914
OCO,4763.327777777781,297.0,90.914
OCO,4776.394444444448,294.0,90.914
OCO,4794.127777777781,266.0,90.914
OCO,4817.350000000003,209.0,90.914
OCO,4834.4500000000035,171.0,90.914
OCO,4844.983333333337,158.0,90.914
OCO,4851.694444444448,151.0,90.914
OCO,4861.227777777781,143.0,90.914
OCO,4873.405555555559,137.0,90.914
OCO,4880.905555555559,135.0,90.914
OCO,4895.350000000003,130.0,90.914
OCO,4902.461111111114,128.0,90.914
OCO,4917.461111111114,135.0,90.914
OCO,4935.550000000004,148.0,90.914
OCO,4944.173333333337,156.0,90.914
OCO,4963.284444444447,172.0,90.914
OCO,4984.284444444447,189.0,90.914
OCO,4999.762222222225,199.0,90.914
OCO,5015.70666666667,205.0,90.914
OCO,5032.351111111114,214.0,90.914
OCO,5052.0844444444465,222.0,90.914
OCO,5064.695555555558,227.0,90.914
OCO,5082.960555555558,234.0,90.914
OCO,5115.627222222224,245.0,90.914
OCO,5126.5605555555585,246.0,90.914
OCO,5157.727222222225,255.0,90.914
OCO,5169.193888888891,258.0,90.914
OCO,5180.705000000002,259.0,90.914
OCO,5195.260555555557,262.0,90.914
OCO,5218.905000000002,266.0,90.914
OCO,5233.79388888889,268.0,90.914
OCO,5248.849444444446,271.0,90.914
OCO,5260.938333333334,272.0,90.914
OCO,5279.271666666668,275.0,90.914
OCO,5294.716111111112,278.0,90.914
OCO,5310.327222222223,281.0,90.914
OCO,5322.949444444445,284.0,90.914
OCO,5338.838333333334,286.0,90.914
OCO,5367.838333333334,290.0,90.914
HUL,22.219166666666666,293.0,90.809
HUL,38.66361111111111,296.0,90.809
HUL,65.24138888888889,299.0,90.809
HUL,81.90805555555555,300.0,90.809
HUL,95.33027777777778,302.0,90.809
HUL,108.84138888888889,304.0,90.809
HUL,122.39694444444446,305.0,90.809
HUL,149.68583333333333,307.0,90.809
HUL,166.82666666666668,307.0,90.809
HUL,187.49333333333334,310.0,90.809
HUL,201.27111111111114,310.0,90.809
HUL,218.54888888888888,311.0,90.809
HUL,235.9377777777778,313.0,90.809
HUL,249.84888888888892,313.0,90.809
HUL,277.76,314.0,90.809
HUL,305.84888888888884,316.0,90.809
HUL,319.93777777777774,317.0,90.809
HUL,341.0711111111111,317.0,90.809
HUL,362.2711111111111,318.0,90.809
HUL,387.08222222222224,319.0,90.809
HUL,422.5488888888889,320.0,90.809
HUL,443.9488888888888,321.0,90.809
HUL,476.0488888888888,321.0,90.809
HUL,490.22666666666663,319.0,90.809
HUL,504.53777777777776,322.0,90.809
HUL,536.5377777777777,320.0,90.809
HUL,575.16,316.0,90.809
HUL,589.1155555555555,314.0,90.809
HUL,607.6488888888888,278.0,90.809
HUL,633.982222222222,237.0,90.809
HUL,645.0933333333331,200.0,90.809
HUL,653.4488888888887,188.0,90.809
HUL,663.8488888888887,156.0,90.809
HUL,670.471111111111,149.0,90.809
HUL,680.306111111111,126.0,90.809
HUL,686.5838888888887,113.0,90.809
HUL,697.1394444444443,95.0,90.809
HUL,704.6949999999998,85.0,90.809
HUL,711.3616666666665,75.0,90.809
HUL,714.6505555555553,74.0,90.809
HUL,721.5505555555553,69.0,90.809
HUL,726.017222222222,67.0,90.809
HUL,730.4838888888887,67.0,90.809
HUL,733.5505555555554,69.0,90.809
HUL,744.1949999999998,80.0,90.809
HUL,748.9172222222221,85.0,90.809
HUL,759.4727777777777,95.0,90.809
HUL,766.7394444444443,109.0,90.809
HUL,779.6394444444444,129.0,90.809
HUL,785.7727777777777,138.0,90.809
HUL,791.906111111111,138.0,90.809
HUL,800.1838888888889,149.0,90.809
HUL,814.3172222222222,159.0,90.809
HUL,823.4838888888888,165.0,90.809
HUL,839.6616666666666,182.0,90.809
HUL,852.1283333333333,187.0,90.809
HUL,867.4505555555555,197.0,90.809
HUL,876.3838888888889,201.0,90.809
HUL,887.8283333333334,206.0,90.809
HUL,899.6650000000001,212.0,90.809
HUL,909.353888888889,218.0,90.809
HUL,921.7983333333334,224.0,90.809
HUL,939.5316666666668,228.0,90.809
HUL,949.7983333333334,231.0,90.809
HUL,962.853888888889,235.0,90.809
HUL,973.3872222222222,237.0,90.809
HUL,997.8872222222222,245.0,90.809
HUL,1011.776111111111,250.0,90.809
HUL,1034.4427777777778,255.0,90.809
HUL,1054.6650000000002,260.0,90.809
HUL,1078.2205555555558,265.0,90.809
HUL,1105.2205555555558,270.0,90.809
HUL,1135.810555555556,276.0,90.809
HUL,1163.910555555556,281.0,90.809
HUL,1176.5327777777782,284.0,90.809
HUL,1195.5994444444448,286.0,90.809
HUL,1211.599444444445,288.0,90.809
HUL,1234.2327777777782,291.0,90.809
HUL,1250.4550000000004,292.0,90.809
HUL,1273.399444444445,295.0,90.809
HUL,1299.799444444445,297.0,90.809
HUL,1312.999444444445,297.0,90.809
HUL,1336.3327777777786,300.0,90.809
HUL,1349.7105555555563,301.0,90.809
HUL,1376.377222222223,300.0,90.809
HUL,1399.715833333334,299.0,90.809
HUL,1417.9825000000008,274.0,90.809
HUL,1431.5380555555564,244.0,90.809
HUL,1443.5936111111118,217.0,90.809
HUL,1452.215833333334,194.0,90.809
HUL,1462.1602777777784,179.0,90.809
HUL,1473.0936111111116,164.0,90.809
HUL,1481.6491666666673,154.0,90.809
HUL,1495.4491666666672,138.0,90.809
HUL,1502.9491666666672,135.0,90.809
HUL,1512.826944444445,127.0,90.809
HUL,1521.0936111111116,124.0,90.809
HUL,1530.5047222222227,121.0,90.809
HUL,1545.991666666667,127.0,90.809
HUL,1563.102777777778,140.0,90.809
HUL,1578.202777777778,151.0,90.809
HUL,1591.0361111111115,165.0,90.809
HUL,1600.7027777777782,174.0,90.809
HUL,1612.769444444445,181.0,90.809
HUL,1630.1027777777783,195.0,90.809
HUL,1645.8138888888893,202.0,90.809
HUL,1655.0583333333338,208.0,90.809
HUL,1674.4361111111116,218.0,90.809
HUL,1684.3027777777784,222.0,90.809
HUL,1702.1138888888895,229.0,90.809
HUL,1733.6461111111116,236.0,90.809
HUL,1747.0350000000008,241.0,90.809
HUL,1774.479444444445,247.0,90.809
HUL,1794.0016666666675,251.0,90.809
HUL,1816.2238888888896,250.0,90.809
HUL,1829.7238888888896,243.0,90.809
HUL,1842.1127777777785,223.0,90.809
HUL,1863.1127777777785,210.0,90.809
HUL,1878.8238888888898,202.0,90.809
HUL,1887.7127777777787,200.0,90.809
HUL,1912.5238888888898,203.0,90.809
HUL,1921.546111111112,203.0,90.809
HUL,1930.9977777777788,214.0,90.809
HUL,1940.7755555555566,220.0,90.809
HUL,1960.8644444444456,226.0,90.809
HUL,1976.1311111111124,229.0,90.809
HUL,1997.0200000000013,235.0,90.809
HUL,2015.531111111112,238.0,90.809
HUL,2026.2866666666678,242.0,90.809
HUL,2048.1533333333346,246.0,90.809
HUL,2070.3755555555567,250.0,90.809
HUL,2087.442222222223,256.0,90.809
HUL,2098.820000000001,256.0,90.809
HUL,2110.331111111112,259.0,90.809
HUL,2124.6644444444455,258.0,90.809
HUL,2141.864444444446,258.0,90.809
HUL,2155.320277777779,201.0,90.809
HUL,2163.5869444444456,186.0,90.809
HUL,2176.5758333333347,167.0,90.809
HUL,2194.8425000000016,137.0,90.809
HUL,2206.509166666668,105.0,90.809
HUL,2211.0425000000014,102.0,90.809
HUL,2218.4313888888905,95.0,90.809
HUL,2228.698055555557,84.0,90.809
HUL,2233.3091666666683,83.0,90.809
HUL,2242.8425000000016,78.0,90.809
HUL,2249.1425000000017,81.0,90.809
HUL,2254.6527777777796,83.0,90.809
HUL,2261.6527777777796,90.0,90.809
HUL,2274.1194444444463,102.0,90.809
HUL,2285.819444444446,117.0,90.809
HUL,2300.708333333335,134.0,90.809
HUL,2308.708333333335,144.0,90.809
HUL,2316.986111111112,149.0,90.809
HUL,2330.052777777779,168.0,90.809
HUL,2348.1527777777787,181.0,90.809
HUL,2362.852777777779,189.0,90.809
HUL,2376.3755555555567,202.0,90.809
HUL,2395.220000000001,212.0,90.809
HUL,2409.5533333333346,215.0,90.809
HUL,2427.0533333333346,225.0,90.809
HUL,2445.097777777779,232.0,90.809
HUL,2463.3755555555567,235.0,90.809
HUL,2487.775555555557,244.0,90.809
HUL,2504.442222222224,250.0,90.809
HUL,2524.1200000000017,253.0,90.809
HUL,2538.3422222222234,256.0,90.809
HUL,2558.40888888889,258.0,90.809
HUL,2578.2422222222235,255.0,90.809
HUL,2591.575555555557,240.0,90.809
HUL,2610.4200000000014,212.0,90.809
HUL,2621.3097222222236,197.0,90.809
HUL,2633.443055555557,182.0,90.809
HUL,2640.9097222222235,168.0,90.809
HUL,2652.343055555557,147.0,90.809
HUL,2659.7875000000013,134.0,90.809
HUL,2666.898611111112,128.0,90.809
HUL,2677.398611111112,105.0,90.809
HUL,2681.9319444444454,102.0,90.809
HUL,2688.0652777777786,92.0,90.809
HUL,2697.17638888889,82.0,90.809
HUL,2705.7319444444456,77.0,90.809
HUL,2711.664166666668,76.0,90.809
HUL,2716.108611111112,80.0,90.809
HUL,2723.8419444444453,87.0,90.809
HUL,2729.9752777777785,92.0,90.809
HUL,2741.530833333334,104.0,90.809
HUL,2750.7863888888896,119.0,90.809
HUL,2767.897500000001,140.0,90.809
HUL,2785.7863888888896,161.0,90.809
HUL,2801.3419444444453,175.0,90.809
HUL,2813.8752777777786,188.0,90.809
HUL,2824.7641666666673,196.0,90.809
HUL,2847.319722222223,203.0,90.809
HUL,2856.7713888888898,214.0,90.809
HUL,2876.8602777777783,226.0,90.809
HUL,2887.038055555556,229.0,90.809
HUL,2902.8380555555564,237.0,90.809
HUL,2913.3713888888897,237.0,90.809
HUL,2929.6380555555565,244.0,90.809
HUL,2940.482500000001,244.0,90.809
HUL,2963.060277777779,254.0,90.809
HUL,2986.3491666666678,262.0,90.809
HUL,3001.1269444444456,266.0,90.809
HUL,3019.060277777779,269.0,90.809
HUL,3040.3713888888897,274.0,90.809
HUL,3055.725555555556,275.0,90.809
HUL,3071.225555555556,279.0,90.809
HUL,3083.6700000000005,280.0,90.809
HUL,3099.281111111112,281.0,90.809
HUL,3124.8811111111117,288.0,90.809
HUL,3137.6811111111115,288.0,90.809
HUL,3163.636666666667,292.0,90.809
HUL,3189.8588888888894,295.0,90.809
HUL,3229.592222222223,298.0,90.809
HUL,3246.2588888888895,300.0,90.809
HUL,3259.681111111112,302.0,90.809
HUL,3276.5144444444454,303.0,90.809
HUL,3296.714444444445,303.0,90.809
HUL,3310.181111111112,303.0,90.809
HUL,3330.1811111111115,300.0,90.809
HUL,3352.136666666667,247.0,90.809
HUL,3371.896944444445,223.0,90.809
HUL,3385.0969444444454,198.0,90.809
HUL,3397.163611111112,181.0,90.809
HUL,3414.1636111111125,170.0,90.809
HUL,3424.8969444444456,161.0,90.809
HUL,3442.4525000000012,158.0,90.809
HUL,3453.319166666668,163.0,90.809
HUL,3462.54138888889,166.0,90.809
HUL,3472.0969444444454,172.0,90.809
HUL,3484.030277777779,179.0,90.809
HUL,3503.1833333333348,191.0,90.809
HUL,3511.9388888888902,197.0,90.809
HUL,3523.1611111111124,202.0,90.809
HUL,3539.1833333333343,206.0,90.809
HUL,3563.2944444444456,217.0,90.809
HUL,3575.4055555555565,218.0,90.809
HUL,3595.761111111112,229.0,90.809
HUL,3605.93888888889,229.0,90.809
HUL,3621.4722222222226,233.0,90.809
HUL,3642.894444444445,241.0,90.809
HUL,3661.794444444445,243.0,90.809
HUL,3678.261111111112,247.0,90.809
HUL,3706.261111111112,252.0,90.809
HUL,3728.927777777779,255.0,90.809
HUL,3748.916666666667,257.0,90.809
HUL,3763.233611111112,259.0,90.809
HUL,3783.378055555557,259.0,90.809
HUL,3794.933611111112,260.0,90.809
HUL,3824.0447222222224,262.0,90.809
HUL,3841.5780555555566,263.0,90.809
HUL,3859.178055555556,264.0,90.809
HUL,3885.778055555556,266.0,90.809
HUL,3897.6447222222223,267.0,90.809
HUL,3915.444722222223,267.0,90.809
HUL,3933.378055555556,269.0,90.809
HUL,3948.4530555555566,270.0,90.809
HUL,3978.786388888889,273.0,90.809
HUL,3990.6530555555555,267.0,90.809
HUL,4011.2752777777782,232.0,90.809
HUL,4020.7419444444445,213.0,90.809
HUL,4037.453055555556,188.0,90.809
HUL,4047.2308333333335,176.0,90.809
HUL,4059.675277777778,160.0,90.809
HUL,4066.6086111111117,156.0,90.809
HUL,4074.9419444444447,150.0,90.809
HUL,4088.9419444444447,140.0,90.809
HUL,4095.0752777777784,138.0,90.809
HUL,4102.741944444445,138.0,90.809
HUL,4113.78638888889,142.0,90.809
HUL,4128.986388888889,152.0,90.809
HUL,4135.875277777779,155.0,90.809
HUL,4150.6308333333345,166.0,90.809
HUL,4160.415000000001,177.0,90.809
HUL,4170.4705555555565,181.0,90.809
HUL,4181.1372222222235,192.0,90.809
HUL,4203.692777777778,203.0,90.809
HUL,4215.526111111112,213.0,90.809
HUL,4225.126111111112,216.0,90.809
HUL,4247.926111111113,228.0,90.809
HUL,4266.048333333334,233.0,90.809
HUL,4284.559444444445,238.0,90.809
HUL,4312.072500000001,247.0,90.809
HUL,4325.961388888889,250.0,90.809
HUL,4337.16138888889,252.0,90.809
HUL,4354.294722222223,257.0,90.809
HUL,4383.405833333334,262.0,90.809
HUL,4410.105833333334,267.0,90.809
HUL,4427.9725,268.0,90.809
HUL,4440.061388888888,272.0,90.809
HUL,4458.394722222222,275.0,90.809
HUL,4483.016944444444,277.0,90.809
HUL,4498.572499999999,280.0,90.809
HUL,4530.016944444443,283.0,90.809
HUL,4545.850277777777,285.0,90.809
HUL,4577.850277777778,288.0,90.809
HUL,4613.416944444444,291.0,90.809
HUL,4629.558055555555,292.0,90.809
HUL,4662.113611111111,293.0,90.809
HUL,4694.891388888888,295.0,90.809
HUL,4717.91361111111,296.0,90.809
HUL,4741.013611111111,297.0,90.809
HUL,4764.035833333332,296.0,90.809
HUL,4788.658055555556,277.0,90.809
HUL,4802.324722222222,246.0,90.809
HUL,4819.340833333333,218.0,90.809
HUL,4842.8075,176.0,90.809
HUL,4849.785277777777,157.0,90.809
HUL,4867.140833333333,142.0,90.809
HUL,4873.229722222221,137.0,90.809
HUL,4879.229722222221,135.0,90.809
HUL,4886.451944444443,130.0,90.809
HUL,4897.651944444443,126.0,90.809
HUL,4904.596388888887,125.0,90.809
HUL,4911.485277777776,124.0,90.809
HUL,4917.129722222221,127.0,90.809
HUL,4925.996388888888,133.0,90.809
HUL,4933.607499999999,137.0,90.809
HUL,4941.496388888888,142.0,90.809
HUL,4947.8963888888875,144.0,90.809
HUL,4956.451944444443,154.0,90.809
HUL,4973.151944444443,167.0,90.809
HUL,4989.507499999998,184.0,90.809
HUL,5001.988611111109,188.0,90.809
HUL,5024.766388888887,205.0,90.809
HUL,5034.144166666665,211.0,90.809
HUL,5053.69972222222,220.0,90.809
HUL,5073.966388888887,228.0,90.809
HUL,5089.69972222222,236.0,90.809
HUL,5103.033055555554,240.0,90.809
HUL,5119.366388888887,245.0,90.809
HUL,5136.102499999998,250.0,90.809
HUL,5161.7024999999985,256.0,90.809
HUL,5176.035833333332,258.0,90.809
HUL,5205.369166666666,264.0,90.809
HUL,5223.235833333332,268.0,90.809
HUL,5253.569166666666,273.0,90.809
HUL,5274.880277777777,274.0,90.809
HUL,5287.235833333332,278.0,90.809
HUL,5305.902499999998,280.0,90.809
HUL,5318.480277777776,283.0,90.809
HUL,5331.102499999999,284.0,90.809
HUL,5347.0469444444425,287.0,90.809
HUL,5369.369166666665,287.0,90.809
HUL,5385.480277777776,290.0,90.809
NOR,13.014166666666666,291.0,91.381
NOR,52.56305555555555,296.0,91.381
NOR,69.11861111111111,298.0,91.381
NOR,102.56305555555556,301.0,91.381
NOR,126.12972222222223,303.0,91.381
NOR,153.24083333333334,305.0,91.381
NOR,170.29638888888888,307.0,91.381
NOR,187.35194444444446,307.0,91.381
NOR,218.35194444444446,310.0,91.381
NOR,242.4630555555556,310.0,91.381
NOR,256.2852777777778,311.0,91.381
NOR,294.5408333333334,313.0,91.381
NOR,308.49638888888893,314.0,91.381
NOR,322.40888888888895,315.0,91.381
NOR,336.40888888888895,315.0,91.381
NOR,364.49777777777786,316.0,91.381
NOR,385.6311111111112,317.0,91.381
NOR,413.8977777777779,318.0,91.381
NOR,438.708888888889,319.0,91.381
NOR,452.8866666666667,319.0,91.381
NOR,481.4200000000001,321.0,91.381
NOR,509.86444444444453,320.0,91.381
NOR,531.2644444444445,321.0,91.381
NOR,545.5311111111112,321.0,91.381
NOR,559.7977777777778,321.0,91.381
NOR,577.6311111111112,321.0,91.381
NOR,598.8977777777778,319.0,91.381
NOR,618.1777777777778,288.0,91.381
NOR,630.1333333333333,269.0,91.381
NOR,646.2333333333333,207.0,91.381
NOR,667.0333333333334,156.0,91.381
NOR,680.7,123.0,91.381
NOR,685.6777777777778,112.0,91.381
NOR,693.3000000000001,98.0,91.381
NOR,704.0555555555557,88.0,91.381
NOR,708.7222222222223,84.0,91.381
NOR,717.6444444444445,73.0,91.381
NOR,723.088888888889,70.0,91.381
NOR,727.5369444444445,67.0,91.381
NOR,733.0591666666668,71.0,91.381
NOR,742.5925000000001,78.0,91.381
NOR,751.2925000000001,87.0,91.381
NOR,763.1813888888889,107.0,91.381
NOR,769.6813888888889,117.0,91.381
NOR,776.7369444444445,127.0,91.381
NOR,787.3147222222223,136.0,91.381
NOR,802.2147222222223,149.0,91.381
NOR,814.581388888889,159.0,91.381
NOR,825.426388888889,162.0,91.381
NOR,840.6263888888891,171.0,91.381
NOR,852.426388888889,177.0,91.381
NOR,867.2041666666668,190.0,91.381
NOR,882.2930555555557,194.0,91.381
NOR,897.8486111111113,200.0,91.381
NOR,919.1486111111112,213.0,91.381
NOR,933.6152777777779,217.0,91.381
NOR,950.9597222222225,223.0,91.381
NOR,963.5708333333337,227.0,91.381
NOR,981.6930555555557,233.0,91.381
NOR,1000.3597222222224,240.0,91.381
NOR,1013.7486111111112,241.0,91.381
NOR,1035.9708333333335,250.0,91.381
NOR,1049.9561111111113,253.0,91.381
NOR,1067.1561111111112,258.0,91.381
NOR,1078.7116666666668,260.0,91.381
NOR,1099.4005555555557,266.0,91.381
NOR,1114.345,269.0,91.381
NOR,1129.456111111111,272.0,91.381
NOR,1156.956111111111,275.0,91.381
NOR,1169.3116666666667,278.0,91.381
NOR,1188.0450000000003,281.0,91.381
NOR,1219.7116666666668,285.0,91.381
NOR,1251.822777777778,289.0,91.381
NOR,1274.5369444444448,291.0,91.381
NOR,1290.759166666667,292.0,91.381
NOR,1316.9813888888891,295.0,91.381
NOR,1336.781388888889,297.0,91.381
NOR,1370.0036111111115,299.0,91.381
NOR,1393.3369444444445,300.0,91.381
NOR,1422.181388888889,236.0,91.381
NOR,1443.2925,190.0,91.381
NOR,1458.1369444444445,167.0,91.381
NOR,1468.5369444444445,156.0,91.381
NOR,1476.8147222222224,149.0,91.381
NOR,1491.9258333333335,136.0,91.381
NOR,1497.7116666666668,131.0,91.381
NOR,1508.6450000000002,123.0,91.381
NOR,1513.9338888888892,119.0,91.381
NOR,1521.8672222222226,119.0,91.381
NOR,1527.3338888888893,123.0,91.381
NOR,1535.6672222222226,125.0,91.381
NOR,1541.4450000000004,130.0,91.381
NOR,1553.622777777778,137.0,91.381
NOR,1566.600555555556,146.0,91.381
NOR,1575.1561111111114,154.0,91.381
NOR,1586.422777777778,169.0,91.381
NOR,1600.111666666667,176.0,91.381
NOR,1610.385,184.0,91.381
NOR,1620.9961111111113,191.0,91.381
NOR,1629.8405555555557,199.0,91.381
NOR,1641.2294444444447,205.0,91.381
NOR,1660.251666666667,214.0,91.381
NOR,1669.851666666667,216.0,91.381
NOR,1689.9405555555559,226.0,91.381
NOR,1710.3850000000002,230.0,91.381
NOR,1742.5183333333337,241.0,91.381
NOR,1756.0738888888893,244.0,91.381
NOR,1767.0516666666672,247.0,91.381
NOR,1780.8850000000004,249.0,91.381
NOR,1797.6850000000004,252.0,91.381
NOR,1808.7072222222225,248.0,91.381
NOR,1824.440555555556,236.0,91.381
NOR,1844.6183333333336,227.0,91.381
NOR,1863.3152777777782,211.0,91.381
NOR,1877.1152777777781,207.0,91.381
NOR,1890.9152777777783,207.0,91.381
NOR,1912.2152777777783,213.0,91.381
NOR,1926.7486111111116,218.0,91.381
NOR,1951.970833333334,227.0,91.381
NOR,1967.3041666666675,230.0,91.381
NOR,1980.2486111111116,233.0,91.381
NOR,1993.3041666666672,235.0,91.381
NOR,2009.1708333333336,238.0,91.381
NOR,2033.5383333333339,243.0,91.381
NOR,2044.4272222222226,245.0,91.381
NOR,2058.149444444445,247.0,91.381
NOR,2077.6716666666675,251.0,91.381
NOR,2106.116111111112,256.0,91.381
NOR,2120.3938888888897,257.0,91.381
NOR,2141.19388888889,234.0,91.381
NOR,2150.4827777777787,209.0,91.381
NOR,2162.282777777779,177.0,91.381
NOR,2175.5272222222234,149.0,91.381
NOR,2185.7161111111122,131.0,91.381
NOR,2193.5827777777786,118.0,91.381
NOR,2205.249444444445,105.0,91.381
NOR,2213.8716666666674,97.0,91.381
NOR,2220.8716666666674,90.0,91.381
NOR,2225.6255555555563,86.0,91.381
NOR,2232.0811111111116,83.0,91.381
NOR,2235.5477777777783,78.0,91.381
NOR,2244.658888888889,82.0,91.381
NOR,2250.258888888889,84.0,91.381
NOR,2256.1922222222224,89.0,91.381
NOR,2265.5922222222225,94.0,91.381
NOR,2269.9033333333336,97.0,91.381
NOR,2276.9700000000003,106.0,91.381
NOR,2284.6366666666668,115.0,91.381
NOR,2291.3925,121.0,91.381
NOR,2305.9480555555556,131.0,91.381
NOR,2312.3925,145.0,91.381
NOR,2327.1480555555554,166.0,91.381
NOR,2334.7480555555558,171.0,91.381
NOR,2351.014722222222,183.0,91.381
NOR,2361.6258333333335,191.0,91.381
NOR,2377.3369444444447,202.0,91.381
NOR,2386.581388888889,208.0,91.381
NOR,2398.470277777778,214.0,91.381
NOR,2420.6702777777778,222.0,91.381
NOR,2430.7147222222225,226.0,91.381
NOR,2443.603611111111,232.0,91.381
NOR,2462.0369444444445,237.0,91.381
NOR,2486.1369444444445,241.0,91.381
NOR,2497.1147222222226,247.0,91.381
NOR,2519.5147222222226,252.0,91.381
NOR,2533.6658333333335,256.0,91.381
NOR,2547.888055555555,256.0,91.381
NOR,2562.165833333333,257.0,91.381
NOR,2588.276944444444,235.0,91.381
NOR,2599.999166666666,211.0,91.381
NOR,2608.710277777777,196.0,91.381
NOR,2626.210277777777,175.0,91.381
NOR,2638.34361111111,156.0,91.381
NOR,2648.84361111111,135.0,91.381
NOR,2661.8761111111103,117.0,91.381
NOR,2667.5983333333324,103.0,91.381
NOR,2671.9983333333325,99.0,91.381
NOR,2677.931666666666,89.0,91.381
NOR,2687.0427777777772,82.0,91.381
NOR,2694.642777777777,76.0,91.381
NOR,2699.3761111111103,71.0,91.381
NOR,2702.664999999999,74.0,91.381
NOR,2707.7983333333323,77.0,91.381
NOR,2715.087222222221,82.0,91.381
NOR,2719.9761111111097,88.0,91.381
NOR,2731.198333333332,101.0,91.381
NOR,2737.309444444443,110.0,91.381
NOR,2751.5316666666654,128.0,91.381
NOR,2770.4761111111097,155.0,91.381
NOR,2779.596944444443,165.0,91.381
NOR,2799.9302777777766,183.0,91.381
NOR,2822.152499999999,200.0,91.381
NOR,2837.9413888888876,203.0,91.381
NOR,2854.8191666666653,217.0,91.381
NOR,2872.3969444444433,226.0,91.381
NOR,2893.1969444444435,234.0,91.381
NOR,2906.474722222221,239.0,91.381
NOR,2925.6763888888872,246.0,91.381
NOR,2959.809722222221,256.0,91.381
NOR,2971.1874999999986,256.0,91.381
NOR,3003.69861111111,266.0,91.381
NOR,3015.6541666666653,269.0,91.381
NOR,3027.69861111111,271.0,91.381
NOR,3042.9208333333318,274.0,91.381
NOR,3067.631944444443,278.0,91.381
NOR,3083.2430555555543,281.0,91.381
NOR,3098.854166666665,281.0,91.381
NOR,3111.476388888888,284.0,91.381
NOR,3130.5430555555545,286.0,91.381
NOR,3146.543055555554,288.0,91.381
NOR,3162.6541666666653,290.0,91.381
NOR,3175.631944444443,292.0,91.381
NOR,3191.909722222221,293.0,91.381
NOR,3221.409722222221,295.0,91.381
NOR,3247.89861111111,298.0,91.381
NOR,3267.7488888888874,299.0,91.381
NOR,3301.304444444443,302.0,91.381
NOR,3314.7266666666656,302.0,91.381
NOR,3337.57111111111,257.0,91.381
NOR,3357.659999999999,226.0,91.381
NOR,3371.659999999999,210.0,91.381
NOR,3382.715555555554,199.0,91.381
NOR,3395.0488888888876,185.0,91.381
NOR,3406.8980555555545,177.0,91.381
NOR,3423.6980555555547,168.0,91.381
NOR,3432.6980555555547,162.0,91.381
NOR,3450.8091666666655,163.0,91.381
NOR,3461.875833333332,166.0,91.381
NOR,3481.764722222221,179.0,91.381
NOR,3496.386944444443,188.0,91.381
NOR,3505.0536111111096,195.0,91.381
NOR,3518.4536111111097,201.0,91.381
NOR,3527.6091666666653,206.0,91.381
NOR,3536.85361111111,208.0,91.381
NOR,3548.4647222222206,209.0,91.381
NOR,3565.4202777777764,218.0,91.381
NOR,3577.75361111111,222.0,91.381
NOR,3587.709166666665,224.0,91.381
NOR,3605.5980555555543,230.0,91.381
NOR,3621.331388888888,236.0,91.381
NOR,3631.8202777777765,236.0,91.381
NOR,3650.652777777777,243.0,91.381
NOR,3667.1861111111098,248.0,91.381
NOR,3678.2083333333326,248.0,91.381
NOR,3695.074999999999,253.0,91.381
NOR,3706.319444444443,253.0,91.381
NOR,3720.48611111111,255.0,91.381
NOR,3737.6861111111098,258.0,91.381
NOR,3766.574999999999,260.0,91.381
NOR,3783.908333333332,260.0,91.381
NOR,3795.580833333332,261.0,91.381
NOR,3830.514166666666,262.0,91.381
NOR,3842.15861111111,262.0,91.381
NOR,3853.8474999999985,263.0,91.381
NOR,3871.4474999999993,264.0,91.381
NOR,3903.9586111111103,266.0,91.381
NOR,3924.725277777777,267.0,91.381
NOR,3942.525277777777,267.0,91.381
NOR,3963.2919444444437,267.0,91.381
NOR,3989.9586111111107,240.0,91.381
NOR,4003.9586111111103,210.0,91.381
NOR,4016.95861111111,195.0,91.381
NOR,4027.069722222221,182.0,91.381
NOR,4034.9363888888874,177.0,91.381
NOR,4047.380833333332,160.0,91.381
NOR,4065.9586111111093,152.0,91.381
NOR,4072.580833333332,149.0,91.381
NOR,4089.5311111111096,139.0,91.381
NOR,4095.797777777776,141.0,91.381
NOR,4103.853333333332,145.0,91.381
NOR,4110.386666666665,147.0,91.381
NOR,4123.808888888887,151.0,91.381
NOR,4132.697777777776,160.0,91.381
NOR,4141.975555555554,167.0,91.381
NOR,4158.153333333331,182.0,91.381
NOR,4172.983888888887,190.0,91.381
NOR,4188.539444444443,200.0,91.381
NOR,4205.028333333331,212.0,91.381
NOR,4216.972777777775,215.0,91.381
NOR,4242.083888888887,226.0,91.381
NOR,4252.350555555553,231.0,91.381
NOR,4268.083888888886,236.0,91.381
NOR,4286.906111111108,242.0,91.381
NOR,4297.750555555553,244.0,91.381
NOR,4314.417222222219,250.0,91.381
NOR,4348.683888888886,257.0,91.381
NOR,4368.82833333333,259.0,91.381
NOR,4386.494999999996,265.0,91.381
NOR,4401.2727777777745,266.0,91.381
NOR,4419.2727777777745,270.0,91.381
NOR,4437.472777777775,273.0,91.381
NOR,4461.91722222222,275.0,91.381
NOR,4483.617222222219,279.0,91.381
NOR,4505.317222222219,280.0,91.381
NOR,4533.617222222219,283.0,91.381
NOR,4549.450555555553,285.0,91.381
NOR,4574.961666666665,287.0,91.381
NOR,4603.861666666665,289.0,91.381
NOR,4616.706111111109,289.0,91.381
NOR,4636.119999999998,290.0,91.381
NOR,4668.5644444444415,292.0,91.381
NOR,4694.519999999998,292.0,91.381
NOR,4710.797777777776,293.0,91.381
NOR,4730.331111111109,293.0,91.381
NOR,4746.664444444443,294.0,91.381
NOR,4769.53111111111,294.0,91.381
NOR,4781.664444444443,273.0,91.381
NOR,4793.086666666664,257.0,91.381
NOR,4811.131111111109,203.0,91.381
NOR,4830.353333333331,173.0,91.381
NOR,4840.686666666665,155.0,91.381
NOR,4850.419999999998,146.0,91.381
NOR,4860.997777777776,136.0,91.381
NOR,4873.597777777776,126.0,91.381
NOR,4880.431111111109,123.0,91.381
NOR,4892.03111111111,116.0,91.381
NOR,4897.275555555554,118.0,91.381
NOR,4903.997777777777,121.0,91.381
NOR,4909.597777777776,126.0,91.381
NOR,4918.294722222221,131.0,91.381
NOR,4929.261388888888,141.0,91.381
NOR,4935.7058333333325,145.0,91.381
NOR,4946.239166666665,158.0,91.381
NOR,4955.572499999998,168.0,91.381
NOR,4967.239166666665,175.0,91.381
NOR,4979.772499999998,188.0,91.381
NOR,4988.180277777776,188.0,91.381
NOR,4996.802499999998,194.0,91.381
NOR,5015.3802777777755,209.0,91.381
NOR,5034.669166666665,217.0,91.381
NOR,5052.091388888887,224.0,91.381
NOR,5070.135833333332,232.0,91.381
NOR,5093.835833333332,237.0,91.381
NOR,5110.169166666665,245.0,91.381
NOR,5123.891388888887,247.0,91.381
NOR,5146.469166666665,254.0,91.381
NOR,5163.602499999999,257.0,91.381
NOR,5178.046944444443,260.0,91.381
NOR,5192.658055555554,263.0,91.381
NOR,5207.435833333332,266.0,91.381
NOR,5225.369166666666,269.0,91.381
NOR,5240.424722222221,271.0,91.381
NOR,5258.624722222222,273.0,91.381
NOR,5286.424722222222,278.0,91.381
NOR,5302.035833333333,281.0,91.381
NOR,5324.2025,285.0,91.381
NOR,5343.123333333333,285.0,91.381
BOT,10.417777777777777,293.0,91.443
BOT,26.83277777777778,294.0,91.443
BOT,39.89944444444444,294.0,91.443
BOT,56.343888888888884,296.0,91.443
BOT,79.52166666666666,298.0,91.443
BOT,92.94388888888889,302.0,91.443
BOT,109.6661111111111,301.0,91.443
BOT,123.0438888888889,301.0,91.443
BOT,153.5438888888889,305.0,91.443
BOT,170.59944444444443,307.0,91.443
BOT,197.97722222222222,308.0,91.443
BOT,222.0883333333333,310.0,91.443
BOT,249.64388888888885,310.0,91.443
BOT,280.94388888888886,313.0,91.443
BOT,315.6347222222222,313.0,91.443
BOT,347.23472222222216,316.0,91.443
BOT,361.32361111111106,317.0,91.443
BOT,382.4569444444444,317.0,91.443
BOT,400.123611111111,318.0,91.443
BOT,424.85694444444437,318.0,91.443
BOT,442.52361111111105,318.0,91.443
BOT,467.41249999999997,320.0,91.443
BOT,495.76805555555546,319.0,91.443
BOT,509.9902777777777,320.0,91.443
BOT,534.8791666666666,320.0,91.443
BOT,549.0569444444444,319.0,91.443
BOT,577.1458333333333,316.0,91.443
BOT,601.1088888888888,307.0,91.443
BOT,619.2422222222222,272.0,91.443
BOT,634.3533333333332,272.0,91.443
BOT,645.5199999999999,201.0,91.443
BOT,653.2533333333332,174.0,91.443
BOT,661.7533333333332,153.0,91.443
BOT,670.9533333333331,138.0,91.443
BOT,677.731111111111,122.0,91.443
BOT,687.9311111111109,102.0,91.443
BOT,693.2088888888886,95.0,91.443
BOT,699.9755555555553,87.0,91.443
BOT,705.442222222222,82.0,91.443
BOT,711.353333333333,76.0,91.443
BOT,719.7674999999997,69.0,91.443
BOT,728.3230555555552,70.0,91.443
BOT,735.6230555555552,73.0,91.443
BOT,741.6897222222219,78.0,91.443
BOT,746.2452777777775,82.0,91.443
BOT,752.5119444444441,94.0,91.443
BOT,762.1119444444441,108.0,91.443
BOT,771.600833333333,122.0,91.443
BOT,777.2452777777775,127.0,91.443
BOT,789.6008333333331,139.0,91.443
BOT,796.1341666666664,147.0,91.443
BOT,808.4230555555553,158.0,91.443
BOT,831.4041666666664,172.0,91.443
BOT,841.5152777777776,182.0,91.443
BOT,863.2930555555554,196.0,91.443
BOT,879.0819444444443,203.0,91.443
BOT,898.1041666666665,214.0,91.443
BOT,910.3263888888887,220.0,91.443
BOT,922.7152777777776,223.0,91.443
BOT,945.6152777777776,229.0,91.443
BOT,963.8152777777775,234.0,91.443
BOT,974.3930555555554,238.0,91.443
BOT,1004.4597222222219,246.0,91.443
BOT,1015.5263888888886,249.0,91.443
BOT,1026.612222222222,251.0,91.443
BOT,1037.9011111111106,254.0,91.443
BOT,1061.0122222222217,260.0,91.443
BOT,1078.4788888888884,262.0,91.443
BOT,1102.3899999999994,269.0,91.443
BOT,1123.3899999999992,270.0,91.443
BOT,1135.5677777777769,274.0,91.443
BOT,1160.278888888888,278.0,91.443
BOT,1185.3455555555547,282.0,91.443
BOT,1204.2122222222215,283.0,91.443
BOT,1216.9233333333327,286.0,91.443
BOT,1229.6788888888882,287.0,91.443
BOT,1245.6788888888882,288.0,91.443
BOT,1265.1455555555547,292.0,91.443
BOT,1284.8272222222213,294.0,91.443
BOT,1297.893888888888,294.0,91.443
BOT,1320.9161111111102,296.0,91.443
BOT,1360.782777777777,299.0,91.443
BOT,1393.8938888888881,298.0,91.443
BOT,1406.0272222222216,273.0,91.443
BOT,1424.771666666666,241.0,91.443
BOT,1447.2605555555551,184.0,91.443
BOT,1456.7605555555551,171.0,91.443
BOT,1474.7272222222216,147.0,91.443
BOT,1485.3049999999994,136.0,91.443
BOT,1493.9355555555549,130.0,91.443
BOT,1503.7355555555548,126.0,91.443
BOT,1518.7688888888881,123.0,91.443
BOT,1531.4688888888882,127.0,91.443
BOT,1546.246666666666,133.0,91.443
BOT,1553.9133333333327,138.0,91.443
BOT,1561.857777777777,143.0,91.443
BOT,1573.7577777777772,153.0,91.443
BOT,1590.9577777777772,172.0,91.443
BOT,1604.646666666666,176.0,91.443
BOT,1617.433055555555,191.0,91.443
BOT,1634.6774999999996,194.0,91.443
BOT,1648.2774999999995,204.0,91.443
BOT,1664.7663888888885,212.0,91.443
BOT,1681.8774999999994,220.0,91.443
BOT,1699.3774999999994,225.0,91.443
BOT,1722.4774999999993,231.0,91.443
BOT,1738.344166666666,238.0,91.443
BOT,1757.244166666666,243.0,91.443
BOT,1770.7997222222216,244.0,91.443
BOT,1790.0108333333326,247.0,91.443
BOT,1809.144166666666,246.0,91.443
BOT,1821.9774999999993,231.0,91.443
BOT,1841.533055555555,220.0,91.443
BOT,1853.3624999999995,214.0,91.443
BOT,1867.1624999999995,207.0,91.443
BOT,1876.1847222222216,203.0,91.443
BOT,1891.7402777777772,200.0,91.443
BOT,1902.9624999999994,202.0,91.443
BOT,1914.3513888888883,205.0,91.443
BOT,1935.6513888888883,213.0,91.443
BOT,1945.2069444444442,215.0,91.443
BOT,1959.8736111111104,220.0,91.443
BOT,1985.2069444444442,228.0,91.443
BOT,2011.0958333333328,233.0,91.443
BOT,2029.673055555555,238.0,91.443
BOT,2043.0619444444442,241.0,91.443
BOT,2065.0174999999995,247.0,91.443
BOT,2081.6175,249.0,91.443
BOT,2109.839722222222,254.0,91.443
BOT,2128.8174999999997,244.0,91.443
BOT,2152.2841666666664,192.0,91.443
BOT,2168.950833333333,150.0,91.443
BOT,2179.8841666666663,123.0,91.443
BOT,2187.484166666666,114.0,91.443
BOT,2193.3730555555553,106.0,91.443
BOT,2204.261944444444,98.0,91.443
BOT,2208.4136111111106,94.0,91.443
BOT,2216.3247222222217,89.0,91.443
BOT,2220.2358333333327,88.0,91.443
BOT,2225.769166666666,83.0,91.443
BOT,2229.3247222222217,80.0,91.443
BOT,2234.5247222222215,78.0,91.443
BOT,2238.0358333333324,79.0,91.443
BOT,2245.502499999999,84.0,91.443
BOT,2253.324722222221,88.0,91.443
BOT,2258.5469444444434,94.0,91.443
BOT,2265.2802777777765,101.0,91.443
BOT,2273.9913888888877,112.0,91.443
BOT,2280.6913888888876,120.0,91.443
BOT,2287.8580555555545,129.0,91.443
BOT,2294.035833333332,139.0,91.443
BOT,2302.31361111111,149.0,91.443
BOT,2316.802499999999,163.0,91.443
BOT,2324.046944444443,163.0,91.443
BOT,2340.4024999999983,184.0,91.443
BOT,2357.558055555554,193.0,91.443
BOT,2385.2913888888875,208.0,91.443
BOT,2397.291388888887,216.0,91.443
BOT,2406.9358333333316,217.0,91.443
BOT,2418.991388888887,217.0,91.443
BOT,2434.191388888887,228.0,91.443
BOT,2444.458055555554,231.0,91.443
BOT,2460.3247222222203,238.0,91.443
BOT,2481.8358333333313,242.0,91.443
BOT,2503.7227777777757,247.0,91.443
BOT,2520.322777777776,249.0,91.443
BOT,2537.256111111109,254.0,91.443
BOT,2562.656111111109,254.0,91.443
BOT,2578.789444444443,242.0,91.443
BOT,2601.3449999999984,203.0,91.443
BOT,2613.678333333332,185.0,91.443
BOT,2622.9561111111097,167.0,91.443
BOT,2631.511666666665,154.0,91.443
BOT,2640.511666666665,135.0,91.443
BOT,2652.143888888887,116.0,91.443
BOT,2656.854999999998,106.0,91.443
BOT,2662.354999999998,99.0,91.443
BOT,2669.432777777776,91.0,91.443
BOT,2678.210555555554,79.0,91.443
BOT,2682.543888888887,78.0,91.443
BOT,2689.2994444444425,76.0,91.443
BOT,2692.5883333333313,74.0,91.443
BOT,2697.5216666666647,74.0,91.443
BOT,2704.543888888887,79.0,91.443
BOT,2711.1549999999984,85.0,91.443
BOT,2717.221666666665,91.0,91.443
BOT,2729.1105555555537,107.0,91.443
BOT,2739.954999999998,122.0,91.443
BOT,2750.8438888888872,140.0,91.443
BOT,2759.1908333333317,151.0,91.443
BOT,2772.101944444443,166.0,91.443
BOT,2779.8797222222206,175.0,91.443
BOT,2801.213055555554,192.0,91.443
BOT,2814.413055555554,198.0,91.443
BOT,2827.946388888887,203.0,91.443
BOT,2849.8463888888873,219.0,91.443
BOT,2859.801944444443,224.0,91.443
BOT,2875.0686111111095,229.0,91.443
BOT,2890.6686111111094,234.0,91.443
BOT,2903.956944444443,238.0,91.443
BOT,2931.290277777776,246.0,91.443
BOT,2942.490277777776,252.0,91.443
BOT,2965.068055555554,254.0,91.443
BOT,2976.6236111111093,260.0,91.443
BOT,3000.268055555554,266.0,91.443
BOT,3015.156944444443,268.0,91.443
BOT,3036.312499999998,272.0,91.443
BOT,3048.490277777776,274.0,91.443
BOT,3063.8791666666652,277.0,91.443
BOT,3092.079166666665,282.0,91.443
BOT,3104.701388888887,284.0,91.443
BOT,3120.6458333333317,287.0,91.443
BOT,3143.0458333333318,288.0,91.443
BOT,3172.2458333333316,292.0,91.443
BOT,3185.2680555555535,293.0,91.443
BOT,3211.4013888888867,294.0,91.443
BOT,3227.8188888888867,297.0,91.443
BOT,3244.3744444444424,298.0,91.443
BOT,3260.874444444443,297.0,91.443
BOT,3293.7633333333315,296.0,91.443
BOT,3310.15222222222,295.0,91.443
BOT,3322.996666666665,289.0,91.443
BOT,3347.096666666665,241.0,91.443
BOT,3362.418888888887,197.0,91.443
BOT,3376.6522222222206,183.0,91.443
BOT,3394.9199999999983,164.0,91.443
BOT,3403.975555555554,163.0,91.443
BOT,3411.219999999998,163.0,91.443
BOT,3421.6866666666647,157.0,91.443
BOT,3439.7977777777755,163.0,91.443
BOT,3456.7977777777755,170.0,91.443
BOT,3468.6644444444423,178.0,91.443
BOT,3476.753333333331,182.0,91.443
BOT,3489.553333333331,192.0,91.443
BOT,3507.064444444442,197.0,91.443
BOT,3518.34222222222,203.0,91.443
BOT,3542.0088888888863,213.0,91.443
BOT,3554.008888888886,216.0,91.443
BOT,3579.0088888888863,225.0,91.443
BOT,3607.486666666664,233.0,91.443
BOT,3620.4769444444414,235.0,91.443
BOT,3647.4769444444414,243.0,91.443
BOT,3675.2547222222197,250.0,91.443
BOT,3695.010277777775,254.0,91.443
BOT,3714.921388888886,256.0,91.443
BOT,3734.988055555553,258.0,91.443
BOT,3758.099166666663,260.0,91.443
BOT,3772.599166666663,261.0,91.443
BOT,3792.893611111107,260.0,91.443
BOT,3827.8269444444404,262.0,91.443
BOT,3839.5602777777735,264.0,91.443
BOT,3871.949166666663,265.0,91.443
BOT,3883.771388888885,266.0,91.443
BOT,3895.5491666666626,265.0,91.443
BOT,3910.4936111111074,269.0,91.443
BOT,3934.315833333329,268.0,91.443
BOT,3949.260277777774,269.0,91.443
BOT,3964.0936111111073,267.0,91.443
BOT,3975.5602777777735,258.0,91.443
BOT,3990.160277777774,219.0,91.443
BOT,4001.2713888888843,200.0,91.443
BOT,4011.3824999999956,182.0,91.443
BOT,4019.1158333333287,174.0,91.443
BOT,4028.22694444444,164.0,91.443
BOT,4043.32694444444,151.0,91.443
BOT,4056.393611111107,147.0,91.443
BOT,4065.8208333333287,142.0,91.443
BOT,4081.3763888888843,140.0,91.443
BOT,4087.7319444444397,143.0,91.443
BOT,4100.887499999995,148.0,91.443
BOT,4115.198611111106,161.0,91.443
BOT,4126.265277777774,166.0,91.443
BOT,4135.93194444444,174.0,91.443
BOT,4148.131944444441,183.0,91.443
BOT,4161.119166666663,194.0,91.443
BOT,4181.319166666663,202.0,91.443
BOT,4192.930277777774,209.0,91.443
BOT,4217.263611111107,219.0,91.443
BOT,4232.263611111108,225.0,91.443
BOT,4258.374722222218,235.0,91.443
BOT,4277.119166666663,241.0,91.443
BOT,4287.874722222218,242.0,91.443
BOT,4304.408055555552,248.0,91.443
BOT,4315.563611111107,251.0,91.443
BOT,4326.808055555552,253.0,91.443
BOT,4341.08583333333,257.0,91.443
BOT,4361.3080555555525,260.0,91.443
BOT,4375.863611111108,262.0,91.443
BOT,4387.596944444441,264.0,91.443
BOT,4408.363611111107,267.0,91.443
BOT,4426.363611111107,270.0,91.443
BOT,4438.4969444444405,273.0,91.443
BOT,4459.731944444441,274.0,91.443
BOT,4478.265277777774,278.0,91.443
BOT,4490.620833333329,278.0,91.443
BOT,4509.220833333329,279.0,91.443
BOT,4521.798611111107,283.0,91.443
BOT,4537.520833333329,283.0,91.443
BOT,4556.454166666662,284.0,91.443
BOT,4588.23194444444,286.0,91.443
BOT,4607.365277777773,287.0,91.443
BOT,4620.289999999995,289.0,91.443
BOT,4659.223333333329,292.0,91.443
BOT,4672.156666666662,291.0,91.443
BOT,4685.134444444439,292.0,91.443
BOT,4704.601111111106,292.0,91.443
BOT,4740.289999999995,292.0,91.443
BOT,4762.845555555551,290.0,91.443
BOT,4781.178888888884,275.0,91.443
BOT,4798.912222222218,228.0,91.443
BOT,4818.801111111106,179.0,91.443
BOT,4830.067777777774,169.0,91.443
BOT,4840.001111111107,149.0,91.443
BOT,4847.83444444444,141.0,91.443
BOT,4854.012222222218,139.0,91.443
BOT,4864.201111111107,131.0,91.443
BOT,4879.601111111107,126.0,91.443
BOT,4885.201111111106,126.0,91.443
BOT,4900.809999999995,128.0,91.443
BOT,4906.7211111111055,133.0,91.443
BOT,4914.443333333328,139.0,91.443
BOT,4920.709999999995,141.0,91.443
BOT,4934.843333333328,159.0,91.443
BOT,4943.843333333328,162.0,91.443
BOT,4953.5655555555495,175.0,91.443
BOT,4970.187777777772,187.0,91.443
BOT,4985.642777777772,198.0,91.443
BOT,5001.742777777772,207.0,91.443
BOT,5018.231666666661,212.0,91.443
BOT,5030.509444444439,221.0,91.443
BOT,5056.176111111106,231.0,91.443
BOT,5066.442777777773,231.0,91.443
BOT,5082.442777777773,240.0,91.443
BOT,5101.187222222217,241.0,91.443
BOT,5112.120555555551,246.0,91.443
BOT,5128.520555555551,246.0,91.443
BOT,5162.920555555551,258.0,91.443
BOT,5183.220555555551,261.0,91.443
BOT,5200.887222222218,265.0,91.443
BOT,5215.609444444441,265.0,91.443
BOT,5233.476111111107,268.0,91.443
BOT,5251.476111111107,270.0,91.443
BOT,5275.742777777774,273.0,91.443
BOT,5297.131666666663,275.0,91.443
BOT,5318.754166666662,279.0,91.443
BOT,5346.954166666662,282.0,91.443
BOT,5362.620833333329,282.0,91.443
ZHO,14.243055555555554,293.0,91.473
ZHO,27.265277777777776,293.0,91.473
ZHO,40.42083333333333,296.0,91.473
ZHO,70.32083333333333,299.0,91.473
ZHO,107.47638888888888,304.0,91.473
ZHO,120.9875,304.0,91.473
ZHO,141.32083333333333,305.0,91.473
ZHO,175.43194444444444,307.0,91.473
ZHO,192.65416666666664,310.0,91.473
ZHO,206.43194444444444,310.0,91.473
ZHO,227.16527777777776,311.0,91.473
ZHO,241.03194444444443,312.0,91.473
ZHO,265.3852777777778,312.0,91.473
ZHO,282.8297222222222,314.0,91.473
ZHO,317.7186111111111,314.0,91.473
ZHO,345.8075,316.0,91.473
ZHO,374.0741666666667,318.0,91.473
ZHO,388.2075,318.0,91.473
ZHO,420.0075,318.0,91.473
ZHO,441.2741666666667,319.0,91.473
ZHO,462.6075000000001,320.0,91.473
ZHO,476.82972222222224,320.0,91.473
ZHO,519.2744444444445,319.0,91.473
ZHO,537.1077777777779,321.0,91.473
ZHO,572.4411111111112,318.0,91.473
ZHO,593.507777777778,316.0,91.473
ZHO,621.3077777777779,278.0,91.473
ZHO,632.0633333333335,242.0,91.473
ZHO,641.4855555555557,212.0,91.473
ZHO,651.7633333333335,185.0,91.473
ZHO,665.2744444444446,152.0,91.473
ZHO,672.607777777778,132.0,91.473
ZHO,683.0966666666668,118.0,91.473
ZHO,689.4966666666668,96.0,91.473
ZHO,696.3411111111112,88.0,91.473
ZHO,700.2077777777779,87.0,91.473
ZHO,704.6522222222223,80.0,91.473
ZHO,708.951388888889,77.0,91.473
ZHO,712.2847222222224,75.0,91.473
ZHO,716.451388888889,75.0,91.473
ZHO,721.7402777777779,68.0,91.473
ZHO,724.7625000000002,68.0,91.473
ZHO,728.540277777778,68.0,91.473
ZHO,731.6513888888891,70.0,91.473
ZHO,739.1513888888891,75.0,91.473
ZHO,743.4291666666668,77.0,91.473
ZHO,751.4291666666668,90.0,91.473
ZHO,759.7513888888891,107.0,91.473
ZHO,770.5958333333335,122.0,91.473
ZHO,784.0958333333335,135.0,91.473
ZHO,800.2775000000001,146.0,91.473
ZHO,816.4775000000001,162.0,91.473
ZHO,823.9441666666668,168.0,91.473
ZHO,835.4108333333335,172.0,91.473
ZHO,845.7997222222224,187.0,91.473
ZHO,860.8108333333334,193.0,91.473
ZHO,871.9219444444445,200.0,91.473
ZHO,888.4886111111113,213.0,91.473
ZHO,908.0441666666668,220.0,91.473
ZHO,917.8219444444446,220.0,91.473
ZHO,935.3997222222224,226.0,91.473
ZHO,945.5330555555557,228.0,91.473
ZHO,966.5108333333335,236.0,91.473
ZHO,985.2441666666667,240.0,91.473
ZHO,1001.6441666666668,246.0,91.473
ZHO,1015.366388888889,247.0,91.473
ZHO,1029.3663888888889,252.0,91.473
ZHO,1040.788611111111,257.0,91.473
ZHO,1055.2330555555554,260.0,91.473
ZHO,1072.766388888889,263.0,91.473
ZHO,1087.5441666666668,266.0,91.473
ZHO,1114.6441666666667,271.0,91.473
ZHO,1129.8108333333332,273.0,91.473
ZHO,1151.3552777777777,277.0,91.473
ZHO,1170.0219444444442,280.0,91.473
ZHO,1191.9552777777776,282.0,91.473
ZHO,1227.197222222222,289.0,91.473
ZHO,1262.8861111111112,292.0,91.473
ZHO,1292.286111111111,294.0,91.473
ZHO,1315.3083333333332,296.0,91.473
ZHO,1331.863888888889,298.0,91.473
ZHO,1351.8638888888888,300.0,91.473
ZHO,1378.5305555555556,300.0,91.473
ZHO,1401.7861111111113,299.0,91.473
ZHO,1414.0083333333334,275.0,91.473
ZHO,1435.5194444444446,242.0,91.473
ZHO,1445.5194444444446,225.0,91.473
ZHO,1458.7416666666668,170.0,91.473
ZHO,1478.7833333333335,150.0,91.473
ZHO,1486.5055555555557,139.0,91.473
ZHO,1501.2833333333335,133.0,91.473
ZHO,1511.0833333333335,126.0,91.473
ZHO,1521.927777777778,122.0,91.473
ZHO,1528.7055555555557,122.0,91.473
ZHO,1535.5944444444447,124.0,91.473
ZHO,1548.5944444444447,130.0,91.473
ZHO,1559.4055555555558,139.0,91.473
ZHO,1565.716666666667,142.0,91.473
ZHO,1585.8833333333337,165.0,91.473
ZHO,1593.3944444444448,169.0,91.473
ZHO,1601.2561111111115,178.0,91.473
ZHO,1609.4338888888892,184.0,91.473
ZHO,1627.0338888888891,198.0,91.473
ZHO,1640.433888888889,201.0,91.473
ZHO,1659.1894444444445,211.0,91.473
ZHO,1676.145,218.0,91.473
ZHO,1686.1005555555555,224.0,91.473
ZHO,1706.7227777777778,232.0,91.473
ZHO,1727.8783333333333,238.0,91.473
ZHO,1743.745,238.0,91.473
ZHO,1754.5894444444443,244.0,91.473
ZHO,1765.4783333333332,245.0,91.473
ZHO,1779.256111111111,248.0,91.473
ZHO,1795.9227777777778,250.0,91.473
ZHO,1812.3241666666668,245.0,91.473
ZHO,1822.8130555555556,236.0,91.473
ZHO,1839.768611111111,218.0,91.473
ZHO,1867.2352777777778,206.0,91.473
ZHO,1889.7908333333335,203.0,91.473
ZHO,1898.8130555555556,203.0,91.473
ZHO,1914.8352777777777,206.0,91.473
ZHO,1940.135277777778,207.0,91.473
ZHO,1952.3019444444444,219.0,91.473
ZHO,1979.4352777777776,222.0,91.473
ZHO,1997.168611111111,228.0,91.473
ZHO,2012.371666666667,229.0,91.473
ZHO,2030.571666666667,234.0,91.473
ZHO,2059.782777777778,239.0,91.473
ZHO,2084.382777777778,246.0,91.473
ZHO,2112.2716666666665,251.0,91.473
ZHO,2126.2716666666665,252.0,91.473
ZHO,2138.8827777777774,227.0,91.473
ZHO,2153.660555555555,190.0,91.473
ZHO,2169.860555555555,162.0,91.473
ZHO,2180.8272222222217,141.0,91.473
ZHO,2189.1283333333326,124.0,91.473
ZHO,2199.172777777777,113.0,91.473
ZHO,2206.30611111111,107.0,91.473
ZHO,2214.083888888888,100.0,91.473
ZHO,2221.2394444444435,92.0,91.473
ZHO,2227.850555555555,85.0,91.473
ZHO,2236.150555555555,83.0,91.473
ZHO,2241.550555555555,81.0,91.473
ZHO,2248.006111111111,83.0,91.473
ZHO,2252.728333333333,85.0,91.473
ZHO,2259.5727777777774,88.0,91.473
ZHO,2266.8838888888886,94.0,91.473
ZHO,2272.3838888888886,99.0,91.473
ZHO,2281.806111111111,106.0,91.473
ZHO,2288.3841666666667,119.0,91.473
ZHO,2297.3175,134.0,91.473
ZHO,2303.5397222222223,140.0,91.473
ZHO,2315.6730555555555,156.0,91.473
ZHO,2324.8397222222225,165.0,91.473
ZHO,2334.5619444444446,175.0,91.473
ZHO,2353.4619444444447,189.0,91.473
ZHO,2361.861944444445,189.0,91.473
ZHO,2375.395277777778,203.0,91.473
ZHO,2399.284166666667,215.0,91.473
ZHO,2424.1730555555555,224.0,91.473
ZHO,2442.047777777778,229.0,91.473
ZHO,2455.1033333333335,235.0,91.473
ZHO,2476.436666666667,240.0,91.473
ZHO,2492.8366666666666,246.0,91.473
ZHO,2520.614444444445,250.0,91.473
ZHO,2540.447777777778,255.0,91.473
ZHO,2572.103333333334,259.0,91.473
ZHO,2598.6588888888896,239.0,91.473
ZHO,2616.8811111111117,205.0,91.473
ZHO,2628.7477777777785,178.0,91.473
ZHO,2638.192222222223,170.0,91.473
ZHO,2653.0811111111116,134.0,91.473
ZHO,2658.734444444445,128.0,91.473
ZHO,2668.245555555556,107.0,91.473
ZHO,2672.8677777777784,104.0,91.473
ZHO,2679.201111111112,95.0,91.473
ZHO,2683.201111111112,90.0,91.473
ZHO,2688.734444444445,83.0,91.473
ZHO,2692.423333333334,83.0,91.473
ZHO,2699.2677777777785,77.0,91.473
ZHO,2705.7566666666676,73.0,91.473
ZHO,2709.867777777779,74.0,91.473
ZHO,2714.9344444444455,76.0,91.473
ZHO,2721.2344444444457,81.0,91.473
ZHO,2726.0919444444453,87.0,91.473
ZHO,2731.425277777779,96.0,91.473
ZHO,2735.869722222223,100.0,91.473
ZHO,2741.8141666666675,107.0,91.473
ZHO,2752.925277777779,125.0,91.473
ZHO,2758.7475000000013,131.0,91.473
ZHO,2771.4586111111125,143.0,91.473
ZHO,2786.480833333335,169.0,91.473
ZHO,2811.2808333333346,186.0,91.473
ZHO,2822.114166666668,195.0,91.473
ZHO,2830.914166666668,198.0,91.473
ZHO,2842.4697222222235,208.0,91.473
ZHO,2856.73638888889,214.0,91.473
ZHO,2866.5586111111124,221.0,91.473
ZHO,2881.491944444446,224.0,91.473
ZHO,2902.5586111111124,237.0,91.473
ZHO,2923.91388888889,241.0,91.473
ZHO,2940.4472222222234,248.0,91.473
ZHO,2957.380555555557,254.0,91.473
ZHO,2983.380555555557,260.0,91.473
ZHO,3001.0472222222234,265.0,91.473
ZHO,3031.1583333333347,271.0,91.473
ZHO,3049.3583333333345,273.0,91.473
ZHO,3064.6361111111123,275.0,91.473
ZHO,3080.1361111111123,279.0,91.473
ZHO,3098.8694444444454,281.0,91.473
ZHO,3127.4486111111123,285.0,91.473
ZHO,3140.204166666668,287.0,91.473
ZHO,3156.315277777779,290.0,91.473
ZHO,3179.0263888888903,292.0,91.473
ZHO,3211.693055555557,294.0,91.473
ZHO,3228.1375000000007,296.0,91.473
ZHO,3254.7152777777787,299.0,91.473
ZHO,3268.048611111112,300.0,91.473
ZHO,3287.9819444444456,299.0,91.473
ZHO,3314.5597222222227,299.0,91.473
ZHO,3335.6375000000007,271.0,91.473
ZHO,3351.570833333334,239.0,91.473
ZHO,3373.348611111112,196.0,91.473
ZHO,3389.7041666666673,184.0,91.473
ZHO,3403.081944444445,172.0,91.473
ZHO,3412.258055555556,166.0,91.473
ZHO,3424.7025000000003,160.0,91.473
ZHO,3431.8136111111116,160.0,91.473
ZHO,3449.8136111111116,162.0,91.473
ZHO,3461.146944444445,170.0,91.473
ZHO,3472.8136111111116,175.0,91.473
ZHO,3491.613611111112,188.0,91.473
ZHO,3500.102500000001,191.0,91.473
ZHO,3513.502500000001,201.0,91.473
ZHO,3527.1691666666675,205.0,91.473
ZHO,3538.838333333334,209.0,91.473
ZHO,3563.060555555556,218.0,91.473
ZHO,3572.8827777777788,221.0,91.473
ZHO,3593.0605555555567,227.0,91.473
ZHO,3603.282777777779,230.0,91.473
ZHO,3624.3494444444455,237.0,91.473
ZHO,3637.682777777779,240.0,91.473
ZHO,3656.7383333333346,245.0,91.473
ZHO,3667.6716666666675,246.0,91.473
ZHO,3681.5605555555567,250.0,91.473
ZHO,3706.7605555555565,252.0,91.473
ZHO,3718.0938888888895,255.0,91.473
ZHO,3732.2605555555565,255.0,91.473
ZHO,3752.2494444444455,257.0,91.473
ZHO,3778.0494444444457,258.0,91.473
ZHO,3789.5605555555567,259.0,91.473
ZHO,3812.7605555555574,261.0,91.473
ZHO,3827.243333333335,262.0,91.473
ZHO,3841.8544444444465,263.0,91.473
ZHO,3856.465555555557,263.0,91.473
ZHO,3885.9100000000017,265.0,91.473
ZHO,3900.6877777777795,266.0,91.473
ZHO,3912.5100000000016,266.0,91.473
ZHO,3939.2100000000014,267.0,91.473
ZHO,3960.054444444446,268.0,91.473
ZHO,3980.8988888888903,268.0,91.473
ZHO,4005.4044444444457,220.0,91.473
ZHO,4016.293333333335,196.0,91.473
ZHO,4024.24888888889,179.0,91.473
ZHO,4035.6488888888907,171.0,91.473
ZHO,4052.6488888888903,153.0,91.473
ZHO,4066.84888888889,142.0,91.473
ZHO,4076.1822222222236,140.0,91.473
ZHO,4082.2711111111125,137.0,91.473
ZHO,4091.2044444444455,134.0,91.473
ZHO,4103.115555555557,134.0,91.473
ZHO,4110.893333333334,140.0,91.473
ZHO,4127.560000000001,150.0,91.473
ZHO,4136.44888888889,160.0,91.473
ZHO,4155.893333333334,175.0,91.473
ZHO,4179.482222222224,193.0,91.473
ZHO,4190.4272222222235,198.0,91.473
ZHO,4213.982777777778,212.0,91.473
ZHO,4238.205000000001,218.0,91.473
ZHO,4256.016111111112,229.0,91.473
ZHO,4274.371666666668,236.0,91.473
ZHO,4293.038333333335,240.0,91.473
ZHO,4315.171666666668,249.0,91.473
ZHO,4329.060555555557,250.0,91.473
ZHO,4348.964722222224,255.0,91.473
ZHO,4383.898055555556,262.0,91.473
ZHO,4395.586944444446,263.0,91.473
ZHO,4428.464722222224,269.0,91.473
ZHO,4440.509166666668,271.0,91.473
ZHO,4452.553611111111,271.0,91.473
ZHO,4467.886944444445,276.0,91.473
ZHO,4492.598055555556,278.0,91.473
ZHO,4508.209166666667,281.0,91.473
ZHO,4523.820277777779,281.0,91.473
ZHO,4536.353611111112,282.0,91.473
ZHO,4555.286944444446,284.0,91.473
ZHO,4571.175833333334,286.0,91.473
ZHO,4587.120277777778,287.0,91.473
ZHO,4599.875833333334,287.0,91.473
ZHO,4615.931388888889,289.0,91.473
ZHO,4645.0313888888895,291.0,91.473
ZHO,4670.986944444446,292.0,91.473
ZHO,4690.438888888891,293.0,91.473
ZHO,4723.105555555557,294.0,91.473
ZHO,4736.127777777779,293.0,91.473
ZHO,4761.994444444446,291.0,91.473
ZHO,4787.594444444446,288.0,91.473
ZHO,4803.7944444444465,243.0,91.473
ZHO,4815.516666666668,211.0,91.473
ZHO,4827.983333333335,187.0,91.473
ZHO,4838.694444444446,160.0,91.473
ZHO,4852.994444444446,143.0,91.473
ZHO,4860.550000000002,136.0,91.473
ZHO,4874.994444444446,130.0,91.473
ZHO,4883.394444444447,126.0,91.473
ZHO,4897.283333333336,125.0,91.473
ZHO,4906.92777777778,124.0,91.473
ZHO,4912.572222222224,127.0,91.473
ZHO,4921.438888888891,133.0,91.473
ZHO,4927.616666666669,139.0,91.473
ZHO,4934.194444444446,148.0,91.473
ZHO,4942.583333333335,151.0,91.473
ZHO,4955.33888888889,164.0,91.473
ZHO,4964.950000000002,173.0,91.473
ZHO,4973.03888888889,182.0,91.473
ZHO,4987.9722222222235,192.0,91.473
ZHO,5001.23888888889,199.0,91.473
ZHO,5010.394444444446,206.0,91.473
ZHO,5026.979444444446,214.0,91.473
ZHO,5041.246111111112,214.0,91.473
ZHO,5051.201666666668,224.0,91.473
ZHO,5066.135000000002,224.0,91.473
ZHO,5076.535000000002,234.0,91.473
ZHO,5089.868333333336,240.0,91.473
ZHO,5106.068333333335,243.0,91.473
ZHO,5133.401666666669,246.0,91.473
ZHO,5150.335000000003,254.0,91.473
ZHO,5161.873333333337,258.0,91.473
ZHO,5196.80666666667,262.0,91.473
ZHO,5208.451111111114,262.0,91.473
ZHO,5220.362222222225,268.0,91.473
ZHO,5238.428888888892,271.0,91.473
ZHO,5272.162222222226,276.0,91.473
ZHO,5293.862222222226,279.0,91.473
ZHO,5312.728888888892,283.0,91.473
ZHO,5334.817777777781,284.0,91.473
ZHO,5366.817777777782,288.0,91.473
TSU,0.24333333333333335,292.0,91.4
TSU,23.028333333333332,294.0,91.4
TSU,49.428333333333335,297.0,91.4
TSU,69.295,298.0,91.4
TSU,85.96166666666667,300.0,91.4
TSU,99.33944444444444,301.0,91.4
TSU,119.47277777777776,302.0,91.4
TSU,149.97277777777776,305.0,91.4
TSU,170.37277777777774,306.0,91.4
TSU,201.17277777777778,308.0,91.4
TSU,214.86166666666665,308.0,91.4
TSU,238.895,309.0,91.4
TSU,263.0838888888889,311.0,91.4
TSU,287.27277777777783,311.0,91.4
TSU,318.4727777777778,312.0,91.4
TSU,335.86166666666674,313.0,91.4
TSU,367.2616666666667,314.0,91.4
TSU,381.2616666666667,315.0,91.4
TSU,405.76166666666666,315.0,91.4
TSU,426.8283333333333,316.0,91.4
TSU,444.3838888888889,316.0,91.4
TSU,458.4727777777778,317.0,91.4
TSU,483.2163888888889,317.0,91.4
TSU,511.3941666666667,317.0,91.4
TSU,532.5275,317.0,91.4
TSU,553.6608333333334,317.0,91.4
TSU,578.2386111111111,316.0,91.4
TSU,608.3547222222222,302.0,91.4
TSU,621.0658333333333,286.0,91.4
TSU,631.4658333333333,234.0,91.4
TSU,641.1547222222222,218.0,91.4
TSU,651.6547222222222,189.0,91.4
TSU,662.5880555555556,164.0,91.4
TSU,672.2547222222222,145.0,91.4
TSU,682.6547222222222,117.0,91.4
TSU,689.4547222222221,102.0,91.4
TSU,697.4547222222221,90.0,91.4
TSU,703.9880555555554,84.0,91.4
TSU,712.6547222222221,78.0,91.4
TSU,716.8769444444443,76.0,91.4
TSU,720.1658333333332,74.0,91.4
TSU,724.8324999999999,70.0,91.4
TSU,730.1991666666665,69.0,91.4
TSU,734.0880555555555,70.0,91.4
TSU,737.3769444444443,74.0,91.4
TSU,740.843611111111,78.0,91.4
TSU,747.143611111111,81.0,91.4
TSU,756.9436111111111,98.0,91.4
TSU,761.743611111111,108.0,91.4
TSU,770.876111111111,117.0,91.4
TSU,776.5205555555555,127.0,91.4
TSU,785.5872222222222,136.0,91.4
TSU,793.3094444444444,139.0,91.4
TSU,801.5872222222222,149.0,91.4
TSU,814.0316666666666,160.0,91.4
TSU,823.0872222222223,163.0,91.4
TSU,836.4172222222223,172.0,91.4
TSU,850.8061111111111,185.0,91.4
TSU,865.7394444444444,192.0,91.4
TSU,890.9172222222222,206.0,91.4
TSU,909.2283333333334,206.0,91.4
TSU,921.3394444444444,218.0,91.4
TSU,933.7838888888889,224.0,91.4
TSU,954.0505555555555,228.0,91.4
TSU,964.4061111111113,233.0,91.4
TSU,982.995,239.0,91.4
TSU,999.1283333333334,242.0,91.4
TSU,1024.2283333333335,251.0,91.4
TSU,1046.8061111111112,254.0,91.4
TSU,1061.1950000000002,259.0,91.4
TSU,1084.8394444444446,266.0,91.4
TSU,1108.7505555555556,269.0,91.4
TSU,1129.906111111111,272.0,91.4
TSU,1148.306111111111,276.0,91.4
TSU,1167.0505555555555,280.0,91.4
TSU,1182.717222222222,282.0,91.4
TSU,1198.495,284.0,91.4
TSU,1217.5616666666667,286.0,91.4
TSU,1233.5616666666667,288.0,91.4
TSU,1256.1950000000002,291.0,91.4
TSU,1272.472777777778,293.0,91.4
TSU,1292.1238888888893,296.0,91.4
TSU,1308.5683333333336,296.0,91.4
TSU,1321.7683333333337,297.0,91.4
TSU,1338.3794444444447,299.0,91.4
TSU,1351.712777777778,300.0,91.4
TSU,1375.1238888888893,301.0,91.4
TSU,1395.1905555555559,301.0,91.4
TSU,1407.2350000000004,271.0,91.4
TSU,1420.5127777777782,239.0,91.4
TSU,1434.4461111111116,209.0,91.4
TSU,1442.890555555556,190.0,91.4
TSU,1459.4905555555558,166.0,91.4
TSU,1469.5572222222224,151.0,91.4
TSU,1480.7572222222225,144.0,91.4
TSU,1489.9572222222225,138.0,91.4
TSU,1500.4572222222225,135.0,91.4
TSU,1514.5683333333336,127.0,91.4
TSU,1549.5016666666668,131.0,91.4
TSU,1557.095,136.0,91.4
TSU,1563.4061111111112,142.0,91.4
TSU,1575.2283333333335,152.0,91.4
TSU,1589.7172222222223,163.0,91.4
TSU,1605.272777777778,175.0,91.4
TSU,1624.3727777777779,191.0,91.4
TSU,1635.3172222222222,197.0,91.4
TSU,1644.1505555555555,200.0,91.4
TSU,1655.6505555555555,207.0,91.4
TSU,1669.983888888889,215.0,91.4
TSU,1679.6727777777778,218.0,91.4
TSU,1705.006111111111,228.0,91.4
TSU,1731.2283333333335,236.0,91.4
TSU,1741.8505555555557,239.0,91.4
TSU,1760.5172222222222,240.0,91.4
TSU,1785.2172222222223,247.0,91.4
TSU,1807.4394444444445,250.0,91.4
TSU,1825.5616666666667,233.0,91.4
TSU,1840.361666666667,222.0,91.4
TSU,1850.095,219.0,91.4
TSU,1866.5061111111113,211.0,91.4
TSU,1878.1172222222224,209.0,91.4
TSU,1902.4394444444447,199.0,91.4
TSU,1911.4172222222226,202.0,91.4
TSU,1937.2647222222224,211.0,91.4
TSU,1951.7980555555557,218.0,91.4
TSU,1964.0758333333338,221.0,91.4
TSU,1984.2536111111115,227.0,91.4
TSU,2002.3758333333337,233.0,91.4
TSU,2026.0758333333338,237.0,91.4
TSU,2036.7425000000003,240.0,91.4
TSU,2052.875833333334,242.0,91.4
TSU,2063.7850000000008,247.0,91.4
TSU,2080.4516666666677,250.0,91.4
TSU,2097.251666666668,252.0,91.4
TSU,2111.4183333333344,255.0,91.4
TSU,2122.6183333333347,252.0,91.4
TSU,2143.418333333335,208.0,91.4
TSU,2181.2183333333346,126.0,91.4
TSU,2189.0850000000014,118.0,91.4
TSU,2200.640555555557,104.0,91.4
TSU,2208.2627777777793,98.0,91.4
TSU,2217.1627777777794,89.0,91.4
TSU,2221.9961111111124,87.0,91.4
TSU,2226.7183333333346,85.0,91.4
TSU,2230.3183333333345,81.0,91.4
TSU,2237.251666666668,78.0,91.4
TSU,2241.774166666668,81.0,91.4
TSU,2250.574166666668,88.0,91.4
TSU,2255.7408333333346,93.0,91.4
TSU,2262.3408333333346,99.0,91.4
TSU,2270.9741666666678,111.0,91.4
TSU,2276.2630555555565,119.0,91.4
TSU,2284.8630555555565,129.0,91.4
TSU,2290.8186111111117,134.0,91.4
TSU,2302.4852777777783,150.0,91.4
TSU,2314.8852777777784,160.0,91.4
TSU,2328.340833333334,173.0,91.4
TSU,2338.6186111111115,185.0,91.4
TSU,2353.785277777778,195.0,91.4
TSU,2381.918611111111,211.0,91.4
TSU,2403.8186111111113,219.0,91.4
TSU,2418.8186111111113,225.0,91.4
TSU,2428.951944444445,228.0,91.4
TSU,2441.8408333333336,232.0,91.4
TSU,2452.3741666666674,237.0,91.4
TSU,2468.374166666667,240.0,91.4
TSU,2487.4297222222226,245.0,91.4
TSU,2501.3186111111117,250.0,91.4
TSU,2520.9963888888897,253.0,91.4
TSU,2543.751944444445,256.0,91.4
TSU,2561.0186111111116,259.0,91.4
TSU,2577.218611111112,243.0,91.4
TSU,2589.781111111112,225.0,91.4
TSU,2613.2477777777785,192.0,91.4
TSU,2621.4255555555565,184.0,91.4
TSU,2628.5366666666673,160.0,91.4
TSU,2640.8922222222227,139.0,91.4
TSU,2646.7588888888895,132.0,91.4
TSU,2653.425555555556,120.0,91.4
TSU,2660.3588888888894,104.0,91.4
TSU,2669.6588888888896,93.0,91.4
TSU,2674.6338888888895,90.0,91.4
TSU,2684.5338888888896,81.0,91.4
TSU,2688.0450000000005,79.0,91.4
TSU,2693.7227777777784,73.0,91.4
TSU,2697.011666666667,74.0,91.4
TSU,2704.9116666666673,79.0,91.4
TSU,2709.467222222223,82.0,91.4
TSU,2716.545000000001,91.0,91.4
TSU,2721.9894444444453,98.0,91.4
TSU,2730.545000000001,110.0,91.4
TSU,2740.267222222223,125.0,91.4
TSU,2752.8005555555565,141.0,91.4
TSU,2761.245000000001,152.0,91.4
TSU,2769.967222222223,157.0,91.4
TSU,2777.567222222223,171.0,91.4
TSU,2789.6338888888895,181.0,91.4
TSU,2806.789444444445,193.0,91.4
TSU,2827.647222222223,208.0,91.4
TSU,2837.0694444444453,212.0,91.4
TSU,2859.4694444444453,224.0,91.4
TSU,2874.8027777777784,230.0,91.4
TSU,2890.6027777777786,237.0,91.4
TSU,2904.0472222222234,242.0,91.4
TSU,2923.41388888889,249.0,91.4
TSU,2937.4138888888897,252.0,91.4
TSU,2951.6361111111123,256.0,91.4
TSU,2974.852222222223,262.0,91.4
TSU,2995.4633333333345,265.0,91.4
TSU,3016.385555555557,269.0,91.4
TSU,3046.9411111111126,275.0,91.4
TSU,3075.0411111111125,281.0,91.4
TSU,3090.763333333335,283.0,91.4
TSU,3103.474444444446,286.0,91.4
TSU,3132.2744444444465,288.0,91.4
TSU,3148.3855555555574,290.0,91.4
TSU,3164.60777777778,292.0,91.4
TSU,3194.10777777778,295.0,91.4
TSU,3207.263333333335,296.0,91.4
TSU,3223.7633333333356,297.0,91.4
TSU,3247.018888888891,299.0,91.4
TSU,3263.6855555555576,300.0,91.4
TSU,3280.4633333333354,302.0,91.4
TSU,3293.8855555555574,302.0,91.4
TSU,3316.911944444447,295.0,91.4
TSU,3342.211944444447,253.0,91.4
TSU,3356.74527777778,218.0,91.4
TSU,3368.356388888891,209.0,91.4
TSU,3378.800833333336,188.0,91.4
TSU,3386.9786111111134,184.0,91.4
TSU,3394.7563888888913,175.0,91.4
TSU,3407.823055555558,168.0,91.4
TSU,3420.500833333336,163.0,91.4
TSU,3434.4563888888915,157.0,91.4
TSU,3443.3452777777807,160.0,91.4
TSU,3454.1002777777803,162.0,91.4
TSU,3463.378055555558,167.0,91.4
TSU,3477.066944444447,176.0,91.4
TSU,3495.666944444447,186.0,91.4
TSU,3508.6669444444465,195.0,91.4
TSU,3519.8336111111134,201.0,91.4
TSU,3528.90027777778,204.0,91.4
TSU,3552.566944444447,213.0,91.4
TSU,3567.2336111111135,220.0,91.4
TSU,3587.1447222222246,224.0,91.4
TSU,3605.1891666666693,232.0,91.4
TSU,3618.3002777777806,236.0,91.4
TSU,3631.578055555558,239.0,91.4
TSU,3644.966944444447,241.0,91.4
TSU,3661.3669444444467,246.0,91.4
TSU,3675.2002777777802,249.0,91.4
TSU,3686.47027777778,252.0,91.4
TSU,3711.97027777778,255.0,91.4
TSU,3737.7702777777804,258.0,91.4
TSU,3749.2369444444466,258.0,91.4
TSU,3769.459166666669,260.0,91.4
TSU,3783.9036111111136,260.0,91.4
TSU,3795.5036111111135,261.0,91.4
TSU,3830.5702777777806,263.0,91.4
TSU,3845.2369444444475,264.0,91.4
TSU,3862.836944444447,264.0,91.4
TSU,3886.4075000000025,266.0,91.4
TSU,3904.274166666669,268.0,91.4
TSU,3919.2186111111137,269.0,91.4
TSU,3931.218611111113,270.0,91.4
TSU,3946.274166666669,271.0,91.4
TSU,3961.4963888888915,274.0,91.4
TSU,3982.4741666666696,236.0,91.4
TSU,4003.9741666666696,215.0,91.4
TSU,4018.28527777778,184.0,91.4
TSU,4034.5852777777804,163.0,91.4
TSU,4046.718611111113,156.0,91.4
TSU,4053.474166666669,152.0,91.4
TSU,4063.3408333333355,148.0,91.4
TSU,4077.3408333333355,140.0,91.4
TSU,4083.4741666666687,138.0,91.4
TSU,4089.474166666669,135.0,91.4
TSU,4101.779166666669,138.0,91.4
TSU,4115.112500000002,150.0,91.4
TSU,4123.612500000002,153.0,91.4
TSU,4138.634722222224,169.0,91.4
TSU,4146.3680555555575,174.0,91.4
TSU,4167.479166666668,190.0,91.4
TSU,4187.679166666668,202.0,91.4
TSU,4201.612500000002,209.0,91.4
TSU,4211.168055555558,215.0,91.4
TSU,4225.90138888889,221.0,91.4
TSU,4235.812500000002,223.0,91.4
TSU,4259.247222222224,235.0,91.4
TSU,4286.358333333335,244.0,91.4
TSU,4302.891666666668,248.0,91.4
TSU,4331.11388888889,254.0,91.4
TSU,4342.625000000002,259.0,91.4
TSU,4357.125000000002,261.0,91.4
TSU,4374.725000000001,264.0,91.4
TSU,4389.50277777778,266.0,91.4
TSU,4401.41388888889,268.0,91.4
TSU,4413.369444444445,269.0,91.4
TSU,4437.547222222223,272.0,91.4
TSU,4449.769444444445,275.0,91.4
TSU,4468.236111111111,277.0,91.4
TSU,4486.902777777778,280.0,91.4
TSU,4512.047777777778,282.0,91.4
TSU,4534.136666666667,284.0,91.4
TSU,4566.025555555555,287.0,91.4
TSU,4598.136666666666,289.0,91.4
TSU,4611.025555555555,290.0,91.4
TSU,4627.192222222222,291.0,91.4
TSU,4653.236666666666,293.0,91.4
TSU,4676.025555555555,293.0,91.4
TSU,4692.358888888889,294.0,91.4
TSU,4718.492222222223,294.0,91.4
TSU,4744.625555555556,294.0,91.4
TSU,4764.14388888889,294.0,91.4
TSU,4779.421666666668,275.0,91.4
TSU,4799.866111111112,230.0,91.4
TSU,4811.199444444446,204.0,91.4
TSU,4826.755000000002,175.0,91.4
TSU,4835.310555555558,154.0,91.4
TSU,4842.021666666668,151.0,91.4
TSU,4852.910555555557,140.0,91.4
TSU,4858.955000000002,136.0,91.4
TSU,4866.232777777779,131.0,91.4
TSU,4874.63277777778,126.0,91.4
TSU,4880.099444444446,123.0,91.4
TSU,4888.1661111111125,121.0,91.4
TSU,4897.4994444444455,120.0,91.4
TSU,4905.966111111113,127.0,91.4
TSU,4915.003611111113,135.0,91.4
TSU,4925.814722222224,139.0,91.4
TSU,4940.036944444446,160.0,91.4
TSU,4951.1036111111125,166.0,91.4
TSU,4969.503611111112,184.0,91.4
TSU,4982.236944444446,191.0,91.4
TSU,4995.4369444444455,198.0,91.4
TSU,5016.536944444446,211.0,91.4
TSU,5036.003611111113,219.0,91.4
TSU,5053.659166666669,227.0,91.4
TSU,5069.125833333335,232.0,91.4
TSU,5079.614722222224,236.0,91.4
TSU,5090.258888888891,241.0,91.4
TSU,5112.214444444447,247.0,91.4
TSU,5123.281111111113,249.0,91.4
TSU,5140.147777777781,253.0,91.4
TSU,5169.03666666667,260.0,91.4
TSU,5192.503333333337,264.0,91.4
TSU,5216.236666666669,267.0,91.4
TSU,5234.303333333337,271.0,91.4
TSU,5249.470000000004,273.0,91.4
TSU,5267.93666666667,277.0,91.4
TSU,5283.492222222226,280.0,91.4
TSU,5296.070000000003,283.0,91.4
TSU,5308.692222222226,284.0,91.4
TSU,5331.092222222225,288.0,91.4
TSU,5347.283888888893,290.0,91.4
ALB,8.633333333333333,296.0,91.461
ALB,25.188888888888886,298.0,91.461
ALB,38.522222222222226,300.0,91.461
ALB,51.900000000000006,301.0,91.461
ALB,78.74444444444444,302.0,91.461
ALB,109.34444444444443,306.0,91.461
ALB,150.54444444444442,309.0,91.461
ALB,185.1,311.0,91.461
ALB,209.5313888888889,313.0,91.461
ALB,233.95361111111112,314.0,91.461
ALB,258.4536111111111,315.0,91.461
ALB,276.0091666666667,316.0,91.461
ALB,290.0980555555556,317.0,91.461
ALB,307.7091666666667,317.0,91.461
ALB,335.88750000000005,318.0,91.461
ALB,360.62083333333334,318.0,91.461
ALB,378.34305555555557,319.0,91.461
ALB,403.2319444444445,320.0,91.461
ALB,424.6319444444445,321.0,91.461
ALB,442.4652777777779,321.0,91.461
ALB,456.7763888888889,322.0,91.461
ALB,485.4875,323.0,91.461
ALB,521.2652777777778,322.0,91.461
ALB,560.7430555555555,323.0,91.461
ALB,578.7430555555555,324.0,91.461
ALB,595.9097222222222,309.0,91.461
ALB,619.1986111111111,262.0,91.461
ALB,632.9208333333333,247.0,91.461
ALB,644.2541666666667,204.0,91.461
ALB,657.5541666666668,171.0,91.461
ALB,673.076388888889,127.0,91.461
ALB,686.1541666666668,107.0,91.461
ALB,693.5430555555557,95.0,91.461
ALB,700.3338888888891,87.0,91.461
ALB,705.8672222222224,83.0,91.461
ALB,715.033888888889,75.0,91.461
ALB,718.9783333333335,71.0,91.461
ALB,724.4033333333334,70.0,91.461
ALB,730.3588888888889,67.0,91.461
ALB,735.1588888888889,72.0,91.461
ALB,739.3811111111112,76.0,91.461
ALB,742.8477777777779,78.0,91.461
ALB,748.5811111111112,86.0,91.461
ALB,758.2811111111112,97.0,91.461
ALB,765.3477777777779,106.0,91.461
ALB,777.6477777777778,123.0,91.461
ALB,783.47,131.0,91.461
ALB,794.3588888888889,140.0,91.461
ALB,806.0255555555557,150.0,91.461
ALB,818.2366666666668,157.0,91.461
ALB,835.1366666666668,169.0,91.461
ALB,845.0255555555557,178.0,91.461
ALB,864.3255555555556,193.0,91.461
ALB,873.0366666666667,196.0,91.461
ALB,888.9033333333334,204.0,91.461
ALB,902.9700000000001,211.0,91.461
ALB,914.9700000000003,216.0,91.461
ALB,924.7922222222224,221.0,91.461
ALB,942.5888888888891,228.0,91.461
ALB,963.3888888888893,234.0,91.461
ALB,979.2555555555558,238.0,91.461
ALB,995.5888888888891,245.0,91.461
ALB,1015.1888888888891,252.0,91.461
ALB,1040.9172222222226,258.0,91.461
ALB,1052.561666666667,262.0,91.461
ALB,1064.2950000000003,264.0,91.461
ALB,1076.1616666666666,267.0,91.461
ALB,1091.1616666666669,270.0,91.461
ALB,1109.295,272.0,91.461
ALB,1127.8283333333336,278.0,91.461
ALB,1152.895,282.0,91.461
ALB,1171.8283333333334,284.0,91.461
ALB,1197.5172222222222,289.0,91.461
ALB,1220.072777777778,290.0,91.461
ALB,1252.8505555555555,295.0,91.461
ALB,1269.406111111111,298.0,91.461
ALB,1282.7394444444442,300.0,91.461
ALB,1302.7394444444444,300.0,91.461
ALB,1326.3061111111108,303.0,91.461
ALB,1343.1949999999997,304.0,91.461
ALB,1356.7949999999996,306.0,91.461
ALB,1370.3949999999995,306.0,91.461
ALB,1393.9616666666664,303.0,91.461
ALB,1418.1616666666664,242.0,91.461
ALB,1428.2949999999998,228.0,91.461
ALB,1443.5158333333331,195.0,91.461
ALB,1451.4269444444442,178.0,91.461
ALB,1462.5602777777776,167.0,91.461
ALB,1471.2269444444444,156.0,91.461
ALB,1479.5047222222222,149.0,91.461
ALB,1490.393611111111,140.0,91.461
ALB,1497.893611111111,135.0,91.461
ALB,1507.9686111111112,130.0,91.461
ALB,1517.6908333333333,125.0,91.461
ALB,1527.2575,123.0,91.461
ALB,1543.2686111111109,131.0,91.461
ALB,1555.3574999999998,136.0,91.461
ALB,1563.079722222222,139.0,91.461
ALB,1571.0241666666664,143.0,91.461
ALB,1584.5352777777775,152.0,91.461
ALB,1591.7352777777776,162.0,91.461
ALB,1605.3463888888887,175.0,91.461
ALB,1617.5463888888885,183.0,91.461
ALB,1637.3463888888887,198.0,91.461
ALB,1655.9241666666665,209.0,91.461
ALB,1667.8686111111108,215.0,91.461
ALB,1687.7797222222218,224.0,91.461
ALB,1708.3130555555551,231.0,91.461
ALB,1726.824166666666,238.0,91.461
ALB,1742.890833333333,241.0,91.461
ALB,1759.3591666666662,246.0,91.461
ALB,1773.248055555555,250.0,91.461
ALB,1787.3036111111105,253.0,91.461
ALB,1803.636944444444,245.0,91.461
ALB,1816.4702777777773,231.0,91.461
ALB,1833.4258333333328,218.0,91.461
ALB,1845.148055555555,211.0,91.461
ALB,1859.0233333333329,209.0,91.461
ALB,1870.3566666666661,204.0,91.461
ALB,1879.334444444444,202.0,91.461
ALB,1890.6122222222218,203.0,91.461
ALB,1899.7677777777774,206.0,91.461
ALB,1916.1011111111109,210.0,91.461
ALB,1930.5677777777773,217.0,91.461
ALB,1940.3899999999996,221.0,91.461
ALB,1953.001111111111,227.0,91.461
ALB,1968.4677777777772,232.0,91.461
ALB,1978.823333333333,233.0,91.461
ALB,2002.323333333333,235.0,91.461
ALB,2018.1233333333332,237.0,91.461
ALB,2036.7899999999995,240.0,91.461
ALB,2053.123333333333,245.0,91.461
ALB,2072.334444444444,247.0,91.461
ALB,2100.445555555555,253.0,91.461
ALB,2147.3788888888885,176.0,91.461
ALB,2156.312222222222,160.0,91.461
ALB,2162.845555555555,147.0,91.461
ALB,2173.5011111111107,137.0,91.461
ALB,2184.1677777777772,120.0,91.461
ALB,2193.856666666666,109.0,91.461
ALB,2203.856666666666,100.0,91.461
ALB,2209.0788888888883,94.0,91.461
ALB,2213.053888888888,90.0,91.461
ALB,2217.831666666666,86.0,91.461
ALB,2223.3649999999993,83.0,91.461
ALB,2226.8761111111107,79.0,91.461
ALB,2235.6538888888886,79.0,91.461
ALB,2245.098333333333,85.0,91.461
ALB,2249.009444444444,88.0,91.461
ALB,2256.1649999999995,92.0,91.461
ALB,2266.2649999999994,101.0,91.461
ALB,2276.3983333333326,114.0,91.461
ALB,2286.431666666666,129.0,91.461
ALB,2295.7649999999994,140.0,91.461
ALB,2302.4316666666664,150.0,91.461
ALB,2315.187222222222,164.0,91.461
ALB,2324.576111111111,169.0,91.461
ALB,2347.798333333333,190.0,91.461
ALB,2356.5983333333334,198.0,91.461
ALB,2382.4458333333337,211.0,91.461
ALB,2397.1125,220.0,91.461
ALB,2409.6125,225.0,91.461
ALB,2430.2347222222224,232.0,91.461
ALB,2448.8236111111114,239.0,91.461
ALB,2473.3236111111114,245.0,91.461
ALB,2484.390277777778,249.0,91.461
ALB,2501.190277777778,252.0,91.461
ALB,2512.4969444444446,256.0,91.461
ALB,2529.7636111111115,259.0,91.461
ALB,2547.096944444445,260.0,91.461
ALB,2561.8747222222223,266.0,91.461
ALB,2573.2969444444448,257.0,91.461
ALB,2594.696944444445,214.0,91.461
ALB,2632.7969444444448,127.0,91.461
ALB,2640.596944444445,117.0,91.461
ALB,2651.819166666667,101.0,91.461
ALB,2659.0525000000007,93.0,91.461
ALB,2667.7525000000005,87.0,91.461
ALB,2672.3636111111114,83.0,91.461
ALB,2676.8080555555557,80.0,91.461
ALB,2680.1858333333334,76.0,91.461
ALB,2686.6747222222225,73.0,91.461
ALB,2690.973888888889,77.0,91.461
ALB,2699.473888888889,85.0,91.461
ALB,2704.529444444445,91.0,91.461
ALB,2710.9961111111115,97.0,91.461
ALB,2719.473888888889,109.0,91.461
ALB,2724.762777777778,119.0,91.461
ALB,2733.2961111111113,128.0,91.461
ALB,2739.4738888888887,139.0,91.461
ALB,2751.1405555555552,150.0,91.461
ALB,2763.9280555555556,165.0,91.461
ALB,2777.8502777777776,179.0,91.461
ALB,2788.2947222222224,188.0,91.461
ALB,2803.850277777778,200.0,91.461
ALB,2832.783611111111,217.0,91.461
ALB,2855.083611111111,223.0,91.461
ALB,2870.750277777778,235.0,91.461
ALB,2881.328055555556,238.0,91.461
ALB,2894.8280555555557,243.0,91.461
ALB,2905.850277777778,248.0,91.461
ALB,2922.5169444444446,250.0,91.461
ALB,2942.661388888889,259.0,91.461
ALB,2957.2725000000005,263.0,91.461
ALB,2978.194722222223,269.0,91.461
ALB,3002.46138888889,273.0,91.461
ALB,3020.8613888888895,276.0,91.461
ALB,3039.5280555555564,280.0,91.461
ALB,3055.3288888888897,283.0,91.461
ALB,3090.5288888888895,288.0,91.461
ALB,3103.4177777777786,290.0,91.461
ALB,3116.3066666666673,290.0,91.461
ALB,3142.6177777777784,296.0,91.461
ALB,3155.8177777777787,297.0,91.461
ALB,3172.4288888888896,299.0,91.461
ALB,3192.495555555556,301.0,91.461
ALB,3222.8955555555563,304.0,91.461
ALB,3239.7552777777782,305.0,91.461
ALB,3277.3997222222233,308.0,91.461
ALB,3291.1330555555564,309.0,91.461
ALB,3312.677500000001,277.0,91.461
ALB,3323.6108333333345,246.0,91.461
ALB,3344.9108333333347,213.0,91.461
ALB,3355.96638888889,199.0,91.461
ALB,3370.355277777779,185.0,91.461
ALB,3380.299722222224,179.0,91.461
ALB,3393.5219444444456,170.0,91.461
ALB,3406.355277777779,165.0,91.461
ALB,3420.4886111111123,159.0,91.461
ALB,3429.4886111111123,162.0,91.461
ALB,3438.5441666666675,163.0,91.461
ALB,3445.921944444445,166.0,91.461
ALB,3457.2552777777787,170.0,91.461
ALB,3472.8997222222233,176.0,91.461
ALB,3491.451111111112,185.0,91.461
ALB,3499.984444444445,192.0,91.461
ALB,3520.3844444444453,204.0,91.461
ALB,3534.384444444445,210.0,91.461
ALB,3548.917777777778,218.0,91.461
ALB,3561.1400000000003,220.0,91.461
ALB,3578.7955555555554,227.0,91.461
ALB,3591.517777777778,229.0,91.461
ALB,3604.5733333333337,235.0,91.461
ALB,3625.9286111111114,241.0,91.461
ALB,3645.1397222222226,247.0,91.461
ALB,3664.7397222222226,252.0,91.461
ALB,3693.2952777777787,257.0,91.461
ALB,3719.2952777777787,260.0,91.461
ALB,3733.8508333333334,262.0,91.461
ALB,3745.4952777777785,262.0,91.461
ALB,3771.8952777777786,264.0,91.461
ALB,3786.617500000001,265.0,91.461
ALB,3801.395277777778,266.0,91.461
ALB,3828.1952777777783,268.0,91.461
ALB,3840.1063888888903,268.0,91.461
ALB,3855.1063888888893,270.0,91.461
ALB,3876.1063888888893,270.0,91.461
ALB,3891.1063888888893,270.0,91.461
ALB,3906.2175000000007,272.0,91.461
ALB,3918.350833333334,273.0,91.461
ALB,3939.894166666668,276.0,91.461
ALB,3964.4941666666678,246.0,91.461
ALB,3979.4275000000007,224.0,91.461
ALB,3990.8719444444455,206.0,91.461
ALB,4001.5386111111125,192.0,91.461
ALB,4009.4497222222235,178.0,91.461
ALB,4017.1830555555566,174.0,91.461
ALB,4029.627500000001,160.0,91.461
ALB,4041.3719444444455,151.0,91.461
ALB,4054.1719444444457,144.0,91.461
ALB,4062.060833333334,142.0,91.461
ALB,4071.089722222223,136.0,91.461
ALB,4078.6452777777786,136.0,91.461
ALB,4089.5341666666677,140.0,91.461
ALB,4103.934166666668,144.0,91.461
ALB,4114.067500000001,152.0,91.461
ALB,4122.678611111112,155.0,91.461
ALB,4129.878611111112,162.0,91.461
ALB,4149.65638888889,178.0,91.461
ALB,4162.45638888889,192.0,91.461
ALB,4180.3230555555565,201.0,91.461
ALB,4196.734166666668,211.0,91.461
ALB,4208.789722222223,217.0,91.461
ALB,4221.178611111111,223.0,91.461
ALB,4233.845277777778,228.0,91.461
ALB,4249.445277777778,234.0,91.461
ALB,4262.556388888889,236.0,91.461
ALB,4273.423888888889,243.0,91.461
ALB,4298.123888888889,247.0,91.461
ALB,4323.823888888889,257.0,91.461
ALB,4335.246111111111,257.0,91.461
ALB,4355.701666666666,263.0,91.461
ALB,4370.535,267.0,91.461
ALB,4382.535,270.0,91.461
ALB,4419.468333333333,277.0,91.461
ALB,4434.968333333333,279.0,91.461
ALB,4453.701666666666,281.0,91.461
ALB,4478.9558333333325,285.0,91.461
ALB,4498.089166666666,287.0,91.461
ALB,4514.144722222221,289.0,91.461
ALB,4527.03361111111,290.0,91.461
ALB,4543.255833333333,292.0,91.461
ALB,4559.533611111111,293.0,91.461
ALB,4585.755833333333,295.0,91.461
ALB,4615.455833333333,297.0,91.461
ALB,4638.711388888888,299.0,91.461
ALB,4668.711388888888,300.0,91.461
ALB,4692.1224999999995,301.0,91.461
ALB,4705.544722222223,302.0,91.461
ALB,4725.678055555556,302.0,91.461
ALB,4754.178055555556,285.0,91.461
ALB,4766.178055555556,270.0,91.461
ALB,4776.800277777779,239.0,91.461
ALB,4794.8119444444455,202.0,91.461
ALB,4810.278611111112,174.0,91.461
ALB,4819.278611111112,162.0,91.461
ALB,4832.1675000000005,145.0,91.461
ALB,4838.478611111112,142.0,91.461
ALB,4853.478611111112,135.0,91.461
ALB,4866.378611111111,129.0,91.461
ALB,4874.645277777779,124.0,91.461
ALB,4880.023055555556,121.0,91.461
ALB,4888.1563888888895,122.0,91.461
ALB,4893.711944444445,125.0,91.461
ALB,4906.875277777778,132.0,91.461
ALB,4922.875277777778,144.0,91.461
ALB,4933.341944444445,157.0,91.461
ALB,4951.78638888889,166.0,91.461
ALB,4959.7863888888905,180.0,91.461
ALB,4970.008611111112,184.0,91.461
ALB,4983.208611111113,198.0,91.461
ALB,4994.597500000002,205.0,91.461
ALB,5003.88638888889,209.0,91.461
ALB,5013.397500000001,214.0,91.461
ALB,5033.219722222224,223.0,91.461
ALB,5043.219722222224,225.0,91.461
ALB,5058.819722222223,234.0,91.461
ALB,5074.886388888891,241.0,91.461
ALB,5096.732222222224,245.0,91.461
ALB,5116.410000000002,253.0,91.461
ALB,5145.29888888889,260.0,91.461
ALB,5174.854444444446,266.0,91.461
ALB,5186.676666666668,266.0,91.461
ALB,5201.732222222224,271.0,91.461
ALB,5226.087777777779,274.0,91.461
ALB,5247.632222222223,277.0,91.461
ALB,5263.187777777779,280.0,91.461
ALB,5288.521111111113,285.0,91.461
ALB,5314.210000000001,289.0,91.461
ALB,5333.5955555555565,292.0,91.461
ALB,5349.873333333335,293.0,91.461
SAR,11.188333333333334,294.0,91.652
SAR,30.921666666666667,296.0,91.652
SAR,50.92166666666667,300.0,91.652
SAR,81.12166666666667,302.0,91.652
SAR,108.32166666666666,306.0,91.652
SAR,132.12166666666667,306.0,91.652
SAR,152.72166666666666,309.0,91.652
SAR,166.455,309.0,91.652
SAR,180.19083333333336,311.0,91.652
SAR,208.01305555555558,313.0,91.652
SAR,221.96861111111116,314.0,91.652
SAR,242.96861111111113,315.0,91.652
SAR,278.19083333333333,317.0,91.652
SAR,306.45750000000004,318.0,91.652
SAR,334.8130555555556,319.0,91.652
SAR,356.14638888888896,320.0,91.652
SAR,373.92416666666674,320.0,91.652
SAR,395.32416666666666,321.0,91.652
SAR,413.1575,321.0,91.652
SAR,427.46861111111116,322.0,91.652
SAR,441.7797222222223,322.0,91.652
SAR,466.82416666666677,322.0,91.652
SAR,484.7466666666667,321.0,91.652
SAR,527.8133333333334,323.0,91.652
SAR,542.1688888888889,323.0,91.652
SAR,563.7022222222222,323.0,91.652
SAR,581.6466666666666,323.0,91.652
SAR,600.9133333333333,289.0,91.652
SAR,625.2133333333333,243.0,91.652
SAR,638.9466666666666,206.0,91.652
SAR,652.0133333333333,196.0,91.652
SAR,659.4355555555555,167.0,91.652
SAR,666.4577777777778,158.0,91.652
SAR,674.8577777777778,126.0,91.652
SAR,684.191111111111,120.0,91.652
SAR,689.0052777777777,109.0,91.652
SAR,700.8608333333332,97.0,91.652
SAR,712.1941666666665,85.0,91.652
SAR,716.5274999999999,78.0,91.652
SAR,721.5274999999999,75.0,91.652
SAR,725.5830555555555,73.0,91.652
SAR,729.638611111111,73.0,91.652
SAR,735.0830555555555,70.0,91.652
SAR,742.5830555555555,75.0,91.652
SAR,749.0386111111111,83.0,91.652
SAR,759.4830555555556,94.0,91.652
SAR,769.2022222222222,109.0,91.652
SAR,775.5911111111111,115.0,91.652
SAR,785.7022222222223,130.0,91.652
SAR,791.7466666666667,136.0,91.652
SAR,802.48,138.0,91.652
SAR,813.68,144.0,91.652
SAR,829.0799999999999,154.0,91.652
SAR,837.7466666666667,156.0,91.652
SAR,848.7466666666667,165.0,91.652
SAR,864.48,177.0,91.652
SAR,877.1466666666666,190.0,91.652
SAR,890.1466666666666,195.0,91.652
SAR,899.1244444444444,202.0,91.652
SAR,912.9244444444444,207.0,91.652
SAR,922.1994444444445,210.0,91.652
SAR,931.8883333333333,218.0,91.652
SAR,944.1105555555555,220.0,91.652
SAR,961.7661111111111,227.0,91.652
SAR,979.9661111111111,234.0,91.652
SAR,1001.4772222222223,242.0,91.652
SAR,1017.8772222222221,246.0,91.652
SAR,1034.743888888889,253.0,91.652
SAR,1060.443888888889,257.0,91.652
SAR,1074.943888888889,261.0,91.652
SAR,1089.555,263.0,91.652
SAR,1110.4772222222223,269.0,91.652
SAR,1131.7105555555556,273.0,91.652
SAR,1162.5652777777777,277.0,91.652
SAR,1175.0541666666666,281.0,91.652
SAR,1197.1430555555553,284.0,91.652
SAR,1213.0319444444444,286.0,91.652
SAR,1229.0319444444444,288.0,91.652
SAR,1245.198611111111,291.0,91.652
SAR,1264.5986111111108,291.0,91.652
SAR,1297.7097222222221,298.0,91.652
SAR,1314.3208333333332,299.0,91.652
SAR,1327.6541666666665,300.0,91.652
SAR,1368.1874999999998,304.0,91.652
SAR,1395.3874999999998,306.0,91.652
SAR,1411.8874999999998,297.0,91.652
SAR,1423.5319444444442,262.0,91.652
SAR,1438.735,229.0,91.652
SAR,1451.735,195.0,91.652
SAR,1460.4016666666666,195.0,91.652
SAR,1474.535,159.0,91.652
SAR,1482.9794444444444,152.0,91.652
SAR,1494.023888888889,142.0,91.652
SAR,1506.2016666666666,137.0,91.652
SAR,1513.4238888888888,130.0,91.652
SAR,1519.1572222222221,129.0,91.652
SAR,1528.957222222222,126.0,91.652
SAR,1541.557222222222,126.0,91.652
SAR,1550.0905555555553,128.0,91.652
SAR,1566.6280555555554,135.0,91.652
SAR,1579.2502777777775,142.0,91.652
SAR,1589.383611111111,152.0,91.652
SAR,1601.9058333333332,161.0,91.652
SAR,1624.2724999999998,183.0,91.652
SAR,1635.0502777777776,194.0,91.652
SAR,1657.7169444444444,204.0,91.652
SAR,1671.9169444444442,213.0,91.652
SAR,1694.1169444444442,222.0,91.652
SAR,1706.6725,226.0,91.652
SAR,1716.9391666666666,231.0,91.652
SAR,1727.2058333333332,231.0,91.652
SAR,1743.1391666666664,239.0,91.652
SAR,1762.1266666666663,245.0,91.652
SAR,1784.2599999999998,249.0,91.652
SAR,1801.193333333333,254.0,91.652
SAR,1824.7933333333328,236.0,91.652
SAR,1842.0599999999995,222.0,91.652
SAR,1858.704444444444,214.0,91.652
SAR,1872.504444444444,207.0,91.652
SAR,1890.3711111111108,201.0,91.652
SAR,1901.593333333333,202.0,91.652
SAR,1922.3933333333332,208.0,91.652
SAR,1934.0066666666664,208.0,91.652
SAR,1950.8844444444442,217.0,91.652
SAR,1970.7066666666665,223.0,91.652
SAR,1980.6622222222218,224.0,91.652
SAR,1990.662222222222,225.0,91.652
SAR,2003.2733333333333,227.0,91.652
SAR,2021.2399999999996,231.0,91.652
SAR,2036.8399999999997,234.0,91.652
SAR,2055.1955555555555,236.0,91.652
SAR,2068.5844444444447,241.0,91.652
SAR,2090.4511111111115,246.0,91.652
SAR,2101.5622222222223,250.0,91.652
SAR,2118.4955555555557,254.0,91.652
SAR,2131.94,242.0,91.652
SAR,2148.117777777778,208.0,91.652
SAR,2162.5844444444447,186.0,91.652
SAR,2175.139444444445,162.0,91.652
SAR,2187.050555555556,134.0,91.652
SAR,2192.7838888888896,129.0,91.652
SAR,2198.0727777777784,119.0,91.652
SAR,2205.6061111111117,113.0,91.652
SAR,2210.317222222223,106.0,91.652
SAR,2216.0950000000007,104.0,91.652
SAR,2224.628333333334,96.0,91.652
SAR,2234.5172222222227,89.0,91.652
SAR,2240.2505555555563,86.0,91.652
SAR,2246.5505555555565,81.0,91.652
SAR,2253.6838888888897,80.0,91.652
SAR,2267.528333333334,89.0,91.652
SAR,2272.7505555555563,94.0,91.652
SAR,2279.417222222223,100.0,91.652
SAR,2285.306111111112,106.0,91.652
SAR,2292.906111111112,114.0,91.652
SAR,2304.2838888888896,128.0,91.652
SAR,2315.4838888888894,144.0,91.652
SAR,2323.817222222223,150.0,91.652
SAR,2338.7505555555563,168.0,91.652
SAR,2348.5838888888898,177.0,91.652
SAR,2358.861666666667,185.0,91.652
SAR,2380.972777777778,199.0,91.652
SAR,2392.417222222223,206.0,91.652
SAR,2410.936944444445,209.0,91.652
SAR,2425.8036111111114,223.0,91.652
SAR,2438.4147222222227,227.0,91.652
SAR,2456.4591666666674,232.0,91.652
SAR,2469.5702777777783,236.0,91.652
SAR,2480.2369444444453,240.0,91.652
SAR,2501.925833333334,244.0,91.652
SAR,2513.036944444445,250.0,91.652
SAR,2532.8702777777785,255.0,91.652
SAR,2550.0702777777788,258.0,91.652
SAR,2567.2036111111124,257.0,91.652
SAR,2578.5369444444455,255.0,91.652
SAR,2599.223611111112,232.0,91.652
SAR,2617.623611111112,207.0,91.652
SAR,2635.123611111112,175.0,91.652
SAR,2644.012500000001,160.0,91.652
SAR,2654.8236111111123,139.0,91.652
SAR,2661.8791666666675,127.0,91.652
SAR,2670.5902777777787,112.0,91.652
SAR,2676.312500000001,103.0,91.652
SAR,2681.7013888888896,97.0,91.652
SAR,2687.90138888889,93.0,91.652
SAR,2693.8347222222233,89.0,91.652
SAR,2697.6569444444453,86.0,91.652
SAR,2703.8791666666675,80.0,91.652
SAR,2710.812500000001,78.0,91.652
SAR,2715.0902777777787,77.0,91.652
SAR,2719.4791666666674,79.0,91.652
SAR,2725.8341666666674,82.0,91.652
SAR,2730.723055555556,88.0,91.652
SAR,2735.723055555556,90.0,91.652
SAR,2745.1452777777786,106.0,91.652
SAR,2751.5341666666677,115.0,91.652
SAR,2762.9119444444455,128.0,91.652
SAR,2769.0452777777787,138.0,91.652
SAR,2782.6452777777786,153.0,91.652
SAR,2797.489722222223,167.0,91.652
SAR,2809.5563888888896,181.0,91.652
SAR,2817.8747222222228,186.0,91.652
SAR,2828.6525000000006,194.0,91.652
SAR,2837.6302777777787,202.0,91.652
SAR,2856.474722222223,212.0,91.652
SAR,2866.074722222223,216.0,91.652
SAR,2883.574722222223,225.0,91.652
SAR,2899.174722222223,234.0,91.652
SAR,2915.108055555556,239.0,91.652
SAR,2928.6636111111115,244.0,91.652
SAR,2948.0302777777783,249.0,91.652
SAR,2976.4747222222227,256.0,91.652
SAR,2988.163611111111,263.0,91.652
SAR,3014.9636111111113,268.0,91.652
SAR,3030.019166666667,271.0,91.652
SAR,3054.3747222222223,274.0,91.652
SAR,3079.3525,281.0,91.652
SAR,3104.606666666667,285.0,91.652
SAR,3127.0066666666667,288.0,91.652
SAR,3146.34,290.0,91.652
SAR,3178.895555555556,293.0,91.652
SAR,3195.3400000000006,296.0,91.652
SAR,3211.840000000001,297.0,91.652
SAR,3245.2844444444454,301.0,91.652
SAR,3278.951111111112,303.0,91.652
SAR,3316.313611111112,305.0,91.652
SAR,3346.9913888888896,251.0,91.652
SAR,3357.6136111111114,239.0,91.652
SAR,3373.7136111111113,207.0,91.652
SAR,3384.8802777777782,201.0,91.652
SAR,3400.8802777777782,180.0,91.652
SAR,3410.491388888889,173.0,91.652
SAR,3424.891388888889,162.0,91.652
SAR,3435.558055555556,160.0,91.652
SAR,3453.558055555556,162.0,91.652
SAR,3472.335833333334,169.0,91.652
SAR,3481.946944444445,173.0,91.652
SAR,3498.035833333334,181.0,91.652
SAR,3512.969166666667,192.0,91.652
SAR,3526.1691666666675,198.0,91.652
SAR,3537.445833333334,204.0,91.652
SAR,3549.00138888889,208.0,91.652
SAR,3575.8902777777785,220.0,91.652
SAR,3585.756944444445,222.0,91.652
SAR,3595.8013888888895,226.0,91.652
SAR,3608.579166666667,230.0,91.652
SAR,3624.179166666667,234.0,91.652
SAR,3656.579166666667,243.0,91.652
SAR,3687.326666666667,251.0,91.652
SAR,3704.193333333333,253.0,91.652
SAR,3724.104444444444,256.0,91.652
SAR,3741.1711111111103,256.0,91.652
SAR,3770.171111111111,261.0,91.652
SAR,3787.637777777777,262.0,91.652
SAR,3802.304444444444,264.0,91.652
SAR,3816.971111111111,264.0,91.652
SAR,3828.704444444444,264.0,91.652
SAR,3858.26,266.0,91.652
SAR,3879.026666666667,267.0,91.652
SAR,3899.8711111111106,268.0,91.652
SAR,3923.782222222222,269.0,91.652
SAR,3938.837777777778,271.0,91.652
SAR,3960.0711111111113,273.0,91.652
SAR,3978.071111111111,270.0,91.652
SAR,3988.8711111111106,243.0,91.652
SAR,4003.4102777777775,219.0,91.652
SAR,4016.276944444444,193.0,91.652
SAR,4030.1991666666663,179.0,91.652
SAR,4049.754722222222,160.0,91.652
SAR,4056.776944444445,158.0,91.652
SAR,4065.388055555555,155.0,91.652
SAR,4073.8324999999995,152.0,91.652
SAR,4083.565833333333,146.0,91.652
SAR,4093.0991666666664,143.0,91.652
SAR,4105.849999999999,143.0,91.652
SAR,4115.583333333333,146.0,91.652
SAR,4130.783333333334,152.0,91.652
SAR,4141.45,160.0,91.652
SAR,4150.616666666667,165.0,91.652
SAR,4164.461111111112,178.0,91.652
SAR,4176.861111111111,186.0,91.652
SAR,4196.461111111112,196.0,91.652
SAR,4207.905555555556,206.0,91.652
SAR,4219.627777777779,211.0,91.652
SAR,4231.794444444445,219.0,91.652
SAR,4251.972222222223,227.0,91.652
SAR,4262.194444444444,230.0,91.652
SAR,4272.638888888889,235.0,91.652
SAR,4291.461111111111,242.0,91.652
SAR,4322.016666666666,250.0,91.652
SAR,4380.388055555556,263.0,91.652
SAR,4398.188055555555,267.0,91.652
SAR,4419.188055555555,270.0,91.652
SAR,4434.299166666667,272.0,91.652
SAR,4452.699166666666,276.0,91.652
SAR,4465.010277777778,277.0,91.652
SAR,4486.788055555557,280.0,91.652
SAR,4505.7333333333345,283.0,91.652
SAR,4524.666666666667,284.0,91.652
SAR,4540.555555555556,286.0,91.652
SAR,4566.244444444444,289.0,91.652
SAR,4579.133333333332,290.0,91.652
SAR,4601.844444444443,292.0,91.652
SAR,4631.244444444443,294.0,91.652
SAR,4660.744444444443,295.0,91.652
SAR,4673.899999999999,296.0,91.652
SAR,4706.899999999998,297.0,91.652
SAR,4720.144444444443,298.0,91.652
SAR,4736.755555555554,299.0,91.652
SAR,4779.655555555554,297.0,91.652
SAR,4792.233333333332,283.0,91.652
SAR,4815.4555555555535,209.0,91.652
SAR,4825.566666666665,182.0,91.652
SAR,4844.755555555554,157.0,91.652
SAR,4857.16111111111,140.0,91.652
SAR,4863.16111111111,135.0,91.652
SAR,4870.438888888887,131.0,91.652
SAR,4880.238888888887,126.0,91.652
SAR,4889.649999999999,121.0,91.652
SAR,4901.749999999999,121.0,91.652
SAR,4914.149999999999,124.0,91.652
SAR,4919.829722222221,127.0,91.652
SAR,4928.829722222221,135.0,91.652
SAR,4940.185277777777,146.0,91.652
SAR,4946.851944444444,150.0,91.652
SAR,4955.740833333332,160.0,91.652
SAR,4968.807499999999,168.0,91.652
SAR,4978.91861111111,182.0,91.652
SAR,4993.929722222221,193.0,91.652
SAR,5007.263055555554,200.0,91.652
SAR,5021.263055555555,210.0,91.652
SAR,5035.529722222222,214.0,91.652
SAR,5050.129722222222,219.0,91.652
SAR,5078.607499999999,233.0,91.652
SAR,5091.829722222221,238.0,91.652
SAR,5113.518611111111,244.0,91.652
SAR,5135.651944444444,249.0,91.652
SAR,5161.251944444444,256.0,91.652
SAR,5175.474166666667,256.0,91.652
SAR,5187.074166666667,261.0,91.652
SAR,5210.644722222222,266.0,91.652
SAR,5228.578055555557,269.0,91.652
SAR,5252.666944444445,271.0,91.652
SAR,5280.066944444445,274.0,91.652
SAR,5301.766944444445,279.0,91.652
SAR,5320.500277777779,281.0,91.652
SAR,5345.823611111112,284.0,91.652
SAR,5364.956944444445,287.0,91.652
MAG,10.943333333333335,294.0,91.892
MAG,33.965555555555554,296.0,91.892
MAG,50.57666666666667,299.0,91.892
MAG,73.82666666666667,300.0,91.892
MAG,97.39333333333335,303.0,91.892
MAG,121.11555555555557,305.0,91.892
MAG,158.63777777777779,307.0,91.892
MAG,186.19333333333336,310.0,91.892
MAG,203.41555555555556,310.0,91.892
MAG,220.69333333333336,311.0,91.892
MAG,248.51555555555558,313.0,91.892
MAG,262.4266666666667,313.0,91.892
MAG,286.8488888888889,314.0,91.892
MAG,307.91555555555556,316.0,91.892
MAG,339.41555555555556,315.0,91.892
MAG,367.59333333333336,317.0,91.892
MAG,385.2044444444445,317.0,91.892
MAG,413.56,319.0,91.892
MAG,442.00444444444446,320.0,91.892
MAG,466.97111111111116,321.0,91.892
MAG,488.43777777777774,322.0,91.892
MAG,509.86,320.0,91.892
MAG,527.6933333333334,321.0,91.892
MAG,545.4155555555556,319.0,91.892
MAG,566.5488888888889,317.0,91.892
MAG,583.9933333333333,314.0,91.892
MAG,605.46,276.0,91.892
MAG,619.0155555555556,244.0,91.892
MAG,634.1522222222222,228.0,91.892
MAG,644.7077777777778,190.0,91.892
MAG,652.7522222222223,181.0,91.892
MAG,661.6966666666667,161.0,91.892
MAG,668.0522222222223,143.0,91.892
MAG,677.3077777777779,119.0,91.892
MAG,684.5744444444446,109.0,91.892
MAG,689.1077777777779,102.0,91.892
MAG,694.3855555555557,95.0,91.892
MAG,700.5855555555556,93.0,91.892
MAG,704.2744444444445,83.0,91.892
MAG,711.7744444444445,75.0,91.892
MAG,716.7077777777779,74.0,91.892
MAG,721.918888888889,67.0,91.892
MAG,726.3855555555557,67.0,91.892
MAG,731.7522222222224,69.0,91.892
MAG,740.0855555555557,75.0,91.892
MAG,769.1522222222223,109.0,91.892
MAG,775.796388888889,119.0,91.892
MAG,781.2630555555558,123.0,91.892
MAG,791.7630555555558,135.0,91.892
MAG,804.7408333333335,146.0,91.892
MAG,818.4297222222224,154.0,91.892
MAG,834.9297222222224,165.0,91.892
MAG,844.485277777778,172.0,91.892
MAG,852.302777777778,177.0,91.892
MAG,862.5250000000003,184.0,91.892
MAG,875.2583333333337,191.0,91.892
MAG,884.0138888888893,197.0,91.892
MAG,907.2361111111114,209.0,91.892
MAG,931.4583333333337,218.0,91.892
MAG,941.2805555555559,221.0,91.892
MAG,959.0138888888894,228.0,91.892
MAG,982.6138888888893,236.0,91.892
MAG,1004.3027777777781,244.0,91.892
MAG,1023.7472222222227,250.0,91.892
MAG,1040.6805555555559,254.0,91.892
MAG,1052.102777777778,257.0,91.892
MAG,1072.480555555556,262.0,91.892
MAG,1087.1472222222226,264.0,91.892
MAG,1120.3916666666669,272.0,91.892
MAG,1132.5694444444446,274.0,91.892
MAG,1166.8694444444448,280.0,91.892
MAG,1185.8694444444445,285.0,91.892
MAG,1201.7583333333334,286.0,91.892
MAG,1227.4472222222223,289.0,91.892
MAG,1250.1583333333335,292.0,91.892
MAG,1279.7583333333334,296.0,91.892
MAG,1292.913888888889,296.0,91.892
MAG,1312.9138888888892,300.0,91.892
MAG,1326.1638888888892,300.0,91.892
MAG,1346.363888888889,303.0,91.892
MAG,1366.5638888888893,303.0,91.892
MAG,1383.3416666666672,302.0,91.892
MAG,1396.719444444445,301.0,91.892
MAG,1423.719444444445,270.0,91.892
MAG,1472.0194444444448,161.0,91.892
MAG,1481.8861111111116,148.0,91.892
MAG,1496.7750000000005,134.0,91.892
MAG,1506.730555555556,128.0,91.892
MAG,1518.830555555556,121.0,91.892
MAG,1525.441666666667,119.0,91.892
MAG,1532.1638888888895,121.0,91.892
MAG,1537.6305555555562,123.0,91.892
MAG,1549.1861111111116,130.0,91.892
MAG,1556.6677777777784,134.0,91.892
MAG,1571.0677777777782,144.0,91.892
MAG,1579.4011111111117,150.0,91.892
MAG,1590.4011111111117,165.0,91.892
MAG,1604.1677777777784,177.0,91.892
MAG,1612.3011111111118,183.0,91.892
MAG,1625.1677777777784,193.0,91.892
MAG,1633.9233333333339,197.0,91.892
MAG,1650.023333333334,207.0,91.892
MAG,1666.763333333334,216.0,91.892
MAG,1684.1077777777784,223.0,91.892
MAG,1696.774444444445,228.0,91.892
MAG,1714.896666666667,233.0,91.892
MAG,1746.896666666667,240.0,91.892
MAG,1771.7966666666669,249.0,91.892
MAG,1788.6633333333336,253.0,91.892
MAG,1799.8633333333337,252.0,91.892
MAG,1813.7522222222226,250.0,91.892
MAG,1824.596666666667,244.0,91.892
MAG,1839.5300000000002,224.0,91.892
MAG,1855.9411111111115,211.0,91.892
MAG,1867.2744444444447,204.0,91.892
MAG,1882.7522222222226,199.0,91.892
MAG,1900.5300000000004,200.0,91.892
MAG,1913.996666666667,202.0,91.892
MAG,1927.7300000000002,206.0,91.892
MAG,1939.5666666666668,212.0,91.892
MAG,1966.7,222.0,91.892
MAG,1976.5666666666668,222.0,91.892
MAG,1986.4777777777776,223.0,91.892
MAG,2006.3,223.0,91.892
MAG,2016.3000000000002,225.0,91.892
MAG,2028.8555555555554,226.0,91.892
MAG,2044.1888888888889,230.0,91.892
MAG,2067.988888888889,238.0,91.892
MAG,2081.476666666667,244.0,91.892
MAG,2111.7877777777785,248.0,91.892
MAG,2122.4988888888893,241.0,91.892
MAG,2138.287777777778,203.0,91.892
MAG,2146.9544444444446,195.0,91.892
MAG,2162.9544444444446,160.0,91.892
MAG,2171.01,145.0,91.892
MAG,2181.1211111111115,130.0,91.892
MAG,2187.787777777778,120.0,91.892
MAG,2196.654444444445,114.0,91.892
MAG,2204.976666666667,107.0,91.892
MAG,2213.51,96.0,91.892
MAG,2218.6766666666667,93.0,91.892
MAG,2223.6766666666667,90.0,91.892
MAG,2227.4988888888893,86.0,91.892
MAG,2233.165555555556,85.0,91.892
MAG,2240.3655555555556,81.0,91.892
MAG,2248.7888888888892,84.0,91.892
MAG,2252.655555555556,87.0,91.892
MAG,2261.855555555556,92.0,91.892
MAG,2268.5222222222224,100.0,91.892
MAG,2275.588888888889,106.0,91.892
MAG,2281.866666666667,113.0,91.892
MAG,2291.588888888889,125.0,91.892
MAG,2299.088888888889,135.0,91.892
MAG,2307.2000000000003,146.0,91.892
MAG,2321.466388888889,161.0,91.892
MAG,2335.0775000000003,175.0,91.892
MAG,2349.544166666667,186.0,91.892
MAG,2371.766388888889,200.0,91.892
MAG,2392.6663888888893,209.0,91.892
MAG,2404.6663888888893,216.0,91.892
MAG,2414.4441666666667,220.0,91.892
MAG,2437.4441666666667,230.0,91.892
MAG,2450.4997222222223,235.0,91.892
MAG,2463.8330555555553,240.0,91.892
MAG,2488.333055555556,245.0,91.892
MAG,2499.3997222222224,249.0,91.892
MAG,2513.3997222222224,252.0,91.892
MAG,2533.310833333333,256.0,91.892
MAG,2547.5330555555556,256.0,91.892
MAG,2561.7552777777782,256.0,91.892
MAG,2573.044166666667,254.0,91.892
MAG,2590.606666666667,225.0,91.892
MAG,2609.806666666667,192.0,91.892
MAG,2621.5400000000004,176.0,91.892
MAG,2630.484444444445,161.0,91.892
MAG,2638.8177777777782,150.0,91.892
MAG,2644.995555555556,139.0,91.892
MAG,2650.906666666667,133.0,91.892
MAG,2660.084444444445,118.0,91.892
MAG,2668.3288888888897,106.0,91.892
MAG,2676.951111111112,97.0,91.892
MAG,2682.0066666666676,91.0,91.892
MAG,2687.9816666666675,90.0,91.892
MAG,2692.592777777779,83.0,91.892
MAG,2698.737222222223,79.0,91.892
MAG,2706.337222222223,76.0,91.892
MAG,2711.5372222222227,78.0,91.892
MAG,2716.0927777777783,82.0,91.892
MAG,2719.9150000000004,86.0,91.892
MAG,2731.0261111111113,100.0,91.892
MAG,2738.292777777778,109.0,91.892
MAG,2749.4038888888895,125.0,91.892
MAG,2760.370555555556,141.0,91.892
MAG,2768.8150000000005,152.0,91.892
MAG,2777.759444444445,161.0,91.892
MAG,2787.259444444445,171.0,91.892
MAG,2799.592777777778,185.0,91.892
MAG,2810.259444444445,192.0,91.892
MAG,2819.114444444445,198.0,91.892
MAG,2839.914444444445,208.0,91.892
MAG,2862.014444444445,221.0,91.892
MAG,2872.103333333334,227.0,91.892
MAG,2890.3811111111113,235.0,91.892
MAG,2903.436666666667,235.0,91.892
MAG,2914.2366666666667,243.0,91.892
MAG,2948.1033333333335,254.0,91.892
MAG,2962.27,255.0,91.892
MAG,2979.8700000000003,264.0,91.892
MAG,3003.7063888888893,269.0,91.892
MAG,3021.773055555556,271.0,91.892
MAG,3037.0508333333332,275.0,91.892
MAG,3049.406388888889,278.0,91.892
MAG,3065.0175,281.0,91.892
MAG,3080.7397222222226,283.0,91.892
MAG,3106.161944444445,286.0,91.892
MAG,3135.161944444445,290.0,91.892
MAG,3157.950833333334,293.0,91.892
MAG,3187.5508333333337,296.0,91.892
MAG,3210.884166666667,300.0,91.892
MAG,3224.173055555556,299.0,91.892
MAG,3244.2397222222226,301.0,91.892
MAG,3274.6397222222226,304.0,91.892
MAG,3288.1508333333336,304.0,91.892
MAG,3301.7063888888893,305.0,91.892
MAG,3326.4055555555556,277.0,91.892
MAG,3347.827777777778,241.0,91.892
MAG,3359.994444444445,219.0,91.892
MAG,3377.683333333334,199.0,91.892
MAG,3386.127777777778,190.0,91.892
MAG,3405.905555555556,178.0,91.892
MAG,3422.705555555556,168.0,91.892
MAG,3433.5055555555564,162.0,91.892
MAG,3440.750000000001,163.0,91.892
MAG,3451.883333333334,167.0,91.892
MAG,3459.350000000001,168.0,91.892
MAG,3476.402500000001,171.0,91.892
MAG,3496.624722222223,182.0,91.892
MAG,3509.29138888889,190.0,91.892
MAG,3531.5136111111124,200.0,91.892
MAG,3540.669166666668,206.0,91.892
MAG,3552.39138888889,211.0,91.892
MAG,3566.79138888889,216.0,91.892
MAG,3579.0136111111124,220.0,91.892
MAG,3588.969166666668,224.0,91.892
MAG,3599.1469444444456,229.0,91.892
MAG,3619.9469444444458,234.0,91.892
MAG,3630.4802777777795,237.0,91.892
MAG,3646.6136111111127,242.0,91.892
MAG,3663.0136111111124,246.0,91.892
MAG,3685.30527777778,250.0,91.892
MAG,3704.9052777777797,252.0,91.892
MAG,3733.4608333333344,257.0,91.892
MAG,3762.3497222222236,260.0,91.892
MAG,3773.9941666666678,262.0,91.892
MAG,3788.5497222222234,262.0,91.892
MAG,3811.9275000000007,263.0,91.892
MAG,3832.538611111112,265.0,91.892
MAG,3847.2608333333346,265.0,91.892
MAG,3870.9941666666673,267.0,91.892
MAG,3894.7275000000013,267.0,91.892
MAG,3912.6525000000015,270.0,91.892
MAG,3927.6525000000006,270.0,91.892
MAG,3951.919166666668,273.0,91.892
MAG,3967.1413888888906,274.0,91.892
MAG,3990.608055555557,264.0,91.892
MAG,4003.9413888888903,240.0,91.892
MAG,4013.8525000000013,223.0,91.892
MAG,4029.64138888889,203.0,91.892
MAG,4037.9969444444455,188.0,91.892
MAG,4047.9413888888903,179.0,91.892
MAG,4058.9413888888907,165.0,91.892
MAG,4066.1413888888906,162.0,91.892
MAG,4076.1413888888906,150.0,91.892
MAG,4087.341388888891,144.0,91.892
MAG,4096.474722222224,137.0,91.892
MAG,4105.512222222224,135.0,91.892
MAG,4116.401111111113,140.0,91.892
MAG,4129.46777777778,147.0,91.892
MAG,4139.601111111113,152.0,91.892
MAG,4156.001111111113,164.0,91.892
MAG,4167.534444444446,173.0,91.892
MAG,4179.934444444446,186.0,91.892
MAG,4199.234444444446,193.0,91.892
MAG,4217.990000000002,211.0,91.892
MAG,4234.867777777779,217.0,91.892
MAG,4249.534444444446,220.0,91.892
MAG,4259.6677777777795,228.0,91.892
MAG,4270.046944444446,235.0,91.892
MAG,4291.469166666668,241.0,91.892
MAG,4302.269166666668,243.0,91.892
MAG,4318.669166666668,246.0,91.892
MAG,4347.113611111112,256.0,91.892
MAG,4370.224722222223,260.0,91.892
MAG,4393.780277777778,265.0,91.892
MAG,4411.5136111111115,266.0,91.892
MAG,4426.513611111111,270.0,91.892
MAG,4444.580277777778,271.0,91.892
MAG,4459.858055555556,275.0,91.892
MAG,4472.124722222223,276.0,91.892
MAG,4484.524722222222,279.0,91.892
MAG,4506.302500000001,280.0,91.892
MAG,4521.935833333334,280.0,91.892
MAG,4560.202500000001,287.0,91.892
MAG,4573.0025000000005,288.0,91.892
MAG,4592.269166666668,289.0,91.892
MAG,4608.435833333335,291.0,91.892
MAG,4627.902500000001,292.0,91.892
MAG,4657.302500000001,294.0,91.892
MAG,4676.969166666667,295.0,91.892
MAG,4696.702500000001,296.0,91.892
MAG,4709.902500000001,297.0,91.892
MAG,4723.058055555556,296.0,91.892
MAG,4742.791388888889,296.0,91.892
MAG,4765.735833333333,295.0,91.892
MAG,4778.632500000001,292.0,91.892
MAG,4807.2325,234.0,91.892
MAG,4830.699166666667,176.0,91.892
MAG,4839.699166666667,162.0,91.892
MAG,4849.699166666667,150.0,91.892
MAG,4857.588055555556,142.0,91.892
MAG,4865.143611111112,136.0,91.892
MAG,4875.3325,131.0,91.892
MAG,4887.432500000001,121.0,91.892
MAG,4896.688055555556,119.0,91.892
MAG,4909.799166666667,118.0,91.892
MAG,4920.855833333333,124.0,91.892
MAG,4927.966944444444,128.0,91.892
MAG,4938.7780555555555,139.0,91.892
MAG,4945.089166666667,142.0,91.892
MAG,4957.066944444445,154.0,91.892
MAG,4970.133611111111,168.0,91.892
MAG,4988.633611111111,185.0,91.892
MAG,4999.133611111111,189.0,91.892
MAG,5012.400277777778,199.0,91.892
MAG,5031.155833333334,211.0,91.892
MAG,5045.8225,220.0,91.892
MAG,5060.6224999999995,222.0,91.892
MAG,5070.755833333334,228.0,91.892
MAG,5086.2225,232.0,91.892
MAG,5096.734166666667,238.0,91.892
MAG,5107.311944444445,238.0,91.892
MAG,5120.811944444445,243.0,91.892
MAG,5139.711944444444,243.0,91.892
MAG,5158.611944444444,243.0,91.892
MAG,5181.900833333332,262.0,91.892
MAG,5199.567499999998,265.0,91.892
MAG,5217.500833333333,269.0,91.892
MAG,5244.700833333332,272.0,91.892
MAG,5259.923055555555,274.0,91.892
MAG,5275.311944444443,277.0,91.892
MAG,5297.089722222221,280.0,91.892
MAG,5319.334166666666,286.0,91.892
MAG,5351.748333333332,291.0,91.892
MAG,5364.770555555555,293.0,91.892
PIA,25.561666666666667,294.0,92.101
PIA,48.583888888888886,296.0,92.101
PIA,65.13944444444445,298.0,92.101
PIA,81.80611111111111,300.0,92.101
PIA,98.5838888888889,302.0,92.101
PIA,118.71722222222223,302.0,92.101
PIA,135.60611111111112,304.0,92.101
PIA,149.2463888888889,305.0,92.101
PIA,179.9463888888889,307.0,92.101
PIA,210.9463888888889,310.0,92.101
PIA,224.7241666666667,310.0,92.101
PIA,248.9130555555556,311.0,92.101
PIA,266.2463888888889,312.0,92.101
PIA,280.15749999999997,313.0,92.101
PIA,322.02416666666664,314.0,92.101
PIA,339.52416666666664,315.0,92.101
PIA,360.52416666666664,315.0,92.101
PIA,388.5252777777778,316.0,92.101
PIA,409.59194444444444,316.0,92.101
PIA,427.2030555555556,317.0,92.101
PIA,441.2919444444444,317.0,92.101
PIA,458.90305555555557,317.0,92.101
PIA,476.56972222222225,318.0,92.101
PIA,504.74750000000006,317.0,92.101
PIA,536.4475,317.0,92.101
PIA,561.1808333333333,318.0,92.101
PIA,592.4808333333334,313.0,92.101
PIA,614.1808333333333,279.0,92.101
PIA,625.1141666666667,246.0,92.101
PIA,639.6475,218.0,92.101
PIA,655.8475000000001,162.0,92.101
PIA,662.5586111111112,151.0,92.101
PIA,668.5586111111112,135.0,92.101
PIA,678.8127777777778,115.0,92.101
PIA,687.8794444444445,102.0,92.101
PIA,693.1572222222222,95.0,92.101
PIA,700.8905555555556,87.0,92.101
PIA,704.7127777777778,86.0,92.101
PIA,713.7127777777778,81.0,92.101
PIA,721.3127777777778,76.0,92.101
PIA,726.1794444444445,73.0,92.101
PIA,729.5127777777778,75.0,92.101
PIA,734.6461111111112,77.0,92.101
PIA,738.2905555555557,82.0,92.101
PIA,746.966388888889,87.0,92.101
PIA,758.6330555555556,105.0,92.101
PIA,766.4997222222223,118.0,92.101
PIA,780.8330555555557,129.0,92.101
PIA,786.566388888889,129.0,92.101
PIA,794.6775000000001,146.0,92.101
PIA,805.0108333333335,155.0,92.101
PIA,813.8441666666669,159.0,92.101
PIA,820.9997222222224,161.0,92.101
PIA,828.2886111111112,164.0,92.101
PIA,842.7775000000001,163.0,92.101
PIA,850.1108333333335,165.0,92.101
PIA,861.2441666666668,167.0,92.101
PIA,872.7775000000001,173.0,92.101
PIA,888.6491666666668,178.0,92.101
PIA,903.3491666666669,189.0,92.101
PIA,925.6825000000001,201.0,92.101
PIA,949.3491666666669,213.0,92.101
PIA,958.9047222222224,215.0,92.101
PIA,971.1269444444446,220.0,92.101
PIA,991.3047222222224,227.0,92.101
PIA,1009.5825000000002,235.0,92.101
PIA,1022.8602777777779,239.0,92.101
PIA,1044.460277777778,243.0,92.101
PIA,1067.0380555555557,254.0,92.101
PIA,1084.1000000000001,257.0,92.101
PIA,1098.6000000000001,261.0,92.101
PIA,1122.2444444444445,266.0,92.101
PIA,1137.0222222222224,266.0,92.101
PIA,1161.288888888889,273.0,92.101
PIA,1176.6222222222223,276.0,92.101
PIA,1189.0222222222224,279.0,92.101
PIA,1210.9555555555557,282.0,92.101
PIA,1223.488888888889,282.0,92.101
PIA,1239.3222222222223,285.0,92.101
PIA,1258.5222222222221,288.0,92.101
PIA,1271.3666666666666,289.0,92.101
PIA,1290.8333333333335,292.0,92.101
PIA,1313.7,294.0,92.101
PIA,1333.4333333333336,296.0,92.101
PIA,1353.248888888889,296.0,92.101
PIA,1376.5044444444447,299.0,92.101
PIA,1400.8600000000004,274.0,92.101
PIA,1416.2600000000002,231.0,92.101
PIA,1436.16,199.0,92.101
PIA,1447.8266666666668,175.0,92.101
PIA,1459.0933333333335,169.0,92.101
PIA,1473.2933333333335,142.0,92.101
PIA,1485.0266666666669,132.0,92.101
PIA,1494.8266666666668,126.0,92.101
PIA,1502.96,122.0,92.101
PIA,1508.16,117.0,92.101
PIA,1513.3716666666667,118.0,92.101
PIA,1524.3938888888888,124.0,92.101
PIA,1529.905,124.0,92.101
PIA,1538.505,129.0,92.101
PIA,1554.1716666666666,141.0,92.101
PIA,1567.5938888888888,151.0,92.101
PIA,1582.1716666666666,164.0,92.101
PIA,1593.5716666666665,171.0,92.101
PIA,1603.5716666666667,180.0,92.101
PIA,1616.305,191.0,92.101
PIA,1626.9161111111111,191.0,92.101
PIA,1635.405,191.0,92.101
PIA,1644.4716666666666,204.0,92.101
PIA,1661.2716666666665,216.0,92.101
PIA,1673.7224999999999,223.0,92.101
PIA,1704.9225,234.0,92.101
PIA,1715.4558333333332,237.0,92.101
PIA,1731.5224999999998,241.0,92.101
PIA,1745.0780555555552,244.0,92.101
PIA,1761.6113888888888,248.0,92.101
PIA,1786.8113888888888,252.0,92.101
PIA,1803.3447222222221,248.0,92.101
PIA,1819.1447222222223,237.0,92.101
PIA,1829.1891666666668,226.0,92.101
PIA,1838.7447222222224,215.0,92.101
PIA,1852.6780555555556,209.0,92.101
PIA,1868.3891666666668,202.0,92.101
PIA,1877.3108333333334,202.0,92.101
PIA,1902.4886111111114,206.0,92.101
PIA,1931.1552777777779,215.0,92.101
PIA,1943.4886111111114,222.0,92.101
PIA,1958.4886111111116,225.0,92.101
PIA,1970.9886111111114,225.0,92.101
PIA,1983.7663888888894,230.0,92.101
PIA,2001.8886111111117,233.0,92.101
PIA,2025.5886111111117,237.0,92.101
PIA,2044.3330555555563,241.0,92.101
PIA,2071.888611111112,248.0,92.101
PIA,2094.3586111111117,252.0,92.101
PIA,2108.469722222223,254.0,92.101
PIA,2126.280833333334,229.0,92.101
PIA,2135.969722222223,218.0,92.101
PIA,2150.4363888888897,186.0,92.101
PIA,2162.958611111112,161.0,92.101
PIA,2176.358611111112,134.0,92.101
PIA,2183.5252777777787,129.0,92.101
PIA,2192.1252777777786,129.0,92.101
PIA,2201.1030555555562,101.0,92.101
PIA,2207.5030555555563,96.0,92.101
PIA,2213.7697222222228,94.0,92.101
PIA,2217.8141666666675,91.0,92.101
PIA,2223.6808333333342,88.0,92.101
PIA,2227.3908333333343,84.0,92.101
PIA,2231.0352777777784,82.0,92.101
PIA,2235.479722222223,80.0,92.101
PIA,2241.9352777777785,83.0,92.101
PIA,2248.7019444444454,87.0,92.101
PIA,2256.9686111111123,93.0,92.101
PIA,2263.368611111112,96.0,92.101
PIA,2270.3019444444453,104.0,92.101
PIA,2282.4019444444452,121.0,92.101
PIA,2289.568611111112,129.0,92.101
PIA,2297.1241666666674,136.0,92.101
PIA,2309.2575000000006,156.0,92.101
PIA,2321.701944444445,160.0,92.101
PIA,2341.6405555555557,179.0,92.101
PIA,2350.1294444444447,191.0,92.101
PIA,2365.762777777778,201.0,92.101
PIA,2377.2627777777775,207.0,92.101
PIA,2388.9294444444445,210.0,92.101
PIA,2400.9294444444445,216.0,92.101
PIA,2415.596111111111,220.0,92.101
PIA,2441.040555555556,229.0,92.101
PIA,2453.985,233.0,92.101
PIA,2464.562777777778,238.0,92.101
PIA,2497.362777777778,246.0,92.101
PIA,2519.673888888889,251.0,92.101
PIA,2533.7850000000003,254.0,92.101
PIA,2545.1183333333333,255.0,92.101
PIA,2562.0474999999997,255.0,92.101
PIA,2577.8475,237.0,92.101
PIA,2588.0697222222225,230.0,92.101
PIA,2606.0252777777782,202.0,92.101
PIA,2616.3586111111113,186.0,92.101
PIA,2629.1919444444447,165.0,92.101
PIA,2642.0808333333334,145.0,92.101
PIA,2649.3586111111113,131.0,92.101
PIA,2654.6919444444443,120.0,92.101
PIA,2663.2475,110.0,92.101
PIA,2672.5475,93.0,92.101
PIA,2678.2808333333337,86.0,92.101
PIA,2687.7133333333336,77.0,92.101
PIA,2694.2911111111116,74.0,92.101
PIA,2698.824444444445,68.0,92.101
PIA,2704.502222222223,73.0,92.101
PIA,2714.7688888888893,84.0,92.101
PIA,2719.6022222222227,87.0,92.101
PIA,2730.824444444445,101.0,92.101
PIA,2738.1577777777784,110.0,92.101
PIA,2751.1577777777784,130.0,92.101
PIA,2758.935555555556,140.0,92.101
PIA,2765.1577777777784,140.0,92.101
PIA,2772.091111111112,156.0,92.101
PIA,2783.1577777777784,166.0,92.101
PIA,2797.1077777777787,180.0,92.101
PIA,2814.1744444444453,192.0,92.101
PIA,2827.774444444445,204.0,92.101
PIA,2849.1744444444453,214.0,92.101
PIA,2866.7522222222233,226.0,92.101
PIA,2884.9522222222236,234.0,92.101
PIA,2900.7522222222237,237.0,92.101
PIA,2922.4411111111126,244.0,92.101
PIA,2936.21888888889,248.0,92.101
PIA,2962.01888888889,258.0,92.101
PIA,2976.4238888888904,258.0,92.101
PIA,2997.1127777777792,266.0,92.101
PIA,3021.1127777777792,270.0,92.101
PIA,3033.201666666668,272.0,92.101
PIA,3045.4238888888904,275.0,92.101
PIA,3060.868333333335,278.0,92.101
PIA,3082.723888888891,281.0,92.101
PIA,3101.5238888888907,282.0,92.101
PIA,3123.6905555555577,285.0,92.101
PIA,3139.6350000000025,287.0,92.101
PIA,3165.5016666666693,291.0,92.101
PIA,3178.479444444447,292.0,92.101
PIA,3198.0127777777802,293.0,92.101
PIA,3214.401666666669,295.0,92.101
PIA,3237.579444444447,298.0,92.101
PIA,3260.8350000000023,299.0,92.101
PIA,3284.1625000000026,301.0,92.101
PIA,3310.295833333336,294.0,92.101
PIA,3322.6958333333355,279.0,92.101
PIA,3333.8513888888915,251.0,92.101
PIA,3349.118055555558,229.0,92.101
PIA,3358.8958333333358,220.0,92.101
PIA,3370.173611111113,203.0,92.101
PIA,3386.8847222222244,188.0,92.101
PIA,3406.218055555558,174.0,92.101
PIA,3417.151388888891,164.0,92.101
PIA,3429.595833333335,160.0,92.101
PIA,3444.1300000000015,163.0,92.101
PIA,3470.885555555557,172.0,92.101
PIA,3480.774444444446,178.0,92.101
PIA,3493.2411111111123,187.0,92.101
PIA,3503.9633333333345,193.0,92.101
PIA,3517.2300000000014,199.0,92.101
PIA,3535.7188888888904,208.0,92.101
PIA,3552.363333333335,214.0,92.101
PIA,3564.5300000000016,219.0,92.101
PIA,3584.6188888888905,226.0,92.101
PIA,3597.2855555555575,228.0,92.101
PIA,3610.1188888888905,231.0,92.101
PIA,3636.5633333333353,238.0,92.101
PIA,3649.9522222222245,241.0,92.101
PIA,3671.9277777777793,248.0,92.101
PIA,3688.52777777778,249.0,92.101
PIA,3702.5833333333358,253.0,92.101
PIA,3722.494444444446,256.0,92.101
PIA,3736.661111111113,255.0,92.101
PIA,3748.0388888888906,256.0,92.101
PIA,3770.8833333333355,257.0,92.101
PIA,3782.3944444444464,259.0,92.101
PIA,3802.6944444444466,261.0,92.101
PIA,3820.0944444444463,261.0,92.101
PIA,3837.5611111111134,262.0,92.101
PIA,3849.2055555555576,262.0,92.101
PIA,3872.834722222224,265.0,92.101
PIA,3896.4791666666692,266.0,92.101
PIA,3923.079166666669,266.0,92.101
PIA,3937.9680555555583,268.0,92.101
PIA,3958.9680555555574,270.0,92.101
PIA,3974.023611111113,271.0,92.101
PIA,3992.612500000002,239.0,92.101
PIA,4004.6680555555577,217.0,92.101
PIA,4016.279166666669,209.0,92.101
PIA,4028.6791666666686,186.0,92.101
PIA,4039.8791666666684,168.0,92.101
PIA,4047.1236111111134,163.0,92.101
PIA,4058.868055555558,151.0,92.101
PIA,4072.023611111113,148.0,92.101
PIA,4079.69027777778,138.0,92.101
PIA,4087.1347222222244,134.0,92.101
PIA,4097.364722222224,132.0,92.101
PIA,4104.92027777778,136.0,92.101
PIA,4112.698055555558,140.0,92.101
PIA,4125.764722222225,147.0,92.101
PIA,4134.098055555558,150.0,92.101
PIA,4148.853611111113,166.0,92.101
PIA,4156.4980555555585,172.0,92.101
PIA,4172.942500000003,185.0,92.101
PIA,4190.631388888892,199.0,92.101
PIA,4204.298055555558,205.0,92.101
PIA,4213.823888888891,213.0,92.101
PIA,4225.879444444447,217.0,92.101
PIA,4235.657222222224,220.0,92.101
PIA,4256.012777777779,229.0,92.101
PIA,4266.368333333335,233.0,92.101
PIA,4285.035000000001,240.0,92.101
PIA,4301.035000000002,240.0,92.101
PIA,4317.635000000001,249.0,92.101
PIA,4331.690555555557,253.0,92.101
PIA,4351.52388888889,255.0,92.101
PIA,4380.52388888889,261.0,92.101
PIA,4392.212777777779,263.0,92.101
PIA,4419.012777777779,268.0,92.101
PIA,4433.957222222223,269.0,92.101
PIA,4458.135,272.0,92.101
PIA,4482.757222222223,277.0,92.101
PIA,4507.479722222222,279.0,92.101
PIA,4529.257500000001,280.0,92.101
PIA,4548.057500000002,282.0,92.101
PIA,4579.724166666668,285.0,92.101
PIA,4595.6130555555565,286.0,92.101
PIA,4611.557500000001,287.0,92.101
PIA,4643.5575,288.0,92.101
PIA,4675.7797222222225,290.0,92.101
PIA,4711.427222222223,291.0,92.101
PIA,4747.116111111111,292.0,92.101
PIA,4760.093888888889,292.0,92.101
PIA,4781.249444444445,272.0,92.101
PIA,4794.693888888889,242.0,92.101
PIA,4813.005,206.0,92.101
PIA,4823.227222222223,184.0,92.101
PIA,4837.538333333334,161.0,92.101
PIA,4847.6050000000005,151.0,92.101
PIA,4862.938333333334,138.0,92.101
PIA,4877.382777777779,130.0,92.101
PIA,4884.438333333334,127.0,92.101
PIA,4895.371666666668,123.0,92.101
PIA,4905.016111111112,124.0,92.101
PIA,4913.682777777778,130.0,92.101
PIA,4921.145277777778,135.0,92.101
PIA,4928.645277777778,135.0,92.101
PIA,4947.589722222222,155.0,92.101
PIA,4954.8341666666665,163.0,92.101
PIA,4962.256388888889,167.0,92.101
PIA,4972.034166666667,176.0,92.101
PIA,4984.567500000001,188.0,92.101
PIA,5011.767500000001,204.0,92.101
PIA,5037.860000000001,213.0,92.101
PIA,5052.593333333334,221.0,92.101
PIA,5070.171111111111,226.0,92.101
PIA,5085.904444444444,236.0,92.101
PIA,5113.015555555555,244.0,92.101
PIA,5129.5488888888885,248.0,92.101
PIA,5143.437777777777,250.0,92.101
PIA,5157.548888888888,254.0,92.101
PIA,5168.971111111111,257.0,92.101
PIA,5198.082222222221,262.0,92.101
PIA,5218.615555555555,264.0,92.101
PIA,5239.46,268.0,92.101
PIA,5263.548888888889,271.0,92.101
PIA,5278.771111111111,274.0,92.101
PIA,5300.393333333333,278.0,92.101
PIA,5319.06,280.0,92.101
PIA,5331.504444444445,280.0,92.101
PIA,5350.2925000000005,283.0,92.101
PIA,5369.4925,288.0,92.101
DEV,8.245,291.0,92.121
DEV,40.91166666666667,294.0,92.121
DEV,57.356111111111105,296.0,92.121
DEV,73.91166666666666,298.0,92.121
DEV,100.66722222222222,301.0,92.121
DEV,130.96722222222223,303.0,92.121
DEV,161.46722222222223,305.0,92.121
DEV,178.52277777777778,307.0,92.121
DEV,216.16722222222222,308.0,92.121
DEV,236.8338888888889,310.0,92.121
DEV,264.5672222222222,312.0,92.121
DEV,285.3672222222222,312.0,92.121
DEV,306.14694444444444,313.0,92.121
DEV,334.05805555555554,314.0,92.121
DEV,358.48027777777776,314.0,92.121
DEV,393.4802777777778,315.0,92.121
DEV,432.2247222222222,317.0,92.121
DEV,446.31361111111113,317.0,92.121
DEV,463.9802777777778,318.0,92.121
DEV,485.18027777777775,318.0,92.121
DEV,499.26916666666665,317.0,92.121
DEV,520.4025,317.0,92.121
DEV,541.5358333333334,317.0,92.121
DEV,559.1469444444444,317.0,92.121
DEV,580.3013888888888,316.0,92.121
DEV,594.3458333333333,316.0,92.121
DEV,612.8791666666666,278.0,92.121
DEV,633.2347222222221,229.0,92.121
DEV,642.123611111111,200.0,92.121
DEV,655.8124999999999,176.0,92.121
DEV,668.023611111111,157.0,92.121
DEV,688.6236111111109,103.0,92.121
DEV,695.7013888888887,91.0,92.121
DEV,701.8458333333331,79.0,92.121
DEV,708.4236111111109,74.0,92.121
DEV,711.4458333333331,68.0,92.121
DEV,716.5013888888886,65.0,92.121
DEV,719.2838888888887,63.0,92.121
DEV,724.9727777777775,64.0,92.121
DEV,730.1061111111109,66.0,92.121
DEV,733.2616666666664,71.0,92.121
DEV,737.5394444444441,77.0,92.121
DEV,744.1505555555552,85.0,92.121
DEV,750.3505555555553,93.0,92.121
DEV,756.0172222222219,102.0,92.121
DEV,761.9616666666664,107.0,92.121
DEV,770.4283333333331,127.0,92.121
DEV,776.2949999999997,132.0,92.121
DEV,782.5172222222219,140.0,92.121
DEV,793.717222222222,144.0,92.121
DEV,800.6044444444442,154.0,92.121
DEV,809.5488888888887,161.0,92.121
DEV,818.882222222222,168.0,92.121
DEV,834.7044444444442,178.0,92.121
DEV,853.8044444444442,191.0,92.121
DEV,866.8044444444442,195.0,92.121
DEV,875.782222222222,202.0,92.121
DEV,914.7155555555553,219.0,92.121
DEV,932.1377777777776,224.0,92.121
DEV,944.8599999999998,229.0,92.121
DEV,957.8044444444442,233.0,92.121
DEV,973.4044444444442,234.0,92.121
DEV,986.6822222222219,239.0,92.121
DEV,1000.3488888888887,246.0,92.121
DEV,1028.1680555555552,251.0,92.121
DEV,1039.545833333333,256.0,92.121
DEV,1053.9347222222218,259.0,92.121
DEV,1065.5791666666662,262.0,92.121
DEV,1080.3013888888886,265.0,92.121
DEV,1095.1347222222219,267.0,92.121
DEV,1110.1347222222219,270.0,92.121
DEV,1125.356944444444,274.0,92.121
DEV,1146.9013888888885,277.0,92.121
DEV,1184.6347222222219,283.0,92.121
DEV,1200.468055555555,285.0,92.121
DEV,1213.268055555555,288.0,92.121
DEV,1229.3480555555552,288.0,92.121
DEV,1245.5147222222217,291.0,92.121
DEV,1258.4924999999996,292.0,92.121
DEV,1271.5147222222217,293.0,92.121
DEV,1301.2147222222218,297.0,92.121
DEV,1317.7702777777772,298.0,92.121
DEV,1347.670277777777,299.0,92.121
DEV,1361.0480555555548,301.0,92.121
DEV,1384.6147222222216,303.0,92.121
DEV,1397.8591666666662,298.0,92.121
DEV,1410.4813888888884,284.0,92.121
DEV,1430.4813888888884,225.0,92.121
DEV,1443.748055555555,199.0,92.121
DEV,1451.8813888888885,183.0,92.121
DEV,1464.5591666666664,163.0,92.121
DEV,1477.714722222222,148.0,92.121
DEV,1488.8369444444443,143.0,92.121
DEV,1496.2813888888886,134.0,92.121
DEV,1503.4122222222218,129.0,92.121
DEV,1516.9677777777774,122.0,92.121
DEV,1525.9899999999996,116.0,92.121
DEV,1532.6011111111109,119.0,92.121
DEV,1548.0011111111107,126.0,92.121
DEV,1553.7788888888886,130.0,92.121
DEV,1564.5899999999997,139.0,92.121
DEV,1572.6455555555551,145.0,92.121
DEV,1590.6905555555552,162.0,92.121
DEV,1598.2461111111108,170.0,92.121
DEV,1616.5461111111108,183.0,92.121
DEV,1627.268333333333,193.0,92.121
DEV,1642.8238888888886,200.0,92.121
DEV,1656.757222222222,209.0,92.121
DEV,1666.1794444444442,212.0,92.121
DEV,1680.7794444444442,219.0,92.121
DEV,1708.7683333333332,229.0,92.121
DEV,1735.1016666666665,237.0,92.121
DEV,1765.1683333333333,246.0,92.121
DEV,1787.3905555555555,250.0,92.121
DEV,1801.2238888888887,249.0,92.121
DEV,1819.3461111111108,233.0,92.121
DEV,1831.6794444444442,222.0,92.121
DEV,1843.5683333333332,214.0,92.121
DEV,1852.8874999999998,211.0,92.121
DEV,1866.4208333333333,203.0,92.121
DEV,1881.8208333333332,198.0,92.121
DEV,1897.5319444444444,202.0,92.121
DEV,1906.5541666666666,203.0,92.121
DEV,1925.1319444444443,209.0,92.121
DEV,1937.0208333333333,214.0,92.121
DEV,1949.2430555555557,220.0,92.121
DEV,1961.6319444444443,223.0,92.121
DEV,1971.4986111111111,222.0,92.121
DEV,1991.293611111111,222.0,92.121
DEV,2016.404722222222,226.0,92.121
DEV,2026.5825,229.0,92.121
DEV,2042.1824999999997,234.0,92.121
DEV,2063.426944444444,239.0,92.121
DEV,2082.4047222222216,244.0,92.121
DEV,2093.338055555555,246.0,92.121
DEV,2112.860277777777,251.0,92.121
DEV,2123.526944444444,240.0,92.121
DEV,2139.471388888888,205.0,92.121
DEV,2159.6380555555547,165.0,92.121
DEV,2166.260277777777,149.0,92.121
DEV,2175.460277777777,138.0,92.121
DEV,2186.3047222222212,122.0,92.121
DEV,2191.3269444444436,113.0,92.121
DEV,2199.4158333333326,104.0,92.121
DEV,2207.949166666666,96.0,92.121
DEV,2215.8355555555545,89.0,92.121
DEV,2219.568888888888,84.0,92.121
DEV,2224.1244444444437,82.0,92.121
DEV,2228.346666666666,76.0,92.121
DEV,2233.146666666666,72.0,92.121
DEV,2239.9022222222216,76.0,92.121
DEV,2244.2355555555546,78.0,92.121
DEV,2251.879999999999,86.0,92.121
DEV,2259.113333333333,93.0,92.121
DEV,2266.9188888888884,100.0,92.121
DEV,2275.5522222222216,111.0,92.121
DEV,2280.8411111111104,119.0,92.121
DEV,2286.352222222222,124.0,92.121
DEV,2298.707777777777,139.0,92.121
DEV,2305.1077777777773,144.0,92.121
DEV,2313.7188888888886,155.0,92.121
DEV,2324.652222222222,164.0,92.121
DEV,2332.474444444444,176.0,92.121
DEV,2340.2966666666666,176.0,92.121
DEV,2357.63,195.0,92.121
DEV,2371.0299999999997,201.0,92.121
DEV,2387.285555555555,209.0,92.121
DEV,2399.23,215.0,92.121
DEV,2421.53,223.0,92.121
DEV,2431.6188888888887,227.0,92.121
DEV,2457.8411111111113,236.0,92.121
DEV,2473.7744444444443,239.0,92.121
DEV,2495.572777777778,246.0,92.121
DEV,2509.406111111111,249.0,92.121
DEV,2531.983888888889,254.0,92.121
DEV,2554.561666666667,254.0,92.121
DEV,2573.2283333333335,240.0,92.121
DEV,2598.4061111111114,206.0,92.121
DEV,2606.8505555555557,190.0,92.121
DEV,2626.695555555556,162.0,92.121
DEV,2635.0844444444447,151.0,92.121
DEV,2647.6844444444446,126.0,92.121
DEV,2655.2844444444445,114.0,92.121
DEV,2661.34,109.0,92.121
DEV,2667.74,96.0,92.121
DEV,2672.628888888889,88.0,92.121
DEV,2676.4066666666668,85.0,92.121
DEV,2680.0066666666667,81.0,92.121
DEV,2687.7066666666665,77.0,92.121
DEV,2693.3844444444444,73.0,92.121
DEV,2698.117777777778,71.0,92.121
DEV,2703.8733333333334,74.0,92.121
DEV,2710.0955555555556,80.0,92.121
DEV,2713.917777777778,86.0,92.121
DEV,2720.0511111111114,92.0,92.121
DEV,2732.2733333333335,110.0,92.121
DEV,2738.8844444444444,119.0,92.121
DEV,2789.1027777777776,174.0,92.121
DEV,2797.0583333333334,179.0,92.121
DEV,2805.3694444444445,187.0,92.121
DEV,2816.202777777778,195.0,92.121
DEV,2834.513888888889,206.0,92.121
DEV,2858.9080555555556,219.0,92.121
DEV,2871.4080555555556,225.0,92.121
DEV,2886.8080555555553,231.0,92.121
DEV,2899.9191666666666,236.0,92.121
DEV,2921.6969444444444,245.0,92.121
DEV,2938.2969444444448,249.0,92.121
DEV,2955.163611111111,253.0,92.121
DEV,2972.3636111111114,258.0,92.121
DEV,2986.919166666667,262.0,92.121
DEV,3001.5858333333335,264.0,92.121
DEV,3013.4525000000003,267.0,92.121
DEV,3031.4525000000003,270.0,92.121
DEV,3068.519166666667,278.0,92.121
DEV,3096.7191666666668,282.0,92.121
DEV,3112.4969444444446,284.0,92.121
DEV,3131.6302777777773,287.0,92.121
DEV,3144.4302777777775,288.0,92.121
DEV,3167.0636111111107,291.0,92.121
DEV,3193.196944444444,294.0,92.121
DEV,3216.1369444444435,296.0,92.121
DEV,3232.636944444444,297.0,92.121
DEV,3269.1813888888883,299.0,92.121
DEV,3296.0258333333327,302.0,92.121
DEV,3319.5147222222217,302.0,92.121
DEV,3335.4591666666665,287.0,92.121
DEV,3356.3241666666663,234.0,92.121
DEV,3366.2797222222216,224.0,92.121
DEV,3384.2352777777774,202.0,92.121
DEV,3392.7686111111107,192.0,92.121
DEV,3404.901944444444,182.0,92.121
DEV,3414.8463888888887,179.0,92.121
DEV,3443.468611111111,161.0,92.121
DEV,3459.968611111111,165.0,92.121
DEV,3471.168611111111,168.0,92.121
DEV,3480.7241666666664,172.0,92.121
DEV,3494.4130555555553,176.0,92.121
DEV,3502.368611111111,179.0,92.121
DEV,3521.568611111111,192.0,92.121
DEV,3530.3686111111106,198.0,92.121
DEV,3548.9463888888886,209.0,92.121
DEV,3558.235277777778,209.0,92.121
DEV,3567.790833333333,215.0,92.121
DEV,3580.1241666666665,222.0,92.121
DEV,3600.3908333333334,228.0,92.121
DEV,3623.8255555555556,235.0,92.121
DEV,3634.358888888889,237.0,92.121
DEV,3658.658888888889,243.0,92.121
DEV,3683.4588888888893,248.0,92.121
DEV,3697.4588888888893,252.0,92.121
DEV,3708.7033333333334,253.0,92.121
DEV,3720.081111111111,256.0,92.121
DEV,3737.2858333333334,257.0,92.121
DEV,3760.308055555556,259.0,92.121
DEV,3786.408055555556,261.0,92.121
DEV,3806.7080555555563,261.0,92.121
DEV,3835.8191666666667,262.0,92.121
DEV,3850.430277777778,263.0,92.121
DEV,3879.8747222222228,265.0,92.121
DEV,3897.608055555556,266.0,92.121
DEV,3912.4413888888894,267.0,92.121
DEV,3936.3525,269.0,92.121
DEV,3951.4080555555556,271.0,92.121
DEV,3969.5413888888897,272.0,92.121
DEV,3997.5302777777783,229.0,92.121
DEV,4019.0858333333335,194.0,92.121
DEV,4027.44138888889,188.0,92.121
DEV,4037.0525000000002,173.0,92.121
DEV,4044.5191666666674,168.0,92.121
DEV,4058.2969444444448,155.0,92.121
DEV,4066.478055555556,148.0,92.121
DEV,4078.7447222222227,138.0,92.121
DEV,4084.789166666667,136.0,92.121
DEV,4093.789166666667,135.0,92.121
DEV,4099.833611111112,136.0,92.121
DEV,4114.233611111112,144.0,92.121
DEV,4122.441111111111,147.0,92.121
DEV,4130.7188888888895,149.0,92.121
DEV,4141.318888888889,159.0,92.121
DEV,4158.818888888889,175.0,92.121
DEV,4180.152222222223,192.0,92.121
DEV,4191.152222222223,198.0,92.121
DEV,4204.752222222222,204.0,92.121
DEV,4214.13,211.0,92.121
DEV,4231.241111111111,220.0,92.121
DEV,4254.041111111112,228.0,92.121
DEV,4264.3966666666665,233.0,92.121
DEV,4277.5633333333335,237.0,92.121
DEV,4288.185555555557,239.0,92.121
DEV,4312.985555555557,248.0,92.121
DEV,4338.3855555555565,254.0,92.121
DEV,4367.274444444445,260.0,92.121
DEV,4384.807777777779,263.0,92.121
DEV,4396.585555555556,265.0,92.121
DEV,4411.474444444445,268.0,92.121
DEV,4429.474444444445,270.0,92.121
DEV,4450.631944444444,273.0,92.121
DEV,4465.965277777778,276.0,92.121
DEV,4487.665277777778,279.0,92.121
DEV,4503.276388888889,281.0,92.121
DEV,4528.520833333333,284.0,92.121
DEV,4563.555833333333,286.0,92.121
DEV,4579.500277777777,287.0,92.121
DEV,4608.500277777777,290.0,92.121
DEV,4627.900277777777,291.0,92.121
DEV,4647.366944444444,292.0,92.121
DEV,4663.6447222222205,293.0,92.121
DEV,4679.922499999999,293.0,92.121
DEV,4702.789166666666,294.0,92.121
DEV,4722.455833333332,295.0,92.121
DEV,4735.522499999999,294.0,92.121
DEV,4755.189166666665,295.0,92.121
DEV,4771.4669444444435,293.0,92.121
DEV,4789.4669444444435,270.0,92.121
DEV,4809.466944444444,225.0,92.121
DEV,4825.555833333333,181.0,92.121
DEV,4839.7780555555555,160.0,92.121
DEV,4848.1113888888885,150.0,92.121
DEV,4862.611388888889,145.0,92.121
DEV,4873.189166666667,136.0,92.121
DEV,4884.389166666667,126.0,92.121
DEV,4891.111388888889,121.0,92.121
DEV,4896.278888888889,117.0,92.121
DEV,4902.89,119.0,92.121
DEV,4913.912222222223,124.0,92.121
DEV,4919.645555555557,129.0,92.121
DEV,4925.467777777779,131.0,92.121
DEV,4939.667777777779,142.0,92.121
DEV,4953.666944444445,157.0,92.121
DEV,4966.889166666668,170.0,92.121
DEV,4982.978055555557,181.0,92.121
DEV,4998.066944444446,194.0,92.121
DEV,5006.955833333334,200.0,92.121
DEV,5015.978055555556,203.0,92.121
DEV,5034.822500000001,212.0,92.121
DEV,5059.489166666667,222.0,92.121
DEV,5082.689166666667,232.0,92.121
DEV,5103.844722222223,238.0,92.121
DEV,5128.444722222223,246.0,92.121
DEV,5150.755833333334,251.0,92.121
DEV,5164.866944444445,254.0,92.121
DEV,5187.889166666667,259.0,92.121
DEV,5220.400277777779,266.0,92.121
DEV,5235.233611111111,267.0,92.121
DEV,5259.233611111112,270.0,92.121
DEV,5271.233611111112,270.0,92.121
DEV,5286.51138888889,275.0,92.121
DEV,5305.03388888889,279.0,92.121
DEV,5330.189444444445,283.0,92.121
DEV,5358.989444444445,288.0,92.121
DEV,5378.33638888889,289.0,92.121
GAS,0.16333333333333336,294.0,92.181
GAS,19.896666666666665,296.0,92.181
GAS,36.56333333333333,300.0,92.181
GAS,49.94111111111111,301.0,92.181
GAS,63.40777777777778,303.0,92.181
GAS,94.10777777777778,307.0,92.181
GAS,118.1411111111111,309.0,92.181
GAS,138.80777777777777,310.0,92.181
GAS,163.1522222222222,313.0,92.181
GAS,187.6522222222222,315.0,92.181
GAS,201.69666666666666,316.0,92.181
GAS,222.82999999999998,317.0,92.181
GAS,258.27444444444444,319.0,92.181
GAS,276.0522222222222,320.0,92.181
GAS,369.5622222222222,324.0,92.181
GAS,383.96222222222224,324.0,92.181
GAS,398.3622222222223,324.0,92.181
GAS,416.4177777777778,325.0,92.181
GAS,445.30666666666673,325.0,92.181
GAS,481.5080555555556,325.0,92.181
GAS,499.5080555555556,324.0,92.181
GAS,521.1747222222222,325.0,92.181
GAS,539.2302777777777,325.0,92.181
GAS,568.1191666666666,325.0,92.181
GAS,588.9191666666667,312.0,92.181
GAS,606.5858333333333,265.0,92.181
GAS,622.7191666666666,242.0,92.181
GAS,634.9969444444445,221.0,92.181
GAS,646.7191666666668,211.0,92.181
GAS,654.7191666666668,180.0,92.181
GAS,665.4525000000001,161.0,92.181
GAS,681.7191666666668,122.0,92.181
GAS,691.6191666666667,99.0,92.181
GAS,696.6747222222223,91.0,92.181
GAS,702.4747222222222,87.0,92.181
GAS,705.8969444444444,77.0,92.181
GAS,711.6525,74.0,92.181
GAS,717.7858333333334,69.0,92.181
GAS,722.9783333333334,67.0,92.181
GAS,726.645,66.0,92.181
GAS,735.0783333333333,69.0,92.181
GAS,741.656111111111,74.0,92.181
GAS,748.4227777777777,87.0,92.181
GAS,753.4227777777777,90.0,92.181
GAS,762.8744444444444,106.0,92.181
GAS,767.9855555555555,115.0,92.181
GAS,779.4522222222222,129.0,92.181
GAS,785.4077777777777,134.0,92.181
GAS,795.1411111111111,146.0,92.181
GAS,803.5855555555555,152.0,92.181
GAS,833.4522222222222,168.0,92.181
GAS,851.1522222222221,177.0,92.181
GAS,863.5522222222221,186.0,92.181
GAS,874.2744444444443,193.0,92.181
GAS,889.9855555555555,202.0,92.181
GAS,899.2299999999999,208.0,92.181
GAS,920.7299999999999,215.0,92.181
GAS,930.5077777777777,220.0,92.181
GAS,950.5966666666667,226.0,92.181
GAS,960.8188888888889,230.0,92.181
GAS,971.1744444444445,233.0,92.181
GAS,984.2855555555556,236.0,92.181
GAS,1005.8855555555556,243.0,92.181
GAS,1030.9158333333335,251.0,92.181
GAS,1042.2047222222225,254.0,92.181
GAS,1068.2047222222225,260.0,92.181
GAS,1094.9047222222225,267.0,92.181
GAS,1109.9047222222225,270.0,92.181
GAS,1121.9936111111115,272.0,92.181
GAS,1134.2158333333336,275.0,92.181
GAS,1152.7594444444446,277.0,92.181
GAS,1177.9150000000002,283.0,92.181
GAS,1206.6150000000002,287.0,92.181
GAS,1229.2483333333337,291.0,92.181
GAS,1261.9150000000004,294.0,92.181
GAS,1278.3594444444448,296.0,92.181
GAS,1311.692777777778,300.0,92.181
GAS,1331.7594444444449,301.0,92.181
GAS,1348.5372222222227,302.0,92.181
GAS,1375.470555555556,303.0,92.181
GAS,1392.3038888888893,303.0,92.181
GAS,1411.303888888889,285.0,92.181
GAS,1440.7594444444449,241.0,92.181
GAS,1461.981666666667,191.0,92.181
GAS,1469.7594444444449,175.0,92.181
GAS,1478.759444444445,162.0,92.181
GAS,1485.559444444445,153.0,92.181
GAS,1497.9150000000004,139.0,92.181
GAS,1505.5986111111115,139.0,92.181
GAS,1516.354166666667,121.0,92.181
GAS,1521.5986111111115,118.0,92.181
GAS,1529.3986111111114,117.0,92.181
GAS,1534.4208333333336,113.0,92.181
GAS,1546.0208333333335,116.0,92.181
GAS,1552.6091666666669,118.0,92.181
GAS,1559.5536111111112,125.0,92.181
GAS,1568.620277777778,136.0,92.181
GAS,1583.0202777777781,144.0,92.181
GAS,1601.7980555555557,169.0,92.181
GAS,1611.6313888888892,177.0,92.181
GAS,1624.1647222222225,188.0,92.181
GAS,1632.6980555555558,192.0,92.181
GAS,1648.1758333333337,199.0,92.181
GAS,1669.5758333333335,214.0,92.181
GAS,1679.0869444444447,214.0,92.181
GAS,1691.420277777778,222.0,92.181
GAS,1701.4647222222225,226.0,92.181
GAS,1724.7647222222224,233.0,92.181
GAS,1748.7647222222224,240.0,92.181
GAS,1776.320277777778,248.0,92.181
GAS,1793.0536111111112,251.0,92.181
GAS,1804.2091666666668,251.0,92.181
GAS,1817.431388888889,238.0,92.181
GAS,1832.631388888889,228.0,92.181
GAS,1849.216388888889,214.0,92.181
GAS,1860.9386111111112,211.0,92.181
GAS,1876.7275000000002,203.0,92.181
GAS,1887.8386111111113,200.0,92.181
GAS,1905.3497222222225,197.0,92.181
GAS,1930.0947222222223,202.0,92.181
GAS,1941.650277777778,208.0,92.181
GAS,1963.250277777778,216.0,92.181
GAS,1977.8502777777776,219.0,92.181
GAS,1992.583611111111,221.0,92.181
GAS,2004.861388888889,221.0,92.181
GAS,2017.2502777777777,223.0,92.181
GAS,2034.983611111111,228.0,92.181
GAS,2050.5169444444446,233.0,92.181
GAS,2060.916944444444,234.0,92.181
GAS,2076.8502777777776,239.0,92.181
GAS,2090.4058333333332,244.0,92.181
GAS,2106.939166666666,248.0,92.181
GAS,2129.2502777777772,251.0,92.181
GAS,2148.1836111111106,213.0,92.181
GAS,2164.2724999999996,181.0,92.181
GAS,2173.2169444444444,161.0,92.181
GAS,2186.3169444444443,131.0,92.181
GAS,2195.494722222222,118.0,92.181
GAS,2205.005833333333,107.0,92.181
GAS,2210.6724999999997,102.0,92.181
GAS,2215.1775,102.0,92.181
GAS,2220.5663888888885,97.0,92.181
GAS,2228.5663888888885,90.0,92.181
GAS,2232.4774999999995,88.0,92.181
GAS,2236.3441666666663,87.0,92.181
GAS,2244.444166666666,81.0,92.181
GAS,2251.488333333333,79.0,92.181
GAS,2257.8661111111105,82.0,92.181
GAS,2265.6883333333326,88.0,92.181
GAS,2272.921666666666,93.0,92.181
GAS,2277.3661111111105,100.0,92.181
GAS,2282.1661111111102,108.0,92.181
GAS,2292.8327777777768,120.0,92.181
GAS,2308.277222222221,139.0,92.181
GAS,2323.277222222221,150.0,92.181
GAS,2338.743888888888,174.0,92.181
GAS,2357.3438888888877,186.0,92.181
GAS,2374.76611111111,196.0,92.181
GAS,2385.9883333333323,202.0,92.181
GAS,2405.0105555555547,214.0,92.181
GAS,2432.3883333333324,224.0,92.181
GAS,2445.0549999999994,228.0,92.181
GAS,2465.943888888888,235.0,92.181
GAS,2476.56611111111,239.0,92.181
GAS,2490.0105555555547,242.0,92.181
GAS,2506.342222222221,246.0,92.181
GAS,2528.6533333333323,251.0,92.181
GAS,2554.353333333332,257.0,92.181
GAS,2571.6919444444434,259.0,92.181
GAS,2585.3030555555547,245.0,92.181
GAS,2600.7697222222214,232.0,92.181
GAS,2624.480833333332,194.0,92.181
GAS,2634.536388888888,181.0,92.181
GAS,2649.836388888888,153.0,92.181
GAS,2659.2363888888876,141.0,92.181
GAS,2664.969722222221,129.0,92.181
GAS,2676.569722222221,116.0,92.181
GAS,2682.569722222221,108.0,92.181
GAS,2688.069722222221,99.0,92.181
GAS,2693.347499999999,95.0,92.181
GAS,2700.1919444444434,88.0,92.181
GAS,2706.569722222221,82.0,92.181
GAS,2710.0808333333325,79.0,92.181
GAS,2716.836388888888,76.0,92.181
GAS,2720.8919444444437,73.0,92.181
GAS,2726.8808333333327,77.0,92.181
GAS,2732.214166666666,80.0,92.181
GAS,2736.991944444444,86.0,92.181
GAS,2743.325277777777,95.0,92.181
GAS,2759.0586111111106,118.0,92.181
GAS,2764.711944444444,128.0,92.181
GAS,2783.045277777777,150.0,92.181
GAS,2791.934166666666,160.0,92.181
GAS,2799.489722222221,170.0,92.181
GAS,2811.4727777777766,179.0,92.181
GAS,2835.794999999999,199.0,92.181
GAS,2847.2394444444435,206.0,92.181
GAS,2856.5283333333327,209.0,92.181
GAS,2873.561666666666,219.0,92.181
GAS,2885.894999999999,222.0,92.181
GAS,2898.672777777777,230.0,92.181
GAS,2911.728333333332,235.0,92.181
GAS,2922.394999999999,240.0,92.181
GAS,2933.1505555555545,242.0,92.181
GAS,2952.5172222222213,249.0,92.181
GAS,2963.6727777777774,251.0,92.181
GAS,2975.0061111111104,255.0,92.181
GAS,2995.2283333333326,260.0,92.181
GAS,3030.9616666666657,268.0,92.181
GAS,3061.6283333333326,276.0,92.181
GAS,3095.850555555555,280.0,92.181
GAS,3108.4283333333324,283.0,92.181
GAS,3124.3172222222215,286.0,92.181
GAS,3137.1172222222212,288.0,92.181
GAS,3149.961666666666,289.0,92.181
GAS,3172.750555555555,293.0,92.181
GAS,3202.0505555555546,293.0,92.181
GAS,3221.8344444444433,298.0,92.181
GAS,3255.389999999999,302.0,92.181
GAS,3272.2233333333324,303.0,92.181
GAS,3299.329999999999,304.0,92.181
GAS,3325.9966666666655,300.0,92.181
GAS,3343.329999999999,260.0,92.181
GAS,3359.0633333333326,236.0,92.181
GAS,3383.7522222222215,202.0,92.181
GAS,3404.307777777777,185.0,92.181
GAS,3420.0411111111102,177.0,92.181
GAS,3433.3411111111104,171.0,92.181
GAS,3440.807777777777,168.0,92.181
GAS,3453.407777777777,162.0,92.181
GAS,3464.4744444444436,166.0,92.181
GAS,3475.7411111111105,169.0,92.181
GAS,3490.763333333333,169.0,92.181
GAS,3505.9633333333327,171.0,92.181
GAS,3517.696666666666,176.0,92.181
GAS,3534.5855555555545,190.0,92.181
GAS,3549.829999999999,196.0,92.181
GAS,3572.7188888888877,206.0,92.181
GAS,3584.552222222221,213.0,92.181
GAS,3594.2855555555548,219.0,92.181
GAS,3614.2230555555543,225.0,92.181
GAS,3632.189722222221,231.0,92.181
GAS,3653.167499999999,236.0,92.181
GAS,3663.8561111111094,239.0,92.181
GAS,3680.1227777777767,244.0,92.181
GAS,3699.333888888888,247.0,92.181
GAS,3710.489444444443,251.0,92.181
GAS,3727.289444444443,252.0,92.181
GAS,3738.5783333333325,254.0,92.181
GAS,3758.333888888887,254.0,92.181
GAS,3787.1116666666653,259.0,92.181
GAS,3819.011666666665,261.0,92.181
GAS,3851.2783333333314,264.0,92.181
GAS,3865.9449999999983,264.0,92.181
GAS,3880.667222222221,265.0,92.181
GAS,3895.5005555555545,267.0,92.181
GAS,3907.367222222221,267.0,92.181
GAS,3919.278333333332,268.0,92.181
GAS,3943.1894444444433,269.0,92.181
GAS,3955.189444444443,270.0,92.181
GAS,3973.1894444444424,270.0,92.181
GAS,3987.411666666665,256.0,92.181
GAS,3998.2561111111095,244.0,92.181
GAS,4010.7561111111095,225.0,92.181
GAS,4022.2561111111095,207.0,92.181
GAS,4040.0561111111097,178.0,92.181
GAS,4049.3338888888875,167.0,92.181
GAS,4061.389444444443,155.0,92.181
GAS,4071.480555555554,152.0,92.181
GAS,4078.1027777777767,149.0,92.181
GAS,4090.9427777777764,144.0,92.181
GAS,4103.298333333331,139.0,92.181
GAS,4114.18722222222,140.0,92.181
GAS,4123.587222222221,141.0,92.181
GAS,4130.031666666665,145.0,92.181
GAS,4138.309444444443,149.0,92.181
GAS,4152.353888888887,158.0,92.181
GAS,4159.731666666665,166.0,92.181
GAS,4180.176111111109,184.0,92.181
GAS,4188.48722222222,187.0,92.181
GAS,4199.2649999999985,194.0,92.181
GAS,4217.309444444442,203.0,92.181
GAS,4238.909444444443,216.0,92.181
GAS,4256.409444444443,225.0,92.181
GAS,4266.498333333332,227.0,92.181
GAS,4276.809444444443,232.0,92.181
GAS,4289.698333333332,232.0,92.181
GAS,4308.520555555554,242.0,92.181
GAS,4319.364999999998,244.0,92.181
GAS,4330.38722222222,248.0,92.181
GAS,4352.876111111109,253.0,92.181
GAS,4367.098333333331,256.0,92.181
GAS,4387.320555555553,260.0,92.181
GAS,4407.776111111109,263.0,92.181
GAS,4428.620555555553,268.0,92.181
GAS,4443.600833333331,271.0,92.181
GAS,4461.734166666665,272.0,92.181
GAS,4483.277499999998,276.0,92.181
GAS,4498.666388888887,277.0,92.181
GAS,4523.644166666664,281.0,92.181
GAS,4542.510833333332,283.0,92.181
GAS,4558.344166666666,285.0,92.181
GAS,4571.055277777777,286.0,92.181
GAS,4583.810833333332,287.0,92.181
GAS,4671.710833333332,293.0,92.181
GAS,4701.110833333331,294.0,92.181
GAS,4730.610833333331,295.0,92.181
GAS,4753.633055555553,296.0,92.181
GAS,4773.29972222222,295.0,92.181
GAS,4793.59972222222,261.0,92.181
GAS,4809.933055555553,245.0,92.181
GAS,4821.59972222222,210.0,92.181
GAS,4835.521944444443,179.0,92.181
GAS,4846.655277777776,167.0,92.181
GAS,4861.055277777776,144.0,92.181
GAS,4870.188611111109,137.0,92.181
GAS,4878.721944444443,128.0,92.181
GAS,4885.666388888887,125.0,92.181
GAS,4895.233055555554,123.0,92.181
GAS,4900.488888888887,119.0,92.181
GAS,4909.699444444443,118.0,92.181
GAS,4917.832777777776,122.0,92.181
GAS,4924.8883333333315,127.0,92.181
GAS,4944.2216666666645,145.0,92.181
GAS,4952.499444444443,149.0,92.181
GAS,4967.16611111111,165.0,92.181
GAS,4974.854999999999,173.0,92.181
GAS,4989.243888888887,185.0,92.181
GAS,5002.110555555554,193.0,92.181
GAS,5017.821666666665,202.0,92.181
GAS,5038.821666666665,210.0,92.181
GAS,5053.354999999999,218.0,92.181
GAS,5063.0438888888875,218.0,92.181
GAS,5075.599444444443,226.0,92.181
GAS,5088.432777777776,231.0,92.181
GAS,5098.8772222222215,235.0,92.181
GAS,5114.810555555555,239.0,92.181
GAS,5128.310555555555,243.0,92.181
GAS,5147.677222222222,249.0,92.181
GAS,5176.121666666665,256.0,92.181
GAS,5193.454999999999,260.0,92.181
GAS,5208.06611111111,263.0,92.181
GAS,5222.788333333332,265.0,92.181
GAS,5240.655,268.0,92.181
GAS,5264.743888888888,271.0,92.181
GAS,5289.023333333333,274.0,92.181
GAS,5304.489166666665,277.0,92.181
GAS,5316.933611111111,280.0,92.181
GAS,5335.8002777777765,283.0,92.181
GAS,5364.500277777776,287.0,92.181
GAS,5383.766944444443,289.0,92.181
