Driver,Distance,Speed,LapTimeSec
LEC,19.133333333333333,280.0,70.27
LEC,47.43333333333334,283.0,70.27
LEC,69.67777777777778,286.0,70.27
LEC,91.92222222222222,286.0,70.27
LEC,109.92222222222222,270.0,70.27
LEC,135.46666666666667,209.0,70.27
LEC,147.86666666666665,186.0,70.27
LEC,160.0,156.0,70.27
LEC,167.7222222222222,139.0,70.27
LEC,175.16666666666666,134.0,70.27
LEC,180.72222222222223,125.0,70.27
LEC,187.38888888888889,120.0,70.27
LEC,195.1888888888889,117.0,70.27
LEC,204.36666666666667,118.0,70.27
LEC,213.7777777777778,121.0,70.27
LEC,221.00000000000003,130.0,70.27
LEC,227.0,135.0,70.27
LEC,237.06666666666666,151.0,70.27
LEC,246.01111111111112,161.0,70.27
LEC,255.45555555555558,170.0,70.27
LEC,273.25555555555553,178.0,70.27
LEC,297.7,200.0,70.27
LEC,306.76666666666665,204.0,70.27
LEC,320.9,212.0,70.27
LEC,330.45555555555546,215.0,70.27
LEC,350.3666666666666,224.0,70.27
LEC,365.6333333333333,229.0,70.27
LEC,383.83333333333337,234.0,70.27
LEC,402.4222222222222,239.0,70.27
LEC,435.22222222222223,246.0,70.27
LEC,454.7361111111111,250.0,70.27
LEC,465.86611111111114,252.0,70.27
LEC,491.56611111111107,257.0,70.27
LEC,503.03277777777777,258.0,70.27
LEC,517.4216666666666,259.0,70.27
LEC,546.755,264.0,70.27
LEC,576.3105555555555,266.0,70.27
LEC,588.2661111111111,269.0,70.27
LEC,612.2661111111111,270.0,70.27
LEC,624.2661111111111,270.0,70.27
LEC,636.3549999999999,272.0,70.27
LEC,655.9549999999998,252.0,70.27
LEC,666.8438888888887,245.0,70.27
LEC,686.4883333333332,221.0,70.27
LEC,698.2105555555554,211.0,70.27
LEC,715.8994444444443,199.0,70.27
LEC,726.677222222222,194.0,70.27
LEC,740.7549999999998,181.0,70.27
LEC,748.7105555555553,179.0,70.27
LEC,765.8105555555553,171.0,70.27
LEC,779.2661111111108,173.0,70.27
LEC,786.9994444444442,174.0,70.27
LEC,802.7327777777775,177.0,70.27
LEC,816.9661111111109,183.0,70.27
LEC,829.2994444444442,185.0,70.27
LEC,839.1883333333332,178.0,70.27
LEC,846.8327777777777,172.0,70.27
LEC,855.933611111111,163.0,70.27
LEC,864.9891666666666,163.0,70.27
LEC,878.103611111111,148.0,70.27
LEC,889.7702777777778,150.0,70.27
LEC,901.6702777777778,153.0,70.27
LEC,914.1147222222222,160.0,70.27
LEC,921.4925,166.0,70.27
LEC,935.1813888888887,176.0,70.27
LEC,954.3813888888886,192.0,70.27
LEC,963.0924999999997,196.0,70.27
LEC,974.4258333333332,204.0,70.27
LEC,988.5591666666664,212.0,70.27
LEC,1000.7258333333331,219.0,70.27
LEC,1010.5924999999997,222.0,70.27
LEC,1023.2036111111108,227.0,70.27
LEC,1040.9813888888887,200.0,70.27
LEC,1048.803611111111,176.0,70.27
LEC,1063.6924999999999,134.0,70.27
LEC,1075.6924999999999,108.0,70.27
LEC,1080.1813888888887,101.0,70.27
LEC,1084.4480555555554,96.0,70.27
LEC,1091.0591666666664,85.0,70.27
LEC,1094.6591666666664,81.0,70.27
LEC,1099.1036111111107,80.0,70.27
LEC,1105.1702777777773,78.0,70.27
LEC,1110.236944444444,76.0,70.27
LEC,1115.5702777777772,80.0,70.27
LEC,1122.439166666666,88.0,70.27
LEC,1127.4947222222215,91.0,70.27
LEC,1135.7872222222215,107.0,70.27
LEC,1155.431666666666,136.0,70.27
LEC,1169.1205555555548,154.0,70.27
LEC,1179.053888888888,149.0,70.27
LEC,1185.3205555555546,141.0,70.27
LEC,1196.8761111111103,104.0,70.27
LEC,1200.9205555555548,91.0,70.27
LEC,1206.9094444444436,77.0,70.27
LEC,1210.9094444444436,72.0,70.27
LEC,1214.5761111111103,66.0,70.27
LEC,1217.9649999999992,61.0,70.27
LEC,1221.0761111111103,56.0,70.27
LEC,1224.6094444444436,53.0,70.27
LEC,1227.4427777777769,51.0,70.27
LEC,1230.7094444444435,49.0,70.27
LEC,1232.753888888888,46.0,70.27
LEC,1236.0872222222213,50.0,70.27
LEC,1242.3094444444434,56.0,70.27
LEC,1245.6427777777767,60.0,70.27
LEC,1250.0427777777768,66.0,70.27
LEC,1254.9094444444434,73.0,70.27
LEC,1258.5538888888877,82.0,70.27
LEC,1262.4205555555543,87.0,70.27
LEC,1269.2205555555543,102.0,70.27
LEC,1275.1094444444432,106.0,70.27
LEC,1279.5538888888875,100.0,70.27
LEC,1288.779444444443,92.0,70.27
LEC,1292.5572222222208,85.0,70.27
LEC,1296.2672222222209,84.0,70.27
LEC,1306.4116666666653,83.0,70.27
LEC,1310.1005555555541,83.0,70.27
LEC,1314.7672222222209,84.0,70.27
LEC,1318.7672222222209,90.0,70.27
LEC,1329.2672222222209,105.0,70.27
LEC,1337.0005555555542,116.0,70.27
LEC,1348.467222222221,129.0,70.27
LEC,1356.467222222221,120.0,70.27
LEC,1362.578333333332,110.0,70.27
LEC,1368.189444444443,101.0,70.27
LEC,1373.6338888888874,98.0,70.27
LEC,1381.989444444443,94.0,70.27
LEC,1388.0561111111097,91.0,70.27
LEC,1395.0561111111097,90.0,70.27
LEC,1406.6672222222207,95.0,70.27
LEC,1416.4449999999986,110.0,70.27
LEC,1422.778333333332,114.0,70.27
LEC,1431.5783333333322,132.0,70.27
LEC,1439.578333333332,144.0,70.27
LEC,1451.6338888888877,155.0,70.27
LEC,1458.5227777777768,155.0,70.27
LEC,1470.1894444444433,175.0,70.27
LEC,1480.633888888888,188.0,70.27
LEC,1500.5891666666655,199.0,70.27
LEC,1514.522499999999,209.0,70.27
LEC,1533.8397222222213,218.0,70.27
LEC,1546.2841666666654,224.0,70.27
LEC,1569.5841666666654,233.0,70.27
LEC,1585.4508333333322,238.0,70.27
LEC,1601.5841666666656,242.0,70.27
LEC,1618.0508333333323,247.0,70.27
LEC,1637.650833333332,252.0,70.27
LEC,1648.9397222222212,254.0,70.27
LEC,1660.3174999999987,256.0,70.27
LEC,1677.6508333333322,260.0,70.27
LEC,1698.106388888888,263.0,70.27
LEC,1721.6619444444436,265.0,70.27
LEC,1733.52861111111,267.0,70.27
LEC,1757.52861111111,270.0,70.27
LEC,1778.7619444444433,273.0,70.27
LEC,1797.0952777777768,275.0,70.27
LEC,1812.539722222221,278.0,70.27
LEC,1837.4286111111098,280.0,70.27
LEC,1859.2841666666654,281.0,70.27
LEC,1878.2841666666657,285.0,70.27
LEC,1897.3508333333325,286.0,70.27
LEC,1919.595277777777,286.0,70.27
LEC,1932.3952777777768,288.0,70.27
LEC,1966.572777777777,279.0,70.27
LEC,1992.9727777777769,216.0,70.27
LEC,2008.5683333333325,176.0,70.27
LEC,2021.8683333333324,133.0,70.27
LEC,2029.8683333333322,120.0,70.27
LEC,2038.1127777777767,106.0,70.27
LEC,2050.112777777777,90.0,70.27
LEC,2053.890555555555,85.0,70.27
LEC,2058.390555555555,81.0,70.27
LEC,2063.5905555555546,78.0,70.27
LEC,2067.5905555555546,72.0,70.27
LEC,2073.812777777777,70.0,70.27
LEC,2078.74611111111,74.0,70.27
LEC,2083.134999999999,79.0,70.27
LEC,2091.134999999999,90.0,70.27
LEC,2095.134999999999,90.0,70.27
LEC,2108.134999999999,117.0,70.27
LEC,2123.6905555555545,140.0,70.27
LEC,2130.4016666666657,151.0,70.27
LEC,2137.5572222222213,161.0,70.27
LEC,2152.6683333333326,170.0,70.27
LEC,2171.3683333333324,187.0,70.27
LEC,2180.0349999999994,195.0,70.27
LEC,2193.234999999999,198.0,70.27
LEC,2209.704722222222,211.0,70.27
LEC,2232.004722222222,223.0,70.27
LEC,2247.2713888888884,229.0,70.27
LEC,2257.493611111111,230.0,70.27
LEC,2286.2725,236.0,70.27
LEC,2304.139166666667,201.0,70.27
LEC,2316.6058333333335,187.0,70.27
LEC,2330.5280555555555,179.0,70.27
LEC,2348.7280555555553,182.0,70.27
LEC,2356.950277777778,185.0,70.27
LEC,2374.2836111111114,195.0,70.27
LEC,2387.8169444444447,203.0,70.27
LEC,2404.2280555555553,211.0,70.27
LEC,2416.2280555555553,216.0,70.27
LEC,2426.094722222222,222.0,70.27
LEC,2436.005833333333,223.0,70.27
LEC,2459.205833333333,232.0,70.27
LEC,2472.150277777778,233.0,70.27
LEC,2493.2169444444444,237.0,70.27
LEC,2514.7280555555553,242.0,70.27
LEC,2536.7724999999996,248.0,70.27
LEC,2556.2169444444435,250.0,70.27
LEC,2601.4994444444433,177.0,70.27
LEC,2617.3994444444434,159.0,70.27
LEC,2624.06611111111,150.0,70.27
LEC,2633.66611111111,144.0,70.27
LEC,2639.8052777777766,139.0,70.27
LEC,2650.6163888888877,139.0,70.27
LEC,2665.2830555555543,132.0,70.27
LEC,2679.83861111111,131.0,70.27
LEC,2688.9052777777765,136.0,70.27
LEC,2696.9052777777765,144.0,70.27
LEC,2703.7052777777767,153.0,70.27
LEC,2714.5719444444435,163.0,70.27
LEC,2726.105277777777,173.0,70.27
LEC,2744.905277777777,188.0,70.27
LEC,2760.0719444444435,195.0,70.27
LEC,2769.005277777777,201.0,70.27
LEC,2782.805277777777,207.0,70.27
LEC,2801.994166666666,157.0,70.27
LEC,2814.260833333333,138.0,70.27
LEC,2820.4274999999993,111.0,70.27
LEC,2830.760833333333,93.0,70.27
LEC,2835.094166666666,78.0,70.27
LEC,2841.0497222222216,67.0,70.27
LEC,2844.494166666666,62.0,70.27
LEC,2847.2222222222217,61.0,70.27
LEC,2853.3222222222216,61.0,70.27
LEC,2856.8222222222216,63.0,70.27
LEC,2865.3777777777773,70.0,70.27
LEC,2873.754444444444,84.0,70.27
LEC,2879.954444444444,93.0,70.27
LEC,2887.965555555555,103.0,70.27
LEC,2894.743333333333,122.0,70.27
LEC,2903.0099999999998,124.0,70.27
LEC,2911.1766666666663,105.0,70.27
LEC,2915.6655555555553,101.0,70.27
LEC,2923.6655555555553,90.0,70.27
LEC,2929.332222222222,85.0,70.27
LEC,2936.7099999999996,83.0,70.27
LEC,2942.4433333333327,86.0,70.27
LEC,2946.487777777777,91.0,70.27
LEC,2954.265555555555,100.0,70.27
LEC,2960.154444444444,106.0,70.27
LEC,2967.0988888888883,125.0,70.27
LEC,2977.754444444444,137.0,70.27
LEC,2988.4211111111103,160.0,70.27
LEC,3005.8211111111104,174.0,70.27
LEC,3013.998888888888,184.0,70.27
LEC,3022.354444444444,188.0,70.27
LEC,3031.065555555555,196.0,70.27
LEC,3047.0877777777773,206.0,70.27
LEC,3061.213055555555,211.0,70.27
LEC,3070.9908333333324,220.0,70.27
LEC,3088.646388888888,227.0,70.27
LEC,3104.2463888888874,234.0,70.27
LEC,3131.46861111111,245.0,70.27
LEC,3162.1986111111096,252.0,70.27
LEC,3173.5763888888882,256.0,70.27
LEC,3190.9097222222213,260.0,70.27
LEC,3220.354166666666,265.0,70.27
LEC,3238.420833333332,271.0,70.27
PIA,7.230555555555556,274.0,70.424
PIA,22.730555555555554,279.0,70.424
PIA,54.06388888888888,282.0,70.424
PIA,85.84166666666667,286.0,70.424
PIA,98.375,282.0,70.424
PIA,119.44166666666666,237.0,70.424
PIA,128.775,210.0,70.424
PIA,137.0861111111111,187.0,70.424
PIA,149.9972222222222,166.0,70.424
PIA,157.06388888888887,159.0,70.424
PIA,169.15277777777774,136.0,70.424
PIA,176.43055555555551,131.0,70.424
PIA,187.54166666666663,125.0,70.424
PIA,194.3194444444444,122.0,70.424
PIA,203.7305555555555,121.0,70.424
PIA,209.28611111111107,125.0,70.424
PIA,222.48611111111106,132.0,70.424
PIA,233.6083333333333,143.0,70.424
PIA,240.4083333333333,153.0,70.424
PIA,255.16388888888883,166.0,70.424
PIA,269.08611111111105,179.0,70.424
PIA,281.55277777777775,187.0,70.424
PIA,292.3305555555555,194.0,70.424
PIA,301.21944444444443,200.0,70.424
PIA,312.77694444444444,207.0,70.424
PIA,324.5547222222222,212.0,70.424
PIA,343.9605555555555,219.0,70.424
PIA,361.4605555555555,225.0,70.424
PIA,379.58277777777766,233.0,70.424
PIA,398.016111111111,237.0,70.424
PIA,408.6827777777777,240.0,70.424
PIA,427.6605555555555,244.0,70.424
PIA,452.56055555555554,249.0,70.424
PIA,463.7605555555555,252.0,70.424
PIA,477.8716666666666,254.0,70.424
PIA,494.8716666666666,255.0,70.424
PIA,509.1494444444443,257.0,70.424
PIA,520.6605555555554,259.0,70.424
PIA,535.1605555555556,261.0,70.424
PIA,558.716111111111,265.0,70.424
PIA,570.5383333333332,266.0,70.424
PIA,600.316111111111,268.0,70.424
PIA,630.0938888888888,268.0,70.424
PIA,641.8716666666667,265.0,70.424
PIA,653.4272222222222,260.0,70.424
PIA,671.9383333333333,238.0,70.424
PIA,682.2938888888889,233.0,70.424
PIA,694.7938888888889,225.0,70.424
PIA,711.6716666666667,217.0,70.424
PIA,725.205,203.0,70.424
PIA,738.205,195.0,70.424
PIA,752.5672222222222,184.0,70.424
PIA,762.6227777777779,181.0,70.424
PIA,776.2627777777778,176.0,70.424
PIA,801.8294444444444,177.0,70.424
PIA,817.6516666666666,178.0,70.424
PIA,829.6516666666666,180.0,70.424
PIA,837.5627777777778,178.0,70.424
PIA,855.785,164.0,70.424
PIA,862.9405555555555,161.0,70.424
PIA,875.1516666666666,157.0,70.424
PIA,883.5961111111111,152.0,70.424
PIA,892.1516666666666,154.0,70.424
PIA,900.9294444444445,158.0,70.424
PIA,910.0961111111111,165.0,70.424
PIA,921.9627777777778,178.0,70.424
PIA,932.2405555555555,185.0,70.424
PIA,945.0405555555556,192.0,70.424
PIA,953.885,199.0,70.424
PIA,967.6183333333332,206.0,70.424
PIA,991.8405555555554,218.0,70.424
PIA,1004.285,224.0,70.424
PIA,1019.6849999999998,231.0,70.424
PIA,1033.6183333333333,209.0,70.424
PIA,1041.7516666666668,183.0,70.424
PIA,1049.3072222222222,170.0,70.424
PIA,1058.8405555555555,143.0,70.424
PIA,1065.8405555555555,126.0,70.424
PIA,1071.4405555555554,126.0,70.424
PIA,1082.07,106.0,70.424
PIA,1086.6033333333332,102.0,70.424
PIA,1090.9758333333332,99.0,70.424
PIA,1102.0980555555554,91.0,70.424
PIA,1106.053611111111,89.0,70.424
PIA,1110.8869444444442,87.0,70.424
PIA,1114.575833333333,83.0,70.424
PIA,1123.375833333333,88.0,70.424
PIA,1129.575833333333,93.0,70.424
PIA,1138.7313888888887,103.0,70.424
PIA,1146.1980555555554,112.0,70.424
PIA,1152.6424999999997,116.0,70.424
PIA,1160.0313888888886,133.0,70.424
PIA,1167.975833333333,143.0,70.424
PIA,1181.7536111111108,155.0,70.424
PIA,1190.2202777777775,127.0,70.424
PIA,1198.075833333333,101.0,70.424
PIA,1207.853611111111,80.0,70.424
PIA,1213.9869444444444,69.0,70.424
PIA,1217.5980555555554,65.0,70.424
PIA,1221.664722222222,61.0,70.424
PIA,1224.8313888888888,57.0,70.424
PIA,1229.0313888888888,54.0,70.424
PIA,1231.3425,52.0,70.424
PIA,1234.6758333333332,50.0,70.424
PIA,1237.2869444444443,47.0,70.424
PIA,1242.5013888888889,52.0,70.424
PIA,1246.1680555555556,55.0,70.424
PIA,1251.6619444444445,62.0,70.424
PIA,1255.5508333333335,70.0,70.424
PIA,1263.9508333333335,84.0,70.424
PIA,1270.5508333333337,99.0,70.424
PIA,1277.4175000000002,103.0,70.424
PIA,1284.1508333333336,101.0,70.424
PIA,1291.6175000000003,96.0,70.424
PIA,1295.7508333333337,93.0,70.424
PIA,1299.7952777777782,91.0,70.424
PIA,1305.5952777777782,87.0,70.424
PIA,1312.284166666667,86.0,70.424
PIA,1320.373055555556,91.0,70.424
PIA,1324.461944444445,92.0,70.424
PIA,1334.1508333333338,109.0,70.424
PIA,1343.5619444444449,121.0,70.424
PIA,1352.4286111111114,133.0,70.424
PIA,1359.1508333333336,121.0,70.424
PIA,1369.0175000000004,111.0,70.424
PIA,1377.1063888888893,104.0,70.424
PIA,1383.9063888888893,102.0,70.424
PIA,1390.4397222222226,98.0,70.424
PIA,1397.8286111111115,95.0,70.424
PIA,1402.0063888888892,94.0,70.424
PIA,1414.3788888888892,101.0,70.424
PIA,1428.556666666667,116.0,70.424
PIA,1439.9875000000002,129.0,70.424
PIA,1455.0875,151.0,70.424
PIA,1465.8208333333334,161.0,70.424
PIA,1479.4319444444445,175.0,70.424
PIA,1505.4319444444443,195.0,70.424
PIA,1514.2319444444445,198.0,70.424
PIA,1525.6208333333332,205.0,70.424
PIA,1539.8875,214.0,70.424
PIA,1552.1097222222224,220.0,70.424
PIA,1572.2875000000001,227.0,70.424
PIA,1587.7541666666664,232.0,70.424
PIA,1600.9208333333331,237.0,70.424
PIA,1622.3430555555553,241.0,70.424
PIA,1633.2763888888885,246.0,70.424
PIA,1661.3875,253.0,70.424
PIA,1689.9430555555555,257.0,70.424
PIA,1701.4986111111107,260.0,70.424
PIA,1713.098611111111,261.0,70.424
PIA,1736.6541666666667,265.0,70.424
PIA,1763.3541666666667,267.0,70.424
PIA,1775.309722222222,269.0,70.424
PIA,1793.4430555555555,272.0,70.424
PIA,1814.8302777777776,274.0,70.424
PIA,1842.5302777777777,277.0,70.424
PIA,1861.1302777777778,279.0,70.424
PIA,1873.5747222222226,280.0,70.424
PIA,1908.0850000000003,283.0,70.424
PIA,1933.329444444444,284.0,70.424
PIA,1952.196111111111,283.0,70.424
PIA,1974.0516666666665,281.0,70.424
PIA,1996.4516666666664,224.0,70.424
PIA,2005.8294444444443,211.0,70.424
PIA,2021.296111111111,174.0,70.424
PIA,2030.8961111111107,144.0,70.424
PIA,2040.3072222222218,121.0,70.424
PIA,2046.7516666666663,116.0,70.424
PIA,2051.5516666666663,108.0,70.424
PIA,2056.0405555555553,101.0,70.424
PIA,2065.0405555555553,90.0,70.424
PIA,2069.651666666666,83.0,70.424
PIA,2076.6738888888885,79.0,70.424
PIA,2083.1627777777776,73.0,70.424
PIA,2089.296111111111,69.0,70.424
PIA,2094.9738888888887,73.0,70.424
PIA,2121.836388888889,105.0,70.424
PIA,2134.736388888889,129.0,70.424
PIA,2140.4697222222226,129.0,70.424
PIA,2150.4697222222226,150.0,70.424
PIA,2157.2713888888893,154.0,70.424
PIA,2170.4158333333335,169.0,70.424
PIA,2191.1936111111117,187.0,70.424
PIA,2213.526944444445,201.0,70.424
PIA,2227.5936111111114,211.0,70.424
PIA,2239.6491666666666,217.0,70.424
PIA,2249.3825,219.0,70.424
PIA,2264.5158333333334,227.0,70.424
PIA,2279.9158333333335,231.0,70.424
PIA,2301.0158333333334,211.0,70.424
PIA,2316.4158333333335,198.0,70.424
PIA,2324.993611111111,193.0,70.424
PIA,2337.393611111111,186.0,70.424
PIA,2360.249166666667,187.0,70.424
PIA,2377.5825,195.0,70.424
PIA,2388.6936111111113,200.0,70.424
PIA,2412.1380555555556,211.0,70.424
PIA,2424.1380555555556,216.0,70.424
PIA,2444.0491666666667,224.0,70.424
PIA,2456.715833333333,228.0,70.424
PIA,2467.0466666666666,231.0,70.424
PIA,2490.5466666666666,235.0,70.424
PIA,2503.7133333333336,237.0,70.424
PIA,2533.5355555555557,244.0,70.424
PIA,2558.366388888889,249.0,70.424
PIA,2574.9663888888895,249.0,70.424
PIA,2594.1775000000007,247.0,70.424
PIA,2606.733055555556,226.0,70.424
PIA,2619.6663888888893,194.0,70.424
PIA,2633.355277777778,176.0,70.424
PIA,2640.866388888889,169.0,70.424
PIA,2654.821944444445,157.0,70.424
PIA,2664.7552777777782,149.0,70.424
PIA,2677.2886111111115,141.0,70.424
PIA,2686.621944444445,140.0,70.424
PIA,2692.6663888888893,136.0,70.424
PIA,2703.0108333333337,133.0,70.424
PIA,2710.455277777778,134.0,70.424
PIA,2718.0108333333337,136.0,70.424
PIA,2729.7552777777782,151.0,70.424
PIA,2740.488611111112,161.0,70.424
PIA,2758.488611111112,180.0,70.424
PIA,2766.621944444445,183.0,70.424
PIA,2774.888611111112,186.0,70.424
PIA,2783.5997222222227,196.0,70.424
PIA,2799.233055555556,201.0,70.424
PIA,2812.0863888888894,192.0,70.424
PIA,2820.1752777777783,182.0,70.424
PIA,2831.9975000000004,152.0,70.424
PIA,2840.1975000000007,123.0,70.424
PIA,2850.641944444445,94.0,70.424
PIA,2860.3975000000005,80.0,70.424
PIA,2863.7752777777782,76.0,70.424
PIA,2868.641944444445,73.0,70.424
PIA,2876.0863888888894,67.0,70.424
PIA,2880.153055555556,61.0,70.424
PIA,2887.375277777778,65.0,70.424
PIA,2895.486388888889,73.0,70.424
PIA,2900.9530555555557,82.0,70.424
PIA,2906.0641666666666,92.0,70.424
PIA,2910.4197222222224,98.0,70.424
PIA,2915.264166666667,109.0,70.424
PIA,2926.286388888889,124.0,70.424
PIA,2936.786388888889,105.0,70.424
PIA,2941.1863888888893,99.0,70.424
PIA,2945.4086111111114,95.0,70.424
PIA,2953.053055555556,86.0,70.424
PIA,2956.786388888889,84.0,70.424
PIA,2964.253055555556,84.0,70.424
PIA,2970.253055555556,90.0,70.424
PIA,2979.1419444444446,100.0,70.424
PIA,2985.395277777778,112.0,70.424
PIA,2993.5286111111113,122.0,70.424
PIA,3002.0619444444446,128.0,70.424
PIA,3017.6619444444445,156.0,70.424
PIA,3025.0397222222227,166.0,70.424
PIA,3041.0397222222223,180.0,70.424
PIA,3062.873888888889,197.0,70.424
PIA,3076.4738888888887,204.0,70.424
PIA,3093.196111111111,215.0,70.424
PIA,3115.8961111111107,227.0,70.424
PIA,3133.9405555555554,232.0,70.424
PIA,3149.940555555556,240.0,70.424
PIA,3160.7405555555556,243.0,70.424
PIA,3180.1072222222224,249.0,70.424
PIA,3205.6072222222224,255.0,70.424
PIA,3228.9849999999997,263.0,70.424
PIA,3240.8072222222218,266.0,70.424
PIA,3258.7405555555556,269.0,70.424
PIA,3279.8183333333336,271.0,70.424
PIA,3291.996111111111,274.0,70.424
SAI,17.95277777777778,281.0,70.518
SAI,33.730555555555554,284.0,70.518
SAI,55.97305555555555,287.0,70.518
SAI,97.7175,289.0,70.518
SAI,117.71749999999999,225.0,70.518
SAI,130.85083333333333,197.0,70.518
SAI,138.53972222222222,173.0,70.518
SAI,154.4286111111111,143.0,70.518
SAI,160.47305555555553,136.0,70.518
SAI,170.35083333333333,127.0,70.518
SAI,176.96194444444444,119.0,70.518
SAI,183.5175,118.0,70.518
SAI,189.9063888888889,115.0,70.518
SAI,196.4063888888889,117.0,70.518
SAI,204.53972222222222,122.0,70.518
SAI,211.70638888888888,129.0,70.518
SAI,220.97305555555556,139.0,70.518
SAI,227.63972222222225,150.0,70.518
SAI,237.97305555555556,155.0,70.518
SAI,257.63972222222225,177.0,70.518
SAI,267.9175,185.0,70.518
SAI,280.71750000000003,192.0,70.518
SAI,294.18416666666667,202.0,70.518
SAI,303.2952777777778,205.0,70.518
SAI,312.5841666666667,209.0,70.518
SAI,326.7841666666667,213.0,70.518
SAI,339.06194444444446,221.0,70.518
SAI,349.0619444444444,225.0,70.518
SAI,372.52694444444444,234.0,70.518
SAI,382.9713888888889,235.0,70.518
SAI,393.57138888888886,240.0,70.518
SAI,423.63805555555547,246.0,70.518
SAI,434.70472222222213,249.0,70.518
SAI,448.7047222222221,252.0,70.518
SAI,459.90472222222206,252.0,70.518
SAI,485.50472222222214,256.0,70.518
SAI,502.70472222222213,258.0,70.518
SAI,526.0824999999998,263.0,70.518
SAI,543.7491666666664,265.0,70.518
SAI,558.5269444444442,266.0,70.518
SAI,573.4713888888886,269.0,70.518
SAI,588.3602777777775,268.0,70.518
SAI,612.3602777777774,270.0,70.518
SAI,630.0936111111107,266.0,70.518
SAI,649.6936111111108,252.0,70.518
SAI,676.7047222222219,221.0,70.518
SAI,694.9269444444442,205.0,70.518
SAI,705.9824999999997,199.0,70.518
SAI,718.8491666666664,193.0,70.518
SAI,729.1824999999997,186.0,70.518
SAI,743.104722222222,179.0,70.518
SAI,750.8380555555553,174.0,70.518
SAI,762.1713888888887,170.0,70.518
SAI,771.3936111111109,166.0,70.518
SAI,788.3405555555554,169.0,70.518
SAI,799.8738888888887,173.0,70.518
SAI,816.001111111111,182.0,70.518
SAI,825.9455555555554,179.0,70.518
SAI,842.4455555555555,165.0,70.518
SAI,853.0455555555556,159.0,70.518
SAI,863.1122222222222,151.0,70.518
SAI,873.0455555555556,149.0,70.518
SAI,884.6344444444445,149.0,70.518
SAI,891.3900000000001,152.0,70.518
SAI,898.3233333333335,156.0,70.518
SAI,909.4566666666667,167.0,70.518
SAI,922.9900000000001,174.0,70.518
SAI,940.0566666666668,192.0,70.518
SAI,948.6788888888891,194.0,70.518
SAI,966.9011111111114,205.0,70.518
SAI,983.3900000000001,212.0,70.518
SAI,998.0566666666668,220.0,70.518
SAI,1010.7233333333335,228.0,70.518
SAI,1028.8566666666668,204.0,70.518
SAI,1041.6900000000003,165.0,70.518
SAI,1051.3566666666668,145.0,70.518
SAI,1060.4900000000002,137.0,70.518
SAI,1068.9677777777779,109.0,70.518
SAI,1073.367777777778,99.0,70.518
SAI,1084.147777777778,88.0,70.518
SAI,1093.6811111111112,78.0,70.518
SAI,1100.2383333333335,74.0,70.518
SAI,1108.4383333333335,82.0,70.518
SAI,1114.4383333333335,90.0,70.518
SAI,1122.0605555555558,98.0,70.518
SAI,1138.593888888889,124.0,70.518
SAI,1144.6383333333333,136.0,70.518
SAI,1152.9161111111111,149.0,70.518
SAI,1163.516111111111,159.0,70.518
SAI,1171.793888888889,149.0,70.518
SAI,1181.6605555555557,111.0,70.518
SAI,1188.2605555555558,99.0,70.518
SAI,1193.0383333333336,86.0,70.518
SAI,1199.4383333333337,72.0,70.518
SAI,1202.2827777777782,64.0,70.518
SAI,1208.3938888888893,55.0,70.518
SAI,1213.8383333333338,49.0,70.518
SAI,1216.0161111111115,49.0,70.518
SAI,1218.1938888888892,49.0,70.518
SAI,1222.1050000000002,44.0,70.518
SAI,1226.8050000000003,47.0,70.518
SAI,1228.982777777778,49.0,70.518
SAI,1232.7161111111113,56.0,70.518
SAI,1237.867777777778,66.0,70.518
SAI,1245.4677777777779,76.0,70.518
SAI,1251.667777777778,93.0,70.518
SAI,1256.1122222222223,100.0,70.518
SAI,1268.3066666666666,100.0,70.518
SAI,1276.5733333333333,93.0,70.518
SAI,1282.7733333333333,93.0,70.518
SAI,1289.54,87.0,70.518
SAI,1298.1399999999999,86.0,70.518
SAI,1301.9622222222222,86.0,70.518
SAI,1310.2288888888888,93.0,70.518
SAI,1317.2955555555554,106.0,70.518
SAI,1326.862222222222,123.0,70.518
SAI,1334.0844444444442,130.0,70.518
SAI,1339.9066666666665,131.0,70.518
SAI,1345.2844444444443,121.0,70.518
SAI,1356.2844444444443,110.0,70.518
SAI,1362.062222222222,104.0,70.518
SAI,1370.4177777777775,94.0,70.518
SAI,1378.4177777777775,90.0,70.518
SAI,1386.5066666666664,91.0,70.518
SAI,1393.973333333333,96.0,70.518
SAI,1424.6733333333332,120.0,70.518
SAI,1440.4733333333331,158.0,70.518
SAI,1447.7177777777774,163.0,70.518
SAI,1459.5844444444442,178.0,70.518
SAI,1467.446111111111,178.0,70.518
SAI,1482.5349999999999,194.0,70.518
SAI,1505.5349999999999,207.0,70.518
SAI,1529.646111111111,217.0,70.518
SAI,1544.5794444444443,224.0,70.518
SAI,1557.3016666666667,229.0,70.518
SAI,1567.6127777777776,232.0,70.518
SAI,1583.4794444444444,238.0,70.518
SAI,1599.679444444444,243.0,70.518
SAI,1624.3794444444445,247.0,70.518
SAI,1643.9794444444442,252.0,70.518
SAI,1655.3572222222222,256.0,70.518
SAI,1672.5572222222222,258.0,70.518
SAI,1704.8238888888886,264.0,70.518
SAI,1728.2905555555553,264.0,70.518
SAI,1743.2349999999994,269.0,70.518
SAI,1773.235,270.0,70.518
SAI,1788.5127777777773,275.0,70.518
SAI,1813.1349999999995,277.0,70.518
SAI,1828.5238888888887,277.0,70.518
SAI,1841.1355555555554,282.0,70.518
SAI,1869.3355555555554,282.0,70.518
SAI,1885.1133333333328,284.0,70.518
SAI,1919.9466666666665,285.0,70.518
SAI,1948.666666666666,288.0,70.518
SAI,1965.1999999999996,248.0,70.518
SAI,1983.4777777777774,235.0,70.518
SAI,1994.1999999999998,193.0,70.518
SAI,2004.7999999999995,159.0,70.518
SAI,2015.144444444444,133.0,70.518
SAI,2020.744444444444,126.0,70.518
SAI,2030.344444444444,108.0,70.518
SAI,2036.8111111111104,97.0,70.518
SAI,2044.7222222222215,89.0,70.518
SAI,2050.6555555555547,89.0,70.518
SAI,2054.3444444444435,83.0,70.518
SAI,2060.177777777777,75.0,70.518
SAI,2064.177777777777,72.0,70.518
SAI,2068.0666666666657,70.0,70.518
SAI,2073.7444444444436,73.0,70.518
SAI,2078.81111111111,76.0,70.518
SAI,2088.1111111111104,93.0,70.518
SAI,2092.4666666666662,98.0,70.518
SAI,2097.355555555555,110.0,70.518
SAI,2102.5111111111105,116.0,70.518
SAI,2112.9333333333325,134.0,70.518
SAI,2123.0419444444437,151.0,70.518
SAI,2129.930833333333,155.0,70.518
SAI,2143.153055555555,170.0,70.518
SAI,2155.0197222222214,178.0,70.518
SAI,2176.575277777777,194.0,70.518
SAI,2202.18361111111,210.0,70.518
SAI,2211.516944444443,210.0,70.518
SAI,2226.3169444444434,222.0,70.518
SAI,2251.7613888888877,229.0,70.518
SAI,2267.4947222222213,236.0,70.518
SAI,2289.9391666666656,202.0,70.518
SAI,2310.605833333332,186.0,70.518
SAI,2322.4058333333323,177.0,70.518
SAI,2332.2947222222215,178.0,70.518
SAI,2340.2947222222215,180.0,70.518
SAI,2348.561388888888,186.0,70.518
SAI,2365.8058333333324,194.0,70.518
SAI,2386.6058333333326,208.0,70.518
SAI,2395.9391666666656,210.0,70.518
SAI,2405.5391666666656,216.0,70.518
SAI,2425.272499999999,222.0,70.518
SAI,2435.228055555555,224.0,70.518
SAI,2455.761388888888,231.0,70.518
SAI,2471.361388888888,234.0,70.518
SAI,2492.5169444444437,238.0,70.518
SAI,2505.9727777777766,241.0,70.518
SAI,2522.30611111111,245.0,70.518
SAI,2538.772777777777,247.0,70.518
SAI,2563.9727777777766,252.0,70.518
SAI,2575.1283333333317,251.0,70.518
SAI,2593.172777777776,203.0,70.518
SAI,2612.125277777776,171.0,70.518
SAI,2622.658611111109,158.0,70.518
SAI,2634.0919444444426,147.0,70.518
SAI,2648.2919444444424,142.0,70.518
SAI,2659.258611111109,141.0,70.518
SAI,2668.1919444444425,134.0,70.518
SAI,2674.2363888888867,136.0,70.518
SAI,2684.7363888888867,135.0,70.518
SAI,2699.536388888887,148.0,70.518
SAI,2713.936388888887,162.0,70.518
SAI,2721.358611111109,167.0,70.518
SAI,2733.358611111109,180.0,70.518
SAI,2748.2919444444424,192.0,70.518
SAI,2756.8252777777757,192.0,70.518
SAI,2765.5808333333316,197.0,70.518
SAI,2781.7586111111095,208.0,70.518
SAI,2805.5919444444426,195.0,70.518
SAI,2815.1919444444425,144.0,70.518
SAI,2822.080833333331,124.0,70.518
SAI,2830.819166666665,98.0,70.518
SAI,2839.5969444444427,79.0,70.518
SAI,2843.763611111109,75.0,70.518
SAI,2851.2080555555535,67.0,70.518
SAI,2858.8905555555534,63.0,70.518
SAI,2862.279444444442,61.0,70.518
SAI,2867.2572222222198,64.0,70.518
SAI,2870.101666666664,64.0,70.518
SAI,2874.901666666664,72.0,70.518
SAI,2880.2349999999974,80.0,70.518
SAI,2890.2349999999974,100.0,70.518
SAI,2894.9461111111086,106.0,70.518
SAI,2900.0572222222195,115.0,70.518
SAI,2905.390555555553,120.0,70.518
SAI,2911.5572222222195,111.0,70.518
SAI,2918.3572222222197,102.0,70.518
SAI,2926.890555555553,96.0,70.518
SAI,2934.623888888886,87.0,70.518
SAI,2941.079444444442,83.0,70.518
SAI,2946.6127777777756,83.0,70.518
SAI,2958.3461111111087,96.0,70.518
SAI,2964.179444444442,105.0,70.518
SAI,2975.290555555553,125.0,70.518
SAI,2981.379444444442,137.0,70.518
SAI,2995.021944444442,153.0,70.518
SAI,3002.310833333331,164.0,70.518
SAI,3011.6441666666647,168.0,70.518
SAI,3025.7997222222198,182.0,70.518
SAI,3034.2441666666646,190.0,70.518
SAI,3057.133055555553,206.0,70.518
SAI,3076.333055555553,216.0,70.518
SAI,3086.1997222222194,222.0,70.518
SAI,3096.13722222222,225.0,70.518
SAI,3114.259444444441,233.0,70.518
SAI,3127.537222222219,239.0,70.518
SAI,3143.8038888888864,244.0,70.518
SAI,3169.003888888886,252.0,70.518
SAI,3194.8038888888864,258.0,70.518
SAI,3212.003888888886,258.0,70.518
SAI,3226.6149999999975,263.0,70.518
SAI,3250.34833333333,267.0,70.518
SAI,3265.403888888886,271.0,70.518
SAI,3277.4927777777743,272.0,70.518
NOR,16.636666666666667,276.0,70.542
NOR,32.19222222222222,280.0,70.542
NOR,44.72555555555555,282.0,70.542
NOR,73.30472222222221,285.0,70.542
NOR,86.06027777777777,287.0,70.542
NOR,98.64777777777776,285.0,70.542
NOR,127.61444444444444,237.0,70.542
NOR,138.14777777777778,237.0,70.542
NOR,148.5922222222222,188.0,70.542
NOR,156.05888888888887,168.0,70.542
NOR,169.85888888888886,138.0,70.542
NOR,178.72555555555553,133.0,70.542
NOR,189.83666666666664,125.0,70.542
NOR,197.76999999999998,119.0,70.542
NOR,204.3811111111111,119.0,70.542
NOR,210.9922222222222,119.0,70.542
NOR,217.93666666666664,125.0,70.542
NOR,229.66999999999996,132.0,70.542
NOR,239.2033333333333,143.0,70.542
NOR,251.49222222222218,158.0,70.542
NOR,273.0033333333333,176.0,70.542
NOR,289.62555555555554,187.0,70.542
NOR,300.62555555555554,198.0,70.542
NOR,314.02555555555557,201.0,70.542
NOR,325.63666666666666,209.0,70.542
NOR,342.51444444444445,217.0,70.542
NOR,352.2477777777778,219.0,70.542
NOR,367.31444444444446,226.0,70.542
NOR,380.14777777777783,231.0,70.542
NOR,403.91361111111115,237.0,70.542
NOR,419.9802777777778,241.0,70.542
NOR,441.7786111111111,246.0,70.542
NOR,455.61194444444453,249.0,70.542
NOR,481.0119444444445,254.0,70.542
NOR,498.14527777777784,257.0,70.542
NOR,515.2786111111112,257.0,70.542
NOR,532.6119444444446,260.0,70.542
NOR,553.0675000000001,263.0,70.542
NOR,564.756388888889,263.0,70.542
NOR,576.5786111111112,266.0,70.542
NOR,594.3119444444445,266.0,70.542
NOR,615.0786111111112,267.0,70.542
NOR,638.6341666666667,265.0,70.542
NOR,650.1008333333334,258.0,70.542
NOR,671.6119444444446,242.0,70.542
NOR,689.3452777777779,228.0,70.542
NOR,703.3452777777779,210.0,70.542
NOR,714.5675000000001,202.0,70.542
NOR,731.7230555555557,193.0,70.542
NOR,746.1897222222224,186.0,70.542
NOR,758.1897222222223,180.0,70.542
NOR,769.7897222222223,174.0,70.542
NOR,783.3230555555557,174.0,70.542
NOR,790.8786111111112,170.0,70.542
NOR,812.8061111111111,179.0,70.542
NOR,834.9283333333333,181.0,70.542
NOR,849.8149999999999,168.0,70.542
NOR,865.5149999999999,157.0,70.542
NOR,875.6483333333332,152.0,70.542
NOR,887.2372222222222,149.0,70.542
NOR,907.6372222222221,153.0,70.542
NOR,914.7038888888889,159.0,70.542
NOR,924.1483333333333,170.0,70.542
NOR,935.6816666666667,173.0,70.542
NOR,946.015,186.0,70.542
NOR,963.4372222222222,196.0,70.542
NOR,977.1705555555554,206.0,70.542
NOR,989.0038888888889,213.0,70.542
NOR,1008.2038888888887,216.0,70.542
NOR,1018.2038888888887,225.0,70.542
NOR,1041.8705555555555,213.0,70.542
NOR,1059.9816666666666,163.0,70.542
NOR,1066.2483333333332,141.0,70.542
NOR,1072.1149999999998,132.0,70.542
NOR,1081.9816666666666,111.0,70.542
NOR,1091.7816666666665,98.0,70.542
NOR,1095.915,93.0,70.542
NOR,1101.9816666666666,91.0,70.542
NOR,1108.8505555555555,88.0,70.542
NOR,1117.1505555555555,83.0,70.542
NOR,1122.6172222222222,82.0,70.542
NOR,1126.4838888888887,87.0,70.542
NOR,1138.678333333333,100.0,70.542
NOR,1148.8116666666665,114.0,70.542
NOR,1157.8116666666665,135.0,70.542
NOR,1169.167222222222,146.0,70.542
NOR,1183.567222222222,144.0,70.542
NOR,1189.7005555555554,138.0,70.542
NOR,1198.6783333333333,101.0,70.542
NOR,1204.745,91.0,70.542
NOR,1210.656111111111,76.0,70.542
NOR,1214.7116666666664,73.0,70.542
NOR,1217.6894444444442,67.0,70.542
NOR,1220.5783333333331,65.0,70.542
NOR,1226.2783333333332,57.0,70.542
NOR,1229.2783333333332,54.0,70.542
NOR,1233.7227777777775,50.0,70.542
NOR,1237.9894444444442,48.0,70.542
NOR,1242.1672222222219,47.0,70.542
NOR,1246.0561111111108,50.0,70.542
NOR,1267.034444444444,82.0,70.542
NOR,1276.834444444444,98.0,70.542
NOR,1281.4566666666663,104.0,70.542
NOR,1288.1233333333328,100.0,70.542
NOR,1292.4516666666661,98.0,70.542
NOR,1299.6849999999995,93.0,70.542
NOR,1309.9072222222217,92.0,70.542
NOR,1319.351666666666,85.0,70.542
NOR,1325.151666666666,87.0,70.542
NOR,1330.3183333333327,93.0,70.542
NOR,1334.6294444444438,97.0,70.542
NOR,1341.6961111111104,106.0,70.542
NOR,1349.8961111111105,123.0,70.542
NOR,1362.7961111111106,129.0,70.542
NOR,1371.6627777777771,114.0,70.542
NOR,1376.462777777777,108.0,70.542
NOR,1383.1961111111104,101.0,70.542
NOR,1394.562777777777,93.0,70.542
NOR,1402.4738888888883,89.0,70.542
NOR,1407.4738888888883,90.0,70.542
NOR,1417.9183333333326,94.0,70.542
NOR,1423.751666666666,105.0,70.542
NOR,1434.7738888888882,124.0,70.542
NOR,1442.2738888888882,135.0,70.542
NOR,1448.6244444444435,142.0,70.542
NOR,1464.7244444444439,161.0,70.542
NOR,1474.2244444444436,171.0,70.542
NOR,1497.2022222222213,188.0,70.542
NOR,1517.4458333333325,203.0,70.542
NOR,1531.379166666666,209.0,70.542
NOR,1548.3347222222214,218.0,70.542
NOR,1560.7236111111101,223.0,70.542
NOR,1575.7236111111104,225.0,70.542
NOR,1594.0013888888882,235.0,70.542
NOR,1604.6236111111102,239.0,70.542
NOR,1626.401388888888,245.0,70.542
NOR,1642.9347222222216,248.0,70.542
NOR,1665.5124999999994,254.0,70.542
NOR,1682.6458333333328,257.0,70.542
NOR,1694.201388888888,260.0,70.542
NOR,1714.579166666666,262.0,70.542
NOR,1729.1902777777773,263.0,70.542
NOR,1743.9124999999992,265.0,70.542
NOR,1764.7569444444437,268.0,70.542
NOR,1782.8236111111105,271.0,70.542
NOR,1810.1236111111104,273.0,70.542
NOR,1822.3902777777769,276.0,70.542
NOR,1834.6569444444438,276.0,70.542
NOR,1847.0124999999991,278.0,70.542
NOR,1868.790277777777,280.0,70.542
NOR,1887.6016666666658,281.0,70.542
NOR,1900.1794444444438,283.0,70.542
NOR,1922.2683333333327,284.0,70.542
NOR,1941.2016666666657,284.0,70.542
NOR,1972.5349999999994,282.0,70.542
NOR,1999.6066666666657,222.0,70.542
NOR,2008.4066666666658,198.0,70.542
NOR,2019.8733333333325,172.0,70.542
NOR,2035.428888888888,140.0,70.542
NOR,2042.828888888888,111.0,70.542
NOR,2054.0511111111105,101.0,70.542
NOR,2064.1622222222213,91.0,70.542
NOR,2069.6955555555546,83.0,70.542
NOR,2074.139999999999,80.0,70.542
NOR,2077.6066666666657,78.0,70.542
NOR,2080.8066666666655,72.0,70.542
NOR,2087.0288888888876,70.0,70.542
NOR,2094.5288888888876,75.0,70.542
NOR,2097.9955555555543,78.0,70.542
NOR,2101.5955555555543,81.0,70.542
NOR,2110.484444444443,100.0,70.542
NOR,2115.15111111111,105.0,70.542
NOR,2125.9066666666654,121.0,70.542
NOR,2135.0399999999986,137.0,70.542
NOR,2148.6399999999985,153.0,70.542
NOR,2157.1824999999985,153.0,70.542
NOR,2168.649166666665,172.0,70.542
NOR,2180.9824999999987,185.0,70.542
NOR,2200.5824999999986,196.0,70.542
NOR,2209.6047222222205,203.0,70.542
NOR,2228.1824999999985,209.0,70.542
NOR,2253.0091666666654,224.0,70.542
NOR,2268.342499999999,230.0,70.542
NOR,2286.3869444444435,232.0,70.542
NOR,2306.4869444444435,201.0,70.542
NOR,2320.95361111111,186.0,70.542
NOR,2333.15361111111,183.0,70.542
NOR,2341.0647222222215,178.0,70.542
NOR,2355.0647222222215,180.0,70.542
NOR,2374.1647222222214,191.0,70.542
NOR,2391.8536111111102,199.0,70.542
NOR,2400.920277777777,204.0,70.542
NOR,2414.9869444444435,211.0,70.542
NOR,2432.0202777777768,219.0,70.542
NOR,2441.975833333332,224.0,70.542
NOR,2452.0202777777768,226.0,70.542
NOR,2469.9869444444435,231.0,70.542
NOR,2499.0758333333324,238.0,70.542
NOR,2515.0758333333324,240.0,70.542
NOR,2528.5202777777768,242.0,70.542
NOR,2550.5444444444433,247.0,70.542
NOR,2578.3222222222216,250.0,70.542
NOR,2591.877777777777,244.0,70.542
NOR,2613.7666666666655,197.0,70.542
NOR,2633.5216666666656,162.0,70.542
NOR,2642.0772222222213,154.0,70.542
NOR,2653.5105555555547,147.0,70.542
NOR,2659.9105555555543,144.0,70.542
NOR,2669.177222222221,139.0,70.542
NOR,2678.1105555555546,134.0,70.542
NOR,2691.5105555555547,134.0,70.542
NOR,2697.2883333333325,130.0,70.542
NOR,2703.2438888888883,134.0,70.542
NOR,2709.4216666666657,139.0,70.542
NOR,2717.754999999999,150.0,70.542
NOR,2728.754999999999,165.0,70.542
NOR,2744.5772222222213,178.0,70.542
NOR,2761.3772222222215,189.0,70.542
NOR,2776.777222222221,198.0,70.542
NOR,2790.177222222221,201.0,70.542
NOR,2811.4438888888876,174.0,70.542
NOR,2819.8327777777768,151.0,70.542
NOR,2830.4994444444433,120.0,70.542
NOR,2835.521666666665,113.0,70.542
NOR,2843.814166666665,93.0,70.542
NOR,2847.680833333332,87.0,70.542
NOR,2852.2363888888876,82.0,70.542
NOR,2858.069722222221,75.0,70.542
NOR,2861.3141666666656,73.0,70.542
NOR,2868.4252777777765,64.0,70.542
NOR,2874.0252777777764,63.0,70.542
NOR,2876.869722222221,64.0,70.542
NOR,2879.6963888888877,64.0,70.542
NOR,2884.9852777777764,68.0,70.542
NOR,2889.3186111111095,78.0,70.542
NOR,2895.1186111111097,87.0,70.542
NOR,2905.91861111111,108.0,70.542
NOR,2918.31861111111,124.0,70.542
NOR,2925.51861111111,108.0,70.542
NOR,2931.074166666666,100.0,70.542
NOR,2939.3408333333323,93.0,70.542
NOR,2944.2852777777766,89.0,70.542
NOR,2948.0630555555545,85.0,70.542
NOR,2956.5630555555545,85.0,70.542
NOR,2960.51861111111,89.0,70.542
NOR,2968.8741666666656,94.0,70.542
NOR,2980.5741666666654,117.0,70.542
NOR,2989.240833333332,130.0,70.542
NOR,3000.5963888888873,146.0,70.542
NOR,3011.0630555555545,157.0,70.542
NOR,3028.711944444443,176.0,70.542
NOR,3038.9897222222207,185.0,70.542
NOR,3047.3897222222213,189.0,70.542
NOR,3060.8563888888875,202.0,70.542
NOR,3084.7452777777758,215.0,70.542
NOR,3107.2452777777767,225.0,70.542
NOR,3125.2897222222205,232.0,70.542
NOR,3138.279999999999,235.0,70.542
NOR,3151.7244444444427,242.0,70.542
NOR,3162.7022222222213,247.0,70.542
NOR,3173.768888888888,249.0,70.542
NOR,3185.013333333332,253.0,70.542
NOR,3202.079999999998,256.0,70.542
NOR,3213.679999999999,261.0,70.542
NOR,3231.146666666665,262.0,70.542
NOR,3245.868888888888,265.0,70.542
NOR,3257.824444444443,269.0,70.542
NOR,3275.8911111111092,271.0,70.542
RUS,19.505,282.0,70.543
RUS,44.66055555555555,283.0,70.543
RUS,70.34055555555555,288.0,70.543
RUS,98.44055555555555,281.0,70.543
RUS,116.25166666666667,229.0,70.543
RUS,129.65166666666667,201.0,70.543
RUS,141.51833333333332,178.0,70.543
RUS,151.51833333333332,150.0,70.543
RUS,163.4294444444444,134.0,70.543
RUS,169.07388888888886,127.0,70.543
RUS,180.0072222222222,123.0,70.543
RUS,191.8072222222222,118.0,70.543
RUS,197.14055555555552,120.0,70.543
RUS,211.36277777777775,128.0,70.543
RUS,217.49611111111108,138.0,70.543
RUS,231.0072222222222,152.0,70.543
RUS,247.70722222222216,167.0,70.543
RUS,255.52944444444438,176.0,70.543
RUS,263.6627777777777,183.0,70.543
RUS,276.3294444444444,190.0,70.543
RUS,287.27388888888885,197.0,70.543
RUS,303.29611111111103,206.0,70.543
RUS,324.69611111111107,214.0,70.543
RUS,341.9627777777778,222.0,70.543
RUS,367.45444444444445,230.0,70.543
RUS,396.7319444444444,239.0,70.543
RUS,418.5986111111111,246.0,70.543
RUS,432.4319444444444,249.0,70.543
RUS,452.1097222222223,253.0,70.543
RUS,480.5541666666666,256.0,70.543
RUS,494.9430555555556,259.0,70.543
RUS,524.276388888889,264.0,70.543
RUS,536.0097222222222,264.0,70.543
RUS,547.7430555555555,264.0,70.543
RUS,565.3430555555556,264.0,70.543
RUS,585.876388888889,264.0,70.543
RUS,603.476388888889,264.0,70.543
RUS,615.4319444444444,269.0,70.543
RUS,627.3874999999999,269.0,70.543
RUS,639.0319444444444,262.0,70.543
RUS,653.0319444444445,252.0,70.543
RUS,671.2319444444445,234.0,70.543
RUS,681.1875,224.0,70.543
RUS,695.5208333333334,215.0,70.543
RUS,704.6763888888889,206.0,70.543
RUS,721.9208333333333,194.0,70.543
RUS,730.5430555555556,194.0,70.543
RUS,742.6097222222222,181.0,70.543
RUS,754.2097222222222,174.0,70.543
RUS,775.8430555555557,177.0,70.543
RUS,789.7652777777779,179.0,70.543
RUS,801.9808333333334,184.0,70.543
RUS,810.2030555555557,185.0,70.543
RUS,826.5205555555558,183.0,70.543
RUS,839.4316666666668,166.0,70.543
RUS,854.9316666666668,155.0,70.543
RUS,869.9316666666668,150.0,70.543
RUS,885.3316666666668,154.0,70.543
RUS,898.0094444444446,163.0,70.543
RUS,905.6538888888891,172.0,70.543
RUS,917.7205555555558,181.0,70.543
RUS,926.0761111111112,188.0,70.543
RUS,948.5205555555558,202.0,70.543
RUS,957.6316666666669,205.0,70.543
RUS,979.5316666666669,219.0,70.543
RUS,999.442777777778,224.0,70.543
RUS,1014.3761111111113,224.0,70.543
RUS,1028.1761111111114,207.0,70.543
RUS,1045.1761111111114,170.0,70.543
RUS,1053.3983333333335,148.0,70.543
RUS,1076.265,98.0,70.543
RUS,1081.542777777778,95.0,70.543
RUS,1087.4761111111113,89.0,70.543
RUS,1092.142777777778,84.0,70.543
RUS,1095.720277777778,81.0,70.543
RUS,1102.5861111111112,77.0,70.543
RUS,1105.963888888889,76.0,70.543
RUS,1109.4750000000001,79.0,70.543
RUS,1116.3194444444446,88.0,70.543
RUS,1120.4972222222223,94.0,70.543
RUS,1127.363888888889,103.0,70.543
RUS,1133.5861111111112,112.0,70.543
RUS,1141.8527777777779,124.0,70.543
RUS,1147.9861111111113,138.0,70.543
RUS,1156.2638888888891,149.0,70.543
RUS,1173.3750000000002,140.0,70.543
RUS,1180.7750000000003,111.0,70.543
RUS,1189.7750000000003,90.0,70.543
RUS,1196.2638888888891,73.0,70.543
RUS,1200.863888888889,69.0,70.543
RUS,1205.7638888888891,63.0,70.543
RUS,1210.8305555555557,57.0,70.543
RUS,1213.1861111111114,53.0,70.543
RUS,1216.5861111111114,51.0,70.543
RUS,1220.3972222222226,49.0,70.543
RUS,1223.5305555555558,47.0,70.543
RUS,1228.9750000000004,49.0,70.543
RUS,1235.0861111111114,55.0,70.543
RUS,1238.4750000000004,61.0,70.543
RUS,1243.0083333333337,68.0,70.543
RUS,1246.0305555555558,68.0,70.543
RUS,1249.7847222222224,85.0,70.543
RUS,1253.5861111111112,85.0,70.543
RUS,1258.9194444444445,96.0,70.543
RUS,1265.586111111111,100.0,70.543
RUS,1270.8638888888888,95.0,70.543
RUS,1275.975,92.0,70.543
RUS,1283.886111111111,89.0,70.543
RUS,1290.4194444444443,84.0,70.543
RUS,1295.9527777777776,83.0,70.543
RUS,1299.7305555555554,85.0,70.543
RUS,1304.6749999999997,89.0,70.543
RUS,1312.1416666666664,96.0,70.543
RUS,1326.3194444444441,116.0,70.543
RUS,1340.6527777777776,129.0,70.543
RUS,1347.1527777777776,117.0,70.543
RUS,1359.497222222222,101.0,70.543
RUS,1365.897222222222,96.0,70.543
RUS,1372.097222222222,93.0,70.543
RUS,1377.0416666666665,89.0,70.543
RUS,1380.7749999999999,84.0,70.543
RUS,1385.5527777777775,86.0,70.543
RUS,1392.4749999999997,89.0,70.543
RUS,1403.0749999999996,106.0,70.543
RUS,1411.5527777777775,109.0,70.543
RUS,1422.0527777777775,135.0,70.543
RUS,1431.7194444444442,145.0,70.543
RUS,1452.619444444444,171.0,70.543
RUS,1464.619444444444,180.0,70.543
RUS,1479.5527777777775,192.0,70.543
RUS,1490.608333333333,199.0,70.543
RUS,1502.0527777777775,206.0,70.543
RUS,1511.3416666666662,209.0,70.543
RUS,1523.1194444444443,212.0,70.543
RUS,1537.8527777777776,221.0,70.543
RUS,1555.5861111111105,228.0,70.543
RUS,1573.9416666666662,236.0,70.543
RUS,1587.2749999999996,240.0,70.543
RUS,1598.1194444444438,244.0,70.543
RUS,1614.6527777777774,248.0,70.543
RUS,1628.597222222222,251.0,70.543
RUS,1642.7638888888882,255.0,70.543
RUS,1668.663888888888,259.0,70.543
RUS,1700.9305555555552,264.0,70.543
RUS,1712.7972222222215,267.0,70.543
RUS,1730.730555555555,269.0,70.543
RUS,1742.6861111111102,269.0,70.543
RUS,1766.863888888888,272.0,70.543
RUS,1785.1972222222214,275.0,70.543
RUS,1806.8194444444437,278.0,70.543
RUS,1828.5972222222215,280.0,70.543
RUS,1866.3305555555546,283.0,70.543
RUS,1888.5763888888878,285.0,70.543
RUS,1901.2080555555544,286.0,70.543
RUS,1929.808055555555,286.0,70.543
RUS,1942.5636111111103,287.0,70.543
RUS,1957.7302777777772,273.0,70.543
RUS,1986.0636111111105,255.0,70.543
RUS,2004.0636111111105,162.0,70.543
RUS,2010.6858333333328,149.0,70.543
RUS,2021.530277777777,122.0,70.543
RUS,2026.4636111111104,111.0,70.543
RUS,2031.0858333333324,104.0,70.543
RUS,2038.7080555555547,98.0,70.543
RUS,2042.7969444444436,92.0,70.543
RUS,2050.352499999999,85.0,70.543
RUS,2054.7969444444434,80.0,70.543
RUS,2061.374722222221,74.0,70.543
RUS,2065.2080555555544,69.0,70.543
RUS,2070.4191666666657,67.0,70.543
RUS,2073.5302777777765,70.0,70.543
RUS,2081.5302777777765,80.0,70.543
RUS,2088.76361111111,93.0,70.543
RUS,2093.430277777777,105.0,70.543
RUS,2104.3636111111105,123.0,70.543
RUS,2114.4747222222213,130.0,70.543
RUS,2123.141388888888,130.0,70.543
RUS,2131.86361111111,157.0,70.543
RUS,2139.46361111111,171.0,70.543
RUS,2149.4577777777768,179.0,70.543
RUS,2159.846666666666,187.0,70.543
RUS,2177.480277777777,199.0,70.543
RUS,2193.191388888888,202.0,70.543
RUS,2210.0691666666658,217.0,70.543
RUS,2227.41361111111,223.0,70.543
RUS,2237.5024999999987,227.0,70.543
RUS,2255.624722222221,233.0,70.543
RUS,2278.024722222221,224.0,70.543
RUS,2286.780277777777,197.0,70.543
RUS,2297.11361111111,186.0,70.543
RUS,2309.246944444443,182.0,70.543
RUS,2318.91361111111,174.0,70.543
RUS,2326.691388888888,175.0,70.543
RUS,2336.8024999999993,182.0,70.543
RUS,2353.958055555555,193.0,70.543
RUS,2362.7580555555546,198.0,70.543
RUS,2386.202499999999,211.0,70.543
RUS,2410.6469444444438,220.0,70.543
RUS,2420.51361111111,222.0,70.543
RUS,2430.558055555555,226.0,70.543
RUS,2448.6802777777766,233.0,70.543
RUS,2459.0358333333324,233.0,70.543
RUS,2472.1469444444433,236.0,70.543
RUS,2490.6580555555547,238.0,70.543
RUS,2506.7247222222213,241.0,70.543
RUS,2523.191388888888,247.0,70.543
RUS,2542.7833333333324,251.0,70.543
RUS,2556.7833333333324,252.0,70.543
RUS,2575.3833333333323,240.0,70.543
RUS,2602.249999999999,186.0,70.543
RUS,2617.1833333333325,168.0,70.543
RUS,2627.7833333333324,159.0,70.543
RUS,2634.5388888888883,152.0,70.543
RUS,2650.094444444444,140.0,70.543
RUS,2656.1388888888882,136.0,70.543
RUS,2666.094444444444,128.0,70.543
RUS,2673.372222222222,131.0,70.543
RUS,2680.594444444444,130.0,70.543
RUS,2688.1499999999996,136.0,70.543
RUS,2696.3166666666666,147.0,70.543
RUS,2707.0499999999997,161.0,70.543
RUS,2716.5499999999997,171.0,70.543
RUS,2728.483333333333,179.0,70.543
RUS,2736.7944444444443,187.0,70.543
RUS,2749.261111111111,187.0,70.543
RUS,2771.9277777777775,204.0,70.543
RUS,2783.3166666666666,205.0,70.543
RUS,2795.9166666666665,189.0,70.543
RUS,2805.65,146.0,70.543
RUS,2811.25,126.0,70.543
RUS,2816.45,117.0,70.543
RUS,2823.1166666666663,100.0,70.543
RUS,2828.227777777777,92.0,70.543
RUS,2832.094444444444,87.0,70.543
RUS,2839.8158333333326,77.0,70.543
RUS,2843.149166666666,75.0,70.543
RUS,2846.329166666666,72.0,70.543
RUS,2853.9069444444435,62.0,70.543
RUS,2856.6180555555547,61.0,70.543
RUS,2860.1180555555547,63.0,70.543
RUS,2863.006944444444,65.0,70.543
RUS,2870.006944444444,70.0,70.543
RUS,2875.3402777777774,80.0,70.543
RUS,2883.3402777777774,90.0,70.543
RUS,2890.406944444444,106.0,70.543
RUS,2896.9624999999996,118.0,70.543
RUS,2903.7402777777775,122.0,70.543
RUS,2909.7958333333327,109.0,70.543
RUS,2918.418055555555,97.0,70.543
RUS,2924.3513888888883,89.0,70.543
RUS,2930.8069444444436,83.0,70.543
RUS,2940.7069444444437,81.0,70.543
RUS,2948.2624999999994,85.0,70.543
RUS,2953.3736111111107,92.0,70.543
RUS,2959.7736111111103,96.0,70.543
RUS,2966.3847222222216,119.0,70.543
RUS,2976.6513888888885,132.0,70.543
RUS,2982.918055555555,141.0,70.543
RUS,2993.1180555555547,153.0,70.543
RUS,3001.8958333333326,158.0,70.543
RUS,3020.1463888888884,182.0,70.543
RUS,3032.8797222222215,191.0,70.543
RUS,3051.2222222222217,207.0,70.543
RUS,3063.055555555555,213.0,70.543
RUS,3084.755555555555,217.0,70.543
RUS,3100.288888888888,233.0,70.543
RUS,3116.155555555555,238.0,70.543
RUS,3132.2222222222213,241.0,70.543
RUS,3151.7444444444436,251.0,70.543
RUS,3163.1222222222214,256.0,70.543
RUS,3174.499999999999,256.0,70.543
RUS,3192.0333333333333,263.0,70.543
RUS,3212.8,267.0,70.543
RUS,3236.7111111111108,269.0,70.543
RUS,3248.666666666666,269.0,70.543
RUS,3272.5777777777776,269.0,70.543
VER,8.880555555555555,278.0,70.567
VER,43.46944444444445,283.0,70.567
VER,59.24722222222222,284.0,70.567
VER,75.08055555555555,285.0,70.567
VER,99.4361111111111,274.0,70.567
VER,111.125,263.0,70.567
VER,129.70277777777778,209.0,70.567
VER,139.925,184.0,70.567
VER,152.6027777777778,163.0,70.567
VER,160.76944444444447,147.0,70.567
VER,170.76694444444448,129.0,70.567
VER,181.7002777777778,123.0,70.567
VER,194.3669444444445,114.0,70.567
VER,206.2669444444445,119.0,70.567
VER,213.3019444444445,126.0,70.567
VER,220.85750000000007,136.0,70.567
VER,229.07972222222227,148.0,70.567
VER,239.6130555555556,158.0,70.567
VER,246.94638888888895,165.0,70.567
VER,258.54638888888894,174.0,70.567
VER,270.946388888889,186.0,70.567
VER,279.3908333333334,190.0,70.567
VER,304.3241666666667,204.0,70.567
VER,320.8908333333334,213.0,70.567
VER,330.4908333333334,216.0,70.567
VER,342.71305555555557,220.0,70.567
VER,362.8908333333334,227.0,70.567
VER,386.3908333333334,235.0,70.567
VER,413.27972222222223,242.0,70.567
VER,435.2352777777778,247.0,70.567
VER,449.17972222222227,251.0,70.567
VER,466.1130555555556,254.0,70.567
VER,494.89083333333343,259.0,70.567
VER,512.2241666666666,260.0,70.567
VER,523.8241666666667,261.0,70.567
VER,538.4175,264.0,70.567
VER,553.1952777777778,266.0,70.567
VER,577.106388888889,269.0,70.567
VER,607.1063888888889,270.0,70.567
VER,619.1063888888889,270.0,70.567
VER,631.3155555555556,273.0,70.567
VER,652.2377777777779,269.0,70.567
VER,669.5044444444445,259.0,70.567
VER,696.1488888888889,218.0,70.567
VER,707.5933333333334,206.0,70.567
VER,722.9155555555556,197.0,70.567
VER,737.3822222222221,186.0,70.567
VER,747.4377777777778,181.0,70.567
VER,758.9711111111111,173.0,70.567
VER,770.7044444444443,176.0,70.567
VER,784.6266666666667,179.0,70.567
VER,800.8044444444445,182.0,70.567
VER,817.4266666666666,187.0,70.567
VER,825.7822222222222,188.0,70.567
VER,837.7155555555556,179.0,70.567
VER,847.2155555555556,171.0,70.567
VER,859.8155555555556,162.0,70.567
VER,870.2155555555556,156.0,70.567
VER,883.6377777777778,151.0,70.567
VER,897.5044444444445,156.0,70.567
VER,904.5711111111112,159.0,70.567
VER,911.7261111111112,162.0,70.567
VER,936.3927777777778,185.0,70.567
VER,944.7927777777778,189.0,70.567
VER,958.0594444444444,199.0,70.567
VER,969.4483333333334,205.0,70.567
VER,981.2849999999999,212.0,70.567
VER,998.2405555555555,218.0,70.567
VER,1021.0405555555554,228.0,70.567
VER,1040.1405555555555,191.0,70.567
VER,1049.473888888889,168.0,70.567
VER,1060.2849999999999,139.0,70.567
VER,1068.6183333333333,125.0,70.567
VER,1077.3294444444443,112.0,70.567
VER,1085.8627777777776,96.0,70.567
VER,1090.8627777777776,90.0,70.567
VER,1098.9627777777775,81.0,70.567
VER,1104.2294444444442,79.0,70.567
VER,1113.7627777777775,78.0,70.567
VER,1118.3738888888886,83.0,70.567
VER,1124.3738888888886,90.0,70.567
VER,1133.4405555555552,102.0,70.567
VER,1140.907222222222,112.0,70.567
VER,1152.907222222222,135.0,70.567
VER,1159.129444444444,140.0,70.567
VER,1166.907222222222,140.0,70.567
VER,1177.1974999999998,155.0,70.567
VER,1186.2641666666664,136.0,70.567
VER,1191.5530555555554,119.0,70.567
VER,1198.3530555555553,102.0,70.567
VER,1202.0863888888887,84.0,70.567
VER,1206.329722222222,76.0,70.567
VER,1211.6963888888888,69.0,70.567
VER,1215.6963888888888,60.0,70.567
VER,1218.8630555555555,57.0,70.567
VER,1221.3519444444444,56.0,70.567
VER,1223.7519444444445,54.0,70.567
VER,1226.5852777777777,51.0,70.567
VER,1230.8519444444444,48.0,70.567
VER,1233.4630555555555,47.0,70.567
VER,1238.4630555555555,50.0,70.567
VER,1241.4074999999998,53.0,70.567
VER,1245.1408333333331,56.0,70.567
VER,1249.4741666666664,65.0,70.567
VER,1252.540833333333,69.0,70.567
VER,1256.7630555555552,76.0,70.567
VER,1264.7630555555552,90.0,70.567
VER,1269.340833333333,103.0,70.567
VER,1276.540833333333,108.0,70.567
VER,1287.540833333333,99.0,70.567
VER,1292.7630555555552,94.0,70.567
VER,1297.8186111111106,91.0,70.567
VER,1301.7741666666661,89.0,70.567
VER,1313.2408333333328,86.0,70.567
VER,1318.2408333333328,90.0,70.567
VER,1329.545833333333,102.0,70.567
VER,1341.445833333333,119.0,70.567
VER,1347.0013888888886,125.0,70.567
VER,1356.0388888888886,135.0,70.567
VER,1365.2166666666665,118.0,70.567
VER,1375.4166666666665,102.0,70.567
VER,1379.8166666666666,99.0,70.567
VER,1385.0388888888888,94.0,70.567
VER,1390.9055555555556,88.0,70.567
VER,1394.7277777777779,86.0,70.567
VER,1400.4611111111112,86.0,70.567
VER,1408.8166666666668,94.0,70.567
VER,1414.4833333333333,102.0,70.567
VER,1420.5944444444444,110.0,70.567
VER,1433.8944444444444,133.0,70.567
VER,1440.072222222222,139.0,70.567
VER,1446.4722222222222,144.0,70.567
VER,1453.1388888888887,150.0,70.567
VER,1470.5388888888886,174.0,70.567
VER,1478.4499999999998,178.0,70.567
VER,1493.2277777777776,190.0,70.567
VER,1506.5611111111107,200.0,70.567
VER,1520.294444444444,206.0,70.567
VER,1534.6944444444441,216.0,70.567
VER,1544.3833333333328,218.0,70.567
VER,1556.8277777777773,224.0,70.567
VER,1569.5499999999997,229.0,70.567
VER,1590.4388888888882,235.0,70.567
VER,1600.994722222222,239.0,70.567
VER,1617.1947222222216,243.0,70.567
VER,1636.4836111111106,248.0,70.567
VER,1656.2316666666661,253.0,70.567
VER,1676.2205555555552,257.0,70.567
VER,1711.1538888888888,262.0,70.567
VER,1725.7649999999996,263.0,70.567
VER,1746.2983333333332,264.0,70.567
VER,1773.198333333333,269.0,70.567
VER,1791.2649999999999,271.0,70.567
VER,1818.6649999999997,274.0,70.567
VER,1843.287222222222,277.0,70.567
VER,1858.7872222222222,279.0,70.567
VER,1880.7205555555552,282.0,70.567
VER,1896.4427777777776,283.0,70.567
VER,1918.6094444444443,285.0,70.567
VER,1944.0316666666665,286.0,70.567
VER,1956.6538888888886,284.0,70.567
VER,1976.487222222222,255.0,70.567
VER,1999.2205555555552,186.0,70.567
VER,2010.0205555555553,162.0,70.567
VER,2022.376111111111,139.0,70.567
VER,2030.376111111111,120.0,70.567
VER,2037.9094444444443,113.0,70.567
VER,2044.3491666666664,97.0,70.567
VER,2053.3491666666664,90.0,70.567
VER,2057.24,87.0,70.567
VER,2063.462222222222,80.0,70.567
VER,2070.2177777777774,76.0,70.567
VER,2074.9511111111105,71.0,70.567
VER,2082.7288888888884,70.0,70.567
VER,2086.784444444444,73.0,70.567
VER,2092.584444444444,87.0,70.567
VER,2101.74,103.0,70.567
VER,2109.4066666666663,115.0,70.567
VER,2119.3622222222216,128.0,70.567
VER,2125.5399999999995,139.0,70.567
VER,2135.8066666666664,154.0,70.567
VER,2154.9177777777772,172.0,70.567
VER,2164.4733333333324,172.0,70.567
VER,2186.1399999999994,195.0,70.567
VER,2195.117777777777,202.0,70.567
VER,2204.2288888888884,205.0,70.567
VER,2218.495555555555,214.0,70.567
VER,2228.1399999999994,217.0,70.567
VER,2245.6399999999994,225.0,70.567
VER,2271.528888888888,233.0,70.567
VER,2287.1955555555546,235.0,70.567
VER,2299.2511111111103,217.0,70.567
VER,2310.4177777777772,201.0,70.567
VER,2322.965277777777,189.0,70.567
VER,2343.4608333333326,184.0,70.567
VER,2358.0830555555544,188.0,70.567
VER,2372.9386111111103,191.0,70.567
VER,2383.883055555555,197.0,70.567
VER,2395.1608333333324,203.0,70.567
VER,2409.294166666666,212.0,70.567
VER,2439.2941666666666,225.0,70.567
VER,2449.338611111111,226.0,70.567
VER,2464.6719444444443,230.0,70.567
VER,2480.271944444444,234.0,70.567
VER,2490.760833333333,236.0,70.567
VER,2504.0941666666663,240.0,70.567
VER,2522.7608333333324,240.0,70.567
VER,2533.6497222222215,245.0,70.567
VER,2544.627499999999,247.0,70.567
VER,2561.2274999999995,249.0,70.567
VER,2590.9274999999993,243.0,70.567
VER,2600.6163888888887,218.0,70.567
VER,2614.849722222222,183.0,70.567
VER,2623.960833333333,164.0,70.567
VER,2640.0719444444444,145.0,70.567
VER,2648.0163888888887,143.0,70.567
VER,2654.238611111111,140.0,70.567
VER,2663.571944444444,140.0,70.567
VER,2675.9274999999993,139.0,70.567
VER,2687.7127777777773,133.0,70.567
VER,2693.6683333333326,134.0,70.567
VER,2704.830277777777,143.0,70.567
VER,2720.030277777777,152.0,70.567
VER,2739.4747222222213,175.0,70.567
VER,2751.6080555555545,182.0,70.567
VER,2770.9080555555547,193.0,70.567
VER,2779.7080555555544,198.0,70.567
VER,2797.9302777777766,205.0,70.567
VER,2816.4302777777766,185.0,70.567
VER,2824.6524999999992,185.0,70.567
VER,2835.3191666666658,120.0,70.567
VER,2845.3191666666658,100.0,70.567
VER,2853.3191666666658,80.0,70.567
VER,2856.8747222222214,80.0,70.567
VER,2862.5524999999993,73.0,70.567
VER,2867.0858333333326,68.0,70.567
VER,2873.9747222222213,62.0,70.567
VER,2878.241388888888,64.0,70.567
VER,2886.5524999999993,68.0,70.567
VER,2895.108055555555,77.0,70.567
VER,2901.108055555555,90.0,70.567
VER,2905.374722222222,96.0,70.567
VER,2911.6524999999997,113.0,70.567
VER,2916.8641666666663,118.0,70.567
VER,2925.840555555555,115.0,70.567
VER,2930.6849999999995,109.0,70.567
VER,2937.2849999999994,99.0,70.567
VER,2962.7961111111103,82.0,70.567
VER,2973.4627777777773,96.0,70.567
VER,2980.929444444444,112.0,70.567
VER,2990.5738888888886,124.0,70.567
VER,2996.840555555555,141.0,70.567
VER,3012.6405555555552,158.0,70.567
VER,3023.773888888889,167.0,70.567
VER,3040.218333333333,185.0,70.567
VER,3048.440555555555,185.0,70.567
VER,3061.773888888889,200.0,70.567
VER,3078.1072222222224,210.0,70.567
VER,3089.9961111111106,214.0,70.567
VER,3109.996111111111,225.0,70.567
VER,3128.1183333333333,233.0,70.567
VER,3141.340555555556,238.0,70.567
VER,3171.2850000000003,245.0,70.567
VER,3196.7850000000003,255.0,70.567
VER,3213.918333333333,257.0,70.567
VER,3243.251666666667,264.0,70.567
VER,3267.2516666666666,270.0,70.567
VER,3282.4183333333335,273.0,70.567
HAM,12.410833333333334,281.0,70.621
HAM,31.277500000000003,283.0,70.621
HAM,47.11083333333333,285.0,70.621
HAM,63.135000000000005,287.0,70.621
HAM,76.02388888888889,290.0,70.621
HAM,101.535,287.0,70.621
HAM,121.71277777777777,227.0,70.621
HAM,134.17944444444444,187.0,70.621
HAM,143.9572222222222,176.0,70.621
HAM,152.1238888888889,147.0,70.621
HAM,158.435,142.0,70.621
HAM,169.99055555555557,130.0,70.621
HAM,180.835,122.0,70.621
HAM,188.56833333333333,116.0,70.621
HAM,193.81277777777777,118.0,70.621
HAM,203.2238888888889,121.0,70.621
HAM,211.75722222222223,128.0,70.621
HAM,228.20166666666668,148.0,70.621
HAM,246.20166666666665,162.0,70.621
HAM,255.70166666666665,171.0,70.621
HAM,263.70166666666665,180.0,70.621
HAM,281.035,195.0,70.621
HAM,296.59055555555557,200.0,70.621
HAM,305.74611111111113,206.0,70.621
HAM,324.8572222222223,215.0,70.621
HAM,347.2947222222223,225.0,70.621
HAM,375.77250000000004,233.0,70.621
HAM,388.9391666666667,237.0,70.621
HAM,413.4069444444445,244.0,70.621
HAM,432.5402777777778,246.0,70.621
HAM,457.84027777777777,253.0,70.621
HAM,474.84027777777777,255.0,70.621
HAM,506.74027777777786,261.0,70.621
HAM,530.2069444444444,264.0,70.621
HAM,544.9847222222222,266.0,70.621
HAM,565.7513888888889,267.0,70.621
HAM,577.6625,268.0,70.621
HAM,589.5736111111112,268.0,70.621
HAM,613.6625000000001,271.0,70.621
HAM,643.9958333333335,273.0,70.621
HAM,655.1958333333336,252.0,70.621
HAM,668.7513888888891,244.0,70.621
HAM,681.0847222222224,222.0,70.621
HAM,693.4180555555557,222.0,70.621
HAM,706.951388888889,203.0,70.621
HAM,715.7958333333335,199.0,70.621
HAM,730.3402777777778,187.0,70.621
HAM,742.5402777777779,183.0,70.621
HAM,754.2736111111112,176.0,70.621
HAM,763.9402777777779,174.0,70.621
HAM,773.6069444444445,174.0,70.621
HAM,787.0919444444446,174.0,70.621
HAM,803.0919444444445,180.0,70.621
HAM,819.4986111111112,184.0,70.621
HAM,836.9986111111112,175.0,70.621
HAM,849.3652777777779,159.0,70.621
HAM,859.6986111111113,155.0,70.621
HAM,869.8319444444446,152.0,70.621
HAM,879.2986111111113,142.0,70.621
HAM,892.6319444444447,150.0,70.621
HAM,899.3875000000003,152.0,70.621
HAM,913.965277777778,164.0,70.621
HAM,932.265277777778,183.0,70.621
HAM,940.7986111111113,192.0,70.621
HAM,963.576388888889,205.0,70.621
HAM,972.8208333333334,208.0,70.621
HAM,992.1986111111112,218.0,70.621
HAM,1014.9986111111111,228.0,70.621
HAM,1024.9986111111111,225.0,70.621
HAM,1034.4652777777778,213.0,70.621
HAM,1045.9986111111114,173.0,70.621
HAM,1054.165277777778,147.0,70.621
HAM,1064.2763888888892,130.0,70.621
HAM,1074.7763888888892,105.0,70.621
HAM,1082.0097222222225,93.0,70.621
HAM,1091.4305555555559,85.0,70.621
HAM,1101.2305555555558,80.0,70.621
HAM,1107.9861111111113,76.0,70.621
HAM,1112.3194444444448,78.0,70.621
HAM,1119.0083333333337,86.0,70.621
HAM,1129.7861111111115,97.0,70.621
HAM,1135.6194444444448,105.0,70.621
HAM,1150.063888888889,130.0,70.621
HAM,1156.3750000000002,142.0,70.621
HAM,1162.9083333333335,147.0,70.621
HAM,1173.5083333333337,159.0,70.621
HAM,1183.541666666667,129.0,70.621
HAM,1190.8083333333336,109.0,70.621
HAM,1194.941666666667,93.0,70.621
HAM,1199.0750000000005,93.0,70.621
HAM,1202.5861111111117,79.0,70.621
HAM,1206.4750000000006,70.0,70.621
HAM,1211.4527777777782,64.0,70.621
HAM,1214.1638888888895,61.0,70.621
HAM,1217.8305555555562,55.0,70.621
HAM,1220.1861111111118,53.0,70.621
HAM,1224.7194444444451,51.0,70.621
HAM,1226.9416666666673,50.0,70.621
HAM,1230.1416666666673,48.0,70.621
HAM,1233.2750000000008,47.0,70.621
HAM,1239.7527777777784,53.0,70.621
HAM,1244.4194444444452,60.0,70.621
HAM,1248.8675000000007,67.0,70.621
HAM,1252.1563888888895,74.0,70.621
HAM,1260.0922222222227,89.0,70.621
HAM,1268.414444444445,107.0,70.621
HAM,1278.114444444445,97.0,70.621
HAM,1287.114444444445,90.0,70.621
HAM,1295.614444444445,85.0,70.621
HAM,1302.2255555555562,85.0,70.621
HAM,1305.8700000000006,82.0,70.621
HAM,1311.3366666666673,82.0,70.621
HAM,1315.2033333333338,87.0,70.621
HAM,1325.7588888888895,95.0,70.621
HAM,1330.3811111111117,104.0,70.621
HAM,1342.8811111111117,125.0,70.621
HAM,1353.6366666666672,121.0,70.621
HAM,1361.036666666667,111.0,70.621
HAM,1367.9033333333339,103.0,70.621
HAM,1377.4033333333339,95.0,70.621
HAM,1382.3477777777782,89.0,70.621
HAM,1404.514444444445,95.0,70.621
HAM,1409.9588888888893,98.0,70.621
HAM,1417.425555555556,112.0,70.621
HAM,1423.8700000000003,116.0,70.621
HAM,1428.9933333333338,116.0,70.621
HAM,1442.011666666667,146.0,70.621
HAM,1448.9894444444446,157.0,70.621
HAM,1456.189444444445,162.0,70.621
HAM,1469.4894444444449,171.0,70.621
HAM,1477.0894444444448,171.0,70.621
HAM,1489.889444444445,192.0,70.621
HAM,1501.0005555555563,200.0,70.621
HAM,1515.000555555556,210.0,70.621
HAM,1524.556111111112,215.0,70.621
HAM,1536.7227777777784,219.0,70.621
HAM,1564.7116666666677,229.0,70.621
HAM,1580.5116666666675,237.0,70.621
HAM,1604.9116666666673,244.0,70.621
HAM,1627.0450000000008,249.0,70.621
HAM,1644.1116666666676,256.0,70.621
HAM,1664.2561111111122,259.0,70.621
HAM,1687.63388888889,263.0,70.621
HAM,1699.3227777777786,263.0,70.621
HAM,1717.1227777777788,267.0,70.621
HAM,1737.8894444444454,267.0,70.621
HAM,1756.0227777777789,272.0,70.621
HAM,1786.6894444444454,276.0,70.621
HAM,1817.6894444444454,279.0,70.621
HAM,1833.3005555555567,281.0,70.621
HAM,1852.167222222223,283.0,70.621
HAM,1864.83388888889,285.0,70.621
HAM,1877.4655555555566,286.0,70.621
HAM,1890.3008333333346,287.0,70.621
HAM,1906.3008333333341,288.0,70.621
HAM,1925.5008333333344,288.0,70.621
HAM,1941.5563888888903,289.0,70.621
HAM,1957.6119444444455,289.0,70.621
HAM,1978.5008333333344,235.0,70.621
HAM,1994.445277777779,205.0,70.621
HAM,2005.7786111111125,170.0,70.621
HAM,2013.334166666668,170.0,70.621
HAM,2020.9452777777792,137.0,70.621
HAM,2030.0452777777793,117.0,70.621
HAM,2042.511944444446,102.0,70.621
HAM,2052.400833333335,89.0,70.621
HAM,2057.0119444444463,83.0,70.621
HAM,2066.667500000002,79.0,70.621
HAM,2071.3341666666684,70.0,70.621
HAM,2076.000833333335,70.0,70.621
HAM,2080.1119444444457,74.0,70.621
HAM,2083.4008333333345,74.0,70.621
HAM,2087.95638888889,82.0,70.621
HAM,2095.3452777777793,95.0,70.621
HAM,2107.045277777779,117.0,70.621
HAM,2117.623055555557,136.0,70.621
HAM,2128.589722222224,141.0,70.621
HAM,2139.0563888888905,157.0,70.621
HAM,2160.9341666666683,179.0,70.621
HAM,2173.400833333335,187.0,70.621
HAM,2188.8786111111126,199.0,70.621
HAM,2200.100833333335,202.0,70.621
HAM,2211.6563888888904,208.0,70.621
HAM,2221.2119444444456,215.0,70.621
HAM,2233.4897222222235,221.0,70.621
HAM,2248.55638888889,226.0,70.621
HAM,2266.678611111112,233.0,70.621
HAM,2284.4119444444455,228.0,70.621
HAM,2295.8008333333346,205.0,70.621
HAM,2304.467500000001,195.0,70.621
HAM,2316.467500000001,180.0,70.621
HAM,2326.1897222222233,175.0,70.621
HAM,2335.800833333334,173.0,70.621
HAM,2353.6008333333343,178.0,70.621
HAM,2377.55638888889,196.0,70.621
HAM,2386.4452777777788,200.0,70.621
HAM,2400.4452777777788,210.0,70.621
HAM,2409.778611111112,210.0,70.621
HAM,2429.600833333334,223.0,70.621
HAM,2444.600833333334,225.0,70.621
HAM,2462.6452777777786,232.0,70.621
HAM,2480.9230555555564,235.0,70.621
HAM,2512.7897222222227,239.0,70.621
HAM,2531.913333333334,245.0,70.621
HAM,2542.734166666667,245.0,70.621
HAM,2567.8341666666674,251.0,70.621
HAM,2579.0341666666673,252.0,70.621
HAM,2593.1452777777786,254.0,70.621
HAM,2614.9230555555564,196.0,70.621
HAM,2632.811944444445,161.0,70.621
HAM,2639.4341666666674,149.0,70.621
HAM,2652.1452777777786,143.0,70.621
HAM,2658.3230555555565,139.0,70.621
HAM,2664.2341666666675,133.0,70.621
HAM,2674.0341666666677,126.0,70.621
HAM,2679.7230555555566,128.0,70.621
HAM,2691.2786111111122,130.0,70.621
HAM,2699.1119444444453,141.0,70.621
HAM,2712.711944444445,153.0,70.621
HAM,2721.711944444445,162.0,70.621
HAM,2735.0119444444454,171.0,70.621
HAM,2742.9675000000007,179.0,70.621
HAM,2762.0675000000006,191.0,70.621
HAM,2778.089722222223,206.0,70.621
HAM,2787.2452777777785,206.0,70.621
HAM,2803.600833333334,184.0,70.621
HAM,2816.2786111111113,163.0,70.621
HAM,2825.8786111111112,144.0,70.621
HAM,2832.2675000000004,115.0,70.621
HAM,2836.845277777778,103.0,70.621
HAM,2842.2611111111114,97.0,70.621
HAM,2847.2611111111114,90.0,70.621
HAM,2853.8183333333336,74.0,70.621
HAM,2859.4183333333335,72.0,70.621
HAM,2864.6294444444447,67.0,70.621
HAM,2869.3738888888893,61.0,70.621
HAM,2872.173888888889,63.0,70.621
HAM,2877.1516666666666,64.0,70.621
HAM,2884.451666666667,73.0,70.621
HAM,2887.6961111111113,73.0,70.621
HAM,2892.5294444444444,87.0,70.621
HAM,2898.6627777777776,92.0,70.621
HAM,2904.4405555555554,104.0,70.621
HAM,2909.907222222222,123.0,70.621
HAM,2916.7405555555556,123.0,70.621
HAM,2925.807222222222,102.0,70.621
HAM,2930.1183333333333,97.0,70.621
HAM,2940.3405555555555,92.0,70.621
HAM,2950.007222222222,87.0,70.621
HAM,2953.6961111111113,83.0,70.621
HAM,2957.473888888889,85.0,70.621
HAM,2964.162777777778,86.0,70.621
HAM,2968.162777777778,90.0,70.621
HAM,2973.7183333333337,100.0,70.621
HAM,2982.8183333333336,117.0,70.621
HAM,2991.485,130.0,70.621
HAM,3001.285,147.0,70.621
HAM,3013.617777777778,158.0,70.621
HAM,3022.9511111111115,168.0,70.621
HAM,3037.0561111111115,182.0,70.621
HAM,3066.956111111111,207.0,70.621
HAM,3085.889444444445,213.0,70.621
HAM,3100.956111111111,226.0,70.621
HAM,3111.1783333333333,230.0,70.621
HAM,3137.8450000000003,240.0,70.621
HAM,3148.733888888889,245.0,70.621
HAM,3168.333888888889,252.0,70.621
HAM,3182.3894444444445,253.0,70.621
HAM,3196.722777777778,258.0,70.621
HAM,3211.3338888888893,263.0,70.621
HAM,3226.111666666666,266.0,70.621
HAM,3243.8450000000003,266.0,70.621
HAM,3258.900555555555,271.0,70.621
HAM,3277.367222222222,277.0,70.621
TSU,11.61111111111111,275.0,70.858
TSU,30.07777777777778,277.0,70.858
TSU,58.077777777777776,280.0,70.858
TSU,83.23333333333333,283.0,70.858
TSU,102.1,283.0,70.858
TSU,122.0111111111111,256.0,70.858
TSU,139.25555555555553,194.0,70.858
TSU,146.76666666666665,169.0,70.858
TSU,158.0333333333333,169.0,70.858
TSU,167.9111111111111,127.0,70.858
TSU,176.04444444444442,122.0,70.858
TSU,189.04444444444442,117.0,70.858
TSU,201.59999999999997,113.0,70.858
TSU,208.1555555555555,118.0,70.858
TSU,216.22222222222217,121.0,70.858
TSU,222.17777777777772,134.0,70.858
TSU,228.09611111111104,134.0,70.858
TSU,234.80444444444436,150.0,70.858
TSU,243.41555555555547,155.0,70.858
TSU,254.6155555555555,168.0,70.858
TSU,264.3377777777777,175.0,70.858
TSU,274.2822222222222,179.0,70.858
TSU,291.5266666666666,194.0,70.858
TSU,307.2377777777777,202.0,70.858
TSU,320.9044444444444,205.0,70.858
TSU,330.3711111111111,213.0,70.858
TSU,342.48222222222216,218.0,70.858
TSU,359.98222222222216,225.0,70.858
TSU,388.46,233.0,70.858
TSU,415.1266666666666,240.0,70.858
TSU,428.6266666666666,243.0,70.858
TSU,459.1822222222222,250.0,70.858
TSU,475.9822222222222,252.0,70.858
TSU,493.0488888888889,256.0,70.858
TSU,507.38222222222214,258.0,70.858
TSU,518.8044444444444,257.0,70.858
TSU,533.1933333333332,259.0,70.858
TSU,553.571111111111,262.0,70.858
TSU,579.971111111111,264.0,70.858
TSU,600.7377777777776,267.0,70.858
TSU,621.5044444444444,267.0,70.858
TSU,639.3711111111111,268.0,70.858
TSU,669.56,247.0,70.858
TSU,684.9599999999999,231.0,70.858
TSU,701.7599999999999,216.0,70.858
TSU,712.5933333333332,195.0,70.858
TSU,723.2599999999999,192.0,70.858
TSU,731.2599999999999,180.0,70.858
TSU,741.1488888888887,178.0,70.858
TSU,752.5488888888887,171.0,70.858
TSU,765.2266666666665,163.0,70.858
TSU,778.2933333333332,168.0,70.858
TSU,787.8488888888887,172.0,70.858
TSU,795.6711111111109,176.0,70.858
TSU,807.6044444444443,179.0,70.858
TSU,817.6599999999999,181.0,70.858
TSU,827.6599999999999,180.0,70.858
TSU,844.1599999999999,165.0,70.858
TSU,863.1044444444443,155.0,70.858
TSU,869.8599999999999,152.0,70.858
TSU,879.5266666666665,145.0,70.858
TSU,885.971111111111,145.0,70.858
TSU,900.0155555555555,158.0,70.858
TSU,911.0155555555554,165.0,70.858
TSU,924.7822222222221,177.0,70.858
TSU,939.4822222222222,189.0,70.858
TSU,965.4822222222222,195.0,70.858
TSU,981.8738888888888,210.0,70.858
TSU,991.4138888888888,216.0,70.858
TSU,1013.8138888888888,224.0,70.858
TSU,1023.9472222222221,228.0,70.858
TSU,1035.5583333333334,209.0,70.858
TSU,1053.4472222222223,161.0,70.858
TSU,1067.2250000000001,124.0,70.858
TSU,1072.202777777778,112.0,70.858
TSU,1080.9138888888892,98.0,70.858
TSU,1085.2694444444448,98.0,70.858
TSU,1089.2694444444448,90.0,70.858
TSU,1096.2694444444448,90.0,70.858
TSU,1100.0916666666672,86.0,70.858
TSU,1107.469444444445,83.0,70.858
TSU,1111.9138888888892,80.0,70.858
TSU,1119.469444444445,85.0,70.858
TSU,1124.4138888888892,89.0,70.858
TSU,1132.0361111111115,98.0,70.858
TSU,1136.8361111111114,108.0,70.858
TSU,1150.0361111111115,132.0,70.858
TSU,1161.5472222222227,148.0,70.858
TSU,1168.3472222222226,153.0,70.858
TSU,1180.4361111111114,136.0,70.858
TSU,1189.4583333333337,116.0,70.858
TSU,1195.5916666666672,92.0,70.858
TSU,1200.3138888888893,85.0,70.858
TSU,1203.7361111111115,77.0,70.858
TSU,1207.8677777777782,74.0,70.858
TSU,1211.5900000000004,67.0,70.858
TSU,1216.818055555556,59.0,70.858
TSU,1221.0958333333338,55.0,70.858
TSU,1225.2958333333338,54.0,70.858
TSU,1229.2625000000005,51.0,70.858
TSU,1231.4847222222227,50.0,70.858
TSU,1235.1402777777782,47.0,70.858
TSU,1240.3402777777783,52.0,70.858
TSU,1242.7402777777784,54.0,70.858
TSU,1245.9625000000005,58.0,70.858
TSU,1250.2958333333338,65.0,70.858
TSU,1254.5736111111116,77.0,70.858
TSU,1258.218055555556,82.0,70.858
TSU,1263.2736111111114,91.0,70.858
TSU,1272.7847222222226,107.0,70.858
TSU,1277.4513888888894,105.0,70.858
TSU,1288.1180555555559,96.0,70.858
TSU,1298.229166666667,91.0,70.858
TSU,1302.1847222222225,89.0,70.858
TSU,1306.051388888889,87.0,70.858
TSU,1312.5847222222224,84.0,70.858
TSU,1316.5402777777779,89.0,70.858
TSU,1321.9847222222222,98.0,70.858
TSU,1330.851388888889,114.0,70.858
TSU,1338.451388888889,114.0,70.858
TSU,1347.5180555555557,136.0,70.858
TSU,1357.118888888889,123.0,70.858
TSU,1363.341111111111,112.0,70.858
TSU,1371.013611111111,99.0,70.858
TSU,1384.013611111111,90.0,70.858
TSU,1391.5691666666667,85.0,70.858
TSU,1397.3691666666666,87.0,70.858
TSU,1401.2802777777779,88.0,70.858
TSU,1411.9469444444444,96.0,70.858
TSU,1416.9247222222223,112.0,70.858
TSU,1426.9580555555553,129.0,70.858
TSU,1434.7358333333332,140.0,70.858
TSU,1443.1802777777777,152.0,70.858
TSU,1452.124722222222,161.0,70.858
TSU,1461.3469444444445,166.0,70.858
TSU,1473.0136111111112,175.0,70.858
TSU,1483.2358333333332,184.0,70.858
TSU,1496.4358333333332,198.0,70.858
TSU,1505.3691666666664,201.0,70.858
TSU,1519.1691666666666,207.0,70.858
TSU,1543.724722222222,221.0,70.858
TSU,1556.2247222222222,225.0,70.858
TSU,1571.5580555555557,230.0,70.858
TSU,1587.1580555555554,234.0,70.858
TSU,1597.7802777777779,239.0,70.858
TSU,1608.5358333333331,242.0,70.858
TSU,1624.8691666666666,245.0,70.858
TSU,1638.7025,249.0,70.858
TSU,1649.8580555555554,251.0,70.858
TSU,1675.428888888889,255.0,70.858
TSU,1686.851111111111,257.0,70.858
TSU,1698.246111111111,258.0,70.858
TSU,1730.146111111111,261.0,70.858
TSU,1741.835,263.0,70.858
TSU,1756.5572222222224,265.0,70.858
TSU,1768.3794444444445,266.0,70.858
TSU,1795.3794444444445,270.0,70.858
TSU,1813.3794444444447,270.0,70.858
TSU,1837.8238888888893,275.0,70.858
TSU,1856.223888888889,276.0,70.858
TSU,1871.5572222222224,276.0,70.858
TSU,1887.0572222222227,279.0,70.858
TSU,1902.6127777777779,280.0,70.858
TSU,1927.5905555555557,281.0,70.858
TSU,1946.390555555556,282.0,70.858
TSU,1967.9350000000004,277.0,70.858
TSU,1996.0461111111113,230.0,70.858
TSU,2010.712777777778,165.0,70.858
TSU,2018.6572222222226,143.0,70.858
TSU,2027.5238888888891,133.0,70.858
TSU,2034.4683333333337,125.0,70.858
TSU,2042.3238888888893,101.0,70.858
TSU,2046.7238888888892,99.0,70.858
TSU,2052.8572222222224,92.0,70.858
TSU,2057.690555555556,87.0,70.858
TSU,2065.4119444444445,77.0,70.858
TSU,2070.2786111111113,73.0,70.858
TSU,2076.1269444444447,66.0,70.858
TSU,2079.849166666667,67.0,70.858
TSU,2087.149166666667,73.0,70.858
TSU,2092.8158333333336,85.0,70.858
TSU,2098.749166666667,89.0,70.858
TSU,2106.2825000000003,113.0,70.858
TSU,2116.549166666667,132.0,70.858
TSU,2122.726944444445,139.0,70.858
TSU,2129.3491666666673,149.0,70.858
TSU,2139.2825000000007,149.0,70.858
TSU,2152.1936111111117,166.0,70.858
TSU,2168.104722222223,179.0,70.858
TSU,2176.238055555556,183.0,70.858
TSU,2193.838055555556,198.0,70.858
TSU,2209.938055555556,207.0,70.858
TSU,2224.138055555556,213.0,70.858
TSU,2236.249166666667,218.0,70.858
TSU,2256.338055555556,226.0,70.858
TSU,2274.3825000000006,232.0,70.858
TSU,2289.115833333334,221.0,70.858
TSU,2302.449166666667,200.0,70.858
TSU,2316.5269444444452,181.0,70.858
TSU,2324.57138888889,181.0,70.858
TSU,2346.4988888888897,179.0,70.858
TSU,2369.2322222222233,186.0,70.858
TSU,2386.4227777777787,194.0,70.858
TSU,2406.822777777779,204.0,70.858
TSU,2421.022777777779,213.0,70.858
TSU,2438.289444444446,222.0,70.858
TSU,2468.6894444444456,228.0,70.858
TSU,2479.0005555555567,232.0,70.858
TSU,2492.056111111112,235.0,70.858
TSU,2507.7894444444455,236.0,70.858
TSU,2521.0672222222233,239.0,70.858
TSU,2542.93388888889,246.0,70.858
TSU,2559.267222222223,245.0,70.858
TSU,2572.8783333333345,245.0,70.858
TSU,2593.0561111111124,227.0,70.858
TSU,2601.9450000000015,200.0,70.858
TSU,2620.389444444446,166.0,70.858
TSU,2637.5005555555567,154.0,70.858
TSU,2644.0783333333343,148.0,70.858
TSU,2650.3894444444454,142.0,70.858
TSU,2662.745000000001,139.0,70.858
TSU,2676.245000000001,135.0,70.858
TSU,2681.978333333334,129.0,70.858
TSU,2690.9116666666673,134.0,70.858
TSU,2701.995555555556,142.0,70.858
TSU,2717.495555555556,155.0,70.858
TSU,2728.962222222223,172.0,70.858
TSU,2736.962222222223,180.0,70.858
TSU,2760.131666666667,190.0,70.858
TSU,2777.642777777778,197.0,70.858
TSU,2791.442777777778,207.0,70.858
TSU,2806.142777777778,189.0,70.858
TSU,2821.542777777778,154.0,70.858
TSU,2826.8316666666674,119.0,70.858
TSU,2835.5427777777786,98.0,70.858
TSU,2841.676111111112,92.0,70.858
TSU,2847.665000000001,77.0,70.858
TSU,2851.8316666666674,75.0,70.858
TSU,2854.987222222223,71.0,70.858
TSU,2858.0094444444453,68.0,70.858
TSU,2864.109444444445,61.0,70.858
TSU,2867.5538888888896,62.0,70.858
TSU,2873.0650000000005,62.0,70.858
TSU,2879.0205555555563,67.0,70.858
TSU,2886.398333333334,83.0,70.858
TSU,2893.9427777777782,97.0,70.858
TSU,2920.037777777778,102.0,70.858
TSU,2929.3377777777782,93.0,70.858
TSU,2933.1600000000003,86.0,70.858
TSU,2938.693333333334,83.0,70.858
TSU,2942.138333333334,78.0,70.858
TSU,2948.5161111111115,82.0,70.858
TSU,2958.9605555555563,94.0,70.858
TSU,2972.5161111111115,122.0,70.858
TSU,2981.116111111112,129.0,70.858
TSU,2988.838333333334,139.0,70.858
TSU,2995.5050000000006,150.0,70.858
TSU,3006.171666666667,160.0,70.858
TSU,3017.438333333334,169.0,70.858
TSU,3036.138333333334,187.0,70.858
TSU,3051.538333333334,198.0,70.858
TSU,3060.5161111111115,202.0,70.858
TSU,3074.6494444444447,212.0,70.858
TSU,3102.271666666667,226.0,70.858
TSU,3122.716111111112,230.0,70.858
TSU,3135.716111111112,234.0,70.858
TSU,3163.1605555555557,247.0,70.858
TSU,3176.8827777777783,247.0,70.858
TSU,3199.7272222222223,257.0,70.858
TSU,3214.171666666667,260.0,70.858
TSU,3225.8888888888896,262.0,70.858
TSU,3252.18888888889,263.0,70.858
TSU,3267.077777777779,268.0,70.858
ALB,15.333333333333336,276.0,70.948
ALB,33.86666666666667,278.0,70.948
ALB,55.56666666666666,280.0,70.948
ALB,68.1,282.0,70.948
ALB,87.03333333333333,284.0,70.948
ALB,110.85555555555555,268.0,70.948
ALB,133.85555555555555,207.0,70.948
ALB,152.07777777777778,164.0,70.948
ALB,163.20000000000002,143.0,70.948
ALB,174.57777777777778,128.0,70.948
ALB,189.0,118.0,70.948
ALB,195.55555555555557,118.0,70.948
ALB,203.55555555555557,120.0,70.948
ALB,214.75555555555556,126.0,70.948
ALB,224.02222222222224,139.0,70.948
ALB,232.41111111111113,151.0,70.948
ALB,241.24444444444447,159.0,70.948
ALB,262.75555555555553,176.0,70.948
ALB,270.88888888888886,183.0,70.948
ALB,292.77777777777777,197.0,70.948
ALB,301.7222222222222,200.0,70.948
ALB,315.58888888888885,208.0,70.948
ALB,332.46666666666664,217.0,70.948
ALB,349.6555555555555,221.0,70.948
ALB,367.3111111111111,227.0,70.948
ALB,382.9111111111111,234.0,70.948
ALB,393.29027777777776,235.0,70.948
ALB,417.3902777777778,241.0,70.948
ALB,439.07916666666665,244.0,70.948
ALB,461.30138888888894,250.0,70.948
ALB,480.9791666666667,253.0,70.948
ALB,495.09027777777777,254.0,70.948
ALB,526.6236111111112,258.0,70.948
ALB,538.1791666666667,260.0,70.948
ALB,549.8236111111112,262.0,70.948
ALB,567.3569444444445,263.0,70.948
ALB,587.8125000000001,263.0,70.948
ALB,608.3458333333334,264.0,70.948
ALB,620.1236111111112,265.0,70.948
ALB,643.8569444444446,267.0,70.948
ALB,655.3680555555558,259.0,70.948
ALB,671.9013888888891,248.0,70.948
ALB,682.2569444444446,233.0,70.948
ALB,698.9791666666669,215.0,70.948
ALB,716.490277777778,197.0,70.948
ALB,724.9347222222225,190.0,70.948
ALB,742.9847222222224,180.0,70.948
ALB,761.6513888888891,168.0,70.948
ALB,769.1625000000001,169.0,70.948
ALB,780.6958333333334,173.0,70.948
ALB,798.4958333333334,178.0,70.948
ALB,812.5736111111112,181.0,70.948
ALB,828.9666666666667,185.0,70.948
ALB,842.1111111111111,169.0,70.948
ALB,852.911111111111,162.0,70.948
ALB,871.6111111111111,153.0,70.948
ALB,884.9444444444443,150.0,70.948
ALB,893.3888888888888,152.0,70.948
ALB,903.8555555555555,157.0,70.948
ALB,924.5111111111111,169.0,70.948
ALB,934.2333333333332,175.0,70.948
ALB,943.9555555555554,175.0,70.948
ALB,956.9555555555555,195.0,70.948
ALB,970.4222222222221,202.0,70.948
ALB,986.911111111111,212.0,70.948
ALB,1006.3777777777777,219.0,70.948
ALB,1018.8222222222221,224.0,70.948
ALB,1032.2888888888888,202.0,70.948
ALB,1045.822222222222,174.0,70.948
ALB,1056.9841666666666,143.0,70.948
ALB,1065.6508333333331,130.0,70.948
ALB,1079.7841666666666,106.0,70.948
ALB,1088.5841666666665,99.0,70.948
ALB,1093.8063888888887,94.0,70.948
ALB,1099.739722222222,89.0,70.948
ALB,1108.1163888888889,84.0,70.948
ALB,1113.4497222222221,80.0,70.948
ALB,1117.138611111111,83.0,70.948
ALB,1122.938611111111,87.0,70.948
ALB,1126.9830555555554,91.0,70.948
ALB,1132.4274999999998,98.0,70.948
ALB,1139.4941666666664,106.0,70.948
ALB,1147.2274999999997,116.0,70.948
ALB,1166.560833333333,145.0,70.948
ALB,1182.3386111111108,142.0,70.948
ALB,1189.2274999999997,124.0,70.948
ALB,1193.8941666666665,105.0,70.948
ALB,1198.2052777777776,97.0,70.948
ALB,1203.538611111111,80.0,70.948
ALB,1208.2719444444444,71.0,70.948
ALB,1215.8497222222222,62.0,70.948
ALB,1219.7830555555556,59.0,70.948
ALB,1224.6719444444445,55.0,70.948
ALB,1227.0719444444446,54.0,70.948
ALB,1230.9747222222225,50.0,70.948
ALB,1236.3525000000002,44.0,70.948
ALB,1239.4858333333334,47.0,70.948
ALB,1244.9858333333334,55.0,70.948
ALB,1252.9302777777777,65.0,70.948
ALB,1262.2636111111112,84.0,70.948
ALB,1273.901111111111,105.0,70.948
ALB,1279.6788888888889,104.0,70.948
ALB,1286.2788888888888,99.0,70.948
ALB,1291.5566666666666,95.0,70.948
ALB,1295.6455555555556,92.0,70.948
ALB,1300.6455555555556,90.0,70.948
ALB,1311.0344444444445,85.0,70.948
ALB,1317.9566666666667,89.0,70.948
ALB,1347.7788888888888,122.0,70.948
ALB,1356.312222222222,128.0,70.948
ALB,1368.5344444444445,110.0,70.948
ALB,1378.6344444444444,101.0,70.948
ALB,1386.1788888888889,97.0,70.948
ALB,1391.3455555555556,93.0,70.948
ALB,1401.9275,95.0,70.948
ALB,1409.4719444444445,97.0,70.948
ALB,1414.0497222222223,103.0,70.948
ALB,1428.716388888889,120.0,70.948
ALB,1435.8830555555555,129.0,70.948
ALB,1451.1830555555555,153.0,70.948
ALB,1461.9830555555557,162.0,70.948
ALB,1475.6230555555558,176.0,70.948
ALB,1490.2452777777776,188.0,70.948
ALB,1505.4119444444443,195.0,70.948
ALB,1514.3897222222222,202.0,70.948
ALB,1535.6897222222221,213.0,70.948
ALB,1545.2897222222218,216.0,70.948
ALB,1557.5674999999999,221.0,70.948
ALB,1572.7675,228.0,70.948
ALB,1582.9897222222219,230.0,70.948
ALB,1596.0452777777775,235.0,70.948
ALB,1614.7119444444438,240.0,70.948
ALB,1647.7786111111106,248.0,70.948
ALB,1672.8786111111106,251.0,70.948
ALB,1689.8786111111108,255.0,70.948
ALB,1707.0119444444438,257.0,70.948
ALB,1718.5230555555552,259.0,70.948
ALB,1741.7230555555552,261.0,70.948
ALB,1759.329444444444,263.0,70.948
ALB,1779.9405555555552,265.0,70.948
ALB,1806.840555555555,269.0,70.948
ALB,1821.8961111111103,271.0,70.948
ALB,1840.0961111111103,273.0,70.948
ALB,1870.5405555555546,274.0,70.948
ALB,1935.7961111111106,280.0,70.948
ALB,1963.7961111111106,280.0,70.948
ALB,1975.8849999999993,272.0,70.948
ALB,1991.9516666666661,241.0,70.948
ALB,2001.1961111111104,208.0,70.948
ALB,2016.3961111111105,171.0,70.948
ALB,2023.0627777777772,150.0,70.948
ALB,2035.7627777777773,127.0,70.948
ALB,2042.2072222222216,116.0,70.948
ALB,2050.3738888888884,105.0,70.948
ALB,2056.9738888888883,99.0,70.948
ALB,2065.151666666666,92.0,70.948
ALB,2073.4516666666664,83.0,70.948
ALB,2078.5849999999996,77.0,70.948
ALB,2084.1849999999995,72.0,70.948
ALB,2088.851666666666,70.0,70.948
ALB,2092.0516666666663,72.0,70.948
ALB,2095.4952777777776,77.0,70.948
ALB,2100.9619444444443,82.0,70.948
ALB,2107.228611111111,94.0,70.948
ALB,2114.1619444444445,104.0,70.948
ALB,2120.5508333333332,115.0,70.948
ALB,2127.6619444444445,128.0,70.948
ALB,2144.2175,149.0,70.948
ALB,2155.084166666667,163.0,70.948
ALB,2164.639722222222,172.0,70.948
ALB,2172.4619444444447,176.0,70.948
ALB,2193.741944444445,192.0,70.948
ALB,2204.7975,199.0,70.948
ALB,2220.975277777778,208.0,70.948
ALB,2237.853055555556,217.0,70.948
ALB,2250.1863888888893,222.0,70.948
ALB,2270.5419444444447,229.0,70.948
ALB,2287.575277777778,219.0,70.948
ALB,2307.375277777778,198.0,70.948
ALB,2325.875277777778,185.0,70.948
ALB,2337.808611111111,179.0,70.948
ALB,2349.6086111111113,177.0,70.948
ALB,2368.0086111111113,184.0,70.948
ALB,2380.6086111111113,189.0,70.948
ALB,2389.319722222222,196.0,70.948
ALB,2400.208611111111,196.0,70.948
ALB,2416.5419444444447,210.0,70.948
ALB,2458.9152777777776,224.0,70.948
ALB,2479.448611111111,231.0,70.948
ALB,2489.848611111111,234.0,70.948
ALB,2508.281944444444,237.0,70.948
ALB,2524.1486111111108,238.0,70.948
ALB,2537.5930555555556,242.0,70.948
ALB,2559.1930555555555,243.0,70.948
ALB,2572.915277777777,247.0,70.948
ALB,2583.9819444444443,249.0,70.948
ALB,2600.8769444444442,218.0,70.948
ALB,2620.576944444444,197.0,70.948
ALB,2628.1769444444444,171.0,70.948
ALB,2640.3102777777776,156.0,70.948
ALB,2653.2880555555553,146.0,70.948
ALB,2665.6436111111107,139.0,70.948
ALB,2680.6436111111107,135.0,70.948
ALB,2686.3324999999995,128.0,70.948
ALB,2693.7213888888887,133.0,70.948
ALB,2706.076944444444,139.0,70.948
ALB,2718.0547222222217,154.0,70.948
ALB,2732.899166666666,167.0,70.948
ALB,2742.6213888888883,175.0,70.948
ALB,2752.7880555555553,183.0,70.948
ALB,2774.620277777777,196.0,70.948
ALB,2785.786944444444,201.0,70.948
ALB,2801.7313888888884,205.0,70.948
ALB,2817.198055555555,174.0,70.948
ALB,2833.698055555555,135.0,70.948
ALB,2842.253611111111,110.0,70.948
ALB,2846.698055555555,100.0,70.948
ALB,2853.698055555555,90.0,70.948
ALB,2858.475833333333,86.0,70.948
ALB,2864.464722222222,77.0,70.948
ALB,2870.5788888888887,69.0,70.948
ALB,2873.512222222222,66.0,70.948
ALB,2879.712222222222,62.0,70.948
ALB,2884.6899999999996,64.0,70.948
ALB,2890.734444444444,68.0,70.948
ALB,2895.8011111111105,76.0,70.948
ALB,2903.7122222222215,89.0,70.948
ALB,2911.8011111111105,104.0,70.948
ALB,2916.956666666666,116.0,70.948
ALB,2923.678888888888,121.0,70.948
ALB,2931.0788888888883,111.0,70.948
ALB,2940.8788888888885,98.0,70.948
ALB,2948.189999999999,94.0,70.948
ALB,2955.5011111111103,94.0,70.948
ALB,2960.167777777777,84.0,70.948
ALB,2967.56861111111,83.0,70.948
ALB,2971.5686111111104,90.0,70.948
ALB,2987.6019444444437,111.0,70.948
ALB,3002.4908333333324,134.0,70.948
ALB,3018.190833333333,157.0,70.948
ALB,3029.2574999999997,166.0,70.948
ALB,3045.2574999999993,180.0,70.948
ALB,3055.535277777777,185.0,70.948
ALB,3073.6686111111107,204.0,70.948
ALB,3082.855277777777,208.0,70.948
ALB,3107.2997222222216,220.0,70.948
ALB,3130.2997222222216,230.0,70.948
ALB,3143.3552777777772,235.0,70.948
ALB,3164.8663888888877,242.0,70.948
ALB,3175.7997222222207,246.0,70.948
ALB,3192.3997222222215,249.0,70.948
ALB,3215.1552777777765,256.0,70.948
ALB,3232.555277777777,261.0,70.948
ALB,3250.1552777777765,264.0,70.948
ALB,3267.8886111111096,266.0,70.948
GAS,11.310833333333333,277.0,70.896
GAS,42.64416666666666,282.0,70.896
GAS,58.421944444444435,284.0,70.896
GAS,77.4886111111111,286.0,70.896
GAS,96.21027777777776,282.0,70.896
GAS,112.21027777777776,240.0,70.896
GAS,123.98805555555553,212.0,70.896
GAS,136.6547222222222,190.0,70.896
GAS,146.09916666666663,170.0,70.896
GAS,163.0880555555555,139.0,70.896
GAS,168.7769444444444,128.0,70.896
GAS,179.71027777777775,123.0,70.896
GAS,186.21027777777775,117.0,70.896
GAS,191.4547222222222,118.0,70.896
GAS,196.74361111111108,119.0,70.896
GAS,210.29916666666665,122.0,70.896
GAS,222.47694444444443,137.0,70.896
GAS,235.89916666666667,151.0,70.896
GAS,248.81027777777774,166.0,70.896
GAS,262.3436111111111,174.0,70.896
GAS,272.2325,178.0,70.896
GAS,286.9325,189.0,70.896
GAS,314.7236111111111,208.0,70.896
GAS,324.1902777777778,213.0,70.896
GAS,341.2236111111111,219.0,70.896
GAS,361.57916666666665,229.0,70.896
GAS,371.8013888888889,230.0,70.896
GAS,390.15694444444443,236.0,70.896
GAS,417.2680555555555,244.0,70.896
GAS,439.2436111111111,248.0,70.896
GAS,464.64361111111106,254.0,70.896
GAS,475.93249999999995,254.0,70.896
GAS,498.8658333333333,258.0,70.896
GAS,513.3102777777779,260.0,70.896
GAS,539.7102777777778,264.0,70.896
GAS,557.3769444444445,265.0,70.896
GAS,572.2102777777777,267.0,70.896
GAS,593.0547222222223,268.0,70.896
GAS,607.9991666666666,269.0,70.896
GAS,623.1102777777777,272.0,70.896
GAS,635.0213888888889,268.0,70.896
GAS,654.0769444444445,245.0,70.896
GAS,671.8102777777779,228.0,70.896
GAS,681.6769444444445,222.0,70.896
GAS,691.3658333333334,218.0,70.896
GAS,704.9658333333334,204.0,70.896
GAS,722.0325000000001,192.0,70.896
GAS,738.0325,180.0,70.896
GAS,749.6808333333335,174.0,70.896
GAS,766.4808333333334,168.0,70.896
GAS,775.9808333333334,171.0,70.896
GAS,787.7141666666668,176.0,70.896
GAS,797.6030555555557,178.0,70.896
GAS,805.6030555555557,180.0,70.896
GAS,817.8697222222222,184.0,70.896
GAS,828.2030555555556,186.0,70.896
GAS,841.4555555555555,171.0,70.896
GAS,859.6777777777778,164.0,70.896
GAS,866.7,158.0,70.896
GAS,873.5,153.0,70.896
GAS,883.6333333333333,152.0,70.896
GAS,894.1,157.0,70.896
GAS,914.0222222222222,163.0,70.896
GAS,931.7222222222222,177.0,70.896
GAS,939.7666666666667,181.0,70.896
GAS,957.2777777777778,197.0,70.896
GAS,977.8777777777777,206.0,70.896
GAS,1005.1333333333333,223.0,70.896
GAS,1015.0444444444445,223.0,70.896
GAS,1027.6,226.0,70.896
GAS,1036.4888888888888,200.0,70.896
GAS,1049.3222222222223,165.0,70.896
GAS,1061.3222222222223,135.0,70.896
GAS,1068.1000000000001,122.0,70.896
GAS,1074.2975000000001,111.0,70.896
GAS,1079.9641666666669,102.0,70.896
GAS,1085.4086111111112,98.0,70.896
GAS,1093.1419444444446,87.0,70.896
GAS,1103.164166666667,82.0,70.896
GAS,1110.453055555556,82.0,70.896
GAS,1114.0975000000003,82.0,70.896
GAS,1121.5408333333337,84.0,70.896
GAS,1125.5852777777782,91.0,70.896
GAS,1137.363055555556,106.0,70.896
GAS,1142.563055555556,117.0,70.896
GAS,1154.651944444445,136.0,70.896
GAS,1164.4519444444452,147.0,70.896
GAS,1178.2519444444451,138.0,70.896
GAS,1185.029722222223,122.0,70.896
GAS,1192.729722222223,99.0,70.896
GAS,1198.6630555555564,89.0,70.896
GAS,1203.1075000000008,80.0,70.896
GAS,1207.2186111111118,74.0,70.896
GAS,1212.351944444445,66.0,70.896
GAS,1218.151944444445,58.0,70.896
GAS,1221.151944444445,54.0,70.896
GAS,1224.8852777777784,48.0,70.896
GAS,1228.6186111111117,48.0,70.896
GAS,1232.053055555556,44.0,70.896
GAS,1235.253055555556,48.0,70.896
GAS,1237.5197222222228,51.0,70.896
GAS,1243.1197222222227,56.0,70.896
GAS,1247.3197222222227,63.0,70.896
GAS,1269.7641666666673,101.0,70.896
GAS,1275.7641666666673,108.0,70.896
GAS,1282.7350000000006,105.0,70.896
GAS,1291.4461111111118,98.0,70.896
GAS,1302.4461111111118,90.0,70.896
GAS,1307.279444444445,87.0,70.896
GAS,1317.5461111111117,84.0,70.896
GAS,1324.9350000000006,95.0,70.896
GAS,1330.5461111111117,101.0,70.896
GAS,1335.5238888888896,112.0,70.896
GAS,1342.4127777777785,124.0,70.896
GAS,1355.5127777777786,131.0,70.896
GAS,1366.9127777777787,114.0,70.896
GAS,1375.2350000000008,107.0,70.896
GAS,1379.857222222223,104.0,70.896
GAS,1387.4016666666676,97.0,70.896
GAS,1393.6683333333342,94.0,70.896
GAS,1400.6683333333342,90.0,70.896
GAS,1406.6933333333343,90.0,70.896
GAS,1419.160000000001,102.0,70.896
GAS,1425.271111111112,110.0,70.896
GAS,1431.660000000001,115.0,70.896
GAS,1438.9377777777786,131.0,70.896
GAS,1454.4377777777786,155.0,70.896
GAS,1467.271111111112,165.0,70.896
GAS,1485.4711111111121,182.0,70.896
GAS,1493.9155555555567,190.0,70.896
GAS,1507.0605555555564,198.0,70.896
GAS,1523.2383333333344,208.0,70.896
GAS,1547.5716666666676,219.0,70.896
GAS,1573.016111111112,229.0,70.896
GAS,1593.9938888888898,236.0,70.896
GAS,1615.416111111112,241.0,70.896
GAS,1637.4605555555565,248.0,70.896
GAS,1648.6161111111123,251.0,70.896
GAS,1662.6716666666675,253.0,70.896
GAS,1685.427222222223,256.0,70.896
GAS,1717.4494444444456,262.0,70.896
GAS,1747.005000000001,266.0,70.896
GAS,1767.8494444444455,268.0,70.896
GAS,1788.9244444444453,270.0,70.896
GAS,1822.6577777777784,276.0,70.896
GAS,1834.9688888888898,277.0,70.896
GAS,1856.6688888888893,279.0,70.896
GAS,1869.1133333333341,280.0,70.896
GAS,1887.8466666666677,281.0,70.896
GAS,1913.0911111111122,284.0,70.896
GAS,1935.3355555555563,286.0,70.896
GAS,1948.0911111111122,287.0,70.896
GAS,1975.1911111111121,271.0,70.896
GAS,1988.5683333333343,242.0,70.896
GAS,2000.3461111111124,212.0,70.896
GAS,2010.6794444444458,186.0,70.896
GAS,2022.6572222222233,154.0,70.896
GAS,2028.6572222222235,135.0,70.896
GAS,2038.1461111111123,122.0,70.896
GAS,2043.3461111111121,117.0,70.896
GAS,2049.2905555555567,107.0,70.896
GAS,2054.512777777779,94.0,70.896
GAS,2061.12388888889,85.0,70.896
GAS,2065.62388888889,81.0,70.896
GAS,2069.090555555557,78.0,70.896
GAS,2073.312777777779,76.0,70.896
GAS,2078.2461111111124,74.0,70.896
GAS,2082.135000000001,70.0,70.896
GAS,2085.2016666666677,69.0,70.896
GAS,2090.135000000001,74.0,70.896
GAS,2093.4683333333346,75.0,70.896
GAS,2099.201666666668,86.0,70.896
GAS,2104.2825000000016,91.0,70.896
GAS,2111.415833333335,107.0,70.896
GAS,2121.215833333335,126.0,70.896
GAS,2127.0380555555575,131.0,70.896
GAS,2136.904722222224,148.0,70.896
GAS,2157.4380555555576,168.0,70.896
GAS,2173.5269444444466,181.0,70.896
GAS,2181.7491666666688,185.0,70.896
GAS,2196.9936111111133,196.0,70.896
GAS,2205.971388888891,202.0,70.896
GAS,2224.8158333333354,212.0,70.896
GAS,2252.2533333333354,225.0,70.896
GAS,2270.29777777778,232.0,70.896
GAS,2283.242222222225,233.0,70.896
GAS,2292.886666666669,217.0,70.896
GAS,2308.753333333336,204.0,70.896
GAS,2319.753333333336,198.0,70.896
GAS,2332.220000000002,187.0,70.896
GAS,2342.386666666669,183.0,70.896
GAS,2356.386666666669,180.0,70.896
GAS,2368.8533333333357,187.0,70.896
GAS,2384.09777777778,196.0,70.896
GAS,2395.3755555555576,203.0,70.896
GAS,2411.708888888891,210.0,70.896
GAS,2426.108888888891,216.0,70.896
GAS,2448.308888888891,222.0,70.896
GAS,2476.6063888888907,231.0,70.896
GAS,2489.6063888888907,234.0,70.896
GAS,2518.450833333335,236.0,70.896
GAS,2529.206388888891,242.0,70.896
GAS,2539.9619444444465,242.0,70.896
GAS,2550.9397222222246,247.0,70.896
GAS,2573.073055555558,249.0,70.896
GAS,2589.7397222222244,250.0,70.896
GAS,2607.69527777778,202.0,70.896
GAS,2618.139722222225,188.0,70.896
GAS,2630.617222222225,161.0,70.896
GAS,2648.828333333336,149.0,70.896
GAS,2658.2283333333357,141.0,70.896
GAS,2666.0061111111136,140.0,70.896
GAS,2681.0061111111136,135.0,70.896
GAS,2692.650555555558,131.0,70.896
GAS,2700.206111111114,136.0,70.896
GAS,2706.3838888888913,139.0,70.896
GAS,2722.083888888891,157.0,70.896
GAS,2729.461666666669,166.0,70.896
GAS,2745.37277777778,179.0,70.896
GAS,2757.77277777778,186.0,70.896
GAS,2770.906111111113,197.0,70.896
GAS,2782.183888888891,203.0,70.896
GAS,2791.206111111113,203.0,70.896
GAS,2809.1558333333355,179.0,70.896
GAS,2824.266944444447,170.0,70.896
GAS,2832.60027777778,150.0,70.896
GAS,2841.1558333333355,110.0,70.896
GAS,2845.7336111111135,103.0,70.896
GAS,2850.089166666669,98.0,70.896
GAS,2854.8669444444467,86.0,70.896
GAS,2859.311388888891,80.0,70.896
GAS,2865.711388888891,72.0,70.896
GAS,2873.1558333333355,67.0,70.896
GAS,2880.8383333333354,63.0,70.896
GAS,2886.6161111111132,65.0,70.896
GAS,2891.4161111111134,72.0,70.896
GAS,2894.749444444447,75.0,70.896
GAS,2900.48277777778,86.0,70.896
GAS,2907.793888888891,94.0,70.896
GAS,2916.660555555558,114.0,70.896
GAS,2924.5938888888913,119.0,70.896
GAS,2930.98277777778,115.0,70.896
GAS,2936.705000000002,103.0,70.896
GAS,2943.9383333333353,93.0,70.896
GAS,2952.5383333333352,86.0,70.896
GAS,2962.316111111113,80.0,70.896
GAS,2974.207500000002,89.0,70.896
GAS,2980.6741666666685,97.0,70.896
GAS,2989.7741666666684,117.0,70.896
GAS,2995.1963888888904,122.0,70.896
GAS,3005.6963888888904,135.0,70.896
GAS,3017.8297222222236,156.0,70.896
GAS,3037.3852777777793,176.0,70.896
GAS,3094.4519444444454,214.0,70.896
GAS,3104.0519444444462,216.0,70.896
GAS,3124.2552777777787,228.0,70.896
GAS,3145.144166666668,235.0,70.896
GAS,3158.533055555557,241.0,70.896
GAS,3177.8219444444458,248.0,70.896
GAS,3194.4886111111123,250.0,70.896
GAS,3220.088611111112,256.0,70.896
GAS,3246.088611111112,260.0,70.896
GAS,3257.6441666666674,260.0,70.896
GAS,3275.644166666668,270.0,70.896
GAS,3293.977500000001,275.0,70.896
OCO,8.676666666666668,274.0,71.285
OCO,27.276666666666664,279.0,71.285
OCO,42.88777777777778,281.0,71.285
OCO,58.531388888888884,283.0,71.285
OCO,83.9536111111111,286.0,71.285
OCO,103.9425,257.0,71.285
OCO,116.77583333333332,231.0,71.285
OCO,130.64249999999998,208.0,71.285
OCO,143.0425,186.0,71.285
OCO,153.64249999999998,159.0,71.285
OCO,160.30916666666664,150.0,71.285
OCO,170.7313888888889,134.0,71.285
OCO,177.8425,128.0,71.285
OCO,183.26472222222222,122.0,71.285
OCO,193.57583333333332,116.0,71.285
OCO,203.62027777777777,113.0,71.285
OCO,217.28694444444446,123.0,71.285
OCO,229.37583333333333,136.0,71.285
OCO,241.1202777777778,151.0,71.285
OCO,250.06472222222226,161.0,71.285
OCO,257.5758333333334,169.0,71.285
OCO,271.6536111111111,181.0,71.285
OCO,282.2061111111111,189.0,71.285
OCO,293.0394444444444,195.0,71.285
OCO,313.5394444444444,205.0,71.285
OCO,342.7394444444445,219.0,71.285
OCO,355.12833333333333,223.0,71.285
OCO,370.26166666666666,227.0,71.285
OCO,388.3838888888889,233.0,71.285
OCO,398.8513888888889,237.0,71.285
OCO,423.05138888888894,242.0,71.285
OCO,442.2625,247.0,71.285
OCO,458.99583333333334,251.0,71.285
OCO,478.6736111111111,253.0,71.285
OCO,490.00694444444446,255.0,71.285
OCO,504.3402777777779,258.0,71.285
OCO,521.5402777777779,258.0,71.285
OCO,539.0069444444446,262.0,71.285
OCO,550.6958333333333,263.0,71.285
OCO,568.3625,265.0,71.285
OCO,586.0958333333333,266.0,71.285
OCO,618.6069444444445,266.0,71.285
OCO,645.4069444444444,268.0,71.285
OCO,667.0069444444445,243.0,71.285
OCO,684.5069444444445,225.0,71.285
OCO,708.5847222222222,197.0,71.285
OCO,717.2608333333334,194.0,71.285
OCO,725.7497222222222,191.0,71.285
OCO,739.8275,181.0,71.285
OCO,760.4830555555556,169.0,71.285
OCO,767.8608333333333,166.0,71.285
OCO,778.9941666666666,167.0,71.285
OCO,790.3275,170.0,71.285
OCO,808.3275,180.0,71.285
OCO,824.8977777777778,187.0,71.285
OCO,832.6311111111112,174.0,71.285
OCO,843.7644444444444,167.0,71.285
OCO,854.2311111111111,157.0,71.285
OCO,864.4311111111111,153.0,71.285
OCO,881.6644444444445,141.0,71.285
OCO,889.5533333333334,142.0,71.285
OCO,899.3533333333334,147.0,71.285
OCO,914.8533333333334,155.0,71.285
OCO,927.8422222222223,167.0,71.285
OCO,939.3088888888889,172.0,71.285
OCO,949.7533333333333,188.0,71.285
OCO,964.9977777777779,196.0,71.285
OCO,993.2644444444445,212.0,71.285
OCO,1015.5644444444445,223.0,71.285
OCO,1035.5644444444445,200.0,71.285
OCO,1046.1169444444445,189.0,71.285
OCO,1054.8947222222223,158.0,71.285
OCO,1061.1169444444445,140.0,71.285
OCO,1072.4169444444444,113.0,71.285
OCO,1077.1725,107.0,71.285
OCO,1084.7169444444444,97.0,71.285
OCO,1093.0725,94.0,71.285
OCO,1097.961388888889,88.0,71.285
OCO,1102.6280555555556,84.0,71.285
OCO,1110.6058333333335,80.0,71.285
OCO,1117.7169444444446,80.0,71.285
OCO,1127.7169444444446,90.0,71.285
OCO,1133.161388888889,98.0,71.285
OCO,1144.161388888889,110.0,71.285
OCO,1161.0280555555555,138.0,71.285
OCO,1174.7169444444444,154.0,71.285
OCO,1187.0725,139.0,71.285
OCO,1192.5836111111112,124.0,71.285
OCO,1199.6502777777778,106.0,71.285
OCO,1208.9391666666668,76.0,71.285
OCO,1216.0502777777779,64.0,71.285
OCO,1221.750277777778,57.0,71.285
OCO,1225.8091666666667,52.0,71.285
OCO,1228.5869444444445,50.0,71.285
OCO,1233.9202777777778,48.0,71.285
OCO,1238.0091666666667,46.0,71.285
OCO,1241.7425,48.0,71.285
OCO,1245.4091666666668,55.0,71.285
OCO,1247.9425,57.0,71.285
OCO,1251.4425,63.0,71.285
OCO,1254.5091666666667,69.0,71.285
OCO,1259.5758333333333,76.0,71.285
OCO,1267.5508333333332,90.0,71.285
OCO,1274.3508333333332,102.0,71.285
OCO,1282.128611111111,100.0,71.285
OCO,1289.5175,95.0,71.285
OCO,1294.628611111111,92.0,71.285
OCO,1304.2952777777778,87.0,71.285
OCO,1311.7619444444445,84.0,71.285
OCO,1317.4952777777778,86.0,71.285
OCO,1327.4952777777778,100.0,71.285
OCO,1335.9730555555557,109.0,71.285
OCO,1341.2175000000002,118.0,71.285
OCO,1349.4175000000002,123.0,71.285
OCO,1361.1175000000003,117.0,71.285
OCO,1370.984166666667,111.0,71.285
OCO,1381.0119444444447,100.0,71.285
OCO,1386.2897222222225,95.0,71.285
OCO,1393.3675000000003,91.0,71.285
OCO,1398.1452777777781,86.0,71.285
OCO,1406.3230555555558,92.0,71.285
OCO,1412.9897222222223,100.0,71.285
OCO,1418.934166666667,107.0,71.285
OCO,1432.3786111111112,121.0,71.285
OCO,1438.5563888888892,139.0,71.285
OCO,1446.8341666666668,149.0,71.285
OCO,1453.6786111111114,154.0,71.285
OCO,1466.6986111111112,168.0,71.285
OCO,1476.5319444444447,177.0,71.285
OCO,1500.1208333333334,193.0,71.285
OCO,1509.0097222222225,200.0,71.285
OCO,1522.8763888888889,208.0,71.285
OCO,1532.2986111111113,212.0,71.285
OCO,1546.765277777778,217.0,71.285
OCO,1559.2652777777778,225.0,71.285
OCO,1577.1541666666667,230.0,71.285
OCO,1598.3097222222223,238.0,71.285
OCO,1619.9986111111111,244.0,71.285
OCO,1642.2208333333333,250.0,71.285
OCO,1656.276388888889,253.0,71.285
OCO,1673.209722222222,254.0,71.285
OCO,1705.1097222222222,261.0,71.285
OCO,1731.5830555555553,264.0,71.285
OCO,1749.3830555555555,267.0,71.285
OCO,1761.2497222222219,267.0,71.285
OCO,1800.6830555555555,273.0,71.285
OCO,1812.860833333333,274.0,71.285
OCO,1825.0830555555553,275.0,71.285
OCO,1846.7830555555554,279.0,71.285
OCO,1862.3386111111106,280.0,71.285
OCO,1896.805277777777,282.0,71.285
OCO,1918.7377777777774,283.0,71.285
OCO,1940.8266666666664,284.0,71.285
OCO,1953.4933333333327,285.0,71.285
OCO,1968.9377777777772,278.0,71.285
OCO,1987.215555555555,235.0,71.285
OCO,2001.2155555555548,210.0,71.285
OCO,2013.4822222222217,184.0,71.285
OCO,2027.6822222222218,142.0,71.285
OCO,2042.2155555555553,109.0,71.285
OCO,2047.8266666666664,101.0,71.285
OCO,2054.9044444444444,91.0,71.285
OCO,2060.7044444444446,87.0,71.285
OCO,2064.3488888888887,82.0,71.285
OCO,2070.4155555555553,78.0,71.285
OCO,2075.282222222222,73.0,71.285
OCO,2078.5266666666666,73.0,71.285
OCO,2083.1458333333335,69.0,71.285
OCO,2086.301388888889,71.0,71.285
OCO,2096.3236111111114,82.0,71.285
OCO,2102.790277777778,97.0,71.285
OCO,2109.9902777777784,108.0,71.285
OCO,2121.1013888888897,125.0,71.285
OCO,2132.145833333334,142.0,71.285
OCO,2142.345833333334,153.0,71.285
OCO,2151.123611111112,158.0,71.285
OCO,2167.212500000001,181.0,71.285
OCO,2181.8600000000006,189.0,71.285
OCO,2202.1600000000008,203.0,71.285
OCO,2218.7266666666674,213.0,71.285
OCO,2230.8933333333343,219.0,71.285
OCO,2248.315555555557,224.0,71.285
OCO,2277.037777777779,235.0,71.285
OCO,2289.5933333333346,226.0,71.285
OCO,2308.3488888888896,211.0,71.285
OCO,2325.2377777777783,190.0,71.285
OCO,2335.571111111112,186.0,71.285
OCO,2345.460000000001,178.0,71.285
OCO,2359.615555555556,182.0,71.285
OCO,2370.1711111111117,190.0,71.285
OCO,2380.782222222223,191.0,71.285
OCO,2394.1822222222227,201.0,71.285
OCO,2405.5722222222225,204.0,71.285
OCO,2419.772222222223,213.0,71.285
OCO,2429.372222222223,216.0,71.285
OCO,2449.2833333333338,224.0,71.285
OCO,2474.9500000000007,231.0,71.285
OCO,2490.55,234.0,71.285
OCO,2508.905555555556,236.0,71.285
OCO,2533.105555555556,242.0,71.285
OCO,2554.9722222222226,246.0,71.285
OCO,2571.572222222223,249.0,71.285
OCO,2587.3063888888896,237.0,71.285
OCO,2607.7063888888897,204.0,71.285
OCO,2621.628611111112,179.0,71.285
OCO,2639.7397222222235,163.0,71.285
OCO,2655.9619444444456,146.0,71.285
OCO,2669.5619444444455,136.0,71.285
OCO,2685.5730555555565,131.0,71.285
OCO,2691.1730555555564,126.0,71.285
OCO,2702.9952777777785,133.0,71.285
OCO,2717.4952777777785,145.0,71.285
OCO,2723.939722222223,145.0,71.285
OCO,2731.228611111112,164.0,71.285
OCO,2744.8102777777785,174.0,71.285
OCO,2754.8658333333337,181.0,71.285
OCO,2763.265833333334,189.0,71.285
OCO,2774.099166666667,195.0,71.285
OCO,2783.0325000000003,201.0,71.285
OCO,2796.5658333333336,203.0,71.285
OCO,2804.6991666666668,183.0,71.285
OCO,2814.3658333333337,174.0,71.285
OCO,2826.4547222222227,136.0,71.285
OCO,2834.010277777778,136.0,71.285
OCO,2842.021388888889,103.0,71.285
OCO,2849.3325,94.0,71.285
OCO,2853.1991666666668,87.0,71.285
OCO,2860.043611111111,77.0,71.285
OCO,2864.6244444444446,69.0,71.285
OCO,2868.957777777778,65.0,71.285
OCO,2873.468888888889,58.0,71.285
OCO,2878.8022222222226,60.0,71.285
OCO,2885.8022222222226,70.0,71.285
OCO,2889.002222222223,72.0,71.285
OCO,2893.3911111111115,79.0,71.285
OCO,2898.224444444445,87.0,71.285
OCO,2903.3355555555563,92.0,71.285
OCO,2910.735555555556,111.0,71.285
OCO,2915.6688888888893,111.0,71.285
OCO,2922.2244444444445,118.0,71.285
OCO,2928.2244444444445,108.0,71.285
OCO,2934.757777777778,98.0,71.285
OCO,2939.1133333333337,98.0,71.285
OCO,2945.9041666666667,87.0,71.285
OCO,2952.4375,84.0,71.285
OCO,2957.0486111111113,83.0,71.285
OCO,2965.248611111111,82.0,71.285
OCO,2969.026388888889,85.0,71.285
OCO,2974.026388888889,90.0,71.285
OCO,2985.926388888889,119.0,71.285
OCO,2998.826388888889,129.0,71.285
OCO,3012.3375000000005,152.0,71.285
OCO,3019.5375000000004,162.0,71.285
OCO,3027.1819444444445,172.0,71.285
OCO,3039.248611111111,181.0,71.285
OCO,3054.259722222222,193.0,71.285
OCO,3067.603888888889,201.0,71.285
OCO,3089.003888888889,214.0,71.285
OCO,3114.0038888888894,225.0,71.285
OCO,3129.403888888889,231.0,71.285
OCO,3153.503888888889,241.0,71.285
OCO,3167.170555555556,246.0,71.285
OCO,3186.770555555556,252.0,71.285
OCO,3206.681666666667,256.0,71.285
OCO,3235.6816666666664,261.0,71.285
OCO,3250.1816666666664,261.0,71.285
OCO,3268.181666666666,270.0,71.285
RIC,24.545277777777777,277.0,71.482
RIC,36.98972222222222,280.0,71.482
RIC,58.99972222222222,284.0,71.482
RIC,84.33305555555556,285.0,71.482
RIC,103.13305555555556,282.0,71.482
RIC,133.32194444444445,209.0,71.482
RIC,148.07750000000001,166.0,71.482
RIC,156.41083333333336,150.0,71.482
RIC,165.74416666666667,140.0,71.482
RIC,171.52194444444444,130.0,71.482
RIC,184.52194444444444,117.0,71.482
RIC,189.72194444444446,117.0,71.482
RIC,201.22194444444446,115.0,71.482
RIC,207.66638888888892,116.0,71.482
RIC,221.7775,127.0,71.482
RIC,230.84416666666667,136.0,71.482
RIC,244.3552777777778,152.0,71.482
RIC,255.1552777777778,162.0,71.482
RIC,266.7552777777778,174.0,71.482
RIC,285.5552777777778,188.0,71.482
RIC,298.5425,194.0,71.482
RIC,316.4091666666667,201.0,71.482
RIC,325.56472222222226,206.0,71.482
RIC,349.7869444444445,218.0,71.482
RIC,362.17583333333334,223.0,71.482
RIC,377.17583333333334,225.0,71.482
RIC,392.64444444444445,233.0,71.482
RIC,408.44444444444446,237.0,71.482
RIC,421.7777777777778,240.0,71.482
RIC,438.11111111111114,245.0,71.482
RIC,451.8333333333334,247.0,71.482
RIC,482.87777777777785,254.0,71.482
RIC,494.2111111111112,255.0,71.482
RIC,517.1444444444446,258.0,71.482
RIC,531.588888888889,260.0,71.482
RIC,543.2333333333335,262.0,71.482
RIC,554.877777777778,262.0,71.482
RIC,584.4333333333335,266.0,71.482
RIC,608.1666666666669,267.0,71.482
RIC,631.9888888888889,268.0,71.482
RIC,651.5111111111113,251.0,71.482
RIC,669.1666666666669,227.0,71.482
RIC,681.1111111111113,215.0,71.482
RIC,697.8333333333335,215.0,71.482
RIC,722.9522222222224,188.0,71.482
RIC,731.0855555555557,183.0,71.482
RIC,744.8522222222224,177.0,71.482
RIC,759.8744444444446,169.0,71.482
RIC,767.3411111111113,168.0,71.482
RIC,780.6411111111113,171.0,71.482
RIC,800.4188888888891,178.0,71.482
RIC,816.191666666667,178.0,71.482
RIC,833.5916666666669,174.0,71.482
RIC,841.1472222222225,170.0,71.482
RIC,855.102777777778,157.0,71.482
RIC,863.4361111111112,150.0,71.482
RIC,878.3361111111113,149.0,71.482
RIC,888.2027777777779,148.0,71.482
RIC,896.5361111111112,150.0,71.482
RIC,908.513888888889,154.0,71.482
RIC,917.6250000000001,164.0,71.482
RIC,927.2916666666667,174.0,71.482
RIC,935.4250000000001,183.0,71.482
RIC,950.2027777777779,190.0,71.482
RIC,965.6805555555558,199.0,71.482
RIC,974.7916666666669,205.0,71.482
RIC,984.0361111111113,208.0,71.482
RIC,998.5027777777779,217.0,71.482
RIC,1018.5027777777779,225.0,71.482
RIC,1038.413888888889,224.0,71.482
RIC,1050.3969444444444,179.0,71.482
RIC,1065.1969444444444,148.0,71.482
RIC,1072.4191666666666,130.0,71.482
RIC,1080.0191666666667,114.0,71.482
RIC,1085.7969444444445,104.0,71.482
RIC,1090.4191666666668,104.0,71.482
RIC,1096.5525000000002,92.0,71.482
RIC,1101.4413888888892,88.0,71.482
RIC,1108.1063888888891,86.0,71.482
RIC,1116.995277777778,80.0,71.482
RIC,1120.4619444444447,78.0,71.482
RIC,1124.1508333333336,83.0,71.482
RIC,1130.084166666667,89.0,71.482
RIC,1136.3508333333336,94.0,71.482
RIC,1150.7730555555559,118.0,71.482
RIC,1163.7730555555559,130.0,71.482
RIC,1170.2619444444447,146.0,71.482
RIC,1183.5063888888892,149.0,71.482
RIC,1195.0063888888892,115.0,71.482
RIC,1205.6397222222224,87.0,71.482
RIC,1209.1508333333336,79.0,71.482
RIC,1213.0952777777782,71.0,71.482
RIC,1216.1619444444448,69.0,71.482
RIC,1220.7508333333337,59.0,71.482
RIC,1225.8175000000003,57.0,71.482
RIC,1228.8175000000003,54.0,71.482
RIC,1231.7208333333338,52.0,71.482
RIC,1234.554166666667,51.0,71.482
RIC,1237.2763888888892,49.0,71.482
RIC,1241.4541666666669,47.0,71.482
RIC,1248.0541666666668,54.0,71.482
RIC,1253.6541666666667,63.0,71.482
RIC,1256.7652777777778,70.0,71.482
RIC,1263.8541666666667,80.0,71.482
RIC,1267.8097222222223,89.0,71.482
RIC,1279.2541666666668,103.0,71.482
RIC,1283.876388888889,104.0,71.482
RIC,1292.4986111111114,97.0,71.482
RIC,1298.565277777778,91.0,71.482
RIC,1307.065277777778,85.0,71.482
RIC,1311.7875000000001,85.0,71.482
RIC,1318.3986111111112,85.0,71.482
RIC,1324.5319444444444,92.0,71.482
RIC,1329.976388888889,98.0,71.482
RIC,1335.7541666666668,104.0,71.482
RIC,1344.7763888888892,116.0,71.482
RIC,1357.9763888888892,132.0,71.482
RIC,1364.6986111111114,121.0,71.482
RIC,1372.943055555556,106.0,71.482
RIC,1380.643055555556,99.0,71.482
RIC,1388.0583333333338,95.0,71.482
RIC,1394.0583333333338,90.0,71.482
RIC,1398.0138888888894,89.0,71.482
RIC,1407.1138888888893,91.0,71.482
RIC,1413.380555555556,94.0,71.482
RIC,1441.602777777778,127.0,71.482
RIC,1449.3250000000005,139.0,71.482
RIC,1459.6152777777781,155.0,71.482
RIC,1474.6375000000003,169.0,71.482
RIC,1497.2486111111114,185.0,71.482
RIC,1507.9708333333338,193.0,71.482
RIC,1533.3930555555557,208.0,71.482
RIC,1550.193055555556,216.0,71.482
RIC,1562.5263888888894,222.0,71.482
RIC,1572.4819444444447,224.0,71.482
RIC,1585.1486111111114,228.0,71.482
RIC,1608.8486111111115,237.0,71.482
RIC,1633.0486111111115,242.0,71.482
RIC,1652.2597222222228,247.0,71.482
RIC,1663.3708333333336,250.0,71.482
RIC,1683.1263888888893,254.0,71.482
RIC,1700.2597222222228,257.0,71.482
RIC,1720.4819444444452,260.0,71.482
RIC,1737.9544444444452,261.0,71.482
RIC,1770.343333333334,265.0,71.482
RIC,1785.1766666666674,267.0,71.482
RIC,1800.1211111111115,269.0,71.482
RIC,1815.1766666666672,271.0,71.482
RIC,1842.576666666667,274.0,71.482
RIC,1863.8877777777782,274.0,71.482
RIC,1891.787777777778,279.0,71.482
RIC,1904.1877777777777,279.0,71.482
RIC,1922.8430555555558,281.0,71.482
RIC,1944.7763888888892,282.0,71.482
RIC,1975.9986111111114,281.0,71.482
RIC,2000.8875000000003,224.0,71.482
RIC,2015.9986111111114,170.0,71.482
RIC,2028.5319444444447,141.0,71.482
RIC,2039.9986111111114,129.0,71.482
RIC,2044.976388888889,112.0,71.482
RIC,2050.865277777778,106.0,71.482
RIC,2059.398611111111,96.0,71.482
RIC,2069.909722222222,86.0,71.482
RIC,2078.2430555555557,75.0,71.482
RIC,2084.1541666666667,76.0,71.482
RIC,2089.54,69.0,71.482
RIC,2098.7066666666665,75.0,71.482
RIC,2102.3066666666664,81.0,71.482
RIC,2109.773333333333,96.0,71.482
RIC,2114.04,96.0,71.482
RIC,2122.04,120.0,71.482
RIC,2134.217777777778,137.0,71.482
RIC,2146.117777777778,153.0,71.482
RIC,2153.1400000000003,158.0,71.482
RIC,2170.5400000000004,174.0,71.482
RIC,2180.4347222222227,179.0,71.482
RIC,2190.9902777777784,190.0,71.482
RIC,2201.9347222222227,197.0,71.482
RIC,2217.956944444445,206.0,71.482
RIC,2227.1125000000006,206.0,71.482
RIC,2243.990277777778,217.0,71.482
RIC,2253.8569444444447,222.0,71.482
RIC,2266.4680555555556,227.0,71.482
RIC,2279.301388888889,231.0,71.482
RIC,2296.1013888888892,216.0,71.482
RIC,2306.990277777778,196.0,71.482
RIC,2315.3458333333338,188.0,71.482
RIC,2325.2902777777786,179.0,71.482
RIC,2337.0236111111117,176.0,71.482
RIC,2346.8013888888895,176.0,71.482
RIC,2354.8013888888895,180.0,71.482
RIC,2367.0680555555564,184.0,71.482
RIC,2375.5569444444454,191.0,71.482
RIC,2388.556944444445,195.0,71.482
RIC,2399.7236111111115,200.0,71.482
RIC,2413.7236111111115,210.0,71.482
RIC,2430.6791666666672,218.0,71.482
RIC,2440.5013888888893,221.0,71.482
RIC,2455.5013888888893,225.0,71.482
RIC,2483.8569444444447,232.0,71.482
RIC,2504.7458333333334,235.0,71.482
RIC,2515.279166666667,237.0,71.482
RIC,2534.1791666666672,243.0,71.482
RIC,2544.890277777778,241.0,71.482
RIC,2566.8458333333338,247.0,71.482
RIC,2596.7222222222226,245.0,71.482
RIC,2611.966666666667,196.0,71.482
RIC,2621.8,177.0,71.482
RIC,2629.266666666667,168.0,71.482
RIC,2641.0111111111114,151.0,71.482
RIC,2649.0666666666666,145.0,71.482
RIC,2658.5333333333333,142.0,71.482
RIC,2666.2000000000003,138.0,71.482
RIC,2676.933333333334,138.0,71.482
RIC,2685.866666666667,134.0,71.482
RIC,2696.0555555555557,131.0,71.482
RIC,2703.5555555555557,135.0,71.482
RIC,2714.911111111111,146.0,71.482
RIC,2725.4444444444443,158.0,71.482
RIC,2742.5444444444443,171.0,71.482
RIC,2765.8194444444443,190.0,71.482
RIC,2776.7083333333335,196.0,71.482
RIC,2801.7638888888887,205.0,71.482
RIC,2810.1638888888883,189.0,71.482
RIC,2818.075,178.0,71.482
RIC,2825.0972222222217,158.0,71.482
RIC,2836.4749999999995,128.0,71.482
RIC,2843.808333333333,110.0,71.482
RIC,2853.1416666666664,105.0,71.482
RIC,2858.975,105.0,71.482
RIC,2865.1749999999997,80.0,71.482
RIC,2873.608333333333,69.0,71.482
RIC,2877.875,64.0,71.482
RIC,2881.4305555555557,64.0,71.482
RIC,2888.541666666667,64.0,71.482
RIC,2894.586111111111,68.0,71.482
RIC,2898.586111111111,72.0,71.482
RIC,2902.052777777778,78.0,71.482
RIC,2911.352777777778,93.0,71.482
RIC,2915.9750000000004,104.0,71.482
RIC,2926.1972222222225,115.0,71.482
RIC,2933.930555555556,116.0,71.482
RIC,2940.6638888888892,101.0,71.482
RIC,2945.941666666667,95.0,71.482
RIC,2949.8972222222224,89.0,71.482
RIC,2958.0197222222223,81.0,71.482
RIC,2965.130833333333,80.0,71.482
RIC,2969.686388888889,82.0,71.482
RIC,2976.2975,85.0,71.482
RIC,2980.3419444444444,91.0,71.482
RIC,2985.008611111111,105.0,71.482
RIC,2991.619722222222,119.0,71.482
RIC,2999.0086111111113,133.0,71.482
RIC,3012.2530555555554,149.0,71.482
RIC,3031.0308333333332,169.0,71.482
RIC,3053.7125,186.0,71.482
RIC,3071.223611111111,197.0,71.482
RIC,3085.0902777777774,208.0,71.482
RIC,3094.4680555555556,211.0,71.482
RIC,3109.134722222222,220.0,71.482
RIC,3126.945833333333,229.0,71.482
RIC,3145.0680555555555,233.0,71.482
RIC,3161.1347222222216,241.0,71.482
RIC,3174.745833333333,245.0,71.482
RIC,3188.5791666666664,249.0,71.482
RIC,3208.101388888889,251.0,71.482
RIC,3234.101388888889,260.0,71.482
RIC,3266.8569444444443,268.0,71.482
STR,0.5366666666666667,276.0,71.563
STR,12.936666666666667,279.0,71.563
STR,31.603333333333328,280.0,71.563
STR,50.60333333333333,285.0,71.563
STR,79.40333333333332,288.0,71.563
STR,105.18916666666667,291.0,71.563
STR,117.50027777777777,277.0,71.563
STR,134.76694444444445,259.0,71.563
STR,147.8336111111111,196.0,71.563
STR,160.90027777777777,196.0,71.563
STR,177.76694444444445,138.0,71.563
STR,184.98916666666668,130.0,71.563
STR,193.65583333333333,130.0,71.563
STR,204.95583333333335,113.0,71.563
STR,213.5113888888889,110.0,71.563
STR,221.3113888888889,117.0,71.563
STR,228.14472222222224,123.0,71.563
STR,239.0336111111111,140.0,71.563
STR,260.23361111111114,159.0,71.563
STR,277.93361111111113,177.0,71.563
STR,297.1336111111111,192.0,71.563
STR,308.24444444444447,199.0,71.563
STR,319.6333333333333,205.0,71.563
STR,328.8333333333333,207.0,71.563
STR,350.73333333333335,219.0,71.563
STR,360.5555555555556,221.0,71.563
STR,378.3666666666667,229.0,71.563
STR,399.1666666666667,234.0,71.563
STR,412.2777777777778,236.0,71.563
STR,425.66666666666674,241.0,71.563
STR,450.2980555555556,247.0,71.563
STR,472.69805555555564,252.0,71.563
STR,501.03138888888884,255.0,71.563
STR,515.3647222222222,258.0,71.563
STR,541.5647222222221,262.0,71.563
STR,574.0758333333332,266.0,71.563
STR,597.7202777777777,266.0,71.563
STR,621.6313888888889,269.0,71.563
STR,633.5869444444444,269.0,71.563
STR,650.5202777777778,254.0,71.563
STR,678.6313888888889,230.0,71.563
STR,701.6313888888889,207.0,71.563
STR,720.5313888888888,189.0,71.563
STR,734.8155555555555,183.0,71.563
STR,744.76,179.0,71.563
STR,763.4266666666666,168.0,71.563
STR,778.0933333333332,165.0,71.563
STR,791.0822222222221,167.0,71.563
STR,802.8155555555554,176.0,71.563
STR,810.6377777777776,176.0,71.563
STR,820.8599999999999,184.0,71.563
STR,829.2599999999999,189.0,71.563
STR,841.5266666666664,184.0,71.563
STR,855.7044444444442,160.0,71.563
STR,865.7711111111109,151.0,71.563
STR,877.0488888888887,145.0,71.563
STR,887.7044444444442,137.0,71.563
STR,895.3711111111108,138.0,71.563
STR,911.3711111111108,144.0,71.563
STR,925.2377777777775,156.0,71.563
STR,936.1711111111109,164.0,71.563
STR,954.3711111111108,182.0,71.563
STR,969.4599999999998,194.0,71.563
STR,978.2599999999998,198.0,71.563
STR,992.1266666666663,208.0,71.563
STR,1013.6266666666663,215.0,71.563
STR,1033.3599999999997,222.0,71.563
STR,1050.9086111111108,175.0,71.563
STR,1060.0197222222218,164.0,71.563
STR,1070.130833333333,130.0,71.563
STR,1076.741944444444,119.0,71.563
STR,1086.0752777777773,105.0,71.563
STR,1092.4752777777771,96.0,71.563
STR,1097.4752777777771,90.0,71.563
STR,1106.8086111111104,84.0,71.563
STR,1110.4530555555548,82.0,71.563
STR,1114.8419444444437,79.0,71.563
STR,1118.3530555555549,79.0,71.563
STR,1124.4755555555548,79.0,71.563
STR,1129.197777777777,85.0,71.563
STR,1141.6644444444437,102.0,71.563
STR,1146.4644444444436,108.0,71.563
STR,1154.8644444444435,126.0,71.563
STR,1160.7755555555545,133.0,71.563
STR,1170.7755555555545,150.0,71.563
STR,1179.3866666666656,155.0,71.563
STR,1190.1977777777768,139.0,71.563
STR,1199.442222222221,104.0,71.563
STR,1208.1533333333323,98.0,71.563
STR,1215.619999999999,84.0,71.563
STR,1219.4533333333325,69.0,71.563
STR,1223.519999999999,61.0,71.563
STR,1229.8755555555547,52.0,71.563
STR,1234.7891666666658,49.0,71.563
STR,1237.9224999999992,47.0,71.563
STR,1240.0113888888882,47.0,71.563
STR,1247.3780555555547,51.0,71.563
STR,1249.7780555555548,54.0,71.563
STR,1252.2224999999992,55.0,71.563
STR,1257.2780555555548,65.0,71.563
STR,1261.3336111111103,73.0,71.563
STR,1272.4558333333325,91.0,71.563
STR,1280.8258333333324,108.0,71.563
STR,1288.8369444444436,103.0,71.563
STR,1293.281388888888,100.0,71.563
STR,1298.50361111111,94.0,71.563
STR,1305.192499999999,86.0,71.563
STR,1310.7924999999989,84.0,71.563
STR,1316.192499999999,81.0,71.563
STR,1324.7924999999989,86.0,71.563
STR,1337.7258333333323,97.0,71.563
STR,1343.6702777777766,107.0,71.563
STR,1353.3924999999988,125.0,71.563
STR,1361.7924999999987,126.0,71.563
STR,1367.2147222222209,122.0,71.563
STR,1375.5369444444432,107.0,71.563
STR,1382.3369444444431,102.0,71.563
STR,1386.6924999999987,98.0,71.563
STR,1393.052222222221,95.0,71.563
STR,1397.1855555555542,93.0,71.563
STR,1408.063333333332,89.0,71.563
STR,1414.063333333332,90.0,71.563
STR,1420.463333333332,96.0,71.563
STR,1429.8855555555542,106.0,71.563
STR,1438.9077777777766,116.0,71.563
STR,1447.4411111111096,128.0,71.563
STR,1455.7744444444431,150.0,71.563
STR,1469.64111111111,156.0,71.563
STR,1483.5136111111096,179.0,71.563
STR,1502.61361111111,191.0,71.563
STR,1518.3247222222208,202.0,71.563
STR,1529.935833333332,209.0,71.563
STR,1546.8913888888876,218.0,71.563
STR,1574.3913888888874,225.0,71.563
STR,1587.2802777777765,232.0,71.563
STR,1608.3469444444431,237.0,71.563
STR,1630.3024999999986,247.0,71.563
STR,1644.1913888888873,250.0,71.563
STR,1658.246944444443,253.0,71.563
STR,1678.235833333332,257.0,71.563
STR,1692.6247222222207,259.0,71.563
STR,1707.0136111111099,259.0,71.563
STR,1724.4802777777768,262.0,71.563
STR,1739.2761111111101,265.0,71.563
STR,1757.1427777777765,268.0,71.563
STR,1769.0983333333322,269.0,71.563
STR,1793.27611111111,272.0,71.563
STR,1824.0538888888875,277.0,71.563
STR,1842.4538888888876,276.0,71.563
STR,1864.231666666665,280.0,71.563
STR,1892.5316666666654,283.0,71.563
STR,1917.8649999999986,285.0,71.563
STR,1936.9316666666648,286.0,71.563
STR,1955.9188888888873,286.0,71.563
STR,1981.8188888888872,259.0,71.563
STR,1999.5522222222205,228.0,71.563
STR,2018.107777777776,167.0,71.563
STR,2033.7744444444425,141.0,71.563
STR,2044.5744444444424,108.0,71.563
STR,2056.0633333333312,94.0,71.563
STR,2060.0633333333312,90.0,71.563
STR,2067.7966666666644,87.0,71.563
STR,2075.5966666666645,78.0,71.563
STR,2079.0188888888865,77.0,71.563
STR,2082.35222222222,75.0,71.563
STR,2087.7380555555533,69.0,71.563
STR,2091.7380555555533,72.0,71.563
STR,2095.0713888888868,75.0,71.563
STR,2099.515833333331,80.0,71.563
STR,2103.382499999998,87.0,71.563
STR,2109.7158333333314,95.0,71.563
STR,2114.2491666666647,102.0,71.563
STR,2120.860277777776,119.0,71.563
STR,2132.4158333333316,130.0,71.563
STR,2140.304722222221,142.0,71.563
STR,2152.9047222222207,162.0,71.563
STR,2166.515833333332,175.0,71.563
STR,2174.515833333332,180.0,71.563
STR,2191.4936111111097,191.0,71.563
STR,2204.173888888887,191.0,71.563
STR,2217.840555555554,205.0,71.563
STR,2234.79611111111,218.0,71.563
STR,2254.79611111111,225.0,71.563
STR,2277.89611111111,231.0,71.563
STR,2288.1627777777762,231.0,71.563
STR,2299.8849999999984,211.0,71.563
STR,2310.662777777776,194.0,71.563
STR,2320.7183333333314,181.0,71.563
STR,2332.2516666666647,173.0,71.563
STR,2339.80722222222,170.0,71.563
STR,2349.3627777777756,172.0,71.563
STR,2359.0849999999978,175.0,71.563
STR,2371.4183333333312,185.0,71.563
STR,2379.862777777776,190.0,71.563
STR,2395.473888888887,200.0,71.563
STR,2411.651666666665,208.0,71.563
STR,2423.429444444442,212.0,71.563
STR,2445.7294444444424,223.0,71.563
STR,2455.640555555554,223.0,71.563
STR,2468.0294444444426,223.0,71.563
STR,2491.4294444444427,234.0,71.563
STR,2515.0294444444426,236.0,71.563
STR,2536.5405555555535,242.0,71.563
STR,2547.4294444444427,245.0,71.563
STR,2558.4072222222203,247.0,71.563
STR,2574.9405555555536,248.0,71.563
STR,2593.9183333333312,244.0,71.563
STR,2607.5280555555532,205.0,71.563
STR,2624.228055555553,167.0,71.563
STR,2640.672499999998,148.0,71.563
STR,2650.2724999999978,144.0,71.563
STR,2663.9724999999976,137.0,71.563
STR,2671.3613888888867,133.0,71.563
STR,2681.083611111109,125.0,71.563
STR,2690.805833333331,125.0,71.563
STR,2706.1391666666646,138.0,71.563
STR,2714.4169444444424,149.0,71.563
STR,2725.0169444444423,159.0,71.563
STR,2738.442499999998,172.0,71.563
STR,2750.5091666666644,181.0,71.563
STR,2765.3647222222203,191.0,71.563
STR,2780.9980555555535,201.0,71.563
STR,2794.7313888888866,206.0,71.563
STR,2809.975833333331,196.0,71.563
STR,2821.5091666666644,173.0,71.563
STR,2835.6091666666644,141.0,71.563
STR,2843.2091666666643,114.0,71.563
STR,2848.820277777775,101.0,71.563
STR,2857.320277777775,85.0,71.563
STR,2860.786944444442,78.0,71.563
STR,2865.3869444444417,69.0,71.563
STR,2869.6358333333305,64.0,71.563
STR,2874.702499999997,57.0,71.563
STR,2878.3691666666637,66.0,71.563
STR,2882.1691666666634,57.0,71.563
STR,2886.9913888888855,62.0,71.563
STR,2894.0913888888854,71.0,71.563
STR,2904.0913888888854,90.0,71.563
STR,2910.8247222222185,101.0,71.563
STR,2917.380277777774,118.0,71.563
STR,2925.380277777774,120.0,71.563
STR,2933.3136111111075,102.0,71.563
STR,2941.580277777774,93.0,71.563
STR,2945.5605555555517,89.0,71.563
STR,2949.4272222222185,87.0,71.563
STR,2956.804999999996,83.0,71.563
STR,2963.7383333333296,78.0,71.563
STR,2971.382777777774,86.0,71.563
STR,2977.6494444444406,94.0,71.563
STR,2983.3161111111076,102.0,71.563
STR,2992.8049999999967,122.0,71.563
STR,2998.7161111111077,133.0,71.563
STR,3006.827222222219,146.0,71.563
STR,3015.549444444441,157.0,71.563
STR,3028.927222222219,172.0,71.563
STR,3047.527222222219,186.0,71.563
STR,3060.660555555552,197.0,71.563
STR,3071.992499999996,205.0,71.563
STR,3081.103611111107,205.0,71.563
STR,3095.7036111111074,219.0,71.563
STR,3108.148055555552,224.0,71.563
STR,3120.981388888885,231.0,71.563
STR,3134.092499999996,236.0,71.563
STR,3144.6702777777737,238.0,71.563
STR,3161.070277777774,246.0,71.563
STR,3177.8036111111073,251.0,71.563
STR,3206.4702777777743,258.0,71.563
STR,3229.8480555555516,263.0,71.563
STR,3247.7813888888854,269.0,71.563
STR,3265.914722222218,272.0,71.563
HUL,0.8494444444444443,278.0,71.44
HUL,16.460555555555555,281.0,71.44
HUL,29.08277777777778,284.0,71.44
HUL,54.504999999999995,286.0,71.44
HUL,73.83833333333334,290.0,71.44
HUL,100.23833333333333,264.0,71.44
HUL,120.505,228.0,71.44
HUL,130.63833333333332,228.0,71.44
HUL,147.8383333333333,172.0,71.44
HUL,157.8383333333333,150.0,71.44
HUL,165.505,138.0,71.44
HUL,172.44944444444442,125.0,71.44
HUL,185.78277777777777,120.0,71.44
HUL,193.38277777777776,114.0,71.44
HUL,199.7161111111111,114.0,71.44
HUL,204.87166666666664,116.0,71.44
HUL,213.20499999999998,125.0,71.44
HUL,225.2938888888889,136.0,71.44
HUL,231.6494444444444,143.0,71.44
HUL,243.86055555555552,157.0,71.44
HUL,251.28277777777774,167.0,71.44
HUL,265.205,179.0,71.44
HUL,282.18277777777774,191.0,71.44
HUL,295.2494444444444,196.0,71.44
HUL,311.34944444444443,207.0,71.44
HUL,325.6827777777778,215.0,71.44
HUL,345.5938888888889,224.0,71.44
HUL,360.7938888888889,228.0,71.44
HUL,389.8827777777778,238.0,71.44
HUL,403.3272222222222,242.0,71.44
HUL,425.28277777777777,247.0,71.44
HUL,459.2827777777778,255.0,71.44
HUL,479.27166666666665,257.0,71.44
HUL,499.49388888888893,260.0,71.44
HUL,519.9494444444445,263.0,71.44
HUL,531.7716666666666,266.0,71.44
HUL,543.6383333333333,267.0,71.44
HUL,564.5605555555555,269.0,71.44
HUL,582.5605555555555,270.0,71.44
HUL,597.6716666666666,272.0,71.44
HUL,609.8938888888889,275.0,71.44
HUL,628.3605555555556,277.0,71.44
HUL,650.4050000000001,248.0,71.44
HUL,668.605,234.0,71.44
HUL,693.4161111111111,203.0,71.44
HUL,712.2161111111111,188.0,71.44
HUL,732.105,179.0,71.44
HUL,739.9716666666667,177.0,71.44
HUL,751.2383333333333,169.0,71.44
HUL,758.7494444444444,169.0,71.44
HUL,770.1494444444444,171.0,71.44
HUL,785.4383333333333,172.0,71.44
HUL,797.2383333333332,177.0,71.44
HUL,811.1605555555554,179.0,71.44
HUL,829.2605555555555,181.0,71.44
HUL,845.3049999999998,160.0,71.44
HUL,858.7738888888888,152.0,71.44
HUL,868.1738888888888,141.0,71.44
HUL,886.8405555555554,140.0,71.44
HUL,898.1183333333331,145.0,71.44
HUL,904.7849999999997,150.0,71.44
HUL,919.1849999999997,162.0,71.44
HUL,926.7405555555553,170.0,71.44
HUL,936.6849999999997,179.0,71.44
HUL,951.2294444444442,187.0,71.44
HUL,969.1849999999997,202.0,71.44
HUL,978.3405555555553,206.0,71.44
HUL,992.4738888888885,212.0,71.44
HUL,1007.207222222222,221.0,71.44
HUL,1019.5961111111108,223.0,71.44
HUL,1034.8405555555553,196.0,71.44
HUL,1043.5516666666665,196.0,71.44
HUL,1053.8849999999998,155.0,71.44
HUL,1063.7627777777775,127.0,71.44
HUL,1069.407222222222,127.0,71.44
HUL,1077.5738888888886,105.0,71.44
HUL,1082.8516666666665,95.0,71.44
HUL,1091.7516666666666,89.0,71.44
HUL,1095.5738888888889,86.0,71.44
HUL,1100.9072222222221,80.0,71.44
HUL,1107.6627777777776,76.0,71.44
HUL,1115.1836111111108,75.0,71.44
HUL,1138.2658333333331,104.0,71.44
HUL,1144.4880555555553,112.0,71.44
HUL,1153.154722222222,130.0,71.44
HUL,1164.276944444444,143.0,71.44
HUL,1171.076944444444,153.0,71.44
HUL,1187.3436111111107,122.0,71.44
HUL,1194.4102777777775,106.0,71.44
HUL,1201.6102777777776,81.0,71.44
HUL,1204.9880555555553,76.0,71.44
HUL,1210.7658333333331,65.0,71.44
HUL,1215.2769444444443,58.0,71.44
HUL,1219.3991666666666,53.0,71.44
HUL,1221.6658333333332,51.0,71.44
HUL,1225.4769444444444,49.0,71.44
HUL,1228.0880555555555,47.0,71.44
HUL,1232.5880555555555,45.0,71.44
HUL,1236.3991666666666,49.0,71.44
HUL,1242.7324999999998,57.0,71.44
HUL,1246.2324999999998,63.0,71.44
HUL,1253.3324999999998,71.0,71.44
HUL,1258.7991666666665,82.0,71.44
HUL,1263.7124999999999,88.0,71.44
HUL,1270.5124999999998,102.0,71.44
HUL,1281.3741666666665,98.0,71.44
HUL,1288.6852777777776,94.0,71.44
HUL,1294.618611111111,89.0,71.44
HUL,1301.4630555555555,88.0,71.44
HUL,1306.0741666666665,83.0,71.44
HUL,1312.7630555555554,86.0,71.44
HUL,1317.8186111111108,91.0,71.44
HUL,1322.1741666666665,98.0,71.44
HUL,1326.6630555555553,101.0,71.44
HUL,1335.5297222222218,114.0,71.44
HUL,1341.1741666666662,127.0,71.44
HUL,1350.1074999999996,134.0,71.44
HUL,1356.9963888888885,124.0,71.44
HUL,1364.5963888888884,114.0,71.44
HUL,1369.2630555555552,105.0,71.44
HUL,1373.6186111111108,98.0,71.44
HUL,1380.8519444444441,93.0,71.44
HUL,1398.4519444444443,88.0,71.44
HUL,1403.6186111111108,93.0,71.44
HUL,1412.7741666666664,103.0,71.44
HUL,1424.2741666666664,115.0,71.44
HUL,1431.2741666666664,126.0,71.44
HUL,1440.8074999999997,143.0,71.44
HUL,1454.5391666666662,154.0,71.44
HUL,1465.8058333333329,169.0,71.44
HUL,1477.739166666666,179.0,71.44
HUL,1497.1849999999995,195.0,71.44
HUL,1510.9849999999997,207.0,71.44
HUL,1520.2738888888885,209.0,71.44
HUL,1537.3072222222218,219.0,71.44
HUL,1568.107222222222,231.0,71.44
HUL,1586.462777777777,236.0,71.44
HUL,1602.6627777777771,243.0,71.44
HUL,1619.2627777777773,249.0,71.44
HUL,1638.8627777777774,252.0,71.44
HUL,1658.8516666666665,257.0,71.44
HUL,1670.3627777777774,259.0,71.44
HUL,1696.7627777777773,264.0,71.44
HUL,1723.5627777777772,268.0,71.44
HUL,1735.518333333333,269.0,71.44
HUL,1753.651666666666,272.0,71.44
HUL,1787.3849999999998,276.0,71.44
HUL,1815.4849999999997,281.0,71.44
HUL,1828.0627777777772,283.0,71.44
HUL,1853.3961111111105,285.0,71.44
HUL,1882.1961111111104,288.0,71.44
HUL,1920.9433333333327,290.0,71.44
HUL,1950.0433333333326,291.0,71.44
HUL,1962.754444444444,286.0,71.44
HUL,1974.176666666666,257.0,71.44
HUL,1991.1491666666664,219.0,71.44
HUL,2014.838055555555,164.0,71.44
HUL,2026.926944444444,136.0,71.44
HUL,2039.2602777777772,111.0,71.44
HUL,2043.838055555555,103.0,71.44
HUL,2050.915833333333,91.0,71.44
HUL,2054.8713888888883,89.0,71.44
HUL,2059.5936111111105,85.0,71.44
HUL,2063.1047222222214,79.0,71.44
HUL,2068.7047222222213,72.0,71.44
HUL,2071.682499999999,67.0,71.44
HUL,2076.7380555555546,65.0,71.44
HUL,2082.0269444444434,68.0,71.44
HUL,2089.5269444444434,75.0,71.44
HUL,2101.5047222222215,98.0,71.44
HUL,2108.771388888888,109.0,71.44
HUL,2117.2380555555546,127.0,71.44
HUL,2126.171388888888,134.0,71.44
HUL,2142.171388888888,160.0,71.44
HUL,2149.460277777777,164.0,71.44
HUL,2157.2419444444436,174.0,71.44
HUL,2199.675277777777,201.0,71.44
HUL,2213.7419444444436,211.0,71.44
HUL,2233.3249999999994,221.0,71.44
HUL,2256.3249999999994,230.0,71.44
HUL,2271.9916666666663,235.0,71.44
HUL,2289.2583333333328,222.0,71.44
HUL,2299.1249999999995,222.0,71.44
HUL,2311.658333333333,188.0,71.44
HUL,2321.5472222222215,178.0,71.44
HUL,2333.080555555555,173.0,71.44
HUL,2342.747222222222,174.0,71.44
HUL,2361.047222222222,183.0,71.44
HUL,2382.9361111111107,197.0,71.44
HUL,2403.5361111111106,206.0,71.44
HUL,2412.9138888888883,211.0,71.44
HUL,2427.380555555555,217.0,71.44
HUL,2437.2027777777776,221.0,71.44
HUL,2449.7583333333328,226.0,71.44
HUL,2470.291666666666,231.0,71.44
HUL,2483.236111111111,233.0,71.44
HUL,2509.680555555555,238.0,71.44
HUL,2523.125,242.0,71.44
HUL,2548.0941666666663,249.0,71.44
HUL,2579.1386111111105,254.0,71.44
HUL,2589.8497222222218,241.0,71.44
HUL,2599.983055555555,228.0,71.44
HUL,2615.983055555555,180.0,71.44
HUL,2623.5355555555548,171.0,71.44
HUL,2633.735555555555,153.0,71.44
HUL,2648.035555555555,143.0,71.44
HUL,2658.4577777777777,134.0,71.44
HUL,2664.3688888888887,133.0,71.44
HUL,2671.5355555555557,129.0,71.44
HUL,2682.291111111111,121.0,71.44
HUL,2691.8577777777778,123.0,71.44
HUL,2700.3244444444445,127.0,71.44
HUL,2706.3688888888887,136.0,71.44
HUL,2727.302222222222,157.0,71.44
HUL,2746.8577777777778,176.0,71.44
HUL,2761.0911111111113,183.0,71.44
HUL,2769.2244444444445,183.0,71.44
HUL,2782.0244444444447,192.0,71.44
HUL,2793.0244444444443,198.0,71.44
HUL,2809.124444444444,207.0,71.44
HUL,2818.18,163.0,71.44
HUL,2824.4466666666663,141.0,71.44
HUL,2831.1688888888884,121.0,71.44
HUL,2839.646666666666,109.0,71.44
HUL,2844.950833333333,95.0,71.44
HUL,2849.673055555555,85.0,71.44
HUL,2857.895277777777,74.0,71.44
HUL,2861.1397222222217,73.0,71.44
HUL,2865.4063888888886,64.0,71.44
HUL,2868.7952777777773,61.0,71.44
HUL,2872.645833333333,58.0,71.44
HUL,2880.345833333333,63.0,71.44
HUL,2883.3236111111105,67.0,71.44
HUL,2888.1236111111107,72.0,71.44
HUL,2891.634722222222,79.0,71.44
HUL,2896.468055555555,87.0,71.44
HUL,2901.745833333333,95.0,71.44
HUL,2910.3013888888886,110.0,71.44
HUL,2918.368055555555,121.0,71.44
HUL,2929.868055555555,115.0,71.44
HUL,2942.4013888888885,94.0,71.44
HUL,2946.2680555555553,87.0,71.44
HUL,2951.8680555555557,84.0,71.44
HUL,2957.134722222222,79.0,71.44
HUL,2961.5791666666664,80.0,71.44
HUL,2969.9791666666665,84.0,71.44
HUL,2973.934722222222,89.0,71.44
HUL,2982.4902777777775,110.0,71.44
HUL,2997.4902777777775,135.0,71.44
HUL,3005.6013888888883,146.0,71.44
HUL,3016.111666666666,157.0,71.44
HUL,3023.533888888889,167.0,71.44
HUL,3037.611666666666,181.0,71.44
HUL,3052.3116666666665,189.0,71.44
HUL,3070.533888888889,205.0,71.44
HUL,3079.822777777778,209.0,71.44
HUL,3096.717777777778,218.0,71.44
HUL,3116.8955555555563,227.0,71.44
HUL,3132.6288888888894,236.0,71.44
HUL,3168.3066666666678,247.0,71.44
HUL,3191.0622222222228,256.0,71.44
HUL,3205.451111111112,259.0,71.44
HUL,3223.1177777777784,265.0,71.44
HUL,3235.0288888888895,268.0,71.44
HUL,3265.4733333333343,274.0,71.44
HUL,3277.7400000000007,276.0,71.44
ALO,11.464722222222221,277.0,72.019
ALO,27.020277777777775,280.0,72.019
ALO,49.10916666666667,284.0,72.019
ALO,68.10916666666667,285.0,72.019
ALO,87.30916666666667,288.0,72.019
ALO,99.93138888888889,284.0,72.019
ALO,118.06472222222223,272.0,72.019
ALO,130.84250000000003,230.0,72.019
ALO,141.45361111111114,191.0,72.019
ALO,150.83361111111114,168.0,72.019
ALO,157.85583333333338,158.0,72.019
ALO,168.39583333333337,136.0,72.019
ALO,176.5958333333334,123.0,72.019
ALO,191.92916666666673,115.0,72.019
ALO,198.0958333333334,111.0,72.019
ALO,206.65138888888896,110.0,72.019
ALO,211.5847222222223,111.0,72.019
ALO,223.0847222222223,115.0,72.019
ALO,237.97361111111115,134.0,72.019
ALO,247.9069444444445,149.0,72.019
ALO,258.5736111111112,160.0,72.019
ALO,276.27361111111117,177.0,72.019
ALO,290.97361111111115,189.0,72.019
ALO,310.77361111111117,198.0,72.019
ALO,319.8402777777778,204.0,72.019
ALO,336.4069444444445,213.0,72.019
ALO,350.9402777777778,218.0,72.019
ALO,365.80694444444447,223.0,72.019
ALO,375.80694444444447,225.0,72.019
ALO,388.6958333333334,232.0,72.019
ALO,404.4291666666667,236.0,72.019
ALO,423.2513888888889,242.0,72.019
ALO,453.80694444444447,250.0,72.019
ALO,465.00694444444446,252.0,72.019
ALO,476.4111111111112,255.0,72.019
ALO,493.5444444444444,257.0,72.019
ALO,507.9333333333334,259.0,72.019
ALO,519.4608333333333,261.0,72.019
ALO,534.0719444444445,263.0,72.019
ALO,545.8497222222223,265.0,72.019
ALO,560.6830555555556,267.0,72.019
ALO,575.516388888889,267.0,72.019
ALO,602.6163888888889,271.0,72.019
ALO,617.6719444444444,271.0,72.019
ALO,646.1163888888889,256.0,72.019
ALO,657.0052777777778,245.0,72.019
ALO,669.9497222222221,233.0,72.019
ALO,679.9941666666666,226.0,72.019
ALO,692.2163888888889,220.0,72.019
ALO,709.7275000000001,197.0,72.019
ALO,722.5941666666666,193.0,72.019
ALO,740.2941666666667,177.0,72.019
ALO,755.4941666666667,171.0,72.019
ALO,768.3275,165.0,72.019
ALO,786.8830555555555,167.0,72.019
ALO,796.2163888888888,168.0,72.019
ALO,807.4830555555554,169.0,72.019
ALO,824.7830555555554,173.0,72.019
ALO,834.4497222222221,174.0,72.019
ALO,850.8497222222221,164.0,72.019
ALO,859.2805555555555,151.0,72.019
ALO,865.8583333333332,148.0,72.019
ALO,875.4583333333333,144.0,72.019
ALO,887.7249999999999,138.0,72.019
ALO,895.4086111111111,139.0,72.019
ALO,906.608611111111,144.0,72.019
ALO,918.5863888888889,154.0,72.019
ALO,931.8086111111112,170.0,72.019
ALO,939.586388888889,175.0,72.019
ALO,947.8086111111113,185.0,72.019
ALO,960.5419444444445,191.0,72.019
ALO,969.386388888889,199.0,72.019
ALO,978.3641666666667,202.0,72.019
ALO,994.6975000000001,210.0,72.019
ALO,1022.4419444444444,227.0,72.019
ALO,1042.9975000000002,185.0,72.019
ALO,1052.1086111111113,164.0,72.019
ALO,1058.9975000000002,155.0,72.019
ALO,1068.1308333333334,137.0,72.019
ALO,1075.7975000000001,115.0,72.019
ALO,1082.7308333333335,104.0,72.019
ALO,1089.9641666666669,93.0,72.019
ALO,1093.9641666666669,90.0,72.019
ALO,1099.6975000000002,86.0,72.019
ALO,1103.4308333333336,84.0,72.019
ALO,1108.8975000000003,82.0,72.019
ALO,1113.2863888888892,79.0,72.019
ALO,1121.1863888888893,79.0,72.019
ALO,1125.8763888888893,84.0,72.019
ALO,1130.9319444444448,91.0,72.019
ALO,1144.254166666667,109.0,72.019
ALO,1159.1058333333337,134.0,72.019
ALO,1172.5280555555557,151.0,72.019
ALO,1179.4613888888891,156.0,72.019
ALO,1189.3391666666669,127.0,72.019
ALO,1196.739166666667,111.0,72.019
ALO,1206.739166666667,90.0,72.019
ALO,1213.6725000000004,78.0,72.019
ALO,1218.5725000000004,63.0,72.019
ALO,1221.1947222222227,59.0,72.019
ALO,1225.3947222222228,54.0,72.019
ALO,1228.994722222223,54.0,72.019
ALO,1232.805833333334,49.0,72.019
ALO,1236.2280555555562,44.0,72.019
ALO,1238.783611111112,46.0,72.019
ALO,1241.505833333334,49.0,72.019
ALO,1245.0391666666674,53.0,72.019
ALO,1249.3169444444452,55.0,72.019
ALO,1253.5836111111118,64.0,72.019
ALO,1260.3391666666673,76.0,72.019
ALO,1264.1169444444452,85.0,72.019
ALO,1270.3836111111118,94.0,72.019
ALO,1292.1094444444452,93.0,72.019
ALO,1297.1094444444452,90.0,72.019
ALO,1306.4194444444452,84.0,72.019
ALO,1311.8861111111119,82.0,72.019
ALO,1319.2638888888896,83.0,72.019
ALO,1324.1527777777785,88.0,72.019
ALO,1331.697222222223,97.0,72.019
ALO,1340.3305555555564,111.0,72.019
ALO,1348.3305555555564,120.0,72.019
ALO,1358.9972222222232,120.0,72.019
ALO,1365.2194444444453,112.0,72.019
ALO,1372.1527777777787,104.0,72.019
ALO,1381.6527777777787,95.0,72.019
ALO,1385.786111111112,93.0,72.019
ALO,1389.6972222222232,88.0,72.019
ALO,1395.36388888889,85.0,72.019
ALO,1400.8972222222233,83.0,72.019
ALO,1406.8305555555567,89.0,72.019
ALO,1415.452777777779,97.0,72.019
ALO,1423.852777777779,108.0,72.019
ALO,1434.7861111111124,123.0,72.019
ALO,1445.5972222222235,139.0,72.019
ALO,1455.66388888889,151.0,72.019
ALO,1471.90888888889,162.0,72.019
ALO,1486.2200000000012,184.0,72.019
ALO,1496.442222222223,184.0,72.019
ALO,1516.742222222223,203.0,72.019
ALO,1530.8755555555565,212.0,72.019
ALO,1552.9141666666678,221.0,72.019
ALO,1570.725277777779,229.0,72.019
ALO,1581.1252777777788,234.0,72.019
ALO,1613.6586111111124,244.0,72.019
ALO,1638.5586111111122,249.0,72.019
ALO,1661.13638888889,254.0,72.019
ALO,1684.247500000001,260.0,72.019
ALO,1695.8475000000008,261.0,72.019
ALO,1716.4586111111118,265.0,72.019
ALO,1731.23638888889,266.0,72.019
ALO,1798.4586111111118,275.0,72.019
ALO,1813.7919444444453,276.0,72.019
ALO,1826.0586111111118,276.0,72.019
ALO,1838.5030555555566,280.0,72.019
ALO,1854.1141666666674,281.0,72.019
ALO,1872.9808333333342,283.0,72.019
ALO,1888.8141666666677,285.0,72.019
ALO,1914.3252777777789,287.0,72.019
ALO,1927.1605555555561,287.0,72.019
ALO,1949.638333333334,289.0,72.019
ALO,1980.3161111111121,251.0,72.019
ALO,1996.727222222223,211.0,72.019
ALO,2005.0383333333343,187.0,72.019
ALO,2016.1252777777786,167.0,72.019
ALO,2029.0141666666675,145.0,72.019
ALO,2034.747500000001,129.0,72.019
ALO,2042.2808333333342,113.0,72.019
ALO,2050.7252777777785,95.0,72.019
ALO,2058.4586111111116,87.0,72.019
ALO,2063.0141666666673,82.0,72.019
ALO,2066.480833333334,78.0,72.019
ALO,2071.2141666666676,71.0,72.019
ALO,2074.325277777779,70.0,72.019
ALO,2082.269722222223,65.0,72.019
ALO,2089.369722222223,71.0,72.019
ALO,2093.647500000001,77.0,72.019
ALO,2102.8475000000008,92.0,72.019
ALO,2108.569722222223,103.0,72.019
ALO,2115.769722222223,108.0,72.019
ALO,2122.7141666666676,125.0,72.019
ALO,2128.8030555555565,137.0,72.019
ALO,2137.0808333333343,149.0,72.019
ALO,2153.8808333333345,168.0,72.019
ALO,2161.347500000001,168.0,72.019
ALO,2177.486666666668,181.0,72.019
ALO,2190.2866666666678,192.0,72.019
ALO,2207.9755555555566,199.0,72.019
ALO,2231.8644444444453,215.0,72.019
ALO,2249.4422222222233,226.0,72.019
ALO,2270.088611111112,233.0,72.019
ALO,2282.9219444444457,231.0,72.019
ALO,2293.921944444445,198.0,72.019
ALO,2306.3219444444453,186.0,72.019
ALO,2325.877500000001,176.0,72.019
ALO,2335.3219444444458,170.0,72.019
ALO,2348.3886111111124,168.0,72.019
ALO,2360.121944444446,176.0,72.019
ALO,2368.210833333335,182.0,72.019
ALO,2380.944166666668,191.0,72.019
ALO,2389.521944444446,193.0,72.019
ALO,2412.4108333333347,206.0,72.019
ALO,2431.521944444446,215.0,72.019
ALO,2441.1219444444464,216.0,72.019
ALO,2456.0552777777793,224.0,72.019
ALO,2466.05527777778,225.0,72.019
ALO,2489.45527777778,234.0,72.019
ALO,2505.25527777778,237.0,72.019
ALO,2521.1219444444464,238.0,72.019
ALO,2539.866388888891,241.0,72.019
ALO,2550.6444444444464,241.0,72.019
ALO,2570.088888888891,250.0,72.019
ALO,2581.244444444446,251.0,72.019
ALO,2603.9111111111124,204.0,72.019
ALO,2616.1111111111127,183.0,72.019
ALO,2628.7111111111126,162.0,72.019
ALO,2637.2666666666682,154.0,72.019
ALO,2649.9380555555567,143.0,72.019
ALO,2659.2047222222236,139.0,72.019
ALO,2665.2047222222236,135.0,72.019
ALO,2671.2047222222236,135.0,72.019
ALO,2680.849166666668,124.0,72.019
ALO,2689.1158333333346,124.0,72.019
ALO,2704.1158333333346,135.0,72.019
ALO,2710.5158333333347,144.0,72.019
ALO,2719.126944444446,155.0,72.019
ALO,2730.1269444444456,165.0,72.019
ALO,2737.860277777779,174.0,72.019
ALO,2754.126944444446,183.0,72.019
ALO,2764.626944444446,189.0,72.019
ALO,2779.8713888888906,196.0,72.019
ALO,2795.115833333335,196.0,72.019
ALO,2803.9602777777795,199.0,72.019
ALO,2813.9602777777795,180.0,72.019
ALO,2825.626944444446,150.0,72.019
ALO,2831.004722222224,121.0,72.019
ALO,2837.004722222224,108.0,72.019
ALO,2846.5311111111128,95.0,72.019
ALO,2852.753333333335,80.0,72.019
ALO,2858.353333333335,72.0,72.019
ALO,2862.8200000000015,67.0,72.019
ALO,2866.9533333333347,62.0,72.019
ALO,2871.4644444444457,58.0,72.019
ALO,2874.086666666668,59.0,72.019
ALO,2879.491944444446,61.0,72.019
ALO,2883.7586111111123,64.0,72.019
ALO,2886.9586111111125,72.0,72.019
ALO,2890.514166666668,80.0,72.019
ALO,2895.1252777777795,83.0,72.019
ALO,2901.591944444446,97.0,72.019
ALO,2908.991944444446,111.0,72.019
ALO,2921.291944444446,123.0,72.019
ALO,2928.2919444444465,105.0,72.019
ALO,2935.9141666666683,98.0,72.019
ALO,2941.8475000000017,89.0,72.019
ALO,2947.4475000000016,84.0,72.019
ALO,2951.9475000000016,81.0,72.019
ALO,2958.791944444446,77.0,72.019
ALO,2963.291944444446,81.0,72.019
ALO,2973.8475000000017,95.0,72.019
ALO,2986.625277777779,115.0,72.019
ALO,3005.9586111111125,145.0,72.019
ALO,3020.7602777777793,166.0,72.019
ALO,3031.8269444444463,166.0,72.019
ALO,3044.1602777777794,185.0,72.019
ALO,3052.738055555557,193.0,72.019
ALO,3073.638055555557,209.0,72.019
ALO,3095.538055555557,219.0,72.019
ALO,3115.8047222222244,228.0,72.019
ALO,3145.3152777777796,242.0,72.019
ALO,3176.11527777778,252.0,72.019
ALO,3193.3819444444466,259.0,72.019
ALO,3216.670833333335,262.0,72.019
ALO,3231.337500000002,264.0,72.019
ALO,3243.070833333335,264.0,72.019
ALO,3264.070833333335,270.0,72.019
ALO,3282.404166666669,275.0,72.019
SAR,11.469999999999999,279.0,72.02
SAR,24.00333333333333,282.0,72.02
SAR,39.669999999999995,282.0,72.02
SAR,58.603333333333325,284.0,72.02
SAR,71.40333333333332,288.0,72.02
SAR,101.62555555555555,272.0,72.02
SAR,119.12555555555555,225.0,72.02
SAR,132.32555555555555,198.0,72.02
SAR,140.63666666666666,187.0,72.02
SAR,152.3033333333333,150.0,72.02
SAR,159.6922222222222,133.0,72.02
SAR,169.4922222222222,126.0,72.02
SAR,174.6922222222222,117.0,72.02
SAR,183.17,109.0,72.02
SAR,192.85888888888888,109.0,72.02
SAR,202.90333333333334,113.0,72.02
SAR,217.01444444444445,127.0,72.02
SAR,224.68111111111114,138.0,72.02
SAR,231.25888888888892,148.0,72.02
SAR,241.79222222222225,158.0,72.02
SAR,255.04472222222225,171.0,72.02
SAR,262.9558333333334,178.0,72.02
SAR,275.4225,187.0,72.02
SAR,284.0002777777778,193.0,72.02
SAR,295.11138888888894,200.0,72.02
SAR,310.8786111111111,202.0,72.02
SAR,326.90083333333337,206.0,72.02
SAR,349.3008333333334,224.0,72.02
SAR,375.30083333333334,234.0,72.02
SAR,385.7452777777778,235.0,72.02
SAR,404.48972222222227,241.0,72.02
SAR,417.9341666666667,242.0,72.02
SAR,428.91194444444454,247.0,72.02
SAR,439.97861111111115,249.0,72.02
SAR,468.3119444444445,255.0,72.02
SAR,482.58972222222224,257.0,72.02
SAR,499.8563888888889,259.0,72.02
SAR,535.0563888888889,264.0,72.02
SAR,546.7897222222223,264.0,72.02
SAR,558.6119444444445,266.0,72.02
SAR,576.4119444444445,267.0,72.02
SAR,594.2786111111112,268.0,72.02
SAR,621.1786111111112,269.0,72.02
SAR,638.5786111111112,261.0,72.02
SAR,650.1786111111112,261.0,72.02
SAR,660.5786111111112,234.0,72.02
SAR,673.0230555555556,224.0,72.02
SAR,687.4897222222223,217.0,72.02
SAR,703.2222222222223,203.0,72.02
SAR,711.7111111111112,191.0,72.02
SAR,720.0222222222224,187.0,72.02
SAR,733.9444444444446,179.0,72.02
SAR,752.6577777777779,168.0,72.02
SAR,760.0355555555557,166.0,72.02
SAR,769.368888888889,168.0,72.02
SAR,778.6466666666668,167.0,72.02
SAR,786.068888888889,167.0,72.02
SAR,799.2911111111111,170.0,72.02
SAR,806.98,173.0,72.02
SAR,822.3577777777778,173.0,72.02
SAR,833.8911111111111,173.0,72.02
SAR,842.6688888888888,158.0,72.02
SAR,850.9466666666666,149.0,72.02
SAR,865.3466666666666,144.0,72.02
SAR,873.0688888888888,139.0,72.02
SAR,882.4022222222221,140.0,72.02
SAR,895.2022222222222,144.0,72.02
SAR,903.6466666666666,152.0,72.02
SAR,912.5355555555554,160.0,72.02
SAR,928.4466666666666,179.0,72.02
SAR,945.3355555555555,190.0,72.02
SAR,958.468888888889,197.0,72.02
SAR,969.8022222222222,204.0,72.02
SAR,984.0688888888888,214.0,72.02
SAR,1006.2688888888889,222.0,72.02
SAR,1018.7616666666665,226.0,72.02
SAR,1030.8727777777776,218.0,72.02
SAR,1041.095,184.0,72.02
SAR,1052.7616666666665,150.0,72.02
SAR,1061.5983333333331,132.0,72.02
SAR,1068.1538888888886,118.0,72.02
SAR,1078.0538888888887,99.0,72.02
SAR,1082.4538888888887,99.0,72.02
SAR,1089.4538888888887,90.0,72.02
SAR,1095.987222222222,84.0,72.02
SAR,1103.3649999999998,83.0,72.02
SAR,1110.4761111111109,80.0,72.02
SAR,1114.9205555555552,80.0,72.02
SAR,1119.587222222222,84.0,72.02
SAR,1126.4316666666664,88.0,72.02
SAR,1131.7094444444442,95.0,72.02
SAR,1136.287222222222,103.0,72.02
SAR,1142.5094444444442,112.0,72.02
SAR,1152.7761111111108,132.0,72.02
SAR,1160.7205555555552,143.0,72.02
SAR,1172.2316666666663,148.0,72.02
SAR,1186.0427777777775,113.0,72.02
SAR,1190.2205555555552,94.0,72.02
SAR,1198.0205555555551,78.0,72.02
SAR,1201.1316666666662,70.0,72.02
SAR,1206.909444444444,65.0,72.02
SAR,1211.4205555555552,58.0,72.02
SAR,1215.2047222222218,57.0,72.02
SAR,1218.6713888888885,52.0,72.02
SAR,1222.5602777777774,50.0,72.02
SAR,1224.7069444444442,48.0,72.02
SAR,1227.3180555555552,47.0,72.02
SAR,1231.984722222222,42.0,72.02
SAR,1235.6402777777776,47.0,72.02
SAR,1240.3513888888888,53.0,72.02
SAR,1242.884722222222,57.0,72.02
SAR,1247.6291666666664,61.0,72.02
SAR,1252.2291666666665,69.0,72.02
SAR,1257.7624999999998,83.0,72.02
SAR,1262.9291666666666,93.0,72.02
SAR,1272.2624999999998,105.0,72.02
SAR,1278.5958333333333,95.0,72.02
SAR,1284.6625,91.0,72.02
SAR,1291.5069444444443,88.0,72.02
SAR,1299.9069444444444,84.0,72.02
SAR,1308.3069444444445,84.0,72.02
SAR,1313.1958333333334,88.0,72.02
SAR,1319.7291666666667,98.0,72.02
SAR,1330.6291666666668,109.0,72.02
SAR,1343.529166666667,129.0,72.02
SAR,1355.3291666666669,118.0,72.02
SAR,1362.1958333333337,103.0,72.02
SAR,1369.6358333333337,96.0,72.02
SAR,1373.7247222222225,92.0,72.02
SAR,1381.5713888888893,88.0,72.02
SAR,1390.6825000000003,82.0,72.02
SAR,1395.4602777777782,86.0,72.02
SAR,1401.660277777778,93.0,72.02
SAR,1407.2158333333336,100.0,72.02
SAR,1417.0825000000004,111.0,72.02
SAR,1427.1158333333337,129.0,72.02
SAR,1434.6158333333335,135.0,72.02
SAR,1452.393611111111,160.0,72.02
SAR,1461.8936111111113,171.0,72.02
SAR,1487.4936111111115,192.0,72.02
SAR,1496.160277777778,195.0,72.02
SAR,1505.1380555555556,202.0,72.02
SAR,1516.5269444444448,205.0,72.02
SAR,1533.4047222222225,217.0,72.02
SAR,1545.7936111111117,223.0,72.02
SAR,1555.7936111111114,225.0,72.02
SAR,1571.2602777777781,232.0,72.02
SAR,1581.660277777778,234.0,72.02
SAR,1602.9936111111112,240.0,72.02
SAR,1616.6047222222226,245.0,72.02
SAR,1633.2713888888889,250.0,72.02
SAR,1655.8491666666666,254.0,72.02
SAR,1667.2269444444446,256.0,72.02
SAR,1687.2936111111114,258.0,72.02
SAR,1710.6869444444444,264.0,72.02
SAR,1722.4936111111112,264.0,72.02
SAR,1737.2713888888893,266.0,72.02
SAR,1755.2047222222227,269.0,72.02
SAR,1776.3602777777778,272.0,72.02
SAR,1794.6269444444447,274.0,72.02
SAR,1825.5158333333334,278.0,72.02
SAR,1856.8491666666666,282.0,72.02
SAR,1872.571388888889,283.0,72.02
SAR,1901.171388888889,286.0,72.02
SAR,1913.8825000000004,286.0,72.02
SAR,1932.9491666666665,286.0,72.02
SAR,1952.0825,287.0,72.02
SAR,1964.7936111111114,286.0,72.02
SAR,1981.1269444444445,245.0,72.02
SAR,1993.0158333333336,214.0,72.02
SAR,2011.3491666666669,165.0,72.02
SAR,2020.949166666667,144.0,72.02
SAR,2033.6158333333335,114.0,72.02
SAR,2042.5936111111114,101.0,72.02
SAR,2049.6713888888894,91.0,72.02
SAR,2057.7713888888893,81.0,72.02
SAR,2064.0825000000004,71.0,72.02
SAR,2068.6158333333337,68.0,72.02
SAR,2074.8983333333335,63.0,72.02
SAR,2083.7183333333337,72.0,72.02
SAR,2092.4183333333335,87.0,72.02
SAR,2097.473888888889,91.0,72.02
SAR,2102.2294444444447,107.0,72.02
SAR,2108.840555555556,119.0,72.02
SAR,2114.3961111111116,125.0,72.02
SAR,2129.0961111111114,147.0,72.02
SAR,2145.2961111111113,162.0,72.02
SAR,2169.2961111111113,180.0,72.02
SAR,2190.851666666667,194.0,72.02
SAR,2199.9183333333335,204.0,72.02
SAR,2229.118333333334,219.0,72.02
SAR,2241.5627777777786,224.0,72.02
SAR,2269.551666666667,229.0,72.02
SAR,2293.7738888888894,218.0,72.02
SAR,2308.3961111111116,188.0,72.02
SAR,2316.7072222222228,187.0,72.02
SAR,2328.5738888888895,178.0,72.02
SAR,2338.4627777777787,178.0,72.02
SAR,2350.329444444445,178.0,72.02
SAR,2358.5516666666676,185.0,72.02
SAR,2373.6405555555566,194.0,72.02
SAR,2382.2088888888898,194.0,72.02
SAR,2393.319722222223,199.0,72.02
SAR,2402.3863888888895,204.0,72.02
SAR,2423.6863888888897,213.0,72.02
SAR,2441.030833333334,223.0,72.02
SAR,2458.530833333334,225.0,72.02
SAR,2476.575277777779,232.0,72.02
SAR,2489.519722222223,233.0,72.02
SAR,2499.875277777779,233.0,72.02
SAR,2513.0975000000017,238.0,72.02
SAR,2529.364166666668,244.0,72.02
SAR,2540.208611111113,244.0,72.02
SAR,2553.764166666668,244.0,72.02
SAR,2575.275277777779,242.0,72.02
SAR,2585.453055555557,229.0,72.02
SAR,2600.6197222222236,195.0,72.02
SAR,2613.608611111112,167.0,72.02
SAR,2620.8530555555567,163.0,72.02
SAR,2633.064166666668,157.0,72.02
SAR,2643.953055555557,140.0,72.02
SAR,2657.053055555557,131.0,72.02
SAR,2672.5752777777793,127.0,72.02
SAR,2678.264166666668,128.0,72.02
SAR,2683.9975000000013,129.0,72.02
SAR,2691.3863888888905,133.0,72.02
SAR,2704.0086111111127,142.0,72.02
SAR,2712.453055555557,152.0,72.02
SAR,2731.3419444444457,170.0,72.02
SAR,2743.275277777779,179.0,72.02
SAR,2751.364166666668,182.0,72.02
SAR,2764.2308333333344,193.0,72.02
SAR,2772.8086111111124,193.0,72.02
SAR,2797.253055555557,200.0,72.02
SAR,2806.141944444446,200.0,72.02
SAR,2819.741944444446,153.0,72.02
SAR,2830.164166666668,134.0,72.02
SAR,2834.697500000001,102.0,72.02
SAR,2842.2419444444454,97.0,72.02
SAR,2849.941944444445,77.0,72.02
SAR,2854.053055555556,74.0,72.02
SAR,2857.1197222222227,69.0,72.02
SAR,2862.1752777777783,65.0,72.02
SAR,2868.1752777777783,60.0,72.02
SAR,2871.564166666667,61.0,72.02
SAR,2876.5419444444447,64.0,72.02
SAR,2881.1419444444446,69.0,72.02
SAR,2885.1419444444446,72.0,72.02
SAR,2888.6530555555555,79.0,72.02
SAR,2895.886388888889,93.0,72.02
SAR,2900.4641666666666,103.0,72.02
SAR,2905.2641666666664,108.0,72.02
SAR,2910.3308333333334,114.0,72.02
SAR,2916.608611111111,113.0,72.02
SAR,2923.3419444444444,101.0,72.02
SAR,2930.4197222222224,91.0,72.02
SAR,2935.3888888888887,89.0,72.02
SAR,2941.8213888888886,83.0,72.02
SAR,2958.065833333333,86.0,72.02
SAR,2966.5102777777774,95.0,72.02
SAR,2977.3102777777776,108.0,72.02
SAR,2984.510277777778,108.0,72.02
SAR,2990.510277777778,108.0,72.02
SAR,3000.443611111111,149.0,72.02
SAR,3007.5102777777774,159.0,72.02
SAR,3024.8102777777776,173.0,72.02
SAR,3041.4325000000003,187.0,72.02
SAR,3056.910277777778,199.0,72.02
SAR,3075.843611111111,213.0,72.02
SAR,3098.0436111111107,222.0,72.02
SAR,3115.9325,230.0,72.02
SAR,3131.665833333333,236.0,72.02
SAR,3144.9991666666665,240.0,72.02
SAR,3164.2880555555553,248.0,72.02
SAR,3189.888055555555,256.0,72.02
SAR,3204.388055555555,261.0,72.02
SAR,3221.8547222222214,262.0,72.02
SAR,3239.521388888889,265.0,72.02
SAR,3257.454722222222,269.0,72.02
MAG,10.033333333333333,280.0,71.725
MAG,25.7,282.0,71.725
MAG,57.8111111111111,289.0,71.725
MAG,86.9111111111111,291.0,71.725
MAG,107.6,266.0,71.725
MAG,122.39472222222223,221.0,71.725
MAG,136.86138888888888,186.0,71.725
MAG,149.8813888888889,168.0,71.725
MAG,156.5925,151.0,71.725
MAG,165.99249999999998,141.0,71.725
MAG,173.32583333333332,132.0,71.725
MAG,180.15916666666664,123.0,71.725
MAG,186.77027777777775,119.0,71.725
MAG,195.6369444444444,114.0,71.725
MAG,201.69249999999997,109.0,71.725
MAG,211.38138888888886,109.0,71.725
MAG,222.04805555555552,120.0,71.725
MAG,227.6036111111111,125.0,71.725
MAG,236.93694444444444,140.0,71.725
MAG,252.63694444444445,157.0,71.725
MAG,265.2369444444444,162.0,71.725
MAG,286.0147222222222,187.0,71.725
MAG,303.6147222222222,198.0,71.725
MAG,322.1036111111111,208.0,71.725
MAG,338.9036111111111,216.0,71.725
MAG,358.81472222222226,224.0,71.725
MAG,384.7036111111111,233.0,71.725
MAG,400.7036111111111,240.0,71.725
MAG,422.4813888888889,245.0,71.725
MAG,453.35138888888883,252.0,71.725
MAG,464.72916666666663,256.0,71.725
MAG,481.86249999999995,257.0,71.725
MAG,514.0558333333333,264.0,71.725
MAG,531.7891666666667,266.0,71.725
MAG,549.7225000000001,269.0,71.725
MAG,573.7225000000001,270.0,71.725
MAG,594.8780555555556,272.0,71.725
MAG,616.1113888888891,273.0,71.725
MAG,631.3336111111113,274.0,71.725
MAG,660.5558333333336,263.0,71.725
MAG,676.7558333333336,243.0,71.725
MAG,699.8669444444447,208.0,71.725
MAG,721.4225000000002,194.0,71.725
MAG,741.6447222222225,182.0,71.725
MAG,751.3669444444447,175.0,71.725
MAG,767.9669444444447,166.0,71.725
MAG,776.9669444444447,162.0,71.725
MAG,789.6447222222225,163.0,71.725
MAG,797.0669444444447,167.0,71.725
MAG,806.5669444444447,171.0,71.725
MAG,820.2558333333336,176.0,71.725
MAG,830.2558333333336,180.0,71.725
MAG,848.8577777777781,167.0,71.725
MAG,857.8022222222226,161.0,71.725
MAG,866.3577777777781,154.0,71.725
MAG,873.1133333333337,152.0,71.725
MAG,883.0052777777781,149.0,71.725
MAG,891.2830555555558,149.0,71.725
MAG,909.7386111111115,151.0,71.725
MAG,919.8719444444447,152.0,71.725
MAG,930.6719444444448,162.0,71.725
MAG,948.3719444444447,177.0,71.725
MAG,969.9275000000001,194.0,71.725
MAG,993.0386111111113,208.0,71.725
MAG,1007.5719444444445,218.0,71.725
MAG,1022.305277777778,221.0,71.725
MAG,1039.9941666666666,199.0,71.725
MAG,1047.8608333333332,177.0,71.725
MAG,1056.638611111111,158.0,71.725
MAG,1062.9052777777777,141.0,71.725
MAG,1073.5719444444444,120.0,71.725
MAG,1086.5052777777776,97.0,71.725
MAG,1090.7719444444442,96.0,71.725
MAG,1095.7163888888888,89.0,71.725
MAG,1099.4941666666666,85.0,71.725
MAG,1103.938611111111,80.0,71.725
MAG,1107.4941666666666,80.0,71.725
MAG,1114.7166666666665,81.0,71.725
MAG,1125.472222222222,88.0,71.725
MAG,1134.872222222222,94.0,71.725
MAG,1139.4055555555553,102.0,71.725
MAG,1145.5413888888888,111.0,71.725
MAG,1152.263611111111,121.0,71.725
MAG,1164.7080555555553,140.0,71.725
MAG,1173.0969444444443,151.0,71.725
MAG,1185.0080555555553,134.0,71.725
MAG,1192.8747222222219,118.0,71.725
MAG,1199.6747222222218,102.0,71.725
MAG,1205.2747222222217,84.0,71.725
MAG,1209.4413888888885,75.0,71.725
MAG,1217.0191666666663,62.0,71.725
MAG,1220.8858333333328,58.0,71.725
MAG,1225.508055555555,52.0,71.725
MAG,1228.2302777777772,49.0,71.725
MAG,1231.3636111111105,47.0,71.725
MAG,1233.3636111111105,45.0,71.725
MAG,1239.108055555555,47.0,71.725
MAG,1246.5747222222217,56.0,71.725
MAG,1249.285833333333,61.0,71.725
MAG,1253.6191666666662,65.0,71.725
MAG,1256.9080555555552,74.0,71.725
MAG,1263.3636111111107,83.0,71.725
MAG,1268.6677777777775,95.0,71.725
MAG,1274.501111111111,105.0,71.725
MAG,1282.5899999999997,104.0,71.725
MAG,1290.1344444444442,97.0,71.725
MAG,1294.0899999999997,89.0,71.725
MAG,1301.4447222222218,83.0,71.725
MAG,1308.466944444444,79.0,71.725
MAG,1314.7669444444439,81.0,71.725
MAG,1318.4558333333327,83.0,71.725
MAG,1324.3891666666661,89.0,71.725
MAG,1328.478055555555,92.0,71.725
MAG,1334.3113888888884,105.0,71.725
MAG,1343.4113888888885,117.0,71.725
MAG,1352.278055555555,133.0,71.725
MAG,1362.5891666666662,116.0,71.725
MAG,1369.7891666666662,108.0,71.725
MAG,1375.5113888888884,103.0,71.725
MAG,1382.666944444444,92.0,71.725
MAG,1389.4336111111106,87.0,71.725
MAG,1393.2113888888885,85.0,71.725
MAG,1400.9447222222218,87.0,71.725
MAG,1409.3891666666661,95.0,71.725
MAG,1419.989166666666,106.0,71.725
MAG,1434.1002777777771,127.0,71.725
MAG,1441.822499999999,139.0,71.725
MAG,1450.197499999999,150.0,71.725
MAG,1457.3530555555549,161.0,71.725
MAG,1471.0419444444437,176.0,71.725
MAG,1479.2641666666657,185.0,71.725
MAG,1489.7086111111103,188.0,71.725
MAG,1505.264166666666,200.0,71.725
MAG,1521.6752777777767,211.0,71.725
MAG,1538.647777777777,219.0,71.725
MAG,1551.1477777777773,225.0,71.725
MAG,1569.1144444444435,231.0,71.725
MAG,1579.5144444444438,234.0,71.725
MAG,1606.5144444444438,243.0,71.725
MAG,1620.2366666666662,247.0,71.725
MAG,1639.6811111111108,250.0,71.725
MAG,1653.847777777777,255.0,71.725
MAG,1665.314444444444,258.0,71.725
MAG,1688.6922222222217,263.0,71.725
MAG,1706.2922222222214,264.0,71.725
MAG,1730.0255555555548,267.0,71.725
MAG,1742.025555555555,270.0,71.725
MAG,1772.5811111111104,275.0,71.725
MAG,1806.558888888888,278.0,71.725
MAG,1834.858888888888,283.0,71.725
MAG,1853.7922222222214,284.0,71.725
MAG,1869.6811111111106,286.0,71.725
MAG,1898.5811111111104,289.0,71.725
MAG,1918.0619444444437,291.0,71.725
MAG,1930.995277777777,291.0,71.725
MAG,1956.9508333333324,292.0,71.725
MAG,1983.839722222221,242.0,71.725
MAG,1996.0063888888878,219.0,71.725
MAG,2006.6730555555546,192.0,71.725
MAG,2019.0730555555544,160.0,71.725
MAG,2030.8063888888878,132.0,71.725
MAG,2038.406388888888,114.0,71.725
MAG,2044.2397222222212,105.0,71.725
MAG,2049.795277777777,100.0,71.725
MAG,2054.106388888888,97.0,71.725
MAG,2064.495277777777,85.0,71.725
MAG,2068.995277777777,81.0,71.725
MAG,2073.1619444444436,75.0,71.725
MAG,2080.461944444444,73.0,71.725
MAG,2084.861944444444,66.0,71.725
MAG,2087.8397222222216,67.0,71.725
MAG,2093.361944444444,71.0,71.725
MAG,2103.7508333333326,85.0,71.725
MAG,2109.0286111111104,95.0,71.725
MAG,2114.9174999999996,106.0,71.725
MAG,2127.8174999999997,129.0,71.725
MAG,2134.039722222222,140.0,71.725
MAG,2140.4841666666666,145.0,71.725
MAG,2153.051111111111,161.0,71.725
MAG,2162.4955555555553,170.0,71.725
MAG,2172.4955555555553,180.0,71.725
MAG,2187.351111111111,191.0,71.725
MAG,2203.14,203.0,71.725
MAG,2214.7511111111107,209.0,71.725
MAG,2229.151111111111,216.0,71.725
MAG,2241.4288888888887,221.0,71.725
MAG,2253.921666666666,226.0,71.725
MAG,2274.6327777777774,233.0,71.725
MAG,2291.7438888888887,220.0,71.725
MAG,2303.410555555555,210.0,71.725
MAG,2316.143888888889,191.0,71.725
MAG,2328.2105555555554,181.0,71.725
MAG,2339.9438888888885,176.0,71.725
MAG,2347.677222222222,174.0,71.725
MAG,2361.5216666666665,178.0,71.725
MAG,2371.7438888888887,184.0,71.725
MAG,2379.9216666666666,184.0,71.725
MAG,2397.255,195.0,71.725
MAG,2416.0105555555556,211.0,71.725
MAG,2440.3438888888886,219.0,71.725
MAG,2460.2549999999997,224.0,71.725
MAG,2478.2994444444444,232.0,71.725
MAG,2491.3549999999996,235.0,71.725
MAG,2501.8438888888886,236.0,71.725
MAG,2520.588333333333,241.0,71.725
MAG,2534.3233333333333,246.0,71.725
MAG,2548.1011111111106,248.0,71.725
MAG,2573.401111111111,253.0,71.725
MAG,2602.601111111111,219.0,71.725
MAG,2613.6011111111106,198.0,71.725
MAG,2625.134444444444,173.0,71.725
MAG,2637.1899999999996,155.0,71.725
MAG,2643.859166666666,151.0,71.725
MAG,2657.559166666666,137.0,71.725
MAG,2667.825833333333,132.0,71.725
MAG,2676.6924999999997,133.0,71.725
MAG,2686.6480555555554,128.0,71.725
MAG,2692.203611111111,125.0,71.725
MAG,2699.2591666666667,127.0,71.725
MAG,2708.0591666666664,132.0,71.725
MAG,2717.525833333333,142.0,71.725
MAG,2724.281388888889,152.0,71.725
MAG,2734.7480555555553,157.0,71.725
MAG,2746.481388888889,176.0,71.725
MAG,2769.8258333333333,191.0,71.725
MAG,2789.9258333333332,201.0,71.725
MAG,2806.9925,192.0,71.725
MAG,2819.125833333333,156.0,71.725
MAG,2833.4258333333332,117.0,71.725
MAG,2837.9874999999997,102.0,71.725
MAG,2842.3430555555556,98.0,71.725
MAG,2848.954166666667,85.0,71.725
MAG,2858.1208333333334,75.0,71.725
MAG,2861.365277777778,73.0,71.725
MAG,2865.8319444444446,67.0,71.725
MAG,2869.965277777778,62.0,71.725
MAG,2876.0652777777777,61.0,71.725
MAG,2881.913611111111,66.0,71.725
MAG,2884.9802777777777,69.0,71.725
MAG,2890.1802777777775,78.0,71.725
MAG,2895.9802777777777,87.0,71.725
MAG,2902.4469444444444,97.0,71.725
MAG,2917.4802777777777,123.0,71.725
MAG,2923.813611111111,114.0,71.725
MAG,2930.7469444444446,104.0,71.725
MAG,2939.8469444444445,91.0,71.725
MAG,2946.458055555556,85.0,71.725
MAG,2952.0580555555557,84.0,71.725
MAG,2956.5580555555557,81.0,71.725
MAG,2963.0136111111115,83.0,71.725
MAG,2976.2136111111117,99.0,71.725
MAG,2987.9136111111115,117.0,71.725
MAG,3001.3136111111116,134.0,71.725
MAG,3009.7444444444445,151.0,71.725
MAG,3018.4111111111115,156.0,71.725
MAG,3025.8333333333335,167.0,71.725
MAG,3044.3333333333335,185.0,71.725
MAG,3052.911111111112,193.0,71.725
MAG,3068.6222222222223,202.0,71.725
MAG,3087.8222222222225,216.0,71.725
MAG,3100.2111111111117,223.0,71.725
MAG,3112.822222222223,227.0,71.725
MAG,3136.5561111111115,238.0,71.725
MAG,3158.156111111111,243.0,71.725
MAG,3186.3783333333336,254.0,71.725
MAG,3200.711666666667,258.0,71.725
MAG,3227.111666666667,264.0,71.725
MAG,3260.4783333333335,273.0,71.725
MAG,3285.1005555555553,277.0,71.725
PER,5.539999999999999,277.0,72.06
PER,36.651111111111106,280.0,72.06
PER,49.22888888888889,283.0,72.06
PER,68.29555555555555,286.0,72.06
PER,95.49555555555555,272.0,72.06
PER,114.47333333333333,244.0,72.06
PER,131.71777777777777,194.0,72.06
PER,142.49555555555554,194.0,72.06
PER,154.51611111111112,154.0,72.06
PER,164.93833333333333,134.0,72.06
PER,171.66055555555556,121.0,72.06
PER,179.32722222222222,115.0,72.06
PER,186.7938888888889,112.0,72.06
PER,191.54944444444445,107.0,72.06
PER,199.87166666666667,107.0,72.06
PER,207.20499999999998,110.0,72.06
PER,220.87166666666664,123.0,72.06
PER,233.3161111111111,140.0,72.06
PER,245.2511111111111,154.0,72.06
PER,252.31777777777776,159.0,72.06
PER,263.18444444444447,163.0,72.06
PER,270.4288888888889,163.0,72.06
PER,282.96222222222224,188.0,72.06
PER,298.2844444444445,197.0,72.06
PER,309.56222222222226,203.0,72.06
PER,323.4955555555556,209.0,72.06
PER,342.78444444444443,217.0,72.06
PER,362.6955555555556,224.0,72.06
PER,383.22888888888895,231.0,72.06
PER,399.0288888888889,237.0,72.06
PER,426.14,244.0,72.06
PER,439.9177777777778,248.0,72.06
PER,456.65111111111116,251.0,72.06
PER,485.0552777777778,255.0,72.06
PER,502.2552777777778,258.0,72.06
PER,531.2552777777778,261.0,72.06
PER,548.8552777777777,264.0,72.06
PER,566.588611111111,266.0,72.06
PER,581.3663888888889,266.0,72.06
PER,599.2330555555556,268.0,72.06
PER,611.2774999999999,271.0,72.06
PER,635.6330555555555,274.0,72.06
PER,658.7441666666666,260.0,72.06
PER,676.4916666666666,229.0,72.06
PER,686.3138888888888,221.0,72.06
PER,704.0916666666666,200.0,72.06
PER,724.536111111111,184.0,72.06
PER,734.4249999999998,178.0,72.06
PER,753.7583333333332,174.0,72.06
PER,761.4916666666666,174.0,72.06
PER,772.6249999999999,167.0,72.06
PER,785.8472222222221,170.0,72.06
PER,797.7138888888887,178.0,72.06
PER,813.8027777777777,181.0,72.06
PER,829.6249999999999,178.0,72.06
PER,837.536111111111,178.0,72.06
PER,846.3138888888888,158.0,72.06
PER,855.0916666666665,158.0,72.06
PER,868.3774999999998,149.0,72.06
PER,905.288611111111,151.0,72.06
PER,921.888611111111,166.0,72.06
PER,931.3330555555555,170.0,72.06
PER,952.2219444444443,188.0,72.06
PER,977.1552777777777,204.0,72.06
PER,991.2886111111109,212.0,72.06
PER,1000.9330555555554,217.0,72.06
PER,1013.2047222222221,222.0,72.06
PER,1023.2491666666666,226.0,72.06
PER,1035.0269444444443,212.0,72.06
PER,1048.9491666666665,179.0,72.06
PER,1064.615833333333,141.0,72.06
PER,1075.815833333333,112.0,72.06
PER,1080.615833333333,108.0,72.06
PER,1089.0158333333331,108.0,72.06
PER,1095.7824999999998,87.0,72.06
PER,1105.6824999999997,81.0,72.06
PER,1110.7491666666663,76.0,72.06
PER,1119.415833333333,78.0,72.06
PER,1126.1286111111108,86.0,72.06
PER,1133.2841666666664,92.0,72.06
PER,1141.3730555555553,104.0,72.06
PER,1150.7063888888886,120.0,72.06
PER,1162.9730555555552,138.0,72.06
PER,1172.2397222222219,139.0,72.06
PER,1185.350833333333,118.0,72.06
PER,1195.7952777777775,94.0,72.06
PER,1204.0952777777775,83.0,72.06
PER,1208.8286111111108,71.0,72.06
PER,1211.8952777777774,69.0,72.06
PER,1218.968055555555,58.0,72.06
PER,1221.5013888888884,57.0,72.06
PER,1227.9791666666663,53.0,72.06
PER,1230.334722222222,53.0,72.06
PER,1232.5124999999996,49.0,72.06
PER,1236.6013888888886,46.0,72.06
PER,1241.045833333333,50.0,72.06
PER,1245.3236111111107,55.0,72.06
PER,1248.7124999999996,61.0,72.06
PER,1252.5458333333331,69.0,72.06
PER,1261.2458333333332,87.0,72.06
PER,1268.8680555555554,98.0,72.06
PER,1280.7505555555556,97.0,72.06
PER,1284.883888888889,93.0,72.06
PER,1289.9394444444445,91.0,72.06
PER,1299.1616666666666,83.0,72.06
PER,1308.5727777777777,77.0,72.06
PER,1311.995,77.0,72.06
PER,1315.5949999999998,81.0,72.06
PER,1322.2838888888887,86.0,72.06
PER,1326.2394444444442,89.0,72.06
PER,1334.0949999999996,101.0,72.06
PER,1339.0727777777774,112.0,72.06
PER,1347.2727777777775,123.0,72.06
PER,1358.6727777777776,114.0,72.06
PER,1366.5777777777776,102.0,72.06
PER,1374.9333333333332,94.0,72.06
PER,1379.0666666666664,93.0,72.06
PER,1386.7999999999997,87.0,72.06
PER,1390.533333333333,84.0,72.06
PER,1396.1999999999996,85.0,72.06
PER,1404.2888888888886,91.0,72.06
PER,1409.511111111111,94.0,72.06
PER,1418.0666666666666,110.0,72.06
PER,1424.8444444444442,122.0,72.06
PER,1435.2666666666664,134.0,72.06
PER,1448.6888888888886,151.0,72.06
PER,1455.3999999999999,151.0,72.06
PER,1473.2494444444442,178.0,72.06
PER,1485.6494444444443,186.0,72.06
PER,1505.6494444444443,200.0,72.06
PER,1519.3827777777776,206.0,72.06
PER,1533.7827777777773,216.0,72.06
PER,1553.6938888888883,224.0,72.06
PER,1566.249444444444,226.0,72.06
PER,1581.7827777777775,233.0,72.06
PER,1592.2272222222216,235.0,72.06
PER,1619.4494444444438,245.0,72.06
PER,1636.049444444444,249.0,72.06
PER,1650.0494444444441,252.0,72.06
PER,1681.5827777777772,258.0,72.06
PER,1713.7761111111106,264.0,72.06
PER,1743.442777777777,267.0,72.06
PER,1770.542777777777,271.0,72.06
PER,1791.7761111111104,273.0,72.06
PER,1810.1761111111105,276.0,72.06
PER,1834.8872222222217,278.0,72.06
PER,1856.7427777777773,281.0,72.06
PER,1869.3205555555548,283.0,72.06
PER,1888.320555555555,285.0,72.06
PER,1920.177777777777,286.0,72.06
PER,1936.1222222222216,287.0,72.06
PER,1948.9222222222213,288.0,72.06
PER,1961.2333333333327,277.0,72.06
PER,1977.7666666666662,248.0,72.06
PER,1987.677777777777,223.0,72.06
PER,2002.2999999999993,188.0,72.06
PER,2010.1666666666658,177.0,72.06
PER,2022.9666666666658,144.0,72.06
PER,2032.6111111111102,124.0,72.06
PER,2041.1666666666658,110.0,72.06
PER,2046.8333333333326,102.0,72.06
PER,2056.6111111111104,88.0,72.06
PER,2062.988888888888,82.0,72.06
PER,2067.322222222221,78.0,72.06
PER,2071.4333333333325,74.0,72.06
PER,2075.947777777777,68.0,72.06
PER,2082.08111111111,69.0,72.06
PER,2086.08111111111,72.0,72.06
PER,2091.28111111111,78.0,72.06
PER,2099.28111111111,90.0,72.06
PER,2103.68111111111,99.0,72.06
PER,2112.78111111111,117.0,72.06
PER,2128.3366666666657,140.0,72.06
PER,2138.469999999999,152.0,72.06
PER,2147.4144444444432,161.0,72.06
PER,2154.792222222221,166.0,72.06
PER,2164.7366666666653,179.0,72.06
PER,2177.255277777777,187.0,72.06
PER,2185.877499999999,194.0,72.06
PER,2199.2774999999992,201.0,72.06
PER,2215.6886111111103,211.0,72.06
PER,2237.5886111111104,219.0,72.06
PER,2247.5886111111104,225.0,72.06
PER,2268.1219444444437,231.0,72.06
PER,2278.4774999999995,233.0,72.06
PER,2288.6108333333327,228.0,72.06
PER,2300.1663888888884,208.0,72.06
PER,2344.8886111111105,175.0,72.06
PER,2356.8886111111105,180.0,72.06
PER,2371.6663888888884,190.0,72.06
PER,2393.9438888888885,201.0,72.06
PER,2405.4994444444437,208.0,72.06
PER,2417.388333333333,214.0,72.06
PER,2432.055,220.0,72.06
PER,2454.855,228.0,72.06
PER,2472.9772222222223,233.0,72.06
PER,2496.577222222222,236.0,72.06
PER,2515.166111111111,239.0,72.06
PER,2534.1438888888883,244.0,72.06
PER,2550.5438888888884,246.0,72.06
PER,2561.724444444444,250.0,72.06
PER,2575.668888888889,251.0,72.06
PER,2586.5577777777776,245.0,72.06
PER,2606.1577777777775,196.0,72.06
PER,2615.9355555555553,176.0,72.06
PER,2632.9355555555553,153.0,72.06
PER,2645.4688888888886,141.0,72.06
PER,2654.202222222222,131.0,72.06
PER,2659.9355555555553,129.0,72.06
PER,2667.0466666666666,128.0,72.06
PER,2677.0022222222224,128.0,72.06
PER,2688.38,128.0,72.06
PER,2694.2466666666664,132.0,72.06
PER,2700.2466666666664,135.0,72.06
PER,2711.4466666666667,144.0,72.06
PER,2718.2022222222226,152.0,72.06
PER,2732.911666666667,166.0,72.06
PER,2744.578333333334,175.0,72.06
PER,2754.745000000001,183.0,72.06
PER,2765.078333333334,186.0,72.06
PER,2777.9450000000006,193.0,72.06
PER,2797.1450000000004,192.0,72.06
PER,2809.978333333334,165.0,72.06
PER,2816.511666666667,147.0,72.06
PER,2822.689444444445,139.0,72.06
PER,2830.289444444445,114.0,72.06
PER,2838.067222222223,100.0,72.06
PER,2842.067222222223,90.0,72.06
PER,2848.3897222222226,81.0,72.06
PER,2852.6675000000005,77.0,72.06
PER,2857.5341666666673,73.0,72.06
PER,2861.4230555555564,70.0,72.06
PER,2867.9230555555564,65.0,72.06
PER,2871.3675000000007,62.0,72.06
PER,2874.1675000000005,63.0,72.06
PER,2879.223055555556,65.0,72.06
PER,2882.2452777777785,68.0,72.06
PER,2889.267500000001,79.0,72.06
PER,2896.3452777777784,91.0,72.06
PER,2900.8786111111117,102.0,72.06
PER,2911.545277777778,120.0,72.06
PER,2919.6119444444453,121.0,72.06
PER,2927.5452777777787,102.0,72.06
PER,2934.0119444444454,97.0,72.06
PER,2939.920555555557,89.0,72.06
PER,2943.7872222222236,87.0,72.06
PER,2948.5650000000014,86.0,72.06
PER,2954.8650000000016,81.0,72.06
PER,2961.398333333335,84.0,72.06
PER,2970.498333333335,91.0,72.06
PER,2976.05388888889,100.0,72.06
PER,2983.0538888888905,105.0,72.06
PER,2996.4538888888906,134.0,72.06
PER,3004.6205555555575,147.0,72.06
PER,3019.0655555555572,162.0,72.06
PER,3028.343333333335,167.0,72.06
PER,3040.4100000000017,181.0,72.06
PER,3060.1100000000015,197.0,72.06
PER,3068.99888888889,200.0,72.06
PER,3082.8655555555574,208.0,72.06
PER,3092.4211111111126,215.0,72.06
PER,3104.643333333335,220.0,72.06
PER,3135.9766666666674,235.0,72.06
PER,3154.7988888888895,242.0,72.06
PER,3179.8988888888894,251.0,72.06
PER,3196.89888888889,255.0,72.06
PER,3220.098888888889,261.0,72.06
PER,3252.7322222222224,267.0,72.06
PER,3264.7766666666676,271.0,72.06
PER,3283.176666666667,276.0,72.06
BOT,1.0002777777777778,277.0,72.512
BOT,25.978055555555557,281.0,72.512
BOT,51.04472222222222,282.0,72.512
BOT,70.17805555555555,287.0,72.512
BOT,86.06694444444443,286.0,72.512
BOT,103.06694444444443,255.0,72.512
BOT,124.36694444444444,213.0,72.512
BOT,134.31694444444443,180.0,72.512
BOT,143.81694444444443,171.0,72.512
BOT,152.42805555555555,155.0,72.512
BOT,162.92805555555555,135.0,72.512
BOT,171.29611111111112,125.0,72.512
BOT,177.685,115.0,72.512
BOT,188.78500000000003,111.0,72.512
BOT,193.71833333333336,111.0,72.512
BOT,202.19611111111115,109.0,72.512
BOT,210.7516666666667,110.0,72.512
BOT,221.41833333333338,120.0,72.512
BOT,233.68500000000003,138.0,72.512
BOT,241.90722222222226,148.0,72.512
BOT,250.90722222222226,162.0,72.512
BOT,264.67388888888894,177.0,72.512
BOT,274.89611111111117,184.0,72.512
BOT,283.385,191.0,72.512
BOT,294.21833333333336,195.0,72.512
BOT,309.5405555555556,197.0,72.512
BOT,321.15166666666676,209.0,72.512
BOT,338.1072222222223,218.0,72.512
BOT,365.97388888888895,228.0,72.512
BOT,376.2405555555556,231.0,72.512
BOT,399.94055555555553,237.0,72.512
BOT,410.6072222222222,240.0,72.512
BOT,432.5627777777778,247.0,72.512
BOT,451.9294444444444,249.0,72.512
BOT,468.7922222222222,254.0,72.512
BOT,485.92555555555555,257.0,72.512
BOT,505.99222222222215,258.0,72.512
BOT,517.5305555555555,258.0,72.512
BOT,531.975,260.0,72.512
BOT,561.3083333333334,264.0,72.512
BOT,582.075,267.0,72.512
BOT,605.8083333333334,267.0,72.512
BOT,617.6305555555556,266.0,72.512
BOT,637.2305555555555,252.0,72.512
BOT,653.2305555555555,240.0,72.512
BOT,668.3638888888888,227.0,72.512
BOT,679.8083333333333,206.0,72.512
BOT,697.3194444444445,197.0,72.512
BOT,710.1861111111111,193.0,72.512
BOT,722.3861111111112,183.0,72.512
BOT,735.7638888888889,172.0,72.512
BOT,752.2638888888889,165.0,72.512
BOT,768.463888888889,162.0,72.512
BOT,777.575,164.0,72.512
BOT,788.8416666666667,169.0,72.512
BOT,806.1416666666667,173.0,72.512
BOT,823.6416666666667,175.0,72.512
BOT,840.7416666666667,171.0,72.512
BOT,851.4083333333333,160.0,72.512
BOT,862.9558333333333,149.0,72.512
BOT,869.4002777777778,145.0,72.512
BOT,881.8836111111111,140.0,72.512
BOT,897.6613888888888,142.0,72.512
BOT,905.9391666666666,149.0,72.512
BOT,916.1391666666666,153.0,72.512
BOT,925.1391666666666,162.0,72.512
BOT,941.1391666666666,180.0,72.512
BOT,956.0724999999998,192.0,72.512
BOT,967.0724999999999,198.0,72.512
BOT,990.294722222222,209.0,72.512
BOT,1002.2391666666665,215.0,72.512
BOT,1032.5058333333332,227.0,72.512
BOT,1041.6169444444442,205.0,72.512
BOT,1050.2391666666665,194.0,72.512
BOT,1059.5724999999998,168.0,72.512
BOT,1069.605833333333,129.0,72.512
BOT,1076.3280555555552,121.0,72.512
BOT,1080.9502777777775,104.0,72.512
BOT,1087.6836111111108,101.0,72.512
BOT,1091.8169444444443,93.0,72.512
BOT,1099.283611111111,84.0,72.512
BOT,1103.8391666666666,82.0,72.512
BOT,1109.0391666666667,78.0,72.512
BOT,1115.7947222222222,76.0,72.512
BOT,1119.2169444444444,77.0,72.512
BOT,1125.5169444444443,81.0,72.512
BOT,1133.4919444444442,90.0,72.512
BOT,1137.9641666666664,100.0,72.512
BOT,1144.2975,114.0,72.512
BOT,1152.2975,120.0,72.512
BOT,1163.1863888888888,140.0,72.512
BOT,1173.1863888888888,150.0,72.512
BOT,1190.0752777777777,152.0,72.512
BOT,1201.7419444444442,105.0,72.512
BOT,1206.7974999999997,91.0,72.512
BOT,1213.5974999999996,68.0,72.512
BOT,1216.3974999999996,63.0,72.512
BOT,1220.0641666666663,55.0,72.512
BOT,1223.6641666666662,54.0,72.512
BOT,1225.841944444444,49.0,72.512
BOT,1229.1086111111106,49.0,72.512
BOT,1231.7197222222217,47.0,72.512
BOT,1236.7197222222217,45.0,72.512
BOT,1239.9197222222217,48.0,72.512
BOT,1245.6974999999995,52.0,72.512
BOT,1250.6752777777774,56.0,72.512
BOT,1256.353055555555,73.0,72.512
BOT,1264.5530555555551,82.0,72.512
BOT,1273.7086111111107,103.0,72.512
BOT,1280.3752777777772,100.0,72.512
BOT,1289.9486111111105,96.0,72.512
BOT,1300.3611111111104,85.0,72.512
BOT,1308.5611111111104,82.0,72.512
BOT,1313.1166666666659,82.0,72.512
BOT,1316.7611111111103,82.0,72.512
BOT,1321.5944444444435,87.0,72.512
BOT,1325.727777777777,93.0,72.512
BOT,1336.127777777777,104.0,72.512
BOT,1348.927777777777,128.0,72.512
BOT,1363.5944444444438,110.0,72.512
BOT,1374.1499999999994,95.0,72.512
BOT,1378.2833333333326,93.0,72.512
BOT,1389.7499999999993,86.0,72.512
BOT,1394.4722222222217,85.0,72.512
BOT,1405.3499999999995,89.0,72.512
BOT,1416.794444444444,103.0,72.512
BOT,1425.5833333333328,113.0,72.512
BOT,1431.094444444444,124.0,72.512
BOT,1439.7611111111107,130.0,72.512
BOT,1447.8722222222216,146.0,72.512
BOT,1458.6722222222218,162.0,72.512
BOT,1465.8722222222216,162.0,72.512
BOT,1479.6388888888882,177.0,72.512
BOT,1488.0305555555549,190.0,72.512
BOT,1499.0297222222216,197.0,72.512
BOT,1507.9186111111107,200.0,72.512
BOT,1529.2186111111107,213.0,72.512
BOT,1546.4074999999996,221.0,72.512
BOT,1564.2186111111107,229.0,72.512
BOT,1582.4186111111103,234.0,72.512
BOT,1595.6408333333327,238.0,72.512
BOT,1606.396388888888,242.0,72.512
BOT,1620.063055555555,246.0,72.512
BOT,1636.7297222222217,250.0,72.512
BOT,1647.974166666666,253.0,72.512
BOT,1662.1963888888884,256.0,72.512
BOT,1685.2186111111107,259.0,72.512
BOT,1696.8186111111104,261.0,72.512
BOT,1717.4297222222215,265.0,72.512
BOT,1738.1186111111103,266.0,72.512
BOT,1749.9852777777767,267.0,72.512
BOT,1770.907499999999,269.0,72.512
BOT,1792.1408333333322,273.0,72.512
BOT,1819.6408333333322,275.0,72.512
BOT,1854.2297222222214,283.0,72.512
BOT,1866.7630555555545,282.0,72.512
BOT,1879.385277777777,284.0,72.512
BOT,1895.1630555555544,284.0,72.512
BOT,1920.5852777777766,286.0,72.512
BOT,1936.41861111111,285.0,72.512
BOT,1967.0852777777766,276.0,72.512
BOT,1984.4852777777767,261.0,72.512
BOT,1994.3074999999988,221.0,72.512
BOT,2007.2408333333321,194.0,72.512
BOT,2014.6630555555541,167.0,72.512
BOT,2030.6741666666653,131.0,72.512
BOT,2035.8741666666651,117.0,72.512
BOT,2044.851944444443,101.0,72.512
BOT,2051.774166666665,89.0,72.512
BOT,2055.4186111111094,82.0,72.512
BOT,2061.563055555554,79.0,72.512
BOT,2068.863055555554,73.0,72.512
BOT,2072.7519444444433,70.0,72.512
BOT,2075.6852777777767,66.0,72.512
BOT,2080.81861111111,66.0,72.512
BOT,2087.71861111111,69.0,72.512
BOT,2091.7741666666657,73.0,72.512
BOT,2098.307499999999,84.0,72.512
BOT,2104.507499999999,93.0,72.512
BOT,2110.229722222221,103.0,72.512
BOT,2115.2963888888876,114.0,72.512
BOT,2125.640833333332,133.0,72.512
BOT,2131.729722222221,137.0,72.512
BOT,2138.3074999999985,148.0,72.512
BOT,2145.1074999999987,153.0,72.512
BOT,2153.6074999999987,153.0,72.512
BOT,2165.4741666666655,178.0,72.512
BOT,2180.1741666666658,189.0,72.512
BOT,2191.1733333333323,197.0,72.512
BOT,2206.983333333332,204.0,72.512
BOT,2249.1055555555545,223.0,72.512
BOT,2269.638888888888,231.0,72.512
BOT,2290.7388888888877,211.0,72.512
BOT,2303.8055555555543,196.0,72.512
BOT,2313.749999999999,179.0,72.512
BOT,2325.2833333333324,173.0,72.512
BOT,2332.7944444444433,169.0,72.512
BOT,2349.6944444444434,169.0,72.512
BOT,2365.4277777777766,177.0,72.512
BOT,2380.127777777777,189.0,72.512
BOT,2397.7277777777767,198.0,72.512
BOT,2418.8277777777766,211.0,72.512
BOT,2435.7055555555544,217.0,72.512
BOT,2450.4388888888875,221.0,72.512
BOT,2462.8277777777766,223.0,72.512
BOT,2480.56111111111,228.0,72.512
BOT,2503.9611111111103,234.0,72.512
BOT,2516.8499999999995,232.0,72.512
BOT,2532.7833333333324,239.0,72.512
BOT,2549.0499999999993,244.0,72.512
BOT,2565.516666666666,247.0,72.512
BOT,2587.184166666666,243.0,72.512
BOT,2597.984166666666,243.0,72.512
BOT,2609.205555555555,203.0,72.512
BOT,2617.338888888888,183.0,72.512
BOT,2624.6722222222215,165.0,72.512
BOT,2639.8722222222214,152.0,72.512
BOT,2650.838888888888,141.0,72.512
BOT,2661.1833333333325,133.0,72.512
BOT,2671.138888888888,128.0,72.512
BOT,2684.6944444444434,122.0,72.512
BOT,2693.949999999999,119.0,72.512
BOT,2700.7277777777767,122.0,72.512
BOT,2710.9944444444436,132.0,72.512
BOT,2720.727777777777,146.0,72.512
BOT,2731.127777777777,156.0,72.512
BOT,2738.4611111111103,165.0,72.512
BOT,2758.794444444444,183.0,72.512
BOT,2777.694444444444,189.0,72.512
BOT,2793.2499999999995,200.0,72.512
BOT,2811.5499999999997,183.0,72.512
BOT,2818.7499999999995,162.0,72.512
BOT,2827.5499999999997,132.0,72.512
BOT,2833.061111111111,124.0,72.512
BOT,2842.3944444444446,105.0,72.512
BOT,2847.9500000000003,100.0,72.512
BOT,2854.194444444445,80.0,72.512
BOT,2860.416666666667,70.0,72.512
BOT,2866.9983333333334,66.0,72.512
BOT,2871.2650000000003,64.0,72.512
BOT,2886.8983333333335,67.0,72.512
BOT,2893.6538888888895,76.0,72.512
BOT,2904.6538888888895,90.0,72.512
BOT,2918.8316666666674,116.0,72.512
BOT,2930.031666666667,112.0,72.512
BOT,2935.698333333334,102.0,72.512
BOT,2943.5205555555563,88.0,72.512
BOT,2950.8094444444455,82.0,72.512
BOT,2960.465000000001,79.0,72.512
BOT,2964.0205555555567,80.0,72.512
BOT,2968.5761111111124,82.0,72.512
BOT,2974.5094444444458,89.0,72.512
BOT,2985.409444444446,109.0,72.512
BOT,2993.476111111113,121.0,72.512
BOT,2999.165000000002,128.0,72.512
BOT,3017.987222222224,154.0,72.512
BOT,3027.143888888891,164.0,72.512
BOT,3034.877222222224,174.0,72.512
BOT,3047.0105555555574,182.0,72.512
BOT,3071.6433333333357,202.0,72.512
BOT,3085.5766666666686,209.0,72.512
BOT,3097.5211111111134,215.0,72.512
BOT,3122.854444444446,228.0,72.512
BOT,3141.210000000002,236.0,72.512
BOT,3157.2100000000023,240.0,72.512
BOT,3173.743333333335,248.0,72.512
BOT,3193.2655555555575,251.0,72.512
BOT,3207.4322222222245,255.0,72.512
BOT,3224.5655555555572,257.0,72.512
BOT,3239.28777777778,265.0,72.512
BOT,3254.176666666669,268.0,72.512
BOT,3266.1766666666686,270.0,72.512
ZHO,2.673611111111111,275.0,73.028
ZHO,18.17361111111111,279.0,73.028
ZHO,49.72916666666667,284.0,73.028
ZHO,68.72916666666667,285.0,73.028
ZHO,81.52916666666667,288.0,73.028
ZHO,99.8625,275.0,73.028
ZHO,111.41805555555555,260.0,73.028
ZHO,135.25138888888887,195.0,73.028
ZHO,142.98472222222222,174.0,73.028
ZHO,156.31805555555553,150.0,73.028
ZHO,166.89583333333331,136.0,73.028
ZHO,172.36249999999998,123.0,73.028
ZHO,181.15138888888887,113.0,73.028
ZHO,192.15138888888887,110.0,73.028
ZHO,198.0958333333333,107.0,73.028
ZHO,202.85138888888886,107.0,73.028
ZHO,211.25138888888887,108.0,73.028
ZHO,223.15138888888885,119.0,73.028
ZHO,230.31805555555553,129.0,73.028
ZHO,241.6736111111111,146.0,73.028
ZHO,252.00694444444443,155.0,73.028
ZHO,260.8958333333333,160.0,73.028
ZHO,268.5402777777777,172.0,73.028
ZHO,282.6180555555555,181.0,73.028
ZHO,290.97361111111104,188.0,73.028
ZHO,299.5069444444444,192.0,73.028
ZHO,308.3069444444444,198.0,73.028
ZHO,319.6402777777777,204.0,73.028
ZHO,333.7069444444444,211.0,73.028
ZHO,350.5847222222222,217.0,73.028
ZHO,362.97972222222216,222.0,73.028
ZHO,380.72722222222217,229.0,73.028
ZHO,425.6827777777777,238.0,73.028
ZHO,447.63833333333326,247.0,73.028
ZHO,472.93833333333333,253.0,73.028
ZHO,489.9383333333332,255.0,73.028
ZHO,504.21611111111105,257.0,73.028
ZHO,521.4827777777778,259.0,73.028
ZHO,532.9938888888889,259.0,73.028
ZHO,559.3938888888889,264.0,73.028
ZHO,582.7716666666668,263.0,73.028
ZHO,603.6161111111112,268.0,73.028
ZHO,626.6383333333334,259.0,73.028
ZHO,650.6383333333334,240.0,73.028
ZHO,667.982777777778,223.0,73.028
ZHO,681.9161111111114,209.0,73.028
ZHO,692.9716666666669,199.0,73.028
ZHO,707.5161111111113,187.0,73.028
ZHO,725.0161111111113,175.0,73.028
ZHO,734.3494444444445,168.0,73.028
ZHO,744.9494444444446,159.0,73.028
ZHO,755.2827777777779,155.0,73.028
ZHO,765.482777777778,153.0,73.028
ZHO,779.3036111111113,155.0,73.028
ZHO,786.2369444444447,156.0,73.028
ZHO,795.0813888888891,160.0,73.028
ZHO,802.370277777778,164.0,73.028
ZHO,809.8813888888891,169.0,73.028
ZHO,827.3813888888891,175.0,73.028
ZHO,839.9813888888891,162.0,73.028
ZHO,851.4147222222225,147.0,73.028
ZHO,862.3813888888892,141.0,73.028
ZHO,877.4925000000003,136.0,73.028
ZHO,888.0702777777781,136.0,73.028
ZHO,895.8480555555558,140.0,73.028
ZHO,907.4369444444445,149.0,73.028
ZHO,917.7702777777779,155.0,73.028
ZHO,929.1036111111111,170.0,73.028
ZHO,936.8369444444445,174.0,73.028
ZHO,957.6147222222224,187.0,73.028
ZHO,978.0147222222224,204.0,73.028
ZHO,994.5813888888891,213.0,73.028
ZHO,1016.8813888888891,223.0,73.028
ZHO,1026.8369444444447,224.0,73.028
ZHO,1039.9036111111113,196.0,73.028
ZHO,1047.5480555555557,172.0,73.028
ZHO,1060.5258333333336,146.0,73.028
ZHO,1067.8591666666669,132.0,73.028
ZHO,1077.694166666667,126.0,73.028
ZHO,1086.6719444444445,101.0,73.028
ZHO,1095.0486111111113,84.0,73.028
ZHO,1100.315277777778,79.0,73.028
ZHO,1117.5819444444446,74.0,73.028
ZHO,1124.6930555555557,80.0,73.028
ZHO,1136.1819444444445,94.0,73.028
ZHO,1150.9708333333335,121.0,73.028
ZHO,1164.8708333333334,139.0,73.028
ZHO,1173.2597222222223,151.0,73.028
ZHO,1184.726388888889,129.0,73.028
ZHO,1194.326388888889,108.0,73.028
ZHO,1204.7152777777778,85.0,73.028
ZHO,1208.0930555555556,76.0,73.028
ZHO,1212.0375000000001,71.0,73.028
ZHO,1216.6375,69.0,73.028
ZHO,1221.9375,53.0,73.028
ZHO,1225.4708333333333,53.0,73.028
ZHO,1227.7819444444444,52.0,73.028
ZHO,1233.4041666666667,46.0,73.028
ZHO,1235.8608333333334,44.0,73.028
ZHO,1237.9052777777779,46.0,73.028
ZHO,1241.105277777778,48.0,73.028
ZHO,1248.0561111111112,57.0,73.028
ZHO,1252.2561111111113,63.0,73.028
ZHO,1256.0894444444446,69.0,73.028
ZHO,1265.5338888888891,85.0,73.028
ZHO,1273.2338888888892,99.0,73.028
ZHO,1279.9672222222225,101.0,73.028
ZHO,1286.4338888888892,97.0,73.028
ZHO,1293.4338888888892,90.0,73.028
ZHO,1298.2672222222225,87.0,73.028
ZHO,1303.9338888888892,85.0,73.028
ZHO,1308.6561111111116,85.0,73.028
ZHO,1313.3227777777784,84.0,73.028
ZHO,1317.1005555555562,85.0,73.028
ZHO,1324.178333333334,91.0,73.028
ZHO,1332.0338888888896,101.0,73.028
ZHO,1341.8116666666674,110.0,73.028
ZHO,1356.3672222222228,131.0,73.028
ZHO,1366.9450000000006,119.0,73.028
ZHO,1373.9450000000006,105.0,73.028
ZHO,1385.3116666666672,93.0,73.028
ZHO,1389.267222222223,89.0,73.028
ZHO,1394.1005555555562,87.0,73.028
ZHO,1400.813333333334,86.0,73.028
ZHO,1404.6355555555563,86.0,73.028
ZHO,1410.9688888888898,95.0,73.028
ZHO,1420.3616666666674,106.0,73.028
ZHO,1425.2950000000008,111.0,73.028
ZHO,1435.4061111111118,130.0,73.028
ZHO,1443.239444444445,141.0,73.028
ZHO,1451.6838888888897,152.0,73.028
ZHO,1463.506111111112,152.0,73.028
ZHO,1473.0616666666674,172.0,73.028
ZHO,1483.2838888888898,184.0,73.028
ZHO,1496.0172222222232,191.0,73.028
ZHO,1507.0727777777786,199.0,73.028
ZHO,1527.9727777777784,209.0,73.028
ZHO,1537.4394444444454,213.0,73.028
ZHO,1557.4394444444454,225.0,73.028
ZHO,1567.5727777777786,228.0,73.028
ZHO,1577.8394444444455,231.0,73.028
ZHO,1598.906111111112,237.0,73.028
ZHO,1609.6616666666673,242.0,73.028
ZHO,1628.8727777777785,247.0,73.028
ZHO,1651.1838888888897,251.0,73.028
ZHO,1670.9394444444454,254.0,73.028
ZHO,1691.1616666666678,260.0,73.028
ZHO,1714.3616666666678,261.0,73.028
ZHO,1737.9172222222235,265.0,73.028
ZHO,1749.7838888888898,267.0,73.028
ZHO,1776.8588888888896,270.0,73.028
ZHO,1792.0255555555566,273.0,73.028
ZHO,1813.4144444444455,275.0,73.028
ZHO,1832.0144444444456,279.0,73.028
ZHO,1844.3369444444456,279.0,73.028
ZHO,1869.4036111111122,282.0,73.028
ZHO,1894.7369444444455,285.0,73.028
ZHO,1913.736944444445,285.0,73.028
ZHO,1939.2480555555562,287.0,73.028
ZHO,1966.148055555556,269.0,73.028
ZHO,1982.0147222222229,238.0,73.028
ZHO,1997.8813888888897,204.0,73.028
ZHO,2009.2813888888898,171.0,73.028
ZHO,2019.3480555555561,151.0,73.028
ZHO,2026.9591666666674,137.0,73.028
ZHO,2034.6258333333342,115.0,73.028
ZHO,2042.792500000001,105.0,73.028
ZHO,2049.0591666666674,94.0,73.028
ZHO,2054.0036111111117,89.0,73.028
ZHO,2057.825833333334,86.0,73.028
ZHO,2062.048055555556,76.0,73.028
ZHO,2070.048055555556,72.0,73.028
ZHO,2074.5147222222226,67.0,73.028
ZHO,2078.181388888889,66.0,73.028
ZHO,2084.048055555556,66.0,73.028
ZHO,2088.7147222222225,70.0,73.028
ZHO,2094.8030555555556,78.0,73.028
ZHO,2100.469722222222,85.0,73.028
ZHO,2108.7141666666666,106.0,73.028
ZHO,2121.0797222222222,124.0,73.028
ZHO,2137.4130555555557,147.0,73.028
ZHO,2154.1130555555555,167.0,73.028
ZHO,2167.724166666667,175.0,73.028
ZHO,2177.946388888889,184.0,73.028
ZHO,2186.301944444445,188.0,73.028
ZHO,2195.1463888888893,199.0,73.028
ZHO,2206.5352777777784,205.0,73.028
ZHO,2223.0241666666675,212.0,73.028
ZHO,2242.7575000000006,222.0,73.028
ZHO,2257.890833333334,227.0,73.028
ZHO,2270.6686111111117,230.0,73.028
ZHO,2290.5797222222227,224.0,73.028
ZHO,2305.901944444445,197.0,73.028
ZHO,2318.6352777777784,191.0,73.028
ZHO,2337.1352777777784,185.0,73.028
ZHO,2346.6908333333336,172.0,73.028
ZHO,2354.3797222222224,173.0,73.028
ZHO,2374.935277777778,185.0,73.028
ZHO,2385.4908333333337,190.0,73.028
ZHO,2410.301944444445,203.0,73.028
ZHO,2434.250555555556,215.0,73.028
ZHO,2446.250555555556,216.0,73.028
ZHO,2471.3616666666667,226.0,73.028
ZHO,2486.6283333333336,229.0,73.028
ZHO,2509.664166666667,231.0,73.028
ZHO,2520.0197222222223,233.0,73.028
ZHO,2538.4530555555557,237.0,73.028
ZHO,2562.753055555556,243.0,73.028
ZHO,2585.053055555556,223.0,73.028
ZHO,2599.1197222222227,211.0,73.028
ZHO,2611.253055555556,182.0,73.028
ZHO,2629.464166666667,149.0,73.028
ZHO,2638.930833333334,142.0,73.028
ZHO,2649.975277777778,142.0,73.028
ZHO,2657.253055555556,131.0,73.028
ZHO,2664.3086111111115,127.0,73.028
ZHO,2676.5086111111113,122.0,73.028
ZHO,2684.4419444444443,119.0,73.028
ZHO,2697.9975,122.0,73.028
ZHO,2706.5975,129.0,73.028
ZHO,2721.3975,148.0,73.028
ZHO,2729.8975,153.0,73.028
ZHO,2736.6975,153.0,73.028
ZHO,2744.389722222222,172.0,73.028
ZHO,2758.6230555555558,183.0,73.028
ZHO,2771.4897222222226,193.0,73.028
ZHO,2786.8119444444446,197.0,73.028
ZHO,2803.7897222222223,191.0,73.028
ZHO,2819.2466666666664,155.0,73.028
ZHO,2825.2466666666664,135.0,73.028
ZHO,2831.7466666666664,117.0,73.028
ZHO,2836.68,111.0,73.028
ZHO,2841.035555555555,98.0,73.028
ZHO,2848.413333333333,83.0,73.028
ZHO,2854.9911111111105,74.0,73.028
ZHO,2858.935555555555,71.0,73.028
ZHO,2864.068888888888,66.0,73.028
ZHO,2869.4022222222216,60.0,73.028
ZHO,2875.4022222222216,60.0,73.028
ZHO,2893.1799999999994,80.0,73.028
ZHO,2898.068888888888,88.0,73.028
ZHO,2903.5133333333324,98.0,73.028
ZHO,2911.9133333333325,108.0,73.028
ZHO,2917.157777777777,118.0,73.028
ZHO,2923.9911111111105,123.0,73.028
ZHO,2929.935555555555,107.0,73.028
ZHO,2935.379999999999,98.0,73.028
ZHO,2943.803333333333,84.0,73.028
ZHO,2949.4033333333327,84.0,73.028
ZHO,2955.4699999999993,78.0,73.028
ZHO,2961.4588888888884,77.0,73.028
ZHO,2966.8588888888885,81.0,73.028
ZHO,2970.814444444444,89.0,73.028
ZHO,2977.414444444444,99.0,73.028
ZHO,2983.6055555555554,112.0,73.028
ZHO,2993.7944444444443,131.0,73.028
ZHO,3005.2277777777776,147.0,73.028
ZHO,3019.7166666666662,163.0,73.028
ZHO,3037.916666666666,182.0,73.028
ZHO,3059.4722222222217,194.0,73.028
ZHO,3080.272222222222,208.0,73.028
ZHO,3094.8055555555547,218.0,73.028
ZHO,3104.627777777777,221.0,73.028
ZHO,3117.016666666666,223.0,73.028
ZHO,3132.4166666666665,231.0,73.028
ZHO,3145.749999999999,240.0,73.028
ZHO,3162.0166666666664,244.0,73.028
ZHO,3184.327777777777,251.0,73.028
ZHO,3198.4388888888884,254.0,73.028
ZHO,3212.661111111111,256.0,73.028
ZHO,3230.3277777777776,265.0,73.028
ZHO,3254.238888888889,269.0,73.028
ZHO,3275.4722222222226,273.0,73.028
