Driver,Distance,Speed,LapTimeSec
NOR,15.336666666666666,321.0,79.327
NOR,33.22555555555556,322.0,79.327
NOR,62.114444444444445,325.0,79.327
NOR,98.5588888888889,328.0,79.327
NOR,131.5588888888889,330.0,79.327
NOR,164.75888888888892,332.0,79.327
NOR,183.25888888888892,333.0,79.327
NOR,201.8144444444445,334.0,79.327
NOR,216.75166666666672,334.0,79.327
NOR,246.61833333333337,336.0,79.327
NOR,269.08500000000004,337.0,79.327
NOR,299.1294444444445,338.0,79.327
NOR,314.1516666666667,338.0,79.327
NOR,344.2850000000001,339.0,79.327
NOR,374.59611111111116,341.0,79.327
NOR,401.1961111111112,342.0,79.327
NOR,439.1961111111111,342.0,79.327
NOR,473.49611111111113,343.0,79.327
NOR,488.785,344.0,79.327
NOR,519.3627777777779,344.0,79.327
NOR,534.6961111111111,345.0,79.327
NOR,553.8627777777778,345.0,79.327
NOR,573.0294444444444,345.0,79.327
NOR,595.9999999999999,346.0,79.327
NOR,619.0666666666666,346.0,79.327
NOR,638.2888888888889,346.0,79.327
NOR,669.1333333333333,347.0,79.327
NOR,688.4111111111112,347.0,79.327
NOR,715.2444444444445,345.0,79.327
NOR,738.2444444444445,345.0,79.327
NOR,761.1777777777779,344.0,79.327
NOR,789.5333333333335,319.0,79.327
NOR,814.688888888889,283.0,79.327
NOR,834.216388888889,219.0,79.327
NOR,848.216388888889,180.0,79.327
NOR,863.6608333333335,139.0,79.327
NOR,870.4941666666667,123.0,79.327
NOR,881.0941666666668,106.0,79.327
NOR,885.6719444444445,103.0,79.327
NOR,890.0275000000001,98.0,79.327
NOR,895.2497222222224,94.0,79.327
NOR,903.1608333333335,89.0,79.327
NOR,913.305277777778,83.0,79.327
NOR,919.9941666666668,86.0,79.327
NOR,928.0941666666669,81.0,79.327
NOR,934.7608333333335,75.0,79.327
NOR,939.6275000000002,73.0,79.327
NOR,945.3625000000002,74.0,79.327
NOR,950.6291666666668,79.0,79.327
NOR,956.1625000000001,83.0,79.327
NOR,964.1625000000001,90.0,79.327
NOR,974.6625000000001,105.0,79.327
NOR,983.9958333333335,120.0,79.327
NOR,991.1625000000001,129.0,79.327
NOR,998.9958333333334,141.0,79.327
NOR,1012.9513888888889,157.0,79.327
NOR,1026.3769444444445,172.0,79.327
NOR,1036.2102777777777,177.0,79.327
NOR,1055.6102777777778,194.0,79.327
NOR,1066.8325,202.0,79.327
NOR,1076.121388888889,209.0,79.327
NOR,1093.1547222222223,219.0,79.327
NOR,1103.0658333333333,223.0,79.327
NOR,1121.0324999999998,231.0,79.327
NOR,1139.6213888888888,239.0,79.327
NOR,1153.1769444444442,244.0,79.327
NOR,1175.4880555555553,251.0,79.327
NOR,1186.865833333333,256.0,79.327
NOR,1201.3102777777774,260.0,79.327
NOR,1215.976944444444,264.0,79.327
NOR,1249.0991666666662,271.0,79.327
NOR,1270.488055555555,275.0,79.327
NOR,1292.3436111111105,281.0,79.327
NOR,1311.1316666666662,283.0,79.327
NOR,1323.8427777777774,286.0,79.327
NOR,1339.8427777777774,288.0,79.327
NOR,1362.4761111111109,291.0,79.327
NOR,1391.8761111111107,294.0,79.327
NOR,1415.0538888888887,298.0,79.327
NOR,1434.9872222222218,299.0,79.327
NOR,1455.1205555555553,302.0,79.327
NOR,1475.320555555555,303.0,79.327
NOR,1495.587222222222,304.0,79.327
NOR,1516.1391666666664,307.0,79.327
NOR,1533.2502777777775,308.0,79.327
NOR,1557.3613888888888,310.0,79.327
NOR,1571.1391666666666,310.0,79.327
NOR,1584.961388888889,311.0,79.327
NOR,1598.8280555555552,312.0,79.327
NOR,1623.2502777777775,314.0,79.327
NOR,1637.205833333333,314.0,79.327
NOR,1651.1613888888885,314.0,79.327
NOR,1668.6613888888885,315.0,79.327
NOR,1686.216944444444,316.0,79.327
NOR,1714.4836111111106,318.0,79.327
NOR,1735.7502777777775,319.0,79.327
NOR,1757.0836111111107,320.0,79.327
NOR,1778.4836111111108,321.0,79.327
NOR,1799.9502777777773,322.0,79.327
NOR,1825.0724999999995,323.0,79.327
NOR,1861.1836111111106,325.0,79.327
NOR,1879.239166666666,325.0,79.327
NOR,1908.0377777777774,325.0,79.327
NOR,1936.8377777777773,324.0,79.327
NOR,1951.2377777777774,324.0,79.327
NOR,1976.3599999999994,323.0,79.327
NOR,1993.9711111111105,317.0,79.327
NOR,2014.9711111111105,270.0,79.327
NOR,2037.3711111111104,224.0,79.327
NOR,2046.1711111111103,198.0,79.327
NOR,2058.738055555555,161.0,79.327
NOR,2068.4047222222216,145.0,79.327
NOR,2078.515833333333,130.0,79.327
NOR,2086.7824999999993,124.0,79.327
NOR,2095.9602777777773,118.0,79.327
NOR,2103.760277777777,117.0,79.327
NOR,2111.2936111111103,113.0,79.327
NOR,2120.5491666666658,119.0,79.327
NOR,2133.249166666666,127.0,79.327
NOR,2148.026944444444,133.0,79.327
NOR,2160.115833333333,136.0,79.327
NOR,2173.5380555555553,151.0,79.327
NOR,2182.4269444444444,160.0,79.327
NOR,2191.9269444444444,171.0,79.327
NOR,2212.815833333333,188.0,79.327
NOR,2221.304722222222,191.0,79.327
NOR,2234.516111111111,199.0,79.327
NOR,2243.6716666666666,206.0,79.327
NOR,2258.0716666666663,216.0,79.327
NOR,2272.8716666666664,222.0,79.327
NOR,2295.9716666666664,231.0,79.327
NOR,2320.0716666666663,241.0,79.327
NOR,2336.6049999999996,248.0,79.327
NOR,2350.660555555555,253.0,79.327
NOR,2361.9938888888883,255.0,79.327
NOR,2385.1772222222216,260.0,79.327
NOR,2402.710555555555,263.0,79.327
NOR,2423.1661111111107,263.0,79.327
NOR,2442.610555555555,250.0,79.327
NOR,2460.888333333333,235.0,79.327
NOR,2473.610555555555,229.0,79.327
NOR,2495.310555555555,217.0,79.327
NOR,2520.610555555555,207.0,79.327
NOR,2529.943888888888,210.0,79.327
NOR,2544.2772222222216,215.0,79.327
NOR,2571.899444444444,226.0,79.327
NOR,2587.2327777777773,230.0,79.327
NOR,2602.966111111111,236.0,79.327
NOR,2621.7883333333325,242.0,79.327
NOR,2655.521666666666,253.0,79.327
NOR,2684.3383333333327,260.0,79.327
NOR,2707.8938888888883,265.0,79.327
NOR,2719.7605555555547,267.0,79.327
NOR,2737.693888888888,269.0,79.327
NOR,2752.7494444444433,271.0,79.327
NOR,2769.2827777777766,248.0,79.327
NOR,2795.1938888888876,212.0,79.327
NOR,2819.6938888888876,200.0,79.327
NOR,2828.404999999999,196.0,79.327
NOR,2836.849444444443,190.0,79.327
NOR,2851.7827777777766,192.0,79.327
NOR,2862.5605555555544,194.0,79.327
NOR,2885.5605555555544,207.0,79.327
NOR,2899.760555555554,213.0,79.327
NOR,2911.927222222221,219.0,79.327
NOR,2926.993888888888,226.0,79.327
NOR,2942.7272222222214,236.0,79.327
NOR,2956.11611111111,241.0,79.327
NOR,2978.1605555555543,248.0,79.327
NOR,2992.21611111111,253.0,79.327
NOR,3012.3605555555546,259.0,79.327
NOR,3038.8605555555546,265.0,79.327
NOR,3050.860555555554,270.0,79.327
NOR,3066.0827777777768,274.0,79.327
NOR,3087.782777777777,279.0,79.327
NOR,3100.2716666666656,281.0,79.327
NOR,3119.3383333333322,286.0,79.327
NOR,3135.31361111111,289.0,79.327
NOR,3154.71361111111,291.0,79.327
NOR,3174.380277777776,295.0,79.327
NOR,3190.9358333333316,298.0,79.327
NOR,3207.6580555555543,301.0,79.327
NOR,3227.9247222222207,304.0,79.327
NOR,3251.8802777777764,308.0,79.327
NOR,3272.5469444444434,310.0,79.327
NOR,3297.056388888888,314.0,79.327
NOR,3325.1452777777768,316.0,79.327
NOR,3342.756388888888,317.0,79.327
NOR,3360.47861111111,319.0,79.327
NOR,3385.600833333332,323.0,79.327
NOR,3418.100833333332,325.0,79.327
NOR,3454.5452777777764,328.0,79.327
NOR,3480.2119444444434,330.0,79.327
NOR,3498.6008333333325,331.0,79.327
NOR,3520.800833333333,333.0,79.327
NOR,3539.356388888888,334.0,79.327
NOR,3557.9674999999993,335.0,79.327
NOR,3587.834166666666,336.0,79.327
NOR,3606.500833333332,336.0,79.327
NOR,3632.7119444444434,337.0,79.327
NOR,3647.6897222222215,337.0,79.327
NOR,3666.467499999999,338.0,79.327
NOR,3685.2452777777767,338.0,79.327
NOR,3722.7069444444433,338.0,79.327
NOR,3745.1736111111095,337.0,79.327
NOR,3775.0402777777763,336.0,79.327
NOR,3804.906944444443,336.0,79.327
NOR,3827.9291666666654,296.0,79.327
NOR,3847.295833333332,249.0,79.327
NOR,3859.9069444444435,227.0,79.327
NOR,3874.2999999999993,215.0,79.327
NOR,3890.244444444443,205.0,79.327
NOR,3901.4666666666653,202.0,79.327
NOR,3918.71111111111,194.0,79.327
NOR,3931.71111111111,195.0,79.327
NOR,3945.044444444443,200.0,79.327
NOR,3969.155555555554,217.0,79.327
NOR,3981.4888888888872,222.0,79.327
NOR,4001.755555555554,228.0,79.327
NOR,4025.255555555554,235.0,79.327
NOR,4049.455555555554,242.0,79.327
NOR,4068.8999999999983,250.0,79.327
NOR,4085.633333333332,251.0,79.327
NOR,4105.62222222222,257.0,79.327
NOR,4120.011111111109,259.0,79.327
NOR,4140.388888888887,262.0,79.327
NOR,4155.222222222221,267.0,79.327
NOR,4182.522222222221,273.0,79.327
NOR,4194.668055555554,275.0,79.327
NOR,4213.268055555554,279.0,79.327
NOR,4232.068055555554,282.0,79.327
NOR,4267.268055555554,288.0,79.327
NOR,4280.156944444443,290.0,79.327
NOR,4313.0166666666655,295.0,79.327
NOR,4329.5166666666655,297.0,79.327
NOR,4342.805555555555,299.0,79.327
NOR,4359.527777777777,301.0,79.327
NOR,4376.36111111111,303.0,79.327
NOR,4396.694444444444,305.0,79.327
NOR,4413.694444444444,306.0,79.327
NOR,4434.227777777778,308.0,79.327
NOR,4468.672222222222,310.0,79.327
NOR,4482.538888888889,312.0,79.327
NOR,4514.038888888889,315.0,79.327
NOR,4531.594444444445,316.0,79.327
NOR,4549.150000000001,316.0,79.327
NOR,4570.35,318.0,79.327
NOR,4605.794444444446,319.0,79.327
NOR,4623.516666666666,319.0,79.327
NOR,4644.783333333334,319.0,79.327
NOR,4662.6722222222215,322.0,79.327
NOR,4687.794444444444,323.0,79.327
NOR,4705.794444444444,324.0,79.327
NOR,4723.794444444444,324.0,79.327
NOR,4745.5277777777765,326.0,79.327
NOR,4763.493055555554,325.0,79.327
NOR,4788.926388888887,327.0,79.327
NOR,4803.459722222222,327.0,79.327
NOR,4817.993055555555,327.0,79.327
NOR,4843.504166666666,328.0,79.327
NOR,4858.081944444443,328.0,79.327
NOR,4872.7041666666655,329.0,79.327
NOR,4902.039999999999,329.0,79.327
NOR,4920.317777777777,329.0,79.327
NOR,4934.895555555555,328.0,79.327
NOR,4956.762222222223,328.0,79.327
NOR,4992.984444444444,326.0,79.327
NOR,5020.2733333333335,307.0,79.327
NOR,5032.851111111111,283.0,79.327
NOR,5051.117777777778,274.0,79.327
NOR,5065.062222222222,251.0,79.327
NOR,5083.651111111111,239.0,79.327
NOR,5101.54,230.0,79.327
NOR,5111.6288888888885,227.0,79.327
NOR,5126.362222222222,221.0,79.327
NOR,5150.251111111111,215.0,79.327
NOR,5162.306666666666,217.0,79.327
NOR,5177.04,221.0,79.327
NOR,5197.217777777777,227.0,79.327
NOR,5207.528888888888,232.0,79.327
NOR,5220.639999999999,236.0,79.327
NOR,5231.173333333332,237.0,79.327
NOR,5247.373333333333,243.0,79.327
NOR,5258.262222222222,245.0,79.327
NOR,5283.292499999999,251.0,79.327
NOR,5314.581388888887,256.0,79.327
NOR,5337.959166666666,263.0,79.327
NOR,5358.8036111111105,268.0,79.327
NOR,5373.934444444443,271.0,79.327
NOR,5404.7122222222215,277.0,79.327
NOR,5417.156666666666,280.0,79.327
NOR,5439.245555555555,284.0,79.327
NOR,5471.356666666667,289.0,79.327
NOR,5484.201111111111,289.0,79.327
NOR,5510.423333333332,295.0,79.327
NOR,5526.978888888888,298.0,79.327
NOR,5543.645555555555,300.0,79.327
NOR,5563.778888888888,302.0,79.327
NOR,5587.578888888888,306.0,79.327
NOR,5604.634444444444,307.0,79.327
NOR,5639.078888888889,310.0,79.327
NOR,5652.856666666667,310.0,79.327
NOR,5673.723333333332,313.0,79.327
NOR,5687.634444444443,313.0,79.327
NOR,5705.078888888887,314.0,79.327
NOR,5733.256666666666,317.0,79.327
PIA,17.066666666666666,320.0,79.436
PIA,34.900000000000006,321.0,79.436
PIA,49.25555555555556,323.0,79.436
PIA,67.25555555555556,324.0,79.436
PIA,88.9888888888889,326.0,79.436
PIA,114.5,328.0,79.436
PIA,140.24444444444444,331.0,79.436
PIA,166.06666666666666,332.0,79.436
PIA,195.66666666666666,333.0,79.436
PIA,217.9333333333333,334.0,79.436
PIA,236.6,336.0,79.436
PIA,251.48888888888885,335.0,79.436
PIA,270.1555555555555,336.0,79.436
PIA,288.87777777777774,337.0,79.436
PIA,303.8555555555555,337.0,79.436
PIA,333.9888888888889,339.0,79.436
PIA,352.8222222222222,339.0,79.436
PIA,375.4888888888889,340.0,79.436
PIA,390.6,340.0,79.436
PIA,417.0444444444444,340.0,79.436
PIA,443.56666666666666,341.0,79.436
PIA,462.5111111111111,341.0,79.436
PIA,481.5111111111111,342.0,79.436
PIA,500.5111111111111,342.0,79.436
PIA,523.3777777777777,343.0,79.436
PIA,553.9555555555555,344.0,79.436
PIA,569.2444444444444,344.0,79.436
PIA,584.5333333333333,344.0,79.436
PIA,607.3711111111111,344.0,79.436
PIA,634.3002777777778,345.0,79.436
PIA,672.7447222222222,346.0,79.436
PIA,691.9669444444445,346.0,79.436
PIA,707.3002777777778,345.0,79.436
PIA,734.0558333333333,344.0,79.436
PIA,753.1669444444444,344.0,79.436
PIA,776.0336111111111,343.0,79.436
PIA,799.9891666666666,308.0,79.436
PIA,818.1225,272.0,79.436
PIA,831.4558333333333,240.0,79.436
PIA,846.7002777777777,196.0,79.436
PIA,856.3669444444444,174.0,79.436
PIA,867.6447222222222,145.0,79.436
PIA,878.0447222222222,117.0,79.436
PIA,883.0669444444444,113.0,79.436
PIA,891.1558333333334,104.0,79.436
PIA,898.7780555555555,98.0,79.436
PIA,904.9113888888888,92.0,79.436
PIA,914.2447222222222,84.0,79.436
PIA,924.2669444444444,82.0,79.436
PIA,928.1336111111111,87.0,79.436
PIA,932.8002777777778,84.0,79.436
PIA,937.3002777777778,81.0,79.436
PIA,940.9002777777778,81.0,79.436
PIA,946.0336111111111,77.0,79.436
PIA,950.2002777777777,75.0,79.436
PIA,957.1336111111111,78.0,79.436
PIA,965.6336111111111,85.0,79.436
PIA,969.6780555555556,91.0,79.436
PIA,976.2113888888889,98.0,79.436
PIA,989.3225,118.0,79.436
PIA,995.0558333333333,129.0,79.436
PIA,1004.4558333333333,141.0,79.436
PIA,1011.1669444444443,151.0,79.436
PIA,1024.1558333333332,167.0,79.436
PIA,1031.8002777777776,172.0,79.436
PIA,1041.9113888888887,182.0,79.436
PIA,1061.7113888888887,198.0,79.436
PIA,1071.0002777777777,209.0,79.436
PIA,1100.2002777777777,219.0,79.436
PIA,1120.733611111111,231.0,79.436
PIA,1139.0891666666666,236.0,79.436
PIA,1152.533611111111,242.0,79.436
PIA,1180.3113888888886,250.0,79.436
PIA,1212.2113888888887,261.0,79.436
PIA,1229.8780555555552,265.0,79.436
PIA,1244.8224999999998,269.0,79.436
PIA,1259.9336111111108,272.0,79.436
PIA,1281.5558333333329,278.0,79.436
PIA,1303.4891666666663,282.0,79.436
PIA,1316.066944444444,283.0,79.436
PIA,1331.9002777777773,285.0,79.436
PIA,1360.9002777777773,290.0,79.436
PIA,1377.1224999999997,292.0,79.436
PIA,1393.455833333333,294.0,79.436
PIA,1413.0558333333329,294.0,79.436
PIA,1429.6113888888883,298.0,79.436
PIA,1462.9447222222218,300.0,79.436
PIA,1476.366944444444,302.0,79.436
PIA,1489.8780555555552,304.0,79.436
PIA,1520.478055555555,306.0,79.436
PIA,1541.0113888888884,308.0,79.436
PIA,1558.1780555555554,309.0,79.436
PIA,1592.7336111111108,311.0,79.436
PIA,1610.1224999999997,313.0,79.436
PIA,1638.0336111111108,314.0,79.436
PIA,1662.5336111111108,315.0,79.436
PIA,1687.1113888888883,316.0,79.436
PIA,1711.7669444444439,317.0,79.436
PIA,1736.5002777777772,318.0,79.436
PIA,1764.8558333333328,319.0,79.436
PIA,1786.189166666666,320.0,79.436
PIA,1807.5891666666662,321.0,79.436
PIA,1832.6336111111104,322.0,79.436
PIA,1872.1113888888883,323.0,79.436
PIA,1893.6447222222216,323.0,79.436
PIA,1925.844722222222,322.0,79.436
PIA,1961.6224999999995,322.0,79.436
PIA,1983.0224999999994,321.0,79.436
PIA,2003.8224999999995,312.0,79.436
PIA,2022.3558333333328,278.0,79.436
PIA,2043.9558333333327,216.0,79.436
PIA,2054.6224999999995,192.0,79.436
PIA,2069.0224999999996,162.0,79.436
PIA,2078.6224999999995,144.0,79.436
PIA,2085.0224999999996,144.0,79.436
PIA,2093.555833333333,128.0,79.436
PIA,2099.155833333333,126.0,79.436
PIA,2108.4891666666663,120.0,79.436
PIA,2113.689166666666,117.0,79.436
PIA,2122.866944444444,118.0,79.436
PIA,2135.366944444444,125.0,79.436
PIA,2142.589166666666,130.0,79.436
PIA,2152.6224999999995,129.0,79.436
PIA,2162.8113888888884,131.0,79.436
PIA,2168.766944444444,134.0,79.436
PIA,2178.166944444444,141.0,79.436
PIA,2189.9113888888887,151.0,79.436
PIA,2197.0669444444443,161.0,79.436
PIA,2208.4669444444444,171.0,79.436
PIA,2220.6669444444447,183.0,79.436
PIA,2233.400277777778,191.0,79.436
PIA,2256.289166666667,206.0,79.436
PIA,2278.189166666667,219.0,79.436
PIA,2293.1891666666666,225.0,79.436
PIA,2313.900277777778,233.0,79.436
PIA,2332.6447222222223,241.0,79.436
PIA,2360.4225,250.0,79.436
PIA,2386.1225,257.0,79.436
PIA,2409.1447222222223,259.0,79.436
PIA,2426.611388888889,262.0,79.436
PIA,2453.2780555555555,240.0,79.436
PIA,2466.111388888889,231.0,79.436
PIA,2476.0669444444443,224.0,79.436
PIA,2490.6002777777776,218.0,79.436
PIA,2525.7669444444446,211.0,79.436
PIA,2547.3669444444445,216.0,79.436
PIA,2567.1891666666666,223.0,79.436
PIA,2587.544722222222,229.0,79.436
PIA,2600.433611111111,232.0,79.436
PIA,2622.0336111111105,243.0,79.436
PIA,2635.644722222222,245.0,79.436
PIA,2652.244722222222,249.0,79.436
PIA,2672.148888888889,255.0,79.436
PIA,2695.276388888889,261.0,79.436
PIA,2709.9986111111107,265.0,79.436
PIA,2742.876388888889,269.0,79.436
PIA,2760.743055555555,268.0,79.436
PIA,2774.409722222222,246.0,79.436
PIA,2784.9430555555555,237.0,79.436
PIA,2797.2208333333333,221.0,79.436
PIA,2806.7319444444443,214.0,79.436
PIA,2815.7986111111113,204.0,79.436
PIA,2835.398611111111,196.0,79.436
PIA,2856.509722222222,190.0,79.436
PIA,2869.7097222222224,198.0,79.436
PIA,2890.409722222222,207.0,79.436
PIA,2909.609722222222,216.0,79.436
PIA,2924.5430555555554,224.0,79.436
PIA,2939.8763888888884,230.0,79.436
PIA,2955.809722222222,239.0,79.436
PIA,2969.3652777777775,244.0,79.436
PIA,2985.965277777777,249.0,79.436
PIA,3011.765277777777,258.0,79.436
PIA,3026.265277777777,261.0,79.436
PIA,3037.9541666666664,263.0,79.436
PIA,3065.1541666666662,272.0,79.436
PIA,3083.4874999999993,275.0,79.436
PIA,3105.421111111111,281.0,79.436
PIA,3140.4988888888884,287.0,79.436
PIA,3159.9508333333324,293.0,79.436
PIA,3189.4508333333324,295.0,79.436
PIA,3202.7397222222216,299.0,79.436
PIA,3216.1619444444436,302.0,79.436
PIA,3236.4286111111105,304.0,79.436
PIA,3253.428611111111,306.0,79.436
PIA,3294.895277777777,311.0,79.436
PIA,3312.339722222222,314.0,79.436
PIA,3347.339722222222,315.0,79.436
PIA,3368.6730555555555,320.0,79.436
PIA,3386.5063888888885,321.0,79.436
PIA,3404.4508333333333,323.0,79.436
PIA,3422.450833333333,324.0,79.436
PIA,3436.939722222222,326.0,79.436
PIA,3469.6397222222217,327.0,79.436
PIA,3491.6397222222217,330.0,79.436
PIA,3506.3063888888883,330.0,79.436
PIA,3524.6952777777774,331.0,79.436
PIA,3539.4508333333324,332.0,79.436
PIA,3569.1397222222213,334.0,79.436
PIA,3591.4730555555548,335.0,79.436
PIA,3610.139722222221,336.0,79.436
PIA,3628.806388888888,336.0,79.436
PIA,3666.250833333332,337.0,79.436
PIA,3703.788888888888,337.0,79.436
PIA,3722.5111111111096,337.0,79.436
PIA,3748.55111111111,336.0,79.436
PIA,3789.4955555555543,335.0,79.436
PIA,3820.3955555555544,309.0,79.436
PIA,3851.0733333333324,251.0,79.436
PIA,3874.1733333333323,231.0,79.436
PIA,3885.8955555555544,211.0,79.436
PIA,3909.85111111111,196.0,79.436
PIA,3920.462222222221,191.0,79.436
PIA,3988.5955555555547,219.0,79.436
PIA,3998.5066666666658,223.0,79.436
PIA,4013.706666666666,228.0,79.436
PIA,4034.5955555555547,235.0,79.436
PIA,4050.462222222221,238.0,79.436
PIA,4072.417777777777,247.0,79.436
PIA,4092.0177777777767,252.0,79.436
PIA,4114.862222222221,257.0,79.436
PIA,4140.9622222222215,261.0,79.436
PIA,4158.769444444443,266.0,79.436
PIA,4179.769444444443,270.0,79.436
PIA,4191.813888888888,271.0,79.436
PIA,4216.359166666665,277.0,79.436
PIA,4228.759166666666,279.0,79.436
PIA,4250.770277777777,283.0,79.436
PIA,4276.281388888888,287.0,79.436
PIA,4295.614722222221,290.0,79.436
PIA,4315.214722222221,294.0,79.436
PIA,4331.659166666665,296.0,79.436
PIA,4348.214722222221,298.0,79.436
PIA,4378.3147222222215,301.0,79.436
PIA,4412.0925,304.0,79.436
PIA,4429.0925,306.0,79.436
PIA,4466.981388888888,310.0,79.436
PIA,4491.325833333333,313.0,79.436
PIA,4505.236944444445,313.0,79.436
PIA,4529.736944444445,315.0,79.436
PIA,4543.781388888889,316.0,79.436
PIA,4557.870277777777,317.0,79.436
PIA,4589.770277777777,319.0,79.436
PIA,4603.948055555556,319.0,79.436
PIA,4625.281388888889,320.0,79.436
PIA,4639.50361111111,320.0,79.436
PIA,4664.392499999999,320.0,79.436
PIA,4696.8825,324.0,79.436
PIA,4736.604722222221,325.0,79.436
PIA,4765.582499999999,326.0,79.436
PIA,4794.5583333333325,327.0,79.436
PIA,4809.091666666665,327.0,79.436
PIA,4823.669444444444,328.0,79.436
PIA,4838.247222222221,328.0,79.436
PIA,4860.113888888887,328.0,79.436
PIA,4882.0472222222215,329.0,79.436
PIA,4903.980555555554,329.0,79.436
PIA,4922.202777777777,328.0,79.436
PIA,4947.713888888888,328.0,79.436
PIA,4987.558333333332,326.0,79.436
PIA,5008.958333333331,321.0,79.436
PIA,5034.291666666665,285.0,79.436
PIA,5065.091666666665,252.0,79.436
PIA,5083.213888888888,233.0,79.436
PIA,5098.347222222221,227.0,79.436
PIA,5113.347222222222,225.0,79.436
PIA,5127.680555555555,215.0,79.436
PIA,5149.280555555555,216.0,79.436
PIA,5169.013888888888,222.0,79.436
PIA,5189.369444444444,229.0,79.436
PIA,5207.491666666666,233.0,79.436
PIA,5223.357499999999,237.0,79.436
PIA,5250.46861111111,244.0,79.436
PIA,5261.446388888888,247.0,79.436
PIA,5275.224166666666,248.0,79.436
PIA,5286.246388888888,248.0,79.436
PIA,5308.842222222222,255.0,79.436
PIA,5335.042222222221,262.0,79.436
PIA,5355.653333333333,265.0,79.436
PIA,5373.519999999999,268.0,79.436
PIA,5394.83111111111,274.0,79.436
PIA,5410.164444444444,276.0,79.436
PIA,5428.764444444443,279.0,79.436
PIA,5441.253333333332,281.0,79.436
PIA,5463.497777777777,286.0,79.436
PIA,5495.831111111111,291.0,79.436
PIA,5508.808888888888,292.0,79.436
PIA,5531.83111111111,296.0,79.436
PIA,5558.319999999998,298.0,79.436
PIA,5575.097777777776,302.0,79.436
PIA,5598.74222222222,304.0,79.436
PIA,5612.34222222222,306.0,79.436
PIA,5639.719999999998,308.0,79.436
PIA,5674.3866666666645,312.0,79.436
PIA,5698.808888888887,314.0,79.436
PIA,5726.896388888887,315.0,79.436
PIA,5740.940833333332,316.0,79.436
RUS,4.382777777777778,322.0,79.44
RUS,33.18277777777778,324.0,79.44
RUS,51.29388888888889,326.0,79.44
RUS,76.805,328.0,79.44
RUS,109.90500000000002,331.0,79.44
RUS,124.66055555555556,332.0,79.44
RUS,143.16055555555556,333.0,79.44
RUS,169.2161111111111,335.0,79.44
RUS,184.105,335.0,79.44
RUS,206.43833333333333,335.0,79.44
RUS,225.1222222222222,338.0,79.44
RUS,247.72222222222223,339.0,79.44
RUS,270.38888888888886,340.0,79.44
RUS,289.3333333333333,341.0,79.44
RUS,308.3333333333333,342.0,79.44
RUS,331.2,343.0,79.44
RUS,357.9555555555555,344.0,79.44
RUS,380.88888888888886,344.0,79.44
RUS,407.73999999999995,344.0,79.44
RUS,438.40666666666664,345.0,79.44
RUS,457.5733333333333,345.0,79.44
RUS,476.74,345.0,79.44
RUS,503.65111111111105,346.0,79.44
RUS,538.3511111111111,347.0,79.44
RUS,576.9066666666666,347.0,79.44
RUS,603.8955555555556,347.0,79.44
RUS,623.228888888889,348.0,79.44
RUS,646.428888888889,348.0,79.44
RUS,665.7622222222224,348.0,79.44
RUS,685.0955555555556,348.0,79.44
RUS,715.94,347.0,79.44
RUS,735.2177777777779,347.0,79.44
RUS,762.1288888888889,346.0,79.44
RUS,777.328888888889,342.0,79.44
RUS,795.4400000000002,326.0,79.44
RUS,810.4400000000002,270.0,79.44
RUS,833.7150000000001,210.0,79.44
RUS,846.1150000000001,186.0,79.44
RUS,860.0705555555556,157.0,79.44
RUS,871.0927777777779,124.0,79.44
RUS,880.3483333333335,119.0,79.44
RUS,888.4372222222224,104.0,79.44
RUS,893.992777777778,100.0,79.44
RUS,900.2186111111113,93.0,79.44
RUS,906.9852777777779,87.0,79.44
RUS,911.7075000000001,85.0,79.44
RUS,919.1741666666668,84.0,79.44
RUS,924.8408333333334,85.0,79.44
RUS,930.3075000000001,82.0,79.44
RUS,938.7519444444446,76.0,79.44
RUS,942.8630555555557,74.0,79.44
RUS,949.6186111111112,76.0,79.44
RUS,957.9186111111112,83.0,79.44
RUS,967.5186111111112,96.0,79.44
RUS,975.996388888889,109.0,79.44
RUS,983.996388888889,120.0,79.44
RUS,994.5741666666668,136.0,79.44
RUS,1002.8519444444445,149.0,79.44
RUS,1015.2963888888889,160.0,79.44
RUS,1024.9630555555557,174.0,79.44
RUS,1043.7630555555556,188.0,79.44
RUS,1052.4197222222224,196.0,79.44
RUS,1065.9530555555557,203.0,79.44
RUS,1080.2197222222226,214.0,79.44
RUS,1107.8419444444448,226.0,79.44
RUS,1118.153055555556,232.0,79.44
RUS,1145.109166666667,242.0,79.44
RUS,1158.8313888888893,247.0,79.44
RUS,1169.8091666666671,247.0,79.44
RUS,1183.9202777777782,254.0,79.44
RUS,1198.2536111111115,258.0,79.44
RUS,1215.8536111111116,264.0,79.44
RUS,1230.7425000000005,268.0,79.44
RUS,1248.8758333333337,272.0,79.44
RUS,1279.5425000000005,276.0,79.44
RUS,1292.0313888888893,281.0,79.44
RUS,1320.5313888888893,285.0,79.44
RUS,1336.4758333333336,287.0,79.44
RUS,1352.5869444444447,290.0,79.44
RUS,1372.1202777777783,293.0,79.44
RUS,1405.009166666667,296.0,79.44
RUS,1421.620277777778,299.0,79.44
RUS,1441.6202777777783,300.0,79.44
RUS,1458.398055555556,302.0,79.44
RUS,1482.0425000000007,304.0,79.44
RUS,1499.0425000000007,306.0,79.44
RUS,1516.0980555555561,307.0,79.44
RUS,1536.6313888888894,308.0,79.44
RUS,1553.7122222222229,309.0,79.44
RUS,1577.901111111112,311.0,79.44
RUS,1591.7677777777787,312.0,79.44
RUS,1605.6788888888896,313.0,79.44
RUS,1630.1011111111118,314.0,79.44
RUS,1644.1011111111118,315.0,79.44
RUS,1658.1455555555563,316.0,79.44
RUS,1686.4113888888896,317.0,79.44
RUS,1704.0780555555561,318.0,79.44
RUS,1718.2113888888896,318.0,79.44
RUS,1739.478055555556,319.0,79.44
RUS,1775.0336111111117,320.0,79.44
RUS,1803.655833333334,322.0,79.44
RUS,1817.966944444445,322.0,79.44
RUS,1839.566944444445,324.0,79.44
RUS,1857.566944444445,324.0,79.44
RUS,1882.766944444445,324.0,79.44
RUS,1907.8891666666673,323.0,79.44
RUS,1922.2002777777784,322.0,79.44
RUS,1943.6669444444449,322.0,79.44
RUS,1979.4447222222225,322.0,79.44
RUS,1997.278055555556,321.0,79.44
RUS,2015.8780555555559,279.0,79.44
RUS,2036.2336111111115,229.0,79.44
RUS,2045.7891666666671,215.0,79.44
RUS,2056.289166666667,189.0,79.44
RUS,2063.6225000000004,165.0,79.44
RUS,2074.0225000000005,156.0,79.44
RUS,2080.1113888888895,137.0,79.44
RUS,2092.2775000000006,122.0,79.44
RUS,2106.0886111111117,113.0,79.44
RUS,2115.6886111111116,108.0,79.44
RUS,2124.1663888888893,109.0,79.44
RUS,2130.7547222222224,118.0,79.44
RUS,2144.9769444444446,128.0,79.44
RUS,2150.7991666666667,131.0,79.44
RUS,2161.0658333333336,132.0,79.44
RUS,2176.621388888889,140.0,79.44
RUS,2183.199166666667,148.0,79.44
RUS,2197.7769444444452,164.0,79.44
RUS,2207.388055555556,173.0,79.44
RUS,2217.4991666666674,182.0,79.44
RUS,2230.432500000001,194.0,79.44
RUS,2246.065833333334,201.0,79.44
RUS,2257.6213888888897,208.0,79.44
RUS,2282.1769444444453,221.0,79.44
RUS,2292.176944444446,225.0,79.44
RUS,2307.7102777777786,233.0,79.44
RUS,2318.1547222222234,235.0,79.44
RUS,2331.6547222222234,243.0,79.44
RUS,2353.876944444445,250.0,79.44
RUS,2382.4325000000013,257.0,79.44
RUS,2393.943611111112,259.0,79.44
RUS,2408.499166666668,262.0,79.44
RUS,2422.9991666666674,261.0,79.44
RUS,2434.394166666668,258.0,79.44
RUS,2452.9830555555563,239.0,79.44
RUS,2465.81638888889,231.0,79.44
RUS,2475.727500000001,223.0,79.44
RUS,2487.7830555555565,217.0,79.44
RUS,2504.0966666666677,209.0,79.44
RUS,2522.31888888889,205.0,79.44
RUS,2538.6522222222234,210.0,79.44
RUS,2557.852222222223,216.0,79.44
RUS,2575.11888888889,222.0,79.44
RUS,2587.730000000001,227.0,79.44
RUS,2597.9522222222236,230.0,79.44
RUS,2616.385555555557,237.0,79.44
RUS,2629.6633333333343,239.0,79.44
RUS,2651.61888888889,247.0,79.44
RUS,2665.507777777779,250.0,79.44
RUS,2676.796666666668,254.0,79.44
RUS,2697.01888888889,260.0,79.44
RUS,2711.574444444446,262.0,79.44
RUS,2732.4188888888903,268.0,79.44
RUS,2744.41888888889,270.0,79.44
RUS,2759.3633333333346,269.0,79.44
RUS,2777.485555555557,233.0,79.44
RUS,2793.741111111112,209.0,79.44
RUS,2809.2966666666675,200.0,79.44
RUS,2817.9633333333345,195.0,79.44
RUS,2834.5855555555568,187.0,79.44
RUS,2853.632500000001,191.0,79.44
RUS,2871.232500000001,198.0,79.44
RUS,2880.299166666668,204.0,79.44
RUS,2896.5547222222235,209.0,79.44
RUS,2913.6488888888903,219.0,79.44
RUS,2928.8488888888905,228.0,79.44
RUS,2955.0711111111127,236.0,79.44
RUS,2965.7822222222235,241.0,79.44
RUS,2976.6266666666684,244.0,79.44
RUS,2990.5711111111127,251.0,79.44
RUS,3004.7377777777797,255.0,79.44
RUS,3016.1600000000017,257.0,79.44
RUS,3042.4600000000023,263.0,79.44
RUS,3057.4044444444467,269.0,79.44
RUS,3088.1822222222245,277.0,79.44
RUS,3100.6711111111135,281.0,79.44
RUS,3132.560000000002,287.0,79.44
RUS,3145.360000000002,288.0,79.44
RUS,3158.248888888891,290.0,79.44
RUS,3187.848888888891,296.0,79.44
RUS,3201.0933333333355,298.0,79.44
RUS,3224.582222222224,302.0,79.44
RUS,3244.848888888891,304.0,79.44
RUS,3261.9044444444467,307.0,79.44
RUS,3286.015555555558,310.0,79.44
RUS,3303.348888888891,312.0,79.44
RUS,3317.3488888888915,315.0,79.44
RUS,3338.4155555555576,316.0,79.44
RUS,3352.5488888888913,318.0,79.44
RUS,3366.638055555558,319.0,79.44
RUS,3391.6825000000026,322.0,79.44
RUS,3416.882500000003,324.0,79.44
RUS,3438.6394444444472,325.0,79.44
RUS,3471.439444444447,328.0,79.44
RUS,3497.106111111114,330.0,79.44
RUS,3526.617222222225,332.0,79.44
RUS,3541.4172222222246,333.0,79.44
RUS,3563.6838888888915,334.0,79.44
RUS,3589.739444444447,335.0,79.44
RUS,3608.350555555558,335.0,79.44
RUS,3634.4838888888917,336.0,79.44
RUS,3649.4616666666698,337.0,79.44
RUS,3675.750555555558,338.0,79.44
RUS,3690.7727777777804,338.0,79.44
RUS,3716.9838888888917,337.0,79.44
RUS,3750.5838888888916,336.0,79.44
RUS,3769.2505555555576,336.0,79.44
RUS,3795.3061111111133,335.0,79.44
RUS,3823.1283333333354,313.0,79.44
RUS,3838.5172222222245,277.0,79.44
RUS,3856.8727777777804,236.0,79.44
RUS,3869.0950000000025,220.0,79.44
RUS,3896.028333333336,202.0,79.44
RUS,3904.7838888888914,197.0,79.44
RUS,3917.7838888888914,195.0,79.44
RUS,3926.396388888891,195.0,79.44
RUS,3935.28527777778,200.0,79.44
RUS,3944.263055555558,202.0,79.44
RUS,3960.9075000000025,214.0,79.44
RUS,3973.1350000000025,219.0,79.44
RUS,3990.790555555558,227.0,79.44
RUS,4000.8794444444466,227.0,79.44
RUS,4029.6016666666687,235.0,79.44
RUS,4053.7016666666686,241.0,79.44
RUS,4064.635000000002,246.0,79.44
RUS,4081.3683333333356,251.0,79.44
RUS,4092.6572222222244,254.0,79.44
RUS,4106.935000000002,257.0,79.44
RUS,4124.268333333335,260.0,79.44
RUS,4135.91277777778,262.0,79.44
RUS,4150.635000000003,265.0,79.44
RUS,4165.41277777778,266.0,79.44
RUS,4192.7127777777805,273.0,79.44
RUS,4204.979444444448,276.0,79.44
RUS,4226.5238888888925,277.0,79.44
RUS,4242.246111111114,283.0,79.44
RUS,4267.490555555559,284.0,79.44
RUS,4293.357222222226,291.0,79.44
RUS,4322.957222222226,296.0,79.44
RUS,4339.457222222226,297.0,79.44
RUS,4379.857222222226,303.0,79.44
RUS,4407.057222222225,306.0,79.44
RUS,4420.660555555559,308.0,79.44
RUS,4448.2161111111145,310.0,79.44
RUS,4469.035833333337,311.0,79.44
RUS,4503.924722222226,314.0,79.44
RUS,4528.502500000004,316.0,79.44
RUS,4553.313611111115,319.0,79.44
RUS,4571.035833333336,319.0,79.44
RUS,4585.25805555556,320.0,79.44
RUS,4606.658055555559,321.0,79.44
RUS,4628.1247222222255,322.0,79.44
RUS,4649.658055555559,323.0,79.44
RUS,4667.602500000003,323.0,79.44
RUS,4682.002500000003,324.0,79.44
RUS,4700.002500000003,324.0,79.44
RUS,4714.446944444448,325.0,79.44
RUS,4743.424722222225,326.0,79.44
RUS,4783.391388888891,327.0,79.44
RUS,4801.558055555558,327.0,79.44
RUS,4838.002500000003,328.0,79.44
RUS,4852.6247222222255,329.0,79.44
RUS,4885.6247222222255,330.0,79.44
RUS,4914.869166666671,329.0,79.44
RUS,4940.535833333336,330.0,79.44
RUS,4973.4358333333375,329.0,79.44
RUS,4999.024722222225,329.0,79.44
RUS,5020.4019444444475,322.0,79.44
RUS,5056.61055555556,271.0,79.44
RUS,5070.999444444447,259.0,79.44
RUS,5099.477222222225,233.0,79.44
RUS,5124.03277777778,221.0,79.44
RUS,5150.188333333335,214.0,79.44
RUS,5162.13277777778,215.0,79.44
RUS,5171.866111111113,219.0,79.44
RUS,5181.732777777781,222.0,79.44
RUS,5196.932777777781,228.0,79.44
RUS,5207.066111111114,228.0,79.44
RUS,5219.955000000003,232.0,79.44
RUS,5235.8216666666685,238.0,79.44
RUS,5254.643888888891,242.0,79.44
RUS,5282.199444444446,248.0,79.44
RUS,5299.13277777778,254.0,79.44
RUS,5313.355000000002,256.0,79.44
RUS,5327.855000000002,261.0,79.44
RUS,5354.455000000003,266.0,79.44
RUS,5369.455000000003,270.0,79.44
RUS,5381.588333333336,273.0,79.44
RUS,5406.03277777778,275.0,79.44
RUS,5421.53277777778,279.0,79.44
RUS,5456.4883333333355,286.0,79.44
RUS,5469.199444444447,286.0,79.44
RUS,5494.98527777778,291.0,79.44
RUS,5517.933611111113,294.0,79.44
RUS,5534.433611111113,297.0,79.44
RUS,5547.722500000002,299.0,79.44
RUS,5561.01138888889,299.0,79.44
RUS,5594.789166666668,304.0,79.44
RUS,5615.2558333333345,307.0,79.44
RUS,5646.2558333333345,310.0,79.44
RUS,5680.9225000000015,312.0,79.44
RUS,5705.344722222224,314.0,79.44
RUS,5729.844722222224,315.0,79.44
RUS,5750.9113888888905,316.0,79.44
LEC,15.473888888888887,322.0,79.461
LEC,37.05027777777777,325.0,79.461
LEC,51.494722222222215,325.0,79.461
LEC,69.71694444444444,328.0,79.461
LEC,95.30583333333333,329.0,79.461
LEC,128.60583333333332,333.0,79.461
LEC,154.50583333333333,333.0,79.461
LEC,176.83916666666667,335.0,79.461
LEC,199.23916666666668,336.0,79.461
LEC,221.77249999999998,338.0,79.461
LEC,244.3725,339.0,79.461
LEC,267.13361111111107,340.0,79.461
LEC,286.0780555555555,341.0,79.461
LEC,312.60027777777776,341.0,79.461
LEC,327.75583333333327,341.0,79.461
LEC,343.00027777777774,343.0,79.461
LEC,358.28916666666663,344.0,79.461
LEC,385.12249999999995,345.0,79.461
LEC,400.4558333333333,345.0,79.461
LEC,415.7891666666667,345.0,79.461
LEC,434.95583333333326,345.0,79.461
LEC,454.1780555555555,346.0,79.461
LEC,485.0225,347.0,79.461
LEC,508.22249999999997,348.0,79.461
LEC,531.4891666666666,349.0,79.461
LEC,554.6891666666667,348.0,79.461
LEC,578.0225,350.0,79.461
LEC,605.2447222222223,350.0,79.461
LEC,644.2447222222223,351.0,79.461
LEC,663.7447222222223,351.0,79.461
LEC,694.8472222222223,351.0,79.461
LEC,725.9583333333334,350.0,79.461
LEC,741.4250000000001,348.0,79.461
LEC,768.413888888889,347.0,79.461
LEC,786.2472222222223,321.0,79.461
LEC,808.4138888888889,285.0,79.461
LEC,829.813888888889,214.0,79.461
LEC,838.7472222222224,201.0,79.461
LEC,852.2508333333334,173.0,79.461
LEC,862.0508333333333,147.0,79.461
LEC,872.3175000000001,132.0,79.461
LEC,880.3175000000001,120.0,79.461
LEC,888.6397222222224,107.0,79.461
LEC,895.1063888888891,97.0,79.461
LEC,901.1063888888891,90.0,79.461
LEC,907.6397222222224,84.0,79.461
LEC,915.7397222222224,81.0,79.461
LEC,924.8508333333335,82.0,79.461
LEC,932.3175000000002,84.0,79.461
LEC,939.0730555555558,76.0,79.461
LEC,943.2397222222224,75.0,79.461
LEC,947.4063888888892,75.0,79.461
LEC,956.4063888888892,81.0,79.461
LEC,960.184166666667,85.0,79.461
LEC,966.0927777777781,89.0,79.461
LEC,970.2705555555559,94.0,79.461
LEC,977.0038888888893,101.0,79.461
LEC,984.7372222222226,116.0,79.461
LEC,997.4372222222225,127.0,79.461
LEC,1013.1372222222225,157.0,79.461
LEC,1024.2705555555558,167.0,79.461
LEC,1034.103888888889,177.0,79.461
LEC,1042.192777777778,182.0,79.461
LEC,1059.9369444444449,199.0,79.461
LEC,1073.6702777777782,206.0,79.461
LEC,1090.548055555556,217.0,79.461
LEC,1107.8147222222226,222.0,79.461
LEC,1126.0925000000002,235.0,79.461
LEC,1139.4813888888891,241.0,79.461
LEC,1164.2813888888893,248.0,79.461
LEC,1195.9369444444446,259.0,79.461
LEC,1207.4480555555558,259.0,79.461
LEC,1225.1813888888894,266.0,79.461
LEC,1258.6702777777782,274.0,79.461
LEC,1277.2702777777783,279.0,79.461
LEC,1296.0702777777783,282.0,79.461
LEC,1318.3147222222228,286.0,79.461
LEC,1357.2480555555562,292.0,79.461
LEC,1390.0547222222226,296.0,79.461
LEC,1416.6325000000004,299.0,79.461
LEC,1429.9213888888894,299.0,79.461
LEC,1450.1213888888897,303.0,79.461
LEC,1466.954722222223,303.0,79.461
LEC,1487.3547222222228,306.0,79.461
LEC,1525.2436111111117,310.0,79.461
LEC,1563.4636111111117,312.0,79.461
LEC,1577.3747222222228,313.0,79.461
LEC,1591.3302777777783,314.0,79.461
LEC,1615.8302777777783,315.0,79.461
LEC,1633.3858333333337,316.0,79.461
LEC,1668.8302777777783,319.0,79.461
LEC,1690.0969444444447,319.0,79.461
LEC,1707.9858333333336,322.0,79.461
LEC,1729.4525000000006,322.0,79.461
LEC,1750.9858333333339,323.0,79.461
LEC,1768.9858333333339,324.0,79.461
LEC,1797.8747222222228,325.0,79.461
LEC,1815.9858333333339,326.0,79.461
LEC,1841.3413888888895,326.0,79.461
LEC,1874.1413888888894,328.0,79.461
LEC,1888.7636111111117,329.0,79.461
LEC,1907.096944444445,330.0,79.461
LEC,1932.8413888888895,331.0,79.461
LEC,1947.5080555555562,330.0,79.461
LEC,1969.3747222222228,328.0,79.461
LEC,1987.5611111111118,329.0,79.461
LEC,2008.4277777777784,313.0,79.461
LEC,2026.0277777777785,264.0,79.461
LEC,2038.9166666666674,232.0,79.461
LEC,2050.3611111111118,206.0,79.461
LEC,2063.294444444445,194.0,79.461
LEC,2075.9722222222226,163.0,79.461
LEC,2085.2388888888895,139.0,79.461
LEC,2095.542222222223,132.0,79.461
LEC,2106.2977777777783,121.0,79.461
LEC,2112.7977777777783,117.0,79.461
LEC,2118.9644444444452,111.0,79.461
LEC,2127.831111111112,114.0,79.461
LEC,2140.131111111112,123.0,79.461
LEC,2154.0200000000013,125.0,79.461
LEC,2164.0533333333346,129.0,79.461
LEC,2171.3311111111125,131.0,79.461
LEC,2180.0644444444456,131.0,79.461
LEC,2188.4533333333343,151.0,79.461
LEC,2197.397777777779,161.0,79.461
LEC,2212.597777777779,171.0,79.461
LEC,2222.820000000001,184.0,79.461
LEC,2237.9866666666676,195.0,79.461
LEC,2247.00888888889,203.0,79.461
LEC,2258.6755555555565,210.0,79.461
LEC,2270.731111111112,217.0,79.461
LEC,2296.1119444444457,229.0,79.461
LEC,2311.5119444444454,231.0,79.461
LEC,2333.1119444444453,243.0,79.461
LEC,2355.6008333333343,253.0,79.461
LEC,2375.5897222222234,257.0,79.461
LEC,2395.967500000001,262.0,79.461
LEC,2410.5786111111124,263.0,79.461
LEC,2428.2519444444456,264.0,79.461
LEC,2447.2297222222232,244.0,79.461
LEC,2460.2852777777784,235.0,79.461
LEC,2479.929722222223,221.0,79.461
LEC,2494.2630555555565,215.0,79.461
LEC,2508.0630555555567,207.0,79.461
LEC,2530.7297222222232,204.0,79.461
LEC,2542.3963888888898,210.0,79.461
LEC,2561.7741666666675,218.0,79.461
LEC,2584.3741666666674,226.0,79.461
LEC,2607.4741666666673,231.0,79.461
LEC,2626.218611111112,241.0,79.461
LEC,2642.4852777777787,244.0,79.461
LEC,2662.007500000001,251.0,79.461
LEC,2676.118611111112,254.0,79.461
LEC,2696.418611111112,261.0,79.461
LEC,2711.1408333333347,265.0,79.461
LEC,2737.940833333335,268.0,79.461
LEC,2749.7775000000015,268.0,79.461
LEC,2766.977500000002,258.0,79.461
LEC,2781.910833333335,224.0,79.461
LEC,2806.477500000002,201.0,79.461
LEC,2815.099722222224,194.0,79.461
LEC,2836.1522222222243,189.0,79.461
LEC,2846.541111111113,187.0,79.461
LEC,2854.896666666669,188.0,79.461
LEC,2865.563333333336,192.0,79.461
LEC,2876.4522222222245,196.0,79.461
LEC,2890.185555555558,206.0,79.461
LEC,2901.796666666669,209.0,79.461
LEC,2916.1300000000024,215.0,79.461
LEC,2941.3522222222246,227.0,79.461
LEC,2951.8411111111136,236.0,79.461
LEC,2976.0411111111134,242.0,79.461
LEC,2989.874444444447,249.0,79.461
LEC,3003.9855555555578,254.0,79.461
LEC,3021.3188888888913,260.0,79.461
LEC,3051.20777777778,269.0,79.461
LEC,3066.3188888888913,272.0,79.461
LEC,3084.718888888891,276.0,79.461
LEC,3100.330000000002,281.0,79.461
LEC,3122.5744444444467,286.0,79.461
LEC,3138.630000000002,289.0,79.461
LEC,3154.796666666669,291.0,79.461
LEC,3174.463333333336,295.0,79.461
LEC,3190.9361111111134,298.0,79.461
LEC,3214.3472222222244,301.0,79.461
LEC,3227.8583333333354,304.0,79.461
LEC,3241.4583333333358,306.0,79.461
LEC,3265.4138888888915,308.0,79.461
LEC,3279.191666666669,310.0,79.461
LEC,3292.969444444447,310.0,79.461
LEC,3321.056944444447,315.0,79.461
LEC,3338.7236111111138,318.0,79.461
LEC,3352.856944444447,318.0,79.461
LEC,3374.256944444447,321.0,79.461
LEC,3410.368055555558,325.0,79.461
LEC,3439.5236111111135,328.0,79.461
LEC,3454.19027777778,330.0,79.461
LEC,3476.3236111111137,332.0,79.461
LEC,3494.7680555555585,332.0,79.461
LEC,3520.7458333333366,334.0,79.461
LEC,3546.8791666666693,336.0,79.461
LEC,3561.8569444444474,337.0,79.461
LEC,3584.3902777777807,338.0,79.461
LEC,3622.0569444444473,339.0,79.461
LEC,3640.8902777777803,339.0,79.461
LEC,3663.623611111114,341.0,79.461
LEC,3694.023611111114,342.0,79.461
LEC,3709.223611111114,342.0,79.461
LEC,3728.2791666666694,343.0,79.461
LEC,3743.4791666666697,342.0,79.461
LEC,3766.1458333333358,340.0,79.461
LEC,3781.256944444447,340.0,79.461
LEC,3814.7636111111137,336.0,79.461
LEC,3846.296944444447,258.0,79.461
LEC,3866.563611111114,228.0,79.461
LEC,3882.5858333333363,206.0,79.461
LEC,3893.6966666666694,199.0,79.461
LEC,3914.9188888888916,191.0,79.461
LEC,3923.452222222225,192.0,79.461
LEC,3938.541111111114,194.0,79.461
LEC,3960.985555555558,202.0,79.461
LEC,3970.2744444444475,209.0,79.461
LEC,3989.4744444444473,216.0,79.461
LEC,4001.7522222222246,221.0,79.461
LEC,4014.2522222222246,225.0,79.461
LEC,4029.585555555558,230.0,79.461
LEC,4047.941111111114,236.0,79.461
LEC,4061.274444444447,240.0,79.461
LEC,4088.8300000000027,248.0,79.461
LEC,4100.0300000000025,252.0,79.461
LEC,4116.963333333336,254.0,79.461
LEC,4128.430000000002,258.0,79.461
LEC,4142.874444444446,260.0,79.461
LEC,4166.430000000002,265.0,79.461
LEC,4196.652222222224,272.0,79.461
LEC,4208.91888888889,276.0,79.461
LEC,4224.363333333335,278.0,79.461
LEC,4239.807777777779,278.0,79.461
LEC,4252.351111111113,284.0,79.461
LEC,4274.751111111113,288.0,79.461
LEC,4290.862222222224,290.0,79.461
LEC,4303.9288888888905,294.0,79.461
LEC,4320.317777777779,295.0,79.461
LEC,4343.65638888889,299.0,79.461
LEC,4370.500833333335,302.0,79.461
LEC,4394.223055555558,305.0,79.461
LEC,4421.600833333336,308.0,79.461
LEC,4445.711944444447,310.0,79.461
LEC,4463.04527777778,312.0,79.461
LEC,4477.000833333336,314.0,79.461
LEC,4501.500833333336,315.0,79.461
LEC,4519.056388888891,316.0,79.461
LEC,4547.323055555558,318.0,79.461
LEC,4565.045277777779,319.0,79.461
LEC,4579.311944444446,321.0,79.461
LEC,4604.356388888891,322.0,79.461
LEC,4622.35638888889,324.0,79.461
LEC,4647.55638888889,324.0,79.461
LEC,4662.000833333335,325.0,79.461
LEC,4680.111944444446,326.0,79.461
LEC,4705.545277777779,327.0,79.461
LEC,4731.1341666666685,329.0,79.461
LEC,4756.723055555558,329.0,79.461
LEC,4771.34527777778,329.0,79.461
LEC,4800.767500000004,331.0,79.461
LEC,4833.875277777781,332.0,79.461
LEC,4863.386388888893,332.0,79.461
LEC,4878.141944444448,332.0,79.461
LEC,4904.119722222226,334.0,79.461
LEC,4930.190277777781,334.0,79.461
LEC,4952.3236111111155,332.0,79.461
LEC,4988.87916666667,329.0,79.461
LEC,5003.501388888893,329.0,79.461
LEC,5017.36805555556,312.0,79.461
LEC,5033.312500000005,287.0,79.461
LEC,5048.201388888893,268.0,79.461
LEC,5059.6680555555595,258.0,79.461
LEC,5083.068055555559,234.0,79.461
LEC,5095.623611111115,226.0,79.461
LEC,5119.290277777781,213.0,79.461
LEC,5128.579166666669,209.0,79.461
LEC,5152.356944444447,214.0,79.461
LEC,5161.868055555558,214.0,79.461
LEC,5171.556944444448,218.0,79.461
LEC,5194.056944444448,225.0,79.461
LEC,5204.145833333337,227.0,79.461
LEC,5222.3458333333365,234.0,79.461
LEC,5238.27916666667,239.0,79.461
LEC,5251.77916666667,243.0,79.461
LEC,5271.068055555559,248.0,79.461
LEC,5285.068055555559,252.0,79.461
LEC,5296.401388888892,255.0,79.461
LEC,5313.734722222225,260.0,79.461
LEC,5325.423611111114,263.0,79.461
LEC,5337.127777777781,265.0,79.461
LEC,5358.127777777781,270.0,79.461
LEC,5379.283333333337,272.0,79.461
LEC,5397.893888888893,278.0,79.461
LEC,5426.1938888888935,283.0,79.461
LEC,5448.516111111116,287.0,79.461
LEC,5474.471666666671,292.0,79.461
LEC,5487.493888888894,293.0,79.461
LEC,5507.16055555556,295.0,79.461
LEC,5530.493888888893,300.0,79.461
LEC,5547.271666666671,302.0,79.461
LEC,5570.838333333338,303.0,79.461
LEC,5584.393888888893,305.0,79.461
LEC,5608.427222222227,309.0,79.461
LEC,5622.16055555556,309.0,79.461
LEC,5646.427222222226,312.0,79.461
LEC,5677.827222222226,314.0,79.461
LEC,5695.3827777777815,316.0,79.461
LEC,5720.116111111115,318.0,79.461
LEC,5748.649444444448,321.0,79.461
SAI,24.942777777777778,323.0,79.467
SAI,42.99833333333333,325.0,79.467
SAI,61.10944444444445,326.0,79.467
SAI,90.35388888888889,329.0,79.467
SAI,116.19027777777777,331.0,79.467
SAI,134.63472222222222,332.0,79.467
SAI,168.0347222222222,334.0,79.467
SAI,186.64583333333331,335.0,79.467
SAI,201.57916666666662,336.0,79.467
SAI,227.79027777777776,337.0,79.467
SAI,242.8569444444444,339.0,79.467
SAI,269.3013888888889,340.0,79.467
SAI,295.7458333333333,340.0,79.467
SAI,314.7458333333333,342.0,79.467
SAI,345.32361111111106,344.0,79.467
SAI,360.56805555555553,343.0,79.467
SAI,379.73472222222216,345.0,79.467
SAI,398.8458333333333,344.0,79.467
SAI,441.0125,345.0,79.467
SAI,467.92361111111103,346.0,79.467
SAI,494.9902777777777,348.0,79.467
SAI,518.093611111111,348.0,79.467
SAI,533.5602777777777,348.0,79.467
SAI,552.8936111111111,348.0,79.467
SAI,580.0380555555556,349.0,79.467
SAI,614.9380555555556,349.0,79.467
SAI,642.1602777777779,350.0,79.467
SAI,665.5602777777779,351.0,79.467
SAI,688.9602777777778,351.0,79.467
SAI,712.3602777777778,351.0,79.467
SAI,735.6269444444445,349.0,79.467
SAI,758.8566666666667,347.0,79.467
SAI,778.078888888889,346.0,79.467
SAI,801.6455555555556,303.0,79.467
SAI,814.3122222222222,285.0,79.467
SAI,824.7566666666667,235.0,79.467
SAI,835.2011111111111,235.0,79.467
SAI,849.1233333333334,179.0,79.467
SAI,856.59,168.0,79.467
SAI,863.1233333333333,147.0,79.467
SAI,870.3455555555556,130.0,79.467
SAI,876.9566666666667,119.0,79.467
SAI,886.2900000000001,105.0,79.467
SAI,892.5566666666667,94.0,79.467
SAI,898.4900000000001,89.0,79.467
SAI,903.9566666666668,82.0,79.467
SAI,909.3566666666668,81.0,79.467
SAI,915.8900000000001,84.0,79.467
SAI,925.4455555555556,86.0,79.467
SAI,929.8900000000001,80.0,79.467
SAI,936.5358333333335,75.0,79.467
SAI,942.9358333333334,72.0,79.467
SAI,946.2247222222223,74.0,79.467
SAI,952.4469444444446,80.0,79.467
SAI,957.1136111111113,84.0,79.467
SAI,963.8802777777779,87.0,79.467
SAI,974.4802777777779,106.0,79.467
SAI,979.680277777778,117.0,79.467
SAI,989.671388888889,128.0,79.467
SAI,999.4047222222224,146.0,79.467
SAI,1012.0825000000002,163.0,79.467
SAI,1023.6158333333335,173.0,79.467
SAI,1038.0825000000002,186.0,79.467
SAI,1051.0825000000002,195.0,79.467
SAI,1064.549166666667,202.0,79.467
SAI,1081.1158333333335,213.0,79.467
SAI,1103.7158333333334,226.0,79.467
SAI,1130.049166666667,237.0,79.467
SAI,1151.8269444444447,245.0,79.467
SAI,1174.3158333333333,253.0,79.467
SAI,1188.5936111111114,257.0,79.467
SAI,1203.0380555555557,260.0,79.467
SAI,1232.9269444444444,269.0,79.467
SAI,1245.0158333333334,272.0,79.467
SAI,1263.3391666666669,276.0,79.467
SAI,1275.6947222222225,278.0,79.467
SAI,1294.4947222222224,282.0,79.467
SAI,1313.5613888888893,286.0,79.467
SAI,1342.5613888888893,290.0,79.467
SAI,1371.9613888888891,294.0,79.467
SAI,1391.6947222222227,296.0,79.467
SAI,1408.139166666667,296.0,79.467
SAI,1421.3836111111116,298.0,79.467
SAI,1448.4011111111115,303.0,79.467
SAI,1468.734444444445,305.0,79.467
SAI,1492.6122222222225,307.0,79.467
SAI,1516.645555555556,309.0,79.467
SAI,1540.8344444444451,311.0,79.467
SAI,1558.1677777777784,312.0,79.467
SAI,1589.6677777777784,315.0,79.467
SAI,1628.412222222223,317.0,79.467
SAI,1642.5455555555563,318.0,79.467
SAI,1663.8122222222228,319.0,79.467
SAI,1703.0455555555561,321.0,79.467
SAI,1724.5122222222226,322.0,79.467
SAI,1745.9788888888895,322.0,79.467
SAI,1771.1788888888893,324.0,79.467
SAI,1814.7788888888895,327.0,79.467
SAI,1851.0213888888895,327.0,79.467
SAI,1880.3547222222228,330.0,79.467
SAI,1895.0213888888895,330.0,79.467
SAI,1917.0213888888893,330.0,79.467
SAI,1935.3547222222228,330.0,79.467
SAI,1957.2213888888894,328.0,79.467
SAI,1996.9436111111117,325.0,79.467
SAI,2027.6911111111117,251.0,79.467
SAI,2037.424444444445,219.0,79.467
SAI,2046.4911111111116,204.0,79.467
SAI,2059.5577777777785,168.0,79.467
SAI,2067.946666666667,151.0,79.467
SAI,2082.6133333333337,132.0,79.467
SAI,2090.6800000000003,121.0,79.467
SAI,2097.068888888889,115.0,79.467
SAI,2104.468888888889,111.0,79.467
SAI,2111.868888888889,111.0,79.467
SAI,2118.2022222222226,114.0,79.467
SAI,2129.313333333334,125.0,79.467
SAI,2136.2577777777783,125.0,79.467
SAI,2146.0577777777785,126.0,79.467
SAI,2159.0577777777785,130.0,79.467
SAI,2165.2800000000007,140.0,79.467
SAI,2173.5577777777785,149.0,79.467
SAI,2185.9244444444453,159.0,79.467
SAI,2193.480000000001,170.0,79.467
SAI,2205.3466666666677,178.0,79.467
SAI,2215.6283333333345,186.0,79.467
SAI,2228.8283333333347,198.0,79.467
SAI,2242.4950000000013,205.0,79.467
SAI,2254.050555555557,208.0,79.467
SAI,2266.1616666666678,218.0,79.467
SAI,2281.2950000000014,227.0,79.467
SAI,2299.4172222222237,233.0,79.467
SAI,2315.4838888888903,241.0,79.467
SAI,2334.9197222222238,249.0,79.467
SAI,2357.4975000000018,254.0,79.467
SAI,2371.8863888888905,259.0,79.467
SAI,2386.4975000000018,263.0,79.467
SAI,2407.1863888888906,266.0,79.467
SAI,2432.7863888888905,256.0,79.467
SAI,2458.6752777777792,233.0,79.467
SAI,2475.864166666668,221.0,79.467
SAI,2487.808611111113,215.0,79.467
SAI,2501.8086111111124,210.0,79.467
SAI,2513.4197222222238,209.0,79.467
SAI,2524.9752777777794,208.0,79.467
SAI,2543.553055555557,209.0,79.467
SAI,2555.1641666666683,209.0,79.467
SAI,2571.4197222222238,209.0,79.467
SAI,2580.9308333333347,214.0,79.467
SAI,2593.153055555557,220.0,79.467
SAI,2605.5975000000017,224.0,79.467
SAI,2631.754166666668,236.0,79.467
SAI,2647.8208333333346,241.0,79.467
SAI,2670.0430555555567,250.0,79.467
SAI,2692.7097222222233,255.0,79.467
SAI,2713.087500000001,262.0,79.467
SAI,2733.6986111111123,265.0,79.467
SAI,2748.4763888888897,266.0,79.467
SAI,2765.2125000000005,250.0,79.467
SAI,2781.9347222222227,215.0,79.467
SAI,2793.156944444445,202.0,79.467
SAI,2810.0458333333336,190.0,79.467
SAI,2822.4458333333337,186.0,79.467
SAI,2834.5125000000003,181.0,79.467
SAI,2855.068055555556,185.0,79.467
SAI,2865.8458333333338,194.0,79.467
SAI,2883.979166666667,204.0,79.467
SAI,2905.279166666667,213.0,79.467
SAI,2927.379166666667,221.0,79.467
SAI,2945.656944444445,235.0,79.467
SAI,2961.656944444445,240.0,79.467
SAI,2980.9458333333337,248.0,79.467
SAI,2995.001388888889,253.0,79.467
SAI,3015.223611111111,260.0,79.467
SAI,3029.8347222222224,263.0,79.467
SAI,3056.8347222222224,270.0,79.467
SAI,3068.936388888889,274.0,79.467
SAI,3087.4030555555555,277.0,79.467
SAI,3106.269722222222,283.0,79.467
SAI,3141.5919444444444,289.0,79.467
SAI,3154.6141666666663,293.0,79.467
SAI,3187.8080555555553,298.0,79.467
SAI,3204.4747222222218,300.0,79.467
SAI,3217.941388888889,303.0,79.467
SAI,3234.885833333333,305.0,79.467
SAI,3251.996944444444,308.0,79.467
SAI,3272.7302777777777,311.0,79.467
SAI,3290.1747222222216,314.0,79.467
SAI,3311.1747222222216,315.0,79.467
SAI,3346.619166666666,319.0,79.467
SAI,3360.885833333333,321.0,79.467
SAI,3393.385833333333,325.0,79.467
SAI,3411.4969444444437,326.0,79.467
SAI,3429.7191666666663,328.0,79.467
SAI,3451.7191666666663,330.0,79.467
SAI,3488.7191666666663,333.0,79.467
SAI,3507.2747222222215,334.0,79.467
SAI,3529.6747222222216,336.0,79.467
SAI,3548.3413888888886,336.0,79.467
SAI,3574.474722222222,336.0,79.467
SAI,3593.363611111111,340.0,79.467
SAI,3612.1969444444444,339.0,79.467
SAI,3634.930277777778,341.0,79.467
SAI,3653.724722222222,340.0,79.467
SAI,3680.2469444444446,341.0,79.467
SAI,3695.4469444444444,342.0,79.467
SAI,3710.6913888888894,343.0,79.467
SAI,3737.3691666666664,343.0,79.467
SAI,3752.5691666666667,342.0,79.467
SAI,3767.7691666666665,342.0,79.467
SAI,3797.8183333333336,337.0,79.467
SAI,3815.096111111111,311.0,79.467
SAI,3828.2072222222223,295.0,79.467
SAI,3844.8072222222218,249.0,79.467
SAI,3868.0294444444444,209.0,79.467
SAI,3885.362777777778,195.0,79.467
SAI,3893.896111111111,192.0,79.467
SAI,3906.2294444444447,185.0,79.467
SAI,3916.5627777777777,186.0,79.467
SAI,3931.4183333333335,191.0,79.467
SAI,3946.896111111111,199.0,79.467
SAI,3956.0961111111114,207.0,79.467
SAI,3970.2294444444447,212.0,79.467
SAI,3994.7850000000008,221.0,79.467
SAI,4007.340555555556,226.0,79.467
SAI,4022.740555555556,231.0,79.467
SAI,4043.9850000000006,239.0,79.467
SAI,4054.7850000000003,243.0,79.467
SAI,4068.618333333334,249.0,79.467
SAI,4079.7294444444447,250.0,79.467
SAI,4096.596111111112,253.0,79.467
SAI,4107.97388888889,256.0,79.467
SAI,4133.6025,257.0,79.467
SAI,4166.358055555555,268.0,79.467
SAI,4190.624722222222,273.0,79.467
SAI,4212.091388888888,276.0,79.467
SAI,4227.780555555555,281.0,79.467
SAI,4259.669444444445,287.0,79.467
SAI,4272.513888888889,289.0,79.467
SAI,4295.302777777778,293.0,79.467
SAI,4328.525,299.0,79.467
SAI,4341.813888888889,299.0,79.467
SAI,4368.569444444444,301.0,79.467
SAI,4385.458333333333,304.0,79.467
SAI,4402.458333333333,306.0,79.467
SAI,4422.991666666666,308.0,79.467
SAI,4447.258333333332,312.0,79.467
SAI,4464.647222222221,313.0,79.467
SAI,4499.758333333332,316.0,79.467
SAI,4513.847222222222,317.0,79.467
SAI,4535.0472222222215,318.0,79.467
SAI,4549.224999999999,319.0,79.467
SAI,4567.002777777778,320.0,79.467
SAI,4595.625000000001,322.0,79.467
SAI,4631.513888888889,323.0,79.467
SAI,4645.958333333333,325.0,79.467
SAI,4664.069444444444,326.0,79.467
SAI,4682.180555555556,326.0,79.467
SAI,4696.667222222223,328.0,79.467
SAI,4722.178333333334,328.0,79.467
SAI,4740.456111111111,329.0,79.467
SAI,4755.078333333334,329.0,79.467
SAI,4773.411666666666,330.0,79.467
SAI,4799.248055555556,331.0,79.467
SAI,4828.848055555555,333.0,79.467
SAI,4854.748055555556,333.0,79.467
SAI,4884.4369444444455,334.0,79.467
SAI,4910.414722222224,334.0,79.467
SAI,4929.081388888891,336.0,79.467
SAI,4943.925833333335,334.0,79.467
SAI,4969.825833333335,333.0,79.467
SAI,4988.159166666669,330.0,79.467
SAI,5016.4258333333355,318.0,79.467
SAI,5032.703611111114,293.0,79.467
SAI,5044.703611111114,270.0,79.467
SAI,5063.992500000003,248.0,79.467
SAI,5077.048055555559,235.0,79.467
SAI,5094.314722222225,222.0,79.467
SAI,5104.181388888892,222.0,79.467
SAI,5116.014722222226,213.0,79.467
SAI,5131.725833333337,202.0,79.467
SAI,5147.592500000003,204.0,79.467
SAI,5163.925833333336,210.0,79.467
SAI,5173.392500000003,213.0,79.467
SAI,5192.5925000000025,216.0,79.467
SAI,5215.428888888892,229.0,79.467
SAI,5236.495555555559,237.0,79.467
SAI,5247.20666666667,241.0,79.467
SAI,5266.340000000003,246.0,79.467
SAI,5285.619722222225,247.0,79.467
SAI,5302.619722222225,255.0,79.467
SAI,5331.619722222225,261.0,79.467
SAI,5343.353055555558,264.0,79.467
SAI,5355.219722222225,267.0,79.467
SAI,5370.219722222225,270.0,79.467
SAI,5385.386388888892,273.0,79.467
SAI,5397.697500000003,277.0,79.467
SAI,5425.897500000003,282.0,79.467
SAI,5441.675277777781,284.0,79.467
SAI,5473.786388888892,289.0,79.467
SAI,5486.76416666667,292.0,79.467
SAI,5519.764166666669,297.0,79.467
SAI,5532.964166666669,297.0,79.467
SAI,5546.341944444447,301.0,79.467
SAI,5576.841944444447,305.0,79.467
SAI,5590.486388888891,307.0,79.467
SAI,5614.519722222225,309.0,79.467
SAI,5635.1197222222245,309.0,79.467
SAI,5652.397500000003,311.0,79.467
SAI,5676.741944444448,313.0,79.467
SAI,5694.130833333336,313.0,79.467
SAI,5708.041944444447,313.0,79.467
SAI,5729.041944444448,315.0,79.467
SAI,5742.997500000003,314.0,79.467
HAM,4.725833333333333,321.0,79.513
HAM,26.325833333333332,324.0,79.513
HAM,51.77194444444444,326.0,79.513
HAM,80.92750000000001,328.0,79.513
HAM,99.26083333333335,330.0,79.513
HAM,117.64972222222224,331.0,79.513
HAM,143.47194444444446,332.0,79.513
HAM,176.97194444444443,335.0,79.513
HAM,214.4163888888889,337.0,79.513
HAM,240.78305555555553,339.0,79.513
HAM,259.6163888888889,339.0,79.513
HAM,282.2830555555555,340.0,79.513
HAM,301.22749999999996,341.0,79.513
HAM,320.22749999999996,342.0,79.513
HAM,350.71638888888884,343.0,79.513
HAM,369.77194444444444,343.0,79.513
HAM,396.5274999999999,344.0,79.513
HAM,411.8608333333333,345.0,79.513
HAM,431.0275,345.0,79.513
HAM,450.19416666666666,345.0,79.513
HAM,488.5425,346.0,79.513
HAM,511.6091666666667,346.0,79.513
HAM,542.4536111111111,347.0,79.513
HAM,573.3869444444445,348.0,79.513
HAM,600.4536111111112,348.0,79.513
HAM,627.5980555555556,349.0,79.513
HAM,646.9313888888889,348.0,79.513
HAM,670.2950000000001,349.0,79.513
HAM,697.4394444444445,349.0,79.513
HAM,716.7727777777778,348.0,79.513
HAM,747.6172222222223,347.0,79.513
HAM,770.7505555555556,347.0,79.513
HAM,792.1505555555556,321.0,79.513
HAM,819.8172222222222,249.0,79.513
HAM,831.9283333333334,218.0,79.513
HAM,846.9505555555556,169.0,79.513
HAM,861.0505555555557,141.0,79.513
HAM,872.7505555555556,117.0,79.513
HAM,880.8394444444446,104.0,79.513
HAM,887.3727777777779,98.0,79.513
HAM,894.5283333333334,92.0,79.513
HAM,899.4172222222223,88.0,79.513
HAM,905.9505555555556,84.0,79.513
HAM,910.3950000000001,80.0,79.513
HAM,918.4950000000001,81.0,79.513
HAM,922.2491666666668,85.0,79.513
HAM,927.6491666666668,81.0,79.513
HAM,932.7825000000001,77.0,79.513
HAM,941.9491666666668,75.0,79.513
HAM,945.3269444444445,76.0,79.513
HAM,954.7950000000001,85.0,79.513
HAM,959.7950000000001,90.0,79.513
HAM,963.9283333333334,93.0,79.513
HAM,969.5394444444445,101.0,79.513
HAM,975.6505555555556,110.0,79.513
HAM,983.6505555555556,120.0,79.513
HAM,991.2061111111111,136.0,79.513
HAM,1001.0061111111111,147.0,79.513
HAM,1019.5616666666666,167.0,79.513
HAM,1027.4283333333333,177.0,79.513
HAM,1046.3283333333331,189.0,79.513
HAM,1057.3283333333331,198.0,79.513
HAM,1068.7172222222223,205.0,79.513
HAM,1083.0505555555555,215.0,79.513
HAM,1107.717222222222,222.0,79.513
HAM,1120.6616666666666,233.0,79.513
HAM,1136.5949999999998,239.0,79.513
HAM,1149.9838888888887,241.0,79.513
HAM,1169.4283333333333,250.0,79.513
HAM,1183.5949999999998,255.0,79.513
HAM,1197.9838888888887,259.0,79.513
HAM,1215.5838888888889,264.0,79.513
HAM,1230.2324999999998,265.0,79.513
HAM,1251.3880555555554,272.0,79.513
HAM,1263.654722222222,276.0,79.513
HAM,1275.9658333333332,277.0,79.513
HAM,1297.8213888888888,281.0,79.513
HAM,1310.443611111111,284.0,79.513
HAM,1323.1102777777778,285.0,79.513
HAM,1348.968611111111,290.0,79.513
HAM,1365.1352777777774,291.0,79.513
HAM,1378.201944444444,294.0,79.513
HAM,1398.0019444444442,297.0,79.513
HAM,1431.2241666666664,299.0,79.513
HAM,1458.1574999999998,303.0,79.513
HAM,1471.668611111111,304.0,79.513
HAM,1492.0019444444442,305.0,79.513
HAM,1509.0575000000001,307.0,79.513
HAM,1533.0908333333332,309.0,79.513
HAM,1557.2019444444445,310.0,79.513
HAM,1571.0241666666668,311.0,79.513
HAM,1591.8908333333334,313.0,79.513
HAM,1626.8908333333336,315.0,79.513
HAM,1644.446388888889,316.0,79.513
HAM,1665.5797222222222,317.0,79.513
HAM,1693.846388888889,318.0,79.513
HAM,1708.0241666666666,319.0,79.513
HAM,1725.746388888889,319.0,79.513
HAM,1740.0130555555556,321.0,79.513
HAM,1761.4130555555555,321.0,79.513
HAM,1775.6797222222222,321.0,79.513
HAM,1807.8899999999999,323.0,79.513
HAM,1847.6122222222223,325.0,79.513
HAM,1876.5011111111112,325.0,79.513
HAM,1901.778888888889,325.0,79.513
HAM,1919.9247222222225,325.0,79.513
HAM,1955.9247222222223,324.0,79.513
HAM,1970.2802777777779,323.0,79.513
HAM,1995.4025000000001,323.0,79.513
HAM,2024.8469444444445,265.0,79.513
HAM,2035.0691666666667,230.0,79.513
HAM,2051.780277777778,188.0,79.513
HAM,2060.9469444444444,165.0,79.513
HAM,2069.224722222222,149.0,79.513
HAM,2078.0247222222224,132.0,79.513
HAM,2087.6691666666666,124.0,79.513
HAM,2094.224722222222,118.0,79.513
HAM,2106.6691666666666,112.0,79.513
HAM,2111.513611111111,109.0,79.513
HAM,2118.913611111111,111.0,79.513
HAM,2124.1580555555556,118.0,79.513
HAM,2131.1580555555556,126.0,79.513
HAM,2142.4469444444444,127.0,79.513
HAM,2157.224722222222,133.0,79.513
HAM,2163.4025,139.0,79.513
HAM,2171.680277777778,149.0,79.513
HAM,2180.458055555556,158.0,79.513
HAM,2187.701388888889,164.0,79.513
HAM,2201.468055555556,177.0,79.513
HAM,2211.7458333333334,185.0,79.513
HAM,2220.3236111111114,193.0,79.513
HAM,2231.4347222222223,200.0,79.513
HAM,2247.6702777777778,208.0,79.513
HAM,2267.3147222222224,221.0,79.513
HAM,2285.1258333333335,229.0,79.513
HAM,2306.1925,237.0,79.513
HAM,2325.1702777777778,244.0,79.513
HAM,2339.0036111111112,249.0,79.513
HAM,2350.1591666666664,251.0,79.513
HAM,2370.1480555555554,257.0,79.513
HAM,2384.5925,260.0,79.513
HAM,2408.059166666667,264.0,79.513
HAM,2422.7813888888886,265.0,79.513
HAM,2434.025833333333,253.0,79.513
HAM,2452.225833333333,234.0,79.513
HAM,2464.725833333333,225.0,79.513
HAM,2481.7591666666663,219.0,79.513
HAM,2491.270277777777,214.0,79.513
HAM,2502.8813888888885,209.0,79.513
HAM,2518.6702777777773,203.0,79.513
HAM,2535.0813888888883,211.0,79.513
HAM,2551.80361111111,215.0,79.513
HAM,2561.5369444444436,219.0,79.513
HAM,2581.5369444444436,225.0,79.513
HAM,2605.071388888888,236.0,79.513
HAM,2626.582499999999,242.0,79.513
HAM,2637.4713888888878,245.0,79.513
HAM,2656.7602777777765,248.0,79.513
HAM,2676.7424999999985,256.0,79.513
HAM,2694.209166666665,262.0,79.513
HAM,2723.764722222221,266.0,79.513
HAM,2735.6313888888876,267.0,79.513
HAM,2747.586944444443,269.0,79.513
HAM,2762.25361111111,264.0,79.513
HAM,2775.4758333333316,238.0,79.513
HAM,2785.5647222222206,227.0,79.513
HAM,2805.9647222222206,204.0,79.513
HAM,2817.0758333333315,200.0,79.513
HAM,2838.409166666665,192.0,79.513
HAM,2846.8536111111093,190.0,79.513
HAM,2868.742499999998,197.0,79.513
HAM,2877.631388888887,200.0,79.513
HAM,2886.831388888887,207.0,79.513
HAM,2908.331388888887,215.0,79.513
HAM,2918.1980555555538,222.0,79.513
HAM,2936.1647222222205,231.0,79.513
HAM,2951.8980555555536,236.0,79.513
HAM,2965.2869444444427,241.0,79.513
HAM,2984.6536111111095,249.0,79.513
HAM,2998.598055555554,251.0,79.513
HAM,3010.064722222221,258.0,79.513
HAM,3027.5313888888877,262.0,79.513
HAM,3039.35361111111,266.0,79.513
HAM,3051.1019444444432,266.0,79.513
HAM,3072.4130555555544,274.0,79.513
HAM,3094.190833333332,280.0,79.513
HAM,3112.9352777777767,280.0,79.513
HAM,3141.835277777777,289.0,79.513
HAM,3164.7019444444436,294.0,79.513
HAM,3191.1908333333326,298.0,79.513
HAM,3204.4352777777767,298.0,79.513
HAM,3224.635277777777,303.0,79.513
HAM,3248.5130555555547,307.0,79.513
HAM,3265.6797222222212,309.0,79.513
HAM,3289.86861111111,311.0,79.513
HAM,3303.7797222222216,313.0,79.513
HAM,3328.435277777777,317.0,79.513
HAM,3342.5241666666657,317.0,79.513
HAM,3367.4908333333324,321.0,79.513
HAM,3399.8908333333325,324.0,79.513
HAM,3417.946388888888,325.0,79.513
HAM,3443.4574999999986,328.0,79.513
HAM,3472.790833333332,330.0,79.513
HAM,3491.1797222222212,331.0,79.513
HAM,3517.0797222222213,333.0,79.513
HAM,3535.6352777777765,334.0,79.513
HAM,3580.4352777777767,336.0,79.513
HAM,3595.4130555555544,337.0,79.513
HAM,3617.879722222221,337.0,79.513
HAM,3632.763888888888,337.0,79.513
HAM,3647.78611111111,338.0,79.513
HAM,3662.8527777777763,339.0,79.513
HAM,3689.219444444443,339.0,79.513
HAM,3708.2027777777766,340.0,79.513
HAM,3734.647222222221,340.0,79.513
HAM,3749.758333333332,340.0,79.513
HAM,3791.1916666666657,339.0,79.513
HAM,3822.9916666666654,318.0,79.513
HAM,3835.5249999999983,282.0,79.513
HAM,3852.4583333333317,254.0,79.513
HAM,3862.724999999998,231.0,79.513
HAM,3874.7805555555537,217.0,79.513
HAM,3888.6472222222205,208.0,79.513
HAM,3897.802777777776,206.0,79.513
HAM,3908.8583333333318,199.0,79.513
HAM,3919.580555555554,193.0,79.513
HAM,3938.980555555554,194.0,79.513
HAM,3947.780555555554,198.0,79.513
HAM,3963.958333333332,208.0,79.513
HAM,3975.7361111111095,212.0,79.513
HAM,3995.1138888888872,218.0,79.513
HAM,4015.1138888888872,225.0,79.513
HAM,4038.5138888888873,234.0,79.513
HAM,4051.6805555555543,237.0,79.513
HAM,4084.880555555554,249.0,79.513
HAM,4107.547222222221,255.0,79.513
HAM,4118.853888888888,256.0,79.513
HAM,4142.053888888888,261.0,79.513
HAM,4159.727222222222,264.0,79.513
HAM,4189.9494444444435,272.0,79.513
HAM,4211.493888888888,277.0,79.513
HAM,4233.504999999999,283.0,79.513
HAM,4249.2827777777775,284.0,79.513
HAM,4261.993888888888,286.0,79.513
HAM,4281.260555555555,289.0,79.513
HAM,4300.727222222222,292.0,79.513
HAM,4320.527222222222,297.0,79.513
HAM,4337.138333333332,299.0,79.513
HAM,4350.471666666666,300.0,79.513
HAM,4367.249444444444,302.0,79.513
HAM,4380.760555555556,304.0,79.513
HAM,4408.049444444445,307.0,79.513
HAM,4445.9383333333335,310.0,79.513
HAM,4463.271666666667,312.0,79.513
HAM,4498.271666666667,315.0,79.513
HAM,4512.360555555556,317.0,79.513
HAM,4544.260555555556,319.0,79.513
HAM,4572.793888888889,321.0,79.513
HAM,4597.7605555555565,321.0,79.513
HAM,4629.860555555557,321.0,79.513
HAM,4655.060555555557,324.0,79.513
HAM,4676.570555555556,324.0,79.513
HAM,4720.127777777779,326.0,79.513
HAM,4738.238888888889,326.0,79.513
HAM,4778.327777777779,328.0,79.513
HAM,4814.883333333334,329.0,79.513
HAM,4855.216666666667,330.0,79.513
HAM,4873.550000000001,330.0,79.513
HAM,4888.216666666667,330.0,79.513
HAM,4902.927777777779,331.0,79.513
HAM,4924.994444444445,331.0,79.513
HAM,4939.6611111111115,330.0,79.513
HAM,4957.994444444445,330.0,79.513
HAM,4979.927777777778,329.0,79.513
HAM,5005.438888888889,328.0,79.513
HAM,5037.883333333334,292.0,79.513
HAM,5055.150000000001,259.0,79.513
HAM,5068.8166666666675,246.0,79.513
HAM,5081.9833333333345,237.0,79.513
HAM,5104.583333333335,226.0,79.513
HAM,5116.8055555555575,220.0,79.513
HAM,5126.361111111113,215.0,79.513
HAM,5144.761111111113,207.0,79.513
HAM,5156.094444444447,204.0,79.513
HAM,5182.494444444446,216.0,79.513
HAM,5192.183333333336,218.0,79.513
HAM,5212.2094444444465,226.0,79.513
HAM,5230.318333333335,232.0,79.513
HAM,5243.429444444447,236.0,79.513
HAM,5254.1405555555575,241.0,79.513
HAM,5264.896111111113,242.0,79.513
HAM,5292.673888888891,250.0,79.513
HAM,5309.673888888891,255.0,79.513
HAM,5335.773888888892,261.0,79.513
HAM,5365.440555555559,267.0,79.513
HAM,5386.673888888892,273.0,79.513
HAM,5408.218333333337,277.0,79.513
HAM,5426.885000000003,280.0,79.513
HAM,5439.373888888892,281.0,79.513
HAM,5455.207222222226,285.0,79.513
HAM,5471.096111111115,286.0,79.513
HAM,5500.396111111115,293.0,79.513
HAM,5526.707222222225,296.0,79.513
HAM,5549.9627777777805,299.0,79.513
HAM,5566.685000000003,301.0,79.513
HAM,5590.25166666667,303.0,79.513
HAM,5603.807222222225,305.0,79.513
HAM,5620.862777777781,307.0,79.513
HAM,5638.029444444448,309.0,79.513
HAM,5669.229444444448,312.0,79.513
HAM,5693.573888888893,313.0,79.513
HAM,5721.662777777781,316.0,79.513
HAM,5739.2738888888925,317.0,79.513
VER,7.066111111111111,322.0,79.662
VER,28.732777777777777,325.0,79.662
VER,68.82166666666666,328.0,79.662
VER,83.39666666666666,330.0,79.662
VER,98.06333333333333,330.0,79.662
VER,116.45222222222222,331.0,79.662
VER,131.20777777777778,332.0,79.662
VER,168.3188888888889,334.0,79.662
VER,186.92999999999998,335.0,79.662
VER,213.06333333333333,336.0,79.662
VER,235.52999999999997,337.0,79.662
VER,269.33,338.0,79.662
VER,295.69666666666666,339.0,79.662
VER,329.69666666666666,340.0,79.662
VER,375.16333333333336,341.0,79.662
VER,416.9633333333333,342.0,79.662
VER,447.5411111111111,344.0,79.662
VER,466.7077777777778,345.0,79.662
VER,493.6188888888888,346.0,79.662
VER,509.09277777777777,346.0,79.662
VER,524.4705555555555,346.0,79.662
VER,539.8927777777777,347.0,79.662
VER,563.026111111111,347.0,79.662
VER,578.4483333333333,347.0,79.662
VER,613.2483333333333,348.0,79.662
VER,647.9483333333333,347.0,79.662
VER,674.9372222222222,347.0,79.662
VER,709.5372222222222,346.0,79.662
VER,724.8188888888889,346.0,79.662
VER,747.8855555555556,346.0,79.662
VER,781.4855555555556,336.0,79.662
VER,794.9522222222223,303.0,79.662
VER,809.8966666666666,269.0,79.662
VER,827.0077777777777,220.0,79.662
VER,837.8411111111111,195.0,79.662
VER,851.2188888888888,172.0,79.662
VER,860.6855555555555,142.0,79.662
VER,873.5744444444445,116.0,79.662
VER,884.3522222222223,97.0,79.662
VER,891.3522222222223,90.0,79.662
VER,897.73,82.0,79.662
VER,902.9966666666667,79.0,79.662
VER,908.9077777777778,76.0,79.662
VER,914.1744444444445,79.0,79.662
VER,920.8872222222222,86.0,79.662
VER,926.4205555555556,83.0,79.662
VER,933.9205555555556,75.0,79.662
VER,937.2538888888889,75.0,79.662
VER,940.5872222222223,75.0,79.662
VER,944.8094444444446,76.0,79.662
VER,951.1094444444445,81.0,79.662
VER,955.8872222222222,86.0,79.662
VER,969.353888888889,101.0,79.662
VER,984.718888888889,126.0,79.662
VER,999.718888888889,150.0,79.662
VER,1008.6633333333334,161.0,79.662
VER,1015.9966666666668,165.0,79.662
VER,1027.93,179.0,79.662
VER,1044.9966666666667,192.0,79.662
VER,1056.0522222222223,199.0,79.662
VER,1074.718888888889,210.0,79.662
VER,1091.8300000000002,220.0,79.662
VER,1117.1633333333334,228.0,79.662
VER,1144.052222222222,242.0,79.662
VER,1155.03,247.0,79.662
VER,1169.03,252.0,79.662
VER,1197.9188888888891,260.0,79.662
VER,1218.4522222222226,264.0,79.662
VER,1245.4269444444446,269.0,79.662
VER,1263.6936111111115,274.0,79.662
VER,1276.0047222222227,277.0,79.662
VER,1288.449166666667,280.0,79.662
VER,1304.1713888888892,283.0,79.662
VER,1326.4158333333337,286.0,79.662
VER,1352.2825000000005,291.0,79.662
VER,1371.749166666667,292.0,79.662
VER,1391.2825000000003,293.0,79.662
VER,1407.7269444444448,296.0,79.662
VER,1430.9769444444448,300.0,79.662
VER,1444.3547222222226,301.0,79.662
VER,1457.7769444444448,302.0,79.662
VER,1471.288055555556,304.0,79.662
VER,1498.4880555555558,306.0,79.662
VER,1522.4436111111115,308.0,79.662
VER,1543.0436111111117,309.0,79.662
VER,1570.7769444444448,312.0,79.662
VER,1591.6436111111116,313.0,79.662
VER,1616.1436111111116,315.0,79.662
VER,1647.7436111111115,316.0,79.662
VER,1668.9436111111113,318.0,79.662
VER,1704.499166666667,320.0,79.662
VER,1740.2769444444446,322.0,79.662
VER,1772.5769444444445,323.0,79.662
VER,1808.7783333333334,325.0,79.662
VER,1841.2783333333334,325.0,79.662
VER,1859.3338888888893,325.0,79.662
VER,1888.2227777777782,325.0,79.662
VER,1920.8227777777781,326.0,79.662
VER,1949.800555555556,326.0,79.662
VER,1978.689444444445,325.0,79.662
VER,1993.0005555555558,322.0,79.662
VER,2008.3338888888893,276.0,79.662
VER,2024.5991666666669,245.0,79.662
VER,2034.2436111111112,217.0,79.662
VER,2047.1769444444446,194.0,79.662
VER,2063.4769444444446,163.0,79.662
VER,2070.143611111111,150.0,79.662
VER,2077.8102777777776,138.0,79.662
VER,2094.2102777777777,123.0,79.662
VER,2100.4325,112.0,79.662
VER,2111.2325,108.0,79.662
VER,2116.0769444444445,109.0,79.662
VER,2122.410277777778,114.0,79.662
VER,2132.2880555555557,127.0,79.662
VER,2139.3436111111114,127.0,79.662
VER,2146.399166666667,127.0,79.662
VER,2156.588055555556,131.0,79.662
VER,2164.254722222223,138.0,79.662
VER,2173.760833333334,142.0,79.662
VER,2182.371944444445,155.0,79.662
VER,2191.538611111112,165.0,79.662
VER,2207.7163888888895,182.0,79.662
VER,2227.11638888889,194.0,79.662
VER,2238.2830555555565,201.0,79.662
VER,2247.527500000001,208.0,79.662
VER,2256.905277777779,211.0,79.662
VER,2279.305277777779,224.0,79.662
VER,2307.9052777777792,234.0,79.662
VER,2332.3372222222233,245.0,79.662
VER,2360.5594444444455,254.0,79.662
VER,2389.559444444446,261.0,79.662
VER,2404.2261111111125,264.0,79.662
VER,2436.8927777777794,245.0,79.662
VER,2447.559444444446,240.0,79.662
VER,2460.448333333335,232.0,79.662
VER,2477.5594444444464,220.0,79.662
VER,2491.759444444446,213.0,79.662
VER,2503.315000000002,208.0,79.662
VER,2516.915000000002,204.0,79.662
VER,2533.326111111113,211.0,79.662
VER,2557.659444444446,219.0,79.662
VER,2570.10388888889,224.0,79.662
VER,2590.344722222224,227.0,79.662
VER,2611.4113888888905,237.0,79.662
VER,2627.5447222222238,242.0,79.662
VER,2641.2669444444464,247.0,79.662
VER,2652.333611111113,249.0,79.662
VER,2669.2669444444464,254.0,79.662
VER,2683.60027777778,258.0,79.662
VER,2718.8002777777797,264.0,79.662
VER,2739.644722222224,268.0,79.662
VER,2757.4447222222243,267.0,79.662
VER,2773.7113888888907,244.0,79.662
VER,2786.093611111113,224.0,79.662
VER,2797.8158333333354,211.0,79.662
VER,2811.3491666666687,203.0,79.662
VER,2820.2825000000016,201.0,79.662
VER,2835.215833333335,192.0,79.662
VER,2854.715833333335,195.0,79.662
VER,2882.982500000002,212.0,79.662
VER,2902.093611111113,215.0,79.662
VER,2927.3158333333354,227.0,79.662
VER,2945.593611111113,235.0,79.662
VER,2970.3936111111134,248.0,79.662
VER,2990.226944444447,255.0,79.662
VER,3001.720555555558,257.0,79.662
VER,3016.2205555555574,261.0,79.662
VER,3033.953888888891,266.0,79.662
VER,3045.865000000002,268.0,79.662
VER,3070.2205555555574,274.0,79.662
VER,3082.5761111111133,278.0,79.662
VER,3101.3761111111135,282.0,79.662
VER,3120.509444444446,287.0,79.662
VER,3146.376111111113,291.0,79.662
VER,3162.7094444444465,294.0,79.662
VER,3182.5094444444467,297.0,79.662
VER,3202.4427777777796,299.0,79.662
VER,3232.8427777777797,304.0,79.662
VER,3263.5572222222245,308.0,79.662
VER,3280.8350000000023,311.0,79.662
VER,3305.1794444444467,313.0,79.662
VER,3319.1794444444463,315.0,79.662
VER,3361.846111111113,320.0,79.662
VER,3386.968333333335,323.0,79.662
VER,3405.0238888888907,325.0,79.662
VER,3426.823888888891,327.0,79.662
VER,3452.4127777777794,329.0,79.662
VER,3478.157222222224,331.0,79.662
VER,3500.223888888891,331.0,79.662
VER,3518.7238888888915,333.0,79.662
VER,3548.5016666666693,335.0,79.662
VER,3567.2616666666686,336.0,79.662
VER,3585.983888888891,337.0,79.662
VER,3608.5172222222245,338.0,79.662
VER,3631.050555555558,338.0,79.662
VER,3653.5838888888907,338.0,79.662
VER,3679.8727777777794,338.0,79.662
VER,3721.18388888889,338.0,79.662
VER,3736.250555555557,339.0,79.662
VER,3751.3172222222233,339.0,79.662
VER,3770.150555555557,339.0,79.662
VER,3785.1727777777787,338.0,79.662
VER,3807.0394444444455,328.0,79.662
VER,3825.7061111111125,280.0,79.662
VER,3842.306111111113,249.0,79.662
VER,3852.331944444446,227.0,79.662
VER,3864.1097222222234,212.0,79.662
VER,3877.9097222222235,207.0,79.662
VER,3886.8875000000016,202.0,79.662
VER,3902.054166666668,195.0,79.662
VER,3910.5875000000015,192.0,79.662
VER,3923.4541666666682,193.0,79.662
VER,3934.2319444444456,194.0,79.662
VER,3957.3430555555565,208.0,79.662
VER,3986.0097222222234,215.0,79.662
VER,4008.3097222222236,223.0,79.662
VER,4020.920833333335,227.0,79.662
VER,4044.3858333333346,234.0,79.662
VER,4055.0080555555564,239.0,79.662
VER,4071.34138888889,245.0,79.662
VER,4085.0636111111126,247.0,79.662
VER,4096.219166666668,251.0,79.662
VER,4121.819166666668,256.0,79.662
VER,4136.152500000002,258.0,79.662
VER,4150.763611111112,263.0,79.662
VER,4168.363611111113,264.0,79.662
VER,4201.2413888888905,269.0,79.662
VER,4222.396944444446,272.0,79.662
VER,4241.130277777779,281.0,79.662
VER,4256.852500000002,283.0,79.662
VER,4269.474722222224,284.0,79.662
VER,4285.363611111113,286.0,79.662
VER,4311.060833333335,290.0,79.662
VER,4324.038611111113,292.0,79.662
VER,4350.2608333333355,295.0,79.662
VER,4376.749722222225,298.0,79.662
VER,4396.749722222225,300.0,79.662
VER,4434.027500000002,305.0,79.662
VER,4451.083055555557,307.0,79.662
VER,4468.194166666668,308.0,79.662
VER,4481.971944444446,310.0,79.662
VER,4495.749722222224,310.0,79.662
VER,4516.549722222223,312.0,79.662
VER,4548.049722222223,315.0,79.662
VER,4576.226388888891,316.0,79.662
VER,4590.270833333335,316.0,79.662
VER,4615.081944444446,319.0,79.662
VER,4639.970833333335,320.0,79.662
VER,4672.070833333335,321.0,79.662
VER,4686.381944444446,322.0,79.662
VER,4718.781944444446,324.0,79.662
VER,4736.781944444446,324.0,79.662
VER,4769.381944444446,326.0,79.662
VER,4787.548611111113,327.0,79.662
VER,4805.715277777779,327.0,79.662
VER,4820.293055555558,328.0,79.662
VER,4849.537500000001,329.0,79.662
VER,4871.5375,330.0,79.662
VER,4889.779166666668,330.0,79.662
VER,4911.779166666667,330.0,79.662
VER,4926.445833333333,330.0,79.662
VER,4941.112499999999,330.0,79.662
VER,4955.779166666667,330.0,79.662
VER,4970.445833333333,330.0,79.662
VER,5007.001388888889,329.0,79.662
VER,5036.668055555555,267.0,79.662
VER,5050.501388888889,249.0,79.662
VER,5073.301388888889,228.0,79.662
VER,5083.434722222222,228.0,79.662
VER,5095.712500000001,221.0,79.662
VER,5107.490277777779,212.0,79.662
VER,5123.725833333334,208.0,79.662
VER,5132.970277777779,208.0,79.662
VER,5161.236944444446,212.0,79.662
VER,5170.748055555558,214.0,79.662
VER,5190.303611111112,220.0,79.662
VER,5205.4369444444455,227.0,79.662
VER,5223.48138888889,232.0,79.662
VER,5239.081388888891,234.0,79.662
VER,5252.470277777778,241.0,79.662
VER,5282.659166666668,247.0,79.662
VER,5296.603611111112,251.0,79.662
VER,5316.592500000001,257.0,79.662
VER,5339.792500000001,261.0,79.662
VER,5351.570277777779,265.0,79.662
VER,5369.362500000001,268.0,79.662
VER,5393.806944444445,275.0,79.662
VER,5409.140277777779,276.0,79.662
VER,5434.029166666669,280.0,79.662
VER,5465.918055555557,287.0,79.662
VER,5494.918055555557,290.0,79.662
VER,5524.318055555556,294.0,79.662
VER,5550.895833333335,299.0,79.662
VER,5584.562500000001,303.0,79.662
VER,5618.87027777778,308.0,79.662
VER,5639.6036111111125,311.0,79.662
VER,5671.003611111112,314.0,79.662
VER,5709.748055555557,317.0,79.662
VER,5723.836944444445,317.0,79.662
VER,5745.1036111111125,319.0,79.662
PER,14.534166666666668,321.0,80.062
PER,46.93416666666667,324.0,80.062
PER,61.37861111111111,325.0,80.062
PER,83.26944444444445,327.0,80.062
PER,105.20277777777777,329.0,80.062
PER,123.53611111111113,330.0,80.062
PER,138.20277777777778,330.0,80.062
PER,164.025,332.0,80.062
PER,182.525,333.0,80.062
PER,197.36944444444447,334.0,80.062
PER,219.70277777777778,335.0,80.062
PER,238.36944444444447,336.0,80.062
PER,264.5805555555556,337.0,80.062
PER,287.0472222222223,337.0,80.062
PER,309.5805555555556,338.0,80.062
PER,358.6916666666667,340.0,80.062
PER,381.425,341.0,80.062
PER,400.36944444444447,341.0,80.062
PER,434.5694444444445,342.0,80.062
PER,457.4361111111112,343.0,80.062
PER,484.1138888888889,343.0,80.062
PER,503.225,344.0,80.062
PER,529.9805555555556,344.0,80.062
PER,564.4805555555556,345.0,80.062
PER,583.6472222222222,345.0,80.062
PER,618.2472222222223,346.0,80.062
PER,652.7511111111112,346.0,80.062
PER,679.6622222222223,346.0,80.062
PER,702.825,346.0,80.062
PER,718.1583333333334,345.0,80.062
PER,748.8250000000002,345.0,80.062
PER,788.6694444444446,326.0,80.062
PER,813.2027777777779,276.0,80.062
PER,826.7583333333334,244.0,80.062
PER,836.2694444444446,214.0,80.062
PER,853.3694444444446,171.0,80.062
PER,860.613888888889,163.0,80.062
PER,885.7250000000001,113.0,80.062
PER,894.7027777777779,101.0,80.062
PER,898.8361111111112,93.0,80.062
PER,902.6583333333334,86.0,80.062
PER,907.213888888889,82.0,80.062
PER,911.5472222222223,78.0,80.062
PER,917.4583333333335,76.0,80.062
PER,923.7583333333334,81.0,80.062
PER,931.0472222222223,82.0,80.062
PER,936.313888888889,79.0,80.062
PER,941.313888888889,75.0,80.062
PER,944.4694444444445,71.0,80.062
PER,948.4694444444445,72.0,80.062
PER,953.4694444444445,75.0,80.062
PER,964.2005555555556,88.0,80.062
PER,970.3594444444445,92.0,80.062
PER,976.1927777777779,105.0,80.062
PER,981.3483333333335,116.0,80.062
PER,988.3483333333335,126.0,80.062
PER,997.4150000000002,136.0,80.062
PER,1009.3150000000002,153.0,80.062
PER,1022.3816666666669,168.0,80.062
PER,1036.1483333333335,177.0,80.062
PER,1053.392777777778,194.0,80.062
PER,1066.8594444444445,202.0,80.062
PER,1078.4150000000002,208.0,80.062
PER,1087.9705555555556,215.0,80.062
PER,1100.2483333333337,221.0,80.062
PER,1112.9150000000002,228.0,80.062
PER,1123.0483333333336,228.0,80.062
PER,1144.2038888888892,238.0,80.062
PER,1157.7594444444446,244.0,80.062
PER,1174.4927777777777,251.0,80.062
PER,1185.7372222222223,253.0,80.062
PER,1205.881666666667,259.0,80.062
PER,1226.492777777778,265.0,80.062
PER,1241.381666666667,268.0,80.062
PER,1256.492777777778,272.0,80.062
PER,1271.8261111111112,276.0,80.062
PER,1290.4261111111114,279.0,80.062
PER,1315.7594444444446,285.0,80.062
PER,1328.4705555555558,286.0,80.062
PER,1341.2705555555558,288.0,80.062
PER,1360.5233333333333,290.0,80.062
PER,1383.4716666666668,294.0,80.062
PER,1416.2494444444444,295.0,80.062
PER,1432.8049999999998,298.0,80.062
PER,1446.1827777777776,301.0,80.062
PER,1469.5938888888888,301.0,80.062
PER,1486.4827777777778,304.0,80.062
PER,1506.8827777777778,306.0,80.062
PER,1530.8383333333331,308.0,80.062
PER,1551.4383333333333,309.0,80.062
PER,1568.6605555555554,310.0,80.062
PER,1592.927222222222,312.0,80.062
PER,1610.316111111111,313.0,80.062
PER,1634.738333333333,314.0,80.062
PER,1662.827222222222,316.0,80.062
PER,1676.8716666666664,316.0,80.062
PER,1701.6049999999998,318.0,80.062
PER,1726.416111111111,319.0,80.062
PER,1747.7494444444442,320.0,80.062
PER,1783.4161111111111,321.0,80.062
PER,1823.016111111111,324.0,80.062
PER,1837.4161111111111,324.0,80.062
PER,1855.4161111111111,324.0,80.062
PER,1873.4161111111114,324.0,80.062
PER,1887.8161111111115,324.0,80.062
PER,1909.4161111111114,324.0,80.062
PER,1927.4161111111114,324.0,80.062
PER,1956.2161111111113,324.0,80.062
PER,1988.2161111111113,320.0,80.062
PER,2001.2383333333335,293.0,80.062
PER,2018.6383333333335,261.0,80.062
PER,2041.8605555555557,209.0,80.062
PER,2050.1272222222224,186.0,80.062
PER,2061.193888888889,166.0,80.062
PER,2067.8161111111112,149.0,80.062
PER,2078.549444444445,138.0,80.062
PER,2084.1938888888894,127.0,80.062
PER,2090.8050000000007,119.0,80.062
PER,2101.705000000001,109.0,80.062
PER,2106.505000000001,108.0,80.062
PER,2120.505000000001,105.0,80.062
PER,2130.99388888889,118.0,80.062
PER,2140.6383333333347,124.0,80.062
PER,2147.582777777779,125.0,80.062
PER,2162.360555555557,133.0,80.062
PER,2181.4272222222235,156.0,80.062
PER,2192.4272222222235,165.0,80.062
PER,2202.09388888889,174.0,80.062
PER,2212.260555555557,183.0,80.062
PER,2227.349444444446,194.0,80.062
PER,2243.2161111111127,204.0,80.062
PER,2252.4605555555568,208.0,80.062
PER,2264.182777777779,211.0,80.062
PER,2286.8827777777788,227.0,80.062
PER,2299.7716666666674,232.0,80.062
PER,2312.99388888889,238.0,80.062
PER,2329.1272222222237,242.0,80.062
PER,2342.8494444444455,247.0,80.062
PER,2371.1827777777794,255.0,80.062
PER,2382.6494444444456,258.0,80.062
PER,2394.1605555555566,259.0,80.062
PER,2420.660555555557,265.0,80.062
PER,2437.79388888889,257.0,80.062
PER,2451.2383333333346,242.0,80.062
PER,2475.682777777779,220.0,80.062
PER,2487.4605555555568,212.0,80.062
PER,2505.4161111111125,202.0,80.062
PER,2521.0494444444457,201.0,80.062
PER,2536.99388888889,205.0,80.062
PER,2553.5605555555567,213.0,80.062
PER,2570.59388888889,219.0,80.062
PER,2590.682777777779,226.0,80.062
PER,2606.082777777779,231.0,80.062
PER,2621.9494444444454,238.0,80.062
PER,2640.927222222223,244.0,80.062
PER,2671.727222222223,252.0,80.062
PER,2688.7938888888893,256.0,80.062
PER,2714.8938888888893,261.0,80.062
PER,2744.560555555556,267.0,80.062
PER,2762.493888888889,269.0,80.062
PER,2778.2272222222227,236.0,80.062
PER,2792.6938888888894,217.0,80.062
PER,2812.2938888888893,196.0,80.062
PER,2822.905,191.0,80.062
PER,2839.2605555555556,184.0,80.062
PER,2851.460555555556,183.0,80.062
PER,2859.5938888888895,183.0,80.062
PER,2871.860555555556,184.0,80.062
PER,2880.482777777778,194.0,80.062
PER,2896.4272222222226,205.0,80.062
PER,2905.6716666666666,208.0,80.062
PER,2922.6272222222224,218.0,80.062
PER,2945.327222222222,227.0,80.062
PER,2957.9383333333335,227.0,80.062
PER,2976.838333333333,243.0,80.062
PER,2996.127222222222,248.0,80.062
PER,3007.327222222222,252.0,80.062
PER,3024.3938888888883,256.0,80.062
PER,3044.849444444444,263.0,80.062
PER,3056.716111111111,267.0,80.062
PER,3074.7827777777775,271.0,80.062
PER,3093.2494444444437,277.0,80.062
PER,3111.9161111111107,280.0,80.062
PER,3143.8049999999994,287.0,80.062
PER,3173.104999999999,293.0,80.062
PER,3192.8383333333327,296.0,80.062
PER,3219.3272222222217,298.0,80.062
PER,3242.8938888888883,303.0,80.062
PER,3277.1161111111105,308.0,80.062
PER,3308.3161111111103,312.0,80.062
PER,3336.3161111111103,315.0,80.062
PER,3357.449444444444,317.0,80.062
PER,3393.004999999999,320.0,80.062
PER,3410.8938888888883,322.0,80.062
PER,3425.293888888888,324.0,80.062
PER,3446.960555555555,325.0,80.062
PER,3501.7938888888884,329.0,80.062
PER,3534.9938888888883,332.0,80.062
PER,3564.593888888888,333.0,80.062
PER,3594.371666666666,335.0,80.062
PER,3613.038333333332,336.0,80.062
PER,3642.904999999999,336.0,80.062
PER,3661.6272222222215,337.0,80.062
PER,3684.0938888888877,337.0,80.062
PER,3710.3986111111103,337.0,80.062
PER,3740.260555555554,337.0,80.062
PER,3758.982777777777,337.0,80.062
PER,3800.1716666666657,337.0,80.062
PER,3820.4383333333326,304.0,80.062
PER,3835.438333333332,270.0,80.062
PER,3846.8161111111103,256.0,80.062
PER,3859.7049999999995,232.0,80.062
PER,3869.3049999999994,216.0,80.062
PER,3878.6383333333324,210.0,80.062
PER,3897.638333333333,190.0,80.062
PER,3917.860555555555,182.0,80.062
PER,3930.060555555555,183.0,80.062
PER,3949.5605555555553,195.0,80.062
PER,3967.7827777777775,205.0,80.062
PER,3981.9827777777773,213.0,80.062
PER,3996.5161111111106,218.0,80.062
PER,4011.316111111111,222.0,80.062
PER,4023.871666666666,226.0,80.062
PER,4039.4049999999993,233.0,80.062
PER,4063.4049999999993,240.0,80.062
PER,4077.0716666666663,246.0,80.062
PER,4088.182777777777,250.0,80.062
PER,4113.682777777777,255.0,80.062
PER,4130.882777777777,258.0,80.062
PER,4151.411388888888,263.0,80.062
PER,4184.289166666666,269.0,80.062
PER,4202.54611111111,275.0,80.062
PER,4230.34611111111,278.0,80.062
PER,4242.923888888888,283.0,80.062
PER,4255.54611111111,284.0,80.062
PER,4274.74611111111,288.0,80.062
PER,4290.85722222222,290.0,80.062
PER,4330.323888888887,296.0,80.062
PER,4346.934999999998,299.0,80.062
PER,4380.601666666665,303.0,80.062
PER,4400.934999999999,305.0,80.062
PER,4417.990555555554,307.0,80.062
PER,4435.101666666665,308.0,80.062
PER,4452.323888888887,310.0,80.062
PER,4466.146111111109,311.0,80.062
PER,4497.4461111111095,313.0,80.062
PER,4518.512777777777,316.0,80.062
PER,4532.557222222221,316.0,80.062
PER,4550.223888888888,318.0,80.062
PER,4564.401666666666,319.0,80.062
PER,4592.934999999999,321.0,80.062
PER,4614.334999999999,321.0,80.062
PER,4632.2794444444435,323.0,80.062
PER,4650.223888888887,323.0,80.062
PER,4686.334999999998,325.0,80.062
PER,4722.647777777775,326.0,80.062
PER,4740.869999999998,328.0,80.062
PER,4766.289999999998,328.0,80.062
PER,4806.501111111109,329.0,80.062
PER,4839.401111111109,329.0,80.062
PER,4879.612222222221,329.0,80.062
PER,4912.512222222221,329.0,80.062
PER,4930.789999999997,329.0,80.062
PER,4970.878888888888,328.0,80.062
PER,4989.101111111108,328.0,80.062
PER,5064.0788888888865,241.0,80.062
PER,5074.5677777777755,236.0,80.062
PER,5089.367777777776,222.0,80.062
PER,5108.478888888886,215.0,80.062
PER,5122.61222222222,212.0,80.062
PER,5141.101111111108,208.0,80.062
PER,5157.589999999997,212.0,80.062
PER,5177.234444444442,221.0,80.062
PER,5200.034444444442,228.0,80.062
PER,5215.632499999997,233.0,80.062
PER,5234.06583333333,237.0,80.062
PER,5244.821388888887,242.0,80.062
PER,5266.70833333333,247.0,80.062
PER,5277.863888888886,251.0,80.062
PER,5297.697222222219,255.0,80.062
PER,5320.897222222219,261.0,80.062
PER,5338.497222222219,264.0,80.062
PER,5356.430555555553,269.0,80.062
PER,5371.541666666664,272.0,80.062
PER,5386.819444444441,275.0,80.062
PER,5414.619444444441,278.0,80.062
PER,5446.286111111108,285.0,80.062
PER,5462.286111111108,288.0,80.062
PER,5498.097222222219,293.0,80.062
PER,5521.041666666663,295.0,80.062
PER,5534.241666666663,297.0,80.062
PER,5557.652777777775,301.0,80.062
PER,5571.074999999996,302.0,80.062
PER,5584.630555555553,305.0,80.062
PER,5615.330555555553,307.0,80.062
PER,5629.019444444441,308.0,80.062
PER,5649.6861111111075,310.0,80.062
PER,5663.463888888885,310.0,80.062
PER,5687.730555555551,312.0,80.062
PER,5719.117499999996,313.0,80.062
ALB,20.605,317.0,80.299
ALB,56.382777777777775,322.0,80.299
ALB,77.98277777777777,324.0,80.299
ALB,92.42722222222221,325.0,80.299
ALB,114.22722222222221,327.0,80.299
ALB,139.8161111111111,329.0,80.299
ALB,161.72444444444443,330.0,80.299
ALB,180.1688888888889,332.0,80.299
ALB,209.76888888888888,333.0,80.299
ALB,232.03555555555553,334.0,80.299
ALB,254.36888888888888,335.0,80.299
ALB,284.3244444444444,337.0,80.299
ALB,299.34666666666664,338.0,80.299
ALB,314.4133333333333,339.0,80.299
ALB,333.3022222222222,340.0,80.299
ALB,348.41333333333336,340.0,80.299
ALB,371.1466666666667,341.0,80.299
ALB,393.94666666666666,342.0,80.299
ALB,412.94666666666666,342.0,80.299
ALB,435.90861111111116,343.0,80.299
ALB,462.58638888888885,343.0,80.299
ALB,496.9863888888889,344.0,80.299
ALB,516.1530555555555,345.0,80.299
ALB,535.3752777777777,346.0,80.299
ALB,569.9752777777777,346.0,80.299
ALB,585.3974999999999,347.0,80.299
ALB,620.1975,348.0,80.299
ALB,635.6641666666666,348.0,80.299
ALB,678.1975,348.0,80.299
ALB,720.6086111111111,347.0,80.299
ALB,736.0308333333332,347.0,80.299
ALB,755.2530555555555,346.0,80.299
ALB,787.7624999999999,326.0,80.299
ALB,800.6069444444444,289.0,80.299
ALB,819.1180555555554,238.0,80.299
ALB,829.1180555555554,225.0,80.299
ALB,837.9624999999999,199.0,80.299
ALB,849.6958333333332,176.0,80.299
ALB,858.3624999999998,156.0,80.299
ALB,867.6291666666665,139.0,80.299
ALB,874.2958333333331,120.0,80.299
ALB,881.6958333333331,111.0,80.299
ALB,891.495833333333,98.0,80.299
ALB,896.884722222222,97.0,80.299
ALB,901.1958333333331,97.0,80.299
ALB,908.7749999999997,85.0,80.299
ALB,915.1527777777775,82.0,80.299
ALB,920.8194444444441,85.0,80.299
ALB,927.9305555555552,80.0,80.299
ALB,934.508333333333,74.0,80.299
ALB,940.908333333333,72.0,80.299
ALB,949.4638888888885,77.0,80.299
ALB,958.0638888888885,86.0,80.299
ALB,963.1194444444441,91.0,80.299
ALB,976.3194444444441,108.0,80.299
ALB,981.608333333333,119.0,80.299
ALB,987.1194444444441,124.0,80.299
ALB,1000.1861111111108,147.0,80.299
ALB,1008.9199999999996,158.0,80.299
ALB,1018.253333333333,168.0,80.299
ALB,1025.7199999999996,168.0,80.299
ALB,1042.2533333333329,186.0,80.299
ALB,1053.0866666666664,195.0,80.299
ALB,1071.753333333333,210.0,80.299
ALB,1096.5311111111107,223.0,80.299
ALB,1119.7311111111107,232.0,80.299
ALB,1143.931111111111,242.0,80.299
ALB,1157.6533333333332,247.0,80.299
ALB,1171.6533333333332,252.0,80.299
ALB,1182.9680555555556,253.0,80.299
ALB,1206.2569444444446,262.0,80.299
ALB,1223.923611111111,265.0,80.299
ALB,1248.0125,271.0,80.299
ALB,1260.1902777777777,274.0,80.299
ALB,1284.901388888889,278.0,80.299
ALB,1310.0569444444445,283.0,80.299
ALB,1332.3013888888888,286.0,80.299
ALB,1364.6347222222223,291.0,80.299
ALB,1393.9347222222223,293.0,80.299
ALB,1407.0458333333333,295.0,80.299
ALB,1433.5347222222222,298.0,80.299
ALB,1446.8680555555554,300.0,80.299
ALB,1463.5902777777776,301.0,80.299
ALB,1480.3680555555554,302.0,80.299
ALB,1500.5502777777776,304.0,80.299
ALB,1520.9502777777775,306.0,80.299
ALB,1538.0058333333334,307.0,80.299
ALB,1565.383611111111,308.0,80.299
ALB,1582.6058333333333,310.0,80.299
ALB,1606.8724999999997,312.0,80.299
ALB,1627.6725,312.0,80.299
ALB,1648.605833333333,314.0,80.299
ALB,1676.605833333333,315.0,80.299
ALB,1704.694722222222,316.0,80.299
ALB,1732.9605555555554,317.0,80.299
ALB,1757.7716666666663,319.0,80.299
ALB,1793.438333333333,321.0,80.299
ALB,1811.2716666666663,321.0,80.299
ALB,1843.5716666666663,323.0,80.299
ALB,1857.9272222222219,323.0,80.299
ALB,1872.327222222222,324.0,80.299
ALB,1890.327222222222,324.0,80.299
ALB,1919.127222222222,324.0,80.299
ALB,1958.727222222222,324.0,80.299
ALB,1983.849444444444,323.0,80.299
ALB,2011.0494444444444,272.0,80.299
ALB,2030.9605555555554,224.0,80.299
ALB,2044.2938888888887,200.0,80.299
ALB,2057.2363888888885,167.0,80.299
ALB,2066.8363888888885,144.0,80.299
ALB,2075.7030555555552,133.0,80.299
ALB,2086.5474999999997,122.0,80.299
ALB,2097.7474999999995,112.0,80.299
ALB,2106.303055555555,110.0,80.299
ALB,2112.4141666666665,110.0,80.299
ALB,2118.7475,114.0,80.299
ALB,2129.6808333333333,123.0,80.299
ALB,2139.75,129.0,80.299
ALB,2146.972222222222,130.0,80.299
ALB,2160.072222222222,131.0,80.299
ALB,2167.85,140.0,80.299
ALB,2174.5166666666664,150.0,80.299
ALB,2187.272222222222,164.0,80.299
ALB,2194.827777777777,170.0,80.299
ALB,2208.9833333333327,182.0,80.299
ALB,2224.0722222222216,194.0,80.299
ALB,2235.2388888888886,201.0,80.299
ALB,2254.0833333333326,212.0,80.299
ALB,2263.772222222222,218.0,80.299
ALB,2276.2166666666667,224.0,80.299
ALB,2288.8277777777776,227.0,80.299
ALB,2318.1611111111106,240.0,80.299
ALB,2337.372222222222,247.0,80.299
ALB,2357.0499999999997,253.0,80.299
ALB,2374.0455555555554,256.0,80.299
ALB,2385.6011111111106,260.0,80.299
ALB,2400.1566666666663,262.0,80.299
ALB,2420.378888888888,260.0,80.299
ALB,2443.5788888888883,232.0,80.299
ALB,2460.5344444444436,218.0,80.299
ALB,2474.60111111111,211.0,80.299
ALB,2488.267777777777,205.0,80.299
ALB,2501.4677777777774,198.0,80.299
ALB,2514.6677777777772,198.0,80.299
ALB,2527.9897222222216,199.0,80.299
ALB,2539.2674999999995,203.0,80.299
ALB,2555.523055555555,209.0,80.299
ALB,2564.9008333333327,211.0,80.299
ALB,2574.411944444444,214.0,80.299
ALB,2584.100833333333,218.0,80.299
ALB,2601.8341666666665,228.0,80.299
ALB,2612.1452777777777,232.0,80.299
ALB,2622.5452777777773,234.0,80.299
ALB,2635.7119444444443,237.0,80.299
ALB,2648.878611111111,237.0,80.299
ALB,2671.189722222222,251.0,80.299
ALB,2688.189722222222,255.0,80.299
ALB,2705.3230555555556,257.0,80.299
ALB,2722.789722222222,262.0,80.299
ALB,2740.589722222222,267.0,80.299
ALB,2760.3452777777775,254.0,80.299
ALB,2784.234166666666,215.0,80.299
ALB,2795.511944444444,203.0,80.299
ALB,2812.525277777777,192.0,80.299
ALB,2829.325277777777,189.0,80.299
ALB,2837.325277777777,180.0,80.299
ALB,2851.5586111111106,183.0,80.299
ALB,2862.0586111111106,189.0,80.299
ALB,2877.5363888888883,199.0,80.299
ALB,2898.3363888888885,208.0,80.299
ALB,2907.8475,214.0,80.299
ALB,2925.331944444444,224.0,80.299
ALB,2940.5986111111106,229.0,80.299
ALB,2959.109722222222,238.0,80.299
ALB,2975.3097222222223,243.0,80.299
ALB,2994.598611111111,248.0,80.299
ALB,3011.5319444444444,254.0,80.299
ALB,3028.931944444444,261.0,80.299
ALB,3049.698611111111,267.0,80.299
ALB,3076.998611111111,273.0,80.299
ALB,3107.998611111111,279.0,80.299
ALB,3133.4208333333336,286.0,80.299
ALB,3159.2875000000004,291.0,80.299
ALB,3175.620833333334,294.0,80.299
ALB,3192.1208333333343,297.0,80.299
ALB,3225.67638888889,302.0,80.299
ALB,3239.143055555556,303.0,80.299
ALB,3259.5244444444456,307.0,80.299
ALB,3273.213333333334,308.0,80.299
ALB,3294.0133333333342,312.0,80.299
ALB,3314.9466666666676,314.0,80.299
ALB,3346.7466666666674,318.0,80.299
ALB,3378.7466666666674,320.0,80.299
ALB,3400.28,323.0,80.299
ALB,3418.335555555556,325.0,80.299
ALB,3432.7800000000007,325.0,80.299
ALB,3461.9375000000005,327.0,80.299
ALB,3483.9375000000005,330.0,80.299
ALB,3509.759722222222,332.0,80.299
ALB,3535.659722222222,333.0,80.299
ALB,3561.715277777778,335.0,80.299
ALB,3580.326388888889,335.0,80.299
ALB,3614.026388888889,337.0,80.299
ALB,3655.3374999999996,338.0,80.299
ALB,3670.4041666666667,339.0,80.299
ALB,3693.004166666666,339.0,80.299
ALB,3734.3152777777777,338.0,80.299
ALB,3756.781944444444,337.0,80.299
ALB,3779.3152777777773,338.0,80.299
ALB,3804.8263888888887,328.0,80.299
ALB,3837.7597222222216,247.0,80.299
ALB,3860.813055555555,208.0,80.299
ALB,3877.8797222222215,192.0,80.299
ALB,3886.1908333333326,187.0,80.299
ALB,3898.457499999999,184.0,80.299
ALB,3908.735277777777,185.0,80.299
ALB,3921.26861111111,188.0,80.299
ALB,3946.0797222222213,203.0,80.299
ALB,3972.4172222222214,215.0,80.299
ALB,3982.1061111111103,218.0,80.299
ALB,3992.1061111111107,225.0,80.299
ALB,4009.839444444444,228.0,80.299
ALB,4022.728333333333,232.0,80.299
ALB,4049.506111111111,241.0,80.299
ALB,4066.172777777778,250.0,80.299
ALB,4080.172777777778,252.0,80.299
ALB,4097.172777777778,255.0,80.299
ALB,4114.506111111111,260.0,80.299
ALB,4129.0616666666665,262.0,80.299
ALB,4152.706111111111,266.0,80.299
ALB,4167.650555555555,269.0,80.299
ALB,4188.961666666666,274.0,80.299
ALB,4216.761666666666,278.0,80.299
ALB,4229.295,282.0,80.299
ALB,4245.072777777777,284.0,80.299
ALB,4267.472777777777,288.0,80.299
ALB,4280.272777777776,288.0,80.299
ALB,4299.80611111111,293.0,80.299
ALB,4316.168333333332,296.0,80.299
ALB,4336.034999999999,298.0,80.299
ALB,4355.901666666666,298.0,80.299
ALB,4372.679444444443,302.0,80.299
ALB,4389.512777777777,303.0,80.299
ALB,4409.912777777778,306.0,80.299
ALB,4433.868333333333,308.0,80.299
ALB,4454.534999999999,310.0,80.299
ALB,4478.888333333332,312.0,80.299
ALB,4506.799444444444,314.0,80.299
ALB,4524.355,316.0,80.299
ALB,4541.96611111111,317.0,80.299
ALB,4566.6994444444435,318.0,80.299
ALB,4598.599444444443,319.0,80.299
ALB,4634.3772222222215,322.0,80.299
ALB,4659.499444444444,323.0,80.299
ALB,4677.499444444444,324.0,80.299
ALB,4699.16611111111,325.0,80.299
ALB,4717.277222222221,326.0,80.299
ALB,4735.443888888888,327.0,80.299
ALB,4764.510555555554,327.0,80.299
ALB,4782.677222222221,327.0,80.299
ALB,4808.188333333332,328.0,80.299
ALB,4822.766111111109,328.0,80.299
ALB,4841.0438888888875,329.0,80.299
ALB,4859.321666666666,329.0,80.299
ALB,4895.785833333332,329.0,80.299
ALB,4917.719166666665,329.0,80.299
ALB,4946.87472222222,328.0,80.299
ALB,4975.941388888888,327.0,80.299
ALB,4999.974722222221,309.0,80.299
ALB,5020.741388888888,267.0,80.299
ALB,5034.574722222222,249.0,80.299
ALB,5050.306666666666,235.0,80.299
ALB,5067.339999999999,219.0,80.299
ALB,5079.173333333333,213.0,80.299
ALB,5097.128888888889,202.0,80.299
ALB,5110.328888888889,198.0,80.299
ALB,5123.262222222223,194.0,80.299
ALB,5145.5955555555565,201.0,80.299
ALB,5157.040000000001,206.0,80.299
ALB,5176.062222222223,214.0,80.299
ALB,5198.362222222223,223.0,80.299
ALB,5221.462222222223,231.0,80.299
ALB,5239.895555555557,237.0,80.299
ALB,5255.895555555558,240.0,80.299
ALB,5274.951111111113,245.0,80.299
ALB,5288.784444444445,249.0,80.299
ALB,5308.617777777778,255.0,80.299
ALB,5323.006666666667,259.0,80.299
ALB,5349.506666666667,265.0,80.299
ALB,5361.255000000001,266.0,80.299
ALB,5379.321666666668,271.0,80.299
ALB,5397.588333333334,274.0,80.299
ALB,5431.810555555558,280.0,80.299
ALB,5444.388333333335,283.0,80.299
ALB,5476.468333333335,288.0,80.299
ALB,5492.579444444446,290.0,80.299
ALB,5505.601666666668,293.0,80.299
ALB,5522.046111111113,296.0,80.299
ALB,5538.601666666668,298.0,80.299
ALB,5558.601666666668,300.0,80.299
ALB,5575.379444444447,302.0,80.299
ALB,5595.646111111113,304.0,80.299
ALB,5629.757222222224,307.0,80.299
ALB,5643.490555555557,309.0,80.299
ALB,5674.690555555557,312.0,80.299
ALB,5692.0794444444455,313.0,80.299
ALB,5709.52388888889,314.0,80.299
ALB,5730.52388888889,315.0,80.299
HUL,3.1999999999999997,320.0,80.339
HUL,31.911111111111108,323.0,80.339
HUL,64.3111111111111,324.0,80.339
HUL,85.97777777777776,325.0,80.339
HUL,107.9111111111111,329.0,80.339
HUL,130.06972222222223,331.0,80.339
HUL,148.51416666666665,332.0,80.339
HUL,182.01416666666665,335.0,80.339
HUL,200.5697222222222,334.0,80.339
HUL,238.01416666666663,337.0,80.339
HUL,264.3030555555555,338.0,80.339
HUL,279.36972222222215,339.0,80.339
HUL,305.7363888888888,339.0,80.339
HUL,328.4697222222221,341.0,80.339
HUL,351.26972222222213,342.0,80.339
HUL,366.42527777777764,341.0,80.339
HUL,393.02527777777766,342.0,80.339
HUL,412.02527777777766,342.0,80.339
HUL,427.26972222222213,343.0,80.339
HUL,450.1074999999999,344.0,80.339
HUL,473.10749999999985,345.0,80.339
HUL,488.4408333333332,345.0,80.339
HUL,503.7741666666666,345.0,80.339
HUL,538.3741666666666,346.0,80.339
HUL,565.2852777777777,346.0,80.339
HUL,588.418611111111,347.0,80.339
HUL,619.4408333333332,349.0,80.339
HUL,638.8297222222221,349.0,80.339
HUL,658.1630555555555,348.0,80.339
HUL,677.4963888888888,348.0,80.339
HUL,704.5630555555555,348.0,80.339
HUL,723.8408333333333,347.0,80.339
HUL,743.0074999999999,345.0,80.339
HUL,762.1583333333332,343.0,80.339
HUL,783.6249999999999,322.0,80.339
HUL,802.9583333333333,290.0,80.339
HUL,822.1694444444444,247.0,80.339
HUL,833.8916666666667,211.0,80.339
HUL,846.4916666666666,189.0,80.339
HUL,861.2916666666666,148.0,80.339
HUL,869.5138888888888,148.0,80.339
HUL,877.4472222222222,119.0,80.339
HUL,888.8916666666667,103.0,80.339
HUL,895.1583333333333,94.0,80.339
HUL,899.3361111111111,94.0,80.339
HUL,905.2694444444445,89.0,80.339
HUL,911.6472222222222,82.0,80.339
HUL,917.0911111111111,82.0,80.339
HUL,921.8688888888889,86.0,80.339
HUL,929.3355555555556,84.0,80.339
HUL,934.668888888889,80.0,80.339
HUL,939.7355555555556,76.0,80.339
HUL,946.4022222222222,75.0,80.339
HUL,949.9133333333333,79.0,80.339
HUL,953.5133333333333,81.0,80.339
HUL,958.1800000000001,84.0,80.339
HUL,962.0911111111111,88.0,80.339
HUL,968.0911111111111,90.0,80.339
HUL,974.5577777777778,97.0,80.339
HUL,980.7244444444445,111.0,80.339
HUL,988.4900000000001,116.0,80.339
HUL,999.1455555555557,137.0,80.339
HUL,1015.1455555555557,160.0,80.339
HUL,1024.6455555555558,171.0,80.339
HUL,1034.5900000000001,179.0,80.339
HUL,1053.89,193.0,80.339
HUL,1062.6455555555556,197.0,80.339
HUL,1083.8455555555556,212.0,80.339
HUL,1093.4011111111113,215.0,80.339
HUL,1121.267777777778,228.0,80.339
HUL,1151.0900000000001,244.0,80.339
HUL,1161.9344444444446,244.0,80.339
HUL,1175.7122222222224,248.0,80.339
HUL,1201.540277777778,259.0,80.339
HUL,1213.229166666667,263.0,80.339
HUL,1233.9180555555556,266.0,80.339
HUL,1245.8291666666667,268.0,80.339
HUL,1257.9625,273.0,80.339
HUL,1276.3625000000002,276.0,80.339
HUL,1291.8625000000002,279.0,80.339
HUL,1310.5958333333333,281.0,80.339
HUL,1326.3736111111114,284.0,80.339
HUL,1345.5736111111112,288.0,80.339
HUL,1374.473611111111,289.0,80.339
HUL,1390.8625,295.0,80.339
HUL,1404.0625,297.0,80.339
HUL,1430.7233333333334,299.0,80.339
HUL,1454.1344444444446,301.0,80.339
HUL,1474.401111111111,304.0,80.339
HUL,1501.69,307.0,80.339
HUL,1529.1566666666668,309.0,80.339
HUL,1556.8011111111111,311.0,80.339
HUL,1591.6899999999998,314.0,80.339
HUL,1623.2899999999997,316.0,80.339
HUL,1640.901111111111,317.0,80.339
HUL,1679.8899999999996,319.0,80.339
HUL,1694.1566666666663,321.0,80.339
HUL,1708.423333333333,321.0,80.339
HUL,1736.9566666666663,321.0,80.339
HUL,1754.7561111111108,322.0,80.339
HUL,1772.7005555555552,323.0,80.339
HUL,1787.1005555555553,324.0,80.339
HUL,1816.0783333333331,326.0,80.339
HUL,1834.1338888888886,325.0,80.339
HUL,1863.2894444444441,328.0,80.339
HUL,1899.7338888888885,328.0,80.339
HUL,1932.7338888888885,330.0,80.339
HUL,1965.6338888888888,329.0,80.339
HUL,1983.8005555555553,327.0,80.339
HUL,2001.5227777777775,319.0,80.339
HUL,2014.4922222222222,290.0,80.339
HUL,2037.6922222222222,261.0,80.339
HUL,2051.6255555555554,209.0,80.339
HUL,2067.9811111111107,184.0,80.339
HUL,2074.9588888888884,157.0,80.339
HUL,2087.1366666666663,137.0,80.339
HUL,2098.1588888888887,124.0,80.339
HUL,2107.2588888888886,117.0,80.339
HUL,2119.37,109.0,80.339
HUL,2130.77,114.0,80.339
HUL,2135.97,117.0,80.339
HUL,2146.7255555555553,121.0,80.339
HUL,2152.014444444444,119.0,80.339
HUL,2158.9033333333327,124.0,80.339
HUL,2166.0699999999993,129.0,80.339
HUL,2174.9661111111104,134.0,80.339
HUL,2184.4994444444437,143.0,80.339
HUL,2193.2772222222216,158.0,80.339
HUL,2208.5661111111103,172.0,80.339
HUL,2218.399444444444,177.0,80.339
HUL,2233.488333333333,194.0,80.339
HUL,2246.6883333333326,198.0,80.339
HUL,2260.3549999999996,205.0,80.339
HUL,2279.377222222222,214.0,80.339
HUL,2299.8216666666663,230.0,80.339
HUL,2320.954166666666,237.0,80.339
HUL,2340.0097222222216,245.0,80.339
HUL,2368.3430555555547,255.0,80.339
HUL,2382.5652777777773,256.0,80.339
HUL,2408.665277777777,261.0,80.339
HUL,2420.3541666666665,263.0,80.339
HUL,2431.8208333333328,258.0,80.339
HUL,2445.3763888888884,244.0,80.339
HUL,2465.3763888888884,225.0,80.339
HUL,2491.2874999999995,212.0,80.339
HUL,2507.309722222222,206.0,80.339
HUL,2527.4097222222217,201.0,80.339
HUL,2545.3652777777775,202.0,80.339
HUL,2559.365277777777,210.0,80.339
HUL,2576.0277777777774,215.0,80.339
HUL,2590.361111111111,215.0,80.339
HUL,2605.427777777777,226.0,80.339
HUL,2626.0499999999993,232.0,80.339
HUL,2650.5499999999993,245.0,80.339
HUL,2670.0722222222216,251.0,80.339
HUL,2684.0722222222216,252.0,80.339
HUL,2698.5166666666664,260.0,80.339
HUL,2721.9833333333327,264.0,80.339
HUL,2742.8241666666663,267.0,80.339
HUL,2757.713055555555,268.0,80.339
HUL,2782.913055555555,252.0,80.339
HUL,2795.024166666666,218.0,80.339
HUL,2803.824166666666,198.0,80.339
HUL,2818.835277777777,193.0,80.339
HUL,2827.0574999999994,185.0,80.339
HUL,2841.1352777777774,181.0,80.339
HUL,2855.0574999999994,179.0,80.339
HUL,2865.1686111111107,182.0,80.339
HUL,2881.968611111111,189.0,80.339
HUL,2890.6352777777774,195.0,80.339
HUL,2901.7463888888888,200.0,80.339
HUL,2913.3019444444444,208.0,80.339
HUL,2940.5575,223.0,80.339
HUL,2958.135277777778,226.0,80.339
HUL,2975.713055555556,226.0,80.339
HUL,2992.0447222222224,246.0,80.339
HUL,3003.0225000000005,247.0,80.339
HUL,3016.966944444445,251.0,80.339
HUL,3036.7225000000003,254.0,80.339
HUL,3063.3225,266.0,80.339
HUL,3084.6336111111113,274.0,80.339
HUL,3103.0336111111114,276.0,80.339
HUL,3121.7002777777775,280.0,80.339
HUL,3140.7002777777775,285.0,80.339
HUL,3159.900277777778,288.0,80.339
HUL,3179.515,293.0,80.339
HUL,3195.9594444444438,296.0,80.339
HUL,3219.1372222222217,298.0,80.339
HUL,3232.603888888889,303.0,80.339
HUL,3246.070555555555,303.0,80.339
HUL,3259.6261111111107,305.0,80.339
HUL,3283.5816666666665,308.0,80.339
HUL,3297.359444444444,310.0,80.339
HUL,3311.181666666666,311.0,80.339
HUL,3328.570555555555,313.0,80.339
HUL,3346.0705555555555,315.0,80.339
HUL,3374.3372222222224,318.0,80.339
HUL,3395.737222222222,321.0,80.339
HUL,3417.3372222222224,324.0,80.339
HUL,3439.070555555556,326.0,80.339
HUL,3460.9372222222228,328.0,80.339
HUL,3486.5261111111113,329.0,80.339
HUL,3523.637222222223,334.0,80.339
HUL,3542.1927777777782,334.0,80.339
HUL,3571.8775000000005,335.0,80.339
HUL,3601.8330555555563,337.0,80.339
HUL,3616.810833333334,337.0,80.339
HUL,3643.0997222222227,338.0,80.339
HUL,3661.8775000000005,338.0,80.339
HUL,3688.2441666666673,339.0,80.339
HUL,3722.2441666666673,340.0,80.339
HUL,3737.3997222222224,341.0,80.339
HUL,3764.016666666667,341.0,80.339
HUL,3786.683333333334,340.0,80.339
HUL,3813.0500000000006,339.0,80.339
HUL,3833.383333333334,305.0,80.339
HUL,3853.5277777777783,259.0,80.339
HUL,3869.0611111111116,233.0,80.339
HUL,3882.594444444445,203.0,80.339
HUL,3897.4500000000007,191.0,80.339
HUL,3915.4500000000007,180.0,80.339
HUL,3935.5611111111116,181.0,80.339
HUL,3952.183333333334,187.0,80.339
HUL,3969.8722222222227,199.0,80.339
HUL,3981.2611111111114,205.0,80.339
HUL,3992.9277777777784,210.0,80.339
HUL,4017.3722222222227,220.0,80.339
HUL,4027.3277777777785,224.0,80.339
HUL,4042.398055555556,227.0,80.339
HUL,4052.7536111111117,233.0,80.339
HUL,4068.5536111111114,237.0,80.339
HUL,4084.8202777777783,244.0,80.339
HUL,4109.820277777778,250.0,80.339
HUL,4135.2202777777775,254.0,80.339
HUL,4152.5536111111105,260.0,80.339
HUL,4167.164722222222,263.0,80.339
HUL,4178.8980555555545,264.0,80.339
HUL,4203.151388888888,272.0,80.339
HUL,4221.351388888887,273.0,80.339
HUL,4242.895833333332,277.0,80.339
HUL,4264.906944444443,283.0,80.339
HUL,4287.229166666665,287.0,80.339
HUL,4303.1736111111095,287.0,80.339
HUL,4332.573611111109,294.0,80.339
HUL,4369.118055555554,299.0,80.339
HUL,4382.451388888887,300.0,80.339
HUL,4402.718055555553,304.0,80.339
HUL,4440.240277777775,307.0,80.339
HUL,4460.840277777776,309.0,80.339
HUL,4481.573611111108,311.0,80.339
HUL,4505.840277777775,312.0,80.339
HUL,4547.973611111109,316.0,80.339
HUL,4583.329444444442,319.0,80.339
HUL,4611.684999999997,319.0,80.339
HUL,4625.951666666664,321.0,80.339
HUL,4647.41833333333,322.0,80.339
HUL,4665.362777777775,323.0,80.339
HUL,4687.029444444441,325.0,80.339
HUL,4726.873888888885,326.0,80.339
HUL,4766.931388888885,327.0,80.339
HUL,4781.4647222222175,327.0,80.339
HUL,4796.042499999996,328.0,80.339
HUL,4821.709166666661,330.0,80.339
HUL,4840.042499999995,330.0,80.339
HUL,4877.042499999996,333.0,80.339
HUL,4899.242499999996,333.0,80.339
HUL,4917.798055555551,334.0,80.339
HUL,4939.931388888885,332.0,80.339
HUL,4962.064722222219,332.0,80.339
HUL,4980.342499999997,329.0,80.339
HUL,5009.498055555552,328.0,80.339
HUL,5026.831388888886,312.0,80.339
HUL,5049.231388888886,288.0,80.339
HUL,5074.531388888886,253.0,80.339
HUL,5085.286944444441,242.0,80.339
HUL,5098.06472222222,230.0,80.339
HUL,5115.098055555553,219.0,80.339
HUL,5124.475833333331,211.0,80.339
HUL,5138.4091666666645,209.0,80.339
HUL,5149.519999999998,201.0,80.339
HUL,5162.3866666666645,193.0,80.339
HUL,5175.453333333331,196.0,80.339
HUL,5186.675555555554,202.0,80.339
HUL,5198.119999999998,206.0,80.339
HUL,5212.3866666666645,214.0,80.339
HUL,5229.575555555553,221.0,80.339
HUL,5244.775555555553,228.0,80.339
HUL,5263.0405555555535,234.0,80.339
HUL,5284.5516666666645,242.0,80.339
HUL,5298.162777777776,245.0,80.339
HUL,5311.940555555554,248.0,80.339
HUL,5331.773888888887,255.0,80.339
HUL,5357.773888888887,260.0,80.339
HUL,5387.662777777777,269.0,80.339
HUL,5408.89611111111,273.0,80.339
HUL,5424.229444444442,276.0,80.339
HUL,5442.829444444443,279.0,80.339
HUL,5458.49611111111,282.0,80.339
HUL,5474.273888888886,284.0,80.339
HUL,5499.962777777776,289.0,80.339
HUL,5516.29611111111,294.0,80.339
HUL,5539.240555555554,295.0,80.339
HUL,5552.396111111109,296.0,80.339
HUL,5569.062777777776,300.0,80.339
HUL,5585.784999999998,301.0,80.339
HUL,5619.589166666665,305.0,80.339
HUL,5640.055833333332,307.0,80.339
HUL,5667.789166666665,312.0,80.339
HUL,5695.611388888888,313.0,80.339
HUL,5720.189166666665,316.0,80.339
HUL,5744.922499999997,318.0,80.339
HUL,5762.589166666664,318.0,80.339
ALO,14.534166666666668,321.0,80.421
ALO,36.067499999999995,323.0,80.421
ALO,76.03416666666666,327.0,80.421
ALO,101.62305555555555,329.0,80.421
ALO,123.75638888888888,332.0,80.421
ALO,142.25638888888886,333.0,80.421
ALO,157.10083333333333,334.0,80.421
ALO,175.65638888888887,334.0,80.421
ALO,205.51833333333332,337.0,80.421
ALO,220.54055555555556,338.0,80.421
ALO,250.76277777777776,340.0,80.421
ALO,281.07388888888886,341.0,80.421
ALO,303.94055555555553,343.0,80.421
ALO,345.98499999999996,344.0,80.421
ALO,365.15166666666664,345.0,80.421
ALO,384.3738888888888,346.0,80.421
ALO,399.7516666666666,346.0,80.421
ALO,415.2183333333333,348.0,80.421
ALO,438.4183333333333,348.0,80.421
ALO,473.3183333333332,349.0,80.421
ALO,504.5266666666666,350.0,80.421
ALO,520.0822222222221,350.0,80.421
ALO,547.3822222222221,351.0,80.421
ALO,574.76,352.0,80.421
ALO,610.06,353.0,80.421
ALO,625.7488888888888,353.0,80.421
ALO,661.0488888888889,353.0,80.421
ALO,680.7155555555555,354.0,80.421
ALO,716.0155555555555,353.0,80.421
ALO,735.571111111111,352.0,80.421
ALO,755.071111111111,351.0,80.421
ALO,770.671111111111,351.0,80.421
ALO,796.9822222222222,296.0,80.421
ALO,814.3822222222221,261.0,80.421
ALO,827.096111111111,230.0,80.421
ALO,839.6294444444443,188.0,80.421
ALO,847.496111111111,177.0,80.421
ALO,854.6961111111109,162.0,80.421
ALO,861.5849999999998,155.0,80.421
ALO,867.7183333333331,138.0,80.421
ALO,880.1627777777776,112.0,80.421
ALO,891.496111111111,102.0,80.421
ALO,896.7738888888887,95.0,80.421
ALO,905.4738888888887,87.0,80.421
ALO,909.2516666666666,85.0,80.421
ALO,913.8072222222221,82.0,80.421
ALO,918.196111111111,79.0,80.421
ALO,924.7527777777777,84.0,80.421
ALO,928.3972222222222,82.0,80.421
ALO,938.5305555555556,76.0,80.421
ALO,941.775,73.0,80.421
ALO,947.9083333333333,69.0,80.421
ALO,952.8416666666667,74.0,80.421
ALO,958.9861111111112,79.0,80.421
ALO,964.8527777777779,88.0,80.421
ALO,969.963888888889,92.0,80.421
ALO,983.4083333333334,110.0,80.421
ALO,990.4083333333334,126.0,80.421
ALO,1001.6083333333333,144.0,80.421
ALO,1015.8305555555556,160.0,80.421
ALO,1023.3861111111112,170.0,80.421
ALO,1035.3361111111112,180.0,80.421
ALO,1052.7583333333334,196.0,80.421
ALO,1064.0916666666667,204.0,80.421
ALO,1083.113888888889,214.0,80.421
ALO,1108.3361111111114,227.0,80.421
ALO,1131.8361111111114,235.0,80.421
ALO,1156.3361111111114,245.0,80.421
ALO,1178.6472222222226,251.0,80.421
ALO,1207.313888888889,258.0,80.421
ALO,1236.8319444444446,265.0,80.421
ALO,1254.965277777778,272.0,80.421
ALO,1282.665277777778,277.0,80.421
ALO,1317.0097222222225,281.0,80.421
ALO,1329.6763888888888,285.0,80.421
ALO,1348.8097222222223,287.0,80.421
ALO,1368.076388888889,289.0,80.421
ALO,1394.2097222222224,294.0,80.421
ALO,1433.9430555555557,298.0,80.421
ALO,1453.8097222222225,298.0,80.421
ALO,1477.298611111111,302.0,80.421
ALO,1500.9430555555557,304.0,80.421
ALO,1517.858055555556,306.0,80.421
ALO,1555.5025,308.0,80.421
ALO,1589.9469444444446,310.0,80.421
ALO,1607.2247222222222,311.0,80.421
ALO,1624.5025,311.0,80.421
ALO,1648.8469444444445,313.0,80.421
ALO,1680.2469444444444,314.0,80.421
ALO,1701.313611111111,316.0,80.421
ALO,1729.5802777777776,318.0,80.421
ALO,1754.3913888888887,319.0,80.421
ALO,1790.0358333333331,320.0,80.421
ALO,1815.0802777777776,322.0,80.421
ALO,1832.9691666666665,322.0,80.421
ALO,1861.5913888888888,322.0,80.421
ALO,1890.124722222222,321.0,80.421
ALO,1922.124722222222,320.0,80.421
ALO,1957.6802777777775,320.0,80.421
ALO,1971.9024999999997,320.0,80.421
ALO,1993.1691666666666,319.0,80.421
ALO,2014.7136111111108,277.0,80.421
ALO,2036.3136111111107,243.0,80.421
ALO,2053.735833333333,196.0,80.421
ALO,2062.5691666666667,159.0,80.421
ALO,2072.0627777777777,143.0,80.421
ALO,2079.3405555555555,131.0,80.421
ALO,2092.2294444444447,116.0,80.421
ALO,2105.5516666666667,109.0,80.421
ALO,2116.0516666666667,105.0,80.421
ALO,2122.162777777778,110.0,80.421
ALO,2127.1850000000004,113.0,80.421
ALO,2140.740555555556,122.0,80.421
ALO,2152.029444444445,127.0,80.421
ALO,2159.287777777778,130.0,80.421
ALO,2171.7322222222224,140.0,80.421
ALO,2187.8322222222223,161.0,80.421
ALO,2195.432222222222,171.0,80.421
ALO,2216.2100000000005,187.0,80.421
ALO,2229.1433333333334,194.0,80.421
ALO,2250.0433333333335,209.0,80.421
ALO,2277.176666666667,222.0,80.421
ALO,2289.8433333333337,228.0,80.421
ALO,2302.5100000000007,228.0,80.421
ALO,2318.443333333334,239.0,80.421
ALO,2331.9988888888893,244.0,80.421
ALO,2348.6655555555562,250.0,80.421
ALO,2359.776666666667,250.0,80.421
ALO,2394.310000000001,259.0,80.421
ALO,2414.6925000000006,263.0,80.421
ALO,2433.825833333334,246.0,80.421
ALO,2449.2925000000005,232.0,80.421
ALO,2472.848055555556,212.0,80.421
ALO,2482.0925000000007,208.0,80.421
ALO,2493.536944444445,206.0,80.421
ALO,2504.759166666667,202.0,80.421
ALO,2515.9258333333337,201.0,80.421
ALO,2531.4036111111113,199.0,80.421
ALO,2540.2480555555558,199.0,80.421
ALO,2551.5822222222223,203.0,80.421
ALO,2567.9933333333333,211.0,80.421
ALO,2636.46,237.0,80.421
ALO,2652.5933333333332,242.0,80.421
ALO,2663.5266666666666,246.0,80.421
ALO,2683.048888888889,251.0,80.421
ALO,2708.948888888889,259.0,80.421
ALO,2732.326666666667,263.0,80.421
ALO,2747.0488888888885,265.0,80.421
ALO,2764.3155555555554,259.0,80.421
ALO,2779.182222222222,223.0,80.421
ALO,2794.971111111111,203.0,80.421
ALO,2805.693333333333,193.0,80.421
ALO,2816.0266666666666,186.0,80.421
ALO,2826.1977777777774,184.0,80.421
ALO,2838.1977777777774,180.0,80.421
ALO,2852.5088888888886,184.0,80.421
ALO,2869.664444444444,193.0,80.421
ALO,2890.4644444444443,208.0,80.421
ALO,2899.842222222222,211.0,80.421
ALO,2919.3088888888888,219.0,80.421
ALO,2929.0422222222223,219.0,80.421
ALO,2952.6075,235.0,80.421
ALO,2971.274166666667,240.0,80.421
ALO,2982.1630555555557,245.0,80.421
ALO,3004.563055555556,252.0,80.421
ALO,3015.940833333334,256.0,80.421
ALO,3027.496388888889,260.0,80.421
ALO,3048.0297222222225,264.0,80.421
ALO,3059.940833333334,268.0,80.421
ALO,3075.1075000000005,273.0,80.421
ALO,3099.8186111111117,278.0,80.421
ALO,3121.829722222223,283.0,80.421
ALO,3134.4963888888897,285.0,80.421
ALO,3150.5519444444453,289.0,80.421
ALO,3166.829722222223,293.0,80.421
ALO,3193.2297222222232,297.0,80.421
ALO,3233.629722222223,303.0,80.421
ALO,3250.518611111112,304.0,80.421
ALO,3281.418611111112,309.0,80.421
ALO,3295.1963888888895,310.0,80.421
ALO,3322.9316666666673,313.0,80.421
ALO,3347.587222222223,317.0,80.421
ALO,3365.1983333333337,317.0,80.421
ALO,3386.598333333334,321.0,80.421
ALO,3422.598333333334,324.0,80.421
ALO,3440.709444444445,326.0,80.421
ALO,3458.876111111111,327.0,80.421
ALO,3484.542777777778,330.0,80.421
ALO,3521.5238888888894,332.0,80.421
ALO,3554.9238888888895,334.0,80.421
ALO,3584.7016666666673,335.0,80.421
ALO,3599.635,336.0,80.421
ALO,3622.101666666667,337.0,80.421
ALO,3637.079444444445,337.0,80.421
ALO,3655.8016666666667,337.0,80.421
ALO,3678.2683333333334,337.0,80.421
ALO,3719.335,336.0,80.421
ALO,3738.001666666667,336.0,80.421
ALO,3771.601666666667,336.0,80.421
ALO,3808.3794444444447,331.0,80.421
ALO,3822.4238888888895,316.0,80.421
ALO,3837.9794444444447,280.0,80.421
ALO,3849.0461111111117,249.0,80.421
ALO,3864.112777777778,226.0,80.421
ALO,3877.8461111111114,206.0,80.421
ALO,3886.944444444445,206.0,80.421
ALO,3897.6111111111118,192.0,80.421
ALO,3908.0000000000005,187.0,80.421
ALO,3926.3000000000006,183.0,80.421
ALO,3934.6555555555565,188.0,80.421
ALO,3943.18888888889,192.0,80.421
ALO,3956.4555555555567,199.0,80.421
ALO,3975.38888888889,213.0,80.421
ALO,3997.5502777777792,221.0,80.421
ALO,4015.128055555557,226.0,80.421
ALO,4035.750277777779,232.0,80.421
ALO,4054.339166666668,239.0,80.421
ALO,4075.939166666668,243.0,80.421
ALO,4092.6725000000015,251.0,80.421
ALO,4106.616944444446,251.0,80.421
ALO,4117.905833333335,254.0,80.421
ALO,4146.905833333335,261.0,80.421
ALO,4158.639166666669,264.0,80.421
ALO,4173.472500000002,267.0,80.421
ALO,4197.472500000002,270.0,80.421
ALO,4225.1725000000015,277.0,80.421
ALO,4240.728055555557,280.0,80.421
ALO,4253.216944444446,281.0,80.421
ALO,4265.8391666666685,284.0,80.421
ALO,4288.239166666668,288.0,80.421
ALO,4304.3502777777785,290.0,80.421
ALO,4320.572500000001,292.0,80.421
ALO,4346.712777777779,295.0,80.421
ALO,4359.868333333335,296.0,80.421
ALO,4383.201666666668,300.0,80.421
ALO,4399.923888888889,301.0,80.421
ALO,4423.490555555556,303.0,80.421
ALO,4454.190555555556,307.0,80.421
ALO,4488.635,310.0,80.421
ALO,4526.8550000000005,312.0,80.421
ALO,4544.243888888889,313.0,80.421
ALO,4575.743888888889,315.0,80.421
ALO,4607.3438888888895,316.0,80.421
ALO,4635.610555555556,318.0,80.421
ALO,4660.421666666667,319.0,80.421
ALO,4681.755000000001,320.0,80.421
ALO,4696.021666666667,321.0,80.421
ALO,4713.855000000001,321.0,80.421
ALO,4738.977222222224,323.0,80.421
ALO,4767.688333333334,323.0,80.421
ALO,4796.4883333333355,324.0,80.421
ALO,4825.377222222224,325.0,80.421
ALO,4857.977222222225,326.0,80.421
ALO,4876.1438888888915,327.0,80.421
ALO,4915.866111111113,325.0,80.421
ALO,4933.921666666669,325.0,80.421
ALO,4955.431666666669,324.0,80.421
ALO,4973.376111111113,323.0,80.421
ALO,4994.909444444446,323.0,80.421
ALO,5018.865000000002,308.0,80.421
ALO,5036.665000000001,267.0,80.421
ALO,5050.609444444445,251.0,80.421
ALO,5061.409444444445,243.0,80.421
ALO,5079.2061111111125,228.0,80.421
ALO,5104.995000000001,211.0,80.421
ALO,5116.3838888888895,205.0,80.421
ALO,5131.939444444445,200.0,80.421
ALO,5145.072777777778,197.0,80.421
ALO,5158.472777777778,201.0,80.421
ALO,5169.695000000001,202.0,80.421
ALO,5183.761666666667,211.0,80.421
ALO,5198.361666666668,219.0,80.421
ALO,5220.861666666668,225.0,80.421
ALO,5231.128333333334,231.0,80.421
ALO,5241.528333333334,234.0,80.421
ALO,5254.750555555556,238.0,80.421
ALO,5276.350555555557,243.0,80.421
ALO,5307.028333333335,251.0,80.421
ALO,5332.828333333335,258.0,80.421
ALO,5358.828333333335,260.0,80.421
ALO,5382.739444444445,269.0,80.421
ALO,5406.930277777778,273.0,80.421
ALO,5422.096944444445,273.0,80.421
ALO,5447.074722222223,281.0,80.421
ALO,5472.319166666668,284.0,80.421
ALO,5507.64138888889,289.0,80.421
ALO,5540.389722222223,294.0,80.421
ALO,5570.289722222223,299.0,80.421
ALO,5597.045277777779,301.0,80.421
ALO,5630.934166666667,305.0,80.421
ALO,5651.400833333334,307.0,80.421
ALO,5668.511944444445,308.0,80.421
ALO,5692.545277777779,309.0,80.421
ALO,5720.100833333334,310.0,80.421
ALO,5751.200833333334,311.0,80.421
RIC,6.241666666666668,321.0,80.479
RIC,38.74166666666667,325.0,80.479
RIC,64.09722222222223,326.0,80.479
RIC,96.99722222222223,329.0,80.479
RIC,111.6163888888889,331.0,80.479
RIC,133.74972222222223,332.0,80.479
RIC,167.2497222222222,335.0,80.479
RIC,182.13861111111112,335.0,80.479
RIC,200.80527777777777,336.0,80.479
RIC,227.09416666666664,338.0,80.479
RIC,245.92749999999998,339.0,80.479
RIC,272.3719444444444,340.0,80.479
RIC,295.10527777777776,341.0,80.479
RIC,333.10527777777776,342.0,80.479
RIC,371.3275,344.0,80.479
RIC,398.16083333333336,345.0,80.479
RIC,425.0719444444445,346.0,80.479
RIC,448.2052777777778,347.0,80.479
RIC,475.27194444444444,348.0,80.479
RIC,498.4719444444445,348.0,80.479
RIC,525.7133333333334,349.0,80.479
RIC,549.0466666666667,350.0,80.479
RIC,584.1466666666668,351.0,80.479
RIC,599.7466666666667,351.0,80.479
RIC,615.3466666666667,351.0,80.479
RIC,634.9022222222222,352.0,80.479
RIC,662.3577777777779,353.0,80.479
RIC,681.9133333333334,352.0,80.479
RIC,728.98,353.0,80.479
RIC,771.1727777777778,346.0,80.479
RIC,799.2727777777777,281.0,80.479
RIC,813.2727777777778,252.0,80.479
RIC,823.3616666666667,227.0,80.479
RIC,836.8283333333334,202.0,80.479
RIC,852.0283333333333,171.0,80.479
RIC,860.4172222222222,151.0,80.479
RIC,871.9727777777778,130.0,80.479
RIC,880.8394444444444,114.0,80.479
RIC,891.7283333333334,98.0,80.479
RIC,901.395,87.0,80.479
RIC,905.1727777777777,85.0,80.479
RIC,909.7838888888888,83.0,80.479
RIC,918.8949999999999,82.0,80.479
RIC,925.1949999999998,81.0,80.479
RIC,932.9163888888887,77.0,80.479
RIC,937.849722222222,74.0,80.479
RIC,941.1386111111109,74.0,80.479
RIC,944.3386111111109,72.0,80.479
RIC,948.449722222222,74.0,80.479
RIC,954.749722222222,81.0,80.479
RIC,962.6608333333331,89.0,80.479
RIC,968.8608333333332,93.0,80.479
RIC,976.2608333333332,111.0,80.479
RIC,982.9830555555553,121.0,80.479
RIC,993.2905555555553,133.0,80.479
RIC,999.6905555555553,144.0,80.479
RIC,1006.5794444444442,155.0,80.479
RIC,1013.7349999999998,161.0,80.479
RIC,1029.2905555555553,175.0,80.479
RIC,1043.9127777777776,188.0,80.479
RIC,1057.1794444444442,199.0,80.479
RIC,1075.757222222222,209.0,80.479
RIC,1090.157222222222,216.0,80.479
RIC,1107.657222222222,225.0,80.479
RIC,1131.357222222222,237.0,80.479
RIC,1147.4905555555554,242.0,80.479
RIC,1175.4905555555554,252.0,80.479
RIC,1204.379444444444,260.0,80.479
RIC,1231.1794444444442,268.0,80.479
RIC,1261.8113888888886,275.0,80.479
RIC,1289.8113888888886,280.0,80.479
RIC,1305.478055555555,282.0,80.479
RIC,1330.9002777777773,286.0,80.479
RIC,1360.0002777777772,291.0,80.479
RIC,1386.1336111111107,294.0,80.479
RIC,1412.5336111111108,297.0,80.479
RIC,1425.7780555555553,298.0,80.479
RIC,1442.5002777777775,301.0,80.479
RIC,1462.616111111111,303.0,80.479
RIC,1476.1272222222221,304.0,80.479
RIC,1496.527222222222,306.0,80.479
RIC,1527.327222222222,308.0,80.479
RIC,1541.1049999999998,310.0,80.479
RIC,1558.3827777777778,311.0,80.479
RIC,1600.2494444444446,314.0,80.479
RIC,1617.7494444444446,315.0,80.479
RIC,1649.4494444444447,317.0,80.479
RIC,1663.5827777777781,318.0,80.479
RIC,1681.2494444444446,318.0,80.479
RIC,1706.1383333333335,320.0,80.479
RIC,1723.9716666666668,321.0,80.479
RIC,1741.805,321.0,80.479
RIC,1766.9272222222223,323.0,80.479
RIC,1784.9272222222223,324.0,80.479
RIC,1806.6841666666667,325.0,80.479
RIC,1824.7952777777778,326.0,80.479
RIC,1842.9619444444443,327.0,80.479
RIC,1872.1174999999998,328.0,80.479
RIC,1904.9175,328.0,80.479
RIC,1923.1952777777776,329.0,80.479
RIC,1937.8174999999999,329.0,80.479
RIC,1952.4397222222221,329.0,80.479
RIC,1985.339722222222,329.0,80.479
RIC,2015.0397222222218,243.0,80.479
RIC,2035.5824999999998,206.0,80.479
RIC,2054.138055555555,167.0,80.479
RIC,2069.693611111111,140.0,80.479
RIC,2076.9713888888887,131.0,80.479
RIC,2092.8380555555555,119.0,80.479
RIC,2097.9491666666668,115.0,80.479
RIC,2104.2825000000003,114.0,80.479
RIC,2113.149166666667,114.0,80.479
RIC,2121.0825000000004,119.0,80.479
RIC,2127.971388888889,124.0,80.479
RIC,2136.371388888889,126.0,80.479
RIC,2146.0936111111114,125.0,80.479
RIC,2160.7602777777784,132.0,80.479
RIC,2168.538055555556,140.0,80.479
RIC,2182.448055555556,156.0,80.479
RIC,2197.648055555556,171.0,80.479
RIC,2209.781388888889,182.0,80.479
RIC,2220.1147222222226,186.0,80.479
RIC,2228.736944444445,194.0,80.479
RIC,2242.3369444444447,204.0,80.479
RIC,2254.059166666667,211.0,80.479
RIC,2284.1925000000006,226.0,80.479
RIC,2302.2369444444453,232.0,80.479
RIC,2318.170277777778,239.0,80.479
RIC,2334.436944444445,244.0,80.479
RIC,2348.0352777777784,246.0,80.479
RIC,2362.1463888888898,254.0,80.479
RIC,2379.34638888889,258.0,80.479
RIC,2390.94638888889,261.0,80.479
RIC,2411.635277777779,266.0,80.479
RIC,2434.7352777777787,231.0,80.479
RIC,2463.0019444444456,212.0,80.479
RIC,2480.9575000000013,202.0,80.479
RIC,2502.84638888889,197.0,80.479
RIC,2518.24638888889,198.0,80.479
RIC,2538.84638888889,206.0,80.479
RIC,2555.413055555556,213.0,80.479
RIC,2565.0730555555565,216.0,80.479
RIC,2577.2952777777787,220.0,80.479
RIC,2592.5619444444455,229.0,80.479
RIC,2602.7841666666677,230.0,80.479
RIC,2623.8508333333343,237.0,80.479
RIC,2634.5175000000013,240.0,80.479
RIC,2650.9841666666675,247.0,80.479
RIC,2667.717500000001,251.0,80.479
RIC,2690.5619444444455,257.0,80.479
RIC,2705.0619444444455,261.0,80.479
RIC,2722.728611111112,265.0,80.479
RIC,2740.6619444444455,269.0,80.479
RIC,2765.1619444444455,245.0,80.479
RIC,2786.8016666666676,217.0,80.479
RIC,2797.857222222223,199.0,80.479
RIC,2812.868333333334,193.0,80.479
RIC,2821.2238888888896,188.0,80.479
RIC,2845.490555555556,182.0,80.479
RIC,2859.879444444445,185.0,80.479
RIC,2870.546111111112,192.0,80.479
RIC,2884.2794444444453,206.0,80.479
RIC,2900.6905555555563,211.0,80.479
RIC,2917.646111111112,218.0,80.479
RIC,2932.7794444444457,227.0,80.479
RIC,2945.6683333333344,232.0,80.479
RIC,2966.735000000001,237.0,80.479
RIC,2980.414166666668,245.0,80.479
RIC,2994.1919444444457,248.0,80.479
RIC,3011.0586111111124,253.0,80.479
RIC,3028.458611111112,261.0,80.479
RIC,3045.9919444444454,263.0,80.479
RIC,3067.147500000001,272.0,80.479
RIC,3101.369722222223,280.0,80.479
RIC,3113.947500000001,283.0,80.479
RIC,3126.6141666666676,285.0,80.479
RIC,3142.6697222222233,289.0,80.479
RIC,3155.6030555555562,291.0,80.479
RIC,3175.069722222223,292.0,80.479
RIC,3194.9363888888897,298.0,80.479
RIC,3215.0697222222225,302.0,80.479
RIC,3228.496388888889,304.0,80.479
RIC,3245.4963888888897,306.0,80.479
RIC,3266.09638888889,309.0,80.479
RIC,3279.918611111112,311.0,80.479
RIC,3304.418611111112,315.0,80.479
RIC,3318.4186111111126,315.0,80.479
RIC,3339.685277777779,319.0,80.479
RIC,3357.5186111111125,321.0,80.479
RIC,3393.6297222222233,325.0,80.479
RIC,3437.363055555557,328.0,80.479
RIC,3470.5630555555567,332.0,80.479
RIC,3489.0630555555563,333.0,80.479
RIC,3522.6561111111123,335.0,80.479
RIC,3537.5894444444452,336.0,80.479
RIC,3560.1227777777785,338.0,80.479
RIC,3578.9561111111116,339.0,80.479
RIC,3594.0227777777786,339.0,80.479
RIC,3628.0227777777786,340.0,80.479
RIC,3646.9672222222234,341.0,80.479
RIC,3665.967222222223,342.0,80.479
RIC,3688.767222222223,342.0,80.479
RIC,3730.8116666666674,344.0,80.479
RIC,3757.4894444444453,343.0,80.479
RIC,3780.4227777777787,344.0,80.479
RIC,3798.089444444445,318.0,80.479
RIC,3811.511666666667,302.0,80.479
RIC,3826.5116666666668,270.0,80.479
RIC,3846.0947222222226,221.0,80.479
RIC,3855.916944444445,221.0,80.479
RIC,3873.1613888888896,194.0,80.479
RIC,3889.694722222223,186.0,80.479
RIC,3901.828055555556,182.0,80.479
RIC,3924.316944444445,184.0,80.479
RIC,3934.705833333334,187.0,80.479
RIC,3945.4836111111117,194.0,80.479
RIC,3954.5058333333336,203.0,80.479
RIC,3963.750277777778,208.0,80.479
RIC,3977.950277777778,213.0,80.479
RIC,4000.1502777777782,222.0,80.479
RIC,4020.569444444445,229.0,80.479
RIC,4030.8805555555555,232.0,80.479
RIC,4049.2361111111113,236.0,80.479
RIC,4068.291666666667,245.0,80.479
RIC,4093.391666666667,251.0,80.479
RIC,4104.680555555556,254.0,80.479
RIC,4130.080555555555,254.0,80.479
RIC,4144.469444444444,259.0,80.479
RIC,4170.669444444444,262.0,80.479
RIC,4185.447222222222,266.0,80.479
RIC,4200.5583333333325,272.0,80.479
RIC,4212.780555555555,275.0,80.479
RIC,4237.669444444444,280.0,80.479
RIC,4256.602777777777,284.0,80.479
RIC,4272.467499999999,287.0,80.479
RIC,4291.734166666665,289.0,80.479
RIC,4304.667499999999,291.0,80.479
RIC,4317.6897222222215,293.0,80.479
RIC,4330.756388888888,294.0,80.479
RIC,4343.911944444444,296.0,80.479
RIC,4377.245277777777,300.0,80.479
RIC,4410.911944444444,303.0,80.479
RIC,4427.856388888888,305.0,80.479
RIC,4458.656388888889,308.0,80.479
RIC,4472.434166666666,310.0,80.479
RIC,4489.711944444444,311.0,80.479
RIC,4507.100833333333,313.0,80.479
RIC,4531.610277777777,314.0,80.479
RIC,4545.610277777777,315.0,80.479
RIC,4588.010277777777,318.0,80.479
RIC,4602.143611111111,318.0,80.479
RIC,4630.588055555556,320.0,80.479
RIC,4651.988055555556,321.0,80.479
RIC,4677.0325,322.0,80.479
RIC,4698.565833333334,323.0,80.479
RIC,4716.510277777777,323.0,80.479
RIC,4756.354722222223,326.0,80.479
RIC,4774.465833333334,326.0,80.479
RIC,4799.899166666667,327.0,80.479
RIC,4829.054722222223,328.0,80.479
RIC,4843.632500000001,328.0,80.479
RIC,4865.474444444446,329.0,80.479
RIC,4894.896666666667,331.0,80.479
RIC,4913.285555555557,331.0,80.479
RIC,4942.707777777779,331.0,80.479
RIC,4979.3744444444455,330.0,80.479
RIC,5008.8744444444455,295.0,80.479
RIC,5035.274444444445,264.0,80.479
RIC,5056.785555555557,242.0,80.479
RIC,5081.007777777779,218.0,80.479
RIC,5103.731111111112,204.0,80.479
RIC,5116.997777777779,199.0,80.479
RIC,5136.397777777779,194.0,80.479
RIC,5161.086666666668,202.0,80.479
RIC,5170.10888888889,203.0,80.479
RIC,5184.242222222224,212.0,80.479
RIC,5198.775555555557,218.0,80.479
RIC,5218.775555555557,225.0,80.479
RIC,5250.108888888891,235.0,80.479
RIC,5266.108888888892,240.0,80.479
RIC,5285.086666666669,244.0,80.479
RIC,5304.531111111113,250.0,80.479
RIC,5318.516388888891,253.0,80.479
RIC,5350.416388888892,261.0,80.479
RIC,5380.194166666669,268.0,80.479
RIC,5395.249722222225,271.0,80.479
RIC,5410.527500000003,275.0,80.479
RIC,5432.149722222225,278.0,80.479
RIC,5460.449722222225,283.0,80.479
RIC,5479.5830555555585,287.0,80.479
RIC,5505.538611111115,292.0,80.479
RIC,5528.4052777777815,294.0,80.479
RIC,5561.710555555559,299.0,80.479
RIC,5585.199444444448,302.0,80.479
RIC,5602.088333333337,304.0,80.479
RIC,5629.377222222225,307.0,80.479
RIC,5656.932777777782,310.0,80.479
RIC,5688.1327777777815,312.0,80.479
RIC,5722.910555555559,313.0,80.479
RIC,5736.866111111114,314.0,80.479
MAG,20.846666666666664,318.0,80.698
MAG,35.11333333333334,321.0,80.698
MAG,60.15777777777778,322.0,80.698
MAG,92.75777777777779,326.0,80.698
MAG,114.69111111111113,329.0,80.698
MAG,129.31333333333333,329.0,80.698
MAG,173.57999999999998,332.0,80.698
MAG,207.07999999999998,335.0,80.698
MAG,240.78000000000003,337.0,80.698
MAG,267.0688888888889,338.0,80.698
MAG,289.7630555555556,339.0,80.698
MAG,308.6519444444445,340.0,80.698
MAG,323.7630555555556,340.0,80.698
MAG,346.42972222222227,340.0,80.698
MAG,373.1075,343.0,80.698
MAG,407.50750000000005,344.0,80.698
MAG,430.5075,345.0,80.698
MAG,461.1741666666667,345.0,80.698
MAG,484.3075,347.0,80.698
MAG,514.9669444444445,346.0,80.698
MAG,541.9558333333334,347.0,80.698
MAG,576.7558333333334,348.0,80.698
MAG,599.9558333333334,348.0,80.698
MAG,630.9780555555557,349.0,80.698
MAG,654.3780555555556,351.0,80.698
MAG,685.4002777777778,349.0,80.698
MAG,704.8447222222222,350.0,80.698
MAG,720.3558333333334,349.0,80.698
MAG,743.6225000000001,349.0,80.698
MAG,759.1336111111111,349.0,80.698
MAG,785.811388888889,343.0,80.698
MAG,809.9002777777778,271.0,80.698
MAG,825.7002777777778,237.0,80.698
MAG,847.9447222222224,182.0,80.698
MAG,858.1447222222223,153.0,80.698
MAG,871.9569444444446,124.0,80.698
MAG,883.7347222222223,106.0,80.698
MAG,889.2347222222223,99.0,80.698
MAG,893.5902777777779,98.0,80.698
MAG,898.7569444444446,93.0,80.698
MAG,908.3125000000001,86.0,80.698
MAG,913.7791666666668,82.0,80.698
MAG,919.2458333333335,82.0,80.698
MAG,924.7561111111113,83.0,80.698
MAG,931.7783333333335,79.0,80.698
MAG,935.2450000000002,78.0,80.698
MAG,939.4116666666669,75.0,80.698
MAG,947.0116666666669,76.0,80.698
MAG,955.7894444444447,79.0,80.698
MAG,965.7894444444447,90.0,80.698
MAG,972.322777777778,98.0,80.698
MAG,979.8561111111113,113.0,80.698
MAG,988.1894444444447,125.0,80.698
MAG,995.6894444444447,135.0,80.698
MAG,1003.8005555555559,146.0,80.698
MAG,1016.4783333333337,163.0,80.698
MAG,1027.9450000000004,172.0,80.698
MAG,1035.9450000000004,180.0,80.698
MAG,1046.4450000000004,189.0,80.698
MAG,1057.389444444445,197.0,80.698
MAG,1068.8352777777784,205.0,80.698
MAG,1082.901944444445,211.0,80.698
MAG,1097.4352777777785,218.0,80.698
MAG,1112.5686111111117,227.0,80.698
MAG,1125.4575000000007,232.0,80.698
MAG,1144.1241666666674,240.0,80.698
MAG,1162.9463888888897,242.0,80.698
MAG,1179.6797222222228,251.0,80.698
MAG,1193.9575000000007,257.0,80.698
MAG,1217.2463888888897,262.0,80.698
MAG,1234.972222222223,267.0,80.698
MAG,1262.272222222223,273.0,80.698
MAG,1274.5833333333342,277.0,80.698
MAG,1293.2500000000007,280.0,80.698
MAG,1305.872222222223,284.0,80.698
MAG,1321.650000000001,284.0,80.698
MAG,1337.53888888889,286.0,80.698
MAG,1356.7388888888897,288.0,80.698
MAG,1376.2722222222233,293.0,80.698
MAG,1395.9388888888898,295.0,80.698
MAG,1412.3833333333341,296.0,80.698
MAG,1432.250000000001,298.0,80.698
MAG,1459.1833333333343,303.0,80.698
MAG,1482.7500000000007,303.0,80.698
MAG,1496.2611111111119,304.0,80.698
MAG,1513.261111111112,306.0,80.698
MAG,1530.4277777777786,309.0,80.698
MAG,1558.072222222223,311.0,80.698
MAG,1571.980833333334,311.0,80.698
MAG,1599.891944444445,314.0,80.698
MAG,1620.8919444444452,315.0,80.698
MAG,1641.9586111111118,316.0,80.698
MAG,1656.0030555555563,316.0,80.698
MAG,1680.8141666666675,319.0,80.698
MAG,1702.1475000000007,320.0,80.698
MAG,1723.5475000000008,321.0,80.698
MAG,1745.080833333334,323.0,80.698
MAG,1784.558611111112,323.0,80.698
MAG,1802.5791666666673,326.0,80.698
MAG,1824.312500000001,326.0,80.698
MAG,1838.8458333333342,327.0,80.698
MAG,1857.0125000000007,327.0,80.698
MAG,1875.234722222223,328.0,80.698
MAG,1893.5125000000005,329.0,80.698
MAG,1915.5125000000007,330.0,80.698
MAG,1952.0680555555562,329.0,80.698
MAG,1973.8680555555563,327.0,80.698
MAG,1988.445833333334,328.0,80.698
MAG,2008.7125000000008,304.0,80.698
MAG,2028.1569444444453,250.0,80.698
MAG,2038.4680555555565,232.0,80.698
MAG,2057.6902777777786,173.0,80.698
MAG,2070.934722222223,149.0,80.698
MAG,2082.223611111112,127.0,80.698
MAG,2094.6991666666677,112.0,80.698
MAG,2103.2547222222233,110.0,80.698
MAG,2112.7658333333343,107.0,80.698
MAG,2118.9880555555565,112.0,80.698
MAG,2134.3880555555565,126.0,80.698
MAG,2144.2658333333343,127.0,80.698
MAG,2152.6658333333344,126.0,80.698
MAG,2164.3991666666675,132.0,80.698
MAG,2172.010277777779,137.0,80.698
MAG,2182.1013888888897,152.0,80.698
MAG,2195.0902777777787,167.0,80.698
MAG,2206.890277777779,177.0,80.698
MAG,2219.2902777777786,186.0,80.698
MAG,2241.623611111112,201.0,80.698
MAG,2253.1791666666672,208.0,80.698
MAG,2262.734722222223,215.0,80.698
MAG,2282.645833333334,224.0,80.698
MAG,2308.756944444445,235.0,80.698
MAG,2327.7347222222224,244.0,80.698
MAG,2347.1013888888892,249.0,80.698
MAG,2364.034722222222,254.0,80.698
MAG,2378.256944444445,256.0,80.698
MAG,2398.6347222222225,262.0,80.698
MAG,2424.1052777777777,254.0,80.698
MAG,2440.638611111111,248.0,80.698
MAG,2460.460833333333,223.0,80.698
MAG,2470.0163888888883,215.0,80.698
MAG,2485.9608333333326,205.0,80.698
MAG,2494.9386111111107,202.0,80.698
MAG,2503.694166666666,197.0,80.698
MAG,2521.205277777777,197.0,80.698
MAG,2541.962777777777,207.0,80.698
MAG,2558.3152777777773,211.0,80.698
MAG,2568.004166666666,218.0,80.698
MAG,2580.281944444444,221.0,80.698
MAG,2590.1930555555555,223.0,80.698
MAG,2608.095555555555,231.0,80.698
MAG,2629.606666666666,242.0,80.698
MAG,2648.7399999999993,246.0,80.698
MAG,2671.406666666666,255.0,80.698
MAG,2685.7955555555545,259.0,80.698
MAG,2709.262222222221,264.0,80.698
MAG,2727.0622222222214,267.0,80.698
MAG,2739.017777777777,269.0,80.698
MAG,2750.9733333333324,269.0,80.698
MAG,2769.484444444444,238.0,80.698
MAG,2785.428888888888,205.0,80.698
MAG,2796.2066666666656,194.0,80.698
MAG,2804.4733333333324,186.0,80.698
MAG,2816.3399999999992,178.0,80.698
MAG,2827.921388888888,173.0,80.698
MAG,2843.5658333333326,176.0,80.698
MAG,2853.510277777777,179.0,80.698
MAG,2870.3991666666657,190.0,80.698
MAG,2881.4547222222213,199.0,80.698
MAG,2899.9436111111104,208.0,80.698
MAG,2916.74361111111,216.0,80.698
MAG,2929.1324999999993,223.0,80.698
MAG,2946.865833333333,228.0,80.698
MAG,2962.7324999999996,238.0,80.698
MAG,2984.2436111111106,242.0,80.698
MAG,2998.021388888888,248.0,80.698
MAG,3020.262777777777,251.0,80.698
MAG,3043.1961111111104,258.0,80.698
MAG,3067.2849999999994,271.0,80.698
MAG,3085.418333333332,272.0,80.698
MAG,3110.307222222221,280.0,80.698
MAG,3135.6405555555543,285.0,80.698
MAG,3151.8072222222213,291.0,80.698
MAG,3168.084999999999,293.0,80.698
MAG,3184.529444444443,296.0,80.698
MAG,3201.19611111111,300.0,80.698
MAG,3228.0405555555544,302.0,80.698
MAG,3265.6849999999986,308.0,80.698
MAG,3286.4849999999988,312.0,80.698
MAG,3307.43861111111,313.0,80.698
MAG,3335.527499999999,316.0,80.698
MAG,3349.660833333332,318.0,80.698
MAG,3378.2830555555543,322.0,80.698
MAG,3399.8163888888876,323.0,80.698
MAG,3417.927499999999,326.0,80.698
MAG,3443.5163888888874,329.0,80.698
MAG,3476.6163888888873,331.0,80.698
MAG,3510.016388888888,334.0,80.698
MAG,3524.9052777777765,335.0,80.698
MAG,3551.03861111111,336.0,80.698
MAG,3573.505277777777,337.0,80.698
MAG,3592.1891666666656,338.0,80.698
MAG,3622.500277777777,341.0,80.698
MAG,3660.2780555555546,340.0,80.698
MAG,3675.478055555555,342.0,80.698
MAG,3705.966944444443,343.0,80.698
MAG,3725.0224999999987,343.0,80.698
MAG,3744.1891666666656,345.0,80.698
MAG,3774.7669444444437,344.0,80.698
MAG,3793.8780555555545,344.0,80.698
MAG,3816.078055555555,333.0,80.698
MAG,3845.6780555555547,333.0,80.698
MAG,3864.611388888888,213.0,80.698
MAG,3881.463888888888,189.0,80.698
MAG,3891.5194444444437,181.0,80.698
MAG,3899.341666666666,176.0,80.698
MAG,3918.1194444444436,169.0,80.698
MAG,3931.4972222222214,172.0,80.698
MAG,3943.0305555555547,173.0,80.698
MAG,3959.474999999999,185.0,80.698
MAG,3970.363888888888,196.0,80.698
MAG,3981.5305555555547,201.0,80.698
MAG,3995.5972222222213,211.0,80.698
MAG,4009.9305555555547,215.0,80.698
MAG,4022.0972222222213,219.0,80.698
MAG,4034.5972222222213,225.0,80.698
MAG,4047.263888888888,228.0,80.698
MAG,4057.6194444444436,233.0,80.698
MAG,4070.609722222221,235.0,80.698
MAG,4081.365277777777,242.0,80.698
MAG,4092.1652777777767,243.0,80.698
MAG,4108.49861111111,245.0,80.698
MAG,4125.098611111111,249.0,80.698
MAG,4136.343055555555,253.0,80.698
MAG,4162.243055555555,259.0,80.698
MAG,4188.943055555555,267.0,80.698
MAG,4200.943055555555,270.0,80.698
MAG,4225.29861111111,274.0,80.698
MAG,4244.031944444443,281.0,80.698
MAG,4272.631944444443,286.0,80.698
MAG,4285.387499999999,287.0,80.698
MAG,4298.401666666666,291.0,80.698
MAG,4314.623888888887,292.0,80.698
MAG,4357.668333333332,298.0,80.698
MAG,4374.334999999998,300.0,80.698
MAG,4397.823888888887,302.0,80.698
MAG,4421.390555555554,303.0,80.698
MAG,4452.2905555555535,309.0,80.698
MAG,4473.023888888886,311.0,80.698
MAG,4493.823888888887,312.0,80.698
MAG,4532.323888888887,315.0,80.698
MAG,4560.501666666664,317.0,80.698
MAG,4578.223888888887,319.0,80.698
MAG,4595.9461111111095,319.0,80.698
MAG,4610.035277777777,319.0,80.698
MAG,4642.235277777777,322.0,80.698
MAG,4656.6352777777765,324.0,80.698
MAG,4699.9686111111105,325.0,80.698
MAG,4725.479722222221,328.0,80.698
MAG,4747.346388888887,328.0,80.698
MAG,4776.590833333331,329.0,80.698
MAG,4791.257499999999,330.0,80.698
MAG,4813.190833333331,329.0,80.698
MAG,4827.857499999997,330.0,80.698
MAG,4857.190833333331,330.0,80.698
MAG,4883.105277777775,332.0,80.698
MAG,4908.927499999997,332.0,80.698
MAG,4930.994166666665,331.0,80.698
MAG,4945.794166666664,333.0,80.698
MAG,4967.927499999997,332.0,80.698
MAG,4986.316388888887,331.0,80.698
MAG,5000.938611111109,329.0,80.698
MAG,5021.3386111111095,306.0,80.698
MAG,5041.794166666665,263.0,80.698
MAG,5064.794166666665,230.0,80.698
MAG,5086.494166666665,217.0,80.698
MAG,5096.0052777777755,214.0,80.698
MAG,5120.694166666664,202.0,80.698
MAG,5144.038611111108,191.0,80.698
MAG,5163.4844444444425,195.0,80.698
MAG,5188.66222222222,206.0,80.698
MAG,5202.86222222222,213.0,80.698
MAG,5227.306666666665,220.0,80.698
MAG,5245.117777777776,229.0,80.698
MAG,5263.551111111109,237.0,80.698
MAG,5282.217777777775,240.0,80.698
MAG,5293.106666666665,245.0,80.698
MAG,5304.173333333331,249.0,80.698
MAG,5318.173333333331,252.0,80.698
MAG,5341.267499999998,259.0,80.698
MAG,5361.800833333332,264.0,80.698
MAG,5373.667499999999,267.0,80.698
MAG,5388.556388888887,268.0,80.698
MAG,5413.08972222222,276.0,80.698
MAG,5440.88972222222,278.0,80.698
MAG,5462.900833333331,283.0,80.698
MAG,5497.978611111109,287.0,80.698
MAG,5530.423055555554,292.0,80.698
MAG,5563.534166666665,298.0,80.698
MAG,5583.600833333332,301.0,80.698
MAG,5603.8674999999985,304.0,80.698
MAG,5617.4675,306.0,80.698
MAG,5637.915277777776,308.0,80.698
MAG,5668.915277777776,310.0,80.698
MAG,5686.193055555555,311.0,80.698
MAG,5700.015277777777,311.0,80.698
MAG,5713.881944444444,312.0,80.698
MAG,5741.704166666666,313.0,80.698
GAS,23.985833333333336,321.0,80.738
GAS,60.20805555555556,326.0,80.738
GAS,82.00805555555556,327.0,80.738
GAS,103.9413888888889,329.0,80.738
GAS,118.60805555555555,330.0,80.738
GAS,140.64916666666667,332.0,80.738
GAS,174.04916666666665,334.0,80.738
GAS,192.66027777777776,335.0,80.738
GAS,207.59361111111107,336.0,80.738
GAS,222.57138888888886,337.0,80.738
GAS,252.61583333333334,338.0,80.738
GAS,278.9825,339.0,80.738
GAS,297.87138888888893,340.0,80.738
GAS,335.7602777777778,341.0,80.738
GAS,373.76027777777773,342.0,80.738
GAS,396.72222222222223,343.0,80.738
GAS,415.83333333333337,344.0,80.738
GAS,446.4111111111111,344.0,80.738
GAS,484.74444444444447,345.0,80.738
GAS,519.2444444444445,345.0,80.738
GAS,546.1555555555556,346.0,80.738
GAS,573.0666666666667,346.0,80.738
GAS,596.2,347.0,80.738
GAS,623.1888888888889,347.0,80.738
GAS,646.3888888888889,348.0,80.738
GAS,688.9222222222223,348.0,80.738
GAS,731.2111111111112,346.0,80.738
GAS,746.4555555555556,343.0,80.738
GAS,782.3655555555556,324.0,80.738
GAS,800.5655555555556,273.0,80.738
GAS,818.7655555555557,273.0,80.738
GAS,834.5544444444446,203.0,80.738
GAS,844.7766666666669,184.0,80.738
GAS,855.9100000000001,167.0,80.738
GAS,864.3544444444445,152.0,80.738
GAS,871.8544444444445,135.0,80.738
GAS,880.8766666666668,116.0,80.738
GAS,885.6322222222224,107.0,80.738
GAS,893.3322222222223,99.0,80.738
GAS,903.2458333333334,89.0,80.738
GAS,907.9680555555556,85.0,80.738
GAS,915.1680555555556,81.0,80.738
GAS,920.6347222222223,82.0,80.738
GAS,927.1680555555556,84.0,80.738
GAS,936.0569444444445,80.0,80.738
GAS,943.6569444444445,76.0,80.738
GAS,946.901388888889,73.0,80.738
GAS,951.0680555555556,75.0,80.738
GAS,956.3347222222222,79.0,80.738
GAS,962.7902777777778,83.0,80.738
GAS,968.9236111111111,92.0,80.738
GAS,979.4236111111111,105.0,80.738
GAS,987.3569444444445,119.0,80.738
GAS,992.6458333333334,119.0,80.738
GAS,998.6458333333334,135.0,80.738
GAS,1008.4050000000001,147.0,80.738
GAS,1025.105,167.0,80.738
GAS,1032.9272222222223,176.0,80.738
GAS,1047.3161111111112,185.0,80.738
GAS,1073.982777777778,200.0,80.738
GAS,1090.6272222222224,214.0,80.738
GAS,1100.4050000000002,220.0,80.738
GAS,1117.982777777778,226.0,80.738
GAS,1133.3827777777778,231.0,80.738
GAS,1146.7269444444446,239.0,80.738
GAS,1165.860277777778,246.0,80.738
GAS,1197.0269444444446,255.0,80.738
GAS,1214.2936111111114,259.0,80.738
GAS,1231.8269444444447,263.0,80.738
GAS,1243.6936111111115,267.0,80.738
GAS,1268.0491666666671,274.0,80.738
GAS,1295.849166666667,278.0,80.738
GAS,1308.2047222222227,278.0,80.738
GAS,1336.704722222223,285.0,80.738
GAS,1362.3047222222226,288.0,80.738
GAS,1384.938055555556,291.0,80.738
GAS,1397.9602777777782,293.0,80.738
GAS,1420.9047222222227,295.0,80.738
GAS,1440.7047222222227,297.0,80.738
GAS,1460.704722222223,300.0,80.738
GAS,1480.6877777777781,301.0,80.738
GAS,1500.8877777777784,303.0,80.738
GAS,1514.443333333334,305.0,80.738
GAS,1528.043333333334,306.0,80.738
GAS,1558.743333333334,307.0,80.738
GAS,1575.9100000000005,309.0,80.738
GAS,1610.4655555555562,311.0,80.738
GAS,1638.287777777778,313.0,80.738
GAS,1659.2211111111114,314.0,80.738
GAS,1680.3086111111113,315.0,80.738
GAS,1712.0086111111113,317.0,80.738
GAS,1729.6752777777779,318.0,80.738
GAS,1754.5641666666668,320.0,80.738
GAS,1768.786388888889,320.0,80.738
GAS,1793.8308333333334,322.0,80.738
GAS,1808.186388888889,323.0,80.738
GAS,1844.1863888888888,324.0,80.738
GAS,1873.0752777777777,325.0,80.738
GAS,1905.6752777777776,326.0,80.738
GAS,1923.7863888888887,326.0,80.738
GAS,1941.786388888889,324.0,80.738
GAS,1970.408611111111,322.0,80.738
GAS,1991.7419444444445,320.0,80.738
GAS,2013.0530555555556,274.0,80.738
GAS,2024.5641666666668,259.0,80.738
GAS,2039.2975000000001,221.0,80.738
GAS,2063.661666666667,169.0,80.738
GAS,2075.172777777778,148.0,80.738
GAS,2082.8394444444443,138.0,80.738
GAS,2090.006111111111,129.0,80.738
GAS,2098.139444444444,122.0,80.738
GAS,2103.3838888888886,118.0,80.738
GAS,2115.717222222222,111.0,80.738
GAS,2123.1480555555554,111.0,80.738
GAS,2129.5924999999997,116.0,80.738
GAS,2140.1702777777778,119.0,80.738
GAS,2151.014722222222,122.0,80.738
GAS,2163.7147222222225,127.0,80.738
GAS,2179.048055555556,138.0,80.738
GAS,2185.8925000000004,154.0,80.738
GAS,2198.959166666667,168.0,80.738
GAS,2219.5147222222226,185.0,80.738
GAS,2241.4036111111113,197.0,80.738
GAS,2265.2925,215.0,80.738
GAS,2287.6925,224.0,80.738
GAS,2303.2258333333334,233.0,80.738
GAS,2313.6702777777778,235.0,80.738
GAS,2332.570277777778,243.0,80.738
GAS,2346.2925000000005,247.0,80.738
GAS,2363.0225000000005,252.0,80.738
GAS,2385.866944444445,257.0,80.738
GAS,2414.4225000000006,257.0,80.738
GAS,2433.944722222223,251.0,80.738
GAS,2451.6780555555565,228.0,80.738
GAS,2466.2780555555564,219.0,80.738
GAS,2487.536944444445,212.0,80.738
GAS,2496.736944444445,207.0,80.738
GAS,2518.848055555556,199.0,80.738
GAS,2527.6925000000006,199.0,80.738
GAS,2543.4813888888893,203.0,80.738
GAS,2557.214722222223,206.0,80.738
GAS,2578.814722222223,216.0,80.738
GAS,2591.036944444445,220.0,80.738
GAS,2603.5925000000007,226.0,80.738
GAS,2619.1925000000006,234.0,80.738
GAS,2643.1925000000006,240.0,80.738
GAS,2676.659166666667,251.0,80.738
GAS,2702.559166666667,259.0,80.738
GAS,2734.4591666666674,261.0,80.738
GAS,2751.9925000000003,263.0,80.738
GAS,2767.9925000000003,240.0,80.738
GAS,2784.636944444445,214.0,80.738
GAS,2793.8236111111114,208.0,80.738
GAS,2802.6236111111116,198.0,80.738
GAS,2821.8236111111114,192.0,80.738
GAS,2836.2125,185.0,80.738
GAS,2853.9125000000004,177.0,80.738
GAS,2870.0902777777783,182.0,80.738
GAS,2882.6758333333337,188.0,80.738
GAS,2895.8758333333335,198.0,80.738
GAS,2912.0536111111114,208.0,80.738
GAS,2931.3425,217.0,80.738
GAS,2945.809166666667,217.0,80.738
GAS,2961.2758333333336,232.0,80.738
GAS,2982.6091666666666,240.0,80.738
GAS,3007.309166666667,247.0,80.738
GAS,3027.1425,255.0,80.738
GAS,3047.4425,261.0,80.738
GAS,3065.1758333333337,266.0,80.738
GAS,3083.1758333333337,270.0,80.738
GAS,3107.886944444445,278.0,80.738
GAS,3123.4980555555558,281.0,80.738
GAS,3145.8202777777783,287.0,80.738
GAS,3174.920277777778,291.0,80.738
GAS,3191.2536111111117,294.0,80.738
GAS,3204.409166666667,296.0,80.738
GAS,3230.9925000000003,300.0,80.738
GAS,3251.259166666667,304.0,80.738
GAS,3268.2591666666667,306.0,80.738
GAS,3295.8147222222224,310.0,80.738
GAS,3320.0813888888893,312.0,80.738
GAS,3344.5036111111117,314.0,80.738
GAS,3383.581111111111,319.0,80.738
GAS,3404.981111111111,321.0,80.738
GAS,3426.5811111111116,324.0,80.738
GAS,3451.781111111112,324.0,80.738
GAS,3477.2922222222232,328.0,80.738
GAS,3502.8811111111117,329.0,80.738
GAS,3517.5477777777787,330.0,80.738
GAS,3543.2922222222232,331.0,80.738
GAS,3558.0477777777783,332.0,80.738
GAS,3580.2477777777785,333.0,80.738
GAS,3610.0255555555564,335.0,80.738
GAS,3624.9588888888893,336.0,80.738
GAS,3639.892222222223,336.0,80.738
GAS,3673.592222222223,337.0,80.738
GAS,3696.1922222222233,339.0,80.738
GAS,3718.792222222223,339.0,80.738
GAS,3745.003333333334,337.0,80.738
GAS,3771.0588888888897,335.0,80.738
GAS,3785.9033333333346,334.0,80.738
GAS,3821.2255555555566,289.0,80.738
GAS,3841.3755555555563,260.0,80.738
GAS,3853.8755555555563,225.0,80.738
GAS,3870.5977777777784,215.0,80.738
GAS,3879.1311111111117,192.0,80.738
GAS,3891.4644444444452,185.0,80.738
GAS,3899.50888888889,181.0,80.738
GAS,3911.1755555555565,175.0,80.738
GAS,3933.1030555555567,179.0,80.738
GAS,3959.369722222223,197.0,80.738
GAS,3970.647500000001,203.0,80.738
GAS,3982.2030555555566,208.0,80.738
GAS,4006.3141666666675,217.0,80.738
GAS,4018.6475000000005,222.0,80.738
GAS,4031.258611111112,227.0,80.738
GAS,4057.480833333334,236.0,80.738
GAS,4068.147500000001,240.0,80.738
GAS,4081.703055555556,244.0,80.738
GAS,4101.0697222222225,249.0,80.738
GAS,4112.269722222222,252.0,80.738
GAS,4135.114166666666,257.0,80.738
GAS,4155.491944444444,262.0,80.738
GAS,4167.358611111111,267.0,80.738
GAS,4185.291944444444,269.0,80.738
GAS,4200.2363888888885,269.0,80.738
GAS,4218.436388888888,273.0,80.738
GAS,4233.769722222221,276.0,80.738
GAS,4252.369722222222,279.0,80.738
GAS,4264.824722222222,282.0,80.738
GAS,4287.069166666666,286.0,80.738
GAS,4306.335833333333,289.0,80.738
GAS,4322.502499999999,291.0,80.738
GAS,4338.835833333333,294.0,80.738
GAS,4361.935833333333,297.0,80.738
GAS,4385.3525,300.0,80.738
GAS,4398.730277777778,301.0,80.738
GAS,4418.9302777777775,303.0,80.738
GAS,4453.041388888889,307.0,80.738
GAS,4466.730277777778,308.0,80.738
GAS,4497.830277777778,311.0,80.738
GAS,4525.6525,313.0,80.738
GAS,4546.652500000001,315.0,80.738
GAS,4578.352500000001,317.0,80.738
GAS,4613.796944444444,319.0,80.738
GAS,4635.196944444445,321.0,80.738
GAS,4671.085833333333,323.0,80.738
GAS,4689.030277777777,323.0,80.738
GAS,4707.030277777777,324.0,80.738
GAS,4728.696944444443,325.0,80.738
GAS,4743.141388888888,325.0,80.738
GAS,4761.252499999999,326.0,80.738
GAS,4775.785833333333,327.0,80.738
GAS,4808.485833333333,327.0,80.738
GAS,4823.063611111111,328.0,80.738
GAS,4841.341388888889,329.0,80.738
GAS,4855.872222222221,329.0,80.738
GAS,4874.205555555555,330.0,80.738
GAS,4892.538888888889,330.0,80.738
GAS,4921.872222222222,330.0,80.738
GAS,4943.73888888889,328.0,80.738
GAS,4965.629722222223,327.0,80.738
GAS,4994.518611111112,325.0,80.738
GAS,5025.8519444444455,282.0,80.738
GAS,5040.3519444444455,261.0,80.738
GAS,5053.963055555556,245.0,80.738
GAS,5067.240833333334,239.0,80.738
GAS,5079.963055555557,229.0,80.738
GAS,5092.296388888891,222.0,80.738
GAS,5104.129722222225,213.0,80.738
GAS,5131.19638888889,203.0,80.738
GAS,5140.1741666666685,202.0,80.738
GAS,5158.48527777778,206.0,80.738
GAS,5167.685277777779,207.0,80.738
GAS,5189.28527777778,216.0,80.738
GAS,5201.507500000002,220.0,80.738
GAS,5227.063055555558,230.0,80.738
GAS,5245.418611111114,236.0,80.738
GAS,5267.018611111113,243.0,80.738
GAS,5277.907500000002,245.0,80.738
GAS,5294.640833333336,251.0,80.738
GAS,5320.3408333333355,257.0,80.738
GAS,5340.490833333335,260.0,80.738
GAS,5358.224166666668,266.0,80.738
GAS,5385.024166666669,268.0,80.738
GAS,5397.201944444447,274.0,80.738
GAS,5421.811944444446,276.0,80.738
GAS,5452.4786111111125,276.0,80.738
GAS,5468.367500000001,286.0,80.738
GAS,5500.811944444446,292.0,80.738
GAS,5520.4786111111125,295.0,80.738
GAS,5540.34527777778,298.0,80.738
GAS,5567.011944444446,300.0,80.738
GAS,5593.945277777781,303.0,80.738
GAS,5614.34527777778,306.0,80.738
GAS,5638.378611111114,309.0,80.738
GAS,5659.111944444447,311.0,80.738
GAS,5676.500833333335,313.0,80.738
GAS,5694.000833333335,315.0,80.738
GAS,5708.045277777779,316.0,80.738
GAS,5736.311944444446,318.0,80.738
OCO,8.177777777777777,320.0,80.764
OCO,29.644444444444446,322.0,80.764
OCO,47.58888888888889,323.0,80.764
OCO,76.56666666666666,326.0,80.764
OCO,98.43333333333334,328.0,80.764
OCO,124.02222222222223,329.0,80.764
OCO,157.13,332.0,80.764
OCO,179.39666666666665,334.0,80.764
OCO,197.9522222222222,334.0,80.764
OCO,212.8411111111111,335.0,80.764
OCO,250.3791666666667,337.0,80.764
OCO,291.6902777777778,338.0,80.764
OCO,314.29027777777776,339.0,80.764
OCO,348.3902777777777,341.0,80.764
OCO,374.9902777777777,342.0,80.764
OCO,405.5680555555555,344.0,80.764
OCO,424.6791666666666,344.0,80.764
OCO,451.5125,345.0,80.764
OCO,474.5791666666666,346.0,80.764
OCO,505.4236111111111,347.0,80.764
OCO,532.4125,347.0,80.764
OCO,555.6125000000001,348.0,80.764
OCO,586.6347222222222,349.0,80.764
OCO,621.5347222222222,349.0,80.764
OCO,648.7569444444445,350.0,80.764
OCO,691.5347222222222,350.0,80.764
OCO,710.8680555555555,348.0,80.764
OCO,726.2902777777778,347.0,80.764
OCO,749.3569444444445,346.0,80.764
OCO,772.2236111111112,343.0,80.764
OCO,786.8427777777778,331.0,80.764
OCO,819.6427777777778,246.0,80.764
OCO,831.8094444444445,219.0,80.764
OCO,840.351388888889,191.0,80.764
OCO,854.5736111111113,160.0,80.764
OCO,867.3736111111112,128.0,80.764
OCO,873.8736111111112,117.0,80.764
OCO,882.5069444444446,111.0,80.764
OCO,890.7736111111112,93.0,80.764
OCO,897.6958333333334,89.0,80.764
OCO,904.8958333333335,81.0,80.764
OCO,911.8291666666668,78.0,80.764
OCO,916.2736111111112,80.0,80.764
OCO,924.6736111111112,84.0,80.764
OCO,929.1180555555557,80.0,80.764
OCO,933.3402777777778,76.0,80.764
OCO,941.2291666666667,71.0,80.764
OCO,947.6291666666667,72.0,80.764
OCO,951.7958333333333,75.0,80.764
OCO,959.4402777777779,86.0,80.764
OCO,965.6402777777779,93.0,80.764
OCO,974.9736111111113,105.0,80.764
OCO,980.1291666666668,116.0,80.764
OCO,988.5291666666668,126.0,80.764
OCO,994.6625000000001,138.0,80.764
OCO,1006.5975000000001,154.0,80.764
OCO,1017.1975000000001,159.0,80.764
OCO,1026.8086111111113,173.0,80.764
OCO,1050.5736111111112,194.0,80.764
OCO,1068.7958333333333,205.0,80.764
OCO,1085.5180555555557,215.0,80.764
OCO,1095.2069444444446,218.0,80.764
OCO,1115.2958333333336,226.0,80.764
OCO,1144.6291666666668,240.0,80.764
OCO,1169.4291666666668,248.0,80.764
OCO,1180.6291666666668,252.0,80.764
OCO,1194.906944444445,257.0,80.764
OCO,1215.3625000000002,263.0,80.764
OCO,1227.051388888889,263.0,80.764
OCO,1239.0069444444446,269.0,80.764
OCO,1254.173611111111,273.0,80.764
OCO,1269.5069444444446,276.0,80.764
OCO,1285.0069444444446,279.0,80.764
OCO,1313.4069444444444,284.0,80.764
OCO,1342.2069444444444,288.0,80.764
OCO,1364.8402777777778,291.0,80.764
OCO,1390.9736111111113,294.0,80.764
OCO,1404.1291666666668,296.0,80.764
OCO,1420.6847222222223,298.0,80.764
OCO,1434.0180555555555,300.0,80.764
OCO,1464.2338888888887,303.0,80.764
OCO,1481.1227777777776,304.0,80.764
OCO,1501.5227777777777,306.0,80.764
OCO,1528.986111111111,308.0,80.764
OCO,1553.097222222222,310.0,80.764
OCO,1570.3749999999995,311.0,80.764
OCO,1594.719444444444,313.0,80.764
OCO,1608.719444444444,315.0,80.764
OCO,1636.808333333333,316.0,80.764
OCO,1650.9416666666664,318.0,80.764
OCO,1679.297222222222,319.0,80.764
OCO,1700.6305555555552,320.0,80.764
OCO,1729.2527777777775,322.0,80.764
OCO,1754.3749999999998,323.0,80.764
OCO,1805.0861111111108,326.0,80.764
OCO,1834.1527777777774,327.0,80.764
OCO,1866.9527777777773,328.0,80.764
OCO,1888.886111111111,329.0,80.764
OCO,1907.1083333333331,328.0,80.764
OCO,1939.708333333333,326.0,80.764
OCO,1961.3083333333332,324.0,80.764
OCO,1979.2527777777775,323.0,80.764
OCO,1999.6527777777774,306.0,80.764
OCO,2019.9527777777776,261.0,80.764
OCO,2039.5083333333332,220.0,80.764
OCO,2053.6133333333332,182.0,80.764
OCO,2067.345,154.0,80.764
OCO,2076.745,141.0,80.764
OCO,2091.289444444444,119.0,80.764
OCO,2103.6227777777776,111.0,80.764
OCO,2110.6894444444442,106.0,80.764
OCO,2115.4005555555555,106.0,80.764
OCO,2121.5116666666668,110.0,80.764
OCO,2126.622777777778,115.0,80.764
OCO,2134.3561111111117,116.0,80.764
OCO,2142.1561111111114,117.0,80.764
OCO,2154.4561111111116,123.0,80.764
OCO,2164.878333333334,134.0,80.764
OCO,2171.2338888888894,143.0,80.764
OCO,2189.3450000000003,163.0,80.764
OCO,2211.4672222222225,181.0,80.764
OCO,2228.533888888889,192.0,80.764
OCO,2244.322777777778,203.0,80.764
OCO,2260.6561111111114,210.0,80.764
OCO,2278.000555555556,223.0,80.764
OCO,2288.0450000000005,226.0,80.764
OCO,2303.645,234.0,80.764
OCO,2316.7561111111113,236.0,80.764
OCO,2332.889444444445,242.0,80.764
OCO,2349.420277777778,249.0,80.764
OCO,2360.5758333333333,251.0,80.764
OCO,2380.558055555556,256.0,80.764
OCO,2391.980277777778,257.0,80.764
OCO,2403.4469444444453,258.0,80.764
OCO,2423.2802777777783,255.0,80.764
OCO,2441.324722222223,232.0,80.764
OCO,2461.146944444445,223.0,80.764
OCO,2472.924722222223,212.0,80.764
OCO,2484.5913888888895,210.0,80.764
OCO,2496.0358333333343,206.0,80.764
OCO,2505.013611111112,202.0,80.764
OCO,2518.213611111112,198.0,80.764
OCO,2533.8469444444454,201.0,80.764
OCO,2545.124722222223,203.0,80.764
OCO,2563.5247222222233,207.0,80.764
OCO,2575.5802777777785,217.0,80.764
OCO,2595.3136111111116,222.0,80.764
OCO,2621.4247222222225,235.0,80.764
OCO,2634.646944444445,238.0,80.764
OCO,2653.702500000001,245.0,80.764
OCO,2672.9913888888896,248.0,80.764
OCO,2687.2136111111113,256.0,80.764
OCO,2704.4136111111115,258.0,80.764
OCO,2724.6358333333337,260.0,80.764
OCO,2742.035833333334,261.0,80.764
OCO,2761.324722222222,248.0,80.764
OCO,2773.769166666667,224.0,80.764
OCO,2789.7913888888893,206.0,80.764
OCO,2802.7913888888893,195.0,80.764
OCO,2820.891388888889,181.0,80.764
OCO,2840.1136111111114,173.0,80.764
OCO,2847.8469444444445,174.0,80.764
OCO,2861.8469444444445,180.0,80.764
OCO,2881.1469444444447,193.0,80.764
OCO,2899.191388888889,203.0,80.764
OCO,2910.8025000000002,209.0,80.764
OCO,2925.2025,216.0,80.764
OCO,2945.646944444444,230.0,80.764
OCO,2955.869166666667,230.0,80.764
OCO,2971.9358333333334,241.0,80.764
OCO,2993.8025000000002,246.0,80.764
OCO,3016.2025000000003,252.0,80.764
OCO,3036.3469444444445,259.0,80.764
OCO,3051.1247222222223,266.0,80.764
OCO,3066.069166666667,269.0,80.764
OCO,3096.7358333333336,276.0,80.764
OCO,3121.7136111111113,281.0,80.764
OCO,3144.035833333334,287.0,80.764
OCO,3160.2580555555555,292.0,80.764
OCO,3173.280277777778,293.0,80.764
OCO,3193.013611111111,296.0,80.764
OCO,3223.013611111111,300.0,80.764
OCO,3243.280277777778,304.0,80.764
OCO,3260.3358333333335,307.0,80.764
OCO,3284.446944444445,310.0,80.764
OCO,3319.446944444445,315.0,80.764
OCO,3340.5802777777785,317.0,80.764
OCO,3354.758055555556,319.0,80.764
OCO,3383.3802777777782,322.0,80.764
OCO,3401.324722222223,323.0,80.764
OCO,3419.435833333334,326.0,80.764
OCO,3448.5913888888895,328.0,80.764
OCO,3485.258055555556,330.0,80.764
OCO,3507.3913888888897,332.0,80.764
OCO,3533.3691666666678,334.0,80.764
OCO,3570.702500000001,336.0,80.764
OCO,3596.9913888888896,338.0,80.764
OCO,3623.3580555555563,339.0,80.764
OCO,3657.3580555555563,340.0,80.764
OCO,3676.246944444445,340.0,80.764
OCO,3702.846944444445,342.0,80.764
OCO,3721.8469444444454,342.0,80.764
OCO,3752.0691666666676,340.0,80.764
OCO,3770.9025000000006,339.0,80.764
OCO,3800.058055555556,328.0,80.764
OCO,3830.0216666666674,269.0,80.764
OCO,3854.4050000000007,220.0,80.764
OCO,3865.682777777778,203.0,80.764
OCO,3886.2383333333337,185.0,80.764
OCO,3894.371666666667,183.0,80.764
OCO,3912.171666666667,178.0,80.764
OCO,3924.2383333333337,181.0,80.764
OCO,3936.571666666667,185.0,80.764
OCO,3947.2383333333337,192.0,80.764
OCO,3958.460555555556,202.0,80.764
OCO,3969.8494444444445,205.0,80.764
OCO,3988.960555555556,215.0,80.764
OCO,4008.4272222222226,219.0,80.764
OCO,4025.9272222222226,225.0,80.764
OCO,4038.760555555556,231.0,80.764
OCO,4065.2050000000004,238.0,80.764
OCO,4081.6050000000005,246.0,80.764
OCO,4092.671666666667,249.0,80.764
OCO,4147.349444444445,259.0,80.764
OCO,4167.960555555556,265.0,80.764
OCO,4189.038333333334,271.0,80.764
OCO,4201.127222222223,272.0,80.764
OCO,4216.405000000001,275.0,80.764
OCO,4235.005000000001,279.0,80.764
OCO,4253.7494444444455,280.0,80.764
OCO,4279.180833333335,287.0,80.764
OCO,4301.580833333334,288.0,80.764
OCO,4321.180833333335,294.0,80.764
OCO,4347.669722222224,298.0,80.764
OCO,4364.280833333335,299.0,80.764
OCO,4384.414166666668,302.0,80.764
OCO,4397.92527777778,304.0,80.764
OCO,4411.52527777778,306.0,80.764
OCO,4435.480833333336,308.0,80.764
OCO,4477.080833333335,312.0,80.764
OCO,4491.080833333336,315.0,80.764
OCO,4512.080833333336,315.0,80.764
OCO,4536.736388888892,317.0,80.764
OCO,4565.091944444447,319.0,80.764
OCO,4582.869722222225,320.0,80.764
OCO,4597.136388888892,321.0,80.764
OCO,4611.447500000004,322.0,80.764
OCO,4625.758611111115,322.0,80.764
OCO,4658.058611111115,323.0,80.764
OCO,4679.725277777781,325.0,80.764
OCO,4708.703055555559,326.0,80.764
OCO,4748.791944444448,328.0,80.764
OCO,4785.3475000000035,329.0,80.764
OCO,4800.01416666667,330.0,80.764
OCO,4829.43916666667,330.0,80.764
OCO,4851.505833333336,331.0,80.764
OCO,4884.613611111115,332.0,80.764
OCO,4899.36916666667,332.0,80.764
OCO,4914.080277777781,331.0,80.764
OCO,4928.746944444447,330.0,80.764
OCO,4946.9691666666695,328.0,80.764
OCO,4976.035833333337,327.0,80.764
OCO,4994.146944444447,326.0,80.764
OCO,5015.924722222226,280.0,80.764
OCO,5036.146944444448,260.0,80.764
OCO,5052.546944444449,246.0,80.764
OCO,5079.191388888893,218.0,80.764
OCO,5088.702500000004,214.0,80.764
OCO,5104.724722222226,206.0,80.764
OCO,5124.424722222226,197.0,80.764
OCO,5137.424722222226,195.0,80.764
OCO,5148.313611111114,196.0,80.764
OCO,5161.646944444448,200.0,80.764
OCO,5170.6247222222255,202.0,80.764
OCO,5194.06916666667,211.0,80.764
OCO,5206.06916666667,216.0,80.764
OCO,5223.413611111115,223.0,80.764
OCO,5236.024722222226,227.0,80.764
OCO,5246.202500000004,229.0,80.764
OCO,5259.313611111115,236.0,80.764
OCO,5286.492500000004,244.0,80.764
OCO,5297.425833333337,246.0,80.764
OCO,5319.755833333337,252.0,80.764
OCO,5333.922500000004,255.0,80.764
OCO,5348.422500000004,261.0,80.764
OCO,5372.244722222226,268.0,80.764
OCO,5393.166944444449,269.0,80.764
OCO,5420.966944444449,278.0,80.764
OCO,5439.633611111116,280.0,80.764
OCO,5455.355833333338,283.0,80.764
OCO,5480.955833333338,288.0,80.764
OCO,5503.589166666671,291.0,80.764
OCO,5523.189166666671,294.0,80.764
OCO,5536.344722222226,296.0,80.764
OCO,5556.344722222227,300.0,80.764
OCO,5596.87805555556,304.0,80.764
OCO,5620.67805555556,306.0,80.764
OCO,5637.789166666671,308.0,80.764
OCO,5665.433611111116,311.0,80.764
OCO,5693.255833333338,313.0,80.764
OCO,5717.755833333338,315.0,80.764
OCO,5742.411388888894,317.0,80.764
TSU,2.8355555555555556,319.0,80.945
TSU,16.968888888888888,320.0,80.945
TSU,34.80222222222223,321.0,80.945
TSU,63.69111111111111,325.0,80.945
TSU,81.85777777777778,327.0,80.945
TSU,114.65777777777777,328.0,80.945
TSU,132.9911111111111,330.0,80.945
TSU,155.12444444444444,332.0,80.945
TSU,177.32444444444442,333.0,80.945
TSU,199.5244444444444,333.0,80.945
TSU,218.13555555555553,335.0,80.945
TSU,240.5355555555555,336.0,80.945
TSU,263.0022222222222,337.0,80.945
TSU,285.53555555555556,338.0,80.945
TSU,308.06888888888886,338.0,80.945
TSU,330.73555555555555,340.0,80.945
TSU,345.89111111111106,341.0,80.945
TSU,361.0466666666666,341.0,80.945
TSU,391.5355555555555,343.0,80.945
TSU,410.5911111111111,343.0,80.945
TSU,444.99111111111114,344.0,80.945
TSU,467.9911111111111,345.0,80.945
TSU,487.30944444444447,346.0,80.945
TSU,521.9094444444444,346.0,80.945
TSU,537.3316666666666,347.0,80.945
TSU,564.3205555555555,347.0,80.945
TSU,610.7205555555555,348.0,80.945
TSU,630.0538888888889,348.0,80.945
TSU,649.2905555555556,348.0,80.945
TSU,664.7572222222223,348.0,80.945
TSU,703.423888888889,348.0,80.945
TSU,718.8461111111112,347.0,80.945
TSU,741.9794444444445,347.0,80.945
TSU,757.4016666666668,347.0,80.945
TSU,783.8461111111111,340.0,80.945
TSU,804.9238888888889,271.0,80.945
TSU,824.3905555555556,219.0,80.945
TSU,835.2794444444445,196.0,80.945
TSU,845.1127777777778,177.0,80.945
TSU,852.535,167.0,80.945
TSU,863.5016666666666,141.0,80.945
TSU,869.1905555555554,128.0,80.945
TSU,875.746111111111,118.0,80.945
TSU,882.8794444444443,107.0,80.945
TSU,893.2127777777775,93.0,80.945
TSU,897.0794444444442,87.0,80.945
TSU,903.6127777777776,84.0,80.945
TSU,911.6127777777776,80.0,80.945
TSU,916.1127777777776,81.0,80.945
TSU,919.7799999999999,82.0,80.945
TSU,927.0688888888888,82.0,80.945
TSU,934.091111111111,79.0,80.945
TSU,937.5577777777777,78.0,80.945
TSU,944.1355555555555,74.0,80.945
TSU,947.4688888888888,75.0,80.945
TSU,951.7466666666666,77.0,80.945
TSU,955.3911111111111,82.0,80.945
TSU,961.1005555555555,86.0,80.945
TSU,969.1894444444443,91.0,80.945
TSU,980.5894444444443,114.0,80.945
TSU,990.6227777777776,129.0,80.945
TSU,999.956111111111,140.0,80.945
TSU,1012.1672222222221,157.0,80.945
TSU,1027.367222222222,171.0,80.945
TSU,1041.678333333333,184.0,80.945
TSU,1052.1227777777776,188.0,80.945
TSU,1072.8227777777777,207.0,80.945
TSU,1084.7116666666666,214.0,80.945
TSU,1099.378333333333,220.0,80.945
TSU,1109.2894444444441,223.0,80.945
TSU,1135.6227777777776,237.0,80.945
TSU,1157.4005555555555,245.0,80.945
TSU,1171.2338888888887,249.0,80.945
TSU,1188.1672222222219,254.0,80.945
TSU,1202.5722222222219,258.0,80.945
TSU,1219.9055555555553,260.0,80.945
TSU,1253.0277777777774,271.0,80.945
TSU,1268.2499999999995,274.0,80.945
TSU,1295.9499999999998,277.0,80.945
TSU,1311.3388888888887,277.0,80.945
TSU,1333.6611111111108,287.0,80.945
TSU,1346.4611111111108,288.0,80.945
TSU,1365.7802777777774,291.0,80.945
TSU,1382.0580555555553,293.0,80.945
TSU,1398.3358333333333,293.0,80.945
TSU,1411.4469444444444,295.0,80.945
TSU,1427.8358333333333,295.0,80.945
TSU,1447.835833333333,300.0,80.945
TSU,1467.9691666666665,302.0,80.945
TSU,1494.9913888888889,304.0,80.945
TSU,1511.9358333333332,305.0,80.945
TSU,1532.4024999999997,307.0,80.945
TSU,1549.5691666666662,309.0,80.945
TSU,1566.7913888888886,310.0,80.945
TSU,1584.0691666666662,311.0,80.945
TSU,1608.3358333333326,312.0,80.945
TSU,1629.2024999999994,313.0,80.945
TSU,1660.6024999999993,314.0,80.945
TSU,1681.6691666666661,316.0,80.945
TSU,1702.7358333333327,316.0,80.945
TSU,1724.0024999999991,319.0,80.945
TSU,1748.9022222222216,319.0,80.945
TSU,1781.0022222222215,321.0,80.945
TSU,1798.8911111111104,322.0,80.945
TSU,1816.8355555555547,323.0,80.945
TSU,1831.2355555555548,324.0,80.945
TSU,1863.7355555555548,325.0,80.945
TSU,1885.4688888888884,326.0,80.945
TSU,1910.824444444444,326.0,80.945
TSU,1943.3338888888884,326.0,80.945
TSU,1957.8227777777772,326.0,80.945
TSU,1992.1561111111105,309.0,80.945
TSU,2010.489444444444,275.0,80.945
TSU,2020.889444444444,234.0,80.945
TSU,2037.1449999999995,209.0,80.945
TSU,2045.4561111111107,187.0,80.945
TSU,2054.7338888888885,167.0,80.945
TSU,2063.122777777777,151.0,80.945
TSU,2069.3449999999993,140.0,80.945
TSU,2078.011666666666,130.0,80.945
TSU,2088.589444444444,119.0,80.945
TSU,2097.222777777777,111.0,80.945
TSU,2106.822777777777,108.0,80.945
TSU,2114.9894444444435,105.0,80.945
TSU,2122.1227777777767,107.0,80.945
TSU,2129.85611111111,116.0,80.945
TSU,2136.578333333332,121.0,80.945
TSU,2144.8449999999984,124.0,80.945
TSU,2161.1374999999985,133.0,80.945
TSU,2174.026388888887,145.0,80.945
TSU,2182.081944444443,145.0,80.945
TSU,2197.104166666665,169.0,80.945
TSU,2206.7708333333317,174.0,80.945
TSU,2228.215277777776,193.0,80.945
TSU,2239.104166666665,196.0,80.945
TSU,2260.4447222222207,214.0,80.945
TSU,2280.0002777777763,220.0,80.945
TSU,2292.5558333333315,226.0,80.945
TSU,2318.4447222222207,233.0,80.945
TSU,2342.744722222221,243.0,80.945
TSU,2370.6336111111095,251.0,80.945
TSU,2384.800277777776,255.0,80.945
TSU,2405.1002777777762,261.0,80.945
TSU,2428.800277777776,237.0,80.945
TSU,2448.178055555554,218.0,80.945
TSU,2466.755833333332,209.0,80.945
TSU,2480.3558333333317,204.0,80.945
TSU,2493.6224999999986,199.0,80.945
TSU,2513.0224999999987,194.0,80.945
TSU,2524.021666666665,197.0,80.945
TSU,2553.921666666665,207.0,80.945
TSU,2575.321666666665,214.0,80.945
TSU,2602.8216666666654,225.0,80.945
TSU,2620.9438888888876,233.0,80.945
TSU,2639.221666666665,235.0,80.945
TSU,2655.488333333332,244.0,80.945
TSU,2683.418333333332,252.0,80.945
TSU,2706.2627777777766,257.0,80.945
TSU,2726.562777777777,261.0,80.945
TSU,2759.0738888888877,266.0,80.945
TSU,2781.7738888888875,227.0,80.945
TSU,2797.1738888888876,198.0,80.945
TSU,2808.007222222221,195.0,80.945
TSU,2826.707222222221,187.0,80.945
TSU,2845.107222222221,184.0,80.945
TSU,2855.5516666666654,188.0,80.945
TSU,2882.084999999999,199.0,80.945
TSU,2895.751666666666,205.0,80.945
TSU,2914.684999999999,213.0,80.945
TSU,2924.4183333333326,219.0,80.945
TSU,2939.4808333333326,225.0,80.945
TSU,2949.4808333333326,225.0,80.945
TSU,2962.4252777777774,233.0,80.945
TSU,2980.936388888889,238.0,80.945
TSU,2991.8252777777775,245.0,80.945
TSU,3014.0474999999997,250.0,80.945
TSU,3028.0474999999997,252.0,80.945
TSU,3039.514166666666,258.0,80.945
TSU,3056.9808333333326,262.0,80.945
TSU,3083.8808333333327,269.0,80.945
TSU,3111.6036111111107,278.0,80.945
TSU,3127.3813888888885,284.0,80.945
TSU,3143.270277777777,286.0,80.945
TSU,3165.6702777777773,288.0,80.945
TSU,3188.459166666666,293.0,80.945
TSU,3208.2591666666663,297.0,80.945
TSU,3235.1036111111107,302.0,80.945
TSU,3248.5258333333327,302.0,80.945
TSU,3275.9036111111104,308.0,80.945
TSU,3310.4591666666656,311.0,80.945
TSU,3338.2813888888877,313.0,80.945
TSU,3355.892499999999,317.0,80.945
TSU,3369.9813888888875,317.0,80.945
TSU,3394.7924999999987,319.0,80.945
TSU,3434.514722222221,325.0,80.945
TSU,3449.049444444443,325.0,80.945
TSU,3478.2049999999986,328.0,80.945
TSU,3507.627222222221,331.0,80.945
TSU,3522.3383333333327,331.0,80.945
TSU,3544.538333333332,333.0,80.945
TSU,3563.0383333333325,333.0,80.945
TSU,3589.093888888888,335.0,80.945
TSU,3619.049444444444,337.0,80.945
TSU,3634.0272222222216,337.0,80.945
TSU,3660.3161111111103,338.0,80.945
TSU,3690.4494444444435,339.0,80.945
TSU,3713.0216666666656,340.0,80.945
TSU,3739.543888888888,341.0,80.945
TSU,3762.210555555555,340.0,80.945
TSU,3781.099444444444,340.0,80.945
TSU,3799.432777777777,330.0,80.945
TSU,3833.4105555555548,278.0,80.945
TSU,3856.966111111111,212.0,80.945
TSU,3867.910555555555,197.0,80.945
TSU,3876.088333333333,184.0,80.945
TSU,3896.9883333333332,171.0,80.945
TSU,3904.543888888889,170.0,80.945
TSU,3912.099444444444,170.0,80.945
TSU,3925.788333333333,176.0,80.945
TSU,3944.588333333333,188.0,80.945
TSU,3955.5316666666663,196.0,80.945
TSU,3964.3761111111107,199.0,80.945
TSU,3983.220555555555,212.0,80.945
TSU,3999.865,214.0,80.945
TSU,4012.087222222222,220.0,80.945
TSU,4027.0872222222215,225.0,80.945
TSU,4039.809444444444,229.0,80.945
TSU,4060.9649999999997,238.0,80.945
TSU,4088.5205555555553,248.0,80.945
TSU,4105.120555555555,249.0,80.945
TSU,4116.320555555555,252.0,80.945
TSU,4147.904166666666,259.0,80.945
TSU,4171.459722222222,265.0,80.945
TSU,4198.559722222222,271.0,80.945
TSU,4223.093055555556,276.0,80.945
TSU,4241.82638888889,281.0,80.945
TSU,4254.315277777779,281.0,80.945
TSU,4279.915277777779,288.0,80.945
TSU,4312.470833333335,293.0,80.945
TSU,4345.470833333335,297.0,80.945
TSU,4362.137500000002,300.0,80.945
TSU,4389.070833333335,303.0,80.945
TSU,4412.870833333335,306.0,80.945
TSU,4426.470833333335,306.0,80.945
TSU,4461.00138888889,310.0,80.945
TSU,4478.279166666668,311.0,80.945
TSU,4495.612500000002,312.0,80.945
TSU,4537.612500000002,315.0,80.945
TSU,4555.223611111112,317.0,80.945
TSU,4583.579166666668,319.0,80.945
TSU,4608.545833333335,321.0,80.945
TSU,4622.812500000002,321.0,80.945
TSU,4651.434722222223,322.0,80.945
TSU,4669.434722222223,324.0,80.945
TSU,4687.434722222223,324.0,80.945
TSU,4716.321944444446,326.0,80.945
TSU,4734.433055555557,326.0,80.945
TSU,4748.96638888889,327.0,80.945
TSU,4778.033055555556,327.0,80.945
TSU,4803.544166666667,328.0,80.945
TSU,4825.410833333334,328.0,80.945
TSU,4847.2775,328.0,80.945
TSU,4865.499722222223,328.0,80.945
TSU,4883.777500000001,329.0,80.945
TSU,4920.333055555556,329.0,80.945
TSU,4934.999722222222,330.0,80.945
TSU,4956.999722222223,330.0,80.945
TSU,4971.7108333333335,331.0,80.945
TSU,4990.099722222223,331.0,80.945
TSU,5007.655277777779,316.0,80.945
TSU,5023.655277777778,288.0,80.945
TSU,5043.637500000001,256.0,80.945
TSU,5059.637500000001,240.0,80.945
TSU,5081.137500000001,215.0,80.945
TSU,5095.0041666666675,208.0,80.945
TSU,5110.715277777778,202.0,80.945
TSU,5123.8486111111115,197.0,80.945
TSU,5138.859722222222,193.0,80.945
TSU,5152.259722222222,201.0,80.945
TSU,5170.837500000001,209.0,80.945
TSU,5185.104166666667,214.0,80.945
TSU,5197.270833333334,219.0,80.945
TSU,5220.007500000001,228.0,80.945
TSU,5232.951944444445,233.0,80.945
TSU,5256.751944444445,238.0,80.945
TSU,5267.463055555556,241.0,80.945
TSU,5280.963055555556,243.0,80.945
TSU,5300.4075,250.0,80.945
TSU,5323.163055555557,256.0,80.945
TSU,5337.496388888889,258.0,80.945
TSU,5354.896388888889,261.0,80.945
TSU,5366.718611111111,266.0,80.945
TSU,5378.674166666667,269.0,80.945
TSU,5396.874166666667,273.0,80.945
TSU,5415.274166666667,276.0,80.945
TSU,5427.585277777778,277.0,80.945
TSU,5443.1963888888895,281.0,80.945
TSU,5455.818611111112,284.0,80.945
TSU,5474.897777777778,285.0,80.945
TSU,5494.1644444444455,289.0,80.945
TSU,5507.097777777779,291.0,80.945
TSU,5530.042222222223,295.0,80.945
TSU,5553.142222222224,297.0,80.945
TSU,5576.475555555557,300.0,80.945
TSU,5596.60888888889,302.0,80.945
TSU,5630.608888888891,306.0,80.945
TSU,5661.50888888889,309.0,80.945
TSU,5685.697777777779,311.0,80.945
TSU,5716.997777777779,313.0,80.945
TSU,5741.575555555557,316.0,80.945
STR,10.3025,317.0,81.013
STR,24.435833333333335,318.0,81.013
STR,60.102500000000006,321.0,81.013
STR,85.14694444444444,322.0,81.013
STR,99.54694444444445,324.0,81.013
STR,117.65805555555556,326.0,81.013
STR,139.45805555555557,327.0,81.013
STR,157.6802777777778,328.0,81.013
STR,175.9580555555556,329.0,81.013
STR,209.0580555555556,331.0,81.013
STR,223.76916666666668,331.0,81.013
STR,242.2691666666667,333.0,81.013
STR,268.32472222222225,335.0,81.013
STR,290.7247222222223,336.0,81.013
STR,335.7516666666667,337.0,81.013
STR,354.5294444444445,338.0,81.013
STR,392.3072222222222,340.0,81.013
STR,430.1961111111111,341.0,81.013
STR,464.39611111111117,342.0,81.013
STR,487.2627777777778,343.0,81.013
STR,502.50722222222225,343.0,81.013
STR,525.3738888888889,343.0,81.013
STR,567.4447222222223,345.0,81.013
STR,590.4447222222223,345.0,81.013
STR,617.2780555555555,345.0,81.013
STR,647.9447222222223,345.0,81.013
STR,674.8558333333334,346.0,81.013
STR,697.8558333333334,345.0,81.013
STR,732.3558333333333,345.0,81.013
STR,755.2225,343.0,81.013
STR,789.0224999999999,338.0,81.013
STR,812.4336111111111,301.0,81.013
STR,826.0447222222222,245.0,81.013
STR,847.3447222222221,213.0,81.013
STR,863.6447222222222,163.0,81.013
STR,873.8699999999999,131.0,81.013
STR,885.3699999999999,115.0,81.013
STR,895.2699999999999,99.0,81.013
STR,904.2699999999999,90.0,81.013
STR,909.1033333333332,87.0,81.013
STR,916.5699999999999,84.0,81.013
STR,926.0144444444444,85.0,81.013
STR,934.1144444444444,81.0,81.013
STR,937.5811111111111,78.0,81.013
STR,942.5144444444445,74.0,81.013
STR,948.0169444444446,71.0,81.013
STR,951.8502777777779,69.0,81.013
STR,955.8502777777779,72.0,81.013
STR,959.3169444444446,78.0,81.013
STR,962.7836111111113,78.0,81.013
STR,969.7058333333335,89.0,81.013
STR,978.5947222222223,100.0,81.013
STR,987.5391666666668,115.0,81.013
STR,993.0947222222223,125.0,81.013
STR,1002.0280555555557,134.0,81.013
STR,1008.2502777777779,140.0,81.013
STR,1020.7725000000002,161.0,81.013
STR,1028.150277777778,166.0,81.013
STR,1035.9280555555558,175.0,81.013
STR,1050.6280555555559,189.0,81.013
STR,1065.9502777777782,197.0,81.013
STR,1086.7077777777781,207.0,81.013
STR,1096.3522222222223,217.0,81.013
STR,1106.13,220.0,81.013
STR,1123.9411111111112,229.0,81.013
STR,1142.3744444444446,237.0,81.013
STR,1155.818888888889,242.0,81.013
STR,1175.107777777778,248.0,81.013
STR,1189.1633333333334,253.0,81.013
STR,1206.2966666666666,257.0,81.013
STR,1229.6744444444444,263.0,81.013
STR,1247.5411111111111,268.0,81.013
STR,1268.6188888888887,271.0,81.013
STR,1290.0088888888888,276.0,81.013
STR,1321.2311111111112,281.0,81.013
STR,1343.3977777777777,285.0,81.013
STR,1362.5311111111112,287.0,81.013
STR,1388.4866666666667,292.0,81.013
STR,1404.7088888888889,292.0,81.013
STR,1424.3755555555554,295.0,81.013
STR,1457.4866666666667,298.0,81.013
STR,1470.7755555555557,299.0,81.013
STR,1487.5533333333335,302.0,81.013
STR,1517.9533333333334,304.0,81.013
STR,1538.3533333333335,306.0,81.013
STR,1558.82,307.0,81.013
STR,1579.4388888888889,308.0,81.013
STR,1593.1722222222222,309.0,81.013
STR,1606.95,310.0,81.013
STR,1627.6833333333336,311.0,81.013
STR,1669.55,314.0,81.013
STR,1683.55,315.0,81.013
STR,1697.5944444444444,316.0,81.013
STR,1715.1500000000003,316.0,81.013
STR,1729.1944444444446,316.0,81.013
STR,1750.3944444444448,318.0,81.013
STR,1771.5944444444447,318.0,81.013
STR,1789.3722222222227,320.0,81.013
STR,1817.9055555555558,321.0,81.013
STR,1835.7388888888893,321.0,81.013
STR,1850.005555555556,321.0,81.013
STR,1871.3827777777778,322.0,81.013
STR,1889.3272222222226,323.0,81.013
STR,1921.6272222222226,323.0,81.013
STR,1953.8272222222226,322.0,81.013
STR,1971.7161111111116,322.0,81.013
STR,1989.5494444444448,321.0,81.013
STR,2006.8827777777783,312.0,81.013
STR,2026.6383333333338,254.0,81.013
STR,2043.8272222222226,221.0,81.013
STR,2053.6494444444447,221.0,81.013
STR,2070.871666666667,155.0,81.013
STR,2080.2050000000004,140.0,81.013
STR,2088.6050000000005,126.0,81.013
STR,2101.6375000000003,117.0,81.013
STR,2106.704166666667,114.0,81.013
STR,2116.1263888888893,106.0,81.013
STR,2122.181944444445,109.0,81.013
STR,2128.5152777777785,114.0,81.013
STR,2140.5152777777785,120.0,81.013
STR,2150.1597222222226,124.0,81.013
STR,2158.6263888888893,127.0,81.013
STR,2177.4263888888895,141.0,81.013
STR,2185.870833333334,152.0,81.013
STR,2197.004166666667,167.0,81.013
STR,2208.7375000000006,176.0,81.013
STR,2220.953055555556,184.0,81.013
STR,2236.1197222222227,195.0,81.013
STR,2244.7863888888896,195.0,81.013
STR,2261.2752777777782,212.0,81.013
STR,2288.7752777777787,225.0,81.013
STR,2298.997500000001,230.0,81.013
STR,2312.0530555555565,235.0,81.013
STR,2322.58638888889,237.0,81.013
STR,2333.38638888889,243.0,81.013
STR,2352.753055555557,249.0,81.013
STR,2386.753055555557,255.0,81.013
STR,2418.5308333333346,260.0,81.013
STR,2430.1586111111124,260.0,81.013
STR,2443.714166666668,244.0,81.013
STR,2453.8919444444455,229.0,81.013
STR,2474.9919444444454,211.0,81.013
STR,2488.6586111111124,205.0,81.013
STR,2504.0586111111124,198.0,81.013
STR,2514.8363888888903,194.0,81.013
STR,2525.7808333333346,197.0,81.013
STR,2536.9475000000016,201.0,81.013
STR,2550.614166666668,205.0,81.013
STR,2577.380833333335,219.0,81.013
STR,2589.7697222222237,223.0,81.013
STR,2602.4363888888906,228.0,81.013
STR,2620.636388888891,234.0,81.013
STR,2642.0802777777794,242.0,81.013
STR,2672.6358333333355,250.0,81.013
STR,2701.08027777778,256.0,81.013
STR,2727.18027777778,261.0,81.013
STR,2744.78027777778,264.0,81.013
STR,2765.235833333336,263.0,81.013
STR,2778.1247222222246,232.0,81.013
STR,2796.258055555558,204.0,81.013
STR,2804.7913888888916,192.0,81.013
STR,2817.1247222222246,185.0,81.013
STR,2827.2913888888916,183.0,81.013
STR,2835.207222222225,177.0,81.013
STR,2859.3405555555582,181.0,81.013
STR,2867.518333333336,184.0,81.013
STR,2894.5850000000028,203.0,81.013
STR,2903.7405555555583,206.0,81.013
STR,2923.029444444447,217.0,81.013
STR,2943.118333333336,226.0,81.013
STR,2961.3961111111134,235.0,81.013
STR,2982.9072222222244,242.0,81.013
STR,2996.629444444447,247.0,81.013
STR,3010.573888888892,251.0,81.013
STR,3024.7405555555583,255.0,81.013
STR,3039.185000000003,260.0,81.013
STR,3053.8516666666696,264.0,81.013
STR,3090.042777777781,272.0,81.013
STR,3108.576111111114,278.0,81.013
STR,3124.242777777781,282.0,81.013
STR,3153.0427777777813,288.0,81.013
STR,3169.209444444448,291.0,81.013
STR,3195.43166666667,295.0,81.013
STR,3218.7650000000035,300.0,81.013
STR,3242.1761111111146,301.0,81.013
STR,3276.1761111111146,306.0,81.013
STR,3303.9069444444485,311.0,81.013
STR,3324.773611111115,313.0,81.013
STR,3342.162500000004,313.0,81.013
STR,3370.340277777782,317.0,81.013
STR,3391.606944444449,319.0,81.013
STR,3413.073611111115,322.0,81.013
STR,3434.6069444444483,323.0,81.013
STR,3459.884722222226,325.0,81.013
STR,3474.3736111111148,326.0,81.013
STR,3492.5958333333374,328.0,81.013
STR,3518.1847222222264,329.0,81.013
STR,3554.962500000004,331.0,81.013
STR,3573.406944444449,332.0,81.013
STR,3610.51805555556,334.0,81.013
STR,3643.925000000004,335.0,81.013
STR,3658.813888888893,335.0,81.013
STR,3673.7027777777816,335.0,81.013
STR,3710.9250000000043,335.0,81.013
STR,3729.4805555555595,334.0,81.013
STR,3755.4583333333376,334.0,81.013
STR,3781.3583333333377,333.0,81.013
STR,3822.1805555555597,334.0,81.013
STR,3837.0250000000046,334.0,81.013
STR,3854.913888888894,230.0,81.013
STR,3875.313888888894,204.0,81.013
STR,3891.9880555555605,187.0,81.013
STR,3902.1547222222275,183.0,81.013
STR,3912.043611111116,178.0,81.013
STR,3929.743611111116,177.0,81.013
STR,3937.6991666666718,179.0,81.013
STR,3952.399166666672,189.0,81.013
STR,3960.9769444444496,193.0,81.013
STR,3972.1436111111166,201.0,81.013
STR,3981.299166666672,206.0,81.013
STR,3990.5880555555614,209.0,81.013
STR,4004.988055555561,216.0,81.013
STR,4032.4880555555615,225.0,81.013
STR,4045.2102777777836,229.0,81.013
STR,4060.943611111117,236.0,81.013
STR,4091.010277777784,246.0,81.013
STR,4118.607777777784,249.0,81.013
STR,4138.441111111117,255.0,81.013
STR,4164.441111111117,260.0,81.013
STR,4179.107777777784,264.0,81.013
STR,4203.018888888895,269.0,81.013
STR,4221.152222222228,272.0,81.013
STR,4242.696666666673,277.0,81.013
STR,4267.496666666673,279.0,81.013
STR,4286.36333333334,283.0,81.013
STR,4299.074444444451,286.0,81.013
STR,4321.710555555563,290.0,81.013
STR,4334.643888888896,291.0,81.013
STR,4364.143888888896,295.0,81.013
STR,4383.943888888896,297.0,81.013
STR,4403.943888888896,300.0,81.013
STR,4424.0772222222295,302.0,81.013
STR,4457.966111111119,305.0,81.013
STR,4492.188333333341,308.0,81.013
STR,4509.410555555563,310.0,81.013
STR,4537.143888888897,312.0,81.013
STR,4568.643888888897,315.0,81.013
STR,4582.688333333341,316.0,81.013
STR,4596.777222222229,317.0,81.013
STR,4614.388333333341,317.0,81.013
STR,4632.055000000008,318.0,81.013
STR,4649.77722222223,319.0,81.013
STR,4674.5772222222295,320.0,81.013
STR,4692.410555555563,321.0,81.013
STR,4721.032777777785,322.0,81.013
STR,4738.977222222229,323.0,81.013
STR,4756.921666666673,323.0,81.013
STR,4774.9216666666725,324.0,81.013
STR,4800.121666666672,324.0,81.013
STR,4818.121666666672,324.0,81.013
STR,4843.243888888895,323.0,81.013
STR,4864.7772222222275,323.0,81.013
STR,4886.3333333333385,322.0,81.013
STR,4918.43333333334,321.0,81.013
STR,4957.544444444451,320.0,81.013
STR,4978.877777777784,320.0,81.013
STR,5000.211111111117,320.0,81.013
STR,5025.988888888895,290.0,81.013
STR,5043.722222222228,266.0,81.013
STR,5054.700000000005,247.0,81.013
STR,5065.677777777783,247.0,81.013
STR,5080.54444444445,223.0,81.013
STR,5092.711111111117,219.0,81.013
STR,5113.411111111117,207.0,81.013
STR,5131.277777777783,201.0,81.013
STR,5146.366666666671,194.0,81.013
STR,5155.033333333338,195.0,81.013
STR,5170.433333333338,198.0,81.013
STR,5196.0416666666715,210.0,81.013
STR,5207.93055555556,214.0,81.013
STR,5232.819444444449,224.0,81.013
STR,5261.419444444449,234.0,81.013
STR,5274.641666666671,238.0,81.013
STR,5304.83055555556,247.0,81.013
STR,5335.94555555556,254.0,81.013
STR,5361.94555555556,260.0,81.013
STR,5373.634444444449,263.0,81.013
STR,5388.4677777777815,267.0,81.013
STR,5400.467777777782,270.0,81.013
STR,5421.778888888894,274.0,81.013
STR,5437.167777777781,277.0,81.013
STR,5449.523333333338,278.0,81.013
STR,5468.323333333337,282.0,81.013
STR,5480.94555555556,284.0,81.013
STR,5500.012222222227,286.0,81.013
STR,5512.812222222226,288.0,81.013
STR,5528.978888888893,291.0,81.013
STR,5548.578888888893,294.0,81.013
STR,5568.3122222222255,296.0,81.013
STR,5581.4677777777815,296.0,81.013
STR,5608.223333333336,301.0,81.013
STR,5638.523333333336,303.0,81.013
STR,5658.790000000003,304.0,81.013
STR,5672.301111111115,304.0,81.013
STR,5685.771944444447,305.0,81.013
STR,5699.371944444447,306.0,81.013
STR,5726.571944444448,306.0,81.013
STR,5750.527500000003,308.0,81.013
COL,2.7383333333333333,318.0,81.061
COL,27.627222222222223,320.0,81.061
COL,56.24944444444445,322.0,81.061
COL,85.22722222222222,326.0,81.061
COL,125.31611111111113,328.0,81.061
COL,158.31611111111113,330.0,81.061
COL,184.13833333333338,332.0,81.061
COL,202.63833333333335,333.0,81.061
COL,239.86055555555555,335.0,81.061
COL,258.52722222222224,336.0,81.061
COL,288.57166666666666,338.0,81.061
COL,311.1716666666667,339.0,81.061
COL,337.69388888888886,341.0,81.061
COL,352.84944444444443,341.0,81.061
COL,375.6494444444444,342.0,81.061
COL,413.7605555555555,343.0,81.061
COL,432.87166666666667,344.0,81.061
COL,448.16055555555556,344.0,81.061
COL,463.4494444444444,344.0,81.061
COL,497.94944444444445,345.0,81.061
COL,517.1161111111111,345.0,81.061
COL,536.3383333333334,346.0,81.061
COL,574.8938888888889,347.0,81.061
COL,613.5605555555557,348.0,81.061
COL,644.493888888889,348.0,81.061
COL,663.8272222222223,348.0,81.061
COL,714.0938888888891,348.0,81.061
COL,744.9383333333335,347.0,81.061
COL,783.382777777778,346.0,81.061
COL,805.7827777777779,288.0,81.061
COL,817.0716666666668,254.0,81.061
COL,829.4050000000002,222.0,81.061
COL,844.5716666666668,195.0,81.061
COL,852.3050000000002,174.0,81.061
COL,867.1938888888891,134.0,81.061
COL,881.493888888889,117.0,81.061
COL,887.2716666666668,104.0,81.061
COL,891.6716666666667,99.0,81.061
COL,898.7494444444445,91.0,81.061
COL,903.5827777777779,87.0,81.061
COL,907.2272222222224,82.0,81.061
COL,916.0269444444447,79.0,81.061
COL,921.4044444444447,81.0,81.061
COL,929.6044444444447,82.0,81.061
COL,934.8711111111113,79.0,81.061
COL,938.8711111111113,72.0,81.061
COL,947.3044444444447,69.0,81.061
COL,952.2377777777781,74.0,81.061
COL,956.5711111111115,78.0,81.061
COL,961.2933333333336,85.0,81.061
COL,968.3711111111114,91.0,81.061
COL,976.4600000000003,104.0,81.061
COL,988.6600000000002,122.0,81.061
COL,999.3933333333335,138.0,81.061
COL,1005.5266666666669,138.0,81.061
COL,1016.1266666666669,159.0,81.061
COL,1023.4155555555557,164.0,81.061
COL,1046.2711111111114,187.0,81.061
COL,1070.5933333333335,199.0,81.061
COL,1082.2600000000002,210.0,81.061
COL,1096.66,216.0,81.061
COL,1119.46,228.0,81.061
COL,1143.36,239.0,81.061
COL,1159.6266666666668,244.0,81.061
COL,1179.2186111111112,251.0,81.061
COL,1204.8472222222224,257.0,81.061
COL,1234.2916666666667,265.0,81.061
COL,1255.2916666666667,270.0,81.061
COL,1279.7361111111113,275.0,81.061
COL,1295.1805555555557,278.0,81.061
COL,1313.9805555555556,282.0,81.061
COL,1326.6027777777779,284.0,81.061
COL,1339.313888888889,286.0,81.061
COL,1352.113888888889,288.0,81.061
COL,1371.4472222222225,290.0,81.061
COL,1397.580555555556,294.0,81.061
COL,1417.380555555556,297.0,81.061
COL,1443.9583333333337,299.0,81.061
COL,1460.6805555555559,301.0,81.061
COL,1477.4583333333337,302.0,81.061
COL,1501.1027777777783,304.0,81.061
COL,1521.5027777777782,306.0,81.061
COL,1545.458333333334,308.0,81.061
COL,1586.9250000000006,311.0,81.061
COL,1604.258333333334,312.0,81.061
COL,1639.147222222223,314.0,81.061
COL,1653.147222222223,315.0,81.061
COL,1684.747222222223,316.0,81.061
COL,1709.480555555556,318.0,81.061
COL,1723.7022222222229,318.0,81.061
COL,1752.0577777777785,319.0,81.061
COL,1783.9688888888895,320.0,81.061
COL,1809.013333333334,322.0,81.061
COL,1826.9577777777783,323.0,81.061
COL,1844.9577777777786,324.0,81.061
COL,1870.2355555555562,325.0,81.061
COL,1888.2911111111116,325.0,81.061
COL,1931.624444444445,325.0,81.061
COL,1946.0688888888894,325.0,81.061
COL,1974.8688888888894,324.0,81.061
COL,1992.5911111111116,319.0,81.061
COL,2016.5022222222226,269.0,81.061
COL,2034.0800000000004,226.0,81.061
COL,2046.946666666667,193.0,81.061
COL,2061.7911111111116,167.0,81.061
COL,2076.1911111111117,144.0,81.061
COL,2083.5800000000004,133.0,81.061
COL,2091.78,123.0,81.061
COL,2099.7133333333336,119.0,81.061
COL,2108.5800000000004,114.0,81.061
COL,2114.8022222222226,112.0,81.061
COL,2123.6688888888893,114.0,81.061
COL,2131.6022222222227,119.0,81.061
COL,2137.1577777777784,125.0,81.061
COL,2144.1927777777782,126.0,81.061
COL,2155.481666666667,127.0,81.061
COL,2167.444166666667,135.0,81.061
COL,2181.544166666667,141.0,81.061
COL,2191.6775000000002,152.0,81.061
COL,2202.744166666667,166.0,81.061
COL,2214.2775,173.0,81.061
COL,2233.2775,190.0,81.061
COL,2256.055277777778,205.0,81.061
COL,2279.610833333334,212.0,81.061
COL,2296.8775000000005,222.0,81.061
COL,2320.3775000000005,235.0,81.061
COL,2331.0441666666675,240.0,81.061
COL,2347.377500000001,245.0,81.061
COL,2369.777500000001,252.0,81.061
COL,2381.110833333334,255.0,81.061
COL,2401.2552777777787,259.0,81.061
COL,2421.3997222222233,259.0,81.061
COL,2440.0663888888903,240.0,81.061
COL,2460.5108333333346,230.0,81.061
COL,2478.9997222222237,208.0,81.061
COL,2490.221944444446,202.0,81.061
COL,2507.5552777777793,195.0,81.061
COL,2520.5425000000014,194.0,81.061
COL,2535.786944444446,196.0,81.061
COL,2548.986944444446,198.0,81.061
COL,2569.729166666668,208.0,81.061
COL,2591.7291666666683,220.0,81.061
COL,2604.340277777779,227.0,81.061
COL,2619.6736111111127,230.0,81.061
COL,2630.029166666668,233.0,81.061
COL,2648.5402777777795,238.0,81.061
COL,2667.595833333335,245.0,81.061
COL,2678.6625000000017,249.0,81.061
COL,2704.162500000002,255.0,81.061
COL,2718.551388888891,259.0,81.061
COL,2736.1513888888912,264.0,81.061
COL,2763.929166666669,250.0,81.061
COL,2774.5513888888913,239.0,81.061
COL,2786.718055555558,219.0,81.061
COL,2802.2736111111135,200.0,81.061
COL,2817.206944444447,192.0,81.061
COL,2833.4736111111138,183.0,81.061
COL,2845.5402777777804,181.0,81.061
COL,2861.54027777778,180.0,81.061
COL,2876.0069444444466,186.0,81.061
COL,2884.4513888888914,190.0,81.061
COL,2902.2291666666692,200.0,81.061
COL,2916.220555555558,209.0,81.061
COL,2935.4205555555577,216.0,81.061
COL,2955.153888888891,222.0,81.061
COL,2973.2113888888907,233.0,81.061
COL,2997.511388888891,243.0,81.061
COL,3025.7336111111135,254.0,81.061
COL,3040.011388888891,257.0,81.061
COL,3051.4336111111134,257.0,81.061
COL,3078.133611111113,267.0,81.061
COL,3108.689166666669,275.0,81.061
COL,3127.289166666669,279.0,81.061
COL,3149.4558333333352,285.0,81.061
COL,3185.0225000000023,291.0,81.061
COL,3201.3558333333353,294.0,81.061
COL,3234.578055555558,299.0,81.061
COL,3265.078055555558,305.0,81.061
COL,3282.022500000002,305.0,81.061
COL,3306.133611111113,310.0,81.061
COL,3344.633611111113,315.0,81.061
COL,3362.2447222222245,317.0,81.061
COL,3390.689166666669,320.0,81.061
COL,3419.5791666666687,324.0,81.061
COL,3455.801388888891,326.0,81.061
COL,3470.379166666669,328.0,81.061
COL,3503.379166666669,330.0,81.061
COL,3529.186666666669,333.0,81.061
COL,3547.7422222222244,334.0,81.061
COL,3570.0088888888913,334.0,81.061
COL,3592.342222222225,335.0,81.061
COL,3622.2088888888916,336.0,81.061
COL,3648.49777777778,338.0,81.061
COL,3678.542222222224,338.0,81.061
COL,3708.49777777778,337.0,81.061
COL,3738.4533333333356,337.0,81.061
COL,3760.8533333333357,336.0,81.061
COL,3798.075555555558,335.0,81.061
COL,3821.253333333336,298.0,81.061
COL,3843.742222222225,253.0,81.061
COL,3853.9200000000023,229.0,81.061
COL,3863.2088888888916,209.0,81.061
COL,3874.0977777777807,196.0,81.061
COL,3886.8977777777804,192.0,81.061
COL,3895.4311111111138,192.0,81.061
COL,3909.6644444444473,183.0,81.061
COL,3923.664444444447,180.0,81.061
COL,3944.494166666669,187.0,81.061
COL,3955.049722222225,190.0,81.061
COL,3971.0719444444467,206.0,81.061
COL,3982.7386111111136,210.0,81.061
COL,4002.0275000000024,217.0,81.061
COL,4027.0758333333356,226.0,81.061
COL,4050.5758333333356,235.0,81.061
COL,4061.242500000002,240.0,81.061
COL,4085.842500000002,246.0,81.061
COL,4102.242500000002,246.0,81.061
COL,4119.109166666669,253.0,81.061
COL,4142.042500000002,258.0,81.061
COL,4168.3425000000025,263.0,81.061
COL,4238.109166666669,273.0,81.061
COL,4253.275833333335,273.0,81.061
COL,4268.998055555558,283.0,81.061
COL,4284.886944444446,286.0,81.061
COL,4304.086944444446,288.0,81.061
COL,4333.386944444446,293.0,81.061
COL,4349.775833333335,295.0,81.061
COL,4369.5091666666685,296.0,81.061
COL,4399.5091666666685,300.0,81.061
COL,4416.342500000002,303.0,81.061
COL,4443.538333333335,305.0,81.061
COL,4464.0716666666685,308.0,81.061
COL,4491.627222222223,310.0,81.061
COL,4519.449444444446,313.0,81.061
COL,4533.360555555557,313.0,81.061
COL,4550.717777777779,314.0,81.061
COL,4585.940000000001,317.0,81.061
COL,4617.840000000001,319.0,81.061
COL,4639.173333333334,320.0,81.061
COL,4657.006666666668,321.0,81.061
COL,4671.317777777779,322.0,81.061
COL,4696.440000000001,323.0,81.061
COL,4728.940000000001,325.0,81.061
COL,4750.6066666666675,325.0,81.061
COL,4790.5733333333355,327.0,81.061
COL,4827.017777777779,328.0,81.061
COL,4848.9511111111115,329.0,81.061
COL,4870.884444444446,329.0,81.061
COL,4903.884444444446,330.0,81.061
COL,4922.21777777778,330.0,81.061
COL,4947.884444444447,330.0,81.061
COL,4966.217777777779,330.0,81.061
COL,4980.840000000002,329.0,81.061
COL,5002.573333333335,326.0,81.061
COL,5031.653888888891,290.0,81.061
COL,5043.25388888889,261.0,81.061
COL,5064.587222222223,240.0,81.061
COL,5077.420555555557,231.0,81.061
COL,5099.620555555557,222.0,81.061
COL,5117.608611111113,203.0,81.061
COL,5144.008611111113,198.0,81.061
COL,5155.064166666669,199.0,81.061
COL,5173.108611111113,203.0,81.061
COL,5186.708611111112,204.0,81.061
COL,5203.275277777779,213.0,81.061
COL,5215.38638888889,218.0,81.061
COL,5225.164166666667,220.0,81.061
COL,5235.164166666668,225.0,81.061
COL,5253.130833333335,231.0,81.061
COL,5279.4641666666685,237.0,81.061
COL,5292.9641666666685,243.0,81.061
COL,5306.57527777778,245.0,81.061
COL,5337.6197222222245,254.0,81.061
COL,5351.953055555558,258.0,81.061
COL,5381.064166666669,262.0,81.061
COL,5411.286388888891,272.0,81.061
COL,5432.753055555559,276.0,81.061
COL,5461.031388888892,282.0,81.061
COL,5480.031388888892,285.0,81.061
COL,5505.72027777778,289.0,81.061
COL,5545.053611111114,295.0,81.061
COL,5558.253611111114,297.0,81.061
COL,5571.542500000004,299.0,81.061
COL,5594.947500000004,302.0,81.061
COL,5608.458611111115,304.0,81.061
COL,5628.791944444448,305.0,81.061
COL,5652.825277777782,309.0,81.061
COL,5666.60305555556,310.0,81.061
COL,5690.869722222226,312.0,81.061
COL,5715.291944444447,314.0,81.061
COL,5732.791944444447,315.0,81.061
COL,5750.291944444447,315.0,81.061
BOT,17.387500000000003,321.0,81.101
BOT,49.78750000000001,324.0,81.101
BOT,75.06527777777778,325.0,81.101
BOT,93.34305555555555,329.0,81.101
BOT,126.34305555555557,330.0,81.101
BOT,159.54305555555555,332.0,81.101
BOT,185.69166666666666,335.0,81.101
BOT,219.39166666666665,337.0,81.101
BOT,253.19166666666663,338.0,81.101
BOT,287.2916666666667,341.0,81.101
BOT,306.2916666666667,342.0,81.101
BOT,336.7805555555556,343.0,81.101
BOT,375.0027777777778,344.0,81.101
BOT,409.6027777777778,346.0,81.101
BOT,424.9805555555556,346.0,81.101
BOT,448.11388888888894,347.0,81.101
BOT,475.16138888888895,349.0,81.101
BOT,494.55027777777786,349.0,81.101
BOT,513.9391666666667,349.0,81.101
BOT,529.5391666666667,351.0,81.101
BOT,545.0947222222222,350.0,81.101
BOT,572.3947222222223,351.0,81.101
BOT,603.5947222222222,351.0,81.101
BOT,630.9725000000001,352.0,81.101
BOT,646.661388888889,353.0,81.101
BOT,670.1947222222223,353.0,81.101
BOT,685.8836111111111,353.0,81.101
BOT,713.3391666666666,353.0,81.101
BOT,728.9391666666667,351.0,81.101
BOT,744.5391666666667,351.0,81.101
BOT,771.5280555555556,347.0,81.101
BOT,795.0169444444444,302.0,81.101
BOT,820.5877777777778,255.0,81.101
BOT,830.7211111111111,228.0,81.101
BOT,839.7877777777778,204.0,81.101
BOT,853.9433333333334,182.0,81.101
BOT,865.9211111111111,154.0,81.101
BOT,874.0877777777779,147.0,81.101
BOT,883.2655555555557,118.0,81.101
BOT,889.2655555555557,108.0,81.101
BOT,895.9322222222223,100.0,81.101
BOT,903.6655555555557,87.0,81.101
BOT,909.1322222222224,82.0,81.101
BOT,915.4322222222224,81.0,81.101
BOT,921.2447222222224,75.0,81.101
BOT,929.9113888888891,78.0,81.101
BOT,935.6669444444447,74.0,81.101
BOT,940.600277777778,74.0,81.101
BOT,946.5558333333336,67.0,81.101
BOT,950.3336111111114,68.0,81.101
BOT,955.000277777778,70.0,81.101
BOT,963.7780555555559,79.0,81.101
BOT,967.5113888888892,84.0,81.101
BOT,972.4558333333337,89.0,81.101
BOT,982.9558333333337,105.0,81.101
BOT,990.5558333333337,114.0,81.101
BOT,998.8225000000003,124.0,81.101
BOT,1008.1947222222226,140.0,81.101
BOT,1014.639166666667,145.0,81.101
BOT,1021.5725000000004,156.0,81.101
BOT,1032.7058333333339,167.0,81.101
BOT,1058.0391666666671,190.0,81.101
BOT,1066.7502777777784,196.0,81.101
BOT,1075.7280555555562,202.0,81.101
BOT,1087.3391666666673,209.0,81.101
BOT,1096.894722222223,215.0,81.101
BOT,1111.6280555555563,221.0,81.101
BOT,1126.9613888888898,230.0,81.101
BOT,1140.072500000001,236.0,81.101
BOT,1161.583611111112,242.0,81.101
BOT,1175.3058333333342,247.0,81.101
BOT,1186.5502777777788,253.0,81.101
BOT,1203.5458333333345,256.0,81.101
BOT,1217.9347222222234,259.0,81.101
BOT,1244.7347222222234,268.0,81.101
BOT,1272.1347222222232,274.0,81.101
BOT,1287.5236111111124,277.0,81.101
BOT,1303.0791666666678,280.0,81.101
BOT,1318.912500000001,285.0,81.101
BOT,1341.0791666666678,285.0,81.101
BOT,1363.6347222222232,290.0,81.101
BOT,1376.5236111111121,290.0,81.101
BOT,1409.4125000000013,296.0,81.101
BOT,1429.412500000001,300.0,81.101
BOT,1449.4791666666679,301.0,81.101
BOT,1483.2300000000012,303.0,81.101
BOT,1496.7855555555568,305.0,81.101
BOT,1524.1633333333343,308.0,81.101
BOT,1541.3855555555567,310.0,81.101
BOT,1558.6633333333343,311.0,81.101
BOT,1590.0633333333342,314.0,81.101
BOT,1614.5633333333342,315.0,81.101
BOT,1635.6966666666674,317.0,81.101
BOT,1678.2300000000007,319.0,81.101
BOT,1696.0077777777783,320.0,81.101
BOT,1717.4744444444452,322.0,81.101
BOT,1739.0744444444451,324.0,81.101
BOT,1760.5844444444451,324.0,81.101
BOT,1785.862222222223,325.0,81.101
BOT,1800.3066666666673,325.0,81.101
BOT,1825.7400000000005,327.0,81.101
BOT,1865.9511111111117,329.0,81.101
BOT,1880.573333333334,329.0,81.101
BOT,1898.9066666666672,330.0,81.101
BOT,1913.573333333334,330.0,81.101
BOT,1928.2400000000007,330.0,81.101
BOT,1953.8288888888897,329.0,81.101
BOT,1996.8955555555563,323.0,81.101
BOT,2027.3288888888894,249.0,81.101
BOT,2037.301944444445,223.0,81.101
BOT,2048.5241666666675,202.0,81.101
BOT,2057.0130555555565,191.0,81.101
BOT,2072.1130555555565,151.0,81.101
BOT,2081.3797222222233,139.0,81.101
BOT,2091.0241666666675,124.0,81.101
BOT,2097.468611111112,116.0,81.101
BOT,2103.579722222223,110.0,81.101
BOT,2109.4130555555566,105.0,81.101
BOT,2116.34638888889,104.0,81.101
BOT,2129.9130555555566,111.0,81.101
BOT,2136.4686111111123,118.0,81.101
BOT,2143.4686111111123,126.0,81.101
BOT,2153.424166666668,128.0,81.101
BOT,2164.8550000000014,129.0,81.101
BOT,2181.84388888889,139.0,81.101
BOT,2199.732777777779,161.0,81.101
BOT,2217.632777777779,179.0,81.101
BOT,2230.032777777779,186.0,81.101
BOT,2245.355000000001,197.0,81.101
BOT,2256.74388888889,205.0,81.101
BOT,2275.8550000000014,215.0,81.101
BOT,2285.7216666666677,222.0,81.101
BOT,2300.921666666668,228.0,81.101
BOT,2313.866111111113,233.0,81.101
BOT,2324.5547222222235,239.0,81.101
BOT,2357.888055555557,250.0,81.101
BOT,2369.132500000001,253.0,81.101
BOT,2404.3325000000013,264.0,81.101
BOT,2416.1102777777787,265.0,81.101
BOT,2438.865833333334,256.0,81.101
BOT,2459.6658333333344,234.0,81.101
BOT,2477.088055555557,224.0,81.101
BOT,2495.488055555557,207.0,81.101
BOT,2506.654722222224,201.0,81.101
BOT,2517.5436111111126,196.0,81.101
BOT,2528.154722222224,191.0,81.101
BOT,2538.7658333333347,191.0,81.101
BOT,2549.5436111111126,194.0,81.101
BOT,2576.953055555557,206.0,81.101
BOT,2590.953055555557,210.0,81.101
BOT,2602.9530555555566,216.0,81.101
BOT,2625.7530555555572,228.0,81.101
BOT,2638.6975000000016,233.0,81.101
BOT,2660.030833333335,240.0,81.101
BOT,2679.2419444444463,247.0,81.101
BOT,2698.9975000000018,254.0,81.101
BOT,2727.9975000000018,261.0,81.101
BOT,2751.448333333335,263.0,81.101
BOT,2768.3816666666685,254.0,81.101
BOT,2781.2705555555576,232.0,81.101
BOT,2798.603888888891,195.0,81.101
BOT,2810.8705555555575,184.0,81.101
BOT,2822.803888888891,179.0,81.101
BOT,2834.5372222222245,176.0,81.101
BOT,2847.9150000000022,172.0,81.101
BOT,2855.515000000002,171.0,81.101
BOT,2865.3483333333356,177.0,81.101
BOT,2879.6594444444463,184.0,81.101
BOT,2901.6594444444468,198.0,81.101
BOT,2913.0483333333354,205.0,81.101
BOT,2937.2705555555576,218.0,81.101
BOT,2960.2066666666688,230.0,81.101
BOT,2970.5622222222246,233.0,81.101
BOT,2981.1844444444464,239.0,81.101
BOT,3008.851111111113,249.0,81.101
BOT,3022.962222222224,254.0,81.101
BOT,3043.1844444444464,260.0,81.101
BOT,3063.7955555555577,265.0,81.101
BOT,3097.528888888891,276.0,81.101
BOT,3109.8400000000015,277.0,81.101
BOT,3131.773333333335,282.0,81.101
BOT,3160.673333333335,289.0,81.101
BOT,3186.9775000000022,295.0,81.101
BOT,3203.366388888891,295.0,81.101
BOT,3220.033055555558,300.0,81.101
BOT,3250.533055555558,305.0,81.101
BOT,3264.133055555558,306.0,81.101
BOT,3288.244166666669,310.0,81.101
BOT,3302.110833333336,312.0,81.101
BOT,3319.55527777778,314.0,81.101
BOT,3333.5997222222245,316.0,81.101
BOT,3347.777500000002,319.0,81.101
BOT,3369.044166666669,319.0,81.101
BOT,3408.766388888891,325.0,81.101
BOT,3426.933055555558,327.0,81.101
BOT,3448.799722222225,328.0,81.101
BOT,3489.25527777778,331.0,81.101
BOT,3526.2736111111135,334.0,81.101
BOT,3552.4069444444467,336.0,81.101
BOT,3586.2069444444464,338.0,81.101
BOT,3604.984722222224,338.0,81.101
BOT,3635.206944444446,340.0,81.101
BOT,3657.9402777777796,341.0,81.101
BOT,3684.5402777777795,342.0,81.101
BOT,3714.9402777777796,342.0,81.101
BOT,3737.8069444444463,343.0,81.101
BOT,3753.095833333335,344.0,81.101
BOT,3779.790833333335,342.0,81.101
BOT,3794.990833333335,342.0,81.101
BOT,3826.290833333335,313.0,81.101
BOT,3843.8241666666677,263.0,81.101
BOT,3859.624166666668,237.0,81.101
BOT,3873.3575000000014,206.0,81.101
BOT,3894.3575000000014,189.0,81.101
BOT,3914.24638888889,179.0,81.101
BOT,3924.190833333335,179.0,81.101
BOT,3939.8352777777795,176.0,81.101
BOT,3957.8352777777795,180.0,81.101
BOT,3966.235277777779,189.0,81.101
BOT,3974.990833333335,197.0,81.101
BOT,3986.268611111113,203.0,81.101
BOT,3997.9352777777794,210.0,81.101
BOT,4009.768611111113,213.0,81.101
BOT,4026.663611111113,218.0,81.101
BOT,4039.052500000002,223.0,81.101
BOT,4059.7636111111133,233.0,81.101
BOT,4073.0413888888907,239.0,81.101
BOT,4086.4858333333354,242.0,81.101
BOT,4100.208055555558,247.0,81.101
BOT,4119.652500000002,250.0,81.101
BOT,4133.763611111113,254.0,81.101
BOT,4153.674722222225,256.0,81.101
BOT,4171.2080555555585,263.0,81.101
BOT,4189.082222222225,267.0,81.101
BOT,4216.482222222225,274.0,81.101
BOT,4250.704444444446,280.0,81.101
BOT,4269.571111111113,283.0,81.101
BOT,4288.704444444446,287.0,81.101
BOT,4314.571111111113,291.0,81.101
BOT,4334.104444444447,293.0,81.101
BOT,4347.304444444448,297.0,81.101
BOT,4360.548888888892,298.0,81.101
BOT,4380.615555555559,301.0,81.101
BOT,4397.393333333336,302.0,81.101
BOT,4427.9933333333365,306.0,81.101
BOT,4455.460000000004,309.0,81.101
BOT,4479.804444444449,313.0,81.101
BOT,4493.715555555559,313.0,81.101
BOT,4518.137777777782,314.0,81.101
BOT,4556.916111111114,318.0,81.101
BOT,4574.693888888893,320.0,81.101
BOT,4610.582777777782,323.0,81.101
BOT,4650.305000000004,325.0,81.101
BOT,4668.416111111115,326.0,81.101
BOT,4708.260555555559,326.0,81.101
BOT,4748.4405555555595,328.0,81.101
BOT,4781.4405555555595,330.0,81.101
BOT,4796.15166666667,331.0,81.101
BOT,4814.485000000004,330.0,81.101
BOT,4829.24055555556,332.0,81.101
BOT,4854.985000000004,331.0,81.101
BOT,4873.429444444449,332.0,81.101
BOT,4888.229444444448,333.0,81.101
BOT,4910.496111111114,334.0,81.101
BOT,4925.34055555556,334.0,81.101
BOT,4947.6072222222265,334.0,81.101
BOT,4962.4516666666705,334.0,81.101
BOT,4980.9516666666705,333.0,81.101
BOT,5002.95166666667,330.0,81.101
BOT,5024.018333333337,316.0,81.101
BOT,5037.485000000003,303.0,81.101
BOT,5061.396111111114,269.0,81.101
BOT,5085.196111111114,238.0,81.101
BOT,5100.262777777782,226.0,81.101
BOT,5109.9516666666705,218.0,81.101
BOT,5119.182500000004,209.0,81.101
BOT,5128.293611111116,205.0,81.101
BOT,5145.626944444449,195.0,81.101
BOT,5160.793611111116,195.0,81.101
BOT,5180.993611111116,202.0,81.101
BOT,5206.904722222226,212.0,81.101
BOT,5221.43805555556,218.0,81.101
BOT,5241.50055555556,225.0,81.101
BOT,5251.633888888893,228.0,81.101
BOT,5269.911666666671,235.0,81.101
BOT,5280.533888888894,239.0,81.101
BOT,5293.978333333338,242.0,81.101
BOT,5310.445000000005,247.0,81.101
BOT,5321.645000000005,252.0,81.101
BOT,5335.811666666672,255.0,81.101
BOT,5353.145000000005,260.0,81.101
BOT,5364.789444444449,262.0,81.101
BOT,5376.522777777782,264.0,81.101
BOT,5403.522777777782,270.0,81.101
BOT,5424.989444444449,276.0,81.101
BOT,5446.767222222227,280.0,81.101
BOT,5478.433888888894,285.0,81.101
BOT,5491.10055555556,285.0,81.101
BOT,5507.10055555556,288.0,81.101
BOT,5526.5672222222265,292.0,81.101
BOT,5549.433888888893,294.0,81.101
BOT,5565.933888888893,297.0,81.101
BOT,5585.85055555556,300.0,81.101
BOT,5599.272777777782,302.0,81.101
BOT,5612.8283333333375,305.0,81.101
BOT,5633.295000000005,307.0,81.101
BOT,5653.8283333333375,308.0,81.101
BOT,5691.595000000004,309.0,81.101
BOT,5715.783888888893,311.0,81.101
BOT,5740.050555555559,312.0,81.101
BOT,5761.00416666667,313.0,81.101
ZHO,3.101388888888889,319.0,81.445
ZHO,28.145833333333336,322.0,81.445
ZHO,46.03472222222223,322.0,81.445
ZHO,60.47916666666667,325.0,81.445
ZHO,78.53472222222223,325.0,81.445
ZHO,100.46805555555557,329.0,81.445
ZHO,137.35694444444445,332.0,81.445
ZHO,152.1125,332.0,81.445
ZHO,170.55694444444444,332.0,81.445
ZHO,200.3347222222222,335.0,81.445
ZHO,234.13472222222225,338.0,81.445
ZHO,260.42361111111114,338.0,81.445
ZHO,290.64583333333337,340.0,81.445
ZHO,309.64583333333337,342.0,81.445
ZHO,332.4458333333334,342.0,81.445
ZHO,355.3125,343.0,81.445
ZHO,370.6013888888889,344.0,81.445
ZHO,389.7680555555556,345.0,81.445
ZHO,416.6791666666666,346.0,81.445
ZHO,439.8125,347.0,81.445
ZHO,455.2791666666667,348.0,81.445
ZHO,470.8872222222222,349.0,81.445
ZHO,490.22055555555556,348.0,81.445
ZHO,521.3316666666667,350.0,81.445
ZHO,552.4427777777778,350.0,81.445
ZHO,599.1452777777778,351.0,81.445
ZHO,622.5452777777778,351.0,81.445
ZHO,638.1452777777778,351.0,81.445
ZHO,661.5452777777778,351.0,81.445
ZHO,681.1563888888888,353.0,81.445
ZHO,724.0563888888888,351.0,81.445
ZHO,751.2786111111111,350.0,81.445
ZHO,774.478611111111,348.0,81.445
ZHO,797.2786111111111,342.0,81.445
ZHO,809.9452777777777,285.0,81.445
ZHO,828.4563888888889,238.0,81.445
ZHO,842.4563888888888,210.0,81.445
ZHO,854.0563888888888,174.0,81.445
ZHO,864.2563888888889,153.0,81.445
ZHO,871.8119444444444,136.0,81.445
ZHO,877.2341666666666,122.0,81.445
ZHO,886.5675,105.0,81.445
ZHO,892.0119444444445,98.0,81.445
ZHO,897.1230555555555,92.0,81.445
ZHO,902.9230555555555,87.0,81.445
ZHO,907.5341666666666,83.0,81.445
ZHO,915.2341666666666,77.0,81.445
ZHO,918.6777777777777,77.0,81.445
ZHO,926.7777777777777,81.0,81.445
ZHO,931.3888888888888,83.0,81.445
ZHO,938.1444444444444,76.0,81.445
ZHO,943.0777777777777,74.0,81.445
ZHO,946.2577777777777,72.0,81.445
ZHO,950.3133333333333,73.0,81.445
ZHO,955.4466666666666,77.0,81.445
ZHO,958.9133333333333,78.0,81.445
ZHO,968.8022222222222,89.0,81.445
ZHO,979.0022222222221,102.0,81.445
ZHO,986.4688888888888,112.0,81.445
ZHO,992.9688888888888,117.0,81.445
ZHO,1004.7022222222221,132.0,81.445
ZHO,1018.8355555555554,159.0,81.445
ZHO,1042.8355555555554,180.0,81.445
ZHO,1062.4355555555555,196.0,81.445
ZHO,1073.7688888888888,204.0,81.445
ZHO,1090.18,211.0,81.445
ZHO,1107.602222222222,224.0,81.445
ZHO,1120.2688888888886,228.0,81.445
ZHO,1141.513333333333,239.0,81.445
ZHO,1157.6466666666665,242.0,81.445
ZHO,1177.0911111111109,250.0,81.445
ZHO,1188.4244444444441,255.0,81.445
ZHO,1211.6969444444442,261.0,81.445
ZHO,1223.385833333333,263.0,81.445
ZHO,1238.2191666666663,267.0,81.445
ZHO,1271.585833333333,273.0,81.445
ZHO,1290.1191666666664,278.0,81.445
ZHO,1305.5416666666665,279.0,81.445
ZHO,1330.9638888888887,286.0,81.445
ZHO,1350.2305555555554,289.0,81.445
ZHO,1369.6305555555555,291.0,81.445
ZHO,1389.297222222222,295.0,81.445
ZHO,1409.030555555555,296.0,81.445
ZHO,1422.3194444444441,299.0,81.445
ZHO,1439.0416666666665,301.0,81.445
ZHO,1465.975,303.0,81.445
ZHO,1479.4416666666666,303.0,81.445
ZHO,1496.386111111111,305.0,81.445
ZHO,1534.2749999999996,310.0,81.445
ZHO,1554.9416666666664,310.0,81.445
ZHO,1582.6749999999997,312.0,81.445
ZHO,1607.019444444444,313.0,81.445
ZHO,1635.019444444444,315.0,81.445
ZHO,1666.719444444444,317.0,81.445
ZHO,1680.8527777777774,318.0,81.445
ZHO,1709.208333333333,319.0,81.445
ZHO,1734.097222222222,320.0,81.445
ZHO,1748.4530555555555,321.0,81.445
ZHO,1773.5752777777775,323.0,81.445
ZHO,1795.1752777777776,324.0,81.445
ZHO,1816.8419444444442,325.0,81.445
ZHO,1845.819722222222,326.0,81.445
ZHO,1864.0419444444442,328.0,81.445
ZHO,1878.528611111111,328.0,81.445
ZHO,1896.8619444444444,330.0,81.445
ZHO,1926.1952777777776,330.0,81.445
ZHO,1944.5286111111109,330.0,81.445
ZHO,1977.4286111111107,329.0,81.445
ZHO,1995.4286111111107,324.0,81.445
ZHO,2014.0952777777775,280.0,81.445
ZHO,2031.761944444444,265.0,81.445
ZHO,2045.5619444444442,207.0,81.445
ZHO,2055.839722222222,185.0,81.445
ZHO,2067.039722222222,168.0,81.445
ZHO,2076.9063888888886,148.0,81.445
ZHO,2085.5063888888885,129.0,81.445
ZHO,2093.6397222222217,122.0,81.445
ZHO,2101.039722222222,111.0,81.445
ZHO,2105.839722222222,108.0,81.445
ZHO,2110.5063888888885,105.0,81.445
ZHO,2119.661944444444,103.0,81.445
ZHO,2125.439722222222,104.0,81.445
ZHO,2136.739722222222,113.0,81.445
ZHO,2144.4730555555557,116.0,81.445
ZHO,2151.0055555555555,117.0,81.445
ZHO,2163.3055555555557,123.0,81.445
ZHO,2168.8611111111113,125.0,81.445
ZHO,2179.438888888889,136.0,81.445
ZHO,2200.7722222222224,160.0,81.445
ZHO,2210.2166666666667,170.0,81.445
ZHO,2220.111388888889,179.0,81.445
ZHO,2228.2447222222227,183.0,81.445
ZHO,2250.3558333333335,199.0,81.445
ZHO,2259.511388888889,206.0,81.445
ZHO,2273.7780555555555,214.0,81.445
ZHO,2283.600277777778,221.0,81.445
ZHO,2301.411388888889,229.0,81.445
ZHO,2319.9225000000006,238.0,81.445
ZHO,2341.789166666667,246.0,81.445
ZHO,2355.7336111111117,251.0,81.445
ZHO,2369.9558333333343,256.0,81.445
ZHO,2381.3780555555563,257.0,81.445
ZHO,2401.833611111112,263.0,81.445
ZHO,2413.6113888888895,265.0,81.445
ZHO,2428.333611111112,265.0,81.445
ZHO,2444.733611111112,246.0,81.445
ZHO,2469.066944444445,219.0,81.445
ZHO,2478.355833333334,209.0,81.445
ZHO,2494.066944444445,202.0,81.445
ZHO,2513.3669444444454,193.0,81.445
ZHO,2524.0336111111124,192.0,81.445
ZHO,2532.7544444444457,195.0,81.445
ZHO,2550.7100000000014,202.0,81.445
ZHO,2569.2877777777794,209.0,81.445
ZHO,2578.7100000000014,212.0,81.445
ZHO,2598.176666666668,219.0,81.445
ZHO,2608.132222222224,224.0,81.445
ZHO,2620.910000000001,230.0,81.445
ZHO,2631.132222222224,230.0,81.445
ZHO,2647.065555555557,240.0,81.445
ZHO,2669.0211111111125,247.0,81.445
ZHO,2694.3211111111127,253.0,81.445
ZHO,2714.2322222222238,256.0,81.445
ZHO,2731.832222222224,264.0,81.445
ZHO,2752.598888888891,267.0,81.445
ZHO,2774.198888888891,243.0,81.445
ZHO,2790.9988888888906,216.0,81.445
ZHO,2801.9433333333354,197.0,81.445
ZHO,2819.7433333333356,178.0,81.445
ZHO,2829.354444444447,173.0,81.445
ZHO,2840.68777777778,170.0,81.445
ZHO,2848.2433333333356,170.0,81.445
ZHO,2867.7988888888913,176.0,81.445
ZHO,2884.065555555558,183.0,81.445
ZHO,2894.565555555558,189.0,81.445
ZHO,2908.0322222222244,202.0,81.445
ZHO,2919.3105555555576,202.0,81.445
ZHO,2933.843888888891,218.0,81.445
ZHO,2961.8327777777795,229.0,81.445
ZHO,2974.943888888891,236.0,81.445
ZHO,2999.443888888891,245.0,81.445
ZHO,3013.2772222222243,249.0,81.445
ZHO,3033.188333333335,256.0,81.445
ZHO,3044.655000000002,258.0,81.445
ZHO,3062.2480555555576,265.0,81.445
ZHO,3077.1925000000024,269.0,81.445
ZHO,3092.192500000002,270.0,81.445
ZHO,3104.4147222222246,275.0,81.445
ZHO,3119.8036111111137,277.0,81.445
ZHO,3138.6036111111134,282.0,81.445
ZHO,3157.67027777778,286.0,81.445
ZHO,3183.536944444447,291.0,81.445
ZHO,3199.925833333336,295.0,81.445
ZHO,3219.859166666669,299.0,81.445
ZHO,3236.6369444444467,302.0,81.445
ZHO,3253.6369444444463,306.0,81.445
ZHO,3270.692500000002,307.0,81.445
ZHO,3294.8036111111132,310.0,81.445
ZHO,3315.67027777778,313.0,81.445
ZHO,3347.67027777778,320.0,81.445
ZHO,3369.0702777777797,321.0,81.445
ZHO,3390.603611111113,323.0,81.445
ZHO,3412.403611111113,327.0,81.445
ZHO,3438.0838888888907,329.0,81.445
ZHO,3471.0838888888907,330.0,81.445
ZHO,3489.583888888891,333.0,81.445
ZHO,3508.195000000002,335.0,81.445
ZHO,3523.128333333336,336.0,81.445
ZHO,3556.9283333333356,338.0,81.445
ZHO,3579.528333333336,339.0,81.445
ZHO,3606.0505555555574,341.0,81.445
ZHO,3640.1555555555574,342.0,81.445
ZHO,3655.4000000000024,343.0,81.445
ZHO,3693.8444444444467,346.0,81.445
ZHO,3716.9111111111138,346.0,81.445
ZHO,3732.3333333333358,347.0,81.445
ZHO,3759.322222222225,347.0,81.445
ZHO,3774.700000000002,346.0,81.445
ZHO,3793.866666666669,345.0,81.445
ZHO,3811.533333333336,318.0,81.445
ZHO,3824.955555555558,302.0,81.445
ZHO,3842.1555555555583,258.0,81.445
ZHO,3862.0666666666693,224.0,81.445
ZHO,3877.7777777777806,202.0,81.445
ZHO,3894.6666666666692,190.0,81.445
ZHO,3908.8222222222244,182.0,81.445
ZHO,3920.8222222222244,180.0,81.445
ZHO,3932.688888888891,178.0,81.445
ZHO,3942.688888888891,180.0,81.445
ZHO,3954.7555555555577,181.0,81.445
ZHO,3979.010555555558,198.0,81.445
ZHO,3996.521666666669,197.0,81.445
ZHO,4007.299444444446,194.0,81.445
ZHO,4025.166111111113,201.0,81.445
ZHO,4036.7216666666686,208.0,81.445
ZHO,4060.6105555555573,215.0,81.445
ZHO,4073.166111111113,226.0,81.445
ZHO,4096.700555555557,236.0,81.445
ZHO,4117.856111111113,238.0,81.445
ZHO,4131.52277777778,246.0,81.445
ZHO,4159.189444444447,249.0,81.445
ZHO,4185.389444444447,262.0,81.445
ZHO,4215.167222222225,268.0,81.445
ZHO,4230.222777777781,271.0,81.445
ZHO,4251.533888888892,274.0,81.445
ZHO,4279.733888888892,282.0,81.445
ZHO,4304.978333333336,284.0,81.445
ZHO,4330.578333333337,288.0,81.445
ZHO,4350.11166666667,293.0,81.445
ZHO,4369.845000000003,296.0,81.445
ZHO,4399.945000000003,301.0,81.445
ZHO,4416.862500000004,303.0,81.445
ZHO,4461.495833333337,309.0,81.445
ZHO,4492.695833333337,312.0,81.445
ZHO,4531.195833333337,315.0,81.445
ZHO,4555.92916666667,318.0,81.445
ZHO,4580.740277777782,319.0,81.445
ZHO,4602.073611111115,320.0,81.445
ZHO,4637.983611111114,324.0,81.445
ZHO,4666.872500000004,325.0,81.445
ZHO,4692.22805555556,326.0,81.445
ZHO,4732.561388888893,330.0,81.445
ZHO,4765.561388888893,330.0,81.445
ZHO,4791.383611111115,332.0,81.445
ZHO,4809.828055555559,332.0,81.445
ZHO,4843.228055555559,334.0,81.445
ZHO,4876.728055555559,335.0,81.445
ZHO,4895.283611111115,334.0,81.445
ZHO,4940.083611111114,336.0,81.445
ZHO,4962.416944444448,335.0,81.445
ZHO,4992.016944444447,333.0,81.445
ZHO,5006.505833333335,326.0,81.445
ZHO,5027.325555555558,311.0,81.445
ZHO,5038.970000000003,262.0,81.445
ZHO,5053.025555555558,253.0,81.445
ZHO,5069.9033333333355,217.0,81.445
ZHO,5079.458888888892,215.0,81.445
ZHO,5097.592222222225,204.0,81.445
ZHO,5108.481111111114,196.0,81.445
ZHO,5117.14777777778,195.0,81.445
ZHO,5129.814444444446,190.0,81.445
ZHO,5148.314444444446,185.0,81.445
ZHO,5166.962500000002,187.0,81.445
ZHO,5177.629166666669,192.0,81.445
ZHO,5188.629166666668,198.0,81.445
ZHO,5204.262500000002,201.0,81.445
ZHO,5219.973611111112,202.0,81.445
ZHO,5233.773611111113,207.0,81.445
ZHO,5253.062500000001,217.0,81.445
ZHO,5262.884722222223,221.0,81.445
ZHO,5283.329166666668,230.0,81.445
ZHO,5309.662500000001,237.0,81.445
ZHO,5331.706944444446,248.0,81.445
ZHO,5345.65138888889,251.0,81.445
ZHO,5357.073611111112,257.0,81.445
ZHO,5377.373611111112,261.0,81.445
ZHO,5410.25138888889,269.0,81.445
ZHO,5422.371111111112,271.0,81.445
ZHO,5446.993333333334,277.0,81.445
ZHO,5472.060000000001,282.0,81.445
ZHO,5484.637777777779,283.0,81.445
ZHO,5503.83777777778,288.0,81.445
ZHO,5519.94888888889,290.0,81.445
ZHO,5542.893333333334,295.0,81.445
ZHO,5569.471111111113,299.0,81.445
ZHO,5582.804444444446,300.0,81.445
ZHO,5606.371111111112,303.0,81.445
ZHO,5633.571111111112,306.0,81.445
ZHO,5654.018888888891,308.0,81.445
ZHO,5678.2077777777795,311.0,81.445
ZHO,5699.007777777779,312.0,81.445
ZHO,5716.507777777779,315.0,81.445
ZHO,5734.11888888889,317.0,81.445
