Driver,Distance,Speed,LapTimeSec
VER,24.226666666666667,316.0,87.472
VER,48.96,318.0,87.472
VER,84.62666666666667,321.0,87.472
VER,102.46,321.0,87.472
VER,127.66,324.0,87.472
VER,160.06,324.0,87.472
VER,192.76000000000002,327.0,87.472
VER,225.56,328.0,87.472
VER,247.42666666666665,328.0,87.472
VER,269.29333333333335,328.0,87.472
VER,283.87111111111113,328.0,87.472
VER,298.44888888888886,328.0,87.472
VER,327.6044444444444,328.0,87.472
VER,349.4711111111111,328.0,87.472
VER,374.9822222222222,328.0,87.472
VER,397.9266666666667,295.0,87.472
VER,421.1266666666667,261.0,87.472
VER,432.9044444444445,212.0,87.472
VER,443.2966666666667,188.0,87.472
VER,455.81888888888886,161.0,87.472
VER,467.33,148.0,87.472
VER,478.6188888888889,127.0,87.472
VER,489.19666666666666,119.0,87.472
VER,499.18333333333334,112.0,87.472
VER,505.35,111.0,87.472
VER,514.0611111111111,112.0,87.472
VER,521.9944444444445,102.0,87.472
VER,528.3944444444445,96.0,87.472
VER,533.6166666666667,94.0,87.472
VER,540.6944444444445,91.0,87.472
VER,544.6055555555556,88.0,87.472
VER,553.6055555555556,90.0,87.472
VER,564.6055555555556,99.0,87.472
VER,574.1166666666668,107.0,87.472
VER,579.4944444444445,121.0,87.472
VER,594.8277777777779,138.0,87.472
VER,603.4388888888891,155.0,87.472
VER,614.3722222222225,164.0,87.472
VER,623.7611111111113,169.0,87.472
VER,631.6722222222224,178.0,87.472
VER,642.0055555555557,186.0,87.472
VER,650.627777777778,194.0,87.472
VER,659.3833333333336,197.0,87.472
VER,673.1166666666669,206.0,87.472
VER,689.9166666666669,216.0,87.472
VER,699.5450000000002,218.0,87.472
VER,712.1005555555557,226.0,87.472
VER,724.9338888888891,231.0,87.472
VER,740.6005555555557,235.0,87.472
VER,767.7116666666667,244.0,87.472
VER,787.2255555555556,250.0,87.472
VER,804.158888888889,254.0,87.472
VER,836.058888888889,261.0,87.472
VER,853.5922222222223,263.0,87.472
VER,871.3922222222224,267.0,87.472
VER,889.258888888889,268.0,87.472
VER,907.258888888889,270.0,87.472
VER,919.258888888889,270.0,87.472
VER,937.3033333333334,232.0,87.472
VER,948.8588888888889,208.0,87.472
VER,969.0811111111112,182.0,87.472
VER,985.8811111111112,168.0,87.472
VER,995.1588888888889,167.0,87.472
VER,1006.6255555555557,172.0,87.472
VER,1032.2255555555557,192.0,87.472
VER,1054.7811111111112,203.0,87.472
VER,1063.9366666666667,206.0,87.472
VER,1078.0700000000002,212.0,87.472
VER,1090.0144444444445,215.0,87.472
VER,1099.7033333333334,218.0,87.472
VER,1114.5744444444445,224.0,87.472
VER,1124.618888888889,226.0,87.472
VER,1142.6633333333332,232.0,87.472
VER,1158.1299999999999,232.0,87.472
VER,1171.352222222222,238.0,87.472
VER,1192.9305555555552,242.0,87.472
VER,1206.6527777777776,247.0,87.472
VER,1220.4861111111109,249.0,87.472
VER,1231.7305555555554,253.0,87.472
VER,1243.1083333333331,256.0,87.472
VER,1260.308333333333,258.0,87.472
VER,1283.419444444444,260.0,87.472
VER,1297.919444444444,261.0,87.472
VER,1318.297222222222,262.0,87.472
VER,1344.597222222222,263.0,87.472
VER,1371.097222222222,265.0,87.472
VER,1382.8749999999998,265.0,87.472
VER,1394.6527777777776,265.0,87.472
VER,1409.5416666666665,268.0,87.472
VER,1424.4305555555557,268.0,87.472
VER,1439.263888888889,267.0,87.472
VER,1460.0305555555553,267.0,87.472
VER,1480.6416666666664,265.0,87.472
VER,1492.4638888888887,266.0,87.472
VER,1507.297222222222,267.0,87.472
VER,1527.9861111111109,266.0,87.472
VER,1550.9194444444443,258.0,87.472
VER,1578.808333333333,251.0,87.472
VER,1589.7174999999997,247.0,87.472
VER,1605.9841666666664,244.0,87.472
VER,1625.039722222222,245.0,87.472
VER,1638.7063888888886,246.0,87.472
VER,1664.0766666666664,253.0,87.472
VER,1680.8766666666663,252.0,87.472
VER,1694.8211111111107,251.0,87.472
VER,1711.5544444444442,251.0,87.472
VER,1736.954444444444,254.0,87.472
VER,1748.3322222222218,256.0,87.472
VER,1765.5322222222217,258.0,87.472
VER,1782.8655555555551,260.0,87.472
VER,1794.554444444444,263.0,87.472
VER,1809.3322222222218,266.0,87.472
VER,1821.1544444444442,266.0,87.472
VER,1842.3099999999997,272.0,87.472
VER,1857.4211111111108,272.0,87.472
VER,1878.9655555555553,277.0,87.472
VER,1894.5211111111107,280.0,87.472
VER,1910.1322222222218,281.0,87.472
VER,1932.2211111111108,284.0,87.472
VER,1954.465555555555,286.0,87.472
VER,1970.465555555555,288.0,87.472
VER,1993.0211111111107,290.0,87.472
VER,2005.9988888888886,292.0,87.472
VER,2018.9766666666665,292.0,87.472
VER,2038.5766666666666,294.0,87.472
VER,2074.8766666666666,297.0,87.472
VER,2111.3380555555555,299.0,87.472
VER,2134.671388888889,300.0,87.472
VER,2151.338055555556,300.0,87.472
VER,2168.199722222222,302.0,87.472
VER,2188.333055555556,302.0,87.472
VER,2201.7552777777782,302.0,87.472
VER,2225.166388888889,301.0,87.472
VER,2238.544166666667,301.0,87.472
VER,2251.9219444444443,301.0,87.472
VER,2271.988611111111,301.0,87.472
VER,2296.166388888889,272.0,87.472
VER,2314.755277777778,239.0,87.472
VER,2326.9775,220.0,87.472
VER,2338.310833333333,204.0,87.472
VER,2351.110833333333,192.0,87.472
VER,2363.0441666666666,179.0,87.472
VER,2387.166388888889,167.0,87.472
VER,2398.099722222222,164.0,87.472
VER,2414.099722222222,160.0,87.472
VER,2423.099722222222,162.0,87.472
VER,2438.0330555555556,168.0,87.472
VER,2464.1775,181.0,87.472
VER,2472.5330555555556,188.0,87.472
VER,2496.8552777777777,199.0,87.472
VER,2510.7219444444445,208.0,87.472
VER,2524.862777777778,213.0,87.472
VER,2544.2405555555556,218.0,87.472
VER,2572.6605555555557,232.0,87.472
VER,2588.393888888889,236.0,87.472
VER,2609.9938888888887,243.0,87.472
VER,2629.438333333333,250.0,87.472
VER,2646.3716666666664,254.0,87.472
VER,2666.516111111111,259.0,87.472
VER,2684.049444444444,263.0,87.472
VER,2695.7827777777775,264.0,87.472
VER,2713.6494444444443,268.0,87.472
VER,2725.6049999999996,269.0,87.472
VER,2743.8716666666664,274.0,87.472
VER,2759.2049999999995,276.0,87.472
VER,2793.427222222222,280.0,87.472
VER,2809.038333333333,281.0,87.472
VER,2821.616111111111,283.0,87.472
VER,2834.1938888888885,283.0,87.472
VER,2869.0272222222225,285.0,87.472
VER,2891.2716666666665,286.0,87.472
VER,2910.405,287.0,87.472
VER,2939.105,287.0,87.472
VER,2964.705,288.0,87.472
VER,2983.505,282.0,87.472
VER,3000.505,255.0,87.472
VER,3011.7675,255.0,87.472
VER,3023.7674999999995,216.0,87.472
VER,3039.846944444444,206.0,87.472
VER,3059.346944444444,195.0,87.472
VER,3070.1247222222214,194.0,87.472
VER,3092.9024999999992,205.0,87.472
VER,3102.2358333333327,210.0,87.472
VER,3121.8802777777773,221.0,87.472
VER,3141.8802777777773,225.0,87.472
VER,3157.213611111111,230.0,87.472
VER,3172.8136111111103,234.0,87.472
VER,3188.7469444444437,239.0,87.472
VER,3202.2469444444437,243.0,87.472
VER,3213.091388888888,244.0,87.472
VER,3229.6913888888885,249.0,87.472
VER,3255.1913888888885,255.0,87.472
VER,3266.6580555555547,258.0,87.472
VER,3289.9469444444435,262.0,87.472
VER,3319.5024999999996,266.0,87.472
VER,3343.680277777777,272.0,87.472
VER,3368.2136111111104,276.0,87.472
VER,3393.191388888888,281.0,87.472
VER,3405.7247222222218,282.0,87.472
VER,3424.7247222222218,285.0,87.472
VER,3440.6691666666657,287.0,87.472
VER,3466.366388888888,290.0,87.472
VER,3485.7663888888883,291.0,87.472
VER,3502.1255555555545,293.0,87.472
VER,3518.458888888888,294.0,87.472
VER,3548.058888888888,296.0,87.472
VER,3567.858888888888,297.0,87.472
VER,3584.469999999999,299.0,87.472
VER,3601.08111111111,299.0,87.472
VER,3631.38111111111,303.0,87.472
VER,3651.78111111111,306.0,87.472
VER,3682.78111111111,310.0,87.472
VER,3710.5144444444436,312.0,87.472
VER,3738.5144444444436,315.0,87.472
VER,3770.1144444444435,316.0,87.472
VER,3784.1588888888878,316.0,87.472
VER,3798.2922222222214,318.0,87.472
VER,3819.5588888888883,319.0,87.472
VER,3837.3366666666657,320.0,87.472
VER,3862.458888888888,323.0,87.472
VER,3876.8588888888885,324.0,87.472
VER,3894.9144444444437,325.0,87.472
VER,3927.5144444444436,326.0,87.472
VER,3956.58111111111,327.0,87.472
VER,3978.3811111111104,327.0,87.472
VER,3992.9144444444432,327.0,87.472
VER,4014.7144444444434,327.0,87.472
VER,4032.936666666666,328.0,87.472
VER,4054.6458333333326,327.0,87.472
VER,4080.169999999999,327.0,87.472
VER,4101.903333333333,326.0,87.472
VER,4123.636666666666,326.0,87.472
VER,4138.1255555555545,326.0,87.472
VER,4166.925555555555,324.0,87.472
VER,4194.925555555555,252.0,87.472
VER,4208.425555555555,243.0,87.472
VER,4220.425555555555,216.0,87.472
VER,4240.825555555554,204.0,87.472
VER,4253.825555555554,195.0,87.472
VER,4267.025555555554,198.0,87.472
VER,4282.814444444443,203.0,87.472
VER,4301.569999999999,211.0,87.472
VER,4318.758888888888,221.0,87.472
VER,4339.025555555554,228.0,87.472
VER,4351.858888888887,231.0,87.472
VER,4378.414444444443,239.0,87.472
VER,4389.214444444443,243.0,87.472
VER,4408.58111111111,249.0,87.472
VER,4422.636666666665,253.0,87.472
VER,4439.769999999999,257.0,87.472
VER,4460.069999999999,261.0,87.472
VER,4477.603333333332,263.0,87.472
VER,4489.425555555555,266.0,87.472
VER,4510.2699999999995,268.0,87.472
VER,4528.403333333333,272.0,87.472
VER,4552.847777777777,275.0,87.472
VER,4565.203333333334,278.0,87.472
VER,4587.136666666667,282.0,87.472
VER,4609.225555555555,284.0,87.472
VER,4621.9366666666665,286.0,87.472
VER,4641.07,287.0,87.472
VER,4660.469999999999,291.0,87.472
VER,4683.414444444444,295.0,87.472
VER,4706.514444444444,297.0,87.472
VER,4723.125555555555,299.0,87.472
VER,4736.503333333333,301.0,87.472
VER,4763.525555555556,304.0,87.472
VER,4787.403333333334,307.0,87.472
VER,4801.0922222222225,308.0,87.472
VER,4828.736666666667,311.0,87.472
VER,4842.603333333334,312.0,87.472
VER,4859.992222222222,313.0,87.472
VER,4880.992222222223,315.0,87.472
VER,4902.125555555556,317.0,87.472
VER,4923.392222222224,319.0,87.472
VER,4941.225555555556,321.0,87.472
VER,4969.936666666667,323.0,87.472
VER,4984.292222222222,323.0,87.472
VER,5002.292222222222,324.0,87.472
VER,5024.025555555555,326.0,87.472
VER,5038.558888888888,327.0,87.472
VER,5060.425555555556,328.0,87.472
VER,5082.358888888888,329.0,87.472
VER,5115.358888888888,330.0,87.472
VER,5133.692222222222,330.0,87.472
VER,5163.1144444444435,331.0,87.472
VER,5181.503333333333,331.0,87.472
VER,5207.247777777778,331.0,87.472
VER,5232.992222222222,331.0,87.472
VER,5247.703333333333,331.0,87.472
VER,5262.414444444445,331.0,87.472
VER,5280.747777777777,330.0,87.472
VER,5299.081111111111,330.0,87.472
VER,5317.414444444445,330.0,87.472
VER,5335.692222222223,329.0,87.472
VER,5368.5922222222225,329.0,87.472
VER,5394.636666666666,293.0,87.472
VER,5406.903333333334,276.0,87.472
VER,5420.625555555555,247.0,87.472
VER,5436.881111111111,209.0,87.472
VER,5449.547777777778,190.0,87.472
VER,5460.481111111111,164.0,87.472
VER,5473.37,145.0,87.472
VER,5483.481111111111,130.0,87.472
VER,5489.036666666667,125.0,87.472
VER,5498.214444444445,118.0,87.472
VER,5510.325555555555,109.0,87.472
VER,5515.081111111111,107.0,87.472
VER,5521.081111111111,108.0,87.472
VER,5533.668055555555,113.0,87.472
VER,5551.231388888888,132.0,87.472
VER,5565.831388888889,146.0,87.472
VER,5574.3869444444435,154.0,87.472
VER,5589.231388888888,167.0,87.472
VER,5605.675833333333,185.0,87.472
VER,5627.898055555555,200.0,87.472
VER,5655.364722222223,206.0,87.472
VER,5670.164722222222,222.0,87.472
VER,5687.975833333333,229.0,87.472
VER,5703.575833333332,234.0,87.472
VER,5716.853611111111,239.0,87.472
VER,5730.409166666666,244.0,87.472
VER,5741.3869444444435,247.0,87.472
VER,5752.364722222221,247.0,87.472
VER,5766.475833333332,254.0,87.472
VER,5789.498055555555,259.0,87.472
VER,5818.942499999998,265.0,87.472
VER,5833.775833333332,267.0,87.472
VER,5855.086944444443,274.0,87.472
VER,5867.442499999998,278.0,87.472
VER,5879.886944444443,280.0,87.472
VER,5892.464722222221,283.0,87.472
VER,5917.975833333332,287.0,87.472
VER,5944.012499999999,292.0,87.472
VER,5966.952499999999,296.0,87.472
VER,5980.152499999999,297.0,87.472
VER,5993.396944444444,298.0,87.472
VER,6010.063611111111,300.0,87.472
VER,6037.085833333333,304.0,87.472
VER,6054.030277777777,305.0,87.472
VER,6077.830277777777,306.0,87.472
VER,6098.36361111111,308.0,87.472
LEC,8.411666666666667,309.0,87.791
LEC,29.145000000000003,311.0,87.791
LEC,42.96722222222222,311.0,87.791
LEC,67.46722222222222,315.0,87.791
LEC,81.4672222222222,315.0,87.791
LEC,109.64499999999998,317.0,87.791
LEC,130.84499999999997,318.0,87.791
LEC,148.62277777777774,320.0,87.791
LEC,177.15611111111107,321.0,87.791
LEC,195.045,322.0,87.791
LEC,230.93388888888887,323.0,87.791
LEC,266.9338888888889,324.0,87.791
LEC,299.52416666666664,325.0,87.791
LEC,328.5019444444444,326.0,87.791
LEC,357.3908333333333,325.0,87.791
LEC,393.05749999999995,321.0,87.791
LEC,415.61305555555555,290.0,87.791
LEC,432.8797222222222,222.0,87.791
LEC,442.0222222222222,207.0,87.791
LEC,454.5444444444444,161.0,87.791
LEC,466.05555555555554,148.0,87.791
LEC,481.5777777777777,127.0,87.791
LEC,492.2444444444444,120.0,87.791
LEC,498.7444444444444,117.0,87.791
LEC,503.8555555555555,115.0,87.791
LEC,510.2444444444444,115.0,87.791
LEC,515.2666666666667,113.0,87.791
LEC,525.5666666666666,103.0,87.791
LEC,530.1444444444444,103.0,87.791
LEC,534.2777777777777,93.0,87.791
LEC,538.3222222222222,91.0,87.791
LEC,546.2333333333332,89.0,87.791
LEC,556.3444444444443,91.0,87.791
LEC,566.0444444444444,97.0,87.791
LEC,574.211111111111,105.0,87.791
LEC,579.2777777777777,114.0,87.791
LEC,584.5666666666666,119.0,87.791
LEC,593.4033333333333,132.0,87.791
LEC,604.9144444444444,148.0,87.791
LEC,611.7588888888888,154.0,87.791
LEC,622.9588888888889,168.0,87.791
LEC,634.7588888888888,177.0,87.791
LEC,646.8922222222221,182.0,87.791
LEC,655.4699999999999,193.0,87.791
LEC,678.3588888888888,206.0,87.791
LEC,687.7222222222221,212.0,87.791
LEC,704.5999999999999,217.0,87.791
LEC,714.2444444444443,217.0,87.791
LEC,737.5444444444444,233.0,87.791
LEC,750.7666666666665,238.0,87.791
LEC,772.1888888888888,241.0,87.791
LEC,788.7222222222221,248.0,87.791
LEC,814.122222222222,254.0,87.791
LEC,825.4555555555554,255.0,87.791
LEC,839.8444444444443,259.0,87.791
LEC,860.2999999999998,263.0,87.791
LEC,872.122222222222,266.0,87.791
LEC,907.8555555555554,268.0,87.791
LEC,931.6777777777775,268.0,87.791
LEC,945.0666666666664,241.0,87.791
LEC,959.2666666666664,213.0,87.791
LEC,983.2666666666663,180.0,87.791
LEC,1002.8711111111107,176.0,87.791
LEC,1014.6711111111108,177.0,87.791
LEC,1035.3377777777773,186.0,87.791
LEC,1053.2933333333328,202.0,87.791
LEC,1076.9599999999994,213.0,87.791
LEC,1103.9711111111105,221.0,87.791
LEC,1131.7744444444438,228.0,87.791
LEC,1160.6188888888883,236.0,87.791
LEC,1176.6188888888883,240.0,87.791
LEC,1203.8411111111106,245.0,87.791
LEC,1220.5077777777772,250.0,87.791
LEC,1246.0077777777772,255.0,87.791
LEC,1263.274444444444,259.0,87.791
LEC,1277.7188888888884,260.0,87.791
LEC,1298.0188888888881,261.0,87.791
LEC,1318.4744444444439,263.0,87.791
LEC,1330.1633333333327,263.0,87.791
LEC,1362.4299999999994,264.0,87.791
LEC,1391.8744444444437,265.0,87.791
LEC,1409.8077777777771,269.0,87.791
LEC,1421.7933333333326,268.0,87.791
LEC,1436.737777777777,269.0,87.791
LEC,1454.4711111111105,266.0,87.791
LEC,1472.0044444444438,263.0,87.791
LEC,1483.7822222222217,265.0,87.791
LEC,1501.3822222222218,264.0,87.791
LEC,1516.0488888888883,264.0,87.791
LEC,1530.6599999999994,263.0,87.791
LEC,1542.215555555555,260.0,87.791
LEC,1561.9711111111108,254.0,87.791
LEC,1578.2377777777774,244.0,87.791
LEC,1602.270833333333,241.0,87.791
LEC,1620.781944444444,238.0,87.791
LEC,1639.681944444444,243.0,87.791
LEC,1650.6152777777775,246.0,87.791
LEC,1664.5041666666664,250.0,87.791
LEC,1683.8708333333332,249.0,87.791
LEC,1697.7041666666664,249.0,87.791
LEC,1708.770833333333,249.0,87.791
LEC,1725.370833333333,249.0,87.791
LEC,1747.770833333333,252.0,87.791
LEC,1761.8819444444443,254.0,87.791
LEC,1776.1597222222222,257.0,87.791
LEC,1787.7152777777778,260.0,87.791
LEC,1802.2708333333333,262.0,87.791
LEC,1835.1486111111112,269.0,87.791
LEC,1847.1486111111112,270.0,87.791
LEC,1868.4597222222221,274.0,87.791
LEC,1883.7375,275.0,87.791
LEC,1899.2591666666667,278.0,87.791
LEC,1914.759166666667,279.0,87.791
LEC,1952.6258333333333,284.0,87.791
LEC,1965.2925,285.0,87.791
LEC,1981.1258333333335,285.0,87.791
LEC,1993.9258333333335,288.0,87.791
LEC,2029.3702777777778,290.0,87.791
LEC,2042.3036111111112,291.0,87.791
LEC,2058.470277777778,291.0,87.791
LEC,2074.7480555555558,293.0,87.791
LEC,2094.2,293.0,87.791
LEC,2114.0,297.0,87.791
LEC,2130.4999999999995,297.0,87.791
LEC,2157.0777777777776,299.0,87.791
LEC,2173.688888888889,299.0,87.791
LEC,2203.788888888889,301.0,87.791
LEC,2233.9888888888886,302.0,87.791
LEC,2267.3222222222216,300.0,87.791
LEC,2283.822222222222,297.0,87.791
LEC,2296.755555555555,291.0,87.791
LEC,2314.155555555555,261.0,87.791
LEC,2332.0444444444443,230.0,87.791
LEC,2344.0444444444443,216.0,87.791
LEC,2357.577777777777,203.0,87.791
LEC,2375.777777777777,182.0,87.791
LEC,2391.0252777777773,171.0,87.791
LEC,2403.858611111111,165.0,87.791
LEC,2412.9697222222217,164.0,87.791
LEC,2424.103055555555,167.0,87.791
LEC,2437.4808333333326,172.0,87.791
LEC,2453.2141666666657,177.0,87.791
LEC,2472.014166666666,188.0,87.791
LEC,2484.6808333333324,190.0,87.791
LEC,2493.4363888888884,197.0,87.791
LEC,2511.7474999999995,206.0,87.791
LEC,2523.3558333333326,210.0,87.791
LEC,2535.3002777777774,215.0,87.791
LEC,2554.944722222222,221.0,87.791
LEC,2570.2113888888885,229.0,87.791
LEC,2580.4780555555553,231.0,87.791
LEC,2590.9224999999997,235.0,87.791
LEC,2626.4558333333334,246.0,87.791
LEC,2651.8558333333335,254.0,87.791
LEC,2677.6558333333337,258.0,87.791
LEC,2689.3002777777783,262.0,87.791
LEC,2701.0336111111114,264.0,87.791
LEC,2721.7225000000003,266.0,87.791
LEC,2739.7225000000003,270.0,87.791
LEC,2760.955833333334,273.0,87.791
LEC,2779.3558333333335,276.0,87.791
LEC,2807.233055555556,278.0,87.791
LEC,2841.6997222222226,282.0,87.791
LEC,2863.8663888888896,285.0,87.791
LEC,2876.533055555556,285.0,87.791
LEC,2902.133055555556,288.0,87.791
LEC,2918.133055555556,288.0,87.791
LEC,2940.6886111111116,290.0,87.791
LEC,2953.6663888888893,292.0,87.791
LEC,2982.5663888888894,289.0,87.791
LEC,3011.3452777777784,236.0,87.791
LEC,3023.5675000000006,220.0,87.791
LEC,3037.7008333333342,212.0,87.791
LEC,3051.8341666666674,212.0,87.791
LEC,3069.6119444444453,200.0,87.791
LEC,3089.811944444445,202.0,87.791
LEC,3101.3675000000007,208.0,87.791
LEC,3113.2008333333342,213.0,87.791
LEC,3135.400833333334,222.0,87.791
LEC,3160.623055555556,227.0,87.791
LEC,3186.400833333334,232.0,87.791
LEC,3212.9563888888897,239.0,87.791
LEC,3240.2897222222227,246.0,87.791
LEC,3254.1363888888895,248.0,87.791
LEC,3271.1363888888895,255.0,87.791
LEC,3294.158611111112,259.0,87.791
LEC,3305.758611111112,261.0,87.791
LEC,3326.369722222223,265.0,87.791
LEC,3344.3030555555565,269.0,87.791
LEC,3365.458611111112,272.0,87.791
LEC,3377.6363888888895,274.0,87.791
LEC,3402.3475000000008,278.0,87.791
LEC,3414.7919444444456,280.0,87.791
LEC,3443.1919444444457,284.0,87.791
LEC,3458.9461111111123,285.0,87.791
LEC,3481.3461111111124,288.0,87.791
LEC,3503.901666666668,290.0,87.791
LEC,3520.1238888888897,292.0,87.791
LEC,3552.901666666668,295.0,87.791
LEC,3589.0794444444455,296.0,87.791
LEC,3612.2572222222234,298.0,87.791
LEC,3628.8683333333342,299.0,87.791
LEC,3642.2461111111124,301.0,87.791
LEC,3665.812777777779,303.0,87.791
LEC,3696.512777777779,307.0,87.791
LEC,3717.046111111112,308.0,87.791
LEC,3734.268333333334,310.0,87.791
LEC,3751.6016666666674,312.0,87.791
LEC,3775.9550000000004,312.0,87.791
LEC,3796.888333333334,314.0,87.791
LEC,3814.3883333333333,315.0,87.791
LEC,3842.4772222222223,316.0,87.791
LEC,3867.3661111111114,320.0,87.791
LEC,3881.543888888889,319.0,87.791
LEC,3899.432777777778,322.0,87.791
LEC,3917.321666666667,322.0,87.791
LEC,3935.266111111111,323.0,87.791
LEC,3953.2661111111115,324.0,87.791
LEC,3993.110555555556,326.0,87.791
LEC,4011.2216666666673,326.0,87.791
LEC,4036.486666666667,326.0,87.791
LEC,4065.5533333333337,327.0,87.791
LEC,4083.7200000000007,327.0,87.791
LEC,4105.52,327.0,87.791
LEC,4127.1866666666665,325.0,87.791
LEC,4141.586666666667,324.0,87.791
LEC,4162.986666666668,321.0,87.791
LEC,4177.120000000001,318.0,87.791
LEC,4204.220000000001,271.0,87.791
LEC,4226.420000000001,222.0,87.791
LEC,4243.220000000001,216.0,87.791
LEC,4254.220000000001,198.0,87.791
LEC,4266.953333333334,191.0,87.791
LEC,4282.197777777778,196.0,87.791
LEC,4295.731111111112,203.0,87.791
LEC,4314.634444444446,212.0,87.791
LEC,4337.034444444445,224.0,87.791
LEC,4352.034444444445,225.0,87.791
LEC,4364.534444444445,225.0,87.791
LEC,4385.5122222222235,236.0,87.791
LEC,4407.023333333334,242.0,87.791
LEC,4423.623333333334,249.0,87.791
LEC,4440.556666666667,254.0,87.791
LEC,4457.756666666668,258.0,87.791
LEC,4480.867777777778,260.0,87.791
LEC,4492.467777777779,261.0,87.791
LEC,4504.2011111111115,264.0,87.791
LEC,4524.971111111111,268.0,87.791
LEC,4546.0488888888885,271.0,87.791
LEC,4579.66,275.0,87.791
LEC,4598.193333333333,278.0,87.791
LEC,4613.748888888888,280.0,87.791
LEC,4635.759999999999,283.0,87.791
LEC,4657.926666666666,285.0,87.791
LEC,4683.615555555556,289.0,87.791
LEC,4706.326666666667,292.0,87.791
LEC,4725.926666666666,294.0,87.791
LEC,4739.082222222221,296.0,87.791
LEC,4769.182222222222,301.0,87.791
LEC,4782.5599999999995,301.0,87.791
LEC,4796.110833333333,303.0,87.791
LEC,4819.910833333333,306.0,87.791
LEC,4840.310833333334,306.0,87.791
LEC,4874.866388888889,311.0,87.791
LEC,4888.688611111111,311.0,87.791
LEC,4909.488611111112,312.0,87.791
LEC,4923.488611111112,315.0,87.791
LEC,4940.988611111112,315.0,87.791
LEC,4969.255277777778,318.0,87.791
LEC,5004.810833333334,320.0,87.791
LEC,5033.344166666667,321.0,87.791
LEC,5058.466388888889,323.0,87.791
LEC,5097.976388888889,324.0,87.791
LEC,5119.643055555555,325.0,87.791
LEC,5137.754166666667,326.0,87.791
LEC,5152.243055555555,326.0,87.791
LEC,5166.776388888888,327.0,87.791
LEC,5184.99861111111,328.0,87.791
LEC,5206.865277777778,328.0,87.791
LEC,5221.4875,329.0,87.791
LEC,5250.731944444444,329.0,87.791
LEC,5280.065277777778,330.0,87.791
LEC,5305.731944444445,330.0,87.791
LEC,5331.398611111112,330.0,87.791
LEC,5353.398611111111,330.0,87.791
LEC,5367.931944444444,327.0,87.791
LEC,5396.821944444443,324.0,87.791
LEC,5413.48861111111,300.0,87.791
LEC,5425.133055555554,262.0,87.791
LEC,5437.855277777777,229.0,87.791
LEC,5451.255277777777,201.0,87.791
LEC,5459.344166666666,182.0,87.791
LEC,5472.255277777777,166.0,87.791
LEC,5488.366388888888,145.0,87.791
LEC,5494.455277777777,137.0,87.791
LEC,5509.855277777777,126.0,87.791
LEC,5515.321944444443,123.0,87.791
LEC,5524.5774999999985,119.0,87.791
LEC,5532.444166666665,118.0,87.791
LEC,5544.510555555555,121.0,87.791
LEC,5551.399444444443,124.0,87.791
LEC,5562.8661111111105,129.0,87.791
LEC,5568.910555555555,136.0,87.791
LEC,5578.377222222222,142.0,87.791
LEC,5585.043888888889,150.0,87.791
LEC,5597.566111111111,161.0,87.791
LEC,5607.06611111111,171.0,87.791
LEC,5617.06611111111,180.0,87.791
LEC,5629.932777777777,193.0,87.791
LEC,5638.599444444443,195.0,87.791
LEC,5649.654999999999,199.0,87.791
LEC,5663.854999999999,213.0,87.791
LEC,5680.888333333332,219.0,87.791
LEC,5696.151666666666,228.0,87.791
LEC,5719.851666666666,237.0,87.791
LEC,5741.540555555554,244.0,87.791
LEC,5769.429444444444,251.0,87.791
LEC,5806.985,260.0,87.791
LEC,5836.651666666667,267.0,87.791
LEC,5867.096111111112,274.0,87.791
LEC,5891.807222222223,278.0,87.791
LEC,5904.296111111112,281.0,87.791
LEC,5923.162777777779,283.0,87.791
LEC,5942.21638888889,287.0,87.791
LEC,5958.383055555557,291.0,87.791
LEC,5974.660833333335,293.0,87.791
LEC,5987.727500000002,294.0,87.791
LEC,6004.227500000002,297.0,87.791
LEC,6024.160833333334,299.0,87.791
LEC,6047.41638888889,299.0,87.791
LEC,6070.827500000001,301.0,87.791
LEC,6087.6052777777795,302.0,87.791
LEC,6104.494166666668,304.0,87.791
PER,12.99111111111111,316.0,87.807
PER,51.98,319.0,87.807
PER,87.64666666666668,321.0,87.807
PER,112.69111111111113,322.0,87.807
PER,134.35777777777778,325.0,87.807
PER,163.33555555555557,326.0,87.807
PER,203.42444444444445,328.0,87.807
PER,228.9355555555556,328.0,87.807
PER,250.80222222222224,328.0,87.807
PER,280.04666666666674,329.0,87.807
PER,312.9466666666667,329.0,87.807
PER,353.0355555555556,328.0,87.807
PER,389.4800000000001,328.0,87.807
PER,416.1058333333334,267.0,87.807
PER,431.70583333333343,234.0,87.807
PER,449.95638888888897,182.0,87.807
PER,464.1341666666667,160.0,87.807
PER,472.24527777777786,146.0,87.807
PER,479.6897222222223,134.0,87.807
PER,491.5225000000001,118.0,87.807
PER,497.8558333333334,114.0,87.807
PER,502.78916666666674,111.0,87.807
PER,509.92250000000007,107.0,87.807
PER,514.8113888888889,110.0,87.807
PER,519.6558333333334,109.0,87.807
PER,525.2669444444444,101.0,87.807
PER,530.6002777777778,96.0,87.807
PER,536.6002777777778,90.0,87.807
PER,540.5558333333333,89.0,87.807
PER,548.3780555555555,88.0,87.807
PER,554.3113888888889,89.0,87.807
PER,565.0891666666668,97.0,87.807
PER,569.5336111111112,100.0,87.807
PER,575.4225000000001,106.0,87.807
PER,585.9113888888891,118.0,87.807
PER,597.8225000000002,134.0,87.807
PER,604.3113888888892,146.0,87.807
PER,615.1113888888891,162.0,87.807
PER,632.6113888888891,175.0,87.807
PER,644.8780555555558,184.0,87.807
PER,657.8902777777779,196.0,87.807
PER,666.8680555555557,202.0,87.807
PER,685.6236111111112,211.0,87.807
PER,710.290277777778,222.0,87.807
PER,720.1569444444447,222.0,87.807
PER,738.201388888889,232.0,87.807
PER,767.9688888888891,243.0,87.807
PER,784.4355555555558,247.0,87.807
PER,806.9244444444446,253.0,87.807
PER,826.9911111111113,258.0,87.807
PER,856.2133333333336,263.0,87.807
PER,874.0133333333334,267.0,87.807
PER,891.8800000000001,268.0,87.807
PER,915.9688888888891,271.0,87.807
PER,927.8355555555557,267.0,87.807
PER,939.1688888888891,255.0,87.807
PER,951.6688888888891,225.0,87.807
PER,969.0022222222225,195.0,87.807
PER,988.6688888888891,177.0,87.807
PER,1007.5577777777779,170.0,87.807
PER,1023.2911111111113,177.0,87.807
PER,1035.6244444444446,185.0,87.807
PER,1055.2244444444445,196.0,87.807
PER,1071.0344444444445,204.0,87.807
PER,1082.6455555555556,209.0,87.807
PER,1097.1122222222223,217.0,87.807
PER,1116.8455555555556,222.0,87.807
PER,1126.89,226.0,87.807
PER,1147.4233333333332,231.0,87.807
PER,1157.7541666666666,231.0,87.807
PER,1184.4208333333331,240.0,87.807
PER,1203.3208333333332,243.0,87.807
PER,1231.4319444444445,253.0,87.807
PER,1245.5430555555556,254.0,87.807
PER,1265.6097222222222,258.0,87.807
PER,1291.7097222222224,261.0,87.807
PER,1317.9097222222224,262.0,87.807
PER,1344.3097222222223,264.0,87.807
PER,1361.9763888888888,265.0,87.807
PER,1379.6430555555555,265.0,87.807
PER,1391.4208333333333,265.0,87.807
PER,1403.2430555555557,266.0,87.807
PER,1427.1541666666667,269.0,87.807
PER,1444.7541666666666,264.0,87.807
PER,1464.8986111111112,259.0,87.807
PER,1485.0430555555554,259.0,87.807
PER,1508.2430555555554,261.0,87.807
PER,1522.8541666666667,263.0,87.807
PER,1537.5027777777777,265.0,87.807
PER,1557.3361111111112,255.0,87.807
PER,1576.236111111111,243.0,87.807
PER,1597.036111111111,234.0,87.807
PER,1617.036111111111,225.0,87.807
PER,1637.4552777777778,229.0,87.807
PER,1650.4552777777778,234.0,87.807
PER,1669.0441666666668,239.0,87.807
PER,1688.0219444444444,244.0,87.807
PER,1704.555277777778,248.0,87.807
PER,1718.3330555555558,248.0,87.807
PER,1737.7775000000004,250.0,87.807
PER,1748.9775000000004,252.0,87.807
PER,1774.8775000000003,259.0,87.807
PER,1804.2108333333335,264.0,87.807
PER,1828.1219444444446,269.0,87.807
PER,1840.166388888889,271.0,87.807
PER,1870.8330555555558,276.0,87.807
PER,1886.2775000000001,278.0,87.807
PER,1905.0108333333333,281.0,87.807
PER,1920.7330555555554,283.0,87.807
PER,1933.3552777777777,284.0,87.807
PER,1949.1886111111112,285.0,87.807
PER,1961.9441666666664,287.0,87.807
PER,1974.7441666666664,288.0,87.807
PER,1994.0774999999999,290.0,87.807
PER,2016.788611111111,292.0,87.807
PER,2029.7294444444444,293.0,87.807
PER,2046.1183333333333,295.0,87.807
PER,2062.507222222222,295.0,87.807
PER,2082.373888888889,298.0,87.807
PER,2115.707222222222,300.0,87.807
PER,2139.1238888888884,300.0,87.807
PER,2159.190555555555,301.0,87.807
PER,2195.9794444444437,301.0,87.807
PER,2216.1127777777774,302.0,87.807
PER,2236.179444444444,301.0,87.807
PER,2256.24611111111,301.0,87.807
PER,2276.3127777777772,301.0,87.807
PER,2289.0238888888885,286.0,87.807
PER,2309.323888888888,261.0,87.807
PER,2322.546111111111,238.0,87.807
PER,2345.3238888888886,205.0,87.807
PER,2363.7238888888887,184.0,87.807
PER,2373.557222222222,177.0,87.807
PER,2385.223888888889,175.0,87.807
PER,2407.223888888889,165.0,87.807
PER,2425.335,163.0,87.807
PER,2432.712777777778,166.0,87.807
PER,2443.846111111111,167.0,87.807
PER,2453.457222222222,173.0,87.807
PER,2461.4127777777776,179.0,87.807
PER,2473.694722222222,185.0,87.807
PER,2482.005833333333,187.0,87.807
PER,2497.2502777777777,196.0,87.807
PER,2510.9169444444447,205.0,87.807
PER,2522.305833333334,205.0,87.807
PER,2541.5658333333336,216.0,87.807
PER,2553.9547222222227,223.0,87.807
PER,2566.621388888889,228.0,87.807
PER,2576.843611111112,230.0,87.807
PER,2587.2436111111115,234.0,87.807
PER,2603.310277777778,241.0,87.807
PER,2625.265833333334,247.0,87.807
PER,2639.2658333333334,252.0,87.807
PER,2659.2547222222224,257.0,87.807
PER,2685.4547222222222,262.0,87.807
PER,2712.054722222222,266.0,87.807
PER,2723.9658333333336,268.0,87.807
PER,2735.921388888889,269.0,87.807
PER,2751.088055555556,273.0,87.807
PER,2766.4213888888894,276.0,87.807
PER,2781.810277777778,277.0,87.807
PER,2803.5102777777784,279.0,87.807
PER,2825.5213888888898,283.0,87.807
PER,2838.1436111111116,284.0,87.807
PER,2853.976944444445,285.0,87.807
PER,2876.2991666666676,287.0,87.807
PER,2901.8991666666675,288.0,87.807
PER,2934.1213888888897,290.0,87.807
PER,2946.929722222223,290.0,87.807
PER,2966.2630555555565,290.0,87.807
PER,2987.8075000000013,277.0,87.807
PER,3001.4741666666678,246.0,87.807
PER,3022.4322222222236,209.0,87.807
PER,3035.832222222223,201.0,87.807
PER,3046.776666666668,197.0,87.807
PER,3059.443333333335,190.0,87.807
PER,3078.543333333335,191.0,87.807
PER,3087.2544444444457,196.0,87.807
PER,3100.787777777779,203.0,87.807
PER,3115.054444444446,214.0,87.807
PER,3124.6544444444457,216.0,87.807
PER,3136.765555555557,218.0,87.807
PER,3146.454444444446,218.0,87.807
PER,3164.343333333335,230.0,87.807
PER,3177.28777777778,233.0,87.807
PER,3195.721111111113,237.0,87.807
PER,3208.88777777778,237.0,87.807
PER,3222.4433333333354,244.0,87.807
PER,3241.88777777778,250.0,87.807
PER,3261.643333333335,254.0,87.807
PER,3275.9766666666683,258.0,87.807
PER,3296.354444444446,262.0,87.807
PER,3308.087777777779,264.0,87.807
PER,3319.9100000000017,266.0,87.807
PER,3337.8433333333346,269.0,87.807
PER,3371.576666666668,276.0,87.807
PER,3405.843055555557,281.0,87.807
PER,3427.931944444446,284.0,87.807
PER,3443.8208333333346,286.0,87.807
PER,3459.956666666668,289.0,87.807
PER,3479.2900000000013,290.0,87.807
PER,3492.267777777779,292.0,87.807
PER,3515.1344444444458,294.0,87.807
PER,3528.201111111113,294.0,87.807
PER,3541.3122222222237,295.0,87.807
PER,3561.112222222224,297.0,87.807
PER,3587.690000000002,299.0,87.807
PER,3611.101111111113,301.0,87.807
PER,3627.8788888888903,302.0,87.807
PER,3644.823333333335,305.0,87.807
PER,3665.290000000002,307.0,87.807
PER,3685.8900000000012,309.0,87.807
PER,3731.1011111111125,313.0,87.807
PER,3752.1011111111125,315.0,87.807
PER,3783.8011111111123,317.0,87.807
PER,3801.467777777779,318.0,87.807
PER,3829.912222222223,320.0,87.807
PER,3876.856666666668,325.0,87.807
PER,3891.3011111111123,325.0,87.807
PER,3931.2677777777794,327.0,87.807
PER,3953.1344444444458,328.0,87.807
PER,3974.9100000000017,328.0,87.807
PER,4004.0655555555572,328.0,87.807
PER,4044.2455555555566,328.0,87.807
PER,4066.045555555557,327.0,87.807
PER,4095.1122222222234,327.0,87.807
PER,4120.545555555557,327.0,87.807
PER,4142.345555555557,327.0,87.807
PER,4167.390000000001,322.0,87.807
PER,4186.790000000002,291.0,87.807
PER,4198.390000000002,261.0,87.807
PER,4213.656666666669,229.0,87.807
PER,4223.1677777777795,214.0,87.807
PER,4236.96777777778,207.0,87.807
PER,4248.190000000001,202.0,87.807
PER,4272.145555555557,196.0,87.807
PER,4283.201111111112,199.0,87.807
PER,4292.134444444446,201.0,87.807
PER,4301.201111111112,204.0,87.807
PER,4327.8455555555565,218.0,87.807
PER,4345.501111111113,227.0,87.807
PER,4360.901111111113,231.0,87.807
PER,4384.701111111113,238.0,87.807
PER,4406.478888888891,245.0,87.807
PER,4423.07888888889,249.0,87.807
PER,4440.012222222224,254.0,87.807
PER,4451.274722222224,255.0,87.807
PER,4465.719166666669,260.0,87.807
PER,4486.24777777778,263.0,87.807
PER,4512.94777777778,267.0,87.807
PER,4527.947777777779,270.0,87.807
PER,4558.503333333335,275.0,87.807
PER,4570.85888888889,278.0,87.807
PER,4595.836666666668,281.0,87.807
PER,4621.170000000001,285.0,87.807
PER,4640.303333333335,287.0,87.807
PER,4659.5700000000015,289.0,87.807
PER,4679.036666666668,292.0,87.807
PER,4695.4255555555565,295.0,87.807
PER,4708.625555555556,297.0,87.807
PER,4728.625555555557,300.0,87.807
PER,4758.925555555557,303.0,87.807
PER,4772.436666666668,304.0,87.807
PER,4799.725555555558,307.0,87.807
PER,4834.170000000001,310.0,87.807
PER,4862.0811111111125,314.0,87.807
PER,4890.2588888888895,317.0,87.807
PER,4918.614444444445,319.0,87.807
PER,4932.836666666667,320.0,87.807
PER,4954.303333333333,322.0,87.807
PER,4972.247777777778,323.0,87.807
PER,5001.046388888889,325.0,87.807
PER,5022.779722222222,326.0,87.807
PER,5041.037222222222,327.0,87.807
PER,5059.259444444443,328.0,87.807
PER,5092.159444444443,329.0,87.807
PER,5114.22611111111,331.0,87.807
PER,5132.615,331.0,87.807
PER,5151.059444444443,332.0,87.807
PER,5184.259444444443,332.0,87.807
PER,5206.392777777777,332.0,87.807
PER,5239.592777777777,332.0,87.807
PER,5269.103888888887,332.0,87.807
PER,5298.52611111111,331.0,87.807
PER,5331.52611111111,330.0,87.807
PER,5346.192777777776,330.0,87.807
PER,5360.8594444444425,330.0,87.807
PER,5381.992777777777,317.0,87.807
PER,5397.826111111109,285.0,87.807
PER,5416.570555555553,241.0,87.807
PER,5426.703888888887,228.0,87.807
PER,5438.092777777776,205.0,87.807
PER,5455.192777777776,171.0,87.807
PER,5469.237222222221,158.0,87.807
PER,5478.637222222221,141.0,87.807
PER,5484.548333333332,133.0,87.807
PER,5493.414999999999,133.0,87.807
PER,5500.137222222222,121.0,87.807
PER,5507.904722222222,117.0,87.807
PER,5516.490833333333,110.0,87.807
PER,5523.7575,109.0,87.807
PER,5531.1575,111.0,87.807
PER,5536.179722222222,113.0,87.807
PER,5546.401944444444,115.0,87.807
PER,5561.513055555555,136.0,87.807
PER,5569.6241666666665,146.0,87.807
PER,5578.2908333333335,156.0,87.807
PER,5595.690833333333,174.0,87.807
PER,5607.890833333333,183.0,87.807
PER,5620.890833333333,195.0,87.807
PER,5636.524166666666,201.0,87.807
PER,5655.546388888889,214.0,87.807
PER,5672.6575,220.0,87.807
PER,5693.190833333333,231.0,87.807
PER,5706.246388888889,235.0,87.807
PER,5733.468611111111,245.0,87.807
PER,5744.446388888889,247.0,87.807
PER,5764.1241666666665,253.0,87.807
PER,5778.401944444445,257.0,87.807
PER,5795.735277777778,260.0,87.807
PER,5816.346388888889,265.0,87.807
PER,5834.346388888889,270.0,87.807
PER,5846.435277777778,272.0,87.807
PER,5868.0575,278.0,87.807
PER,5886.790833333334,281.0,87.807
PER,5912.301944444445,287.0,87.807
PER,5925.057500000001,287.0,87.807
PER,5947.84638888889,293.0,87.807
PER,5970.94638888889,297.0,87.807
PER,5984.2352777777805,299.0,87.807
PER,6004.301944444447,301.0,87.807
PER,6024.568611111114,304.0,87.807
PER,6048.368611111114,306.0,87.807
PER,6072.4019444444475,309.0,87.807
PER,6089.62416666667,310.0,87.807
PER,6103.446388888892,311.0,87.807
ALO,11.519444444444446,319.0,87.846
ALO,29.35277777777778,321.0,87.846
ALO,50.75277777777778,321.0,87.846
ALO,93.68611111111113,322.0,87.846
ALO,129.55333333333334,322.0,87.846
ALO,151.02,322.0,87.846
ALO,187.13111111111112,325.0,87.846
ALO,216.01999999999998,325.0,87.846
ALO,252.3533333333333,327.0,87.846
ALO,292.31999999999994,327.0,87.846
ALO,332.19583333333327,327.0,87.846
ALO,371.79583333333323,324.0,87.846
ALO,391.3291666666666,293.0,87.846
ALO,415.9958333333332,222.0,87.846
ALO,428.9958333333332,195.0,87.846
ALO,444.79583333333323,158.0,87.846
ALO,454.6624999999999,148.0,87.846
ALO,462.05138888888877,133.0,87.846
ALO,471.773611111111,125.0,87.846
ALO,481.1847222222221,121.0,87.846
ALO,486.3847222222221,117.0,87.846
ALO,499.82916666666654,110.0,87.846
ALO,511.82916666666654,108.0,87.846
ALO,518.5624999999999,101.0,87.846
ALO,523.0347222222221,100.0,87.846
ALO,528.423611111111,97.0,87.846
ALO,534.423611111111,90.0,87.846
ALO,540.4902777777777,91.0,87.846
ALO,544.7124999999999,95.0,87.846
ALO,551.1791666666666,97.0,87.846
ALO,556.9013888888887,103.0,87.846
ALO,562.7902777777776,106.0,87.846
ALO,567.7680555555554,112.0,87.846
ALO,577.723611111111,128.0,87.846
ALO,586.8569444444444,137.0,87.846
ALO,602.7127777777777,159.0,87.846
ALO,615.7794444444444,168.0,87.846
ALO,629.8572222222222,181.0,87.846
ALO,638.1238888888888,186.0,87.846
ALO,648.4572222222222,186.0,87.846
ALO,664.0127777777777,200.0,87.846
ALO,675.1238888888888,200.0,87.846
ALO,684.0127777777777,200.0,87.846
ALO,698.6794444444444,220.0,87.846
ALO,718.2349999999999,220.0,87.846
ALO,731.1238888888887,232.0,87.846
ALO,744.4016666666665,239.0,87.846
ALO,755.0238888888888,239.0,87.846
ALO,768.3016666666665,239.0,87.846
ALO,799.2238888888887,253.0,87.846
ALO,810.5572222222221,255.0,87.846
ALO,830.7016666666666,259.0,87.846
ALO,845.2572222222221,262.0,87.846
ALO,859.9972222222221,264.0,87.846
ALO,874.7749999999999,266.0,87.846
ALO,910.5083333333332,268.0,87.846
ALO,921.886111111111,256.0,87.846
ALO,934.497222222222,227.0,87.846
ALO,944.5861111111109,227.0,87.846
ALO,967.5638888888888,188.0,87.846
ALO,975.9194444444444,188.0,87.846
ALO,985.9749999999999,181.0,87.846
ALO,996.1416666666665,183.0,87.846
ALO,1008.4899999999999,186.0,87.846
ALO,1021.4899999999998,195.0,87.846
ALO,1032.323333333333,195.0,87.846
ALO,1050.6344444444442,206.0,87.846
ALO,1062.3566666666666,211.0,87.846
ALO,1084.0566666666666,217.0,87.846
ALO,1106.1566666666665,221.0,87.846
ALO,1131.6011111111109,229.0,87.846
ALO,1144.49,232.0,87.846
ALO,1154.8455555555554,233.0,87.846
ALO,1170.7122222222222,238.0,87.846
ALO,1189.4566666666667,241.0,87.846
ALO,1203.1233333333332,246.0,87.846
ALO,1219.7233333333331,249.0,87.846
ALO,1245.023333333333,253.0,87.846
ALO,1267.5824999999998,253.0,87.846
ALO,1287.8047222222222,260.0,87.846
ALO,1302.3602777777776,262.0,87.846
ALO,1319.9602777777775,264.0,87.846
ALO,1340.493611111111,264.0,87.846
ALO,1364.0491666666667,265.0,87.846
ALO,1390.5491666666667,265.0,87.846
ALO,1408.3491666666666,267.0,87.846
ALO,1420.2602777777777,268.0,87.846
ALO,1443.7269444444444,264.0,87.846
ALO,1458.265,263.0,87.846
ALO,1472.8761111111112,263.0,87.846
ALO,1496.3427777777779,264.0,87.846
ALO,1514.0094444444444,265.0,87.846
ALO,1525.6983333333333,263.0,87.846
ALO,1537.076111111111,256.0,87.846
ALO,1572.0316666666668,242.0,87.846
ALO,1595.4316666666666,234.0,87.846
ALO,1619.2316666666666,238.0,87.846
ALO,1629.8094444444444,238.0,87.846
ALO,1640.7427777777777,246.0,87.846
ALO,1659.9538888888887,247.0,87.846
ALO,1676.4205555555554,247.0,87.846
ALO,1695.865,250.0,87.846
ALO,1712.5316666666665,250.0,87.846
ALO,1738.0022222222221,254.0,87.846
ALO,1769.7799999999997,260.0,87.846
ALO,1790.4688888888886,266.0,87.846
ALO,1802.3799999999997,268.0,87.846
ALO,1826.5577777777773,272.0,87.846
ALO,1841.7799999999995,274.0,87.846
ALO,1863.324444444444,277.0,87.846
ALO,1875.6799999999996,278.0,87.846
ALO,1903.6799999999996,280.0,87.846
ALO,1938.4341666666662,285.0,87.846
ALO,1954.3786111111106,287.0,87.846
ALO,1973.5786111111106,288.0,87.846
ALO,1992.7786111111104,288.0,87.846
ALO,2018.734166666666,292.0,87.846
ALO,2048.134166666666,294.0,87.846
ALO,2064.5230555555545,295.0,87.846
ALO,2080.967499999999,296.0,87.846
ALO,2110.6674999999987,297.0,87.846
ALO,2143.8897222222213,299.0,87.846
ALO,2177.3341666666656,301.0,87.846
ALO,2210.6674999999987,300.0,87.846
ALO,2243.7786111111095,298.0,87.846
ALO,2260.416944444443,298.0,87.846
ALO,2279.3502777777762,284.0,87.846
ALO,2300.5947222222208,239.0,87.846
ALO,2310.505833333332,223.0,87.846
ALO,2326.8391666666653,210.0,87.846
ALO,2339.8391666666653,195.0,87.846
ALO,2353.994722222221,182.0,87.846
ALO,2361.905833333332,178.0,87.846
ALO,2376.8391666666653,168.0,87.846
ALO,2384.08361111111,163.0,87.846
ALO,2399.98361111111,159.0,87.846
ALO,2408.93861111111,162.0,87.846
ALO,2421.849722222221,166.0,87.846
ALO,2435.149722222221,171.0,87.846
ALO,2444.8163888888876,174.0,87.846
ALO,2466.0386111111097,191.0,87.846
ALO,2490.727499999999,202.0,87.846
ALO,2507.0608333333325,210.0,87.846
ALO,2519.005277777777,215.0,87.846
ALO,2528.5608333333325,215.0,87.846
ALO,2546.060833333332,225.0,87.846
ALO,2569.2608333333324,232.0,87.846
ALO,2585.1274999999987,238.0,87.846
ALO,2598.73861111111,245.0,87.846
ALO,2612.349722222221,245.0,87.846
ALO,2632.1758333333323,254.0,87.846
ALO,2649.2424999999985,256.0,87.846
ALO,2663.6869444444433,260.0,87.846
ALO,2687.15361111111,264.0,87.846
ALO,2707.9980555555544,268.0,87.846
ALO,2719.998055555554,270.0,87.846
ALO,2735.164722222221,273.0,87.846
ALO,2750.3313888888874,273.0,87.846
ALO,2765.6091666666653,275.0,87.846
ALO,2780.9980555555544,277.0,87.846
ALO,2815.2202777777766,280.0,87.846
ALO,2830.831388888888,281.0,87.846
ALO,2852.763888888888,283.0,87.846
ALO,2878.0972222222213,285.0,87.846
ALO,2893.9861111111104,286.0,87.846
ALO,2913.119444444443,287.0,87.846
ALO,2932.252777777777,287.0,87.846
ALO,2945.0083333333328,287.0,87.846
ALO,2964.074999999999,286.0,87.846
ALO,2975.8972222222214,266.0,87.846
ALO,2998.0972222222213,222.0,87.846
ALO,3018.697222222221,206.0,87.846
ALO,3034.4083333333324,202.0,87.846
ALO,3045.408333333332,198.0,87.846
ALO,3058.674999999999,199.0,87.846
ALO,3074.697222222221,206.0,87.846
ALO,3088.4305555555547,206.0,87.846
ALO,3108.047222222221,220.0,87.846
ALO,3130.947222222221,229.0,87.846
ALO,3146.413888888888,232.0,87.846
ALO,3159.469444444443,235.0,87.846
ALO,3180.6249999999986,238.0,87.846
ALO,3201.958333333332,240.0,87.846
ALO,3218.424999999999,247.0,87.846
ALO,3235.1583333333324,251.0,87.846
ALO,3252.358333333332,258.0,87.846
ALO,3275.647222222221,262.0,87.846
ALO,3287.424999999999,265.0,87.846
ALO,3299.291666666665,267.0,87.846
ALO,3320.294166666665,271.0,87.846
ALO,3341.6052777777763,274.0,87.846
ALO,3375.7052777777762,279.0,87.846
ALO,3394.5052777777764,282.0,87.846
ALO,3410.227499999998,283.0,87.846
ALO,3432.4719444444427,286.0,87.846
ALO,3454.9497222222203,289.0,87.846
ALO,3480.816388888887,291.0,87.846
ALO,3503.605277777776,293.0,87.846
ALO,3523.138611111109,293.0,87.846
ALO,3536.160833333331,293.0,87.846
ALO,3565.860833333331,297.0,87.846
ALO,3579.060833333331,297.0,87.846
ALO,3592.388055555553,298.0,87.846
ALO,3615.799166666664,301.0,87.846
ALO,3635.9324999999976,302.0,87.846
ALO,3670.0436111111085,307.0,87.846
ALO,3683.732499999998,308.0,87.846
ALO,3704.2658333333306,308.0,87.846
ALO,3718.088055555553,311.0,87.846
ALO,3735.421388888886,312.0,87.846
ALO,3763.3324999999973,314.0,87.846
ALO,3798.443611111109,316.0,87.846
ALO,3826.710277777776,318.0,87.846
ALO,3851.599166666664,320.0,87.846
ALO,3890.865277777775,322.0,87.846
ALO,3912.4652777777756,324.0,87.846
ALO,3930.520833333331,325.0,87.846
ALO,3944.9652777777756,325.0,87.846
ALO,3959.4097222222204,325.0,87.846
ALO,3977.4652777777756,325.0,87.846
ALO,3999.198611111109,326.0,87.846
ALO,4013.6874999999977,326.0,87.846
ALO,4042.6652777777754,326.0,87.846
ALO,4071.554166666664,325.0,87.846
ALO,4096.754166666664,324.0,87.846
ALO,4121.876388888886,323.0,87.846
ALO,4143.343055555553,322.0,87.846
ALO,4156.454166666664,295.0,87.846
ALO,4177.0516666666645,231.0,87.846
ALO,4189.2183333333305,219.0,87.846
ALO,4198.50722222222,209.0,87.846
ALO,4209.7294444444415,202.0,87.846
ALO,4223.0627777777745,200.0,87.846
ALO,4231.640555555552,193.0,87.846
ALO,4246.651666666663,193.0,87.846
ALO,4269.540555555552,206.0,87.846
ALO,4278.696111111108,206.0,87.846
ALO,4305.829444444441,222.0,87.846
ALO,4315.784999999997,224.0,87.846
ALO,4333.751666666664,231.0,87.846
ALO,4349.151666666664,231.0,87.846
ALO,4373.483888888886,244.0,87.846
ALO,4387.206111111108,247.0,87.846
ALO,4409.694999999997,253.0,87.846
ALO,4421.072777777775,256.0,87.846
ALO,4438.339444444441,259.0,87.846
ALO,4449.894999999998,260.0,87.846
ALO,4470.194999999998,261.0,87.846
ALO,4484.91722222222,265.0,87.846
ALO,4499.806111111108,268.0,87.846
ALO,4517.806111111109,270.0,87.846
ALO,4529.894999999998,272.0,87.846
ALO,4545.172777777776,275.0,87.846
ALO,4563.639444444442,277.0,87.846
ALO,4585.2616666666645,278.0,87.846
ALO,4604.206944444442,283.0,87.846
ALO,4632.706944444442,285.0,87.846
ALO,4658.306944444442,288.0,87.846
ALO,4690.862499999997,293.0,87.846
ALO,4734.051388888886,299.0,87.846
ALO,4767.606944444442,302.0,87.846
ALO,4801.606944444441,306.0,87.846
ALO,4829.073611111108,309.0,87.846
ALO,4842.851388888886,310.0,87.846
ALO,4863.5180555555535,310.0,87.846
ALO,4884.364166666664,314.0,87.846
ALO,4901.864166666664,315.0,87.846
ALO,4919.364166666664,315.0,87.846
ALO,4933.453055555552,317.0,87.846
ALO,4951.119722222219,318.0,87.846
ALO,4972.453055555552,320.0,87.846
ALO,4997.419722222219,321.0,87.846
ALO,5022.464166666664,322.0,87.846
ALO,5040.408611111108,323.0,87.846
ALO,5058.408611111108,324.0,87.846
ALO,5080.075277777774,325.0,87.846
ALO,5098.186388888886,326.0,87.846
ALO,5119.986388888885,327.0,87.846
ALO,5138.153055555552,327.0,87.846
ALO,5156.3752777777745,328.0,87.846
ALO,5185.711111111108,329.0,87.846
ALO,5214.955555555552,329.0,87.846
ALO,5240.544444444441,329.0,87.846
ALO,5262.411111111109,328.0,87.846
ALO,5291.4777777777745,327.0,87.846
ALO,5309.644444444441,327.0,87.846
ALO,5331.377777777774,326.0,87.846
ALO,5360.266666666664,325.0,87.846
ALO,5382.588888888886,287.0,87.846
ALO,5396.42222222222,249.0,87.846
ALO,5412.211111111108,203.0,87.846
ALO,5420.7888888888865,193.0,87.846
ALO,5433.655555555553,193.0,87.846
ALO,5440.4555555555535,153.0,87.846
ALO,5451.150555555554,138.0,87.846
ALO,5462.439444444442,127.0,87.846
ALO,5467.950555555553,124.0,87.846
ALO,5477.128333333331,118.0,87.846
ALO,5482.239444444443,115.0,87.846
ALO,5494.5727777777765,111.0,87.846
ALO,5502.039444444443,112.0,87.846
ALO,5509.972777777776,119.0,87.846
ALO,5524.306111111109,129.0,87.846
ALO,5531.806111111109,135.0,87.846
ALO,5549.936111111109,148.0,87.846
ALO,5566.636111111109,167.0,87.846
ALO,5582.280555555554,176.0,87.846
ALO,5598.991666666665,188.0,87.846
ALO,5616.4138888888865,196.0,87.846
ALO,5625.658333333332,208.0,87.846
ALO,5642.613888888887,218.0,87.846
ALO,5657.547222222221,224.0,87.846
ALO,5677.902777777776,229.0,87.846
ALO,5696.4138888888865,238.0,87.846
ALO,5712.547222222221,242.0,87.846
ALO,5737.547222222221,250.0,87.846
ALO,5754.480555555554,254.0,87.846
ALO,5786.429999999999,262.0,87.846
ALO,5813.129999999999,267.0,87.846
ALO,5831.329999999999,273.0,87.846
ALO,5856.041111111111,278.0,87.846
ALO,5871.652222222221,281.0,87.846
ALO,5893.5855555555545,282.0,87.846
ALO,5925.474444444444,287.0,87.846
ALO,5958.2522222222215,295.0,87.846
ALO,5998.335555555555,300.0,87.846
ALO,6028.535555555555,302.0,87.846
ALO,6042.046666666666,304.0,87.846
ALO,6058.9911111111105,305.0,87.846
ALO,6086.368888888887,308.0,87.846
PIA,8.984444444444444,311.0,88.089
PIA,29.784444444444446,312.0,88.089
PIA,54.20666666666666,314.0,88.089
PIA,78.62888888888888,314.0,88.089
PIA,92.58444444444444,314.0,88.089
PIA,113.71777777777777,317.0,88.089
PIA,138.45111111111112,318.0,88.089
PIA,170.3511111111111,319.0,88.089
PIA,188.1288888888889,320.0,88.089
PIA,202.39555555555555,321.0,88.089
PIA,220.28444444444446,322.0,88.089
PIA,263.21777777777777,322.0,88.089
PIA,281.1622222222222,323.0,88.089
PIA,306.28444444444443,323.0,88.089
PIA,327.84055555555557,322.0,88.089
PIA,356.46277777777783,322.0,88.089
PIA,374.2961111111111,321.0,88.089
PIA,388.4738888888889,319.0,88.089
PIA,409.0888888888889,266.0,88.089
PIA,419.35555555555555,231.0,88.089
PIA,441.23333333333335,179.0,88.089
PIA,457.67777777777775,148.0,88.089
PIA,469.67777777777775,135.0,88.089
PIA,480.7888888888889,125.0,88.089
PIA,486.2111111111111,122.0,88.089
PIA,500.26666666666665,115.0,88.089
PIA,511.46666666666664,112.0,88.089
PIA,519.7111111111111,106.0,88.089
PIA,527.4111111111112,99.0,88.089
PIA,533.7444444444445,95.0,88.089
PIA,537.8333333333334,92.0,88.089
PIA,545.5666666666667,87.0,88.089
PIA,553.5666666666667,90.0,88.089
PIA,561.1111111111112,97.0,88.089
PIA,567.9111111111112,102.0,88.089
PIA,572.7111111111111,108.0,88.089
PIA,580.4444444444445,116.0,88.089
PIA,586.0444444444445,126.0,88.089
PIA,591.8666666666667,131.0,88.089
PIA,601.7744444444445,148.0,88.089
PIA,610.5522222222222,158.0,88.089
PIA,621.7522222222223,168.0,88.089
PIA,631.6411111111111,178.0,88.089
PIA,644.1886111111111,189.0,88.089
PIA,652.7663888888889,193.0,88.089
PIA,661.6552777777778,200.0,88.089
PIA,670.6775,203.0,88.089
PIA,680.0108333333334,210.0,88.089
PIA,699.2108333333333,216.0,88.089
PIA,719.5663888888889,229.0,88.089
PIA,740.4552777777778,235.0,88.089
PIA,767.5663888888889,244.0,88.089
PIA,778.4997222222223,246.0,88.089
PIA,792.3886111111111,250.0,88.089
PIA,812.2219444444445,255.0,88.089
PIA,823.6886111111111,258.0,88.089
PIA,838.2441666666667,262.0,88.089
PIA,870.7552777777778,266.0,88.089
PIA,888.6219444444445,268.0,88.089
PIA,909.4663888888889,268.0,88.089
PIA,931.4219444444445,247.0,88.089
PIA,943.8108333333334,223.0,88.089
PIA,953.7219444444446,223.0,88.089
PIA,962.655277777778,201.0,88.089
PIA,983.7663888888891,190.0,88.089
PIA,997.7663888888892,180.0,88.089
PIA,1007.9838888888892,183.0,88.089
PIA,1018.4838888888892,189.0,88.089
PIA,1027.0172222222225,192.0,88.089
PIA,1045.061666666667,203.0,88.089
PIA,1068.2258333333336,209.0,88.089
PIA,1079.8925000000002,210.0,88.089
PIA,1091.9480555555556,217.0,88.089
PIA,1104.1702777777778,220.0,88.089
PIA,1119.2369444444446,226.0,88.089
PIA,1131.9591666666668,229.0,88.089
PIA,1147.4258333333332,232.0,88.089
PIA,1173.8702777777778,238.0,88.089
PIA,1187.2591666666667,241.0,88.089
PIA,1212.0591666666667,248.0,88.089
PIA,1237.4591666666665,254.0,88.089
PIA,1254.5925,257.0,88.089
PIA,1274.7369444444441,259.0,88.089
PIA,1294.9591666666665,260.0,88.089
PIA,1312.3591666666664,261.0,88.089
PIA,1324.0480555555553,263.0,88.089
PIA,1335.7813888888886,264.0,88.089
PIA,1365.3369444444443,266.0,88.089
PIA,1385.9480555555551,265.0,88.089
PIA,1409.8591666666662,269.0,88.089
PIA,1442.5666666666664,267.0,88.089
PIA,1463.1777777777772,265.0,88.089
PIA,1480.7111111111108,263.0,88.089
PIA,1498.1777777777772,262.0,88.089
PIA,1527.5111111111107,264.0,88.089
PIA,1604.1338888888884,238.0,88.089
PIA,1614.7116666666661,238.0,88.089
PIA,1627.9338888888883,238.0,88.089
PIA,1655.4894444444437,248.0,88.089
PIA,1669.2672222222218,248.0,88.089
PIA,1680.289444444444,248.0,88.089
PIA,1696.8227777777772,248.0,88.089
PIA,1719.0449999999994,250.0,88.089
PIA,1744.3449999999993,253.0,88.089
PIA,1755.6338888888884,254.0,88.089
PIA,1775.7005555555552,258.0,88.089
PIA,1796.0783333333327,262.0,88.089
PIA,1816.8449999999993,267.0,88.089
PIA,1837.9227777777771,271.0,88.089
PIA,1859.233888888888,274.0,88.089
PIA,1871.5005555555547,276.0,88.089
PIA,1886.8894444444438,277.0,88.089
PIA,1918.1897222222217,281.0,88.089
PIA,1933.9119444444439,283.0,88.089
PIA,1949.6897222222217,284.0,88.089
PIA,1962.400833333333,286.0,88.089
PIA,1984.800833333333,288.0,88.089
PIA,2010.5786111111108,290.0,88.089
PIA,2036.4530555555552,292.0,88.089
PIA,2052.730833333333,293.0,88.089
PIA,2069.0641666666666,294.0,88.089
PIA,2101.9530555555557,296.0,88.089
PIA,2115.1530555555555,297.0,88.089
PIA,2138.3308333333334,298.0,88.089
PIA,2171.6641666666665,300.0,88.089
PIA,2191.730833333333,301.0,88.089
PIA,2208.3975,300.0,88.089
PIA,2241.619722222222,299.0,88.089
PIA,2268.1086111111113,298.0,88.089
PIA,2301.175277777778,248.0,88.089
PIA,2328.6752777777783,225.0,88.089
PIA,2344.2308333333335,200.0,88.089
PIA,2360.764166666667,186.0,88.089
PIA,2379.875277777778,172.0,88.089
PIA,2387.2975,167.0,88.089
PIA,2401.475,159.0,88.089
PIA,2417.6749999999997,162.0,88.089
PIA,2426.897222222222,166.0,88.089
PIA,2440.197222222222,171.0,88.089
PIA,2452.197222222222,180.0,88.089
PIA,2464.3463888888887,183.0,88.089
PIA,2481.3241666666663,191.0,88.089
PIA,2492.4352777777776,200.0,88.089
PIA,2513.6352777777774,212.0,88.089
PIA,2525.635277777777,216.0,88.089
PIA,2548.135277777777,225.0,88.089
PIA,2558.224166666666,227.0,88.089
PIA,2570.946388888888,229.0,88.089
PIA,2584.113055555555,237.0,88.089
PIA,2603.013055555555,243.0,88.089
PIA,2625.2352777777774,250.0,88.089
PIA,2642.2352777777774,255.0,88.089
PIA,2659.435277777777,258.0,88.089
PIA,2676.8352777777773,261.0,88.089
PIA,2694.5019444444442,265.0,88.089
PIA,2724.5019444444442,270.0,88.089
PIA,2757.990833333333,274.0,88.089
PIA,2770.2130555555555,275.0,88.089
PIA,2788.7463888888883,278.0,88.089
PIA,2804.3797222222215,280.0,88.089
PIA,2816.8686111111106,281.0,88.089
PIA,2835.7352777777774,283.0,88.089
PIA,2870.6908333333326,286.0,88.089
PIA,2892.8574999999996,285.0,88.089
PIA,2918.279722222222,286.0,88.089
PIA,2934.1686111111107,286.0,88.089
PIA,2953.1558333333332,286.0,88.089
PIA,2969.044722222222,286.0,88.089
PIA,2993.144722222222,241.0,88.089
PIA,3015.144722222222,220.0,88.089
PIA,3028.944722222222,207.0,88.089
PIA,3050.6113888888885,195.0,88.089
PIA,3063.678055555555,196.0,88.089
PIA,3072.5224999999996,199.0,88.089
PIA,3088.389166666666,204.0,88.089
PIA,3097.7224999999994,210.0,88.089
PIA,3117.189166666666,219.0,88.089
PIA,3132.189166666666,225.0,88.089
PIA,3144.9113888888883,229.0,88.089
PIA,3165.800277777777,235.0,88.089
PIA,3178.966944444444,237.0,88.089
PIA,3206.078055555555,244.0,88.089
PIA,3233.9669444444435,251.0,88.089
PIA,3259.5377777777767,255.0,88.089
PIA,3282.8266666666655,262.0,88.089
PIA,3306.47111111111,266.0,88.089
PIA,3336.6933333333327,272.0,88.089
PIA,3358.159999999999,276.0,88.089
PIA,3379.782222222221,278.0,88.089
PIA,3392.1930555555546,281.0,88.089
PIA,3414.2819444444435,284.0,88.089
PIA,3436.526388888888,286.0,88.089
PIA,3471.9708333333324,290.0,88.089
PIA,3497.926388888888,292.0,88.089
PIA,3514.2597222222216,294.0,88.089
PIA,3527.3263888888882,294.0,88.089
PIA,3543.770833333333,296.0,88.089
PIA,3556.926388888889,296.0,88.089
PIA,3586.726388888889,298.0,88.089
PIA,3600.0152777777776,299.0,88.089
PIA,3613.304166666667,299.0,88.089
PIA,3626.681944444444,301.0,88.089
PIA,3653.7041666666664,304.0,88.089
PIA,3687.9263888888886,308.0,88.089
PIA,3719.0263888888885,311.0,88.089
PIA,3743.370833333333,313.0,88.089
PIA,3757.2819444444444,313.0,88.089
PIA,3771.2374999999997,314.0,88.089
PIA,3792.325,315.0,88.089
PIA,3816.902777777778,316.0,88.089
PIA,3830.9916666666663,317.0,88.089
PIA,3852.258333333333,319.0,88.089
PIA,3873.5916666666667,320.0,88.089
PIA,3895.0583333333334,322.0,88.089
PIA,3909.369444444444,322.0,88.089
PIA,3945.147222222222,322.0,88.089
PIA,3959.4130555555553,323.0,88.089
PIA,3984.5352777777775,323.0,88.089
PIA,3998.935277777778,324.0,88.089
PIA,4031.435277777778,325.0,88.089
PIA,4049.4352777777776,324.0,88.089
PIA,4078.146388888889,323.0,88.089
PIA,4099.613055555556,322.0,88.089
PIA,4131.613055555556,320.0,88.089
PIA,4145.701944444445,317.0,88.089
PIA,4161.701944444445,288.0,88.089
PIA,4181.924166666668,260.0,88.089
PIA,4192.324166666668,234.0,88.089
PIA,4220.324166666668,210.0,88.089
PIA,4238.013055555557,199.0,88.089
PIA,4248.846388888891,195.0,88.089
PIA,4262.179722222224,200.0,88.089
PIA,4290.313055555557,211.0,88.089
PIA,4315.041388888891,222.0,88.089
PIA,4330.441388888891,231.0,88.089
PIA,4356.8858333333355,238.0,88.089
PIA,4378.396944444447,242.0,88.089
PIA,4405.952500000002,248.0,88.089
PIA,4437.2413888888905,256.0,88.089
PIA,4469.31277777778,263.0,88.089
PIA,4501.946111111113,267.0,88.089
PIA,4519.879444444447,269.0,88.089
PIA,4550.323888888892,274.0,88.089
PIA,4568.790555555558,277.0,88.089
PIA,4596.790555555558,280.0,88.089
PIA,4615.657222222226,283.0,88.089
PIA,4631.49055555556,285.0,88.089
PIA,4653.890555555558,288.0,88.089
PIA,4676.446111111114,290.0,88.089
PIA,4689.423888888893,292.0,88.089
PIA,4725.601666666671,296.0,88.089
PIA,4759.046111111114,301.0,88.089
PIA,4779.246111111115,303.0,88.089
PIA,4792.841666666671,304.0,88.089
PIA,4809.786111111114,305.0,88.089
PIA,4830.252777777781,307.0,88.089
PIA,4850.852777777781,309.0,88.089
PIA,4864.675000000003,311.0,88.089
PIA,4885.475000000004,312.0,88.089
PIA,4902.863888888893,313.0,88.089
PIA,4920.363888888892,315.0,88.089
PIA,4934.408333333337,316.0,88.089
PIA,4959.141666666671,318.0,88.089
PIA,4980.408333333337,319.0,88.089
PIA,5012.319444444448,320.0,88.089
PIA,5037.286111111115,321.0,88.089
PIA,5062.33055555556,322.0,88.089
PIA,5076.641666666671,322.0,88.089
PIA,5094.586111111115,323.0,88.089
PIA,5119.786111111115,324.0,88.089
PIA,5137.786111111115,324.0,88.089
PIA,5152.2305555555595,325.0,88.089
PIA,5173.8972222222255,325.0,88.089
PIA,5202.875000000004,326.0,88.089
PIA,5220.930555555559,325.0,88.089
PIA,5238.986111111115,325.0,88.089
PIA,5253.386111111115,324.0,88.089
PIA,5271.330555555559,323.0,88.089
PIA,5310.5638888888925,321.0,88.089
PIA,5324.830555555559,321.0,88.089
PIA,5349.719444444448,320.0,88.089
PIA,5367.497222222226,320.0,88.089
PIA,5384.805555555558,310.0,88.089
PIA,5399.972222222225,273.0,88.089
PIA,5428.372222222226,213.0,88.089
PIA,5436.461111111114,182.0,88.089
PIA,5445.683333333337,166.0,88.089
PIA,5452.838888888892,161.0,88.089
PIA,5469.9500000000035,140.0,88.089
PIA,5475.861111111114,133.0,88.089
PIA,5483.027777777781,129.0,88.089
PIA,5489.91666666667,124.0,88.089
PIA,5497.8169444444475,119.0,88.089
PIA,5505.4836111111135,115.0,88.089
PIA,5511.761388888892,113.0,88.089
PIA,5521.9836111111135,115.0,88.089
PIA,5528.539166666669,118.0,88.089
PIA,5541.239166666669,127.0,88.089
PIA,5554.939166666669,137.0,88.089
PIA,5571.939166666669,153.0,88.089
PIA,5580.939166666669,162.0,88.089
PIA,5588.583611111113,172.0,88.089
PIA,5600.65027777778,181.0,88.089
PIA,5615.6613888888905,193.0,88.089
PIA,5626.772500000002,200.0,88.089
PIA,5640.705833333335,209.0,88.089
PIA,5662.505833333335,218.0,88.089
PIA,5682.657500000002,226.0,88.089
PIA,5700.857500000002,234.0,88.089
PIA,5714.13527777778,239.0,88.089
PIA,5730.468611111114,245.0,88.089
PIA,5749.83527777778,249.0,88.089
PIA,5772.501944444447,255.0,88.089
PIA,5798.601944444447,261.0,88.089
PIA,5816.33527777778,266.0,88.089
PIA,5828.2463888888915,268.0,88.089
PIA,5852.513055555558,273.0,88.089
PIA,5867.769722222224,276.0,88.089
PIA,5883.32527777778,280.0,88.089
PIA,5908.658611111113,285.0,88.089
PIA,5927.8586111111135,288.0,88.089
PIA,5940.791944444447,291.0,88.089
PIA,5953.769722222224,292.0,88.089
PIA,5996.669722222225,297.0,88.089
PIA,6026.669722222225,300.0,88.089
PIA,6056.969722222225,303.0,88.089
PIA,6070.480833333336,304.0,88.089
PIA,6084.080833333335,306.0,88.089
NOR,17.105,311.0,88.132
NOR,34.43833333333333,312.0,88.132
NOR,55.23833333333333,312.0,88.132
NOR,90.34944444444443,316.0,88.132
NOR,125.57166666666664,317.0,88.132
NOR,153.9272222222222,319.0,88.132
NOR,168.105,319.0,88.132
NOR,200.29416666666665,321.0,88.132
NOR,218.1275,321.0,88.132
NOR,236.01638888888886,322.0,88.132
NOR,253.81583333333333,322.0,88.132
NOR,289.7047222222222,323.0,88.132
NOR,314.9047222222222,324.0,88.132
NOR,339.94916666666666,322.0,88.132
NOR,372.1491666666667,322.0,88.132
NOR,395.0158333333333,294.0,88.132
NOR,409.3491666666667,258.0,88.132
NOR,422.0158333333334,228.0,88.132
NOR,433.1269444444445,200.0,88.132
NOR,451.68250000000006,167.0,88.132
NOR,458.2158333333334,147.0,88.132
NOR,469.2602777777779,142.0,88.132
NOR,475.1269444444446,132.0,88.132
NOR,489.01583333333343,125.0,88.132
NOR,497.14916666666676,122.0,88.132
NOR,505.01583333333343,118.0,88.132
NOR,516.6158333333334,116.0,88.132
NOR,527.8380555555557,101.0,88.132
NOR,535.2269444444446,95.0,88.132
NOR,542.3047222222224,91.0,88.132
NOR,549.3047222222224,90.0,88.132
NOR,554.4972222222224,93.0,88.132
NOR,562.1194444444445,98.0,88.132
NOR,572.8194444444445,107.0,88.132
NOR,583.1869444444445,117.0,88.132
NOR,588.831388888889,127.0,88.132
NOR,598.0313888888891,138.0,88.132
NOR,610.0091666666668,154.0,88.132
NOR,617.2980555555557,164.0,88.132
NOR,628.831388888889,173.0,88.132
NOR,636.6980555555557,177.0,88.132
NOR,644.9647222222223,186.0,88.132
NOR,662.7425000000002,200.0,88.132
NOR,686.4091666666668,213.0,88.132
NOR,700.9425000000001,218.0,88.132
NOR,718.3647222222224,224.0,88.132
NOR,736.331388888889,231.0,88.132
NOR,746.820277777778,236.0,88.132
NOR,763.020277777778,243.0,88.132
NOR,782.2313888888891,247.0,88.132
NOR,807.6313888888892,254.0,88.132
NOR,821.8536111111114,256.0,88.132
NOR,833.4091666666669,260.0,88.132
NOR,848.0758333333335,264.0,88.132
NOR,883.6758333333336,267.0,88.132
NOR,898.5647222222224,268.0,88.132
NOR,919.5647222222225,270.0,88.132
NOR,936.2338888888892,249.0,88.132
NOR,955.1672222222226,213.0,88.132
NOR,966.111666666667,197.0,88.132
NOR,974.8672222222226,197.0,88.132
NOR,989.2822222222226,186.0,88.132
NOR,997.1933333333337,178.0,88.132
NOR,1019.1933333333338,180.0,88.132
NOR,1040.304444444445,190.0,88.132
NOR,1057.9933333333338,199.0,88.132
NOR,1076.3933333333339,207.0,88.132
NOR,1085.7711111111116,211.0,88.132
NOR,1112.7822222222228,221.0,88.132
NOR,1135.5822222222228,228.0,88.132
NOR,1153.626666666667,232.0,88.132
NOR,1171.9822222222226,236.0,88.132
NOR,1187.9822222222226,240.0,88.132
NOR,1198.7822222222226,243.0,88.132
NOR,1220.915555555556,249.0,88.132
NOR,1243.4044444444448,253.0,88.132
NOR,1263.5488888888895,259.0,88.132
NOR,1280.815555555556,259.0,88.132
NOR,1292.415555555556,261.0,88.132
NOR,1309.882222222223,262.0,88.132
NOR,1321.5711111111118,263.0,88.132
NOR,1333.3044444444452,264.0,88.132
NOR,1351.0447222222228,265.0,88.132
NOR,1365.8225000000007,266.0,88.132
NOR,1383.5558333333338,266.0,88.132
NOR,1398.3336111111118,266.0,88.132
NOR,1416.1922222222227,269.0,88.132
NOR,1428.1477777777782,269.0,88.132
NOR,1440.014444444445,267.0,88.132
NOR,1451.7922222222228,265.0,88.132
NOR,1463.5700000000006,265.0,88.132
NOR,1487.0366666666673,264.0,88.132
NOR,1510.503333333334,264.0,88.132
NOR,1533.9700000000007,264.0,88.132
NOR,1562.6366666666672,258.0,88.132
NOR,1573.8811111111117,253.0,88.132
NOR,1587.6588888888898,248.0,88.132
NOR,1606.6366666666675,244.0,88.132
NOR,1617.5255555555564,245.0,88.132
NOR,1631.1922222222229,246.0,88.132
NOR,1662.114444444445,253.0,88.132
NOR,1679.0477777777785,254.0,88.132
NOR,1698.6477777777784,252.0,88.132
NOR,1721.1366666666672,253.0,88.132
NOR,1735.2477777777783,254.0,88.132
NOR,1746.5811111111116,255.0,88.132
NOR,1758.0033333333338,257.0,88.132
NOR,1787.2255555555562,263.0,88.132
NOR,1807.9922222222226,267.0,88.132
NOR,1823.0672222222227,270.0,88.132
NOR,1838.2338888888892,273.0,88.132
NOR,1850.4116666666669,274.0,88.132
NOR,1875.0338888888891,277.0,88.132
NOR,1906.1780555555558,281.0,88.132
NOR,1921.900277777778,283.0,88.132
NOR,1937.6780555555558,284.0,88.132
NOR,1953.566944444445,286.0,88.132
NOR,1972.7669444444448,288.0,88.132
NOR,1988.8225000000002,289.0,88.132
NOR,2008.2225000000003,291.0,88.132
NOR,2040.7780555555557,293.0,88.132
NOR,2057.0558333333333,293.0,88.132
NOR,2086.6558333333332,296.0,88.132
NOR,2116.255833333333,296.0,88.132
NOR,2136.1891666666666,299.0,88.132
NOR,2159.5225,300.0,88.132
NOR,2182.8558333333335,300.0,88.132
NOR,2202.9224999999997,301.0,88.132
NOR,2216.300277777778,301.0,88.132
NOR,2229.678055555555,301.0,88.132
NOR,2263.011388888889,300.0,88.132
NOR,2286.266944444444,299.0,88.132
NOR,2308.133611111111,246.0,88.132
NOR,2334.103611111111,212.0,88.132
NOR,2349.2702777777777,195.0,88.132
NOR,2361.603611111111,185.0,88.132
NOR,2373.6702777777778,181.0,88.132
NOR,2392.670277777778,171.0,88.132
NOR,2446.756944444445,168.0,88.132
NOR,2454.3569444444447,171.0,88.132
NOR,2464.079166666667,175.0,88.132
NOR,2484.7458333333334,186.0,88.132
NOR,2495.4680555555556,193.0,88.132
NOR,2504.3125,199.0,88.132
NOR,2517.9125,204.0,88.132
NOR,2536.7569444444443,212.0,88.132
NOR,2558.8569444444443,221.0,88.132
NOR,2568.9013888888885,226.0,88.132
NOR,2586.868055555555,231.0,88.132
NOR,2605.3791666666666,238.0,88.132
NOR,2624.4347222222223,245.0,88.132
NOR,2643.9569444444446,251.0,88.132
NOR,2663.7902777777776,255.0,88.132
NOR,2675.256944444445,258.0,88.132
NOR,2689.756944444445,261.0,88.132
NOR,2719.386388888889,266.0,88.132
NOR,2734.330833333334,269.0,88.132
NOR,2749.386388888889,271.0,88.132
NOR,2761.5197222222228,273.0,88.132
NOR,2782.9863888888895,276.0,88.132
NOR,2807.7863888888896,279.0,88.132
NOR,2832.6861111111116,281.0,88.132
NOR,2848.3527777777786,282.0,88.132
NOR,2864.130555555556,284.0,88.132
NOR,2895.908333333334,286.0,88.132
NOR,2908.708333333334,288.0,88.132
NOR,2931.108333333334,288.0,88.132
NOR,2962.9972222222227,287.0,88.132
NOR,2981.6638888888897,280.0,88.132
NOR,2995.719444444445,253.0,88.132
NOR,3019.7194444444453,216.0,88.132
NOR,3038.2083333333344,208.0,88.132
NOR,3064.608333333334,198.0,88.132
NOR,3089.1750000000006,201.0,88.132
NOR,3105.3527777777786,208.0,88.132
NOR,3124.6416666666673,217.0,88.132
NOR,3149.752777777778,226.0,88.132
NOR,3159.930555555556,229.0,88.132
NOR,3180.8847222222225,235.0,88.132
NOR,3204.8847222222225,240.0,88.132
NOR,3218.440277777778,244.0,88.132
NOR,3237.6513888888894,247.0,88.132
NOR,3254.451388888889,252.0,88.132
NOR,3271.380555555556,255.0,88.132
NOR,3294.4916666666672,260.0,88.132
NOR,3309.102777777778,263.0,88.132
NOR,3336.002777777778,269.0,88.132
NOR,3351.058333333334,271.0,88.132
NOR,3378.6583333333338,276.0,88.132
NOR,3390.9694444444453,277.0,88.132
NOR,3406.469444444445,279.0,88.132
NOR,3422.080555555556,281.0,88.132
NOR,3444.169444444445,284.0,88.132
NOR,3469.680555555556,287.0,88.132
NOR,3488.9472222222225,289.0,88.132
NOR,3508.3472222222226,291.0,88.132
NOR,3527.8138888888893,292.0,88.132
NOR,3547.413888888889,294.0,88.132
NOR,3580.4138888888892,297.0,88.132
NOR,3616.9583333333335,299.0,88.132
NOR,3630.2916666666665,300.0,88.132
NOR,3650.425,302.0,88.132
NOR,3667.3983333333335,304.0,88.132
NOR,3680.998333333334,306.0,88.132
NOR,3701.465,307.0,88.132
NOR,3739.3538888888893,310.0,88.132
NOR,3763.5427777777777,311.0,88.132
NOR,3791.4538888888887,314.0,88.132
NOR,3808.953888888889,315.0,88.132
NOR,3829.932777777778,316.0,88.132
NOR,3847.5438888888893,317.0,88.132
NOR,3879.4438888888894,319.0,88.132
NOR,3911.5438888888893,321.0,88.132
NOR,3933.010555555556,322.0,88.132
NOR,3968.8994444444447,323.0,88.132
NOR,3990.432777777778,323.0,88.132
NOR,4004.8327777777777,324.0,88.132
NOR,4030.032777777778,324.0,88.132
NOR,4044.4327777777785,324.0,88.132
NOR,4073.2327777777787,324.0,88.132
NOR,4094.7661111111115,323.0,88.132
NOR,4112.655000000001,322.0,88.132
NOR,4141.188333333334,321.0,88.132
NOR,4158.743888888889,316.0,88.132
NOR,4187.077222222223,255.0,88.132
NOR,4211.077222222223,216.0,88.132
NOR,4231.53388888889,204.0,88.132
NOR,4248.9561111111125,196.0,88.132
NOR,4266.645000000001,199.0,88.132
NOR,4289.645000000001,207.0,88.132
NOR,4306.367222222224,215.0,88.132
NOR,4323.478333333335,220.0,88.132
NOR,4333.415833333335,225.0,88.132
NOR,4351.46027777778,232.0,88.132
NOR,4369.971388888891,238.0,88.132
NOR,4399.671388888892,243.0,88.132
NOR,4421.982500000002,251.0,88.132
NOR,4436.093611111113,254.0,88.132
NOR,4447.515833333335,257.0,88.132
NOR,4461.960277777779,260.0,88.132
NOR,4473.5602777777785,261.0,88.132
NOR,4500.0602777777785,265.0,88.132
NOR,4511.971388888889,268.0,88.132
NOR,4523.882500000001,268.0,88.132
NOR,4535.926944444444,271.0,88.132
NOR,4560.371388888889,275.0,88.132
NOR,4591.260277777778,278.0,88.132
NOR,4619.5602777777785,283.0,88.132
NOR,4641.7269444444455,285.0,88.132
NOR,4654.482500000001,287.0,88.132
NOR,4667.326944444445,289.0,88.132
NOR,4686.807777777778,291.0,88.132
NOR,4709.674444444445,294.0,88.132
NOR,4722.785555555557,295.0,88.132
NOR,4742.652222222223,298.0,88.132
NOR,4762.652222222223,300.0,88.132
NOR,4782.785555555557,302.0,88.132
NOR,4796.252222222223,303.0,88.132
NOR,4830.252222222224,306.0,88.132
NOR,4843.855555555557,308.0,88.132
NOR,4867.966666666668,310.0,88.132
NOR,4881.744444444445,310.0,88.132
NOR,4913.044444444446,313.0,88.132
NOR,4930.48888888889,314.0,88.132
NOR,4958.577777777779,316.0,88.132
NOR,4979.711111111113,317.0,88.132
NOR,5011.611111111112,319.0,88.132
NOR,5025.833333333334,320.0,88.132
NOR,5043.666666666668,321.0,88.132
NOR,5068.711111111113,322.0,88.132
NOR,5083.022222222224,322.0,88.132
NOR,5126.222222222224,324.0,88.132
NOR,5155.111111111113,325.0,88.132
NOR,5173.166666666669,325.0,88.132
NOR,5194.833333333337,325.0,88.132
NOR,5238.300000000002,326.0,88.132
NOR,5274.501388888892,325.0,88.132
NOR,5296.101388888891,324.0,88.132
NOR,5331.990277777779,323.0,88.132
NOR,5360.523611111113,321.0,88.132
NOR,5392.968055555558,292.0,88.132
NOR,5420.956944444447,229.0,88.132
NOR,5442.053333333335,173.0,88.132
NOR,5460.264444444446,149.0,88.132
NOR,5469.59777777778,140.0,88.132
NOR,5484.1533333333355,131.0,88.132
NOR,5492.353333333336,123.0,88.132
NOR,5504.053333333336,117.0,88.132
NOR,5511.586666666669,113.0,88.132
NOR,5517.8088888888915,112.0,88.132
NOR,5526.908888888892,117.0,88.132
NOR,5536.320000000003,121.0,88.132
NOR,5541.9644444444475,127.0,88.132
NOR,5558.953333333337,139.0,88.132
NOR,5575.731111111115,151.0,88.132
NOR,5587.064444444448,170.0,88.132
NOR,5594.890833333337,175.0,88.132
NOR,5605.001944444448,182.0,88.132
NOR,5617.7352777777805,191.0,88.132
NOR,5631.201944444448,202.0,88.132
NOR,5640.446388888892,208.0,88.132
NOR,5654.779722222225,215.0,88.132
NOR,5667.0575000000035,221.0,88.132
NOR,5679.613055555559,226.0,88.132
NOR,5689.879722222226,231.0,88.132
NOR,5708.390833333337,238.0,88.132
NOR,5724.590833333336,243.0,88.132
NOR,5749.521388888893,250.0,88.132
NOR,5769.121388888893,252.0,88.132
NOR,5789.265833333337,259.0,88.132
NOR,5800.910277777782,262.0,88.132
NOR,5815.68805555556,266.0,88.132
NOR,5836.843611111114,272.0,88.132
NOR,5852.121388888892,275.0,88.132
NOR,5864.343611111114,275.0,88.132
NOR,5883.143611111115,282.0,88.132
NOR,5908.565833333337,286.0,88.132
NOR,5924.565833333337,288.0,88.132
NOR,5940.732500000004,291.0,88.132
NOR,5953.710277777781,292.0,88.132
NOR,5970.043611111115,294.0,88.132
NOR,6006.710277777781,300.0,88.132
NOR,6020.043611111114,300.0,88.132
NOR,6043.6102777777805,303.0,88.132
NOR,6060.554722222225,305.0,88.132
NOR,6077.583888888892,305.0,88.132
NOR,6094.695000000002,308.0,88.132
RUS,14.780555555555557,313.0,88.316
RUS,32.225,314.0,88.316
RUS,67.225,315.0,88.316
RUS,84.83611111111111,317.0,88.316
RUS,120.28055555555557,319.0,88.316
RUS,148.8138888888889,321.0,88.316
RUS,166.59166666666667,320.0,88.316
RUS,188.125,323.0,88.316
RUS,213.23499999999999,324.0,88.316
RUS,231.235,324.0,88.316
RUS,256.435,324.0,88.316
RUS,281.79055555555556,326.0,88.316
RUS,299.9016666666667,326.0,88.316
RUS,343.235,325.0,88.316
RUS,379.12388888888887,323.0,88.316
RUS,401.7572222222222,291.0,88.316
RUS,423.61777777777775,218.0,88.316
RUS,437.1511111111111,203.0,88.316
RUS,446.54,169.0,88.316
RUS,453.42888888888893,155.0,88.316
RUS,465.6955555555556,138.0,88.316
RUS,477.9955555555556,123.0,88.316
RUS,485.7955555555556,117.0,88.316
RUS,495.8400000000001,113.0,88.316
RUS,501.72888888888895,106.0,88.316
RUS,515.4622222222223,103.0,88.316
RUS,519.7733333333334,97.0,88.316
RUS,527.0844444444446,94.0,88.316
RUS,531.0844444444446,90.0,88.316
RUS,534.9955555555557,88.0,88.316
RUS,539.8844444444446,88.0,88.316
RUS,543.8400000000001,89.0,88.316
RUS,552.1955555555558,94.0,88.316
RUS,561.3225000000002,103.0,88.316
RUS,566.0336111111113,106.0,88.316
RUS,573.8336111111113,117.0,88.316
RUS,583.9447222222224,130.0,88.316
RUS,591.3891666666668,134.0,88.316
RUS,611.0669444444446,161.0,88.316
RUS,628.8669444444446,178.0,88.316
RUS,641.3336111111113,187.0,88.316
RUS,654.2669444444447,194.0,88.316
RUS,675.0244444444446,207.0,88.316
RUS,689.0244444444446,210.0,88.316
RUS,713.6911111111114,222.0,88.316
RUS,723.7800000000002,227.0,88.316
RUS,758.5911111111113,241.0,88.316
RUS,769.3911111111113,243.0,88.316
RUS,783.2244444444445,249.0,88.316
RUS,800.0911111111112,253.0,88.316
RUS,828.9800000000001,260.0,88.316
RUS,852.4466666666668,264.0,88.316
RUS,867.2800000000001,267.0,88.316
RUS,891.368888888889,271.0,88.316
RUS,921.4800000000001,271.0,88.316
RUS,932.9911111111113,259.0,88.316
RUS,945.6577777777779,228.0,88.316
RUS,966.4944444444446,188.0,88.316
RUS,976.6611111111113,183.0,88.316
RUS,984.4388888888891,175.0,88.316
RUS,999.2833333333335,167.0,88.316
RUS,1010.5500000000001,169.0,88.316
RUS,1022.2166666666668,175.0,88.316
RUS,1038.838888888889,187.0,88.316
RUS,1049.5055555555555,192.0,88.316
RUS,1058.3055555555554,198.0,88.316
RUS,1069.6955555555555,204.0,88.316
RUS,1081.3066666666666,209.0,88.316
RUS,1095.5066666666664,213.0,88.316
RUS,1104.9733333333331,213.0,88.316
RUS,1119.7066666666665,221.0,88.316
RUS,1139.7066666666665,225.0,88.316
RUS,1165.5955555555552,233.0,88.316
RUS,1186.7511111111107,238.0,88.316
RUS,1205.7288888888886,244.0,88.316
RUS,1233.5066666666662,250.0,88.316
RUS,1244.7511111111107,253.0,88.316
RUS,1270.3511111111106,256.0,88.316
RUS,1287.6177777777775,259.0,88.316
RUS,1313.6177777777775,260.0,88.316
RUS,1331.0177777777774,261.0,88.316
RUS,1345.5177777777776,261.0,88.316
RUS,1362.7788888888886,260.0,88.316
RUS,1388.3788888888885,256.0,88.316
RUS,1399.8455555555552,258.0,88.316
RUS,1420.1455555555553,261.0,88.316
RUS,1437.3455555555554,258.0,88.316
RUS,1451.512222222222,255.0,88.316
RUS,1465.623333333333,254.0,88.316
RUS,1482.4899999999996,253.0,88.316
RUS,1493.7788888888886,254.0,88.316
RUS,1508.001111111111,256.0,88.316
RUS,1522.2386111111107,255.0,88.316
RUS,1536.1274999999998,250.0,88.316
RUS,1549.6830555555553,244.0,88.316
RUS,1565.6830555555553,240.0,88.316
RUS,1594.4052777777777,235.0,88.316
RUS,1617.2052777777776,228.0,88.316
RUS,1629.8719444444441,228.0,88.316
RUS,1650.9386111111107,237.0,88.316
RUS,1669.6830555555553,241.0,88.316
RUS,1683.1274999999996,242.0,88.316
RUS,1696.5163888888885,241.0,88.316
RUS,1717.9386111111107,241.0,88.316
RUS,1734.0719444444442,242.0,88.316
RUS,1750.471944444444,246.0,88.316
RUS,1775.771944444444,253.0,88.316
RUS,1792.8386111111108,256.0,88.316
RUS,1816.0386111111109,261.0,88.316
RUS,1842.8638888888886,269.0,88.316
RUS,1873.308333333333,274.0,88.316
RUS,1885.5749999999996,276.0,88.316
RUS,1919.9194444444443,281.0,88.316
RUS,1938.8527777777776,284.0,88.316
RUS,1967.5527777777777,287.0,88.316
RUS,1986.7658333333331,287.0,88.316
RUS,2019.3213888888886,293.0,88.316
RUS,2035.5991666666664,293.0,88.316
RUS,2055.3324999999995,296.0,88.316
RUS,2068.5325,297.0,88.316
RUS,2085.1436111111107,299.0,88.316
RUS,2118.4769444444446,300.0,88.316
RUS,2138.6102777777774,302.0,88.316
RUS,2175.7658333333334,304.0,88.316
RUS,2202.8769444444447,305.0,88.316
RUS,2216.4325,305.0,88.316
RUS,2243.4547222222222,304.0,88.316
RUS,2256.9213888888894,303.0,88.316
RUS,2283.4991666666674,299.0,88.316
RUS,2305.454722222223,247.0,88.316
RUS,2320.788055555556,230.0,88.316
RUS,2332.788055555556,216.0,88.316
RUS,2348.1102777777783,197.0,88.316
RUS,2360.193055555556,182.0,88.316
RUS,2375.3041666666672,170.0,88.316
RUS,2382.770833333334,168.0,88.316
RUS,2393.5708333333337,162.0,88.316
RUS,2404.104166666667,158.0,88.316
RUS,2412.881944444445,158.0,88.316
RUS,2423.748611111111,163.0,88.316
RUS,2436.5041666666666,164.0,88.316
RUS,2445.8841666666667,168.0,88.316
RUS,2453.5286111111113,172.0,88.316
RUS,2465.1286111111112,174.0,88.316
RUS,2488.595277777778,192.0,88.316
RUS,2511.1508333333336,203.0,88.316
RUS,2527.5619444444446,211.0,88.316
RUS,2541.9619444444443,216.0,88.316
RUS,2561.7841666666664,223.0,88.316
RUS,2590.506388888889,235.0,88.316
RUS,2609.0952777777775,239.0,88.316
RUS,2625.4952777777776,246.0,88.316
RUS,2647.8952777777777,252.0,88.316
RUS,2673.695277777778,258.0,88.316
RUS,2706.3286111111115,267.0,88.316
RUS,2736.4397222222224,271.0,88.316
RUS,2763.8633333333332,275.0,88.316
RUS,2782.3966666666665,278.0,88.316
RUS,2810.5747222222226,281.0,88.316
RUS,2835.6516666666666,283.0,88.316
RUS,2851.4294444444445,284.0,88.316
RUS,2867.3738888888884,287.0,88.316
RUS,2896.2538888888885,288.0,88.316
RUS,2912.3649999999993,290.0,88.316
RUS,2925.298333333333,291.0,88.316
RUS,2944.6983333333333,291.0,88.316
RUS,2957.631666666666,291.0,88.316
RUS,2970.565,291.0,88.316
RUS,2986.0649999999996,279.0,88.316
RUS,3000.0094444444444,251.0,88.316
RUS,3015.4094444444445,231.0,88.316
RUS,3025.0983333333334,218.0,88.316
RUS,3043.3205555555555,205.0,88.316
RUS,3056.7205555555556,201.0,88.316
RUS,3078.387222222222,195.0,88.316
RUS,3087.1427777777776,197.0,88.316
RUS,3098.1983333333333,199.0,88.316
RUS,3117.0427777777777,212.0,88.316
RUS,3136.5094444444444,219.0,88.316
RUS,3146.3761111111107,222.0,88.316
RUS,3161.176111111111,222.0,88.316
RUS,3184.3761111111107,232.0,88.316
RUS,3200.0427777777777,235.0,88.316
RUS,3215.9761111111106,240.0,88.316
RUS,3226.776111111111,243.0,88.316
RUS,3248.820555555555,248.0,88.316
RUS,3277.2649999999994,256.0,88.316
RUS,3288.8205555555546,260.0,88.316
RUS,3309.431666666666,265.0,88.316
RUS,3342.629166666666,271.0,88.316
RUS,3360.9624999999996,275.0,88.316
RUS,3385.7625,279.0,88.316
RUS,3407.7736111111103,283.0,88.316
RUS,3439.6624999999995,287.0,88.316
RUS,3458.929166666666,289.0,88.316
RUS,3478.3958333333326,292.0,88.316
RUS,3504.6180555555547,295.0,88.316
RUS,3517.7291666666656,295.0,88.316
RUS,3530.97361111111,298.0,88.316
RUS,3547.5847222222214,299.0,88.316
RUS,3574.251388888888,300.0,88.316
RUS,3607.9180555555545,303.0,88.316
RUS,3641.9180555555545,306.0,88.316
RUS,3669.384722222221,309.0,88.316
RUS,3690.051388888888,310.0,88.316
RUS,3721.351388888888,313.0,88.316
RUS,3745.6863888888874,314.0,88.316
RUS,3763.241944444443,316.0,88.316
RUS,3784.375277777777,317.0,88.316
RUS,3812.6419444444427,318.0,88.316
RUS,3826.7752777777764,318.0,88.316
RUS,3855.3086111111097,321.0,88.316
RUS,3869.709166666665,322.0,88.316
RUS,3905.709166666665,324.0,88.316
RUS,3930.986944444443,325.0,88.316
RUS,3967.209166666665,326.0,88.316
RUS,3985.375833333332,327.0,88.316
RUS,4010.809166666665,327.0,88.316
RUS,4043.509166666665,327.0,88.316
RUS,4076.3091666666655,328.0,88.316
RUS,4109.009166666666,327.0,88.316
RUS,4130.675833333332,325.0,88.316
RUS,4152.275833333332,324.0,88.316
RUS,4166.231388888888,314.0,88.316
RUS,4179.475833333333,298.0,88.316
RUS,4200.7202777777775,239.0,88.316
RUS,4215.586944444444,223.0,88.316
RUS,4232.075833333333,212.0,88.316
RUS,4247.631388888889,200.0,88.316
RUS,4265.320277777778,199.0,88.316
RUS,4276.3758333333335,199.0,88.316
RUS,4287.376111111111,199.0,88.316
RUS,4303.009444444444,201.0,88.316
RUS,4319.109444444444,207.0,88.316
RUS,4338.487222222222,218.0,88.316
RUS,4358.487222222222,225.0,88.316
RUS,4379.173888888889,232.0,88.316
RUS,4392.285,236.0,88.316
RUS,4411.1849999999995,243.0,88.316
RUS,4430.551666666666,249.0,88.316
RUS,4447.218333333333,250.0,88.316
RUS,4461.440555555555,256.0,88.316
RUS,4481.740555555555,261.0,88.316
RUS,4493.385,262.0,88.316
RUS,4520.185,268.0,88.316
RUS,4550.073888888889,269.0,88.316
RUS,4574.696111111112,277.0,88.316
RUS,4587.096111111112,279.0,88.316
RUS,4618.651666666667,284.0,88.316
RUS,4634.540555555555,286.0,88.316
RUS,4653.740555555556,288.0,88.316
RUS,4669.8516666666665,290.0,88.316
RUS,4682.873888888889,293.0,88.316
RUS,4699.262777777777,295.0,88.316
RUS,4712.418333333333,296.0,88.316
RUS,4725.662777777778,298.0,88.316
RUS,4745.662777777778,300.0,88.316
RUS,4769.307222222222,304.0,88.316
RUS,4782.7780555555555,305.0,88.316
RUS,4799.7780555555555,306.0,88.316
RUS,4816.83361111111,307.0,88.316
RUS,4837.433611111111,309.0,88.316
RUS,4872.100277777777,312.0,88.316
RUS,4896.45361111111,312.0,88.316
RUS,4917.586944444443,317.0,88.316
RUS,4956.698055555555,320.0,88.316
RUS,4978.098055555555,321.0,88.316
RUS,4999.631388888888,323.0,88.316
RUS,5021.231388888889,324.0,88.316
RUS,5042.898055555555,325.0,88.316
RUS,5057.3869444444435,326.0,88.316
RUS,5082.820277777777,327.0,88.316
RUS,5101.0425,328.0,88.316
RUS,5137.598055555554,329.0,88.316
RUS,5170.598055555555,330.0,88.316
RUS,5188.931388888887,330.0,88.316
RUS,5210.998055555555,331.0,88.316
RUS,5255.131388888887,331.0,88.316
RUS,5291.909166666665,331.0,88.316
RUS,5306.664722222221,332.0,88.316
RUS,5328.731388888888,331.0,88.316
RUS,5347.064722222221,330.0,88.316
RUS,5361.731388888888,330.0,88.316
RUS,5383.174999999998,323.0,88.316
RUS,5396.730555555555,305.0,88.316
RUS,5416.330555555554,252.0,88.316
RUS,5431.063888888888,221.0,88.316
RUS,5442.008333333332,197.0,88.316
RUS,5456.542499999999,163.0,88.316
RUS,5464.986944444443,152.0,88.316
RUS,5472.931388888887,143.0,88.316
RUS,5479.109166666665,139.0,88.316
RUS,5484.975833333332,132.0,88.316
RUS,5493.375833333332,126.0,88.316
RUS,5504.042499999999,120.0,88.316
RUS,5510.431388888887,115.0,88.316
RUS,5519.220277777776,113.0,88.316
RUS,5530.320277777776,111.0,88.316
RUS,5542.120277777776,118.0,88.316
RUS,5547.631388888887,124.0,88.316
RUS,5553.453611111109,131.0,88.316
RUS,5560.953611111109,135.0,88.316
RUS,5569.120277777776,147.0,88.316
RUS,5577.842499999998,157.0,88.316
RUS,5590.675833333331,165.0,88.316
RUS,5604.520277777776,178.0,88.316
RUS,5612.831388888887,187.0,88.316
RUS,5623.664722222221,195.0,88.316
RUS,5639.609166666665,205.0,88.316
RUS,5658.720277777777,215.0,88.316
RUS,5683.831388888887,226.0,88.316
RUS,5693.901388888888,228.0,88.316
RUS,5709.63472222222,236.0,88.316
RUS,5728.53472222222,243.0,88.316
RUS,5742.145833333331,245.0,88.316
RUS,5767.315555555554,251.0,88.316
RUS,5784.515555555554,258.0,88.316
RUS,5799.0711111111095,262.0,88.316
RUS,5816.737777777776,265.0,88.316
RUS,5843.837777777776,271.0,88.316
RUS,5856.015555555554,274.0,88.316
RUS,5874.548888888888,278.0,88.316
RUS,5893.348888888887,282.0,88.316
RUS,5906.015555555553,285.0,88.316
RUS,5922.015555555553,288.0,88.316
RUS,5934.859999999997,289.0,88.316
RUS,5957.648888888886,293.0,88.316
RUS,5974.037777777775,295.0,88.316
RUS,5997.215555555553,298.0,88.316
RUS,6013.88222222222,300.0,88.316
RUS,6030.659999999998,302.0,88.316
RUS,6054.304444444442,304.0,88.316
RUS,6078.18222222222,307.0,88.316
RUS,6095.29333333333,308.0,88.316
HAM,22.360000000000003,312.0,88.46
HAM,39.74888888888889,313.0,88.46
HAM,64.24888888888889,315.0,88.46
HAM,88.90444444444444,317.0,88.46
HAM,117.08222222222221,317.0,88.46
HAM,134.69333333333333,317.0,88.46
HAM,148.8711111111111,319.0,88.46
HAM,166.59333333333333,319.0,88.46
HAM,195.12666666666667,321.0,88.46
HAM,216.5266666666667,321.0,88.46
HAM,238.06,323.0,88.46
HAM,256.06,324.0,88.46
HAM,288.46,324.0,88.46
HAM,302.90444444444444,325.0,88.46
HAM,324.5044444444444,324.0,88.46
HAM,342.44888888888886,323.0,88.46
HAM,371.07111111111107,322.0,88.46
HAM,391.22138888888884,301.0,88.46
HAM,415.5536111111111,244.0,88.46
HAM,424.9313888888889,211.0,88.46
HAM,440.22027777777777,172.0,88.46
HAM,454.3202777777778,141.0,88.46
HAM,464.2758333333333,128.0,88.46
HAM,472.3425,121.0,88.46
HAM,478.78694444444443,116.0,88.46
HAM,489.58694444444444,108.0,88.46
HAM,499.3647222222222,110.0,88.46
HAM,505.6980555555555,114.0,88.46
HAM,511.8647222222222,111.0,88.46
HAM,517.5869444444444,103.0,88.46
HAM,523.0869444444444,99.0,88.46
HAM,530.3980555555555,94.0,88.46
HAM,536.5980555555554,93.0,88.46
HAM,544.0647222222221,96.0,88.46
HAM,555.5091666666666,103.0,88.46
HAM,565.3758333333333,111.0,88.46
HAM,574.6313888888889,119.0,88.46
HAM,580.0980555555556,123.0,88.46
HAM,587.1536111111111,127.0,88.46
HAM,594.9869444444445,141.0,88.46
HAM,605.4536111111111,157.0,88.46
HAM,614.6758333333333,166.0,88.46
HAM,630.7258333333333,180.0,88.46
HAM,647.7925,192.0,88.46
HAM,661.2030555555555,202.0,88.46
HAM,680.0474999999999,212.0,88.46
HAM,689.6030555555554,215.0,88.46
HAM,701.6586111111111,217.0,88.46
HAM,716.858611111111,228.0,88.46
HAM,729.8030555555555,233.0,88.46
HAM,751.1363888888889,240.0,88.46
HAM,773.0919444444443,247.0,88.46
HAM,784.2474999999998,251.0,88.46
HAM,801.2474999999998,255.0,88.46
HAM,818.6474999999998,261.0,88.46
HAM,851.4030555555553,268.0,88.46
HAM,875.5808333333331,272.0,88.46
HAM,887.7586111111109,274.0,88.46
HAM,906.0919444444443,275.0,88.46
HAM,936.0919444444443,225.0,88.46
HAM,947.2030555555554,200.0,88.46
HAM,959.5363888888887,185.0,88.46
HAM,978.6474999999998,172.0,88.46
HAM,996.7586111111109,163.0,88.46
HAM,1011.7808333333331,169.0,88.46
HAM,1019.4252777777776,172.0,88.46
HAM,1038.2775,188.0,88.46
HAM,1049.0552777777777,194.0,88.46
HAM,1060.1663888888888,200.0,88.46
HAM,1071.4983333333334,205.0,88.46
HAM,1095.276111111111,214.0,88.46
HAM,1112.465,221.0,88.46
HAM,1129.8872222222221,224.0,88.46
HAM,1152.8872222222221,230.0,88.46
HAM,1171.2427777777777,236.0,88.46
HAM,1184.576111111111,240.0,88.46
HAM,1198.076111111111,243.0,88.46
HAM,1211.8538888888888,248.0,88.46
HAM,1240.0761111111112,254.0,88.46
HAM,1251.4094444444445,255.0,88.46
HAM,1271.476111111111,258.0,88.46
HAM,1283.0316666666668,260.0,88.46
HAM,1312.031666666667,261.0,88.46
HAM,1329.4316666666668,261.0,88.46
HAM,1346.765,260.0,88.46
HAM,1372.3650000000002,256.0,88.46
HAM,1400.9205555555557,257.0,88.46
HAM,1420.5983333333336,253.0,88.46
HAM,1440.042777777778,250.0,88.46
HAM,1459.4872222222225,250.0,88.46
HAM,1473.501388888889,251.0,88.46
HAM,1493.0236111111114,251.0,88.46
HAM,1518.5236111111114,255.0,88.46
HAM,1540.676388888889,250.0,88.46
HAM,1551.7875000000001,250.0,88.46
HAM,1567.5208333333333,236.0,88.46
HAM,1585.4097222222222,230.0,88.46
HAM,1595.4541666666667,226.0,88.46
HAM,1610.4541666666669,225.0,88.46
HAM,1620.5875,228.0,88.46
HAM,1630.7652777777778,229.0,88.46
HAM,1651.8319444444444,237.0,88.46
HAM,1678.276388888889,238.0,88.46
HAM,1694.1430555555555,238.0,88.46
HAM,1712.6541666666667,238.0,88.46
HAM,1731.3208333333334,240.0,88.46
HAM,1742.2097222222224,245.0,88.46
HAM,1758.6097222222222,246.0,88.46
HAM,1778.4430555555557,255.0,88.46
HAM,1804.2430555555557,258.0,88.46
HAM,1818.9652777777778,265.0,88.46
HAM,1830.8319444444446,267.0,88.46
HAM,1845.776388888889,269.0,88.46
HAM,1882.576388888889,276.0,88.46
HAM,1898.0208333333333,278.0,88.46
HAM,1919.9541666666667,282.0,88.46
HAM,1938.9663888888888,284.0,88.46
HAM,1964.566388888889,288.0,88.46
HAM,1980.6775,290.0,88.46
HAM,1993.6108333333334,291.0,88.46
HAM,2016.3958333333335,294.0,88.46
HAM,2029.5069444444446,295.0,88.46
HAM,2065.929166666667,298.0,88.46
HAM,2099.373611111111,301.0,88.46
HAM,2126.2180555555556,302.0,88.46
HAM,2153.151388888889,303.0,88.46
HAM,2166.706944444444,305.0,88.46
HAM,2204.229166666667,307.0,88.46
HAM,2234.829166666667,306.0,88.46
HAM,2258.551388888889,305.0,88.46
HAM,2279.3958333333335,268.0,88.46
HAM,2295.5291666666667,242.0,88.46
HAM,2305.529166666667,225.0,88.46
HAM,2323.7513888888893,205.0,88.46
HAM,2340.640277777778,190.0,88.46
HAM,2354.4847222222224,178.0,88.46
HAM,2365.9513888888887,172.0,88.46
HAM,2373.3291666666664,166.0,88.46
HAM,2384.129166666666,162.0,88.46
HAM,2391.1513888888885,158.0,88.46
HAM,2398.1736111111104,158.0,88.46
HAM,2409.085555555555,163.0,88.46
HAM,2418.307777777777,166.0,88.46
HAM,2429.574444444444,169.0,88.46
HAM,2439.2411111111105,174.0,88.46
HAM,2451.191111111111,180.0,88.46
HAM,2459.2799999999993,182.0,88.46
HAM,2467.5911111111104,187.0,88.46
HAM,2475.99111111111,189.0,88.46
HAM,2484.7022222222213,196.0,88.46
HAM,2502.39111111111,199.0,88.46
HAM,2521.2355555555546,212.0,88.46
HAM,2540.9688888888877,222.0,88.46
HAM,2566.7466666666655,232.0,88.46
HAM,2577.146666666665,234.0,88.46
HAM,2590.424444444443,239.0,88.46
HAM,2609.557777777776,246.0,88.46
HAM,2620.579999999998,248.0,88.46
HAM,2634.524444444443,251.0,88.46
HAM,2666.4244444444425,261.0,88.46
HAM,2684.024444444443,264.0,88.46
HAM,2704.8688888888873,268.0,88.46
HAM,2729.135555555554,273.0,88.46
HAM,2744.4133333333316,275.0,88.46
HAM,2756.724444444443,277.0,88.46
HAM,2769.124444444443,279.0,88.46
HAM,2800.457777777776,282.0,88.46
HAM,2822.3911111111092,282.0,88.46
HAM,2838.247777777776,284.0,88.46
HAM,2854.0811111111093,285.0,88.46
HAM,2866.8366666666648,287.0,88.46
HAM,2892.5255555555536,289.0,88.46
HAM,2925.1105555555537,294.0,88.46
HAM,2941.443888888887,294.0,88.46
HAM,2957.7216666666645,293.0,88.46
HAM,2973.2216666666645,279.0,88.46
HAM,2989.0883333333313,238.0,88.46
HAM,3001.3661111111087,221.0,88.46
HAM,3015.299444444442,209.0,88.46
HAM,3036.9661111111086,195.0,88.46
HAM,3047.5216666666643,190.0,88.46
HAM,3066.5216666666643,190.0,88.46
HAM,3086.3216666666644,198.0,88.46
HAM,3100.3216666666644,210.0,88.46
HAM,3117.043888888886,215.0,88.46
HAM,3134.0772222222195,219.0,88.46
HAM,3149.143888888886,226.0,88.46
HAM,3159.2327777777746,227.0,88.46
HAM,3169.454999999997,230.0,88.46
HAM,3196.010555555553,239.0,88.46
HAM,3214.832777777775,242.0,88.46
HAM,3237.143888888886,251.0,88.46
HAM,3268.626388888886,257.0,88.46
HAM,3289.159722222219,264.0,88.46
HAM,3306.959722222219,267.0,88.46
HAM,3325.026388888886,271.0,88.46
HAM,3355.8041666666636,277.0,88.46
HAM,3449.168055555552,290.0,88.46
HAM,3462.1902777777746,293.0,88.46
HAM,3478.5236111111076,294.0,88.46
HAM,3511.6347222222184,298.0,88.46
HAM,3528.2458333333298,299.0,88.46
HAM,3541.623611111108,301.0,88.46
HAM,3561.7569444444407,302.0,88.46
HAM,3588.779166666663,304.0,88.46
HAM,3619.379166666663,306.0,88.46
HAM,3633.0236111111076,307.0,88.46
HAM,3657.134722222219,310.0,88.46
HAM,3681.3236111111073,311.0,88.46
HAM,3705.6680555555517,313.0,88.46
HAM,3730.3236111111073,317.0,88.46
HAM,3754.9013888888853,316.0,88.46
HAM,3768.990277777774,317.0,88.46
HAM,3786.656944444441,318.0,88.46
HAM,3822.4127777777744,321.0,88.46
HAM,3840.301666666663,322.0,88.46
HAM,3858.1905555555522,322.0,88.46
HAM,3872.6349999999966,325.0,88.46
HAM,3897.9905555555524,326.0,88.46
HAM,3927.057222222219,327.0,88.46
HAM,3956.1216666666637,328.0,88.46
HAM,3974.399444444441,329.0,88.46
HAM,3992.677222222219,329.0,88.46
HAM,4029.3438888888854,330.0,88.46
HAM,4044.0105555555524,330.0,88.46
HAM,4069.6772222222185,330.0,88.46
HAM,4106.121666666663,328.0,88.46
HAM,4127.9216666666625,327.0,88.46
HAM,4145.199444444441,311.0,88.46
HAM,4172.977222222218,250.0,88.46
HAM,4193.510555555552,231.0,88.46
HAM,4220.310555555552,201.0,88.46
HAM,4243.654999999996,191.0,88.46
HAM,4258.510555555552,191.0,88.46
HAM,4276.021666666663,197.0,88.46
HAM,4299.466111111107,211.0,88.46
HAM,4309.021666666663,215.0,88.46
HAM,4328.994999999996,224.0,88.46
HAM,4352.194999999996,232.0,88.46
HAM,4365.306111111107,236.0,88.46
HAM,4384.206111111107,243.0,88.46
HAM,4400.73944444444,248.0,88.46
HAM,4417.535833333329,253.0,88.46
HAM,4440.469166666661,258.0,88.46
HAM,4454.969166666661,261.0,88.46
HAM,4481.469166666661,265.0,88.46
HAM,4496.413611111106,269.0,88.46
HAM,4523.6136111111055,272.0,88.46
HAM,4535.791388888883,274.0,88.46
HAM,4551.291388888883,279.0,88.46
HAM,4566.902499999995,281.0,88.46
HAM,4589.069166666662,285.0,88.46
HAM,4614.669166666661,288.0,88.46
HAM,4634.002499999994,290.0,88.46
HAM,4653.469166666661,292.0,88.46
HAM,4673.002499999994,293.0,88.46
HAM,4692.802499999993,297.0,88.46
HAM,4726.246944444439,301.0,88.46
HAM,4763.524722222216,305.0,88.46
HAM,4777.16916666666,307.0,88.46
HAM,4797.769166666661,309.0,88.46
HAM,4815.02166666666,309.0,88.46
HAM,4828.888333333328,312.0,88.46
HAM,4849.688333333327,312.0,88.46
HAM,4887.82166666666,312.0,88.46
HAM,4912.554999999994,318.0,88.46
HAM,4940.999444444437,320.0,88.46
HAM,4958.832777777771,321.0,88.46
HAM,4980.209999999994,322.0,88.46
HAM,4998.154444444438,323.0,88.46
HAM,5030.554444444438,324.0,88.46
HAM,5063.154444444438,326.0,88.46
HAM,5084.954444444437,327.0,88.46
HAM,5121.287777777771,327.0,88.46
HAM,5143.154444444437,328.0,88.46
HAM,5157.776666666659,329.0,88.46
HAM,5183.443333333326,330.0,88.46
HAM,5198.109999999994,330.0,88.46
HAM,5227.443333333327,330.0,88.46
HAM,5249.509999999994,331.0,88.46
HAM,5267.898888888883,331.0,88.46
HAM,5297.321111111107,331.0,88.46
HAM,5315.709999999995,331.0,88.46
HAM,5352.376666666662,330.0,88.46
HAM,5384.376666666662,288.0,88.46
HAM,5407.941944444438,235.0,88.46
HAM,5425.364166666661,196.0,88.46
HAM,5439.853055555549,163.0,88.46
HAM,5455.630833333327,142.0,88.46
HAM,5466.05305555555,134.0,88.46
HAM,5475.85305555555,126.0,88.46
HAM,5481.153055555549,120.0,88.46
HAM,5489.941944444438,113.0,88.46
HAM,5498.497499999994,110.0,88.46
HAM,5511.941944444438,110.0,88.46
HAM,5522.341944444439,117.0,88.46
HAM,5529.175277777772,123.0,88.46
HAM,5534.9086111111055,129.0,88.46
HAM,5542.464166666661,136.0,88.46
HAM,5548.730833333328,141.0,88.46
HAM,5564.530833333328,158.0,88.46
HAM,5571.775277777772,163.0,88.46
HAM,5579.4197222222165,172.0,88.46
HAM,5587.508611111106,182.0,88.46
HAM,5603.95305555555,185.0,88.46
HAM,5626.7308333333285,205.0,88.46
HAM,5648.130833333328,214.0,88.46
HAM,5665.708611111106,226.0,88.46
HAM,5675.975277777772,231.0,88.46
HAM,5686.330833333327,233.0,88.46
HAM,5702.397499999994,240.0,88.46
HAM,5721.608611111104,247.0,88.46
HAM,5732.675277777771,249.0,88.46
HAM,5749.675277777772,255.0,88.46
HAM,5766.808611111105,257.0,88.46
HAM,5784.275277777771,262.0,88.46
HAM,5796.008611111106,264.0,88.46
HAM,5826.341944444439,273.0,88.46
HAM,5838.531944444439,276.0,88.46
HAM,5860.231944444439,279.0,88.46
HAM,5872.765277777772,282.0,88.46
HAM,5901.3652777777725,286.0,88.46
HAM,5917.254166666661,286.0,88.46
HAM,5943.209722222216,292.0,88.46
HAM,5962.943055555551,296.0,88.46
HAM,5993.043055555551,301.0,88.46
HAM,6006.420833333329,301.0,88.46
HAM,6023.254166666663,303.0,88.46
HAM,6047.054166666663,306.0,88.46
HAM,6060.698611111107,307.0,88.46
TSU,0.8666666666666667,312.0,88.547
TSU,25.288888888888884,314.0,88.547
TSU,46.355555555555554,316.0,88.547
TSU,67.55555555555556,318.0,88.547
TSU,103.1111111111111,320.0,88.547
TSU,207.74305555555554,325.0,88.547
TSU,222.2319444444444,326.0,88.547
TSU,240.3430555555555,326.0,88.547
TSU,276.78749999999997,328.0,88.547
TSU,294.95416666666665,327.0,88.547
TSU,309.5319444444444,328.0,88.547
TSU,331.39861111111105,328.0,88.547
TSU,360.5541666666666,328.0,88.547
TSU,392.4541666666666,319.0,88.547
TSU,405.1208333333333,285.0,88.547
TSU,423.24305555555554,233.0,88.547
TSU,437.94305555555553,189.0,88.547
TSU,451.86527777777775,179.0,88.547
TSU,463.37638888888887,148.0,88.547
TSU,473.7986111111111,134.0,88.547
TSU,479.3986111111111,126.0,88.547
TSU,486.06527777777774,120.0,88.547
TSU,498.6522222222222,113.0,88.547
TSU,504.7077777777777,109.0,88.547
TSU,510.59666666666664,106.0,88.547
TSU,515.3077777777778,106.0,88.547
TSU,523.1633333333334,101.0,88.547
TSU,531.5188888888889,94.0,88.547
TSU,539.5825000000001,91.0,88.547
TSU,544.471388888889,88.0,88.547
TSU,549.471388888889,90.0,88.547
TSU,560.3602777777778,98.0,88.547
TSU,564.8936111111111,102.0,88.547
TSU,573.6825,113.0,88.547
TSU,588.1269444444443,130.0,88.547
TSU,597.5269444444443,141.0,88.547
TSU,605.9713888888888,152.0,88.547
TSU,624.9713888888887,171.0,88.547
TSU,641.3269444444443,184.0,88.547
TSU,668.2602777777777,202.0,88.547
TSU,694.7824999999999,217.0,88.547
TSU,711.8936111111111,220.0,88.547
TSU,732.5158333333334,232.0,88.547
TSU,759.2936111111111,241.0,88.547
TSU,770.093611111111,243.0,88.547
TSU,792.296111111111,249.0,88.547
TSU,817.8961111111112,256.0,88.547
TSU,832.3405555555555,260.0,88.547
TSU,852.8738888888889,264.0,88.547
TSU,870.6072222222222,266.0,88.547
TSU,888.4658333333333,269.0,88.547
TSU,912.4658333333333,270.0,88.547
TSU,927.3547222222221,268.0,88.547
TSU,950.0547222222222,227.0,88.547
TSU,961.3324999999999,203.0,88.547
TSU,979.1324999999999,178.0,88.547
TSU,986.9102777777778,175.0,88.547
TSU,996.1880555555555,167.0,88.547
TSU,1005.4658333333332,167.0,88.547
TSU,1018.6880555555555,170.0,88.547
TSU,1035.043611111111,184.0,88.547
TSU,1047.7769444444443,191.0,88.547
TSU,1060.9102777777775,197.0,88.547
TSU,1074.5102777777777,204.0,88.547
TSU,1088.5102777777777,210.0,88.547
TSU,1112.8436111111112,219.0,88.547
TSU,1140.7102777777777,228.0,88.547
TSU,1150.9325,230.0,88.547
TSU,1166.5325,234.0,88.547
TSU,1179.765,237.0,88.547
TSU,1190.3427777777779,238.0,88.547
TSU,1206.6094444444445,244.0,88.547
TSU,1237.4094444444447,252.0,88.547
TSU,1257.242777777778,255.0,88.547
TSU,1280.1761111111114,258.0,88.547
TSU,1294.5650000000003,259.0,88.547
TSU,1311.8925000000004,261.0,88.547
TSU,1326.4480555555558,262.0,88.547
TSU,1352.8480555555561,264.0,88.547
TSU,1378.748055555556,259.0,88.547
TSU,1395.9480555555558,258.0,88.547
TSU,1424.836944444445,260.0,88.547
TSU,1442.1036111111116,259.0,88.547
TSU,1453.6147222222228,259.0,88.547
TSU,1473.525833333334,256.0,88.547
TSU,1484.9925000000007,258.0,88.547
TSU,1508.1036111111118,260.0,88.547
TSU,1525.3036111111116,258.0,88.547
TSU,1539.248055555556,251.0,88.547
TSU,1560.848055555556,243.0,88.547
TSU,1574.1258333333337,239.0,88.547
TSU,1599.6813888888894,230.0,88.547
TSU,1624.6813888888894,225.0,88.547
TSU,1647.7452777777783,230.0,88.547
TSU,1668.8119444444449,237.0,88.547
TSU,1690.234166666667,241.0,88.547
TSU,1717.3452777777782,244.0,88.547
TSU,1736.5563888888894,247.0,88.547
TSU,1756.1563888888895,252.0,88.547
TSU,1767.2863888888894,252.0,88.547
TSU,1787.2752777777785,257.0,88.547
TSU,1807.653055555556,262.0,88.547
TSU,1840.4086111111117,268.0,88.547
TSU,1864.7641666666673,274.0,88.547
TSU,1880.0975000000005,276.0,88.547
TSU,1892.4530555555561,278.0,88.547
TSU,1908.0086111111116,280.0,88.547
TSU,1920.5419444444449,282.0,88.547
TSU,1948.9419444444447,284.0,88.547
TSU,1961.653055555556,286.0,88.547
TSU,1974.4086111111114,287.0,88.547
TSU,1987.2530555555559,289.0,88.547
TSU,2013.1197222222227,291.0,88.547
TSU,2045.675277777778,293.0,88.547
TSU,2075.2752777777782,296.0,88.547
TSU,2098.375277777778,297.0,88.547
TSU,2111.6197222222227,298.0,88.547
TSU,2124.9086111111114,299.0,88.547
TSU,2144.991944444445,300.0,88.547
TSU,2168.480833333334,302.0,88.547
TSU,2181.903055555556,302.0,88.547
TSU,2202.0363888888896,302.0,88.547
TSU,2222.1697222222233,302.0,88.547
TSU,2242.2363888888904,301.0,88.547
TSU,2255.6141666666676,301.0,88.547
TSU,2286.6141666666676,279.0,88.547
TSU,2298.2741666666675,264.0,88.547
TSU,2316.3963888888898,233.0,88.547
TSU,2326.3519444444455,224.0,88.547
TSU,2346.1519444444457,198.0,88.547
TSU,2356.6519444444457,189.0,88.547
TSU,2372.385277777779,177.0,88.547
TSU,2383.7186111111123,170.0,88.547
TSU,2400.1186111111124,164.0,88.547
TSU,2407.1408333333347,158.0,88.547
TSU,2415.9741666666678,159.0,88.547
TSU,2428.8075000000013,165.0,88.547
TSU,2436.2297222222237,167.0,88.547
TSU,2459.963055555557,178.0,88.547
TSU,2476.407500000001,185.0,88.547
TSU,2487.0186111111125,191.0,88.547
TSU,2500.285277777779,199.0,88.547
TSU,2528.685277777779,213.0,88.547
TSU,2553.0794444444455,219.0,88.547
TSU,2568.212777777779,227.0,88.547
TSU,2594.4350000000013,236.0,88.547
TSU,2615.9461111111123,242.0,88.547
TSU,2643.612777777779,249.0,88.547
TSU,2675.268333333335,259.0,88.547
TSU,2707.339722222224,263.0,88.547
TSU,2740.339722222224,270.0,88.547
TSU,2758.6063888888907,274.0,88.547
TSU,2789.4952777777794,278.0,88.547
TSU,2808.0952777777798,279.0,88.547
TSU,2836.2952777777796,282.0,88.547
TSU,2855.161944444446,283.0,88.547
TSU,2871.050833333335,286.0,88.547
TSU,2893.450833333335,288.0,88.547
TSU,2915.928611111113,289.0,88.547
TSU,2928.7730555555568,289.0,88.547
TSU,2964.2175000000016,290.0,88.547
TSU,2991.1063888888903,242.0,88.547
TSU,3005.639722222223,218.0,88.547
TSU,3014.852500000001,206.0,88.547
TSU,3025.74138888889,196.0,88.547
TSU,3038.54138888889,192.0,88.547
TSU,3051.0080555555564,187.0,88.547
TSU,3059.230277777779,185.0,88.547
TSU,3071.630277777779,186.0,88.547
TSU,3082.24138888889,191.0,88.547
TSU,3093.130277777779,196.0,88.547
TSU,3102.019166666668,200.0,88.547
TSU,3118.430277777779,211.0,88.547
TSU,3132.630277777779,213.0,88.547
TSU,3154.968055555557,224.0,88.547
TSU,3172.7791666666676,229.0,88.547
TSU,3190.979166666668,234.0,88.547
TSU,3201.468055555557,236.0,88.547
TSU,3214.6902777777786,238.0,88.547
TSU,3233.823611111112,246.0,88.547
TSU,3247.6569444444453,249.0,88.547
TSU,3258.856944444445,252.0,88.547
TSU,3275.9236111111118,256.0,88.547
TSU,3299.1236111111116,261.0,88.547
TSU,3313.790277777778,264.0,88.547
TSU,3328.6236111111116,267.0,88.547
TSU,3340.623611111112,270.0,88.547
TSU,3355.7902777777786,273.0,88.547
TSU,3389.768055555556,278.0,88.547
TSU,3402.212500000001,280.0,88.547
TSU,3424.30138888889,284.0,88.547
TSU,3440.1902777777786,286.0,88.547
TSU,3456.2702777777786,288.0,88.547
TSU,3472.38138888889,290.0,88.547
TSU,3511.314722222223,292.0,88.547
TSU,3524.38138888889,294.0,88.547
TSU,3540.825833333334,296.0,88.547
TSU,3553.98138888889,296.0,88.547
TSU,3590.525833333334,299.0,88.547
TSU,3603.8591666666675,300.0,88.547
TSU,3620.5813888888893,301.0,88.547
TSU,3637.4147222222227,303.0,88.547
TSU,3657.6633333333334,305.0,88.547
TSU,3678.13,307.0,88.547
TSU,3695.2411111111114,308.0,88.547
TSU,3722.885555555556,311.0,88.547
TSU,3740.218888888889,312.0,88.547
TSU,3771.618888888889,314.0,88.547
TSU,3803.318888888889,317.0,88.547
TSU,3838.652222222223,318.0,88.547
TSU,3856.4300000000003,320.0,88.547
TSU,3870.696666666667,321.0,88.547
TSU,3892.23,323.0,88.547
TSU,3917.3522222222223,323.0,88.547
TSU,3935.3522222222227,324.0,88.547
TSU,3956.952222222223,324.0,88.547
TSU,3989.452222222223,325.0,88.547
TSU,4018.5205555555563,326.0,88.547
TSU,4043.876111111112,326.0,88.547
TSU,4061.987222222223,326.0,88.547
TSU,4083.7205555555565,326.0,88.547
TSU,4109.076111111112,326.0,88.547
TSU,4137.876111111113,324.0,88.547
TSU,4167.776111111112,299.0,88.547
TSU,4186.709444444446,284.0,88.547
TSU,4199.331666666668,284.0,88.547
TSU,4218.265000000001,213.0,88.547
TSU,4229.48638888889,203.0,88.547
TSU,4240.375277777779,196.0,88.547
TSU,4257.353055555557,191.0,88.547
TSU,4270.2863888888905,194.0,88.547
TSU,4279.041944444446,197.0,88.547
TSU,4287.930833333335,200.0,88.547
TSU,4318.98638888889,215.0,88.547
TSU,4341.38638888889,224.0,88.547
TSU,4364.38638888889,230.0,88.547
TSU,4374.830833333334,235.0,88.547
TSU,4385.319722222223,236.0,88.547
TSU,4404.219722222223,243.0,88.547
TSU,4420.553055555556,245.0,88.547
TSU,4439.9975,250.0,88.547
TSU,4457.064166666668,256.0,88.547
TSU,4483.236666666668,261.0,88.547
TSU,4515.992222222224,268.0,88.547
TSU,4536.992222222223,270.0,88.547
TSU,4549.036666666669,271.0,88.547
TSU,4573.5700000000015,276.0,88.547
TSU,4588.9033333333355,276.0,88.547
TSU,4610.758888888891,281.0,88.547
TSU,4623.336666666669,283.0,88.547
TSU,4651.936666666669,286.0,88.547
TSU,4687.422500000003,291.0,88.547
TSU,4703.755833333335,294.0,88.547
TSU,4723.48916666667,296.0,88.547
TSU,4743.355833333336,298.0,88.547
TSU,4770.200277777781,302.0,88.547
TSU,4800.700277777781,305.0,88.547
TSU,4817.755833333336,307.0,88.547
TSU,4834.866944444447,308.0,88.547
TSU,4865.966944444447,311.0,88.547
TSU,4900.744722222225,313.0,88.547
TSU,4935.966944444448,317.0,88.547
TSU,4971.411388888891,319.0,88.547
TSU,5007.18916666667,322.0,88.547
TSU,5025.223333333336,323.0,88.547
TSU,5046.823333333337,324.0,88.547
TSU,5075.712222222226,325.0,88.547
TSU,5090.201111111114,326.0,88.547
TSU,5115.634444444448,327.0,88.547
TSU,5137.434444444449,327.0,88.547
TSU,5163.023333333338,329.0,88.547
TSU,5177.64555555556,329.0,88.547
TSU,5206.978888888893,330.0,88.547
TSU,5221.645555555559,330.0,88.547
TSU,5254.745555555561,331.0,88.547
TSU,5273.042500000005,331.0,88.547
TSU,5298.78694444445,331.0,88.547
TSU,5324.453611111115,330.0,88.547
TSU,5342.786944444449,330.0,88.547
TSU,5378.453611111116,321.0,88.547
TSU,5409.620277777782,255.0,88.547
TSU,5426.420277777782,216.0,88.547
TSU,5436.9758333333375,190.0,88.547
TSU,5445.109166666671,183.0,88.547
TSU,5457.4758333333375,159.0,88.547
TSU,5471.575833333338,141.0,88.547
TSU,5480.709166666671,137.0,88.547
TSU,5487.820277777782,128.0,88.547
TSU,5494.764722222227,125.0,88.547
TSU,5504.209444444449,121.0,88.547
TSU,5511.876111111115,115.0,88.547
TSU,5518.209444444448,114.0,88.547
TSU,5528.165000000004,112.0,88.547
TSU,5537.1872222222255,116.0,88.547
TSU,5542.609444444448,122.0,88.547
TSU,5549.720555555559,128.0,88.547
TSU,5557.220555555559,135.0,88.547
TSU,5565.109444444448,142.0,88.547
TSU,5573.442777777781,150.0,88.547
TSU,5593.976111111114,168.0,88.547
TSU,5603.809444444447,177.0,88.547
TSU,5618.456944444448,189.0,88.547
TSU,5635.612500000003,193.0,88.547
TSU,5647.056944444447,206.0,88.547
TSU,5661.256944444447,213.0,88.547
TSU,5676.056944444447,222.0,88.547
TSU,5686.012500000003,224.0,88.547
TSU,5701.479166666669,232.0,88.547
TSU,5711.968055555559,236.0,88.547
TSU,5736.268055555559,243.0,88.547
TSU,5761.368055555559,251.0,88.547
TSU,5781.356944444448,257.0,88.547
TSU,5795.801388888892,260.0,88.547
TSU,5813.3347222222255,263.0,88.547
TSU,5834.256944444448,269.0,88.547
TSU,5852.390277777781,272.0,88.547
TSU,5877.267777777781,279.0,88.547
TSU,5905.66777777778,284.0,88.547
TSU,5924.801111111115,287.0,88.547
TSU,5940.967777777781,291.0,88.547
TSU,5967.101111111115,294.0,88.547
TSU,5993.412222222225,296.0,88.547
TSU,6013.345555555559,299.0,88.547
TSU,6033.412222222226,301.0,88.547
TSU,6053.612222222226,303.0,88.547
TSU,6080.812222222226,306.0,88.547
TSU,6094.501111111115,308.0,88.547
TSU,6108.234444444448,309.0,88.547
STR,5.1499999999999995,309.0,88.25
STR,32.705555555555556,310.0,88.25
STR,57.12777777777778,314.0,88.25
STR,71.12777777777777,315.0,88.25
STR,85.12777777777777,315.0,88.25
STR,120.32666666666665,316.0,88.25
STR,155.8822222222222,320.0,88.25
STR,170.14888888888888,321.0,88.25
STR,188.03777777777776,322.0,88.25
STR,213.23777777777775,324.0,88.25
STR,234.83777777777777,324.0,88.25
STR,252.89333333333335,325.0,88.25
STR,285.49333333333334,326.0,88.25
STR,318.1025,327.0,88.25
STR,332.6358333333334,327.0,88.25
STR,354.3691666666667,326.0,88.25
STR,368.85805555555555,326.0,88.25
STR,407.4247222222223,267.0,88.25
STR,424.2247222222223,216.0,88.25
STR,437.82472222222225,204.0,88.25
STR,448.8913888888889,166.0,88.25
STR,455.9580555555556,159.0,88.25
STR,462.49138888888893,147.0,88.25
STR,470.1025000000001,137.0,88.25
STR,478.7691666666667,130.0,88.25
STR,484.2358333333334,123.0,88.25
STR,494.36916666666673,114.0,88.25
STR,519.5691666666668,108.0,88.25
STR,530.5941666666668,90.0,88.25
STR,537.3608333333334,87.0,88.25
STR,544.916388888889,85.0,88.25
STR,550.7163888888889,87.0,88.25
STR,554.7163888888889,90.0,88.25
STR,559.9386111111111,94.0,88.25
STR,566.6052777777777,100.0,88.25
STR,576.5608333333332,112.0,88.25
STR,582.0274999999999,123.0,88.25
STR,594.4330555555555,140.0,88.25
STR,613.988611111111,160.0,88.25
STR,627.5997222222222,175.0,88.25
STR,639.7997222222223,183.0,88.25
STR,654.6552777777778,191.0,88.25
STR,666.0441666666666,205.0,88.25
STR,675.1552777777777,205.0,88.25
STR,689.5552777777776,216.0,88.25
STR,699.1552777777777,216.0,88.25
STR,722.0552777777776,229.0,88.25
STR,735.0552777777777,234.0,88.25
STR,748.2774999999999,238.0,88.25
STR,769.8774999999999,243.0,88.25
STR,786.4775,249.0,88.25
STR,806.2330555555554,254.0,88.25
STR,826.3774999999999,259.0,88.25
STR,838.0219444444444,262.0,88.25
STR,855.7622222222222,265.0,88.25
STR,873.4955555555556,266.0,88.25
STR,897.4066666666668,269.0,88.25
STR,921.4066666666666,270.0,88.25
STR,933.4066666666666,270.0,88.25
STR,943.8955555555556,236.0,88.25
STR,953.8066666666667,223.0,88.25
STR,964.8066666666668,198.0,88.25
STR,979.8177777777778,193.0,88.25
STR,993.8177777777778,180.0,88.25
STR,1007.4577777777778,176.0,88.25
STR,1026.0577777777778,186.0,88.25
STR,1047.8355555555556,196.0,88.25
STR,1056.6355555555556,198.0,88.25
STR,1081.8133333333333,206.0,88.25
STR,1107.9688888888888,214.0,88.25
STR,1130.168888888889,222.0,88.25
STR,1150.3466666666666,227.0,88.25
STR,1168.391111111111,232.0,88.25
STR,1192.091111111111,237.0,88.25
STR,1213.691111111111,243.0,88.25
STR,1241.2466666666664,248.0,88.25
STR,1255.2466666666664,252.0,88.25
STR,1272.1836111111108,253.0,88.25
STR,1286.461388888889,257.0,88.25
STR,1306.6836111111108,260.0,88.25
STR,1332.783611111111,261.0,88.25
STR,1353.2391666666663,263.0,88.25
STR,1370.8391666666664,264.0,88.25
STR,1388.505833333333,265.0,88.25
STR,1406.305833333333,267.0,88.25
STR,1424.0391666666662,266.0,88.25
STR,1435.8613888888885,266.0,88.25
STR,1459.0774999999996,262.0,88.25
STR,1473.633055555555,262.0,88.25
STR,1496.8330555555551,261.0,88.25
STR,1517.210833333333,262.0,88.25
STR,1528.899722222222,263.0,88.25
STR,1552.188611111111,262.0,88.25
STR,1566.5219444444442,258.0,88.25
STR,1585.4219444444443,243.0,88.25
STR,1614.3886111111108,237.0,88.25
STR,1629.8552777777775,232.0,88.25
STR,1656.521944444444,240.0,88.25
STR,1675.421944444444,243.0,88.25
STR,1697.199722222222,245.0,88.25
STR,1727.5797222222218,248.0,88.25
STR,1744.4463888888886,253.0,88.25
STR,1767.2019444444438,256.0,88.25
STR,1778.5797222222216,256.0,88.25
STR,1802.0463888888883,264.0,88.25
STR,1822.6574999999993,265.0,88.25
STR,1837.6574999999993,270.0,88.25
STR,1849.7463888888883,272.0,88.25
STR,1877.3463888888882,276.0,88.25
STR,1892.8463888888884,279.0,88.25
STR,1911.5797222222216,281.0,88.25
STR,1933.5897222222216,284.0,88.25
STR,1949.4230555555548,285.0,88.25
STR,1962.134166666666,286.0,88.25
STR,1987.823055555555,289.0,88.25
STR,2007.223055555555,291.0,88.25
STR,2036.523055555555,293.0,88.25
STR,2056.123055555555,294.0,88.25
STR,2082.345277777777,295.0,88.25
STR,2108.745277777777,297.0,88.25
STR,2121.945277777777,297.0,88.25
STR,2145.2008333333324,299.0,88.25
STR,2161.8674999999994,300.0,88.25
STR,2188.534166666666,300.0,88.25
STR,2205.2008333333324,300.0,88.25
STR,2245.067499999999,299.0,88.25
STR,2261.7058333333325,298.0,88.25
STR,2292.7058333333325,279.0,88.25
STR,2318.9280555555547,236.0,88.25
STR,2343.9836111111103,205.0,88.25
STR,2354.5391666666656,190.0,88.25
STR,2362.4947222222213,179.0,88.25
STR,2375.48361111111,167.0,88.25
STR,2392.8169444444434,156.0,88.25
STR,2432.8602777777764,164.0,88.25
STR,2442.3602777777764,171.0,88.25
STR,2450.1380555555543,175.0,88.25
STR,2464.5269444444434,185.0,88.25
STR,2472.7491666666656,185.0,88.25
STR,2497.1936111111104,200.0,88.25
STR,2523.349166666666,214.0,88.25
STR,2533.0824999999995,219.0,88.25
STR,2545.471388888888,223.0,88.25
STR,2563.438055555555,231.0,88.25
STR,2576.4936111111106,235.0,88.25
STR,2597.915833333333,241.0,88.25
STR,2611.526944444444,245.0,88.25
STR,2625.429444444444,249.0,88.25
STR,2645.1849999999995,254.0,88.25
STR,2665.329444444444,259.0,88.25
STR,2682.862777777777,263.0,88.25
STR,2700.5961111111105,266.0,88.25
STR,2715.4849999999997,268.0,88.25
STR,2727.529444444444,271.0,88.25
STR,2748.7627777777775,273.0,88.25
STR,2760.896111111111,273.0,88.25
STR,2773.1183333333333,275.0,88.25
STR,2797.9183333333335,279.0,88.25
STR,2828.9183333333335,279.0,88.25
STR,2847.440833333334,279.0,88.25
STR,2862.9408333333336,279.0,88.25
STR,2884.640833333334,279.0,88.25
STR,2913.2408333333337,286.0,88.25
STR,2925.9075000000007,285.0,88.25
STR,2960.7408333333337,285.0,88.25
STR,2976.074166666667,276.0,88.25
STR,2998.2075,249.0,88.25
STR,3012.6075,216.0,88.25
STR,3023.8297222222222,202.0,88.25
STR,3044.718611111111,188.0,88.25
STR,3055.1630555555557,188.0,88.25
STR,3065.6630555555557,189.0,88.25
STR,3074.4186111111117,197.0,88.25
STR,3090.4200000000005,205.0,88.25
STR,3101.9755555555557,208.0,88.25
STR,3111.5311111111114,215.0,88.25
STR,3131.3533333333335,223.0,88.25
STR,3154.2533333333336,229.0,88.25
STR,3172.375555555556,233.0,88.25
STR,3182.82,235.0,88.25
STR,3196.042222222223,238.0,88.25
STR,3209.375555555556,240.0,88.25
STR,3225.575555555556,243.0,88.25
STR,3236.4644444444452,245.0,88.25
STR,3255.831111111112,249.0,88.25
STR,3270.164444444445,258.0,88.25
STR,3296.3913888888897,263.0,88.25
STR,3317.1580555555565,267.0,88.25
STR,3335.158055555556,270.0,88.25
STR,3356.158055555556,270.0,88.25
STR,3380.7802777777783,277.0,88.25
STR,3402.558055555556,280.0,88.25
STR,3424.646944444445,284.0,88.25
STR,3450.158055555556,287.0,88.25
STR,3475.846944444445,289.0,88.25
STR,3495.246944444445,291.0,88.25
STR,3524.5469444444448,293.0,88.25
STR,3537.6136111111114,294.0,88.25
STR,3560.6358333333337,296.0,88.25
STR,3593.8297222222222,298.0,88.25
STR,3613.7630555555556,299.0,88.25
STR,3633.7630555555556,300.0,88.25
STR,3650.651944444445,304.0,88.25
STR,3681.3519444444446,307.0,88.25
STR,3695.0852777777777,309.0,88.25
STR,3722.7297222222223,311.0,88.25
STR,3743.463055555556,311.0,88.25
STR,3767.8075000000003,313.0,88.25
STR,3792.3075,315.0,88.25
STR,3806.3519444444446,316.0,88.25
STR,3820.440833333333,317.0,88.25
STR,3841.6408333333334,318.0,88.25
STR,3866.4408333333336,320.0,88.25
STR,3884.3297222222222,322.0,88.25
STR,3902.2186111111114,322.0,88.25
STR,3923.7519444444447,323.0,88.25
STR,3938.1075,323.0,88.25
STR,3966.9075000000003,324.0,88.25
STR,3984.963055555556,325.0,88.25
STR,4003.018611111111,325.0,88.25
STR,4021.0186111111116,324.0,88.25
STR,4053.4186111111117,324.0,88.25
STR,4067.774166666667,323.0,88.25
STR,4082.129722222223,323.0,88.25
STR,4125.063055555556,322.0,88.25
STR,4156.95138888889,318.0,88.25
STR,4181.45138888889,245.0,88.25
STR,4197.784722222223,245.0,88.25
STR,4214.195833333334,211.0,88.25
STR,4227.595833333335,201.0,88.25
STR,4236.529166666668,201.0,88.25
STR,4251.4625000000015,192.0,88.25
STR,4266.94027777778,199.0,88.25
STR,4280.54027777778,204.0,88.25
STR,4296.795833333335,209.0,88.25
STR,4308.9625000000015,219.0,88.25
STR,4324.029166666668,226.0,88.25
STR,4339.162500000001,227.0,88.25
STR,4354.631111111112,233.0,88.25
STR,4370.564444444445,239.0,88.25
STR,4384.064444444445,243.0,88.25
STR,4417.664444444445,252.0,88.25
STR,4431.831111111112,255.0,88.25
STR,4451.897777777778,258.0,88.25
STR,4466.397777777778,261.0,88.25
STR,4492.797777777778,264.0,88.25
STR,4507.575555555556,266.0,88.25
STR,4537.3533333333335,268.0,88.25
STR,4565.053333333333,277.0,88.25
STR,4593.131111111112,280.0,88.25
STR,4608.853333333334,283.0,88.25
STR,4634.275555555556,286.0,88.25
STR,4650.164444444445,286.0,88.25
STR,4662.875555555556,286.0,88.25
STR,4682.275555555556,291.0,88.25
STR,4718.575555555556,297.0,88.25
STR,4741.908888888889,300.0,88.25
STR,4762.108888888889,303.0,88.25
STR,4775.620000000001,304.0,88.25
STR,4802.908888888889,307.0,88.25
STR,4816.597777777778,308.0,88.25
STR,4830.3311111111125,309.0,88.25
STR,4854.52,311.0,88.25
STR,4875.2333333333345,312.0,88.25
STR,4896.033333333334,312.0,88.25
STR,4917.166666666668,317.0,88.25
STR,4941.977777777779,319.0,88.25
STR,4966.944444444446,321.0,88.25
STR,4988.411111111112,322.0,88.25
STR,5002.766666666667,323.0,88.25
STR,5017.122222222224,323.0,88.25
STR,5035.122222222223,324.0,88.25
STR,5056.722222222224,324.0,88.25
STR,5074.833333333335,326.0,88.25
STR,5093.000000000002,327.0,88.25
STR,5114.800000000003,327.0,88.25
STR,5133.022222222224,328.0,88.25
STR,5151.391388888891,329.0,88.25
STR,5184.291388888891,329.0,88.25
STR,5206.1580555555565,328.0,88.25
STR,5224.380277777779,328.0,88.25
STR,5246.246944444445,328.0,88.25
STR,5271.680277777778,327.0,88.25
STR,5307.902500000001,326.0,88.25
STR,5333.258055555557,326.0,88.25
STR,5362.235833333334,326.0,88.25
STR,5379.902500000001,318.0,88.25
STR,5407.013611111112,244.0,88.25
STR,5420.346944444445,200.0,88.25
STR,5428.835833333334,191.0,88.25
STR,5439.835833333334,165.0,88.25
STR,5454.395277777779,146.0,88.25
STR,5470.928611111112,124.0,88.25
STR,5481.417500000001,118.0,88.25
STR,5487.473055555557,109.0,88.25
STR,5495.484166666668,103.0,88.25
STR,5508.317500000001,105.0,88.25
STR,5522.250833333334,114.0,88.25
STR,5530.317500000001,121.0,88.25
STR,5545.132222222223,133.0,88.25
STR,5553.076666666668,143.0,88.25
STR,5566.587777777779,152.0,88.25
STR,5575.810000000001,166.0,88.25
STR,5589.732222222224,179.0,88.25
STR,5604.354444444446,188.0,88.25
STR,5617.621111111112,199.0,88.25
STR,5638.821111111112,212.0,88.25
STR,5663.710000000002,224.0,88.25
STR,5684.332222222223,232.0,88.25
STR,5711.1100000000015,241.0,88.25
STR,5727.4433333333345,245.0,88.25
STR,5744.176666666668,251.0,88.25
STR,5761.0394444444455,254.0,88.25
STR,5778.306111111113,259.0,88.25
STR,5792.917222222224,263.0,88.25
STR,5807.6950000000015,266.0,88.25
STR,5822.47277777778,266.0,88.25
STR,5840.739444444447,274.0,88.25
STR,5865.450555555558,278.0,88.25
STR,5881.006111111114,280.0,88.25
STR,5912.450555555557,283.0,88.25
STR,5928.506111111113,289.0,88.25
STR,5951.372777777779,294.0,88.25
STR,5971.322222222224,298.0,88.25
STR,5987.988888888891,300.0,88.25
STR,6018.288888888891,303.0,88.25
STR,6055.688888888891,306.0,88.25
STR,6076.155555555558,307.0,88.25
BEA,5.133333333333333,308.0,88.642
BEA,22.355555555555558,310.0,88.642
BEA,57.33166666666666,314.0,88.642
BEA,71.24277777777777,313.0,88.642
BEA,102.74277777777777,315.0,88.642
BEA,127.47611111111111,318.0,88.642
BEA,148.74277777777777,319.0,88.642
BEA,170.14277777777778,321.0,88.642
BEA,195.10944444444445,321.0,88.642
BEA,213.05388888888888,323.0,88.642
BEA,227.40944444444443,323.0,88.642
BEA,252.68722222222223,325.0,88.642
BEA,274.42055555555555,326.0,88.642
BEA,288.9538888888889,327.0,88.642
BEA,328.92055555555555,327.0,88.642
BEA,361.5205555555555,326.0,88.642
BEA,375.91888888888883,326.0,88.642
BEA,390.2744444444444,323.0,88.642
BEA,414.71888888888884,275.0,88.642
BEA,429.2522222222222,218.0,88.642
BEA,447.5855555555555,165.0,88.642
BEA,464.2077777777778,136.0,88.642
BEA,472.7411111111111,128.0,88.642
BEA,479.51888888888885,122.0,88.642
BEA,488.5411111111111,116.0,88.642
BEA,500.31888888888886,106.0,88.642
BEA,505.0594444444444,106.0,88.642
BEA,514.5705555555555,107.0,88.642
BEA,522.426111111111,101.0,88.642
BEA,529.5816666666666,92.0,88.642
BEA,538.4816666666666,89.0,88.642
BEA,545.326111111111,88.0,88.642
BEA,549.2816666666665,89.0,88.642
BEA,556.5927777777777,94.0,88.642
BEA,560.9483333333332,98.0,88.642
BEA,565.5705555555554,104.0,88.642
BEA,572.9038888888888,110.0,88.642
BEA,583.3927777777777,118.0,88.642
BEA,592.526111111111,137.0,88.642
BEA,604.0372222222221,148.0,88.642
BEA,620.8372222222222,168.0,88.642
BEA,632.6544444444444,178.0,88.642
BEA,658.7877777777777,196.0,88.642
BEA,672.321111111111,203.0,88.642
BEA,686.3877777777777,211.0,88.642
BEA,696.0766666666666,218.0,88.642
BEA,718.2766666666665,222.0,88.642
BEA,731.0544444444442,230.0,88.642
BEA,757.4988888888887,238.0,88.642
BEA,770.9988888888888,243.0,88.642
BEA,784.721111111111,247.0,88.642
BEA,798.7352777777777,251.0,88.642
BEA,824.4352777777776,257.0,88.642
BEA,841.568611111111,257.0,88.642
BEA,856.179722222222,263.0,88.642
BEA,876.868611111111,266.0,88.642
BEA,888.8241666666665,269.0,88.642
BEA,921.7019444444443,269.0,88.642
BEA,946.4797222222221,223.0,88.642
BEA,959.6130555555554,197.0,88.642
BEA,978.6130555555553,171.0,88.642
BEA,993.0130555555553,162.0,88.642
BEA,1007.5019444444442,163.0,88.642
BEA,1014.9686111111109,168.0,88.642
BEA,1026.968611111111,180.0,88.642
BEA,1037.195,185.0,88.642
BEA,1045.6838888888888,191.0,88.642
BEA,1054.395,196.0,88.642
BEA,1067.8616666666665,202.0,88.642
BEA,1093.8949999999998,213.0,88.642
BEA,1115.5949999999998,217.0,88.642
BEA,1130.595,225.0,88.642
BEA,1150.5949999999998,225.0,88.642
BEA,1166.1283333333333,233.0,88.642
BEA,1184.6394444444445,238.0,88.642
BEA,1195.4622222222222,242.0,88.642
BEA,1217.5066666666667,248.0,88.642
BEA,1242.6066666666666,251.0,88.642
BEA,1256.8288888888887,256.0,88.642
BEA,1268.251111111111,257.0,88.642
BEA,1279.7177777777777,258.0,88.642
BEA,1291.2288888888888,259.0,88.642
BEA,1311.3733333333334,259.0,88.642
BEA,1325.9288888888889,262.0,88.642
BEA,1343.528888888889,264.0,88.642
BEA,1355.2622222222224,264.0,88.642
BEA,1367.0400000000002,265.0,88.642
BEA,1387.8066666666666,267.0,88.642
BEA,1405.6733333333334,268.0,88.642
BEA,1417.5400000000002,267.0,88.642
BEA,1429.317777777778,265.0,88.642
BEA,1443.7622222222224,260.0,88.642
BEA,1475.54,260.0,88.642
BEA,1509.8683333333336,258.0,88.642
BEA,1535.4683333333335,256.0,88.642
BEA,1549.4127777777778,251.0,88.642
BEA,1560.3461111111112,246.0,88.642
BEA,1573.5127777777777,237.0,88.642
BEA,1602.2350000000001,235.0,88.642
BEA,1612.6794444444445,235.0,88.642
BEA,1623.3016666666667,239.0,88.642
BEA,1644.9016666666666,243.0,88.642
BEA,1655.9033333333332,246.0,88.642
BEA,1678.0366666666666,249.0,88.642
BEA,1703.0366666666666,250.0,88.642
BEA,1714.1477777777777,250.0,88.642
BEA,1733.8255555555556,253.0,88.642
BEA,1753.5033333333336,253.0,88.642
BEA,1776.525555555556,259.0,88.642
BEA,1805.8588888888892,264.0,88.642
BEA,1817.725555555556,267.0,88.642
BEA,1832.725555555556,270.0,88.642
BEA,1844.7700000000004,271.0,88.642
BEA,1869.214444444445,275.0,88.642
BEA,1900.325555555556,280.0,88.642
BEA,1915.9366666666674,281.0,88.642
BEA,1941.092222222223,283.0,88.642
BEA,1960.0922222222227,285.0,88.642
BEA,1988.911944444445,289.0,88.642
BEA,2011.4675000000004,290.0,88.642
BEA,2027.634166666667,291.0,88.642
BEA,2047.1008333333339,292.0,88.642
BEA,2063.4341666666674,294.0,88.642
BEA,2086.3786111111117,295.0,88.642
BEA,2106.1119444444453,296.0,88.642
BEA,2132.5119444444454,297.0,88.642
BEA,2159.2619444444454,300.0,88.642
BEA,2175.984166666667,301.0,88.642
BEA,2216.250833333334,302.0,88.642
BEA,2233.0286111111113,302.0,88.642
BEA,2253.161944444445,302.0,88.642
BEA,2266.4952777777785,300.0,88.642
BEA,2293.0952777777784,266.0,88.642
BEA,2311.4508333333342,236.0,88.642
BEA,2321.6286111111117,229.0,88.642
BEA,2331.1841666666674,215.0,88.642
BEA,2342.4063888888895,202.0,88.642
BEA,2355.139722222223,191.0,88.642
BEA,2368.9841666666675,178.0,88.642
BEA,2376.6286111111117,172.0,88.642
BEA,2384.1841666666674,170.0,88.642
BEA,2394.9175000000005,161.0,88.642
BEA,2405.384166666667,157.0,88.642
BEA,2414.161944444445,158.0,88.642
BEA,2424.895277777778,161.0,88.642
BEA,2432.0061111111117,161.0,88.642
BEA,2451.228333333334,173.0,88.642
BEA,2471.6727777777783,184.0,88.642
BEA,2493.339444444445,195.0,88.642
BEA,2509.283888888889,205.0,88.642
BEA,2528.2172222222225,213.0,88.642
BEA,2545.250555555556,219.0,88.642
BEA,2565.491388888889,227.0,88.642
BEA,2578.3247222222226,231.0,88.642
BEA,2602.3247222222226,240.0,88.642
BEA,2613.1247222222223,243.0,88.642
BEA,2629.7247222222227,249.0,88.642
BEA,2643.7247222222227,252.0,88.642
BEA,2657.9469444444444,256.0,88.642
BEA,2678.1691666666666,260.0,88.642
BEA,2692.8358333333335,264.0,88.642
BEA,2713.6025,267.0,88.642
BEA,2734.6025,270.0,88.642
BEA,2758.780277777778,272.0,88.642
BEA,2777.180277777778,276.0,88.642
BEA,2789.5358333333334,278.0,88.642
BEA,2814.513611111111,281.0,88.642
BEA,2836.369166666667,281.0,88.642
BEA,2848.946944444445,283.0,88.642
BEA,2864.724722222222,284.0,88.642
BEA,2880.589444444445,287.0,88.642
BEA,2906.2783333333336,289.0,88.642
BEA,2941.6005555555557,289.0,88.642
BEA,2960.800555555556,288.0,88.642
BEA,2979.8005555555555,285.0,88.642
BEA,2999.8005555555555,225.0,88.642
BEA,3019.9005555555555,201.0,88.642
BEA,3032.5530555555556,189.0,88.642
BEA,3042.7197222222226,183.0,88.642
BEA,3065.208611111111,184.0,88.642
BEA,3085.9863888888895,187.0,88.642
BEA,3109.3197222222225,210.0,88.642
BEA,3123.3863888888886,211.0,88.642
BEA,3138.119722222222,221.0,88.642
BEA,3160.9197222222224,228.0,88.642
BEA,3171.2308333333335,232.0,88.642
BEA,3186.830833333333,234.0,88.642
BEA,3200.0530555555556,238.0,88.642
BEA,3210.6308333333336,238.0,88.642
BEA,3221.475277777778,244.0,88.642
BEA,3232.4086111111114,246.0,88.642
BEA,3249.208611111111,252.0,88.642
BEA,3269.0419444444447,255.0,88.642
BEA,3289.1863888888893,259.0,88.642
BEA,3312.653055555556,264.0,88.642
BEA,3324.445555555556,267.0,88.642
BEA,3336.3122222222228,267.0,88.642
BEA,3360.6677777777777,274.0,88.642
BEA,3372.8455555555556,274.0,88.642
BEA,3388.178888888889,276.0,88.642
BEA,3409.9566666666665,280.0,88.642
BEA,3422.5344444444445,283.0,88.642
BEA,3444.778888888889,286.0,88.642
BEA,3460.6677777777777,286.0,88.642
BEA,3483.225833333333,289.0,88.642
BEA,3502.6924999999997,292.0,88.642
BEA,3525.5591666666664,294.0,88.642
BEA,3548.4258333333332,294.0,88.642
BEA,3574.8258333333333,297.0,88.642
BEA,3598.0036111111112,298.0,88.642
BEA,3621.3369444444447,300.0,88.642
BEA,3638.1702777777778,303.0,88.642
BEA,3661.8147222222224,304.0,88.642
BEA,3675.4591666666665,307.0,88.642
BEA,3699.4147222222223,308.0,88.642
BEA,3730.714722222222,313.0,88.642
BEA,3748.103611111111,313.0,88.642
BEA,3762.0591666666664,314.0,88.642
BEA,3786.403611111111,313.0,88.642
BEA,3800.4480555555556,316.0,88.642
BEA,3818.0591666666664,317.0,88.642
BEA,3832.2369444444444,319.0,88.642
BEA,3857.203611111111,321.0,88.642
BEA,3874.9477777777774,321.0,88.642
BEA,3900.1477777777777,324.0,88.642
BEA,3925.4255555555555,325.0,88.642
BEA,3950.625555555555,324.0,88.642
BEA,3968.736666666666,326.0,88.642
BEA,3986.8477777777775,326.0,88.642
BEA,4019.5477777777774,327.0,88.642
BEA,4045.228055555555,329.0,88.642
BEA,4063.5058333333327,329.0,88.642
BEA,4089.016944444443,328.0,88.642
BEA,4121.616944444443,326.0,88.642
BEA,4136.061388888887,325.0,88.642
BEA,4168.839166666665,295.0,88.642
BEA,4185.439166666665,249.0,88.642
BEA,4204.639166666665,216.0,88.642
BEA,4214.016944444443,211.0,88.642
BEA,4229.650277777776,201.0,88.642
BEA,4257.3836111111095,192.0,88.642
BEA,4276.8836111111095,195.0,88.642
BEA,4299.661388888887,205.0,88.642
BEA,4316.305833333331,214.0,88.642
BEA,4330.905833333331,219.0,88.642
BEA,4340.905833333331,225.0,88.642
BEA,4361.528055555553,232.0,88.642
BEA,4377.1958333333305,236.0,88.642
BEA,4393.329166666664,242.0,88.642
BEA,4412.462499999997,246.0,88.642
BEA,4423.5291666666635,249.0,88.642
BEA,4446.018055555553,253.0,88.642
BEA,4457.440277777774,257.0,88.642
BEA,4474.7069444444405,259.0,88.642
BEA,4492.313333333329,263.0,88.642
BEA,4519.013333333329,267.0,88.642
BEA,4531.01333333333,270.0,88.642
BEA,4561.568888888884,275.0,88.642
BEA,4586.191111111108,277.0,88.642
BEA,4608.124444444441,282.0,88.642
BEA,4626.991111111107,283.0,88.642
BEA,4655.691111111107,287.0,88.642
BEA,4684.8911111111065,292.0,88.642
BEA,4697.957777777773,294.0,88.642
BEA,4727.757777777773,298.0,88.642
BEA,4741.002222222219,298.0,88.642
BEA,4761.135555555552,302.0,88.642
BEA,4774.602222222218,303.0,88.642
BEA,4791.5466666666625,305.0,88.642
BEA,4808.602222222218,307.0,88.642
BEA,4825.768888888885,309.0,88.642
BEA,4856.8688888888855,311.0,88.642
BEA,4884.779999999996,314.0,88.642
BEA,4912.781111111108,316.0,88.642
BEA,4948.225555555551,319.0,88.642
BEA,4973.11444444444,320.0,88.642
BEA,5001.825555555552,323.0,88.642
BEA,5016.1811111111065,323.0,88.642
BEA,5037.871111111106,324.0,88.642
BEA,5055.926666666662,325.0,88.642
BEA,5070.371111111106,325.0,88.642
BEA,5084.859999999994,326.0,88.642
BEA,5103.026666666661,327.0,88.642
BEA,5135.826666666661,328.0,88.642
BEA,5172.382222222217,329.0,88.642
BEA,5194.382222222216,330.0,88.642
BEA,5223.8044444444395,331.0,88.642
BEA,5245.871111111106,331.0,88.642
BEA,5271.693333333328,332.0,88.642
BEA,5290.1377777777725,332.0,88.642
BEA,5323.237777777773,331.0,88.642
BEA,5356.037777777773,328.0,88.642
BEA,5374.259999999996,328.0,88.642
BEA,5391.037777777772,302.0,88.642
BEA,5417.148888888883,235.0,88.642
BEA,5442.082222222217,187.0,88.642
BEA,5452.882222222217,162.0,88.642
BEA,5462.574999999995,146.0,88.642
BEA,5476.074999999995,135.0,88.642
BEA,5483.297222222218,130.0,88.642
BEA,5488.897222222217,126.0,88.642
BEA,5497.997222222218,117.0,88.642
BEA,5504.274999999996,113.0,88.642
BEA,5515.2052777777735,109.0,88.642
BEA,5522.738611111107,113.0,88.642
BEA,5529.238611111107,117.0,88.642
BEA,5537.305277777774,121.0,88.642
BEA,5544.194166666663,124.0,88.642
BEA,5559.749722222218,140.0,88.642
BEA,5570.016388888886,154.0,88.642
BEA,5579.07194444444,163.0,88.642
BEA,5594.805277777774,177.0,88.642
BEA,5606.8719444444405,181.0,88.642
BEA,5620.005277777775,197.0,88.642
BEA,5643.449722222219,211.0,88.642
BEA,5662.916388888886,219.0,88.642
BEA,5680.64972222222,228.0,88.642
BEA,5704.14972222222,235.0,88.642
BEA,5714.816388888886,240.0,88.642
BEA,5731.083055555552,244.0,88.642
BEA,5747.749722222219,250.0,88.642
BEA,5758.949722222219,252.0,88.642
BEA,5773.171944444442,256.0,88.642
BEA,5784.6830555555525,259.0,88.642
BEA,5799.110555555552,261.0,88.642
BEA,5822.666111111108,265.0,88.642
BEA,5846.932777777774,273.0,88.642
BEA,5862.266111111108,276.0,88.642
BEA,5877.821666666664,280.0,88.642
BEA,5890.478055555553,283.0,88.642
BEA,5906.36694444444,286.0,88.642
BEA,5931.878055555552,287.0,88.642
BEA,5948.044722222219,291.0,88.642
BEA,5980.933611111107,296.0,88.642
BEA,6017.600277777773,300.0,88.642
BEA,6044.533611111107,303.0,88.642
BEA,6068.100277777774,303.0,88.642
ALB,27.64166666666667,310.0,88.98
ALB,44.91944444444445,311.0,88.98
ALB,69.2638888888889,313.0,88.98
ALB,104.15277777777779,314.0,88.98
ALB,121.62055555555554,316.0,88.98
ALB,135.70944444444444,317.0,88.98
ALB,163.9761111111111,318.0,88.98
ALB,199.53166666666664,320.0,88.98
ALB,220.86499999999998,320.0,88.98
ALB,249.4872222222222,322.0,88.98
ALB,270.95388888888886,322.0,88.98
ALB,292.4205555555555,322.0,88.98
ALB,328.3094444444444,323.0,88.98
ALB,367.78722222222217,323.0,88.98
ALB,382.0983333333333,322.0,88.98
ALB,399.76499999999993,318.0,88.98
ALB,412.2538888888888,281.0,88.98
ALB,432.3427777777777,226.0,88.98
ALB,441.0983333333333,197.0,88.98
ALB,452.63166666666666,173.0,88.98
ALB,465.78722222222217,148.0,88.98
ALB,473.3427777777777,136.0,88.98
ALB,481.7777777777777,126.0,88.98
ALB,488.4444444444444,120.0,88.98
ALB,495.97777777777776,113.0,88.98
ALB,503.2444444444444,109.0,88.98
ALB,510.51111111111106,109.0,88.98
ALB,517.911111111111,111.0,88.98
ALB,528.211111111111,103.0,88.98
ALB,536.7444444444443,96.0,88.98
ALB,543.7194444444443,90.0,88.98
ALB,553.4972222222221,88.0,88.98
ALB,558.5527777777777,91.0,88.98
ALB,568.6527777777777,101.0,88.98
ALB,574.5972222222222,107.0,88.98
ALB,586.3972222222222,118.0,88.98
ALB,591.9972222222223,126.0,88.98
ALB,599.6083333333333,137.0,88.98
ALB,607.8305555555555,148.0,88.98
ALB,616.6083333333333,158.0,88.98
ALB,625.9416666666666,168.0,88.98
ALB,635.7194444444444,176.0,88.98
ALB,643.5416666666666,176.0,88.98
ALB,658.5527777777778,193.0,88.98
ALB,679.1527777777778,206.0,88.98
ALB,695.7972222222222,214.0,88.98
ALB,725.7972222222222,225.0,88.98
ALB,735.8597222222222,225.0,88.98
ALB,746.3041666666667,235.0,88.98
ALB,765.0486111111112,241.0,88.98
ALB,787.0041666666668,247.0,88.98
ALB,797.9819444444446,247.0,88.98
ALB,812.0375000000001,253.0,88.98
ALB,835.1486111111112,260.0,88.98
ALB,852.6819444444445,263.0,88.98
ALB,864.5041666666667,266.0,88.98
ALB,891.3294444444444,269.0,88.98
ALB,912.4072222222222,271.0,88.98
ALB,924.4961111111111,272.0,88.98
ALB,940.7627777777777,244.0,88.98
ALB,952.596111111111,213.0,88.98
ALB,976.8627777777776,182.0,88.98
ALB,988.196111111111,170.0,88.98
ALB,999.1961111111109,165.0,88.98
ALB,1011.8738888888887,163.0,88.98
ALB,1025.2516666666666,172.0,88.98
ALB,1043.9516666666666,187.0,88.98
ALB,1070.485,199.0,88.98
ALB,1093.707222222222,209.0,88.98
ALB,1108.0405555555556,215.0,88.98
ALB,1117.5961111111112,215.0,88.98
ALB,1127.4183333333333,221.0,88.98
ALB,1147.5700000000002,226.0,88.98
ALB,1173.3477777777778,232.0,88.98
ALB,1199.9033333333334,239.0,88.98
ALB,1216.0366666666666,242.0,88.98
ALB,1226.97,246.0,88.98
ALB,1238.081111111111,250.0,88.98
ALB,1263.481111111111,254.0,88.98
ALB,1283.3144444444445,255.0,88.98
ALB,1300.3763888888889,257.0,88.98
ALB,1332.0319444444442,259.0,88.98
ALB,1346.4763888888888,260.0,88.98
ALB,1372.4763888888888,260.0,88.98
ALB,1395.4986111111111,259.0,88.98
ALB,1410.0541666666666,262.0,88.98
ALB,1427.4541666666664,261.0,88.98
ALB,1444.6541666666665,258.0,88.98
ALB,1464.4097222222222,254.0,88.98
ALB,1492.6319444444443,254.0,88.98
ALB,1506.7986111111109,255.0,88.98
ALB,1526.7875,257.0,88.98
ALB,1549.1875,252.0,88.98
ALB,1575.7430555555554,239.0,88.98
ALB,1603.9180555555554,230.0,88.98
ALB,1616.6402777777778,229.0,88.98
ALB,1629.473611111111,231.0,88.98
ALB,1653.173611111111,237.0,88.98
ALB,1682.7513888888889,242.0,88.98
ALB,1693.4625,241.0,88.98
ALB,1712.2847222222222,242.0,88.98
ALB,1738.8402777777778,239.0,88.98
ALB,1752.2175,242.0,88.98
ALB,1768.6841666666667,247.0,88.98
ALB,1788.128611111111,250.0,88.98
ALB,1807.8841666666667,254.0,88.98
ALB,1834.0841666666668,262.0,88.98
ALB,1845.7730555555556,263.0,88.98
ALB,1863.5730555555558,267.0,88.98
ALB,1881.5730555555556,270.0,88.98
ALB,1902.806388888889,273.0,88.98
ALB,1918.1397222222222,276.0,88.98
ALB,1952.2397222222223,279.0,88.98
ALB,1983.6841666666667,283.0,88.98
ALB,1996.306388888889,284.0,88.98
ALB,2021.8175,287.0,88.98
ALB,2047.5063888888888,289.0,88.98
ALB,2080.1433333333334,293.0,88.98
ALB,2112.9211111111113,295.0,88.98
ALB,2126.0766666666673,296.0,88.98
ALB,2142.576666666667,297.0,88.98
ALB,2165.8322222222223,299.0,88.98
ALB,2182.4988888888893,300.0,88.98
ALB,2199.221111111111,301.0,88.98
ALB,2219.3544444444447,302.0,88.98
ALB,2239.554444444445,303.0,88.98
ALB,2256.4433333333336,304.0,88.98
ALB,2273.3322222222228,304.0,88.98
ALB,2292.253055555556,285.0,88.98
ALB,2315.753055555556,235.0,88.98
ALB,2330.286388888889,218.0,88.98
ALB,2345.841944444445,200.0,88.98
ALB,2356.3975,190.0,88.98
ALB,2372.130833333333,177.0,88.98
ALB,2387.0641666666666,168.0,88.98
ALB,2396.0641666666666,162.0,88.98
ALB,2404.8975,159.0,88.98
ALB,2415.4308333333333,158.0,88.98
ALB,2424.4308333333333,162.0,88.98
ALB,2433.5975000000003,165.0,88.98
ALB,2441.0197222222223,167.0,88.98
ALB,2452.486388888889,172.0,88.98
ALB,2474.2419444444445,178.0,88.98
ALB,2498.2519444444447,196.0,88.98
ALB,2509.474166666667,202.0,88.98
ALB,2530.474166666667,210.0,88.98
ALB,2542.363055555556,214.0,88.98
ALB,2559.629722222223,222.0,88.98
ALB,2582.529722222223,229.0,88.98
ALB,2603.6852777777785,238.0,88.98
ALB,2619.6852777777785,240.0,88.98
ALB,2630.6186111111115,246.0,88.98
ALB,2650.140833333334,251.0,88.98
ALB,2678.735833333334,258.0,88.98
ALB,2690.335833333334,261.0,88.98
ALB,2710.9469444444453,265.0,88.98
ALB,2740.9469444444453,270.0,88.98
ALB,2752.99138888889,271.0,88.98
ALB,2777.4358333333344,275.0,88.98
ALB,2805.3358333333344,279.0,88.98
ALB,2833.5358333333343,282.0,88.98
ALB,2849.258055555556,283.0,88.98
ALB,2865.035833333334,284.0,88.98
ALB,2880.8691666666673,285.0,88.98
ALB,2903.19138888889,287.0,88.98
ALB,2922.391388888889,288.0,88.98
ALB,2951.391388888889,290.0,88.98
ALB,2967.5272222222225,289.0,88.98
ALB,2996.193888888889,258.0,88.98
ALB,3016.460555555556,228.0,88.98
ALB,3036.760555555556,203.0,88.98
ALB,3047.649444444445,196.0,88.98
ALB,3068.3161111111117,186.0,88.98
ALB,3076.5827777777786,186.0,88.98
ALB,3099.927222222223,191.0,88.98
ALB,3115.79388888889,204.0,88.98
ALB,3137.3338888888898,216.0,88.98
ALB,3162.1116666666676,223.0,88.98
ALB,3182.467222222223,229.0,88.98
ALB,3200.5894444444452,233.0,88.98
ALB,3213.7561111111117,237.0,88.98
ALB,3224.2894444444455,237.0,88.98
ALB,3240.6227777777785,245.0,88.98
ALB,3257.156111111112,248.0,88.98
ALB,3268.356111111112,252.0,88.98
ALB,3300.0116666666677,259.0,88.98
ALB,3317.611666666668,264.0,88.98
ALB,3335.4116666666678,267.0,88.98
ALB,3362.611666666668,272.0,88.98
ALB,3377.8894444444454,275.0,88.98
ALB,3390.2327777777787,276.0,88.98
ALB,3418.3327777777786,281.0,88.98
ALB,3430.821666666667,281.0,88.98
ALB,3443.488333333334,285.0,88.98
ALB,3469.088333333334,288.0,88.98
ALB,3485.1994444444454,290.0,88.98
ALB,3504.732777777778,293.0,88.98
ALB,3527.599444444445,294.0,88.98
ALB,3547.3327777777786,296.0,88.98
ALB,3570.5105555555565,298.0,88.98
ALB,3610.510555555556,300.0,88.98
ALB,3627.149166666667,301.0,88.98
ALB,3640.615833333334,303.0,88.98
ALB,3654.215833333334,306.0,88.98
ALB,3667.8158333333345,306.0,88.98
ALB,3688.415833333335,309.0,88.98
ALB,3702.193611111112,310.0,88.98
ALB,3729.926944444446,312.0,88.98
ALB,3750.860277777779,314.0,88.98
ALB,3764.8158333333345,314.0,88.98
ALB,3778.815833333335,315.0,88.98
ALB,3796.37138888889,316.0,88.98
ALB,3821.0269444444457,317.0,88.98
ALB,3835.1602777777794,318.0,88.98
ALB,3849.338055555557,319.0,88.98
ALB,3870.738055555557,321.0,88.98
ALB,3895.7825000000016,322.0,88.98
ALB,3917.3158333333345,323.0,88.98
ALB,3949.8058333333347,324.0,88.98
ALB,3964.2947222222233,326.0,88.98
ALB,3978.7836111111124,326.0,88.98
ALB,3993.272500000001,326.0,88.98
ALB,4018.7058333333343,327.0,88.98
ALB,4040.572500000001,328.0,88.98
ALB,4062.4391666666675,328.0,88.98
ALB,4077.0169444444455,328.0,88.98
ALB,4109.716944444445,327.0,88.98
ALB,4138.694722222223,326.0,88.98
ALB,4160.294722222224,324.0,88.98
ALB,4185.794722222224,255.0,88.98
ALB,4209.513055555557,214.0,88.98
ALB,4220.790833333334,203.0,88.98
ALB,4235.957500000001,195.0,88.98
ALB,4246.290833333334,186.0,88.98
ALB,4264.590833333335,183.0,88.98
ALB,4272.813055555556,185.0,88.98
ALB,4285.479722222223,190.0,88.98
ALB,4305.679722222223,202.0,88.98
ALB,4334.879722222223,219.0,88.98
ALB,4347.268611111112,223.0,88.98
ALB,4365.1575,230.0,88.98
ALB,4383.4352777777785,235.0,88.98
ALB,4410.280000000001,241.0,88.98
ALB,4429.56888888889,248.0,88.98
ALB,4440.76888888889,252.0,88.98
ALB,4457.702222222224,254.0,88.98
ALB,4469.16888888889,258.0,88.98
ALB,4480.724444444446,260.0,88.98
ALB,4498.124444444446,261.0,88.98
ALB,4509.902222222224,265.0,88.98
ALB,4533.813333333334,269.0,88.98
ALB,4554.96888888889,272.0,88.98
ALB,4576.280000000002,274.0,88.98
ALB,4594.880000000001,279.0,88.98
ALB,4610.491111111112,281.0,88.98
ALB,4626.213333333335,283.0,88.98
ALB,4642.046666666669,285.0,88.98
ALB,4664.1341666666685,285.0,88.98
ALB,4690.089722222225,292.0,88.98
ALB,4716.311944444446,295.0,88.98
ALB,4736.111944444446,297.0,88.98
ALB,4749.400833333336,299.0,88.98
ALB,4776.24527777778,302.0,88.98
ALB,4799.889722222224,304.0,88.98
ALB,4820.289722222224,306.0,88.98
ALB,4840.823055555557,308.0,88.98
ALB,4857.989722222224,309.0,88.98
ALB,4882.25638888889,312.0,88.98
ALB,4913.656388888891,314.0,88.98
ALB,4938.321944444446,316.0,88.98
ALB,4959.521944444446,318.0,88.98
ALB,4980.8552777777795,320.0,88.98
ALB,5005.821944444447,321.0,88.98
ALB,5045.299722222224,323.0,88.98
ALB,5059.6997222222235,324.0,88.98
ALB,5081.366388888891,325.0,88.98
ALB,5095.8552777777795,326.0,88.98
ALB,5110.344166666668,326.0,88.98
ALB,5124.833055555556,326.0,88.98
ALB,5146.633055555557,327.0,88.98
ALB,5164.799722222223,327.0,88.98
ALB,5183.021944444446,328.0,88.98
ALB,5197.644166666668,329.0,88.98
ALB,5223.233055555557,329.0,88.98
ALB,5241.419444444446,329.0,88.98
ALB,5270.663888888891,329.0,88.98
ALB,5299.819444444446,328.0,88.98
ALB,5318.041666666669,328.0,88.98
ALB,5339.84166666667,327.0,88.98
ALB,5368.819444444447,326.0,88.98
ALB,5393.44166666667,277.0,88.98
ALB,5406.886111111114,242.0,88.98
ALB,5421.286111111114,216.0,88.98
ALB,5435.519444444448,183.0,88.98
ALB,5450.008333333336,163.0,88.98
ALB,5464.24777777778,142.0,88.98
ALB,5473.314444444447,136.0,88.98
ALB,5479.0477777777805,129.0,88.98
ALB,5484.781111111114,129.0,88.98
ALB,5492.647777777781,118.0,88.98
ALB,5501.358888888892,112.0,88.98
ALB,5512.258888888891,109.0,88.98
ALB,5527.7255555555585,116.0,88.98
ALB,5532.970000000003,118.0,88.98
ALB,5549.347777777781,134.0,88.98
ALB,5560.858888888892,148.0,88.98
ALB,5569.581111111114,157.0,88.98
ALB,5584.692222222225,170.0,88.98
ALB,5607.495833333336,187.0,88.98
ALB,5625.184722222225,199.0,88.98
ALB,5634.295833333336,205.0,88.98
ALB,5643.673611111114,211.0,88.98
ALB,5663.229166666669,220.0,88.98
ALB,5691.462500000002,231.0,88.98
ALB,5712.52916666667,237.0,88.98
ALB,5723.284722222225,242.0,88.98
ALB,5742.573611111115,248.0,88.98
ALB,5762.2513888888925,253.0,88.98
ALB,5776.529166666671,257.0,88.98
ALB,5805.824444444448,263.0,88.98
ALB,5817.6022222222255,265.0,88.98
ALB,5844.802222222225,272.0,88.98
ALB,5866.34666666667,277.0,88.98
ALB,5885.0800000000045,281.0,88.98
ALB,5904.0800000000045,285.0,88.98
ALB,5926.480000000005,288.0,88.98
ALB,5942.591111111116,290.0,88.98
ALB,5955.613333333338,293.0,88.98
ALB,5978.63555555556,296.0,88.98
ALB,5998.435555555559,297.0,88.98
ALB,6011.768888888892,300.0,88.98
ALB,6048.924444444449,304.0,88.98
ALB,6079.624444444449,307.0,88.98
ALB,6093.183611111115,307.0,88.98
ALB,6106.916944444448,309.0,88.98
MAG,5.669444444444444,314.0,89.02
MAG,19.625,314.0,89.02
MAG,37.18055555555556,316.0,89.02
MAG,54.79166666666667,317.0,89.02
MAG,72.45833333333333,318.0,89.02
MAG,93.85833333333332,321.0,89.02
MAG,118.90277777777777,322.0,89.02
MAG,151.49305555555554,325.0,89.02
MAG,165.98194444444445,326.0,89.02
MAG,198.68194444444444,327.0,89.02
MAG,227.83749999999998,328.0,89.02
MAG,242.4597222222222,329.0,89.02
MAG,268.03472222222223,330.0,89.02
MAG,355.7680555555555,329.0,89.02
MAG,370.3013888888889,327.0,89.02
MAG,393.01249999999993,292.0,89.02
MAG,418.3458333333333,228.0,89.02
MAG,439.3680555555555,172.0,89.02
MAG,455.3680555555555,144.0,89.02
MAG,462.81249999999994,134.0,89.02
MAG,468.7680555555555,134.0,89.02
MAG,480.1680555555555,114.0,89.02
MAG,487.3680555555555,108.0,89.02
MAG,494.43472222222215,106.0,89.02
MAG,502.8347222222222,108.0,89.02
MAG,513.4347222222221,106.0,89.02
MAG,520.2347222222221,102.0,89.02
MAG,526.5680555555555,95.0,89.02
MAG,533.515,89.0,89.02
MAG,541.426111111111,89.0,89.02
MAG,552.2038888888889,97.0,89.02
MAG,564.2038888888889,108.0,89.02
MAG,572.0377777777778,118.0,89.02
MAG,586.9266666666666,134.0,89.02
MAG,593.1044444444444,139.0,89.02
MAG,603.4377777777778,155.0,89.02
MAG,614.4377777777778,165.0,89.02
MAG,624.16,175.0,89.02
MAG,640.7822222222222,187.0,89.02
MAG,651.6155555555556,195.0,89.02
MAG,660.548888888889,201.0,89.02
MAG,679.3044444444445,211.0,89.02
MAG,688.8155555555556,214.0,89.02
MAG,701.148888888889,222.0,89.02
MAG,711.148888888889,225.0,89.02
MAG,723.9266666666667,230.0,89.02
MAG,734.3711111111112,235.0,89.02
MAG,755.2600000000001,235.0,89.02
MAG,788.8600000000001,252.0,89.02
MAG,814.7600000000001,259.0,89.02
MAG,844.3155555555556,266.0,89.02
MAG,859.26,269.0,89.02
MAG,874.3155555555555,271.0,89.02
MAG,886.5247222222223,273.0,89.02
MAG,904.791388888889,274.0,89.02
MAG,922.6580555555555,268.0,89.02
MAG,933.2802777777778,239.0,89.02
MAG,945.0025,211.0,89.02
MAG,964.4025,194.0,89.02
MAG,983.355,171.0,89.02
MAG,992.7438888888888,169.0,89.02
MAG,1007.7661111111111,169.0,89.02
MAG,1021.455,176.0,89.02
MAG,1033.9883333333332,188.0,89.02
MAG,1042.5216666666665,192.0,89.02
MAG,1069.7216666666666,204.0,89.02
MAG,1088.566111111111,212.0,89.02
MAG,1105.2105555555554,214.0,89.02
MAG,1114.9438888888888,219.0,89.02
MAG,1124.677222222222,219.0,89.02
MAG,1137.1216666666667,224.0,89.02
MAG,1149.7883333333332,228.0,89.02
MAG,1170.4994444444444,233.0,89.02
MAG,1186.4327777777776,239.0,89.02
MAG,1199.7661111111108,240.0,89.02
MAG,1219.1327777777776,249.0,89.02
MAG,1235.9994444444442,253.0,89.02
MAG,1247.2883333333332,254.0,89.02
MAG,1261.5105555555556,256.0,89.02
MAG,1290.3602777777778,259.0,89.02
MAG,1313.5602777777779,261.0,89.02
MAG,1325.2047222222222,262.0,89.02
MAG,1336.9380555555556,264.0,89.02
MAG,1354.5380555555555,264.0,89.02
MAG,1380.8380555555555,263.0,89.02
MAG,1407.5636111111112,268.0,89.02
MAG,1425.163611111111,264.0,89.02
MAG,1439.7191666666665,262.0,89.02
MAG,1464.6191666666664,249.0,89.02
MAG,1475.5524999999998,246.0,89.02
MAG,1494.1413888888887,239.0,89.02
MAG,1507.2524999999998,236.0,89.02
MAG,1517.874722222222,239.0,89.02
MAG,1536.3858333333333,238.0,89.02
MAG,1552.3191666666664,239.0,89.02
MAG,1565.4302777777777,236.0,89.02
MAG,1585.874722222222,230.0,89.02
MAG,1603.374722222222,225.0,89.02
MAG,1620.2524999999998,217.0,89.02
MAG,1634.9191666666663,220.0,89.02
MAG,1655.274722222222,229.0,89.02
MAG,1670.5413888888888,229.0,89.02
MAG,1691.163611111111,232.0,89.02
MAG,1712.2302777777775,237.0,89.02
MAG,1728.23,239.0,89.02
MAG,1741.73,243.0,89.02
MAG,1755.3966666666665,246.0,89.02
MAG,1769.3411111111109,251.0,89.02
MAG,1783.452222222222,254.0,89.02
MAG,1797.73,257.0,89.02
MAG,1815.1966666666665,262.0,89.02
MAG,1829.9744444444443,266.0,89.02
MAG,1853.8108333333332,269.0,89.02
MAG,1868.9219444444445,272.0,89.02
MAG,1884.1997222222224,275.0,89.02
MAG,1918.4219444444448,280.0,89.02
MAG,1933.9775000000002,280.0,89.02
MAG,1949.6997222222224,283.0,89.02
MAG,1965.4775000000002,284.0,89.02
MAG,1978.2330555555557,287.0,89.02
MAG,2000.6330555555558,288.0,89.02
MAG,2029.6330555555558,290.0,89.02
MAG,2045.8552777777782,292.0,89.02
MAG,2085.188611111111,295.0,89.02
MAG,2098.3441666666663,296.0,89.02
MAG,2121.521944444444,298.0,89.02
MAG,2151.4219444444443,299.0,89.02
MAG,2171.555277777778,302.0,89.02
MAG,2201.8552777777777,303.0,89.02
MAG,2222.055277777778,303.0,89.02
MAG,2235.521944444444,303.0,89.02
MAG,2275.8725,302.0,89.02
MAG,2291.039166666667,273.0,89.02
MAG,2319.150277777778,230.0,89.02
MAG,2339.150277777778,200.0,89.02
MAG,2351.7502777777777,189.0,89.02
MAG,2363.5011111111107,177.0,89.02
MAG,2372.7788888888886,167.0,89.02
MAG,2380.2011111111105,167.0,89.02
MAG,2400.8677777777775,155.0,89.02
MAG,2411.4677777777774,159.0,89.02
MAG,2420.5233333333326,163.0,89.02
MAG,2435.545555555555,169.0,89.02
MAG,2445.1566666666663,173.0,89.02
MAG,2454.9344444444437,176.0,89.02
MAG,2464.8788888888885,179.0,89.02
MAG,2476.812222222222,179.0,89.02
MAG,2487.4233333333327,191.0,89.02
MAG,2498.4788888888884,199.0,89.02
MAG,2509.7011111111105,202.0,89.02
MAG,2526.034444444444,210.0,89.02
MAG,2535.7233333333334,218.0,89.02
MAG,2548.1677777777777,224.0,89.02
MAG,2568.612222222222,230.0,89.02
MAG,2584.212222222222,234.0,89.02
MAG,2605.6344444444444,241.0,89.02
MAG,2622.169722222222,247.0,89.02
MAG,2642.0030555555554,255.0,89.02
MAG,2659.136388888889,257.0,89.02
MAG,2685.536388888889,264.0,89.02
MAG,2697.3141666666666,265.0,89.02
MAG,2724.3141666666666,270.0,89.02
MAG,2748.5808333333334,273.0,89.02
MAG,2766.904166666667,276.0,89.02
MAG,2788.6819444444445,280.0,89.02
MAG,2801.1708333333336,281.0,89.02
MAG,2836.0041666666666,285.0,89.02
MAG,2851.8930555555557,286.0,89.02
MAG,2867.8930555555553,288.0,89.02
MAG,2890.370833333333,289.0,89.02
MAG,2906.5930555555556,292.0,89.02
MAG,2926.126388888889,293.0,89.02
MAG,2945.6597222222217,293.0,89.02
MAG,2965.193055555555,293.0,89.02
MAG,2980.8041666666663,281.0,89.02
MAG,2994.915277777777,254.0,89.02
MAG,3008.1375,238.0,89.02
MAG,3019.7486111111107,209.0,89.02
MAG,3028.548611111111,198.0,89.02
MAG,3037.3486111111106,198.0,89.02
MAG,3049.681944444444,185.0,89.02
MAG,3059.626388888889,179.0,89.02
MAG,3069.626388888889,180.0,89.02
MAG,3081.8930555555557,184.0,89.02
MAG,3092.445555555556,189.0,89.02
MAG,3101.1566666666668,196.0,89.02
MAG,3121.956666666667,208.0,89.02
MAG,3133.7344444444448,212.0,89.02
MAG,3155.634444444445,219.0,89.02
MAG,3170.3677777777784,221.0,89.02
MAG,3201.434444444445,233.0,89.02
MAG,3214.3694444444454,234.0,89.02
MAG,3241.4805555555563,244.0,89.02
MAG,3255.202777777778,247.0,89.02
MAG,3266.358333333334,251.0,89.02
MAG,3277.602777777778,253.0,89.02
MAG,3289.0250000000005,257.0,89.02
MAG,3303.4138888888892,259.0,89.02
MAG,3320.9472222222225,263.0,89.02
MAG,3335.7250000000004,266.0,89.02
MAG,3356.7250000000004,270.0,89.02
MAG,3378.1138888888886,275.0,89.02
MAG,3393.5583333333334,278.0,89.02
MAG,3425.0027777777777,283.0,89.02
MAG,3440.7805555555556,284.0,89.02
MAG,3459.9138888888892,287.0,89.02
MAG,3475.913888888889,288.0,89.02
MAG,3495.1805555555557,289.0,89.02
MAG,3514.6472222222224,292.0,89.02
MAG,3534.247222222222,294.0,89.02
MAG,3554.0627777777772,296.0,89.02
MAG,3573.796111111111,296.0,89.02
MAG,3593.729444444444,299.0,89.02
MAG,3620.4849999999997,301.0,89.02
MAG,3640.684999999999,303.0,89.02
MAG,3664.484999999999,306.0,89.02
MAG,3685.0849999999996,309.0,89.02
MAG,3705.7516666666666,310.0,89.02
MAG,3719.618333333333,312.0,89.02
MAG,3747.442222222222,314.0,89.02
MAG,3775.531111111111,316.0,89.02
MAG,3796.6644444444446,317.0,89.02
MAG,3810.753333333333,317.0,89.02
MAG,3824.8422222222225,317.0,89.02
MAG,3842.4533333333334,317.0,89.02
MAG,3871.2533333333336,324.0,89.02
MAG,3889.308888888889,325.0,89.02
MAG,3914.664444444445,326.0,89.02
MAG,3932.7200000000003,325.0,89.02
MAG,3947.2088888888893,326.0,89.02
MAG,3969.008888888889,327.0,89.02
MAG,4005.564444444445,329.0,89.02
MAG,4027.5644444444447,330.0,89.02
MAG,4064.231111111111,330.0,89.02
MAG,4082.5644444444447,330.0,89.02
MAG,4104.631111111112,331.0,89.02
MAG,4141.389444444445,330.0,89.02
MAG,4166.100555555556,278.0,89.02
MAG,4177.745000000001,262.0,89.02
MAG,4188.811666666667,249.0,89.02
MAG,4205.411666666668,249.0,89.02
MAG,4218.545000000001,197.0,89.02
MAG,4229.156111111112,191.0,89.02
MAG,4237.422777777779,186.0,89.02
MAG,4249.6227777777785,183.0,89.02
MAG,4266.067222222223,185.0,89.02
MAG,4283.257777777779,194.0,89.02
MAG,4298.346666666667,194.0,89.02
MAG,4322.124444444445,214.0,89.02
MAG,4331.768888888889,217.0,89.02
MAG,4362.435555555556,230.0,89.02
MAG,4372.835555555555,234.0,89.02
MAG,4394.08,239.0,89.02
MAG,4410.346666666666,244.0,89.02
MAG,4435.1466666666665,248.0,89.02
MAG,4455.057777777778,256.0,89.02
MAG,4466.435555555556,256.0,89.02
MAG,4486.657777777778,260.0,89.02
MAG,4504.257777777779,264.0,89.02
MAG,4519.1466666666665,268.0,89.02
MAG,4531.057777777778,268.0,89.02
MAG,4546.0022222222215,269.0,89.02
MAG,4564.478888888888,276.0,89.02
MAG,4589.101111111111,277.0,89.02
MAG,4604.767777777778,282.0,89.02
MAG,4620.545555555556,284.0,89.02
MAG,4639.612222222223,286.0,89.02
MAG,4671.612222222222,288.0,89.02
MAG,4694.323333333333,292.0,89.02
MAG,4717.423333333333,297.0,89.02
MAG,4740.756666666666,300.0,89.02
MAG,4757.5344444444445,302.0,89.02
MAG,4774.3388888888885,304.0,89.02
MAG,4798.138888888889,306.0,89.02
MAG,4829.038888888888,309.0,89.02
MAG,4842.816666666666,310.0,89.02
MAG,4870.549999999999,312.0,89.02
MAG,4930.616666666665,318.0,89.02
MAG,4944.749999999999,318.0,89.02
MAG,4966.149999999999,321.0,89.02
MAG,4991.194444444443,322.0,89.02
MAG,5009.083333333332,322.0,89.02
MAG,5034.36111111111,325.0,89.02
MAG,5059.716666666666,326.0,89.02
MAG,5092.516666666666,328.0,89.02
MAG,5121.8525,329.0,89.02
MAG,5154.8525,330.0,89.02
MAG,5173.24138888889,331.0,89.02
MAG,5191.630277777777,331.0,89.02
MAG,5217.452499999999,332.0,89.02
MAG,5235.896944444444,332.0,89.02
MAG,5254.341388888888,332.0,89.02
MAG,5298.874722222222,334.0,89.02
MAG,5324.8525,334.0,89.02
MAG,5346.985833333333,332.0,89.02
MAG,5361.696944444444,331.0,89.02
MAG,5385.334444444444,305.0,89.02
MAG,5403.5344444444445,273.0,89.02
MAG,5419.601111111111,241.0,89.02
MAG,5428.889999999999,209.0,89.02
MAG,5447.889999999999,171.0,89.02
MAG,5461.578888888888,154.0,89.02
MAG,5471.578888888888,150.0,89.02
MAG,5477.756666666666,139.0,89.02
MAG,5489.0455555555545,127.0,89.02
MAG,5495.878888888888,123.0,89.02
MAG,5503.745555555554,118.0,89.02
MAG,5511.345555555554,114.0,89.02
MAG,5521.212222222221,111.0,89.02
MAG,5527.434444444443,112.0,89.02
MAG,5533.767777777776,114.0,89.02
MAG,5547.46861111111,123.0,89.02
MAG,5554.690833333332,130.0,89.02
MAG,5562.357499999999,138.0,89.02
MAG,5572.424166666666,151.0,89.02
MAG,5585.257499999999,165.0,89.02
MAG,5603.157499999998,179.0,89.02
MAG,5615.890833333332,191.0,89.02
MAG,5638.779722222221,206.0,89.02
MAG,5652.913055555555,212.0,89.02
MAG,5662.646388888888,219.0,89.02
MAG,5675.035277777777,223.0,89.02
MAG,5685.016944444444,226.0,89.02
MAG,5695.328055555555,232.0,89.02
MAG,5713.839166666666,238.0,89.02
MAG,5724.505833333333,240.0,89.02
MAG,5740.972499999999,247.0,89.02
MAG,5772.139166666665,255.0,89.02
MAG,5786.528055555554,259.0,89.02
MAG,5801.028055555554,261.0,89.02
MAG,5821.639166666665,265.0,89.02
MAG,5851.861388888887,272.0,89.02
MAG,5876.572499999998,278.0,89.02
MAG,5895.305833333331,281.0,89.02
MAG,5933.439166666664,286.0,89.02
MAG,5949.383611111109,287.0,89.02
MAG,5975.598611111109,294.0,89.02
MAG,5998.776388888887,298.0,89.02
MAG,6022.265277777776,302.0,89.02
MAG,6039.098611111108,303.0,89.02
MAG,6059.365277777775,304.0,89.02
MAG,6086.743055555552,308.0,89.02
RIC,11.786666666666669,312.0,89.025
RIC,29.175555555555558,313.0,89.025
RIC,50.24222222222222,316.0,89.025
RIC,71.37555555555555,317.0,89.025
RIC,92.57555555555555,318.0,89.025
RIC,128.01999999999998,319.0,89.025
RIC,156.73166666666665,322.0,89.025
RIC,170.9975,323.0,89.025
RIC,196.19750000000002,324.0,89.025
RIC,228.7975,326.0,89.025
RIC,257.8641666666667,327.0,89.025
RIC,290.56416666666667,327.0,89.025
RIC,305.14194444444445,328.0,89.025
RIC,334.3863888888889,329.0,89.025
RIC,363.6308333333333,329.0,89.025
RIC,381.6863888888889,325.0,89.025
RIC,414.4863888888889,246.0,89.025
RIC,430.5863888888889,207.0,89.025
RIC,447.1863888888889,166.0,89.025
RIC,461.8863888888889,147.0,89.025
RIC,477.1641666666667,125.0,89.025
RIC,482.6308333333334,123.0,89.025
RIC,489.24194444444447,119.0,89.025
RIC,496.8419444444445,114.0,89.025
RIC,503.0086111111112,111.0,89.025
RIC,507.7641666666667,107.0,89.025
RIC,513.5975000000001,105.0,89.025
RIC,521.6086111111111,103.0,89.025
RIC,528.2752777777778,100.0,89.025
RIC,533.6911111111111,97.0,89.025
RIC,541.6911111111111,90.0,89.025
RIC,547.6911111111111,90.0,89.025
RIC,552.8319444444445,93.0,89.025
RIC,560.376388888889,97.0,89.025
RIC,570.376388888889,100.0,89.025
RIC,579.0875000000001,112.0,89.025
RIC,587.5541666666668,127.0,89.025
RIC,601.9541666666668,144.0,89.025
RIC,613.9319444444445,154.0,89.025
RIC,625.1986111111112,169.0,89.025
RIC,645.8652777777779,186.0,89.025
RIC,660.9541666666668,194.0,89.025
RIC,678.4652777777779,197.0,89.025
RIC,694.7986111111112,210.0,89.025
RIC,714.4430555555557,221.0,89.025
RIC,726.9986111111114,226.0,89.025
RIC,742.3986111111113,231.0,89.025
RIC,761.2208333333335,242.0,89.025
RIC,780.1986111111113,244.0,89.025
RIC,799.6430555555559,250.0,89.025
RIC,819.5541666666669,256.0,89.025
RIC,836.8208333333336,259.0,89.025
RIC,851.4319444444446,263.0,89.025
RIC,872.1166666666669,265.0,89.025
RIC,905.1166666666669,270.0,89.025
RIC,919.6547222222224,263.0,89.025
RIC,943.210277777778,212.0,89.025
RIC,959.921388888889,188.0,89.025
RIC,979.1436111111112,173.0,89.025
RIC,997.4769444444447,165.0,89.025
RIC,1004.8102777777781,165.0,89.025
RIC,1016.010277777778,168.0,89.025
RIC,1033.710277777778,177.0,89.025
RIC,1043.9325000000003,184.0,89.025
RIC,1052.5547222222224,194.0,89.025
RIC,1065.8213888888893,199.0,89.025
RIC,1086.2213888888891,204.0,89.025
RIC,1102.7102777777782,212.0,89.025
RIC,1124.5102777777781,218.0,89.025
RIC,1136.899166666667,223.0,89.025
RIC,1152.099166666667,228.0,89.025
RIC,1177.9880555555558,233.0,89.025
RIC,1193.921388888889,239.0,89.025
RIC,1210.121388888889,243.0,89.025
RIC,1238.121388888889,252.0,89.025
RIC,1252.1769444444444,253.0,89.025
RIC,1272.1591666666668,256.0,89.025
RIC,1289.3591666666666,258.0,89.025
RIC,1312.381388888889,259.0,89.025
RIC,1323.8647222222223,260.0,89.025
RIC,1347.2425,263.0,89.025
RIC,1364.7758333333336,263.0,89.025
RIC,1388.1536111111113,263.0,89.025
RIC,1399.8869444444447,264.0,89.025
RIC,1417.4869444444446,264.0,89.025
RIC,1428.9980555555558,259.0,89.025
RIC,1443.0536111111112,253.0,89.025
RIC,1459.720277777778,250.0,89.025
RIC,1484.8202777777778,251.0,89.025
RIC,1501.6202777777778,252.0,89.025
RIC,1512.953611111111,255.0,89.025
RIC,1543.2647222222222,248.0,89.025
RIC,1554.0647222222221,243.0,89.025
RIC,1569.864722222222,237.0,89.025
RIC,1592.764722222222,229.0,89.025
RIC,1602.8980555555554,228.0,89.025
RIC,1618.1647222222223,229.0,89.025
RIC,1630.9425,230.0,89.025
RIC,1649.3758333333335,237.0,89.025
RIC,1660.0869444444447,241.0,89.025
RIC,1680.8869444444447,234.0,89.025
RIC,1698.931388888889,232.0,89.025
RIC,1717.2744444444447,235.0,89.025
RIC,1741.3744444444446,241.0,89.025
RIC,1760.507777777778,246.0,89.025
RIC,1785.4383333333335,250.0,89.025
RIC,1799.605,255.0,89.025
RIC,1819.8272222222224,260.0,89.025
RIC,1849.2716666666668,265.0,89.025
RIC,1870.3494444444445,271.0,89.025
RIC,1891.6605555555557,274.0,89.025
RIC,1903.8827777777778,275.0,89.025
RIC,1931.7827777777777,279.0,89.025
RIC,1959.9827777777778,282.0,89.025
RIC,1991.7605555555554,286.0,89.025
RIC,2023.9827777777775,290.0,89.025
RIC,2040.1494444444445,291.0,89.025
RIC,2069.4494444444445,293.0,89.025
RIC,2085.782777777778,294.0,89.025
RIC,2098.938333333333,296.0,89.025
RIC,2115.4383333333335,297.0,89.025
RIC,2131.9938888888887,298.0,89.025
RIC,2148.605,299.0,89.025
RIC,2168.671666666667,301.0,89.025
RIC,2192.1605555555557,302.0,89.025
RIC,2222.544722222223,303.0,89.025
RIC,2236.011388888889,303.0,89.025
RIC,2265.311388888889,293.0,89.025
RIC,2290.111388888889,279.0,89.025
RIC,2300.911388888889,243.0,89.025
RIC,2317.883888888889,219.0,89.025
RIC,2363.750555555556,172.0,89.025
RIC,2371.261666666667,169.0,89.025
RIC,2383.939444444445,163.0,89.025
RIC,2401.2727777777786,156.0,89.025
RIC,2421.317222222223,164.0,89.025
RIC,2440.4283333333337,172.0,89.025
RIC,2450.261666666667,177.0,89.025
RIC,2458.261666666667,180.0,89.025
RIC,2477.1616666666673,189.0,89.025
RIC,2490.1616666666673,195.0,89.025
RIC,2503.761666666667,204.0,89.025
RIC,2519.628333333334,204.0,89.025
RIC,2541.328333333334,217.0,89.025
RIC,2556.128333333334,222.0,89.025
RIC,2571.5283333333336,231.0,89.025
RIC,2590.105555555556,238.0,89.025
RIC,2611.8833333333337,245.0,89.025
RIC,2639.994444444445,253.0,89.025
RIC,2668.772222222223,259.0,89.025
RIC,2686.1661111111116,262.0,89.025
RIC,2715.9438888888894,268.0,89.025
RIC,2727.988333333334,271.0,89.025
RIC,2746.1883333333344,273.0,89.025
RIC,2764.5216666666674,275.0,89.025
RIC,2779.9661111111122,278.0,89.025
RIC,2804.94388888889,281.0,89.025
RIC,2820.6661111111116,283.0,89.025
RIC,2833.2883333333343,284.0,89.025
RIC,2858.7994444444453,287.0,89.025
RIC,2871.510555555556,286.0,89.025
RIC,2887.5661111111117,289.0,89.025
RIC,2900.4550000000004,290.0,89.025
RIC,2916.677222222223,292.0,89.025
RIC,2929.655000000001,292.0,89.025
RIC,2955.432777777779,290.0,89.025
RIC,2989.6994444444454,257.0,89.025
RIC,3010.7994444444453,211.0,89.025
RIC,3032.688333333334,197.0,89.025
RIC,3043.5216666666674,195.0,89.025
RIC,3054.188333333334,192.0,89.025
RIC,3062.5513888888895,187.0,89.025
RIC,3075.084722222223,188.0,89.025
RIC,3087.6847222222227,189.0,89.025
RIC,3096.306944444445,194.0,89.025
RIC,3107.584722222223,203.0,89.025
RIC,3128.884722222223,213.0,89.025
RIC,3153.268055555556,220.0,89.025
RIC,3165.7125000000005,224.0,89.025
RIC,3185.8013888888895,226.0,89.025
RIC,3203.768055555556,231.0,89.025
RIC,3219.5680555555564,237.0,89.025
RIC,3230.412500000001,244.0,89.025
RIC,3263.879166666668,251.0,89.025
RIC,3286.8125000000014,258.0,89.025
RIC,3307.190277777779,262.0,89.025
RIC,3318.9680555555565,265.0,89.025
RIC,3330.8347222222233,267.0,89.025
RIC,3345.834722222223,270.0,89.025
RIC,3361.00138888889,273.0,89.025
RIC,3385.623611111112,277.0,89.025
RIC,3404.2236111111115,279.0,89.025
RIC,3419.8902777777785,282.0,89.025
RIC,3442.134722222223,286.0,89.025
RIC,3461.3347222222233,288.0,89.025
RIC,3474.223611111112,290.0,89.025
RIC,3490.3347222222233,290.0,89.025
RIC,3522.9716666666673,293.0,89.025
RIC,3549.1938888888894,295.0,89.025
RIC,3562.3494444444455,296.0,89.025
RIC,3575.5494444444453,297.0,89.025
RIC,3595.4827777777787,299.0,89.025
RIC,3625.6827777777785,302.0,89.025
RIC,3656.0980555555566,305.0,89.025
RIC,3676.6313888888894,308.0,89.025
RIC,3693.7980555555564,309.0,89.025
RIC,3725.098055555556,313.0,89.025
RIC,3739.0091666666676,313.0,89.025
RIC,3763.431388888889,314.0,89.025
RIC,3780.9313888888896,315.0,89.025
RIC,3795.020277777778,317.0,89.025
RIC,3819.7536111111117,318.0,89.025
RIC,3840.953611111112,318.0,89.025
RIC,3858.7869444444455,321.0,89.025
RIC,3887.4980555555567,323.0,89.025
RIC,3912.6202777777785,323.0,89.025
RIC,3937.8980555555563,325.0,89.025
RIC,3959.63138888889,326.0,89.025
RIC,3988.6980555555565,327.0,89.025
RIC,4010.4980555555567,327.0,89.025
RIC,4039.5647222222233,327.0,89.025
RIC,4068.720277777779,328.0,89.025
RIC,4090.6780555555565,328.0,89.025
RIC,4108.900277777779,328.0,89.025
RIC,4127.122500000001,328.0,89.025
RIC,4144.622500000001,315.0,89.025
RIC,4160.344722222224,283.0,89.025
RIC,4175.289166666668,269.0,89.025
RIC,4190.889166666668,234.0,89.025
RIC,4203.889166666668,234.0,89.025
RIC,4222.143055555557,206.0,89.025
RIC,4232.9208333333345,194.0,89.025
RIC,4243.698611111113,194.0,89.025
RIC,4267.165277777779,192.0,89.025
RIC,4277.831944444446,192.0,89.025
RIC,4289.220833333335,205.0,89.025
RIC,4300.943055555557,211.0,89.025
RIC,4310.320833333335,211.0,89.025
RIC,4327.509722222224,221.0,89.025
RIC,4350.509722222224,230.0,89.025
RIC,4363.509722222224,234.0,89.025
RIC,4396.176388888891,245.0,89.025
RIC,4407.198611111113,248.0,89.025
RIC,4426.798611111113,252.0,89.025
RIC,4452.698611111113,259.0,89.025
RIC,4469.965277777779,259.0,89.025
RIC,4496.365277777779,264.0,89.025
RIC,4514.031944444446,265.0,89.025
RIC,4526.07638888889,271.0,89.025
RIC,4562.953055555556,276.0,89.025
RIC,4578.341944444444,277.0,89.025
RIC,4613.053055555555,284.0,89.025
RIC,4641.753055555555,287.0,89.025
RIC,4661.086388888889,290.0,89.025
RIC,4680.471944444444,292.0,89.025
RIC,4696.8052777777775,294.0,89.025
RIC,4709.960833333333,296.0,89.025
RIC,4750.2275,302.0,89.025
RIC,4770.4275,303.0,89.025
RIC,4787.371944444444,305.0,89.025
RIC,4814.749722222223,308.0,89.025
RIC,4831.91638888889,309.0,89.025
RIC,4849.083055555556,309.0,89.025
RIC,4866.41638888889,312.0,89.025
RIC,4887.41638888889,315.0,89.025
RIC,4904.971944444445,316.0,89.025
RIC,4922.583055555557,317.0,89.025
RIC,4940.305277777779,319.0,89.025
RIC,4965.194166666668,320.0,89.025
RIC,4979.505277777779,322.0,89.025
RIC,4997.394166666669,322.0,89.025
RIC,5026.194166666668,324.0,89.025
RIC,5047.860833333336,325.0,89.025
RIC,5076.838611111113,326.0,89.025
RIC,5098.729444444446,327.0,89.025
RIC,5124.240555555557,328.0,89.025
RIC,5146.173888888889,329.0,89.025
RIC,5179.173888888889,330.0,89.025
RIC,5193.840555555557,330.0,89.025
RIC,5226.840555555557,330.0,89.025
RIC,5256.262777777779,331.0,89.025
RIC,5278.3038888888905,332.0,89.025
RIC,5304.126111111113,332.0,89.025
RIC,5318.881666666668,332.0,89.025
RIC,5358.60388888889,325.0,89.025
RIC,5374.881666666668,293.0,89.025
RIC,5389.437222222224,262.0,89.025
RIC,5407.715000000002,235.0,89.025
RIC,5419.49277777778,212.0,89.025
RIC,5432.09277777778,189.0,89.025
RIC,5444.692777777779,189.0,89.025
RIC,5454.826111111113,152.0,89.025
RIC,5462.715000000002,142.0,89.025
RIC,5470.215000000002,135.0,89.025
RIC,5477.548333333335,132.0,89.025
RIC,5484.437222222224,124.0,89.025
RIC,5489.859444444446,122.0,89.025
RIC,5495.148333333334,119.0,89.025
RIC,5502.948333333335,117.0,89.025
RIC,5509.170555555557,112.0,89.025
RIC,5515.337222222223,111.0,89.025
RIC,5522.870555555557,113.0,89.025
RIC,5529.570555555557,120.0,89.025
RIC,5534.992777777779,122.0,89.025
RIC,5547.892777777779,129.0,89.025
RIC,5555.781666666668,142.0,89.025
RIC,5571.4816666666675,157.0,89.025
RIC,5582.815000000001,170.0,89.025
RIC,5608.415000000001,192.0,89.025
RIC,5619.360000000001,198.0,89.025
RIC,5642.582222222223,209.0,89.025
RIC,5654.3600000000015,212.0,89.025
RIC,5663.782222222224,212.0,89.025
RIC,5673.826666666668,226.0,89.025
RIC,5684.004444444447,229.0,89.025
RIC,5696.94888888889,233.0,89.025
RIC,5712.948888888891,240.0,89.025
RIC,5726.504444444447,244.0,89.025
RIC,5745.94888888889,250.0,89.025
RIC,5765.7044444444455,254.0,89.025
RIC,5779.982222222224,257.0,89.025
RIC,5809.315555555558,264.0,89.025
RIC,5824.148888888892,267.0,89.025
RIC,5842.282222222225,272.0,89.025
RIC,5857.615555555559,276.0,89.025
RIC,5876.215555555558,279.0,89.025
RIC,5895.148888888891,284.0,89.025
RIC,5914.082222222225,284.0,89.025
RIC,5933.4291666666695,289.0,89.025
RIC,5952.895833333336,292.0,89.025
RIC,5972.562500000003,295.0,89.025
RIC,5999.051388888891,298.0,89.025
RIC,6019.184722222224,302.0,89.025
RIC,6042.906944444447,305.0,89.025
RIC,6063.306944444447,306.0,89.025
RIC,6083.84027777778,308.0,89.025
RIC,6097.573611111113,309.0,89.025
HUL,36.8375,315.0,89.055
HUL,65.01527777777778,317.0,89.055
HUL,82.6263888888889,317.0,89.055
HUL,114.82638888888889,322.0,89.055
HUL,143.6263888888889,324.0,89.055
HUL,176.1263888888889,325.0,89.055
HUL,194.18194444444444,325.0,89.055
HUL,219.53749999999997,326.0,89.055
HUL,237.70416666666665,327.0,89.055
HUL,274.2597222222222,329.0,89.055
HUL,303.6819444444444,331.0,89.055
HUL,321.9597222222222,329.0,89.055
HUL,347.62638888888887,330.0,89.055
HUL,369.49305555555554,328.0,89.055
HUL,391.29305555555555,327.0,89.055
HUL,409.0263888888889,266.0,89.055
HUL,431.2263888888889,222.0,89.055
HUL,442.6136111111111,206.0,89.055
HUL,452.2247222222222,173.0,89.055
HUL,466.32472222222225,141.0,89.055
HUL,479.1247222222222,128.0,89.055
HUL,492.1247222222222,117.0,89.055
HUL,499.39138888888886,109.0,89.055
HUL,506.48749999999995,106.0,89.055
HUL,514.4208333333333,102.0,89.055
HUL,522.9541666666667,96.0,89.055
HUL,528.9541666666667,90.0,89.055
HUL,534.7541666666667,87.0,89.055
HUL,544.1986111111112,85.0,89.055
HUL,548.1541666666667,89.0,89.055
HUL,554.2875,92.0,89.055
HUL,560.7541666666667,97.0,89.055
HUL,566.4208333333333,102.0,89.055
HUL,575.1319444444445,112.0,89.055
HUL,581.5208333333334,115.0,89.055
HUL,595.5208333333334,140.0,89.055
HUL,605.1875,145.0,89.055
HUL,626.5763888888889,175.0,89.055
HUL,640.4986111111111,179.0,89.055
HUL,650.9430555555556,188.0,89.055
HUL,669.1652777777779,205.0,89.055
HUL,692.8836111111112,214.0,89.055
HUL,709.8391666666668,218.0,89.055
HUL,732.8391666666668,230.0,89.055
HUL,748.4391666666668,234.0,89.055
HUL,770.1280555555556,244.0,89.055
HUL,795.1975000000001,250.0,89.055
HUL,814.9530555555556,254.0,89.055
HUL,844.286388888889,264.0,89.055
HUL,861.9530555555556,265.0,89.055
HUL,886.0419444444445,271.0,89.055
HUL,904.3086111111112,274.0,89.055
HUL,925.2308333333334,269.0,89.055
HUL,941.1641666666668,239.0,89.055
HUL,956.6419444444446,199.0,89.055
HUL,966.7530555555558,182.0,89.055
HUL,976.2530555555558,171.0,89.055
HUL,985.4752777777779,166.0,89.055
HUL,999.8752777777779,162.0,89.055
HUL,1018.3197222222223,166.0,89.055
HUL,1027.9308333333336,173.0,89.055
HUL,1040.0641666666668,182.0,89.055
HUL,1050.5086111111111,188.0,89.055
HUL,1058.9530555555555,190.0,89.055
HUL,1072.286388888889,200.0,89.055
HUL,1083.6197222222222,204.0,89.055
HUL,1092.8505555555555,209.0,89.055
HUL,1104.7394444444444,214.0,89.055
HUL,1129.5172222222222,223.0,89.055
HUL,1149.4283333333333,224.0,89.055
HUL,1170.1394444444445,233.0,89.055
HUL,1188.7166666666667,238.0,89.055
HUL,1204.9166666666665,243.0,89.055
HUL,1229.9166666666667,250.0,89.055
HUL,1243.9166666666667,252.0,89.055
HUL,1255.25,255.0,89.055
HUL,1278.2722222222224,259.0,89.055
HUL,1295.6055555555556,260.0,89.055
HUL,1318.627777777778,259.0,89.055
HUL,1333.0722222222223,260.0,89.055
HUL,1347.5722222222223,261.0,89.055
HUL,1365.1055555555558,263.0,89.055
HUL,1376.6611111111115,260.0,89.055
HUL,1394.0611111111114,261.0,89.055
HUL,1414.6722222222224,265.0,89.055
HUL,1440.7722222222224,261.0,89.055
HUL,1458.0388888888892,259.0,89.055
HUL,1482.938888888889,249.0,89.055
HUL,1494.0055555555557,249.0,89.055
HUL,1513.0611111111111,245.0,89.055
HUL,1524.0833333333333,248.0,89.055
HUL,1537.8055555555557,247.0,89.055
HUL,1556.7155555555557,244.0,89.055
HUL,1572.3822222222223,235.0,89.055
HUL,1592.648888888889,228.0,89.055
HUL,1612.4711111111112,223.0,89.055
HUL,1624.8044444444445,222.0,89.055
HUL,1650.5352777777778,231.0,89.055
HUL,1666.4686111111112,239.0,89.055
HUL,1695.5575,238.0,89.055
HUL,1708.7241666666664,237.0,89.055
HUL,1735.279722222222,239.0,89.055
HUL,1748.779722222222,243.0,89.055
HUL,1779.2130555555555,249.0,89.055
HUL,1807.6574999999998,256.0,89.055
HUL,1834.1574999999998,265.0,89.055
HUL,1851.8908333333334,266.0,89.055
HUL,1869.8241666666665,269.0,89.055
HUL,1891.2130555555555,275.0,89.055
HUL,1903.4352777777776,275.0,89.055
HUL,1928.2352777777776,279.0,89.055
HUL,1950.2463888888885,283.0,89.055
HUL,1982.1352777777777,287.0,89.055
HUL,2001.4019444444443,289.0,89.055
HUL,2023.8797222222222,289.0,89.055
HUL,2046.509722222222,292.0,89.055
HUL,2075.909722222222,294.0,89.055
HUL,2095.6430555555557,296.0,89.055
HUL,2115.4430555555555,297.0,89.055
HUL,2142.2822222222226,301.0,89.055
HUL,2159.06,302.0,89.055
HUL,2172.4822222222224,302.0,89.055
HUL,2189.2599999999998,302.0,89.055
HUL,2212.9044444444444,304.0,89.055
HUL,2229.7933333333335,304.0,89.055
HUL,2246.7377777777774,305.0,89.055
HUL,2273.7599999999998,304.0,89.055
HUL,2287.182222222222,302.0,89.055
HUL,2311.9822222222224,248.0,89.055
HUL,2350.7044444444446,205.0,89.055
HUL,2362.771111111111,181.0,89.055
HUL,2380.9933333333333,164.0,89.055
HUL,2388.2377777777774,163.0,89.055
HUL,2397.1266666666666,160.0,89.055
HUL,2408.9488888888886,152.0,89.055
HUL,2415.6599999999994,151.0,89.055
HUL,2425.993333333333,155.0,89.055
HUL,2440.482222222222,163.0,89.055
HUL,2453.782222222222,171.0,89.055
HUL,2477.998333333333,182.0,89.055
HUL,2494.9761111111106,191.0,89.055
HUL,2508.4427777777773,202.0,89.055
HUL,2529.701666666666,212.0,89.055
HUL,2539.1683333333326,213.0,89.055
HUL,2553.634999999999,217.0,89.055
HUL,2573.812777777777,227.0,89.055
HUL,2594.8794444444434,237.0,89.055
HUL,2608.323888888888,242.0,89.055
HUL,2630.3683333333324,248.0,89.055
HUL,2644.368333333332,252.0,89.055
HUL,2658.368333333332,252.0,89.055
HUL,2669.790555555554,257.0,89.055
HUL,2681.3461111111096,260.0,89.055
HUL,2698.879444444443,263.0,89.055
HUL,2719.723888888887,268.0,89.055
HUL,2731.7238888888874,270.0,89.055
HUL,2743.7683333333316,271.0,89.055
HUL,2758.9349999999986,273.0,89.055
HUL,2783.64611111111,278.0,89.055
HUL,2811.8461111111096,282.0,89.055
HUL,2830.779444444443,284.0,89.055
HUL,2849.846111111109,286.0,89.055
HUL,2865.846111111109,288.0,89.055
HUL,2894.7461111111093,289.0,89.055
HUL,2914.1461111111093,291.0,89.055
HUL,2946.7311111111094,294.0,89.055
HUL,2979.286666666665,293.0,89.055
HUL,3004.6833333333316,228.0,89.055
HUL,3024.883333333332,202.0,89.055
HUL,3033.6388888888873,197.0,89.055
HUL,3046.0388888888874,186.0,89.055
HUL,3054.2611111111096,185.0,89.055
HUL,3070.3499999999985,181.0,89.055
HUL,3082.683333333332,185.0,89.055
HUL,3093.2388888888877,190.0,89.055
HUL,3104.46111111111,202.0,89.055
HUL,3125.36111111111,209.0,89.055
HUL,3137.1944444444434,213.0,89.055
HUL,3146.8833333333323,218.0,89.055
HUL,3156.616666666666,219.0,89.055
HUL,3171.683333333332,226.0,89.055
HUL,3192.0388888888874,229.0,89.055
HUL,3207.7055555555544,235.0,89.055
HUL,3221.038888888888,240.0,89.055
HUL,3251.7166666666653,251.0,89.055
HUL,3271.472222222221,254.0,89.055
HUL,3294.494444444443,259.0,89.055
HUL,3306.1833333333316,263.0,89.055
HUL,3317.916666666665,264.0,89.055
HUL,3335.8499999999985,269.0,89.055
HUL,3357.083333333331,273.0,89.055
HUL,3369.216666666665,273.0,89.055
HUL,3390.7616666666645,278.0,89.055
HUL,3415.828333333331,282.0,89.055
HUL,3434.9074999999975,285.0,89.055
HUL,3457.22972222222,287.0,89.055
HUL,3479.7852777777757,290.0,89.055
HUL,3509.0852777777754,293.0,89.055
HUL,3525.4741666666646,295.0,89.055
HUL,3551.6963888888868,295.0,89.055
HUL,3571.563055555553,298.0,89.055
HUL,3591.563055555553,300.0,89.055
HUL,3608.2852777777757,301.0,89.055
HUL,3635.307499999998,304.0,89.055
HUL,3659.185277777776,307.0,89.055
HUL,3672.918611111109,309.0,89.055
HUL,3690.2519444444424,312.0,89.055
HUL,3707.5852777777754,312.0,89.055
HUL,3728.3852777777756,312.0,89.055
HUL,3756.5630555555535,317.0,89.055
HUL,3781.296388888887,318.0,89.055
HUL,3823.9630555555536,320.0,89.055
HUL,3859.8519444444423,323.0,89.055
HUL,3888.6519444444425,324.0,89.055
HUL,3903.0963888888873,325.0,89.055
HUL,3928.5297222222207,327.0,89.055
HUL,3942.972222222221,327.0,89.055
HUL,3968.405555555554,327.0,89.055
HUL,3986.627777777776,328.0,89.055
HUL,4012.3080555555534,329.0,89.055
HUL,4027.019166666665,331.0,89.055
HUL,4111.86361111111,332.0,89.055
HUL,4126.6191666666655,332.0,89.055
HUL,4148.6191666666655,330.0,89.055
HUL,4178.6191666666655,300.0,89.055
HUL,4202.6191666666655,240.0,89.055
HUL,4212.841388888888,230.0,89.055
HUL,4228.708055555554,204.0,89.055
HUL,4237.552499999999,199.0,89.055
HUL,4251.941388888888,185.0,89.055
HUL,4259.941388888888,180.0,89.055
HUL,4272.008055555554,181.0,89.055
HUL,4298.141388888887,196.0,89.055
HUL,4306.941388888888,198.0,89.055
HUL,4320.074722222221,197.0,89.055
HUL,4333.541388888888,202.0,89.055
HUL,4354.541388888888,210.0,89.055
HUL,4376.241388888888,217.0,89.055
HUL,4391.308055555554,226.0,89.055
HUL,4409.430277777777,233.0,89.055
HUL,4430.608333333333,239.0,89.055
HUL,4452.543333333332,246.0,89.055
HUL,4463.521111111109,247.0,89.055
HUL,4482.73222222222,247.0,89.055
HUL,4505.665555555554,258.0,89.055
HUL,4531.865555555554,262.0,89.055
HUL,4555.598888888887,267.0,89.055
HUL,4573.798888888887,273.0,89.055
HUL,4589.021111111109,274.0,89.055
HUL,4601.198888888888,274.0,89.055
HUL,4626.087777777777,280.0,89.055
HUL,4654.387777777777,283.0,89.055
HUL,4670.276666666666,286.0,89.055
HUL,4686.276666666666,288.0,89.055
HUL,4728.887777777776,295.0,89.055
HUL,4751.9877777777765,297.0,89.055
HUL,4772.12111111111,302.0,89.055
HUL,4795.687777777776,303.0,89.055
HUL,4829.576666666666,305.0,89.055
HUL,4843.265555555555,308.0,89.055
HUL,4860.487777777777,310.0,89.055
HUL,4874.3099999999995,311.0,89.055
HUL,4888.22111111111,313.0,89.055
HUL,4902.176666666665,314.0,89.055
HUL,4926.832222222221,317.0,89.055
HUL,4951.554722222222,319.0,89.055
HUL,4972.954722222222,321.0,89.055
HUL,5008.9333333333325,323.0,89.055
HUL,5048.533333333332,324.0,89.055
HUL,5081.133333333332,326.0,89.055
HUL,5102.933333333333,327.0,89.055
HUL,5121.211111111112,329.0,89.055
HUL,5139.544444444444,330.0,89.055
HUL,5161.544444444445,330.0,89.055
HUL,5176.211111111111,330.0,89.055
HUL,5209.411111111111,332.0,89.055
HUL,5246.3,332.0,89.055
HUL,5264.744444444444,332.0,89.055
HUL,5286.877777777778,332.0,89.055
HUL,5312.855555555556,334.0,89.055
HUL,5327.7444444444445,335.0,89.055
HUL,5364.522222222223,331.0,89.055
HUL,5406.388888888889,314.0,89.055
HUL,5422.055555555556,282.0,89.055
HUL,5435.944444444444,250.0,89.055
HUL,5453.099999999999,193.0,89.055
HUL,5464.5,171.0,89.055
HUL,5473.166666666667,156.0,89.055
HUL,5479.477777777778,142.0,89.055
HUL,5485.477777777778,135.0,89.055
HUL,5497.444444444444,120.0,89.055
HUL,5508.775833333333,113.0,89.055
HUL,5513.664722222222,110.0,89.055
HUL,5520.731388888888,106.0,89.055
HUL,5528.820277777777,104.0,89.055
HUL,5534.820277777777,108.0,89.055
HUL,5540.986944444444,111.0,89.055
HUL,5553.3869444444435,124.0,89.055
HUL,5562.25361111111,133.0,89.055
HUL,5572.120277777777,148.0,89.055
HUL,5578.920277777777,153.0,89.055
HUL,5600.0647222222215,173.0,89.055
HUL,5618.364722222222,183.0,89.055
HUL,5645.164722222222,201.0,89.055
HUL,5659.298055555556,212.0,89.055
HUL,5679.120277777778,223.0,89.055
HUL,5696.931388888889,229.0,89.055
HUL,5709.8758333333335,233.0,89.055
HUL,5736.653611111111,241.0,89.055
HUL,5767.331388888889,251.0,89.055
HUL,5787.320277777778,257.0,89.055
HUL,5804.786944444445,262.0,89.055
HUL,5843.6425,269.0,89.055
HUL,5867.998055555556,274.0,89.055
HUL,5886.398055555555,276.0,89.055
HUL,5902.009166666667,281.0,89.055
HUL,5936.964722222222,286.0,89.055
HUL,5949.764722222222,288.0,89.055
HUL,5962.742499999999,292.0,89.055
HUL,5985.764722222221,296.0,89.055
HUL,6026.031388888889,302.0,89.055
HUL,6042.864722222223,303.0,89.055
HUL,6070.153611111111,307.0,89.055
HUL,6090.753611111111,309.0,89.055
HUL,6111.420277777777,310.0,89.055
BOT,10.0425,309.0,89.179
BOT,41.2425,312.0,89.179
BOT,58.54444444444445,313.0,89.179
BOT,76.04444444444445,315.0,89.179
BOT,107.74444444444445,317.0,89.179
BOT,139.54444444444445,318.0,89.179
BOT,175.2111111111111,321.0,89.179
BOT,196.61111111111114,321.0,89.179
BOT,218.1002777777778,321.0,89.179
BOT,243.22250000000003,323.0,89.179
BOT,272.02250000000004,324.0,89.179
BOT,293.6891666666667,325.0,89.179
BOT,315.4225,326.0,89.179
BOT,351.31138888888887,323.0,89.179
BOT,365.6225,322.0,89.179
BOT,385.9558333333334,305.0,89.179
BOT,403.8891666666667,269.0,89.179
BOT,416.88916666666665,234.0,89.179
BOT,431.8225,192.0,89.179
BOT,441.2113888888889,169.0,89.179
BOT,457.31138888888887,161.0,89.179
BOT,465.9113888888889,129.0,89.179
BOT,479.96694444444444,115.0,89.179
BOT,488.5225,110.0,89.179
BOT,494.2447222222222,103.0,89.179
BOT,503.4002777777778,103.0,89.179
BOT,515.1486111111111,106.0,89.179
BOT,523.0041666666667,101.0,89.179
BOT,532.6041666666667,96.0,89.179
BOT,538.8041666666668,93.0,89.179
BOT,547.2486111111112,95.0,89.179
BOT,557.3766666666668,101.0,89.179
BOT,565.698888888889,107.0,89.179
BOT,579.3655555555556,123.0,89.179
BOT,588.1655555555556,132.0,89.179
BOT,601.3211111111111,148.0,89.179
BOT,612.2544444444445,164.0,89.179
BOT,625.71,173.0,89.179
BOT,638.11,186.0,89.179
BOT,653.1988888888889,194.0,89.179
BOT,664.5322222222222,204.0,89.179
BOT,676.1433333333333,209.0,89.179
BOT,688.0877777777778,215.0,89.179
BOT,707.9099999999999,223.0,89.179
BOT,733.7988888888888,233.0,89.179
BOT,746.9655555555555,237.0,89.179
BOT,763.0988888888888,242.0,89.179
BOT,776.7655555555555,246.0,89.179
BOT,787.8766666666666,250.0,89.179
BOT,804.81,254.0,89.179
BOT,819.0322222222221,256.0,89.179
BOT,830.5155555555555,260.0,89.179
BOT,845.1822222222221,264.0,89.179
BOT,875.1822222222221,270.0,89.179
BOT,899.271111111111,271.0,89.179
BOT,922.8266666666666,265.0,89.179
BOT,940.7013888888887,229.0,89.179
BOT,954.3013888888887,204.0,89.179
BOT,972.0013888888886,177.0,89.179
BOT,981.6124999999997,173.0,89.179
BOT,989.0791666666664,168.0,89.179
BOT,1003.745833333333,165.0,89.179
BOT,1014.9458333333331,168.0,89.179
BOT,1030.5013888888886,175.0,89.179
BOT,1040.6680555555554,183.0,89.179
BOT,1051.2236111111108,190.0,89.179
BOT,1064.4902777777777,199.0,89.179
BOT,1073.4680555555553,202.0,89.179
BOT,1087.4680555555556,210.0,89.179
BOT,1104.2680555555557,216.0,89.179
BOT,1126.5680555555557,223.0,89.179
BOT,1141.8347222222224,229.0,89.179
BOT,1164.9347222222223,231.0,89.179
BOT,1175.4680555555556,237.0,89.179
BOT,1194.2902777777779,242.0,89.179
BOT,1205.0458333333333,242.0,89.179
BOT,1218.8236111111112,248.0,89.179
BOT,1238.3536111111111,252.0,89.179
BOT,1255.2869444444445,254.0,89.179
BOT,1278.309166666667,259.0,89.179
BOT,1301.5091666666667,261.0,89.179
BOT,1316.120277777778,263.0,89.179
BOT,1344.9700000000003,259.0,89.179
BOT,1362.236666666667,259.0,89.179
BOT,1393.1588888888891,253.0,89.179
BOT,1407.547777777778,259.0,89.179
BOT,1435.9922222222224,256.0,89.179
BOT,1449.9922222222226,252.0,89.179
BOT,1480.547777777778,250.0,89.179
BOT,1508.8811111111115,255.0,89.179
BOT,1534.5811111111116,257.0,89.179
BOT,1551.3811111111115,252.0,89.179
BOT,1567.7811111111116,246.0,89.179
BOT,1586.4477777777781,240.0,89.179
BOT,1596.8922222222225,235.0,89.179
BOT,1617.4255555555558,231.0,89.179
BOT,1635.236666666667,229.0,89.179
BOT,1661.9033333333334,240.0,89.179
BOT,1677.7033333333336,237.0,89.179
BOT,1696.1366666666668,237.0,89.179
BOT,1714.6591666666668,239.0,89.179
BOT,1738.959166666667,243.0,89.179
BOT,1755.4258333333335,247.0,89.179
BOT,1772.1591666666666,251.0,89.179
BOT,1794.9858333333334,256.0,89.179
BOT,1809.3747222222223,259.0,89.179
BOT,1821.1080555555557,264.0,89.179
BOT,1835.8858333333335,266.0,89.179
BOT,1856.8080555555557,269.0,89.179
BOT,1871.8080555555557,270.0,89.179
BOT,1887.1413888888892,276.0,89.179
BOT,1911.8525,278.0,89.179
BOT,1924.2969444444443,280.0,89.179
BOT,1952.6969444444446,284.0,89.179
BOT,2007.2858333333336,289.0,89.179
BOT,2026.6191666666668,290.0,89.179
BOT,2059.285833333334,294.0,89.179
BOT,2072.3969444444447,295.0,89.179
BOT,2088.8413888888895,296.0,89.179
BOT,2112.0191666666674,298.0,89.179
BOT,2125.308055555556,299.0,89.179
BOT,2145.308055555556,300.0,89.179
BOT,2171.9747222222227,300.0,89.179
BOT,2195.4636111111117,302.0,89.179
BOT,2235.779444444445,303.0,89.179
BOT,2262.4461111111113,300.0,89.179
BOT,2282.246111111111,297.0,89.179
BOT,2307.616388888889,253.0,89.179
BOT,2318.3719444444446,242.0,89.179
BOT,2332.905277777778,218.0,89.179
BOT,2350.8608333333336,202.0,89.179
BOT,2366.7719444444447,179.0,89.179
BOT,2376.2163888888895,170.0,89.179
BOT,2390.4386111111116,160.0,89.179
BOT,2399.0497222222225,155.0,89.179
BOT,2407.160833333334,146.0,89.179
BOT,2413.605277777778,145.0,89.179
BOT,2420.2275000000004,149.0,89.179
BOT,2430.4275000000002,153.0,89.179
BOT,2442.483055555556,155.0,89.179
BOT,2449.771944444445,164.0,89.179
BOT,2457.371944444445,171.0,89.179
BOT,2467.038611111112,174.0,89.179
BOT,2483.6608333333343,187.0,89.179
BOT,2503.5608333333344,199.0,89.179
BOT,2517.1608333333343,204.0,89.179
BOT,2531.360833333334,213.0,89.179
BOT,2543.4719444444454,218.0,89.179
BOT,2565.8719444444455,224.0,89.179
BOT,2581.2719444444456,231.0,89.179
BOT,2607.8719444444455,240.0,89.179
BOT,2635.6497222222233,250.0,89.179
BOT,2664.1652777777786,256.0,89.179
BOT,2690.1652777777786,260.0,89.179
BOT,2701.854166666668,263.0,89.179
BOT,2719.5875000000015,266.0,89.179
BOT,2731.454166666668,267.0,89.179
BOT,2755.6319444444457,272.0,89.179
BOT,2773.965277777779,275.0,89.179
BOT,2789.409722222223,278.0,89.179
BOT,2805.0208333333344,281.0,89.179
BOT,2833.3208333333346,283.0,89.179
BOT,2849.0986111111124,284.0,89.179
BOT,2861.809722222223,286.0,89.179
BOT,2874.5208333333344,286.0,89.179
BOT,2893.654166666667,287.0,89.179
BOT,2919.520833333334,291.0,89.179
BOT,2938.920833333334,291.0,89.179
BOT,2955.087500000001,291.0,89.179
BOT,2986.37638888889,256.0,89.179
BOT,3004.0319444444453,227.0,89.179
BOT,3021.365277777779,195.0,89.179
BOT,3029.8541666666674,191.0,89.179
BOT,3038.07638888889,185.0,89.179
BOT,3050.2097222222233,182.0,89.179
BOT,3063.97638888889,177.0,89.179
BOT,3071.843055555557,177.0,89.179
BOT,3085.8705555555566,181.0,89.179
BOT,3103.3816666666676,197.0,89.179
BOT,3117.1052777777786,205.0,89.179
BOT,3133.671944444445,213.0,89.179
BOT,3150.7830555555565,220.0,89.179
BOT,3173.3830555555564,226.0,89.179
BOT,3186.105277777779,229.0,89.179
BOT,3207.0830555555567,236.0,89.179
BOT,3222.949722222223,238.0,89.179
BOT,3239.349722222223,246.0,89.179
BOT,3253.127500000001,248.0,89.179
BOT,3275.61638888889,253.0,89.179
BOT,3295.683055555556,258.0,89.179
BOT,3307.238611111112,260.0,89.179
BOT,3321.9052777777783,264.0,89.179
BOT,3336.7941666666675,268.0,89.179
BOT,3354.7941666666675,270.0,89.179
BOT,3379.238611111112,275.0,89.179
BOT,3400.860833333334,278.0,89.179
BOT,3438.7275000000004,284.0,89.179
BOT,3470.616388888889,287.0,89.179
BOT,3496.394166666667,290.0,89.179
BOT,3509.371944444445,292.0,89.179
BOT,3532.2386111111114,294.0,89.179
BOT,3545.223611111112,294.0,89.179
BOT,3568.245833333334,296.0,89.179
BOT,3584.7458333333343,297.0,89.179
BOT,3608.2405555555565,301.0,89.179
BOT,3621.57388888889,300.0,89.179
BOT,3700.2850000000008,308.0,89.179
BOT,3714.062777777779,310.0,89.179
BOT,3734.729444444446,310.0,89.179
BOT,3766.0294444444457,313.0,89.179
BOT,3797.6294444444457,316.0,89.179
BOT,3811.718333333334,317.0,89.179
BOT,3836.4516666666677,318.0,89.179
BOT,3850.6294444444457,319.0,89.179
BOT,3875.596111111112,321.0,89.179
BOT,3889.9072222222235,322.0,89.179
BOT,3911.440555555557,323.0,89.179
BOT,3954.5072222222234,323.0,89.179
BOT,3968.951666666668,325.0,89.179
BOT,3990.6183333333342,325.0,89.179
BOT,4012.285000000001,325.0,89.179
BOT,4044.985000000001,327.0,89.179
BOT,4077.685000000001,327.0,89.179
BOT,4099.485000000001,327.0,89.179
BOT,4124.840555555556,326.0,89.179
BOT,4153.5505555555565,324.0,89.179
BOT,4177.358055555557,267.0,89.179
BOT,4188.513611111112,251.0,89.179
BOT,4205.546944444446,219.0,89.179
BOT,4223.591388888891,203.0,89.179
BOT,4242.091388888891,185.0,89.179
BOT,4258.713611111113,187.0,89.179
BOT,4271.246944444447,188.0,89.179
BOT,4281.8025000000025,190.0,89.179
BOT,4290.558055555558,197.0,89.179
BOT,4308.958055555558,207.0,89.179
BOT,4330.758055555558,218.0,89.179
BOT,4343.1469444444465,223.0,89.179
BOT,4355.8136111111135,228.0,89.179
BOT,4390.191388888891,238.0,89.179
BOT,4409.169166666669,244.0,89.179
BOT,4425.702500000002,248.0,89.179
BOT,4445.535833333335,255.0,89.179
BOT,4474.3136111111135,259.0,89.179
BOT,4486.002500000002,263.0,89.179
BOT,4500.613611111114,263.0,89.179
BOT,4512.435833333336,266.0,89.179
BOT,4524.391388888891,269.0,89.179
BOT,4536.346944444446,269.0,89.179
BOT,4557.58027777778,273.0,89.179
BOT,4579.0477777777805,277.0,89.179
BOT,4597.514444444447,277.0,89.179
BOT,4629.26027777778,285.0,89.179
BOT,4664.582500000002,289.0,89.179
BOT,4693.782500000002,292.0,89.179
BOT,4713.515833333337,296.0,89.179
BOT,4730.015833333337,297.0,89.179
BOT,4746.626944444447,299.0,89.179
BOT,4766.760277777781,302.0,89.179
BOT,4780.271388888892,304.0,89.179
BOT,4810.871388888892,306.0,89.179
BOT,4845.204722222226,309.0,89.179
BOT,4862.426944444447,310.0,89.179
BOT,4883.226944444448,312.0,89.179
BOT,4907.726944444448,315.0,89.179
BOT,4921.726944444448,315.0,89.179
BOT,4957.06027777778,318.0,89.179
BOT,4999.726944444447,320.0,89.179
BOT,5017.560277777781,321.0,89.179
BOT,5035.449166666671,322.0,89.179
BOT,5064.24916666667,324.0,89.179
BOT,5085.8491666666705,324.0,89.179
BOT,5103.904722222225,325.0,89.179
BOT,5118.3491666666705,325.0,89.179
BOT,5132.838055555559,326.0,89.179
BOT,5165.347500000003,326.0,89.179
BOT,5198.138333333336,327.0,89.179
BOT,5212.671666666669,327.0,89.179
BOT,5234.538333333337,328.0,89.179
BOT,5260.0494444444475,328.0,89.179
BOT,5278.38277777778,330.0,89.179
BOT,5296.716111111114,330.0,89.179
BOT,5329.516111111114,328.0,89.179
BOT,5351.182777777782,325.0,89.179
BOT,5372.782777777781,324.0,89.179
BOT,5386.87166666667,317.0,89.179
BOT,5419.260555555558,265.0,89.179
BOT,5438.660555555558,194.0,89.179
BOT,5458.793888888891,151.0,89.179
BOT,5468.060555555558,139.0,89.179
BOT,5479.438333333335,128.0,89.179
BOT,5488.616111111113,118.0,89.179
BOT,5494.949444444446,114.0,89.179
BOT,5507.060555555557,109.0,89.179
BOT,5520.2605555555565,108.0,89.179
BOT,5529.049444444446,113.0,89.179
BOT,5537.116111111112,121.0,89.179
BOT,5557.338333333334,140.0,89.179
BOT,5571.116111111111,155.0,89.179
BOT,5581.982777777778,163.0,89.179
BOT,5591.482777777778,171.0,89.179
BOT,5614.949444444444,192.0,89.179
BOT,5623.660555555555,196.0,89.179
BOT,5632.727222222222,204.0,89.179
BOT,5649.371666666666,214.0,89.179
BOT,5679.7716666666665,228.0,89.179
BOT,5692.716111111111,233.0,89.179
BOT,5714.138333333332,241.0,89.179
BOT,5730.404999999999,244.0,89.179
BOT,5747.071666666666,250.0,89.179
BOT,5769.827222222221,256.0,89.179
BOT,5790.1272222222215,261.0,89.179
BOT,5810.660555555555,264.0,89.179
BOT,5822.527222222222,267.0,89.179
BOT,5834.571666666668,271.0,89.179
BOT,5852.838333333334,274.0,89.179
BOT,5871.305,277.0,89.179
BOT,5883.705000000001,279.0,89.179
BOT,5922.105,288.0,89.179
BOT,5951.304999999999,292.0,89.179
BOT,5974.249444444444,295.0,89.179
BOT,5987.493888888889,298.0,89.179
BOT,6014.160555555555,300.0,89.179
BOT,6034.293888888888,302.0,89.179
BOT,6047.760555555556,303.0,89.179
BOT,6068.160555555555,306.0,89.179
BOT,6092.1161111111105,308.0,89.179
BOT,6112.782777777777,310.0,89.179
OCO,18.633333333333333,312.0,89.475
OCO,39.56666666666666,314.0,89.475
OCO,53.56666666666666,315.0,89.475
OCO,67.61111111111111,316.0,89.475
OCO,85.27777777777777,318.0,89.475
OCO,106.47777777777777,318.0,89.475
OCO,120.74444444444444,321.0,89.475
OCO,149.45555555555555,323.0,89.475
OCO,225.52222222222224,326.0,89.475
OCO,265.70222222222225,328.0,89.475
OCO,291.21333333333337,328.0,89.475
OCO,320.54666666666674,330.0,89.475
OCO,342.4800000000001,329.0,89.475
OCO,357.05777777777786,328.0,89.475
OCO,374.83555555555563,320.0,89.475
OCO,395.10222222222234,304.0,89.475
OCO,414.92444444444453,223.0,89.475
OCO,424.83555555555563,223.0,89.475
OCO,440.4311111111112,176.0,89.475
OCO,457.908888888889,143.0,89.475
OCO,468.25333333333344,133.0,89.475
OCO,476.7866666666668,128.0,89.475
OCO,486.1200000000001,120.0,89.475
OCO,492.50888888888903,115.0,89.475
OCO,497.4866666666668,112.0,89.475
OCO,504.4866666666668,105.0,89.475
OCO,509.1533333333335,105.0,89.475
OCO,519.0533333333335,99.0,89.475
OCO,524.3866666666669,96.0,89.475
OCO,529.4422222222224,91.0,89.475
OCO,537.2644444444446,88.0,89.475
OCO,543.0644444444446,87.0,89.475
OCO,549.9866666666668,89.0,89.475
OCO,557.3755555555557,95.0,89.475
OCO,561.8200000000002,100.0,89.475
OCO,568.8491666666669,105.0,89.475
OCO,576.7158333333335,118.0,89.475
OCO,588.4491666666668,132.0,89.475
OCO,601.6047222222223,148.0,89.475
OCO,608.4047222222223,153.0,89.475
OCO,615.6936111111112,164.0,89.475
OCO,623.3825,173.0,89.475
OCO,633.4936111111111,182.0,89.475
OCO,648.1936111111112,189.0,89.475
OCO,663.7491666666667,200.0,89.475
OCO,680.0241666666667,210.0,89.475
OCO,702.0241666666668,220.0,89.475
OCO,727.6908333333334,231.0,89.475
OCO,737.9575000000001,231.0,89.475
OCO,767.6575000000001,243.0,89.475
OCO,798.4575000000001,252.0,89.475
OCO,824.2575,258.0,89.475
OCO,847.6352777777779,263.0,89.475
OCO,868.3241666666668,266.0,89.475
OCO,895.0241666666668,267.0,89.475
OCO,918.4908333333335,264.0,89.475
OCO,942.0463888888889,212.0,89.475
OCO,952.8797222222223,195.0,89.475
OCO,965.1305555555556,183.0,89.475
OCO,974.852777777778,175.0,89.475
OCO,987.9194444444446,168.0,89.475
OCO,1003.9194444444446,160.0,89.475
OCO,1016.2083333333335,158.0,89.475
OCO,1027.541666666667,170.0,89.475
OCO,1039.341666666667,177.0,89.475
OCO,1051.7416666666668,186.0,89.475
OCO,1064.4750000000001,191.0,89.475
OCO,1073.2305555555556,197.0,89.475
OCO,1091.4844444444445,206.0,89.475
OCO,1103.2066666666667,211.0,89.475
OCO,1122.6733333333334,219.0,89.475
OCO,1140.0955555555556,224.0,89.475
OCO,1150.14,226.0,89.475
OCO,1170.7622222222224,232.0,89.475
OCO,1183.8177777777778,235.0,89.475
OCO,1202.4844444444445,240.0,89.475
OCO,1233.04,250.0,89.475
OCO,1249.7733333333335,251.0,89.475
OCO,1278.328888888889,257.0,89.475
OCO,1298.3955555555558,258.0,89.475
OCO,1321.506666666667,260.0,89.475
OCO,1353.8466666666668,264.0,89.475
OCO,1371.5133333333335,265.0,89.475
OCO,1395.068888888889,265.0,89.475
OCO,1407.0244444444445,269.0,89.475
OCO,1430.3133333333335,262.0,89.475
OCO,1450.2244444444448,256.0,89.475
OCO,1464.3355555555559,254.0,89.475
OCO,1475.5800000000004,253.0,89.475
OCO,1501.0800000000004,255.0,89.475
OCO,1515.2466666666674,255.0,89.475
OCO,1532.313333333334,256.0,89.475
OCO,1551.765833333334,251.0,89.475
OCO,1565.4325000000006,246.0,89.475
OCO,1576.365833333334,246.0,89.475
OCO,1596.8102777777785,230.0,89.475
OCO,1611.8102777777788,225.0,89.475
OCO,1634.5102777777788,227.0,89.475
OCO,1649.9102777777787,231.0,89.475
OCO,1670.8880555555565,236.0,89.475
OCO,1692.043611111112,238.0,89.475
OCO,1702.6658333333344,239.0,89.475
OCO,1721.5658333333345,243.0,89.475
OCO,1735.12138888889,244.0,89.475
OCO,1757.1658333333344,248.0,89.475
OCO,1771.1658333333344,252.0,89.475
OCO,1805.8325000000011,260.0,89.475
OCO,1820.5166666666678,263.0,89.475
OCO,1850.2944444444454,268.0,89.475
OCO,1880.7388888888897,274.0,89.475
OCO,1914.8388888888899,279.0,89.475
OCO,1930.450000000001,281.0,89.475
OCO,1942.9833333333343,282.0,89.475
OCO,1965.150000000001,285.0,89.475
OCO,1997.261111111112,289.0,89.475
OCO,2069.2902777777786,295.0,89.475
OCO,2085.7347222222234,296.0,89.475
OCO,2098.8902777777794,296.0,89.475
OCO,2122.068055555557,298.0,89.475
OCO,2135.356944444446,299.0,89.475
OCO,2172.145833333335,301.0,89.475
OCO,2208.934722222224,301.0,89.475
OCO,2222.268055555557,300.0,89.475
OCO,2238.8791666666684,299.0,89.475
OCO,2262.056944444446,298.0,89.475
OCO,2278.3902777777794,294.0,89.475
OCO,2301.234722222224,257.0,89.475
OCO,2314.5680555555573,240.0,89.475
OCO,2327.1863888888906,226.0,89.475
OCO,2343.28638888889,207.0,89.475
OCO,2358.2197222222235,192.0,89.475
OCO,2370.28638888889,181.0,89.475
OCO,2381.8197222222234,173.0,89.475
OCO,2390.98638888889,165.0,89.475
OCO,2398.0530555555565,159.0,89.475
OCO,2410.030833333334,154.0,89.475
OCO,2416.7863888888896,152.0,89.475
OCO,2423.408611111112,149.0,89.475
OCO,2437.2752777777782,156.0,89.475
OCO,2455.830833333334,167.0,89.475
OCO,2467.714444444445,179.0,89.475
OCO,2477.9922222222226,185.0,89.475
OCO,2492.925555555556,192.0,89.475
OCO,2513.325555555556,204.0,89.475
OCO,2522.658888888889,210.0,89.475
OCO,2549.547777777778,220.0,89.475
OCO,2561.9922222222226,224.0,89.475
OCO,2582.525555555556,231.0,89.475
OCO,2598.2588888888895,236.0,89.475
OCO,2611.703333333334,242.0,89.475
OCO,2639.5922222222225,251.0,89.475
OCO,2653.703333333334,254.0,89.475
OCO,2668.0366666666673,258.0,89.475
OCO,2679.5033333333336,258.0,89.475
OCO,2700.0319444444444,263.0,89.475
OCO,2714.8097222222223,266.0,89.475
OCO,2726.6763888888886,267.0,89.475
OCO,2750.8541666666665,272.0,89.475
OCO,2778.4541666666664,276.0,89.475
OCO,2800.1541666666667,279.0,89.475
OCO,2812.554166666667,279.0,89.475
OCO,2828.2208333333333,282.0,89.475
OCO,2843.943055555556,283.0,89.475
OCO,2862.943055555556,285.0,89.475
OCO,2875.6986111111114,287.0,89.475
OCO,2898.0986111111115,288.0,89.475
OCO,2914.154166666667,289.0,89.475
OCO,2942.8741666666665,288.0,89.475
OCO,2965.196388888889,287.0,89.475
OCO,2983.463055555556,274.0,89.475
OCO,3001.9741666666673,238.0,89.475
OCO,3020.9075000000007,213.0,89.475
OCO,3036.229722222223,197.0,89.475
OCO,3050.9297222222226,189.0,89.475
OCO,3067.1963888888895,183.0,89.475
OCO,3083.8186111111117,187.0,89.475
OCO,3096.8186111111117,195.0,89.475
OCO,3117.3186111111117,205.0,89.475
OCO,3126.7852777777784,213.0,89.475
OCO,3143.8186111111113,219.0,89.475
OCO,3168.8811111111113,225.0,89.475
OCO,3184.214444444445,230.0,89.475
OCO,3199.947777777778,236.0,89.475
OCO,3213.2255555555557,239.0,89.475
OCO,3237.4255555555555,242.0,89.475
OCO,3248.447777777778,248.0,89.475
OCO,3271.025555555556,254.0,89.475
OCO,3288.1588888888887,257.0,89.475
OCO,3308.1477777777777,257.0,89.475
OCO,3328.8366666666666,266.0,89.475
OCO,3340.703333333333,267.0,89.475
OCO,3352.7033333333334,270.0,89.475
OCO,3370.9700000000003,274.0,89.475
OCO,3392.36,276.0,89.475
OCO,3407.86,279.0,89.475
OCO,3423.471111111111,281.0,89.475
OCO,3442.4044444444444,284.0,89.475
OCO,3455.1155555555556,286.0,89.475
OCO,3480.804444444444,289.0,89.475
OCO,3496.9155555555553,290.0,89.475
OCO,3513.137777777778,292.0,89.475
OCO,3529.4155555555553,293.0,89.475
OCO,3558.715555555555,293.0,89.475
OCO,3571.9155555555553,297.0,89.475
OCO,3585.1599999999994,298.0,89.475
OCO,3625.16,300.0,89.475
OCO,3655.7447222222218,305.0,89.475
OCO,3686.4447222222216,307.0,89.475
OCO,3707.044722222222,309.0,89.475
OCO,3731.311388888889,312.0,89.475
OCO,3752.1780555555556,313.0,89.475
OCO,3766.133611111111,314.0,89.475
OCO,3790.633611111111,315.0,89.475
OCO,3815.2891666666665,317.0,89.475
OCO,3836.555833333333,319.0,89.475
OCO,3861.5224999999996,321.0,89.475
OCO,3879.355833333333,321.0,89.475
OCO,3900.9558333333334,324.0,89.475
OCO,3922.555833333333,324.0,89.475
OCO,3944.198611111111,326.0,89.475
OCO,3965.9319444444436,326.0,89.475
OCO,3984.043055555555,326.0,89.475
OCO,4027.376388888888,325.0,89.475
OCO,4045.3763888888884,324.0,89.475
OCO,4070.4986111111107,323.0,89.475
OCO,4088.3874999999994,322.0,89.475
OCO,4120.4875,321.0,89.475
OCO,4138.265277777778,320.0,89.475
OCO,4171.9319444444445,303.0,89.475
OCO,4195.831944444444,239.0,89.475
OCO,4216.990555555555,211.0,89.475
OCO,4228.212777777777,202.0,89.475
OCO,4245.2794444444435,192.0,89.475
OCO,4255.6127777777765,186.0,89.475
OCO,4263.834999999998,185.0,89.475
OCO,4276.301666666665,187.0,89.475
OCO,4299.890555555555,193.0,89.475
OCO,4315.912777777777,206.0,89.475
OCO,4330.112777777777,213.0,89.475
OCO,4339.757222222222,217.0,89.475
OCO,4359.757222222222,225.0,89.475
OCO,4369.935,229.0,89.475
OCO,4380.201666666667,231.0,89.475
OCO,4398.635,237.0,89.475
OCO,4414.634722222222,241.0,89.475
OCO,4431.101388888889,247.0,89.475
OCO,4447.768055555555,250.0,89.475
OCO,4467.601388888888,255.0,89.475
OCO,4487.7458333333325,259.0,89.475
OCO,4505.145833333332,261.0,89.475
OCO,4516.92361111111,265.0,89.475
OCO,4528.7458333333325,266.0,89.475
OCO,4543.690277777777,269.0,89.475
OCO,4561.82361111111,272.0,89.475
OCO,4577.156944444444,276.0,89.475
OCO,4592.545833333333,277.0,89.475
OCO,4611.145833333332,279.0,89.475
OCO,4626.812499999999,282.0,89.475
OCO,4642.669166666666,284.0,89.475
OCO,4671.569166666665,289.0,89.475
OCO,4690.969166666666,291.0,89.475
OCO,4707.246944444442,293.0,89.475
OCO,4727.046944444443,297.0,89.475
OCO,4750.380277777776,300.0,89.475
OCO,4783.935833333331,302.0,89.475
OCO,4807.735833333331,306.0,89.475
OCO,4835.11361111111,308.0,89.475
OCO,4852.335833333331,310.0,89.475
OCO,4887.002499999998,312.0,89.475
OCO,4908.002499999998,315.0,89.475
OCO,4922.002499999999,315.0,89.475
OCO,4943.135833333332,317.0,89.475
OCO,4974.94722222222,319.0,89.475
OCO,5017.880555555554,322.0,89.475
OCO,5046.591666666665,323.0,89.475
OCO,5064.64722222222,325.0,89.475
OCO,5089.924999999998,325.0,89.475
OCO,5129.891666666665,327.0,89.475
OCO,5170.102777777777,329.0,89.475
OCO,5192.03611111111,329.0,89.475
OCO,5228.683055555553,329.0,89.475
OCO,5247.016388888887,330.0,89.475
OCO,5276.349722222221,330.0,89.475
OCO,5294.683055555553,330.0,89.475
OCO,5320.194166666664,328.0,89.475
OCO,5345.54972222222,326.0,89.475
OCO,5367.149722222221,324.0,89.475
OCO,5396.04972222222,289.0,89.475
OCO,5421.494166666665,229.0,89.475
OCO,5438.649722222221,193.0,89.475
OCO,5456.538611111109,161.0,89.475
OCO,5466.3386111111095,147.0,89.475
OCO,5475.6719444444425,140.0,89.475
OCO,5484.435277777776,132.0,89.475
OCO,5492.768611111109,125.0,89.475
OCO,5499.546388888887,122.0,89.475
OCO,5506.157499999998,119.0,89.475
OCO,5512.768611111109,119.0,89.475
OCO,5520.368611111109,114.0,89.475
OCO,5529.968611111109,108.0,89.475
OCO,5536.135277777776,111.0,89.475
OCO,5549.57972222222,121.0,89.475
OCO,5556.413055555553,123.0,89.475
OCO,5566.835277777775,134.0,89.475
OCO,5576.743055555553,148.0,89.475
OCO,5585.520833333331,158.0,89.475
OCO,5602.720833333331,172.0,89.475
OCO,5626.187499999997,192.0,89.475
OCO,5639.454166666665,199.0,89.475
OCO,5655.787499999998,210.0,89.475
OCO,5672.820833333331,219.0,89.475
OCO,5685.3208333333305,225.0,89.475
OCO,5714.043055555553,235.0,89.475
OCO,5724.709722222219,240.0,89.475
OCO,5755.02083333333,248.0,89.475
OCO,5780.52083333333,255.0,89.475
OCO,5797.72083333333,258.0,89.475
OCO,5815.3208333333305,264.0,89.475
OCO,5842.1461111111075,269.0,89.475
OCO,5869.746111111108,276.0,89.475
OCO,5888.412777777774,280.0,89.475
OCO,5910.501666666663,284.0,89.475
OCO,5929.6349999999975,287.0,89.475
OCO,5949.034999999997,291.0,89.475
OCO,5971.9794444444415,295.0,89.475
OCO,5985.134999999997,296.0,89.475
OCO,6001.690555555552,298.0,89.475
OCO,6018.357222222219,300.0,89.475
OCO,6045.374722222219,303.0,89.475
OCO,6082.774722222219,306.0,89.475
OCO,6116.996944444441,308.0,89.475
GAS,13.346666666666668,312.0,89.479
GAS,27.30222222222222,314.0,89.479
GAS,48.36888888888889,316.0,89.479
GAS,69.56888888888889,318.0,89.479
GAS,83.74666666666667,319.0,89.479
GAS,101.52444444444444,320.0,89.479
GAS,130.05777777777777,321.0,89.479
GAS,147.94666666666666,322.0,89.479
GAS,176.74666666666667,324.0,89.479
GAS,191.14666666666668,324.0,89.479
GAS,216.33416666666668,325.0,89.479
GAS,234.4452777777778,326.0,89.479
GAS,248.9341666666667,326.0,89.479
GAS,281.5341666666667,326.0,89.479
GAS,303.33416666666665,327.0,89.479
GAS,332.31194444444446,326.0,89.479
GAS,368.2008333333334,323.0,89.479
GAS,385.8119444444444,317.0,89.479
GAS,409.01194444444445,261.0,89.479
GAS,424.21194444444444,228.0,89.479
GAS,436.81194444444446,189.0,89.479
GAS,444.72305555555556,178.0,89.479
GAS,459.5641666666667,148.0,89.479
GAS,468.5641666666667,135.0,89.479
GAS,480.5641666666667,120.0,89.479
GAS,487.11972222222226,118.0,89.479
GAS,492.0975,112.0,89.479
GAS,499.43083333333334,110.0,89.479
GAS,507.5975,105.0,89.479
GAS,513.4308333333333,105.0,89.479
GAS,523.7308333333333,103.0,89.479
GAS,532.1752777777778,95.0,89.479
GAS,540.2641666666666,91.0,89.479
GAS,550.1530555555555,89.0,89.479
GAS,556.3272222222222,93.0,89.479
GAS,562.7938888888889,97.0,89.479
GAS,568.405,101.0,89.479
GAS,575.5383333333333,107.0,89.479
GAS,583.2049999999999,115.0,89.479
GAS,591.805,129.0,89.479
GAS,610.3827777777777,152.0,89.479
GAS,629.3827777777776,171.0,89.479
GAS,639.3827777777776,180.0,89.479
GAS,647.6938888888888,187.0,89.479
GAS,660.4272222222221,191.0,89.479
GAS,669.3605555555554,201.0,89.479
GAS,678.4272222222221,204.0,89.479
GAS,695.0530555555555,213.0,89.479
GAS,709.7863888888888,221.0,89.479
GAS,732.5863888888888,228.0,89.479
GAS,742.9419444444444,233.0,89.479
GAS,753.2975,233.0,89.479
GAS,772.0419444444444,241.0,89.479
GAS,788.4419444444444,246.0,89.479
GAS,802.386388888889,251.0,89.479
GAS,813.586388888889,252.0,89.479
GAS,833.5752777777778,257.0,89.479
GAS,853.8752777777778,261.0,89.479
GAS,871.3419444444445,262.0,89.479
GAS,891.7975000000001,263.0,89.479
GAS,921.1308333333334,264.0,89.479
GAS,946.6225000000001,230.0,89.479
GAS,957.9002777777779,203.0,89.479
GAS,978.011388888889,181.0,89.479
GAS,989.8780555555555,178.0,89.479
GAS,1008.5447222222223,168.0,89.479
GAS,1022.1558333333335,175.0,89.479
GAS,1041.2558333333334,191.0,89.479
GAS,1061.1558333333332,199.0,89.479
GAS,1086.9447222222223,211.0,89.479
GAS,1108.8052777777775,218.0,89.479
GAS,1123.6719444444443,223.0,89.479
GAS,1136.2830555555554,227.0,89.479
GAS,1146.460833333333,229.0,89.479
GAS,1164.5052777777776,232.0,89.479
GAS,1177.3941666666665,232.0,89.479
GAS,1196.138611111111,241.0,89.479
GAS,1212.2719444444442,242.0,89.479
GAS,1234.5830555555553,251.0,89.479
GAS,1263.0274999999997,256.0,89.479
GAS,1277.3052777777775,257.0,89.479
GAS,1300.3274999999999,259.0,89.479
GAS,1320.5497222222223,260.0,89.479
GAS,1355.0111111111112,259.0,89.479
GAS,1366.5222222222224,259.0,89.479
GAS,1386.666666666667,259.0,89.479
GAS,1404.0666666666668,261.0,89.479
GAS,1427.177777777778,260.0,89.479
GAS,1458.1000000000001,253.0,89.479
GAS,1483.1000000000001,250.0,89.479
GAS,1494.2111111111112,250.0,89.479
GAS,1505.3666666666668,251.0,89.479
GAS,1516.5666666666668,252.0,89.479
GAS,1533.5,254.0,89.479
GAS,1555.3458333333335,245.0,89.479
GAS,1571.3458333333335,240.0,89.479
GAS,1597.3458333333338,234.0,89.479
GAS,1609.9569444444448,227.0,89.479
GAS,1632.8569444444447,229.0,89.479
GAS,1645.801388888889,233.0,89.479
GAS,1659.0236111111114,238.0,89.479
GAS,1669.6013888888892,238.0,89.479
GAS,1685.4680555555558,238.0,89.479
GAS,1698.690277777778,238.0,89.479
GAS,1711.9125000000001,238.0,89.479
GAS,1725.2458333333336,240.0,89.479
GAS,1744.3791666666668,246.0,89.479
GAS,1760.979166666667,249.0,89.479
GAS,1777.779166666667,252.0,89.479
GAS,1800.8013888888893,259.0,89.479
GAS,1815.2841666666673,262.0,89.479
GAS,1844.9508333333338,267.0,89.479
GAS,1871.9508333333338,270.0,89.479
GAS,1887.1175000000003,273.0,89.479
GAS,1905.5175000000004,276.0,89.479
GAS,1917.8286111111115,277.0,89.479
GAS,1942.7175000000004,280.0,89.479
GAS,1958.3286111111115,281.0,89.479
GAS,1974.0508333333337,283.0,89.479
GAS,1989.884166666667,285.0,89.479
GAS,2002.5952777777782,286.0,89.479
GAS,2031.575555555556,289.0,89.479
GAS,2057.442222222223,291.0,89.479
GAS,2083.3977777777786,292.0,89.479
GAS,2116.1755555555565,295.0,89.479
GAS,2135.8422222222234,295.0,89.479
GAS,2152.2866666666673,296.0,89.479
GAS,2172.153333333334,298.0,89.479
GAS,2185.3977777777786,298.0,89.479
GAS,2201.953333333334,298.0,89.479
GAS,2221.6866666666674,296.0,89.479
GAS,2241.3533333333344,295.0,89.479
GAS,2267.3977777777786,293.0,89.479
GAS,2279.575555555556,274.0,89.479
GAS,2296.1755555555565,249.0,89.479
GAS,2313.597777777779,224.0,89.479
GAS,2327.2644444444454,205.0,89.479
GAS,2350.3119444444455,189.0,89.479
GAS,2362.511944444446,183.0,89.479
GAS,2381.8452777777793,174.0,89.479
GAS,2391.400833333335,172.0,89.479
GAS,2406.0675000000015,165.0,89.479
GAS,2413.223055555557,161.0,89.479
GAS,2422.3341666666684,164.0,89.479
GAS,2439.1341666666685,168.0,89.479
GAS,2456.7830555555574,176.0,89.479
GAS,2475.183055555558,184.0,89.479
GAS,2485.5719444444467,187.0,89.479
GAS,2503.2608333333355,199.0,89.479
GAS,2524.1608333333356,209.0,89.479
GAS,2553.360833333336,219.0,89.479
GAS,2575.960833333336,226.0,89.479
GAS,2599.460833333336,235.0,89.479
GAS,2618.1275000000023,240.0,89.479
GAS,2646.1275000000023,252.0,89.479
GAS,2665.960833333336,255.0,89.479
GAS,2683.1608333333356,258.0,89.479
GAS,2709.5608333333357,264.0,89.479
GAS,2736.3861111111137,269.0,89.479
GAS,2757.4638888888917,271.0,89.479
GAS,2791.319444444447,277.0,89.479
GAS,2816.1194444444473,279.0,89.479
GAS,2847.452777777781,282.0,89.479
GAS,2872.6972222222257,284.0,89.479
GAS,2901.3766666666697,286.0,89.479
GAS,2936.332222222225,286.0,89.479
GAS,2952.1655555555585,285.0,89.479
GAS,2970.8322222222255,280.0,89.479
GAS,2982.832222222225,270.0,89.479
GAS,3003.010000000003,227.0,89.479
GAS,3015.287777777781,221.0,89.479
GAS,3026.565555555558,203.0,89.479
GAS,3039.7655555555584,198.0,89.479
GAS,3054.3877777777807,188.0,89.479
GAS,3066.7211111111137,185.0,89.479
GAS,3083.343333333336,187.0,89.479
GAS,3091.832222222225,191.0,89.479
GAS,3102.77666666667,197.0,89.479
GAS,3116.4433333333363,205.0,89.479
GAS,3130.310000000003,208.0,89.479
GAS,3144.6433333333366,215.0,89.479
GAS,3161.754444444448,220.0,89.479
GAS,3184.491111111114,228.0,89.479
GAS,3210.1577777777807,231.0,89.479
GAS,3233.657777777781,235.0,89.479
GAS,3254.9911111111146,240.0,89.479
GAS,3274.357777777781,249.0,89.479
GAS,3291.557777777781,258.0,89.479
GAS,3312.013333333337,263.0,89.479
GAS,3329.820555555559,266.0,89.479
GAS,3353.820555555559,270.0,89.479
GAS,3368.987222222226,273.0,89.479
GAS,3387.387222222226,276.0,89.479
GAS,3418.609444444448,281.0,89.479
GAS,3434.3316666666706,283.0,89.479
GAS,3469.287222222226,286.0,89.479
GAS,3488.487222222226,288.0,89.479
GAS,3520.7094444444483,290.0,89.479
GAS,3533.642777777782,291.0,89.479
GAS,3546.665000000004,293.0,89.479
GAS,3559.6872222222264,293.0,89.479
GAS,3585.9094444444486,295.0,89.479
GAS,3608.853888888893,295.0,89.479
GAS,3638.753888888893,299.0,89.479
GAS,3652.087222222226,300.0,89.479
GAS,3672.2205555555597,302.0,89.479
GAS,3709.2916666666706,304.0,89.479
GAS,3729.825000000004,308.0,89.479
GAS,3750.4250000000034,309.0,89.479
GAS,3771.0916666666703,310.0,89.479
GAS,3798.825000000004,312.0,89.479
GAS,3823.2472222222264,314.0,89.479
GAS,3844.3138888888925,316.0,89.479
GAS,3869.1355555555597,318.0,89.479
GAS,3893.9466666666704,319.0,89.479
GAS,3911.724444444448,320.0,89.479
GAS,3943.824444444448,321.0,89.479
GAS,3961.7133333333372,322.0,89.479
GAS,3994.013333333337,323.0,89.479
GAS,4015.6133333333373,324.0,89.479
GAS,4030.013333333337,324.0,89.479
GAS,4051.6133333333373,324.0,89.479
GAS,4069.613333333337,324.0,89.479
GAS,4112.280000000004,320.0,89.479
GAS,4126.502222222226,320.0,89.479
GAS,4144.224444444449,319.0,89.479
GAS,4166.702222222227,289.0,89.479
GAS,4189.102222222226,252.0,89.479
GAS,4208.568888888893,219.0,89.479
GAS,4229.868888888893,213.0,89.479
GAS,4249.613888888893,198.0,89.479
GAS,4264.547222222226,192.0,89.479
GAS,4283.747222222226,192.0,89.479
GAS,4294.636111111115,196.0,89.479
GAS,4305.802777777782,201.0,89.479
GAS,4322.058333333337,209.0,89.479
GAS,4338.858333333337,216.0,89.479
GAS,4351.197500000004,221.0,89.479
GAS,4366.197500000004,225.0,89.479
GAS,4376.464166666671,231.0,89.479
GAS,4394.897500000005,237.0,89.479
GAS,4416.319722222226,241.0,89.479
GAS,4441.219722222226,249.0,89.479
GAS,4460.819722222226,252.0,89.479
GAS,4483.486388888893,255.0,89.479
GAS,4503.786388888892,261.0,89.479
GAS,4518.397500000004,263.0,89.479
GAS,4533.119722222226,265.0,89.479
GAS,4550.986388888892,268.0,89.479
GAS,4569.119722222226,272.0,89.479
GAS,4606.186388888892,278.0,89.479
GAS,4618.541944444449,278.0,89.479
GAS,4646.841944444449,283.0,89.479
GAS,4665.775277777781,284.0,89.479
GAS,4688.175277777782,288.0,89.479
GAS,4704.2611111111155,291.0,89.479
GAS,4717.283333333337,293.0,89.479
GAS,4736.950000000004,295.0,89.479
GAS,4753.50555555556,298.0,89.479
GAS,4776.838888888893,300.0,89.479
GAS,4793.6166666666695,302.0,89.479
GAS,4831.016666666669,306.0,89.479
GAS,4848.157500000003,307.0,89.479
GAS,4865.268611111114,308.0,89.479
GAS,4886.001944444447,311.0,89.479
GAS,4913.7352777777805,312.0,89.479
GAS,4948.73527777778,315.0,89.479
GAS,4969.801944444447,316.0,89.479
GAS,5001.601944444447,318.0,89.479
GAS,5022.868611111114,319.0,89.479
GAS,5044.201944444447,320.0,89.479
GAS,5072.7352777777805,321.0,89.479
GAS,5105.035277777781,323.0,89.479
GAS,5133.83527777778,324.0,89.479
GAS,5148.2352777777805,324.0,89.479
GAS,5177.124166666669,325.0,89.479
GAS,5206.013055555558,325.0,89.479
GAS,5227.679722222226,325.0,89.479
GAS,5249.479722222225,327.0,89.479
GAS,5282.179722222225,327.0,89.479
GAS,5310.978333333336,325.0,89.479
GAS,5339.689444444448,323.0,89.479
GAS,5354.000555555559,322.0,89.479
GAS,5368.267222222225,321.0,89.479
GAS,5392.356111111115,271.0,89.479
GAS,5411.1005555555585,241.0,89.479
GAS,5421.252500000003,227.0,89.479
GAS,5429.91916666667,195.0,89.479
GAS,5450.7191666666695,156.0,89.479
GAS,5457.652500000003,156.0,89.479
GAS,5468.3858333333355,138.0,89.479
GAS,5479.763611111113,128.0,89.479
GAS,5486.708055555558,125.0,89.479
GAS,5491.952500000002,118.0,89.479
GAS,5499.819166666669,118.0,89.479
GAS,5508.452500000002,111.0,89.479
GAS,5513.296944444446,109.0,89.479
GAS,5520.5636111111135,109.0,89.479
GAS,5528.096944444446,113.0,89.479
GAS,5536.096944444446,120.0,89.479
GAS,5545.7413888888905,124.0,89.479
GAS,5554.541388888891,132.0,89.479
GAS,5574.808055555557,152.0,89.479
GAS,5587.719166666668,166.0,89.479
GAS,5601.719166666668,180.0,89.479
GAS,5612.108055555556,187.0,89.479
GAS,5627.2205555555565,195.0,89.479
GAS,5638.442777777779,202.0,89.479
GAS,5659.842777777779,214.0,89.479
GAS,5672.065000000001,220.0,89.479
GAS,5687.065000000001,225.0,89.479
GAS,5699.84277777778,230.0,89.479
GAS,5710.441944444447,237.0,89.479
GAS,5721.064166666669,239.0,89.479
GAS,5737.26416666667,243.0,89.479
GAS,5750.986388888892,247.0,89.479
GAS,5764.930833333336,251.0,89.479
GAS,5787.686388888892,256.0,89.479
GAS,5802.075277777781,259.0,89.479
GAS,5819.541944444447,262.0,89.479
GAS,5843.4530555555575,269.0,89.479
GAS,5855.497500000003,271.0,89.479
GAS,5880.208611111114,278.0,89.479
GAS,5892.6086111111135,279.0,89.479
GAS,5911.541944444448,284.0,89.479
GAS,5927.4308333333365,286.0,89.479
GAS,5953.1197222222245,289.0,89.479
GAS,5979.075277777781,292.0,89.479
GAS,6005.297500000002,295.0,89.479
GAS,6018.497500000002,297.0,89.479
GAS,6041.830833333335,300.0,89.479
GAS,6058.553055555558,301.0,89.479
GAS,6071.975277777779,302.0,89.479
GAS,6092.241944444447,304.0,89.479
SAR,19.5625,313.0,89.526
SAR,37.00694444444444,314.0,89.526
SAR,54.50694444444444,315.0,89.526
SAR,72.11805555555554,317.0,89.526
SAR,86.25138888888888,318.0,89.526
SAR,107.45138888888889,318.0,89.526
SAR,125.22916666666666,320.0,89.526
SAR,161.00694444444443,322.0,89.526
SAR,186.12916666666666,323.0,89.526
SAR,204.07361111111112,323.0,89.526
SAR,232.96249999999998,325.0,89.526
SAR,247.45138888888889,326.0,89.526
SAR,261.94027777777774,326.0,89.526
SAR,287.3736111111111,327.0,89.526
SAR,309.17361111111103,327.0,89.526
SAR,349.01805555555546,326.0,89.526
SAR,367.07361111111106,325.0,89.526
SAR,384.9069444444443,321.0,89.526
SAR,398.46249999999986,305.0,89.526
SAR,423.9705555555554,229.0,89.526
SAR,439.2116666666665,172.0,89.526
SAR,449.3449999999998,152.0,89.526
SAR,461.2561111111109,134.0,89.526
SAR,469.4561111111109,123.0,89.526
SAR,483.26722222222196,113.0,89.526
SAR,492.7783333333331,107.0,89.526
SAR,497.4894444444442,106.0,89.526
SAR,504.55611111111085,106.0,89.526
SAR,510.5005555555553,107.0,89.526
SAR,515.078333333333,103.0,89.526
SAR,524.878333333333,98.0,89.526
SAR,530.0449999999996,93.0,89.526
SAR,536.8116666666663,87.0,89.526
SAR,542.5449999999996,86.0,89.526
SAR,549.3116666666663,87.0,89.526
SAR,559.7561111111107,94.0,89.526
SAR,566.6227777777774,103.0,89.526
SAR,573.7561111111107,107.0,89.526
SAR,582.0227777777774,124.0,89.526
SAR,589.4672222222218,134.0,89.526
SAR,599.2005555555552,146.0,89.526
SAR,611.6449999999996,160.0,89.526
SAR,620.8116666666663,165.0,89.526
SAR,630.7561111111107,179.0,89.526
SAR,643.2747222222218,187.0,89.526
SAR,651.8969444444441,194.0,89.526
SAR,665.2411111111107,201.0,89.526
SAR,683.9077777777774,210.0,89.526
SAR,700.9411111111108,219.0,89.526
SAR,721.1188888888885,227.0,89.526
SAR,734.0077777777774,232.0,89.526
SAR,758.1077777777773,241.0,89.526
SAR,777.3188888888885,247.0,89.526
SAR,799.8077777777773,253.0,89.526
SAR,814.0299999999996,256.0,89.526
SAR,828.474444444444,260.0,89.526
SAR,843.0855555555552,263.0,89.526
SAR,875.7188888888885,267.0,89.526
SAR,890.6633333333328,269.0,89.526
SAR,902.6633333333328,270.0,89.526
SAR,926.0411111111107,263.0,89.526
SAR,943.2299999999996,221.0,89.526
SAR,964.3411111111108,190.0,89.526
SAR,972.4299999999996,182.0,89.526
SAR,987.8966666666661,174.0,89.526
SAR,1003.2744444444438,173.0,89.526
SAR,1017.0411111111106,177.0,89.526
SAR,1024.9966666666662,179.0,89.526
SAR,1044.0494444444441,190.0,89.526
SAR,1056.7827777777775,191.0,89.526
SAR,1069.7161111111109,194.0,89.526
SAR,1085.448611111111,203.0,89.526
SAR,1094.6041666666665,206.0,89.526
SAR,1103.9819444444443,211.0,89.526
SAR,1125.7819444444442,218.0,89.526
SAR,1140.7152777777774,224.0,89.526
SAR,1171.6486111111108,232.0,89.526
SAR,1187.3819444444443,236.0,89.526
SAR,1206.2041666666664,242.0,89.526
SAR,1225.5708333333332,249.0,89.526
SAR,1242.3041666666663,251.0,89.526
SAR,1262.059722222222,254.0,89.526
SAR,1284.8152777777775,256.0,89.526
SAR,1302.0152777777773,258.0,89.526
SAR,1327.8152777777775,258.0,89.526
SAR,1347.8819444444441,258.0,89.526
SAR,1362.3263888888885,260.0,89.526
SAR,1382.5486111111109,260.0,89.526
SAR,1394.1486111111108,261.0,89.526
SAR,1408.870833333333,265.0,89.526
SAR,1423.4819444444443,263.0,89.526
SAR,1447.0374999999995,265.0,89.526
SAR,1461.6486111111108,263.0,89.526
SAR,1487.7208333333328,260.0,89.526
SAR,1499.2763888888885,260.0,89.526
SAR,1525.3763888888886,261.0,89.526
SAR,1549.409444444444,241.0,89.526
SAR,1577.2761111111108,228.0,89.526
SAR,1589.7205555555552,224.0,89.526
SAR,1609.6316666666662,224.0,89.526
SAR,1627.4427777777773,229.0,89.526
SAR,1637.7094444444438,231.0,89.526
SAR,1648.153888888888,235.0,89.526
SAR,1674.7094444444438,239.0,89.526
SAR,1693.1427777777772,237.0,89.526
SAR,1711.4983333333325,236.0,89.526
SAR,1721.9872222222214,236.0,89.526
SAR,1740.342777777777,236.0,89.526
SAR,1750.9205555555548,238.0,89.526
SAR,1766.9872222222214,241.0,89.526
SAR,1791.7872222222213,248.0,89.526
SAR,1802.9872222222214,252.0,89.526
SAR,1817.2094444444438,256.0,89.526
SAR,1834.4761111111104,259.0,89.526
SAR,1849.0872222222215,263.0,89.526
SAR,1869.7761111111104,266.0,89.526
SAR,1896.6761111111102,269.0,89.526
SAR,1914.9427777777769,274.0,89.526
SAR,1945.7974999999994,277.0,89.526
SAR,1964.3974999999994,279.0,89.526
SAR,1992.6974999999993,283.0,89.526
SAR,2024.3958333333323,286.0,89.526
SAR,2046.8736111111102,289.0,89.526
SAR,2079.3180555555546,292.0,89.526
SAR,2102.029166666666,292.0,89.526
SAR,2118.3624999999993,294.0,89.526
SAR,2134.806944444444,296.0,89.526
SAR,2157.9847222222215,298.0,89.526
SAR,2174.595833333333,299.0,89.526
SAR,2187.97361111111,301.0,89.526
SAR,2204.751388888888,302.0,89.526
SAR,2224.8847222222216,302.0,89.526
SAR,2238.351388888888,303.0,89.526
SAR,2258.551388888888,303.0,89.526
SAR,2285.2180555555547,300.0,89.526
SAR,2305.051388888888,255.0,89.526
SAR,2315.5402777777767,236.0,89.526
SAR,2334.47361111111,213.0,89.526
SAR,2345.47361111111,198.0,89.526
SAR,2359.551388888888,181.0,89.526
SAR,2369.162499999999,173.0,89.526
SAR,2382.07361111111,166.0,89.526
SAR,2389.2736111111103,162.0,89.526
SAR,2397.9958333333325,157.0,89.526
SAR,2413.639166666666,156.0,89.526
SAR,2420.6169444444436,157.0,89.526
SAR,2440.661388888888,164.0,89.526
SAR,2448.0391666666656,166.0,89.526
SAR,2471.85611111111,179.0,89.526
SAR,2486.478333333332,188.0,89.526
SAR,2497.311666666665,195.0,89.526
SAR,2513.178333333332,204.0,89.526
SAR,2524.7894444444432,209.0,89.526
SAR,2549.1227777777763,219.0,89.526
SAR,2566.5449999999987,224.0,89.526
SAR,2576.722777777776,229.0,89.526
SAR,2600.5227777777764,238.0,89.526
SAR,2611.1894444444433,240.0,89.526
SAR,2624.744999999999,244.0,89.526
SAR,2644.267222222221,251.0,89.526
SAR,2661.3338888888875,256.0,89.526
SAR,2672.8005555555546,258.0,89.526
SAR,2696.0894444444434,262.0,89.526
SAR,2713.8227777777765,266.0,89.526
SAR,2728.7672222222213,269.0,89.526
SAR,2755.967222222221,272.0,89.526
SAR,2780.5005555555545,276.0,89.526
SAR,2798.967222222221,277.0,89.526
SAR,2814.4672222222207,279.0,89.526
SAR,2842.6452777777768,281.0,89.526
SAR,2867.8897222222213,284.0,89.526
SAR,2880.467499999999,283.0,89.526
SAR,2893.17861111111,286.0,89.526
SAR,2912.311944444443,287.0,89.526
SAR,2931.498333333332,289.0,89.526
SAR,2947.4983333333316,288.0,89.526
SAR,2963.498333333332,288.0,89.526
SAR,2978.4983333333316,270.0,89.526
SAR,2996.231666666665,228.0,89.526
SAR,3010.098333333332,208.0,89.526
SAR,3024.953888888888,191.0,89.526
SAR,3037.4205555555545,187.0,89.526
SAR,3059.17611111111,178.0,89.526
SAR,3071.1094444444434,179.0,89.526
SAR,3085.5761111111096,186.0,89.526
SAR,3098.37611111111,192.0,89.526
SAR,3109.487222222221,200.0,89.526
SAR,3121.0427777777763,208.0,89.526
SAR,3130.464999999999,212.0,89.526
SAR,3144.9316666666655,217.0,89.526
SAR,3154.798333333332,222.0,89.526
SAR,3177.598333333332,228.0,89.526
SAR,3193.0649999999987,232.0,89.526
SAR,3214.309444444443,239.0,89.526
SAR,3230.5094444444435,243.0,89.526
SAR,3244.3002777777765,247.0,89.526
SAR,3272.522499999999,254.0,89.526
SAR,3295.722499999999,261.0,89.526
SAR,3319.1002777777767,263.0,89.526
SAR,3339.9447222222207,268.0,89.526
SAR,3361.024722222221,272.0,89.526
SAR,3379.3580555555545,275.0,89.526
SAR,3397.8913888888874,278.0,89.526
SAR,3419.8247222222208,282.0,89.526
SAR,3432.4469444444435,284.0,89.526
SAR,3451.446944444443,285.0,89.526
SAR,3467.391388888888,287.0,89.526
SAR,3480.235833333332,289.0,89.526
SAR,3502.869166666665,291.0,89.526
SAR,3535.31361111111,292.0,89.526
SAR,3551.646944444443,294.0,89.526
SAR,3578.046944444443,297.0,89.526
SAR,3611.269166666665,299.0,89.526
SAR,3648.424722222221,304.0,89.526
SAR,3661.9802777777763,305.0,89.526
SAR,3675.5802777777767,306.0,89.526
SAR,3689.224722222221,307.0,89.526
SAR,3706.391388888888,309.0,89.526
SAR,3734.0358333333324,311.0,89.526
SAR,3768.9005555555545,313.0,89.526
SAR,3789.7672222222213,313.0,89.526
SAR,3824.878333333332,316.0,89.526
SAR,3838.9672222222216,317.0,89.526
SAR,3863.85611111111,320.0,89.526
SAR,3903.122222222221,322.0,89.526
SAR,3928.244444444443,323.0,89.526
SAR,3949.7777777777765,323.0,89.526
SAR,3971.377777777777,324.0,89.526
SAR,3992.9777777777763,324.0,89.526
SAR,4011.033333333332,325.0,89.526
SAR,4047.255555555554,326.0,89.526
SAR,4072.61111111111,326.0,89.526
SAR,4108.6111111111095,324.0,89.526
SAR,4133.811111111109,324.0,89.526
SAR,4154.877777777776,316.0,89.526
SAR,4177.044444444443,285.0,89.526
SAR,4201.044444444443,216.0,89.526
SAR,4210.02222222222,202.0,89.526
SAR,4227.177777777776,193.0,89.526
SAR,4243.62222222222,185.0,89.526
SAR,4264.066666666665,184.0,89.526
SAR,4281.399999999998,195.0,89.526
SAR,4295.056666666665,204.0,89.526
SAR,4311.467777777776,211.0,89.526
SAR,4320.978888888887,214.0,89.526
SAR,4340.623333333331,221.0,89.526
SAR,4355.956666666665,230.0,89.526
SAR,4374.234444444443,235.0,89.526
SAR,4390.234166666665,241.0,89.526
SAR,4414.834166666666,246.0,89.526
SAR,4428.723055555554,250.0,89.526
SAR,4448.47861111111,254.0,89.526
SAR,4462.756388888888,257.0,89.526
SAR,4483.056388888888,261.0,89.526
SAR,4497.6675,263.0,89.526
SAR,4524.367499999999,267.0,89.526
SAR,4536.367499999999,270.0,89.526
SAR,4551.478611111111,272.0,89.526
SAR,4569.87861111111,276.0,89.526
SAR,4591.3452777777775,276.0,89.526
SAR,4616.500833333333,283.0,89.526
SAR,4635.434166666667,284.0,89.526
SAR,4657.600833333334,285.0,89.526
SAR,4686.600833333334,290.0,89.526
SAR,4702.8230555555565,292.0,89.526
SAR,4715.800833333334,292.0,89.526
SAR,4732.023055555556,292.0,89.526
SAR,4745.311944444445,299.0,89.526
SAR,4758.689722222222,301.0,89.526
SAR,4778.973888888889,303.0,89.526
SAR,4799.307222222222,305.0,89.526
SAR,4823.1849999999995,307.0,89.526
SAR,4921.0975,315.0,89.526
SAR,4938.708611111111,317.0,89.526
SAR,4959.908611111112,318.0,89.526
SAR,4991.8086111111115,319.0,89.526
SAR,5016.853055555556,322.0,89.526
SAR,5038.386388888889,323.0,89.526
SAR,5070.886388888889,325.0,89.526
SAR,5092.619722222222,326.0,89.526
SAR,5107.153055555556,327.0,89.526
SAR,5132.586388888889,327.0,89.526
SAR,5161.830833333334,329.0,89.526
SAR,5176.453055555557,329.0,89.526
SAR,5198.386388888891,329.0,89.526
SAR,5213.053055555557,330.0,89.526
SAR,5235.053055555556,330.0,89.526
SAR,5264.38638888889,330.0,89.526
SAR,5300.830833333333,328.0,89.526
SAR,5329.986388888889,328.0,89.526
SAR,5362.777222222222,327.0,89.526
SAR,5383.710555555556,314.0,89.526
SAR,5402.310555555556,279.0,89.526
SAR,5420.199444444444,230.0,89.526
SAR,5429.177222222222,202.0,89.526
SAR,5437.666111111111,191.0,89.526
SAR,5454.888333333332,155.0,89.526
SAR,5466.088333333332,144.0,89.526
SAR,5472.271666666666,140.0,89.526
SAR,5482.149444444443,127.0,89.526
SAR,5487.660555555554,124.0,89.526
SAR,5497.971666666665,116.0,89.526
SAR,5504.360555555554,115.0,89.526
SAR,5514.31611111111,112.0,89.526
SAR,5519.160555555554,109.0,89.526
SAR,5527.871666666665,112.0,89.526
SAR,5540.071666666665,122.0,89.526
SAR,5547.071666666665,126.0,89.526
SAR,5555.8049999999985,131.0,89.526
SAR,5561.938333333332,138.0,89.526
SAR,5571.738333333332,147.0,89.526
SAR,5578.71611111111,157.0,89.526
SAR,5587.71611111111,162.0,89.526
SAR,5603.71611111111,180.0,89.526
SAR,5618.649444444443,192.0,89.526
SAR,5627.316111111109,195.0,89.526
SAR,5636.338333333331,203.0,89.526
SAR,5660.286944444443,215.0,89.526
SAR,5685.398055555554,226.0,89.526
SAR,5695.664722222221,231.0,89.526
SAR,5708.609166666664,233.0,89.526
SAR,5727.275833333331,240.0,89.526
SAR,5743.675833333332,246.0,89.526
SAR,5757.56472222222,250.0,89.526
SAR,5783.16472222222,256.0,89.526
SAR,5809.3916666666655,263.0,89.526
SAR,5821.213888888888,266.0,89.526
SAR,5839.147222222221,269.0,89.526
SAR,5851.280555555555,273.0,89.526
SAR,5891.869444444444,281.0,89.526
SAR,5913.958333333333,284.0,89.526
SAR,5933.091666666666,287.0,89.526
SAR,5952.425,290.0,89.526
SAR,5965.358333333334,291.0,89.526
SAR,5978.469444444444,295.0,89.526
SAR,5995.080555555555,299.0,89.526
SAR,6015.147222222222,301.0,89.526
SAR,6028.613888888888,303.0,89.526
SAR,6055.813888888889,306.0,89.526
