Driver,Distance,Speed,LapTimeSec
VER,7.532777777777777,298.0,89.179
VER,20.910555555555554,301.0,89.179
VER,44.483333333333334,302.0,89.179
VER,68.36111111111111,307.0,89.179
VER,99.3611111111111,310.0,89.179
VER,120.09444444444443,311.0,89.179
VER,151.59444444444443,315.0,89.179
VER,165.59444444444443,315.0,89.179
VER,186.66111111111113,316.0,89.179
VER,221.99444444444444,318.0,89.179
VER,246.80555555555554,319.0,89.179
VER,275.16111111111115,319.0,89.179
VER,296.4277777777778,319.0,89.179
VER,317.82777777777784,321.0,89.179
VER,342.7166666666667,320.0,89.179
VER,364.1166666666667,321.0,89.179
VER,403.2608333333333,321.0,89.179
VER,424.66083333333336,321.0,89.179
VER,449.70527777777784,322.0,89.179
VER,478.23861111111114,321.0,89.179
VER,492.5497222222223,322.0,89.179
VER,517.5941666666668,322.0,89.179
VER,553.3719444444446,322.0,89.179
VER,574.7719444444446,321.0,89.179
VER,595.705277777778,314.0,89.179
VER,622.0783333333335,263.0,89.179
VER,632.3005555555558,230.0,89.179
VER,643.6338888888891,204.0,89.179
VER,653.5783333333336,179.0,89.179
VER,664.1116666666669,158.0,89.179
VER,674.922777777778,139.0,89.179
VER,681.4783333333336,118.0,89.179
VER,692.8116666666668,102.0,89.179
VER,702.0338888888891,83.0,89.179
VER,705.5005555555558,78.0,89.179
VER,709.722777777778,76.0,89.179
VER,712.9672222222224,73.0,89.179
VER,716.9116666666669,71.0,89.179
VER,723.3116666666668,72.0,89.179
VER,727.4783333333335,75.0,89.179
VER,738.1450000000001,80.0,89.179
VER,748.4525000000001,93.0,89.179
VER,759.5525000000001,111.0,89.179
VER,765.0191666666668,123.0,89.179
VER,770.7080555555557,128.0,89.179
VER,783.4191666666668,143.0,89.179
VER,800.9747222222223,158.0,89.179
VER,808.3080555555557,165.0,89.179
VER,815.9080555555557,171.0,89.179
VER,827.7080555555557,177.0,89.179
VER,837.9255555555557,183.0,89.179
VER,853.0144444444445,194.0,89.179
VER,861.9477777777779,201.0,89.179
VER,873.3366666666667,205.0,89.179
VER,889.7477777777779,211.0,89.179
VER,899.3922222222222,217.0,89.179
VER,916.658888888889,222.0,89.179
VER,926.7477777777779,227.0,89.179
VER,942.2144444444446,232.0,89.179
VER,963.37,238.0,89.179
VER,974.1255555555556,242.0,89.179
VER,993.3366666666668,247.0,89.179
VER,1007.2811111111112,251.0,89.179
VER,1027.2700000000002,257.0,89.179
VER,1044.47,258.0,89.179
VER,1065.081111111111,265.0,89.179
VER,1077.0366666666666,269.0,89.179
VER,1101.3033333333333,273.0,89.179
VER,1119.7699999999998,277.0,89.179
VER,1141.3924999999997,279.0,89.179
VER,1163.4813888888887,284.0,89.179
VER,1176.2369444444441,287.0,89.179
VER,1198.714722222222,289.0,89.179
VER,1211.6480555555552,291.0,89.179
VER,1227.9258333333332,293.0,89.179
VER,1267.5258333333334,297.0,89.179
VER,1300.9702777777777,301.0,89.179
VER,1317.8319444444444,302.0,89.179
VER,1334.6652777777776,303.0,89.179
VER,1351.609722222222,305.0,89.179
VER,1372.009722222222,306.0,89.179
VER,1400.009722222222,280.0,89.179
VER,1418.2097222222221,234.0,89.179
VER,1429.7652777777776,208.0,89.179
VER,1440.2652777777776,189.0,89.179
VER,1455.020833333333,166.0,89.179
VER,1468.1763888888886,148.0,89.179
VER,1475.9541666666664,140.0,89.179
VER,1488.7541666666664,128.0,89.179
VER,1494.309722222222,125.0,89.179
VER,1501.0874999999999,122.0,89.179
VER,1509.0874999999999,120.0,89.179
VER,1543.8430555555553,136.0,89.179
VER,1551.6372222222221,141.0,89.179
VER,1565.237222222222,153.0,89.179
VER,1579.9038888888888,165.0,89.179
VER,1593.5927777777777,176.0,89.179
VER,1603.3705555555555,176.0,89.179
VER,1620.7038888888887,195.0,89.179
VER,1629.6372222222221,201.0,89.179
VER,1638.7483333333332,205.0,89.179
VER,1650.6966666666665,214.0,89.179
VER,1665.3633333333332,220.0,89.179
VER,1683.0188888888886,227.0,89.179
VER,1693.1966666666663,229.0,89.179
VER,1706.1966666666663,234.0,89.179
VER,1732.974444444444,241.0,89.179
VER,1763.4077777777775,249.0,89.179
VER,1777.4077777777775,252.0,89.179
VER,1788.6966666666665,254.0,89.179
VER,1808.2188888888886,251.0,89.179
VER,1836.3299999999997,230.0,89.179
VER,1846.3744444444442,226.0,89.179
VER,1861.0411111111107,220.0,89.179
VER,1873.152222222222,218.0,89.179
VER,1882.8855555555554,219.0,89.179
VER,1897.6855555555553,222.0,89.179
VER,1912.8188888888885,227.0,89.179
VER,1922.952222222222,228.0,89.179
VER,1938.6855555555555,236.0,89.179
VER,1959.8636111111111,239.0,89.179
VER,1975.7969444444445,239.0,89.179
VER,1997.3969444444444,243.0,89.179
VER,2013.796944444444,246.0,89.179
VER,2024.7747222222222,247.0,89.179
VER,2041.3747222222223,249.0,89.179
VER,2055.4302777777775,253.0,89.179
VER,2078.346111111111,257.0,89.179
VER,2095.7461111111106,261.0,89.179
VER,2113.0127777777775,259.0,89.179
VER,2126.123888888889,236.0,89.179
VER,2137.901666666666,212.0,89.179
VER,2153.901666666666,180.0,89.179
VER,2169.790555555555,143.0,89.179
VER,2175.6127777777774,131.0,89.179
VER,2185.7461111111106,114.0,89.179
VER,2195.8461111111105,101.0,89.179
VER,2205.9572222222214,91.0,89.179
VER,2213.6905555555545,87.0,89.179
VER,2220.9794444444433,82.0,89.179
VER,2225.3683333333324,79.0,89.179
VER,2228.9683333333323,81.0,89.179
VER,2238.301666666666,84.0,89.179
VER,2242.1683333333326,87.0,89.179
VER,2248.5016666666656,95.0,89.179
VER,2254.112777777777,101.0,89.179
VER,2261.349166666666,109.0,89.179
VER,2272.2824999999993,123.0,89.179
VER,2283.0936111111105,139.0,89.179
VER,2289.8047222222217,151.0,89.179
VER,2298.6936111111104,160.0,89.179
VER,2309.6936111111104,165.0,89.179
VER,2319.526944444444,177.0,89.179
VER,2332.1124999999993,188.0,89.179
VER,2340.601388888888,191.0,89.179
VER,2362.934722222221,201.0,89.179
VER,2381.7791666666653,212.0,89.179
VER,2406.4458333333323,222.0,89.179
VER,2419.056944444443,227.0,89.179
VER,2436.9458333333323,230.0,89.179
VER,2450.0569444444436,236.0,89.179
VER,2465.92361111111,238.0,89.179
VER,2482.2569444444434,245.0,89.179
VER,2496.0347222222213,248.0,89.179
VER,2521.3347222222214,253.0,89.179
VER,2541.3236111111105,257.0,89.179
VER,2561.4680555555547,259.0,89.179
VER,2580.3680555555547,243.0,89.179
VER,2590.7236111111106,233.0,89.179
VER,2600.279166666666,215.0,89.179
VER,2613.479166666666,198.0,89.179
VER,2626.7791666666662,171.0,89.179
VER,2636.604722222222,148.0,89.179
VER,2651.7602777777774,124.0,89.179
VER,2658.0380555555553,113.0,89.179
VER,2665.738055555555,99.0,89.179
VER,2670.9047222222216,93.0,89.179
VER,2676.704722222222,87.0,89.179
VER,2682.127222222222,81.0,89.179
VER,2685.727222222222,81.0,89.179
VER,2690.7938888888884,76.0,89.179
VER,2696.0605555555553,79.0,89.179
VER,2703.260555555555,81.0,89.179
VER,2709.0605555555553,87.0,89.179
VER,2713.1494444444443,92.0,89.179
VER,2720.016111111111,103.0,89.179
VER,2724.7716666666665,107.0,89.179
VER,2729.9716666666664,117.0,89.179
VER,2741.7938888888884,133.0,89.179
VER,2756.7938888888884,150.0,89.179
VER,2766.0161111111106,166.0,89.179
VER,2773.571666666666,170.0,89.179
VER,2789.927222222221,184.0,89.179
VER,2811.81611111111,197.0,89.179
VER,2835.7049999999986,215.0,89.179
VER,2847.9827777777764,221.0,89.179
VER,2863.3827777777765,231.0,89.179
VER,2881.9716666666654,239.0,89.179
VER,2909.5691666666653,249.0,89.179
VER,2923.680277777776,254.0,89.179
VER,2946.7913888888875,260.0,89.179
VER,2964.3247222222208,263.0,89.179
VER,2982.258055555554,269.0,89.179
VER,3003.5672222222206,273.0,89.179
VER,3028.367222222221,279.0,89.179
VER,3044.0338888888873,282.0,89.179
VER,3056.6116666666653,283.0,89.179
VER,3072.4449999999983,285.0,89.179
VER,3085.2894444444432,289.0,89.179
VER,3108.078333333332,293.0,89.179
VER,3127.744999999998,295.0,89.179
VER,3144.2449999999985,297.0,89.179
VER,3170.911666666665,300.0,89.179
VER,3194.4783333333316,303.0,89.179
VER,3207.9894444444426,304.0,89.179
VER,3238.6894444444424,307.0,89.179
VER,3252.3783333333317,308.0,89.179
VER,3283.3783333333317,310.0,89.179
VER,3309.689444444443,296.0,89.179
VER,3330.4561111111097,267.0,89.179
VER,3348.8116666666656,236.0,89.179
VER,3367.211666666665,207.0,89.179
VER,3391.211666666665,180.0,89.179
VER,3402.6116666666653,171.0,89.179
VER,3418.9661111111095,164.0,89.179
VER,3426.121666666665,161.0,89.179
VER,3442.721666666665,166.0,89.179
VER,3454.1883333333317,172.0,89.179
VER,3468.394444444443,182.0,89.179
VER,3492.227777777776,195.0,89.179
VER,3501.116666666665,200.0,89.179
VER,3512.449999999998,204.0,89.179
VER,3526.449999999998,210.0,89.179
VER,3536.005555555553,215.0,89.179
VER,3558.1055555555536,221.0,89.179
VER,3568.1055555555536,225.0,89.179
VER,3583.305555555554,228.0,89.179
VER,3601.427777777776,233.0,89.179
VER,3619.9388888888866,238.0,89.179
VER,3641.6277777777755,244.0,89.179
VER,3658.094444444442,247.0,89.179
VER,3674.8277777777757,251.0,89.179
VER,3697.4944444444423,255.0,89.179
VER,3726.049999999998,257.0,89.179
VER,3737.561111111109,259.0,89.179
VER,3760.583333333331,259.0,89.179
VER,3772.1388888888864,260.0,89.179
VER,3792.4388888888866,261.0,89.179
VER,3818.6388888888864,262.0,89.179
VER,3833.2874999999985,265.0,89.179
VER,3856.9319444444427,266.0,89.179
VER,3874.7319444444424,267.0,89.179
VER,3886.6430555555544,268.0,89.179
VER,3907.7180555555537,270.0,89.179
VER,3925.7847222222213,271.0,89.179
VER,3959.395833333332,275.0,89.179
VER,3974.062499999999,264.0,89.179
VER,3995.662499999999,216.0,89.179
VER,4004.4624999999987,198.0,89.179
VER,4023.129166666665,168.0,89.179
VER,4035.573611111109,160.0,89.179
VER,4043.9624999999983,151.0,89.179
VER,4052.1291666666652,147.0,89.179
VER,4060.0180555555544,142.0,89.179
VER,4075.5736111111096,140.0,89.179
VER,4081.9291666666654,143.0,89.179
VER,4095.0847222222205,148.0,89.179
VER,4101.88472222222,153.0,89.179
VER,4112.084722222221,153.0,89.179
VER,4123.351388888887,169.0,89.179
VER,4133.07361111111,175.0,89.179
VER,4147.695833333332,188.0,89.179
VER,4162.784722222221,194.0,89.179
VER,4176.38472222222,204.0,89.179
VER,4190.5180555555535,212.0,89.179
VER,4200.102222222221,217.0,89.179
VER,4217.602222222221,225.0,89.179
VER,4230.435555555555,231.0,89.179
VER,4246.102222222221,235.0,89.179
VER,4278.970555555554,246.0,89.179
VER,4304.070555555554,251.0,89.179
VER,4332.737222222221,258.0,89.179
VER,4344.337222222221,261.0,89.179
VER,4356.02611111111,263.0,89.179
VER,4379.759444444443,267.0,89.179
VER,4403.8483333333315,271.0,89.179
VER,4415.937222222221,272.0,89.179
VER,4431.214999999999,275.0,89.179
VER,4452.914999999998,279.0,89.179
VER,4471.581666666665,280.0,89.179
VER,4484.070555555554,281.0,89.179
VER,4502.93722222222,283.0,89.179
VER,4518.770555555554,285.0,89.179
VER,4537.8372222222215,286.0,89.179
VER,4557.037222222221,288.0,89.179
VER,4586.037222222221,290.0,89.179
VER,4602.148333333333,290.0,89.179
VER,4628.103888888888,292.0,89.179
VER,4647.703888888888,294.0,89.179
VER,4660.770555555555,294.0,89.179
VER,4680.437222222221,295.0,89.179
VER,4706.748333333333,296.0,89.179
VER,4726.399444444443,296.0,89.179
VER,4749.421666666665,296.0,89.179
VER,4765.810555555554,295.0,89.179
VER,4783.751666666665,268.0,89.179
VER,4796.251666666665,225.0,89.179
VER,4816.473888888888,182.0,89.179
VER,4824.162777777777,173.0,89.179
VER,4834.49611111111,155.0,89.179
VER,4842.718333333332,148.0,89.179
VER,4849.162777777777,145.0,89.179
VER,4856.99611111111,141.0,89.179
VER,4864.607222222221,137.0,89.179
VER,4875.107222222221,135.0,89.179
VER,4881.018333333332,133.0,89.179
VER,4887.018333333332,135.0,89.179
VER,4901.218333333331,142.0,89.179
VER,4918.440555555554,155.0,89.179
VER,4927.607222222221,165.0,89.179
VER,4945.307222222221,177.0,89.179
VER,4957.90722222222,189.0,89.179
VER,4980.240555555554,201.0,89.179
VER,4994.107222222221,208.0,89.179
VER,5013.396111111109,217.0,89.179
VER,5025.729444444443,222.0,89.179
VER,5038.284999999999,226.0,89.179
VER,5048.59611111111,232.0,89.179
VER,5067.107222222221,238.0,89.179
VER,5077.707222222221,240.0,89.179
VER,5094.107222222221,246.0,89.179
VER,5107.829444444444,247.0,89.179
VER,5127.655555555555,254.0,89.179
VER,5138.988888888888,255.0,89.179
VER,5153.377777777777,259.0,89.179
VER,5176.666666666665,262.0,89.179
VER,5188.399999999998,264.0,89.179
VER,5203.233333333332,267.0,89.179
VER,5236.355555555554,271.0,89.179
VER,5248.533333333332,274.0,89.179
VER,5266.799999999999,274.0,89.179
VER,5279.199999999999,279.0,89.179
VER,5294.866666666666,282.0,89.179
VER,5317.11111111111,286.0,89.179
VER,5349.333333333332,290.0,89.179
LEC,6.083333333333333,292.0,89.165
LEC,19.105555555555554,293.0,89.165
LEC,38.83888888888889,296.0,89.165
LEC,55.394444444444446,298.0,89.165
LEC,75.39444444444445,300.0,89.165
LEC,95.52777777777777,302.0,89.165
LEC,126.11249999999998,305.0,89.165
LEC,146.5125,306.0,89.165
LEC,184.15694444444443,308.0,89.165
LEC,197.89027777777773,309.0,89.165
LEC,218.5569444444444,310.0,89.165
LEC,232.3791666666666,311.0,89.165
LEC,249.6569444444444,311.0,89.165
LEC,280.8569444444444,312.0,89.165
LEC,308.7680555555556,314.0,89.165
LEC,336.7680555555556,315.0,89.165
LEC,354.2680555555556,315.0,89.165
LEC,375.33472222222224,316.0,89.165
LEC,389.3791666666667,316.0,89.165
LEC,403.4236111111112,316.0,89.165
LEC,420.97916666666674,316.0,89.165
LEC,452.6908333333334,318.0,89.165
LEC,477.4241666666667,318.0,89.165
LEC,498.6908333333334,319.0,89.165
LEC,512.8686111111111,319.0,89.165
LEC,527.0019444444445,318.0,89.165
LEC,558.8019444444444,318.0,89.165
LEC,576.4130555555555,317.0,89.165
LEC,610.0797222222222,303.0,89.165
LEC,621.9463888888889,267.0,89.165
LEC,642.3908333333334,230.0,89.165
LEC,657.7880555555556,230.0,89.165
LEC,667.7213888888889,149.0,89.165
LEC,677.9102777777779,131.0,89.165
LEC,690.1325,100.0,89.165
LEC,695.1880555555556,91.0,89.165
LEC,699.7991666666667,83.0,89.165
LEC,707.2991666666667,75.0,89.165
LEC,711.1880555555556,70.0,89.165
LEC,714.2991666666667,70.0,89.165
LEC,720.0769444444445,65.0,89.165
LEC,724.5436111111112,67.0,89.165
LEC,728.4880555555557,71.0,89.165
LEC,736.2880555555557,78.0,89.165
LEC,739.9325000000002,82.0,89.165
LEC,743.7547222222224,86.0,89.165
LEC,751.2213888888891,96.0,89.165
LEC,756.970277777778,104.0,89.165
LEC,761.8147222222225,109.0,89.165
LEC,773.1925000000002,128.0,89.165
LEC,785.5480555555558,139.0,89.165
LEC,795.6147222222226,151.0,89.165
LEC,802.4591666666669,154.0,89.165
LEC,817.1258333333335,165.0,89.165
LEC,830.6591666666669,174.0,89.165
LEC,849.2591666666669,186.0,89.165
LEC,857.6591666666669,189.0,89.165
LEC,885.1830555555558,206.0,89.165
LEC,909.4052777777781,218.0,89.165
LEC,929.4052777777781,225.0,89.165
LEC,950.1163888888891,233.0,89.165
LEC,965.9163888888892,237.0,89.165
LEC,984.8163888888892,243.0,89.165
LEC,1004.2608333333337,250.0,89.165
LEC,1018.3163888888893,253.0,89.165
LEC,1035.4497222222228,257.0,89.165
LEC,1050.0052777777782,262.0,89.165
LEC,1076.8052777777782,268.0,89.165
LEC,1094.8719444444448,271.0,89.165
LEC,1113.1386111111117,274.0,89.165
LEC,1134.8386111111117,279.0,89.165
LEC,1156.6936111111117,282.0,89.165
LEC,1191.649166666667,286.0,89.165
LEC,1207.649166666667,288.0,89.165
LEC,1227.115833333334,292.0,89.165
LEC,1256.615833333334,295.0,89.165
LEC,1293.0380555555562,298.0,89.165
LEC,1333.3047222222228,302.0,89.165
LEC,1346.726944444445,302.0,89.165
LEC,1360.3225000000004,304.0,89.165
LEC,1380.4558333333339,302.0,89.165
LEC,1403.9447222222225,302.0,89.165
LEC,1418.1669444444447,256.0,89.165
LEC,1434.8113888888893,214.0,89.165
LEC,1448.7336111111115,179.0,89.165
LEC,1456.3336111111114,171.0,89.165
LEC,1470.9336111111113,146.0,89.165
LEC,1480.2669444444446,140.0,89.165
LEC,1494.7113888888891,130.0,89.165
LEC,1500.400277777778,128.0,89.165
LEC,1506.0447222222224,127.0,89.165
LEC,1515.9225000000001,127.0,89.165
LEC,1525.8780555555556,128.0,89.165
LEC,1542.1336111111113,133.0,89.165
LEC,1548.2225000000003,137.0,89.165
LEC,1554.578055555556,143.0,89.165
LEC,1562.6486111111114,146.0,89.165
LEC,1573.0486111111115,156.0,89.165
LEC,1584.1152777777781,166.0,89.165
LEC,1591.6708333333338,170.0,89.165
LEC,1606.2152777777783,187.0,89.165
LEC,1625.8152777777782,196.0,89.165
LEC,1637.0375000000004,202.0,89.165
LEC,1646.193055555556,206.0,89.165
LEC,1719.6808333333336,236.0,89.165
LEC,1738.5808333333337,243.0,89.165
LEC,1754.9808333333335,246.0,89.165
LEC,1777.3808333333336,252.0,89.165
LEC,1791.4363888888893,253.0,89.165
LEC,1805.4919444444447,253.0,89.165
LEC,1824.1586111111112,240.0,89.165
LEC,1839.3586111111113,228.0,89.165
LEC,1856.4697222222223,220.0,89.165
LEC,1866.2475000000002,220.0,89.165
LEC,1883.2808333333332,219.0,89.165
LEC,1898.0141666666666,221.0,89.165
LEC,1920.6141666666665,226.0,89.165
LEC,1936.0141666666664,231.0,89.165
LEC,1946.5030555555552,236.0,89.165
LEC,1959.6697222222217,237.0,89.165
LEC,1975.5366666666662,239.0,89.165
LEC,1996.9588888888884,241.0,89.165
LEC,2013.1588888888884,243.0,89.165
LEC,2026.7699999999993,245.0,89.165
LEC,2046.136666666666,249.0,89.165
LEC,2065.658888888888,251.0,89.165
LEC,2082.725555555555,256.0,89.165
LEC,2099.9922222222217,259.0,89.165
LEC,2117.458888888888,262.0,89.165
LEC,2129.131388888888,261.0,89.165
LEC,2146.398055555555,222.0,89.165
LEC,2157.1758333333323,194.0,89.165
LEC,2169.6202777777767,160.0,89.165
LEC,2181.6202777777767,135.0,89.165
LEC,2186.9980555555544,121.0,89.165
LEC,2193.2202777777766,112.0,89.165
LEC,2200.15361111111,104.0,89.165
LEC,2204.509166666666,98.0,89.165
LEC,2212.509166666666,90.0,89.165
LEC,2216.2869444444436,85.0,89.165
LEC,2222.6647222222214,82.0,89.165
LEC,2227.05361111111,79.0,89.165
LEC,2234.0758333333324,79.0,89.165
LEC,2238.631388888888,82.0,89.165
LEC,2245.2424999999994,85.0,89.165
LEC,2250.131388888888,88.0,89.165
LEC,2262.231388888888,99.0,89.165
LEC,2275.4205555555545,119.0,89.165
LEC,2284.0205555555544,129.0,89.165
LEC,2290.1983333333324,139.0,89.165
LEC,2308.087222222221,161.0,89.165
LEC,2329.8427777777765,178.0,89.165
LEC,2353.7983333333323,196.0,89.165
LEC,2369.6436111111097,203.0,89.165
LEC,2388.2213888888878,209.0,89.165
LEC,2402.8880555555547,220.0,89.165
LEC,2417.8213888888877,224.0,89.165
LEC,2443.3769444444433,230.0,89.165
LEC,2453.8658333333324,236.0,89.165
LEC,2467.199166666666,240.0,89.165
LEC,2486.3324999999986,246.0,89.165
LEC,2505.776944444443,250.0,89.165
LEC,2525.454722222221,253.0,89.165
LEC,2551.254722222221,258.0,89.165
LEC,2568.3880555555547,257.0,89.165
LEC,2579.94361111111,260.0,89.165
LEC,2594.332499999999,259.0,89.165
LEC,2612.0658333333326,228.0,89.165
LEC,2626.688055555555,188.0,89.165
LEC,2637.9547222222213,169.0,89.165
LEC,2651.110277777777,148.0,89.165
LEC,2661.979999999999,109.0,89.165
LEC,2671.2244444444436,104.0,89.165
LEC,2676.113333333333,88.0,89.165
LEC,2682.4911111111105,82.0,89.165
LEC,2686.0911111111104,81.0,89.165
LEC,2689.6022222222214,79.0,89.165
LEC,2693.879999999999,77.0,89.165
LEC,2701.701666666666,78.0,89.165
LEC,2711.4794444444437,88.0,89.165
LEC,2722.3683333333324,98.0,89.165
LEC,2726.857222222221,101.0,89.165
LEC,2738.757222222221,119.0,89.165
LEC,2750.668333333332,134.0,89.165
LEC,2768.0016666666656,156.0,89.165
LEC,2775.3794444444434,166.0,89.165
LEC,2782.9794444444433,171.0,89.165
LEC,2797.3683333333324,185.0,89.165
LEC,2810.301666666666,194.0,89.165
LEC,2833.523888888888,209.0,89.165
LEC,2850.5572222222213,219.0,89.165
LEC,2863.112777777777,226.0,89.165
LEC,2875.7794444444435,228.0,89.165
LEC,2894.212777777777,237.0,89.165
LEC,2918.712777777777,245.0,89.165
LEC,2941.4858333333327,257.0,89.165
LEC,2961.8636111111105,262.0,89.165
LEC,2982.5524999999993,266.0,89.165
LEC,3003.6302777777764,271.0,89.165
LEC,3037.730277777777,279.0,89.165
LEC,3050.174722222221,280.0,89.165
LEC,3069.1869444444433,284.0,89.165
LEC,3091.509166666666,287.0,89.165
LEC,3104.398055555555,290.0,89.165
LEC,3123.7980555555546,291.0,89.165
LEC,3150.1091666666657,296.0,89.165
LEC,3173.2869444444436,298.0,89.165
LEC,3193.4202777777773,302.0,89.165
LEC,3213.6202777777767,303.0,89.165
LEC,3230.5647222222215,305.0,89.165
LEC,3251.031388888888,307.0,89.165
LEC,3275.0647222222215,309.0,89.165
LEC,3299.0980555555543,309.0,89.165
LEC,3326.386944444443,307.0,89.165
LEC,3351.2869444444436,249.0,89.165
LEC,3363.786944444443,225.0,89.165
LEC,3377.786944444443,210.0,89.165
LEC,3386.586944444443,198.0,89.165
LEC,3395.164722222221,193.0,89.165
LEC,3407.2313888888875,181.0,89.165
LEC,3420.8424999999984,175.0,89.165
LEC,3432.12861111111,170.0,89.165
LEC,3449.52861111111,174.0,89.165
LEC,3459.250833333332,175.0,89.165
LEC,3469.02861111111,176.0,89.165
LEC,3487.52861111111,185.0,89.165
LEC,3497.806388888888,185.0,89.165
LEC,3508.8063888888873,198.0,89.165
LEC,3522.6638888888874,207.0,89.165
LEC,3536.730555555554,211.0,89.165
LEC,3546.3305555555544,216.0,89.165
LEC,3563.3638888888872,219.0,89.165
LEC,3588.9194444444433,230.0,89.165
LEC,3601.8638888888877,233.0,89.165
LEC,3612.3527777777767,236.0,89.165
LEC,3631.0194444444433,240.0,89.165
LEC,3658.3527777777763,246.0,89.165
LEC,3689.152777777776,252.0,89.165
LEC,3711.9083333333315,256.0,89.165
LEC,3726.241666666665,258.0,89.165
LEC,3737.663888888887,257.0,89.165
LEC,3757.8861111111087,260.0,89.165
LEC,3778.2638888888864,262.0,89.165
LEC,3807.5972222222204,264.0,89.165
LEC,3822.2638888888873,264.0,89.165
LEC,3840.063888888887,267.0,89.165
LEC,3866.7894444444432,268.0,89.165
LEC,3893.6894444444433,269.0,89.165
LEC,3911.7561111111095,271.0,89.165
LEC,3942.3116666666656,275.0,89.165
LEC,3957.644999999998,276.0,89.165
LEC,3975.853888888887,272.0,89.165
LEC,3986.87611111111,248.0,89.165
LEC,3997.8983333333317,248.0,89.165
LEC,4022.5649999999987,185.0,89.165
LEC,4037.4983333333316,168.0,89.165
LEC,4047.8983333333313,156.0,89.165
LEC,4059.642777777776,151.0,89.165
LEC,4066.2649999999985,149.0,89.165
LEC,4080.8649999999984,146.0,89.165
LEC,4089.0316666666645,147.0,89.165
LEC,4100.620555555553,149.0,89.165
LEC,4110.753888888888,152.0,89.165
LEC,4121.353888888887,159.0,89.165
LEC,4132.48722222222,167.0,89.165
LEC,4142.209444444443,175.0,89.165
LEC,4154.47611111111,184.0,89.165
LEC,4171.720555555555,194.0,89.165
LEC,4182.942777777777,202.0,89.165
LEC,4199.431666666666,212.0,89.165
LEC,4209.076111111111,217.0,89.165
LEC,4226.576111111111,225.0,89.165
LEC,4239.289999999999,230.0,89.165
LEC,4291.012222222222,245.0,89.165
LEC,4302.078888888888,249.0,89.165
LEC,4315.967777777777,250.0,89.165
LEC,4336.028055555555,257.0,89.165
LEC,4365.250277777777,263.0,89.165
LEC,4385.939166666666,266.0,89.165
LEC,4413.0391666666665,271.0,89.165
LEC,4446.650277777778,275.0,89.165
LEC,4465.183611111111,278.0,89.165
LEC,4499.528055555556,281.0,89.165
LEC,4527.928055555556,284.0,89.165
LEC,4547.061388888889,287.0,89.165
LEC,4563.061388888889,288.0,89.165
LEC,4579.116944444445,289.0,89.165
LEC,4604.894722222222,290.0,89.165
LEC,4630.76138888889,291.0,89.165
LEC,4660.06138888889,293.0,89.165
LEC,4682.850277777778,293.0,89.165
LEC,4715.628055555556,295.0,89.165
LEC,4741.939166666668,296.0,89.165
LEC,4754.968333333334,295.0,89.165
LEC,4777.835000000001,294.0,89.165
LEC,4809.968333333334,241.0,89.165
LEC,4821.801666666668,213.0,89.165
LEC,4830.246111111112,190.0,89.165
LEC,4841.894444444446,174.0,89.165
LEC,4852.227777777779,155.0,89.165
LEC,4860.394444444446,147.0,89.165
LEC,4874.094444444446,137.0,89.165
LEC,4887.494444444445,134.0,89.165
LEC,4896.561111111112,136.0,89.165
LEC,4904.227777777779,138.0,89.165
LEC,4912.061111111112,141.0,89.165
LEC,4922.061111111112,150.0,89.165
LEC,4930.727777777779,156.0,89.165
LEC,4939.894444444446,165.0,89.165
LEC,4947.405555555557,169.0,89.165
LEC,4955.3166666666675,178.0,89.165
LEC,4972.116666666668,189.0,89.165
LEC,4983.005555555556,196.0,89.165
LEC,4992.072222222223,204.0,89.165
LEC,5001.227777777778,206.0,89.165
LEC,5018.027777777778,216.0,89.165
LEC,5035.216666666667,221.0,89.165
LEC,5053.183333333334,231.0,89.165
LEC,5068.916666666667,236.0,89.165
LEC,5084.916666666668,240.0,89.165
LEC,5103.894444444446,244.0,89.165
LEC,5120.558055555556,251.0,89.165
LEC,5137.4913888888905,254.0,89.165
LEC,5160.1580555555565,255.0,89.165
LEC,5177.624722222224,262.0,89.165
LEC,5195.431944444445,266.0,89.165
LEC,5216.2763888888885,268.0,89.165
LEC,5249.520833333334,272.0,89.165
LEC,5261.654166666667,273.0,89.165
LEC,5283.354166666667,279.0,89.165
LEC,5299.020833333334,282.0,89.165
LEC,5311.5986111111115,283.0,89.165
LEC,5324.265277777778,285.0,89.165
LEC,5343.598611111111,290.0,89.165
LEC,5369.465277777778,291.0,89.165
RUS,10.023333333333333,291.0,89.485
RUS,39.34166666666667,294.0,89.485
RUS,52.40833333333334,294.0,89.485
RUS,72.20833333333334,297.0,89.485
RUS,85.45277777777778,298.0,89.485
RUS,102.11944444444447,300.0,89.485
RUS,125.53055555555557,301.0,89.485
RUS,149.01944444444445,302.0,89.485
RUS,169.28611111111113,304.0,89.485
RUS,189.55277777777778,304.0,89.485
RUS,203.1527777777778,306.0,89.485
RUS,230.44166666666666,307.0,89.485
RUS,244.13055555555556,308.0,89.485
RUS,264.73055555555555,309.0,89.485
RUS,288.8497222222222,309.0,89.485
RUS,319.9497222222222,311.0,89.485
RUS,350.9497222222222,310.0,89.485
RUS,368.22749999999996,311.0,89.485
RUS,382.0497222222222,311.0,89.485
RUS,399.3830555555556,312.0,89.485
RUS,420.1830555555556,312.0,89.485
RUS,440.98305555555555,312.0,89.485
RUS,468.8052777777778,313.0,89.485
RUS,496.62750000000005,313.0,89.485
RUS,517.4941666666666,313.0,89.485
RUS,541.838611111111,313.0,89.485
RUS,555.7052777777777,312.0,89.485
RUS,597.038611111111,310.0,89.485
RUS,624.4622222222222,275.0,89.485
RUS,640.3288888888889,238.0,89.485
RUS,657.5288888888889,172.0,89.485
RUS,672.1955555555555,132.0,89.485
RUS,677.2622222222222,114.0,89.485
RUS,684.328888888889,106.0,89.485
RUS,689.7177777777779,97.0,89.485
RUS,693.8511111111112,93.0,89.485
RUS,700.6955555555556,88.0,89.485
RUS,705.8955555555557,78.0,89.485
RUS,714.1383333333334,74.0,89.485
RUS,719.3494444444445,67.0,89.485
RUS,723.9494444444446,69.0,89.485
RUS,727.1050000000001,71.0,89.485
RUS,732.8605555555557,74.0,89.485
RUS,736.2827777777779,77.0,89.485
RUS,740.0605555555558,85.0,89.485
RUS,751.0605555555558,99.0,89.485
RUS,762.3605555555557,113.0,89.485
RUS,767.7827777777779,122.0,89.485
RUS,778.4383333333335,137.0,89.485
RUS,792.1383333333335,137.0,89.485
RUS,801.0272222222225,160.0,89.485
RUS,808.5383333333335,169.0,89.485
RUS,822.5383333333335,180.0,89.485
RUS,830.7161111111113,184.0,89.485
RUS,854.9830555555558,199.0,89.485
RUS,866.4830555555559,207.0,89.485
RUS,880.4830555555559,210.0,89.485
RUS,890.0386111111114,215.0,89.485
RUS,915.0386111111113,225.0,89.485
RUS,925.0386111111113,225.0,89.485
RUS,937.8719444444447,231.0,89.485
RUS,958.9386111111114,237.0,89.485
RUS,969.6052777777779,240.0,89.485
RUS,985.9386111111113,245.0,89.485
RUS,996.9608333333335,248.0,89.485
RUS,1016.7869444444445,254.0,89.485
RUS,1037.009166666667,260.0,89.485
RUS,1063.509166666667,265.0,89.485
RUS,1081.5091666666672,270.0,89.485
RUS,1108.909166666667,274.0,89.485
RUS,1121.1758333333337,276.0,89.485
RUS,1139.7758333333336,279.0,89.485
RUS,1171.3313888888893,284.0,89.485
RUS,1193.6536111111113,287.0,89.485
RUS,1219.4313888888892,290.0,89.485
RUS,1238.9647222222227,293.0,89.485
RUS,1258.5647222222226,294.0,89.485
RUS,1281.6647222222227,297.0,89.485
RUS,1301.598055555556,299.0,89.485
RUS,1338.0594444444448,299.0,89.485
RUS,1358.059444444445,300.0,89.485
RUS,1381.392777777778,300.0,89.485
RUS,1406.281666666667,280.0,89.485
RUS,1417.2594444444449,247.0,89.485
RUS,1434.370555555556,220.0,89.485
RUS,1454.7038888888892,183.0,89.485
RUS,1465.570555555556,163.0,89.485
RUS,1475.7038888888892,152.0,89.485
RUS,1489.6425000000004,139.0,89.485
RUS,1495.7758333333338,138.0,89.485
RUS,1503.2202777777782,134.0,89.485
RUS,1510.498055555556,131.0,89.485
RUS,1518.8313888888895,125.0,89.485
RUS,1528.6313888888894,126.0,89.485
RUS,1535.7425000000005,128.0,89.485
RUS,1551.0758333333338,138.0,89.485
RUS,1567.7425000000005,150.0,89.485
RUS,1574.8091666666671,159.0,89.485
RUS,1584.2536111111115,170.0,89.485
RUS,1592.120277777778,177.0,89.485
RUS,1602.120277777778,180.0,89.485
RUS,1619.5425000000002,196.0,89.485
RUS,1630.5980555555557,199.0,89.485
RUS,1659.3980555555556,216.0,89.485
RUS,1684.446388888889,226.0,89.485
RUS,1707.846388888889,234.0,89.485
RUS,1718.3352777777777,236.0,89.485
RUS,1729.046388888889,241.0,89.485
RUS,1750.9130555555557,246.0,89.485
RUS,1778.4686111111112,248.0,89.485
RUS,1789.6241666666667,251.0,89.485
RUS,1800.7352777777778,250.0,89.485
RUS,1817.0019444444445,244.0,89.485
RUS,1830.1786111111112,236.0,89.485
RUS,1847.9119444444445,228.0,89.485
RUS,1857.6897222222224,220.0,89.485
RUS,1869.856388888889,219.0,89.485
RUS,1886.8119444444444,218.0,89.485
RUS,1896.5008333333333,218.0,89.485
RUS,1913.5341666666664,219.0,89.485
RUS,1923.4008333333331,222.0,89.485
RUS,1938.4675,226.0,89.485
RUS,1959.0897222222222,232.0,89.485
RUS,1969.4897222222223,234.0,89.485
RUS,1987.7675000000002,235.0,89.485
RUS,2000.9341666666664,237.0,89.485
RUS,2019.3674999999998,237.0,89.485
RUS,2035.3008333333332,239.0,89.485
RUS,2054.5119444444445,247.0,89.485
RUS,2065.5341666666664,248.0,89.485
RUS,2087.7563888888885,250.0,89.485
RUS,2104.689722222222,254.0,89.485
RUS,2123.9097222222217,248.0,89.485
RUS,2141.0986111111106,221.0,89.485
RUS,2149.8986111111108,198.0,89.485
RUS,2162.809722222222,166.0,89.485
RUS,2169.7874999999995,157.0,89.485
RUS,2177.6763888888886,142.0,89.485
RUS,2193.2763888888885,117.0,89.485
RUS,2205.165277777777,107.0,89.485
RUS,2210.6927777777773,99.0,89.485
RUS,2216.1927777777773,99.0,89.485
RUS,2221.303888888888,92.0,89.485
RUS,2227.0372222222218,86.0,89.485
RUS,2234.937222222222,79.0,89.485
RUS,2241.159444444444,80.0,89.485
RUS,2245.7149999999997,82.0,89.485
RUS,2250.5483333333327,87.0,89.485
RUS,2258.992777777777,95.0,89.485
RUS,2268.503888888888,107.0,89.485
RUS,2274.8372222222215,114.0,89.485
RUS,2288.3372222222215,135.0,89.485
RUS,2294.82611111111,146.0,89.485
RUS,2303.5483333333323,157.0,89.485
RUS,2314.3483333333324,162.0,89.485
RUS,2365.714999999999,201.0,89.485
RUS,2377.157499999999,207.0,89.485
RUS,2396.26861111111,215.0,89.485
RUS,2416.26861111111,225.0,89.485
RUS,2434.079722222221,229.0,89.485
RUS,2447.0241666666657,233.0,89.485
RUS,2468.446388888888,241.0,89.485
RUS,2479.2019444444436,242.0,89.485
RUS,2490.0908333333327,245.0,89.485
RUS,2503.993333333333,249.0,89.485
RUS,2520.66,250.0,89.485
RUS,2540.5711111111104,256.0,89.485
RUS,2551.904444444444,255.0,89.485
RUS,2565.959999999999,253.0,89.485
RUS,2593.7377777777774,250.0,89.485
RUS,2618.304444444444,201.0,89.485
RUS,2628.9155555555553,191.0,89.485
RUS,2636.2488888888884,165.0,89.485
RUS,2648.4599999999996,157.0,89.485
RUS,2662.7599999999993,117.0,89.485
RUS,2667.6933333333327,111.0,89.485
RUS,2674.626666666666,104.0,89.485
RUS,2679.8488888888883,94.0,89.485
RUS,2683.893333333333,91.0,89.485
RUS,2689.626666666666,86.0,89.485
RUS,2695.1599999999994,83.0,89.485
RUS,2698.7599999999993,81.0,89.485
RUS,2703.8933333333325,77.0,89.485
RUS,2710.716388888888,77.0,89.485
RUS,2716.2497222222214,83.0,89.485
RUS,2724.2497222222214,90.0,89.485
RUS,2730.716388888888,97.0,89.485
RUS,2735.383055555555,105.0,89.485
RUS,2742.716388888888,110.0,89.485
RUS,2749.6608333333324,125.0,89.485
RUS,2762.7683333333325,147.0,89.485
RUS,2773.301666666666,158.0,89.485
RUS,2784.501666666666,168.0,89.485
RUS,2794.334999999999,177.0,89.485
RUS,2804.6683333333326,186.0,89.485
RUS,2822.712777777777,203.0,89.485
RUS,2846.8238888888877,217.0,89.485
RUS,2856.6016666666656,220.0,89.485
RUS,2876.957222222221,229.0,89.485
RUS,2900.957222222221,240.0,89.485
RUS,2928.4016666666653,247.0,89.485
RUS,2951.1572222222208,256.0,89.485
RUS,2974.4461111111095,262.0,89.485
RUS,2989.223888888887,266.0,89.485
RUS,3001.2238888888874,270.0,89.485
RUS,3032.001666666665,277.0,89.485
RUS,3044.401666666665,279.0,89.485
RUS,3063.2683333333316,283.0,89.485
RUS,3079.0461111111094,284.0,89.485
RUS,3098.0997222222204,287.0,89.485
RUS,3123.8774999999982,290.0,89.485
RUS,3146.433055555554,290.0,89.485
RUS,3159.588611111109,296.0,89.485
RUS,3176.1441666666647,298.0,89.485
RUS,3196.1441666666647,300.0,89.485
RUS,3212.8663888888864,301.0,89.485
RUS,3233.2174999999975,304.0,89.485
RUS,3246.728611111109,304.0,89.485
RUS,3280.6174999999976,305.0,89.485
RUS,3307.8174999999974,306.0,89.485
RUS,3336.595277777775,259.0,89.485
RUS,3349.595277777775,234.0,89.485
RUS,3366.473055555553,217.0,89.485
RUS,3377.584166666664,200.0,89.485
RUS,3390.117499999997,188.0,89.485
RUS,3402.1841666666637,181.0,89.485
RUS,3411.906388888886,175.0,89.485
RUS,3428.306388888886,164.0,89.485
RUS,3441.3730555555526,168.0,89.485
RUS,3454.5952777777748,170.0,89.485
RUS,3468.3619444444416,177.0,89.485
RUS,3476.495277777775,183.0,89.485
RUS,3484.806388888886,187.0,89.485
RUS,3497.8730555555526,196.0,89.485
RUS,3513.8174999999965,205.0,89.485
RUS,3527.427222222219,205.0,89.485
RUS,3554.1938888888853,219.0,89.485
RUS,3566.527222222219,222.0,89.485
RUS,3584.33833333333,229.0,89.485
RUS,3597.2272222222186,232.0,89.485
RUS,3613.027222222219,237.0,89.485
RUS,3629.0938888888854,240.0,89.485
RUS,3639.893888888885,243.0,89.485
RUS,3656.2938888888852,246.0,89.485
RUS,3672.8938888888856,249.0,89.485
RUS,3695.560555555552,255.0,89.485
RUS,3712.6272222222187,256.0,89.485
RUS,3724.0494444444407,257.0,89.485
RUS,3741.382777777774,260.0,89.485
RUS,3752.9383333333294,260.0,89.485
RUS,3764.4938888888846,260.0,89.485
RUS,3787.6938888888853,261.0,89.485
RUS,3814.0938888888854,264.0,89.485
RUS,3828.816111111108,265.0,89.485
RUS,3840.5938888888854,265.0,89.485
RUS,3864.327222222218,267.0,89.485
RUS,3894.2161111111072,269.0,89.485
RUS,3924.1049999999964,269.0,89.485
RUS,3939.216111111107,272.0,89.485
RUS,3957.349444444441,272.0,89.485
RUS,3978.427222222219,271.0,89.485
RUS,4001.923888888886,212.0,89.485
RUS,4012.7572222222184,195.0,89.485
RUS,4028.490555555552,177.0,89.485
RUS,4039.423888888885,164.0,89.485
RUS,4049.890555555552,157.0,89.485
RUS,4061.676944444441,151.0,89.485
RUS,4074.56583333333,145.0,89.485
RUS,4082.454722222218,142.0,89.485
RUS,4088.810277777774,143.0,89.485
RUS,4096.921388888885,146.0,89.485
RUS,4103.499166666663,148.0,89.485
RUS,4115.5547222222185,155.0,89.485
RUS,4126.354722222219,162.0,89.485
RUS,4135.799166666663,170.0,89.485
RUS,4152.154722222218,184.0,89.485
RUS,4167.165833333329,193.0,89.485
RUS,4176.010277777773,199.0,89.485
RUS,4197.210277777774,212.0,89.485
RUS,4206.765833333329,215.0,89.485
RUS,4229.0658333333295,223.0,89.485
RUS,4249.865833333329,234.0,89.485
RUS,4268.610277777773,241.0,89.485
RUS,4287.665833333329,245.0,89.485
RUS,4310.0658333333295,252.0,89.485
RUS,4344.865833333329,261.0,89.485
RUS,4362.465833333329,264.0,89.485
RUS,4389.390833333328,270.0,89.485
RUS,4401.390833333328,270.0,89.485
RUS,4428.990833333329,276.0,89.485
RUS,4447.457499999996,277.0,89.485
RUS,4469.313055555551,280.0,89.485
RUS,4503.901944444439,283.0,89.485
RUS,4516.5241666666625,284.0,89.485
RUS,4532.41305555555,286.0,89.485
RUS,4551.613055555551,288.0,89.485
RUS,4564.457499999995,289.0,89.485
RUS,4593.657499999995,292.0,89.485
RUS,4606.635277777772,292.0,89.485
RUS,4626.168611111106,293.0,89.485
RUS,4649.0352777777725,294.0,89.485
RUS,4671.979722222217,295.0,89.485
RUS,4698.290833333327,296.0,89.485
RUS,4718.090833333326,297.0,89.485
RUS,4737.8908333333275,297.0,89.485
RUS,4764.201944444438,296.0,89.485
RUS,4793.757499999993,266.0,89.485
RUS,4804.290833333326,237.0,89.485
RUS,4821.979722222215,199.0,89.485
RUS,4830.02416666666,181.0,89.485
RUS,4842.779722222215,164.0,89.485
RUS,4857.779722222215,150.0,89.485
RUS,4865.794999999993,145.0,89.485
RUS,4878.061666666659,138.0,89.485
RUS,4886.994999999993,134.0,89.485
RUS,4892.950555555548,134.0,89.485
RUS,4903.80027777777,139.0,89.485
RUS,4913.666944444437,148.0,89.485
RUS,4933.711388888882,164.0,89.485
RUS,4943.322499999993,173.0,89.485
RUS,4962.222499999993,189.0,89.485
RUS,4970.755833333325,192.0,89.485
RUS,4993.20027777777,202.0,89.485
RUS,5009.766944444436,213.0,89.485
RUS,5021.822499999991,217.0,89.485
RUS,5034.21138888888,223.0,89.485
RUS,5046.878055555547,228.0,89.485
RUS,5073.211388888881,237.0,89.485
RUS,5083.9224999999915,241.0,89.485
RUS,5105.878055555547,247.0,89.485
RUS,5116.855833333325,247.0,89.485
RUS,5133.722499999991,253.0,89.485
RUS,5150.855833333324,257.0,89.485
RUS,5165.244722222213,259.0,89.485
RUS,5185.700277777768,263.0,89.485
RUS,5206.311388888879,265.0,89.485
RUS,5224.244722222213,269.0,89.485
RUS,5242.378055555547,272.0,89.485
RUS,5254.435555555546,273.0,89.485
RUS,5275.9799999999905,277.0,89.485
RUS,5291.4799999999905,279.0,89.485
RUS,5310.27999999999,282.0,89.485
RUS,5348.62638888888,287.0,89.485
RUS,5377.62638888888,290.0,89.485
SAI,3.1033333333333335,294.0,89.507
SAI,33.10333333333334,300.0,89.507
SAI,46.436666666666675,300.0,89.507
SAI,63.32555555555556,304.0,89.507
SAI,83.79222222222222,307.0,89.507
SAI,164.03666666666663,314.0,89.507
SAI,181.44916666666663,315.0,89.507
SAI,209.6269444444444,317.0,89.507
SAI,237.9825,319.0,89.507
SAI,262.94916666666666,321.0,89.507
SAI,280.7825,321.0,89.507
SAI,309.40472222222223,322.0,89.507
SAI,323.71583333333336,322.0,89.507
SAI,338.02694444444444,322.0,89.507
SAI,356.0052777777778,322.0,89.507
SAI,377.4719444444444,322.0,89.507
SAI,402.51638888888886,322.0,89.507
SAI,416.8719444444444,323.0,89.507
SAI,434.7608333333333,322.0,89.507
SAI,470.53861111111104,322.0,89.507
SAI,509.7719444444444,321.0,89.507
SAI,527.6052777777777,321.0,89.507
SAI,541.8719444444444,321.0,89.507
SAI,566.9163888888887,322.0,89.507
SAI,605.7830555555554,318.0,89.507
SAI,619.1163888888888,300.0,89.507
SAI,636.6497222222221,263.0,89.507
SAI,648.4274999999999,212.0,89.507
SAI,657.0941666666665,195.0,89.507
SAI,667.6274999999998,158.0,89.507
SAI,676.7608333333332,137.0,89.507
SAI,682.2274999999998,123.0,89.507
SAI,689.4941666666665,109.0,89.507
SAI,697.7349999999998,93.0,89.507
SAI,703.3349999999998,84.0,89.507
SAI,710.1794444444442,77.0,89.507
SAI,714.9794444444442,72.0,89.507
SAI,718.0461111111109,69.0,89.507
SAI,722.4461111111109,66.0,89.507
SAI,726.057222222222,65.0,89.507
SAI,731.7638888888887,64.0,89.507
SAI,736.4305555555553,70.0,89.507
SAI,741.3638888888886,74.0,89.507
SAI,745.7527777777775,79.0,89.507
SAI,750.4749999999998,85.0,89.507
SAI,759.0083333333331,96.0,89.507
SAI,771.6749999999997,114.0,89.507
SAI,777.1416666666664,123.0,89.507
SAI,788.9638888888886,133.0,89.507
SAI,804.1638888888886,152.0,89.507
SAI,822.9416666666664,169.0,89.507
SAI,838.6749999999997,177.0,89.507
SAI,855.297222222222,187.0,89.507
SAI,866.1305555555552,195.0,89.507
SAI,875.0638888888886,201.0,89.507
SAI,898.8416666666665,214.0,89.507
SAI,908.5305555555553,218.0,89.507
SAI,923.2638888888887,221.0,89.507
SAI,935.8194444444442,226.0,89.507
SAI,950.956111111111,228.0,89.507
SAI,972.0227777777777,237.0,89.507
SAI,990.767222222222,241.0,89.507
SAI,1001.7449999999998,247.0,89.507
SAI,1015.6894444444445,251.0,89.507
SAI,1032.6894444444445,255.0,89.507
SAI,1047.0783333333334,259.0,89.507
SAI,1064.818611111111,265.0,89.507
SAI,1076.596388888889,265.0,89.507
SAI,1106.8186111111113,272.0,89.507
SAI,1131.4408333333336,277.0,89.507
SAI,1162.7741666666668,282.0,89.507
SAI,1178.5519444444446,284.0,89.507
SAI,1200.874166666667,287.0,89.507
SAI,1216.9297222222224,289.0,89.507
SAI,1236.463055555556,293.0,89.507
SAI,1256.0630555555558,294.0,89.507
SAI,1272.5075000000002,296.0,89.507
SAI,1302.4075,299.0,89.507
SAI,1325.8186111111113,301.0,89.507
SAI,1349.3075000000003,302.0,89.507
SAI,1372.9519444444445,304.0,89.507
SAI,1386.4186111111112,303.0,89.507
SAI,1399.885277777778,303.0,89.507
SAI,1417.5519444444446,265.0,89.507
SAI,1435.7519444444445,234.0,89.507
SAI,1448.9633333333334,199.0,89.507
SAI,1469.13,165.0,89.507
SAI,1477.63,153.0,89.507
SAI,1488.7522222222224,143.0,89.507
SAI,1496.3633333333335,137.0,89.507
SAI,1505.2966666666666,134.0,89.507
SAI,1513.9994444444444,130.0,89.507
SAI,1519.6883333333333,128.0,89.507
SAI,1528.155,127.0,89.507
SAI,1536.7549999999999,129.0,89.507
SAI,1548.3994444444443,131.0,89.507
SAI,1557.3994444444443,135.0,89.507
SAI,1563.4438888888888,136.0,89.507
SAI,1573.2438888888887,147.0,89.507
SAI,1579.955,151.0,89.507
SAI,1587.066111111111,160.0,89.507
SAI,1602.0883333333331,169.0,89.507
SAI,1621.0883333333331,190.0,89.507
SAI,1632.0327777777775,197.0,89.507
SAI,1640.877222222222,199.0,89.507
SAI,1659.7216666666664,212.0,89.507
SAI,1684.4994444444442,223.0,89.507
SAI,1710.1661111111107,231.0,89.507
SAI,1723.2772222222218,236.0,89.507
SAI,1739.2105555555552,239.0,89.507
SAI,1758.3438888888884,246.0,89.507
SAI,1786.163055555555,251.0,89.507
SAI,1800.163055555555,252.0,89.507
SAI,1821.851944444444,244.0,89.507
SAI,1837.3852777777774,233.0,89.507
SAI,1852.251944444444,223.0,89.507
SAI,1869.0338888888884,215.0,89.507
SAI,1887.8783333333329,212.0,89.507
SAI,1899.7672222222218,214.0,89.507
SAI,1909.278333333333,214.0,89.507
SAI,1921.3338888888886,217.0,89.507
SAI,1931.156111111111,221.0,89.507
SAI,1948.9672222222218,229.0,89.507
SAI,1964.367222222222,231.0,89.507
SAI,1977.2561111111106,232.0,89.507
SAI,1998.3227777777772,237.0,89.507
SAI,2016.989444444444,240.0,89.507
SAI,2027.8338888888886,244.0,89.507
SAI,2052.5338888888887,247.0,89.507
SAI,2063.689444444444,251.0,89.507
SAI,2089.089444444444,254.0,89.507
SAI,2112.0227777777773,258.0,89.507
SAI,2131.7783333333327,254.0,89.507
SAI,2149.5116666666663,228.0,89.507
SAI,2166.400555555555,190.0,89.507
SAI,2185.4672222222216,143.0,89.507
SAI,2193.7338888888885,124.0,89.507
SAI,2204.803055555555,111.0,89.507
SAI,2209.3808333333327,103.0,89.507
SAI,2218.3808333333327,90.0,89.507
SAI,2224.180833333333,87.0,89.507
SAI,2230.5033333333326,81.0,89.507
SAI,2239.9144444444437,77.0,89.507
SAI,2243.3811111111104,78.0,89.507
SAI,2247.8255555555547,80.0,89.507
SAI,2253.4255555555546,84.0,89.507
SAI,2257.247777777777,86.0,89.507
SAI,2266.947777777777,97.0,89.507
SAI,2271.5699999999993,104.0,89.507
SAI,2279.036666666666,112.0,89.507
SAI,2288.9144444444437,127.0,89.507
SAI,2300.1144444444435,144.0,89.507
SAI,2313.8922222222213,155.0,89.507
SAI,2325.4922222222212,174.0,89.507
SAI,2337.6255555555545,182.0,89.507
SAI,2354.78111111111,193.0,89.507
SAI,2377.3366666666657,203.0,89.507
SAI,2386.625555555555,209.0,89.507
SAI,2406.0922222222216,219.0,89.507
SAI,2416.0922222222216,225.0,89.507
SAI,2433.9811111111107,230.0,89.507
SAI,2457.6811111111106,237.0,89.507
SAI,2471.0030555555554,241.0,89.507
SAI,2492.869722222222,246.0,89.507
SAI,2509.5363888888887,250.0,89.507
SAI,2520.7808333333332,253.0,89.507
SAI,2540.763055555555,256.0,89.507
SAI,2558.029722222222,259.0,89.507
SAI,2589.6852777777776,259.0,89.507
SAI,2603.6297222222224,251.0,89.507
SAI,2625.2297222222223,216.0,89.507
SAI,2634.2519444444442,203.0,89.507
SAI,2650.8075,149.0,89.507
SAI,2660.3741666666665,123.0,89.507
SAI,2666.818611111111,116.0,89.507
SAI,2672.3741666666665,100.0,89.507
SAI,2677.429722222222,91.0,89.507
SAI,2686.6519444444443,83.0,89.507
SAI,2690.0741666666668,77.0,89.507
SAI,2696.563055555556,73.0,89.507
SAI,2699.8519444444446,74.0,89.507
SAI,2705.0519444444444,78.0,89.507
SAI,2710.518611111111,82.0,89.507
SAI,2715.296388888889,86.0,89.507
SAI,2722.374166666667,91.0,89.507
SAI,2730.2297222222223,101.0,89.507
SAI,2737.8297222222222,114.0,89.507
SAI,2746.0963888888887,124.0,89.507
SAI,2752.0147222222217,134.0,89.507
SAI,2763.7591666666663,151.0,89.507
SAI,2772.703611111111,161.0,89.507
SAI,2784.1702777777778,172.0,89.507
SAI,2810.090833333333,194.0,89.507
SAI,2831.090833333333,210.0,89.507
SAI,2855.8686111111115,223.0,89.507
SAI,2865.7797222222225,223.0,89.507
SAI,2876.0908333333336,232.0,89.507
SAI,2897.513055555556,241.0,89.507
SAI,2919.5575,248.0,89.507
SAI,2930.8019444444444,253.0,89.507
SAI,2945.0797222222222,257.0,89.507
SAI,2965.5352777777775,263.0,89.507
SAI,2983.3352777777777,267.0,89.507
SAI,2995.335277777778,270.0,89.507
SAI,3013.468611111111,272.0,89.507
SAI,3028.8575,277.0,89.507
SAI,3047.524166666667,280.0,89.507
SAI,3066.3241666666668,282.0,89.507
SAI,3095.1241666666665,288.0,89.507
SAI,3111.235277777778,290.0,89.507
SAI,3137.368611111111,294.0,89.507
SAI,3157.168611111111,297.0,89.507
SAI,3170.4575,299.0,89.507
SAI,3190.524166666667,301.0,89.507
SAI,3217.4575000000004,303.0,89.507
SAI,3237.706111111111,305.0,89.507
SAI,3261.583888888889,307.0,89.507
SAI,3278.750555555556,309.0,89.507
SAI,3299.3694444444445,308.0,89.507
SAI,3316.4805555555554,308.0,89.507
SAI,3345.3694444444445,260.0,89.507
SAI,3356.258333333333,245.0,89.507
SAI,3370.1916666666666,209.0,89.507
SAI,3381.3027777777775,200.0,89.507
SAI,3389.9694444444444,195.0,89.507
SAI,3400.247222222222,185.0,89.507
SAI,3410.136111111111,178.0,89.507
SAI,3423.436111111111,171.0,89.507
SAI,3430.902777777778,168.0,89.507
SAI,3438.2361111111113,165.0,89.507
SAI,3455.1361111111114,169.0,89.507
SAI,3474.691666666667,176.0,89.507
SAI,3484.858333333334,183.0,89.507
SAI,3504.558333333334,197.0,89.507
SAI,3517.958333333334,201.0,89.507
SAI,3541.6250000000005,213.0,89.507
SAI,3556.025,216.0,89.507
SAI,3575.936111111111,224.0,89.507
SAI,3588.602777777778,228.0,89.507
SAI,3601.4916666666672,232.0,89.507
SAI,3611.802777777778,232.0,89.507
SAI,3630.3138888888893,238.0,89.507
SAI,3641.0022222222224,242.0,89.507
SAI,3657.2022222222226,243.0,89.507
SAI,3670.98,248.0,89.507
SAI,3690.571944444445,251.0,89.507
SAI,3701.7719444444447,252.0,89.507
SAI,3715.9941666666673,256.0,89.507
SAI,3738.9275000000007,258.0,89.507
SAI,3750.4386111111116,259.0,89.507
SAI,3764.9386111111116,261.0,89.507
SAI,3797.205277777778,264.0,89.507
SAI,3808.938611111111,264.0,89.507
SAI,3826.6052777777786,265.0,89.507
SAI,3838.4275000000007,266.0,89.507
SAI,3853.260833333334,267.0,89.507
SAI,3874.1830555555566,269.0,89.507
SAI,3904.183055555556,270.0,89.507
SAI,3931.4830555555563,273.0,89.507
SAI,3943.6163888888896,273.0,89.507
SAI,3965.0052777777787,275.0,89.507
SAI,3985.227500000001,260.0,89.507
SAI,4002.1830555555566,218.0,89.507
SAI,4021.0830555555567,189.0,89.507
SAI,4032.4830555555573,171.0,89.507
SAI,4045.083055555557,162.0,89.507
SAI,4061.6386111111124,149.0,89.507
SAI,4075.998611111112,144.0,89.507
SAI,4083.9430555555564,143.0,89.507
SAI,4101.950555555556,147.0,89.507
SAI,4108.528333333334,148.0,89.507
SAI,4116.972777777778,152.0,89.507
SAI,4129.106111111111,156.0,89.507
SAI,4140.372777777778,169.0,89.507
SAI,4154.450555555555,181.0,89.507
SAI,4165.006111111111,190.0,89.507
SAI,4182.250555555555,194.0,89.507
SAI,4200.917222222221,210.0,89.507
SAI,4210.428333333332,214.0,89.507
SAI,4230.250555555555,223.0,89.507
SAI,4245.650555555555,231.0,89.507
SAI,4256.00611111111,233.0,89.507
SAI,4272.006111111111,240.0,89.507
SAI,4293.961666666666,247.0,89.507
SAI,4304.983888888889,248.0,89.507
SAI,4324.661666666666,253.0,89.507
SAI,4336.039444444445,256.0,89.507
SAI,4350.428333333332,259.0,89.507
SAI,4373.983888888888,265.0,89.507
SAI,4403.761666666666,268.0,89.507
SAI,4415.80611111111,271.0,89.507
SAI,4430.972777777777,273.0,89.507
SAI,4452.361666666666,275.0,89.507
SAI,4477.161666666665,279.0,89.507
SAI,4498.939166666665,281.0,89.507
SAI,4511.595555555554,283.0,89.507
SAI,4533.839999999998,286.0,89.507
SAI,4556.239999999998,288.0,89.507
SAI,4582.017777777775,290.0,89.507
SAI,4607.884444444443,291.0,89.507
SAI,4630.673333333332,293.0,89.507
SAI,4663.339999999998,294.0,89.507
SAI,4679.673333333332,294.0,89.507
SAI,4692.74,294.0,89.507
SAI,4712.406666666666,295.0,89.507
SAI,4738.628888888888,295.0,89.507
SAI,4751.74,295.0,89.507
SAI,4777.873333333333,294.0,89.507
SAI,4793.595555555556,283.0,89.507
SAI,4812.028888888889,237.0,89.507
SAI,4821.806666666666,220.0,89.507
SAI,4841.362222222222,176.0,89.507
SAI,4853.806666666666,160.0,89.507
SAI,4868.406666666667,146.0,89.507
SAI,4876.295555555555,142.0,89.507
SAI,4884.017777777778,139.0,89.507
SAI,4890.106666666667,137.0,89.507
SAI,4896.151111111111,136.0,89.507
SAI,4903.706666666666,136.0,89.507
SAI,4916.24,141.0,89.507
SAI,4922.506666666666,141.0,89.507
SAI,4937.906666666666,154.0,89.507
SAI,4950.973333333332,168.0,89.507
SAI,4960.751111111111,176.0,89.507
SAI,4984.217777777777,192.0,89.507
SAI,4997.684444444443,202.0,89.507
SAI,5014.173333333332,212.0,89.507
SAI,5026.284444444444,218.0,89.507
SAI,5051.6177777777775,228.0,89.507
SAI,5061.839999999999,230.0,89.507
SAI,5077.706666666665,238.0,89.507
SAI,5099.395555555555,244.0,89.507
SAI,5115.928888888888,248.0,89.507
SAI,5127.039999999999,250.0,89.507
SAI,5144.04,255.0,89.507
SAI,5158.317777777778,257.0,89.507
SAI,5169.873333333334,260.0,89.507
SAI,5184.484444444445,263.0,89.507
SAI,5211.084444444446,266.0,89.507
SAI,5222.995555555556,268.0,89.507
SAI,5235.04,271.0,89.507
SAI,5253.240000000001,273.0,89.507
SAI,5277.7733333333335,276.0,89.507
SAI,5299.395555555556,278.0,89.507
SAI,5311.84,280.0,89.507
SAI,5330.640000000001,282.0,89.507
SAI,5352.884444444445,286.0,89.507
SAI,5368.828888888889,287.0,89.507
PER,11.188333333333334,294.0,89.537
PER,24.255,294.0,89.537
PER,44.12166666666667,298.0,89.537
PER,64.18833333333333,301.0,89.537
PER,77.56611111111111,301.0,89.537
PER,97.83277777777778,304.0,89.537
PER,124.94777777777777,306.0,89.537
PER,145.4811111111111,308.0,89.537
PER,173.03666666666666,310.0,89.537
PER,193.76999999999998,311.0,89.537
PER,207.63666666666666,312.0,89.537
PER,228.50333333333333,313.0,89.537
PER,246.0033333333333,315.0,89.537
PER,274.18,316.0,89.537
PER,295.31333333333333,317.0,89.537
PER,316.4466666666667,317.0,89.537
PER,334.11333333333334,318.0,89.537
PER,351.7800000000001,318.0,89.537
PER,380.1355555555556,319.0,89.537
PER,415.6911111111112,320.0,89.537
PER,429.9133333333334,320.0,89.537
PER,458.4466666666667,321.0,89.537
PER,490.54666666666674,321.0,89.537
PER,526.2133333333335,321.0,89.537
PER,554.7466666666668,321.0,89.537
PER,583.2800000000002,321.0,89.537
PER,600.7244444444447,314.0,89.537
PER,613.1688888888891,280.0,89.537
PER,636.9466666666668,214.0,89.537
PER,645.8355555555557,200.0,89.537
PER,658.368888888889,188.0,89.537
PER,666.5355555555557,147.0,89.537
PER,675.0997222222223,129.0,89.537
PER,685.8552777777779,121.0,89.537
PER,693.3219444444446,96.0,89.537
PER,697.366388888889,91.0,89.537
PER,702.3108333333334,89.0,89.537
PER,707.7108333333334,81.0,89.537
PER,711.9330555555556,76.0,89.537
PER,716.7530555555556,72.0,89.537
PER,719.8641666666667,70.0,89.537
PER,727.3086111111112,67.0,89.537
PER,733.7086111111112,72.0,89.537
PER,742.8197222222223,82.0,89.537
PER,747.7086111111112,88.0,89.537
PER,755.4086111111111,99.0,89.537
PER,761.4086111111111,108.0,89.537
PER,769.2752777777778,118.0,89.537
PER,777.7419444444445,127.0,89.537
PER,785.4641666666666,139.0,89.537
PER,800.5641666666667,151.0,89.537
PER,812.8530555555556,158.0,89.537
PER,825.9975,169.0,89.537
PER,840.1530555555555,182.0,89.537
PER,848.3308333333333,184.0,89.537
PER,856.7308333333333,189.0,89.537
PER,869.7308333333333,195.0,89.537
PER,885.8308333333333,207.0,89.537
PER,900.1708333333332,216.0,89.537
PER,927.4263888888887,223.0,89.537
PER,940.0374999999999,227.0,89.537
PER,958.3152777777776,235.0,89.537
PER,971.5930555555555,239.0,89.537
PER,987.8597222222221,244.0,89.537
PER,1004.5958333333332,250.0,89.537
PER,1015.7069444444443,250.0,89.537
PER,1032.7736111111108,256.0,89.537
PER,1050.1736111111109,261.0,89.537
PER,1073.7291666666665,265.0,89.537
PER,1091.8624999999997,272.0,89.537
PER,1103.9958333333332,273.0,89.537
PER,1122.4624999999996,277.0,89.537
PER,1134.8624999999997,279.0,89.537
PER,1147.306944444444,280.0,89.537
PER,1172.5513888888886,284.0,89.537
PER,1201.4513888888885,289.0,89.537
PER,1217.6736111111109,292.0,89.537
PER,1230.695833333333,293.0,89.537
PER,1257.006944444444,296.0,89.537
PER,1290.2291666666663,299.0,89.537
PER,1323.6736111111106,301.0,89.537
PER,1340.506944444444,303.0,89.537
PER,1360.8402777777774,305.0,89.537
PER,1384.7180555555553,307.0,89.537
PER,1412.3155555555552,249.0,89.537
PER,1424.5377777777776,220.0,89.537
PER,1441.3377777777773,189.0,89.537
PER,1452.7377777777774,171.0,89.537
PER,1463.0711111111107,155.0,89.537
PER,1475.169722222222,155.0,89.537
PER,1487.080833333333,134.0,89.537
PER,1494.1363888888884,127.0,89.537
PER,1499.7363888888883,126.0,89.537
PER,1506.6808333333327,125.0,89.537
PER,1512.1030555555549,122.0,89.537
PER,1521.7474999999993,124.0,89.537
PER,1530.214166666666,127.0,89.537
PER,1537.4363888888881,130.0,89.537
PER,1549.6141666666658,137.0,89.537
PER,1560.9697222222214,146.0,89.537
PER,1567.7697222222214,153.0,89.537
PER,1584.4697222222214,167.0,89.537
PER,1592.336388888888,177.0,89.537
PER,1611.136388888888,188.0,89.537
PER,1629.0030555555547,201.0,89.537
PER,1645.1808333333327,208.0,89.537
PER,1661.9808333333326,216.0,89.537
PER,1681.8919444444437,224.0,89.537
PER,1713.225277777777,235.0,89.537
PER,1729.2919444444437,241.0,89.537
PER,1753.4247222222214,242.0,89.537
PER,1764.491388888888,249.0,89.537
PER,1789.8913888888878,254.0,89.537
PER,1806.291388888888,246.0,89.537
PER,1824.2441666666657,230.0,89.537
PER,1851.2552777777769,221.0,89.537
PER,1860.8552777777768,216.0,89.537
PER,1872.9108333333322,217.0,89.537
PER,1887.5774999999987,220.0,89.537
PER,1897.4886111111098,223.0,89.537
PER,1920.3886111111096,229.0,89.537
PER,1930.7441666666653,233.0,89.537
PER,1946.5441666666654,237.0,89.537
PER,1964.9774999999986,237.0,89.537
PER,1983.6441666666653,240.0,89.537
PER,2005.3330555555542,244.0,89.537
PER,2021.6663888888877,245.0,89.537
PER,2038.2663888888874,249.0,89.537
PER,2060.7552777777764,253.0,89.537
PER,2089.199722222221,256.0,89.537
PER,2100.7552777777764,260.0,89.537
PER,2122.621944444443,246.0,89.537
PER,2133.066388888888,235.0,89.537
PER,2148.38861111111,197.0,89.537
PER,2164.1886111111103,158.0,89.537
PER,2172.038055555555,142.0,89.537
PER,2183.149166666666,125.0,89.537
PER,2190.949166666666,117.0,89.537
PER,2195.838055555555,110.0,89.537
PER,2203.409444444444,97.0,89.537
PER,2209.5427777777772,92.0,89.537
PER,2219.687222222222,83.0,89.537
PER,2224.2427777777775,82.0,89.537
PER,2232.1427777777776,79.0,89.537
PER,2235.7872222222218,82.0,89.537
PER,2245.3427777777774,86.0,89.537
PER,2252.8872222222217,97.0,89.537
PER,2258.609444444444,103.0,89.537
PER,2264.831666666666,112.0,89.537
PER,2271.331666666666,117.0,89.537
PER,2287.442777777777,145.0,89.537
PER,2293.8872222222217,145.0,89.537
PER,2308.4649999999997,164.0,89.537
PER,2316.1538888888886,173.0,89.537
PER,2328.220555555555,181.0,89.537
PER,2341.0205555555553,192.0,89.537
PER,2352.020555555555,198.0,89.537
PER,2368.120555555555,207.0,89.537
PER,2384.6872222222214,213.0,89.537
PER,2399.3538888888884,220.0,89.537
PER,2414.353888888888,225.0,89.537
PER,2424.468055555555,229.0,89.537
PER,2442.590277777777,233.0,89.537
PER,2455.8680555555547,239.0,89.537
PER,2472.0013888888884,242.0,89.537
PER,2505.537777777777,251.0,89.537
PER,2531.0377777777776,255.0,89.537
PER,2559.5933333333332,257.0,89.537
PER,2571.1488888888885,260.0,89.537
PER,2581.9933333333333,244.0,89.537
PER,2600.837777777778,212.0,89.537
PER,2617.193333333333,184.0,89.537
PER,2624.571111111111,166.0,89.537
PER,2632.9044444444444,150.0,89.537
PER,2643.637777777778,138.0,89.537
PER,2651.771111111111,122.0,89.537
PER,2656.9266666666667,116.0,89.537
PER,2663.7266666666665,102.0,89.537
PER,2669.0044444444443,95.0,89.537
PER,2674.9377777777777,89.0,89.537
PER,2680.604444444444,85.0,89.537
PER,2688.8044444444445,82.0,89.537
PER,2693.36,82.0,89.537
PER,2700.56,81.0,89.537
PER,2706.16,84.0,89.537
PER,2710.0266666666666,87.0,89.537
PER,2716.4933333333333,97.0,89.537
PER,2726.271111111111,110.0,89.537
PER,2734.237777777778,120.0,89.537
PER,2744.737777777778,135.0,89.537
PER,2752.7933333333335,145.0,89.537
PER,2763.571388888889,161.0,89.537
PER,2773.0158333333334,170.0,89.537
PER,2794.015833333334,189.0,89.537
PER,2802.5936111111114,193.0,89.537
PER,2816.2602777777784,205.0,89.537
PER,2828.0380555555557,212.0,89.537
PER,2837.5936111111114,215.0,89.537
PER,2849.926944444445,222.0,89.537
PER,2862.4269444444444,225.0,89.537
PER,2880.7825000000003,236.0,89.537
PER,2891.404722222222,239.0,89.537
PER,2902.249166666667,244.0,89.537
PER,2927.4491666666668,252.0,89.537
PER,2956.671388888889,263.0,89.537
PER,2971.4491666666668,266.0,89.537
PER,2998.6491666666666,272.0,89.537
PER,3017.1158333333333,277.0,89.537
PER,3048.671388888889,284.0,89.537
PER,3067.7380555555555,286.0,89.537
PER,3093.5158333333334,290.0,89.537
PER,3109.6825,291.0,89.537
PER,3126.0158333333334,294.0,89.537
PER,3139.215833333333,297.0,89.537
PER,3162.4713888888887,299.0,89.537
PER,3175.7655555555552,301.0,89.537
PER,3196.032222222222,304.0,89.537
PER,3212.976666666667,305.0,89.537
PER,3237.017777777778,308.0,89.537
PER,3250.7066666666665,308.0,89.537
PER,3267.8733333333334,309.0,89.537
PER,3295.6955555555555,313.0,89.537
PER,3308.9399999999996,298.0,89.537
PER,3323.8288888888887,268.0,89.537
PER,3351.084444444444,223.0,89.537
PER,3360.4177777777777,210.0,89.537
PER,3373.551111111111,197.0,89.537
PER,3381.862222222222,187.0,89.537
PER,3391.7511111111107,178.0,89.537
PER,3404.8955555555553,169.0,89.537
PER,3422.784444444444,161.0,89.537
PER,3438.7844444444445,160.0,89.537
PER,3446.0733333333333,164.0,89.537
PER,3459.6066666666666,174.0,89.537
PER,3473.762222222222,182.0,89.537
PER,3488.4622222222224,189.0,89.537
PER,3508.5622222222223,201.0,89.537
PER,3522.228888888889,205.0,89.537
PER,3538.717777777778,212.0,89.537
PER,3563.2733333333335,221.0,89.537
PER,3586.01,228.0,89.537
PER,3598.8433333333337,231.0,89.537
PER,3627.9983333333334,238.0,89.537
PER,3638.7538888888894,242.0,89.537
PER,3652.420555555556,246.0,89.537
PER,3671.631666666667,247.0,89.537
PER,3688.4316666666673,252.0,89.537
PER,3708.265000000001,255.0,89.537
PER,3722.4316666666673,255.0,89.537
PER,3745.2761111111117,257.0,89.537
PER,3768.2983333333345,259.0,89.537
PER,3779.8538888888897,260.0,89.537
PER,3803.142777777778,262.0,89.537
PER,3820.6761111111123,263.0,89.537
PER,3832.3650000000007,263.0,89.537
PER,3850.031666666667,265.0,89.537
PER,3873.7650000000012,267.0,89.537
PER,3885.6316666666676,267.0,89.537
PER,3906.55388888889,269.0,89.537
PER,3918.5983333333343,271.0,89.537
PER,3933.7094444444456,272.0,89.537
PER,3958.2427777777793,276.0,89.537
PER,3984.576111111112,237.0,89.537
PER,3994.620555555556,226.0,89.537
PER,4006.120555555556,207.0,89.537
PER,4020.5094444444453,185.0,89.537
PER,4035.1761111111123,165.0,89.537
PER,4047.111111111112,154.0,89.537
PER,4053.7300000000014,148.0,89.537
PER,4064.696666666668,141.0,89.537
PER,4075.507777777779,139.0,89.537
PER,4088.041111111112,141.0,89.537
PER,4101.107777777779,147.0,89.537
PER,4113.163333333334,155.0,89.537
PER,4132.0522222222235,170.0,89.537
PER,4142.0522222222235,180.0,89.537
PER,4150.185555555557,183.0,89.537
PER,4163.11888888889,194.0,89.537
PER,4181.163333333335,203.0,89.537
PER,4190.363333333335,207.0,89.537
PER,4209.830000000002,219.0,89.537
PER,4222.330000000001,225.0,89.537
PER,4240.141111111112,229.0,89.537
PER,4250.585555555557,235.0,89.537
PER,4277.696666666668,244.0,89.537
PER,4297.063333333334,249.0,89.537
PER,4322.463333333334,254.0,89.537
PER,4336.796666666668,258.0,89.537
PER,4351.296666666668,261.0,89.537
PER,4362.985555555557,263.0,89.537
PER,4374.807777777779,266.0,89.537
PER,4389.641111111113,267.0,89.537
PER,4413.818888888891,272.0,89.537
PER,4425.907777777779,272.0,89.537
PER,4453.607777777779,277.0,89.537
PER,4475.385555555557,280.0,89.537
PER,4491.052222222224,282.0,89.537
PER,4525.763333333335,284.0,89.537
PER,4544.896666666668,287.0,89.537
PER,4567.374444444446,289.0,89.537
PER,4583.430000000002,289.0,89.537
PER,4615.763333333335,291.0,89.537
PER,4628.741111111114,292.0,89.537
PER,4648.274444444447,293.0,89.537
PER,4674.40777777778,294.0,89.537
PER,4694.074444444447,295.0,89.537
PER,4707.185555555558,295.0,89.537
PER,4726.852222222224,295.0,89.537
PER,4743.296666666668,296.0,89.537
PER,4756.452222222223,296.0,89.537
PER,4772.007777777779,280.0,89.537
PER,4795.507777777779,235.0,89.537
PER,4804.930000000001,212.0,89.537
PER,4813.907777777778,202.0,89.537
PER,4825.507777777778,174.0,89.537
PER,4839.374444444445,156.0,89.537
PER,4850.885555555556,148.0,89.537
PER,4857.152222222222,141.0,89.537
PER,4866.152222222222,135.0,89.537
PER,4876.341111111111,131.0,89.537
PER,4883.507777777778,129.0,89.537
PER,4900.374444444445,138.0,89.537
PER,4911.807777777778,147.0,89.537
PER,4927.207777777778,154.0,89.537
PER,4936.541111111111,168.0,89.537
PER,4948.607777777777,181.0,89.537
PER,4965.318888888889,188.0,89.537
PER,4978.585555555555,199.0,89.537
PER,4997.341111111111,211.0,89.537
PER,5009.3966666666665,217.0,89.537
PER,5029.307777777778,224.0,89.537
PER,5039.3966666666665,227.0,89.537
PER,5049.707777777778,232.0,89.537
PER,5070.863333333334,238.0,89.537
PER,5101.174444444445,248.0,89.537
PER,5120.696666666667,251.0,89.537
PER,5131.985555555555,254.0,89.537
PER,5146.263333333333,257.0,89.537
PER,5166.5633333333335,261.0,89.537
PER,5181.174444444445,263.0,89.537
PER,5198.841111111111,265.0,89.537
PER,5210.7522222222215,268.0,89.537
PER,5228.7522222222215,270.0,89.537
PER,5240.841111111111,272.0,89.537
PER,5265.463333333332,277.0,89.537
PER,5284.063333333333,279.0,89.537
PER,5315.729999999999,285.0,89.537
PER,5344.729999999999,290.0,89.537
PER,5360.952222222221,292.0,89.537
ALO,12.48611111111111,290.0,89.542
ALO,25.46388888888889,292.0,89.542
ALO,58.352777777777774,296.0,89.542
ALO,81.53055555555555,298.0,89.542
ALO,114.975,301.0,89.542
ALO,152.00833333333333,303.0,89.542
ALO,168.89722222222224,304.0,89.542
ALO,192.69722222222222,306.0,89.542
ALO,226.91944444444442,308.0,89.542
ALO,240.65277777777777,309.0,89.542
ALO,278.54166666666663,310.0,89.542
ALO,306.1861111111111,311.0,89.542
ALO,320.05277777777775,312.0,89.542
ALO,351.2658333333333,313.0,89.542
ALO,368.65472222222223,313.0,89.542
ALO,389.58805555555557,314.0,89.542
ALO,407.03249999999997,314.0,89.542
ALO,435.03083333333336,314.0,89.542
ALO,459.5308333333333,315.0,89.542
ALO,484.0308333333333,315.0,89.542
ALO,512.0308333333334,315.0,89.542
ALO,533.0308333333334,315.0,89.542
ALO,550.5308333333332,315.0,89.542
ALO,568.0308333333332,315.0,89.542
ALO,595.9419444444444,314.0,89.542
ALO,615.0752777777777,287.0,89.542
ALO,634.4419444444444,249.0,89.542
ALO,651.9419444444444,175.0,89.542
ALO,660.3863888888889,152.0,89.542
ALO,667.9419444444444,136.0,89.542
ALO,674.5530555555556,119.0,89.542
ALO,685.5530555555556,90.0,89.542
ALO,692.0086111111111,83.0,89.542
ALO,697.9975000000001,77.0,89.542
ALO,701.9975000000001,72.0,89.542
ALO,706.5308333333334,68.0,89.542
ALO,710.1419444444444,65.0,89.542
ALO,712.9863888888889,64.0,89.542
ALO,717.2530555555555,64.0,89.542
ALO,720.9752777777778,67.0,89.542
ALO,724.9000000000001,71.0,89.542
ALO,732.1000000000001,81.0,89.542
ALO,739.1777777777779,91.0,89.542
ALO,743.2222222222224,91.0,89.542
ALO,747.8286111111113,103.0,89.542
ALO,754.0508333333335,112.0,89.542
ALO,760.8841666666668,123.0,89.542
ALO,774.5841666666668,137.0,89.542
ALO,789.6841666666668,151.0,89.542
ALO,800.2175000000001,158.0,89.542
ALO,811.6841666666668,172.0,89.542
ALO,819.4619444444446,175.0,89.542
ALO,829.6286111111114,183.0,89.542
ALO,840.1841666666669,190.0,89.542
ALO,851.1286111111114,197.0,89.542
ALO,867.1508333333336,206.0,89.542
ALO,883.795277777778,214.0,89.542
ALO,895.9619444444446,219.0,89.542
ALO,913.4619444444447,225.0,89.542
ALO,944.5286111111114,233.0,89.542
ALO,960.4619444444447,239.0,89.542
ALO,973.9619444444447,243.0,89.542
ALO,1034.3952777777781,259.0,89.542
ALO,1046.0397222222225,262.0,89.542
ALO,1057.8619444444448,266.0,89.542
ALO,1078.709444444445,269.0,89.542
ALO,1093.8205555555562,272.0,89.542
ALO,1115.2872222222227,276.0,89.542
ALO,1130.8088888888894,278.0,89.542
ALO,1143.2977777777783,281.0,89.542
ALO,1159.0200000000004,283.0,89.542
ALO,1174.853333333334,285.0,89.542
ALO,1203.6533333333339,288.0,89.542
ALO,1226.3644444444449,292.0,89.542
ALO,1252.4977777777783,294.0,89.542
ALO,1278.9866666666671,298.0,89.542
ALO,1298.9200000000005,299.0,89.542
ALO,1312.2977777777783,301.0,89.542
ALO,1332.4311111111115,302.0,89.542
ALO,1352.5644444444447,302.0,89.542
ALO,1369.3422222222227,302.0,89.542
ALO,1382.764444444445,302.0,89.542
ALO,1398.0422222222228,275.0,89.542
ALO,1418.2200000000005,227.0,89.542
ALO,1427.1088888888894,200.0,89.542
ALO,1439.1088888888894,180.0,89.542
ALO,1456.1088888888894,153.0,89.542
ALO,1464.3311111111116,148.0,89.542
ALO,1472.2200000000005,142.0,89.542
ALO,1489.6866666666672,131.0,89.542
ALO,1498.1533333333339,127.0,89.542
ALO,1504.9311111111117,122.0,89.542
ALO,1516.184722222223,127.0,89.542
ALO,1523.5180555555562,132.0,89.542
ALO,1529.4736111111117,134.0,89.542
ALO,1542.3136111111116,144.0,89.542
ALO,1555.2913888888895,146.0,89.542
ALO,1564.4580555555563,165.0,89.542
ALO,1572.013611111112,170.0,89.542
ALO,1587.835833333334,178.0,89.542
ALO,1607.3358333333342,195.0,89.542
ALO,1625.6469444444454,206.0,89.542
ALO,1642.213611111112,213.0,89.542
ALO,1659.4802777777786,222.0,89.542
ALO,1669.4358333333341,224.0,89.542
ALO,1698.2802777777786,236.0,89.542
ALO,1708.8580555555561,238.0,89.542
ALO,1725.0580555555562,243.0,89.542
ALO,1735.9025000000006,244.0,89.542
ALO,1752.435833333334,248.0,89.542
ALO,1763.458055555556,248.0,89.542
ALO,1780.1913888888896,251.0,89.542
ALO,1807.3025000000007,244.0,89.542
ALO,1830.3025000000007,230.0,89.542
ALO,1849.8580555555563,220.0,89.542
ALO,1876.1358333333342,215.0,89.542
ALO,1885.824722222223,218.0,89.542
ALO,1908.0627777777786,223.0,89.542
ALO,1934.0163888888897,233.0,89.542
ALO,1944.4163888888897,234.0,89.542
ALO,1968.2163888888897,238.0,89.542
ALO,1995.2163888888897,243.0,89.542
ALO,2006.1052777777788,245.0,89.542
ALO,2070.7608333333346,253.0,89.542
ALO,2084.927500000001,255.0,89.542
ALO,2104.91638888889,257.0,89.542
ALO,2122.049722222224,257.0,89.542
ALO,2134.2163888888904,219.0,89.542
ALO,2145.1052777777795,196.0,89.542
ALO,2156.171944444446,166.0,89.542
ALO,2167.449722222224,145.0,89.542
ALO,2173.583055555557,138.0,89.542
ALO,2185.3830555555573,118.0,89.542
ALO,2197.9719444444463,103.0,89.542
ALO,2205.20527777778,93.0,89.542
ALO,2209.116388888891,88.0,89.542
ALO,2217.216388888891,81.0,89.542
ALO,2225.7719444444465,77.0,89.542
ALO,2231.1719444444466,81.0,89.542
ALO,2241.0361111111133,89.0,89.542
ALO,2249.5069444444466,95.0,89.542
ALO,2253.995833333335,101.0,89.542
ALO,2264.3958333333353,117.0,89.542
ALO,2272.862500000002,127.0,89.542
ALO,2289.4180555555577,149.0,89.542
ALO,2308.0847222222246,168.0,89.542
ALO,2322.162500000002,181.0,89.542
ALO,2336.8625000000025,189.0,89.542
ALO,2345.5291666666694,195.0,89.542
ALO,2361.006944444447,199.0,89.542
ALO,2375.0069444444466,210.0,89.542
ALO,2391.806944444447,216.0,89.542
ALO,2409.384722222225,226.0,89.542
ALO,2422.1625000000026,230.0,89.542
ALO,2432.606944444447,235.0,89.542
ALO,2448.4736111111138,238.0,89.542
ALO,2459.2291666666692,242.0,89.542
ALO,2472.8402777777806,245.0,89.542
ALO,2486.618055555558,248.0,89.542
ALO,2508.929166666669,251.0,89.542
ALO,2523.095833333336,255.0,89.542
ALO,2534.429166666669,255.0,89.542
ALO,2551.4958333333357,256.0,89.542
ALO,2577.0958333333356,256.0,89.542
ALO,2606.029166666669,217.0,89.542
ALO,2623.2736111111135,194.0,89.542
ALO,2630.5625000000023,164.0,89.542
ALO,2643.0958333333356,141.0,89.542
ALO,2656.54027777778,121.0,89.542
ALO,2663.2069444444464,100.0,89.542
ALO,2667.473611111113,96.0,89.542
ALO,2673.0736111111128,84.0,89.542
ALO,2677.518055555557,80.0,89.542
ALO,2685.8513888888906,75.0,89.542
ALO,2689.9069444444463,73.0,89.542
ALO,2694.973611111113,76.0,89.542
ALO,2703.1736111111127,82.0,89.542
ALO,2709.2402777777793,91.0,89.542
ALO,2717.1736111111127,102.0,89.542
ALO,2727.484722222224,116.0,89.542
ALO,2737.7513888888907,132.0,89.542
ALO,2747.3513888888906,144.0,89.542
ALO,2761.484722222224,159.0,89.542
ALO,2781.262500000002,178.0,89.542
ALO,2791.373611111113,182.0,89.542
ALO,2809.418055555557,203.0,89.542
ALO,2823.418055555557,210.0,89.542
ALO,2840.295833333335,217.0,89.542
ALO,2852.906944444446,227.0,89.542
ALO,2863.148333333335,229.0,89.542
ALO,2876.1386111111124,235.0,89.542
ALO,2892.3386111111126,243.0,89.542
ALO,2908.538611111113,243.0,89.542
ALO,2922.371944444446,249.0,89.542
ALO,2945.3052777777793,258.0,89.542
ALO,2962.9052777777797,264.0,89.542
ALO,2986.9052777777797,270.0,89.542
ALO,3002.0719444444467,273.0,89.542
ALO,3029.9719444444468,279.0,89.542
ALO,3100.616388888891,289.0,89.542
ALO,3129.8163888888917,292.0,89.542
ALO,3149.4830555555577,295.0,89.542
ALO,3162.683055555558,297.0,89.542
ALO,3199.4719444444468,301.0,89.542
ALO,3223.0386111111134,303.0,89.542
ALO,3243.371944444447,305.0,89.542
ALO,3260.3719444444464,306.0,89.542
ALO,3284.1719444444466,306.0,89.542
ALO,3310.838611111113,300.0,89.542
ALO,3325.7275000000022,268.0,89.542
ALO,3348.6275000000023,229.0,89.542
ALO,3360.3497222222245,211.0,89.542
ALO,3371.2930555555577,196.0,89.542
ALO,3387.243055555558,180.0,89.542
ALO,3401.9986111111134,166.0,89.542
ALO,3414.831944444447,165.0,89.542
ALO,3425.36527777778,158.0,89.542
ALO,3434.4763888888915,164.0,89.542
ALO,3443.809722222225,168.0,89.542
ALO,3455.3430555555583,173.0,89.542
ALO,3467.609722222225,184.0,89.542
ALO,3480.4097222222254,192.0,89.542
ALO,3489.165277777781,197.0,89.542
ALO,3498.05416666667,200.0,89.542
ALO,3511.9208333333363,208.0,89.542
ALO,3521.2986111111145,211.0,89.542
ALO,3533.243055555559,215.0,89.542
ALO,3545.35416666667,218.0,89.542
ALO,3557.7430555555593,223.0,89.542
ALO,3567.831944444448,227.0,89.542
ALO,3583.231944444448,231.0,89.542
ALO,3593.6319444444475,234.0,89.542
ALO,3606.7986111111145,237.0,89.542
ALO,3622.7986111111145,240.0,89.542
ALO,3639.1319444444475,245.0,89.542
ALO,3666.7986111111145,249.0,89.542
ALO,3680.8541666666697,253.0,89.542
ALO,3703.4319444444477,254.0,89.542
ALO,3731.9875000000034,257.0,89.542
ALO,3743.3652777777816,256.0,89.542
ALO,3757.8261111111146,259.0,89.542
ALO,3769.2927777777822,258.0,89.542
ALO,3783.6650000000045,260.0,89.542
ALO,3798.1650000000045,261.0,89.542
ALO,3815.6316666666708,262.0,89.542
ALO,3833.1650000000036,263.0,89.542
ALO,3850.7650000000044,264.0,89.542
ALO,3865.5427777777813,266.0,89.542
ALO,3880.320555555559,266.0,89.542
ALO,3892.23166666667,268.0,89.542
ALO,3904.142777777782,268.0,89.542
ALO,3916.053888888893,268.0,89.542
ALO,3942.9538888888933,269.0,89.542
ALO,3954.953888888893,270.0,89.542
ALO,3971.02055555556,241.0,89.542
ALO,3995.7094444444488,202.0,89.542
ALO,4012.065000000004,184.0,89.542
ALO,4019.7983333333373,174.0,89.542
ALO,4032.7094444444483,166.0,89.542
ALO,4043.442777777782,161.0,89.542
ALO,4057.1316666666703,154.0,89.542
ALO,4063.798333333337,150.0,89.542
ALO,4075.0761111111146,145.0,89.542
ALO,4084.676111111115,144.0,89.542
ALO,4092.7316666666707,145.0,89.542
ALO,4101.120555555559,151.0,89.542
ALO,4108.098333333337,157.0,89.542
ALO,4117.265000000003,165.0,89.542
ALO,4130.798333333337,174.0,89.542
ALO,4145.31666666667,186.0,89.542
ALO,4153.894444444448,193.0,89.542
ALO,4171.971111111115,204.0,89.542
ALO,4188.615555555559,214.0,89.542
ALO,4200.72666666667,218.0,89.542
ALO,4213.1711111111135,224.0,89.542
ALO,4223.260000000003,227.0,89.542
ALO,4244.060000000002,234.0,89.542
ALO,4254.63777777778,238.0,89.542
ALO,4284.704444444447,246.0,89.542
ALO,4301.371111111113,250.0,89.542
ALO,4318.371111111113,255.0,89.542
ALO,4335.704444444447,260.0,89.542
ALO,4356.315555555559,265.0,89.542
ALO,4368.093333333336,265.0,89.542
ALO,4380.004444444447,268.0,89.542
ALO,4395.004444444447,270.0,89.542
ALO,4419.3600000000015,274.0,89.542
ALO,4434.693333333335,276.0,89.542
ALO,4459.404444444447,278.0,89.542
ALO,4478.13777777778,281.0,89.542
ALO,4500.071111111113,282.0,89.542
ALO,4512.693333333335,284.0,89.542
ALO,4534.860000000002,285.0,89.542
ALO,4566.860000000002,288.0,89.542
ALO,4582.915555555557,289.0,89.542
ALO,4602.329444444447,290.0,89.542
ALO,4624.96277777778,291.0,89.542
ALO,4641.185000000002,292.0,89.542
ALO,4657.326111111113,292.0,89.542
ALO,4673.603888888892,293.0,89.542
ALO,4706.2705555555585,294.0,89.542
ALO,4722.6038888888925,294.0,89.542
ALO,4735.670555555559,294.0,89.542
ALO,4751.948333333337,293.0,89.542
ALO,4767.892777777781,287.0,89.542
ALO,4779.937222222226,271.0,89.542
ALO,4798.603888888893,240.0,89.542
ALO,4820.726111111116,181.0,89.542
ALO,4833.481666666671,164.0,89.542
ALO,4846.815000000004,150.0,89.542
ALO,4859.348333333338,141.0,89.542
ALO,4866.959444444448,137.0,89.542
ALO,4877.537222222226,136.0,89.542
ALO,4886.403888888893,133.0,89.542
ALO,4892.315000000003,133.0,89.542
ALO,4898.226111111114,133.0,89.542
ALO,4909.1150000000025,140.0,89.542
ALO,4919.048333333336,149.0,89.542
ALO,4926.115000000003,159.0,89.542
ALO,4943.315000000003,172.0,89.542
ALO,4959.848333333336,186.0,89.542
ALO,4970.570555555559,193.0,89.542
ALO,4979.380833333336,197.0,89.542
ALO,5000.380833333336,210.0,89.542
ALO,5014.714166666669,215.0,89.542
ALO,5029.5188888888915,223.0,89.542
ALO,5047.252222222225,228.0,89.542
ALO,5068.318888888892,237.0,89.542
ALO,5084.385555555559,241.0,89.542
ALO,5103.518888888892,246.0,89.542
ALO,5122.963333333337,250.0,89.542
ALO,5145.541111111114,254.0,89.542
ALO,5159.874444444448,258.0,89.542
ALO,5174.374444444448,261.0,89.542
ALO,5188.985555555559,263.0,89.542
ALO,5200.718888888893,264.0,89.542
ALO,5224.541111111115,268.0,89.542
ALO,5242.47444444445,269.0,89.542
ALO,5257.641111111116,273.0,89.542
ALO,5285.441111111116,278.0,89.542
ALO,5301.052222222227,281.0,89.542
ALO,5316.77444444445,283.0,89.542
ALO,5342.196666666671,286.0,89.542
ALO,5367.885555555561,289.0,89.542
NOR,21.332222222222224,292.0,89.614
NOR,37.66555555555556,294.0,89.614
NOR,63.97666666666667,296.0,89.614
NOR,80.50333333333333,296.0,89.614
NOR,107.08111111111111,299.0,89.614
NOR,140.63666666666666,302.0,89.614
NOR,157.47,303.0,89.614
NOR,194.74777777777777,305.0,89.614
NOR,211.7477777777778,306.0,89.614
NOR,228.80333333333337,307.0,89.614
NOR,263.1366666666667,309.0,89.614
NOR,280.21750000000003,309.0,89.614
NOR,300.8841666666667,310.0,89.614
NOR,325.0730555555556,311.0,89.614
NOR,342.4063888888889,312.0,89.614
NOR,366.6730555555556,312.0,89.614
NOR,390.9397222222223,312.0,89.614
NOR,422.13972222222225,312.0,89.614
NOR,436.05083333333334,313.0,89.614
NOR,449.96194444444444,313.0,89.614
NOR,477.8730555555556,314.0,89.614
NOR,498.73972222222227,313.0,89.614
NOR,512.6508333333334,313.0,89.614
NOR,530.0397222222223,313.0,89.614
NOR,550.8397222222223,312.0,89.614
NOR,568.1175000000002,311.0,89.614
NOR,592.306388888889,311.0,89.614
NOR,613.9286111111113,278.0,89.614
NOR,632.9741666666669,244.0,89.614
NOR,650.7741666666669,178.0,89.614
NOR,663.8408333333335,147.0,89.614
NOR,672.5741666666669,131.0,89.614
NOR,679.0186111111113,116.0,89.614
NOR,685.7519444444447,101.0,89.614
NOR,690.2408333333335,101.0,89.614
NOR,696.2408333333335,90.0,89.614
NOR,703.085277777778,88.0,89.614
NOR,711.085277777778,80.0,89.614
NOR,720.2311111111113,75.0,89.614
NOR,729.397777777778,75.0,89.614
NOR,732.7755555555557,76.0,89.614
NOR,737.1644444444446,79.0,89.614
NOR,742.9644444444446,87.0,89.614
NOR,749.2977777777779,95.0,89.614
NOR,758.5422222222223,104.0,89.614
NOR,763.4755555555557,111.0,89.614
NOR,774.497777777778,124.0,89.614
NOR,788.1977777777779,137.0,89.614
NOR,797.7311111111112,143.0,89.614
NOR,804.3977777777778,150.0,89.614
NOR,811.1977777777778,153.0,89.614
NOR,823.72,161.0,89.614
NOR,840.6200000000001,169.0,89.614
NOR,852.803888888889,182.0,89.614
NOR,861.0705555555556,186.0,89.614
NOR,869.3372222222223,186.0,89.614
NOR,887.7372222222223,207.0,89.614
NOR,897.115,211.0,89.614
NOR,911.6483333333333,218.0,89.614
NOR,939.3927777777778,227.0,89.614
NOR,949.5705555555556,229.0,89.614
NOR,959.9261111111113,233.0,89.614
NOR,978.515,239.0,89.614
NOR,992.0705555555558,244.0,89.614
NOR,1005.8347222222222,249.0,89.614
NOR,1034.390277777778,257.0,89.614
NOR,1054.7680555555555,262.0,89.614
NOR,1078.5902777777778,268.0,89.614
NOR,1093.5902777777778,270.0,89.614
NOR,1111.7236111111113,272.0,89.614
NOR,1133.2680555555555,277.0,89.614
NOR,1145.7124999999999,280.0,89.614
NOR,1170.8680555555554,283.0,89.614
NOR,1186.701388888889,285.0,89.614
NOR,1205.8347222222221,287.0,89.614
NOR,1231.701388888889,291.0,89.614
NOR,1251.2347222222222,293.0,89.614
NOR,1267.5680555555557,294.0,89.614
NOR,1287.2347222222222,295.0,89.614
NOR,1313.8955555555556,299.0,89.614
NOR,1391.0733333333333,302.0,89.614
NOR,1413.74,255.0,89.614
NOR,1424.4066666666668,240.0,89.614
NOR,1441.5622222222223,193.0,89.614
NOR,1449.8733333333334,187.0,89.614
NOR,1457.5622222222223,173.0,89.614
NOR,1471.6066666666668,158.0,89.614
NOR,1484.6733333333334,147.0,89.614
NOR,1496.8130555555556,137.0,89.614
NOR,1504.3130555555556,135.0,89.614
NOR,1514.4241666666667,130.0,89.614
NOR,1525.6241666666667,126.0,89.614
NOR,1534.2241666666666,129.0,89.614
NOR,1542.8908333333334,130.0,89.614
NOR,1552.2908333333332,141.0,89.614
NOR,1566.9908333333333,147.0,89.614
NOR,1579.5130555555556,161.0,89.614
NOR,1588.846388888889,168.0,89.614
NOR,1607.6463888888889,188.0,89.614
NOR,1622.6575,193.0,89.614
NOR,1631.5019444444445,199.0,89.614
NOR,1642.9463888888888,206.0,89.614
NOR,1657.3394444444443,215.0,89.614
NOR,1674.217222222222,217.0,89.614
NOR,1684.1727777777776,224.0,89.614
NOR,1704.7949999999998,232.0,89.614
NOR,1717.906111111111,236.0,89.614
NOR,1731.2394444444442,240.0,89.614
NOR,1747.5727777777777,245.0,89.614
NOR,1772.4727777777775,249.0,89.614
NOR,1789.2061111111107,251.0,89.614
NOR,1803.2061111111107,252.0,89.614
NOR,1832.2949999999996,238.0,89.614
NOR,1850.1199999999997,230.0,89.614
NOR,1860.1199999999997,225.0,89.614
NOR,1877.3866666666663,222.0,89.614
NOR,1887.1199999999997,219.0,89.614
NOR,1904.4644444444439,223.0,89.614
NOR,1917.0755555555552,227.0,89.614
NOR,1943.2977777777774,236.0,89.614
NOR,1956.5199999999995,238.0,89.614
NOR,1972.5199999999998,240.0,89.614
NOR,2004.653333333333,241.0,89.614
NOR,2018.2088888888886,244.0,89.614
NOR,2031.8199999999995,245.0,89.614
NOR,2054.042222222222,250.0,89.614
NOR,2073.7977777777774,254.0,89.614
NOR,2096.624444444444,256.0,89.614
NOR,2147.4688888888886,176.0,89.614
NOR,2160.802222222222,150.0,89.614
NOR,2169.402222222222,129.0,89.614
NOR,2179.891111111111,118.0,89.614
NOR,2184.7355555555555,109.0,89.614
NOR,2192.7466666666664,103.0,89.614
NOR,2198.2466666666664,99.0,89.614
NOR,2205.5577777777776,94.0,89.614
NOR,2210.4775,89.0,89.614
NOR,2216.0108333333333,83.0,89.614
NOR,2221.4108333333334,81.0,89.614
NOR,2224.9219444444443,79.0,89.614
NOR,2228.4775,80.0,89.614
NOR,2237.0775,86.0,89.614
NOR,2246.1775,91.0,89.614
NOR,2251.7886111111106,101.0,89.614
NOR,2257.7886111111106,108.0,89.614
NOR,2271.8997222222215,127.0,89.614
NOR,2277.721944444444,131.0,89.614
NOR,2285.721944444444,144.0,89.614
NOR,2294.2774999999997,154.0,89.614
NOR,2307.3441666666663,168.0,89.614
NOR,2321.5502777777774,182.0,89.614
NOR,2333.883611111111,185.0,89.614
NOR,2342.5947222222217,196.0,89.614
NOR,2358.305833333333,202.0,89.614
NOR,2374.794722222222,212.0,89.614
NOR,2396.894722222222,221.0,89.614
NOR,2409.4502777777775,226.0,89.614
NOR,2424.7836111111105,230.0,89.614
NOR,2437.7836111111105,234.0,89.614
NOR,2456.450277777777,240.0,89.614
NOR,2470.0058333333322,244.0,89.614
NOR,2494.9058333333323,249.0,89.614
NOR,2511.772499999999,253.0,89.614
NOR,2525.92361111111,256.0,89.614
NOR,2537.301388888888,256.0,89.614
NOR,2551.634722222221,258.0,89.614
NOR,2578.7458333333325,244.0,89.614
NOR,2589.101388888888,233.0,89.614
NOR,2606.1680555555545,192.0,89.614
NOR,2615.8347222222214,174.0,89.614
NOR,2630.4347222222214,146.0,89.614
NOR,2636.212499999999,130.0,89.614
NOR,2642.768055555555,118.0,89.614
NOR,2647.7902777777767,113.0,89.614
NOR,2655.645833333332,101.0,89.614
NOR,2660.8680555555543,94.0,89.614
NOR,2668.8680555555543,90.0,89.614
NOR,2676.179722222221,82.0,89.614
NOR,2679.7352777777764,80.0,89.614
NOR,2684.0130555555543,77.0,89.614
NOR,2689.3463888888878,80.0,89.614
NOR,2697.746388888888,84.0,89.614
NOR,2703.879722222221,92.0,89.614
NOR,2708.1019444444432,95.0,89.614
NOR,2715.16861111111,106.0,89.614
NOR,2720.1463888888875,112.0,89.614
NOR,2731.3463888888873,126.0,89.614
NOR,2738.624166666665,131.0,89.614
NOR,2753.9241666666653,153.0,89.614
NOR,2761.4352777777763,169.0,89.614
NOR,2775.2797222222207,178.0,89.614
NOR,2788.0263888888876,192.0,89.614
NOR,2799.081944444443,199.0,89.614
NOR,2808.104166666665,203.0,89.614
NOR,2829.804166666665,217.0,89.614
NOR,2849.981944444443,227.0,89.614
NOR,2876.4263888888872,238.0,89.614
NOR,2892.8263888888873,246.0,89.614
NOR,2912.3486111111097,251.0,89.614
NOR,2932.3374999999983,257.0,89.614
NOR,2970.9041666666653,267.0,89.614
NOR,2998.3802777777764,274.0,89.614
NOR,3010.7358333333323,278.0,89.614
NOR,3026.2913888888875,280.0,89.614
NOR,3048.302499999999,283.0,89.614
NOR,3083.502499999999,288.0,89.614
NOR,3115.9469444444435,292.0,89.614
NOR,3138.969166666666,296.0,89.614
NOR,3155.524722222221,298.0,89.614
NOR,3185.624722222221,301.0,89.614
NOR,3199.091388888888,303.0,89.614
NOR,3219.3580555555545,304.0,89.614
NOR,3243.1580555555547,306.0,89.614
NOR,3263.558055555555,306.0,89.614
NOR,3280.6136111111105,307.0,89.614
NOR,3294.172777777777,307.0,89.614
NOR,3310.0616666666656,286.0,89.614
NOR,3331.5727777777765,242.0,89.614
NOR,3343.7394444444435,219.0,89.614
NOR,3357.0061111111104,199.0,89.614
NOR,3367.6172222222212,191.0,89.614
NOR,3375.9283333333324,187.0,89.614
NOR,3391.8394444444434,179.0,89.614
NOR,3407.0394444444432,171.0,89.614
NOR,3414.417222222221,166.0,89.614
NOR,3429.3505555555544,168.0,89.614
NOR,3449.017222222221,177.0,89.614
NOR,3457.2461111111097,184.0,89.614
NOR,3467.8016666666654,190.0,89.614
NOR,3476.557222222221,197.0,89.614
NOR,3492.0349999999985,199.0,89.614
NOR,3505.968333333332,209.0,89.614
NOR,3520.2349999999983,214.0,89.614
NOR,3537.3461111111096,220.0,89.614
NOR,3547.34611111111,225.0,89.614
NOR,3570.34611111111,230.0,89.614
NOR,3594.1461111111103,238.0,89.614
NOR,3618.5461111111103,244.0,89.614
NOR,3640.7683333333325,250.0,89.614
NOR,3651.9238888888876,251.0,89.614
NOR,3671.757222222221,255.0,89.614
NOR,3697.4855555555546,258.0,89.614
NOR,3708.9966666666655,259.0,89.614
NOR,3726.396666666666,261.0,89.614
NOR,3737.996666666666,261.0,89.614
NOR,3752.663333333333,264.0,89.614
NOR,3773.1966666666663,264.0,89.614
NOR,3793.885555555555,266.0,89.614
NOR,3811.685555555555,267.0,89.614
NOR,3829.552222222221,268.0,89.614
NOR,3841.4633333333322,268.0,89.614
NOR,3865.4633333333327,270.0,89.614
NOR,3877.4633333333322,270.0,89.614
NOR,3895.5966666666664,272.0,89.614
NOR,3916.9058333333323,273.0,89.614
NOR,3944.4058333333323,275.0,89.614
NOR,3968.8058333333324,244.0,89.614
NOR,3981.5836111111103,230.0,89.614
NOR,3990.472499999999,200.0,89.614
NOR,4000.750277777777,185.0,89.614
NOR,4012.3502777777767,174.0,89.614
NOR,4023.216944444444,163.0,89.614
NOR,4037.0836111111103,156.0,89.614
NOR,4050.5947222222217,152.0,89.614
NOR,4060.3947222222214,147.0,89.614
NOR,4071.672499999999,145.0,89.614
NOR,4078.250277777777,148.0,89.614
NOR,4099.183611111111,157.0,89.614
NOR,4115.737499999999,166.0,89.614
NOR,4127.604166666666,178.0,89.614
NOR,4146.204166666666,186.0,89.614
NOR,4168.8708333333325,204.0,89.614
NOR,4178.159722222222,209.0,89.614
NOR,4192.426388888888,214.0,89.614
NOR,4204.648611111111,220.0,89.614
NOR,4214.648611111111,225.0,89.614
NOR,4232.770833333333,233.0,89.614
NOR,4248.570833333332,237.0,89.614
NOR,4275.9725,246.0,89.614
NOR,4295.494722222221,251.0,89.614
NOR,4312.494722222222,255.0,89.614
NOR,4323.961388888888,258.0,89.614
NOR,4344.416944444443,263.0,89.614
NOR,4356.150277777776,264.0,89.614
NOR,4367.972499999998,266.0,89.614
NOR,4398.194722222221,272.0,89.614
NOR,4425.8947222222205,277.0,89.614
NOR,4438.250277777775,278.0,89.614
NOR,4460.028055555554,280.0,89.614
NOR,4488.328055555554,283.0,89.614
NOR,4504.105833333332,284.0,89.614
NOR,4516.816944444443,286.0,89.614
NOR,4539.216944444443,288.0,89.614
NOR,4552.016944444442,288.0,89.614
NOR,4587.502777777776,291.0,89.614
NOR,4603.669444444443,291.0,89.614
NOR,4623.136111111109,292.0,89.614
NOR,4636.158333333331,293.0,89.614
NOR,4668.824999999998,294.0,89.614
NOR,4681.891666666665,294.0,89.614
NOR,4698.280555555553,295.0,89.614
NOR,4724.502777777776,295.0,89.614
NOR,4737.613888888886,295.0,89.614
NOR,4757.280555555552,295.0,89.614
NOR,4769.991666666663,286.0,89.614
NOR,4788.803055555552,241.0,89.614
NOR,4804.514166666663,202.0,89.614
NOR,4821.514166666663,170.0,89.614
NOR,4832.247499999996,161.0,89.614
NOR,4846.947499999996,147.0,89.614
NOR,4853.391944444441,145.0,89.614
NOR,4862.591944444441,138.0,89.614
NOR,4877.258611111107,132.0,89.614
NOR,4887.680833333329,134.0,89.614
NOR,4900.480833333329,144.0,89.614
NOR,4910.480833333329,150.0,89.614
NOR,4920.947499999997,157.0,89.614
NOR,4934.325277777774,172.0,89.614
NOR,4946.591944444441,184.0,89.614
NOR,4970.73694444444,198.0,89.614
NOR,4984.403611111107,205.0,89.614
NOR,5001.048055555551,214.0,89.614
NOR,5020.603611111106,220.0,89.614
NOR,5030.64805555555,226.0,89.614
NOR,5048.770277777772,233.0,89.614
NOR,5075.659166666662,242.0,89.614
NOR,5092.059166666661,246.0,89.614
NOR,5108.725833333328,250.0,89.614
NOR,5134.296666666661,255.0,89.614
NOR,5145.763333333328,258.0,89.614
NOR,5160.263333333327,261.0,89.614
NOR,5174.874444444438,263.0,89.614
NOR,5192.607777777772,266.0,89.614
NOR,5213.529999999993,269.0,89.614
NOR,5228.585555555549,271.0,89.614
NOR,5259.029999999994,274.0,89.614
NOR,5290.141111111105,280.0,89.614
NOR,5302.718888888883,283.0,89.614
NOR,5318.607777777771,286.0,89.614
NOR,5331.363333333327,287.0,89.614
NOR,5347.363333333327,288.0,89.614
PIA,32.36333333333334,292.0,89.683
PIA,45.304166666666674,293.0,89.683
PIA,65.03750000000001,296.0,89.683
PIA,81.53750000000001,297.0,89.683
PIA,94.78194444444445,298.0,89.683
PIA,111.39305555555558,299.0,89.683
PIA,131.45972222222224,301.0,89.683
PIA,151.65972222222223,303.0,89.683
PIA,175.30416666666665,304.0,89.683
PIA,202.50416666666666,306.0,89.683
PIA,222.90416666666664,306.0,89.683
PIA,243.4375,308.0,89.683
PIA,264.03749999999997,309.0,89.683
PIA,291.50416666666666,309.0,89.683
PIA,305.28194444444443,310.0,89.683
PIA,322.5597222222222,311.0,89.683
PIA,346.74861111111113,311.0,89.683
PIA,367.5486111111111,312.0,89.683
PIA,398.74861111111113,312.0,89.683
PIA,416.13750000000005,313.0,89.683
PIA,440.64694444444444,314.0,89.683
PIA,468.4691666666667,313.0,89.683
PIA,489.40250000000003,314.0,89.683
PIA,527.7802777777778,314.0,89.683
PIA,545.1691666666667,313.0,89.683
PIA,559.0802777777778,313.0,89.683
PIA,579.8802777777779,312.0,89.683
PIA,593.7025000000001,311.0,89.683
PIA,615.091388888889,275.0,89.683
PIA,633.3483333333335,275.0,89.683
PIA,645.0150000000001,210.0,89.683
PIA,662.903888888889,161.0,89.683
PIA,669.2150000000001,142.0,89.683
PIA,678.9372222222224,125.0,89.683
PIA,684.8816666666669,107.0,89.683
PIA,689.4594444444447,103.0,89.683
PIA,695.6594444444447,93.0,89.683
PIA,700.7150000000003,91.0,89.683
PIA,705.4927777777781,86.0,89.683
PIA,709.2705555555559,85.0,89.683
PIA,715.7261111111114,83.0,89.683
PIA,720.8594444444448,77.0,89.683
PIA,724.1927777777781,75.0,89.683
PIA,733.6038888888893,77.0,89.683
PIA,739.8261111111115,80.0,89.683
PIA,744.4372222222225,83.0,89.683
PIA,752.5261111111114,91.0,89.683
PIA,758.2769444444447,103.0,89.683
PIA,768.6769444444446,117.0,89.683
PIA,783.6769444444446,135.0,89.683
PIA,791.5658333333336,142.0,89.683
PIA,810.510277777778,155.0,89.683
PIA,819.2325000000002,157.0,89.683
PIA,828.5102777777779,167.0,89.683
PIA,848.8436111111113,183.0,89.683
PIA,859.346388888889,190.0,89.683
PIA,872.6130555555557,199.0,89.683
PIA,888.4797222222223,204.0,89.683
PIA,900.0352777777779,208.0,89.683
PIA,917.0686111111112,219.0,89.683
PIA,934.4908333333335,224.0,89.683
PIA,957.7908333333335,233.0,89.683
PIA,968.2797222222224,236.0,89.683
PIA,978.9463888888889,240.0,89.683
PIA,1000.9019444444446,247.0,89.683
PIA,1017.5686111111114,250.0,89.683
PIA,1028.8575000000003,254.0,89.683
PIA,1043.2463888888892,259.0,89.683
PIA,1060.7130555555557,262.0,89.683
PIA,1075.4908333333337,266.0,89.683
PIA,1096.4908333333335,270.0,89.683
PIA,1117.8019444444446,274.0,89.683
PIA,1139.5794444444446,279.0,89.683
PIA,1167.7794444444446,282.0,89.683
PIA,1193.2016666666668,286.0,89.683
PIA,1212.2683333333337,286.0,89.683
PIA,1228.3794444444447,290.0,89.683
PIA,1247.8461111111112,292.0,89.683
PIA,1260.8683333333333,293.0,89.683
PIA,1280.535,295.0,89.683
PIA,1303.712777777778,298.0,89.683
PIA,1333.812777777778,301.0,89.683
PIA,1370.7619444444447,303.0,89.683
PIA,1407.4286111111112,300.0,89.683
PIA,1420.7619444444445,300.0,89.683
PIA,1433.3174999999999,226.0,89.683
PIA,1446.0508333333332,191.0,89.683
PIA,1457.9174999999998,178.0,89.683
PIA,1472.0508333333332,159.0,89.683
PIA,1478.8952777777777,154.0,89.683
PIA,1491.428611111111,141.0,89.683
PIA,1504.828611111111,134.0,89.683
PIA,1513.5619444444444,131.0,89.683
PIA,1519.3841666666667,131.0,89.683
PIA,1524.9397222222224,125.0,89.683
PIA,1534.7397222222223,126.0,89.683
PIA,1548.0397222222223,133.0,89.683
PIA,1557.478888888889,141.0,89.683
PIA,1564.0122222222224,147.0,89.683
PIA,1570.5455555555557,147.0,89.683
PIA,1584.8566666666666,161.0,89.683
PIA,1592.4122222222222,170.0,89.683
PIA,1604.2122222222224,177.0,89.683
PIA,1628.167777777778,196.0,89.683
PIA,1636.8788888888892,196.0,89.683
PIA,1646.0344444444447,206.0,89.683
PIA,1662.5233333333338,212.0,89.683
PIA,1674.745555555556,220.0,89.683
PIA,1687.238333333334,226.0,89.683
PIA,1712.9050000000004,231.0,89.683
PIA,1731.649444444445,241.0,89.683
PIA,1753.6050000000005,247.0,89.683
PIA,1767.4383333333337,249.0,89.683
PIA,1784.2383333333337,252.0,89.683
PIA,1803.9161111111116,253.0,89.683
PIA,1815.1605555555561,253.0,89.683
PIA,1836.138333333334,236.0,89.683
PIA,1848.6938888888894,226.0,89.683
PIA,1863.4272222222228,221.0,89.683
PIA,1882.5383333333339,215.0,89.683
PIA,1897.0050000000003,217.0,89.683
PIA,1909.1716666666669,219.0,89.683
PIA,1924.0383333333336,223.0,89.683
PIA,1944.5466666666669,230.0,89.683
PIA,2006.9022222222225,244.0,89.683
PIA,2028.7688888888893,246.0,89.683
PIA,2039.7022222222224,246.0,89.683
PIA,2062.1911111111112,253.0,89.683
PIA,2073.4800000000005,254.0,89.683
PIA,2084.7688888888893,254.0,89.683
PIA,2107.6133333333337,257.0,89.683
PIA,2130.635555555556,259.0,89.683
PIA,2150.3072222222227,222.0,89.683
PIA,2161.1405555555557,195.0,89.683
PIA,2174.5961111111114,173.0,89.683
PIA,2186.6850000000004,136.0,89.683
PIA,2195.0850000000005,126.0,89.683
PIA,2202.418333333334,110.0,89.683
PIA,2209.0850000000005,100.0,89.683
PIA,2218.4850000000006,94.0,89.683
PIA,2225.407222222223,89.0,89.683
PIA,2230.185000000001,86.0,89.683
PIA,2238.185000000001,80.0,89.683
PIA,2244.17388888889,77.0,89.683
PIA,2247.685000000001,79.0,89.683
PIA,2252.2405555555565,82.0,89.683
PIA,2257.9308333333342,85.0,89.683
PIA,2265.164166666668,93.0,89.683
PIA,2269.297500000001,93.0,89.683
PIA,2278.5419444444456,104.0,89.683
PIA,2285.2641666666677,121.0,89.683
PIA,2292.5419444444456,131.0,89.683
PIA,2301.675277777779,137.0,89.683
PIA,2317.975277777779,163.0,89.683
PIA,2329.4419444444457,172.0,89.683
PIA,2339.4975000000013,181.0,89.683
PIA,2363.8197222222234,199.0,89.683
PIA,2379.784722222223,206.0,89.683
PIA,2389.2069444444455,212.0,89.683
PIA,2406.240277777779,219.0,89.683
PIA,2416.062500000001,221.0,89.683
PIA,2433.873611111112,229.0,89.683
PIA,2446.762500000001,232.0,89.683
PIA,2473.318055555557,239.0,89.683
PIA,2486.873611111112,244.0,89.683
PIA,2503.4736111111124,249.0,89.683
PIA,2537.340277777779,254.0,89.683
PIA,2551.562500000001,256.0,89.683
PIA,2565.7847222222235,256.0,89.683
PIA,2588.1847222222236,252.0,89.683
PIA,2605.7625000000016,226.0,89.683
PIA,2623.9525000000017,204.0,89.683
PIA,2657.174722222224,115.0,89.683
PIA,2666.9525000000017,110.0,89.683
PIA,2673.152500000002,93.0,89.683
PIA,2680.974722222224,88.0,89.683
PIA,2684.752500000002,85.0,89.683
PIA,2690.8969444444465,79.0,89.683
PIA,2695.23027777778,78.0,89.683
PIA,2701.141388888891,76.0,89.683
PIA,2705.5636111111135,80.0,89.683
PIA,2711.363611111113,87.0,89.683
PIA,2717.4969444444464,92.0,89.683
PIA,2721.8969444444465,99.0,89.683
PIA,2726.474722222224,103.0,89.683
PIA,2738.574722222224,121.0,89.683
PIA,2751.674722222224,131.0,89.683
PIA,2759.841388888891,147.0,89.683
PIA,2768.674722222224,159.0,89.683
PIA,2788.0080555555573,174.0,89.683
PIA,2796.3191666666685,187.0,89.683
PIA,2807.2080555555576,196.0,89.683
PIA,2818.5413888888907,204.0,89.683
PIA,2835.1858333333353,214.0,89.683
PIA,2852.436111111113,221.0,89.683
PIA,2867.7694444444464,230.0,89.683
PIA,2878.258333333335,236.0,89.683
PIA,2897.0027777777796,241.0,89.683
PIA,2916.1361111111128,246.0,89.683
PIA,2941.6361111111128,255.0,89.683
PIA,2956.1361111111128,261.0,89.683
PIA,2973.8694444444463,266.0,89.683
PIA,2988.8138888888907,269.0,89.683
PIA,3010.20277777778,275.0,89.683
PIA,3025.591666666669,277.0,89.683
PIA,3053.891666666669,283.0,89.683
PIA,3072.8916666666687,285.0,89.683
PIA,3088.811666666669,288.0,89.683
PIA,3101.700555555558,290.0,89.683
PIA,3117.9227777777805,292.0,89.683
PIA,3150.9227777777805,297.0,89.683
PIA,3164.1227777777804,297.0,89.683
PIA,3190.789444444447,300.0,89.683
PIA,3207.5672222222247,302.0,89.683
PIA,3238.0672222222247,305.0,89.683
PIA,3251.667222222225,306.0,89.683
PIA,3268.7227777777803,307.0,89.683
PIA,3282.367222222225,307.0,89.683
PIA,3306.3227777777797,308.0,89.683
PIA,3322.1005555555575,284.0,89.683
PIA,3343.52277777778,241.0,89.683
PIA,3362.51527777778,213.0,89.683
PIA,3371.3597222222243,199.0,89.683
PIA,3381.8041666666686,188.0,89.683
PIA,3393.6708333333354,178.0,89.683
PIA,3410.6708333333354,170.0,89.683
PIA,3421.604166666669,164.0,89.683
PIA,3428.7152777777796,160.0,89.683
PIA,3439.5819444444464,163.0,89.683
PIA,3446.959722222224,166.0,89.683
PIA,3462.6930555555573,177.0,89.683
PIA,3472.9152777777795,184.0,89.683
PIA,3492.5152777777794,196.0,89.683
PIA,3501.2263888888906,196.0,89.683
PIA,3517.4041666666685,208.0,89.683
PIA,3531.6113888888904,214.0,89.683
PIA,3543.8336111111125,220.0,89.683
PIA,3553.700277777779,222.0,89.683
PIA,3576.200277777779,225.0,89.683
PIA,3597.0891666666676,235.0,89.683
PIA,3623.9780555555562,242.0,89.683
PIA,3640.3113888888897,245.0,89.683
PIA,3659.755833333334,250.0,89.683
PIA,3679.5113888888895,254.0,89.683
PIA,3716.778055555556,258.0,89.683
PIA,3742.950555555556,261.0,89.683
PIA,3754.550555555556,261.0,89.683
PIA,3769.1061111111117,262.0,89.683
PIA,3789.639444444445,264.0,89.683
PIA,3822.150555555556,266.0,89.683
PIA,3852.039444444445,269.0,89.683
PIA,3872.961666666666,269.0,89.683
PIA,3887.961666666666,270.0,89.683
PIA,3915.161666666666,272.0,89.683
PIA,3927.295,273.0,89.683
PIA,3945.5616666666665,274.0,89.683
PIA,3966.095,264.0,89.683
PIA,3982.161666666666,241.0,89.683
PIA,3994.161666666666,216.0,89.683
PIA,4002.9949999999994,200.0,89.683
PIA,4013.328333333332,186.0,89.683
PIA,4028.6172222222212,172.0,89.683
PIA,4037.7283333333326,164.0,89.683
PIA,4048.394999999999,160.0,89.683
PIA,4057.172777777777,158.0,89.683
PIA,4063.9283333333324,152.0,89.683
PIA,4076.8172222222215,145.0,89.683
PIA,4089.6172222222212,144.0,89.683
PIA,4096.017222222221,144.0,89.683
PIA,4109.261666666665,149.0,89.683
PIA,4126.594999999998,156.0,89.683
PIA,4134.153055555554,169.0,89.683
PIA,4143.930833333332,176.0,89.683
PIA,4151.753055555554,176.0,89.683
PIA,4166.375277777776,188.0,89.683
PIA,4179.975277777777,204.0,89.683
PIA,4193.8419444444435,208.0,89.683
PIA,4210.797499999999,218.0,89.683
PIA,4220.486388888888,218.0,89.683
PIA,4243.086388888888,226.0,89.683
PIA,4267.186388888888,241.0,89.683
PIA,4291.886388888888,247.0,89.683
PIA,4314.375277777777,253.0,89.683
PIA,4325.753055555555,256.0,89.683
PIA,4345.975277777778,260.0,89.683
PIA,4372.501388888888,266.0,89.683
PIA,4384.456944444443,269.0,89.683
PIA,4402.523611111111,271.0,89.683
PIA,4414.701388888889,274.0,89.683
PIA,4429.979166666667,275.0,89.683
PIA,4451.679166666667,279.0,89.683
PIA,4473.534722222223,281.0,89.683
PIA,4492.468055555555,284.0,89.683
PIA,4511.401388888888,284.0,89.683
PIA,4524.112499999999,286.0,89.683
PIA,4549.712499999999,288.0,89.683
PIA,4562.556944444443,289.0,89.683
PIA,4581.890277777777,290.0,89.683
PIA,4604.604444444442,291.0,89.683
PIA,4633.904444444443,293.0,89.683
PIA,4663.304444444442,294.0,89.683
PIA,4679.637777777776,294.0,89.683
PIA,4692.7488888888865,295.0,89.683
PIA,4709.193333333331,296.0,89.683
PIA,4728.926666666665,296.0,89.683
PIA,4748.659999999998,296.0,89.683
PIA,4773.637777777775,281.0,89.683
PIA,4794.526666666665,235.0,89.683
PIA,4808.326666666664,207.0,89.683
PIA,4821.937777777775,175.0,89.683
PIA,4829.359999999998,167.0,89.683
PIA,4849.226666666665,149.0,89.683
PIA,4862.88861111111,137.0,89.683
PIA,4871.755277777776,133.0,89.683
PIA,4884.655277777776,129.0,89.683
PIA,4899.98861111111,138.0,89.683
PIA,4906.210833333332,140.0,89.683
PIA,4916.144166666665,149.0,89.683
PIA,4924.977499999998,159.0,89.683
PIA,4932.488611111109,169.0,89.683
PIA,4946.566388888887,181.0,89.683
PIA,4959.166388888886,189.0,89.683
PIA,4981.666944444442,202.0,89.683
PIA,4998.078055555554,211.0,89.683
PIA,5012.54472222222,217.0,89.683
PIA,5022.3224999999975,220.0,89.683
PIA,5039.9780555555535,227.0,89.683
PIA,5050.289166666665,232.0,89.683
PIA,5060.778055555555,236.0,89.683
PIA,5087.889166666665,244.0,89.683
PIA,5112.789166666665,249.0,89.683
PIA,5123.94472222222,251.0,89.683
PIA,5143.933611111109,257.0,89.683
PIA,5170.033611111109,261.0,89.683
PIA,5184.700277777776,264.0,89.683
PIA,5196.522499999998,266.0,89.683
PIA,5217.522499999998,270.0,89.683
PIA,5229.566944444444,271.0,89.683
PIA,5263.22361111111,276.0,89.683
PIA,5278.72361111111,279.0,89.683
PIA,5297.456944444442,281.0,89.683
PIA,5310.0791666666655,284.0,89.683
PIA,5341.968055555553,287.0,89.683
PIA,5354.768055555553,288.0,89.683
PIA,5370.879166666664,290.0,89.683
HAM,17.905555555555555,293.0,89.71
HAM,31.016666666666666,295.0,89.71
HAM,70.88333333333333,299.0,89.71
HAM,100.89972222222222,301.0,89.71
HAM,121.09972222222223,303.0,89.71
HAM,151.4997222222222,304.0,89.71
HAM,185.4997222222222,306.0,89.71
HAM,199.1886111111111,308.0,89.71
HAM,219.78861111111112,309.0,89.71
HAM,237.01083333333332,310.0,89.71
HAM,250.78861111111112,310.0,89.71
HAM,275.05527777777775,312.0,89.71
HAM,295.85527777777776,312.0,89.71
HAM,330.83138888888885,314.0,89.71
HAM,355.25361111111107,314.0,89.71
HAM,376.1869444444444,314.0,89.71
HAM,390.1425,314.0,89.71
HAM,414.6425,315.0,89.71
HAM,428.6424999999999,315.0,89.71
HAM,442.6424999999999,315.0,89.71
HAM,477.6424999999999,315.0,89.71
HAM,509.24249999999995,316.0,89.71
HAM,523.2869444444443,316.0,89.71
HAM,547.7869444444443,315.0,89.71
HAM,579.0869444444444,313.0,89.71
HAM,596.4758333333333,313.0,89.71
HAM,609.8980555555554,302.0,89.71
HAM,629.1869444444443,248.0,89.71
HAM,639.4980555555554,232.0,89.71
HAM,658.7652777777777,158.0,89.71
HAM,666.598611111111,141.0,89.71
HAM,674.8652777777777,124.0,89.71
HAM,680.0652777777777,117.0,89.71
HAM,690.8430555555555,97.0,89.71
HAM,695.1541666666666,97.0,89.71
HAM,700.0430555555555,88.0,89.71
HAM,707.0652777777777,79.0,89.71
HAM,710.4875,77.0,89.71
HAM,715.4208333333332,74.0,89.71
HAM,718.7097222222221,74.0,89.71
HAM,724.3297222222221,72.0,89.71
HAM,730.2408333333333,76.0,89.71
HAM,738.1408333333333,79.0,89.71
HAM,744.0074999999999,88.0,89.71
HAM,753.4074999999999,94.0,89.71
HAM,758.2074999999999,108.0,89.71
HAM,766.1408333333333,119.0,89.71
HAM,781.3630555555554,137.0,89.71
HAM,792.5630555555555,144.0,89.71
HAM,806.2519444444443,154.0,89.71
HAM,817.118611111111,163.0,89.71
HAM,828.4519444444443,170.0,89.71
HAM,842.7630555555554,184.0,89.71
HAM,855.3630555555554,189.0,89.71
HAM,880.2397222222221,204.0,89.71
HAM,894.2397222222221,210.0,89.71
HAM,911.428611111111,221.0,89.71
HAM,931.6952777777776,228.0,89.71
HAM,941.9174999999999,230.0,89.71
HAM,960.428611111111,238.0,89.71
HAM,987.428611111111,243.0,89.71
HAM,1004.0952777777775,250.0,89.71
HAM,1020.8952777777777,252.0,89.71
HAM,1046.9675,260.0,89.71
HAM,1058.7897222222223,266.0,89.71
HAM,1073.5675,266.0,89.71
HAM,1088.6230555555555,271.0,89.71
HAM,1106.8897222222222,274.0,89.71
HAM,1128.5119444444445,278.0,89.71
HAM,1144.1230555555555,281.0,89.71
HAM,1175.6786111111112,284.0,89.71
HAM,1207.9008333333334,290.0,89.71
HAM,1220.7897222222223,290.0,89.71
HAM,1237.0119444444445,292.0,89.71
HAM,1250.0341666666666,293.0,89.71
HAM,1266.478611111111,296.0,89.71
HAM,1292.9674999999997,298.0,89.71
HAM,1309.6341666666667,300.0,89.71
HAM,1350.0341666666664,303.0,89.71
HAM,1383.7274999999997,304.0,89.71
HAM,1411.0274999999997,273.0,89.71
HAM,1422.449722222222,257.0,89.71
HAM,1432.5830555555553,228.0,89.71
HAM,1450.0052777777776,196.0,89.71
HAM,1468.1163888888889,163.0,89.71
HAM,1474.8275,151.0,89.71
HAM,1481.316388888889,146.0,89.71
HAM,1490.316388888889,135.0,89.71
HAM,1497.6305555555557,131.0,89.71
HAM,1507.5083333333334,127.0,89.71
HAM,1512.9305555555557,122.0,89.71
HAM,1519.7638888888891,123.0,89.71
HAM,1529.563888888889,126.0,89.71
HAM,1535.252777777778,128.0,89.71
HAM,1545.363888888889,130.0,89.71
HAM,1551.363888888889,135.0,89.71
HAM,1560.6972222222223,140.0,89.71
HAM,1573.5861111111112,145.0,89.71
HAM,1580.4750000000001,155.0,89.71
HAM,1593.6972222222223,170.0,89.71
HAM,1603.6972222222223,180.0,89.71
HAM,1618.2416666666668,187.0,89.71
HAM,1631.3083333333334,196.0,89.71
HAM,1647.3305555555557,206.0,89.71
HAM,1656.6194444444448,209.0,89.71
HAM,1676.441666666667,223.0,89.71
HAM,1691.7083333333337,229.0,89.71
HAM,1709.7658333333336,233.0,89.71
HAM,1728.3547222222226,239.0,89.71
HAM,1739.0658333333338,241.0,89.71
HAM,1758.1991666666672,246.0,89.71
HAM,1769.2213888888894,248.0,89.71
HAM,1783.1102777777783,250.0,89.71
HAM,1815.9102777777782,246.0,89.71
HAM,1841.1325000000004,227.0,89.71
HAM,1853.471666666667,221.0,89.71
HAM,1865.4161111111114,215.0,89.71
HAM,1877.1383333333335,211.0,89.71
HAM,1891.1383333333338,210.0,89.71
HAM,1912.3383333333338,212.0,89.71
HAM,1929.2161111111116,217.0,89.71
HAM,1941.771666666667,226.0,89.71
HAM,1954.4383333333335,228.0,89.71
HAM,1974.7938888888891,229.0,89.71
HAM,1995.682777777778,235.0,89.71
HAM,2008.905,238.0,89.71
HAM,2033.2050000000004,243.0,89.71
HAM,2044.1383333333335,246.0,89.71
HAM,2057.9161111111116,248.0,89.71
HAM,2074.6494444444447,251.0,89.71
HAM,2130.360555555556,218.0,89.71
HAM,2141.6372222222226,204.0,89.71
HAM,2156.1261111111116,163.0,89.71
HAM,2168.3927777777785,138.0,89.71
HAM,2177.8038888888896,121.0,89.71
HAM,2184.137222222223,114.0,89.71
HAM,2193.2927777777786,103.0,89.71
HAM,2197.826111111112,102.0,89.71
HAM,2202.092777777779,96.0,89.71
HAM,2207.2294444444456,92.0,89.71
HAM,2213.162777777779,89.0,89.71
HAM,2219.6961111111123,84.0,89.71
HAM,2223.340555555557,82.0,89.71
HAM,2227.785000000001,80.0,89.71
HAM,2237.4516666666677,87.0,89.71
HAM,2248.6961111111123,92.0,89.71
HAM,2254.307222222223,101.0,89.71
HAM,2259.1072222222233,108.0,89.71
HAM,2268.440555555557,120.0,89.71
HAM,2285.5516666666676,140.0,89.71
HAM,2292.307222222223,152.0,89.71
HAM,2303.0405555555567,161.0,89.71
HAM,2312.4850000000015,170.0,89.71
HAM,2320.440555555557,179.0,89.71
HAM,2332.840555555557,186.0,89.71
HAM,2345.7738888888903,194.0,89.71
HAM,2354.662777777779,200.0,89.71
HAM,2368.462777777779,207.0,89.71
HAM,2387.6913888888903,217.0,89.71
HAM,2402.69138888889,225.0,89.71
HAM,2423.046944444445,229.0,89.71
HAM,2438.713611111112,235.0,89.71
HAM,2449.2469444444455,237.0,89.71
HAM,2465.380277777779,242.0,89.71
HAM,2478.935833333335,244.0,89.71
HAM,2501.316666666668,251.0,89.71
HAM,2518.2500000000014,254.0,89.71
HAM,2535.383333333334,257.0,89.71
HAM,2549.7722222222233,259.0,89.71
HAM,2563.994444444446,256.0,89.71
HAM,2586.03888888889,248.0,89.71
HAM,2609.816666666668,214.0,89.71
HAM,2618.3944444444455,193.0,89.71
HAM,2632.3500000000013,157.0,89.71
HAM,2645.6500000000015,133.0,89.71
HAM,2657.8722222222236,110.0,89.71
HAM,2666.672222222224,99.0,89.71
HAM,2674.494444444446,88.0,89.71
HAM,2679.1611111111124,84.0,89.71
HAM,2682.8500000000013,83.0,89.71
HAM,2691.1833333333348,75.0,89.71
HAM,2694.6055555555567,77.0,89.71
HAM,2700.005555555557,81.0,89.71
HAM,2704.616666666668,83.0,89.71
HAM,2710.724444444446,92.0,89.71
HAM,2719.7022222222236,101.0,89.71
HAM,2728.646666666668,115.0,89.71
HAM,2734.0244444444456,121.0,89.71
HAM,2741.3022222222235,131.0,89.71
HAM,2751.1688888888903,148.0,89.71
HAM,2760.0022222222233,159.0,89.71
HAM,2771.2488888888897,168.0,89.71
HAM,2779.160000000001,178.0,89.71
HAM,2800.8266666666677,195.0,89.71
HAM,2819.226666666668,207.0,89.71
HAM,2843.671111111112,220.0,89.71
HAM,2856.2822222222235,227.0,89.71
HAM,2874.171111111112,230.0,89.71
HAM,2887.5600000000013,241.0,89.71
HAM,2903.893333333335,245.0,89.71
HAM,2920.5600000000018,250.0,89.71
HAM,2934.6711111111126,254.0,89.71
HAM,2960.971111111113,263.0,89.71
HAM,2981.8155555555572,268.0,89.71
HAM,3003.1266666666684,274.0,89.71
HAM,3024.671111111113,277.0,89.71
HAM,3037.0711111111127,279.0,89.71
HAM,3049.6044444444465,282.0,89.71
HAM,3068.604444444446,285.0,89.71
HAM,3091.0822222222237,289.0,89.71
HAM,3110.401388888891,291.0,89.71
HAM,3146.5791666666682,296.0,89.71
HAM,3163.134722222224,298.0,89.71
HAM,3186.468055555557,300.0,89.71
HAM,3203.2458333333348,302.0,89.71
HAM,3223.5791666666682,305.0,89.71
HAM,3244.0641666666684,306.0,89.71
HAM,3257.6641666666683,306.0,89.71
HAM,3278.1975000000016,308.0,89.71
HAM,3298.6641666666683,307.0,89.71
HAM,3323.0197222222237,274.0,89.71
HAM,3339.3530555555567,245.0,89.71
HAM,3349.1752777777792,221.0,89.71
HAM,3362.908611111113,206.0,89.71
HAM,3371.6641666666683,197.0,89.71
HAM,3380.0641666666684,189.0,89.71
HAM,3395.4419444444457,173.0,89.71
HAM,3411.8419444444457,164.0,89.71
HAM,3420.7308333333344,160.0,89.71
HAM,3427.9308333333347,162.0,89.71
HAM,3442.775277777779,167.0,89.71
HAM,3462.664166666668,179.0,89.71
HAM,3484.108611111112,193.0,89.71
HAM,3495.108611111112,198.0,89.71
HAM,3508.708611111112,204.0,89.71
HAM,3525.119722222223,211.0,89.71
HAM,3549.392222222223,219.0,89.71
HAM,3561.7811111111123,223.0,89.71
HAM,3581.95888888889,227.0,89.71
HAM,3597.4255555555565,232.0,89.71
HAM,3613.2922222222232,238.0,89.71
HAM,3632.259722222223,243.0,89.71
HAM,3654.3041666666672,248.0,89.71
HAM,3668.248611111112,251.0,89.71
HAM,3679.537500000001,254.0,89.71
HAM,3693.704166666668,255.0,89.71
HAM,3705.12638888889,257.0,89.71
HAM,3725.2708333333344,259.0,89.71
HAM,3742.670833333334,261.0,89.71
HAM,3757.170833333334,261.0,89.71
HAM,3780.4597222222233,262.0,89.71
HAM,3800.9930555555566,264.0,89.71
HAM,3812.770833333334,265.0,89.71
HAM,3839.370833333334,266.0,89.71
HAM,3851.193055555556,266.0,89.71
HAM,3877.993055555556,268.0,89.71
HAM,3901.9930555555566,270.0,89.71
HAM,3923.0708333333346,271.0,89.71
HAM,3944.22638888889,272.0,89.71
HAM,3968.2263888888897,270.0,89.71
HAM,3995.9597222222233,208.0,89.71
HAM,4008.6930555555564,191.0,89.71
HAM,4025.3466666666673,167.0,89.71
HAM,4032.5466666666675,162.0,89.71
HAM,4047.7466666666674,152.0,89.71
HAM,4057.6133333333337,148.0,89.71
HAM,4068.697222222223,142.0,89.71
HAM,4086.297222222223,144.0,89.71
HAM,4092.7861111111115,146.0,89.71
HAM,4101.175,151.0,89.71
HAM,4111.708333333333,158.0,89.71
HAM,4118.863888888888,161.0,89.71
HAM,4136.563888888889,177.0,89.71
HAM,4144.563888888889,180.0,89.71
HAM,4157.2972222222215,191.0,89.71
HAM,4173.163888888888,204.0,89.71
HAM,4189.419444444444,209.0,89.71
HAM,4208.9749999999985,220.0,89.71
HAM,4224.041666666666,226.0,89.71
HAM,4239.508333333332,232.0,89.71
HAM,4260.930555555555,241.0,89.71
HAM,4288.597222222221,249.0,89.71
HAM,4299.752777777776,251.0,89.71
HAM,4322.508333333332,256.0,89.71
HAM,4334.019444444443,259.0,89.71
HAM,4354.552777777777,264.0,89.71
HAM,4381.352777777777,268.0,89.71
HAM,4396.277777777777,270.0,89.71
HAM,4420.722222222223,275.0,89.71
HAM,4439.2555555555555,278.0,89.71
HAM,4451.655555555555,279.0,89.71
HAM,4473.589166666667,281.0,89.71
HAM,4492.522499999999,284.0,89.71
HAM,4527.478055555554,286.0,89.71
HAM,4543.478055555554,288.0,89.71
HAM,4572.578055555555,291.0,89.71
HAM,4585.511388888889,291.0,89.71
HAM,4618.066944444444,293.0,89.71
HAM,4640.933611111111,294.0,89.71
HAM,4657.322499999999,295.0,89.71
HAM,4673.711388888888,295.0,89.71
HAM,4690.155833333331,296.0,89.71
HAM,4723.155833333332,297.0,89.71
HAM,4736.400277777777,298.0,89.71
HAM,4762.800277777777,297.0,89.71
HAM,4775.822499999999,293.0,89.71
HAM,4793.022499999999,258.0,89.71
HAM,4808.0225,225.0,89.71
HAM,4820.5225,225.0,89.71
HAM,4833.900277777777,172.0,89.71
HAM,4846.111388888888,157.0,89.71
HAM,4855.978055555554,148.0,89.71
HAM,4865.244722222221,139.0,89.71
HAM,4871.2955555555545,137.0,89.71
HAM,4881.717777777777,134.0,89.71
HAM,4888.939999999999,130.0,89.71
HAM,4897.739999999999,132.0,89.71
HAM,4916.445555555554,140.0,89.71
HAM,4932.345555555554,159.0,89.71
HAM,4951.789999999998,175.0,89.71
HAM,4959.923333333331,183.0,89.71
HAM,4968.056666666665,183.0,89.71
HAM,4985.567777777776,197.0,89.71
HAM,5004.2344444444425,210.0,89.71
HAM,5013.656666666665,212.0,89.71
HAM,5025.712222222221,217.0,89.71
HAM,5043.212222222221,225.0,89.71
HAM,5058.612222222221,231.0,89.71
HAM,5069.0566666666655,235.0,89.71
HAM,5084.989999999999,239.0,89.71
HAM,5098.5455555555545,244.0,89.71
HAM,5115.145555555554,249.0,89.71
HAM,5131.745555555554,249.0,89.71
HAM,5157.445555555554,257.0,89.71
HAM,5171.945555555554,261.0,89.71
HAM,5195.41222222222,264.0,89.71
HAM,5213.278888888886,268.0,89.71
HAM,5225.278888888887,270.0,89.71
HAM,5243.41222222222,272.0,89.71
HAM,5267.945555555553,276.0,89.71
HAM,5286.468055555553,279.0,89.71
HAM,5308.479166666664,283.0,89.71
HAM,5324.312499999998,285.0,89.71
HAM,5343.525555555554,287.0,89.71
HAM,5359.58111111111,289.0,89.71
HUL,7.3,292.0,89.851
HUL,26.96666666666667,295.0,89.851
HUL,56.666666666666664,297.0,89.851
HUL,76.66666666666667,300.0,89.851
HUL,93.38888888888889,301.0,89.851
HUL,113.5888888888889,303.0,89.851
HUL,130.53333333333333,305.0,89.851
HUL,147.53333333333333,306.0,89.851
HUL,174.8222222222222,307.0,89.851
HUL,191.98888888888888,309.0,89.851
HUL,205.76666666666668,310.0,89.851
HUL,236.86666666666667,311.0,89.851
HUL,264.68888888888887,313.0,89.851
HUL,285.6425,313.0,89.851
HUL,320.53138888888884,314.0,89.851
HUL,352.13138888888886,316.0,89.851
HUL,390.8758333333333,317.0,89.851
HUL,415.6091666666666,318.0,89.851
HUL,433.2758333333333,318.0,89.851
HUL,450.88694444444445,317.0,89.851
HUL,468.6091666666666,319.0,89.851
HUL,489.72083333333336,318.0,89.851
HUL,503.85416666666663,318.0,89.851
HUL,535.7541666666666,319.0,89.851
HUL,549.8874999999999,318.0,89.851
HUL,567.498611111111,317.0,89.851
HUL,581.498611111111,315.0,89.851
HUL,605.9208333333332,314.0,89.851
HUL,618.898611111111,292.0,89.851
HUL,636.2319444444444,260.0,89.851
HUL,650.4319444444444,213.0,89.851
HUL,662.8319444444444,186.0,89.851
HUL,674.4208333333332,149.0,89.851
HUL,689.4875,113.0,89.851
HUL,695.2097222222221,103.0,89.851
HUL,704.9875,88.0,89.851
HUL,713.1874999999999,82.0,89.851
HUL,720.3072222222221,71.0,89.851
HUL,726.5294444444443,70.0,89.851
HUL,733.5294444444443,70.0,89.851
HUL,736.7738888888887,73.0,89.851
HUL,741.107222222222,78.0,89.851
HUL,744.7516666666666,82.0,89.851
HUL,750.6183333333332,88.0,89.851
HUL,755.785,93.0,89.851
HUL,760.3183333333333,102.0,89.851
HUL,772.5183333333332,122.0,89.851
HUL,784.1263888888888,131.0,89.851
HUL,802.0930555555555,147.0,89.851
HUL,814.0708333333332,154.0,89.851
HUL,821.2263888888888,161.0,89.851
HUL,833.9819444444443,164.0,89.851
HUL,843.648611111111,174.0,89.851
HUL,862.648611111111,190.0,89.851
HUL,878.048611111111,198.0,89.851
HUL,894.2263888888888,208.0,89.851
HUL,906.1708333333332,215.0,89.851
HUL,918.3930555555555,220.0,89.851
HUL,933.3263888888888,224.0,89.851
HUL,945.9930555555555,228.0,89.851
HUL,977.7263888888889,238.0,89.851
HUL,999.5041666666667,245.0,89.851
HUL,1016.0394444444445,247.0,89.851
HUL,1033.106111111111,256.0,89.851
HUL,1059.0061111111108,259.0,89.851
HUL,1070.7838888888887,265.0,89.851
HUL,1085.7283333333332,269.0,89.851
HUL,1103.8616666666665,272.0,89.851
HUL,1122.2616666666663,276.0,89.851
HUL,1134.5727777777774,277.0,89.851
HUL,1149.9616666666666,277.0,89.851
HUL,1172.128333333333,285.0,89.851
HUL,1191.195,286.0,89.851
HUL,1207.0044444444443,286.0,89.851
HUL,1235.6044444444442,286.0,89.851
HUL,1268.4933333333333,296.0,89.851
HUL,1285.1599999999999,300.0,89.851
HUL,1308.5711111111111,301.0,89.851
HUL,1335.6822222222222,305.0,89.851
HUL,1362.9711111111112,307.0,89.851
HUL,1376.5266666666669,305.0,89.851
HUL,1396.7933333333333,304.0,89.851
HUL,1425.9044444444444,262.0,89.851
HUL,1441.6933333333334,203.0,89.851
HUL,1451.8044444444445,182.0,89.851
HUL,1467.1044444444444,153.0,89.851
HUL,1473.6822222222222,148.0,89.851
HUL,1488.7197222222221,135.0,89.851
HUL,1503.1641666666667,130.0,89.851
HUL,1511.3641666666667,123.0,89.851
HUL,1518.086388888889,121.0,89.851
HUL,1532.3086111111113,128.0,89.851
HUL,1548.9308333333333,136.0,89.851
HUL,1560.1308333333334,144.0,89.851
HUL,1568.2975000000001,147.0,89.851
HUL,1578.5641666666668,154.0,89.851
HUL,1585.9841666666666,168.0,89.851
HUL,1597.4508333333333,172.0,89.851
HUL,1609.7841666666666,185.0,89.851
HUL,1618.228611111111,190.0,89.851
HUL,1631.6286111111108,201.0,89.851
HUL,1640.6952777777774,204.0,89.851
HUL,1657.339722222222,214.0,89.851
HUL,1669.5063888888885,219.0,89.851
HUL,1679.461944444444,224.0,89.851
HUL,1697.5063888888885,232.0,89.851
HUL,1718.661944444444,238.0,89.851
HUL,1754.3397222222218,247.0,89.851
HUL,1774.0174999999997,253.0,89.851
HUL,1785.2619444444442,253.0,89.851
HUL,1810.4619444444443,252.0,89.851
HUL,1820.9952777777776,237.0,89.851
HUL,1849.454444444444,213.0,89.851
HUL,1858.6988888888886,208.0,89.851
HUL,1869.8099999999997,200.0,89.851
HUL,1882.8766666666666,196.0,89.851
HUL,1893.8766666666666,198.0,89.851
HUL,1914.5766666666666,207.0,89.851
HUL,1933.5988888888887,214.0,89.851
HUL,1953.243333333333,221.0,89.851
HUL,1965.7988888888888,226.0,89.851
HUL,1975.932222222222,228.0,89.851
HUL,1993.9122222222222,232.0,89.851
HUL,2014.9788888888888,237.0,89.851
HUL,2028.3122222222219,240.0,89.851
HUL,2047.3677777777775,245.0,89.851
HUL,2075.256666666666,251.0,89.851
HUL,2100.956666666666,257.0,89.851
HUL,2118.223333333333,259.0,89.851
HUL,2145.1122222222216,220.0,89.851
HUL,2161.2011111111105,181.0,89.851
HUL,2168.223333333333,158.0,89.851
HUL,2176.1677777777772,143.0,89.851
HUL,2187.1899999999996,124.0,89.851
HUL,2193.4677777777774,113.0,89.851
HUL,2200.2677777777776,102.0,89.851
HUL,2206.7613888888886,97.0,89.851
HUL,2214.4947222222218,87.0,89.851
HUL,2218.228055555555,84.0,89.851
HUL,2224.450277777777,80.0,89.851
HUL,2231.2058333333325,76.0,89.851
HUL,2235.5947222222217,79.0,89.851
HUL,2240.1502777777773,82.0,89.851
HUL,2244.7613888888886,83.0,89.851
HUL,2251.994722222222,93.0,89.851
HUL,2256.2613888888886,96.0,89.851
HUL,2264.505833333333,106.0,89.851
HUL,2272.105833333333,114.0,89.851
HUL,2280.5372222222218,127.0,89.851
HUL,2293.337222222222,144.0,89.851
HUL,2310.559444444444,155.0,89.851
HUL,2322.0927777777774,173.0,89.851
HUL,2336.4816666666666,185.0,89.851
HUL,2345.059444444444,193.0,89.851
HUL,2358.326111111111,199.0,89.851
HUL,2374.5816666666665,209.0,89.851
HUL,2388.848333333333,214.0,89.851
HUL,2401.070555555555,220.0,89.851
HUL,2418.570555555555,225.0,89.851
HUL,2436.6927777777773,233.0,89.851
HUL,2463.359444444444,240.0,89.851
HUL,2490.983888888888,248.0,89.851
HUL,2516.3838888888886,254.0,89.851
HUL,2536.372777777777,257.0,89.851
HUL,2556.5949999999993,260.0,89.851
HUL,2579.350555555555,256.0,89.851
HUL,2590.239444444444,245.0,89.851
HUL,2602.7394444444435,225.0,89.851
HUL,2620.7838888888878,203.0,89.851
HUL,2630.50611111111,175.0,89.851
HUL,2645.40611111111,149.0,89.851
HUL,2651.317222222221,133.0,89.851
HUL,2663.9994444444433,104.0,89.851
HUL,2669.277222222221,95.0,89.851
HUL,2675.96611111111,86.0,89.851
HUL,2681.4994444444433,83.0,89.851
HUL,2689.2994444444435,78.0,89.851
HUL,2696.143888888888,77.0,89.851
HUL,2701.477222222221,80.0,89.851
HUL,2711.86611111111,85.0,89.851
HUL,2715.643888888888,85.0,89.851
HUL,2723.5772222222213,102.0,89.851
HUL,2728.4216666666657,109.0,89.851
HUL,2743.943888888888,127.0,89.851
HUL,2760.3180555555546,147.0,89.851
HUL,2769.0958333333324,158.0,89.851
HUL,2779.962499999999,163.0,89.851
HUL,2789.795833333332,177.0,89.851
HUL,2809.295833333332,195.0,89.851
HUL,2822.8291666666655,203.0,89.851
HUL,2844.5291666666653,217.0,89.851
HUL,2856.97361111111,224.0,89.851
HUL,2872.306944444443,230.0,89.851
HUL,2890.8180555555546,238.0,89.851
HUL,2901.6180555555547,243.0,89.851
HUL,2912.5513888888877,246.0,89.851
HUL,2923.7069444444437,251.0,89.851
HUL,2946.479999999999,257.0,89.851
HUL,2964.0799999999995,264.0,89.851
HUL,2975.902222222222,266.0,89.851
HUL,2993.968888888888,271.0,89.851
HUL,3021.668888888888,277.0,89.851
HUL,3043.6022222222214,282.0,89.851
HUL,3072.402222222221,288.0,89.851
HUL,3088.568888888888,291.0,89.851
HUL,3104.8466666666654,293.0,89.851
HUL,3124.5133333333324,295.0,89.851
HUL,3167.846666666666,300.0,89.851
HUL,3188.1133333333323,304.0,89.851
HUL,3218.7983333333327,306.0,89.851
HUL,3246.3538888888884,310.0,89.851
HUL,3274.087222222222,312.0,89.851
HUL,3294.753888888888,310.0,89.851
HUL,3317.4649999999992,292.0,89.851
HUL,3346.0649999999996,234.0,89.851
HUL,3357.842777777777,212.0,89.851
HUL,3366.8649999999993,203.0,89.851
HUL,3380.7872222222218,179.0,89.851
HUL,3388.520555555555,174.0,89.851
HUL,3401.0427777777772,161.0,89.851
HUL,3413.020555555555,154.0,89.851
HUL,3419.8205555555546,153.0,89.851
HUL,3431.9105555555548,156.0,89.851
HUL,3438.9327777777767,158.0,89.851
HUL,3449.86611111111,164.0,89.851
HUL,3465.243888888888,173.0,89.851
HUL,3479.554999999999,184.0,89.851
HUL,3492.288333333332,191.0,89.851
HUL,3507.7661111111097,199.0,89.851
HUL,3533.677222222221,212.0,89.851
HUL,3545.4549999999986,212.0,89.851
HUL,3555.143888888888,218.0,89.851
HUL,3585.143888888888,225.0,89.851
HUL,3603.4869444444435,235.0,89.851
HUL,3616.709166666666,238.0,89.851
HUL,3627.420277777777,241.0,89.851
HUL,3652.1202777777767,247.0,89.851
HUL,3674.431388888888,251.0,89.851
HUL,3697.009166666666,254.0,89.851
HUL,3719.7647222222217,256.0,89.851
HUL,3742.6980555555547,258.0,89.851
HUL,3760.0313888888886,260.0,89.851
HUL,3786.1313888888885,261.0,89.851
HUL,3800.742499999999,263.0,89.851
HUL,3833.0091666666663,264.0,89.851
HUL,3850.7349999999988,267.0,89.851
HUL,3871.657222222221,269.0,89.851
HUL,3892.657222222221,270.0,89.851
HUL,3904.7461111111097,272.0,89.851
HUL,3922.9461111111104,273.0,89.851
HUL,3947.3905555555543,275.0,89.851
HUL,3962.723888888888,276.0,89.851
HUL,3983.1016666666656,262.0,89.851
HUL,3996.157222222221,235.0,89.851
HUL,4013.3127777777763,193.0,89.851
HUL,4029.223888888888,179.0,89.851
HUL,4046.6683333333317,157.0,89.851
HUL,4058.2205555555543,148.0,89.851
HUL,4064.6649999999986,145.0,89.851
HUL,4072.5538888888877,142.0,89.851
HUL,4081.8872222222208,140.0,89.851
HUL,4089.831666666665,143.0,89.851
HUL,4099.631666666665,147.0,89.851
HUL,4108.131666666665,153.0,89.851
HUL,4126.242777777777,163.0,89.851
HUL,4144.142777777776,179.0,89.851
HUL,4167.853888888887,194.0,89.851
HUL,4176.78722222222,201.0,89.851
HUL,4188.120555555554,204.0,89.851
HUL,4200.009444444443,214.0,89.851
HUL,4212.231666666666,220.0,89.851
HUL,4227.036388888887,223.0,89.851
HUL,4239.869722222221,231.0,89.851
HUL,4252.9252777777765,235.0,89.851
HUL,4274.347499999998,241.0,89.851
HUL,4305.025277777777,251.0,89.851
HUL,4333.46972222222,256.0,89.851
HUL,4356.847499999999,263.0,89.851
HUL,4368.536388888888,263.0,89.851
HUL,4383.314166666666,266.0,89.851
HUL,4410.514166666666,272.0,89.851
HUL,4425.680833333332,273.0,89.851
HUL,4444.224444444444,277.0,89.851
HUL,4469.113333333333,280.0,89.851
HUL,4487.913333333332,282.0,89.851
HUL,4522.868888888888,286.0,89.851
HUL,4535.624444444444,287.0,89.851
HUL,4564.624444444444,290.0,89.851
HUL,4584.024444444443,291.0,89.851
HUL,4606.813333333333,293.0,89.851
HUL,4619.8355555555545,293.0,89.851
HUL,4642.779999999999,295.0,89.851
HUL,4675.78,297.0,89.851
HUL,4709.0022222222215,299.0,89.851
HUL,4745.463611111111,299.0,89.851
HUL,4761.963611111111,297.0,89.851
HUL,4790.96361111111,261.0,89.851
HUL,4815.16361111111,198.0,89.851
HUL,4830.363611111111,171.0,89.851
HUL,4842.574722222222,157.0,89.851
HUL,4848.974722222221,144.0,89.851
HUL,4858.1080555555545,137.0,89.851
HUL,4865.552499999999,134.0,89.851
HUL,4874.285833333332,131.0,89.851
HUL,4882.685833333332,126.0,89.851
HUL,4895.822222222221,131.0,89.851
HUL,4905.088888888888,139.0,89.851
HUL,4923.91111111111,154.0,89.851
HUL,4931.199999999998,164.0,89.851
HUL,4942.5999999999985,171.0,89.851
HUL,4950.555555555554,179.0,89.851
HUL,4960.888888888887,186.0,89.851
HUL,4980.588888888887,197.0,89.851
HUL,4998.988888888886,207.0,89.851
HUL,5018.366666666665,218.0,89.851
HUL,5030.811111111109,224.0,89.851
HUL,5046.077777777776,229.0,89.851
HUL,5056.477777777775,234.0,89.851
HUL,5066.966666666665,236.0,89.851
HUL,5080.355555555553,241.0,89.851
HUL,5105.086666666665,248.0,89.851
HUL,5124.764444444443,253.0,89.851
HUL,5141.6977777777765,254.0,89.851
HUL,5153.075555555554,256.0,89.851
HUL,5164.453333333332,256.0,89.851
HUL,5190.853333333332,264.0,89.851
HUL,5205.74222222222,268.0,89.851
HUL,5235.964444444443,272.0,89.851
HUL,5248.186666666665,275.0,89.851
HUL,5272.986666666665,279.0,89.851
HUL,5291.864999999998,282.0,89.851
HUL,5310.864999999998,285.0,89.851
HUL,5333.264999999998,288.0,89.851
HUL,5368.9538888888865,292.0,89.851
TSU,10.508333333333333,291.0,90.129
TSU,33.452777777777776,295.0,90.129
TSU,69.875,298.0,90.129
TSU,86.48611111111111,299.0,90.129
TSU,99.86388888888888,301.0,90.129
TSU,140.3972222222222,304.0,90.129
TSU,164.28222222222223,306.0,90.129
TSU,181.2822222222222,306.0,90.129
TSU,194.92666666666665,307.0,90.129
TSU,225.82666666666663,309.0,90.129
TSU,253.3822222222222,310.0,90.129
TSU,281.02666666666664,311.0,90.129
TSU,308.84888888888884,313.0,90.129
TSU,336.6711111111111,313.0,90.129
TSU,357.6044444444444,314.0,90.129
TSU,389.10444444444437,315.0,90.129
TSU,406.60444444444437,315.0,90.129
TSU,445.22666666666663,316.0,90.129
TSU,466.2055555555555,316.0,90.129
TSU,490.8611111111111,317.0,90.129
TSU,515.4388888888888,316.0,90.129
TSU,529.5277777777776,317.0,90.129
TSU,550.5944444444443,316.0,90.129
TSU,578.7722222222221,317.0,90.129
TSU,596.272222222222,315.0,90.129
TSU,617.7388888888887,276.0,90.129
TSU,631.2388888888887,243.0,90.129
TSU,648.7499999999999,197.0,90.129
TSU,662.7944444444444,158.0,90.129
TSU,676.3499999999999,122.0,90.129
TSU,684.5458333333332,105.0,90.129
TSU,689.0347222222222,101.0,90.129
TSU,694.0347222222222,90.0,90.129
TSU,699.6347222222222,84.0,90.129
TSU,704.0791666666667,80.0,90.129
TSU,709.1458333333334,76.0,90.129
TSU,713.3125,75.0,90.129
TSU,720.8680555555555,68.0,90.129
TSU,727.8680555555555,70.0,90.129
TSU,737.7680555555555,81.0,90.129
TSU,741.4569444444444,83.0,90.129
TSU,746.4569444444444,90.0,90.129
TSU,751.9013888888888,98.0,90.129
TSU,757.7902777777778,106.0,90.129
TSU,765.8897222222222,122.0,90.129
TSU,773.2230555555554,132.0,90.129
TSU,780.9452777777777,139.0,90.129
TSU,794.3675,151.0,90.129
TSU,814.6563888888888,166.0,90.129
TSU,834.2119444444444,176.0,90.129
TSU,851.1897222222221,191.0,90.129
TSU,859.9897222222221,198.0,90.129
TSU,871.3230555555554,204.0,90.129
TSU,892.7230555555553,214.0,90.129
TSU,905.0563888888887,222.0,90.129
TSU,920.0519444444442,224.0,90.129
TSU,940.3186111111108,228.0,90.129
TSU,955.9852777777775,235.0,90.129
TSU,985.5630555555551,242.0,90.129
TSU,996.5408333333329,247.0,90.129
TSU,1021.8408333333331,253.0,90.129
TSU,1039.1074999999996,259.0,90.129
TSU,1059.4074999999998,261.0,90.129
TSU,1071.1852777777776,265.0,90.129
TSU,1092.1074999999996,269.0,90.129
TSU,1122.6630555555553,275.0,90.129
TSU,1153.7741666666664,280.0,90.129
TSU,1188.528333333333,285.0,90.129
TSU,1204.4727777777773,287.0,90.129
TSU,1236.6949999999997,290.0,90.129
TSU,1272.7505555555551,295.0,90.129
TSU,1299.1505555555552,297.0,90.129
TSU,1322.406111111111,299.0,90.129
TSU,1335.7838888888887,301.0,90.129
TSU,1355.8505555555553,301.0,90.129
TSU,1372.6838888888888,303.0,90.129
TSU,1392.8838888888886,303.0,90.129
TSU,1411.350555555555,277.0,90.129
TSU,1433.110833333333,217.0,90.129
TSU,1446.0441666666663,194.0,90.129
TSU,1465.4774999999995,159.0,90.129
TSU,1472.410833333333,156.0,90.129
TSU,1482.0774999999996,145.0,90.129
TSU,1488.3886111111108,142.0,90.129
TSU,1496.110833333333,139.0,90.129
TSU,1509.110833333333,130.0,90.129
TSU,1520.133055555555,124.0,90.129
TSU,1531.1552777777772,124.0,90.129
TSU,1538.2108333333326,127.0,90.129
TSU,1547.1441666666658,134.0,90.129
TSU,1553.2330555555548,137.0,90.129
TSU,1559.677499999999,145.0,90.129
TSU,1567.8997222222215,148.0,90.129
TSU,1584.3538888888882,165.0,90.129
TSU,1598.1205555555548,177.0,90.129
TSU,1610.7205555555547,189.0,90.129
TSU,1619.1205555555548,189.0,90.129
TSU,1627.9649999999992,199.0,90.129
TSU,1649.0649999999991,211.0,90.129
TSU,1661.1205555555548,217.0,90.129
TSU,1686.231666666666,226.0,90.129
TSU,1696.4094444444436,229.0,90.129
TSU,1717.2094444444435,234.0,90.129
TSU,1733.2761111111101,240.0,90.129
TSU,1749.5427777777768,244.0,90.129
TSU,1768.8316666666658,248.0,90.129
TSU,1799.5094444444437,251.0,90.129
TSU,1812.842777777777,240.0,90.129
TSU,1825.731666666666,232.0,90.129
TSU,1847.931666666666,222.0,90.129
TSU,1860.0983333333324,219.0,90.129
TSU,1869.4761111111102,211.0,90.129
TSU,1888.142777777777,210.0,90.129
TSU,1902.4094444444438,214.0,90.129
TSU,1914.3538888888882,215.0,90.129
TSU,1936.953888888888,226.0,90.129
TSU,1947.0872222222215,228.0,90.129
TSU,1957.3983333333326,232.0,90.129
TSU,1975.831666666666,237.0,90.129
TSU,1989.0430555555547,239.0,90.129
TSU,1999.7097222222217,240.0,90.129
TSU,2021.3986111111105,244.0,90.129
TSU,2043.531944444444,249.0,90.129
TSU,2060.3319444444437,252.0,90.129
TSU,2071.620833333333,254.0,90.129
TSU,2094.3763888888884,256.0,90.129
TSU,2113.8986111111108,251.0,90.129
TSU,2135.198611111111,213.0,90.129
TSU,2143.7319444444443,192.0,90.129
TSU,2163.3727777777776,147.0,90.129
TSU,2177.2616666666663,125.0,90.129
TSU,2187.217222222222,112.0,90.129
TSU,2196.5505555555555,105.0,90.129
TSU,2202.883888888889,95.0,90.129
TSU,2209.7283333333335,88.0,90.129
TSU,2216.3394444444443,85.0,90.129
TSU,2220.895,82.0,90.129
TSU,2226.095,78.0,90.129
TSU,2230.428333333333,78.0,90.129
TSU,2238.6283333333326,82.0,90.129
TSU,2244.428333333333,87.0,90.129
TSU,2250.8949999999995,97.0,90.129
TSU,2259.2949999999996,108.0,90.129
TSU,2268.7499999999995,122.0,90.129
TSU,2285.6166666666663,138.0,90.129
TSU,2293.894444444444,149.0,90.129
TSU,2304.561111111111,160.0,90.129
TSU,2322.161111111111,176.0,90.129
TSU,2345.5055555555555,191.0,90.129
TSU,2372.838888888889,205.0,90.129
TSU,2382.2166666666667,211.0,90.129
TSU,2391.787222222222,214.0,90.129
TSU,2406.520555555556,221.0,90.129
TSU,2424.0983333333334,226.0,90.129
TSU,2436.931666666667,231.0,90.129
TSU,2455.2094444444447,235.0,90.129
TSU,2473.8761111111116,240.0,90.129
TSU,2484.720555555556,244.0,90.129
TSU,2509.620555555556,249.0,90.129
TSU,2526.487222222223,253.0,90.129
TSU,2555.0427777777786,257.0,90.129
TSU,2566.465000000001,257.0,90.129
TSU,2577.620555555556,251.0,90.129
TSU,2594.7316666666675,220.0,90.129
TSU,2609.8205555555564,194.0,90.129
TSU,2629.1316666666676,158.0,90.129
TSU,2635.5316666666677,144.0,90.129
TSU,2641.6205555555566,137.0,90.129
TSU,2648.8619444444453,131.0,90.129
TSU,2656.1952777777788,110.0,90.129
TSU,2662.9286111111123,101.0,90.129
TSU,2667.1508333333345,95.0,90.129
TSU,2673.995277777779,88.0,90.129
TSU,2682.395277777779,84.0,90.129
TSU,2686.784166666668,79.0,90.129
TSU,2690.250833333335,78.0,90.129
TSU,2720.1441666666683,96.0,90.129
TSU,2728.5441666666684,108.0,90.129
TSU,2736.410833333335,118.0,90.129
TSU,2748.2330555555573,133.0,90.129
TSU,2756.2886111111125,145.0,90.129
TSU,2764.8997222222238,155.0,90.129
TSU,2778.121944444446,170.0,90.129
TSU,2790.055277777779,179.0,90.129
TSU,2804.9886111111123,192.0,90.129
TSU,2813.8330555555567,199.0,90.129
TSU,2830.0886111111117,209.0,90.129
TSU,2844.488611111112,216.0,90.129
TSU,2867.388611111112,229.0,90.129
TSU,2882.988611111112,234.0,90.129
TSU,2893.6108333333336,239.0,90.129
TSU,2907.1663888888893,244.0,90.129
TSU,2923.6972222222225,249.0,90.129
TSU,2946.452777777778,256.0,90.129
TSU,2963.9194444444447,262.0,90.129
TSU,2978.6416666666673,265.0,90.129
TSU,2999.2527777777786,265.0,90.129
TSU,3020.5638888888893,274.0,90.129
TSU,3039.1638888888897,279.0,90.129
TSU,3057.96388888889,282.0,90.129
TSU,3076.8972222222233,284.0,90.129
TSU,3089.687777777778,286.0,90.129
TSU,3112.243333333334,290.0,90.129
TSU,3128.4100000000008,291.0,90.129
TSU,3151.354444444445,295.0,90.129
TSU,3177.843333333334,298.0,90.129
TSU,3191.132222222223,299.0,90.129
TSU,3207.79888888889,300.0,90.129
TSU,3227.9988888888893,303.0,90.129
TSU,3241.5100000000007,304.0,90.129
TSU,3268.7988888888895,307.0,90.129
TSU,3282.4433333333336,307.0,90.129
TSU,3306.3988888888894,308.0,90.129
TSU,3322.121111111112,283.0,90.129
TSU,3343.5433333333344,241.0,90.129
TSU,3355.487777777779,215.0,90.129
TSU,3370.3433333333346,191.0,90.129
TSU,3380.5100000000016,183.0,90.129
TSU,3401.776666666668,174.0,90.129
TSU,3419.5100000000016,160.0,90.129
TSU,3430.043333333335,158.0,90.129
TSU,3437.1100000000015,159.0,90.129
TSU,3455.776666666668,168.0,90.129
TSU,3478.265555555557,184.0,90.129
TSU,3501.976666666668,194.0,90.129
TSU,3517.900000000001,204.0,90.129
TSU,3536.5666666666675,210.0,90.129
TSU,3551.033333333334,217.0,90.129
TSU,3565.8333333333344,222.0,90.129
TSU,3591.2777777777787,229.0,90.129
TSU,3601.633333333334,233.0,90.129
TSU,3614.7444444444454,236.0,90.129
TSU,3633.3333333333344,239.0,90.129
TSU,3652.311111111112,244.0,90.129
TSU,3671.6777777777784,249.0,90.129
TSU,3696.877777777778,252.0,90.129
TSU,3713.877777777778,255.0,90.129
TSU,3725.255555555556,256.0,90.129
TSU,3739.5333333333338,257.0,90.129
TSU,3759.6000000000004,258.0,90.129
TSU,3779.8222222222225,260.0,90.129
TSU,3797.1555555555556,260.0,90.129
TSU,3820.5333333333338,263.0,90.129
TSU,3846.86,264.0,90.129
TSU,3870.504444444445,266.0,90.129
TSU,3885.337777777778,267.0,90.129
TSU,3906.26,269.0,90.129
TSU,3918.2155555555564,269.0,90.129
TSU,3930.2600000000007,271.0,90.129
TSU,3945.4266666666676,273.0,90.129
TSU,3970.8972222222224,254.0,90.129
TSU,3994.230555555556,210.0,90.129
TSU,4014.2305555555563,180.0,90.129
TSU,4021.7861111111115,170.0,90.129
TSU,4037.4861111111113,157.0,90.129
TSU,4050.6416666666664,148.0,90.129
TSU,4066.3083333333334,141.0,90.129
TSU,4072.486111111111,139.0,90.129
TSU,4078.575,137.0,90.129
TSU,4089.386111111111,139.0,90.129
TSU,4099.1194444444445,146.0,90.129
TSU,4116.452777777778,156.0,90.129
TSU,4129.830555555555,172.0,90.129
TSU,4139.886111111111,181.0,90.129
TSU,4150.330555555555,188.0,90.129
TSU,4165.808333333333,199.0,90.129
TSU,4186.508333333333,207.0,90.129
TSU,4205.736944444445,217.0,90.129
TSU,4222.925833333334,221.0,90.129
TSU,4240.581388888889,227.0,90.129
TSU,4259.0925,238.0,90.129
TSU,4289.159166666667,246.0,90.129
TSU,4300.181388888889,248.0,90.129
TSU,4317.051388888889,252.0,90.129
TSU,4337.118055555556,258.0,90.129
TSU,4348.718055555555,261.0,90.129
TSU,4366.251388888888,263.0,90.129
TSU,4389.9847222222215,267.0,90.129
TSU,4411.062499999999,271.0,90.129
TSU,4429.262499999999,273.0,90.129
TSU,4447.6624999999985,276.0,90.129
TSU,4463.106944444443,278.0,90.129
TSU,4481.77361111111,280.0,90.129
TSU,4503.784722222221,283.0,90.129
TSU,4525.951388888887,285.0,90.129
TSU,4551.462499999999,287.0,90.129
TSU,4580.362499999998,289.0,90.129
TSU,4596.529166666665,291.0,90.129
TSU,4615.929166666665,291.0,90.129
TSU,4628.862499999998,291.0,90.129
TSU,4641.884722222221,293.0,90.129
TSU,4661.484722222221,294.0,90.129
TSU,4684.351388888887,294.0,90.129
TSU,4703.869722222221,294.0,90.129
TSU,4733.369722222221,295.0,90.129
TSU,4749.758611111109,295.0,90.129
TSU,4766.147499999997,295.0,90.129
TSU,4790.9474999999975,248.0,90.129
TSU,4802.9474999999975,216.0,90.129
TSU,4813.6141666666645,192.0,90.129
TSU,4825.262499999998,174.0,90.129
TSU,4836.062499999998,162.0,90.129
TSU,4842.818055555554,152.0,90.129
TSU,4853.784722222221,141.0,90.129
TSU,4868.451388888888,132.0,90.129
TSU,4875.562499999999,128.0,90.129
TSU,4881.1624999999985,126.0,90.129
TSU,4891.429166666665,132.0,90.129
TSU,4907.318055555554,143.0,90.129
TSU,4926.751388888887,159.0,90.129
TSU,4941.862499999997,170.0,90.129
TSU,4951.6958333333305,177.0,90.129
TSU,4959.962499999997,186.0,90.129
TSU,4975.3624999999965,198.0,90.129
TSU,4991.151388888886,203.0,90.129
TSU,5014.818055555553,213.0,90.129
TSU,5026.984722222219,219.0,90.129
TSU,5042.051388888886,226.0,90.129
TSU,5065.286666666664,233.0,90.129
TSU,5089.3866666666645,241.0,90.129
TSU,5105.653333333332,244.0,90.129
TSU,5133.5422222222205,251.0,90.129
TSU,5147.653333333332,254.0,90.129
TSU,5164.991944444443,259.0,90.129
TSU,5176.503055555554,259.0,90.129
TSU,5188.147499999999,262.0,90.129
TSU,5223.880833333332,268.0,90.129
TSU,5247.969722222221,271.0,90.129
TSU,5266.236388888888,274.0,90.129
TSU,5287.703055555555,276.0,90.129
TSU,5300.191944444444,281.0,90.129
TSU,5328.5919444444435,284.0,90.129
TSU,5344.536388888888,287.0,90.129
STR,8.301666666666666,293.0,89.965
STR,27.968333333333337,295.0,89.965
STR,41.123888888888885,296.0,89.965
STR,74.42916666666667,299.0,89.965
STR,94.5625,302.0,89.965
STR,114.7625,303.0,89.965
STR,131.70694444444445,305.0,89.965
STR,165.70694444444445,306.0,89.965
STR,179.39583333333331,308.0,89.965
STR,193.12916666666666,309.0,89.965
STR,213.8625,311.0,89.965
STR,227.72916666666666,312.0,89.965
STR,255.5513888888889,313.0,89.965
STR,287.0513888888889,315.0,89.965
STR,322.16249999999997,316.0,89.965
STR,339.71805555555557,316.0,89.965
STR,357.24111111111114,317.0,89.965
STR,374.85222222222217,317.0,89.965
STR,399.50777777777773,317.0,89.965
STR,413.64111111111106,318.0,89.965
STR,431.30777777777774,318.0,89.965
STR,456.04111111111104,318.0,89.965
STR,491.4855555555555,319.0,89.965
STR,516.2966666666666,319.0,89.965
STR,541.1077777777776,319.0,89.965
STR,562.3077777777777,318.0,89.965
STR,576.441111111111,318.0,89.965
STR,597.3077777777777,313.0,89.965
STR,613.8344444444443,296.0,89.965
STR,631.0344444444444,258.0,89.965
STR,651.5899999999999,185.0,89.965
STR,663.4122222222221,152.0,89.965
STR,674.701111111111,127.0,89.965
STR,683.2566666666665,110.0,89.965
STR,690.801111111111,97.0,89.965
STR,695.1122222222222,97.0,89.965
STR,702.401111111111,82.0,89.965
STR,710.5122222222221,73.0,89.965
STR,713.6677777777777,71.0,89.965
STR,718.201111111111,68.0,89.965
STR,726.8788888888888,71.0,89.965
STR,730.1030555555554,73.0,89.965
STR,735.3697222222221,79.0,89.965
STR,738.9697222222221,81.0,89.965
STR,742.7475,85.0,89.965
STR,751.7252777777777,101.0,89.965
STR,759.3919444444443,115.0,89.965
STR,772.3919444444443,130.0,89.965
STR,783.4363888888887,142.0,89.965
STR,789.9252777777776,146.0,89.965
STR,798.5919444444443,156.0,89.965
STR,818.8808333333332,166.0,89.965
STR,830.4808333333332,174.0,89.965
STR,849.6338888888887,191.0,89.965
STR,862.9005555555553,199.0,89.965
STR,888.8116666666664,212.0,89.965
STR,908.4561111111109,221.0,89.965
STR,918.4116666666664,224.0,89.965
STR,933.5449999999997,227.0,89.965
STR,943.8116666666664,231.0,89.965
STR,964.8783333333331,237.0,89.965
STR,978.1561111111108,239.0,89.965
STR,988.9116666666664,242.0,89.965
STR,1005.4449999999996,248.0,89.965
STR,1019.5005555555554,253.0,89.965
STR,1030.8338888888886,255.0,89.965
STR,1045.1116666666665,257.0,89.965
STR,1068.667222222222,265.0,89.965
STR,1086.5258333333334,269.0,89.965
STR,1098.6147222222223,272.0,89.965
STR,1135.6813888888887,278.0,89.965
STR,1151.2369444444446,280.0,89.965
STR,1170.1036111111111,283.0,89.965
STR,1192.1147222222223,283.0,89.965
STR,1214.5925,289.0,89.965
STR,1230.759166666667,291.0,89.965
STR,1256.9813888888891,295.0,89.965
STR,1280.081388888889,297.0,89.965
STR,1303.4200000000003,299.0,89.965
STR,1320.1422222222225,301.0,89.965
STR,1387.475555555556,303.0,89.965
STR,1403.3644444444449,286.0,89.965
STR,1417.4200000000003,253.0,89.965
STR,1434.997777777778,226.0,89.965
STR,1451.4422222222224,185.0,89.965
STR,1465.8422222222223,162.0,89.965
STR,1478.8200000000002,146.0,89.965
STR,1491.2644444444445,140.0,89.965
STR,1501.608888888889,133.0,89.965
STR,1512.9866666666667,128.0,89.965
STR,1529.0833333333333,132.0,89.965
STR,1541.1722222222222,136.0,89.965
STR,1552.2944444444443,143.0,89.965
STR,1558.8277777777776,147.0,89.965
STR,1574.6277777777777,158.0,89.965
STR,1585.961111111111,170.0,89.965
STR,1593.6944444444443,174.0,89.965
STR,1608.2388888888888,187.0,89.965
STR,1616.861111111111,194.0,89.965
STR,1625.6166666666666,197.0,89.965
STR,1639.4166666666665,207.0,89.965
STR,1651.2499999999998,213.0,89.965
STR,1660.9099999999999,216.0,89.965
STR,1675.843333333333,224.0,89.965
STR,1693.8099999999997,231.0,89.965
STR,1723.021111111111,239.0,89.965
STR,1736.521111111111,243.0,89.965
STR,1764.0766666666664,248.0,89.965
STR,1775.1877777777775,250.0,89.965
STR,1805.3766666666663,247.0,89.965
STR,1831.4877777777774,235.0,89.965
STR,1853.2877777777774,218.0,89.965
STR,1869.7766666666664,212.0,89.965
STR,1890.2766666666664,205.0,89.965
STR,1904.3433333333332,211.0,89.965
STR,1916.283333333333,216.0,89.965
STR,1928.561111111111,221.0,89.965
STR,1938.6055555555554,226.0,89.965
STR,1956.4944444444443,230.0,89.965
STR,1974.6944444444443,234.0,89.965
STR,1993.1277777777777,237.0,89.965
STR,2006.5166666666664,241.0,89.965
STR,2017.3166666666666,243.0,89.965
STR,2039.1833333333334,246.0,89.965
STR,2050.25,249.0,89.965
STR,2075.45,252.0,89.965
STR,2089.5758333333333,253.0,89.965
STR,2109.409166666667,255.0,89.965
STR,2127.9980555555558,239.0,89.965
STR,2140.4980555555558,225.0,89.965
STR,2151.4980555555553,198.0,89.965
STR,2160.9980555555553,171.0,89.965
STR,2171.198055555555,153.0,89.965
STR,2178.753611111111,136.0,89.965
STR,2185.5313888888886,122.0,89.965
STR,2194.0091666666663,109.0,89.965
STR,2198.4536111111106,100.0,89.965
STR,2204.586944444444,92.0,89.965
STR,2211.198055555555,85.0,89.965
STR,2216.598055555555,81.0,89.965
STR,2220.8202777777774,76.0,89.965
STR,2224.109166666666,74.0,89.965
STR,2227.3536111111107,73.0,89.965
STR,2231.298055555555,71.0,89.965
STR,2237.0536111111105,74.0,89.965
STR,2240.5427777777772,79.0,89.965
STR,2248.3649999999993,88.0,89.965
STR,2259.5872222222215,101.0,89.965
STR,2264.431666666666,109.0,89.965
STR,2272.3649999999993,119.0,89.965
STR,2284.2761111111104,134.0,89.965
STR,2295.942777777777,150.0,89.965
STR,2304.8316666666656,160.0,89.965
STR,2316.0983333333324,169.0,89.965
STR,2325.9808333333326,177.0,89.965
STR,2347.7586111111104,196.0,89.965
STR,2373.1808333333324,208.0,89.965
STR,2382.514166666666,210.0,89.965
STR,2399.4697222222217,218.0,89.965
STR,2411.8586111111103,223.0,89.965
STR,2424.5252777777773,228.0,89.965
STR,2445.414166666666,235.0,89.965
STR,2455.8586111111103,235.0,89.965
STR,2471.991944444444,242.0,89.965
STR,2493.9474999999998,247.0,89.965
STR,2519.0474999999997,251.0,89.965
STR,2538.7252777777776,253.0,89.965
STR,2550.0141666666664,254.0,89.965
STR,2572.5030555555554,253.0,89.965
STR,2586.336388888889,249.0,89.965
STR,2602.8438888888886,213.0,89.965
STR,2618.477222222222,201.0,89.965
STR,2634.8105555555553,147.0,89.965
STR,2643.7438888888887,134.0,89.965
STR,2653.966111111111,115.0,89.965
STR,2659.7994444444444,105.0,89.965
STR,2665.999444444444,93.0,89.965
STR,2672.9216666666666,89.0,89.965
STR,2676.6994444444445,85.0,89.965
STR,2680.456111111111,84.0,89.965
STR,2687.3894444444445,78.0,89.965
STR,2693.145,74.0,89.965
STR,2697.422777777778,77.0,89.965
STR,2700.9338888888888,79.0,89.965
STR,2705.545,83.0,89.965
STR,2713.722777777778,92.0,89.965
STR,2720.722777777778,105.0,89.965
STR,2725.6116666666667,110.0,89.965
STR,2730.900555555556,119.0,89.965
STR,2741.400555555556,135.0,89.965
STR,2756.700555555556,153.0,89.965
STR,2763.900555555556,162.0,89.965
STR,2771.5450000000005,172.0,89.965
STR,2781.6005555555557,181.0,89.965
STR,2803.6005555555557,198.0,89.965
STR,2819.622777777778,206.0,89.965
STR,2836.500555555556,217.0,89.965
STR,2848.8275000000003,223.0,89.965
STR,2864.294166666667,232.0,89.965
STR,2885.4497222222226,238.0,89.965
STR,2898.9497222222226,243.0,89.965
STR,2915.1497222222224,243.0,89.965
STR,2929.1497222222224,252.0,89.965
STR,2949.216388888889,258.0,89.965
STR,2969.905277777778,266.0,89.965
STR,2990.9830555555554,271.0,89.965
STR,3009.392777777778,275.0,89.965
STR,3034.2816666666663,280.0,89.965
STR,3059.437222222222,283.0,89.965
STR,3072.103888888889,285.0,89.965
STR,3101.2038888888887,291.0,89.965
STR,3114.1372222222217,291.0,89.965
STR,3133.8705555555553,296.0,89.965
STR,3150.3705555555557,297.0,89.965
STR,3170.3705555555557,300.0,89.965
STR,3193.937222222222,303.0,89.965
STR,3224.437222222222,305.0,89.965
STR,3244.837222222222,306.0,89.965
STR,3265.3038888888887,307.0,89.965
STR,3292.5927777777774,307.0,89.965
STR,3316.0038888888885,301.0,89.965
STR,3333.0705555555546,256.0,89.965
STR,3352.6261111111103,220.0,89.965
STR,3364.3449999999993,212.0,89.965
STR,3373.100555555555,197.0,89.965
STR,3386.9449999999993,178.0,89.965
STR,3394.544999999999,171.0,89.965
STR,3407.3783333333326,165.0,89.965
STR,3419.589444444444,157.0,89.965
STR,3428.311666666666,157.0,89.965
STR,3437.2005555555547,160.0,89.965
STR,3454.0472222222215,168.0,89.965
STR,3461.7361111111104,173.0,89.965
STR,3478.1805555555547,185.0,89.965
STR,3497.580555555555,194.0,89.965
STR,3519.913888888888,201.0,89.965
STR,3531.4694444444435,208.0,89.965
STR,3541.024999999999,215.0,89.965
STR,3558.2138888888876,221.0,89.965
STR,3580.9138888888874,227.0,89.965
STR,3593.747222222221,231.0,89.965
STR,3604.147222222221,234.0,89.965
STR,3617.3138888888875,237.0,89.965
STR,3636.1361111111096,242.0,89.965
STR,3652.33611111111,243.0,89.965
STR,3666.1138888888872,248.0,89.965
STR,3688.4249999999984,251.0,89.965
STR,3702.4249999999984,252.0,89.965
STR,3727.8249999999985,254.0,89.965
STR,3756.4199999999987,258.0,89.965
STR,3767.8422222222207,257.0,89.965
STR,3782.23111111111,259.0,89.965
STR,3799.564444444443,260.0,89.965
STR,3814.064444444443,261.0,89.965
STR,3825.664444444443,261.0,89.965
STR,3843.2644444444436,264.0,89.965
STR,3857.986666666665,265.0,89.965
STR,3872.7644444444427,266.0,89.965
STR,3890.638611111109,267.0,89.965
STR,3911.405277777776,267.0,89.965
STR,3935.227499999999,268.0,89.965
STR,3959.0497222222207,268.0,89.965
STR,3975.8497222222213,252.0,89.965
STR,3992.6497222222206,216.0,89.965
STR,4009.2719444444433,187.0,89.965
STR,4018.9941666666655,175.0,89.965
STR,4029.9274999999984,164.0,89.965
STR,4036.9497222222203,158.0,89.965
STR,4051.7497222222205,148.0,89.965
STR,4065.7497222222205,140.0,89.965
STR,4074.6830555555543,134.0,89.965
STR,4082.23861111111,136.0,89.965
STR,4089.849722222221,137.0,89.965
STR,4107.8163888888885,147.0,89.965
STR,4121.860833333332,158.0,89.965
STR,4145.810833333332,180.0,89.965
STR,4169.644166666665,195.0,89.965
STR,4185.5886111111095,205.0,89.965
STR,4201.844166666665,209.0,89.965
STR,4226.844166666665,225.0,89.965
STR,4244.953055555553,232.0,89.965
STR,4255.3530555555535,234.0,89.965
STR,4282.353055555553,243.0,89.965
STR,4296.01972222222,246.0,89.965
STR,4312.753055555552,251.0,89.965
STR,4335.597499999997,257.0,89.965
STR,4355.81972222222,260.0,89.965
STR,4379.3752777777745,265.0,89.965
STR,4397.241944444442,268.0,89.965
STR,4409.241944444442,270.0,89.965
STR,4427.375277777775,272.0,89.965
STR,4451.908611111109,276.0,89.965
STR,4473.530833333331,278.0,89.965
STR,4498.508611111109,281.0,89.965
STR,4511.0419444444415,282.0,89.965
STR,4536.1974999999975,283.0,89.965
STR,4558.441944444442,286.0,89.965
STR,4593.764166666664,289.0,89.965
STR,4609.739444444442,289.0,89.965
STR,4622.583888888886,289.0,89.965
STR,4645.139444444441,290.0,89.965
STR,4680.82833333333,292.0,89.965
STR,4693.806111111107,292.0,89.965
STR,4716.594999999997,293.0,89.965
STR,4739.387222222219,292.0,89.965
STR,4752.364999999996,292.0,89.965
STR,4773.520555555552,272.0,89.965
STR,4792.653888888885,246.0,89.965
STR,4803.587222222219,246.0,89.965
STR,4812.209444444442,194.0,89.965
STR,4823.942777777775,176.0,89.965
STR,4836.231666666664,158.0,89.965
STR,4849.1205555555525,145.0,89.965
STR,4859.464999999997,133.0,89.965
STR,4865.2872222222195,131.0,89.965
STR,4873.753888888887,127.0,89.965
STR,4887.531666666664,124.0,89.965
STR,4894.698333333331,129.0,89.965
STR,4900.698333333331,135.0,89.965
STR,4906.876111111109,139.0,89.965
STR,4917.142777777775,154.0,89.965
STR,4927.9427777777755,162.0,89.965
STR,4941.631666666664,176.0,89.965
STR,4960.731666666665,191.0,89.965
STR,4987.931666666665,204.0,89.965
STR,5009.371944444442,215.0,89.965
STR,5019.105277777776,219.0,89.965
STR,5029.0163888888865,223.0,89.965
STR,5052.0163888888865,230.0,89.965
STR,5065.071944444442,235.0,89.965
STR,5083.8833333333305,241.0,89.965
STR,5105.749999999997,246.0,89.965
STR,5122.28333333333,248.0,89.965
STR,5144.861111111109,254.0,89.965
STR,5164.927777777775,258.0,89.965
STR,5179.372222222219,260.0,89.965
STR,5205.872222222219,265.0,89.965
STR,5223.67222222222,267.0,89.965
STR,5244.67222222222,270.0,89.965
STR,5268.938888888886,273.0,89.965
STR,5284.216666666664,275.0,89.965
STR,5299.716666666664,279.0,89.965
STR,5331.272222222219,284.0,89.965
STR,5363.049999999997,286.0,89.965
ALB,0.8166666666666668,294.0,90.221
ALB,34.010555555555555,298.0,90.221
ALB,67.56611111111113,302.0,90.221
ALB,87.83277777777778,304.0,90.221
ALB,104.77722222222222,305.0,90.221
ALB,138.99944444444446,308.0,90.221
ALB,176.88833333333338,310.0,90.221
ALB,201.15500000000003,312.0,90.221
ALB,218.5994444444445,314.0,90.221
ALB,239.59944444444446,315.0,90.221
ALB,253.55611111111114,316.0,90.221
ALB,274.6227777777778,316.0,90.221
ALB,295.7561111111112,317.0,90.221
ALB,309.8894444444445,318.0,90.221
ALB,331.1561111111112,319.0,90.221
ALB,345.33388888888896,319.0,90.221
ALB,370.2227777777779,320.0,90.221
ALB,388.00055555555565,320.0,90.221
ALB,402.2227777777779,320.0,90.221
ALB,427.18944444444446,321.0,90.221
ALB,455.7227777777778,321.0,90.221
ALB,502.08944444444444,321.0,90.221
ALB,527.1338888888889,322.0,90.221
ALB,541.445,322.0,90.221
ALB,573.6450000000001,322.0,90.221
ALB,587.9116666666667,321.0,90.221
ALB,622.7841666666667,261.0,90.221
ALB,632.8286111111112,226.0,90.221
ALB,643.0508333333333,184.0,90.221
ALB,653.8508333333333,162.0,90.221
ALB,661.7397222222222,142.0,90.221
ALB,672.9397222222223,112.0,90.221
ALB,681.8286111111112,100.0,90.221
ALB,689.8286111111112,90.0,90.221
ALB,694.4397222222223,83.0,90.221
ALB,697.906388888889,78.0,90.221
ALB,703.718888888889,75.0,90.221
ALB,709.8522222222223,69.0,90.221
ALB,713.6855555555557,69.0,90.221
ALB,718.9744444444445,68.0,90.221
ALB,727.3077777777779,75.0,90.221
ALB,735.9077777777779,86.0,90.221
ALB,742.1077777777779,93.0,90.221
ALB,756.2855555555557,116.0,90.221
ALB,767.7522222222224,129.0,90.221
ALB,773.7966666666667,136.0,90.221
ALB,781.7411111111112,143.0,90.221
ALB,795.3411111111112,153.0,90.221
ALB,804.2855555555557,161.0,90.221
ALB,815.4855555555557,168.0,90.221
ALB,827.6025000000002,181.0,90.221
ALB,844.6691666666669,192.0,90.221
ALB,853.3358333333335,195.0,90.221
ALB,869.1247222222224,203.0,90.221
ALB,887.7025000000002,209.0,90.221
ALB,899.9247222222225,220.0,90.221
ALB,912.2580555555558,222.0,90.221
ALB,924.9247222222224,228.0,90.221
ALB,942.9691666666669,232.0,90.221
ALB,953.4580555555558,236.0,90.221
ALB,972.280277777778,242.0,90.221
ALB,988.6802777777779,246.0,90.221
ALB,1005.2775000000001,250.0,90.221
ALB,1028.2997222222225,259.0,90.221
ALB,1057.8552777777782,266.0,90.221
ALB,1075.5886111111113,266.0,90.221
ALB,1096.8997222222224,274.0,90.221
ALB,1109.0775,274.0,90.221
ALB,1127.6775,279.0,90.221
ALB,1149.766388888889,284.0,90.221
ALB,1168.8330555555556,286.0,90.221
ALB,1184.7775,287.0,90.221
ALB,1207.3330555555556,290.0,90.221
ALB,1230.2775000000001,295.0,90.221
ALB,1263.2775000000001,297.0,90.221
ALB,1296.9169444444447,302.0,90.221
ALB,1327.2169444444446,303.0,90.221
ALB,1350.7836111111114,303.0,90.221
ALB,1374.428055555556,304.0,90.221
ALB,1399.405833333334,281.0,90.221
ALB,1410.3836111111118,247.0,90.221
ALB,1422.605833333334,220.0,90.221
ALB,1438.516944444445,179.0,90.221
ALB,1447.8502777777783,168.0,90.221
ALB,1462.6502777777782,148.0,90.221
ALB,1469.228055555556,148.0,90.221
ALB,1485.4466666666672,133.0,90.221
ALB,1492.5022222222226,127.0,90.221
ALB,1502.2244444444448,125.0,90.221
ALB,1510.357777777778,122.0,90.221
ALB,1522.757777777778,124.0,90.221
ALB,1534.046666666667,127.0,90.221
ALB,1543.1800000000005,137.0,90.221
ALB,1561.146666666667,147.0,90.221
ALB,1568.2133333333336,159.0,90.221
ALB,1581.6688888888891,173.0,90.221
ALB,1589.357777777778,173.0,90.221
ALB,1612.8244444444447,192.0,90.221
ALB,1635.9933333333336,208.0,90.221
ALB,1647.937777777778,215.0,90.221
ALB,1662.4044444444444,217.0,90.221
ALB,1674.96,226.0,90.221
ALB,1698.36,234.0,90.221
ALB,1713.9599999999998,234.0,90.221
ALB,1738.4599999999998,245.0,90.221
ALB,1752.1266666666668,246.0,90.221
ALB,1768.66,248.0,90.221
ALB,1788.2600000000002,252.0,90.221
ALB,1799.0155555555557,242.0,90.221
ALB,1809.5933333333335,238.0,90.221
ALB,1819.9933333333336,234.0,90.221
ALB,1839.7536111111112,223.0,90.221
ALB,1854.2869444444445,218.0,90.221
ALB,1863.7536111111112,213.0,90.221
ALB,1877.6869444444446,209.0,90.221
ALB,1898.9869444444446,213.0,90.221
ALB,1916.020277777778,219.0,90.221
ALB,1938.720277777778,227.0,90.221
ALB,1951.3869444444445,228.0,90.221
ALB,1964.1091666666666,229.0,90.221
ALB,1979.5091666666667,231.0,90.221
ALB,2013.3091666666664,234.0,90.221
ALB,2029.0425,236.0,90.221
ALB,2053.710833333333,246.0,90.221
ALB,2075.7552777777773,248.0,90.221
ALB,2098.1552777777774,252.0,90.221
ALB,2114.4219444444443,244.0,90.221
ALB,2131.1441666666665,215.0,90.221
ALB,2152.1663888888884,172.0,90.221
ALB,2160.444166666666,149.0,90.221
ALB,2166.7997222222216,143.0,90.221
ALB,2177.921944444444,143.0,90.221
ALB,2183.3441666666663,122.0,90.221
ALB,2191.821944444444,109.0,90.221
ALB,2199.5997222222218,100.0,90.221
ALB,2203.733055555555,93.0,90.221
ALB,2210.398055555555,86.0,90.221
ALB,2214.1313888888885,84.0,90.221
ALB,2219.5313888888886,81.0,90.221
ALB,2226.375833333333,77.0,90.221
ALB,2232.598055555555,80.0,90.221
ALB,2238.1313888888885,83.0,90.221
ALB,2244.8980555555554,87.0,90.221
ALB,2256.9980555555553,99.0,90.221
ALB,2262.775833333333,104.0,90.221
ALB,2267.6202777777776,109.0,90.221
ALB,2284.553611111111,127.0,90.221
ALB,2296.496111111111,153.0,90.221
ALB,2305.496111111111,162.0,90.221
ALB,2312.6961111111113,162.0,90.221
ALB,2331.0961111111114,184.0,90.221
ALB,2348.162777777778,192.0,90.221
ALB,2366.029444444445,201.0,90.221
ALB,2384.9627777777782,213.0,90.221
ALB,2404.7850000000003,223.0,90.221
ALB,2419.851666666667,226.0,90.221
ALB,2443.451666666667,236.0,90.221
ALB,2456.785,240.0,90.221
ALB,2486.851666666667,246.0,90.221
ALB,2503.3161111111112,248.0,90.221
ALB,2522.916111111111,252.0,90.221
ALB,2542.7494444444446,255.0,90.221
ALB,2554.1272222222224,256.0,90.221
ALB,2571.0605555555558,254.0,90.221
ALB,2593.105,248.0,90.221
ALB,2605.5494444444444,224.0,90.221
ALB,2620.2494444444446,189.0,90.221
ALB,2629.638333333334,169.0,90.221
ALB,2642.438333333334,144.0,90.221
ALB,2653.3716666666674,123.0,90.221
ALB,2664.8161111111117,103.0,90.221
ALB,2672.153333333334,94.0,90.221
ALB,2676.153333333334,90.0,90.221
ALB,2680.764444444445,83.0,90.221
ALB,2686.164444444445,81.0,90.221
ALB,2690.4977777777785,78.0,90.221
ALB,2695.4977777777785,75.0,90.221
ALB,2699.7200000000007,76.0,90.221
ALB,2709.2755555555564,86.0,90.221
ALB,2718.5755555555565,93.0,90.221
ALB,2732.142222222223,111.0,90.221
ALB,2737.2977777777787,116.0,90.221
ALB,2744.2977777777787,126.0,90.221
ALB,2751.853333333334,136.0,90.221
ALB,2759.9644444444452,146.0,90.221
ALB,2770.254722222223,155.0,90.221
ALB,2779.754722222223,171.0,90.221
ALB,2789.754722222223,180.0,90.221
ALB,2806.9991666666674,194.0,90.221
ALB,2832.1769444444453,206.0,90.221
ALB,2856.954722222223,223.0,90.221
ALB,2877.5769444444454,232.0,90.221
ALB,2888.154722222223,238.0,90.221
ALB,2901.5991666666678,242.0,90.221
ALB,2926.7991666666676,252.0,90.221
ALB,2941.0769444444454,257.0,90.221
ALB,2958.5494444444453,261.0,90.221
ALB,2982.282777777779,267.0,90.221
ALB,3000.4161111111116,272.0,90.221
ALB,3034.7605555555565,281.0,90.221
ALB,3047.2938888888893,282.0,90.221
ALB,3075.7938888888893,285.0,90.221
ALB,3095.1938888888894,291.0,90.221
ALB,3118.060555555556,294.0,90.221
ALB,3131.171666666667,295.0,90.221
ALB,3154.4272222222226,299.0,90.221
ALB,3188.093888888889,303.0,90.221
ALB,3222.205,307.0,90.221
ALB,3259.7638888888887,308.0,90.221
ALB,3276.9305555555557,309.0,90.221
ALB,3311.2638888888887,309.0,90.221
ALB,3340.1083333333336,236.0,90.221
ALB,3358.5083333333337,207.0,90.221
ALB,3373.286111111111,190.0,90.221
ALB,3381.5083333333337,185.0,90.221
ALB,3393.2416666666672,176.0,90.221
ALB,3402.6861111111116,170.0,90.221
ALB,3413.752777777778,166.0,90.221
ALB,3424.4861111111118,161.0,90.221
ALB,3440.630833333334,161.0,90.221
ALB,3451.6975000000007,166.0,90.221
ALB,3473.0863888888894,175.0,90.221
ALB,3480.997500000001,178.0,90.221
ALB,3493.5975000000008,189.0,90.221
ALB,3501.997500000001,189.0,90.221
ALB,3513.053055555556,199.0,90.221
ALB,3533.953055555556,209.0,90.221
ALB,3553.153055555556,216.0,90.221
ALB,3573.064166666667,224.0,90.221
ALB,3585.6752777777783,227.0,90.221
ALB,3601.2086111111116,233.0,90.221
ALB,3611.564166666667,233.0,90.221
ALB,3622.141944444445,238.0,90.221
ALB,3635.475277777778,240.0,90.221
ALB,3660.3061111111115,249.0,90.221
ALB,3679.9061111111114,252.0,90.221
ALB,3696.772777777778,253.0,90.221
ALB,3708.106111111111,255.0,90.221
ALB,3719.4394444444442,255.0,90.221
ALB,3745.3394444444443,259.0,90.221
ALB,3759.7283333333335,259.0,90.221
ALB,3788.839444444445,262.0,90.221
ALB,3800.483888888889,262.0,90.221
ALB,3823.861666666666,263.0,90.221
ALB,3841.601944444444,265.0,90.221
ALB,3859.2686111111116,265.0,90.221
ALB,3880.0352777777784,267.0,90.221
ALB,3913.0352777777784,270.0,90.221
ALB,3928.090833333334,271.0,90.221
ALB,3943.146388888889,271.0,90.221
ALB,3969.44638888889,263.0,90.221
ALB,3982.5575000000003,236.0,90.221
ALB,3992.5130555555565,224.0,90.221
ALB,4009.2241666666673,188.0,90.221
ALB,4020.9575000000004,176.0,90.221
ALB,4030.290833333334,168.0,90.221
ALB,4045.590833333334,153.0,90.221
ALB,4052.2575000000006,150.0,90.221
ALB,4058.7019444444454,145.0,90.221
ALB,4069.5908333333346,140.0,90.221
ALB,4077.108611111112,136.0,90.221
ALB,4083.1530555555564,136.0,90.221
ALB,4095.7752777777782,142.0,90.221
ALB,4109.108611111112,150.0,90.221
ALB,4119.508611111111,156.0,90.221
ALB,4126.708611111112,162.0,90.221
ALB,4141.8197222222225,170.0,90.221
ALB,4156.28638888889,186.0,90.221
ALB,4175.986388888889,197.0,90.221
ALB,4185.141944444445,206.0,90.221
ALB,4214.402777777778,219.0,90.221
ALB,4239.958333333333,230.0,90.221
ALB,4261.025000000001,237.0,90.221
ALB,4282.625,243.0,90.221
ALB,4299.225,249.0,90.221
ALB,4319.0583333333325,255.0,90.221
ALB,4339.124999999999,258.0,90.221
ALB,4353.569444444443,260.0,90.221
ALB,4371.169444444444,264.0,90.221
ALB,4386.058333333332,268.0,90.221
ALB,4413.258333333331,272.0,90.221
ALB,4431.591666666665,275.0,90.221
ALB,4450.058333333332,277.0,90.221
ALB,4471.913888888887,281.0,90.221
ALB,4493.923888888887,284.0,90.221
ALB,4528.879444444442,286.0,90.221
ALB,4544.879444444442,288.0,90.221
ALB,4564.212777777776,290.0,90.221
ALB,4593.412777777776,292.0,90.221
ALB,4629.223888888887,293.0,90.221
ALB,4668.690555555554,296.0,90.221
ALB,4681.890555555554,297.0,90.221
ALB,4695.173055555554,297.0,90.221
ALB,4715.03972222222,298.0,90.221
ALB,4738.217499999998,298.0,90.221
ALB,4754.773055555554,298.0,90.221
ALB,4777.873055555554,297.0,90.221
ALB,4798.095277777777,260.0,90.221
ALB,4807.695277777776,216.0,90.221
ALB,4825.495277777776,178.0,90.221
ALB,4836.42861111111,164.0,90.221
ALB,4852.7619444444435,147.0,90.221
ALB,4859.206388888888,145.0,90.221
ALB,4865.42861111111,140.0,90.221
ALB,4875.850833333332,134.0,90.221
ALB,4886.039722222221,131.0,90.221
ALB,4902.539722222221,135.0,90.221
ALB,4908.717499999999,139.0,90.221
ALB,4914.984166666665,141.0,90.221
ALB,4923.109999999999,147.0,90.221
ALB,4933.176666666665,151.0,90.221
ALB,4944.3099999999995,167.0,90.221
ALB,4951.909999999999,171.0,90.221
ALB,4966.298888888888,185.0,90.221
ALB,4986.198888888887,199.0,90.221
ALB,4997.643333333332,206.0,90.221
ALB,5007.065555555554,212.0,90.221
ALB,5081.798888888887,240.0,90.221
ALB,5100.854444444442,245.0,90.221
ALB,5117.3211111111095,247.0,90.221
ALB,5139.809999999998,253.0,90.221
ALB,5154.03222222222,256.0,90.221
ALB,5168.421111111109,259.0,90.221
ALB,5188.876666666664,263.0,90.221
ALB,5206.609999999997,266.0,90.221
ALB,5227.532222222219,269.0,90.221
ALB,5239.576666666663,271.0,90.221
ALB,5260.965555555552,275.0,90.221
ALB,5279.498888888885,278.0,90.221
ALB,5307.798888888885,283.0,90.221
ALB,5326.865555555552,286.0,90.221
ALB,5339.621111111108,287.0,90.221
ALB,5355.676666666664,289.0,90.221
ALB,5375.128611111108,293.0,90.221
RIC,14.843333333333334,292.0,90.278
RIC,47.621111111111105,295.0,90.278
RIC,80.92638888888888,299.0,90.278
RIC,111.12638888888888,302.0,90.278
RIC,134.8486111111111,305.0,90.278
RIC,158.64861111111108,306.0,90.278
RIC,186.02638888888887,308.0,90.278
RIC,199.71527777777774,308.0,90.278
RIC,216.88194444444443,309.0,90.278
RIC,244.52638888888885,311.0,90.278
RIC,261.8597222222222,312.0,90.278
RIC,293.15972222222223,313.0,90.278
RIC,307.1152777777778,314.0,90.278
RIC,345.4058333333333,314.0,90.278
RIC,362.9058333333333,315.0,90.278
RIC,387.4836111111111,316.0,90.278
RIC,408.55027777777775,316.0,90.278
RIC,440.1502777777777,316.0,90.278
RIC,468.3280555555555,317.0,90.278
RIC,489.3947222222222,316.0,90.278
RIC,528.1391666666666,317.0,90.278
RIC,542.2280555555554,317.0,90.278
RIC,566.883611111111,317.0,90.278
RIC,580.9724999999999,317.0,90.278
RIC,615.9280555555554,286.0,90.278
RIC,640.8791666666665,224.0,90.278
RIC,652.5458333333331,210.0,90.278
RIC,663.5458333333331,165.0,90.278
RIC,671.5458333333331,144.0,90.278
RIC,683.9458333333331,124.0,90.278
RIC,691.2124999999997,109.0,90.278
RIC,700.8124999999998,96.0,90.278
RIC,705.7569444444442,89.0,90.278
RIC,711.1569444444442,81.0,90.278
RIC,717.145833333333,77.0,90.278
RIC,720.5236111111108,76.0,90.278
RIC,723.8124999999997,74.0,90.278
RIC,727.0569444444441,73.0,90.278
RIC,733.2597222222219,70.0,90.278
RIC,738.1263888888885,73.0,90.278
RIC,741.5486111111107,77.0,90.278
RIC,747.1486111111108,84.0,90.278
RIC,756.7486111111108,96.0,90.278
RIC,764.9152777777775,105.0,90.278
RIC,778.0152777777776,131.0,90.278
RIC,785.6819444444442,138.0,90.278
RIC,793.5708333333331,142.0,90.278
RIC,803.6374999999998,151.0,90.278
RIC,826.8930555555554,161.0,90.278
RIC,838.559722222222,175.0,90.278
RIC,857.2113888888887,186.0,90.278
RIC,874.7224999999999,197.0,90.278
RIC,893.1224999999998,207.0,90.278
RIC,907.3224999999999,213.0,90.278
RIC,924.433611111111,220.0,90.278
RIC,952.4224999999999,229.0,90.278
RIC,965.3669444444442,233.0,90.278
RIC,975.8113888888887,235.0,90.278
RIC,994.7113888888888,243.0,90.278
RIC,1005.6447222222222,246.0,90.278
RIC,1025.1669444444442,251.0,90.278
RIC,1045.233611111111,258.0,90.278
RIC,1056.833611111111,261.0,90.278
RIC,1077.2161111111109,263.0,90.278
RIC,1089.0827777777777,267.0,90.278
RIC,1107.1494444444443,271.0,90.278
RIC,1131.7716666666665,277.0,90.278
RIC,1153.4716666666666,279.0,90.278
RIC,1172.0716666666665,279.0,90.278
RIC,1194.316111111111,286.0,90.278
RIC,1229.7605555555556,290.0,90.278
RIC,1245.9827777777778,292.0,90.278
RIC,1259.0494444444444,294.0,90.278
RIC,1298.516111111111,296.0,90.278
RIC,1321.854722222222,299.0,90.278
RIC,1338.5213888888886,300.0,90.278
RIC,1351.8991666666664,301.0,90.278
RIC,1382.0991666666664,302.0,90.278
RIC,1408.5880555555552,298.0,90.278
RIC,1429.7436111111108,238.0,90.278
RIC,1447.6991666666663,202.0,90.278
RIC,1465.6547222222218,202.0,90.278
RIC,1475.8547222222219,153.0,90.278
RIC,1490.254722222222,144.0,90.278
RIC,1497.9769444444441,139.0,90.278
RIC,1513.865833333333,130.0,90.278
RIC,1522.230833333333,126.0,90.278
RIC,1532.1086111111108,127.0,90.278
RIC,1542.2974999999997,131.0,90.278
RIC,1548.2086111111107,133.0,90.278
RIC,1557.4752777777774,139.0,90.278
RIC,1570.541944444444,147.0,90.278
RIC,1579.041944444444,153.0,90.278
RIC,1591.9530555555552,166.0,90.278
RIC,1601.3974999999996,170.0,90.278
RIC,1617.6641666666662,183.0,90.278
RIC,1635.0863888888885,196.0,90.278
RIC,1657.864166666666,205.0,90.278
RIC,1674.568055555555,214.0,90.278
RIC,1684.3013888888884,219.0,90.278
RIC,1696.8013888888884,225.0,90.278
RIC,1712.2013888888882,231.0,90.278
RIC,1725.3124999999993,236.0,90.278
RIC,1741.3124999999995,240.0,90.278
RIC,1754.8124999999995,243.0,90.278
RIC,1782.5902777777774,250.0,90.278
RIC,1807.3902777777773,248.0,90.278
RIC,1835.3791666666662,229.0,90.278
RIC,1845.2902777777772,223.0,90.278
RIC,1857.568055555555,221.0,90.278
RIC,1869.345833333333,212.0,90.278
RIC,1880.9569444444442,209.0,90.278
RIC,1894.6994444444442,207.0,90.278
RIC,1906.2549999999997,208.0,90.278
RIC,1918.0327777777775,212.0,90.278
RIC,1937.3216666666665,217.0,90.278
RIC,1964.9438888888888,226.0,90.278
RIC,1990.6105555555555,231.0,90.278
RIC,2011.588333333333,236.0,90.278
RIC,2022.2549999999999,240.0,90.278
RIC,2035.6994444444445,242.0,90.278
RIC,2060.1994444444445,245.0,90.278
RIC,2074.0327777777775,249.0,90.278
RIC,2091.1036111111107,255.0,90.278
RIC,2114.036944444444,258.0,90.278
RIC,2130.6369444444445,249.0,90.278
RIC,2153.614722222222,188.0,90.278
RIC,2161.614722222222,180.0,90.278
RIC,2176.314722222222,147.0,90.278
RIC,2185.1813888888887,133.0,90.278
RIC,2194.359166666666,118.0,90.278
RIC,2199.3369444444443,112.0,90.278
RIC,2207.4258333333332,104.0,90.278
RIC,2217.314722222222,89.0,90.278
RIC,2226.425833333333,82.0,90.278
RIC,2235.5716666666663,75.0,90.278
RIC,2239.7938888888884,76.0,90.278
RIC,2249.0161111111106,83.0,90.278
RIC,2260.5049999999997,94.0,90.278
RIC,2269.838333333333,105.0,90.278
RIC,2279.016111111111,118.0,90.278
RIC,2284.705,128.0,90.278
RIC,2293.9716666666664,139.0,90.278
RIC,2301.9716666666664,144.0,90.278
RIC,2312.9049999999997,164.0,90.278
RIC,2324.371666666666,172.0,90.278
RIC,2343.1236111111107,187.0,90.278
RIC,2356.0569444444436,194.0,90.278
RIC,2381.2347222222215,206.0,90.278
RIC,2390.6124999999993,211.0,90.278
RIC,2405.0124999999994,216.0,90.278
RIC,2414.8347222222214,221.0,90.278
RIC,2427.390277777777,226.0,90.278
RIC,2450.6902777777773,233.0,90.278
RIC,2471.934722222222,239.0,90.278
RIC,2493.6236111111107,244.0,90.278
RIC,2507.3458333333333,247.0,90.278
RIC,2524.0125,250.0,90.278
RIC,2535.2569444444443,253.0,90.278
RIC,2546.634722222222,256.0,90.278
RIC,2560.8569444444447,256.0,90.278
RIC,2585.2888888888892,245.0,90.278
RIC,2602.1666666666665,217.0,90.278
RIC,2615.366666666667,198.0,90.278
RIC,2623.4555555555557,182.0,90.278
RIC,2630.8777777777777,167.0,90.278
RIC,2645.277777777778,144.0,90.278
RIC,2652.6111111111113,132.0,90.278
RIC,2664.722222222222,109.0,90.278
RIC,2669.3,103.0,90.278
RIC,2677.4777777777776,92.0,90.278
RIC,2683.4358333333334,89.0,90.278
RIC,2689.1025,85.0,90.278
RIC,2695.324722222222,80.0,90.278
RIC,2704.9802777777777,79.0,90.278
RIC,2709.4802777777777,81.0,90.278
RIC,2714.2025,85.0,90.278
RIC,2723.8025,96.0,90.278
RIC,2729.4691666666663,102.0,90.278
RIC,2734.2247222222218,107.0,90.278
RIC,2744.9802777777772,121.0,90.278
RIC,2753.9802777777772,135.0,90.278
RIC,2762.146944444444,147.0,90.278
RIC,2778.346944444444,162.0,90.278
RIC,2785.9913888888887,172.0,90.278
RIC,2794.035833333333,181.0,90.278
RIC,2808.8136111111107,190.0,90.278
RIC,2819.703333333333,197.0,90.278
RIC,2828.458888888889,197.0,90.278
RIC,2847.57,215.0,90.278
RIC,2867.57,225.0,90.278
RIC,2883.103333333333,233.0,90.278
RIC,2893.592222222222,236.0,90.278
RIC,2915.458888888889,246.0,90.278
RIC,2934.981111111111,251.0,90.278
RIC,2960.981111111111,260.0,90.278
RIC,2972.6255555555554,262.0,90.278
RIC,3008.8341666666665,271.0,90.278
RIC,3039.500833333333,276.0,90.278
RIC,3064.7452777777776,284.0,90.278
RIC,3090.2563888888885,287.0,90.278
RIC,3109.589722222222,290.0,90.278
RIC,3132.378611111111,293.0,90.278
RIC,3155.3230555555547,295.0,90.278
RIC,3171.934166666666,299.0,90.278
RIC,3192.0008333333326,301.0,90.278
RIC,3208.77861111111,302.0,90.278
RIC,3239.37861111111,306.0,90.278
RIC,3259.77861111111,306.0,90.278
RIC,3280.445277777777,310.0,90.278
RIC,3304.5563888888883,310.0,90.278
RIC,3326.411388888888,282.0,90.278
RIC,3354.1558333333323,227.0,90.278
RIC,3365.8780555555545,211.0,90.278
RIC,3379.011388888888,197.0,90.278
RIC,3396.8113888888884,178.0,90.278
RIC,3416.611388888888,162.0,90.278
RIC,3437.4113888888883,156.0,90.278
RIC,3444.43361111111,158.0,90.278
RIC,3451.633888888888,161.0,90.278
RIC,3462.7005555555547,166.0,90.278
RIC,3476.4672222222216,177.0,90.278
RIC,3486.522777777777,181.0,90.278
RIC,3501.3783333333326,191.0,90.278
RIC,3517.089444444444,202.0,90.278
RIC,3526.1561111111105,204.0,90.278
RIC,3547.6561111111105,215.0,90.278
RIC,3562.122777777777,217.0,90.278
RIC,3587.3449999999993,227.0,90.278
RIC,3597.611666666666,231.0,90.278
RIC,3608.011666666666,234.0,90.278
RIC,3626.4449999999993,237.0,90.278
RIC,3645.2672222222213,242.0,90.278
RIC,3675.944999999999,251.0,90.278
RIC,3687.100555555555,251.0,90.278
RIC,3698.3449999999993,253.0,90.278
RIC,3712.3855555555547,254.0,90.278
RIC,3729.452222222221,256.0,90.278
RIC,3746.6522222222206,258.0,90.278
RIC,3758.1188888888883,258.0,90.278
RIC,3778.263333333333,259.0,90.278
RIC,3804.4633333333327,262.0,90.278
RIC,3819.074444444443,263.0,90.278
RIC,3830.763333333333,263.0,90.278
RIC,3914.5269444444434,269.0,90.278
RIC,3935.6047222222214,271.0,90.278
RIC,3953.271388888888,265.0,90.278
RIC,3973.8936111111107,232.0,90.278
RIC,3985.8936111111107,216.0,90.278
RIC,3997.1158333333324,202.0,90.278
RIC,4011.349166666666,183.0,90.278
RIC,4022.815833333333,172.0,90.278
RIC,4035.3380555555555,161.0,90.278
RIC,4042.404722222222,159.0,90.278
RIC,4054.3824999999997,154.0,90.278
RIC,4064.3824999999997,150.0,90.278
RIC,4078.8824999999997,145.0,90.278
RIC,4088.4158333333335,143.0,90.278
RIC,4094.815833333333,144.0,90.278
RIC,4103.038055555556,148.0,90.278
RIC,4113.195555555555,153.0,90.278
RIC,4127.506666666666,161.0,90.278
RIC,4138.639999999999,167.0,90.278
RIC,4148.362222222222,175.0,90.278
RIC,4162.984444444444,188.0,90.278
RIC,4178.151111111111,195.0,90.278
RIC,4191.817777777777,205.0,90.278
RIC,4206.017777777777,213.0,90.278
RIC,4220.6177777777775,219.0,90.278
RIC,4230.635555555556,224.0,90.278
RIC,4248.446666666667,229.0,90.278
RIC,4261.446666666666,234.0,90.278
RIC,4280.19111111111,241.0,90.278
RIC,4302.1466666666665,247.0,90.278
RIC,4313.257777777778,250.0,90.278
RIC,4327.368888888889,254.0,90.278
RIC,4344.502222222222,257.0,90.278
RIC,4356.057777777778,260.0,90.278
RIC,4379.524444444445,264.0,90.278
RIC,4391.391111111112,267.0,90.278
RIC,4412.4688888888895,271.0,90.278
RIC,4427.580000000001,272.0,90.278
RIC,4452.024444444445,275.0,90.278
RIC,4467.4688888888895,278.0,90.278
RIC,4489.324444444445,281.0,90.278
RIC,4505.046666666668,283.0,90.278
RIC,4539.880000000001,285.0,90.278
RIC,4571.800000000001,288.0,90.278
RIC,4591.0666666666675,289.0,90.278
RIC,4604.000000000002,291.0,90.278
RIC,4636.444444444445,292.0,90.278
RIC,4672.377777777779,294.0,90.278
RIC,4708.433333333335,295.0,90.278
RIC,4731.459722222224,295.0,90.278
RIC,4757.770833333336,296.0,90.278
RIC,4776.704166666668,284.0,90.278
RIC,4792.904166666668,243.0,90.278
RIC,4814.570833333335,195.0,90.278
RIC,4822.8375000000015,186.0,90.278
RIC,4832.3375000000015,171.0,90.278
RIC,4844.1597222222235,152.0,90.278
RIC,4855.204166666668,142.0,90.278
RIC,4865.781944444446,136.0,90.278
RIC,4879.181944444445,134.0,90.278
RIC,4887.8486111111115,130.0,90.278
RIC,4893.715277777778,132.0,90.278
RIC,4901.270833333334,136.0,90.278
RIC,4912.315277777779,142.0,90.278
RIC,4924.293055555557,154.0,90.278
RIC,4935.22638888889,164.0,90.278
RIC,4950.870833333335,176.0,90.278
RIC,4969.9177777777795,191.0,90.278
RIC,4987.784444444446,201.0,90.278
RIC,4999.284444444446,207.0,90.278
RIC,5016.084444444446,216.0,90.278
RIC,5025.906666666669,221.0,90.278
RIC,5035.862222222224,224.0,90.278
RIC,5048.5844444444465,229.0,90.278
RIC,5072.450555555557,238.0,90.278
RIC,5099.783888888891,246.0,90.278
RIC,5127.783888888891,252.0,90.278
RIC,5138.983888888891,252.0,90.278
RIC,5164.88388888889,259.0,90.278
RIC,5188.261666666667,263.0,90.278
RIC,5217.928333333334,267.0,90.278
RIC,5229.928333333334,270.0,90.278
RIC,5241.972777777778,271.0,90.278
RIC,5263.361666666667,275.0,90.278
RIC,5281.961666666667,279.0,90.278
RIC,5313.517222222222,284.0,90.278
RIC,5335.839444444444,287.0,90.278
RIC,5351.8949999999995,289.0,90.278
MAG,22.770000000000003,297.0,90.529
MAG,52.75305555555556,299.0,90.529
MAG,79.5975,302.0,90.529
MAG,110.0975,305.0,90.529
MAG,123.6975,306.0,90.529
MAG,140.8086111111111,308.0,90.529
MAG,154.4975,308.0,90.529
MAG,175.03083333333333,308.0,90.529
MAG,192.25305555555556,310.0,90.529
MAG,206.07527777777776,311.0,90.529
MAG,237.27527777777777,312.0,90.529
MAG,265.09916666666663,314.0,90.529
MAG,303.72138888888884,316.0,90.529
MAG,328.37694444444435,317.0,90.529
MAG,342.46583333333325,317.0,90.529
MAG,367.12138888888876,317.0,90.529
MAG,384.78805555555545,318.0,90.529
MAG,416.6880555555555,319.0,90.529
MAG,441.57694444444434,320.0,90.529
MAG,466.46583333333325,320.0,90.529
MAG,484.243611111111,320.0,90.529
MAG,502.0213888888888,320.0,90.529
MAG,523.3547222222221,320.0,90.529
MAG,541.1880555555555,321.0,90.529
MAG,583.4547222222222,317.0,90.529
MAG,611.6324999999999,317.0,90.529
MAG,628.7702777777778,256.0,90.529
MAG,643.7036111111112,224.0,90.529
MAG,660.4036111111111,167.0,90.529
MAG,667.8258333333333,167.0,90.529
MAG,675.3813888888889,136.0,90.529
MAG,683.1813888888888,117.0,90.529
MAG,690.3813888888889,108.0,90.529
MAG,694.7369444444445,98.0,90.529
MAG,699.8480555555556,92.0,90.529
MAG,706.4591666666666,85.0,90.529
MAG,711.9258333333333,82.0,90.529
MAG,716.2375,78.0,90.529
MAG,723.6374999999999,74.0,90.529
MAG,731.8597222222221,74.0,90.529
MAG,736.0263888888888,75.0,90.529
MAG,742.0152777777777,77.0,90.529
MAG,749.9263888888888,89.0,90.529
MAG,758.9930555555555,102.0,90.529
MAG,763.7486111111111,107.0,90.529
MAG,771.9486111111112,123.0,90.529
MAG,787.3930555555556,139.0,90.529
MAG,799.0597222222223,150.0,90.529
MAG,807.7819444444444,157.0,90.529
MAG,824.1819444444445,164.0,90.529
MAG,831.6930555555556,169.0,90.529
MAG,851.7430555555555,180.0,90.529
MAG,873.298611111111,194.0,90.529
MAG,886.698611111111,201.0,90.529
MAG,898.1986111111111,207.0,90.529
MAG,922.1986111111111,216.0,90.529
MAG,950.0652777777777,228.0,90.529
MAG,968.1874999999999,233.0,90.529
MAG,981.4097222222221,238.0,90.529
MAG,997.6763888888888,244.0,90.529
MAG,1008.5413888888887,246.0,90.529
MAG,1025.3413888888886,252.0,90.529
MAG,1042.4080555555554,256.0,90.529
MAG,1054.0080555555553,261.0,90.529
MAG,1071.6080555555552,264.0,90.529
MAG,1083.5191666666663,268.0,90.529
MAG,1104.7524999999996,273.0,90.529
MAG,1120.0858333333329,276.0,90.529
MAG,1132.396944444444,277.0,90.529
MAG,1154.3302777777774,282.0,90.529
MAG,1179.485833333333,283.0,90.529
MAG,1221.5191666666663,291.0,90.529
MAG,1244.3858333333328,294.0,90.529
MAG,1257.5413888888884,296.0,90.529
MAG,1287.4413888888887,299.0,90.529
MAG,1300.774722222222,300.0,90.529
MAG,1341.5261111111106,305.0,90.529
MAG,1355.0816666666663,305.0,90.529
MAG,1372.0816666666663,306.0,90.529
MAG,1392.2816666666665,303.0,90.529
MAG,1407.5038888888887,274.0,90.529
MAG,1430.1038888888886,226.0,90.529
MAG,1446.1038888888886,180.0,90.529
MAG,1460.5038888888887,162.0,90.529
MAG,1468.8927777777776,151.0,90.529
MAG,1475.3816666666664,146.0,90.529
MAG,1485.9216666666664,136.0,90.529
MAG,1497.388333333333,129.0,90.529
MAG,1504.277222222222,124.0,90.529
MAG,1513.688333333333,121.0,90.529
MAG,1527.3549999999996,123.0,90.529
MAG,1540.5549999999996,132.0,90.529
MAG,1549.688333333333,137.0,90.529
MAG,1568.1438888888886,151.0,90.529
MAG,1582.5438888888884,162.0,90.529
MAG,1589.7438888888885,162.0,90.529
MAG,1599.4105555555552,174.0,90.529
MAG,1616.2994444444441,190.0,90.529
MAG,1627.3549999999996,199.0,90.529
MAG,1640.9549999999995,204.0,90.529
MAG,1655.0133333333329,210.0,90.529
MAG,1674.7466666666662,222.0,90.529
MAG,1684.7022222222217,224.0,90.529
MAG,1702.5911111111106,230.0,90.529
MAG,1723.7466666666662,238.0,90.529
MAG,1737.0799999999995,240.0,90.529
MAG,1750.6911111111106,245.0,90.529
MAG,1764.5244444444438,249.0,90.529
MAG,1783.9688888888884,250.0,90.529
MAG,1795.2577777777774,254.0,90.529
MAG,1814.702222222222,250.0,90.529
MAG,1830.0355555555552,230.0,90.529
MAG,1844.574722222222,219.0,90.529
MAG,1863.0636111111107,208.0,90.529
MAG,1885.1747222222218,199.0,90.529
MAG,1898.2413888888887,196.0,90.529
MAG,1913.485833333333,196.0,90.529
MAG,1922.4191666666663,201.0,90.529
MAG,1936.4191666666666,210.0,90.529
MAG,1953.063611111111,214.0,90.529
MAG,1967.7969444444443,221.0,90.529
MAG,1980.2413888888889,224.0,90.529
MAG,1998.0524999999996,229.0,90.529
MAG,2016.1747222222218,233.0,90.529
MAG,2042.9524999999994,241.0,90.529
MAG,2070.465555555555,247.0,90.529
MAG,2095.665555555555,252.0,90.529
MAG,2115.4211111111103,254.0,90.529
MAG,2133.154444444444,228.0,90.529
MAG,2150.1322222222216,191.0,90.529
MAG,2158.087777777777,179.0,90.529
MAG,2167.087777777777,162.0,90.529
MAG,2179.087777777777,135.0,90.529
MAG,2185.92111111111,123.0,90.529
MAG,2196.92111111111,110.0,90.529
MAG,2201.498888888888,103.0,90.529
MAG,2212.5958333333324,91.0,90.529
MAG,2217.37361111111,86.0,90.529
MAG,2223.5958333333324,80.0,90.529
MAG,2228.929166666666,80.0,90.529
MAG,2236.6291666666657,77.0,90.529
MAG,2243.8291666666655,81.0,90.529
MAG,2249.6958333333323,88.0,90.529
MAG,2261.9180555555545,100.0,90.529
MAG,2266.67361111111,107.0,90.529
MAG,2275.695833333332,116.0,90.529
MAG,2281.2513888888875,125.0,90.529
MAG,2297.995833333332,137.0,90.529
MAG,2315.5952777777766,158.0,90.529
MAG,2325.0952777777766,171.0,90.529
MAG,2337.295277777777,183.0,90.529
MAG,2347.906388888888,191.0,90.529
MAG,2368.006388888888,201.0,90.529
MAG,2382.0063888888876,210.0,90.529
MAG,2403.206388888888,212.0,90.529
MAG,2415.5952777777766,223.0,90.529
MAG,2430.92861111111,230.0,90.529
MAG,2449.284166666666,236.0,90.529
MAG,2459.8619444444435,238.0,90.529
MAG,2470.6174999999994,242.0,90.529
MAG,2481.417499999999,243.0,90.529
MAG,2503.570277777777,250.0,90.529
MAG,2520.4369444444433,253.0,90.529
MAG,2531.8591666666657,257.0,90.529
MAG,2549.059166666666,258.0,90.529
MAG,2574.759166666666,257.0,90.529
MAG,2593.3480555555548,239.0,90.529
MAG,2613.9480555555547,206.0,90.529
MAG,2625.392499999999,206.0,90.529
MAG,2634.614722222221,166.0,90.529
MAG,2644.681388888888,151.0,90.529
MAG,2661.00361111111,113.0,90.529
MAG,2667.9369444444433,104.0,90.529
MAG,2676.7613888888877,88.0,90.529
MAG,2683.872499999999,80.0,90.529
MAG,2690.7169444444435,77.0,90.529
MAG,2695.78361111111,76.0,90.529
MAG,2701.6169444444436,75.0,90.529
MAG,2712.0058333333322,85.0,90.529
MAG,2717.061388888888,91.0,90.529
MAG,2721.105833333332,91.0,90.529
MAG,2729.194722222221,104.0,90.529
MAG,2734.1724999999988,112.0,90.529
MAG,2743.5058333333322,120.0,90.529
MAG,2754.0058333333322,135.0,90.529
MAG,2760.450277777777,145.0,90.529
MAG,2772.462777777777,155.0,90.529
MAG,2779.7961111111103,165.0,90.529
MAG,2791.79611111111,180.0,90.529
MAG,2808.9516666666655,193.0,90.529
MAG,2824.8183333333322,204.0,90.529
MAG,2838.951666666666,212.0,90.529
MAG,2856.218333333333,222.0,90.529
MAG,2884.6961111111104,233.0,90.529
MAG,2897.9738888888883,239.0,90.529
MAG,2908.7294444444437,242.0,90.529
MAG,2942.8627777777774,256.0,90.529
MAG,2963.2352777777774,261.0,90.529
MAG,2977.957499999999,265.0,90.529
MAG,2989.8686111111106,268.0,90.529
MAG,3017.3686111111106,275.0,90.529
MAG,3042.1686111111107,279.0,90.529
MAG,3067.5019444444442,285.0,90.529
MAG,3093.190833333333,289.0,90.529
MAG,3119.146388888889,292.0,90.529
MAG,3138.9463888888886,297.0,90.529
MAG,3168.746388888889,298.0,90.529
MAG,3185.468611111111,301.0,90.529
MAG,3222.8686111111106,306.0,90.529
MAG,3243.25,307.0,90.529
MAG,3267.3611111111113,310.0,90.529
MAG,3291.3944444444446,309.0,90.529
MAG,3305.172222222222,310.0,90.529
MAG,3323.9055555555556,281.0,90.529
MAG,3344.972222222222,237.0,90.529
MAG,3356.861111111111,214.0,90.529
MAG,3371.872222222222,193.0,90.529
MAG,3381.9277777777775,181.0,90.529
MAG,3397.038888888889,170.0,90.529
MAG,3411.527777777778,163.0,90.529
MAG,3429.0833333333335,158.0,90.529
MAG,3441.650277777778,161.0,90.529
MAG,3448.894722222222,163.0,90.529
MAG,3458.3391666666666,170.0,90.529
MAG,3469.8725,173.0,90.529
MAG,3479.983611111111,182.0,90.529
MAG,3492.4502777777775,187.0,90.529
MAG,3503.2280555555553,194.0,90.529
MAG,3526.005833333333,205.0,90.529
MAG,3547.505833333333,215.0,90.529
MAG,3575.005833333333,225.0,90.529
MAG,3585.139166666667,228.0,90.529
MAG,3597.9725,231.0,90.529
MAG,3611.0280555555555,235.0,90.529
MAG,3624.361388888889,240.0,90.529
MAG,3640.4938888888887,243.0,90.529
MAG,3654.105,245.0,90.529
MAG,3667.8827777777774,248.0,90.529
MAG,3690.460555555556,254.0,90.529
MAG,3721.871666666667,257.0,90.529
MAG,3750.6494444444443,259.0,90.529
MAG,3773.849444444445,261.0,90.529
MAG,3785.493888888889,262.0,90.529
MAG,3800.049444444445,262.0,90.529
MAG,3826.449444444445,264.0,90.529
MAG,3841.2272222222227,266.0,90.529
MAG,3859.168333333334,268.0,90.529
MAG,3883.2572222222225,271.0,90.529
MAG,3901.3905555555566,272.0,90.529
MAG,3935.0016666666675,275.0,90.529
MAG,3947.2238888888896,275.0,90.529
MAG,3974.3238888888895,271.0,90.529
MAG,3990.723888888889,246.0,90.529
MAG,4006.9794444444447,209.0,90.529
MAG,4015.468333333334,191.0,90.529
MAG,4028.612777777778,169.0,90.529
MAG,4045.3905555555557,151.0,90.529
MAG,4060.9461111111113,140.0,90.529
MAG,4077.408611111111,135.0,90.529
MAG,4084.9641666666666,136.0,90.529
MAG,4100.741944444445,142.0,90.529
MAG,4119.3197222222225,152.0,90.529
MAG,4133.719722222222,162.0,90.529
MAG,4146.708611111111,167.0,90.529
MAG,4154.753055555556,181.0,90.529
MAG,4167.219722222223,187.0,90.529
MAG,4178.053055555557,195.0,90.529
MAG,4191.78638888889,206.0,90.529
MAG,4205.853055555556,211.0,90.529
MAG,4228.215000000001,223.0,90.529
MAG,4243.415000000001,228.0,90.529
MAG,4272.381666666667,237.0,90.529
MAG,4282.915000000001,237.0,90.529
MAG,4299.448333333334,248.0,90.529
MAG,4310.559444444445,250.0,90.529
MAG,4324.670555555556,254.0,90.529
MAG,4350.670555555556,260.0,90.529
MAG,4374.1372222222235,264.0,90.529
MAG,4398.048333333334,269.0,90.529
MAG,4413.048333333334,270.0,90.529
MAG,4431.381666666667,275.0,90.529
MAG,4443.6483333333335,276.0,90.529
MAG,4456.00388888889,278.0,90.529
MAG,4471.559444444446,280.0,90.529
MAG,4499.681111111112,282.0,90.529
MAG,4521.9255555555565,286.0,90.529
MAG,4541.125555555556,288.0,90.529
MAG,4553.925555555556,288.0,90.529
MAG,4566.77,289.0,90.529
MAG,4595.870000000001,291.0,90.529
MAG,4612.147777777779,293.0,90.529
MAG,4644.814444444445,294.0,90.529
MAG,4657.97,296.0,90.529
MAG,4684.370000000001,297.0,90.529
MAG,4704.319444444445,298.0,90.529
MAG,4724.186111111111,298.0,90.529
MAG,4747.363888888889,298.0,90.529
MAG,4783.663888888889,297.0,90.529
MAG,4798.219444444445,262.0,90.529
MAG,4811.886111111112,246.0,90.529
MAG,4829.7861111111115,179.0,90.529
MAG,4838.841666666667,163.0,90.529
MAG,4845.775000000001,156.0,90.529
MAG,4858.397222222223,142.0,90.529
MAG,4867.530555555557,137.0,90.529
MAG,4874.86388888889,132.0,90.529
MAG,4887.56388888889,127.0,90.529
MAG,4893.119444444445,125.0,90.529
MAG,4898.719444444445,126.0,90.529
MAG,4908.986111111111,132.0,90.529
MAG,4916.503888888889,136.0,90.529
MAG,4922.637222222223,138.0,90.529
MAG,4936.148333333334,152.0,90.529
MAG,4951.348333333334,171.0,90.529
MAG,4963.348333333335,180.0,90.529
MAG,4971.659444444446,187.0,90.529
MAG,4989.259444444446,198.0,90.529
MAG,5005.437222222224,208.0,90.529
MAG,5027.1372222222235,217.0,90.529
MAG,5037.003888888891,222.0,90.529
MAG,5068.268888888891,234.0,90.529
MAG,5095.046666666669,241.0,90.529
MAG,5117.180000000002,249.0,90.529
MAG,5139.668888888891,253.0,90.529
MAG,5156.668888888891,255.0,90.529
MAG,5176.968888888891,261.0,90.529
MAG,5197.580000000003,265.0,90.529
MAG,5212.413333333337,267.0,90.529
MAG,5230.413333333337,270.0,90.529
MAG,5245.468888888892,271.0,90.529
MAG,5272.968888888892,275.0,90.529
MAG,5291.568888888892,279.0,90.529
MAG,5310.435555555559,283.0,90.529
MAG,5332.6022222222255,285.0,90.529
MAG,5354.844722222227,287.0,90.529
BOT,11.593333333333332,296.0,90.756
BOT,24.793333333333333,297.0,90.756
BOT,48.053888888888885,298.0,90.756
BOT,68.18722222222222,302.0,90.756
BOT,95.03166666666665,302.0,90.756
BOT,115.43166666666664,306.0,90.756
BOT,135.83166666666665,306.0,90.756
BOT,173.5983333333333,309.0,90.756
BOT,204.69833333333332,311.0,90.756
BOT,239.5872222222222,314.0,90.756
BOT,253.45555555555552,314.0,90.756
BOT,281.5444444444444,316.0,90.756
BOT,295.5444444444444,315.0,90.756
BOT,323.6333333333333,316.0,90.756
BOT,337.7222222222222,317.0,90.756
BOT,373.05555555555554,318.0,90.756
BOT,394.2555555555556,318.0,90.756
BOT,418.9888888888889,318.0,90.756
BOT,443.72222222222223,318.0,90.756
BOT,457.90000000000003,319.0,90.756
BOT,479.1,318.0,90.756
BOT,493.3222222222222,320.0,90.756
BOT,507.5444444444444,320.0,90.756
BOT,525.2666666666667,319.0,90.756
BOT,550.0777777777778,319.0,90.756
BOT,581.7777777777777,317.0,90.756
BOT,607.4666666666666,289.0,90.756
BOT,633.9772222222222,238.0,90.756
BOT,643.8438888888888,222.0,90.756
BOT,656.755,166.0,90.756
BOT,667.4105555555556,137.0,90.756
BOT,676.1994444444445,113.0,90.756
BOT,684.7327777777778,96.0,90.756
BOT,691.3438888888888,85.0,90.756
BOT,695.7883333333333,80.0,90.756
BOT,701.055,79.0,90.756
BOT,707.3463888888889,71.0,90.756
BOT,711.0686111111111,67.0,90.756
BOT,715.4019444444444,65.0,90.756
BOT,719.0130555555555,65.0,90.756
BOT,722.6797222222223,66.0,90.756
BOT,727.3463888888889,70.0,90.756
BOT,733.7463888888889,72.0,90.756
BOT,737.4352777777777,83.0,90.756
BOT,742.0463888888888,83.0,90.756
BOT,756.9797222222222,112.0,90.756
BOT,762.1352777777777,116.0,90.756
BOT,770.8019444444443,130.0,90.756
BOT,784.6019444444444,138.0,90.756
BOT,794.6686111111111,151.0,90.756
BOT,801.3797222222221,151.0,90.756
BOT,812.3130555555555,164.0,90.756
BOT,819.7352777777777,167.0,90.756
BOT,836.0527777777777,183.0,90.756
BOT,854.9527777777778,189.0,90.756
BOT,870.5083333333333,200.0,90.756
BOT,883.8416666666667,200.0,90.756
BOT,908.2861111111112,220.0,90.756
BOT,925.8638888888889,226.0,90.756
BOT,943.7527777777779,230.0,90.756
BOT,964.8194444444446,237.0,90.756
BOT,975.4416666666668,239.0,90.756
BOT,994.6616666666669,248.0,90.756
BOT,1011.3950000000001,251.0,90.756
BOT,1031.6172222222224,260.0,90.756
BOT,1046.1727777777778,262.0,90.756
BOT,1069.9950000000001,268.0,90.756
BOT,1091.072777777778,271.0,90.756
BOT,1106.3505555555557,275.0,90.756
BOT,1124.9505555555556,279.0,90.756
BOT,1146.6505555555557,279.0,90.756
BOT,1185.0505555555558,288.0,90.756
BOT,1204.3172222222224,289.0,90.756
BOT,1223.850555555556,293.0,90.756
BOT,1253.350555555556,295.0,90.756
BOT,1269.850555555556,297.0,90.756
BOT,1300.034166666667,301.0,90.756
BOT,1313.4119444444448,301.0,90.756
BOT,1326.923055555556,304.0,90.756
BOT,1347.1897222222224,304.0,90.756
BOT,1367.5230555555559,305.0,90.756
BOT,1380.9897222222226,303.0,90.756
BOT,1405.3452777777782,274.0,90.756
BOT,1429.234166666667,215.0,90.756
BOT,1437.8119444444449,193.0,90.756
BOT,1452.5675000000003,166.0,90.756
BOT,1461.7897222222225,166.0,90.756
BOT,1468.1452777777781,143.0,90.756
BOT,1477.0413888888893,134.0,90.756
BOT,1484.3191666666671,131.0,90.756
BOT,1491.2636111111115,125.0,90.756
BOT,1500.6747222222225,121.0,90.756
BOT,1505.919166666667,118.0,90.756
BOT,1513.719166666667,117.0,90.756
BOT,1524.4747222222225,121.0,90.756
BOT,1535.5858333333335,125.0,90.756
BOT,1541.4080555555558,131.0,90.756
BOT,1552.2969444444448,140.0,90.756
BOT,1569.630277777778,156.0,90.756
BOT,1580.3636111111114,161.0,90.756
BOT,1603.5858333333335,190.0,90.756
BOT,1612.0302777777779,190.0,90.756
BOT,1634.865,205.0,90.756
BOT,1661.6316666666667,219.0,90.756
BOT,1673.965,222.0,90.756
BOT,1684.0538888888889,227.0,90.756
BOT,1696.776111111111,229.0,90.756
BOT,1712.4427777777778,235.0,90.756
BOT,1739.5538888888889,244.0,90.756
BOT,1750.4872222222223,246.0,90.756
BOT,1767.1538888888888,250.0,90.756
BOT,1784.0872222222222,254.0,90.756
BOT,1810.7538888888887,240.0,90.756
BOT,1829.7166666666667,214.0,90.756
BOT,1845.8944444444444,208.0,90.756
BOT,1861.5277777777778,201.0,90.756
BOT,1876.8500000000001,197.0,90.756
BOT,1894.5388888888888,199.0,90.756
BOT,1912.85,206.0,90.756
BOT,1927.1166666666668,214.0,90.756
BOT,1941.8500000000001,221.0,90.756
BOT,1954.1833333333334,222.0,90.756
BOT,1979.6277777777777,229.0,90.756
BOT,1989.9833333333336,233.0,90.756
BOT,2008.416666666667,237.0,90.756
BOT,2024.55,242.0,90.756
BOT,2040.9513888888894,245.0,90.756
BOT,2068.8402777777783,251.0,90.756
BOT,2088.6736111111118,255.0,90.756
BOT,2108.8958333333335,260.0,90.756
BOT,2123.3402777777783,260.0,90.756
BOT,2139.440277777778,207.0,90.756
BOT,2151.6402777777785,183.0,90.756
BOT,2161.2513888888893,173.0,90.756
BOT,2173.6069444444447,139.0,90.756
BOT,2185.7180555555556,109.0,90.756
BOT,2198.092222222222,93.0,90.756
BOT,2207.3144444444442,83.0,90.756
BOT,2211.87,82.0,90.756
BOT,2217.2033333333334,80.0,90.756
BOT,2223.1922222222224,77.0,90.756
BOT,2227.4700000000003,77.0,90.756
BOT,2231.8588888888894,79.0,90.756
BOT,2235.5033333333336,82.0,90.756
BOT,2243.2366666666667,87.0,90.756
BOT,2253.1366666666668,99.0,90.756
BOT,2265.8033333333333,114.0,90.756
BOT,2276.9144444444446,125.0,90.756
BOT,2287.9588888888893,142.0,90.756
BOT,2298.201388888889,153.0,90.756
BOT,2313.1347222222225,168.0,90.756
BOT,2322.9680555555556,177.0,90.756
BOT,2335.501388888889,188.0,90.756
BOT,2350.590277777778,194.0,90.756
BOT,2359.6124999999997,203.0,90.756
BOT,2378.368055555555,211.0,90.756
BOT,2400.1680555555554,218.0,90.756
BOT,2412.6125,224.0,90.756
BOT,2441.2125,234.0,90.756
BOT,2465.4125,242.0,90.756
BOT,2490.043888888889,247.0,90.756
BOT,2501.1105555555555,249.0,90.756
BOT,2526.410555555556,253.0,90.756
BOT,2540.6883333333335,257.0,90.756
BOT,2569.0216666666665,255.0,90.756
BOT,2585.221666666667,243.0,90.756
BOT,2597.4994444444446,221.0,90.756
BOT,2613.055,200.0,90.756
BOT,2626.9216666666666,156.0,90.756
BOT,2641.4772222222223,131.0,90.756
BOT,2649.3438888888886,118.0,90.756
BOT,2654.099444444444,107.0,90.756
BOT,2658.2327777777773,93.0,90.756
BOT,2664.1908333333326,89.0,90.756
BOT,2669.990833333333,87.0,90.756
BOT,2678.6574999999993,78.0,90.756
BOT,2682.035277777777,76.0,90.756
BOT,2685.3686111111106,75.0,90.756
BOT,2691.3574999999996,77.0,90.756
BOT,2699.5574999999994,82.0,90.756
BOT,2705.935277777777,82.0,90.756
BOT,2712.1352777777774,93.0,90.756
BOT,2721.113055555555,101.0,90.756
BOT,2725.9574999999995,109.0,90.756
BOT,2736.890833333333,123.0,90.756
BOT,2744.279722222222,133.0,90.756
BOT,2750.6838888888888,145.0,90.756
BOT,2761.083888888889,156.0,90.756
BOT,2770.306111111111,166.0,90.756
BOT,2786.395,181.0,90.756
BOT,2801.406111111111,193.0,90.756
BOT,2812.628333333333,202.0,90.756
BOT,2829.1949999999993,213.0,90.756
BOT,2841.361666666666,219.0,90.756
BOT,2859.1727777777774,229.0,90.756
BOT,2874.7061111111107,233.0,90.756
BOT,2890.839444444444,242.0,90.756
BOT,2904.5616666666665,247.0,90.756
BOT,2921.295,251.0,90.756
BOT,2932.672777777778,256.0,90.756
BOT,2961.968055555556,263.0,90.756
BOT,2979.8347222222224,268.0,90.756
BOT,2997.8347222222224,270.0,90.756
BOT,3013.056944444445,274.0,90.756
BOT,3044.279166666667,281.0,90.756
BOT,3056.8569444444447,283.0,90.756
BOT,3069.568055555556,286.0,90.756
BOT,3088.768055555556,288.0,90.756
BOT,3101.745833333334,292.0,90.756
BOT,3127.879166666667,294.0,90.756
BOT,3157.579166666667,297.0,90.756
BOT,3191.023611111111,301.0,90.756
BOT,3207.8569444444447,303.0,90.756
BOT,3224.7719444444447,306.0,90.756
BOT,3241.883055555556,308.0,90.756
BOT,3265.9163888888893,309.0,90.756
BOT,3279.6941666666667,310.0,90.756
BOT,3296.8608333333336,309.0,90.756
BOT,3318.2497222222228,275.0,90.756
BOT,3343.9163888888893,231.0,90.756
BOT,3359.6275000000005,202.0,90.756
BOT,3373.938611111111,184.0,90.756
BOT,3385.4719444444445,173.0,90.756
BOT,3393.0275,170.0,90.756
BOT,3403.7608333333333,161.0,90.756
BOT,3412.5266666666666,157.0,90.756
BOT,3422.7933333333335,154.0,90.756
BOT,3440.5711111111113,160.0,90.756
BOT,3453.4822222222224,166.0,90.756
BOT,3469.126666666667,176.0,90.756
BOT,3483.6711111111117,187.0,90.756
BOT,3498.8377777777782,195.0,90.756
BOT,3507.726666666667,200.0,90.756
BOT,3525.86,204.0,90.756
BOT,3549.86,216.0,90.756
BOT,3559.637777777778,220.0,90.756
BOT,3574.5044444444443,223.0,90.756
BOT,3602.86,232.0,90.756
BOT,3613.2391666666667,235.0,90.756
BOT,3629.1725,239.0,90.756
BOT,3639.9280555555556,242.0,90.756
BOT,3650.7725000000005,244.0,90.756
BOT,3672.994722222222,250.0,90.756
BOT,3689.8613888888895,253.0,90.756
BOT,3715.4613888888894,256.0,90.756
BOT,3735.528055555556,258.0,90.756
BOT,3747.039166666667,259.0,90.756
BOT,3761.428055555556,259.0,90.756
BOT,3793.450277777778,262.0,90.756
BOT,3810.983611111111,263.0,90.756
BOT,3837.757777777778,267.0,90.756
BOT,3855.5577777777776,267.0,90.756
BOT,3888.5577777777776,270.0,90.756
BOT,3912.735555555556,272.0,90.756
BOT,3924.8244444444445,272.0,90.756
BOT,3943.091111111111,274.0,90.756
BOT,3955.2688888888893,274.0,90.756
BOT,3976.6022222222223,240.0,90.756
BOT,3989.2133333333336,227.0,90.756
BOT,3998.3244444444445,205.0,90.756
BOT,4010.457777777778,182.0,90.756
BOT,4019.7911111111107,168.0,90.756
BOT,4026.9466666666667,161.0,90.756
BOT,4035.4466666666663,153.0,90.756
BOT,4048.1577777777775,143.0,90.756
BOT,4057.518611111111,141.0,90.756
BOT,4063.6963888888886,139.0,90.756
BOT,4081.5630555555554,134.0,90.756
BOT,4089.063055555555,135.0,90.756
BOT,4098.463055555555,141.0,90.756
BOT,4110.129722222222,150.0,90.756
BOT,4122.340833333333,157.0,90.756
BOT,4131.507499999999,165.0,90.756
BOT,4147.774166666666,183.0,90.756
BOT,4162.551944444444,190.0,90.756
BOT,4178.2411111111105,201.0,90.756
BOT,4189.7411111111105,207.0,90.756
BOT,4239.7411111111105,225.0,90.756
BOT,4252.796666666666,235.0,90.756
BOT,4266.018888888889,238.0,90.756
BOT,4285.074444444444,245.0,90.756
BOT,4307.296666666666,250.0,90.756
BOT,4329.963333333333,255.0,90.756
BOT,4353.34111111111,263.0,90.756
BOT,4376.896666666666,265.0,90.756
BOT,4397.896666666666,270.0,90.756
BOT,4422.252222222221,274.0,90.756
BOT,4456.030833333332,277.0,90.756
BOT,4480.919722222221,280.0,90.756
BOT,4502.930833333332,283.0,90.756
BOT,4515.597499999998,285.0,90.756
BOT,4544.397499999998,288.0,90.756
BOT,4563.730833333332,290.0,90.756
BOT,4576.619722222221,290.0,90.756
BOT,4599.330833333332,292.0,90.756
BOT,4612.264166666665,291.0,90.756
BOT,4625.241944444442,292.0,90.756
BOT,4644.775277777776,293.0,90.756
BOT,4661.164166666665,295.0,90.756
BOT,4674.357222222219,295.0,90.756
BOT,4694.090555555554,296.0,90.756
BOT,4717.190555555554,297.0,90.756
BOT,4753.490555555554,297.0,90.756
BOT,4769.712777777777,292.0,90.756
BOT,4795.934999999999,236.0,90.756
BOT,4805.2683333333325,210.0,90.756
BOT,4825.801666666665,168.0,90.756
BOT,4842.357222222221,149.0,90.756
BOT,4856.157222222221,138.0,90.756
BOT,4866.423888888888,132.0,90.756
BOT,4879.023888888888,126.0,90.756
BOT,4887.4238888888885,126.0,90.756
BOT,4894.554722222222,129.0,90.756
BOT,4901.943611111111,133.0,90.756
BOT,4908.210277777777,141.0,90.756
BOT,4920.110277777777,153.0,90.756
BOT,4933.1769444444435,168.0,90.756
BOT,4946.788055555555,175.0,90.756
BOT,4957.0102777777765,184.0,90.756
BOT,4965.499166666666,191.0,90.756
BOT,4983.454722222221,202.0,90.756
BOT,4992.565833333332,205.0,90.756
BOT,5014.365833333332,218.0,90.756
BOT,5026.760833333333,222.0,90.756
BOT,5044.7275,231.0,90.756
BOT,5063.238611111111,238.0,90.756
BOT,5076.627499999999,241.0,90.756
BOT,5090.294166666666,246.0,90.756
BOT,5104.183055555554,250.0,90.756
BOT,5121.04972222222,253.0,90.756
BOT,5135.271944444443,256.0,90.756
BOT,5149.6608333333315,259.0,90.756
BOT,5170.116388888887,263.0,90.756
BOT,5181.938611111109,266.0,90.756
BOT,5199.805277777777,268.0,90.756
BOT,5220.960833333331,272.0,90.756
BOT,5239.227499999998,274.0,90.756
BOT,5254.560833333332,276.0,90.756
BOT,5266.916388888887,278.0,90.756
BOT,5279.405277777776,281.0,90.756
BOT,5295.183055555554,284.0,90.756
BOT,5317.349722222221,285.0,90.756
BOT,5330.025555555554,287.0,90.756
BOT,5355.714444444444,289.0,90.756
ZHO,5.3533333333333335,292.0,90.757
ZHO,34.85333333333333,295.0,90.757
ZHO,51.297777777777775,296.0,90.757
ZHO,135.3802777777778,303.0,90.757
ZHO,165.7802777777778,304.0,90.757
ZHO,182.72472222222223,305.0,90.757
ZHO,199.7247222222222,306.0,90.757
ZHO,216.78027777777777,307.0,90.757
ZHO,240.73583333333335,308.0,90.757
ZHO,254.46916666666664,309.0,90.757
ZHO,282.02472222222224,310.0,90.757
ZHO,313.1247222222222,311.0,90.757
ZHO,330.3469444444444,310.0,90.757
ZHO,365.01361111111106,312.0,90.757
ZHO,385.8136111111111,312.0,90.757
ZHO,399.68027777777775,312.0,90.757
ZHO,420.5469444444444,313.0,90.757
ZHO,455.32472222222214,313.0,90.757
ZHO,476.2783333333333,313.0,90.757
ZHO,504.1005555555555,313.0,90.757
ZHO,528.4449999999999,313.0,90.757
ZHO,552.8672222222222,314.0,90.757
ZHO,573.6672222222222,312.0,90.757
ZHO,611.656111111111,263.0,90.757
ZHO,632.1005555555555,230.0,90.757
ZHO,644.7144444444444,190.0,90.757
ZHO,655.3811111111111,160.0,90.757
ZHO,665.6477777777777,132.0,90.757
ZHO,675.5144444444444,111.0,90.757
ZHO,686.7588888888888,92.0,90.757
ZHO,692.3588888888888,84.0,90.757
ZHO,698.5811111111111,80.0,90.757
ZHO,705.9811111111111,74.0,90.757
ZHO,710.781111111111,72.0,90.757
ZHO,713.9811111111111,72.0,90.757
ZHO,719.4255555555555,70.0,90.757
ZHO,724.2255555555555,72.0,90.757
ZHO,727.5588888888889,75.0,90.757
ZHO,733.8588888888888,81.0,90.757
ZHO,742.7588888888888,89.0,90.757
ZHO,748.0922222222222,96.0,90.757
ZHO,757.9005555555555,110.0,90.757
ZHO,769.2783333333332,128.0,90.757
ZHO,788.4783333333332,144.0,90.757
ZHO,795.056111111111,148.0,90.757
ZHO,803.9449999999999,160.0,90.757
ZHO,821.1449999999999,172.0,90.757
ZHO,828.9227777777777,175.0,90.757
ZHO,841.3227777777777,186.0,90.757
ZHO,856.2802777777777,193.0,90.757
ZHO,865.2580555555554,202.0,90.757
ZHO,883.924722222222,210.0,90.757
ZHO,898.3913888888887,217.0,90.757
ZHO,918.5691666666665,227.0,90.757
ZHO,936.5358333333331,231.0,90.757
ZHO,954.8136111111108,235.0,90.757
ZHO,984.7580555555554,245.0,90.757
ZHO,1015.0691666666663,248.0,90.757
ZHO,1032.335833333333,259.0,90.757
ZHO,1052.7913888888888,263.0,90.757
ZHO,1073.635833333333,268.0,90.757
ZHO,1094.8691666666664,273.0,90.757
ZHO,1122.6691666666663,278.0,90.757
ZHO,1135.1136111111107,280.0,90.757
ZHO,1157.203333333333,283.0,90.757
ZHO,1176.2699999999998,286.0,90.757
ZHO,1202.0477777777776,290.0,90.757
ZHO,1221.514444444444,292.0,90.757
ZHO,1241.1811111111108,295.0,90.757
ZHO,1277.4811111111105,297.0,90.757
ZHO,1307.4811111111105,300.0,90.757
ZHO,1341.1477777777773,303.0,90.757
ZHO,1354.6186111111106,305.0,90.757
ZHO,1381.551944444444,303.0,90.757
ZHO,1394.9297222222217,301.0,90.757
ZHO,1417.0630555555551,249.0,90.757
ZHO,1426.9297222222217,222.0,90.757
ZHO,1446.5963888888882,177.0,90.757
ZHO,1457.3963888888884,162.0,90.757
ZHO,1468.5963888888882,144.0,90.757
ZHO,1479.174166666666,136.0,90.757
ZHO,1484.9519444444438,130.0,90.757
ZHO,1493.5519444444437,129.0,90.757
ZHO,1498.9297222222215,121.0,90.757
ZHO,1504.174166666666,118.0,90.757
ZHO,1510.6186111111106,116.0,90.757
ZHO,1519.7186111111105,117.0,90.757
ZHO,1531.9186111111105,122.0,90.757
ZHO,1543.3852777777772,129.0,90.757
ZHO,1558.8683333333327,139.0,90.757
ZHO,1565.6238888888881,152.0,90.757
ZHO,1578.5349999999994,166.0,90.757
ZHO,1592.1461111111105,175.0,90.757
ZHO,1606.3794444444436,183.0,90.757
ZHO,1624.1572222222214,200.0,90.757
ZHO,1639.9461111111104,203.0,90.757
ZHO,1651.8349999999994,214.0,90.757
ZHO,1666.301666666666,217.0,90.757
ZHO,1686.5049999999994,228.0,90.757
ZHO,1699.4494444444438,233.0,90.757
ZHO,1715.3161111111106,238.0,90.757
ZHO,1728.760555555555,242.0,90.757
ZHO,1742.371666666666,245.0,90.757
ZHO,1759.0383333333325,250.0,90.757
ZHO,1781.5272222222213,253.0,90.757
ZHO,1792.682777777777,251.0,90.757
ZHO,1806.182777777777,243.0,90.757
ZHO,1835.2494444444435,218.0,90.757
ZHO,1844.8049999999992,215.0,90.757
ZHO,1859.0049999999992,213.0,90.757
ZHO,1879.404999999999,204.0,90.757
ZHO,1893.1383333333324,206.0,90.757
ZHO,1902.4716666666657,210.0,90.757
ZHO,1916.7383333333325,214.0,90.757
ZHO,1926.471666666666,219.0,90.757
ZHO,1946.4449999999993,224.0,90.757
ZHO,1969.2449999999992,228.0,90.757
ZHO,1987.3672222222215,233.0,90.757
ZHO,2002.9672222222212,234.0,90.757
ZHO,2029.8561111111098,242.0,90.757
ZHO,2049.1449999999986,248.0,90.757
ZHO,2068.589444444443,250.0,90.757
ZHO,2091.4338888888874,257.0,90.757
ZHO,2102.9005555555545,258.0,90.757
ZHO,2120.8030555555542,231.0,90.757
ZHO,2133.936388888888,197.0,90.757
ZHO,2147.625277777777,176.0,90.757
ZHO,2156.45861111111,159.0,90.757
ZHO,2168.191944444443,132.0,90.757
ZHO,2177.4474999999984,119.0,90.757
ZHO,2183.6697222222206,112.0,90.757
ZHO,2190.4697222222203,102.0,90.757
ZHO,2197.7808333333314,94.0,90.757
ZHO,2209.3808333333313,87.0,90.757
ZHO,2214.7808333333314,81.0,90.757
ZHO,2220.114166666665,80.0,90.757
ZHO,2227.8141666666647,77.0,90.757
ZHO,2232.203055555554,79.0,90.757
ZHO,2240.726666666665,85.0,90.757
ZHO,2244.726666666665,90.0,90.757
ZHO,2248.9488888888873,95.0,90.757
ZHO,2255.7488888888874,102.0,90.757
ZHO,2263.082222222221,110.0,90.757
ZHO,2268.1488888888875,114.0,90.757
ZHO,2279.793333333332,131.0,90.757
ZHO,2296.793333333332,153.0,90.757
ZHO,2303.8155555555545,158.0,90.757
ZHO,2319.459999999999,176.0,90.757
ZHO,2329.6822222222213,184.0,90.757
ZHO,2338.1711111111103,191.0,90.757
ZHO,2351.2497222222214,197.0,90.757
ZHO,2362.3608333333327,200.0,90.757
ZHO,2374.0274999999992,210.0,90.757
ZHO,2390.983055555555,218.0,90.757
ZHO,2400.8052777777775,221.0,90.757
ZHO,2415.9386111111107,227.0,90.757
ZHO,2436.738611111111,234.0,90.757
ZHO,2457.9830555555554,239.0,90.757
ZHO,2468.7386111111114,242.0,90.757
ZHO,2488.105277777778,249.0,90.757
ZHO,2516.105277777778,252.0,90.757
ZHO,2533.1719444444448,256.0,90.757
ZHO,2564.216388888889,254.0,90.757
ZHO,2575.0608333333334,244.0,90.757
ZHO,2600.1233333333334,225.0,90.757
ZHO,2620.778888888889,169.0,90.757
ZHO,2629.3900000000003,155.0,90.757
ZHO,2635.7011111111115,142.0,90.757
ZHO,2642.8122222222228,128.0,90.757
ZHO,2650.5455555555563,116.0,90.757
ZHO,2661.212222222223,96.0,90.757
ZHO,2665.256666666667,91.0,90.757
ZHO,2671.0566666666673,87.0,90.757
ZHO,2676.4566666666674,81.0,90.757
ZHO,2685.123333333334,78.0,90.757
ZHO,2692.0350000000008,78.0,90.757
ZHO,2698.3350000000005,81.0,90.757
ZHO,2705.3350000000005,90.0,90.757
ZHO,2712.801666666667,96.0,90.757
ZHO,2722.312777777778,107.0,90.757
ZHO,2733.512777777778,126.0,90.757
ZHO,2742.646111111111,137.0,90.757
ZHO,2752.5127777777775,148.0,90.757
ZHO,2761.623888888889,164.0,90.757
ZHO,2781.9572222222223,183.0,90.757
ZHO,2790.2683333333334,187.0,90.757
ZHO,2805.746111111111,199.0,90.757
ZHO,2819.546111111111,207.0,90.757
ZHO,2834.006111111111,216.0,90.757
ZHO,2859.4505555555556,229.0,90.757
ZHO,2877.961666666666,238.0,90.757
ZHO,2896.861666666666,243.0,90.757
ZHO,2910.639444444444,248.0,90.757
ZHO,2930.3949999999995,254.0,90.757
ZHO,2947.794999999999,261.0,90.757
ZHO,2962.517222222222,265.0,90.757
ZHO,2986.517222222222,270.0,90.757
ZHO,3017.2949999999996,277.0,90.757
ZHO,3055.082777777777,284.0,90.757
ZHO,3086.860555555555,286.0,90.757
ZHO,3102.9161111111107,289.0,90.757
ZHO,3122.449444444444,293.0,90.757
ZHO,3145.4716666666664,296.0,90.757
ZHO,3161.9161111111102,296.0,90.757
ZHO,3178.582777777777,300.0,90.757
ZHO,3191.9161111111102,300.0,90.757
ZHO,3219.0272222222216,305.0,90.757
ZHO,3249.7272222222214,307.0,90.757
ZHO,3283.949444444444,308.0,90.757
ZHO,3310.3494444444436,297.0,90.757
ZHO,3329.7161111111104,249.0,90.757
ZHO,3343.841388888888,211.0,90.757
ZHO,3360.9969444444437,193.0,90.757
ZHO,3371.0524999999993,181.0,90.757
ZHO,3382.319166666666,169.0,90.757
ZHO,3395.0747222222217,164.0,90.757
ZHO,3402.319166666666,163.0,90.757
ZHO,3416.5413888888884,160.0,90.757
ZHO,3432.8413888888886,163.0,90.757
ZHO,3442.0080555555555,165.0,90.757
ZHO,3463.763611111111,178.0,90.757
ZHO,3482.463611111111,187.0,90.757
ZHO,3502.2086111111107,198.0,90.757
ZHO,3511.2752777777773,204.0,90.757
ZHO,3532.475277777777,212.0,90.757
ZHO,3544.3641666666663,214.0,90.757
ZHO,3569.253055555555,224.0,90.757
ZHO,3584.5863888888885,230.0,90.757
ZHO,3597.586388888888,234.0,90.757
ZHO,3615.941944444444,236.0,90.757
ZHO,3637.453055555555,242.0,90.757
ZHO,3665.230833333333,250.0,90.757
ZHO,3682.0974999999994,253.0,90.757
ZHO,3693.3419444444435,253.0,90.757
ZHO,3704.6752777777774,255.0,90.757
ZHO,3721.8130555555554,256.0,90.757
ZHO,3739.013055555555,258.0,90.757
ZHO,3767.679722222222,258.0,90.757
ZHO,3779.279722222222,261.0,90.757
ZHO,3790.9686111111105,263.0,90.757
ZHO,3811.424166666666,263.0,90.757
ZHO,3837.924166666666,265.0,90.757
ZHO,3858.690833333333,267.0,90.757
ZHO,3876.424166666666,266.0,90.757
ZHO,3900.3352777777777,269.0,90.757
ZHO,3912.379722222222,271.0,90.757
ZHO,3936.646388888888,273.0,90.757
ZHO,3951.8686111111106,274.0,90.757
ZHO,3963.793611111111,270.0,90.757
ZHO,3980.2602777777774,247.0,90.757
ZHO,3992.4824999999996,220.0,90.757
ZHO,4008.838055555555,184.0,90.757
ZHO,4022.4491666666663,175.0,90.757
ZHO,4031.0602777777776,155.0,90.757
ZHO,4042.6491666666666,149.0,90.757
ZHO,4050.6491666666666,144.0,90.757
ZHO,4061.6936111111113,142.0,90.757
ZHO,4070.8269444444445,137.0,90.757
ZHO,4079.960277777778,137.0,90.757
ZHO,4087.571388888889,137.0,90.757
ZHO,4096.971388888889,141.0,90.757
ZHO,4103.238055555556,141.0,90.757
ZHO,4120.726111111111,157.0,90.757
ZHO,4131.992777777778,169.0,90.757
ZHO,4143.592777777778,174.0,90.757
ZHO,4153.6483333333335,181.0,90.757
ZHO,4175.092777777778,193.0,90.757
ZHO,4184.115000000001,203.0,90.757
ZHO,4193.270555555556,206.0,90.757
ZHO,4207.670555555555,216.0,90.757
ZHO,4217.359444444444,218.0,90.757
ZHO,4237.359444444445,225.0,90.757
ZHO,4261.259444444445,239.0,90.757
ZHO,4288.4816666666675,245.0,90.757
ZHO,4302.315,249.0,90.757
ZHO,4316.355555555555,254.0,90.757
ZHO,4330.633333333333,257.0,90.757
ZHO,4350.855555555556,260.0,90.757
ZHO,4362.455555555555,261.0,90.757
ZHO,4377.233333333334,266.0,90.757
ZHO,4398.0777777777785,268.0,90.757
ZHO,4428.522222222224,274.0,90.757
ZHO,4449.988888888891,276.0,90.757
ZHO,4471.766666666669,280.0,90.757
ZHO,4490.566666666668,282.0,90.757
ZHO,4503.100000000001,282.0,90.757
ZHO,4522.033333333336,284.0,90.757
ZHO,4538.057500000002,287.0,90.757
ZHO,4557.324166666668,289.0,90.757
ZHO,4589.546388888891,290.0,90.757
ZHO,4612.179722222224,291.0,90.757
ZHO,4638.224166666668,293.0,90.757
ZHO,4661.090833333335,294.0,90.757
ZHO,4684.035277777779,295.0,90.757
ZHO,4697.190833333334,296.0,90.757
ZHO,4723.501944444446,296.0,90.757
ZHO,4756.501944444447,297.0,90.757
ZHO,4769.613055555557,295.0,90.757
ZHO,4787.613055555557,270.0,90.757
ZHO,4811.568611111113,196.0,90.757
ZHO,4819.871944444446,188.0,90.757
ZHO,4831.805277777779,179.0,90.757
ZHO,4838.916388888891,160.0,90.757
ZHO,4845.716388888891,153.0,90.757
ZHO,4858.249722222224,141.0,90.757
ZHO,4867.383055555558,137.0,90.757
ZHO,4880.383055555558,130.0,90.757
ZHO,4890.649722222224,132.0,90.757
ZHO,4896.516388888891,132.0,90.757
ZHO,4904.127500000002,137.0,90.757
ZHO,4923.316388888891,157.0,90.757
ZHO,4934.116388888891,162.0,90.757
ZHO,4951.965833333336,178.0,90.757
ZHO,4963.89916666667,179.0,90.757
ZHO,4987.854722222225,196.0,90.757
ZHO,5006.254722222226,207.0,90.757
ZHO,5015.765833333337,214.0,90.757
ZHO,5030.365833333336,219.0,90.757
ZHO,5040.2769444444475,223.0,90.757
ZHO,5060.899166666669,232.0,90.757
ZHO,5074.065833333336,237.0,90.757
ZHO,5084.688055555558,239.0,90.757
ZHO,5100.821388888892,242.0,90.757
ZHO,5114.543611111114,247.0,90.757
ZHO,5125.654722222226,250.0,90.757
ZHO,5139.765833333337,254.0,90.757
ZHO,5162.699166666671,258.0,90.757
ZHO,5180.159444444449,263.0,90.757
ZHO,5191.848333333338,263.0,90.757
ZHO,5227.715000000004,269.0,90.757
ZHO,5242.826111111115,272.0,90.757
ZHO,5261.226111111116,276.0,90.757
ZHO,5282.848333333338,278.0,90.757
ZHO,5304.9372222222255,284.0,90.757
ZHO,5320.770555555559,285.0,90.757
ZHO,5346.37055555556,288.0,90.757
ZHO,5368.9261111111155,290.0,90.757
SAR,2.8194444444444446,290.0,90.77
SAR,18.930555555555557,290.0,90.77
SAR,31.997222222222227,294.0,90.77
SAR,51.66388888888889,295.0,90.77
SAR,74.84166666666667,298.0,90.77
SAR,101.50833333333334,300.0,90.77
SAR,114.93055555555556,302.0,90.77
SAR,135.0638888888889,302.0,90.77
SAR,162.175,305.0,90.77
SAR,179.09,306.0,90.77
SAR,199.62333333333336,308.0,90.77
SAR,213.35666666666668,309.0,90.77
SAR,234.02333333333337,310.0,90.77
SAR,254.7566666666667,311.0,90.77
SAR,275.6233333333334,313.0,90.77
SAR,314.08833333333337,314.0,90.77
SAR,338.58833333333337,315.0,90.77
SAR,356.08833333333337,315.0,90.77
SAR,384.1772222222222,316.0,90.77
SAR,419.3994444444445,317.0,90.77
SAR,437.01055555555564,317.0,90.77
SAR,451.14388888888897,318.0,90.77
SAR,468.8105555555556,318.0,90.77
SAR,482.9438888888889,318.0,90.77
SAR,500.6105555555556,318.0,90.77
SAR,525.343888888889,318.0,90.77
SAR,553.5216666666666,317.0,90.77
SAR,585.1216666666667,316.0,90.77
SAR,613.1216666666667,315.0,90.77
SAR,627.955,267.0,90.77
SAR,642.4216666666666,217.0,90.77
SAR,652.9772222222222,190.0,90.77
SAR,662.1994444444445,166.0,90.77
SAR,669.0883333333334,155.0,90.77
SAR,675.1327777777778,136.0,90.77
SAR,686.3327777777778,112.0,90.77
SAR,692.5550000000001,112.0,90.77
SAR,697.5852777777778,91.0,90.77
SAR,701.4519444444445,87.0,90.77
SAR,708.5630555555556,80.0,90.77
SAR,715.9630555555556,74.0,90.77
SAR,721.9372222222222,67.0,90.77
SAR,727.2261111111111,68.0,90.77
SAR,731.0594444444445,69.0,90.77
SAR,735.8594444444444,72.0,90.77
SAR,740.0261111111112,75.0,90.77
SAR,749.3594444444445,84.0,90.77
SAR,760.803888888889,103.0,90.77
SAR,768.6705555555557,118.0,90.77
SAR,780.3150000000002,131.0,90.77
SAR,786.3150000000002,135.0,90.77
SAR,797.5150000000001,144.0,90.77
SAR,815.0705555555556,158.0,90.77
SAR,830.0927777777779,169.0,90.77
SAR,840.0372222222223,179.0,90.77
SAR,854.815,190.0,90.77
SAR,865.3705555555556,190.0,90.77
SAR,878.9705555555556,204.0,90.77
SAR,888.1705555555557,207.0,90.77
SAR,904.9705555555556,216.0,90.77
SAR,924.7927777777778,223.0,90.77
SAR,934.8372222222223,226.0,90.77
SAR,944.951388888889,229.0,90.77
SAR,963.2291666666667,235.0,90.77
SAR,976.5069444444446,239.0,90.77
SAR,992.9069444444444,246.0,90.77
SAR,1009.6430555555555,250.0,90.77
SAR,1020.9319444444444,254.0,90.77
SAR,1043.9541666666667,259.0,90.77
SAR,1067.5097222222223,265.0,90.77
SAR,1097.6208333333336,271.0,90.77
SAR,1112.8986111111114,275.0,90.77
SAR,1128.2875000000004,277.0,90.77
SAR,1146.9541666666669,280.0,90.77
SAR,1169.0430555555558,284.0,90.77
SAR,1184.9319444444448,286.0,90.77
SAR,1204.1986111111116,289.0,90.77
SAR,1226.8319444444448,291.0,90.77
SAR,1246.3652777777784,293.0,90.77
SAR,1266.0986111111115,296.0,90.77
SAR,1289.3541666666672,299.0,90.77
SAR,1312.7652777777785,301.0,90.77
SAR,1326.1430555555562,301.0,90.77
SAR,1346.2097222222228,301.0,90.77
SAR,1379.7652777777782,302.0,90.77
SAR,1393.0986111111115,300.0,90.77
SAR,1414.5208333333337,241.0,90.77
SAR,1426.4097222222226,214.0,90.77
SAR,1439.343055555556,194.0,90.77
SAR,1447.0722222222225,175.0,90.77
SAR,1454.5388888888892,168.0,90.77
SAR,1461.4277777777781,155.0,90.77
SAR,1472.6277777777782,144.0,90.77
SAR,1478.9783333333337,142.0,90.77
SAR,1487.9783333333337,135.0,90.77
SAR,1496.511666666667,128.0,90.77
SAR,1502.111666666667,126.0,90.77
SAR,1511.6783333333335,123.0,90.77
SAR,1523.8783333333336,122.0,90.77
SAR,1530.822777777778,125.0,90.77
SAR,1537.9894444444446,129.0,90.77
SAR,1546.8561111111112,133.0,90.77
SAR,1562.8561111111112,144.0,90.77
SAR,1569.522777777778,150.0,90.77
SAR,1576.5005555555558,157.0,90.77
SAR,1589.0227777777782,161.0,90.77
SAR,1596.5783333333338,170.0,90.77
SAR,1613.200555555556,187.0,90.77
SAR,1621.7783333333339,193.0,90.77
SAR,1635.1116666666671,200.0,90.77
SAR,1656.411666666667,213.0,90.77
SAR,1668.5227777777784,218.0,90.77
SAR,1696.389444444445,228.0,90.77
SAR,1725.478333333334,238.0,90.77
SAR,1747.1672222222228,244.0,90.77
SAR,1758.1005555555562,246.0,90.77
SAR,1780.2533333333338,250.0,90.77
SAR,1794.2533333333338,252.0,90.77
SAR,1807.8088888888892,244.0,90.77
SAR,1828.228055555556,229.0,90.77
SAR,1842.8947222222225,220.0,90.77
SAR,1859.4613888888894,213.0,90.77
SAR,1881.7947222222228,201.0,90.77
SAR,1890.816944444445,203.0,90.77
SAR,1899.839166666667,203.0,90.77
SAR,1913.7725000000005,209.0,90.77
SAR,1930.416944444445,214.0,90.77
SAR,1945.1502777777785,221.0,90.77
SAR,1969.816944444445,222.0,90.77
SAR,1984.7502777777784,224.0,90.77
SAR,1999.9502777777784,228.0,90.77
SAR,2015.350277777778,231.0,90.77
SAR,2028.4058333333337,235.0,90.77
SAR,2041.628055555556,238.0,90.77
SAR,2054.9613888888894,240.0,90.77
SAR,2068.4613888888894,243.0,90.77
SAR,2082.0169444444446,244.0,90.77
SAR,2092.9947222222227,247.0,90.77
SAR,2115.305833333334,251.0,90.77
SAR,2130.705833333334,231.0,90.77
SAR,2142.8169444444447,218.0,90.77
SAR,2161.3725000000004,167.0,90.77
SAR,2175.0725,137.0,90.77
SAR,2184.2175,118.0,90.77
SAR,2190.4397222222224,112.0,90.77
SAR,2195.225,107.0,90.77
SAR,2202.9249999999997,99.0,90.77
SAR,2212.8138888888884,89.0,90.77
SAR,2216.636111111111,86.0,90.77
SAR,2226.2916666666665,79.0,90.77
SAR,2229.802777777778,79.0,90.77
SAR,2238.102777777778,83.0,90.77
SAR,2241.880555555556,85.0,90.77
SAR,2245.7472222222227,87.0,90.77
SAR,2255.547222222223,98.0,90.77
SAR,2263.869444444445,107.0,90.77
SAR,2275.869444444445,120.0,90.77
SAR,2283.0361111111115,129.0,90.77
SAR,2289.2583333333337,140.0,90.77
SAR,2305.3583333333336,161.0,90.77
SAR,2316.691666666667,170.0,90.77
SAR,2330.847222222222,182.0,90.77
SAR,2341.347222222222,189.0,90.77
SAR,2361.2472222222223,199.0,90.77
SAR,2375.113888888889,208.0,90.77
SAR,2389.3138888888893,213.0,90.77
SAR,2401.425,218.0,90.77
SAR,2418.925,225.0,90.77
SAR,2439.482777777778,232.0,90.77
SAR,2449.971666666667,236.0,90.77
SAR,2463.371666666667,240.0,90.77
SAR,2474.0827777777777,241.0,90.77
SAR,2487.693888888889,245.0,90.77
SAR,2509.827222222222,249.0,90.77
SAR,2526.693888888889,253.0,90.77
SAR,2537.938333333333,253.0,90.77
SAR,2552.105,255.0,90.77
SAR,2582.7827777777775,251.0,90.77
SAR,2595.893888888889,236.0,90.77
SAR,2617.227222222222,192.0,90.77
SAR,2629.8272222222217,162.0,90.77
SAR,2643.8272222222217,140.0,90.77
SAR,2653.160555555555,120.0,90.77
SAR,2659.271666666666,110.0,90.77
SAR,2665.738333333333,97.0,90.77
SAR,2670.849444444444,92.0,90.77
SAR,2674.8049999999994,89.0,90.77
SAR,2684.3383333333327,78.0,90.77
SAR,2689.3383333333327,75.0,90.77
SAR,2697.8938888888883,77.0,90.77
SAR,2704.4272222222216,84.0,90.77
SAR,2711.349444444444,89.0,90.77
SAR,2716.5716666666663,94.0,90.77
SAR,2720.8827777777774,97.0,90.77
SAR,2729.2527777777773,108.0,90.77
SAR,2735.8411111111104,118.0,90.77
SAR,2741.396666666666,125.0,90.77
SAR,2760.4633333333327,143.0,90.77
SAR,2775.0411111111107,164.0,90.77
SAR,2788.574444444444,174.0,90.77
SAR,2807.774444444444,192.0,90.77
SAR,2823.6411111111106,204.0,90.77
SAR,2832.885555555555,208.0,90.77
SAR,2842.4411111111103,215.0,90.77
SAR,2859.9411111111103,225.0,90.77
SAR,2872.774444444444,231.0,90.77
SAR,2894.0188888888883,239.0,90.77
SAR,2910.2855555555548,244.0,90.77
SAR,2929.729999999999,250.0,90.77
SAR,2943.896666666666,255.0,90.77
SAR,2964.1966666666663,261.0,90.77
SAR,2987.93,267.0,90.77
SAR,3009.1633333333325,273.0,90.77
SAR,3024.496666666666,276.0,90.77
SAR,3046.274444444444,280.0,90.77
SAR,3068.441111111111,285.0,90.77
SAR,3090.7633333333324,287.0,90.77
SAR,3116.718888888888,292.0,90.77
SAR,3133.1077777777773,295.0,90.77
SAR,3149.6077777777778,297.0,90.77
SAR,3186.3966666666665,301.0,90.77
SAR,3220.285555555555,305.0,90.77
SAR,3237.2855555555557,306.0,90.77
SAR,3264.5744444444445,307.0,90.77
SAR,3285.1077777777773,308.0,90.77
SAR,3305.7077777777777,309.0,90.77
SAR,3332.4855555555555,241.0,90.77
SAR,3342.13,217.0,90.77
SAR,3359.018888888889,190.0,90.77
SAR,3377.7966666666666,169.0,90.77
SAR,3388.596666666667,162.0,90.77
SAR,3403.996666666667,154.0,90.77
SAR,3419.096666666667,151.0,90.77
SAR,3427.541111111111,152.0,90.77
SAR,3436.096666666667,154.0,90.77
SAR,3448.541111111111,160.0,90.77
SAR,3455.918888888889,166.0,90.77
SAR,3463.4300000000003,169.0,90.77
SAR,3479.607777777778,182.0,90.77
SAR,3494.3077777777785,189.0,90.77
SAR,3512.0855555555563,200.0,90.77
SAR,3535.4188888888893,210.0,90.77
SAR,3547.418888888889,216.0,90.77
SAR,3557.107777777778,218.0,90.77
SAR,3569.4411111111117,222.0,90.77
SAR,3579.485555555556,226.0,90.77
SAR,3592.263333333334,230.0,90.77
SAR,3607.8633333333332,234.0,90.77
SAR,3623.7966666666666,239.0,90.77
SAR,3634.4633333333336,240.0,90.77
SAR,3656.33,246.0,90.77
SAR,3672.9300000000007,249.0,90.77
SAR,3686.93,252.0,90.77
SAR,3709.3300000000004,252.0,90.77
SAR,3720.6633333333334,255.0,90.77
SAR,3743.5077777777783,257.0,90.77
SAR,3757.8966666666665,259.0,90.77
SAR,3789.6744444444453,260.0,90.77
SAR,3812.8744444444446,261.0,90.77
SAR,3830.4077777777775,263.0,90.77
SAR,3859.8522222222223,265.0,90.77
SAR,3874.6855555555558,267.0,90.77
SAR,3886.552222222222,267.0,90.77
SAR,3910.4633333333336,269.0,90.77
SAR,3943.4633333333336,270.0,90.77
SAR,3958.352222222222,268.0,90.77
SAR,3971.741111111111,241.0,90.77
SAR,3983.907777777778,219.0,90.77
SAR,3994.9633333333336,199.0,90.77
SAR,4008.7300000000005,177.0,90.77
SAR,4021.485555555556,164.0,90.77
SAR,4028.7744444444447,164.0,90.77
SAR,4040.8300000000004,155.0,90.77
SAR,4055.3300000000004,145.0,90.77
SAR,4066.374444444445,142.0,90.77
SAR,4077.185555555556,139.0,90.77
SAR,4084.9077777777784,139.0,90.77
SAR,4091.1300000000006,140.0,90.77
SAR,4111.530000000001,153.0,90.77
SAR,4130.085555555555,167.0,90.77
SAR,4137.73,172.0,90.77
SAR,4149.996666666667,184.0,90.77
SAR,4158.307777777778,187.0,90.77
SAR,4173.474444444445,195.0,90.77
SAR,4182.63,206.0,90.77
SAR,4206.852222222223,218.0,90.77
SAR,4219.296666666667,224.0,90.77
SAR,4242.496666666667,232.0,90.77
SAR,4258.296666666666,237.0,90.77
SAR,4271.796666666666,243.0,90.77
SAR,4293.929999999999,249.0,90.77
SAR,4322.374444444445,256.0,90.77
SAR,4333.841111111111,258.0,90.77
SAR,4348.341111111111,261.0,90.77
SAR,4360.0744444444435,264.0,90.77
SAR,4372.015277777777,267.0,90.77
SAR,4399.039999999998,271.0,90.77
SAR,4429.706666666665,276.0,90.77
SAR,4448.306666666665,279.0,90.77
SAR,4470.16222222222,281.0,90.77
SAR,4489.028888888888,283.0,90.77
SAR,4504.806666666665,284.0,90.77
SAR,4527.128888888887,287.0,90.77
SAR,4552.817777777776,289.0,90.77
SAR,4578.684444444442,291.0,90.77
SAR,4614.495555555553,293.0,90.77
SAR,4643.995555555553,295.0,90.77
SAR,4663.728888888888,296.0,90.77
SAR,4703.4622222222215,298.0,90.77
SAR,4726.6399999999985,298.0,90.77
SAR,4739.884444444444,298.0,90.77
SAR,4765.928888888888,293.0,90.77
SAR,4791.484444444443,230.0,90.77
SAR,4805.95111111111,217.0,90.77
SAR,4818.35111111111,186.0,90.77
SAR,4833.75111111111,154.0,90.77
SAR,4841.751111111109,144.0,90.77
SAR,4849.623611111109,141.0,90.77
SAR,4856.956944444442,132.0,90.77
SAR,4863.97722222222,127.0,90.77
SAR,4869.532777777776,125.0,90.77
SAR,4876.532777777776,126.0,90.77
SAR,4883.643888888887,128.0,90.77
SAR,4892.443888888887,132.0,90.77
SAR,4899.999444444443,136.0,90.77
SAR,4909.666111111109,145.0,90.77
SAR,4919.932777777775,154.0,90.77
SAR,4938.710555555554,169.0,90.77
SAR,4952.86611111111,182.0,90.77
SAR,4972.066111111109,192.0,90.77
SAR,4987.854999999999,203.0,90.77
SAR,4999.46611111111,209.0,90.77
SAR,5021.46611111111,220.0,90.77
SAR,5039.121666666666,227.0,90.77
SAR,5065.343888888888,236.0,90.77
SAR,5089.5438888888875,242.0,90.77
SAR,5100.432777777777,245.0,90.77
SAR,5111.321666666666,245.0,90.77
SAR,5125.26611111111,251.0,90.77
SAR,5139.377222222221,254.0,90.77
SAR,5162.488333333332,260.0,90.77
SAR,5174.088333333331,261.0,90.77
SAR,5197.643888888887,265.0,90.77
SAR,5209.510555555554,267.0,90.77
SAR,5233.496388888887,269.0,90.77
SAR,5260.919999999997,275.0,90.77
SAR,5292.14222222222,281.0,90.77
SAR,5323.919999999998,286.0,90.77
SAR,5356.253333333331,291.0,90.77
OCO,5.837777777777776,296.0,90.793
OCO,25.78722222222222,298.0,90.793
OCO,52.63166666666666,302.0,90.793
OCO,79.65388888888887,304.0,90.793
OCO,93.16499999999999,304.0,90.793
OCO,124.06499999999998,309.0,90.793
OCO,137.84277777777777,310.0,90.793
OCO,158.57611111111112,311.0,90.793
OCO,175.90944444444446,312.0,90.793
OCO,196.84277777777777,314.0,90.793
OCO,221.3427777777778,315.0,90.793
OCO,253.0427777777778,317.0,90.793
OCO,274.17611111111114,317.0,90.793
OCO,295.37611111111113,318.0,90.793
OCO,323.6427777777778,318.0,90.793
OCO,348.29833333333335,317.0,90.793
OCO,369.49833333333333,318.0,90.793
OCO,397.6761111111111,317.0,90.793
OCO,415.1438888888889,316.0,90.793
OCO,429.1883333333333,316.0,90.793
OCO,453.84388888888884,317.0,90.793
OCO,467.93277777777774,317.0,90.793
OCO,492.5883333333333,317.0,90.793
OCO,517.166111111111,316.0,90.793
OCO,534.7772222222221,317.0,90.793
OCO,552.3327777777777,316.0,90.793
OCO,583.9202777777776,315.0,90.793
OCO,597.2091666666665,299.0,90.793
OCO,620.7647222222221,265.0,90.793
OCO,640.164722222222,194.0,90.793
OCO,656.7202777777776,149.0,90.793
OCO,663.9980555555553,131.0,90.793
OCO,669.8202777777775,131.0,90.793
OCO,678.1424999999998,107.0,90.793
OCO,687.4424999999998,93.0,90.793
OCO,692.1091666666664,84.0,90.793
OCO,695.7980555555553,83.0,90.793
OCO,700.1869444444442,79.0,90.793
OCO,705.864722222222,73.0,90.793
OCO,710.464722222222,69.0,90.793
OCO,714.1313888888886,66.0,90.793
OCO,720.3536111111108,70.0,90.793
OCO,724.4647222222219,74.0,90.793
OCO,732.4647222222219,80.0,90.793
OCO,742.6613888888885,92.0,90.793
OCO,746.9280555555551,96.0,90.793
OCO,752.2613888888885,96.0,90.793
OCO,760.1947222222219,119.0,90.793
OCO,766.9724999999996,122.0,90.793
OCO,772.9280555555551,134.0,90.793
OCO,782.2613888888885,140.0,90.793
OCO,790.4836111111107,148.0,90.793
OCO,799.0391666666663,154.0,90.793
OCO,810.0180555555552,164.0,90.793
OCO,823.5513888888885,174.0,90.793
OCO,839.9958333333329,185.0,90.793
OCO,857.5069444444441,197.0,90.793
OCO,870.9069444444441,201.0,90.793
OCO,887.2402777777774,210.0,90.793
OCO,906.706944444444,219.0,90.793
OCO,919.0402777777773,222.0,90.793
OCO,934.2402777777774,228.0,90.793
OCO,944.4624999999996,230.0,90.793
OCO,968.2624999999996,238.0,90.793
OCO,992.9624999999995,247.0,90.793
OCO,1009.6291666666664,250.0,90.793
OCO,1023.7402777777775,254.0,90.793
OCO,1038.1291666666664,259.0,90.793
OCO,1070.6402777777776,266.0,90.793
OCO,1094.8180555555552,272.0,90.793
OCO,1131.8074999999997,278.0,90.793
OCO,1166.3963888888886,283.0,90.793
OCO,1188.7186111111107,287.0,90.793
OCO,1211.1186111111108,288.0,90.793
OCO,1243.5630555555551,292.0,90.793
OCO,1266.5894444444443,295.0,90.793
OCO,1279.7894444444444,297.0,90.793
OCO,1313.1227777777776,300.0,90.793
OCO,1329.7894444444441,300.0,90.793
OCO,1349.856111111111,301.0,90.793
OCO,1376.6116666666665,301.0,90.793
OCO,1397.9227777777774,274.0,90.793
OCO,1418.367222222222,230.0,90.793
OCO,1431.3005555555553,194.0,90.793
OCO,1439.478333333333,184.0,90.793
OCO,1450.3449999999996,163.0,90.793
OCO,1463.3227777777774,146.0,90.793
OCO,1473.8227777777774,135.0,90.793
OCO,1485.2005555555552,128.0,90.793
OCO,1490.7561111111108,125.0,90.793
OCO,1501.156111111111,117.0,90.793
OCO,1510.178333333333,116.0,90.793
OCO,1525.089444444444,122.0,90.793
OCO,1532.054444444444,126.0,90.793
OCO,1537.7877777777774,129.0,90.793
OCO,1548.2099999999996,134.0,90.793
OCO,1567.1544444444442,155.0,90.793
OCO,1574.2655555555552,160.0,90.793
OCO,1587.643333333333,172.0,90.793
OCO,1602.239722222222,187.0,90.793
OCO,1610.5952777777777,188.0,90.793
OCO,1626.0730555555554,199.0,90.793
OCO,1642.2508333333333,208.0,90.793
OCO,1651.7619444444445,214.0,90.793
OCO,1661.3619444444444,216.0,90.793
OCO,1676.2952777777775,224.0,90.793
OCO,1694.2619444444442,231.0,90.793
OCO,1715.239722222222,236.0,90.793
OCO,1734.1397222222222,243.0,90.793
OCO,1744.9397222222221,243.0,90.793
OCO,1761.6063888888887,250.0,90.793
OCO,1789.8286111111108,254.0,90.793
OCO,1803.4397222222221,245.0,90.793
OCO,1814.106388888889,240.0,90.793
OCO,1824.5508333333332,235.0,90.793
OCO,1839.750833333333,228.0,90.793
OCO,1854.350833333333,219.0,90.793
OCO,1870.7619444444442,211.0,90.793
OCO,1892.161944444444,214.0,90.793
OCO,1922.0286111111109,224.0,90.793
OCO,1945.1641666666665,232.0,90.793
OCO,1955.5197222222218,233.0,90.793
OCO,1965.9641666666666,235.0,90.793
OCO,1989.5641666666666,236.0,90.793
OCO,2002.7863888888885,238.0,90.793
OCO,2021.5977777777778,241.0,90.793
OCO,2043.4644444444446,246.0,90.793
OCO,2060.131111111111,250.0,90.793
OCO,2082.708888888889,254.0,90.793
OCO,2102.697777777778,257.0,90.793
OCO,2115.9755555555557,239.0,90.793
OCO,2136.375555555556,204.0,90.793
OCO,2147.908888888889,173.0,90.793
OCO,2160.0422222222223,156.0,90.793
OCO,2171.7755555555555,132.0,90.793
OCO,2178.4422222222224,120.0,90.793
OCO,2184.7200000000003,113.0,90.793
OCO,2195.8311111111116,100.0,90.793
OCO,2205.7200000000003,89.0,90.793
OCO,2210.497777777778,86.0,90.793
OCO,2214.2311111111117,84.0,90.793
OCO,2217.7422222222226,79.0,90.793
OCO,2225.342222222223,76.0,90.793
OCO,2231.6422222222227,81.0,90.793
OCO,2238.3311111111116,86.0,90.793
OCO,2243.3613888888895,91.0,90.793
OCO,2251.0613888888893,99.0,90.793
OCO,2255.5947222222226,102.0,90.793
OCO,2261.7058333333334,110.0,90.793
OCO,2266.7725,114.0,90.793
OCO,2273.7725,126.0,90.793
OCO,2279.8547222222223,136.0,90.793
OCO,2287.688055555556,141.0,90.793
OCO,2298.6547222222225,141.0,90.793
OCO,2307.8769444444447,166.0,90.793
OCO,2315.6547222222225,175.0,90.793
OCO,2330.199166666667,187.0,90.793
OCO,2352.4213888888894,200.0,90.793
OCO,2368.5991666666673,208.0,90.793
OCO,2395.2436111111115,218.0,90.793
OCO,2412.7436111111115,225.0,90.793
OCO,2433.276944444445,231.0,90.793
OCO,2448.9436111111117,235.0,90.793
OCO,2475.8325000000004,242.0,90.793
OCO,2497.9658333333336,249.0,90.793
OCO,2514.7658333333334,252.0,90.793
OCO,2531.6991666666668,254.0,90.793
OCO,2557.3991666666666,257.0,90.793
OCO,2571.3436111111114,251.0,90.793
OCO,2581.5658333333336,230.0,90.793
OCO,2593.2880555555557,211.0,90.793
OCO,2606.233888888889,195.0,90.793
OCO,2614.1005555555557,177.0,90.793
OCO,2624.9005555555555,162.0,90.793
OCO,2635.7116666666666,139.0,90.793
OCO,2642.656111111111,125.0,90.793
OCO,2650.2877777777776,114.0,90.793
OCO,2654.91,104.0,90.793
OCO,2659.354444444444,100.0,90.793
OCO,2664.5211111111107,93.0,90.793
OCO,2672.076666666666,85.0,90.793
OCO,2675.765555555555,83.0,90.793
OCO,2681.0322222222217,79.0,90.793
OCO,2689.5877777777773,77.0,90.793
OCO,2695.732222222222,79.0,90.793
OCO,2704.4322222222218,87.0,90.793
OCO,2714.332222222222,99.0,90.793
OCO,2722.654444444444,107.0,90.793
OCO,2729.0988888888883,116.0,90.793
OCO,2737.765555555555,130.0,90.793
OCO,2743.8099999999995,136.0,90.793
OCO,2753.9433333333327,152.0,90.793
OCO,2770.6433333333325,167.0,90.793
OCO,2782.709999999999,181.0,90.793
OCO,2790.9322222222218,185.0,90.793
OCO,2808.798888888888,201.0,90.793
OCO,2822.665555555555,208.0,90.793
OCO,2839.6211111111106,218.0,90.793
OCO,2849.4877777777774,222.0,90.793
OCO,2864.7572222222216,230.0,90.793
OCO,2875.112777777777,233.0,90.793
OCO,2899.212777777777,241.0,90.793
OCO,2910.234999999999,248.0,90.793
OCO,2944.5730555555547,257.0,90.793
OCO,2964.9508333333324,262.0,90.793
OCO,2988.8619444444435,269.0,90.793
OCO,3003.9730555555543,272.0,90.793
OCO,3016.1508333333322,274.0,90.793
OCO,3031.595277777776,278.0,90.793
OCO,3063.0397222222205,283.0,90.793
OCO,3078.9286111111096,286.0,90.793
OCO,3091.7730555555536,289.0,90.793
OCO,3111.106388888887,290.0,90.793
OCO,3130.6397222222204,293.0,90.793
OCO,3160.33972222222,297.0,90.793
OCO,3180.2730555555536,299.0,90.793
OCO,3200.3397222222197,301.0,90.793
OCO,3217.173055555553,303.0,90.793
OCO,3234.117499999998,305.0,90.793
OCO,3251.1174999999976,306.0,90.793
OCO,3264.717499999998,306.0,90.793
OCO,3281.828611111109,308.0,90.793
OCO,3295.517499999998,308.0,90.793
OCO,3323.7397222222203,254.0,90.793
OCO,3336.4063888888872,228.0,90.793
OCO,3354.095277777776,199.0,90.793
OCO,3362.442777777776,189.0,90.793
OCO,3370.664999999998,185.0,90.793
OCO,3386.131666666665,174.0,90.793
OCO,3395.798333333332,174.0,90.793
OCO,3406.9111111111097,166.0,90.793
OCO,3420.8666666666654,157.0,90.793
OCO,3435.1777777777766,161.0,90.793
OCO,3451.8777777777764,167.0,90.793
OCO,3463.4111111111097,173.0,90.793
OCO,3473.355555555554,179.0,90.793
OCO,3483.6888888888875,186.0,90.793
OCO,3501.2888888888874,198.0,90.793
OCO,3514.8888888888873,204.0,90.793
OCO,3528.8222222222207,209.0,90.793
OCO,3543.222222222221,216.0,90.793
OCO,3570.5999999999985,224.0,90.793
OCO,3583.21111111111,227.0,90.793
OCO,3601.2555555555546,232.0,90.793
OCO,3619.6888888888875,237.0,90.793
OCO,3630.3111111111098,239.0,90.793
OCO,3649.2888888888874,244.0,90.793
OCO,3663.011111111109,247.0,90.793
OCO,3716.6333333333314,254.0,90.793
OCO,3747.9730555555543,257.0,90.793
OCO,3773.7730555555545,258.0,90.793
OCO,3796.7952777777764,259.0,90.793
OCO,3808.423055555554,260.0,90.793
OCO,3837.5341666666654,262.0,90.793
OCO,3849.223055555554,263.0,90.793
OCO,3866.8897222222204,265.0,90.793
OCO,3887.6563888888872,267.0,90.793
OCO,3911.4786111111102,268.0,90.793
OCO,3935.6563888888877,272.0,90.793
OCO,3955.87861111111,260.0,90.793
OCO,3966.9897222222207,250.0,90.793
OCO,3983.8674999999985,217.0,90.793
OCO,3992.8008333333323,201.0,90.793
OCO,4005.1341666666654,185.0,90.793
OCO,4016.7341666666653,174.0,90.793
OCO,4024.0230555555545,164.0,90.793
OCO,4032.634166666665,155.0,90.793
OCO,4040.9119444444427,149.0,90.793
OCO,4052.034166666665,143.0,90.793
OCO,4059.700833333332,138.0,90.793
OCO,4067.2563888888876,136.0,90.793
OCO,4074.8119444444433,136.0,90.793
OCO,4082.5897222222206,140.0,90.793
OCO,4093.945277777776,146.0,90.793
OCO,4104.011944444443,151.0,90.793
OCO,4120.011944444443,160.0,90.793
OCO,4139.851111111109,179.0,90.793
OCO,4158.95111111111,191.0,90.793
OCO,4172.406944444443,201.0,90.793
OCO,4190.895833333331,208.0,90.793
OCO,4207.929166666665,219.0,90.793
OCO,4220.429166666665,225.0,90.793
OCO,4230.5180555555535,227.0,90.793
OCO,4251.318055555554,234.0,90.793
OCO,4261.895833333331,238.0,90.793
OCO,4272.651388888887,242.0,90.793
OCO,4286.262499999998,245.0,90.793
OCO,4297.28472222222,248.0,90.793
OCO,4311.118055555554,249.0,90.793
OCO,4336.818055555554,257.0,90.793
OCO,4356.962499999998,259.0,90.793
OCO,4383.362499999997,264.0,90.793
OCO,4410.162499999998,268.0,90.793
OCO,4422.162499999998,270.0,90.793
OCO,4440.1624999999985,270.0,90.793
OCO,4489.762499999997,279.0,90.793
OCO,4508.495833333332,281.0,90.793
OCO,4530.5069444444425,283.0,90.793
OCO,4546.284722222221,284.0,90.793
OCO,4565.351388888887,286.0,90.793
OCO,4594.151388888888,288.0,90.793
OCO,4606.915555555554,289.0,90.793
OCO,4629.471111111109,290.0,90.793
OCO,4648.884999999998,290.0,90.793
OCO,4668.284999999999,291.0,90.793
OCO,4684.507222222222,292.0,90.793
OCO,4707.218333333332,292.0,90.793
OCO,4723.496111111109,293.0,90.793
OCO,4746.284999999998,293.0,90.793
OCO,4781.484999999998,288.0,90.793
OCO,4799.218333333331,228.0,90.793
OCO,4814.229444444442,193.0,90.793
OCO,4827.529444444443,171.0,90.793
OCO,4836.251666666665,157.0,90.793
OCO,4846.184999999999,149.0,90.793
OCO,4852.540555555554,143.0,90.793
OCO,4858.718333333332,139.0,90.793
OCO,4866.162777777777,134.0,90.793
OCO,4872.118333333332,134.0,90.793
OCO,4879.507222222221,133.0,90.793
OCO,4891.418333333331,134.0,90.793
OCO,4905.818333333331,144.0,90.793
OCO,4917.407222222219,149.0,90.793
OCO,4924.029444444442,149.0,90.793
OCO,4935.096111111109,166.0,90.793
OCO,4953.296111111109,182.0,90.793
OCO,4965.896111111108,189.0,90.793
OCO,4986.039999999998,202.0,90.793
OCO,4997.428888888887,205.0,90.793
OCO,5011.888888888887,216.0,90.793
OCO,5021.577777777777,218.0,90.793
OCO,5036.577777777777,225.0,90.793
OCO,5049.355555555555,230.0,90.793
OCO,5059.666666666666,232.0,90.793
OCO,5078.177777777777,238.0,90.793
OCO,5088.9333333333325,242.0,90.793
OCO,5102.544444444444,245.0,90.793
OCO,5119.144444444443,249.0,90.793
OCO,5136.011111111111,253.0,90.793
OCO,5147.299999999999,254.0,90.793
OCO,5164.4333333333325,257.0,90.793
OCO,5178.877777777777,260.0,90.793
OCO,5193.4333333333325,262.0,90.793
OCO,5213.888888888888,263.0,90.793
OCO,5234.655555555554,267.0,90.793
OCO,5246.566666666665,268.0,90.793
OCO,5264.633333333331,271.0,90.793
OCO,5286.0999999999985,276.0,90.793
OCO,5301.5999999999985,279.0,90.793
OCO,5317.2666666666655,282.0,90.793
OCO,5345.666666666665,284.0,90.793
OCO,5367.91111111111,286.0,90.793
GAS,14.812777777777777,293.0,90.948
GAS,31.201666666666668,295.0,90.948
GAS,44.40166666666667,297.0,90.948
GAS,61.01277777777778,299.0,90.948
GAS,84.4238888888889,301.0,90.948
GAS,104.6238888888889,303.0,90.948
GAS,121.51277777777779,304.0,90.948
GAS,148.7127777777778,306.0,90.948
GAS,165.82388888888892,308.0,90.948
GAS,196.82388888888892,310.0,90.948
GAS,231.40388888888893,312.0,90.948
GAS,245.27055555555557,312.0,90.948
GAS,262.6594444444445,313.0,90.948
GAS,283.5927777777778,314.0,90.948
GAS,301.0927777777778,315.0,90.948
GAS,315.0927777777778,315.0,90.948
GAS,336.0927777777778,315.0,90.948
GAS,353.6483333333334,316.0,90.948
GAS,371.20388888888897,316.0,90.948
GAS,392.3583333333334,316.0,90.948
GAS,416.9361111111112,316.0,90.948
GAS,445.113888888889,317.0,90.948
GAS,473.20277777777784,316.0,90.948
GAS,494.3361111111112,317.0,90.948
GAS,518.9916666666668,317.0,90.948
GAS,547.1694444444445,317.0,90.948
GAS,564.725,316.0,90.948
GAS,585.7916666666667,316.0,90.948
GAS,598.9916666666668,297.0,90.948
GAS,623.8916666666668,249.0,90.948
GAS,643.1916666666668,193.0,90.948
GAS,654.5250000000002,170.0,90.948
GAS,662.802777777778,149.0,90.948
GAS,670.1361111111113,132.0,90.948
GAS,682.2361111111113,99.0,90.948
GAS,689.8805555555557,86.0,90.948
GAS,699.7266666666668,74.0,90.948
GAS,707.9155555555557,67.0,90.948
GAS,712.8933333333334,64.0,90.948
GAS,718.0266666666668,66.0,90.948
GAS,726.1377777777778,73.0,90.948
GAS,732.1480555555556,77.0,90.948
GAS,735.7925000000001,82.0,90.948
GAS,746.570277777778,97.0,90.948
GAS,752.4036111111112,105.0,90.948
GAS,759.7369444444446,110.0,90.948
GAS,771.2036111111113,129.0,90.948
GAS,782.3258333333334,143.0,90.948
GAS,796.1925000000001,156.0,90.948
GAS,807.0591666666668,163.0,90.948
GAS,814.481388888889,167.0,90.948
GAS,826.0147222222223,173.0,90.948
GAS,842.4591666666668,185.0,90.948
GAS,857.781388888889,197.0,90.948
GAS,875.8258333333334,203.0,90.948
GAS,885.1147222222223,209.0,90.948
GAS,904.4036111111112,217.0,90.948
GAS,921.7480555555557,223.0,90.948
GAS,949.981388888889,231.0,90.948
GAS,962.9716666666668,235.0,90.948
GAS,973.5938888888891,239.0,90.948
GAS,992.5716666666669,244.0,90.948
GAS,1023.371666666667,252.0,90.948
GAS,1034.7494444444446,256.0,90.948
GAS,1054.971666666667,260.0,90.948
GAS,1075.6563888888895,265.0,90.948
GAS,1087.5675000000003,268.0,90.948
GAS,1108.723055555556,272.0,90.948
GAS,1130.1897222222226,276.0,90.948
GAS,1142.5897222222227,279.0,90.948
GAS,1154.9897222222228,279.0,90.948
GAS,1173.923055555556,284.0,90.948
GAS,1196.1675000000005,286.0,90.948
GAS,1221.8563888888893,289.0,90.948
GAS,1244.5675000000003,292.0,90.948
GAS,1257.5897222222225,293.0,90.948
GAS,1277.2563888888892,295.0,90.948
GAS,1310.4786111111114,299.0,90.948
GAS,1327.145277777778,300.0,90.948
GAS,1340.4786111111111,300.0,90.948
GAS,1353.856388888889,301.0,90.948
GAS,1373.9230555555557,301.0,90.948
GAS,1392.7230555555557,282.0,90.948
GAS,1411.4675000000002,241.0,90.948
GAS,1432.2675000000002,208.0,90.948
GAS,1454.2675000000002,165.0,90.948
GAS,1468.6275,144.0,90.948
GAS,1474.8497222222222,140.0,90.948
GAS,1480.8497222222222,135.0,90.948
GAS,1493.5497222222223,127.0,90.948
GAS,1500.4386111111112,124.0,90.948
GAS,1509.8052777777777,120.0,90.948
GAS,1520.6497222222222,122.0,90.948
GAS,1529.049722222222,126.0,90.948
GAS,1540.6941666666664,131.0,90.948
GAS,1551.5830555555553,140.0,90.948
GAS,1559.749722222222,147.0,90.948
GAS,1575.749722222222,160.0,90.948
GAS,1587.2163888888888,172.0,90.948
GAS,1601.6830555555555,186.0,90.948
GAS,1618.9274999999998,194.0,90.948
GAS,1630.0941666666665,201.0,90.948
GAS,1641.5941666666665,207.0,90.948
GAS,1665.260833333333,213.0,90.948
GAS,1690.5941666666665,228.0,90.948
GAS,1703.5386111111109,233.0,90.948
GAS,1713.8941666666665,233.0,90.948
GAS,1724.4274999999998,237.0,90.948
GAS,1749.1274999999998,247.0,90.948
GAS,1768.5719444444444,250.0,90.948
GAS,1788.249722222222,253.0,90.948
GAS,1801.461111111111,239.0,90.948
GAS,1819.1944444444443,228.0,90.948
GAS,1829.1055555555552,223.0,90.948
GAS,1841.2166666666665,218.0,90.948
GAS,1850.9055555555553,218.0,90.948
GAS,1862.9611111111108,217.0,90.948
GAS,1872.2633333333329,208.0,90.948
GAS,1883.8188888888885,208.0,90.948
GAS,1900.3077777777773,212.0,90.948
GAS,1912.363333333333,217.0,90.948
GAS,1922.0966666666664,219.0,90.948
GAS,1939.7522222222217,227.0,90.948
GAS,1965.6411111111104,233.0,90.948
GAS,1983.9188888888882,235.0,90.948
GAS,2012.8855555555547,237.0,90.948
GAS,2031.707777777777,242.0,90.948
GAS,2053.6633333333325,247.0,90.948
GAS,2070.3299999999995,250.0,90.948
GAS,2098.774444444444,256.0,90.948
GAS,2119.8411111111104,237.0,90.948
GAS,2133.974444444444,212.0,90.948
GAS,2145.7744444444443,177.0,90.948
GAS,2161.1744444444444,154.0,90.948
GAS,2168.841111111111,138.0,90.948
GAS,2174.3522222222223,124.0,90.948
GAS,2180.7966666666666,116.0,90.948
GAS,2188.2322222222224,112.0,90.948
GAS,2192.8544444444447,104.0,90.948
GAS,2199.387777777778,98.0,90.948
GAS,2206.465555555556,91.0,90.948
GAS,2211.298888888889,87.0,90.948
GAS,2216.7883333333334,82.0,90.948
GAS,2220.299444444445,79.0,90.948
GAS,2223.7661111111115,78.0,90.948
GAS,2228.210555555556,80.0,90.948
GAS,2235.5883333333336,83.0,90.948
GAS,2239.3661111111114,85.0,90.948
GAS,2245.432777777778,91.0,90.948
GAS,2256.9883333333337,104.0,90.948
GAS,2265.932777777778,115.0,90.948
GAS,2278.432777777778,125.0,90.948
GAS,2292.432777777778,140.0,90.948
GAS,2304.9550000000004,161.0,90.948
GAS,2314.399444444445,170.0,90.948
GAS,2326.2661111111115,178.0,90.948
GAS,2334.5327777777784,186.0,90.948
GAS,2347.3327777777786,192.0,90.948
GAS,2367.8327777777786,205.0,90.948
GAS,2381.832777777778,210.0,90.948
GAS,2391.388333333334,215.0,90.948
GAS,2411.121666666667,222.0,90.948
GAS,2426.2550000000006,227.0,90.948
GAS,2444.3772222222224,233.0,90.948
GAS,2454.910555555556,237.0,90.948
GAS,2470.843888888889,240.0,90.948
GAS,2481.6438888888893,243.0,90.948
GAS,2506.343888888889,247.0,90.948
GAS,2517.543888888889,252.0,90.948
GAS,2551.6147222222226,255.0,90.948
GAS,2571.136944444445,251.0,90.948
GAS,2590.6925000000006,220.0,90.948
GAS,2601.8591666666675,201.0,90.948
GAS,2610.392500000001,192.0,90.948
GAS,2620.059166666668,174.0,90.948
GAS,2636.059166666668,144.0,90.948
GAS,2643.28138888889,130.0,90.948
GAS,2648.570277777779,119.0,90.948
GAS,2655.7702777777795,108.0,90.948
GAS,2662.170277777779,96.0,90.948
GAS,2670.9702777777793,88.0,90.948
GAS,2676.5036111111126,83.0,90.948
GAS,2681.9036111111127,81.0,90.948
GAS,2686.2925000000014,79.0,90.948
GAS,2690.570277777779,77.0,90.948
GAS,2694.9591666666684,79.0,90.948
GAS,2698.6036111111125,82.0,90.948
GAS,2703.3813888888903,86.0,90.948
GAS,2707.2925000000014,88.0,90.948
GAS,2718.5147222222236,101.0,90.948
GAS,2724.570277777779,109.0,90.948
GAS,2735.5036111111126,123.0,90.948
GAS,2741.4219444444457,134.0,90.948
GAS,2747.8663888888905,145.0,90.948
GAS,2762.0886111111126,160.0,90.948
GAS,2771.4775000000013,169.0,90.948
GAS,2783.4605555555568,179.0,90.948
GAS,2800.4383333333344,191.0,90.948
GAS,2818.7494444444455,206.0,90.948
GAS,2840.4494444444454,217.0,90.948
GAS,2855.4494444444454,225.0,90.948
GAS,2868.282777777779,231.0,90.948
GAS,2881.4494444444454,237.0,90.948
GAS,2903.1383333333342,244.0,90.948
GAS,2919.605000000001,247.0,90.948
GAS,2936.6716666666675,256.0,90.948
GAS,2954.0050000000006,260.0,90.948
GAS,2986.7605555555565,268.0,90.948
GAS,3001.8161111111117,271.0,90.948
GAS,3023.2827777777784,276.0,90.948
GAS,3045.060555555556,280.0,90.948
GAS,3057.638333333334,283.0,90.948
GAS,3079.8827777777783,286.0,90.948
GAS,3095.938333333334,289.0,90.948
GAS,3158.638333333334,297.0,90.948
GAS,3195.3436111111114,301.0,90.948
GAS,3225.7436111111115,304.0,90.948
GAS,3252.9436111111113,306.0,90.948
GAS,3266.6733333333336,307.0,90.948
GAS,3300.0066666666667,300.0,90.948
GAS,3312.806666666667,288.0,90.948
GAS,3329.4066666666663,249.0,90.948
GAS,3346.362222222222,218.0,90.948
GAS,3363.962222222222,198.0,90.948
GAS,3380.14,182.0,90.948
GAS,3393.751111111111,175.0,90.948
GAS,3401.4844444444443,174.0,90.948
GAS,3414.551111111111,168.0,90.948
GAS,3421.7955555555554,163.0,90.948
GAS,3432.3288888888887,158.0,90.948
GAS,3443.262222222222,164.0,90.948
GAS,3450.5511111111114,164.0,90.948
GAS,3459.9955555555557,170.0,90.948
GAS,3469.6622222222227,174.0,90.948
GAS,3483.6622222222227,180.0,90.948
GAS,3493.9955555555557,186.0,90.948
GAS,3504.6622222222227,192.0,90.948
GAS,3515.662222222222,198.0,90.948
GAS,3526.9955555555557,204.0,90.948
GAS,3543.4844444444448,212.0,90.948
GAS,3557.884444444445,216.0,90.948
GAS,3580.384444444445,225.0,90.948
GAS,3605.986944444445,231.0,90.948
GAS,3629.5869444444447,236.0,90.948
GAS,3645.7875000000004,242.0,90.948
GAS,3667.743055555556,247.0,90.948
GAS,3687.109722222223,249.0,90.948
GAS,3701.0541666666677,251.0,90.948
GAS,3712.3430555555565,254.0,90.948
GAS,3735.0986111111115,256.0,90.948
GAS,3746.47638888889,256.0,90.948
GAS,3757.898611111112,257.0,90.948
GAS,3772.2319444444456,258.0,90.948
GAS,3783.7430555555566,259.0,90.948
GAS,3798.1875000000014,260.0,90.948
GAS,3824.4875000000015,263.0,90.948
GAS,3845.020833333335,264.0,90.948
GAS,3871.520833333335,265.0,90.948
GAS,3898.320833333335,268.0,90.948
GAS,3910.231944444446,268.0,90.948
GAS,3928.298611111112,271.0,90.948
GAS,3972.387500000001,248.0,90.948
GAS,3986.8541666666683,217.0,90.948
GAS,4001.787500000001,192.0,90.948
GAS,4011.67638888889,178.0,90.948
GAS,4022.6763888888904,165.0,90.948
GAS,4037.3763888888902,147.0,90.948
GAS,4043.7805555555565,145.0,90.948
GAS,4054.51388888889,138.0,90.948
GAS,4063.55138888889,135.0,90.948
GAS,4072.35138888889,132.0,90.948
GAS,4079.795833333334,134.0,90.948
GAS,4090.8402777777787,142.0,90.948
GAS,4099.006944444445,147.0,90.948
GAS,4111.1402777777785,156.0,90.948
GAS,4132.1625,172.0,90.948
GAS,4146.395833333334,183.0,90.948
GAS,4161.329166666667,192.0,90.948
GAS,4177.040277777778,202.0,90.948
GAS,4188.595833333334,208.0,90.948
GAS,4202.995833333333,216.0,90.948
GAS,4212.729166666667,219.0,90.948
GAS,4222.684722222223,224.0,90.948
GAS,4235.240277777778,226.0,90.948
GAS,4245.506944444445,231.0,90.948
GAS,4258.5625,235.0,90.948
GAS,4280.1625,243.0,90.948
GAS,4305.0625,249.0,90.948
GAS,4324.8180555555555,254.0,90.948
GAS,4336.195833333333,256.0,90.948
GAS,4353.4625,259.0,90.948
GAS,4379.9625,265.0,90.948
GAS,4397.762500000001,267.0,90.948
GAS,4424.6875,270.0,90.948
GAS,4439.854166666667,273.0,90.948
GAS,4458.330833333333,276.0,90.948
GAS,4470.686388888888,278.0,90.948
GAS,4489.286388888889,279.0,90.948
GAS,4504.953055555555,282.0,90.948
GAS,4517.530833333333,283.0,90.948
GAS,4539.6975,285.0,90.948
GAS,4552.408611111111,286.0,90.948
GAS,4568.353055555555,287.0,90.948
GAS,4587.553055555555,288.0,90.948
GAS,4606.886388888888,290.0,90.948
GAS,4619.775277777778,290.0,90.948
GAS,4639.175277777777,291.0,90.948
GAS,4655.341944444444,291.0,90.948
GAS,4671.564166666667,292.0,90.948
GAS,4694.275277777777,292.0,90.948
GAS,4717.064166666666,293.0,90.948
GAS,4730.086388888889,293.0,90.948
GAS,4749.619722222222,293.0,90.948
GAS,4770.386388888888,267.0,90.948
GAS,4783.775277777777,241.0,90.948
GAS,4795.719722222221,215.0,90.948
GAS,4812.919722222221,172.0,90.948
GAS,4824.897499999998,154.0,90.948
GAS,4833.0086111111095,146.0,90.948
GAS,4848.119722222221,136.0,90.948
GAS,4855.3419444444435,130.0,90.948
GAS,4883.419722222221,133.0,90.948
GAS,4889.419722222221,135.0,90.948
GAS,4901.953055555554,141.0,90.948
GAS,4910.230833333332,149.0,90.948
GAS,4921.097499999999,163.0,90.948
GAS,4936.475277777777,173.0,90.948
GAS,4952.919722222221,185.0,90.948
GAS,4970.253055555555,195.0,90.948
GAS,4981.419722222221,201.0,90.948
GAS,4990.619722222222,207.0,90.948
GAS,5007.108611111111,212.0,90.948
GAS,5036.8419444444435,223.0,90.948
GAS,5065.80861111111,237.0,90.948
GAS,5092.919722222221,244.0,90.948
GAS,5106.641944444444,247.0,90.948
GAS,5134.864166666665,254.0,90.948
GAS,5146.197499999999,255.0,90.948
GAS,5157.664166666666,258.0,90.948
GAS,5174.997499999999,260.0,90.948
GAS,5207.5086111111095,266.0,90.948
GAS,5222.397499999998,268.0,90.948
GAS,5234.353055555554,269.0,90.948
GAS,5252.486388888888,272.0,90.948
GAS,5277.0197222222205,276.0,90.948
GAS,5298.875277777776,281.0,90.948
GAS,5317.741944444444,283.0,90.948
GAS,5336.741944444444,285.0,90.948
GAS,5349.541944444443,288.0,90.948
