Driver,Distance,Speed,LapTimeSec
VER,15.71222222222222,316.0,75.915
VER,36.84555555555555,317.0,75.915
VER,54.56777777777778,319.0,75.915
VER,79.45666666666666,320.0,75.915
VER,115.23444444444443,322.0,75.915
VER,129.59,323.0,75.915
VER,161.99,324.0,75.915
VER,180.04555555555558,325.0,75.915
VER,201.7788888888889,326.0,75.915
VER,216.22138888888892,327.0,75.915
VER,245.19916666666668,326.0,75.915
VER,273.6436111111111,320.0,75.915
VER,294.7991666666667,272.0,75.915
VER,316.99916666666667,222.0,75.915
VER,330.86583333333334,208.0,75.915
VER,343.86583333333334,195.0,75.915
VER,360.84361111111116,191.0,75.915
VER,379.84361111111116,190.0,75.915
VER,388.55472222222227,196.0,75.915
VER,399.6658333333334,200.0,75.915
VER,413.4658333333334,207.0,75.915
VER,427.9325000000001,217.0,75.915
VER,440.21027777777783,221.0,75.915
VER,452.59916666666675,223.0,75.915
VER,473.221388888889,232.0,75.915
VER,505.4216666666668,241.0,75.915
VER,521.6883333333335,244.0,75.915
VER,538.2883333333334,249.0,75.915
VER,563.5883333333335,253.0,75.915
VER,592.6994444444446,262.0,75.915
VER,616.4327777777779,267.0,75.915
VER,634.632777777778,273.0,75.915
VER,662.4327777777779,278.0,75.915
VER,681.1544444444446,282.0,75.915
VER,700.1544444444446,285.0,75.915
VER,719.4211111111113,289.0,75.915
VER,742.0544444444446,291.0,75.915
VER,761.7211111111112,295.0,75.915
VER,781.5211111111113,297.0,75.915
VER,801.4544444444447,299.0,75.915
VER,824.9433333333335,302.0,75.915
VER,855.5433333333334,306.0,75.915
VER,886.5433333333335,310.0,75.915
VER,910.6544444444446,310.0,75.915
VER,945.4322222222224,313.0,75.915
VER,962.9322222222223,315.0,75.915
VER,994.2211111111113,256.0,75.915
VER,1004.8433333333335,239.0,75.915
VER,1017.3500000000001,224.0,75.915
VER,1038.5500000000002,159.0,75.915
VER,1046.5500000000002,144.0,75.915
VER,1053.938888888889,133.0,75.915
VER,1063.2722222222224,120.0,75.915
VER,1070.8722222222223,114.0,75.915
VER,1078.0722222222223,108.0,75.915
VER,1087.138888888889,102.0,75.915
VER,1094.0722222222223,104.0,75.915
VER,1098.7980555555557,107.0,75.915
VER,1107.5869444444445,113.0,75.915
VER,1116.8425000000002,119.0,75.915
VER,1125.3758333333335,128.0,75.915
VER,1140.0758333333335,147.0,75.915
VER,1150.4758333333334,156.0,75.915
VER,1157.8536111111111,166.0,75.915
VER,1178.9980555555558,173.0,75.915
VER,1197.8869444444447,170.0,75.915
VER,1208.9536111111113,166.0,75.915
VER,1221.5536111111114,162.0,75.915
VER,1232.7536111111115,168.0,75.915
VER,1242.309166666667,172.0,75.915
VER,1269.7536111111112,190.0,75.915
VER,1282.673888888889,193.0,75.915
VER,1298.6183333333336,205.0,75.915
VER,1325.262777777778,218.0,75.915
VER,1342.8405555555557,226.0,75.915
VER,1366.1405555555557,233.0,75.915
VER,1387.3850000000002,239.0,75.915
VER,1406.5183333333337,246.0,75.915
VER,1423.051666666667,248.0,75.915
VER,1434.2072222222225,251.0,75.915
VER,1450.9372222222225,252.0,75.915
VER,1476.2372222222225,253.0,75.915
VER,1511.170555555556,262.0,75.915
VER,1537.7705555555558,266.0,75.915
VER,1571.1372222222226,273.0,75.915
VER,1598.6372222222226,275.0,75.915
VER,1623.4372222222225,279.0,75.915
VER,1645.2927777777782,281.0,75.915
VER,1661.070555555556,284.0,75.915
VER,1702.8150000000003,289.0,75.915
VER,1715.6594444444447,289.0,75.915
VER,1728.592777777778,291.0,75.915
VER,1741.5261111111115,291.0,75.915
VER,1757.8294444444448,292.0,75.915
VER,1783.8738888888893,293.0,75.915
VER,1806.662777777778,293.0,75.915
VER,1823.3961111111116,251.0,75.915
VER,1836.7850000000005,241.0,75.915
VER,1852.3850000000004,234.0,75.915
VER,1868.0516666666672,235.0,75.915
VER,1881.1627777777783,236.0,75.915
VER,1891.7850000000005,239.0,75.915
VER,1905.1738888888895,241.0,75.915
VER,1916.0183333333339,244.0,75.915
VER,1938.240555555556,250.0,75.915
VER,1952.1152777777781,251.0,75.915
VER,1980.6708333333338,257.0,75.915
VER,1995.0597222222227,259.0,75.915
VER,2012.5263888888894,262.0,75.915
VER,2027.193055555556,264.0,75.915
VER,2045.0597222222225,268.0,75.915
VER,2060.115277777778,271.0,75.915
VER,2072.248611111111,273.0,75.915
VER,2099.848611111111,276.0,75.915
VER,2115.293055555556,278.0,75.915
VER,2136.9930555555557,279.0,75.915
VER,2168.215277777778,281.0,75.915
VER,2187.015277777778,282.0,75.915
VER,2202.7375000000006,283.0,75.915
VER,2215.3597222222224,284.0,75.915
VER,2234.3597222222224,285.0,75.915
VER,2250.3280555555557,286.0,75.915
VER,2266.2724999999996,287.0,75.915
VER,2285.4058333333332,287.0,75.915
VER,2298.250277777778,289.0,75.915
VER,2382.6058333333335,292.0,75.915
VER,2415.2725,294.0,75.915
VER,2428.383611111111,295.0,75.915
VER,2444.8280555555557,296.0,75.915
VER,2464.5613888888893,296.0,75.915
VER,2487.501388888889,296.0,75.915
VER,2517.2013888888887,297.0,75.915
VER,2543.868055555555,300.0,75.915
VER,2567.3569444444443,302.0,75.915
VER,2591.001388888889,304.0,75.915
VER,2614.801388888889,306.0,75.915
VER,2631.8569444444443,307.0,75.915
VER,2649.023611111111,309.0,75.915
VER,2680.123611111111,311.0,75.915
VER,2704.390277777778,312.0,75.915
VER,2742.7680555555557,314.0,75.915
VER,2760.268055555556,315.0,75.915
VER,2774.2680555555557,315.0,75.915
VER,2788.4002777777782,316.0,75.915
VER,2816.578055555556,317.0,75.915
VER,2844.844722222223,318.0,75.915
VER,2873.11138888889,318.0,75.915
VER,2887.289166666668,319.0,75.915
VER,2926.2780555555564,319.0,75.915
VER,2958.2780555555564,320.0,75.915
VER,2979.61138888889,320.0,75.915
VER,3022.4113888888896,321.0,75.915
VER,3058.099722222223,322.0,75.915
VER,3072.410833333334,322.0,75.915
VER,3090.299722222223,322.0,75.915
VER,3104.655277777779,323.0,75.915
VER,3122.5997222222227,323.0,75.915
VER,3140.5441666666675,323.0,75.915
VER,3158.4886111111114,323.0,75.915
VER,3180.0219444444447,323.0,75.915
VER,3197.910833333334,322.0,75.915
VER,3212.1775000000002,321.0,75.915
VER,3238.4886111111114,296.0,75.915
VER,3259.644166666667,272.0,75.915
VER,3279.944166666667,261.0,75.915
VER,3302.7886111111115,257.0,75.915
VER,3331.455277777778,258.0,75.915
VER,3346.139444444445,263.0,75.915
VER,3360.750555555556,263.0,75.915
VER,3386.5505555555565,258.0,75.915
VER,3403.8838888888895,260.0,75.915
VER,3415.395000000001,259.0,75.915
VER,3435.4616666666675,258.0,75.915
VER,3458.7505555555563,262.0,75.915
VER,3470.3950000000004,262.0,75.915
VER,3493.950555555556,265.0,75.915
VER,3508.7838888888896,267.0,75.915
VER,3529.9394444444447,272.0,75.915
VER,3551.4838888888894,277.0,75.915
VER,3563.928333333334,280.0,75.915
VER,3579.5950000000007,282.0,75.915
VER,3601.682500000001,285.0,75.915
VER,3614.3936111111116,286.0,75.915
VER,3640.2602777777784,291.0,75.915
VER,3673.038055555556,295.0,75.915
VER,3706.149166666668,298.0,75.915
VER,3739.5936111111123,301.0,75.915
VER,3753.0602777777785,303.0,75.915
VER,3769.9491666666677,304.0,75.915
VER,3790.3491666666678,306.0,75.915
VER,3831.5491666666676,309.0,75.915
VER,3845.37138888889,311.0,75.915
VER,3859.193611111112,311.0,75.915
VER,3880.1472222222233,313.0,75.915
VER,3894.102777777779,314.0,75.915
VER,3908.1027777777786,315.0,75.915
VER,3929.1694444444456,316.0,75.915
VER,3953.825000000001,317.0,75.915
VER,3985.525000000001,317.0,75.915
VER,4009.9472222222234,314.0,75.915
VER,4034.3472222222235,244.0,75.915
VER,4048.4805555555567,212.0,75.915
VER,4060.0805555555567,174.0,75.915
VER,4067.369444444446,164.0,75.915
VER,4076.902777777779,143.0,75.915
VER,4091.3472222222235,130.0,75.915
VER,4097.000555555557,128.0,75.915
VER,4105.13388888889,122.0,75.915
VER,4117.733888888891,126.0,75.915
VER,4124.956111111113,130.0,75.915
VER,4132.567222222225,137.0,75.915
VER,4149.789444444446,155.0,75.915
VER,4173.256111111113,176.0,75.915
VER,4183.478333333335,184.0,75.915
VER,4191.967222222224,191.0,75.915
VER,4207.600555555558,201.0,75.915
VER,4219.156111111113,208.0,75.915
VER,4231.045000000002,214.0,75.915
VER,4240.689444444447,217.0,75.915
VER,4253.084444444447,222.0,75.915
VER,4268.351111111114,229.0,75.915
VER,4278.662222222225,232.0,75.915
VER,4294.595555555558,239.0,75.915
VER,4305.306666666669,241.0,75.915
VER,4315.928888888891,239.0,75.915
VER,4326.551111111114,239.0,75.915
VER,4342.217777777781,235.0,75.915
VER,4357.817777777781,234.0,75.915
VER,4387.028888888892,239.0,75.915
VER,4416.606666666669,242.0,75.915
VER,4435.7400000000025,246.0,75.915
VER,4449.573333333336,249.0,75.915
VER,4463.517777777781,251.0,75.915
VER,4483.202777777781,254.0,75.915
VER,4494.625000000003,257.0,75.915
VER,4517.736111111114,260.0,75.915
VER,4541.8138888888925,197.0,75.915
VER,4558.413888888892,166.0,75.915
VER,4565.125000000004,151.0,75.915
VER,4575.858333333336,138.0,75.915
VER,4581.502777777781,127.0,75.915
VER,4594.058333333337,113.0,75.915
VER,4598.8138888888925,107.0,75.915
VER,4604.480555555559,102.0,75.915
VER,4611.947222222225,96.0,75.915
VER,4618.507777777781,98.0,75.915
VER,4622.952222222225,100.0,75.915
VER,4629.885555555558,104.0,75.915
VER,4637.218888888891,110.0,75.915
VER,4651.330000000003,127.0,75.915
VER,4660.5300000000025,138.0,75.915
VER,4676.130000000003,156.0,75.915
VER,4685.407777777781,167.0,75.915
VER,4699.018888888892,175.0,75.915
VER,4713.018888888892,180.0,75.915
VER,4725.285555555559,184.0,75.915
VER,4735.6744444444475,187.0,75.915
VER,4763.552222222225,193.0,75.915
VER,4774.38666666667,196.0,75.915
VER,4792.253333333337,201.0,75.915
VER,4803.808888888892,208.0,75.915
VER,4813.275555555559,213.0,75.915
VER,4830.231111111114,218.0,75.915
VER,4855.342222222225,226.0,75.915
VER,4871.1422222222245,237.0,75.915
VER,4881.764444444447,239.0,75.915
VER,4892.608888888891,244.0,75.915
VER,4909.208888888891,249.0,75.915
VER,4926.275555555558,256.0,75.915
VER,4940.720000000002,260.0,75.915
VER,4961.482777777779,266.0,75.915
VER,4979.349444444447,268.0,75.915
VER,5000.7383333333355,275.0,75.915
VER,5019.271666666668,278.0,75.915
VER,5038.138333333334,283.0,75.915
VER,5054.027222222223,286.0,75.915
VER,5066.782777777778,287.0,75.915
VER,5102.59388888889,293.0,75.915
VER,5115.705000000001,295.0,75.915
VER,5132.0938888888895,295.0,75.915
VER,5145.382777777778,299.0,75.915
VER,5168.871666666667,302.0,75.915
VER,5192.516111111111,304.0,75.915
VER,5216.471666666666,308.0,75.915
SAI,0.8611111111111112,310.0,76.185
SAI,18.194444444444443,312.0,76.185
SAI,56.69444444444445,315.0,76.185
SAI,70.7388888888889,316.0,76.185
SAI,88.43805555555555,317.0,76.185
SAI,130.83805555555557,318.0,76.185
SAI,148.5602777777778,319.0,76.185
SAI,166.28250000000003,319.0,76.185
SAI,191.40472222222223,323.0,76.185
SAI,213.00472222222226,324.0,76.185
SAI,234.60472222222222,324.0,76.185
SAI,263.2269444444445,322.0,76.185
SAI,284.1602777777778,314.0,76.185
SAI,295.90861111111116,266.0,76.185
SAI,314.1863888888889,235.0,76.185
SAI,330.28638888888895,207.0,76.185
SAI,343.1530555555556,193.0,76.185
SAI,361.95305555555564,188.0,76.185
SAI,374.5530555555556,189.0,76.185
SAI,383.0419444444445,191.0,76.185
SAI,408.0975000000001,205.0,76.185
SAI,432.20861111111117,217.0,76.185
SAI,447.0086111111112,222.0,76.185
SAI,464.8197222222223,229.0,76.185
SAI,480.41972222222233,234.0,76.185
SAI,493.586388888889,237.0,76.185
SAI,529.2641666666668,247.0,76.185
SAI,545.866388888889,248.0,76.185
SAI,565.6219444444446,254.0,76.185
SAI,597.6441666666668,262.0,76.185
SAI,618.566388888889,269.0,76.185
SAI,646.1663888888892,276.0,76.185
SAI,671.055277777778,280.0,76.185
SAI,693.2219444444447,285.0,76.185
SAI,712.355277777778,287.0,76.185
SAI,725.1997222222225,289.0,76.185
SAI,744.518888888889,291.0,76.185
SAI,774.1188888888889,296.0,76.185
SAI,814.3855555555556,302.0,76.185
SAI,844.6855555555555,303.0,76.185
SAI,882.2077777777779,307.0,76.185
SAI,913.2077777777779,310.0,76.185
SAI,940.9411111111112,312.0,76.185
SAI,965.2077777777779,312.0,76.185
SAI,982.4300000000002,310.0,76.185
SAI,1017.818888888889,245.0,76.185
SAI,1026.6633333333334,199.0,76.185
SAI,1034.3966666666668,174.0,76.185
SAI,1041.6411111111113,163.0,76.185
SAI,1050.3511111111113,156.0,76.185
SAI,1062.617777777778,138.0,76.185
SAI,1072.1066666666668,122.0,76.185
SAI,1079.7733333333333,115.0,76.185
SAI,1085.828888888889,109.0,76.185
SAI,1092.9622222222224,107.0,76.185
SAI,1100.0955555555558,107.0,76.185
SAI,1106.2622222222226,111.0,76.185
SAI,1111.3288888888892,114.0,76.185
SAI,1117.9400000000003,119.0,76.185
SAI,1123.406666666667,123.0,76.185
SAI,1135.406666666667,135.0,76.185
SAI,1143.090277777778,139.0,76.185
SAI,1161.090277777778,162.0,76.185
SAI,1170.590277777778,171.0,76.185
SAI,1182.1902777777782,174.0,76.185
SAI,1191.7458333333336,172.0,76.185
SAI,1203.0791666666669,170.0,76.185
SAI,1212.2458333333336,165.0,76.185
SAI,1219.4013888888892,161.0,76.185
SAI,1236.1013888888892,167.0,76.185
SAI,1245.7125000000003,173.0,76.185
SAI,1260.0236111111112,184.0,76.185
SAI,1281.9125000000001,197.0,76.185
SAI,1295.3791666666666,202.0,76.185
SAI,1306.7680555555557,205.0,76.185
SAI,1316.1902777777777,212.0,76.185
SAI,1330.7236111111113,218.0,76.185
SAI,1343.1744444444446,223.0,76.185
SAI,1355.8966666666668,229.0,76.185
SAI,1371.4966666666667,234.0,76.185
SAI,1382.03,237.0,76.185
SAI,1454.5411111111111,251.0,76.185
SAI,1482.9855555555555,256.0,76.185
SAI,1494.4077777777777,257.0,76.185
SAI,1508.852222222222,260.0,76.185
SAI,1526.3855555555556,263.0,76.185
SAI,1547.0780555555557,267.0,76.185
SAI,1574.2780555555557,272.0,76.185
SAI,1598.6336111111113,274.0,76.185
SAI,1620.3336111111112,279.0,76.185
SAI,1642.1891666666668,281.0,76.185
SAI,1664.200277777778,283.0,76.185
SAI,1680.0336111111112,285.0,76.185
SAI,1695.9780555555556,287.0,76.185
SAI,1724.7780555555555,288.0,76.185
SAI,1747.3336111111112,290.0,76.185
SAI,1782.7780555555557,290.0,76.185
SAI,1798.8336111111112,289.0,76.185
SAI,1810.9669444444446,273.0,76.185
SAI,1822.7736111111112,264.0,76.185
SAI,1844.8180555555557,248.0,76.185
SAI,1866.151388888889,240.0,76.185
SAI,1887.0402777777779,235.0,76.185
SAI,1897.4847222222222,235.0,76.185
SAI,1926.8180555555557,240.0,76.185
SAI,1951.6180555555557,248.0,76.185
SAI,1968.4180555555556,252.0,76.185
SAI,2002.6847222222223,257.0,76.185
SAI,2031.9447222222223,264.0,76.185
SAI,2043.6780555555556,264.0,76.185
SAI,2058.5669444444443,268.0,76.185
SAI,2070.5225,269.0,76.185
SAI,2085.633611111111,272.0,76.185
SAI,2100.8558333333335,274.0,76.185
SAI,2116.1336111111113,275.0,76.185
SAI,2134.5336111111114,276.0,76.185
SAI,2149.9225,277.0,76.185
SAI,2162.2336111111113,277.0,76.185
SAI,2187.1225,280.0,76.185
SAI,2208.978055555556,281.0,76.185
SAI,2230.989166666667,283.0,76.185
SAI,2256.1447222222228,283.0,76.185
SAI,2287.8113888888893,285.0,76.185
SAI,2303.835555555556,287.0,76.185
SAI,2319.7799999999997,287.0,76.185
SAI,2348.78,290.0,76.185
SAI,2368.18,291.0,76.185
SAI,2381.157777777778,292.0,76.185
SAI,2403.868888888889,292.0,76.185
SAI,2430.0022222222224,294.0,76.185
SAI,2443.068888888889,294.0,76.185
SAI,2469.202222222222,294.0,76.185
SAI,2485.5911111111113,295.0,76.185
SAI,2508.535555555555,295.0,76.185
SAI,2531.5577777777776,296.0,76.185
SAI,2544.757777777778,297.0,76.185
SAI,2561.3688888888887,299.0,76.185
SAI,2584.696388888889,301.0,76.185
SAI,2598.118611111111,302.0,76.185
SAI,2625.1408333333334,304.0,76.185
SAI,2659.363055555556,308.0,76.185
SAI,2693.696388888889,309.0,76.185
SAI,2728.3630555555555,312.0,76.185
SAI,2742.2741666666666,313.0,76.185
SAI,2759.6075,312.0,76.185
SAI,2780.4075000000003,312.0,76.185
SAI,2822.4075,315.0,76.185
SAI,2836.4519444444445,316.0,76.185
SAI,2850.4963888888888,316.0,76.185
SAI,2871.650833333333,316.0,76.185
SAI,2885.695277777778,316.0,76.185
SAI,2899.7841666666664,317.0,76.185
SAI,2920.9175,317.0,76.185
SAI,2945.6508333333336,318.0,76.185
SAI,2977.5508333333337,319.0,76.185
SAI,3002.361944444445,319.0,76.185
SAI,3034.261944444445,319.0,76.185
SAI,3055.595277777778,320.0,76.185
SAI,3076.9286111111114,320.0,76.185
SAI,3091.1952777777783,321.0,76.185
SAI,3112.5286111111113,320.0,76.185
SAI,3148.3063888888896,322.0,76.185
SAI,3162.528055555556,322.0,76.185
SAI,3183.994722222222,322.0,76.185
SAI,3215.8947222222223,319.0,76.185
SAI,3233.1725,311.0,76.185
SAI,3249.728055555556,298.0,76.185
SAI,3280.6169444444445,278.0,76.185
SAI,3315.416944444444,261.0,76.185
SAI,3329.694722222222,257.0,76.185
SAI,3341.1613888888883,258.0,76.185
SAI,3361.4613888888885,261.0,76.185
SAI,3375.8502777777776,259.0,76.185
SAI,3390.016944444444,255.0,76.185
SAI,3401.2613888888886,253.0,76.185
SAI,3415.219722222222,250.0,76.185
SAI,3431.2863888888887,241.0,76.185
SAI,3441.8641666666663,238.0,76.185
SAI,3457.730833333333,238.0,76.185
SAI,3468.441944444444,241.0,76.185
SAI,3479.241944444444,243.0,76.185
SAI,3490.0863888888885,244.0,76.185
SAI,3506.4863888888885,246.0,76.185
SAI,3523.2863888888887,252.0,76.185
SAI,3554.819722222222,258.0,76.185
SAI,3586.3530555555553,258.0,76.185
SAI,3607.586388888889,273.0,76.185
SAI,3622.8086111111115,274.0,76.185
SAI,3638.2530555555554,278.0,76.185
SAI,3660.108055555556,282.0,76.185
SAI,3672.6413888888887,282.0,76.185
SAI,3698.063611111111,286.0,76.185
SAI,3733.508055555556,290.0,76.185
SAI,3762.8080555555557,293.0,76.185
SAI,3775.9191666666666,295.0,76.185
SAI,3798.941388888889,296.0,76.185
SAI,3812.096944444444,296.0,76.185
SAI,3845.6525,302.0,76.185
SAI,3859.1191666666664,303.0,76.185
SAI,3876.119166666667,306.0,76.185
SAI,3899.9969444444446,307.0,76.185
SAI,3920.682777777778,309.0,76.185
SAI,3934.505,311.0,76.185
SAI,3955.3050000000003,312.0,76.185
SAI,3976.171666666667,313.0,76.185
SAI,4010.171666666667,306.0,76.185
SAI,4028.5716666666667,276.0,76.185
SAI,4049.371666666667,208.0,76.185
SAI,4059.6494444444443,185.0,76.185
SAI,4072.6383333333333,167.0,76.185
SAI,4084.1494444444443,148.0,76.185
SAI,4093.1494444444443,135.0,76.185
SAI,4100.31611111111,129.0,76.185
SAI,4118.804999999999,128.0,76.185
SAI,4126.101666666666,132.0,76.185
SAI,4138.457222222221,139.0,76.185
SAI,4146.34611111111,142.0,76.185
SAI,4153.412777777777,159.0,76.185
SAI,4166.168333333332,164.0,76.185
SAI,4186.6127777777765,184.0,76.185
SAI,4199.6127777777765,195.0,76.185
SAI,4208.4572222222205,199.0,76.185
SAI,4217.434999999999,202.0,76.185
SAI,4231.501666666665,211.0,76.185
SAI,4246.101666666666,219.0,76.185
SAI,4258.54611111111,224.0,76.185
SAI,4276.498888888887,230.0,76.185
SAI,4292.298888888888,237.0,76.185
SAI,4311.198888888887,243.0,76.185
SAI,4327.465555555554,244.0,76.185
SAI,4343.598888888887,242.0,76.185
SAI,4356.987777777776,241.0,76.185
SAI,4367.654444444442,240.0,76.185
SAI,4396.621111111108,237.0,76.185
SAI,4407.154444444442,237.0,76.185
SAI,4420.154444444442,234.0,76.185
SAI,4430.643333333331,236.0,76.185
SAI,4449.54333333333,243.0,76.185
SAI,4468.676666666664,246.0,76.185
SAI,4488.043333333329,249.0,76.185
SAI,4513.54333333333,255.0,76.185
SAI,4530.472499999997,255.0,76.185
SAI,4545.139166666663,220.0,76.185
SAI,4565.30583333333,165.0,76.185
SAI,4571.839166666664,147.0,76.185
SAI,4582.183611111109,133.0,76.185
SAI,4589.350277777775,129.0,76.185
SAI,4601.794722222219,112.0,76.185
SAI,4607.794722222219,108.0,76.185
SAI,4616.950277777774,103.0,76.185
SAI,4626.016944444441,102.0,76.185
SAI,4630.639166666663,104.0,76.185
SAI,4638.003055555552,110.0,76.185
SAI,4648.225277777775,115.0,76.185
SAI,4662.669722222219,130.0,76.185
SAI,4675.647499999997,146.0,76.185
SAI,4689.869722222219,160.0,76.185
SAI,4699.091944444442,166.0,76.185
SAI,4710.558611111108,172.0,76.185
SAI,4726.2919444444415,177.0,76.185
SAI,4736.2919444444415,180.0,76.185
SAI,4746.4586111111075,183.0,76.185
SAI,4759.058611111108,189.0,76.185
SAI,4774.4586111111075,198.0,76.185
SAI,4788.325277777774,208.0,76.185
SAI,4800.158611111108,213.0,76.185
SAI,4809.669722222219,214.0,76.185
SAI,4821.720277777775,218.0,76.185
SAI,4836.720277777776,225.0,76.185
SAI,4865.320277777775,234.0,76.185
SAI,4890.020277777775,247.0,76.185
SAI,4906.820277777774,252.0,76.185
SAI,4918.198055555552,256.0,76.185
SAI,4929.709166666664,259.0,76.185
SAI,4944.264722222219,262.0,76.185
SAI,4959.042499999997,266.0,76.185
SAI,4974.042499999997,270.0,76.185
SAI,4992.37583333333,275.0,76.185
SAI,5010.986388888886,278.0,76.185
SAI,5029.786388888887,282.0,76.185
SAI,5042.3641666666645,283.0,76.185
SAI,5064.6863888888865,287.0,76.185
SAI,5087.31972222222,291.0,76.185
SAI,5106.919722222219,294.0,76.185
SAI,5120.075277777774,296.0,76.185
SAI,5140.008611111109,299.0,76.185
SAI,5160.008611111109,300.0,76.185
SAI,5173.475277777775,303.0,76.185
SAI,5197.119722222219,304.0,76.185
SAI,5217.586388888886,307.0,76.185
SAI,5241.6974999999975,310.0,76.185
PER,12.55222222222222,316.0,76.274
PER,33.752222222222215,318.0,76.274
PER,55.085555555555544,320.0,76.274
PER,87.18555555555554,321.0,76.274
PER,123.07444444444442,323.0,76.274
PER,151.87444444444444,324.0,76.274
PER,173.60777777777776,326.0,76.274
PER,206.30777777777774,327.0,76.274
PER,228.0833333333333,328.0,76.274
PER,250.01666666666665,329.0,76.274
PER,269.4833333333333,292.0,76.274
PER,289.7055555555555,260.0,76.274
PER,305.2388888888888,233.0,76.274
PER,318.83888888888885,204.0,76.274
PER,331.63888888888886,192.0,76.274
PER,346.1833333333333,187.0,76.274
PER,364.3833333333333,182.0,76.274
PER,382.68333333333334,183.0,76.274
PER,397.30555555555554,188.0,76.274
PER,419.75,202.0,76.274
PER,431.30555555555554,208.0,76.274
PER,458.43888888888887,222.0,76.274
PER,468.39444444444445,224.0,76.274
PER,481.12444444444446,228.0,76.274
PER,512.3244444444445,234.0,76.274
PER,525.8244444444445,243.0,76.274
PER,539.4911111111111,246.0,76.274
PER,559.0911111111111,252.0,76.274
PER,576.1577777777777,256.0,76.274
PER,593.6244444444444,262.0,76.274
PER,617.4466666666666,268.0,76.274
PER,635.4466666666666,270.0,76.274
PER,647.5041666666665,273.0,76.274
PER,669.2819444444443,280.0,76.274
PER,691.448611111111,285.0,76.274
PER,710.5152777777777,286.0,76.274
PER,739.8152777777776,293.0,76.274
PER,759.4152777777776,294.0,76.274
PER,772.6152777777777,297.0,76.274
PER,809.4041666666666,301.0,76.274
PER,843.2930555555555,305.0,76.274
PER,863.7597222222222,307.0,76.274
PER,887.8708333333333,310.0,76.274
PER,908.6708333333333,312.0,76.274
PER,926.0597222222224,313.0,76.274
PER,968.526388888889,294.0,76.274
PER,987.1369444444445,278.0,76.274
PER,1004.0147222222222,217.0,76.274
PER,1025.2813888888888,174.0,76.274
PER,1036.9480555555556,150.0,76.274
PER,1049.8480555555557,129.0,76.274
PER,1060.1591666666668,116.0,76.274
PER,1068.4813888888891,107.0,76.274
PER,1075.3480555555557,103.0,76.274
PER,1079.8369444444445,101.0,76.274
PER,1086.4094444444445,99.0,76.274
PER,1096.9094444444445,105.0,76.274
PER,1112.7761111111113,119.0,76.274
PER,1125.9761111111113,132.0,76.274
PER,1145.4094444444447,159.0,76.274
PER,1162.0094444444446,166.0,76.274
PER,1177.653888888889,176.0,76.274
PER,1190.953888888889,171.0,76.274
PER,1200.3427777777779,169.0,76.274
PER,1224.753888888889,169.0,76.274
PER,1232.4872222222223,174.0,76.274
PER,1240.3538888888888,177.0,76.274
PER,1248.3983333333333,181.0,76.274
PER,1258.8391666666666,187.0,76.274
PER,1276.2613888888889,196.0,76.274
PER,1292.3613888888888,207.0,76.274
PER,1306.7613888888889,216.0,76.274
PER,1319.0391666666667,221.0,76.274
PER,1334.1725,227.0,76.274
PER,1349.5725,231.0,76.274
PER,1362.683611111111,236.0,76.274
PER,1373.3502777777778,240.0,76.274
PER,1386.9058333333332,244.0,76.274
PER,1397.8836111111111,247.0,76.274
PER,1420.2836111111112,252.0,76.274
PER,1434.3241666666668,254.0,76.274
PER,1462.8797222222222,257.0,76.274
PER,1477.2130555555555,258.0,76.274
PER,1494.4797222222223,259.0,76.274
PER,1508.8686111111112,259.0,76.274
PER,1526.6019444444444,266.0,76.274
PER,1541.5463888888887,269.0,76.274
PER,1553.5019444444442,269.0,76.274
PER,1581.2019444444445,277.0,76.274
PER,1596.7019444444445,279.0,76.274
PER,1618.5575,281.0,76.274
PER,1650.2241666666666,285.0,76.274
PER,1669.3574999999998,287.0,76.274
PER,1685.4130555555553,289.0,76.274
PER,1698.3463888888887,291.0,76.274
PER,1717.8130555555556,292.0,76.274
PER,1734.1722222222222,293.0,76.274
PER,1750.5055555555555,294.0,76.274
PER,1770.172222222222,295.0,76.274
PER,1783.283333333333,295.0,76.274
PER,1852.3277777777778,239.0,76.274
PER,1877.8833333333332,230.0,76.274
PER,1888.1944444444443,232.0,76.274
PER,1901.3055555555554,236.0,76.274
PER,1917.2388888888888,239.0,76.274
PER,1936.3038888888889,246.0,76.274
PER,1961.503888888889,252.0,76.274
PER,1984.4372222222223,258.0,76.274
PER,2004.8927777777776,263.0,76.274
PER,2025.6594444444443,267.0,76.274
PER,2046.5816666666665,269.0,76.274
PER,2061.6927777777773,272.0,76.274
PER,2076.859444444444,273.0,76.274
PER,2104.5594444444437,277.0,76.274
PER,2126.181666666666,278.0,76.274
PER,2160.6483333333326,282.0,76.274
PER,2176.3705555555553,283.0,76.274
PER,2188.992777777777,284.0,76.274
PER,2201.7386111111105,285.0,76.274
PER,2227.160833333333,286.0,76.274
PER,2252.760833333333,288.0,76.274
PER,2278.3608333333327,288.0,76.274
PER,2291.2941666666666,291.0,76.274
PER,2327.1052777777777,293.0,76.274
PER,2356.505277777778,294.0,76.274
PER,2376.2386111111114,296.0,76.274
PER,2415.8386111111113,297.0,76.274
PER,2448.8669444444445,298.0,76.274
PER,2462.1558333333332,299.0,76.274
PER,2478.7669444444446,299.0,76.274
PER,2492.055833333334,299.0,76.274
PER,2508.7225000000003,300.0,76.274
PER,2525.444722222223,301.0,76.274
PER,2542.278055555556,303.0,76.274
PER,2562.544722222223,304.0,76.274
PER,2579.5447222222233,306.0,76.274
PER,2593.1891666666675,307.0,76.274
PER,2620.655833333334,309.0,76.274
PER,2644.922500000001,312.0,76.274
PER,2669.3447222222235,314.0,76.274
PER,2697.3447222222235,315.0,76.274
PER,2732.5669444444457,317.0,76.274
PER,2750.2661111111124,317.0,76.274
PER,2767.932777777779,318.0,76.274
PER,2799.8327777777795,319.0,76.274
PER,2821.1661111111125,320.0,76.274
PER,2835.388333333335,320.0,76.274
PER,2860.2772222222243,320.0,76.274
PER,2888.8105555555576,321.0,76.274
PER,2903.077222222224,321.0,76.274
PER,2931.6105555555573,321.0,76.274
PER,2949.443888888891,321.0,76.274
PER,2974.4883333333346,322.0,76.274
PER,2999.610555555557,323.0,76.274
PER,3013.9661111111127,323.0,76.274
PER,3031.9105555555566,323.0,76.274
PER,3056.943055555557,323.0,76.274
PER,3071.3430555555565,324.0,76.274
PER,3100.1430555555567,324.0,76.274
PER,3136.2541666666675,325.0,76.274
PER,3172.47638888889,326.0,76.274
PER,3207.47638888889,315.0,76.274
PER,3220.5430555555567,294.0,76.274
PER,3235.9875000000015,278.0,76.274
PER,3253.8541666666683,268.0,76.274
PER,3287.7208333333347,254.0,76.274
PER,3298.920833333335,252.0,76.274
PER,3310.1208333333348,252.0,76.274
PER,3327.325555555557,257.0,76.274
PER,3338.7477777777794,257.0,76.274
PER,3350.2144444444457,258.0,76.274
PER,3367.147777777779,254.0,76.274
PER,3386.747777777779,252.0,76.274
PER,3411.947777777779,252.0,76.274
PER,3431.6255555555567,253.0,76.274
PER,3457.6255555555567,260.0,76.274
PER,3475.092222222223,262.0,76.274
PER,3492.892222222223,267.0,76.274
PER,3504.75888888889,267.0,76.274
PER,3523.0255555555564,274.0,76.274
PER,3554.136666666668,280.0,76.274
PER,3566.503333333335,280.0,76.274
PER,3585.5033333333345,285.0,76.274
PER,3614.4033333333346,289.0,76.274
PER,3630.625555555557,292.0,76.274
PER,3646.9588888888907,294.0,76.274
PER,3679.9588888888907,297.0,76.274
PER,3719.95888888889,300.0,76.274
PER,3736.7922222222237,303.0,76.274
PER,3750.3033333333346,304.0,76.274
PER,3774.103333333335,306.0,76.274
PER,3791.214444444446,308.0,76.274
PER,3808.436666666668,310.0,76.274
PER,3822.2588888888904,311.0,76.274
PER,3839.6788888888905,312.0,76.274
PER,3860.612222222224,314.0,76.274
PER,3874.6122222222234,315.0,76.274
PER,3895.745555555557,317.0,76.274
PER,3909.8344444444456,317.0,76.274
PER,3923.9677777777792,318.0,76.274
PER,3938.1011111111125,318.0,76.274
PER,3959.3677777777793,319.0,76.274
PER,3980.634444444446,319.0,76.274
PER,4011.0677777777796,249.0,76.274
PER,4035.023333333335,196.0,76.274
PER,4048.556666666668,174.0,76.274
PER,4056.9455555555573,151.0,76.274
PER,4064.6677777777795,139.0,76.274
PER,4074.5877777777796,128.0,76.274
PER,4080.1433333333352,125.0,76.274
PER,4091.0766666666686,123.0,76.274
PER,4106.232222222225,124.0,76.274
PER,4120.032222222225,138.0,76.274
PER,4126.521111111114,146.0,76.274
PER,4138.57666666667,155.0,76.274
PER,4145.865555555558,164.0,76.274
PER,4165.643333333336,178.0,76.274
PER,4174.043333333336,189.0,76.274
PER,4184.9322222222245,196.0,76.274
PER,4200.954444444446,206.0,76.274
PER,4215.146666666668,212.0,76.274
PER,4224.835555555557,218.0,76.274
PER,4239.702222222224,223.0,76.274
PER,4255.102222222225,231.0,76.274
PER,4281.7688888888915,240.0,76.274
PER,4297.968888888891,243.0,76.274
PER,4321.568888888892,236.0,76.274
PER,4334.513333333336,233.0,76.274
PER,4352.324444444447,229.0,76.274
PER,4370.213333333336,230.0,76.274
PER,4385.880000000003,235.0,76.274
PER,4399.046666666669,237.0,76.274
PER,4434.291111111113,244.0,76.274
PER,4448.000000000002,248.0,76.274
PER,4470.488888888891,253.0,76.274
PER,4484.766666666669,257.0,76.274
PER,4496.100000000002,255.0,76.274
PER,4513.911111111113,229.0,76.274
PER,4534.57777777778,186.0,76.274
PER,4544.97777777778,156.0,76.274
PER,4551.5555555555575,148.0,76.274
PER,4557.511111111113,134.0,76.274
PER,4566.17777777778,130.0,76.274
PER,4573.644444444446,112.0,76.274
PER,4579.644444444446,108.0,76.274
PER,4587.450000000002,100.0,76.274
PER,4593.783333333336,95.0,76.274
PER,4600.783333333336,90.0,76.274
PER,4606.983333333335,93.0,76.274
PER,4613.516666666668,98.0,76.274
PER,4619.2944444444465,104.0,76.274
PER,4624.050000000002,107.0,76.274
PER,4639.816666666668,129.0,76.274
PER,4645.816666666668,135.0,76.274
PER,4654.038888888891,148.0,76.274
PER,4661.016666666668,157.0,76.274
PER,4674.005555555557,167.0,76.274
PER,4687.461111111113,173.0,76.274
PER,4701.383333333335,179.0,76.274
PER,4719.983333333335,186.0,76.274
PER,4732.663611111113,191.0,76.274
PER,4745.863611111114,198.0,76.274
PER,4771.408055555558,209.0,76.274
PER,4780.874722222225,213.0,76.274
PER,4797.83027777778,218.0,76.274
PER,4810.219166666669,223.0,76.274
PER,4836.108055555558,233.0,76.274
PER,4849.33027777778,238.0,76.274
PER,4871.463611111114,249.0,76.274
PER,4894.2191666666695,256.0,76.274
PER,4905.685833333337,258.0,76.274
PER,4923.35916666667,264.0,76.274
PER,4947.359166666669,270.0,76.274
PER,4978.136944444447,277.0,76.274
PER,5003.203611111113,282.0,76.274
PER,5028.625833333335,286.0,76.274
PER,5044.68138888889,289.0,76.274
PER,5064.214722222224,293.0,76.274
PER,5090.4369444444455,295.0,76.274
PER,5106.88138888889,296.0,76.274
PER,5123.4369444444455,298.0,76.274
PER,5143.4369444444455,300.0,76.274
PER,5166.925833333335,302.0,76.274
PER,5187.259166666668,305.0,76.274
PER,5204.259166666668,306.0,76.274
PER,5217.859166666669,306.0,76.274
NOR,11.489722222222223,311.0,76.315
NOR,28.82305555555556,312.0,76.315
NOR,42.77861111111111,314.0,76.315
NOR,60.278611111111104,315.0,76.315
NOR,74.2786111111111,315.0,76.315
NOR,102.45638888888888,317.0,76.315
NOR,120.03472222222221,318.0,76.315
NOR,155.47916666666666,319.0,76.315
NOR,173.25694444444443,320.0,76.315
NOR,194.65694444444443,321.0,76.315
NOR,212.49027777777775,321.0,76.315
NOR,233.89027777777778,321.0,76.315
NOR,251.66805555555553,320.0,76.315
NOR,265.8013888888889,318.0,76.315
NOR,291.3013888888889,255.0,76.315
NOR,304.07916666666665,230.0,76.315
NOR,320.6458333333333,213.0,76.315
NOR,342.4236111111111,196.0,76.315
NOR,355.0236111111111,189.0,76.315
NOR,365.24583333333334,184.0,76.315
NOR,373.5125,186.0,76.315
NOR,386.51249999999993,195.0,76.315
NOR,397.73499999999996,201.0,76.315
NOR,409.2905555555555,208.0,76.315
NOR,423.4905555555555,213.0,76.315
NOR,433.0905555555555,216.0,76.315
NOR,502.13499999999993,239.0,76.315
NOR,529.4683333333332,246.0,76.315
NOR,540.535,249.0,76.315
NOR,554.535,252.0,76.315
NOR,571.6016666666667,256.0,76.315
NOR,591.9066666666666,262.0,76.315
NOR,618.8066666666666,269.0,76.315
NOR,643.1622222222222,274.0,76.315
NOR,664.8622222222223,279.0,76.315
NOR,686.7955555555556,282.0,76.315
NOR,709.04,286.0,76.315
NOR,725.0400000000001,288.0,76.315
NOR,741.2066666666667,291.0,76.315
NOR,770.8066666666668,296.0,76.315
NOR,794.0622222222223,299.0,76.315
NOR,830.9733333333334,302.0,76.315
NOR,847.8066666666667,303.0,76.315
NOR,861.3622222222222,305.0,76.315
NOR,875.0472222222222,306.0,76.315
NOR,902.4250000000001,308.0,76.315
NOR,929.8027777777777,308.0,76.315
NOR,957.2694444444444,309.0,76.315
NOR,970.7361111111111,303.0,76.315
NOR,998.3583333333332,226.0,76.315
NOR,1017.2583333333333,189.0,76.315
NOR,1027.925,160.0,76.315
NOR,1045.2583333333332,130.0,76.315
NOR,1058.4475,119.0,76.315
NOR,1063.6475,117.0,76.315
NOR,1069.8697222222222,112.0,76.315
NOR,1074.7586111111111,110.0,76.315
NOR,1080.7030555555557,107.0,76.315
NOR,1086.5919444444446,106.0,76.315
NOR,1092.5919444444446,108.0,76.315
NOR,1099.9919444444447,111.0,76.315
NOR,1106.436388888889,116.0,76.315
NOR,1111.8586111111113,122.0,76.315
NOR,1123.5919444444446,132.0,76.315
NOR,1134.8697222222222,145.0,76.315
NOR,1147.3141666666668,160.0,76.315
NOR,1162.6030555555558,172.0,76.315
NOR,1181.2697222222223,168.0,76.315
NOR,1190.5380555555557,166.0,76.315
NOR,1199.260277777778,157.0,76.315
NOR,1215.360277777778,161.0,76.315
NOR,1226.6269444444447,169.0,76.315
NOR,1234.1380555555559,169.0,76.315
NOR,1248.2158333333336,181.0,76.315
NOR,1265.1936111111115,191.0,76.315
NOR,1273.9936111111115,198.0,76.315
NOR,1292.3936111111113,207.0,76.315
NOR,1304.2825000000005,214.0,76.315
NOR,1321.6269444444447,223.0,76.315
NOR,1339.5936111111114,231.0,76.315
NOR,1349.949166666667,233.0,76.315
NOR,1363.1713888888892,238.0,76.315
NOR,1382.0038888888892,243.0,76.315
NOR,1392.981666666667,247.0,76.315
NOR,1415.3816666666671,252.0,76.315
NOR,1443.7150000000004,255.0,76.315
NOR,1472.270555555556,257.0,76.315
NOR,1501.3816666666671,262.0,76.315
NOR,1513.159444444445,265.0,76.315
NOR,1527.9927777777782,267.0,76.315
NOR,1545.9927777777784,270.0,76.315
NOR,1582.6594444444452,275.0,76.315
NOR,1594.9261111111118,276.0,76.315
NOR,1607.326111111112,279.0,76.315
NOR,1626.1375000000007,281.0,76.315
NOR,1638.670833333334,282.0,76.315
NOR,1651.2930555555563,284.0,76.315
NOR,1670.359722222223,286.0,76.315
NOR,1692.6819444444452,287.0,76.315
NOR,1721.4819444444452,288.0,76.315
NOR,1743.8041666666675,287.0,76.315
NOR,1772.6041666666674,288.0,76.315
NOR,1791.4041666666674,282.0,76.315
NOR,1808.8041666666675,261.0,76.315
NOR,1820.4041666666674,261.0,76.315
NOR,1836.8708333333338,247.0,76.315
NOR,1863.3152777777782,238.0,76.315
NOR,1873.7827777777784,237.0,76.315
NOR,1889.649444444445,238.0,76.315
NOR,1913.949444444445,243.0,76.315
NOR,1927.727222222223,248.0,76.315
NOR,1941.6716666666673,251.0,76.315
NOR,1970.0050000000006,255.0,76.315
NOR,2005.0716666666672,263.0,76.315
NOR,2019.849444444445,266.0,76.315
NOR,2031.849444444445,270.0,76.315
NOR,2052.927222222223,271.0,76.315
NOR,2068.0938888888895,273.0,76.315
NOR,2083.3161111111117,274.0,76.315
NOR,2095.5827777777786,276.0,76.315
NOR,2111.104444444445,278.0,76.315
NOR,2129.7044444444455,279.0,76.315
NOR,2142.14888888889,280.0,76.315
NOR,2160.815555555557,280.0,76.315
NOR,2173.3488888888896,282.0,76.315
NOR,2185.8822222222234,282.0,76.315
NOR,2198.460000000001,283.0,76.315
NOR,2217.3933333333343,284.0,76.315
NOR,2236.3933333333343,285.0,76.315
NOR,2271.3488888888896,286.0,76.315
NOR,2306.54888888889,288.0,76.315
NOR,2329.104444444445,290.0,76.315
NOR,2345.271111111112,291.0,76.315
NOR,2361.4933333333347,292.0,76.315
NOR,2384.2008333333342,293.0,76.315
NOR,2397.2675000000013,294.0,76.315
NOR,2423.489722222223,295.0,76.315
NOR,2459.6675000000014,296.0,76.315
NOR,2489.2675000000013,296.0,76.315
NOR,2502.467500000001,297.0,76.315
NOR,2525.645277777779,298.0,76.315
NOR,2538.9341666666683,299.0,76.315
NOR,2572.489722222224,302.0,76.315
NOR,2585.95638888889,303.0,76.315
NOR,2602.900833333335,305.0,76.315
NOR,2626.7786111111127,307.0,76.315
NOR,2647.3975000000014,308.0,76.315
NOR,2661.1308333333345,309.0,76.315
NOR,2681.7975000000015,310.0,76.315
NOR,2702.530833333335,311.0,76.315
NOR,2737.0863888888907,311.0,76.315
NOR,2757.9530555555575,313.0,76.315
NOR,2789.3530555555576,314.0,76.315
NOR,2806.7975000000015,314.0,76.315
NOR,2831.219722222224,314.0,76.315
NOR,2855.719722222224,315.0,76.315
NOR,2876.719722222224,315.0,76.315
NOR,2894.2197222222235,315.0,76.315
NOR,2939.719722222224,315.0,76.315
NOR,2957.1875000000014,316.0,76.315
NOR,2985.2763888888903,316.0,76.315
NOR,3002.8875000000016,317.0,76.315
NOR,3016.97638888889,317.0,76.315
NOR,3041.6319444444457,317.0,76.315
NOR,3076.9652777777787,318.0,76.315
NOR,3098.165277777779,318.0,76.315
NOR,3112.298611111112,318.0,76.315
NOR,3126.3875000000016,317.0,76.315
NOR,3147.4541666666687,316.0,76.315
NOR,3168.4541666666682,315.0,76.315
NOR,3185.9541666666687,315.0,76.315
NOR,3210.151388888891,310.0,76.315
NOR,3229.2180555555574,286.0,76.315
NOR,3250.062500000002,268.0,76.315
NOR,3267.4625000000015,261.0,76.315
NOR,3284.2625000000016,252.0,76.315
NOR,3298.2069444444464,251.0,76.315
NOR,3309.3180555555573,250.0,76.315
NOR,3340.362500000002,254.0,76.315
NOR,3351.784722222224,257.0,76.315
NOR,3365.951388888891,255.0,76.315
NOR,3377.284722222224,255.0,76.315
NOR,3397.195833333335,256.0,76.315
NOR,3417.106944444446,256.0,76.315
NOR,3437.1736111111127,258.0,76.315
NOR,3463.473611111113,263.0,76.315
NOR,3481.0002777777795,264.0,76.315
NOR,3498.8669444444463,268.0,76.315
NOR,3532.478055555557,275.0,76.315
NOR,3544.70027777778,275.0,76.315
NOR,3566.5558333333347,281.0,76.315
NOR,3582.2780555555573,283.0,76.315
NOR,3614.166944444446,287.0,76.315
NOR,3630.2225000000017,289.0,76.315
NOR,3656.266944444446,293.0,76.315
NOR,3682.666944444446,297.0,76.315
NOR,3695.866944444446,297.0,76.315
NOR,3715.8833333333346,299.0,76.315
NOR,3742.63888888889,301.0,76.315
NOR,3776.4166666666683,304.0,76.315
NOR,3803.6166666666677,306.0,76.315
NOR,3830.9944444444454,308.0,76.315
NOR,3848.1611111111124,309.0,76.315
NOR,3868.8277777777794,310.0,76.315
NOR,3896.6500000000015,313.0,76.315
NOR,3914.03888888889,313.0,76.315
NOR,3931.483333333335,314.0,76.315
NOR,3952.3500000000017,313.0,76.315
NOR,3976.6944444444457,313.0,76.315
NOR,3997.027777777779,305.0,76.315
NOR,4012.1388888888905,272.0,76.315
NOR,4022.805555555557,240.0,76.315
NOR,4034.303333333335,208.0,76.315
NOR,4046.5700000000015,184.0,76.315
NOR,4064.7811111111128,149.0,76.315
NOR,4078.681111111113,139.0,76.315
NOR,4087.614444444446,134.0,76.315
NOR,4093.4811111111126,132.0,76.315
NOR,4099.170000000001,128.0,76.315
NOR,4106.281111111112,128.0,76.315
NOR,4113.447777777779,129.0,76.315
NOR,4120.892222222224,134.0,76.315
NOR,4130.225555555557,140.0,76.315
NOR,4140.267222222224,150.0,76.315
NOR,4151.200555555557,164.0,76.315
NOR,4158.845000000001,172.0,76.315
NOR,4173.23388888889,185.0,76.315
NOR,4188.245000000001,193.0,76.315
NOR,4201.778333333335,203.0,76.315
NOR,4210.93388888889,206.0,76.315
NOR,4225.267222222223,215.0,76.315
NOR,4240.000555555555,221.0,76.315
NOR,4250.045,226.0,76.315
NOR,4268.011666666667,231.0,76.315
NOR,4283.611666666667,234.0,76.315
NOR,4302.122777777778,238.0,76.315
NOR,4323.367222222222,239.0,76.315
NOR,4336.589444444445,238.0,76.315
NOR,4347.122777777778,237.0,76.315
NOR,4360.289444444445,237.0,76.315
NOR,4373.390277777778,237.0,76.315
NOR,4394.456944444444,237.0,76.315
NOR,4418.456944444444,240.0,76.315
NOR,4442.956944444444,245.0,76.315
NOR,4459.290277777777,245.0,76.315
NOR,4486.7347222222215,247.0,76.315
NOR,4497.890277777778,251.0,76.315
NOR,4509.090277777777,252.0,76.315
NOR,4527.0569444444445,231.0,76.315
NOR,4546.55,175.0,76.315
NOR,4557.983333333334,147.0,76.315
NOR,4566.65,130.0,76.315
NOR,4573.372222222222,121.0,76.315
NOR,4583.238888888889,111.0,76.315
NOR,4588.038888888889,108.0,76.315
NOR,4592.6611111111115,104.0,76.315
NOR,4597.150000000001,101.0,76.315
NOR,4603.75,99.0,76.315
NOR,4612.016666666666,93.0,76.315
NOR,4623.238888888889,101.0,76.315
NOR,4629.127777777778,106.0,76.315
NOR,4637.9944444444445,114.0,76.315
NOR,4649.816666666667,133.0,76.315
NOR,4663.15,150.0,76.315
NOR,4678.172222222222,169.0,76.315
NOR,4687.735277777778,173.0,76.315
NOR,4695.424166666667,173.0,76.315
NOR,4709.113055555556,176.0,76.315
NOR,4719.0575,179.0,76.315
NOR,4733.368611111111,184.0,76.315
NOR,4748.146388888889,190.0,76.315
NOR,4765.924166666667,200.0,76.315
NOR,4777.257500000001,204.0,76.315
NOR,4796.101944444445,212.0,76.315
NOR,4805.524166666667,212.0,76.315
NOR,4815.318333333334,219.0,76.315
NOR,4838.318333333334,230.0,76.315
NOR,4859.562777777777,239.0,76.315
NOR,4875.762777777777,243.0,76.315
NOR,4906.807222222223,254.0,76.315
NOR,4924.073888888889,259.0,76.315
NOR,4938.685,263.0,76.315
NOR,4956.618333333334,269.0,76.315
NOR,4980.97388888889,274.0,76.315
NOR,5008.673888888889,277.0,76.315
NOR,5021.118333333334,280.0,76.315
NOR,5033.785,285.0,76.315
NOR,5049.729444444444,287.0,76.315
NOR,5068.996111111111,289.0,76.315
NOR,5091.862777777777,294.0,76.315
NOR,5108.307222222222,296.0,76.315
NOR,5124.862777777777,298.0,76.315
NOR,5165.1786111111105,303.0,76.315
NOR,5192.289722222221,305.0,76.315
NOR,5212.6897222222215,306.0,76.315
LEC,11.158333333333333,309.0,76.304
LEC,24.980555555555554,311.0,76.304
LEC,45.91388888888889,314.0,76.304
LEC,59.86944444444444,314.0,76.304
LEC,91.56944444444446,317.0,76.304
LEC,109.23611111111111,318.0,76.304
LEC,133.96944444444443,318.0,76.304
LEC,151.6361111111111,318.0,76.304
LEC,169.46944444444443,321.0,76.304
LEC,194.51388888888889,322.0,76.304
LEC,212.45833333333334,323.0,76.304
LEC,233.85833333333332,321.0,76.304
LEC,261.68055555555554,313.0,76.304
LEC,280.8266666666666,286.0,76.304
LEC,292.2488888888888,257.0,76.304
LEC,340.64888888888885,198.0,76.304
LEC,353.6488888888888,195.0,76.304
LEC,364.25999999999993,191.0,76.304
LEC,383.35999999999996,191.0,76.304
LEC,396.76,201.0,76.304
LEC,417.96,212.0,76.304
LEC,427.56,216.0,76.304
LEC,439.8377777777778,221.0,76.304
LEC,454.90805555555556,227.0,76.304
LEC,467.7969444444445,232.0,76.304
LEC,488.8636111111111,237.0,76.304
LEC,504.93027777777775,241.0,76.304
LEC,523.9080555555555,244.0,76.304
LEC,540.5747222222221,250.0,76.304
LEC,560.3302777777776,254.0,76.304
LEC,571.7969444444443,258.0,76.304
LEC,589.1302777777777,260.0,76.304
LEC,606.9302777777775,267.0,76.304
LEC,628.0858333333332,272.0,76.304
LEC,646.4858333333332,276.0,76.304
LEC,658.8858333333332,279.0,76.304
LEC,693.2302777777776,281.0,76.304
LEC,706.0655555555553,287.0,76.304
LEC,728.5433333333331,289.0,76.304
LEC,757.9433333333332,294.0,76.304
LEC,781.0433333333331,297.0,76.304
LEC,797.6544444444443,299.0,76.304
LEC,827.9544444444442,303.0,76.304
LEC,851.6766666666664,305.0,76.304
LEC,878.9655555555553,307.0,76.304
LEC,892.7433333333331,310.0,76.304
LEC,910.0211111111108,311.0,76.304
LEC,930.8211111111109,312.0,76.304
LEC,955.0877777777777,312.0,76.304
LEC,984.126111111111,262.0,76.304
LEC,999.5261111111109,231.0,76.304
LEC,1010.8594444444442,204.0,76.304
LEC,1024.1594444444443,171.0,76.304
LEC,1031.0038888888887,154.0,76.304
LEC,1043.0927777777774,136.0,76.304
LEC,1050.148333333333,127.0,76.304
LEC,1056.7594444444442,119.0,76.304
LEC,1063.0927777777774,114.0,76.304
LEC,1071.570555555555,109.0,76.304
LEC,1077.459444444444,106.0,76.304
LEC,1084.659444444444,108.0,76.304
LEC,1092.1927777777773,113.0,76.304
LEC,1100.0594444444441,118.0,76.304
LEC,1105.649722222222,125.0,76.304
LEC,1119.049722222222,134.0,76.304
LEC,1128.7830555555554,146.0,76.304
LEC,1143.7830555555554,150.0,76.304
LEC,1166.9830555555554,174.0,76.304
LEC,1176.3163888888887,168.0,76.304
LEC,1185.5941666666665,167.0,76.304
LEC,1204.260833333333,168.0,76.304
LEC,1211.7274999999997,168.0,76.304
LEC,1219.060833333333,165.0,76.304
LEC,1230.2608333333328,168.0,76.304
LEC,1240.0386111111106,176.0,76.304
LEC,1250.094166666666,181.0,76.304
LEC,1262.6416666666662,189.0,76.304
LEC,1284.6416666666662,198.0,76.304
LEC,1298.3749999999995,206.0,76.304
LEC,1325.0194444444442,218.0,76.304
LEC,1334.9749999999997,224.0,76.304
LEC,1355.508333333333,231.0,76.304
LEC,1373.9416666666664,237.0,76.304
LEC,1384.6527777777776,241.0,76.304
LEC,1398.097222222222,242.0,76.304
LEC,1414.5638888888884,247.0,76.304
LEC,1436.8749999999995,251.0,76.304
LEC,1450.930555555555,253.0,76.304
LEC,1476.5013888888884,255.0,76.304
LEC,1487.9236111111106,257.0,76.304
LEC,1499.4347222222218,259.0,76.304
LEC,1513.9902777777772,262.0,76.304
LEC,1531.5902777777774,264.0,76.304
LEC,1549.456944444444,268.0,76.304
LEC,1579.6791666666663,272.0,76.304
LEC,1594.9013888888885,274.0,76.304
LEC,1622.7013888888885,278.0,76.304
LEC,1647.6791666666663,281.0,76.304
LEC,1682.634722222222,286.0,76.304
LEC,1695.3458333333328,286.0,76.304
LEC,1711.2902777777774,287.0,76.304
LEC,1727.2902777777774,288.0,76.304
LEC,1743.3208333333328,290.0,76.304
LEC,1759.4874999999997,291.0,76.304
LEC,1775.5986111111108,290.0,76.304
LEC,1791.4874999999997,286.0,76.304
LEC,1806.3763888888886,268.0,76.304
LEC,1817.709722222222,255.0,76.304
LEC,1831.0986111111108,241.0,76.304
LEC,1846.898611111111,237.0,76.304
LEC,1865.098611111111,234.0,76.304
LEC,1890.8763888888886,232.0,76.304
LEC,1901.2763888888887,234.0,76.304
LEC,1922.8763888888886,243.0,76.304
LEC,1942.0097222222219,246.0,76.304
LEC,1958.6788888888887,249.0,76.304
LEC,1972.5677777777776,250.0,76.304
LEC,2001.123333333333,257.0,76.304
LEC,2015.4011111111108,257.0,76.304
LEC,2048.1566666666663,268.0,76.304
LEC,2069.2344444444443,271.0,76.304
LEC,2090.4677777777774,273.0,76.304
LEC,2102.6899999999996,275.0,76.304
LEC,2130.3899999999994,277.0,76.304
LEC,2142.701111111111,277.0,76.304
LEC,2161.234444444444,278.0,76.304
LEC,2179.9677777777774,281.0,76.304
LEC,2192.4566666666665,281.0,76.304
LEC,2211.1899999999996,281.0,76.304
LEC,2245.8222222222216,284.0,76.304
LEC,2258.4444444444443,284.0,76.304
LEC,2274.333333333333,286.0,76.304
LEC,2287.0444444444443,286.0,76.304
LEC,2315.9444444444443,289.0,76.304
LEC,2338.422222222222,289.0,76.304
LEC,2374.111111111111,292.0,76.304
LEC,2396.8999999999996,293.0,76.304
LEC,2419.7666666666664,294.0,76.304
LEC,2439.4333333333334,295.0,76.304
LEC,2452.5888888888885,296.0,76.304
LEC,2465.781944444444,295.0,76.304
LEC,2492.093055555555,296.0,76.304
LEC,2518.493055555555,297.0,76.304
LEC,2545.1597222222217,300.0,76.304
LEC,2561.8819444444434,301.0,76.304
LEC,2592.2819444444435,304.0,76.304
LEC,2612.74861111111,307.0,76.304
LEC,2629.8597222222215,308.0,76.304
LEC,2650.459722222221,309.0,76.304
LEC,2681.6597222222217,312.0,76.304
LEC,2716.4374999999995,313.0,76.304
LEC,2744.3486111111106,314.0,76.304
LEC,2775.8486111111106,315.0,76.304
LEC,2796.8274999999994,316.0,76.304
LEC,2817.960833333333,317.0,76.304
LEC,2842.6941666666667,318.0,76.304
LEC,2856.8275,318.0,76.304
LEC,2878.0941666666668,319.0,76.304
LEC,2892.2275,318.0,76.304
LEC,2924.1275,319.0,76.304
LEC,2949.016388888889,320.0,76.304
LEC,2977.3719444444446,319.0,76.304
LEC,2995.1497222222224,320.0,76.304
LEC,3009.371944444444,320.0,76.304
LEC,3030.794166666666,320.0,76.304
LEC,3048.571944444444,320.0,76.304
LEC,3084.2386111111105,321.0,76.304
LEC,3102.071944444444,321.0,76.304
LEC,3127.1163888888887,322.0,76.304
LEC,3159.3163888888885,322.0,76.304
LEC,3177.094166666666,320.0,76.304
LEC,3211.649722222222,311.0,76.304
LEC,3225.116388888888,303.0,76.304
LEC,3247.0497222222216,282.0,76.304
LEC,3262.1608333333324,272.0,76.304
LEC,3273.805277777777,262.0,76.304
LEC,3290.9386111111107,257.0,76.304
LEC,3305.0497222222216,254.0,76.304
LEC,3322.0497222222216,255.0,76.304
LEC,3349.9797222222214,252.0,76.304
LEC,3363.86861111111,250.0,76.304
LEC,3385.824166666666,247.0,76.304
LEC,3399.435277777777,245.0,76.304
LEC,3423.8352777777773,244.0,76.304
LEC,3448.7352777777774,249.0,76.304
LEC,3462.679722222222,251.0,76.304
LEC,3479.613055555555,254.0,76.304
LEC,3493.890833333333,257.0,76.304
LEC,3523.001944444444,262.0,76.304
LEC,3540.943055555555,268.0,76.304
LEC,3568.143055555555,272.0,76.304
LEC,3592.943055555555,279.0,76.304
LEC,3624.498611111111,284.0,76.304
LEC,3656.498611111111,288.0,76.304
LEC,3669.343055555555,289.0,76.304
LEC,3701.8986111111108,293.0,76.304
LEC,3734.898611111111,297.0,76.304
LEC,3748.1875,299.0,76.304
LEC,3764.854166666667,300.0,76.304
LEC,3781.5763888888887,301.0,76.304
LEC,3801.7097222222224,302.0,76.304
LEC,3822.043055555556,305.0,76.304
LEC,3845.843055555556,306.0,76.304
LEC,3859.576388888889,309.0,76.304
LEC,3873.223888888889,309.0,76.304
LEC,3890.446111111112,310.0,76.304
LEC,3918.1794444444454,312.0,76.304
LEC,3956.6794444444454,315.0,76.304
LEC,3970.679444444446,315.0,76.304
LEC,3994.8683333333342,311.0,76.304
LEC,4013.335000000001,277.0,76.304
LEC,4026.9461111111123,245.0,76.304
LEC,4038.835000000001,214.0,76.304
LEC,4054.4794444444456,176.0,76.304
LEC,4063.3011111111123,158.0,76.304
LEC,4074.345555555557,142.0,76.304
LEC,4083.2788888888904,134.0,76.304
LEC,4093.234444444446,128.0,76.304
LEC,4098.834444444446,126.0,76.304
LEC,4105.77888888889,125.0,76.304
LEC,4115.967777777779,131.0,76.304
LEC,4121.878888888889,133.0,76.304
LEC,4131.47888888889,144.0,76.304
LEC,4137.878888888889,144.0,76.304
LEC,4150.634444444445,164.0,76.304
LEC,4170.745555555556,181.0,76.304
LEC,4189.945555555556,192.0,76.304
LEC,4208.167777777779,205.0,76.304
LEC,4219.834444444446,210.0,76.304
LEC,4239.301111111112,219.0,76.304
LEC,4251.572777777778,222.0,76.304
LEC,4266.839444444445,229.0,76.304
LEC,4277.150555555556,232.0,76.304
LEC,4306.850555555557,243.0,76.304
LEC,4320.18388888889,240.0,76.304
LEC,4343.8838888888895,237.0,76.304
LEC,4370.217222222223,237.0,76.304
LEC,4402.08388888889,239.0,76.304
LEC,4420.973333333334,242.0,76.304
LEC,4445.773333333334,248.0,76.304
LEC,4456.9288888888905,251.0,76.304
LEC,4485.373333333335,256.0,76.304
LEC,4508.484444444446,260.0,76.304
LEC,4522.2622222222235,248.0,76.304
LEC,4534.373333333335,218.0,76.304
LEC,4551.173333333335,168.0,76.304
LEC,4559.506666666668,150.0,76.304
LEC,4567.062222222224,136.0,76.304
LEC,4577.995555555557,123.0,76.304
LEC,4585.662222222223,115.0,76.304
LEC,4591.773333333334,110.0,76.304
LEC,4603.1066666666675,102.0,76.304
LEC,4610.651111111112,97.0,76.304
LEC,4616.151111111112,99.0,76.304
LEC,4627.899444444445,106.0,76.304
LEC,4635.299444444445,111.0,76.304
LEC,4641.910555555556,119.0,76.304
LEC,4686.1772222222235,166.0,76.304
LEC,4699.555000000001,172.0,76.304
LEC,4707.24388888889,173.0,76.304
LEC,4719.093055555557,177.0,76.304
LEC,4733.3263888888905,183.0,76.304
LEC,4743.548611111113,184.0,76.304
LEC,4763.048611111113,195.0,76.304
LEC,4774.1597222222235,200.0,76.304
LEC,4785.548611111112,205.0,76.304
LEC,4801.959722222224,211.0,76.304
LEC,4821.515277777779,220.0,76.304
LEC,4831.559722222223,226.0,76.304
LEC,4849.681944444445,233.0,76.304
LEC,4876.459722222223,241.0,76.304
LEC,4907.137500000002,251.0,76.304
LEC,4918.559722222223,257.0,76.304
LEC,4930.070833333334,259.0,76.304
LEC,4941.759722222223,263.0,76.304
LEC,4953.537500000001,265.0,76.304
LEC,4974.615277777778,271.0,76.304
LEC,4986.793055555557,274.0,76.304
LEC,5008.415555555556,279.0,76.304
LEC,5027.148888888889,281.0,76.304
LEC,5062.348888888889,288.0,76.304
LEC,5094.682222222223,291.0,76.304
LEC,5117.704444444445,296.0,76.304
LEC,5134.315555555556,299.0,76.304
LEC,5164.599444444444,302.0,76.304
LEC,5195.099444444445,305.0,76.304
LEC,5232.743888888889,308.0,76.304
PIA,36.516666666666666,313.0,76.572
PIA,60.93888888888888,314.0,76.572
PIA,92.53888888888889,316.0,76.572
PIA,120.80555555555554,318.0,76.572
PIA,145.69444444444443,320.0,76.572
PIA,167.09444444444443,321.0,76.572
PIA,181.40555555555557,322.0,76.572
PIA,202.78277777777777,322.0,76.572
PIA,234.98277777777776,322.0,76.572
PIA,273.9161111111111,292.0,76.572
PIA,297.3161111111111,234.0,76.572
PIA,321.8827777777778,201.0,76.572
PIA,340.7827777777778,189.0,76.572
PIA,357.1383333333333,184.0,76.572
PIA,371.52722222222224,185.0,76.572
PIA,381.9716666666667,188.0,76.572
PIA,411.43833333333333,204.0,76.572
PIA,420.77166666666665,210.0,76.572
PIA,430.14944444444444,211.0,76.572
PIA,439.7938888888889,217.0,76.572
PIA,452.18888888888887,222.0,76.572
PIA,472.5444444444444,229.0,76.572
PIA,490.6666666666667,233.0,76.572
PIA,506.46666666666664,237.0,76.572
PIA,519.8555555555555,241.0,76.572
PIA,536.2555555555555,246.0,76.572
PIA,552.8555555555555,249.0,76.572
PIA,567.0222222222221,255.0,76.572
PIA,578.4444444444443,257.0,76.572
PIA,593.0555555555555,263.0,76.572
PIA,604.8333333333333,265.0,76.572
PIA,629.0111111111111,272.0,76.572
PIA,644.2677777777777,276.0,76.572
PIA,675.49,281.0,76.572
PIA,691.2677777777778,284.0,76.572
PIA,710.401111111111,287.0,76.572
PIA,726.4566666666667,289.0,76.572
PIA,745.9233333333334,292.0,76.572
PIA,762.2566666666667,294.0,76.572
PIA,775.4122222222222,296.0,76.572
PIA,805.4122222222222,300.0,76.572
PIA,822.1344444444445,301.0,76.572
PIA,845.7011111111111,303.0,76.572
PIA,879.8122222222222,307.0,76.572
PIA,900.4122222222222,309.0,76.572
PIA,917.6344444444444,310.0,76.572
PIA,931.4566666666666,311.0,76.572
PIA,952.1899999999999,311.0,76.572
PIA,968.3816666666667,290.0,76.572
PIA,982.7149999999999,258.0,76.572
PIA,998.9816666666666,244.0,76.572
PIA,1008.0927777777777,205.0,76.572
PIA,1045.648333333333,130.0,76.572
PIA,1058.7594444444442,118.0,76.572
PIA,1063.8261111111108,114.0,76.572
PIA,1070.048333333333,112.0,76.572
PIA,1077.1816666666662,107.0,76.572
PIA,1085.3191666666662,105.0,76.572
PIA,1096.4191666666663,111.0,76.572
PIA,1107.1747222222218,121.0,76.572
PIA,1117.5191666666663,133.0,76.572
PIA,1128.4858333333327,141.0,76.572
PIA,1140.6191666666662,156.0,76.572
PIA,1149.5636111111105,161.0,76.572
PIA,1159.2858333333327,175.0,76.572
PIA,1176.4858333333327,172.0,76.572
PIA,1189.3191666666662,165.0,76.572
PIA,1209.7302777777775,167.0,76.572
PIA,1219.2302777777775,171.0,76.572
PIA,1226.9636111111108,174.0,76.572
PIA,1234.7452777777776,174.0,76.572
PIA,1250.9230555555553,182.0,76.572
PIA,1268.0786111111108,193.0,76.572
PIA,1286.389722222222,206.0,76.572
PIA,1295.5452777777775,206.0,76.572
PIA,1322.4341666666664,220.0,76.572
PIA,1345.5341666666664,231.0,76.572
PIA,1361.400833333333,238.0,76.572
PIA,1394.3341666666663,247.0,76.572
PIA,1422.3749999999998,253.0,76.572
PIA,1433.6638888888888,254.0,76.572
PIA,1447.886111111111,256.0,76.572
PIA,1459.3083333333332,257.0,76.572
PIA,1473.697222222222,259.0,76.572
PIA,1488.1416666666667,260.0,76.572
PIA,1502.8083333333332,264.0,76.572
PIA,1520.4749999999997,265.0,76.572
PIA,1535.3638888888886,268.0,76.572
PIA,1547.4527777777776,272.0,76.572
PIA,1571.8972222222221,275.0,76.572
PIA,1593.5194444444444,278.0,76.572
PIA,1615.375,281.0,76.572
PIA,1640.5305555555556,283.0,76.572
PIA,1672.4194444444443,287.0,76.572
PIA,1688.4994444444442,288.0,76.572
PIA,1704.5549999999996,289.0,76.572
PIA,1733.5549999999996,290.0,76.572
PIA,1752.8216666666665,289.0,76.572
PIA,1765.7105555555554,290.0,76.572
PIA,1788.188333333333,289.0,76.572
PIA,1810.8549999999998,255.0,76.572
PIA,1821.7883333333332,246.0,76.572
PIA,1842.9438888888888,238.0,76.572
PIA,1855.888333333333,233.0,76.572
PIA,1873.8549999999998,231.0,76.572
PIA,1891.977222222222,233.0,76.572
PIA,1902.4661111111109,236.0,76.572
PIA,1915.8549999999998,241.0,76.572
PIA,1934.9199999999998,246.0,76.572
PIA,1945.942222222222,248.0,76.572
PIA,1968.4311111111108,253.0,76.572
PIA,1997.2088888888884,259.0,76.572
PIA,2026.764444444444,266.0,76.572
PIA,2056.764444444444,270.0,76.572
PIA,2068.853333333333,272.0,76.572
PIA,2084.075555555555,274.0,76.572
PIA,2102.4088888888887,275.0,76.572
PIA,2139.6088888888885,279.0,76.572
PIA,2152.008888888888,279.0,76.572
PIA,2164.497777777777,281.0,76.572
PIA,2183.3761111111103,282.0,76.572
PIA,2195.953888888888,283.0,76.572
PIA,2208.531666666666,283.0,76.572
PIA,2227.464999999999,284.0,76.572
PIA,2249.6316666666658,285.0,76.572
PIA,2278.3316666666656,287.0,76.572
PIA,2300.809444444443,289.0,76.572
PIA,2329.809444444443,290.0,76.572
PIA,2349.27611111111,292.0,76.572
PIA,2368.809444444443,293.0,76.572
PIA,2381.87611111111,294.0,76.572
PIA,2401.47611111111,294.0,76.572
PIA,2434.364999999999,296.0,76.572
PIA,2447.438333333332,296.0,76.572
PIA,2467.2383333333323,297.0,76.572
PIA,2496.938333333332,297.0,76.572
PIA,2513.4383333333326,297.0,76.572
PIA,2529.938333333332,297.0,76.572
PIA,2563.3827777777765,301.0,76.572
PIA,2604.0494444444435,305.0,76.572
PIA,2621.1049999999987,307.0,76.572
PIA,2634.7494444444433,307.0,76.572
PIA,2658.7827777777766,309.0,76.572
PIA,2676.0049999999983,310.0,76.572
PIA,2693.282777777776,311.0,76.572
PIA,2707.104999999998,311.0,76.572
PIA,2724.5249999999983,312.0,76.572
PIA,2745.391666666665,313.0,76.572
PIA,2759.3027777777766,313.0,76.572
PIA,2780.2361111111095,314.0,76.572
PIA,2794.1916666666652,314.0,76.572
PIA,2808.191666666665,315.0,76.572
PIA,2822.2361111111095,316.0,76.572
PIA,2843.236111111109,315.0,76.572
PIA,2864.236111111109,315.0,76.572
PIA,2902.8583333333318,316.0,76.572
PIA,2941.602777777776,317.0,76.572
PIA,2966.2583333333314,317.0,76.572
PIA,2983.8694444444423,317.0,76.572
PIA,3001.4805555555536,317.0,76.572
PIA,3026.048055555553,317.0,76.572
PIA,3040.225833333331,319.0,76.572
PIA,3068.5813888888865,319.0,76.572
PIA,3107.570277777775,319.0,76.572
PIA,3139.470277777775,319.0,76.572
PIA,3153.603611111109,318.0,76.572
PIA,3178.2591666666644,317.0,76.572
PIA,3192.348055555553,317.0,76.572
PIA,3225.125833333331,295.0,76.572
PIA,3237.703611111109,283.0,76.572
PIA,3252.981388888886,275.0,76.572
PIA,3273.670277777775,266.0,76.572
PIA,3291.0758333333306,260.0,76.572
PIA,3302.6313888888862,260.0,76.572
PIA,3319.8980555555527,259.0,76.572
PIA,3337.3647222222194,262.0,76.572
PIA,3366.142499999997,259.0,76.572
PIA,3383.275833333331,257.0,76.572
PIA,3408.875833333331,256.0,76.572
PIA,3423.0424999999977,255.0,76.572
PIA,3443.031388888887,257.0,76.572
PIA,3463.409166666664,262.0,76.572
PIA,3481.075833333331,265.0,76.572
PIA,3495.9091666666645,267.0,76.572
PIA,3535.6313888888862,275.0,76.572
PIA,3551.053888888887,279.0,76.572
PIA,3576.1205555555534,282.0,76.572
PIA,3591.898333333331,284.0,76.572
PIA,3604.564999999998,285.0,76.572
PIA,3627.042777777775,289.0,76.572
PIA,3659.598333333331,293.0,76.572
PIA,3679.331666666664,296.0,76.572
PIA,3692.48722222222,296.0,76.572
PIA,3705.68722222222,297.0,76.572
PIA,3725.6205555555534,299.0,76.572
PIA,3745.68722222222,301.0,76.572
PIA,3762.4649999999974,302.0,76.572
PIA,3786.1938888888867,304.0,76.572
PIA,3806.5938888888863,306.0,76.572
PIA,3830.471666666664,307.0,76.572
PIA,3851.0049999999974,308.0,76.572
PIA,3871.6716666666644,310.0,76.572
PIA,3888.893888888886,310.0,76.572
PIA,3902.7161111111086,311.0,76.572
PIA,3940.849444444442,312.0,76.572
PIA,3954.760555555553,313.0,76.572
PIA,3972.0938888888863,312.0,76.572
PIA,3985.8716666666637,310.0,76.572
PIA,4007.182777777775,274.0,76.572
PIA,4024.760555555553,226.0,76.572
PIA,4041.3272222222195,213.0,76.572
PIA,4056.8272222222195,155.0,76.572
PIA,4066.3872222222194,144.0,76.572
PIA,4075.7872222222195,141.0,76.572
PIA,4091.6761111111086,130.0,76.572
PIA,4097.4538888888865,130.0,76.572
PIA,4107.331666666664,127.0,76.572
PIA,4114.49833333333,129.0,76.572
PIA,4130.387222222219,143.0,76.572
PIA,4138.887222222219,153.0,76.572
PIA,4153.731666666664,167.0,76.572
PIA,4169.909444444442,182.0,76.572
PIA,4178.176111111108,186.0,76.572
PIA,4191.364166666664,197.0,76.572
PIA,4209.764166666663,207.0,76.572
PIA,4233.986388888885,218.0,76.572
PIA,4254.075277777773,226.0,76.572
PIA,4274.786388888884,233.0,76.572
PIA,4287.95305555555,237.0,76.572
PIA,4303.95305555555,240.0,76.572
PIA,4325.286388888883,240.0,76.572
PIA,4338.619722222217,240.0,76.572
PIA,4351.95305555555,240.0,76.572
PIA,4367.886388888884,239.0,76.572
PIA,4386.630833333328,241.0,76.572
PIA,4402.764166666661,242.0,76.572
PIA,4416.264166666661,243.0,76.572
PIA,4427.197499999995,246.0,76.572
PIA,4440.740555555551,245.0,76.572
PIA,4457.073888888884,245.0,76.572
PIA,4487.629444444439,250.0,76.572
PIA,4512.9294444444395,253.0,76.572
PIA,4527.2627777777725,215.0,76.572
PIA,4536.24055555555,202.0,76.572
PIA,4544.284999999994,181.0,76.572
PIA,4553.784999999994,171.0,76.572
PIA,4561.896111111106,146.0,76.572
PIA,4569.34055555555,134.0,76.572
PIA,4577.6072222222165,124.0,76.572
PIA,4585.305833333327,115.0,76.572
PIA,4592.772499999994,112.0,76.572
PIA,4597.394722222216,104.0,76.572
PIA,4605.094722222216,99.0,76.572
PIA,4612.716944444438,98.0,76.572
PIA,4619.383611111105,100.0,76.572
PIA,4623.916944444438,102.0,76.572
PIA,4631.116944444439,108.0,76.572
PIA,4638.650277777771,113.0,76.572
PIA,4644.028055555549,121.0,76.572
PIA,4654.450277777772,134.0,76.572
PIA,4664.050277777771,144.0,76.572
PIA,4675.950277777771,153.0,76.572
PIA,4690.528055555549,164.0,76.572
PIA,4699.861388888882,168.0,76.572
PIA,4707.328055555548,168.0,76.572
PIA,4716.828055555548,171.0,76.572
PIA,4726.446388888881,174.0,76.572
PIA,4742.357499999992,179.0,76.572
PIA,4761.357499999992,190.0,76.572
PIA,4781.357499999992,200.0,76.572
PIA,4795.0908333333255,206.0,76.572
PIA,4819.090833333325,216.0,76.572
PIA,4828.824166666658,219.0,76.572
PIA,4838.868611111102,226.0,76.572
PIA,4856.913055555547,232.0,76.572
PIA,4883.869166666657,242.0,76.572
PIA,4903.546944444435,253.0,76.572
PIA,4920.546944444435,255.0,76.572
PIA,4934.935833333324,259.0,76.572
PIA,4958.49138888888,265.0,76.572
PIA,4970.358055555546,267.0,76.572
PIA,4982.358055555546,270.0,76.572
PIA,4994.535833333324,274.0,76.572
PIA,5013.002499999991,277.0,76.572
PIA,5038.069166666657,282.0,76.572
PIA,5069.958055555547,287.0,76.572
PIA,5086.069166666657,290.0,76.572
PIA,5108.858055555546,293.0,76.572
PIA,5135.258055555547,297.0,76.572
PIA,5161.924722222213,300.0,76.572
PIA,5188.946944444436,304.0,76.572
PIA,5205.861944444436,306.0,76.572
PIA,5219.50638888888,307.0,76.572
RUS,9.213888888888889,310.0,76.724
RUS,26.436111111111114,310.0,76.724
RUS,47.369444444444454,314.0,76.724
RUS,71.70444444444445,314.0,76.724
RUS,103.30444444444444,316.0,76.724
RUS,131.66,319.0,76.724
RUS,156.54888888888888,320.0,76.724
RUS,181.51555555555552,321.0,76.724
RUS,206.56,322.0,76.724
RUS,224.39333333333332,321.0,76.724
RUS,242.17111111111112,320.0,76.724
RUS,272.6711111111111,305.0,76.724
RUS,293.5933333333333,269.0,76.724
RUS,319.5044444444444,212.0,76.724
RUS,330.67111111111103,201.0,76.724
RUS,339.3377777777777,195.0,76.724
RUS,347.835,190.0,76.724
RUS,364.3683333333333,186.0,76.724
RUS,381.43499999999995,192.0,76.724
RUS,399.4794444444444,203.0,76.724
RUS,408.81277777777774,210.0,76.724
RUS,435.70166666666665,220.0,76.724
RUS,458.50166666666667,228.0,76.724
RUS,473.9683333333333,232.0,76.724
RUS,505.70166666666665,238.0,76.724
RUS,533.1883333333333,248.0,76.724
RUS,544.3438888888888,251.0,76.724
RUS,558.5105555555555,255.0,76.724
RUS,569.8883333333332,256.0,76.724
RUS,584.2772222222221,259.0,76.724
RUS,598.9438888888888,264.0,76.724
RUS,613.7216666666666,266.0,76.724
RUS,631.9216666666666,273.0,76.724
RUS,647.2549999999999,276.0,76.724
RUS,659.566111111111,277.0,76.724
RUS,684.4549999999999,280.0,76.724
RUS,706.6994444444443,286.0,76.724
RUS,729.0994444444444,288.0,76.724
RUS,755.1438888888888,293.0,76.724
RUS,788.1438888888888,297.0,76.724
RUS,804.8380555555555,299.0,76.724
RUS,821.5602777777776,301.0,76.724
RUS,851.7602777777777,302.0,76.724
RUS,872.1602777777777,306.0,76.724
RUS,885.7602777777777,306.0,76.724
RUS,909.793611111111,309.0,76.724
RUS,937.3491666666665,310.0,76.724
RUS,951.0824999999999,309.0,76.724
RUS,974.9936111111109,269.0,76.724
RUS,988.1602777777777,237.0,76.724
RUS,1004.4158333333331,209.0,76.724
RUS,1018.0269444444443,175.0,76.724
RUS,1025.0047222222222,157.0,76.724
RUS,1033.2269444444444,148.0,76.724
RUS,1043.2244444444443,129.0,76.724
RUS,1048.8244444444442,126.0,76.724
RUS,1059.2244444444443,117.0,76.724
RUS,1071.4466666666665,110.0,76.724
RUS,1083.002222222222,104.0,76.724
RUS,1094.8911111111108,107.0,76.724
RUS,1099.8688888888887,112.0,76.724
RUS,1106.3688888888887,117.0,76.724
RUS,1114.4355555555555,121.0,76.724
RUS,1132.7022222222222,137.0,76.724
RUS,1138.9688888888886,141.0,76.724
RUS,1145.6799999999998,151.0,76.724
RUS,1156.7927777777777,166.0,76.724
RUS,1164.1705555555554,166.0,76.724
RUS,1171.7705555555553,171.0,76.724
RUS,1182.9038888888888,167.0,76.724
RUS,1195.5816666666667,163.0,76.724
RUS,1212.4816666666666,169.0,76.724
RUS,1226.2483333333332,177.0,76.724
RUS,1244.6483333333333,184.0,76.724
RUS,1257.4483333333333,192.0,76.724
RUS,1270.8483333333331,201.0,76.724
RUS,1279.9594444444442,205.0,76.724
RUS,1293.9594444444444,210.0,76.724
RUS,1318.4038888888888,220.0,76.724
RUS,1328.2530555555556,223.0,76.724
RUS,1343.6530555555555,231.0,76.724
RUS,1367.6530555555555,240.0,76.724
RUS,1381.208611111111,244.0,76.724
RUS,1394.875277777778,246.0,76.724
RUS,1422.6530555555555,250.0,76.724
RUS,1456.3863888888889,253.0,76.724
RUS,1470.5530555555554,255.0,76.724
RUS,1481.930833333333,256.0,76.724
RUS,1502.1530555555555,260.0,76.724
RUS,1516.708611111111,262.0,76.724
RUS,1531.319722222222,263.0,76.724
RUS,1543.1419444444443,266.0,76.724
RUS,1558.161111111111,269.0,76.724
RUS,1576.1611111111108,270.0,76.724
RUS,1588.2944444444443,273.0,76.724
RUS,1606.7611111111112,277.0,76.724
RUS,1619.0722222222223,277.0,76.724
RUS,1631.4722222222224,279.0,76.724
RUS,1643.9611111111112,281.0,76.724
RUS,1662.8277777777778,283.0,76.724
RUS,1681.827777777778,285.0,76.724
RUS,1717.0277777777778,288.0,76.724
RUS,1752.2277777777779,288.0,76.724
RUS,1774.55,287.0,76.724
RUS,1789.938888888889,277.0,76.724
RUS,1804.327777777778,259.0,76.724
RUS,1823.082777777778,242.0,76.724
RUS,1833.7494444444446,240.0,76.724
RUS,1854.282777777778,231.0,76.724
RUS,1882.7605555555556,233.0,76.724
RUS,1906.7605555555558,240.0,76.724
RUS,1917.5161111111113,242.0,76.724
RUS,1936.7272222222223,247.0,76.724
RUS,1947.793888888889,249.0,76.724
RUS,1976.1272222222224,255.0,76.724
RUS,1987.5494444444446,257.0,76.724
RUS,2001.993888888889,260.0,76.724
RUS,2022.2161111111109,260.0,76.724
RUS,2040.0902777777778,267.0,76.724
RUS,2052.134722222222,271.0,76.724
RUS,2070.2680555555557,272.0,76.724
RUS,2088.534722222222,274.0,76.724
RUS,2119.4236111111113,278.0,76.724
RUS,2137.9569444444446,278.0,76.724
RUS,2165.9569444444446,280.0,76.724
RUS,2181.568055555556,281.0,76.724
RUS,2203.5013888888893,282.0,76.724
RUS,2225.5125,283.0,76.724
RUS,2244.445833333333,284.0,76.724
RUS,2260.2791666666667,285.0,76.724
RUS,2301.8791666666666,288.0,76.724
RUS,2317.8544444444447,289.0,76.724
RUS,2343.7211111111114,291.0,76.724
RUS,2359.943333333333,292.0,76.724
RUS,2372.9655555555555,293.0,76.724
RUS,2395.832222222222,294.0,76.724
RUS,2428.61,295.0,76.724
RUS,2448.3433333333332,296.0,76.724
RUS,2461.4988888888893,296.0,76.724
RUS,2474.698888888889,297.0,76.724
RUS,2494.4988888888893,297.0,76.724
RUS,2514.2988888888895,297.0,76.724
RUS,2530.8544444444447,298.0,76.724
RUS,2554.2711111111116,300.0,76.724
RUS,2574.4044444444444,302.0,76.724
RUS,2598.048888888889,304.0,76.724
RUS,2618.3822222222225,305.0,76.724
RUS,2638.848888888889,307.0,76.724
RUS,2656.0155555555557,309.0,76.724
RUS,2669.7488888888893,309.0,76.724
RUS,2707.76,311.0,76.724
RUS,2721.5822222222223,311.0,76.724
RUS,2738.915555555556,312.0,76.724
RUS,2752.7822222222226,312.0,76.724
RUS,2777.1266666666666,313.0,76.724
RUS,2801.548888888889,314.0,76.724
RUS,2825.9711111111114,314.0,76.724
RUS,2857.4711111111114,315.0,76.724
RUS,2878.383611111112,315.0,76.724
RUS,2899.3169444444447,314.0,76.724
RUS,2937.816944444445,315.0,76.724
RUS,2951.8169444444447,315.0,76.724
RUS,2976.3947222222228,316.0,76.724
RUS,2993.950277777778,316.0,76.724
RUS,3029.0613888888897,316.0,76.724
RUS,3046.616944444445,316.0,76.724
RUS,3074.705833333334,316.0,76.724
RUS,3102.883611111112,317.0,76.724
RUS,3116.972500000001,317.0,76.724
RUS,3138.0600000000013,315.0,76.724
RUS,3166.0600000000013,315.0,76.724
RUS,3200.94888888889,314.0,76.724
RUS,3227.7044444444455,301.0,76.724
RUS,3252.593333333334,280.0,76.724
RUS,3267.315555555556,265.0,76.724
RUS,3284.315555555556,255.0,76.724
RUS,3306.448888888889,249.0,76.724
RUS,3320.226666666667,248.0,76.724
RUS,3334.06,249.0,76.724
RUS,3351.06,255.0,76.724
RUS,3370.66,252.0,76.724
RUS,3387.46,252.0,76.724
RUS,3401.571111111111,254.0,76.724
RUS,3412.8155555555554,253.0,76.724
RUS,3426.9113888888887,255.0,76.724
RUS,3444.111388888889,258.0,76.724
RUS,3475.889166666667,260.0,76.724
RUS,3502.4891666666667,266.0,76.724
RUS,3520.4891666666667,270.0,76.724
RUS,3532.5780555555552,272.0,76.724
RUS,3544.711388888889,273.0,76.724
RUS,3559.9891666666663,275.0,76.724
RUS,3575.3780555555554,277.0,76.724
RUS,3590.9891666666667,281.0,76.724
RUS,3609.9891666666663,285.0,76.724
RUS,3629.2022222222217,287.0,76.724
RUS,3648.535555555555,290.0,76.724
RUS,3661.468888888888,291.0,76.724
RUS,3684.1799999999994,292.0,76.724
RUS,3707.2022222222217,296.0,76.724
RUS,3727.0688888888885,298.0,76.724
RUS,3740.4022222222216,300.0,76.724
RUS,3760.4688888888886,301.0,76.724
RUS,3780.668888888889,303.0,76.724
RUS,3794.135555555555,303.0,76.724
RUS,3817.8577777777773,305.0,76.724
RUS,3838.324444444444,307.0,76.724
RUS,3862.4355555555553,310.0,76.724
RUS,3890.08,311.0,76.724
RUS,3907.4688888888886,313.0,76.724
RUS,3921.38,313.0,76.724
RUS,3938.768888888889,313.0,76.724
RUS,3956.1261111111116,314.0,76.724
RUS,3984.0372222222227,314.0,76.724
RUS,4012.6372222222226,286.0,76.724
RUS,4034.4372222222228,218.0,76.724
RUS,4046.4372222222223,180.0,76.724
RUS,4063.770555555556,156.0,76.724
RUS,4070.2594444444444,146.0,76.724
RUS,4076.392777777778,138.0,76.724
RUS,4086.6594444444445,132.0,76.724
RUS,4100.248888888889,122.0,76.724
RUS,4109.737777777778,122.0,76.724
RUS,4118.337777777779,129.0,76.724
RUS,4125.782222222223,134.0,76.724
RUS,4138.493333333334,143.0,76.724
RUS,4145.293333333334,153.0,76.724
RUS,4152.093333333334,153.0,76.724
RUS,4159.293333333334,162.0,76.724
RUS,4170.96,175.0,76.724
RUS,4187.582222222222,187.0,76.724
RUS,4210.137777777778,203.0,76.724
RUS,4221.582222222222,206.0,76.724
RUS,4238.071111111111,212.0,76.724
RUS,4258.337777777778,228.0,76.724
RUS,4279.137777777778,234.0,76.724
RUS,4300.3822222222225,239.0,76.724
RUS,4313.593611111111,239.0,76.724
RUS,4324.0825,236.0,76.724
RUS,4342.360277777779,235.0,76.724
RUS,4355.360277777779,234.0,76.724
RUS,4373.404722222223,232.0,76.724
RUS,4391.526944444446,233.0,76.724
RUS,4412.682500000002,238.0,76.724
RUS,4425.960277777779,239.0,76.724
RUS,4447.560277777779,243.0,76.724
RUS,4458.493611111113,246.0,76.724
RUS,4469.495277777779,246.0,76.724
RUS,4494.295277777779,248.0,76.724
RUS,4516.339722222224,248.0,76.724
RUS,4533.00638888889,250.0,76.724
RUS,4555.495277777779,184.0,76.724
RUS,4565.361944444446,148.0,76.724
RUS,4572.9175000000005,136.0,76.724
RUS,4581.384166666668,127.0,76.724
RUS,4591.695277777779,116.0,76.724
RUS,4602.195277777779,105.0,76.724
RUS,4606.861944444446,105.0,76.724
RUS,4611.217500000002,98.0,76.724
RUS,4616.273055555557,91.0,76.724
RUS,4622.40638888889,92.0,76.724
RUS,4630.339722222224,102.0,76.724
RUS,4636.117500000002,104.0,76.724
RUS,4642.117500000002,108.0,76.724
RUS,4659.2816666666695,129.0,76.724
RUS,4672.79277777778,152.0,76.724
RUS,4683.4594444444465,160.0,76.724
RUS,4692.7927777777795,168.0,76.724
RUS,4700.392777777779,171.0,76.724
RUS,4712.192777777779,177.0,76.724
RUS,4724.192777777779,180.0,76.724
RUS,4734.470555555557,185.0,76.724
RUS,4756.080000000002,194.0,76.724
RUS,4780.768888888891,202.0,76.724
RUS,4799.791111111113,214.0,76.724
RUS,4809.346666666669,215.0,76.724
RUS,4824.213333333336,223.0,76.724
RUS,4836.713333333336,225.0,76.724
RUS,4849.213333333336,225.0,76.724
RUS,4870.813333333335,243.0,76.724
RUS,4884.368888888891,244.0,76.724
RUS,4906.7688888888915,252.0,76.724
RUS,4918.146666666669,256.0,76.724
RUS,4932.591111111114,260.0,76.724
RUS,4953.2800000000025,266.0,76.724
RUS,4968.168888888891,268.0,76.724
RUS,4980.25777777778,272.0,76.724
RUS,5001.802222222224,277.0,76.724
RUS,5023.65777777778,281.0,76.724
RUS,5051.95777777778,283.0,76.724
RUS,5087.565555555558,292.0,76.724
RUS,5107.232222222225,295.0,76.724
RUS,5130.254444444446,296.0,76.724
RUS,5146.921111111113,300.0,76.724
RUS,5160.29888888889,301.0,76.724
RUS,5187.410000000002,305.0,76.724
RUS,5218.1100000000015,307.0,76.724
RUS,5231.884444444446,308.0,76.724
TSU,5.941666666666667,310.0,76.788
TSU,23.16388888888889,310.0,76.788
TSU,37.03055555555556,312.0,76.788
TSU,61.53055555555555,315.0,76.788
TSU,79.08611111111111,316.0,76.788
TSU,96.69722222222222,317.0,76.788
TSU,110.83055555555555,318.0,76.788
TSU,128.64138888888888,319.0,76.788
TSU,149.97472222222223,320.0,76.788
TSU,164.2413888888889,321.0,76.788
TSU,185.64138888888888,321.0,76.788
TSU,199.95250000000001,322.0,76.788
TSU,214.26361111111115,322.0,76.788
TSU,228.61916666666667,323.0,76.788
TSU,250.15250000000003,323.0,76.788
TSU,270.9525,312.0,76.788
TSU,299.0636111111111,230.0,76.788
TSU,323.9969444444444,204.0,76.788
TSU,339.4747222222222,199.0,76.788
TSU,350.3636111111111,196.0,76.788
TSU,360.9747222222222,191.0,76.788
TSU,375.77722222222224,191.0,76.788
TSU,384.4438888888889,195.0,76.788
TSU,402.66611111111115,205.0,76.788
TSU,428.82166666666666,214.0,76.788
TSU,450.9216666666667,221.0,76.788
TSU,460.9216666666667,225.0,76.788
TSU,478.8883333333333,231.0,76.788
TSU,489.28833333333336,234.0,76.788
TSU,516.2883333333334,243.0,76.788
TSU,527.0883333333334,243.0,76.788
TSU,540.8661111111112,248.0,76.788
TSU,560.3883333333333,251.0,76.788
TSU,577.4591666666666,255.0,76.788
TSU,588.9258333333333,258.0,76.788
TSU,606.4591666666666,263.0,76.788
TSU,624.1258333333333,265.0,76.788
TSU,654.6813888888887,275.0,76.788
TSU,673.214722222222,278.0,76.788
TSU,701.5147222222221,283.0,76.788
TSU,717.2924999999998,284.0,76.788
TSU,739.7702777777776,289.0,76.788
TSU,762.403611111111,291.0,76.788
TSU,782.003611111111,294.0,76.788
TSU,798.3924999999998,295.0,76.788
TSU,841.7258333333331,300.0,76.788
TSU,858.4749999999997,303.0,76.788
TSU,885.5861111111108,305.0,76.788
TSU,902.6416666666663,307.0,76.788
TSU,916.3305555555552,308.0,76.788
TSU,940.4416666666664,310.0,76.788
TSU,974.1083333333331,303.0,76.788
TSU,990.908333333333,252.0,76.788
TSU,1002.108333333333,252.0,76.788
TSU,1011.8861111111108,220.0,76.788
TSU,1023.4861111111109,174.0,76.788
TSU,1034.4194444444443,164.0,76.788
TSU,1042.586111111111,147.0,76.788
TSU,1052.8113888888888,131.0,76.788
TSU,1060.9447222222223,122.0,76.788
TSU,1069.8891666666666,115.0,76.788
TSU,1077.0891666666666,108.0,76.788
TSU,1084.1558333333332,106.0,76.788
TSU,1089.8225,102.0,76.788
TSU,1094.4002777777778,103.0,76.788
TSU,1107.9669444444444,111.0,76.788
TSU,1113.2558333333334,119.0,76.788
TSU,1119.8669444444447,119.0,76.788
TSU,1125.6447222222223,130.0,76.788
TSU,1136.1447222222223,135.0,76.788
TSU,1147.7336111111113,149.0,76.788
TSU,1160.7225000000003,167.0,76.788
TSU,1177.8225000000002,171.0,76.788
TSU,1189.1750000000002,171.0,76.788
TSU,1200.5750000000003,171.0,76.788
TSU,1221.1083333333336,168.0,76.788
TSU,1228.7083333333335,171.0,76.788
TSU,1242.3972222222224,176.0,76.788
TSU,1252.6194444444445,184.0,76.788
TSU,1273.841666666667,191.0,76.788
TSU,1284.841666666667,198.0,76.788
TSU,1303.3305555555557,208.0,76.788
TSU,1321.9972222222225,210.0,76.788
TSU,1331.863888888889,222.0,76.788
TSU,1347.0602777777779,227.0,76.788
TSU,1367.6825000000001,232.0,76.788
TSU,1394.6825000000001,243.0,76.788
TSU,1416.7269444444446,248.0,76.788
TSU,1439.0380555555557,251.0,76.788
TSU,1452.9825,251.0,76.788
TSU,1469.9158333333335,254.0,76.788
TSU,1492.671388888889,256.0,76.788
TSU,1507.0047222222222,258.0,76.788
TSU,1521.5047222222222,261.0,76.788
TSU,1539.1713888888887,265.0,76.788
TSU,1560.093611111111,269.0,76.788
TSU,1578.1602777777778,271.0,76.788
TSU,1593.3269444444443,273.0,76.788
TSU,1605.504722222222,274.0,76.788
TSU,1620.7613888888884,276.0,76.788
TSU,1639.4280555555551,280.0,76.788
TSU,1674.0169444444439,283.0,76.788
TSU,1702.616944444444,286.0,76.788
TSU,1721.8169444444438,288.0,76.788
TSU,1734.6169444444438,288.0,76.788
TSU,1747.4613888888882,289.0,76.788
TSU,1763.5724999999993,290.0,76.788
TSU,1779.6836111111104,290.0,76.788
TSU,1795.1280555555547,278.0,76.788
TSU,1812.2613888888882,257.0,76.788
TSU,1828.7297222222214,246.0,76.788
TSU,1844.596388888888,238.0,76.788
TSU,1855.0852777777768,236.0,76.788
TSU,1873.0519444444435,231.0,76.788
TSU,1891.0186111111102,231.0,76.788
TSU,1906.61861111111,234.0,76.788
TSU,1917.3297222222213,241.0,76.788
TSU,1933.4630555555548,242.0,76.788
TSU,1949.8630555555546,246.0,76.788
TSU,1960.9297222222212,249.0,76.788
TSU,1980.6074999999992,253.0,76.788
TSU,1997.807499999999,258.0,76.788
TSU,2018.1074999999992,261.0,76.788
TSU,2041.8408333333325,267.0,76.788
TSU,2056.785277777777,269.0,76.788
TSU,2068.785277777777,270.0,76.788
TSU,2083.8408333333327,271.0,76.788
TSU,2098.9316666666664,273.0,76.788
TSU,2123.3761111111107,275.0,76.788
TSU,2151.1761111111105,278.0,76.788
TSU,2179.0761111111105,279.0,76.788
TSU,2197.809444444444,281.0,76.788
TSU,2229.142777777777,282.0,76.788
TSU,2241.720555555555,283.0,76.788
TSU,2254.2983333333327,283.0,76.788
TSU,2276.3872222222217,284.0,76.788
TSU,2308.244444444444,286.0,76.788
TSU,2330.644444444444,288.0,76.788
TSU,2349.844444444444,288.0,76.788
TSU,2365.9555555555553,290.0,76.788
TSU,2391.822222222222,291.0,76.788
TSU,2404.7999999999997,292.0,76.788
TSU,2417.822222222222,293.0,76.788
TSU,2430.844444444444,293.0,76.788
TSU,2450.4444444444443,294.0,76.788
TSU,2476.5777777777776,294.0,76.788
TSU,2509.3555555555554,295.0,76.788
TSU,2525.8,296.0,76.788
TSU,2549.0555555555557,299.0,76.788
TSU,2575.811111111111,301.0,76.788
TSU,2602.744444444444,303.0,76.788
TSU,2629.8555555555554,305.0,76.788
TSU,2646.770555555556,306.0,76.788
TSU,2660.459444444444,308.0,76.788
TSU,2684.5705555555555,310.0,76.788
TSU,2701.8483333333334,311.0,76.788
TSU,2726.1149999999993,312.0,76.788
TSU,2750.4594444444438,313.0,76.788
TSU,2778.370555555555,314.0,76.788
TSU,2795.8149999999996,314.0,76.788
TSU,2823.9038888888886,316.0,76.788
TSU,2837.948333333333,316.0,76.788
TSU,2852.0805555555553,316.0,76.788
TSU,2883.680555555555,316.0,76.788
TSU,2911.858333333333,317.0,76.788
TSU,2932.991666666667,317.0,76.788
TSU,2971.736111111111,317.0,76.788
TSU,2992.936111111111,318.0,76.788
TSU,3010.602777777778,318.0,76.788
TSU,3031.8027777777775,318.0,76.788
TSU,3060.158333333333,319.0,76.788
TSU,3092.058333333333,319.0,76.788
TSU,3106.2805555555556,320.0,76.788
TSU,3120.5027777777773,320.0,76.788
TSU,3138.280555555555,320.0,76.788
TSU,3159.680555555555,321.0,76.788
TSU,3184.5694444444434,320.0,76.788
TSU,3202.3472222222213,320.0,76.788
TSU,3220.124999999999,320.0,76.788
TSU,3256.5822222222214,274.0,76.788
TSU,3279.959999999999,263.0,76.788
TSU,3296.8266666666655,253.0,76.788
TSU,3310.7155555555546,250.0,76.788
TSU,3321.782222222221,249.0,76.788
TSU,3338.3822222222216,249.0,76.788
TSU,3355.115555555555,251.0,76.788
TSU,3369.0044444444443,250.0,76.788
TSU,3396.6288888888885,248.0,76.788
TSU,3427.1844444444437,250.0,76.788
TSU,3449.5844444444438,252.0,76.788
TSU,3460.873333333333,254.0,76.788
TSU,3478.0733333333333,258.0,76.788
TSU,3492.4066666666663,258.0,76.788
TSU,3506.9066666666663,261.0,76.788
TSU,3530.373333333333,264.0,76.788
TSU,3545.2622222222217,268.0,76.788
TSU,3569.5288888888886,273.0,76.788
TSU,3581.7955555555554,276.0,76.788
TSU,3597.295555555555,279.0,76.788
TSU,3619.2288888888884,282.0,76.788
TSU,3635.062222222222,285.0,76.788
TSU,3647.7733333333326,286.0,76.788
TSU,3670.2511111111103,289.0,76.788
TSU,3692.8844444444435,291.0,76.788
TSU,3722.2844444444436,294.0,76.788
TSU,3758.623888888888,298.0,76.788
TSU,3778.623888888888,300.0,76.788
TSU,3802.034999999999,301.0,76.788
TSU,3818.868333333332,303.0,76.788
TSU,3832.4238888888876,305.0,76.788
TSU,3859.7127777777764,307.0,76.788
TSU,3890.6127777777765,309.0,76.788
TSU,3904.476666666665,310.0,76.788
TSU,3932.2099999999987,312.0,76.788
TSU,3960.0322222222208,313.0,76.788
TSU,3973.9877777777765,314.0,76.788
TSU,3987.987777777776,315.0,76.788
TSU,4017.887777777776,299.0,76.788
TSU,4034.02111111111,242.0,76.788
TSU,4044.7766666666657,242.0,76.788
TSU,4063.998888888888,173.0,76.788
TSU,4080.22111111111,146.0,76.788
TSU,4093.62111111111,134.0,76.788
TSU,4100.898888888888,131.0,76.788
TSU,4111.92111111111,124.0,76.788
TSU,4117.565555555554,127.0,76.788
TSU,4130.965555555554,134.0,76.788
TSU,4137.054444444443,137.0,76.788
TSU,4145.554444444443,153.0,76.788
TSU,4152.354444444443,153.0,76.788
TSU,4169.406944444443,171.0,76.788
TSU,4179.462499999999,181.0,76.788
TSU,4198.862499999998,194.0,76.788
TSU,4210.029166666665,201.0,76.788
TSU,4226.129166666666,207.0,76.788
TSU,4245.506944444443,218.0,76.788
TSU,4262.851388888887,223.0,76.788
TSU,4288.69361111111,232.0,76.788
TSU,4315.138055555554,238.0,76.788
TSU,4338.4380555555545,233.0,76.788
TSU,4353.904722222222,232.0,76.788
TSU,4379.571388888889,231.0,76.788
TSU,4402.971388888888,234.0,76.788
TSU,4423.949166666666,236.0,76.788
TSU,4448.349166666666,244.0,76.788
TSU,4470.215833333333,246.0,76.788
TSU,4486.6825,247.0,76.788
TSU,4517.726944444445,254.0,76.788
TSU,4533.0602777777785,230.0,76.788
TSU,4541.860277777779,198.0,76.788
TSU,4550.0825,185.0,76.788
TSU,4562.682500000001,162.0,76.788
TSU,4569.0825,144.0,76.788
TSU,4578.6925,124.0,76.788
TSU,4589.9925,113.0,76.788
TSU,4594.88138888889,110.0,76.788
TSU,4602.970277777778,104.0,76.788
TSU,4612.870277777778,99.0,76.788
TSU,4625.696944444445,96.0,76.788
TSU,4631.2525000000005,100.0,76.788
TSU,4642.352500000001,111.0,76.788
TSU,4648.963611111112,119.0,76.788
TSU,4655.963611111112,126.0,76.788
TSU,4666.385833333335,134.0,76.788
TSU,4683.496944444446,154.0,76.788
TSU,4690.34138888889,154.0,76.788
TSU,4730.785833333334,182.0,76.788
TSU,4752.008055555557,191.0,76.788
TSU,4767.330277777779,197.0,76.788
TSU,4790.663611111113,210.0,76.788
TSU,4804.930277777779,214.0,76.788
TSU,4824.396944444446,219.0,76.788
TSU,4836.563611111113,219.0,76.788
TSU,4849.174722222224,227.0,76.788
TSU,4861.999166666668,232.0,76.788
TSU,4883.865833333335,246.0,76.788
TSU,4911.754722222224,251.0,76.788
TSU,4934.51027777778,256.0,76.788
TSU,4951.91027777778,261.0,76.788
TSU,4963.688055555557,265.0,76.788
TSU,4978.6325000000015,269.0,76.788
TSU,4996.774444444446,271.0,76.788
TSU,5018.318888888891,277.0,76.788
TSU,5040.252222222224,282.0,76.788
TSU,5062.496666666669,286.0,76.788
TSU,5081.763333333335,289.0,76.788
TSU,5101.163333333336,291.0,76.788
TSU,5117.441111111112,293.0,76.788
TSU,5143.841111111113,297.0,76.788
TSU,5180.630000000001,301.0,76.788
TSU,5194.096666666667,303.0,76.788
TSU,5214.496666666668,306.0,76.788
STR,4.924166666666666,311.0,76.78
STR,36.336666666666666,315.0,76.78
STR,50.336666666666666,315.0,76.78
STR,64.38111111111111,316.0,76.78
STR,78.47,317.0,76.78
STR,99.66999999999999,318.0,76.78
STR,128.11444444444444,320.0,76.78
STR,142.38111111111112,321.0,76.78
STR,163.78111111111113,321.0,76.78
STR,181.67000000000002,322.0,76.78
STR,203.26999999999998,324.0,76.78
STR,231.98111111111112,323.0,76.78
STR,249.92555555555555,323.0,76.78
STR,267.4811111111111,316.0,76.78
STR,298.2811111111111,231.0,76.78
STR,319.5811111111111,213.0,76.78
STR,332.6477777777778,196.0,76.78
STR,347.6344444444444,192.0,76.78
STR,358.1344444444444,189.0,76.78
STR,370.53444444444443,186.0,76.78
STR,378.8011111111111,186.0,76.78
STR,396.48999999999995,199.0,76.78
STR,405.5122222222222,203.0,76.78
STR,414.8455555555555,210.0,76.78
STR,434.04555555555555,216.0,76.78
STR,451.4677777777777,224.0,76.78
STR,471.91222222222217,230.0,76.78
STR,490.2677777777777,236.0,76.78
STR,506.1344444444444,238.0,76.78
STR,530.666111111111,246.0,76.78
STR,558.7772222222221,253.0,76.78
STR,570.1105555555555,255.0,76.78
STR,587.5105555555555,261.0,76.78
STR,599.2883333333333,265.0,76.78
STR,626.1883333333334,269.0,76.78
STR,641.4105555555556,274.0,76.78
STR,662.9549999999999,277.0,76.78
STR,678.5661111111111,281.0,76.78
STR,694.2883333333333,283.0,76.78
STR,716.6883333333334,288.0,76.78
STR,732.7994444444445,290.0,76.78
STR,752.3327777777778,293.0,76.78
STR,778.7327777777778,297.0,76.78
STR,798.7491666666666,299.0,76.78
STR,812.0825,300.0,76.78
STR,887.3713888888888,308.0,76.78
STR,908.0380555555555,310.0,76.78
STR,925.2602777777778,310.0,76.78
STR,956.3602777777777,311.0,76.78
STR,976.1602777777778,297.0,76.78
STR,999.0602777777777,229.0,76.78
STR,1007.9936111111111,201.0,76.78
STR,1017.9936111111111,180.0,76.78
STR,1028.6158333333333,160.0,76.78
STR,1037.0602777777776,152.0,76.78
STR,1048.5269444444443,129.0,76.78
STR,1056.5269444444443,120.0,76.78
STR,1065.6269444444445,117.0,76.78
STR,1073.0936111111112,112.0,76.78
STR,1081.571388888889,109.0,76.78
STR,1086.2825000000003,106.0,76.78
STR,1093.6158333333335,110.0,76.78
STR,1101.1491666666668,113.0,76.78
STR,1110.4825,120.0,76.78
STR,1118.8825,126.0,76.78
STR,1124.8380555555555,134.0,76.78
STR,1142.8047222222222,147.0,76.78
STR,1149.8708333333334,158.0,76.78
STR,1162.548611111111,163.0,76.78
STR,1180.2486111111111,177.0,76.78
STR,1193.3930555555555,169.0,76.78
STR,1202.5041666666666,164.0,76.78
STR,1218.8041666666666,163.0,76.78
STR,1231.6375,165.0,76.78
STR,1247.3708333333334,177.0,76.78
STR,1255.4152777777779,181.0,76.78
STR,1265.7486111111111,186.0,76.78
STR,1278.815277777778,196.0,76.78
STR,1294.6819444444445,204.0,76.78
STR,1318.6219444444446,216.0,76.78
STR,1333.4219444444445,222.0,76.78
STR,1346.0886111111113,228.0,76.78
STR,1364.5219444444444,237.0,76.78
STR,1375.1441666666667,239.0,76.78
STR,1396.6552777777779,242.0,76.78
STR,1410.3775,247.0,76.78
STR,1424.2108333333335,249.0,76.78
STR,1438.1552777777779,251.0,76.78
STR,1457.8330555555558,253.0,76.78
STR,1471.9997222222223,255.0,76.78
STR,1489.1330555555555,257.0,76.78
STR,1506.466388888889,260.0,76.78
STR,1523.9330555555555,262.0,76.78
STR,1535.7844444444445,265.0,76.78
STR,1562.5844444444444,268.0,76.78
STR,1580.7177777777777,272.0,76.78
STR,1608.2177777777777,275.0,76.78
STR,1645.551111111111,280.0,76.78
STR,1661.2177777777779,282.0,76.78
STR,1676.94,283.0,76.78
STR,1708.7177777777777,286.0,76.78
STR,1721.3844444444444,285.0,76.78
STR,1734.0511111111111,285.0,76.78
STR,1753.051111111111,285.0,76.78
STR,1768.94,286.0,76.78
STR,1784.7733333333333,285.0,76.78
STR,1802.4991666666667,267.0,76.78
STR,1829.6102777777778,244.0,76.78
STR,1845.143611111111,233.0,76.78
STR,1873.3769444444445,231.0,76.78
STR,1883.643611111111,231.0,76.78
STR,1904.7102777777777,237.0,76.78
STR,1923.143611111111,237.0,76.78
STR,1934.0325,245.0,76.78
STR,1947.8102777777779,248.0,76.78
STR,1964.4769444444444,250.0,76.78
STR,1987.0547222222222,254.0,76.78
STR,2001.3880555555554,258.0,76.78
STR,2027.9616666666666,265.0,76.78
STR,2039.783888888889,266.0,76.78
STR,2051.695,268.0,76.78
STR,2066.695,270.0,76.78
STR,2084.828333333334,272.0,76.78
STR,2103.0950000000003,274.0,76.78
STR,2133.872777777778,277.0,76.78
STR,2149.2616666666668,277.0,76.78
STR,2177.2616666666668,280.0,76.78
STR,2202.2394444444444,281.0,76.78
STR,2236.828333333334,283.0,76.78
STR,2249.4505555555556,284.0,76.78
STR,2265.283888888889,285.0,76.78
STR,2281.117222222222,285.0,76.78
STR,2296.9819444444447,287.0,76.78
STR,2312.9263888888886,287.0,76.78
STR,2328.926388888889,288.0,76.78
STR,2344.9819444444447,289.0,76.78
STR,2361.148611111111,291.0,76.78
STR,2374.1263888888893,292.0,76.78
STR,2390.4041666666667,293.0,76.78
STR,2410.004166666667,294.0,76.78
STR,2432.9486111111114,295.0,76.78
STR,2465.8375,296.0,76.78
STR,2479.0375,297.0,76.78
STR,2505.348611111111,296.0,76.78
STR,2528.3708333333334,296.0,76.78
STR,2548.454166666667,300.0,76.78
STR,2565.1763888888895,301.0,76.78
STR,2599.1763888888895,306.0,76.78
STR,2616.231944444445,307.0,76.78
STR,2654.243055555556,311.0,76.78
STR,2678.509722222223,312.0,76.78
STR,2702.8541666666674,313.0,76.78
STR,2716.8097222222227,314.0,76.78
STR,2748.3097222222227,315.0,76.78
STR,2762.309722222223,315.0,76.78
STR,2783.3763888888893,316.0,76.78
STR,2804.5763888888896,318.0,76.78
STR,2818.7097222222233,318.0,76.78
STR,2839.9763888888897,319.0,76.78
STR,2878.998611111112,320.0,76.78
STR,2893.2208333333347,320.0,76.78
STR,2910.998611111112,320.0,76.78
STR,2925.2208333333347,320.0,76.78
STR,2957.2208333333347,320.0,76.78
STR,2982.1875000000014,321.0,76.78
STR,3021.4208333333345,321.0,76.78
STR,3046.465277777779,322.0,76.78
STR,3071.509722222224,322.0,76.78
STR,3092.9763888888906,322.0,76.78
STR,3107.243055555557,321.0,76.78
STR,3121.5988888888905,321.0,76.78
STR,3150.043333333335,320.0,76.78
STR,3178.3988888888903,319.0,76.78
STR,3206.665555555557,318.0,76.78
STR,3223.610000000001,305.0,76.78
STR,3251.210000000001,276.0,76.78
STR,3269.010000000001,267.0,76.78
STR,3283.676666666668,264.0,76.78
STR,3301.2766666666676,264.0,76.78
STR,3326.876666666668,256.0,76.78
STR,3355.7655555555566,260.0,76.78
STR,3378.9655555555564,261.0,76.78
STR,3404.4655555555564,255.0,76.78
STR,3421.261944444445,253.0,76.78
STR,3438.3952777777786,257.0,76.78
STR,3458.539722222223,259.0,76.78
STR,3470.0952777777784,260.0,76.78
STR,3487.6286111111117,263.0,76.78
STR,3499.361944444445,264.0,76.78
STR,3526.4619444444447,271.0,76.78
STR,3547.773055555556,274.0,76.78
STR,3572.6619444444445,280.0,76.78
STR,3588.384166666667,283.0,76.78
STR,3601.006388888889,284.0,76.78
STR,3620.1525,286.0,76.78
STR,3636.0413888888893,286.0,76.78
STR,3668.708055555556,294.0,76.78
STR,3685.1525000000006,296.0,76.78
STR,3708.2525000000005,297.0,76.78
STR,3738.2525000000005,300.0,76.78
STR,3754.974722222222,301.0,76.78
STR,3788.7525000000005,304.0,76.78
STR,3802.2636111111115,304.0,76.78
STR,3825.908055555556,304.0,76.78
STR,3843.019166666667,308.0,76.78
STR,3856.796944444445,310.0,76.78
STR,3877.530277777779,311.0,76.78
STR,3894.863611111112,312.0,76.78
STR,3915.7302777777786,313.0,76.78
STR,3950.421111111112,313.0,76.78
STR,3967.810000000001,313.0,76.78
STR,3995.632222222223,313.0,76.78
STR,4010.2433333333342,263.0,76.78
STR,4031.6433333333343,214.0,76.78
STR,4047.9433333333345,163.0,76.78
STR,4056.1100000000015,147.0,76.78
STR,4064.8433333333346,131.0,76.78
STR,4071.8433333333346,126.0,76.78
STR,4085.176666666668,120.0,76.78
STR,4093.009166666668,117.0,76.78
STR,4104.409166666668,114.0,76.78
STR,4115.43138888889,124.0,76.78
STR,4131.653611111113,146.0,76.78
STR,4149.542500000001,161.0,76.78
STR,4156.920277777779,166.0,76.78
STR,4177.03138888889,181.0,76.78
STR,4198.475833333335,193.0,76.78
STR,4207.453611111112,202.0,76.78
STR,4219.009166666668,208.0,76.78
STR,4231.064722222223,217.0,76.78
STR,4245.8647222222235,222.0,76.78
STR,4261.1980555555565,230.0,76.78
STR,4279.398055555556,234.0,76.78
STR,4289.886944444445,236.0,76.78
STR,4300.354444444445,237.0,76.78
STR,4313.521111111112,237.0,76.78
STR,4334.054444444446,231.0,76.78
STR,4361.554444444446,225.0,76.78
STR,4371.5988888888905,226.0,76.78
STR,4389.565555555557,231.0,76.78
STR,4405.0988888888905,233.0,76.78
STR,4418.154444444446,235.0,76.78
STR,4431.376666666668,238.0,76.78
STR,4452.621111111112,239.0,76.78
STR,4465.965277777779,239.0,76.78
STR,4484.865277777779,243.0,76.78
STR,4501.2652777777785,246.0,76.78
STR,4520.476388888889,247.0,76.78
STR,4530.520833333334,226.0,76.78
STR,4541.020833333333,189.0,76.78
STR,4553.231944444444,157.0,76.78
STR,4559.854166666666,149.0,76.78
STR,4568.187499999999,125.0,76.78
STR,4573.520833333332,120.0,76.78
STR,4581.99861111111,109.0,76.78
STR,4592.99861111111,99.0,76.78
STR,4602.598611111111,96.0,76.78
STR,4610.865277777777,93.0,76.78
STR,4616.19861111111,96.0,76.78
STR,4625.354166666665,103.0,76.78
STR,4631.047777777777,103.0,76.78
STR,4638.98111111111,119.0,76.78
STR,4644.269999999999,119.0,76.78
STR,4662.603333333332,150.0,76.78
STR,4671.49222222222,160.0,76.78
STR,4687.99222222222,165.0,76.78
STR,4707.547777777776,176.0,76.78
STR,4732.214444444443,185.0,76.78
STR,4746.7327777777755,186.0,76.78
STR,4766.2327777777755,195.0,76.78
STR,4775.254999999997,203.0,76.78
STR,4798.588333333331,210.0,76.78
STR,4817.521666666664,213.0,76.78
STR,4830.021666666664,225.0,76.78
STR,4842.854999999998,231.0,76.78
STR,4867.154999999998,243.0,76.78
STR,4880.932777777776,248.0,76.78
STR,4894.988333333332,253.0,76.78
STR,4918.010555555554,259.0,76.78
STR,4935.610555555554,264.0,76.78
STR,4950.499444444442,268.0,76.78
STR,4980.943888888887,274.0,76.78
STR,5002.721666666665,280.0,76.78
STR,5018.443888888888,283.0,76.78
STR,5050.363888888888,288.0,76.78
STR,5069.630555555555,289.0,76.78
STR,5085.9638888888885,294.0,76.78
STR,5167.030555555554,304.0,76.78
STR,5190.830555555554,306.0,76.78
STR,5204.4749999999985,307.0,76.78
STR,5225.1608333333315,309.0,76.78
ALO,1.2874999999999999,309.0,76.71
ALO,18.56527777777778,311.0,76.71
ALO,32.43194444444445,312.0,76.71
ALO,53.36527777777778,314.0,76.71
ALO,67.32083333333334,314.0,76.71
ALO,84.76527777777778,314.0,76.71
ALO,102.32083333333334,316.0,76.71
ALO,141.43194444444444,320.0,76.71
ALO,169.96527777777777,321.0,76.71
ALO,187.85416666666663,322.0,76.71
ALO,212.8986111111111,322.0,76.71
ALO,230.78750000000002,322.0,76.71
ALO,259.2319444444445,320.0,76.71
ALO,280.38750000000005,272.0,76.71
ALO,300.8319444444445,230.0,76.71
ALO,321.1883333333334,203.0,76.71
ALO,332.02166666666676,195.0,76.71
ALO,344.35500000000013,185.0,76.71
ALO,358.51055555555564,182.0,76.71
ALO,375.22166666666675,188.0,76.71
ALO,383.79944444444453,193.0,76.71
ALO,397.26611111111123,202.0,76.71
ALO,421.043888888889,214.0,76.71
ALO,448.11555555555566,222.0,76.71
ALO,468.4711111111112,229.0,76.71
ALO,481.41555555555567,233.0,76.71
ALO,494.5822222222223,237.0,76.71
ALO,513.248888888889,240.0,76.71
ALO,524.0933333333335,244.0,76.71
ALO,537.8155555555558,247.0,76.71
ALO,551.6488888888891,249.0,76.71
ALO,571.6377777777781,257.0,76.71
ALO,586.0822222222224,260.0,76.71
ALO,597.7711111111113,263.0,76.71
ALO,621.4155555555558,266.0,76.71
ALO,633.4600000000003,271.0,76.71
ALO,657.9933333333336,276.0,76.71
ALO,670.3933333333335,279.0,76.71
ALO,686.0600000000002,282.0,76.71
ALO,705.0600000000002,285.0,76.71
ALO,724.2600000000002,288.0,76.71
ALO,740.4266666666668,291.0,76.71
ALO,766.6416666666669,294.0,76.71
ALO,783.0861111111114,296.0,76.71
ALO,806.1083333333336,296.0,76.71
ALO,822.8305555555557,301.0,76.71
ALO,839.6638888888891,303.0,76.71
ALO,863.4638888888891,306.0,76.71
ALO,877.1083333333336,307.0,76.71
ALO,897.7083333333336,309.0,76.71
ALO,914.8750000000002,309.0,76.71
ALO,928.6083333333336,309.0,76.71
ALO,959.3083333333336,307.0,76.71
ALO,982.1700000000002,258.0,76.71
ALO,1001.547777777778,218.0,76.71
ALO,1012.3255555555558,194.0,76.71
ALO,1025.0811111111113,164.0,76.71
ALO,1031.9255555555558,154.0,76.71
ALO,1039.8700000000001,143.0,76.71
ALO,1050.8033333333335,123.0,76.71
ALO,1057.2477777777779,116.0,76.71
ALO,1063.4144444444446,111.0,76.71
ALO,1069.47,109.0,76.71
ALO,1075.2477777777779,104.0,76.71
ALO,1084.1366666666668,100.0,76.71
ALO,1091.0033333333333,103.0,76.71
ALO,1098.3366666666666,110.0,76.71
ALO,1107.2033333333334,114.0,76.71
ALO,1117.7811111111112,119.0,76.71
ALO,1135.0536111111112,141.0,76.71
ALO,1141.5425,146.0,76.71
ALO,1187.1869444444444,158.0,76.71
ALO,1200.8758333333333,154.0,76.71
ALO,1207.8980555555554,158.0,76.71
ALO,1220.731388888889,165.0,76.71
ALO,1230.2869444444443,172.0,76.71
ALO,1238.1091666666666,176.0,76.71
ALO,1259.0566666666666,189.0,76.71
ALO,1267.7233333333334,195.0,76.71
ALO,1276.5233333333333,198.0,76.71
ALO,1297.7233333333334,212.0,76.71
ALO,1317.3677777777777,221.0,76.71
ALO,1340.5677777777778,232.0,76.71
ALO,1356.301111111111,236.0,76.71
ALO,1367.0122222222221,241.0,76.71
ALO,1391.5122222222221,245.0,76.71
ALO,1402.5344444444443,248.0,76.71
ALO,1427.6344444444442,251.0,76.71
ALO,1447.2344444444443,252.0,76.71
ALO,1458.5233333333333,254.0,76.71
ALO,1475.5233333333335,255.0,76.71
ALO,1504.3730555555558,259.0,76.71
ALO,1518.9286111111112,262.0,76.71
ALO,1533.5397222222223,263.0,76.71
ALO,1545.406388888889,267.0,76.71
ALO,1575.6286111111112,272.0,76.71
ALO,1593.9619444444447,275.0,76.71
ALO,1612.4286111111112,277.0,76.71
ALO,1624.7841666666668,278.0,76.71
ALO,1659.2508333333335,282.0,76.71
ALO,1681.3397222222222,284.0,76.71
ALO,1709.7605555555558,285.0,76.71
ALO,1722.382777777778,284.0,76.71
ALO,1735.0050000000003,284.0,76.71
ALO,1747.6272222222226,284.0,76.71
ALO,1766.5605555555558,284.0,76.71
ALO,1790.5605555555558,270.0,76.71
ALO,1802.2050000000002,262.0,76.71
ALO,1818.471666666667,244.0,76.71
ALO,1831.6383333333335,237.0,76.71
ALO,1847.105,232.0,76.71
ALO,1867.5494444444446,230.0,76.71
ALO,1880.493888888889,233.0,76.71
ALO,1893.4383333333335,233.0,76.71
ALO,1925.5716666666667,241.0,76.71
ALO,1950.371666666667,248.0,76.71
ALO,1967.1716666666669,252.0,76.71
ALO,1987.2319444444445,257.0,76.71
ALO,2001.565277777778,258.0,76.71
ALO,2019.1652777777779,264.0,76.71
ALO,2030.9430555555557,265.0,76.71
ALO,2054.854166666667,269.0,76.71
ALO,2066.898611111111,271.0,76.71
ALO,2078.9875,272.0,76.71
ALO,2103.3430555555556,274.0,76.71
ALO,2124.8097222222223,276.0,76.71
ALO,2149.5208333333335,278.0,76.71
ALO,2171.2208333333338,279.0,76.71
ALO,2189.8875,280.0,76.71
ALO,2217.9094444444445,281.0,76.71
ALO,2249.465,284.0,76.71
ALO,2262.131666666667,285.0,76.71
ALO,2281.1316666666667,285.0,76.71
ALO,2293.8872222222226,287.0,76.71
ALO,2322.6872222222228,288.0,76.71
ALO,2338.7427777777784,289.0,76.71
ALO,2361.376111111111,291.0,76.71
ALO,2377.598333333334,292.0,76.71
ALO,2393.8761111111116,293.0,76.71
ALO,2416.742777777778,294.0,76.71
ALO,2433.131666666667,295.0,76.71
ALO,2452.798333333334,295.0,76.71
ALO,2479.0205555555563,295.0,76.71
ALO,2498.7691666666674,295.0,76.71
ALO,2511.9247222222225,296.0,76.71
ALO,2585.746944444445,302.0,76.71
ALO,2606.146944444445,306.0,76.71
ALO,2623.258055555556,308.0,76.71
ALO,2654.258055555556,310.0,76.71
ALO,2675.058055555556,312.0,76.71
ALO,2706.358055555556,313.0,76.71
ALO,2720.2691666666674,313.0,76.71
ALO,2737.658055555556,313.0,76.71
ALO,2758.5041666666675,314.0,76.71
ALO,2776.004166666667,315.0,76.71
ALO,2804.004166666667,315.0,76.71
ALO,2825.070833333334,316.0,76.71
ALO,2849.7263888888897,317.0,76.71
ALO,2870.8597222222224,317.0,76.71
ALO,2895.593055555556,318.0,76.71
ALO,2909.7263888888897,318.0,76.71
ALO,2930.926388888889,318.0,76.71
ALO,2952.1263888888893,318.0,76.71
ALO,2976.9375000000005,319.0,76.71
ALO,2998.2041666666673,319.0,76.71
ALO,3012.381944444445,319.0,76.71
ALO,3051.4930555555566,320.0,76.71
ALO,3065.8041666666672,320.0,76.71
ALO,3090.6930555555564,320.0,76.71
ALO,3122.5930555555565,319.0,76.71
ALO,3147.32638888889,318.0,76.71
ALO,3164.993055555557,318.0,76.71
ALO,3195.893055555557,309.0,76.71
ALO,3218.059722222224,285.0,76.71
ALO,3242.237500000002,272.0,76.71
ALO,3253.7041666666682,258.0,76.71
ALO,3267.7041666666682,252.0,76.71
ALO,3284.1708333333345,247.0,76.71
ALO,3303.3819444444457,247.0,76.71
ALO,3331.644444444446,255.0,76.71
ALO,3348.644444444446,255.0,76.71
ALO,3362.6444444444455,252.0,76.71
ALO,3382.3222222222234,253.0,76.71
ALO,3393.566666666668,253.0,76.71
ALO,3416.144444444446,254.0,76.71
ALO,3430.3666666666677,256.0,76.71
ALO,3444.8111111111125,260.0,76.71
ALO,3459.311111111112,261.0,76.71
ALO,3479.8444444444453,264.0,76.71
ALO,3494.622222222223,266.0,76.71
ALO,3512.68888888889,271.0,76.71
ALO,3530.955555555556,274.0,76.71
ALO,3549.422222222223,277.0,76.71
ALO,3561.9444444444453,280.0,76.71
ALO,3590.4444444444453,285.0,76.71
ALO,3609.6444444444455,288.0,76.71
ALO,3638.8444444444453,292.0,76.71
ALO,3678.4444444444453,297.0,76.71
ALO,3695.000000000001,298.0,76.71
ALO,3711.6111111111118,299.0,76.71
ALO,3745.166666666668,302.0,76.71
ALO,3758.58888888889,302.0,76.71
ALO,3772.1000000000013,304.0,76.71
ALO,3792.3666666666677,304.0,76.71
ALO,3809.3111111111125,305.0,76.71
ALO,3826.4222222222234,308.0,76.71
ALO,3846.93638888889,309.0,76.71
ALO,3881.3808333333345,310.0,76.71
ALO,3902.0475000000015,310.0,76.71
ALO,3940.0586111111124,311.0,76.71
ALO,3953.880833333335,311.0,76.71
ALO,3981.4363888888906,310.0,76.71
ALO,4002.0475000000015,265.0,76.71
ALO,4012.3586111111126,232.0,76.71
ALO,4023.6919444444457,204.0,76.71
ALO,4035.7586111111123,181.0,76.71
ALO,4049.625277777779,156.0,76.71
ALO,4057.6808333333347,145.0,76.71
ALO,4070.8172222222233,131.0,76.71
ALO,4076.506111111112,128.0,76.71
ALO,4082.106111111112,126.0,76.71
ALO,4088.8283333333343,121.0,76.71
ALO,4097.228333333334,126.0,76.71
ALO,4106.095000000001,133.0,76.71
ALO,4122.5394444444455,148.0,76.71
ALO,4131.095000000001,154.0,76.71
ALO,4147.795000000001,167.0,76.71
ALO,4162.639444444446,167.0,76.71
ALO,4185.250555555557,185.0,76.71
ALO,4194.228333333335,202.0,76.71
ALO,4205.783888888891,208.0,76.71
ALO,4217.839444444447,217.0,76.71
ALO,4230.111111111113,222.0,76.71
ALO,4242.77777777778,228.0,76.71
ALO,4255.666666666669,232.0,76.71
ALO,4268.722222222224,235.0,76.71
ALO,4282.000000000003,239.0,76.71
ALO,4292.57777777778,238.0,76.71
ALO,4305.855555555559,239.0,76.71
ALO,4321.522222222225,235.0,76.71
ALO,4339.644444444447,233.0,76.71
ALO,4365.422222222225,232.0,76.71
ALO,4375.77777777778,233.0,76.71
ALO,4396.755555555558,236.0,76.71
ALO,4415.422222222225,240.0,76.71
ALO,4431.62277777778,242.0,76.71
ALO,4445.178333333336,244.0,76.71
ALO,4472.51166666667,246.0,76.71
ALO,4486.289444444448,248.0,76.71
ALO,4516.845000000004,250.0,76.71
ALO,4533.100555555559,209.0,76.71
ALO,4547.645000000004,187.0,76.71
ALO,4554.800555555559,161.0,76.71
ALO,4567.200555555559,124.0,76.71
ALO,4572.489444444447,119.0,76.71
ALO,4579.7561111111145,109.0,76.71
ALO,4586.689444444448,104.0,76.71
ALO,4591.0894444444475,99.0,76.71
ALO,4597.489444444447,96.0,76.71
ALO,4609.196111111114,96.0,76.71
ALO,4613.55166666667,98.0,76.71
ALO,4619.2738888888925,103.0,76.71
ALO,4624.1183333333365,109.0,76.71
ALO,4636.018333333336,119.0,76.71
ALO,4646.1294444444475,130.0,76.71
ALO,4664.829444444447,153.0,76.71
ALO,4677.585000000003,164.0,76.71
ALO,4690.729444444447,169.0,76.71
ALO,4702.396111111114,175.0,76.71
ALO,4710.351666666669,179.0,76.71
ALO,4718.62527777778,185.0,76.71
ALO,4735.514166666669,190.0,76.71
ALO,4752.669722222225,193.0,76.71
ALO,4770.980833333336,206.0,76.71
ALO,4782.480833333336,207.0,76.71
ALO,4803.880833333335,214.0,76.71
ALO,4818.147500000002,214.0,76.71
ALO,4830.0363888888905,214.0,76.71
ALO,4845.836388888891,237.0,76.71
ALO,4870.336388888891,245.0,76.71
ALO,4898.669722222224,255.0,76.71
ALO,4922.047500000002,263.0,76.71
ALO,4948.947500000002,269.0,76.71
ALO,4967.2044444444455,275.0,76.71
ALO,4985.737777777779,278.0,76.71
ALO,5007.593333333335,281.0,76.71
ALO,5020.215555555557,284.0,76.71
ALO,5039.282222222224,286.0,76.71
ALO,5052.126666666668,289.0,76.71
ALO,5081.526666666669,294.0,76.71
ALO,5104.704444444446,298.0,76.71
ALO,5131.460000000003,301.0,76.71
ALO,5148.237777777781,302.0,76.71
ALO,5161.793333333337,305.0,76.71
ALO,5182.345277777781,307.0,76.71
ALO,5199.456388888892,308.0,76.71
HAM,14.294444444444446,310.0,76.96
HAM,31.541111111111114,312.0,76.96
HAM,59.363333333333344,313.0,76.96
HAM,83.86333333333334,315.0,76.96
HAM,104.86333333333336,315.0,76.96
HAM,143.6077777777778,317.0,76.96
HAM,171.96333333333337,319.0,76.96
HAM,193.23000000000002,319.0,76.96
HAM,218.11888888888888,320.0,76.96
HAM,235.8411111111111,319.0,76.96
HAM,271.1744444444444,318.0,76.96
HAM,299.72999999999996,257.0,76.96
HAM,319.28555555555556,220.0,76.96
HAM,333.0855555555556,207.0,76.96
HAM,341.8855555555556,198.0,76.96
HAM,350.55222222222227,195.0,76.96
HAM,361.1633333333334,191.0,76.96
HAM,371.4411111111111,185.0,76.96
HAM,392.66333333333336,191.0,76.96
HAM,413.0633333333334,204.0,76.96
HAM,427.05472222222227,209.0,76.96
HAM,436.5658333333334,214.0,76.96
HAM,458.36583333333334,218.0,76.96
HAM,468.4102777777778,226.0,76.96
HAM,486.3769444444445,231.0,76.96
HAM,499.43250000000006,235.0,76.96
HAM,509.90000000000003,237.0,76.96
HAM,528.4888888888889,239.0,76.96
HAM,542.1,245.0,76.96
HAM,564.3222222222222,250.0,76.96
HAM,581.3222222222222,255.0,76.96
HAM,610.5444444444445,263.0,76.96
HAM,625.3777777777777,267.0,76.96
HAM,655.7111111111111,273.0,76.96
HAM,674.1111111111111,276.0,76.96
HAM,689.6111111111111,279.0,76.96
HAM,711.6222222222223,283.0,76.96
HAM,724.2444444444445,284.0,76.96
HAM,737.0,287.0,76.96
HAM,753.0555555555557,289.0,76.96
HAM,775.8444444444444,293.0,76.96
HAM,808.6222222222223,295.0,76.96
HAM,821.7333333333333,295.0,76.96
HAM,838.4555555555555,301.0,76.96
HAM,865.4777777777778,304.0,76.96
HAM,885.8111111111111,305.0,76.96
HAM,909.8522222222223,308.0,76.96
HAM,944.2966666666667,310.0,76.96
HAM,964.9633333333333,310.0,76.96
HAM,978.6966666666666,309.0,76.96
HAM,993.3633333333333,264.0,76.96
HAM,1004.3855555555556,248.0,76.96
HAM,1014.1188888888889,219.0,76.96
HAM,1032.7388888888888,168.0,76.96
HAM,1039.45,151.0,76.96
HAM,1045.8055555555557,143.0,76.96
HAM,1054.538888888889,131.0,76.96
HAM,1062.8722222222223,125.0,76.96
HAM,1075.65,115.0,76.96
HAM,1082.9833333333333,110.0,76.96
HAM,1089.85,103.0,76.96
HAM,1096.6499999999999,102.0,76.96
HAM,1104.661111111111,103.0,76.96
HAM,1116.9944444444445,111.0,76.96
HAM,1122.1944444444446,117.0,76.96
HAM,1127.5277777777778,120.0,76.96
HAM,1137.7166666666667,131.0,76.96
HAM,1143.538888888889,131.0,76.96
HAM,1149.3611111111113,131.0,76.96
HAM,1158.027777777778,156.0,76.96
HAM,1171.094444444445,168.0,76.96
HAM,1178.4722222222226,166.0,76.96
HAM,1191.1500000000005,163.0,76.96
HAM,1199.9833333333338,159.0,76.96
HAM,1217.3600000000004,156.0,76.96
HAM,1231.9377777777781,164.0,76.96
HAM,1239.2711111111114,165.0,76.96
HAM,1250.737777777778,172.0,76.96
HAM,1269.137777777778,184.0,76.96
HAM,1282.0044444444447,193.0,76.96
HAM,1295.1494444444447,198.0,76.96
HAM,1304.3494444444448,207.0,76.96
HAM,1328.7938888888891,220.0,76.96
HAM,1338.7050000000002,223.0,76.96
HAM,1351.3716666666667,228.0,76.96
HAM,1367.1050000000002,236.0,76.96
HAM,1394.2161111111113,244.0,76.96
HAM,1424.6494444444447,249.0,76.96
HAM,1447.1383333333335,253.0,76.96
HAM,1464.1383333333335,255.0,76.96
HAM,1492.805,258.0,76.96
HAM,1510.1383333333335,260.0,76.96
HAM,1536.4383333333335,263.0,76.96
HAM,1557.4383333333335,270.0,76.96
HAM,1578.5938888888888,272.0,76.96
HAM,1593.871666666667,275.0,76.96
HAM,1606.182777777778,277.0,76.96
HAM,1634.2605555555556,280.0,76.96
HAM,1659.4161111111111,283.0,76.96
HAM,1672.0383333333334,284.0,76.96
HAM,1694.3605555555557,287.0,76.96
HAM,1710.3605555555557,288.0,76.96
HAM,1736.0494444444446,289.0,76.96
HAM,1755.3827777777778,290.0,76.96
HAM,1768.2272222222223,289.0,76.96
HAM,1784.2025,289.0,76.96
HAM,1809.0025,279.0,76.96
HAM,1826.0691666666667,256.0,76.96
HAM,1842.4025000000001,245.0,76.96
HAM,1868.2913888888888,233.0,76.96
HAM,1886.1802777777777,230.0,76.96
HAM,1901.5802777777776,231.0,76.96
HAM,1917.3802777777778,237.0,76.96
HAM,1941.5802777777778,242.0,76.96
HAM,1960.7136111111113,246.0,76.96
HAM,1974.491388888889,248.0,76.96
HAM,1991.2247222222222,251.0,76.96
HAM,2008.291388888889,256.0,76.96
HAM,2034.391388888889,261.0,76.96
HAM,2058.1247222222223,267.0,76.96
HAM,2070.0358333333334,268.0,76.96
HAM,2094.2136111111113,272.0,76.96
HAM,2106.422777777778,273.0,76.96
HAM,2118.6005555555557,274.0,76.96
HAM,2137.000555555556,276.0,76.96
HAM,2158.622777777778,278.0,76.96
HAM,2170.9783333333335,278.0,76.96
HAM,2189.6450000000004,280.0,76.96
HAM,2202.1783333333333,282.0,76.96
HAM,2236.7672222222227,283.0,76.96
HAM,2249.3894444444445,284.0,76.96
HAM,2265.143611111111,285.0,76.96
HAM,2300.221388888889,287.0,76.96
HAM,2322.6991666666668,289.0,76.96
HAM,2342.0325,290.0,76.96
HAM,2371.2324999999996,292.0,76.96
HAM,2400.6324999999997,294.0,76.96
HAM,2436.9325,297.0,76.96
HAM,2450.088055555555,296.0,76.96
HAM,2466.5880555555555,297.0,76.96
HAM,2489.7658333333334,298.0,76.96
HAM,2509.6324999999997,298.0,76.96
HAM,2536.299166666666,300.0,76.96
HAM,2556.4325,302.0,76.96
HAM,2580.0769444444445,304.0,76.96
HAM,2603.9547222222222,307.0,76.96
HAM,2627.9880555555555,309.0,76.96
HAM,2659.1744444444444,311.0,76.96
HAM,2672.9966666666664,311.0,76.96
HAM,2700.8188888888885,313.0,76.96
HAM,2728.7299999999996,314.0,76.96
HAM,2746.1744444444444,314.0,76.96
HAM,2763.674444444445,315.0,76.96
HAM,2791.763333333334,316.0,76.96
HAM,2809.318888888889,316.0,76.96
HAM,2826.7866666666664,316.0,76.96
HAM,2858.3866666666668,316.0,76.96
HAM,2879.453333333333,316.0,76.96
HAM,2897.0088888888886,316.0,76.96
HAM,2911.008888888888,315.0,76.96
HAM,2932.075555555555,316.0,76.96
HAM,2946.0755555555556,315.0,76.96
HAM,2963.631111111111,316.0,76.96
HAM,2981.1866666666665,316.0,76.96
HAM,3019.9311111111106,317.0,76.96
HAM,3048.1088888888885,317.0,76.96
HAM,3065.72,317.0,76.96
HAM,3090.375555555555,317.0,76.96
HAM,3108.042222222222,318.0,76.96
HAM,3136.3088888888888,318.0,76.96
HAM,3161.0422222222223,318.0,76.96
HAM,3189.2200000000003,317.0,76.96
HAM,3220.907777777778,316.0,76.96
HAM,3238.3522222222227,314.0,76.96
HAM,3257.552222222223,288.0,76.96
HAM,3278.396666666667,268.0,76.96
HAM,3300.885555555556,253.0,76.96
HAM,3311.952222222223,249.0,76.96
HAM,3328.5522222222235,249.0,76.96
HAM,3356.6633333333343,253.0,76.96
HAM,3386.9055555555565,248.0,76.96
HAM,3408.861111111112,247.0,76.96
HAM,3422.750000000001,250.0,76.96
HAM,3436.750000000001,252.0,76.96
HAM,3456.5055555555564,254.0,76.96
HAM,3467.9722222222226,258.0,76.96
HAM,3482.4166666666674,260.0,76.96
HAM,3497.0277777777783,263.0,76.96
HAM,3517.6388888888896,265.0,76.96
HAM,3532.5277777777787,268.0,76.96
HAM,3544.572222222223,271.0,76.96
HAM,3569.1055555555563,276.0,76.96
HAM,3581.461111111112,278.0,76.96
HAM,3606.5277777777787,282.0,76.96
HAM,3619.1944444444453,285.0,76.96
HAM,3635.0833333333344,286.0,76.96
HAM,3654.416666666668,290.0,76.96
HAM,3673.8166666666675,291.0,76.96
HAM,3690.0944444444453,293.0,76.96
HAM,3716.3986111111117,295.0,76.96
HAM,3732.9541666666673,298.0,76.96
HAM,3756.287500000001,300.0,76.96
HAM,3773.065277777778,302.0,76.96
HAM,3789.8986111111117,303.0,76.96
HAM,3813.5430555555563,304.0,76.96
HAM,3827.143055555556,306.0,76.96
HAM,3847.5430555555563,306.0,76.96
HAM,3864.709722222223,309.0,76.96
HAM,3878.487500000001,310.0,76.96
HAM,3909.587500000001,311.0,76.96
HAM,3937.1455555555567,311.0,76.96
HAM,3964.7900000000013,311.0,76.96
HAM,3982.0677777777787,311.0,76.96
HAM,4006.17888888889,310.0,76.96
HAM,4019.6455555555563,303.0,76.96
HAM,4036.4788888888897,303.0,76.96
HAM,4055.590000000001,215.0,76.96
HAM,4065.97888888889,187.0,76.96
HAM,4075.090000000001,164.0,76.96
HAM,4083.47888888889,151.0,76.96
HAM,4091.2011111111124,139.0,76.96
HAM,4102.490000000002,127.0,76.96
HAM,4110.890000000001,126.0,76.96
HAM,4118.956666666668,121.0,76.96
HAM,4128.834444444446,127.0,76.96
HAM,4140.745555555557,134.0,76.96
HAM,4159.120555555557,150.0,76.96
HAM,4166.231666666668,160.0,76.96
HAM,4224.298333333335,201.0,76.96
HAM,4242.965000000002,210.0,76.96
HAM,4252.431666666668,213.0,76.96
HAM,4269.620555555557,221.0,76.96
HAM,4282.231666666668,227.0,76.96
HAM,4292.498333333335,231.0,76.96
HAM,4318.987500000001,239.0,76.96
HAM,4329.609722222223,239.0,76.96
HAM,4340.231944444446,239.0,76.96
HAM,4363.431944444445,232.0,76.96
HAM,4383.87638888889,230.0,76.96
HAM,4407.07638888889,232.0,76.96
HAM,4422.67638888889,234.0,76.96
HAM,4433.165277777779,236.0,76.96
HAM,4457.265277777779,241.0,76.96
HAM,4468.109722222224,244.0,76.96
HAM,4492.809722222224,247.0,76.96
HAM,4512.17638888889,249.0,76.96
HAM,4523.376388888891,252.0,76.96
HAM,4540.043055555557,250.0,76.96
HAM,4562.320833333334,200.0,76.96
HAM,4571.654166666667,168.0,76.96
HAM,4579.9875,150.0,76.96
HAM,4586.4319444444445,145.0,76.96
HAM,4600.0986111111115,123.0,76.96
HAM,4608.298611111111,123.0,76.96
HAM,4615.365277777778,106.0,76.96
HAM,4619.943055555556,103.0,76.96
HAM,4631.309722222223,93.0,76.96
HAM,4638.387500000001,91.0,76.96
HAM,4648.26,99.0,76.96
HAM,4652.8822222222225,104.0,76.96
HAM,4657.637777777778,107.0,76.96
HAM,4662.526666666667,110.0,76.96
HAM,4670.7266666666665,123.0,76.96
HAM,4683.082222222222,139.0,76.96
HAM,4689.793333333333,151.0,76.96
HAM,4700.459999999999,160.0,76.96
HAM,4709.793333333332,168.0,76.96
HAM,4721.459999999998,175.0,76.96
HAM,4737.37111111111,179.0,76.96
HAM,4747.426666666665,181.0,76.96
HAM,4757.759999999998,186.0,76.96
HAM,4783.626666666664,194.0,76.96
HAM,4804.026666666664,204.0,76.96
HAM,4818.026666666665,210.0,76.96
HAM,4835.042777777776,218.0,76.96
HAM,4847.320555555554,221.0,76.96
HAM,4862.053888888887,221.0,76.96
HAM,4871.87611111111,221.0,76.96
HAM,4891.520555555554,221.0,76.96
HAM,4901.342777777776,221.0,76.96
HAM,4912.320555555554,247.0,76.96
HAM,4935.07611111111,256.0,76.96
HAM,4955.453888888887,262.0,76.96
HAM,4979.364999999999,269.0,76.96
HAM,5000.676111111109,274.0,76.96
HAM,5019.209444444443,278.0,76.96
HAM,5047.530555555553,284.0,76.96
HAM,5079.641666666665,289.0,76.96
HAM,5092.619444444442,292.0,76.96
HAM,5112.219444444441,294.0,76.96
HAM,5125.419444444442,297.0,76.96
HAM,5155.419444444442,300.0,76.96
HAM,5172.197222222218,302.0,76.96
HAM,5195.997222222219,306.0,76.96
HAM,5213.10833333333,308.0,76.96
HAM,5230.330555555553,310.0,76.96
ALB,11.316944444444445,311.0,77.13
ALB,39.22805555555556,314.0,77.13
ALB,60.29472222222222,316.0,77.13
ALB,74.33916666666667,316.0,77.13
ALB,88.42805555555555,317.0,77.13
ALB,109.62805555555555,318.0,77.13
ALB,123.80583333333334,319.0,77.13
ALB,148.7725,321.0,77.13
ALB,184.6613888888889,323.0,77.13
ALB,213.55138888888888,324.0,77.13
ALB,242.26250000000002,323.0,77.13
ALB,273.04027777777776,277.0,77.13
ALB,286.7069444444444,246.0,77.13
ALB,301.57361111111106,223.0,77.13
ALB,315.17361111111103,204.0,77.13
ALB,324.06249999999994,200.0,77.13
ALB,340.9513888888888,190.0,77.13
ALB,349.26249999999993,187.0,77.13
ALB,363.57361111111106,184.0,77.13
ALB,400.91861111111103,198.0,77.13
ALB,412.41861111111103,207.0,77.13
ALB,429.0630555555555,214.0,77.13
ALB,453.9519444444444,224.0,77.13
ALB,482.42972222222215,233.0,77.13
ALB,511.7630555555555,240.0,77.13
ALB,525.2630555555555,243.0,77.13
ALB,536.1963888888888,246.0,77.13
ALB,567.118611111111,253.0,77.13
ALB,593.318611111111,262.0,77.13
ALB,608.0963888888888,266.0,77.13
ALB,620.0519444444443,269.0,77.13
ALB,644.4836111111109,274.0,77.13
ALB,663.0169444444442,278.0,77.13
ALB,691.2169444444442,282.0,77.13
ALB,723.3280555555552,289.0,77.13
ALB,749.2836111111109,292.0,77.13
ALB,765.6724999999997,295.0,77.13
ALB,778.8280555555552,296.0,77.13
ALB,802.0836111111107,299.0,77.13
ALB,822.216944444444,302.0,77.13
ALB,835.6836111111107,303.0,77.13
ALB,866.1986111111107,306.0,77.13
ALB,886.731944444444,308.0,77.13
ALB,907.3986111111108,310.0,77.13
ALB,921.220833333333,311.0,77.13
ALB,938.4986111111107,311.0,77.13
ALB,965.0763888888885,299.0,77.13
ALB,989.8763888888884,248.0,77.13
ALB,1002.0986111111107,220.0,77.13
ALB,1012.931944444444,195.0,77.13
ALB,1020.7541666666662,176.0,77.13
ALB,1031.8208333333328,166.0,77.13
ALB,1038.265277777777,145.0,77.13
ALB,1059.4208333333327,119.0,77.13
ALB,1067.976388888888,110.0,77.13
ALB,1073.9208333333324,107.0,77.13
ALB,1084.1491666666657,102.0,77.13
ALB,1088.682499999999,102.0,77.13
ALB,1099.482499999999,108.0,77.13
ALB,1107.2158333333323,116.0,77.13
ALB,1112.59361111111,121.0,77.13
ALB,1125.6936111111102,131.0,77.13
ALB,1135.2269444444435,143.0,77.13
ALB,1149.0936111111102,156.0,77.13
ALB,1158.371388888888,167.0,77.13
ALB,1169.6380555555547,169.0,77.13
ALB,1179.3047222222215,174.0,77.13
ALB,1193.6597222222215,162.0,77.13
ALB,1214.726388888888,158.0,77.13
ALB,1229.5708333333325,167.0,77.13
ALB,1237.0819444444437,169.0,77.13
ALB,1254.6819444444436,176.0,77.13
ALB,1278.515277777777,195.0,77.13
ALB,1299.415277777777,209.0,77.13
ALB,1313.8152777777768,216.0,77.13
ALB,1333.8152777777768,225.0,77.13
ALB,1354.7041666666657,235.0,77.13
ALB,1370.6374999999991,239.0,77.13
ALB,1386.9041666666658,244.0,77.13
ALB,1403.506388888888,248.0,77.13
ALB,1420.1730555555548,250.0,77.13
ALB,1451.3397222222213,255.0,77.13
ALB,1468.4063888888882,256.0,77.13
ALB,1485.5397222222214,257.0,77.13
ALB,1499.8174999999992,257.0,77.13
ALB,1526.217499999999,264.0,77.13
ALB,1541.0508333333325,267.0,77.13
ALB,1559.0508333333323,270.0,77.13
ALB,1571.1397222222213,272.0,77.13
ALB,1586.3619444444435,274.0,77.13
ALB,1610.9072222222212,277.0,77.13
ALB,1623.2627777777768,278.0,77.13
ALB,1648.2405555555547,281.0,77.13
ALB,1664.0183333333327,284.0,77.13
ALB,1679.851666666666,285.0,77.13
ALB,1698.9849999999992,287.0,77.13
ALB,1711.7849999999992,288.0,77.13
ALB,1724.6294444444436,289.0,77.13
ALB,1747.1072222222215,289.0,77.13
ALB,1766.4405555555547,290.0,77.13
ALB,1798.5849999999994,263.0,77.13
ALB,1824.9183333333326,237.0,77.13
ALB,1847.3183333333325,224.0,77.13
ALB,1857.1405555555548,221.0,77.13
ALB,1866.9183333333326,220.0,77.13
ALB,1889.1799999999994,222.0,77.13
ALB,1912.0799999999992,229.0,77.13
ALB,1930.5133333333326,237.0,77.13
ALB,1949.1799999999994,240.0,77.13
ALB,1959.9799999999993,243.0,77.13
ALB,1970.9577777777772,247.0,77.13
ALB,1999.1799999999994,254.0,77.13
ALB,2019.2466666666662,258.0,77.13
ALB,2039.857777777777,265.0,77.13
ALB,2057.5911111111104,266.0,77.13
ALB,2072.479999999999,268.0,77.13
ALB,2087.460277777777,271.0,77.13
ALB,2111.815833333332,274.0,77.13
ALB,2133.2047222222213,275.0,77.13
ALB,2145.515833333332,277.0,77.13
ALB,2164.0491666666653,278.0,77.13
ALB,2182.6491666666648,279.0,77.13
ALB,2217.115833333332,282.0,77.13
ALB,2245.515833333332,284.0,77.13
ALB,2261.349166666665,285.0,77.13
ALB,2296.5491666666653,288.0,77.13
ALB,2319.026944444443,289.0,77.13
ALB,2338.360277777776,290.0,77.13
ALB,2357.8269444444427,292.0,77.13
ALB,2380.6972222222203,293.0,77.13
ALB,2413.363888888887,294.0,77.13
ALB,2429.752777777776,295.0,77.13
ALB,2446.1972222222207,296.0,77.13
ALB,2459.352777777776,296.0,77.13
ALB,2475.7972222222206,296.0,77.13
ALB,2492.29722222222,297.0,77.13
ALB,2528.841666666665,299.0,77.13
ALB,2565.874999999998,303.0,77.13
ALB,2592.9861111111095,305.0,77.13
ALB,2609.98611111111,306.0,77.13
ALB,2626.9861111111095,306.0,77.13
ALB,2651.0111111111096,310.0,77.13
ALB,2675.199999999998,311.0,77.13
ALB,2689.066666666665,312.0,77.13
ALB,2706.455555555554,313.0,77.13
ALB,2727.3222222222203,313.0,77.13
ALB,2762.3222222222203,315.0,77.13
ALB,2797.433333333332,316.0,77.13
ALB,2825.61111111111,317.0,77.13
ALB,2853.877777777777,318.0,77.13
ALB,2871.544444444443,318.0,77.13
ALB,2899.8111111111098,318.0,77.13
ALB,2913.9888888888877,319.0,77.13
ALB,2938.8886111111096,319.0,77.13
ALB,2967.244166666665,319.0,77.13
ALB,2999.144166666665,319.0,77.13
ALB,3024.0330555555543,320.0,77.13
ALB,3038.2108333333317,319.0,77.13
ALB,3070.2108333333317,320.0,77.13
ALB,3109.4441666666653,321.0,77.13
ALB,3141.644166666665,322.0,77.13
ALB,3166.766388888887,323.0,77.13
ALB,3202.099722222221,318.0,77.13
ALB,3218.5441666666648,296.0,77.13
ALB,3230.7783333333314,277.0,77.13
ALB,3248.7783333333314,270.0,77.13
ALB,3265.844999999998,256.0,77.13
ALB,3284.9005555555536,245.0,77.13
ALB,3298.2894444444423,241.0,77.13
ALB,3314.422777777776,242.0,77.13
ALB,3330.7561111111095,245.0,77.13
ALB,3344.644999999998,250.0,77.13
ALB,3355.800555555554,251.0,77.13
ALB,3378.2005555555543,252.0,77.13
ALB,3397.800555555554,252.0,77.13
ALB,3417.322777777776,251.0,77.13
ALB,3439.900555555554,254.0,77.13
ALB,3454.249722222221,257.0,77.13
ALB,3477.3608333333323,260.0,77.13
ALB,3491.916388888888,262.0,77.13
ALB,3503.6052777777763,263.0,77.13
ALB,3533.4941666666655,269.0,77.13
ALB,3551.760833333332,274.0,77.13
ALB,3573.460833333332,279.0,77.13
ALB,3592.1941666666658,281.0,77.13
ALB,3611.127499999999,284.0,77.13
ALB,3633.371944444443,286.0,77.13
ALB,3649.427499999999,289.0,77.13
ALB,3672.2163888888876,293.0,77.13
ALB,3705.2163888888876,297.0,77.13
ALB,3721.689166666665,298.0,77.13
ALB,3738.355833333332,300.0,77.13
ALB,3751.7336111111094,301.0,77.13
ALB,3768.566944444443,303.0,77.13
ALB,3785.455833333332,304.0,77.13
ALB,3816.155833333332,307.0,77.13
ALB,3836.7558333333313,309.0,77.13
ALB,3860.8669444444427,310.0,77.13
ALB,3874.689166666665,311.0,77.13
ALB,3899.0336111111096,313.0,77.13
ALB,3933.8113888888874,313.0,77.13
ALB,3961.6336111111095,313.0,77.13
ALB,3979.022499999998,313.0,77.13
ALB,4000.878055555554,280.0,77.13
ALB,4017.0113888888873,242.0,77.13
ALB,4038.0113888888873,189.0,77.13
ALB,4054.1002777777762,181.0,77.13
ALB,4062.766944444443,156.0,77.13
ALB,4068.9891666666654,140.0,77.13
ALB,4077.9224999999988,134.0,77.13
ALB,4089.03361111111,125.0,77.13
ALB,4094.500277777777,123.0,77.13
ALB,4101.278055555555,122.0,77.13
ALB,4106.744722222222,123.0,77.13
ALB,4119.744722222222,130.0,77.13
ALB,4132.011388888888,138.0,77.13
ALB,4142.144722222221,152.0,77.13
ALB,4156.765555555555,165.0,77.13
ALB,4170.532222222221,177.0,77.13
ALB,4180.587777777777,181.0,77.13
ALB,4189.165555555554,193.0,77.13
ALB,4202.432222222221,199.0,77.13
ALB,4211.409999999998,202.0,77.13
ALB,4220.698888888887,209.0,77.13
ALB,4232.587777777776,214.0,77.13
ALB,4252.3211111111095,222.0,77.13
ALB,4275.021111111109,227.0,77.13
ALB,4303.865555555554,236.0,77.13
ALB,4329.373611111109,229.0,77.13
ALB,4354.040277777776,222.0,77.13
ALB,4373.862499999998,223.0,77.13
ALB,4388.795833333332,224.0,77.13
ALB,4398.884722222221,227.0,77.13
ALB,4409.062499999999,229.0,77.13
ALB,4424.529166666666,232.0,77.13
ALB,4435.018055555555,236.0,77.13
ALB,4459.118055555556,241.0,77.13
ALB,4480.895833333334,245.0,77.13
ALB,4491.918055555556,248.0,77.13
ALB,4511.284722222223,249.0,77.13
ALB,4537.55138888889,197.0,77.13
ALB,4552.083611111112,164.0,77.13
ALB,4561.483611111113,141.0,77.13
ALB,4570.216944444446,131.0,77.13
ALB,4577.216944444446,126.0,77.13
ALB,4583.6613888888905,116.0,77.13
ALB,4595.550277777779,107.0,77.13
ALB,4603.56138888889,103.0,77.13
ALB,4614.6725000000015,100.0,77.13
ALB,4624.0058333333345,105.0,77.13
ALB,4632.716944444445,112.0,77.13
ALB,4639.328055555557,119.0,77.13
ALB,4647.763055555557,126.0,77.13
ALB,4653.540833333334,130.0,77.13
ALB,4669.240833333334,157.0,77.13
ALB,4676.218611111112,157.0,77.13
ALB,4687.418611111112,168.0,77.13
ALB,4702.79638888889,173.0,77.13
ALB,4712.574166666668,176.0,77.13
ALB,4730.774166666668,182.0,77.13
ALB,4741.107500000001,186.0,77.13
ALB,4751.663055555557,190.0,77.13
ALB,4764.79638888889,197.0,77.13
ALB,4776.074166666668,203.0,77.13
ALB,4799.5186111111125,211.0,77.13
ALB,4816.551944444445,219.0,77.13
ALB,4831.551944444446,225.0,77.13
ALB,4841.6661111111125,229.0,77.13
ALB,4851.977222222225,232.0,77.13
ALB,4870.566111111114,239.0,77.13
ALB,4898.121666666669,248.0,77.13
ALB,4920.877222222225,256.0,77.13
ALB,4932.432777777781,260.0,77.13
ALB,4947.099444444448,264.0,77.13
ALB,4974.099444444448,270.0,77.13
ALB,4986.232777777781,273.0,77.13
ALB,5001.62166666667,277.0,77.13
ALB,5014.066111111114,280.0,77.13
ALB,5026.599444444447,282.0,77.13
ALB,5042.511944444447,285.0,77.13
ALB,5068.200833333335,289.0,77.13
ALB,5094.334166666669,294.0,77.13
ALB,5110.834166666668,297.0,77.13
ALB,5127.44527777778,299.0,77.13
ALB,5147.511944444447,301.0,77.13
ALB,5164.345277777779,303.0,77.13
ALB,5177.856388888891,304.0,77.13
ALB,5205.234166666668,308.0,77.13
ALB,5225.900833333336,310.0,77.13
BOT,15.020833333333332,309.0,77.34
BOT,42.665277777777774,311.0,77.34
BOT,56.576388888888886,313.0,77.34
BOT,77.50972222222222,314.0,77.34
BOT,112.73194444444444,317.0,77.34
BOT,151.5102777777778,318.0,77.34
BOT,179.86583333333334,319.0,77.34
BOT,197.58805555555557,319.0,77.34
BOT,215.4213888888889,321.0,77.34
BOT,240.23250000000002,319.0,77.34
BOT,254.36583333333337,318.0,77.34
BOT,271.5325,309.0,77.34
BOT,285.9769444444445,260.0,77.34
BOT,303.08805555555557,220.0,77.34
BOT,314.1991666666667,200.0,77.34
BOT,322.8213888888889,194.0,77.34
BOT,338.5547222222222,177.0,77.34
BOT,346.3325,175.0,77.34
BOT,361.8880555555555,175.0,77.34
BOT,369.6658333333333,175.0,77.34
BOT,379.5547222222222,178.0,77.34
BOT,391.7547222222222,183.0,77.34
BOT,404.8880555555555,197.0,77.34
BOT,416.27694444444444,205.0,77.34
BOT,435.0911111111111,211.0,77.34
BOT,447.20222222222225,218.0,77.34
BOT,464.70222222222225,225.0,77.34
BOT,477.48,230.0,77.34
BOT,490.47999999999996,234.0,77.34
BOT,509.14666666666665,240.0,77.34
BOT,519.8133333333333,240.0,77.34
BOT,536.0799999999999,244.0,77.34
BOT,549.9133333333333,249.0,77.34
BOT,561.0688888888889,251.0,77.34
BOT,586.6688888888888,256.0,77.34
BOT,610.0622222222222,264.0,77.34
BOT,634.0622222222221,270.0,77.34
BOT,649.2844444444444,274.0,77.34
BOT,670.9844444444443,279.0,77.34
BOT,683.5177777777776,282.0,77.34
BOT,699.3511111111109,285.0,77.34
BOT,725.0399999999997,289.0,77.34
BOT,741.1511111111109,290.0,77.34
BOT,757.4288888888887,293.0,77.34
BOT,773.7622222222219,294.0,77.34
BOT,790.262222222222,297.0,77.34
BOT,816.751111111111,298.0,77.34
BOT,836.751111111111,300.0,77.34
BOT,857.0177777777775,304.0,77.34
BOT,880.7399999999998,305.0,77.34
BOT,908.1177777777776,308.0,77.34
BOT,946.0927777777775,310.0,77.34
BOT,959.8261111111109,309.0,77.34
BOT,1012.9816666666665,184.0,77.34
BOT,1026.937222222222,157.0,77.34
BOT,1033.426111111111,146.0,77.34
BOT,1043.537222222222,130.0,77.34
BOT,1050.2594444444442,121.0,77.34
BOT,1055.5927777777774,120.0,77.34
BOT,1067.5627777777775,108.0,77.34
BOT,1072.2738888888887,106.0,77.34
BOT,1076.9849999999997,106.0,77.34
BOT,1087.7849999999996,108.0,77.34
BOT,1097.918333333333,114.0,77.34
BOT,1110.518333333333,126.0,77.34
BOT,1118.918333333333,126.0,77.34
BOT,1125.2738888888887,143.0,77.34
BOT,1141.6738888888885,164.0,77.34
BOT,1149.1849999999997,169.0,77.34
BOT,1166.0849999999996,169.0,77.34
BOT,1178.918333333333,165.0,77.34
BOT,1186.207222222222,164.0,77.34
BOT,1197.1405555555552,164.0,77.34
BOT,1215.408333333333,164.0,77.34
BOT,1224.6305555555552,166.0,77.34
BOT,1234.0194444444442,169.0,77.34
BOT,1241.708333333333,173.0,77.34
BOT,1262.4861111111106,187.0,77.34
BOT,1275.6861111111104,198.0,77.34
BOT,1289.2861111111106,204.0,77.34
BOT,1298.6194444444438,210.0,77.34
BOT,1325.8749999999995,223.0,77.34
BOT,1343.7638888888882,230.0,77.34
BOT,1367.0988888888883,234.0,77.34
BOT,1377.8544444444437,242.0,77.34
BOT,1388.7433333333327,245.0,77.34
BOT,1399.6322222222216,245.0,77.34
BOT,1416.2322222222215,249.0,77.34
BOT,1438.5433333333326,251.0,77.34
BOT,1449.6988888888882,251.0,77.34
BOT,1466.6988888888882,255.0,77.34
BOT,1480.9766666666662,257.0,77.34
BOT,1498.1099999999994,257.0,77.34
BOT,1521.3988888888885,262.0,77.34
BOT,1535.9544444444439,262.0,77.34
BOT,1550.8988888888882,269.0,77.34
BOT,1587.4322222222215,274.0,77.34
BOT,1615.2322222222215,278.0,77.34
BOT,1633.8322222222216,279.0,77.34
BOT,1655.9219444444439,283.0,77.34
BOT,1671.6997222222217,284.0,77.34
BOT,1690.7663888888885,286.0,77.34
BOT,1703.5663888888885,288.0,77.34
BOT,1729.3441666666663,290.0,77.34
BOT,1742.2330555555552,290.0,77.34
BOT,1755.0774999999996,289.0,77.34
BOT,1778.9886111111105,269.0,77.34
BOT,1798.2774999999995,248.0,77.34
BOT,1818.5441666666661,228.0,77.34
BOT,1835.9663888888883,224.0,77.34
BOT,1850.7663888888883,222.0,77.34
BOT,1873.104166666666,224.0,77.34
BOT,1898.6597222222215,230.0,77.34
BOT,1909.1930555555548,237.0,77.34
BOT,1925.2597222222216,241.0,77.34
BOT,1936.1041666666658,244.0,77.34
BOT,1961.204166666666,251.0,77.34
BOT,1975.2597222222214,253.0,77.34
BOT,1995.0930555555549,255.0,77.34
BOT,2009.5374999999992,260.0,77.34
BOT,2023.9819444444436,260.0,77.34
BOT,2044.7486111111102,267.0,77.34
BOT,2059.6930555555546,269.0,77.34
BOT,2077.6930555555546,270.0,77.34
BOT,2101.8708333333325,272.0,77.34
BOT,2120.2805555555547,275.0,77.34
BOT,2132.5472222222215,276.0,77.34
BOT,2200.7472222222214,279.0,77.34
BOT,2219.4138888888883,280.0,77.34
BOT,2235.0805555555553,282.0,77.34
BOT,2263.4805555555554,284.0,77.34
BOT,2282.480555555555,285.0,77.34
BOT,2311.1805555555547,287.0,77.34
BOT,2323.9361111111107,287.0,77.34
BOT,2339.936111111111,288.0,77.34
BOT,2359.188888888889,290.0,77.34
BOT,2375.3,290.0,77.34
BOT,2401.255555555555,292.0,77.34
BOT,2420.7888888888883,293.0,77.34
BOT,2443.577777777777,293.0,77.34
BOT,2463.1777777777775,294.0,77.34
BOT,2486.122222222222,295.0,77.34
BOT,2499.2333333333327,295.0,77.34
BOT,2519.0999999999995,298.0,77.34
BOT,2539.0999999999995,300.0,77.34
BOT,2562.51111111111,301.0,77.34
BOT,2582.777777777777,304.0,77.34
BOT,2596.3333333333326,305.0,77.34
BOT,2633.9777777777767,308.0,77.34
BOT,2647.7969444444434,309.0,77.34
BOT,2671.9080555555547,310.0,77.34
BOT,2703.2080555555544,313.0,77.34
BOT,2727.630277777776,314.0,77.34
BOT,2745.1858333333316,316.0,77.34
BOT,2776.7858333333315,316.0,77.34
BOT,2801.441388888887,317.0,77.34
BOT,2829.708055555554,318.0,77.34
BOT,2843.8858333333314,319.0,77.34
BOT,2861.608055555554,319.0,77.34
BOT,2882.9413888888876,320.0,77.34
BOT,2907.8302777777767,320.0,77.34
BOT,2943.296944444443,320.0,77.34
BOT,2964.696944444443,321.0,77.34
BOT,2982.474722222221,320.0,77.34
BOT,3007.4413888888876,321.0,77.34
BOT,3021.708055555554,321.0,77.34
BOT,3050.2413888888873,321.0,77.34
BOT,3068.1302777777764,322.0,77.34
BOT,3086.019166666665,322.0,77.34
BOT,3103.8524999999986,321.0,77.34
BOT,3129.052499999999,324.0,77.34
BOT,3146.9969444444428,323.0,77.34
BOT,3168.396944444443,321.0,77.34
BOT,3189.2636111111096,313.0,77.34
BOT,3209.5969444444427,305.0,77.34
BOT,3221.9849999999983,277.0,77.34
BOT,3247.4849999999983,255.0,77.34
BOT,3263.618333333332,242.0,77.34
BOT,3287.518333333332,239.0,77.34
BOT,3320.051666666666,244.0,77.34
BOT,3333.9405555555545,250.0,77.34
BOT,3347.773888888888,249.0,77.34
BOT,3375.3294444444437,248.0,77.34
BOT,3386.3072222222213,247.0,77.34
BOT,3397.151666666666,244.0,77.34
BOT,3413.4849999999997,245.0,77.34
BOT,3427.2072222222214,247.0,77.34
BOT,3440.984999999999,248.0,77.34
BOT,3457.7149999999992,252.0,77.34
BOT,3486.1594444444436,256.0,77.34
BOT,3503.5594444444437,261.0,77.34
BOT,3536.4372222222214,269.0,77.34
BOT,3548.481666666666,271.0,77.34
BOT,3573.1038888888884,277.0,77.34
BOT,3594.7261111111106,278.0,77.34
BOT,3607.2594444444435,282.0,77.34
BOT,3623.092777777777,285.0,77.34
BOT,3642.2927777777772,288.0,77.34
BOT,3668.248333333333,292.0,77.34
BOT,3684.581666666666,294.0,77.34
BOT,3714.2638888888887,296.0,77.34
BOT,3727.4638888888885,297.0,77.34
BOT,3740.7083333333326,298.0,77.34
BOT,3757.3749999999995,300.0,77.34
BOT,3777.4416666666666,301.0,77.34
BOT,3797.641666666667,303.0,77.34
BOT,3831.5305555555556,305.0,77.34
BOT,3848.5861111111108,307.0,77.34
BOT,3879.486111111111,309.0,77.34
BOT,3907.1305555555555,311.0,77.34
BOT,3945.3861111111114,313.0,77.34
BOT,3959.3416666666667,314.0,77.34
BOT,3976.675,312.0,77.34
BOT,3993.563888888889,304.0,77.34
BOT,4009.4286111111114,287.0,77.34
BOT,4022.3730555555558,233.0,77.34
BOT,4033.7063888888893,204.0,77.34
BOT,4043.595277777778,178.0,77.34
BOT,4052.3730555555558,158.0,77.34
BOT,4058.861944444445,146.0,77.34
BOT,4066.6397222222226,140.0,77.34
BOT,4075.5063888888894,133.0,77.34
BOT,4085.3063888888896,126.0,77.34
BOT,4098.973055555556,123.0,77.34
BOT,4104.528611111112,125.0,77.34
BOT,4116.173055555556,131.0,77.34
BOT,4127.139722222223,141.0,77.34
BOT,4137.18138888889,150.0,77.34
BOT,4146.014722222223,159.0,77.34
BOT,4166.125833333334,181.0,77.34
BOT,4176.570277777779,188.0,77.34
BOT,4201.259166666668,202.0,77.34
BOT,4217.670277777779,211.0,77.34
BOT,4234.703611111113,219.0,77.34
BOT,4244.525833333335,221.0,77.34
BOT,4267.825833333335,233.0,77.34
BOT,4278.314722222224,236.0,77.34
BOT,4294.381388888891,241.0,77.34
BOT,4310.514722222224,242.0,77.34
BOT,4321.2702777777795,242.0,77.34
BOT,4337.2702777777795,240.0,77.34
BOT,4364.585833333335,224.0,77.34
BOT,4374.541388888892,224.0,77.34
BOT,4387.041388888892,225.0,77.34
BOT,4397.174722222225,228.0,77.34
BOT,4420.674722222225,235.0,77.34
BOT,4439.185833333336,238.0,77.34
BOT,4469.374722222225,247.0,77.34
BOT,4489.052500000002,253.0,77.34
BOT,4508.652500000002,252.0,77.34
BOT,4523.0525000000025,216.0,77.34
BOT,4532.652500000002,216.0,77.34
BOT,4540.702500000002,180.0,77.34
BOT,4554.035833333335,150.0,77.34
BOT,4565.68027777778,131.0,77.34
BOT,4576.08027777778,117.0,77.34
BOT,4582.3025000000025,112.0,77.34
BOT,4593.102500000003,108.0,77.34
BOT,4600.035833333336,104.0,77.34
BOT,4605.758055555558,103.0,77.34
BOT,4612.558055555558,102.0,77.34
BOT,4622.958055555558,104.0,77.34
BOT,4635.958055555558,117.0,77.34
BOT,4647.513611111113,130.0,77.34
BOT,4662.213611111113,147.0,77.34
BOT,4672.7030555555575,158.0,77.34
BOT,4683.503055555558,162.0,77.34
BOT,4696.414166666669,166.0,77.34
BOT,4704.014166666669,171.0,77.34
BOT,4715.747500000001,176.0,77.34
BOT,4723.747500000002,180.0,77.34
BOT,4742.347500000003,186.0,77.34
BOT,4757.3586111111135,193.0,77.34
BOT,4775.314166666669,202.0,77.34
BOT,4786.814166666669,207.0,77.34
BOT,4796.236388888891,212.0,77.34
BOT,4810.763333333336,217.0,77.34
BOT,4823.152222222225,223.0,77.34
BOT,4849.041111111114,233.0,77.34
BOT,4862.263333333336,238.0,77.34
BOT,4881.163333333336,243.0,77.34
BOT,4906.563333333335,254.0,77.34
BOT,4920.896666666669,258.0,77.34
BOT,4950.3411111111145,265.0,77.34
BOT,4962.252222222225,268.0,77.34
BOT,4983.485555555559,273.0,77.34
BOT,4998.818888888893,276.0,77.34
BOT,5011.218888888892,279.0,77.34
BOT,5030.085555555558,283.0,77.34
BOT,5045.918888888892,285.0,77.34
BOT,5065.118888888892,288.0,77.34
BOT,5097.482222222226,292.0,77.34
BOT,5113.760000000004,293.0,77.34
BOT,5140.248888888893,298.0,77.34
BOT,5156.915555555559,300.0,77.34
BOT,5187.115555555559,302.0,77.34
BOT,5217.71555555556,306.0,77.34
MAG,26.333333333333332,316.0,77.427
MAG,47.53333333333333,318.0,77.427
MAG,79.53333333333333,320.0,77.427
MAG,104.57777777777777,322.0,77.427
MAG,129.6222222222222,322.0,77.427
MAG,147.5111111111111,322.0,77.427
MAG,161.9111111111111,324.0,77.427
MAG,194.50138888888887,325.0,77.427
MAG,223.56805555555553,327.0,77.427
MAG,237.96805555555554,324.0,77.427
MAG,261.4569444444444,302.0,77.427
MAG,276.4569444444444,270.0,77.427
MAG,296.19027777777774,222.0,77.427
MAG,309.65694444444443,202.0,77.427
MAG,318.1902777777778,192.0,77.427
MAG,328.41666666666663,185.0,77.427
MAG,344.15,177.0,77.427
MAG,355.68333333333334,173.0,77.427
MAG,367.28333333333336,174.0,77.427
MAG,387.95,186.0,77.427
MAG,403.27222222222224,197.0,77.427
MAG,416.9388888888889,205.0,77.427
MAG,431.2055555555556,214.0,77.427
MAG,453.4055555555556,222.0,77.427
MAG,471.13888888888897,228.0,77.427
MAG,483.97222222222234,231.0,77.427
MAG,499.7722222222223,237.0,77.427
MAG,515.9055555555557,242.0,77.427
MAG,540.8055555555557,249.0,77.427
MAG,563.4722222222223,255.0,77.427
MAG,574.8944444444445,257.0,77.427
MAG,598.2722222222224,263.0,77.427
MAG,610.2577777777778,268.0,77.427
MAG,622.3466666666667,272.0,77.427
MAG,640.6800000000001,275.0,77.427
MAG,662.38,279.0,77.427
MAG,674.8244444444445,280.0,77.427
MAG,693.8244444444445,285.0,77.427
MAG,706.5355555555556,286.0,77.427
MAG,742.3466666666666,293.0,77.427
MAG,755.4133333333333,294.0,77.427
MAG,771.7755555555555,296.0,77.427
MAG,808.5644444444445,301.0,77.427
MAG,832.2088888888889,304.0,77.427
MAG,852.6088888888888,306.0,77.427
MAG,883.6088888888888,310.0,77.427
MAG,914.708888888889,311.0,77.427
MAG,952.8422222222223,312.0,77.427
MAG,966.6200000000001,310.0,77.427
MAG,982.1755555555557,280.0,77.427
MAG,1000.2200000000001,232.0,77.427
MAG,1013.5533333333334,200.0,77.427
MAG,1026.7977777777778,149.0,77.427
MAG,1035.9977777777779,138.0,77.427
MAG,1045.9533333333334,128.0,77.427
MAG,1054.897777777778,115.0,77.427
MAG,1063.608888888889,112.0,77.427
MAG,1074.3386111111113,107.0,77.427
MAG,1079.005277777778,105.0,77.427
MAG,1088.5163888888892,107.0,77.427
MAG,1098.5608333333337,113.0,77.427
MAG,1105.116388888889,118.0,77.427
MAG,1112.005277777778,124.0,77.427
MAG,1123.916388888889,134.0,77.427
MAG,1131.7497222222223,141.0,77.427
MAG,1139.986111111111,149.0,77.427
MAG,1156.886111111111,169.0,77.427
MAG,1168.4194444444445,173.0,77.427
MAG,1177.9194444444445,171.0,77.427
MAG,1185.3416666666667,167.0,77.427
MAG,1196.2749999999999,164.0,77.427
MAG,1203.386111111111,160.0,77.427
MAG,1212.1083333333333,157.0,77.427
MAG,1220.9972222222223,160.0,77.427
MAG,1241.6527777777776,169.0,77.427
MAG,1257.1194444444443,174.0,77.427
MAG,1267.2305555555556,182.0,77.427
MAG,1281.9305555555554,189.0,77.427
MAG,1293.0416666666665,200.0,77.427
MAG,1311.7083333333333,210.0,77.427
MAG,1328.7416666666666,219.0,77.427
MAG,1349.0083333333332,228.0,77.427
MAG,1372.7741666666666,237.0,77.427
MAG,1386.1074999999998,240.0,77.427
MAG,1402.3741666666665,244.0,77.427
MAG,1421.6630555555555,248.0,77.427
MAG,1443.9741666666666,251.0,77.427
MAG,1455.1297222222222,251.0,77.427
MAG,1471.9963888888888,253.0,77.427
MAG,1500.6630555555555,258.0,77.427
MAG,1533.2222222222222,267.0,77.427
MAG,1557.2222222222222,270.0,77.427
MAG,1572.3333333333333,272.0,77.427
MAG,1587.5555555555554,274.0,77.427
MAG,1609.1777777777777,278.0,77.427
MAG,1621.622222222222,280.0,77.427
MAG,1637.2333333333331,281.0,77.427
MAG,1652.9555555555553,283.0,77.427
MAG,1675.1999999999998,286.0,77.427
MAG,1691.1999999999998,288.0,77.427
MAG,1704.0888888888887,290.0,77.427
MAG,1729.9555555555555,291.0,77.427
MAG,1742.9333333333334,292.0,77.427
MAG,1768.888888888889,292.0,77.427
MAG,1781.7777777777778,290.0,77.427
MAG,1797.0,274.0,77.427
MAG,1813.2666666666667,244.0,77.427
MAG,1828.9333333333334,235.0,77.427
MAG,1841.7111111111112,230.0,77.427
MAG,1861.595277777778,223.0,77.427
MAG,1873.7619444444445,219.0,77.427
MAG,1890.6397222222222,217.0,77.427
MAG,1902.9730555555554,222.0,77.427
MAG,1915.5286111111109,226.0,77.427
MAG,1933.8063888888887,235.0,77.427
MAG,1944.2952777777775,236.0,77.427
MAG,1960.2952777777775,240.0,77.427
MAG,1973.850833333333,244.0,77.427
MAG,1984.873055555555,248.0,77.427
MAG,2010.173055555555,253.0,77.427
MAG,2033.034722222222,258.0,77.427
MAG,2056.5013888888884,264.0,77.427
MAG,2071.2791666666662,266.0,77.427
MAG,2092.1236111111107,268.0,77.427
MAG,2104.1680555555554,271.0,77.427
MAG,2119.334722222222,273.0,77.427
MAG,2143.6902777777773,274.0,77.427
MAG,2158.968055555555,275.0,77.427
MAG,2174.356944444444,277.0,77.427
MAG,2189.745833333333,277.0,77.427
MAG,2205.245833333333,279.0,77.427
MAG,2230.2236111111106,281.0,77.427
MAG,2249.090277777777,283.0,77.427
MAG,2268.090277777777,285.0,77.427
MAG,2290.4124999999995,287.0,77.427
MAG,2316.0124999999994,288.0,77.427
MAG,2351.659999999999,291.0,77.427
MAG,2364.593333333333,291.0,77.427
MAG,2450.3933333333325,297.0,77.427
MAG,2476.7933333333326,297.0,77.427
MAG,2489.993333333333,297.0,77.427
MAG,2513.0933333333323,297.0,77.427
MAG,2529.7044444444437,299.0,77.427
MAG,2543.1266666666656,302.0,77.427
MAG,2576.8199999999993,304.0,77.427
MAG,2590.4199999999996,306.0,77.427
MAG,2604.064444444444,307.0,77.427
MAG,2634.964444444444,309.0,77.427
MAG,2662.786666666666,313.0,77.427
MAG,2694.0866666666657,313.0,77.427
MAG,2715.0866666666657,315.0,77.427
MAG,2729.086666666666,315.0,77.427
MAG,2760.686666666666,316.0,77.427
MAG,2774.7755555555545,317.0,77.427
MAG,2806.5755555555543,318.0,77.427
MAG,2831.3866666666654,319.0,77.427
MAG,2845.5644444444433,319.0,77.427
MAG,2866.8311111111097,319.0,77.427
MAG,2902.364166666666,319.0,77.427
MAG,2920.141944444443,320.0,77.427
MAG,2937.9752777777767,321.0,77.427
MAG,2952.241944444443,321.0,77.427
MAG,2987.90861111111,321.0,77.427
MAG,3009.3086111111097,321.0,77.427
MAG,3030.7752777777764,322.0,77.427
MAG,3045.086388888888,322.0,77.427
MAG,3084.4419444444434,322.0,77.427
MAG,3109.5641666666656,323.0,77.427
MAG,3141.8741666666656,324.0,77.427
MAG,3156.274166666665,324.0,77.427
MAG,3170.6297222222206,323.0,77.427
MAG,3184.940833333332,322.0,77.427
MAG,3206.2741666666657,320.0,77.427
MAG,3232.6741666666658,297.0,77.427
MAG,3244.585277777777,268.0,77.427
MAG,3261.6519444444434,256.0,77.427
MAG,3275.4852777777764,249.0,77.427
MAG,3291.4852777777764,240.0,77.427
MAG,3312.551944444443,237.0,77.427
MAG,3325.8852777777765,240.0,77.427
MAG,3339.4408333333317,244.0,77.427
MAG,3371.1741666666653,238.0,77.427
MAG,3394.9741666666655,238.0,77.427
MAG,3410.8408333333323,238.0,77.427
MAG,3429.652222222221,241.0,77.427
MAG,3443.1522222222206,243.0,77.427
MAG,3459.752222222221,249.0,77.427
MAG,3470.818888888888,249.0,77.427
MAG,3493.485555555554,255.0,77.427
MAG,3504.8633333333323,256.0,77.427
MAG,3516.4188888888875,260.0,77.427
MAG,3539.974444444443,265.0,77.427
MAG,3561.052222222221,271.0,77.427
MAG,3585.5855555555545,276.0,77.427
MAG,3607.3633333333323,280.0,77.427
MAG,3626.2966666666657,284.0,77.427
MAG,3655.016666666666,288.0,77.427
MAG,3687.238888888888,290.0,77.427
MAG,3700.26111111111,293.0,77.427
MAG,3719.9944444444436,296.0,77.427
MAG,3733.1499999999987,296.0,77.427
MAG,3763.049999999999,299.0,77.427
MAG,3779.7722222222214,301.0,77.427
MAG,3803.416666666666,304.0,77.427
MAG,3820.4166666666665,306.0,77.427
MAG,3837.5277777777774,308.0,77.427
MAG,3861.6388888888887,310.0,77.427
MAG,3878.9166666666665,311.0,77.427
MAG,3899.649999999999,311.0,77.427
MAG,3927.56111111111,314.0,77.427
MAG,3948.6486111111103,315.0,77.427
MAG,3962.6486111111108,315.0,77.427
MAG,4019.8486111111106,234.0,77.427
MAG,4034.381944444444,218.0,77.427
MAG,4043.8263888888887,170.0,77.427
MAG,4058.3263888888887,145.0,77.427
MAG,4067.259722222222,134.0,77.427
MAG,4079.759722222222,125.0,77.427
MAG,4084.959722222222,117.0,77.427
MAG,4091.5152777777776,118.0,77.427
MAG,4099.481944444444,120.0,77.427
MAG,4106.315277777777,123.0,77.427
MAG,4118.226388888888,134.0,77.427
MAG,4127.759722222221,143.0,77.427
MAG,4140.04861111111,158.0,77.427
MAG,4151.515277777778,172.0,77.427
MAG,4165.748611111111,183.0,77.427
MAG,4174.104166666666,188.0,77.427
MAG,4187.037499999999,194.0,77.427
MAG,4200.704166666666,205.0,77.427
MAG,4217.270833333333,213.0,77.427
MAG,4231.937499999999,220.0,77.427
MAG,4241.893055555555,224.0,77.427
MAG,4270.248611111111,232.0,77.427
MAG,4280.937222222223,239.0,77.427
MAG,4299.60388888889,240.0,77.427
MAG,4322.70388888889,231.0,77.427
MAG,4340.126111111113,224.0,77.427
MAG,4352.40388888889,221.0,77.427
MAG,4374.70388888889,223.0,77.427
MAG,4392.126111111113,224.0,77.427
MAG,4412.570555555557,230.0,77.427
MAG,4422.970555555557,234.0,77.427
MAG,4436.192777777779,238.0,77.427
MAG,4452.392777777779,243.0,77.427
MAG,4471.292777777779,243.0,77.427
MAG,4499.555277777778,255.0,77.427
MAG,4514.8886111111115,230.0,77.427
MAG,4526.110833333334,202.0,77.427
MAG,4540.0330555555565,179.0,77.427
MAG,4547.455277777779,167.0,77.427
MAG,4559.544166666668,136.0,77.427
MAG,4566.655277777779,128.0,77.427
MAG,4573.377500000001,121.0,77.427
MAG,4579.821944444446,116.0,77.427
MAG,4588.144166666668,107.0,77.427
MAG,4593.8663888888905,103.0,77.427
MAG,4600.533055555557,100.0,77.427
MAG,4606.999722222224,97.0,77.427
MAG,4613.666388888891,100.0,77.427
MAG,4618.27277777778,103.0,77.427
MAG,4629.97277777778,117.0,77.427
MAG,4638.306111111113,125.0,77.427
MAG,4652.7061111111125,144.0,77.427
MAG,4674.572777777779,164.0,77.427
MAG,4684.072777777779,171.0,77.427
MAG,4693.850555555557,176.0,77.427
MAG,4713.850555555557,180.0,77.427
MAG,4721.98388888889,183.0,77.427
MAG,4730.2061111111125,185.0,77.427
MAG,4742.672777777779,187.0,77.427
MAG,4753.339444444446,192.0,77.427
MAG,4764.17277777778,195.0,77.427
MAG,4777.25138888889,197.0,77.427
MAG,4800.140277777779,206.0,77.427
MAG,4814.406944444446,214.0,77.427
MAG,4841.906944444446,225.0,77.427
MAG,4852.173611111113,231.0,77.427
MAG,4873.595833333335,241.0,77.427
MAG,4892.884722222224,248.0,77.427
MAG,4903.995833333335,250.0,77.427
MAG,4918.051388888891,253.0,77.427
MAG,4935.318055555557,259.0,77.427
MAG,4959.051388888891,267.0,77.427
MAG,4974.1069444444465,271.0,77.427
MAG,5001.984166666668,278.0,77.427
MAG,5014.3841666666685,279.0,77.427
MAG,5026.961944444446,283.0,77.427
MAG,5042.850833333335,286.0,77.427
MAG,5062.117500000001,289.0,77.427
MAG,5081.584166666667,292.0,77.427
MAG,5114.695277777779,298.0,77.427
MAG,5131.361944444446,300.0,77.427
MAG,5161.761944444445,304.0,77.427
MAG,5189.050833333334,307.0,77.427
MAG,5226.939722222222,310.0,77.427
OCO,14.208333333333334,310.0,77.617
OCO,52.70833333333333,315.0,77.617
OCO,70.26388888888889,316.0,77.617
OCO,105.59722222222223,318.0,77.617
OCO,137.59722222222223,320.0,77.617
OCO,155.375,320.0,77.617
OCO,180.41944444444445,322.0,77.617
OCO,194.775,323.0,77.617
OCO,216.3083333333333,323.0,77.617
OCO,237.90833333333333,324.0,77.617
OCO,255.7972222222222,322.0,77.617
OCO,272.13055555555553,294.0,77.617
OCO,298.35277777777776,236.0,77.617
OCO,312.15277777777777,207.0,77.617
OCO,332.93055555555554,187.0,77.617
OCO,343.09722222222223,183.0,77.617
OCO,351.23055555555555,183.0,77.617
OCO,359.1861111111111,179.0,77.617
OCO,368.9083333333333,175.0,77.617
OCO,378.7972222222222,178.0,77.617
OCO,393.3416666666667,187.0,77.617
OCO,411.08583333333337,199.0,77.617
OCO,424.75250000000005,205.0,77.617
OCO,436.25250000000005,207.0,77.617
OCO,445.8525000000001,216.0,77.617
OCO,460.45805555555563,220.0,77.617
OCO,475.52472222222224,226.0,77.617
OCO,485.70250000000004,229.0,77.617
OCO,509.30250000000007,236.0,77.617
OCO,522.6358333333334,240.0,77.617
OCO,538.8358333333333,243.0,77.617
OCO,558.1247222222222,248.0,77.617
OCO,583.6247222222222,255.0,77.617
OCO,612.9580555555556,264.0,77.617
OCO,627.6247222222223,264.0,77.617
OCO,642.6802777777779,271.0,77.617
OCO,654.7691666666667,272.0,77.617
OCO,673.2358333333334,277.0,77.617
OCO,707.8247222222222,283.0,77.617
OCO,720.5358333333334,286.0,77.617
OCO,739.6025000000001,286.0,77.617
OCO,752.4469444444445,289.0,77.617
OCO,771.9802777777778,293.0,77.617
OCO,791.7802777777779,297.0,77.617
OCO,808.2802777777779,297.0,77.617
OCO,821.4802777777779,297.0,77.617
OCO,841.280277777778,297.0,77.617
OCO,868.3025000000002,304.0,77.617
OCO,888.8544444444447,307.0,77.617
OCO,919.9544444444446,311.0,77.617
OCO,940.6877777777779,311.0,77.617
OCO,954.5544444444446,312.0,77.617
OCO,976.7194444444445,286.0,77.617
OCO,999.3194444444446,226.0,77.617
OCO,1008.3416666666668,203.0,77.617
OCO,1020.6750000000002,185.0,77.617
OCO,1033.5083333333334,165.0,77.617
OCO,1039.9972222222223,146.0,77.617
OCO,1046.2194444444444,140.0,77.617
OCO,1058.9194444444445,127.0,77.617
OCO,1064.2972222222222,121.0,77.617
OCO,1070.7972222222222,117.0,77.617
OCO,1078.1972222222223,111.0,77.617
OCO,1084.1416666666667,107.0,77.617
OCO,1089.9194444444445,104.0,77.617
OCO,1100.1194444444445,102.0,77.617
OCO,1111.3194444444446,112.0,77.617
OCO,1117.875,118.0,77.617
OCO,1126.1416666666667,124.0,77.617
OCO,1143.375,141.0,77.617
OCO,1155.8972222222224,161.0,77.617
OCO,1165.2861111111113,169.0,77.617
OCO,1178.663888888889,172.0,77.617
OCO,1191.652777777778,167.0,77.617
OCO,1204.297777777778,162.0,77.617
OCO,1222.5200000000002,164.0,77.617
OCO,1242.9311111111115,167.0,77.617
OCO,1250.4394444444447,170.0,77.617
OCO,1258.3061111111112,177.0,77.617
OCO,1268.583888888889,185.0,77.617
OCO,1283.361666666667,190.0,77.617
OCO,1303.7616666666668,204.0,77.617
OCO,1320.4061111111114,214.0,77.617
OCO,1330.0505555555558,217.0,77.617
OCO,1358.1616666666669,230.0,77.617
OCO,1371.2172222222223,235.0,77.617
OCO,1387.2172222222223,240.0,77.617
OCO,1400.7172222222223,243.0,77.617
OCO,1428.272777777778,248.0,77.617
OCO,1456.383888888889,253.0,77.617
OCO,1476.1394444444447,254.0,77.617
OCO,1493.1394444444447,255.0,77.617
OCO,1507.3061111111117,255.0,77.617
OCO,1518.9061111111116,261.0,77.617
OCO,1536.5061111111115,264.0,77.617
OCO,1560.4172222222226,269.0,77.617
OCO,1575.5283333333336,272.0,77.617
OCO,1593.7283333333337,273.0,77.617
OCO,1624.6944444444448,278.0,77.617
OCO,1640.2500000000002,280.0,77.617
OCO,1665.3166666666668,282.0,77.617
OCO,1684.1833333333334,283.0,77.617
OCO,1700.0722222222223,286.0,77.617
OCO,1735.1922222222224,288.0,77.617
OCO,1751.2477777777783,289.0,77.617
OCO,1767.3588888888894,290.0,77.617
OCO,1780.2477777777783,290.0,77.617
OCO,1795.1922222222227,269.0,77.617
OCO,1817.2366666666671,248.0,77.617
OCO,1840.836666666667,236.0,77.617
OCO,1863.436666666667,226.0,77.617
OCO,1880.7811111111114,223.0,77.617
OCO,1906.2255555555557,229.0,77.617
OCO,1935.436666666667,239.0,77.617
OCO,1956.9477777777781,242.0,77.617
OCO,1970.5588888888892,245.0,77.617
OCO,1984.3922222222225,249.0,77.617
OCO,2007.0588888888892,255.0,77.617
OCO,2036.0588888888892,261.0,77.617
OCO,2059.525555555556,264.0,77.617
OCO,2080.4477777777784,269.0,77.617
OCO,2098.522777777778,270.0,77.617
OCO,2128.856111111111,273.0,77.617
OCO,2141.078333333334,275.0,77.617
OCO,2162.5450000000005,276.0,77.617
OCO,2174.856111111111,277.0,77.617
OCO,2193.3122222222223,278.0,77.617
OCO,2205.7122222222224,279.0,77.617
OCO,2224.3122222222228,279.0,77.617
OCO,2258.9011111111113,283.0,77.617
OCO,2287.2011111111115,283.0,77.617
OCO,2299.8677777777784,285.0,77.617
OCO,2322.1122222222225,286.0,77.617
OCO,2334.8233333333337,286.0,77.617
OCO,2347.6233333333334,288.0,77.617
OCO,2376.6233333333334,290.0,77.617
OCO,2389.5122222222226,290.0,77.617
OCO,2415.3788888888894,291.0,77.617
OCO,2438.167777777778,293.0,77.617
OCO,2461.034444444445,294.0,77.617
OCO,2474.1011111111115,294.0,77.617
OCO,2506.767777777778,294.0,77.617
OCO,2526.3677777777784,294.0,77.617
OCO,2546.101111111112,296.0,77.617
OCO,2579.5455555555563,301.0,77.617
OCO,2610.0300000000007,304.0,77.617
OCO,2650.9633333333345,307.0,77.617
OCO,2681.8633333333346,309.0,77.617
OCO,2695.641111111112,310.0,77.617
OCO,2709.4633333333345,311.0,77.617
OCO,2737.1100000000006,312.0,77.617
OCO,2750.9766666666674,312.0,77.617
OCO,2775.321111111112,313.0,77.617
OCO,2796.3211111111113,315.0,77.617
OCO,2810.321111111112,315.0,77.617
OCO,2845.4322222222227,316.0,77.617
OCO,2877.2322222222224,318.0,77.617
OCO,2894.8988888888894,318.0,77.617
OCO,2919.7100000000005,319.0,77.617
OCO,2944.521111111111,319.0,77.617
OCO,2965.787777777778,319.0,77.617
OCO,2990.598888888889,319.0,77.617
OCO,3008.376666666667,320.0,77.617
OCO,3026.21,321.0,77.617
OCO,3051.1766666666667,321.0,77.617
OCO,3076.1433333333334,321.0,77.617
OCO,3101.187777777778,322.0,77.617
OCO,3140.665555555556,323.0,77.617
OCO,3165.865555555556,324.0,77.617
OCO,3183.8655555555565,324.0,77.617
OCO,3208.999444444445,322.0,77.617
OCO,3232.2550000000006,299.0,77.617
OCO,3245.1883333333335,291.0,77.617
OCO,3266.421666666667,273.0,77.617
OCO,3283.821666666667,261.0,77.617
OCO,3309.021666666667,252.0,77.617
OCO,3339.6297222222224,251.0,77.617
OCO,3353.6852777777776,253.0,77.617
OCO,3380.7963888888885,244.0,77.617
OCO,3405.096388888889,243.0,77.617
OCO,3418.485277777778,241.0,77.617
OCO,3439.9963888888888,242.0,77.617
OCO,3456.4630555555555,247.0,77.617
OCO,3478.7741666666666,251.0,77.617
OCO,3507.3297222222222,257.0,77.617
OCO,3527.6297222222224,261.0,77.617
OCO,3551.363055555556,267.0,77.617
OCO,3569.3630555555555,270.0,77.617
OCO,3581.496388888889,273.0,77.617
OCO,3596.8852777777784,277.0,77.617
OCO,3612.385277777778,279.0,77.617
OCO,3631.185277777778,282.0,77.617
OCO,3646.9630555555555,284.0,77.617
OCO,3666.1630555555557,288.0,77.617
OCO,3688.8772222222224,291.0,77.617
OCO,3718.2772222222225,294.0,77.617
OCO,3738.0772222222226,297.0,77.617
OCO,3761.332777777778,299.0,77.617
OCO,3781.399444444445,301.0,77.617
OCO,3801.532777777778,302.0,77.617
OCO,3828.559166666667,305.0,77.617
OCO,3849.0258333333336,307.0,77.617
OCO,3866.1925,309.0,77.617
OCO,3893.7480555555558,310.0,77.617
OCO,3914.4813888888893,311.0,77.617
OCO,3952.859166666667,314.0,77.617
OCO,3987.192500000001,309.0,77.617
OCO,4002.4702777777784,275.0,77.617
OCO,4014.025833333334,260.0,77.617
OCO,4037.4702777777784,211.0,77.617
OCO,4052.5813888888897,170.0,77.617
OCO,4064.8702777777785,158.0,77.617
OCO,4076.9591666666674,136.0,77.617
OCO,4088.425833333334,129.0,77.617
OCO,4094.0702777777783,127.0,77.617
OCO,4102.203611111112,122.0,77.617
OCO,4108.814722222223,119.0,77.617
OCO,4115.536944444446,121.0,77.617
OCO,4121.082500000001,124.0,77.617
OCO,4134.582500000001,135.0,77.617
OCO,4145.47138888889,140.0,77.617
OCO,4159.960277777779,163.0,77.617
OCO,4179.849166666668,179.0,77.617
OCO,4190.2380555555565,187.0,77.617
OCO,4212.62638888889,202.0,77.617
OCO,4221.870833333334,208.0,77.617
OCO,4238.5152777777785,214.0,77.617
OCO,4255.781944444445,222.0,77.617
OCO,4278.981944444445,232.0,77.617
OCO,4289.381944444444,234.0,77.617
OCO,4305.381944444444,240.0,77.617
OCO,4316.093055555555,241.0,77.617
OCO,4334.604166666666,238.0,77.617
OCO,4347.659722222222,235.0,77.617
OCO,4365.237499999999,226.0,77.617
OCO,4379.970833333332,221.0,77.617
OCO,4397.237499999998,222.0,77.617
OCO,4409.737499999998,225.0,77.617
OCO,4425.204166666665,232.0,77.617
OCO,4435.55972222222,233.0,77.617
OCO,4446.137499999998,238.0,77.617
OCO,4456.715277777776,238.0,77.617
OCO,4478.493055555554,245.0,77.617
OCO,4489.515277777776,248.0,77.617
OCO,4511.717777777775,249.0,77.617
OCO,4534.273333333331,203.0,77.617
OCO,4553.339999999997,156.0,77.617
OCO,4559.96222222222,149.0,77.617
OCO,4575.117777777775,124.0,77.617
OCO,4582.984444444442,118.0,77.617
OCO,4591.5869444444415,111.0,77.617
OCO,4596.342499999997,107.0,77.617
OCO,4605.5869444444415,104.0,77.617
OCO,4611.031388888886,98.0,77.617
OCO,4618.731388888886,99.0,77.617
OCO,4625.5980555555525,103.0,77.617
OCO,4632.798055555552,108.0,77.617
OCO,4646.020277777775,119.0,77.617
OCO,4651.886944444442,132.0,77.617
OCO,4665.042499999998,148.0,77.617
OCO,4685.942499999997,171.0,77.617
OCO,4701.942499999997,180.0,77.617
OCO,4715.942499999997,180.0,77.617
OCO,4731.853611111109,179.0,77.617
OCO,4741.853611111108,180.0,77.617
OCO,4754.053611111109,183.0,77.617
OCO,4764.442499999997,187.0,77.617
OCO,4781.829999999997,195.0,77.617
OCO,4792.9411111111085,200.0,77.617
OCO,4811.607777777775,210.0,77.617
OCO,4823.552222222219,215.0,77.617
OCO,4851.174444444441,226.0,77.617
OCO,4866.641111111107,232.0,77.617
OCO,4882.641111111108,240.0,77.617
OCO,4896.141111111107,243.0,77.617
OCO,4912.73833333333,250.0,77.617
OCO,4932.727222222219,257.0,77.617
OCO,4947.171666666663,260.0,77.617
OCO,4958.904999999996,264.0,77.617
OCO,4973.84944444444,269.0,77.617
OCO,4991.982777777774,272.0,77.617
OCO,5010.316111111108,275.0,77.617
OCO,5025.760555555551,278.0,77.617
OCO,5038.249444444441,281.0,77.617
OCO,5057.249444444441,285.0,77.617
OCO,5082.849444444441,288.0,77.617
OCO,5108.893888888885,293.0,77.617
OCO,5142.116111111108,299.0,77.617
OCO,5162.116111111108,300.0,77.617
OCO,5182.249444444441,302.0,77.617
OCO,5199.13833333333,304.0,77.617
OCO,5222.782777777774,304.0,77.617
HUL,33.49333333333333,314.0,77.976
HUL,51.10444444444444,317.0,77.976
HUL,72.30444444444444,318.0,77.976
HUL,107.7488888888889,319.0,77.976
HUL,139.7488888888889,320.0,77.976
HUL,153.9711111111111,320.0,77.976
HUL,179.1711111111111,324.0,77.976
HUL,207.97111111111107,324.0,77.976
HUL,233.1711111111111,324.0,77.976
HUL,247.5266666666666,323.0,77.976
HUL,268.9933333333333,322.0,77.976
HUL,289.2933333333333,261.0,77.976
HUL,308.6711111111111,218.0,77.976
HUL,323.9155555555555,196.0,77.976
HUL,340.6266666666666,188.0,77.976
HUL,352.8266666666666,183.0,77.976
HUL,364.5599999999999,176.0,77.976
HUL,372.471111111111,178.0,77.976
HUL,384.6044444444443,182.0,77.976
HUL,401.58222222222213,191.0,77.976
HUL,414.8488888888888,199.0,77.976
HUL,428.71555555555545,208.0,77.976
HUL,445.53305555555545,217.0,77.976
HUL,470.19972222222214,222.0,77.976
HUL,483.0413888888888,230.0,77.976
HUL,506.7413888888888,237.0,77.976
HUL,517.4080555555555,240.0,77.976
HUL,541.9080555555555,245.0,77.976
HUL,555.6858333333333,248.0,77.976
HUL,566.8858333333333,252.0,77.976
HUL,581.1636111111111,257.0,77.976
HUL,592.6302777777778,258.0,77.976
HUL,613.1636111111111,264.0,77.976
HUL,646.6524999999999,274.0,77.976
HUL,658.8747222222222,275.0,77.976
HUL,671.1858333333333,277.0,77.976
HUL,693.1969444444445,283.0,77.976
HUL,725.1969444444444,288.0,77.976
HUL,761.1302777777778,294.0,77.976
HUL,794.2413888888889,298.0,77.976
HUL,814.3080555555554,301.0,77.976
HUL,844.7080555555555,304.0,77.976
HUL,858.3080555555555,306.0,77.976
HUL,875.4191666666666,308.0,77.976
HUL,902.9747222222221,310.0,77.976
HUL,916.8413888888888,312.0,77.976
HUL,937.7747222222222,314.0,77.976
HUL,951.5988888888887,313.0,77.976
HUL,981.4877777777776,269.0,77.976
HUL,999.9869444444444,237.0,77.976
HUL,1018.4869444444444,185.0,77.976
HUL,1030.9313888888887,160.0,77.976
HUL,1041.7424999999998,139.0,77.976
HUL,1051.7758333333331,129.0,77.976
HUL,1064.553611111111,115.0,77.976
HUL,1077.1425,103.0,77.976
HUL,1083.8758333333333,101.0,77.976
HUL,1090.6091666666666,101.0,77.976
HUL,1096.4424999999999,105.0,77.976
HUL,1104.9202777777775,109.0,77.976
HUL,1112.7202777777775,117.0,77.976
HUL,1120.9869444444441,124.0,77.976
HUL,1131.4869444444441,135.0,77.976
HUL,1139.1536111111109,138.0,77.976
HUL,1151.2091666666665,155.0,77.976
HUL,1162.4758333333332,169.0,77.976
HUL,1173.6758333333332,168.0,77.976
HUL,1181.0980555555554,167.0,77.976
HUL,1197.0980555555554,160.0,77.976
HUL,1209.153611111111,155.0,77.976
HUL,1215.953611111111,153.0,77.976
HUL,1226.4869444444446,158.0,77.976
HUL,1241.196388888889,166.0,77.976
HUL,1248.799166666667,170.0,77.976
HUL,1269.1325000000002,183.0,77.976
HUL,1289.1325000000002,200.0,77.976
HUL,1305.310277777778,208.0,77.976
HUL,1324.7769444444448,219.0,77.976
HUL,1334.8213888888893,226.0,77.976
HUL,1350.2213888888891,231.0,77.976
HUL,1360.6658333333335,235.0,77.976
HUL,1379.3325000000002,240.0,77.976
HUL,1398.4658333333336,246.0,77.976
HUL,1417.910277777778,250.0,77.976
HUL,1434.7102777777782,252.0,77.976
HUL,1457.376944444445,255.0,77.976
HUL,1486.0436111111114,258.0,77.976
HUL,1497.5547222222226,259.0,77.976
HUL,1521.0213888888893,264.0,77.976
HUL,1541.8658333333337,268.0,77.976
HUL,1575.4769444444446,275.0,77.976
HUL,1593.9436111111115,277.0,77.976
HUL,1612.610277777778,280.0,77.976
HUL,1628.2213888888891,281.0,77.976
HUL,1653.7325000000003,287.0,77.976
HUL,1682.5325000000003,288.0,77.976
HUL,1701.851666666667,291.0,77.976
HUL,1724.6438888888893,292.0,77.976
HUL,1737.6216666666671,292.0,77.976
HUL,1753.899444444445,293.0,77.976
HUL,1770.1772222222228,293.0,77.976
HUL,1783.1550000000007,292.0,77.976
HUL,1800.688333333334,263.0,77.976
HUL,1811.5327777777784,244.0,77.976
HUL,1824.5327777777786,234.0,77.976
HUL,1839.9327777777785,231.0,77.976
HUL,1854.999444444445,226.0,77.976
HUL,1867.2216666666675,220.0,77.976
HUL,1883.788333333334,213.0,77.976
HUL,1903.1661111111118,218.0,77.976
HUL,1923.5216666666674,229.0,77.976
HUL,1941.4883333333341,231.0,77.976
HUL,1957.1550000000007,235.0,77.976
HUL,1967.8216666666674,240.0,77.976
HUL,1986.877222222223,245.0,77.976
HUL,2000.7105555555563,249.0,77.976
HUL,2011.777222222223,249.0,77.976
HUL,2023.1550000000007,256.0,77.976
HUL,2046.4438888888897,262.0,77.976
HUL,2061.1661111111116,265.0,77.976
HUL,2094.1661111111116,270.0,77.976
HUL,2109.221666666667,271.0,77.976
HUL,2124.388333333334,273.0,77.976
HUL,2151.9883333333337,276.0,77.976
HUL,2170.388333333334,276.0,77.976
HUL,2204.610555555556,280.0,77.976
HUL,2235.943888888889,282.0,77.976
HUL,2254.8772222222224,284.0,77.976
HUL,2289.8327777777777,286.0,77.976
HUL,2305.8327777777777,288.0,77.976
HUL,2321.8327777777777,288.0,77.976
HUL,2337.9438888888885,290.0,77.976
HUL,2360.5772222222217,291.0,77.976
HUL,2389.8772222222215,293.0,77.976
HUL,2422.543888888888,294.0,77.976
HUL,2438.988333333333,296.0,77.976
HUL,2468.5883333333327,296.0,77.976
HUL,2485.0327777777775,296.0,77.976
HUL,2514.7327777777773,297.0,77.976
HUL,2528.021666666666,299.0,77.976
HUL,2544.7438888888887,301.0,77.976
HUL,2575.143888888889,304.0,77.976
HUL,2588.699444444444,305.0,77.976
HUL,2619.299444444444,306.0,77.976
HUL,2639.966111111111,310.0,77.976
HUL,2660.6994444444445,311.0,77.976
HUL,2678.0327777777775,312.0,77.976
HUL,2709.432777777778,314.0,77.976
HUL,2723.3883333333333,314.0,77.976
HUL,2737.432777777778,316.0,77.976
HUL,2762.010555555555,316.0,77.976
HUL,2783.077222222222,316.0,77.976
HUL,2797.121666666667,316.0,77.976
HUL,2818.3216666666663,318.0,77.976
HUL,2832.455,318.0,77.976
HUL,2846.6327777777774,319.0,77.976
HUL,2860.8105555555553,319.0,77.976
HUL,2892.7105555555554,319.0,77.976
HUL,2924.7105555555554,320.0,77.976
HUL,2963.9438888888885,321.0,77.976
HUL,2988.9883333333332,322.0,77.976
HUL,3014.032777777778,322.0,77.976
HUL,3039.155,323.0,77.976
HUL,3060.688333333333,323.0,77.976
HUL,3093.1883333333335,325.0,77.976
HUL,3111.2438888888887,325.0,77.976
HUL,3136.5216666666665,325.0,77.976
HUL,3161.955,327.0,77.976
HUL,3187.3105555555558,326.0,77.976
HUL,3205.3105555555553,324.0,77.976
HUL,3234.3105555555553,290.0,77.976
HUL,3252.443888888889,272.0,77.976
HUL,3263.9994444444446,260.0,77.976
HUL,3283.2791666666667,247.0,77.976
HUL,3296.38,237.0,77.976
HUL,3317.1800000000003,234.0,77.976
HUL,3343.957777777778,241.0,77.976
HUL,3359.8911111111115,239.0,77.976
HUL,3378.1688888888893,235.0,77.976
HUL,3398.7911111111116,232.0,77.976
HUL,3424.457777777778,231.0,77.976
HUL,3440.2577777777783,237.0,77.976
HUL,3453.7022222222226,242.0,77.976
HUL,3481.146666666667,247.0,77.976
HUL,3500.513333333334,249.0,77.976
HUL,3529.0688888888894,257.0,77.976
HUL,3540.580000000001,259.0,77.976
HUL,3576.5800000000004,270.0,77.976
HUL,3591.802222222223,274.0,77.976
HUL,3622.913333333334,280.0,77.976
HUL,3651.313333333334,284.0,77.976
HUL,3686.7577777777788,290.0,77.976
HUL,3706.224444444445,292.0,77.976
HUL,3729.013333333334,293.0,77.976
HUL,3752.1911111111117,298.0,77.976
HUL,3778.9411111111117,300.0,77.976
HUL,3805.7902777777786,303.0,77.976
HUL,3822.7347222222224,305.0,77.976
HUL,3846.6125,307.0,77.976
HUL,3863.668055555556,307.0,77.976
HUL,3884.334722222223,310.0,77.976
HUL,3898.245833333334,313.0,77.976
HUL,3922.745833333334,315.0,77.976
HUL,3964.879166666667,316.0,77.976
HUL,3992.879166666667,315.0,77.976
HUL,4006.8791666666675,315.0,77.976
HUL,4022.4347222222227,280.0,77.976
HUL,4037.9013888888894,232.0,77.976
HUL,4049.9013888888894,216.0,77.976
HUL,4064.4791666666674,164.0,77.976
HUL,4075.9902777777784,148.0,77.976
HUL,4087.368055555556,128.0,77.976
HUL,4095.634722222223,124.0,77.976
HUL,4103.434722222223,117.0,77.976
HUL,4114.834722222223,114.0,77.976
HUL,4128.6125,124.0,77.976
HUL,4135.8902777777785,131.0,77.976
HUL,4147.168055555556,145.0,77.976
HUL,4155.779166666667,155.0,77.976
HUL,4168.970555555556,169.0,77.976
HUL,4184.970555555556,180.0,77.976
HUL,4201.983888888889,192.0,77.976
HUL,4210.828333333333,199.0,77.976
HUL,4229.4061111111105,209.0,77.976
HUL,4243.872777777778,217.0,77.976
HUL,4255.928333333333,217.0,77.976
HUL,4273.739444444444,229.0,77.976
HUL,4292.017222222222,235.0,77.976
HUL,4308.017222222222,240.0,77.976
HUL,4328.550555555556,231.0,77.976
HUL,4345.583888888889,219.0,77.976
HUL,4357.639444444445,217.0,77.976
HUL,4369.472777777778,213.0,77.976
HUL,4383.939444444445,217.0,77.976
HUL,4398.606111111112,220.0,77.976
HUL,4418.961666666668,229.0,77.976
HUL,4431.906111111112,233.0,77.976
HUL,4455.7061111111125,238.0,77.976
HUL,4471.906111111112,243.0,77.976
HUL,4482.795000000001,245.0,77.976
HUL,4496.628333333335,249.0,77.976
HUL,4510.739444444446,254.0,77.976
HUL,4526.739444444446,240.0,77.976
HUL,4548.139444444446,214.0,77.976
HUL,4563.739444444446,156.0,77.976
HUL,4577.0763888888905,133.0,77.976
HUL,4585.0763888888905,120.0,77.976
HUL,4591.267500000002,112.0,77.976
HUL,4598.267500000002,105.0,77.976
HUL,4603.65638888889,97.0,77.976
HUL,4614.534166666668,89.0,77.976
HUL,4619.534166666668,90.0,77.976
HUL,4630.3119444444455,97.0,77.976
HUL,4640.8119444444455,105.0,77.976
HUL,4647.089722222224,113.0,77.976
HUL,4656.811944444446,125.0,77.976
HUL,4662.811944444446,135.0,77.976
HUL,4672.54527777778,146.0,77.976
HUL,4682.94527777778,156.0,77.976
HUL,4691.834166666668,160.0,77.976
HUL,4701.111944444446,167.0,77.976
HUL,4719.667500000001,167.0,77.976
HUL,4731.000833333334,170.0,77.976
HUL,4750.334166666668,174.0,77.976
HUL,4760.334166666668,180.0,77.976
HUL,4768.378611111113,181.0,77.976
HUL,4776.600833333335,185.0,77.976
HUL,4787.100833333335,189.0,77.976
HUL,4797.878611111113,194.0,77.976
HUL,4813.667500000002,203.0,77.976
HUL,4832.481666666668,211.0,77.976
HUL,4846.948333333335,217.0,77.976
HUL,4859.226111111113,221.0,77.976
HUL,4869.492777777779,231.0,77.976
HUL,4885.226944444446,237.0,77.976
HUL,4901.560277777779,245.0,77.976
HUL,4912.582500000002,248.0,77.976
HUL,4938.282500000002,257.0,77.976
HUL,4952.726944444446,260.0,77.976
HUL,4970.3936111111125,265.0,77.976
HUL,4991.47138888889,271.0,77.976
HUL,5019.27138888889,278.0,77.976
HUL,5050.938055555556,285.0,77.976
HUL,5066.882500000001,287.0,77.976
HUL,5082.938055555556,289.0,77.976
HUL,5095.9158333333335,292.0,77.976
HUL,5115.515833333334,294.0,77.976
HUL,5152.304722222222,301.0,77.976
HUL,5165.771388888888,303.0,77.976
HUL,5186.104722222221,305.0,77.976
HUL,5199.7491666666665,307.0,77.976
HUL,5220.349166666666,309.0,77.976
GAS,31.46,312.0,77.982
GAS,59.46000000000001,315.0,77.982
GAS,73.46000000000001,315.0,77.982
GAS,91.01555555555555,316.0,77.982
GAS,119.28222222222222,318.0,77.982
GAS,154.83777777777777,320.0,77.982
GAS,169.06,320.0,77.982
GAS,186.89333333333335,321.0,77.982
GAS,226.3711111111111,323.0,77.982
GAS,264.50444444444446,312.0,77.982
GAS,282.30444444444447,267.0,77.982
GAS,300.0377777777778,228.0,77.982
GAS,309.28222222222223,208.0,77.982
GAS,320.17111111111114,196.0,77.982
GAS,336.97111111111116,189.0,77.982
GAS,354.87111111111113,179.0,77.982
GAS,366.47111111111116,174.0,77.982
GAS,382.0752777777778,175.0,77.982
GAS,401.0752777777778,190.0,77.982
GAS,409.6975,194.0,77.982
GAS,418.6308333333333,201.0,77.982
GAS,434.9058333333333,210.0,77.982
GAS,461.79472222222216,220.0,77.982
GAS,484.6947222222222,229.0,77.982
GAS,497.5836111111111,232.0,77.982
GAS,507.98361111111114,234.0,77.982
GAS,518.5169444444444,237.0,77.982
GAS,529.2280555555556,241.0,77.982
GAS,553.8280555555556,246.0,77.982
GAS,579.2280555555556,254.0,77.982
GAS,596.4947222222222,259.0,77.982
GAS,608.1391666666667,262.0,77.982
GAS,640.5280555555555,265.0,77.982
GAS,655.6391666666667,272.0,77.982
GAS,667.9058333333334,276.0,77.982
GAS,692.7947222222223,280.0,77.982
GAS,708.4613888888889,282.0,77.982
GAS,737.2613888888889,288.0,77.982
GAS,756.5947222222222,290.0,77.982
GAS,785.9947222222222,294.0,77.982
GAS,809.0947222222223,297.0,77.982
GAS,822.3391666666668,298.0,77.982
GAS,835.7169444444445,301.0,77.982
GAS,856.0011111111112,303.0,77.982
GAS,872.9455555555555,305.0,77.982
GAS,893.3455555555555,306.0,77.982
GAS,931.3566666666666,311.0,77.982
GAS,959.0033333333333,312.0,77.982
GAS,990.4144444444444,257.0,77.982
GAS,1004.6144444444444,213.0,77.982
GAS,1023.8366666666667,173.0,77.982
GAS,1039.5033333333333,141.0,77.982
GAS,1050.6144444444444,125.0,77.982
GAS,1061.0144444444443,117.0,77.982
GAS,1066.0811111111109,114.0,77.982
GAS,1073.3477777777775,109.0,77.982
GAS,1079.2366666666665,106.0,77.982
GAS,1087.1699999999998,102.0,77.982
GAS,1097.7699999999998,106.0,77.982
GAS,1109.0699999999997,113.0,77.982
GAS,1114.3144444444442,118.0,77.982
GAS,1124.1144444444442,126.0,77.982
GAS,1129.892222222222,130.0,77.982
GAS,1142.6033333333332,143.0,77.982
GAS,1149.4922222222222,155.0,77.982
GAS,1156.5588888888888,159.0,77.982
GAS,1163.6255555555554,159.0,77.982
GAS,1173.1730555555555,171.0,77.982
GAS,1184.6397222222222,172.0,77.982
GAS,1195.839722222222,168.0,77.982
GAS,1205.0063888888888,165.0,77.982
GAS,1214.0063888888888,162.0,77.982
GAS,1224.6730555555553,160.0,77.982
GAS,1233.6280555555554,162.0,77.982
GAS,1241.1391666666666,169.0,77.982
GAS,1255.1391666666664,180.0,77.982
GAS,1267.605833333333,187.0,77.982
GAS,1278.3280555555552,193.0,77.982
GAS,1301.3280555555552,207.0,77.982
GAS,1323.1280555555554,218.0,77.982
GAS,1338.0613888888886,224.0,77.982
GAS,1350.7836111111108,229.0,77.982
GAS,1366.5169444444443,236.0,77.982
GAS,1382.5169444444443,240.0,77.982
GAS,1396.0169444444443,243.0,77.982
GAS,1420.9169444444447,249.0,77.982
GAS,1434.9169444444447,252.0,77.982
GAS,1451.7836111111112,253.0,77.982
GAS,1465.8947222222223,254.0,77.982
GAS,1491.5947222222226,257.0,77.982
GAS,1538.7058333333334,265.0,77.982
GAS,1550.6169444444445,268.0,77.982
GAS,1574.9594444444447,273.0,77.982
GAS,1599.492777777778,276.0,77.982
GAS,1624.2038888888892,278.0,77.982
GAS,1649.181666666667,281.0,77.982
GAS,1661.7594444444449,283.0,77.982
GAS,1683.846944444445,285.0,77.982
GAS,1696.5136111111117,285.0,77.982
GAS,1715.7136111111115,288.0,77.982
GAS,1734.9802777777782,289.0,77.982
GAS,1751.0913888888895,290.0,77.982
GAS,1773.646944444445,290.0,77.982
GAS,1797.9136111111115,273.0,77.982
GAS,1822.3136111111114,244.0,77.982
GAS,1853.1136111111114,231.0,77.982
GAS,1865.6136111111116,225.0,77.982
GAS,1882.9580555555558,223.0,77.982
GAS,1902.9580555555558,225.0,77.982
GAS,1931.8025000000002,236.0,77.982
GAS,1947.6691666666668,238.0,77.982
GAS,1972.0691666666667,244.0,77.982
GAS,1991.4358333333334,249.0,77.982
GAS,2011.269166666667,255.0,77.982
GAS,2022.6913888888892,257.0,77.982
GAS,2037.0247222222224,258.0,77.982
GAS,2060.4755555555557,263.0,77.982
GAS,2078.2088888888893,266.0,77.982
GAS,2093.153333333334,269.0,77.982
GAS,2120.253333333334,271.0,77.982
GAS,2144.6088888888894,274.0,77.982
GAS,2156.786666666667,274.0,77.982
GAS,2175.176388888889,277.0,77.982
GAS,2199.9763888888892,279.0,77.982
GAS,2218.5763888888896,279.0,77.982
GAS,2234.187500000001,281.0,77.982
GAS,2268.7763888888894,283.0,77.982
GAS,2284.5541666666672,284.0,77.982
GAS,2316.331944444445,286.0,77.982
GAS,2329.0875000000005,287.0,77.982
GAS,2354.7763888888894,289.0,77.982
GAS,2380.5541666666672,290.0,77.982
GAS,2399.9541666666673,291.0,77.982
GAS,2432.3986111111117,292.0,77.982
GAS,2461.6986111111114,293.0,77.982
GAS,2481.2319444444447,293.0,77.982
GAS,2500.765277777778,293.0,77.982
GAS,2530.265277777778,295.0,77.982
GAS,2543.420833333333,296.0,77.982
GAS,2566.759444444444,299.0,77.982
GAS,2603.7927777777777,303.0,77.982
GAS,2620.7372222222216,305.0,77.982
GAS,2634.337222222222,306.0,77.982
GAS,2654.8705555555553,308.0,77.982
GAS,2685.8705555555553,310.0,77.982
GAS,2699.6927777777773,311.0,77.982
GAS,2713.4286111111105,311.0,77.982
GAS,2744.6286111111103,312.0,77.982
GAS,2762.0174999999995,313.0,77.982
GAS,2775.9730555555548,314.0,77.982
GAS,2789.9286111111105,314.0,77.982
GAS,2814.4286111111105,315.0,77.982
GAS,2835.42861111111,315.0,77.982
GAS,2856.42861111111,315.0,77.982
GAS,2873.9841666666657,316.0,77.982
GAS,2888.02861111111,316.0,77.982
GAS,2905.6397222222213,317.0,77.982
GAS,2923.250833333332,317.0,77.982
GAS,2958.584166666666,318.0,77.982
GAS,2976.2508333333326,318.0,77.982
GAS,2990.3841666666663,318.0,77.982
GAS,3011.5841666666656,318.0,77.982
GAS,3029.3063888888883,319.0,77.982
GAS,3050.573055555555,319.0,77.982
GAS,3075.4619444444443,320.0,77.982
GAS,3093.2397222222216,320.0,77.982
GAS,3111.0174999999995,320.0,77.982
GAS,3125.239722222221,320.0,77.982
GAS,3150.2955555555545,321.0,77.982
GAS,3182.395555555555,321.0,77.982
GAS,3202.862222222221,307.0,77.982
GAS,3218.9733333333324,290.0,77.982
GAS,3234.3066666666655,276.0,77.982
GAS,3262.9733333333324,258.0,77.982
GAS,3290.349166666666,247.0,77.982
GAS,3311.5936111111105,239.0,77.982
GAS,3327.59361111111,240.0,77.982
GAS,3341.2047222222213,245.0,77.982
GAS,3354.815833333332,245.0,77.982
GAS,3373.79361111111,244.0,77.982
GAS,3390.0602777777767,244.0,77.982
GAS,3400.815833333332,242.0,77.982
GAS,3411.571388888888,242.0,77.982
GAS,3433.171388888888,243.0,77.982
GAS,3446.7824999999993,245.0,77.982
GAS,3474.560277777777,250.0,77.982
GAS,3488.5602777777767,252.0,77.982
GAS,3508.315833333332,254.0,77.982
GAS,3531.4269444444435,260.0,77.982
GAS,3549.026944444444,264.0,77.982
GAS,3563.971388888888,269.0,77.982
GAS,3582.104722222222,272.0,77.982
GAS,3594.3269444444445,275.0,77.982
GAS,3616.104444444444,279.0,77.982
GAS,3641.171111111111,282.0,77.982
GAS,3653.8377777777773,285.0,77.982
GAS,3672.971111111111,287.0,77.982
GAS,3695.5266666666666,290.0,77.982
GAS,3721.571111111111,293.0,77.982
GAS,3737.9599999999996,295.0,77.982
GAS,3757.7599999999998,297.0,77.982
GAS,3794.4652777777774,301.0,77.982
GAS,3817.9541666666664,302.0,77.982
GAS,3838.2208333333333,304.0,77.982
GAS,3855.165277777777,305.0,77.982
GAS,3875.631944444444,307.0,77.982
GAS,3892.798611111111,309.0,77.982
GAS,3916.9097222222213,310.0,77.982
GAS,3958.643055555555,313.0,77.982
GAS,3993.3097222222214,312.0,77.982
GAS,4005.7986111111104,281.0,77.982
GAS,4022.3319444444433,248.0,77.982
GAS,4032.109722222221,220.0,77.982
GAS,4042.8319444444433,193.0,77.982
GAS,4052.3319444444433,171.0,77.982
GAS,4063.7652777777766,147.0,77.982
GAS,4071.431944444443,138.0,77.982
GAS,4079.09861111111,138.0,77.982
GAS,4088.8986111111103,126.0,77.982
GAS,4095.710277777777,122.0,77.982
GAS,4103.576944444443,118.0,77.982
GAS,4110.076944444443,117.0,77.982
GAS,4120.921388888888,122.0,77.982
GAS,4129.1880555555545,124.0,77.982
GAS,4135.099166666665,133.0,77.982
GAS,4141.276944444443,139.0,77.982
GAS,4151.610277777776,155.0,77.982
GAS,4162.543611111109,164.0,77.982
GAS,4175.95111111111,173.0,77.982
GAS,4183.95111111111,180.0,77.982
GAS,4192.3066666666655,188.0,77.982
GAS,4209.906666666666,198.0,77.982
GAS,4226.084444444443,208.0,77.982
GAS,4235.595555555554,214.0,77.982
GAS,4250.195555555554,219.0,77.982
GAS,4270.373333333332,227.0,77.982
GAS,4283.206666666665,231.0,77.982
GAS,4299.073333333332,238.0,77.982
GAS,4315.073333333332,240.0,77.982
GAS,4340.851111111109,232.0,77.982
GAS,4353.517777777775,228.0,77.982
GAS,4363.384444444442,222.0,77.982
GAS,4375.717777777775,222.0,77.982
GAS,4390.451111111109,221.0,77.982
GAS,4402.951111111109,225.0,77.982
GAS,4418.151111111109,228.0,77.982
GAS,4439.128888888886,236.0,77.982
GAS,4455.195555555552,240.0,77.982
GAS,4466.039999999996,244.0,77.982
GAS,4476.973333333331,246.0,77.982
GAS,4488.039999999997,249.0,77.982
GAS,4504.8399999999965,252.0,77.982
GAS,4523.97333333333,246.0,77.982
GAS,4537.8399999999965,208.0,77.982
GAS,4546.062222222218,185.0,77.982
GAS,4553.395555555551,165.0,77.982
GAS,4564.98444444444,149.0,77.982
GAS,4577.449722222217,125.0,77.982
GAS,4584.005277777773,118.0,77.982
GAS,4592.638611111106,111.0,77.982
GAS,4602.149722222217,107.0,77.982
GAS,4610.005277777773,101.0,77.982
GAS,4616.538611111106,98.0,77.982
GAS,4622.938611111105,96.0,77.982
GAS,4628.494166666661,100.0,77.982
GAS,4635.494166666661,105.0,77.982
GAS,4645.627499999994,114.0,77.982
GAS,4654.09416666666,127.0,77.982
GAS,4660.005277777771,133.0,77.982
GAS,4666.449722222216,145.0,77.982
GAS,4676.783055555549,155.0,77.982
GAS,4684.027499999994,163.0,77.982
GAS,4697.09416666666,168.0,77.982
GAS,4716.649722222216,176.0,77.982
GAS,4732.34305555555,176.0,77.982
GAS,4748.25416666666,179.0,77.982
GAS,4769.0319444444385,187.0,77.982
GAS,4779.920833333327,196.0,77.982
GAS,4793.120833333327,198.0,77.982
GAS,4807.054166666661,209.0,77.982
GAS,4816.476388888884,212.0,77.982
GAS,4836.120833333328,221.0,77.982
GAS,4846.031944444439,223.0,77.982
GAS,4864.154166666661,233.0,77.982
GAS,4911.306944444439,250.0,77.982
GAS,4925.41805555555,254.0,77.982
GAS,4945.718055555551,261.0,77.982
GAS,4975.495833333329,268.0,77.982
GAS,5008.984722222218,274.0,77.982
GAS,5043.329166666662,281.0,77.982
GAS,5059.10694444444,284.0,77.982
GAS,5071.862499999996,287.0,77.982
GAS,5107.5513888888845,292.0,77.982
GAS,5137.151388888885,296.0,77.982
GAS,5153.651388888885,297.0,77.982
GAS,5166.940277777773,299.0,77.982
GAS,5193.77944444444,301.0,77.982
GAS,5213.979444444441,303.0,77.982
RIC,4.42,306.0,78.085
RIC,28.539166666666667,309.0,78.085
RIC,49.272499999999994,311.0,78.085
RIC,70.07249999999999,312.0,78.085
RIC,87.51694444444443,314.0,78.085
RIC,115.51694444444445,315.0,78.085
RIC,140.08444444444447,317.0,78.085
RIC,154.2177777777778,318.0,78.085
RIC,168.39555555555557,319.0,78.085
RIC,182.6177777777778,320.0,78.085
RIC,200.39555555555555,320.0,78.085
RIC,225.36222222222224,321.0,78.085
RIC,249.86222222222221,315.0,78.085
RIC,273.77333333333337,269.0,78.085
RIC,294.04,228.0,78.085
RIC,315.7066666666667,195.0,78.085
RIC,330.0177777777778,184.0,78.085
RIC,340.0177777777778,180.0,78.085
RIC,351.8177777777778,177.0,78.085
RIC,363.35111111111115,173.0,78.085
RIC,371.12888888888887,175.0,78.085
RIC,385.28444444444443,182.0,78.085
RIC,395.8955555555556,191.0,78.085
RIC,409.22888888888895,200.0,78.085
RIC,418.2066666666667,202.0,78.085
RIC,439.70666666666665,215.0,78.085
RIC,454.44,221.0,78.085
RIC,464.4844444444445,226.0,78.085
RIC,474.6363888888889,227.0,78.085
RIC,484.94750000000005,232.0,78.085
RIC,503.3808333333334,237.0,78.085
RIC,513.9141666666667,237.0,78.085
RIC,532.9697222222222,245.0,78.085
RIC,543.9919444444445,248.0,78.085
RIC,566.3030555555556,251.0,78.085
RIC,595.3413888888889,262.0,78.085
RIC,607.0302777777778,263.0,78.085
RIC,621.7525,265.0,78.085
RIC,636.7525,270.0,78.085
RIC,661.2858333333334,276.0,78.085
RIC,686.2636111111111,281.0,78.085
RIC,702.0413888888888,284.0,78.085
RIC,714.7080555555555,285.0,78.085
RIC,733.9747222222221,289.0,78.085
RIC,750.1413888888887,291.0,78.085
RIC,766.4191666666666,293.0,78.085
RIC,796.0191666666665,296.0,78.085
RIC,812.5191666666666,297.0,78.085
RIC,825.8525,300.0,78.085
RIC,839.2302777777776,301.0,78.085
RIC,866.2524999999998,304.0,78.085
RIC,886.6524999999998,306.0,78.085
RIC,910.6080555555554,308.0,78.085
RIC,927.7747222222221,309.0,78.085
RIC,944.9969444444442,310.0,78.085
RIC,964.7302777777776,296.0,78.085
RIC,985.6844444444442,235.0,78.085
RIC,995.5066666666664,221.0,78.085
RIC,1004.262222222222,197.0,78.085
RIC,1017.4066666666665,169.0,78.085
RIC,1027.4066666666665,150.0,78.085
RIC,1035.0733333333333,138.0,78.085
RIC,1046.0955555555554,124.0,78.085
RIC,1051.2630555555554,117.0,78.085
RIC,1062.2630555555554,110.0,78.085
RIC,1066.9741666666666,106.0,78.085
RIC,1072.7519444444445,104.0,78.085
RIC,1080.3741666666667,98.0,78.085
RIC,1090.3741666666667,100.0,78.085
RIC,1098.4630555555555,104.0,78.085
RIC,1103.2630555555554,108.0,78.085
RIC,1116.9297222222222,123.0,78.085
RIC,1129.018611111111,136.0,78.085
RIC,1148.2075,157.0,78.085
RIC,1159.1408333333334,164.0,78.085
RIC,1166.6519444444446,169.0,78.085
RIC,1178.0519444444444,171.0,78.085
RIC,1193.2519444444445,171.0,78.085
RIC,1206.085277777778,165.0,78.085
RIC,1216.8186111111113,161.0,78.085
RIC,1225.985277777778,165.0,78.085
RIC,1233.3186111111113,165.0,78.085
RIC,1245.1677777777782,177.0,78.085
RIC,1255.3344444444447,183.0,78.085
RIC,1270.2677777777778,192.0,78.085
RIC,1288.0455555555557,200.0,78.085
RIC,1297.2011111111112,206.0,78.085
RIC,1306.5344444444445,210.0,78.085
RIC,1326.1788888888889,221.0,78.085
RIC,1338.5677777777778,223.0,78.085
RIC,1361.4041666666667,229.0,78.085
RIC,1387.9597222222221,239.0,78.085
RIC,1398.759722222222,243.0,78.085
RIC,1409.648611111111,245.0,78.085
RIC,1431.7819444444444,249.0,78.085
RIC,1445.7263888888888,251.0,78.085
RIC,1456.9263888888888,252.0,78.085
RIC,1473.8597222222222,254.0,78.085
RIC,1490.8597222222222,255.0,78.085
RIC,1505.1930555555555,258.0,78.085
RIC,1534.526388888889,264.0,78.085
RIC,1564.4152777777776,269.0,78.085
RIC,1591.7152777777776,273.0,78.085
RIC,1606.9930555555557,275.0,78.085
RIC,1628.5375,277.0,78.085
RIC,1647.1375,279.0,78.085
RIC,1659.6263888888889,281.0,78.085
RIC,1672.1597222222222,282.0,78.085
RIC,1697.572222222222,285.0,78.085
RIC,1716.7055555555555,287.0,78.085
RIC,1742.3944444444442,289.0,78.085
RIC,1758.5611111111111,291.0,78.085
RIC,1774.0055555555555,278.0,78.085
RIC,1791.0055555555555,255.0,78.085
RIC,1806.2722222222224,229.0,78.085
RIC,1818.6611111111113,223.0,78.085
RIC,1828.466111111111,222.0,78.085
RIC,1838.243888888889,220.0,78.085
RIC,1852.9772222222223,221.0,78.085
RIC,1867.9772222222223,225.0,78.085
RIC,1880.5327777777777,226.0,78.085
RIC,1895.7994444444446,229.0,78.085
RIC,1916.8661111111112,237.0,78.085
RIC,1927.532777777778,240.0,78.085
RIC,1946.5105555555556,244.0,78.085
RIC,1971.3105555555555,248.0,78.085
RIC,1996.7105555555559,254.0,78.085
RIC,2013.9105555555557,258.0,78.085
RIC,2028.466111111111,262.0,78.085
RIC,2049.077222222222,265.0,78.085
RIC,2063.9105555555557,267.0,78.085
RIC,2097.032777777778,271.0,78.085
RIC,2109.166111111111,273.0,78.085
RIC,2127.432777777778,274.0,78.085
RIC,2139.6550000000007,275.0,78.085
RIC,2155.0650000000005,276.0,78.085
RIC,2179.7761111111113,278.0,78.085
RIC,2192.1761111111114,279.0,78.085
RIC,2220.1761111111114,280.0,78.085
RIC,2238.9761111111115,282.0,78.085
RIC,2257.842777777778,283.0,78.085
RIC,2286.2427777777784,284.0,78.085
RIC,2314.763333333334,286.0,78.085
RIC,2333.8966666666674,287.0,78.085
RIC,2349.8966666666674,288.0,78.085
RIC,2372.3744444444446,289.0,78.085
RIC,2388.485555555556,290.0,78.085
RIC,2407.885555555556,291.0,78.085
RIC,2433.752222222223,291.0,78.085
RIC,2453.218888888889,292.0,78.085
RIC,2485.663333333334,292.0,78.085
RIC,2505.13,292.0,78.085
RIC,2521.407777777778,293.0,78.085
RIC,2547.63,295.0,78.085
RIC,2580.741111111111,298.0,78.085
RIC,2617.652222222222,302.0,78.085
RIC,2654.9300000000003,305.0,78.085
RIC,2685.73,308.0,78.085
RIC,2702.9266666666667,308.0,78.085
RIC,2723.526666666667,309.0,78.085
RIC,2737.26,309.0,78.085
RIC,2757.926666666667,310.0,78.085
RIC,2771.7044444444446,310.0,78.085
RIC,2806.371111111111,312.0,78.085
RIC,2827.1711111111113,312.0,78.085
RIC,2848.037777777778,313.0,78.085
RIC,2872.4600000000005,314.0,78.085
RIC,2889.8172222222224,314.0,78.085
RIC,2910.750555555556,314.0,78.085
RIC,2935.2505555555554,315.0,78.085
RIC,2966.8505555555557,316.0,78.085
RIC,2980.895,316.0,78.085
RIC,2998.4505555555556,316.0,78.085
RIC,3026.6283333333336,317.0,78.085
RIC,3061.9616666666666,318.0,78.085
RIC,3090.2283333333335,318.0,78.085
RIC,3111.495,319.0,78.085
RIC,3136.383888888889,320.0,78.085
RIC,3171.939444444445,320.0,78.085
RIC,3189.7172222222225,320.0,78.085
RIC,3215.5838888888893,291.0,78.085
RIC,3236.1172222222226,264.0,78.085
RIC,3255.7872222222227,252.0,78.085
RIC,3280.3872222222226,246.0,78.085
RIC,3309.476111111112,238.0,78.085
RIC,3328.3761111111116,243.0,78.085
RIC,3347.6650000000004,248.0,78.085
RIC,3374.9983333333334,246.0,78.085
RIC,3397.0427777777777,248.0,78.085
RIC,3421.873611111111,249.0,78.085
RIC,3435.7069444444446,249.0,78.085
RIC,3452.6402777777776,254.0,78.085
RIC,3478.4402777777777,258.0,78.085
RIC,3492.8847222222225,260.0,78.085
RIC,3510.5513888888895,265.0,78.085
RIC,3531.473611111112,269.0,78.085
RIC,3555.65138888889,272.0,78.085
RIC,3574.118055555556,277.0,78.085
RIC,3602.318055555556,282.0,78.085
RIC,3634.206944444445,287.0,78.085
RIC,3653.4736111111115,289.0,78.085
RIC,3666.3625000000006,290.0,78.085
RIC,3679.2513888888893,290.0,78.085
RIC,3702.118055555556,294.0,78.085
RIC,3725.1402777777785,296.0,78.085
RIC,3741.778611111112,298.0,78.085
RIC,3765.1119444444453,300.0,78.085
RIC,3781.834166666667,301.0,78.085
RIC,3795.2563888888894,302.0,78.085
RIC,3815.5230555555563,304.0,78.085
RIC,3846.123055555556,306.0,78.085
RIC,3870.156388888889,309.0,78.085
RIC,3883.9341666666674,310.0,78.085
RIC,3904.667500000001,311.0,78.085
RIC,3922.000833333334,312.0,78.085
RIC,3946.258333333334,313.0,78.085
RIC,3967.1250000000005,313.0,78.085
RIC,3984.458333333334,312.0,78.085
RIC,4000.625000000001,291.0,78.085
RIC,4016.691666666667,241.0,78.085
RIC,4034.469444444445,200.0,78.085
RIC,4053.2472222222227,169.0,78.085
RIC,4063.1805555555557,149.0,78.085
RIC,4069.402777777778,140.0,78.085
RIC,4081.136111111111,132.0,78.085
RIC,4092.3361111111108,126.0,78.085
RIC,4103.447222222222,125.0,78.085
RIC,4109.0472222222215,126.0,78.085
RIC,4119.391666666666,133.0,78.085
RIC,4125.525,138.0,78.085
RIC,4133.747222222222,148.0,78.085
RIC,4145.647222222222,153.0,78.085
RIC,4167.452222222222,178.0,78.085
RIC,4181.918888888888,186.0,78.085
RIC,4199.607777777777,199.0,78.085
RIC,4213.341111111111,206.0,78.085
RIC,4237.452222222222,217.0,78.085
RIC,4249.674444444445,220.0,78.085
RIC,4280.741111111111,233.0,78.085
RIC,4293.907777777778,237.0,78.085
RIC,4306.953333333334,236.0,78.085
RIC,4319.786666666668,231.0,78.085
RIC,4339.60888888889,223.0,78.085
RIC,4349.52,223.0,78.085
RIC,4369.431111111112,224.0,78.085
RIC,4389.431111111112,225.0,78.085
RIC,4409.875555555556,230.0,78.085
RIC,4422.764444444445,232.0,78.085
RIC,4433.386666666667,239.0,78.085
RIC,4449.320000000001,239.0,78.085
RIC,4460.031111111112,241.0,78.085
RIC,4470.920000000001,245.0,78.085
RIC,4493.142222222223,250.0,78.085
RIC,4516.742222222223,236.0,78.085
RIC,4526.1644444444455,212.0,78.085
RIC,4542.075555555556,179.0,78.085
RIC,4558.449722222223,147.0,78.085
RIC,4570.005277777778,130.0,78.085
RIC,4575.383055555556,121.0,78.085
RIC,4582.91638888889,113.0,78.085
RIC,4594.249722222223,102.0,78.085
RIC,4599.749722222223,99.0,78.085
RIC,4606.083055555556,95.0,78.085
RIC,4613.4719444444445,95.0,78.085
RIC,4617.738611111111,96.0,78.085
RIC,4624.4719444444445,101.0,78.085
RIC,4631.338611111111,103.0,78.085
RIC,4638.774166666667,112.0,78.085
RIC,4650.774166666667,120.0,78.085
RIC,4665.874166666667,151.0,78.085
RIC,4674.7075,159.0,78.085
RIC,4685.7075,165.0,78.085
RIC,4696.974166666667,169.0,78.085
RIC,4708.174166666668,168.0,78.085
RIC,4717.563055555556,169.0,78.085
RIC,4735.563055555556,180.0,78.085
RIC,4743.651944444445,182.0,78.085
RIC,4756.118611111111,187.0,78.085
RIC,4766.840833333334,193.0,78.085
RIC,4777.840833333334,198.0,78.085
RIC,4786.863055555556,203.0,78.085
RIC,4800.729722222222,208.0,78.085
RIC,4825.012500000001,218.0,78.085
RIC,4837.456944444445,224.0,78.085
RIC,4855.423611111111,231.0,78.085
RIC,4868.534722222223,236.0,78.085
RIC,4895.868055555557,246.0,78.085
RIC,4909.756944444445,250.0,78.085
RIC,4941.656944444445,261.0,78.085
RIC,4965.2125,265.0,78.085
RIC,4980.156944444444,269.0,78.085
RIC,4998.356944444444,273.0,78.085
RIC,5019.824444444444,277.0,78.085
RIC,5051.379999999999,284.0,78.085
RIC,5073.779999999999,288.0,78.085
RIC,5089.946666666666,291.0,78.085
RIC,5119.346666666665,294.0,78.085
RIC,5135.846666666665,297.0,78.085
RIC,5165.946666666666,301.0,78.085
RIC,5182.78,303.0,78.085
RIC,5206.502222222222,305.0,78.085
RIC,5220.057777777778,305.0,78.085
ZHO,3.3474999999999997,309.0,78.188
ZHO,17.169722222222223,311.0,78.188
ZHO,30.991944444444442,311.0,78.188
ZHO,58.99194444444445,315.0,78.188
ZHO,76.5475,316.0,78.188
ZHO,90.59194444444444,316.0,78.188
ZHO,111.72527777777776,317.0,78.188
ZHO,132.9919444444444,319.0,78.188
ZHO,150.71416666666664,319.0,78.188
ZHO,186.4919444444444,322.0,78.188
ZHO,222.4919444444444,324.0,78.188
ZHO,253.2919444444444,308.0,78.188
ZHO,268.62527777777774,276.0,78.188
ZHO,287.6030555555555,244.0,78.188
ZHO,301.6030555555555,210.0,78.188
ZHO,310.58083333333326,202.0,78.188
ZHO,319.0252777777777,190.0,78.188
ZHO,335.16444444444437,181.0,78.188
ZHO,346.83111111111106,175.0,78.188
ZHO,362.47555555555545,176.0,78.188
ZHO,372.4199999999999,179.0,78.188
ZHO,382.53111111111104,182.0,78.188
ZHO,395.13111111111107,189.0,78.188
ZHO,408.53111111111104,201.0,78.188
ZHO,419.8644444444444,204.0,78.188
ZHO,429.1394444444444,210.0,78.188
ZHO,438.7394444444444,216.0,78.188
ZHO,453.2061111111111,217.0,78.188
ZHO,468.2061111111111,225.0,78.188
ZHO,481.0394444444444,231.0,78.188
ZHO,496.7061111111111,235.0,78.188
ZHO,518.0394444444445,240.0,78.188
ZHO,528.8838888888889,244.0,78.188
ZHO,548.2505555555556,249.0,78.188
ZHO,573.7505555555557,255.0,78.188
ZHO,599.9505555555556,262.0,78.188
ZHO,617.7505555555557,267.0,78.188
ZHO,632.6394444444445,268.0,78.188
ZHO,654.0283333333335,275.0,78.188
ZHO,669.3616666666668,276.0,78.188
ZHO,703.9505555555556,283.0,78.188
ZHO,716.6172222222223,285.0,78.188
ZHO,735.7505555555556,287.0,78.188
ZHO,748.6394444444445,290.0,78.188
ZHO,764.9427777777779,292.0,78.188
ZHO,791.2538888888889,296.0,78.188
ZHO,804.4094444444445,296.0,78.188
ZHO,834.4094444444446,300.0,78.188
ZHO,854.6094444444446,303.0,78.188
ZHO,874.9427777777778,305.0,78.188
ZHO,905.7427777777779,308.0,78.188
ZHO,936.6566666666668,310.0,78.188
ZHO,956.7233333333335,301.0,78.188
ZHO,972.0566666666667,276.0,78.188
ZHO,990.0233333333333,231.0,78.188
ZHO,1001.3566666666667,204.0,78.188
ZHO,1013.6233333333333,184.0,78.188
ZHO,1028.5566666666666,168.0,78.188
ZHO,1037.7566666666667,138.0,78.188
ZHO,1051.6455555555556,125.0,78.188
ZHO,1059.378888888889,116.0,78.188
ZHO,1065.601111111111,112.0,78.188
ZHO,1075.1122222222223,107.0,78.188
ZHO,1086.778888888889,105.0,78.188
ZHO,1100.3455555555556,111.0,78.188
ZHO,1115.0122222222224,120.0,78.188
ZHO,1128.5122222222224,135.0,78.188
ZHO,1136.4405555555556,142.0,78.188
ZHO,1146.5738888888889,152.0,78.188
ZHO,1153.773888888889,162.0,78.188
ZHO,1164.973888888889,168.0,78.188
ZHO,1172.4850000000001,169.0,78.188
ZHO,1191.1516666666666,168.0,78.188
ZHO,1202.0183333333334,163.0,78.188
ZHO,1212.8183333333334,162.0,78.188
ZHO,1225.1850000000002,159.0,78.188
ZHO,1234.0847222222224,161.0,78.188
ZHO,1245.351388888889,169.0,78.188
ZHO,1259.1180555555557,177.0,78.188
ZHO,1278.0180555555555,189.0,78.188
ZHO,1286.7291666666667,196.0,78.188
ZHO,1298.0625000000002,204.0,78.188
ZHO,1316.9958333333336,213.0,78.188
ZHO,1341.9958333333336,225.0,78.188
ZHO,1362.6180555555559,232.0,78.188
ZHO,1378.2180555555558,234.0,78.188
ZHO,1397.040277777778,242.0,78.188
ZHO,1424.5958333333335,248.0,78.188
ZHO,1438.4847222222227,250.0,78.188
ZHO,1460.8847222222228,252.0,78.188
ZHO,1480.4847222222227,252.0,78.188
ZHO,1500.466944444445,256.0,78.188
ZHO,1526.866944444445,264.0,78.188
ZHO,1559.8669444444447,270.0,78.188
ZHO,1580.8669444444447,270.0,78.188
ZHO,1602.3336111111114,276.0,78.188
ZHO,1633.3336111111114,279.0,78.188
ZHO,1658.489166666667,283.0,78.188
ZHO,1686.9100000000005,285.0,78.188
ZHO,1702.7433333333338,285.0,78.188
ZHO,1721.876666666667,287.0,78.188
ZHO,1750.876666666667,290.0,78.188
ZHO,1766.8766666666672,288.0,78.188
ZHO,1785.6766666666672,282.0,78.188
ZHO,1804.5766666666673,243.0,78.188
ZHO,1824.6655555555562,226.0,78.188
ZHO,1839.5988888888894,224.0,78.188
ZHO,1860.6988888888893,211.0,78.188
ZHO,1884.365555555556,213.0,78.188
ZHO,1898.8988888888894,218.0,78.188
ZHO,1908.7655555555561,222.0,78.188
ZHO,1918.7655555555561,225.0,78.188
ZHO,1937.043333333334,235.0,78.188
ZHO,1955.4766666666671,237.0,78.188
ZHO,1968.988333333334,242.0,78.188
ZHO,1988.1994444444451,247.0,78.188
ZHO,2002.0327777777784,249.0,78.188
ZHO,2013.277222222223,253.0,78.188
ZHO,2030.4105555555561,257.0,78.188
ZHO,2056.6105555555564,262.0,78.188
ZHO,2077.2994444444453,266.0,78.188
ZHO,2089.121666666668,266.0,78.188
ZHO,2107.1216666666674,270.0,78.188
ZHO,2122.1216666666674,270.0,78.188
ZHO,2143.279166666667,273.0,78.188
ZHO,2161.545833333334,274.0,78.188
ZHO,2176.823611111112,275.0,78.188
ZHO,2192.1013888888892,275.0,78.188
ZHO,2210.6347222222225,278.0,78.188
ZHO,2235.4347222222227,279.0,78.188
ZHO,2266.5458333333336,280.0,78.188
ZHO,2285.279166666667,281.0,78.188
ZHO,2297.8569444444447,283.0,78.188
ZHO,2323.1013888888892,284.0,78.188
ZHO,2348.4347222222227,285.0,78.188
ZHO,2374.0347222222226,288.0,78.188
ZHO,2386.745833333334,286.0,78.188
ZHO,2409.145833333334,288.0,78.188
ZHO,2421.9458333333337,288.0,78.188
ZHO,2438.0013888888893,289.0,78.188
ZHO,2460.556944444445,290.0,78.188
ZHO,2496.0819444444446,290.0,78.188
ZHO,2518.6375000000003,290.0,78.188
ZHO,2544.6819444444445,293.0,78.188
ZHO,2564.3486111111115,295.0,78.188
ZHO,2597.2375,296.0,78.188
ZHO,2613.8486111111115,299.0,78.188
ZHO,2654.115277777778,302.0,78.188
ZHO,2671.004166666667,304.0,78.188
ZHO,2687.8086111111115,304.0,78.188
ZHO,2704.7530555555554,305.0,78.188
ZHO,2731.8641666666667,305.0,78.188
ZHO,2745.5086111111113,307.0,78.188
ZHO,2772.886388888889,308.0,78.188
ZHO,2800.4419444444447,310.0,78.188
ZHO,2828.0863888888894,311.0,78.188
ZHO,2845.308611111111,310.0,78.188
ZHO,2859.1308333333336,311.0,78.188
ZHO,2879.864166666667,311.0,78.188
ZHO,2893.6863888888893,311.0,78.188
ZHO,2907.553055555556,312.0,78.188
ZHO,2935.3752777777777,313.0,78.188
ZHO,2966.6752777777783,313.0,78.188
ZHO,2980.6308333333336,314.0,78.188
ZHO,3008.6308333333336,315.0,78.188
ZHO,3043.606944444445,314.0,78.188
ZHO,3071.429166666667,313.0,78.188
ZHO,3085.4736111111115,316.0,78.188
ZHO,3106.5402777777786,316.0,78.188
ZHO,3141.7625000000007,317.0,78.188
ZHO,3159.3736111111116,317.0,78.188
ZHO,3180.3736111111116,315.0,78.188
ZHO,3204.406944444445,309.0,78.188
ZHO,3217.6513888888894,298.0,78.188
ZHO,3235.918055555556,274.0,78.188
ZHO,3253.518055555556,264.0,78.188
ZHO,3270.5800000000004,257.0,78.188
ZHO,3295.28,247.0,78.188
ZHO,3319.8800000000006,246.0,78.188
ZHO,3333.657777777778,248.0,78.188
ZHO,3350.324444444445,250.0,78.188
ZHO,3366.7911111111116,247.0,78.188
ZHO,3382.8577777777778,241.0,78.188
ZHO,3396.1355555555556,239.0,78.188
ZHO,3420.2355555555555,241.0,78.188
ZHO,3431.035555555555,243.0,78.188
ZHO,3447.502222222222,247.0,78.188
ZHO,3461.3355555555554,249.0,78.188
ZHO,3475.2799999999997,251.0,78.188
ZHO,3486.5244444444443,253.0,78.188
ZHO,3503.7244444444445,258.0,78.188
ZHO,3532.7969444444443,261.0,78.188
ZHO,3547.519166666667,265.0,78.188
ZHO,3568.596944444445,271.0,78.188
ZHO,3583.7636111111115,273.0,78.188
ZHO,3614.7636111111115,279.0,78.188
ZHO,3630.4302777777784,282.0,78.188
ZHO,3665.6302777777782,288.0,78.188
ZHO,3691.408055555556,290.0,78.188
ZHO,3707.5191666666674,290.0,78.188
ZHO,3727.0525000000007,293.0,78.188
ZHO,3749.9150000000004,295.0,78.188
ZHO,3782.9150000000004,297.0,78.188
ZHO,3806.248333333334,300.0,78.188
ZHO,3823.0816666666674,303.0,78.188
ZHO,3853.4816666666675,304.0,78.188
ZHO,3870.4261111111114,305.0,78.188
ZHO,3901.126111111111,307.0,78.188
ZHO,3918.292777777778,309.0,78.188
ZHO,3942.481666666667,311.0,78.188
ZHO,3956.3483333333334,312.0,78.188
ZHO,3980.537222222222,311.0,78.188
ZHO,3997.703888888889,309.0,78.188
ZHO,4010.015,277.0,78.188
ZHO,4026.015,240.0,78.188
ZHO,4035.3038888888887,209.0,78.188
ZHO,4046.1913888888885,195.0,78.188
ZHO,4061.7913888888884,156.0,78.188
ZHO,4070.9913888888887,138.0,78.188
ZHO,4081.024722222222,129.0,78.188
ZHO,4089.291388888889,124.0,78.188
ZHO,4102.735833333333,121.0,78.188
ZHO,4113.669166666667,123.0,78.188
ZHO,4125.135833333333,129.0,78.188
ZHO,4137.935833333333,144.0,78.188
ZHO,4144.558055555555,149.0,78.188
ZHO,4158.958055555555,162.0,78.188
ZHO,4172.598055555555,176.0,78.188
ZHO,4187.064722222222,186.0,78.188
ZHO,4195.686944444445,194.0,78.188
ZHO,4211.086944444444,198.0,78.188
ZHO,4225.086944444444,210.0,78.188
ZHO,4296.186944444444,237.0,78.188
ZHO,4306.8980555555545,241.0,78.188
ZHO,4317.5647222222215,240.0,78.188
ZHO,4330.786944444443,238.0,78.188
ZHO,4346.320277777777,233.0,78.188
ZHO,4366.142499999999,223.0,78.188
ZHO,4385.937499999999,222.0,78.188
ZHO,4395.937499999999,225.0,78.188
ZHO,4411.2041666666655,229.0,78.188
ZHO,4421.515277777777,232.0,78.188
ZHO,4445.515277777777,240.0,78.188
ZHO,4464.415277777776,243.0,78.188
ZHO,4475.304166666665,245.0,78.188
ZHO,4489.026388888888,247.0,78.188
ZHO,4508.704166666665,253.0,78.188
ZHO,4525.504166666666,252.0,78.188
ZHO,4535.504166666666,225.0,78.188
ZHO,4546.44861111111,197.0,78.188
ZHO,4554.181944444444,174.0,78.188
ZHO,4564.515277777777,155.0,78.188
ZHO,4572.293055555555,140.0,78.188
ZHO,4580.724444444444,127.0,78.188
ZHO,4587.28,118.0,78.188
ZHO,4595.602222222222,107.0,78.188
ZHO,4603.457777777778,101.0,78.188
ZHO,4608.957777777778,99.0,78.188
ZHO,4615.424444444445,97.0,78.188
ZHO,4625.224444444445,98.0,78.188
ZHO,4629.713333333334,101.0,78.188
ZHO,4635.546666666667,105.0,78.188
ZHO,4641.713333333334,111.0,78.188
ZHO,4648.268888888889,118.0,78.188
ZHO,4656.4688888888895,123.0,78.188
ZHO,4672.802222222223,147.0,78.188
ZHO,4687.1580555555565,161.0,78.188
ZHO,4696.269166666667,164.0,78.188
ZHO,4705.49138888889,166.0,78.188
ZHO,4714.99138888889,171.0,78.188
ZHO,4724.602500000001,173.0,78.188
ZHO,4738.524722222223,179.0,78.188
ZHO,4761.135833333335,185.0,78.188
ZHO,4780.335833333334,192.0,78.188
ZHO,4798.380277777778,203.0,78.188
ZHO,4817.046944444445,210.0,78.188
ZHO,4826.602500000001,215.0,78.188
ZHO,4838.880277777779,221.0,78.188
ZHO,4851.4913888888905,227.0,78.188
ZHO,4861.782222222223,233.0,78.188
ZHO,4877.715555555557,239.0,78.188
ZHO,4891.104444444445,241.0,78.188
ZHO,4907.7044444444455,249.0,78.188
ZHO,4924.771111111112,256.0,78.188
ZHO,4939.215555555556,260.0,78.188
ZHO,4953.826666666668,263.0,78.188
ZHO,4965.604444444445,265.0,78.188
ZHO,4986.682222222223,271.0,78.188
ZHO,5020.904444444444,280.0,78.188
ZHO,5039.704444444444,282.0,78.188
ZHO,5068.504444444444,288.0,78.188
ZHO,5081.437777777778,291.0,78.188
ZHO,5100.971111111111,293.0,78.188
ZHO,5123.841388888889,293.0,78.188
ZHO,5153.841388888889,300.0,78.188
ZHO,5180.7747222222215,303.0,78.188
ZHO,5201.241388888889,307.0,78.188
ZHO,5242.574722222221,310.0,78.188
