Driver,Distance,Speed,LapTimeSec
NOR,17.22388888888889,301.0,71.383
NOR,34.05722222222223,303.0,71.383
NOR,47.57222222222222,306.0,71.383
NOR,71.52777777777779,308.0,71.383
NOR,109.53888888888889,311.0,71.383
NOR,141.0388888888889,315.0,71.383
NOR,162.10555555555555,316.0,71.383
NOR,201.09444444444446,319.0,71.383
NOR,215.2722222222222,319.0,71.383
NOR,240.16111111111113,320.0,71.383
NOR,257.9944444444444,321.0,71.383
NOR,282.9611111111111,321.0,71.383
NOR,300.84999999999997,322.0,71.383
NOR,329.47222222222223,322.0,71.383
NOR,361.77222222222224,323.0,71.383
NOR,376.08333333333337,322.0,71.383
NOR,397.61666666666673,323.0,71.383
NOR,415.56111111111113,323.0,71.383
NOR,440.6833333333334,323.0,71.383
NOR,455.03888888888895,323.0,71.383
NOR,476.5722222222223,323.0,71.383
NOR,505.37222222222226,324.0,71.383
NOR,530.6622222222223,324.0,71.383
NOR,545.0622222222223,324.0,71.383
NOR,566.728888888889,325.0,71.383
NOR,584.7844444444445,325.0,71.383
NOR,599.1844444444445,324.0,71.383
NOR,617.24,325.0,71.383
NOR,649.55,324.0,71.383
NOR,681.9499999999999,324.0,71.383
NOR,699.8944444444444,323.0,71.383
NOR,720.6944444444445,312.0,71.383
NOR,747.3944444444444,267.0,71.383
NOR,767.3944444444444,225.0,71.383
NOR,784.7277777777778,195.0,71.383
NOR,795.061111111111,186.0,71.383
NOR,808.9833333333333,179.0,71.383
NOR,818.5944444444444,173.0,71.383
NOR,831.5055555555556,166.0,71.383
NOR,840.5055555555556,162.0,71.383
NOR,849.6722222222222,165.0,71.383
NOR,898.9944444444444,193.0,71.383
NOR,916.6833333333333,199.0,71.383
NOR,925.6166666666667,201.0,71.383
NOR,944.1055555555556,208.0,71.383
NOR,970.9330555555557,219.0,71.383
NOR,983.1552777777779,220.0,71.383
NOR,1006.1552777777779,230.0,71.383
NOR,1029.855277777778,237.0,71.383
NOR,1043.2997222222223,242.0,71.383
NOR,1059.4986111111111,244.0,71.383
NOR,1075.9652777777776,247.0,71.383
NOR,1086.9874999999997,248.0,71.383
NOR,1100.8763888888886,250.0,71.383
NOR,1126.0763888888887,252.0,71.383
NOR,1142.9430555555555,253.0,71.383
NOR,1157.0541666666666,254.0,71.383
NOR,1171.276388888889,256.0,71.383
NOR,1185.5541666666668,257.0,71.383
NOR,1199.8875,258.0,71.383
NOR,1217.154166666667,259.0,71.383
NOR,1252.2208333333335,263.0,71.383
NOR,1266.8875,264.0,71.383
NOR,1281.6097222222222,265.0,71.383
NOR,1311.498611111111,269.0,71.383
NOR,1323.4541666666664,269.0,71.383
NOR,1341.5874999999999,272.0,71.383
NOR,1356.7541666666664,273.0,71.383
NOR,1368.931944444444,274.0,71.383
NOR,1387.331944444444,276.0,71.383
NOR,1402.7763888888885,278.0,71.383
NOR,1424.631944444444,280.0,71.383
NOR,1440.243055555555,281.0,71.383
NOR,1462.2541666666662,283.0,71.383
NOR,1481.254166666666,285.0,71.383
NOR,1503.5763888888882,287.0,71.383
NOR,1535.6874999999993,289.0,71.383
NOR,1551.6627777777771,289.0,71.383
NOR,1570.9294444444438,289.0,71.383
NOR,1605.640555555555,284.0,71.383
NOR,1618.2627777777773,284.0,71.383
NOR,1631.3738888888884,236.0,71.383
NOR,1645.840555555555,217.0,71.383
NOR,1655.2183333333328,211.0,71.383
NOR,1672.3738888888881,193.0,71.383
NOR,1684.7738888888882,186.0,71.383
NOR,1698.6183333333327,178.0,71.383
NOR,1708.2849999999994,174.0,71.383
NOR,1715.7961111111106,169.0,71.383
NOR,1723.2183333333328,167.0,71.383
NOR,1741.8849999999993,168.0,71.383
NOR,1751.3849999999993,171.0,71.383
NOR,1767.562777777777,182.0,71.383
NOR,1778.062777777777,189.0,71.383
NOR,1790.9294444444438,193.0,71.383
NOR,1804.1961111111104,199.0,71.383
NOR,1815.5849999999994,205.0,71.383
NOR,1824.8294444444439,208.0,71.383
NOR,1834.3999999999994,214.0,71.383
NOR,1851.355555555555,218.0,71.383
NOR,1861.2222222222217,222.0,71.383
NOR,1881.5777777777773,229.0,71.383
NOR,1907.9111111111106,237.0,71.383
NOR,1929.5111111111105,243.0,71.383
NOR,1960.1191666666662,251.0,71.383
NOR,1974.1747222222216,253.0,71.383
NOR,1985.4191666666661,253.0,71.383
NOR,2005.2524999999996,255.0,71.383
NOR,2026.4524999999996,212.0,71.383
NOR,2038.985833333333,188.0,71.383
NOR,2053.4747222222218,163.0,71.383
NOR,2063.1413888888887,145.0,71.383
NOR,2069.4080555555556,141.0,71.383
NOR,2078.2080555555553,132.0,71.383
NOR,2089.3191666666667,125.0,71.383
NOR,2102.4302777777775,118.0,71.383
NOR,2108.874722222222,116.0,71.383
NOR,2113.896944444444,113.0,71.383
NOR,2120.3413888888886,116.0,71.383
NOR,2128.408055555555,121.0,71.383
NOR,2134.008055555555,126.0,71.383
NOR,2139.741388888888,129.0,71.383
NOR,2154.241388888888,145.0,71.383
NOR,2162.8524999999995,155.0,71.383
NOR,2179.3983333333326,165.0,71.383
NOR,2187.3538888888884,179.0,71.383
NOR,2201.8205555555546,186.0,71.383
NOR,2210.442777777777,194.0,71.383
NOR,2221.609444444444,201.0,71.383
NOR,2238.0205555555544,211.0,71.383
NOR,2262.7983333333327,223.0,71.383
NOR,2272.9124999999995,229.0,71.383
NOR,2285.912499999999,234.0,71.383
NOR,2318.4458333333328,244.0,71.383
NOR,2337.7347222222215,248.0,71.383
NOR,2357.412499999999,253.0,71.383
NOR,2377.401388888888,257.0,71.383
NOR,2388.9124999999995,259.0,71.383
NOR,2400.4680555555547,260.0,71.383
NOR,2415.0236111111103,262.0,71.383
NOR,2426.7124999999987,263.0,71.383
NOR,2441.3791666666657,264.0,71.383
NOR,2459.890277777777,238.0,71.383
NOR,2469.9347222222214,226.0,71.383
NOR,2479.179166666666,208.0,71.383
NOR,2490.012499999999,195.0,71.383
NOR,2500.3458333333324,186.0,71.383
NOR,2512.279166666666,179.0,71.383
NOR,2527.4791666666656,171.0,71.383
NOR,2545.812499999999,165.0,71.383
NOR,2561.059999999999,171.0,71.383
NOR,2568.837777777777,175.0,71.383
NOR,2583.304444444443,186.0,71.383
NOR,2603.5044444444434,202.0,71.383
NOR,2617.0377777777762,203.0,71.383
NOR,2631.104444444443,211.0,71.383
NOR,2640.7044444444427,216.0,71.383
NOR,2650.5711111111095,222.0,71.383
NOR,2665.637777777776,226.0,71.383
NOR,2686.2841666666645,233.0,71.383
NOR,2696.7286111111093,235.0,71.383
NOR,2715.706388888887,244.0,71.383
NOR,2740.606388888887,249.0,71.383
NOR,2772.1397222222204,258.0,71.383
NOR,2786.584166666665,260.0,71.383
NOR,2818.606388888887,262.0,71.383
NOR,2833.2174999999984,263.0,71.383
NOR,2850.7508333333312,263.0,71.383
NOR,2874.217499999998,264.0,71.383
NOR,2885.9063888888872,263.0,71.383
NOR,2900.517499999998,263.0,71.383
NOR,2929.850833333331,264.0,71.383
NOR,2944.517499999998,264.0,71.383
NOR,2974.1841666666646,267.0,71.383
NOR,2992.1841666666646,270.0,71.383
NOR,3029.0608333333316,276.0,71.383
NOR,3044.560833333331,279.0,71.383
NOR,3057.094166666665,282.0,71.383
NOR,3088.7608333333314,285.0,71.383
NOR,3104.816388888887,289.0,71.383
NOR,3124.2163888888867,291.0,71.383
NOR,3140.4386111111094,292.0,71.383
NOR,3153.54972222222,295.0,71.383
NOR,3176.727499999998,298.0,71.383
NOR,3210.199166666665,302.0,71.383
NOR,3227.0324999999984,303.0,71.383
NOR,3247.3658333333315,305.0,71.383
NOR,3281.365833333332,306.0,71.383
NOR,3305.165833333332,306.0,71.383
NOR,3332.4547222222204,307.0,71.383
NOR,3352.921388888887,307.0,71.383
NOR,3373.388055555554,307.0,71.383
NOR,3391.0436111111094,227.0,71.383
NOR,3410.243611111109,192.0,71.383
NOR,3421.5769444444427,170.0,71.383
NOR,3435.0880555555536,152.0,71.383
NOR,3441.4880555555537,144.0,71.383
NOR,3447.75472222222,141.0,71.383
NOR,3456.6880555555535,134.0,71.383
NOR,3473.656666666665,127.0,71.383
NOR,3484.3233333333314,120.0,71.383
NOR,3492.389999999998,121.0,71.383
NOR,3500.6566666666645,124.0,71.383
NOR,3507.71222222222,127.0,71.383
NOR,3521.11222222222,134.0,71.383
NOR,3527.201111111109,137.0,71.383
NOR,3535.3677777777757,147.0,71.383
NOR,3547.3455555555533,154.0,71.383
NOR,3554.3677777777752,158.0,71.383
NOR,3561.9202777777755,171.0,71.383
NOR,3575.8424999999975,179.0,71.383
NOR,3599.675833333331,195.0,71.383
NOR,3622.3424999999975,204.0,71.383
NOR,3633.953611111109,209.0,71.383
NOR,3661.5536111111087,207.0,71.383
NOR,3672.386944444442,195.0,71.383
NOR,3680.786944444442,189.0,71.383
NOR,3697.586944444442,168.0,71.383
NOR,3708.253611111109,160.0,71.383
NOR,3723.153611111109,149.0,71.383
NOR,3734.353611111109,144.0,71.383
NOR,3746.6202777777758,138.0,71.383
NOR,3754.06472222222,134.0,71.383
NOR,3762.7674999999977,130.0,71.383
NOR,3773.18972222222,134.0,71.383
NOR,3784.0008333333312,139.0,71.383
NOR,3796.978611111109,146.0,71.383
NOR,3805.367499999998,151.0,71.383
NOR,3815.7674999999977,156.0,71.383
NOR,3828.600833333331,165.0,71.383
NOR,3844.2452777777758,176.0,71.383
NOR,3854.4119444444427,183.0,71.383
NOR,3878.922777777776,201.0,71.383
NOR,3902.4783333333316,212.0,71.383
NOR,3924.5783333333316,221.0,71.383
NOR,3955.7783333333314,234.0,71.383
NOR,3969.000555555554,238.0,71.383
NOR,3990.600555555554,243.0,71.383
NOR,4007.133888888887,248.0,71.383
NOR,4026.733888888887,252.0,71.383
NOR,4043.6005555555535,253.0,71.383
NOR,4060.533888888887,254.0,71.383
NOR,4071.8672222222203,255.0,71.383
NOR,4089.06722222222,258.0,71.383
NOR,4106.333888888887,259.0,71.383
NOR,4126.789444444442,263.0,71.383
NOR,4144.522777777775,266.0,71.383
NOR,4159.486111111109,268.0,71.383
NOR,4183.4861111111095,270.0,71.383
NOR,4216.9749999999985,274.0,71.383
NOR,4241.508333333331,276.0,71.383
NOR,4253.730555555554,275.0,71.383
NOR,4275.041666666665,274.0,71.383
NOR,4299.219444444442,272.0,71.383
NOR,4311.263888888886,271.0,71.383
NOR,4338.463888888886,272.0,71.383
NOR,4356.455277777775,271.0,71.383
NOR,4383.455277777775,270.0,71.383
NOR,4401.455277777775,270.0,71.383
NOR,4413.499722222221,271.0,71.383
NOR,4431.833055555554,275.0,71.383
NOR,4450.166388888887,275.0,71.383
NOR,4474.966388888887,279.0,71.383
NOR,4490.521944444443,280.0,71.383
NOR,4506.188611111109,282.0,71.383
NOR,4528.121944444442,282.0,71.383
NOR,4543.844166666665,283.0,71.383
NOR,4565.933055555554,284.0,71.383
NOR,4597.821944444444,287.0,71.383
NOR,4633.510833333333,292.0,71.383
VER,14.261111111111111,302.0,71.403
VER,34.509722222222216,305.0,71.403
VER,61.887499999999996,308.0,71.403
VER,79.10972222222222,310.0,71.403
VER,96.38749999999999,311.0,71.403
VER,110.25416666666665,312.0,71.403
VER,138.25416666666666,315.0,71.403
VER,162.83194444444445,316.0,71.403
VER,191.09861111111113,318.0,71.403
VER,223.09861111111113,320.0,71.403
VER,265.8986111111111,321.0,71.403
VER,294.52083333333337,322.0,71.403
VER,319.6430555555556,323.0,71.403
VER,351.9430555555556,323.0,71.403
VER,373.5430555555555,324.0,71.403
VER,391.5430555555555,324.0,71.403
VER,413.27638888888885,326.0,71.403
VER,427.7652777777777,326.0,71.403
VER,464.09861111111104,327.0,71.403
VER,482.2652777777777,327.0,71.403
VER,518.7097222222222,328.0,71.403
VER,540.6430555555556,329.0,71.403
VER,581.0680555555556,330.0,71.403
VER,621.4013888888888,330.0,71.403
VER,646.8988888888888,329.0,71.403
VER,665.1211111111111,328.0,71.403
VER,694.2766666666666,328.0,71.403
VER,715.8766666666667,324.0,71.403
VER,733.0433333333333,309.0,71.403
VER,748.21,273.0,71.403
VER,761.5433333333333,240.0,71.403
VER,785.7433333333332,198.0,71.403
VER,796.2988888888889,190.0,71.403
VER,809.6766666666666,172.0,71.403
VER,818.8433333333332,165.0,71.403
VER,831.1322222222221,158.0,71.403
VER,850.6877777777777,160.0,71.403
VER,861.7544444444444,166.0,71.403
VER,871.4766666666666,175.0,71.403
VER,894.5766666666666,189.0,71.403
VER,916.6877777777777,199.0,71.403
VER,934.91,205.0,71.403
VER,956.4100000000001,215.0,71.403
VER,975.7877777777778,218.0,71.403
VER,993.506388888889,227.0,71.403
VER,1019.6175000000001,235.0,71.403
VER,1038.2063888888888,239.0,71.403
VER,1056.8063888888887,240.0,71.403
VER,1067.6508333333331,244.0,71.403
VER,1089.6063888888887,247.0,71.403
VER,1106.2730555555554,250.0,71.403
VER,1131.4730555555554,252.0,71.403
VER,1145.528611111111,253.0,71.403
VER,1159.6397222222222,254.0,71.403
VER,1170.9730555555554,255.0,71.403
VER,1188.039722222222,256.0,71.403
VER,1219.5730555555556,258.0,71.403
VER,1242.6841666666667,260.0,71.403
VER,1260.1508333333331,262.0,71.403
VER,1274.7619444444442,263.0,71.403
VER,1295.450833333333,266.0,71.403
VER,1310.2841666666664,267.0,71.403
VER,1328.2174999999995,269.0,71.403
VER,1349.2952777777773,271.0,71.403
VER,1367.4952777777773,273.0,71.403
VER,1385.8286111111106,275.0,71.403
VER,1413.6286111111106,278.0,71.403
VER,1435.4063888888884,280.0,71.403
VER,1457.3397222222218,282.0,71.403
VER,1473.1405555555548,283.0,71.403
VER,1488.9738888888883,285.0,71.403
VER,1514.4849999999994,287.0,71.403
VER,1552.938055555555,289.0,71.403
VER,1572.2713888888882,290.0,71.403
VER,1603.2713888888884,279.0,71.403
VER,1617.9936111111106,265.0,71.403
VER,1631.3269444444438,240.0,71.403
VER,1645.5936111111105,214.0,71.403
VER,1666.7047222222218,190.0,71.403
VER,1682.6158333333328,179.0,71.403
VER,1695.9158333333328,171.0,71.403
VER,1710.4047222222216,163.0,71.403
VER,1724.8047222222217,162.0,71.403
VER,1732.0491666666662,163.0,71.403
VER,1745.1158333333328,168.0,71.403
VER,1758.8824999999995,177.0,71.403
VER,1769.0491666666662,183.0,71.403
VER,1781.6491666666661,189.0,71.403
VER,1792.4824999999994,195.0,71.403
VER,1812.8824999999995,204.0,71.403
VER,1836.7713888888884,215.0,71.403
VER,1861.6111111111106,223.0,71.403
VER,1871.6111111111106,225.0,71.403
VER,1887.077777777777,232.0,71.403
VER,1908.1444444444437,237.0,71.403
VER,1924.2111111111105,241.0,71.403
VER,1937.7111111111105,243.0,71.403
VER,1948.7086111111105,249.0,71.403
VER,1968.4641666666662,254.0,71.403
VER,2000.1197222222218,259.0,71.403
VER,2021.6197222222218,215.0,71.403
VER,2035.0863888888882,202.0,71.403
VER,2054.153055555555,156.0,71.403
VER,2060.5086111111104,143.0,71.403
VER,2070.6197222222218,130.0,71.403
VER,2077.4530555555552,123.0,71.403
VER,2086.319722222222,114.0,71.403
VER,2092.3752777777777,109.0,71.403
VER,2101.619722222222,104.0,71.403
VER,2112.219722222222,106.0,71.403
VER,2117.3308333333334,115.0,71.403
VER,2125.3975,121.0,71.403
VER,2132.4530555555557,127.0,71.403
VER,2143.341944444445,140.0,71.403
VER,2149.964166666667,149.0,71.403
VER,2160.564166666667,159.0,71.403
VER,2175.9419444444447,173.0,71.403
VER,2190.3822222222225,185.0,71.403
VER,2199.048888888889,195.0,71.403
VER,2212.3822222222225,200.0,71.403
VER,2223.8822222222225,207.0,71.403
VER,2233.3488888888887,213.0,71.403
VER,2245.5155555555557,219.0,71.403
VER,2268.1524999999997,227.0,71.403
VER,2291.7525,236.0,71.403
VER,2305.085833333333,240.0,71.403
VER,2321.3525,244.0,71.403
VER,2346.2525,249.0,71.403
VER,2368.9191666666666,255.0,71.403
VER,2391.8525,258.0,71.403
VER,2406.408055555555,262.0,71.403
VER,2426.9413888888885,264.0,71.403
VER,2441.7191666666663,266.0,71.403
VER,2459.685833333333,231.0,71.403
VER,2471.908055555555,220.0,71.403
VER,2482.8525,197.0,71.403
VER,2524.2525,162.0,71.403
VER,2538.563611111111,161.0,71.403
VER,2545.8525,164.0,71.403
VER,2561.4969444444446,176.0,71.403
VER,2585.261944444445,194.0,71.403
VER,2596.3730555555558,200.0,71.403
VER,2617.173055555556,208.0,71.403
VER,2639.073055555556,219.0,71.403
VER,2651.517500000001,224.0,71.403
VER,2666.720555555556,229.0,71.403
VER,2682.387222222223,235.0,71.403
VER,2692.920555555557,237.0,71.403
VER,2706.3094444444455,241.0,71.403
VER,2731.2094444444456,249.0,71.403
VER,2748.0094444444458,252.0,71.403
VER,2762.2316666666684,256.0,71.403
VER,2776.620555555557,259.0,71.403
VER,2791.1761111111127,262.0,71.403
VER,2805.7872222222236,263.0,71.403
VER,2823.320555555557,263.0,71.403
VER,2858.387222222224,263.0,71.403
VER,2872.942777777779,262.0,71.403
VER,2887.5538888888905,263.0,71.403
VER,2916.8872222222235,264.0,71.403
VER,2928.6650000000013,265.0,71.403
VER,2946.331666666668,265.0,71.403
VER,2961.1650000000013,267.0,71.403
VER,2973.0761111111124,268.0,71.403
VER,2991.142777777779,271.0,71.403
VER,3006.2538888888903,272.0,71.403
VER,3027.9533333333347,278.0,71.403
VER,3043.5644444444456,281.0,71.403
VER,3065.7311111111126,285.0,71.403
VER,3084.8644444444462,287.0,71.403
VER,3107.4977777777794,291.0,71.403
VER,3140.2755555555573,295.0,71.403
VER,3156.6930555555573,297.0,71.403
VER,3176.6263888888907,299.0,71.403
VER,3213.659722222224,303.0,71.403
VER,3227.2152777777796,305.0,71.403
VER,3244.215277777779,306.0,71.403
VER,3264.681944444446,307.0,71.403
VER,3278.4152777777795,309.0,71.403
VER,3306.059722222224,311.0,71.403
VER,3326.859722222224,312.0,71.403
VER,3350.8152777777796,308.0,71.403
VER,3366.0930555555574,275.0,71.403
VER,3376.804166666668,241.0,71.403
VER,3386.759722222224,224.0,71.403
VER,3407.093055555557,183.0,71.403
VER,3416.3708333333343,167.0,71.403
VER,3429.7930555555567,151.0,71.403
VER,3437.737500000001,143.0,71.403
VER,3446.8708333333343,137.0,71.403
VER,3455.7375000000006,133.0,71.403
VER,3462.9041666666676,129.0,71.403
VER,3468.5041666666675,126.0,71.403
VER,3474.049722222223,124.0,71.403
VER,3483.227500000001,118.0,71.403
VER,3488.51638888889,119.0,71.403
VER,3499.4497222222235,123.0,71.403
VER,3514.4497222222235,135.0,71.403
VER,3527.51638888889,147.0,71.403
VER,3547.515277777779,164.0,71.403
VER,3557.237500000001,175.0,71.403
VER,3565.193055555557,179.0,71.403
VER,3579.893055555557,189.0,71.403
VER,3599.893055555557,200.0,71.403
VER,3613.6263888888907,206.0,71.403
VER,3632.3819444444457,211.0,71.403
VER,3646.9819444444456,219.0,71.403
VER,3656.715277777779,219.0,71.403
VER,3669.915277777779,198.0,71.403
VER,3685.3819444444457,174.0,71.403
VER,3702.715277777779,156.0,71.403
VER,3711.048611111112,150.0,71.403
VER,3717.6263888888902,148.0,71.403
VER,3725.6263888888902,144.0,71.403
VER,3734.893055555557,139.0,71.403
VER,3740.893055555557,135.0,71.403
VER,3746.804166666668,133.0,71.403
VER,3759.904166666668,131.0,71.403
VER,3767.2375000000015,132.0,71.403
VER,3781.1761111111127,139.0,71.403
VER,3787.5761111111124,144.0,71.403
VER,3799.242777777779,150.0,71.403
VER,3806.0872222222233,154.0,71.403
VER,3815.0872222222233,162.0,71.403
VER,3828.542777777779,173.0,71.403
VER,3849.4316666666678,188.0,71.403
VER,3858.044166666668,195.0,71.403
VER,3869.2108333333344,201.0,71.403
VER,3897.744166666668,214.0,71.403
VER,3915.0108333333346,222.0,71.403
VER,3932.8219444444458,229.0,71.403
VER,3951.021944444446,234.0,71.403
VER,3961.421944444446,234.0,71.403
VER,3971.8219444444458,234.0,71.403
VER,3985.2663888888906,242.0,71.403
VER,3996.244166666668,247.0,71.403
VER,4010.0775000000017,249.0,71.403
VER,4029.6775000000016,252.0,71.403
VER,4040.9663888888904,254.0,71.403
VER,4052.2552777777796,254.0,71.403
VER,4066.4775000000013,256.0,71.403
VER,4080.810833333335,258.0,71.403
VER,4098.077500000001,259.0,71.403
VER,4121.45527777778,263.0,71.403
VER,4151.233055555557,268.0,71.403
VER,4175.397222222224,271.0,71.403
VER,4187.530555555558,273.0,71.403
VER,4208.841666666669,274.0,71.403
VER,4236.241666666669,274.0,71.403
VER,4254.508333333335,274.0,71.403
VER,4272.7750000000015,274.0,71.403
VER,4284.863888888891,272.0,71.403
VER,4296.952777777779,272.0,71.403
VER,4315.019444444446,271.0,71.403
VER,4339.033055555557,271.0,71.403
VER,4351.077500000001,271.0,71.403
VER,4372.233055555557,272.0,71.403
VER,4399.533055555557,273.0,71.403
VER,4433.388611111112,277.0,71.403
VER,4448.888611111112,279.0,71.403
VER,4483.477500000001,283.0,71.403
VER,4499.255277777779,284.0,71.403
VER,4518.321944444447,286.0,71.403
VER,4543.921944444446,288.0,71.403
VER,4556.810833333335,290.0,71.403
VER,4573.088611111113,293.0,71.403
VER,4606.088611111114,297.0,71.403
VER,4622.699722222224,299.0,71.403
HAM,9.188333333333333,298.0,71.701
HAM,39.288333333333334,301.0,71.701
HAM,66.31055555555557,304.0,71.701
HAM,93.59944444444446,307.0,71.701
HAM,110.82166666666667,310.0,71.701
HAM,135.08833333333334,312.0,71.701
HAM,152.47722222222222,313.0,71.701
HAM,176.8216666666667,313.0,71.701
HAM,194.37722222222223,316.0,71.701
HAM,211.98833333333334,317.0,71.701
HAM,294.02166666666665,321.0,71.701
HAM,322.64388888888885,322.0,71.701
HAM,336.9994444444444,323.0,71.701
HAM,365.7994444444444,324.0,71.701
HAM,405.6119444444444,325.0,71.701
HAM,423.6675,325.0,71.701
HAM,456.26750000000004,326.0,71.701
HAM,488.9675,327.0,71.701
HAM,507.13416666666666,327.0,71.701
HAM,528.8433333333334,327.0,71.701
HAM,550.71,328.0,71.701
HAM,565.2877777777778,328.0,71.701
HAM,583.5100000000001,328.0,71.701
HAM,616.3100000000001,328.0,71.701
HAM,638.1766666666667,328.0,71.701
HAM,656.4544444444446,329.0,71.701
HAM,674.7322222222224,329.0,71.701
HAM,692.9544444444447,328.0,71.701
HAM,711.1211111111113,327.0,71.701
HAM,731.787777777778,310.0,71.701
HAM,764.0544444444447,242.0,71.701
HAM,776.2766666666669,220.0,71.701
HAM,787.1655555555558,196.0,71.701
HAM,806.9433333333335,178.0,71.701
HAM,814.7211111111113,175.0,71.701
HAM,825.7211111111113,165.0,71.701
HAM,834.7211111111113,162.0,71.701
HAM,841.8766666666669,161.0,71.701
HAM,852.6100000000001,161.0,71.701
HAM,861.5544444444446,161.0,71.701
HAM,875.1361111111113,174.0,71.701
HAM,885.1361111111113,180.0,71.701
HAM,899.6027777777779,186.0,71.701
HAM,912.3361111111112,191.0,71.701
HAM,927.6583333333335,197.0,71.701
HAM,950.7694444444446,208.0,71.701
HAM,962.4330555555557,211.0,71.701
HAM,976.8330555555557,216.0,71.701
HAM,1004.455277777778,226.0,71.701
HAM,1014.766388888889,232.0,71.701
HAM,1027.8219444444446,235.0,71.701
HAM,1043.755277777778,239.0,71.701
HAM,1054.5108333333335,242.0,71.701
HAM,1076.2886111111113,245.0,71.701
HAM,1092.8219444444446,248.0,71.701
HAM,1112.2663888888892,250.0,71.701
HAM,1126.155277777778,250.0,71.701
HAM,1137.3997222222226,253.0,71.701
HAM,1148.6886111111116,254.0,71.701
HAM,1177.2441666666673,257.0,71.701
HAM,1191.6330555555562,259.0,71.701
HAM,1214.7441666666673,260.0,71.701
HAM,1229.2997222222227,262.0,71.701
HAM,1246.8997222222229,264.0,71.701
HAM,1264.5663888888894,265.0,71.701
HAM,1279.3997222222226,267.0,71.701
HAM,1291.3108333333337,268.0,71.701
HAM,1303.2963888888894,268.0,71.701
HAM,1324.3741666666672,271.0,71.701
HAM,1336.4630555555561,272.0,71.701
HAM,1360.9075000000003,275.0,71.701
HAM,1391.7963888888894,278.0,71.701
HAM,1416.6852777777783,280.0,71.701
HAM,1451.3175000000006,284.0,71.701
HAM,1467.1508333333338,285.0,71.701
HAM,1479.9063888888893,287.0,71.701
HAM,1502.2286111111116,287.0,71.701
HAM,1531.3286111111115,291.0,71.701
HAM,1550.795277777778,292.0,71.701
HAM,1576.9286111111114,294.0,71.701
HAM,1596.5952777777782,295.0,71.701
HAM,1609.4841666666669,290.0,71.701
HAM,1627.9508333333338,277.0,71.701
HAM,1648.661944444445,233.0,71.701
HAM,1671.2175000000004,203.0,71.701
HAM,1681.7730555555559,190.0,71.701
HAM,1689.7730555555559,180.0,71.701
HAM,1699.4952777777783,175.0,71.701
HAM,1710.8286111111115,170.0,71.701
HAM,1718.2063888888893,166.0,71.701
HAM,1725.4952777777783,164.0,71.701
HAM,1741.6952777777783,162.0,71.701
HAM,1750.861944444445,165.0,71.701
HAM,1768.8116666666674,179.0,71.701
HAM,1776.9005555555564,182.0,71.701
HAM,1791.8338888888898,192.0,71.701
HAM,1800.5894444444452,197.0,71.701
HAM,1811.867222222223,203.0,71.701
HAM,1827.8894444444454,206.0,71.701
HAM,1852.0005555555565,217.0,71.701
HAM,1861.8055555555563,222.0,71.701
HAM,1874.4166666666677,227.0,71.701
HAM,1906.1500000000008,238.0,71.701
HAM,1925.1277777777786,244.0,71.701
HAM,1944.3388888888899,247.0,71.701
HAM,1964.0166666666676,253.0,71.701
HAM,1975.3500000000008,255.0,71.701
HAM,1986.7277777777786,256.0,71.701
HAM,2001.0055555555566,257.0,71.701
HAM,2012.4277777777788,257.0,71.701
HAM,2025.4277777777788,234.0,71.701
HAM,2040.1277777777786,189.0,71.701
HAM,2048.0833333333344,179.0,71.701
HAM,2055.327777777779,163.0,71.701
HAM,2063.716666666668,151.0,71.701
HAM,2071.6611111111124,143.0,71.701
HAM,2080.6611111111124,135.0,71.701
HAM,2091.950000000001,127.0,71.701
HAM,2105.1722222222234,119.0,71.701
HAM,2114.8022222222235,108.0,71.701
HAM,2119.646666666668,109.0,71.701
HAM,2128.5911111111122,115.0,71.701
HAM,2141.0911111111122,125.0,71.701
HAM,2149.8244444444454,131.0,71.701
HAM,2159.2244444444455,141.0,71.701
HAM,2165.7577777777788,147.0,71.701
HAM,2172.7355555555564,157.0,71.701
HAM,2183.5355555555566,162.0,71.701
HAM,2199.5741666666677,181.0,71.701
HAM,2208.018611111112,190.0,71.701
HAM,2223.5741666666677,200.0,71.701
HAM,2244.5741666666677,210.0,71.701
HAM,2272.0741666666677,225.0,71.701
HAM,2284.5741666666677,225.0,71.701
HAM,2313.7852777777784,239.0,71.701
HAM,2327.340833333334,244.0,71.701
HAM,2344.007500000001,250.0,71.701
HAM,2366.49638888889,253.0,71.701
HAM,2377.874166666668,256.0,71.701
HAM,2392.263055555557,259.0,71.701
HAM,2421.485277777779,263.0,71.701
HAM,2436.09638888889,263.0,71.701
HAM,2464.429722222224,255.0,71.701
HAM,2481.4297222222235,255.0,71.701
HAM,2507.7511111111126,197.0,71.701
HAM,2517.362222222224,173.0,71.701
HAM,2525.0511111111127,173.0,71.701
HAM,2542.6066666666684,158.0,71.701
HAM,2551.4955555555575,160.0,71.701
HAM,2562.428888888891,164.0,71.701
HAM,2571.8733333333353,170.0,71.701
HAM,2579.606666666669,174.0,71.701
HAM,2593.684444444447,181.0,71.701
HAM,2615.74027777778,199.0,71.701
HAM,2627.073611111113,204.0,71.701
HAM,2641.073611111113,210.0,71.701
HAM,2665.629166666669,221.0,71.701
HAM,2683.3625000000025,228.0,71.701
HAM,2704.0736111111137,233.0,71.701
HAM,2720.2069444444473,242.0,71.701
HAM,2736.606944444447,246.0,71.701
HAM,2756.1291666666693,251.0,71.701
HAM,2781.9291666666695,258.0,71.701
HAM,2799.395833333336,262.0,71.701
HAM,2822.773611111114,263.0,71.701
HAM,2834.5513888888913,265.0,71.701
HAM,2846.284722222225,264.0,71.701
HAM,2863.8847222222253,264.0,71.701
HAM,2899.2916666666692,265.0,71.701
HAM,2922.669444444447,263.0,71.701
HAM,2940.336111111114,265.0,71.701
HAM,2958.136111111114,267.0,71.701
HAM,2973.025000000003,268.0,71.701
HAM,3000.025000000003,270.0,71.701
HAM,3012.113888888892,272.0,71.701
HAM,3027.3916666666696,275.0,71.701
HAM,3049.169444444447,280.0,71.701
HAM,3061.658333333336,281.0,71.701
HAM,3074.201666666669,284.0,71.701
HAM,3096.601666666669,288.0,71.701
HAM,3132.4127777777803,293.0,71.701
HAM,3165.301666666669,296.0,71.701
HAM,3181.9127777777803,299.0,71.701
HAM,3222.446111111113,304.0,71.701
HAM,3239.4461111111136,306.0,71.701
HAM,3253.0461111111135,306.0,71.701
HAM,3284.046111111114,310.0,71.701
HAM,3304.7794444444467,311.0,71.701
HAM,3335.8794444444466,311.0,71.701
HAM,3360.0683333333354,311.0,71.701
HAM,3384.423888888891,274.0,71.701
HAM,3397.7016666666686,239.0,71.701
HAM,3411.626111111113,208.0,71.701
HAM,3425.703888888891,181.0,71.701
HAM,3438.1483333333354,160.0,71.701
HAM,3451.303888888891,148.0,71.701
HAM,3459.026111111113,139.0,71.701
HAM,3467.626111111113,129.0,71.701
HAM,3477.1927777777796,123.0,71.701
HAM,3487.326111111113,114.0,71.701
HAM,3493.326111111113,108.0,71.701
HAM,3506.7400000000016,110.0,71.701
HAM,3519.9622222222238,119.0,71.701
HAM,3533.262222222224,133.0,71.701
HAM,3553.3955555555576,151.0,71.701
HAM,3562.2844444444463,160.0,71.701
HAM,3578.0177777777794,177.0,71.701
HAM,3590.2844444444463,184.0,71.701
HAM,3605.2177777777797,192.0,71.701
HAM,3618.3511111111134,197.0,71.701
HAM,3631.9511111111133,204.0,71.701
HAM,3641.0622222222246,205.0,71.701
HAM,3655.1955555555583,212.0,71.701
HAM,3669.595555555558,216.0,71.701
HAM,3685.228888888891,201.0,71.701
HAM,3697.695555555558,187.0,71.701
HAM,3707.5222222222246,176.0,71.701
HAM,3721.8333333333358,161.0,71.701
HAM,3739.67777777778,146.0,71.701
HAM,3752.0333333333356,139.0,71.701
HAM,3758.0777777777803,136.0,71.701
HAM,3768.5000000000023,134.0,71.701
HAM,3780.144444444447,131.0,71.701
HAM,3786.055555555558,133.0,71.701
HAM,3799.955555555558,139.0,71.701
HAM,3809.449166666669,143.0,71.701
HAM,3824.949166666669,155.0,71.701
HAM,3835.6825000000026,161.0,71.701
HAM,3843.1491666666693,168.0,71.701
HAM,3854.8825000000024,176.0,71.701
HAM,3867.349166666669,187.0,71.701
HAM,3884.86027777778,197.0,71.701
HAM,3896.1936111111136,204.0,71.701
HAM,3907.86027777778,210.0,71.701
HAM,3924.815833333336,218.0,71.701
HAM,3937.204722222225,223.0,71.701
HAM,3954.938055555558,228.0,71.701
HAM,3981.382500000003,238.0,71.701
HAM,4011.4491666666695,246.0,71.701
HAM,4025.282500000003,249.0,71.701
HAM,4036.418333333336,249.0,71.701
HAM,4056.0183333333357,252.0,71.701
HAM,4073.085000000002,256.0,71.701
HAM,4087.3627777777797,257.0,71.701
HAM,4113.362777777779,260.0,71.701
HAM,4125.007222222224,262.0,71.701
HAM,4139.67388888889,264.0,71.701
HAM,4160.518333333335,268.0,71.701
HAM,4193.76277777778,272.0,71.701
HAM,4224.429444444447,276.0,71.701
HAM,4242.819166666669,277.0,71.701
HAM,4255.13027777778,277.0,71.701
HAM,4282.53027777778,274.0,71.701
HAM,4294.708055555558,274.0,71.701
HAM,4318.974722222225,273.0,71.701
HAM,4337.174722222225,273.0,71.701
HAM,4349.308055555558,273.0,71.701
HAM,4361.396944444447,272.0,71.701
HAM,4382.552500000003,272.0,71.701
HAM,4400.685833333337,272.0,71.701
HAM,4412.863611111115,274.0,71.701
HAM,4424.996944444448,273.0,71.701
HAM,4440.163611111115,273.0,71.701
HAM,4452.385833333336,275.0,71.701
HAM,4477.096944444448,278.0,71.701
HAM,4489.496944444448,279.0,71.701
HAM,4511.508055555559,283.0,71.701
HAM,4527.364722222225,284.0,71.701
HAM,4540.031388888893,285.0,71.701
HAM,4552.698055555559,285.0,71.701
HAM,4578.386944444447,289.0,71.701
HAM,4597.786944444448,291.0,71.701
HAM,4627.386944444448,296.0,71.701
HAM,4640.631388888893,298.0,71.701
RUS,29.096666666666664,301.0,71.703
RUS,56.11888888888889,304.0,71.703
RUS,69.71888888888888,306.0,71.703
RUS,97.18555555555554,309.0,71.703
RUS,135.40555555555554,312.0,71.703
RUS,152.84999999999997,314.0,71.703
RUS,184.54999999999998,317.0,71.703
RUS,216.45,319.0,71.703
RUS,234.2277777777778,320.0,71.703
RUS,255.605,322.0,71.703
RUS,277.07166666666666,322.0,71.703
RUS,291.38277777777773,322.0,71.703
RUS,309.3272222222222,323.0,71.703
RUS,341.72722222222217,324.0,71.703
RUS,363.3938888888888,325.0,71.703
RUS,381.44944444444434,325.0,71.703
RUS,399.5605555555555,326.0,71.703
RUS,417.6716666666666,326.0,71.703
RUS,435.8383333333333,327.0,71.703
RUS,457.63833333333326,327.0,71.703
RUS,501.37166666666667,328.0,71.703
RUS,519.593888888889,328.0,71.703
RUS,537.8716666666667,329.0,71.703
RUS,574.4272222222222,329.0,71.703
RUS,589.0494444444445,329.0,71.703
RUS,610.9827777777779,329.0,71.703
RUS,629.3161111111111,330.0,71.703
RUS,643.9383333333334,329.0,71.703
RUS,665.8716666666668,329.0,71.703
RUS,684.0938888888891,328.0,71.703
RUS,709.6961111111112,328.0,71.703
RUS,727.085,313.0,71.703
RUS,747.4627777777779,262.0,71.703
RUS,763.1294444444445,235.0,71.703
RUS,779.3072222222222,208.0,71.703
RUS,800.3072222222222,189.0,71.703
RUS,810.036111111111,176.0,71.703
RUS,821.5027777777777,172.0,71.703
RUS,840.936111111111,159.0,71.703
RUS,848.0472222222221,160.0,71.703
RUS,857.0472222222221,162.0,71.703
RUS,868.2472222222221,168.0,71.703
RUS,875.936111111111,173.0,71.703
RUS,892.7361111111111,189.0,71.703
RUS,905.6694444444445,194.0,71.703
RUS,921.0694444444445,198.0,71.703
RUS,932.4027777777778,204.0,71.703
RUS,941.6027777777779,207.0,71.703
RUS,950.8916666666668,209.0,71.703
RUS,975.4472222222222,221.0,71.703
RUS,988.0027777777779,226.0,71.703
RUS,1008.6250000000001,232.0,71.703
RUS,1021.7916666666667,237.0,71.703
RUS,1037.9250000000002,242.0,71.703
RUS,1054.2583333333334,245.0,71.703
RUS,1067.9805555555556,247.0,71.703
RUS,1078.9583333333335,247.0,71.703
RUS,1090.0941666666668,249.0,71.703
RUS,1109.616388888889,251.0,71.703
RUS,1120.8163888888892,252.0,71.703
RUS,1143.394166666667,254.0,71.703
RUS,1171.9497222222226,257.0,71.703
RUS,1194.971944444445,259.0,71.703
RUS,1226.799444444445,261.0,71.703
RUS,1241.3550000000005,262.0,71.703
RUS,1253.0883333333338,264.0,71.703
RUS,1273.6994444444447,265.0,71.703
RUS,1300.4994444444449,268.0,71.703
RUS,1318.5661111111115,271.0,71.703
RUS,1342.7438888888892,272.0,71.703
RUS,1361.0105555555558,274.0,71.703
RUS,1373.2772222222225,276.0,71.703
RUS,1391.810555555556,278.0,71.703
RUS,1416.699444444445,280.0,71.703
RUS,1448.2550000000003,284.0,71.703
RUS,1464.0883333333336,285.0,71.703
RUS,1476.7994444444448,286.0,71.703
RUS,1492.7438888888892,287.0,71.703
RUS,1512.0772222222226,290.0,71.703
RUS,1524.9661111111116,290.0,71.703
RUS,1537.899444444445,291.0,71.703
RUS,1566.899444444445,290.0,71.703
RUS,1583.010555555556,290.0,71.703
RUS,1610.586944444445,275.0,71.703
RUS,1622.2313888888893,262.0,71.703
RUS,1640.0425000000005,229.0,71.703
RUS,1649.5536111111116,214.0,71.703
RUS,1660.7758333333338,202.0,71.703
RUS,1675.0869444444447,184.0,71.703
RUS,1694.3091666666671,173.0,71.703
RUS,1701.729166666667,168.0,71.703
RUS,1710.729166666667,162.0,71.703
RUS,1732.3291666666669,162.0,71.703
RUS,1745.318055555556,167.0,71.703
RUS,1758.8513888888892,174.0,71.703
RUS,1773.1625000000001,184.0,71.703
RUS,1781.4736111111113,187.0,71.703
RUS,1790.051388888889,193.0,71.703
RUS,1801.051388888889,198.0,71.703
RUS,1809.9847222222224,201.0,71.703
RUS,1821.429166666667,206.0,71.703
RUS,1838.0736111111114,214.0,71.703
RUS,1847.8069444444448,219.0,71.703
RUS,1857.629166666667,221.0,71.703
RUS,1870.1847222222225,226.0,71.703
RUS,1882.7958333333338,227.0,71.703
RUS,1898.529166666667,236.0,71.703
RUS,1920.1291666666668,243.0,71.703
RUS,1947.9069444444444,250.0,71.703
RUS,1970.466111111111,253.0,71.703
RUS,1981.7994444444444,255.0,71.703
RUS,2001.555,254.0,71.703
RUS,2022.855,213.0,71.703
RUS,2034.7883333333332,179.0,71.703
RUS,2046.3216666666667,173.0,71.703
RUS,2053.4772222222223,161.0,71.703
RUS,2060.188333333333,151.0,71.703
RUS,2069.455,139.0,71.703
RUS,2080.8858333333333,129.0,71.703
RUS,2086.441388888889,125.0,71.703
RUS,2095.619166666667,118.0,71.703
RUS,2106.7191666666668,111.0,71.703
RUS,2119.7969444444448,107.0,71.703
RUS,2126.019166666667,112.0,71.703
RUS,2141.663611111111,128.0,71.703
RUS,2149.2747222222224,137.0,71.703
RUS,2159.141388888889,148.0,71.703
RUS,2173.5413888888893,162.0,71.703
RUS,2181.1858333333334,172.0,71.703
RUS,2191.241388888889,181.0,71.703
RUS,2213.019166666667,196.0,71.703
RUS,2224.2969444444443,203.0,71.703
RUS,2248.2969444444448,216.0,71.703
RUS,2263.0969444444445,222.0,71.703
RUS,2294.4955555555557,235.0,71.703
RUS,2307.828888888889,240.0,71.703
RUS,2318.6733333333336,244.0,71.703
RUS,2346.5622222222223,251.0,71.703
RUS,2360.6733333333336,254.0,71.703
RUS,2377.8066666666673,257.0,71.703
RUS,2392.195555555556,259.0,71.703
RUS,2403.7955555555563,261.0,71.703
RUS,2424.173333333334,262.0,71.703
RUS,2453.211666666667,262.0,71.703
RUS,2467.7672222222227,262.0,71.703
RUS,2481.167222222223,201.0,71.703
RUS,2501.167222222223,180.0,71.703
RUS,2514.467222222223,171.0,71.703
RUS,2529.3116666666674,167.0,71.703
RUS,2539.7116666666675,156.0,71.703
RUS,2550.1783333333337,157.0,71.703
RUS,2562.7783333333336,162.0,71.703
RUS,2580.4783333333335,177.0,71.703
RUS,2592.8783333333336,186.0,71.703
RUS,2610.5672222222224,199.0,71.703
RUS,2619.545,202.0,71.703
RUS,2628.7894444444446,208.0,71.703
RUS,2643.0561111111115,214.0,71.703
RUS,2673.3858333333333,227.0,71.703
RUS,2693.7413888888887,229.0,71.703
RUS,2709.7413888888887,240.0,71.703
RUS,2726.0080555555555,244.0,71.703
RUS,2739.785833333333,248.0,71.703
RUS,2765.385833333333,256.0,71.703
RUS,2776.8525,258.0,71.703
RUS,2791.2969444444443,260.0,71.703
RUS,2811.7525,263.0,71.703
RUS,2823.4858333333336,264.0,71.703
RUS,2835.1458333333335,264.0,71.703
RUS,2855.8347222222224,266.0,71.703
RUS,2888.3458333333333,266.0,71.703
RUS,2917.901388888889,266.0,71.703
RUS,2932.679166666667,266.0,71.703
RUS,2968.2791666666667,267.0,71.703
RUS,2983.2236111111115,269.0,71.703
RUS,2995.2680555555557,271.0,71.703
RUS,3022.7680555555557,275.0,71.703
RUS,3041.368055555556,279.0,71.703
RUS,3069.568055555556,282.0,71.703
RUS,3091.968055555556,288.0,71.703
RUS,3117.745833333334,290.0,71.703
RUS,3134.0236111111117,293.0,71.703
RUS,3153.906111111112,297.0,71.703
RUS,3177.2394444444453,300.0,71.703
RUS,3200.728333333334,302.0,71.703
RUS,3227.9283333333337,306.0,71.703
RUS,3245.039444444445,308.0,71.703
RUS,3265.706111111112,310.0,71.703
RUS,3289.8172222222233,310.0,71.703
RUS,3317.461666666667,311.0,71.703
RUS,3334.739444444445,311.0,71.703
RUS,3369.371666666667,284.0,71.703
RUS,3393.9272222222226,221.0,71.703
RUS,3412.3272222222226,184.0,71.703
RUS,3432.7272222222227,153.0,71.703
RUS,3440.8383333333336,146.0,71.703
RUS,3452.8383333333336,135.0,71.703
RUS,3461.7050000000004,133.0,71.703
RUS,3471.1161111111114,121.0,71.703
RUS,3478.7161111111113,114.0,71.703
RUS,3486.116111111111,111.0,71.703
RUS,3491.2272222222223,115.0,71.703
RUS,3499.0272222222225,117.0,71.703
RUS,3507.093888888889,121.0,71.703
RUS,3517.049444444445,128.0,71.703
RUS,3526.249444444445,138.0,71.703
RUS,3534.4011111111117,146.0,71.703
RUS,3548.623333333334,160.0,71.703
RUS,3570.134444444445,176.0,71.703
RUS,3586.667777777778,186.0,71.703
RUS,3595.2011111111115,192.0,71.703
RUS,3610.678888888889,199.0,71.703
RUS,3628.9900000000002,206.0,71.703
RUS,3638.3233333333337,210.0,71.703
RUS,3659.4233333333336,211.0,71.703
RUS,3672.7011111111115,200.0,71.703
RUS,3690.3011111111114,176.0,71.703
RUS,3701.034444444445,161.0,71.703
RUS,3708.012222222223,157.0,71.703
RUS,3717.8122222222228,147.0,71.703
RUS,3727.4122222222227,144.0,71.703
RUS,3739.6788888888896,138.0,71.703
RUS,3747.3455555555565,138.0,71.703
RUS,3754.6788888888896,132.0,71.703
RUS,3764.8677777777784,131.0,71.703
RUS,3772.2566666666676,133.0,71.703
RUS,3782.9122222222227,137.0,71.703
RUS,3799.245555555556,147.0,71.703
RUS,3818.5566666666673,158.0,71.703
RUS,3827.7788888888895,166.0,71.703
RUS,3835.4711111111114,172.0,71.703
RUS,3849.704444444445,183.0,71.703
RUS,3862.104444444445,186.0,71.703
RUS,3873.0488888888895,197.0,71.703
RUS,3894.04888888889,210.0,71.703
RUS,3903.471111111112,212.0,71.703
RUS,3915.582222222223,218.0,71.703
RUS,3933.004444444445,224.0,71.703
RUS,3961.84888888889,236.0,71.703
RUS,3988.84888888889,243.0,71.703
RUS,4005.2469444444455,247.0,71.703
RUS,4016.2247222222236,247.0,71.703
RUS,4041.4247222222234,252.0,71.703
RUS,4052.7136111111126,254.0,71.703
RUS,4075.5580555555566,257.0,71.703
RUS,4092.6913888888907,257.0,71.703
RUS,4104.246944444446,260.0,71.703
RUS,4115.846944444445,261.0,71.703
RUS,4136.458055555557,265.0,71.703
RUS,4154.324722222223,268.0,71.703
RUS,4166.369166666668,271.0,71.703
RUS,4178.458055555557,272.0,71.703
RUS,4193.680277777779,274.0,71.703
RUS,4205.858055555557,274.0,71.703
RUS,4230.480277777779,277.0,71.703
RUS,4242.791388888891,277.0,71.703
RUS,4264.258055555556,276.0,71.703
RUS,4279.668055555557,276.0,71.703
RUS,4291.8902777777785,275.0,71.703
RUS,4304.1125,275.0,71.703
RUS,4328.556944444445,275.0,71.703
RUS,4346.756944444445,273.0,71.703
RUS,4374.156944444445,274.0,71.703
RUS,4386.290277777779,273.0,71.703
RUS,4404.423611111112,272.0,71.703
RUS,4438.279166666667,277.0,71.703
RUS,4463.256944444445,281.0,71.703
RUS,4475.790277777778,282.0,71.703
RUS,4491.568055555556,284.0,71.703
RUS,4507.3775000000005,286.0,71.703
RUS,4523.321944444445,287.0,71.703
RUS,4542.588611111111,289.0,71.703
RUS,4558.644166666667,289.0,71.703
RUS,4584.510833333333,291.0,71.703
RUS,4600.733055555555,292.0,71.703
RUS,4617.066388888889,294.0,71.703
RUS,4630.2219444444445,296.0,71.703
LEC,8.637777777777778,299.0,71.731
LEC,32.0488888888889,301.0,71.731
LEC,52.46694444444445,305.0,71.731
LEC,76.25944444444445,307.0,71.731
LEC,93.42611111111113,309.0,71.731
LEC,114.15944444444446,311.0,71.731
LEC,127.98166666666667,311.0,71.731
LEC,159.38166666666666,314.0,71.731
LEC,176.9372222222222,316.0,71.731
LEC,205.20388888888886,318.0,71.731
LEC,222.92611111111108,319.0,71.731
LEC,258.4816666666666,320.0,71.731
LEC,272.74833333333333,321.0,71.731
LEC,308.6372222222222,323.0,71.731
LEC,326.58166666666665,323.0,71.731
LEC,344.58166666666665,324.0,71.731
LEC,358.9816666666667,324.0,71.731
LEC,373.3816666666667,324.0,71.731
LEC,402.1816666666667,324.0,71.731
LEC,427.5372222222222,326.0,71.731
LEC,442.0705555555556,327.0,71.731
LEC,478.40388888888896,327.0,71.731
LEC,492.9816666666667,328.0,71.731
LEC,514.8483333333334,328.0,71.731
LEC,533.0705555555556,328.0,71.731
LEC,551.2927777777779,328.0,71.731
LEC,591.3816666666668,328.0,71.731
LEC,609.6038888888891,328.0,71.731
LEC,635.1150000000002,328.0,71.731
LEC,657.072777777778,328.0,71.731
LEC,729.2047222222225,325.0,71.731
LEC,753.4713888888891,273.0,71.731
LEC,771.2047222222225,228.0,71.731
LEC,789.071388888889,201.0,71.731
LEC,797.4269444444446,188.0,71.731
LEC,814.9269444444446,175.0,71.731
LEC,824.2602777777779,168.0,71.731
LEC,835.1269444444446,163.0,71.731
LEC,847.8047222222224,163.0,71.731
LEC,855.1825000000001,166.0,71.731
LEC,868.4825000000002,171.0,71.731
LEC,880.3491666666667,178.0,71.731
LEC,888.6602777777779,187.0,71.731
LEC,903.671388888889,193.0,71.731
LEC,912.3380555555557,195.0,71.731
LEC,930.1158333333335,200.0,71.731
LEC,948.4269444444445,206.0,71.731
LEC,957.7158333333334,209.0,71.731
LEC,974.3602777777779,214.0,71.731
LEC,986.2491666666667,214.0,71.731
LEC,1001.3158333333334,226.0,71.731
LEC,1016.7825000000001,232.0,71.731
LEC,1037.760277777778,236.0,71.731
LEC,1048.448888888889,239.0,71.731
LEC,1061.837777777778,241.0,71.731
LEC,1077.970277777778,243.0,71.731
LEC,1091.6369444444445,246.0,71.731
LEC,1102.6591666666666,248.0,71.731
LEC,1122.181388888889,251.0,71.731
LEC,1150.403611111111,254.0,71.731
LEC,1161.7369444444444,255.0,71.731
LEC,1175.9591666666668,256.0,71.731
LEC,1190.2925,258.0,71.731
LEC,1207.5591666666667,259.0,71.731
LEC,1222.059166666667,261.0,71.731
LEC,1239.5258333333334,262.0,71.731
LEC,1257.059166666667,263.0,71.731
LEC,1280.7925,267.0,71.731
LEC,1295.6813888888892,268.0,71.731
LEC,1313.681388888889,270.0,71.731
LEC,1328.7369444444444,271.0,71.731
LEC,1349.9702777777777,273.0,71.731
LEC,1365.2480555555555,275.0,71.731
LEC,1383.6480555555556,276.0,71.731
LEC,1399.0925,278.0,71.731
LEC,1411.5369444444443,280.0,71.731
LEC,1433.4702777777775,282.0,71.731
LEC,1455.6369444444442,285.0,71.731
LEC,1474.7702777777777,287.0,71.731
LEC,1503.6702777777775,289.0,71.731
LEC,1516.514722222222,289.0,71.731
LEC,1545.7958333333331,292.0,71.731
LEC,1562.073611111111,293.0,71.731
LEC,1581.5255555555555,293.0,71.731
LEC,1607.303333333333,290.0,71.731
LEC,1622.081111111111,266.0,71.731
LEC,1635.5255555555555,242.0,71.731
LEC,1645.8366666666666,232.0,71.731
LEC,1664.0588888888888,205.0,71.731
LEC,1678.9144444444441,191.0,71.731
LEC,1694.5588888888885,176.0,71.731
LEC,1710.9588888888884,164.0,71.731
LEC,1732.5588888888883,162.0,71.731
LEC,1747.225555555555,165.0,71.731
LEC,1760.525555555555,171.0,71.731
LEC,1778.625555555555,181.0,71.731
LEC,1791.1588888888884,188.0,71.731
LEC,1801.9922222222217,195.0,71.731
LEC,1815.125555555555,197.0,71.731
LEC,1824.2811111111105,206.0,71.731
LEC,1848.2811111111107,216.0,71.731
LEC,1860.3922222222218,218.0,71.731
LEC,1885.9477777777772,230.0,71.731
LEC,1901.6811111111108,236.0,71.731
LEC,1931.4486111111107,243.0,71.731
LEC,1962.248611111111,252.0,71.731
LEC,1982.2436111111108,258.0,71.731
LEC,1996.576944444444,258.0,71.731
LEC,2018.8880555555552,251.0,71.731
LEC,2033.488055555555,219.0,71.731
LEC,2044.0991666666662,191.0,71.731
LEC,2053.5436111111107,170.0,71.731
LEC,2062.0436111111107,153.0,71.731
LEC,2078.4213888888885,134.0,71.731
LEC,2085.365833333333,125.0,71.731
LEC,2094.5436111111107,118.0,71.731
LEC,2100.654722222222,110.0,71.731
LEC,2108.665833333333,103.0,71.731
LEC,2121.4991666666665,105.0,71.731
LEC,2128.8991666666666,111.0,71.731
LEC,2135.1769444444444,113.0,71.731
LEC,2151.1880555555554,131.0,71.731
LEC,2167.965833333333,151.0,71.731
LEC,2182.7213888888887,166.0,71.731
LEC,2201.1213888888888,184.0,71.731
LEC,2218.543611111111,196.0,71.731
LEC,2234.3888888888887,203.0,71.731
LEC,2258.7222222222217,219.0,71.731
LEC,2276.3777777777773,227.0,71.731
LEC,2294.512777777777,234.0,71.731
LEC,2305.046111111111,237.0,71.731
LEC,2326.7349999999997,244.0,71.731
LEC,2343.335,249.0,71.731
LEC,2368.735,254.0,71.731
LEC,2383.0127777777775,257.0,71.731
LEC,2397.4016666666666,259.0,71.731
LEC,2409.046111111111,262.0,71.731
LEC,2426.712777777778,265.0,71.731
LEC,2459.1016666666665,265.0,71.731
LEC,2478.746111111111,221.0,71.731
LEC,2492.2794444444444,203.0,71.731
LEC,2502.6683333333335,187.0,71.731
LEC,2516.279444444445,175.0,71.731
LEC,2525.557222222222,167.0,71.731
LEC,2536.4905555555556,164.0,71.731
LEC,2549.1683333333335,163.0,71.731
LEC,2560.3016666666667,167.0,71.731
LEC,2571.7683333333334,172.0,71.731
LEC,2590.3683333333333,186.0,71.731
LEC,2605.612777777778,196.0,71.731
LEC,2621.246111111111,201.0,71.731
LEC,2632.803611111111,207.0,71.731
LEC,2644.636944444444,213.0,71.731
LEC,2664.370277777777,222.0,71.731
LEC,2695.3722222222214,233.0,71.731
LEC,2711.3055555555547,239.0,71.731
LEC,2738.749999999999,247.0,71.731
LEC,2752.6388888888882,250.0,71.731
LEC,2766.583333333333,251.0,71.731
LEC,2783.716666666666,257.0,71.731
LEC,2812.827777777777,262.0,71.731
LEC,2836.2055555555544,263.0,71.731
LEC,2856.7388888888877,264.0,71.731
LEC,2880.1166666666654,263.0,71.731
LEC,2903.405555555554,262.0,71.731
LEC,2915.0944444444435,263.0,71.731
LEC,2935.627777777777,264.0,71.731
LEC,2956.1611111111097,264.0,71.731
LEC,2970.9388888888875,266.0,71.731
LEC,2988.8055555555543,268.0,71.731
LEC,3003.6388888888873,267.0,71.731
LEC,3030.338888888887,267.0,71.731
LEC,3061.5611111111098,281.0,71.731
LEC,3093.4183333333317,286.0,71.731
LEC,3106.218333333332,288.0,71.731
LEC,3125.684999999998,292.0,71.731
LEC,3151.9072222222203,295.0,71.731
LEC,3171.773888888887,298.0,71.731
LEC,3188.440555555554,300.0,71.731
LEC,3201.690555555554,300.0,71.731
LEC,3225.3349999999987,304.0,71.731
LEC,3262.8572222222206,307.0,71.731
LEC,3293.8572222222206,310.0,71.731
LEC,3314.590555555554,311.0,71.731
LEC,3352.8461111111096,313.0,71.731
LEC,3366.757222222221,313.0,71.731
LEC,3387.368333333332,265.0,71.731
LEC,3400.257222222221,232.0,71.731
LEC,3415.4238888888876,195.0,71.731
LEC,3425.201666666665,176.0,71.731
LEC,3438.890555555554,154.0,71.731
LEC,3452.290555555554,134.0,71.731
LEC,3458.2461111111097,134.0,71.731
LEC,3466.44611111111,123.0,71.731
LEC,3473.001666666665,118.0,71.731
LEC,3482.0238888888875,116.0,71.731
LEC,3487.134999999999,115.0,71.731
LEC,3494.9349999999986,117.0,71.731
LEC,3506.2238888888874,127.0,71.731
LEC,3516.3711111111097,130.0,71.731
LEC,3522.3266666666655,134.0,71.731
LEC,3531.393333333332,136.0,71.731
LEC,3539.393333333332,144.0,71.731
LEC,3546.1044444444433,151.0,71.731
LEC,3554.9377777777763,159.0,71.731
LEC,3572.3891666666655,175.0,71.731
LEC,3590.8891666666655,185.0,71.731
LEC,3601.5558333333324,192.0,71.731
LEC,3614.8891666666655,200.0,71.731
LEC,3635.6891666666656,208.0,71.731
LEC,3654.7113888888875,214.0,71.731
LEC,3673.2891666666656,209.0,71.731
LEC,3684.0669444444434,194.0,71.731
LEC,3698.1447222222214,181.0,71.731
LEC,3707.4780555555544,168.0,71.731
LEC,3719.455833333332,154.0,71.731
LEC,3727.73361111111,149.0,71.731
LEC,3735.5669444444434,141.0,71.731
LEC,3769.555833333332,133.0,71.731
LEC,3781.73361111111,137.0,71.731
LEC,3787.8669444444436,138.0,71.731
LEC,3800.578055555555,143.0,71.731
LEC,3819.4430555555546,154.0,71.731
LEC,3828.3319444444437,160.0,71.731
LEC,3845.3319444444437,170.0,71.731
LEC,3863.8319444444437,185.0,71.731
LEC,3874.4986111111107,192.0,71.731
LEC,3887.7099999999996,199.0,71.731
LEC,3901.5766666666664,208.0,71.731
LEC,3910.954444444444,211.0,71.731
LEC,3923.0655555555554,218.0,71.731
LEC,3945.8655555555556,228.0,71.731
LEC,3961.398888888889,233.0,71.731
LEC,3974.5655555555554,237.0,71.731
LEC,3987.9544444444446,241.0,71.731
LEC,4001.5099999999998,244.0,71.731
LEC,4015.2877777777776,248.0,71.731
LEC,4031.9544444444446,250.0,71.731
LEC,4065.954444444445,255.0,71.731
LEC,4080.232222222222,257.0,71.731
LEC,4094.6766666666667,260.0,71.731
LEC,4123.89888888889,263.0,71.731
LEC,4135.6322222222225,264.0,71.731
LEC,4153.498888888888,268.0,71.731
LEC,4168.61,272.0,71.731
LEC,4180.743333333333,273.0,71.731
LEC,4199.076666666667,275.0,71.731
LEC,4214.4655555555555,277.0,71.731
LEC,4236.243055555555,279.0,71.731
LEC,4251.687499999999,278.0,71.731
LEC,4273.309722222221,278.0,71.731
LEC,4291.443055555555,272.0,71.731
LEC,4312.287499999999,268.0,71.731
LEC,4341.954166666666,267.0,71.731
LEC,4356.713333333333,267.0,71.731
LEC,4374.579999999999,268.0,71.731
LEC,4407.579999999999,270.0,71.731
LEC,4419.58,270.0,71.731
LEC,4434.635555555555,271.0,71.731
LEC,4452.968888888889,275.0,71.731
LEC,4465.235555555555,276.0,71.731
LEC,4490.035555555555,279.0,71.731
LEC,4508.702222222221,280.0,71.731
LEC,4530.635555555555,282.0,71.731
LEC,4546.302222222222,282.0,71.731
LEC,4558.879999999999,283.0,71.731
LEC,4571.5022222222215,284.0,71.731
LEC,4603.613333333333,289.0,71.731
LEC,4619.78,291.0,71.731
SAI,15.51,297.0,71.736
SAI,49.17666666666666,303.0,71.736
SAI,69.50999999999999,305.0,71.736
SAI,103.95444444444445,310.0,71.736
SAI,121.23222222222222,311.0,71.736
SAI,135.05444444444444,311.0,71.736
SAI,149.0077777777778,312.0,71.736
SAI,162.8761111111111,314.0,71.736
SAI,194.4761111111111,316.0,71.736
SAI,219.13166666666666,317.0,71.736
SAI,233.22055555555556,317.0,71.736
SAI,250.94277777777776,319.0,71.736
SAI,282.94277777777774,320.0,71.736
SAI,304.34277777777777,321.0,71.736
SAI,325.7427777777778,321.0,71.736
SAI,354.36499999999995,322.0,71.736
SAI,372.3094444444444,323.0,71.736
SAI,390.25388888888887,323.0,71.736
SAI,426.1427777777778,323.0,71.736
SAI,444.1427777777777,324.0,71.736
SAI,462.1427777777777,324.0,71.736
SAI,480.25388888888887,326.0,71.736
SAI,498.30944444444447,325.0,71.736
SAI,523.6650000000001,326.0,71.736
SAI,559.8872222222222,326.0,71.736
SAI,588.953888888889,327.0,71.736
SAI,617.8427777777779,325.0,71.736
SAI,639.5094444444445,325.0,71.736
SAI,668.4872222222223,326.0,71.736
SAI,690.2205555555556,326.0,71.736
SAI,715.3427777777778,323.0,71.736
SAI,736.0955555555555,310.0,71.736
SAI,757.2530555555555,273.0,71.736
SAI,770.3086111111112,235.0,71.736
SAI,783.9752777777778,205.0,71.736
SAI,792.8641666666667,200.0,71.736
SAI,810.8641666666667,180.0,71.736
SAI,820.3641666666667,171.0,71.736
SAI,834.8530555555557,163.0,71.736
SAI,843.686388888889,159.0,71.736
SAI,861.9086111111112,164.0,71.736
SAI,869.3752777777779,168.0,71.736
SAI,890.0419444444447,186.0,71.736
SAI,900.7086111111114,192.0,71.736
SAI,911.6530555555559,197.0,71.736
SAI,920.4530555555558,198.0,71.736
SAI,929.4308333333336,202.0,71.736
SAI,947.9197222222225,208.0,71.736
SAI,964.6419444444447,215.0,71.736
SAI,974.3308333333335,218.0,71.736
SAI,999.6641666666669,228.0,71.736
SAI,1009.8419444444447,229.0,71.736
SAI,1025.5086111111113,235.0,71.736
SAI,1038.8419444444448,240.0,71.736
SAI,1052.2308333333337,241.0,71.736
SAI,1082.1752777777783,245.0,71.736
SAI,1095.9530555555561,248.0,71.736
SAI,1115.3975000000005,250.0,71.736
SAI,1132.2675000000006,252.0,71.736
SAI,1189.307222222223,257.0,71.736
SAI,1212.418333333334,260.0,71.736
SAI,1232.6405555555564,260.0,71.736
SAI,1256.018333333334,263.0,71.736
SAI,1267.7516666666675,264.0,71.736
SAI,1294.4516666666675,267.0,71.736
SAI,1309.4516666666675,270.0,71.736
SAI,1327.4516666666677,270.0,71.736
SAI,1348.607222222223,272.0,71.736
SAI,1360.7405555555565,273.0,71.736
SAI,1382.2072222222232,276.0,71.736
SAI,1400.7405555555565,278.0,71.736
SAI,1413.0961111111121,278.0,71.736
SAI,1434.9516666666677,281.0,71.736
SAI,1447.485000000001,282.0,71.736
SAI,1472.9072222222233,286.0,71.736
SAI,1498.4183333333344,287.0,71.736
SAI,1511.2183333333344,288.0,71.736
SAI,1533.6183333333345,288.0,71.736
SAI,1549.7294444444456,290.0,71.736
SAI,1569.196111111112,292.0,71.736
SAI,1588.5294444444455,290.0,71.736
SAI,1613.9516666666677,286.0,71.736
SAI,1625.6241666666676,261.0,71.736
SAI,1638.7352777777787,236.0,71.736
SAI,1653.2080555555565,218.0,71.736
SAI,1664.7080555555565,207.0,71.736
SAI,1673.5080555555564,198.0,71.736
SAI,1688.052500000001,187.0,71.736
SAI,1707.3858333333342,174.0,71.736
SAI,1714.985833333334,171.0,71.736
SAI,1724.0969444444454,164.0,71.736
SAI,1733.0413888888897,161.0,71.736
SAI,1744.1080555555563,166.0,71.736
SAI,1753.5525000000007,170.0,71.736
SAI,1765.2191666666674,175.0,71.736
SAI,1777.485833333334,184.0,71.736
SAI,1794.374722222223,190.0,71.736
SAI,1805.4302777777784,199.0,71.736
SAI,1819.0302777777786,204.0,71.736
SAI,1830.585833333334,208.0,71.736
SAI,1847.3858333333342,216.0,71.736
SAI,1859.4969444444453,218.0,71.736
SAI,1874.4969444444453,225.0,71.736
SAI,1887.2191666666677,229.0,71.736
SAI,1897.6191666666675,234.0,71.736
SAI,1916.2858333333343,240.0,71.736
SAI,1935.34138888889,245.0,71.736
SAI,1951.9413888888898,249.0,71.736
SAI,1977.1413888888899,252.0,71.736
SAI,1988.6080555555566,258.0,71.736
SAI,2014.3794444444454,257.0,71.736
SAI,2028.6572222222233,257.0,71.736
SAI,2042.1341666666679,203.0,71.736
SAI,2057.245277777779,170.0,71.736
SAI,2065.9119444444455,156.0,71.736
SAI,2074.1341666666676,148.0,71.736
SAI,2080.267500000001,138.0,71.736
SAI,2091.9119444444455,131.0,71.736
SAI,2101.3230555555565,121.0,71.736
SAI,2111.1897222222233,111.0,71.736
SAI,2121.889722222223,107.0,71.736
SAI,2137.489722222223,117.0,71.736
SAI,2148.778611111112,127.0,71.736
SAI,2159.5119444444454,138.0,71.736
SAI,2174.711944444445,152.0,71.736
SAI,2185.9119444444455,168.0,71.736
SAI,2195.7452777777785,177.0,71.736
SAI,2208.078611111112,185.0,71.736
SAI,2216.6119444444453,192.0,71.736
SAI,2239.167500000001,203.0,71.736
SAI,2250.8341666666674,210.0,71.736
SAI,2275.500833333334,222.0,71.736
SAI,2290.767500000001,229.0,71.736
SAI,2320.045000000001,239.0,71.736
SAI,2350.4783333333344,249.0,71.736
SAI,2369.9308333333347,251.0,71.736
SAI,2384.1530555555564,256.0,71.736
SAI,2407.3530555555562,261.0,71.736
SAI,2424.819722222223,262.0,71.736
SAI,2439.48638888889,264.0,71.736
SAI,2454.1530555555564,264.0,71.736
SAI,2468.3197222222234,255.0,71.736
SAI,2492.1530555555564,195.0,71.736
SAI,2502.597500000001,188.0,71.736
SAI,2516.5975000000008,180.0,71.736
SAI,2526.48638888889,178.0,71.736
SAI,2539.5530555555565,168.0,71.736
SAI,2559.719722222223,165.0,71.736
SAI,2571.0530555555565,170.0,71.736
SAI,2580.7752777777787,175.0,71.736
SAI,2603.997500000001,190.0,71.736
SAI,2626.441944444445,202.0,71.736
SAI,2645.3752777777786,213.0,71.736
SAI,2667.0752777777784,217.0,71.736
SAI,2687.1641666666674,226.0,71.736
SAI,2705.4291666666672,234.0,71.736
SAI,2732.4291666666672,243.0,71.736
SAI,2751.718055555556,248.0,71.736
SAI,2771.4030555555564,254.0,71.736
SAI,2782.7363888888895,255.0,71.736
SAI,2805.758611111112,259.0,71.736
SAI,2823.158611111112,261.0,71.736
SAI,2849.258611111112,261.0,71.736
SAI,2863.647500000001,259.0,71.736
SAI,2877.980833333334,258.0,71.736
SAI,2889.5363888888896,260.0,71.736
SAI,2906.8697222222227,260.0,71.736
SAI,2938.891944444445,262.0,71.736
SAI,2962.3586111111117,264.0,71.736
SAI,2980.091944444445,266.0,71.736
SAI,2994.9252777777783,267.0,71.736
SAI,3015.8475000000008,269.0,71.736
SAI,3031.0141666666673,273.0,71.736
SAI,3049.480833333334,277.0,71.736
SAI,3071.4141666666674,282.0,71.736
SAI,3090.4141666666674,285.0,71.736
SAI,3109.4808333333335,286.0,71.736
SAI,3138.6808333333342,292.0,71.736
SAI,3161.625277777778,295.0,71.736
SAI,3184.803055555556,298.0,71.736
SAI,3201.6088888888894,301.0,71.736
SAI,3218.386666666667,302.0,71.736
SAI,3245.4977777777785,305.0,71.736
SAI,3286.4788888888897,308.0,71.736
SAI,3307.1455555555567,310.0,71.736
SAI,3341.7011111111124,311.0,71.736
SAI,3358.923333333334,310.0,71.736
SAI,3376.0344444444454,308.0,71.736
SAI,3393.967777777779,269.0,71.736
SAI,3416.301111111112,201.0,71.736
SAI,3431.412222222223,170.0,71.736
SAI,3443.9344444444455,161.0,71.736
SAI,3456.823333333334,145.0,71.736
SAI,3468.823333333334,135.0,71.736
SAI,3474.6900000000005,132.0,71.736
SAI,3484.334444444445,124.0,71.736
SAI,3493.3566666666675,116.0,71.736
SAI,3499.6344444444453,113.0,71.736
SAI,3507.234444444445,114.0,71.736
SAI,3513.734444444445,117.0,71.736
SAI,3526.234444444445,125.0,71.736
SAI,3541.6788888888896,139.0,71.736
SAI,3558.944166666667,155.0,71.736
SAI,3566.2330555555563,164.0,71.736
SAI,3577.699722222223,172.0,71.736
SAI,3593.96638888889,183.0,71.736
SAI,3606.8330555555563,193.0,71.736
SAI,3617.8330555555563,198.0,71.736
SAI,3626.7105555555563,201.0,71.736
SAI,3643.04388888889,210.0,71.736
SAI,3669.5661111111117,217.0,71.736
SAI,3689.5661111111117,200.0,71.736
SAI,3702.1661111111116,189.0,71.736
SAI,3722.210555555556,164.0,71.736
SAI,3729.321666666667,160.0,71.736
SAI,3740.910555555556,149.0,71.736
SAI,3748.799444444445,142.0,71.736
SAI,3759.377222222223,136.0,71.736
SAI,3766.821666666667,134.0,71.736
SAI,3778.5550000000003,132.0,71.736
SAI,3792.255,137.0,71.736
SAI,3798.4327777777776,139.0,71.736
SAI,3807.966111111111,143.0,71.736
SAI,3816.188333333333,148.0,71.736
SAI,3828.399444444444,157.0,71.736
SAI,3835.421666666666,158.0,71.736
SAI,3846.688333333333,169.0,71.736
SAI,3862.777222222222,181.0,71.736
SAI,3877.685833333333,191.0,71.736
SAI,3886.3524999999995,195.0,71.736
SAI,3900.0191666666665,205.0,71.736
SAI,3911.6858333333334,210.0,71.736
SAI,3921.1524999999997,213.0,71.736
SAI,3933.2080555555553,217.0,71.736
SAI,3955.9447222222216,228.0,71.736
SAI,3979.6447222222214,237.0,71.736
SAI,3992.922499999999,239.0,71.736
SAI,4009.189166666666,244.0,71.736
SAI,4033.9891666666663,248.0,71.736
SAI,4056.3891666666664,252.0,71.736
SAI,4079.0558333333324,255.0,71.736
SAI,4093.2224999999994,255.0,71.736
SAI,4113.366944444444,259.0,71.736
SAI,4127.866944444444,261.0,71.736
SAI,4148.400277777778,264.0,71.736
SAI,4163.178055555556,266.0,71.736
SAI,4178.233611111111,271.0,71.736
SAI,4249.2780555555555,278.0,71.736
SAI,4273.544722222223,273.0,71.736
SAI,4285.633611111111,272.0,71.736
SAI,4309.278055555556,266.0,71.736
SAI,4341.740555555555,265.0,71.736
SAI,4356.462777777778,265.0,71.736
SAI,4383.162777777778,267.0,71.736
SAI,4409.962777777778,268.0,71.736
SAI,4425.018333333333,271.0,71.736
SAI,4443.142500000001,273.0,71.736
SAI,4461.475833333334,275.0,71.736
SAI,4473.7425,276.0,71.736
SAI,4489.131388888889,277.0,71.736
SAI,4517.131388888889,280.0,71.736
SAI,4535.8647222222235,281.0,71.736
SAI,4551.5313888888895,282.0,71.736
SAI,4567.3647222222235,285.0,71.736
SAI,4583.253611111112,286.0,71.736
SAI,4599.1980555555565,287.0,71.736
SAI,4618.464722222223,289.0,71.736
GAS,19.701111111111107,298.0,71.857
GAS,46.54555555555555,302.0,71.857
GAS,66.67888888888888,302.0,71.857
GAS,83.56777777777776,304.0,71.857
GAS,107.44555555555554,307.0,71.857
GAS,124.55666666666664,308.0,71.857
GAS,145.2233333333333,310.0,71.857
GAS,169.4122222222222,311.0,71.857
GAS,190.27888888888887,313.0,71.857
GAS,211.2788888888889,315.0,71.857
GAS,242.8788888888889,316.0,71.857
GAS,267.53444444444443,317.0,71.857
GAS,292.2677777777778,318.0,71.857
GAS,310.0227777777778,318.0,71.857
GAS,327.745,319.0,71.857
GAS,356.10055555555556,319.0,71.857
GAS,398.67833333333334,320.0,71.857
GAS,420.0783333333334,321.0,71.857
GAS,455.74500000000006,321.0,71.857
GAS,473.63388888888886,322.0,71.857
GAS,491.5783333333333,323.0,71.857
GAS,513.1783333333333,324.0,71.857
GAS,549.1783333333333,324.0,71.857
GAS,577.9783333333334,324.0,71.857
GAS,603.1783333333334,324.0,71.857
GAS,631.9783333333335,324.0,71.857
GAS,660.7783333333334,324.0,71.857
GAS,675.1783333333334,324.0,71.857
GAS,700.3783333333334,324.0,71.857
GAS,725.5005555555556,323.0,71.857
GAS,741.8894444444446,295.0,71.857
GAS,758.622777777778,251.0,71.857
GAS,771.233888888889,227.0,71.857
GAS,791.133888888889,199.0,71.857
GAS,810.8005555555557,177.0,71.857
GAS,829.2911111111111,166.0,71.857
GAS,836.58,164.0,71.857
GAS,847.2466666666667,160.0,71.857
GAS,861.7355555555556,163.0,71.857
GAS,872.9355555555557,168.0,71.857
GAS,882.4911111111112,172.0,71.857
GAS,890.4852777777779,181.0,71.857
GAS,905.2630555555556,190.0,71.857
GAS,929.7075000000001,200.0,71.857
GAS,950.5075000000002,208.0,71.857
GAS,964.9075000000001,216.0,71.857
GAS,992.1630555555556,223.0,71.857
GAS,1002.2519444444445,227.0,71.857
GAS,1020.5297222222222,235.0,71.857
GAS,1033.7519444444445,238.0,71.857
GAS,1052.496388888889,241.0,71.857
GAS,1065.996388888889,243.0,71.857
GAS,1088.0408333333335,248.0,71.857
GAS,1113.0408333333335,250.0,71.857
GAS,1124.196388888889,251.0,71.857
GAS,1141.0630555555558,253.0,71.857
GAS,1155.174166666667,254.0,71.857
GAS,1175.085277777778,256.0,71.857
GAS,1186.4630555555557,256.0,71.857
GAS,1203.6630555555557,258.0,71.857
GAS,1226.7741666666668,260.0,71.857
GAS,1247.1466666666668,261.0,71.857
GAS,1258.8355555555556,263.0,71.857
GAS,1276.4355555555558,264.0,71.857
GAS,1291.2133333333336,266.0,71.857
GAS,1303.1244444444446,268.0,71.857
GAS,1318.0133333333335,268.0,71.857
GAS,1345.137777777778,272.0,71.857
GAS,1372.6377777777782,275.0,71.857
GAS,1388.026666666667,277.0,71.857
GAS,1406.5600000000004,278.0,71.857
GAS,1434.6600000000003,281.0,71.857
GAS,1459.8155555555559,283.0,71.857
GAS,1485.1488888888891,285.0,71.857
GAS,1501.0933333333335,287.0,71.857
GAS,1523.4933333333336,288.0,71.857
GAS,1539.548888888889,289.0,71.857
GAS,1562.1044444444447,290.0,71.857
GAS,1578.2155555555557,290.0,71.857
GAS,1594.2711111111112,289.0,71.857
GAS,1647.4266666666667,208.0,71.857
GAS,1664.4933333333333,192.0,71.857
GAS,1672.6266666666668,183.0,71.857
GAS,1688.0044444444445,173.0,71.857
GAS,1707.9719444444445,163.0,71.857
GAS,1716.7497222222223,158.0,71.857
GAS,1732.9497222222224,162.0,71.857
GAS,1749.8497222222225,169.0,71.857
GAS,1759.5719444444446,175.0,71.857
GAS,1771.3891666666666,178.0,71.857
GAS,1783.9225000000001,188.0,71.857
GAS,1792.5447222222224,194.0,71.857
GAS,1803.6558333333335,200.0,71.857
GAS,1824.2558333333334,206.0,71.857
GAS,1838.6558333333335,216.0,71.857
GAS,1850.8780555555556,220.0,71.857
GAS,1863.3780555555556,225.0,71.857
GAS,1875.933611111111,226.0,71.857
GAS,1888.8780555555554,233.0,71.857
GAS,1904.6780555555556,237.0,71.857
GAS,1937.4780555555556,246.0,71.857
GAS,1951.3669444444445,250.0,71.857
GAS,1965.4225,253.0,71.857
GAS,1993.7558333333334,255.0,71.857
GAS,2004.9558333333334,252.0,71.857
GAS,2019.9558333333334,225.0,71.857
GAS,2031.0113888888889,199.0,71.857
GAS,2039.0113888888889,180.0,71.857
GAS,2049.9447222222225,164.0,71.857
GAS,2058.333611111111,151.0,71.857
GAS,2069.1052777777777,138.0,71.857
GAS,2076.771944444444,138.0,71.857
GAS,2086.649722222222,127.0,71.857
GAS,2094.8497222222218,123.0,71.857
GAS,2104.1830555555553,120.0,71.857
GAS,2116.738611111111,113.0,71.857
GAS,2123.2061111111107,117.0,71.857
GAS,2131.406111111111,123.0,71.857
GAS,2148.5172222222222,140.0,71.857
GAS,2154.9172222222223,144.0,71.857
GAS,2163.250555555556,150.0,71.857
GAS,2174.583888888889,170.0,71.857
GAS,2182.3172222222224,174.0,71.857
GAS,2199.206111111111,190.0,71.857
GAS,2212.4061111111114,198.0,71.857
GAS,2228.583888888889,208.0,71.857
GAS,2240.472777777778,214.0,71.857
GAS,2250.117222222222,217.0,71.857
GAS,2260.0283333333336,223.0,71.857
GAS,2285.9172222222223,233.0,71.857
GAS,2299.139444444445,238.0,71.857
GAS,2320.917222222223,245.0,71.857
GAS,2334.695,248.0,71.857
GAS,2351.561666666667,253.0,71.857
GAS,2368.6283333333336,256.0,71.857
GAS,2383.0172222222222,259.0,71.857
GAS,2394.572777777778,260.0,71.857
GAS,2406.3347222222224,263.0,71.857
GAS,2426.868055555555,264.0,71.857
GAS,2438.601388888889,264.0,71.857
GAS,2460.645833333333,248.0,71.857
GAS,2482.756944444444,199.0,71.857
GAS,2499.290277777777,186.0,71.857
GAS,2520.386666666666,173.0,71.857
GAS,2529.7199999999993,168.0,71.857
GAS,2536.919999999999,162.0,71.857
GAS,2549.597777777777,163.0,71.857
GAS,2566.597777777777,170.0,71.857
GAS,2578.6644444444437,181.0,71.857
GAS,2595.7311111111103,192.0,71.857
GAS,2608.8644444444435,197.0,71.857
GAS,2617.9311111111106,204.0,71.857
GAS,2631.7311111111107,207.0,71.857
GAS,2651.2866666666664,220.0,71.857
GAS,2676.7311111111107,229.0,71.857
GAS,2689.675555555555,233.0,71.857
GAS,2700.12,235.0,71.857
GAS,2713.3977777777777,239.0,71.857
GAS,2729.5977777777775,243.0,71.857
GAS,2740.5755555555556,247.0,71.857
GAS,2751.6866666666665,250.0,71.857
GAS,2776.9866666666667,253.0,71.857
GAS,2791.32,258.0,71.857
GAS,2817.3922222222222,260.0,71.857
GAS,2828.947777777778,260.0,71.857
GAS,2849.247777777778,261.0,71.857
GAS,2860.847777777778,261.0,71.857
GAS,2875.347777777778,261.0,71.857
GAS,2895.57,260.0,71.857
GAS,2924.57,261.0,71.857
GAS,2936.1858333333334,263.0,71.857
GAS,2950.7413888888887,262.0,71.857
GAS,2986.341388888889,267.0,71.857
GAS,3007.2636111111115,269.0,71.857
GAS,3028.5747222222226,274.0,71.857
GAS,3050.1969444444444,278.0,71.857
GAS,3062.641388888889,280.0,71.857
GAS,3075.174722222222,282.0,71.857
GAS,3090.9525,284.0,71.857
GAS,3103.6636111111106,286.0,71.857
GAS,3119.663611111111,288.0,71.857
GAS,3142.3747222222223,292.0,71.857
GAS,3155.441388888889,294.0,71.857
GAS,3168.5525000000002,295.0,71.857
GAS,3184.996944444444,296.0,71.857
GAS,3201.5525,298.0,71.857
GAS,3221.6191666666664,301.0,71.857
GAS,3248.5525,303.0,71.857
GAS,3282.5525,306.0,71.857
GAS,3310.015833333333,308.0,71.857
GAS,3323.7047222222222,308.0,71.857
GAS,3347.660277777778,308.0,71.857
GAS,3373.460277777778,258.0,71.857
GAS,3387.7269444444446,214.0,71.857
GAS,3400.526944444445,192.0,71.857
GAS,3408.4380555555563,178.0,71.857
GAS,3415.9936111111115,170.0,71.857
GAS,3426.326944444445,155.0,71.857
GAS,3439.4413888888894,148.0,71.857
GAS,3445.7525000000005,142.0,71.857
GAS,3456.408055555556,137.0,71.857
GAS,3469.408055555556,130.0,71.857
GAS,3484.4413888888894,123.0,71.857
GAS,3491.1636111111115,121.0,71.857
GAS,3506.685833333334,127.0,71.857
GAS,3513.9636111111117,131.0,71.857
GAS,3522.830277777778,133.0,71.857
GAS,3535.7191666666668,145.0,71.857
GAS,3542.519166666667,153.0,71.857
GAS,3551.519166666667,162.0,71.857
GAS,3571.296944444445,178.0,71.857
GAS,3581.5191666666674,184.0,71.857
GAS,3603.5191666666674,198.0,71.857
GAS,3617.0525000000007,203.0,71.857
GAS,3645.7788888888895,215.0,71.857
GAS,3657.556666666667,212.0,71.857
GAS,3666.534444444445,202.0,71.857
GAS,3686.4233333333336,179.0,71.857
GAS,3695.8122222222228,169.0,71.857
GAS,3706.4788888888893,160.0,71.857
GAS,3714.9788888888893,153.0,71.857
GAS,3721.5566666666673,148.0,71.857
GAS,3732.756666666667,144.0,71.857
GAS,3747.719166666667,135.0,71.857
GAS,3755.0525000000007,132.0,71.857
GAS,3763.985833333334,134.0,71.857
GAS,3779.3191666666676,138.0,71.857
GAS,3790.5969444444454,145.0,71.857
GAS,3804.019166666668,151.0,71.857
GAS,3814.0858333333344,151.0,71.857
GAS,3825.152500000001,166.0,71.857
GAS,3838.608055555557,173.0,71.857
GAS,3857.408055555557,188.0,71.857
GAS,3870.2747222222238,193.0,71.857
GAS,3888.674722222224,207.0,71.857
GAS,3898.008055555557,210.0,71.857
GAS,3907.5636111111126,215.0,71.857
GAS,3922.0969444444454,218.0,71.857
GAS,3953.3619444444457,234.0,71.857
GAS,3974.6063888888903,239.0,71.857
GAS,3990.8063888888905,243.0,71.857
GAS,4007.20638888889,246.0,71.857
GAS,4021.0952777777793,250.0,71.857
GAS,4046.5952777777798,255.0,71.857
GAS,4057.928611111113,255.0,71.857
GAS,4072.2063888888906,257.0,71.857
GAS,4092.428611111113,260.0,71.857
GAS,4104.028611111113,261.0,71.857
GAS,4115.556111111112,261.0,71.857
GAS,4136.167222222223,265.0,71.857
GAS,4169.167222222223,270.0,71.857
GAS,4199.500555555557,273.0,71.857
GAS,4214.667222222224,273.0,71.857
GAS,4251.467222222224,276.0,71.857
GAS,4266.8005555555565,276.0,71.857
GAS,4278.889444444446,272.0,71.857
GAS,4306.089444444446,272.0,71.857
GAS,4324.156111111112,271.0,71.857
GAS,4351.256111111113,271.0,71.857
GAS,4372.33388888889,271.0,71.857
GAS,4396.422777777779,271.0,71.857
GAS,4411.53388888889,272.0,71.857
GAS,4429.742777777779,272.0,71.857
GAS,4451.131666666668,275.0,71.857
GAS,4472.676111111113,277.0,71.857
GAS,4497.653888888891,281.0,71.857
GAS,4513.320555555557,282.0,71.857
GAS,4532.253888888891,284.0,71.857
GAS,4554.420555555558,285.0,71.857
GAS,4580.020555555558,288.0,71.857
GAS,4596.131666666669,290.0,71.857
GAS,4631.983333333335,294.0,71.857
PER,33.723333333333336,302.0,72.054
PER,57.44555555555556,305.0,72.054
PER,74.44555555555556,306.0,72.054
PER,94.84555555555556,306.0,72.054
PER,129.4011111111111,311.0,72.054
PER,153.74555555555554,313.0,72.054
PER,181.65666666666664,314.0,72.054
PER,202.56916666666666,315.0,72.054
PER,220.1247222222222,316.0,72.054
PER,251.91277777777776,317.0,72.054
PER,276.56833333333327,317.0,72.054
PER,297.7683333333333,318.0,72.054
PER,319.03499999999997,319.0,72.054
PER,333.2127777777778,319.0,72.054
PER,347.43499999999995,320.0,72.054
PER,365.2683333333333,321.0,72.054
PER,383.1016666666667,321.0,72.054
PER,397.4127777777778,322.0,72.054
PER,422.4572222222222,322.0,72.054
PER,440.40166666666664,323.0,72.054
PER,454.7572222222222,323.0,72.054
PER,483.5572222222222,324.0,72.054
PER,512.3572222222222,324.0,72.054
PER,534.0238888888889,325.0,72.054
PER,555.6905555555556,325.0,72.054
PER,595.4127777777778,325.0,72.054
PER,631.5238888888889,325.0,72.054
PER,649.635,326.0,72.054
PER,671.3683333333333,326.0,72.054
PER,700.3461111111111,326.0,72.054
PER,718.4016666666666,325.0,72.054
PER,737.535,287.0,72.054
PER,749.535,270.0,72.054
PER,765.0683333333333,233.0,72.054
PER,781.5758333333333,213.0,72.054
PER,792.575,197.0,72.054
PER,813.2416666666667,186.0,72.054
PER,825.9972222222223,164.0,72.054
PER,841.4972222222223,155.0,72.054
PER,852.0972222222223,159.0,72.054
PER,860.9305555555555,159.0,72.054
PER,872.3305555555555,171.0,72.054
PER,886.4083333333333,181.0,72.054
PER,894.6305555555555,185.0,72.054
PER,911.4305555555555,189.0,72.054
PER,933.7638888888889,201.0,72.054
PER,947.6305555555556,208.0,72.054
PER,969.0305555555556,214.0,72.054
PER,993.8083333333334,223.0,72.054
PER,1006.4194444444445,227.0,72.054
PER,1022.0194444444445,234.0,72.054
PER,1037.8194444444446,237.0,72.054
PER,1059.1527777777778,240.0,72.054
PER,1075.4194444444445,244.0,72.054
PER,1099.9194444444445,245.0,72.054
PER,1116.5194444444444,249.0,72.054
PER,1130.4083333333333,250.0,72.054
PER,1144.3527777777776,251.0,72.054
PER,1166.7713888888886,253.0,72.054
PER,1189.5088888888886,255.0,72.054
PER,1200.8866666666663,256.0,72.054
PER,1220.9533333333331,258.0,72.054
PER,1235.342222222222,259.0,72.054
PER,1261.342222222222,260.0,72.054
PER,1275.9533333333334,263.0,72.054
PER,1290.62,264.0,72.054
PER,1308.353333333333,266.0,72.054
PER,1323.1311111111108,266.0,72.054
PER,1335.0866666666664,269.0,72.054
PER,1359.1755555555553,271.0,72.054
PER,1371.3088888888888,273.0,72.054
PER,1386.5866666666666,275.0,72.054
PER,1420.5644444444445,278.0,72.054
PER,1432.9644444444446,279.0,72.054
PER,1454.897777777778,282.0,72.054
PER,1467.4311111111112,282.0,72.054
PER,1492.7644444444445,285.0,72.054
PER,1524.6533333333332,287.0,72.054
PER,1537.4533333333331,288.0,72.054
PER,1560.0088888888888,290.0,72.054
PER,1592.4533333333331,292.0,72.054
PER,1610.853333333333,276.0,72.054
PER,1624.7422222222222,250.0,72.054
PER,1644.2088888888889,219.0,72.054
PER,1659.7419444444442,199.0,72.054
PER,1676.0463888888887,184.0,72.054
PER,1683.9130555555553,177.0,72.054
PER,1697.2130555555552,171.0,72.054
PER,1709.8130555555551,162.0,72.054
PER,1716.9241666666662,160.0,72.054
PER,1725.8130555555551,160.0,72.054
PER,1738.101944444444,158.0,72.054
PER,1750.8574999999996,164.0,72.054
PER,1766.2352777777774,173.0,72.054
PER,1786.9019444444439,186.0,72.054
PER,1797.5686111111106,192.0,72.054
PER,1806.324166666666,197.0,72.054
PER,1817.5463888888885,202.0,72.054
PER,1836.1241666666663,209.0,72.054
PER,1860.4574999999995,219.0,72.054
PER,1870.2797222222218,221.0,72.054
PER,1893.2797222222218,230.0,72.054
PER,1914.2574999999997,236.0,72.054
PER,1935.679722222222,241.0,72.054
PER,1954.8908333333331,247.0,72.054
PER,1966.0463888888887,251.0,72.054
PER,1977.2463888888888,252.0,72.054
PER,1997.1574999999998,256.0,72.054
PER,2012.8241666666665,235.0,72.054
PER,2024.2130555555555,205.0,72.054
PER,2034.4863888888888,184.0,72.054
PER,2047.5063888888888,168.0,72.054
PER,2056.1175,155.0,72.054
PER,2069.8174999999997,137.0,72.054
PER,2075.5952777777775,130.0,72.054
PER,2081.239722222222,127.0,72.054
PER,2091.9952777777776,121.0,72.054
PER,2098.439722222222,116.0,72.054
PER,2104.7174999999997,113.0,72.054
PER,2109.6063888888884,110.0,72.054
PER,2121.939722222222,111.0,72.054
PER,2128.439722222222,117.0,72.054
PER,2141.539722222222,131.0,72.054
PER,2154.2508333333326,143.0,72.054
PER,2162.7508333333326,153.0,72.054
PER,2171.8063888888883,163.0,72.054
PER,2189.406388888888,176.0,72.054
PER,2204.0286111111104,188.0,72.054
PER,2212.739722222221,196.0,72.054
PER,2221.4508333333324,196.0,72.054
PER,2237.3952777777763,205.0,72.054
PER,2256.773055555554,218.0,72.054
PER,2271.773055555554,225.0,72.054
PER,2284.550833333332,230.0,72.054
PER,2305.350833333332,234.0,72.054
PER,2324.1730555555537,242.0,72.054
PER,2343.530833333332,248.0,72.054
PER,2357.4752777777762,251.0,72.054
PER,2388.693055555554,256.0,72.054
PER,2408.9152777777763,260.0,72.054
PER,2426.4486111111096,263.0,72.054
PER,2450.0041666666652,265.0,72.054
PER,2460.937499999998,246.0,72.054
PER,2485.1374999999985,198.0,72.054
PER,2502.8374999999983,177.0,72.054
PER,2514.1708333333313,170.0,72.054
PER,2521.548611111109,166.0,72.054
PER,2533.837499999998,158.0,72.054
PER,2549.837499999998,160.0,72.054
PER,2560.8374999999974,165.0,72.054
PER,2568.393055555553,170.0,72.054
PER,2590.6374999999975,182.0,72.054
PER,2608.2374999999975,198.0,72.054
PER,2619.5152777777753,203.0,72.054
PER,2636.081944444442,213.0,72.054
PER,2653.2708333333308,221.0,72.054
PER,2665.826388888886,226.0,72.054
PER,2686.448611111108,232.0,72.054
PER,2699.615277777775,237.0,72.054
PER,2715.6819444444413,241.0,72.054
PER,2729.361111111108,245.0,72.054
PER,2743.138888888886,248.0,72.054
PER,2768.5680555555527,255.0,72.054
PER,2800.3458333333306,260.0,72.054
PER,2817.7458333333307,261.0,72.054
PER,2832.24583333333,261.0,72.054
PER,2858.44583333333,262.0,72.054
PER,2890.4680555555524,262.0,72.054
PER,2908.0013888888852,263.0,72.054
PER,2940.268055555552,264.0,72.054
PER,2952.0458333333295,265.0,72.054
PER,2969.779166666663,266.0,72.054
PER,2984.668055555552,268.0,72.054
PER,2999.6680555555517,270.0,72.054
PER,3011.8013888888854,273.0,72.054
PER,3039.8013888888854,280.0,72.054
PER,3061.812499999997,283.0,72.054
PER,3077.64583333333,285.0,72.054
PER,3090.44583333333,288.0,72.054
PER,3113.079166666663,291.0,72.054
PER,3126.0124999999966,291.0,72.054
PER,3139.0791666666632,294.0,72.054
PER,3178.94583333333,299.0,72.054
PER,3209.2458333333298,303.0,72.054
PER,3226.219166666663,304.0,72.054
PER,3250.096944444441,307.0,72.054
PER,3267.152499999996,307.0,72.054
PER,3294.5333333333297,309.0,72.054
PER,3308.311111111107,310.0,72.054
PER,3329.111111111107,312.0,72.054
PER,3346.555555555552,314.0,72.054
PER,3369.755555555552,261.0,72.054
PER,3380.5555555555516,243.0,72.054
PER,3394.2222222222185,205.0,72.054
PER,3413.666666666663,175.0,72.054
PER,3428.5111111111073,167.0,72.054
PER,3436.6222222222186,146.0,72.054
PER,3444.2333333333295,137.0,72.054
PER,3453.0333333333297,132.0,72.054
PER,3464.144444444441,125.0,72.054
PER,3477.0333333333297,116.0,72.054
PER,3490.1444444444405,118.0,72.054
PER,3496.9222222222184,122.0,72.054
PER,3508.388888888885,129.0,72.054
PER,3514.166666666663,130.0,72.054
PER,3526.344444444441,137.0,72.054
PER,3541.344444444441,150.0,72.054
PER,3550.0111111111078,156.0,72.054
PER,3565.03333333333,169.0,72.054
PER,3580.7266666666633,176.0,72.054
PER,3590.8933333333302,183.0,72.054
PER,3603.959999999997,196.0,72.054
PER,3619.769999999997,204.0,72.054
PER,3633.769999999997,210.0,72.054
PER,3648.169999999997,216.0,72.054
PER,3662.30333333333,212.0,72.054
PER,3673.247777777775,197.0,72.054
PER,3683.0255555555523,176.0,72.054
PER,3692.4144444444414,169.0,72.054
PER,3702.6811111111083,154.0,72.054
PER,3717.0811111111084,144.0,72.054
PER,3727.814444444442,138.0,72.054
PER,3738.314444444442,135.0,72.054
PER,3746.9811111111085,130.0,72.054
PER,3754.036666666664,127.0,72.054
PER,3765.59222222222,130.0,72.054
PER,3776.09222222222,135.0,72.054
PER,3792.2033333333306,145.0,72.054
PER,3802.2033333333306,150.0,72.054
PER,3809.136666666664,156.0,72.054
PER,3816.2033333333306,159.0,72.054
PER,3833.8033333333306,176.0,72.054
PER,3841.892222222219,182.0,72.054
PER,3865.481111111108,193.0,72.054
PER,3888.3158333333304,205.0,72.054
PER,3907.604722222219,217.0,72.054
PER,3927.51583333333,224.0,72.054
PER,3945.41833333333,231.0,72.054
PER,3963.6961111111077,235.0,72.054
PER,3976.8627777777747,237.0,72.054
PER,3990.1961111111077,240.0,72.054
PER,4003.6961111111077,243.0,72.054
PER,4028.5961111111083,249.0,72.054
PER,4045.3294444444414,251.0,72.054
PER,4059.3294444444414,252.0,72.054
PER,4090.61833333333,256.0,72.054
PER,4107.884999999997,259.0,72.054
PER,4134.084999999996,262.0,72.054
PER,4166.840555555552,268.0,72.054
PER,4187.918333333329,271.0,72.054
PER,4215.21833333333,273.0,72.054
PER,4236.451666666663,273.0,72.054
PER,4251.61833333333,273.0,72.054
PER,4275.70722222222,271.0,72.054
PER,4293.773888888886,271.0,72.054
PER,4314.851666666664,271.0,72.054
PER,4329.796111111108,269.0,72.054
PER,4350.949166666663,271.0,72.054
PER,4365.949166666663,270.0,72.054
PER,4381.004722222218,271.0,72.054
PER,4393.093611111107,272.0,72.054
PER,4411.22694444444,272.0,72.054
PER,4448.08333333333,277.0,72.054
PER,4460.48333333333,279.0,72.054
PER,4479.216666666663,281.0,72.054
PER,4507.516666666663,283.0,72.054
PER,4523.349999999997,285.0,72.054
PER,4539.294444444441,287.0,72.054
PER,4552.094444444441,288.0,72.054
PER,4571.427777777774,290.0,72.054
PER,4590.961111111108,293.0,72.054
PER,4604.027777777775,294.0,72.054
PER,4623.827777777774,297.0,72.054
OCO,11.839999999999998,296.0,72.109
OCO,31.706666666666663,298.0,72.109
OCO,48.37333333333332,300.0,72.109
OCO,75.30666666666666,303.0,72.109
OCO,92.19555555555556,304.0,72.109
OCO,112.59555555555556,306.0,72.109
OCO,139.97333333333333,308.0,72.109
OCO,171.07333333333332,311.0,72.109
OCO,188.40666666666667,312.0,72.109
OCO,202.2733333333333,312.0,72.109
OCO,216.18444444444444,313.0,72.109
OCO,233.6288888888889,314.0,72.109
OCO,251.07333333333332,314.0,72.109
OCO,272.0733333333333,315.0,72.109
OCO,286.11777777777775,316.0,72.109
OCO,310.7733333333333,317.0,72.109
OCO,324.86222222222216,317.0,72.109
OCO,349.5955555555555,318.0,72.109
OCO,377.86249999999995,319.0,72.109
OCO,392.0847222222222,320.0,72.109
OCO,406.3069444444444,320.0,72.109
OCO,441.97361111111104,321.0,72.109
OCO,470.68527777777774,322.0,72.109
OCO,488.57416666666654,322.0,72.109
OCO,506.46305555555546,322.0,72.109
OCO,531.5852777777777,323.0,72.109
OCO,553.118611111111,323.0,72.109
OCO,578.2408333333332,323.0,72.109
OCO,592.5963888888888,323.0,72.109
OCO,617.7963888888888,324.0,72.109
OCO,642.9963888888889,324.0,72.109
OCO,660.9963888888888,324.0,72.109
OCO,689.7963888888888,324.0,72.109
OCO,711.2630555555554,322.0,72.109
OCO,743.9297222222222,294.0,72.109
OCO,764.5519444444444,232.0,72.109
OCO,776.3852777777777,213.0,72.109
OCO,789.8519444444444,202.0,72.109
OCO,798.3852777777777,192.0,72.109
OCO,816.3852777777778,180.0,72.109
OCO,827.9852777777777,174.0,72.109
OCO,844.4852777777778,165.0,72.109
OCO,855.2186111111112,161.0,72.109
OCO,871.6727777777778,165.0,72.109
OCO,889.7727777777778,181.0,72.109
OCO,897.9061111111112,183.0,72.109
OCO,910.5061111111112,189.0,72.109
OCO,919.0480555555556,191.0,72.109
OCO,932.1147222222223,196.0,72.109
OCO,950.2480555555557,204.0,72.109
OCO,971.3480555555557,211.0,72.109
OCO,990.8147222222224,219.0,72.109
OCO,1003.3147222222224,225.0,72.109
OCO,1018.6480555555557,230.0,72.109
OCO,1031.6480555555559,234.0,72.109
OCO,1047.4480555555558,237.0,72.109
OCO,1058.1147222222226,240.0,72.109
OCO,1079.7147222222225,243.0,72.109
OCO,1104.4147222222225,247.0,72.109
OCO,1123.8591666666669,250.0,72.109
OCO,1143.4591666666668,252.0,72.109
OCO,1163.2147222222225,254.0,72.109
OCO,1183.1258333333335,256.0,72.109
OCO,1206.0591666666667,258.0,72.109
OCO,1226.2036111111113,259.0,72.109
OCO,1255.2036111111115,261.0,72.109
OCO,1266.8480555555557,262.0,72.109
OCO,1299.2369444444446,265.0,72.109
OCO,1311.0736111111112,268.0,72.109
OCO,1329.0069444444446,269.0,72.109
OCO,1353.1847222222223,272.0,72.109
OCO,1368.4272222222223,273.0,72.109
OCO,1386.8272222222222,276.0,72.109
OCO,1399.0938888888888,276.0,72.109
OCO,1423.8938888888888,279.0,72.109
OCO,1455.3383333333331,283.0,72.109
OCO,1471.1161111111112,284.0,72.109
OCO,1487.005,286.0,72.109
OCO,1509.3272222222222,287.0,72.109
OCO,1538.2272222222225,289.0,72.109
OCO,1551.1161111111114,290.0,72.109
OCO,1586.5605555555558,290.0,72.109
OCO,1599.4050000000002,289.0,72.109
OCO,1617.3383333333336,269.0,72.109
OCO,1628.271666666667,246.0,72.109
OCO,1640.9383333333335,228.0,72.109
OCO,1657.505,213.0,72.109
OCO,1666.4383333333335,201.0,72.109
OCO,1677.382777777778,197.0,72.109
OCO,1685.6938888888892,187.0,72.109
OCO,1695.471666666667,176.0,72.109
OCO,1710.4938888888892,169.0,72.109
OCO,1717.9161111111114,167.0,72.109
OCO,1732.3161111111115,162.0,72.109
OCO,1748.8161111111115,165.0,72.109
OCO,1762.0686111111115,171.0,72.109
OCO,1771.9019444444448,177.0,72.109
OCO,1788.5761111111115,187.0,72.109
OCO,1799.242777777778,192.0,72.109
OCO,1807.9983333333334,197.0,72.109
OCO,1816.8427777777779,199.0,72.109
OCO,1833.0205555555556,208.0,72.109
OCO,1847.153888888889,212.0,72.109
OCO,1874.165,221.0,72.109
OCO,1884.2094444444444,226.0,72.109
OCO,1896.9872222222225,230.0,72.109
OCO,1907.342777777778,233.0,72.109
OCO,1920.5650000000003,238.0,72.109
OCO,1934.0094444444446,242.0,72.109
OCO,1950.4094444444445,246.0,72.109
OCO,1961.476111111111,249.0,72.109
OCO,1978.4094444444445,254.0,72.109
OCO,1989.7872222222222,256.0,72.109
OCO,2015.187222222222,254.0,72.109
OCO,2053.2205555555556,163.0,72.109
OCO,2064.4983333333334,145.0,72.109
OCO,2072.053888888889,136.0,72.109
OCO,2080.653888888889,129.0,72.109
OCO,2093.9872222222225,120.0,72.109
OCO,2102.931666666667,115.0,72.109
OCO,2112.8872222222226,112.0,72.109
OCO,2120.3227777777784,112.0,72.109
OCO,2126.7672222222227,116.0,72.109
OCO,2139.0011111111116,122.0,72.109
OCO,2149.578888888889,136.0,72.109
OCO,2159.445555555556,148.0,72.109
OCO,2169.9122222222227,157.0,72.109
OCO,2177.1566666666668,163.0,72.109
OCO,2184.756666666667,171.0,72.109
OCO,2194.7011111111115,179.0,72.109
OCO,2205.1455555555563,188.0,72.109
OCO,2213.6788888888896,192.0,72.109
OCO,2229.390000000001,202.0,72.109
OCO,2241.1677777777786,212.0,72.109
OCO,2250.7677777777785,216.0,72.109
OCO,2270.6788888888896,224.0,72.109
OCO,2291.390000000001,233.0,72.109
OCO,2307.2566666666676,238.0,72.109
OCO,2323.3900000000012,242.0,72.109
OCO,2353.9455555555564,250.0,72.109
OCO,2382.501111111112,257.0,72.109
OCO,2396.8900000000012,259.0,72.109
OCO,2414.356666666668,262.0,72.109
OCO,2437.7344444444457,263.0,72.109
OCO,2452.3455555555565,263.0,72.109
OCO,2469.545555555557,258.0,72.109
OCO,2481.012222222223,258.0,72.109
OCO,2494.1455555555567,197.0,72.109
OCO,2508.638055555557,187.0,72.109
OCO,2518.6322222222234,179.0,72.109
OCO,2536.7433333333347,163.0,72.109
OCO,2549.265555555557,161.0,72.109
OCO,2565.765555555557,165.0,72.109
OCO,2577.365555555557,174.0,72.109
OCO,2587.365555555557,180.0,72.109
OCO,2600.0988888888905,191.0,72.109
OCO,2615.6544444444457,200.0,72.109
OCO,2624.676666666668,203.0,72.109
OCO,2643.4322222222236,211.0,72.109
OCO,2667.9877777777792,221.0,72.109
OCO,2683.054444444446,226.0,72.109
OCO,2706.554444444446,235.0,72.109
OCO,2733.4433333333345,242.0,72.109
OCO,2747.1100000000015,246.0,72.109
OCO,2763.8433333333346,251.0,72.109
OCO,2780.643333333335,252.0,72.109
OCO,2803.576666666668,258.0,72.109
OCO,2820.9100000000017,260.0,72.109
OCO,2846.9100000000017,260.0,72.109
OCO,2864.1766666666686,259.0,72.109
OCO,2878.621111111113,260.0,72.109
OCO,2893.0655555555577,260.0,72.109
OCO,2916.1044444444465,260.0,72.109
OCO,2939.2877777777803,260.0,72.109
OCO,2950.8877777777802,261.0,72.109
OCO,2971.343333333336,263.0,72.109
OCO,2986.0655555555586,265.0,72.109
OCO,3012.865555555559,268.0,72.109
OCO,3027.921111111114,271.0,72.109
OCO,3043.1433333333366,274.0,72.109
OCO,3061.743333333337,279.0,72.109
OCO,3077.2433333333365,279.0,72.109
OCO,3089.8211111111145,283.0,72.109
OCO,3115.3322222222255,287.0,72.109
OCO,3128.1766666666695,289.0,72.109
OCO,3144.3433333333364,291.0,72.109
OCO,3180.3988888888916,295.0,72.109
OCO,3193.598888888892,297.0,72.109
OCO,3217.0100000000025,301.0,72.109
OCO,3230.3877777777807,301.0,72.109
OCO,3257.321111111114,303.0,72.109
OCO,3291.321111111114,306.0,72.109
OCO,3305.0100000000034,308.0,72.109
OCO,3329.0433333333362,309.0,72.109
OCO,3363.265555555559,308.0,72.109
OCO,3381.132222222225,268.0,72.109
OCO,3394.298888888892,237.0,72.109
OCO,3411.987777777781,199.0,72.109
OCO,3425.335277777781,171.0,72.109
OCO,3438.3611111111145,147.0,72.109
OCO,3444.7611111111146,144.0,72.109
OCO,3455.41666666667,137.0,72.109
OCO,3465.683333333337,132.0,72.109
OCO,3471.41666666667,129.0,72.109
OCO,3478.472222222226,127.0,72.109
OCO,3488.0388888888924,123.0,72.109
OCO,3497.294444444448,119.0,72.109
OCO,3508.1388888888923,122.0,72.109
OCO,3522.250000000003,127.0,72.109
OCO,3529.527777777781,131.0,72.109
OCO,3535.6611111111147,138.0,72.109
OCO,3543.7722222222255,146.0,72.109
OCO,3557.81666666667,158.0,72.109
OCO,3576.3722222222254,167.0,72.109
OCO,3584.461111111114,182.0,72.109
OCO,3603.761111111114,193.0,72.109
OCO,3621.627777777781,201.0,72.109
OCO,3640.205555555559,209.0,72.109
OCO,3656.927777777781,215.0,72.109
OCO,3666.4833333333363,215.0,72.109
OCO,3675.7722222222255,209.0,72.109
OCO,3690.6277777777814,191.0,72.109
OCO,3702.294444444448,175.0,72.109
OCO,3711.6277777777814,168.0,72.109
OCO,3720.616944444448,161.0,72.109
OCO,3732.551944444448,154.0,72.109
OCO,3740.829722222226,149.0,72.109
OCO,3755.5297222222257,147.0,72.109
OCO,3761.751944444448,140.0,72.109
OCO,3767.885277777781,138.0,72.109
OCO,3779.707500000003,133.0,72.109
OCO,3787.207500000003,135.0,72.109
OCO,3794.8741666666697,138.0,72.109
OCO,3801.0519444444476,139.0,72.109
OCO,3817.6075000000033,149.0,72.109
OCO,3826.163055555559,154.0,72.109
OCO,3842.8630555555587,167.0,72.109
OCO,3858.7741666666698,179.0,72.109
OCO,3869.107500000003,186.0,72.109
OCO,3879.7741666666698,192.0,72.109
OCO,3899.9741666666696,202.0,72.109
OCO,3916.3852777777806,211.0,72.109
OCO,3926.029722222225,217.0,72.109
OCO,3935.8963888888916,222.0,72.109
OCO,3953.629722222225,228.0,72.109
OCO,3974.6075000000023,236.0,72.109
OCO,3990.5408333333357,239.0,72.109
OCO,4003.9852777777805,242.0,72.109
OCO,4025.9408333333363,247.0,72.109
OCO,4045.38527777778,250.0,72.109
OCO,4065.133333333336,253.0,72.109
OCO,4079.300000000003,255.0,72.109
OCO,4110.639722222225,257.0,72.109
OCO,4130.939722222225,261.0,72.109
OCO,4148.473055555558,263.0,72.109
OCO,4172.2063888888915,267.0,72.109
OCO,4184.161944444447,269.0,72.109
OCO,4217.406388888891,272.0,72.109
OCO,4244.806388888891,274.0,72.109
OCO,4263.006388888892,273.0,72.109
OCO,4275.139722222225,273.0,72.109
OCO,4296.295277777781,272.0,72.109
OCO,4323.595277777781,273.0,72.109
OCO,4341.661944444448,271.0,72.109
OCO,4353.706388888893,271.0,72.109
OCO,4386.828611111116,271.0,72.109
OCO,4410.828611111115,270.0,72.109
OCO,4425.939722222226,272.0,72.109
OCO,4447.250833333337,274.0,72.109
OCO,4468.795277777782,277.0,72.109
OCO,4484.3508333333375,280.0,72.109
OCO,4509.328611111115,281.0,72.109
OCO,4525.050833333337,283.0,72.109
OCO,4543.98416666667,284.0,72.109
OCO,4559.89666666667,285.0,72.109
OCO,4575.8411111111145,287.0,72.109
OCO,4604.8602777777805,291.0,72.109
OCO,4640.793611111114,294.0,72.109
PIA,17.05222222222222,298.0,72.011
PIA,50.60777777777778,302.0,72.011
PIA,74.25222222222223,304.0,72.011
PIA,98.13,307.0,72.011
PIA,115.29666666666668,309.0,72.011
PIA,146.39666666666668,311.0,72.011
PIA,160.26333333333332,312.0,72.011
PIA,177.6522222222222,313.0,72.011
PIA,198.67277777777778,314.0,72.011
PIA,223.1727777777778,315.0,72.011
PIA,244.30611111111114,317.0,72.011
PIA,258.39500000000004,317.0,72.011
PIA,276.0061111111111,317.0,72.011
PIA,297.2061111111111,318.0,72.011
PIA,325.56166666666667,319.0,72.011
PIA,343.2838888888889,319.0,72.011
PIA,371.63944444444445,319.0,72.011
PIA,389.4172222222222,320.0,72.011
PIA,407.195,320.0,72.011
PIA,421.4616666666667,321.0,72.011
PIA,457.12833333333333,321.0,72.011
PIA,471.43944444444446,322.0,72.011
PIA,496.48388888888894,322.0,72.011
PIA,518.0172222222222,323.0,72.011
PIA,532.3727777777779,323.0,72.011
PIA,557.4052777777779,323.0,72.011
PIA,578.9386111111112,323.0,72.011
PIA,679.116388888889,322.0,72.011
PIA,718.2275000000002,320.0,72.011
PIA,744.9275000000001,267.0,72.011
PIA,768.7647222222223,214.0,72.011
PIA,789.3202777777778,185.0,72.011
PIA,813.1536111111111,165.0,72.011
PIA,823.9536111111111,162.0,72.011
PIA,838.0869444444444,159.0,72.011
PIA,854.9869444444444,169.0,72.011
PIA,866.653611111111,175.0,72.011
PIA,874.6091666666665,179.0,72.011
PIA,882.9647222222221,188.0,72.011
PIA,898.2869444444443,197.0,72.011
PIA,907.1758333333332,200.0,72.011
PIA,923.1980555555555,206.0,72.011
PIA,949.4758333333332,215.0,72.011
PIA,961.6424999999998,219.0,72.011
PIA,986.6908333333332,226.0,72.011
PIA,1007.2241666666665,231.0,72.011
PIA,1023.1574999999999,239.0,72.011
PIA,1041.9019444444443,241.0,72.011
PIA,1060.9574999999998,245.0,72.011
PIA,1082.8241666666665,246.0,72.011
PIA,1105.0463888888887,250.0,72.011
PIA,1118.9352777777776,250.0,72.011
PIA,1141.4241666666665,253.0,72.011
PIA,1164.0724999999998,254.0,72.011
PIA,1178.2947222222222,256.0,72.011
PIA,1198.2836111111112,257.0,72.011
PIA,1215.5502777777779,259.0,72.011
PIA,1227.1058333333335,260.0,72.011
PIA,1250.3947222222225,262.0,72.011
PIA,1267.9947222222224,264.0,72.011
PIA,1297.550277777778,266.0,72.011
PIA,1312.439166666667,268.0,72.011
PIA,1330.4391666666668,270.0,72.011
PIA,1363.6836111111113,272.0,72.011
PIA,1378.9058333333335,274.0,72.011
PIA,1394.2391666666667,276.0,72.011
PIA,1412.7725000000003,278.0,72.011
PIA,1425.1725000000004,279.0,72.011
PIA,1440.7836111111114,281.0,72.011
PIA,1462.7947222222226,283.0,72.011
PIA,1497.5488888888892,285.0,72.011
PIA,1523.0600000000004,287.0,72.011
PIA,1548.66,288.0,72.011
PIA,1567.8600000000001,288.0,72.011
PIA,1583.8044444444445,287.0,72.011
PIA,1599.3044444444445,279.0,72.011
PIA,1621.8822222222223,254.0,72.011
PIA,1638.76,217.0,72.011
PIA,1652.2827777777777,202.0,72.011
PIA,1671.0827777777777,188.0,72.011
PIA,1686.727222222222,176.0,72.011
PIA,1694.327222222222,171.0,72.011
PIA,1703.5494444444441,166.0,72.011
PIA,1717.9494444444442,162.0,72.011
PIA,1734.7494444444442,168.0,72.011
PIA,1744.3049999999998,172.0,72.011
PIA,1751.9494444444442,172.0,72.011
PIA,1766.1049999999996,182.0,72.011
PIA,1790.1827777777773,197.0,72.011
PIA,1801.4049999999995,202.0,72.011
PIA,1812.9049999999995,207.0,72.011
PIA,1826.9716666666664,211.0,72.011
PIA,1846.349444444444,218.0,72.011
PIA,1879.0752777777773,227.0,72.011
PIA,1902.8752777777772,238.0,72.011
PIA,1913.5863888888885,241.0,72.011
PIA,1927.0863888888885,243.0,72.011
PIA,1943.619722222222,248.0,72.011
PIA,1963.219722222222,252.0,72.011
PIA,1982.9752777777776,254.0,72.011
PIA,1997.030833333333,253.0,72.011
PIA,2014.7641666666664,228.0,72.011
PIA,2026.8241666666663,216.0,72.011
PIA,2034.7797222222218,179.0,72.011
PIA,2045.713055555555,164.0,72.011
PIA,2055.4463888888886,146.0,72.011
PIA,2061.7130555555555,141.0,72.011
PIA,2070.5797222222222,133.0,72.011
PIA,2083.179722222222,126.0,72.011
PIA,2090.0686111111113,124.0,72.011
PIA,2099.246388888889,118.0,72.011
PIA,2105.635277777778,115.0,72.011
PIA,2110.5686111111113,111.0,72.011
PIA,2119.5130555555556,115.0,72.011
PIA,2127.5130555555556,120.0,72.011
PIA,2135.7797222222225,124.0,72.011
PIA,2148.401944444445,142.0,72.011
PIA,2154.890833333334,146.0,72.011
PIA,2163.5575000000003,156.0,72.011
PIA,2176.7797222222225,170.0,72.011
PIA,2188.713055555556,179.0,72.011
PIA,2199.1575000000007,188.0,72.011
PIA,2221.545833333334,202.0,72.011
PIA,2245.4347222222227,215.0,72.011
PIA,2257.656944444445,220.0,72.011
PIA,2267.7013888888896,226.0,72.011
PIA,2277.9236111111118,230.0,72.011
PIA,2290.9791666666674,235.0,72.011
PIA,2306.9791666666674,240.0,72.011
PIA,2323.245833333334,244.0,72.011
PIA,2334.292222222223,247.0,72.011
PIA,2353.814444444445,251.0,72.011
PIA,2376.5700000000006,256.0,72.011
PIA,2393.770000000001,258.0,72.011
PIA,2411.103333333334,260.0,72.011
PIA,2478.5700000000006,184.0,72.011
PIA,2490.370000000001,177.0,72.011
PIA,2503.670000000001,171.0,72.011
PIA,2518.070000000001,162.0,72.011
PIA,2539.803333333334,163.0,72.011
PIA,2549.303333333334,171.0,72.011
PIA,2563.5366666666678,183.0,72.011
PIA,2576.270000000001,191.0,72.011
PIA,2591.692500000001,199.0,72.011
PIA,2605.6258333333344,209.0,72.011
PIA,2619.892500000001,214.0,72.011
PIA,2639.6258333333344,222.0,72.011
PIA,2654.8925000000013,229.0,72.011
PIA,2675.870277777779,236.0,72.011
PIA,2686.448055555557,238.0,72.011
PIA,2702.7147222222234,244.0,72.011
PIA,2713.71638888889,246.0,72.011
PIA,2730.51638888889,252.0,72.011
PIA,2741.760833333334,253.0,72.011
PIA,2767.6608333333343,259.0,72.011
PIA,2785.127500000001,262.0,72.011
PIA,2805.5052777777787,262.0,72.011
PIA,2825.9608333333344,263.0,72.011
PIA,2855.0719444444453,262.0,72.011
PIA,2869.5719444444453,261.0,72.011
PIA,2892.8608333333336,262.0,72.011
PIA,2916.2386111111114,263.0,72.011
PIA,2927.9275000000007,263.0,72.011
PIA,2951.3941666666674,264.0,72.011
PIA,2978.2941666666675,269.0,72.011
PIA,3005.4941666666673,272.0,72.011
PIA,3030.2052777777785,278.0,72.011
PIA,3048.8719444444455,280.0,72.011
PIA,3064.4602777777786,282.0,72.011
PIA,3089.9713888888896,287.0,72.011
PIA,3115.7491666666674,290.0,72.011
PIA,3145.049166666667,293.0,72.011
PIA,3174.849166666667,298.0,72.011
PIA,3188.0936111111114,298.0,72.011
PIA,3228.4441666666667,302.0,72.011
PIA,3248.644166666667,303.0,72.011
PIA,3278.944166666667,303.0,72.011
PIA,3299.210833333334,304.0,72.011
PIA,3316.0997222222227,304.0,72.011
PIA,3332.988611111112,304.0,72.011
PIA,3346.2330555555563,298.0,72.011
PIA,3367.2108333333335,236.0,72.011
PIA,3386.310833333334,191.0,72.011
PIA,3396.144166666667,177.0,72.011
PIA,3413.366388888889,155.0,72.011
PIA,3420.033055555556,150.0,72.011
PIA,3438.2997222222225,137.0,72.011
PIA,3445.5775000000003,131.0,72.011
PIA,3452.744166666667,129.0,72.011
PIA,3462.3886111111115,124.0,72.011
PIA,3469.1108333333336,121.0,72.011
PIA,3477.044166666667,119.0,72.011
PIA,3486.499166666667,122.0,72.011
PIA,3496.5325000000003,129.0,72.011
PIA,3511.8658333333337,138.0,72.011
PIA,3526.9658333333336,151.0,72.011
PIA,3533.899166666667,156.0,72.011
PIA,3543.0658333333336,165.0,72.011
PIA,3550.802777777778,173.0,72.011
PIA,3564.802777777778,180.0,72.011
PIA,3577.469444444445,190.0,72.011
PIA,3586.1805555555557,196.0,72.011
PIA,3599.5805555555557,201.0,72.011
PIA,3608.6916666666666,205.0,72.011
PIA,3622.425,206.0,72.011
PIA,3636.491666666667,211.0,72.011
PIA,3649.425,194.0,72.011
PIA,3661.6916666666666,184.0,72.011
PIA,3671.413888888889,175.0,72.011
PIA,3680.636111111111,166.0,72.011
PIA,3694.5916666666667,157.0,72.011
PIA,3712.436111111111,146.0,72.011
PIA,3723.0916666666667,137.0,72.011
PIA,3734.825,132.0,72.011
PIA,3743.4916666666663,130.0,72.011
PIA,3755.2249999999995,132.0,72.011
PIA,3762.7249999999995,135.0,72.011
PIA,3770.4472222222216,139.0,72.011
PIA,3780.0472222222215,144.0,72.011
PIA,3792.1372222222217,156.0,72.011
PIA,3804.8149999999996,163.0,72.011
PIA,3816.281666666666,172.0,72.011
PIA,3825.948333333333,174.0,72.011
PIA,3842.659444444444,188.0,72.011
PIA,3864.9372222222214,200.0,72.011
PIA,3886.2372222222216,213.0,72.011
PIA,3898.348333333333,218.0,72.011
PIA,3908.170555555555,221.0,72.011
PIA,3925.9038888888886,228.0,72.011
PIA,3941.3705555555553,232.0,72.011
PIA,3957.237222222222,238.0,72.011
PIA,3981.437222222222,242.0,72.011
PIA,3994.9372222222214,243.0,72.011
PIA,4008.7149999999992,248.0,72.011
PIA,4019.8261111111105,250.0,72.011
PIA,4045.2261111111106,254.0,72.011
PIA,4059.3927777777776,255.0,72.011
PIA,4073.72611111111,258.0,72.011
PIA,4096.8372222222215,260.0,72.011
PIA,4111.392777777777,262.0,72.011
PIA,4126.114999999999,265.0,72.011
PIA,4140.948333333333,267.0,72.011
PIA,4165.037222222222,271.0,72.011
PIA,4180.203888888889,273.0,72.011
PIA,4213.8150000000005,275.0,72.011
PIA,4247.105833333333,273.0,72.011
PIA,4262.050277777777,269.0,72.011
PIA,4285.8725,268.0,72.011
PIA,4303.6725,267.0,72.011
PIA,4315.613333333333,267.0,72.011
PIA,4339.346666666665,267.0,72.011
PIA,4363.079999999999,267.0,72.011
PIA,4374.99111111111,268.0,72.011
PIA,4389.935555555554,269.0,72.011
PIA,4414.024444444442,271.0,72.011
PIA,4447.757777777776,276.0,72.011
PIA,4463.146666666665,277.0,72.011
PIA,4475.50222222222,278.0,72.011
PIA,4497.279999999998,280.0,72.011
PIA,4516.079999999999,282.0,72.011
PIA,4541.324444444443,284.0,72.011
PIA,4566.924444444443,288.0,72.011
PIA,4592.70222222222,290.0,72.011
PIA,4615.413333333331,292.0,72.011
ALO,13.148333333333335,294.0,72.128
ALO,36.33083333333334,297.0,72.128
ALO,63.00277777777778,301.0,72.128
ALO,76.42500000000001,302.0,72.128
ALO,99.99166666666667,303.0,72.128
ALO,123.79166666666667,306.0,72.128
ALO,137.39166666666665,306.0,72.128
ALO,154.5583333333333,309.0,72.128
ALO,178.825,312.0,72.128
ALO,203.2472222222222,314.0,72.128
ALO,231.3361111111111,316.0,72.128
ALO,266.55833333333334,317.0,72.128
ALO,284.225,318.0,72.128
ALO,298.40277777777777,319.0,72.128
ALO,316.125,319.0,72.128
ALO,344.56944444444446,320.0,72.128
ALO,380.2361111111111,321.0,72.128
ALO,394.50277777777774,321.0,72.128
ALO,426.7027777777778,322.0,72.128
ALO,455.41388888888883,323.0,72.128
ALO,484.21388888888885,324.0,72.128
ALO,509.4916666666667,325.0,72.128
ALO,523.9361111111111,325.0,72.128
ALO,538.425,326.0,72.128
ALO,563.7805555555556,326.0,72.128
ALO,585.5805555555556,327.0,72.128
ALO,603.7472222222223,327.0,72.128
ALO,622.0047222222222,327.0,72.128
ALO,647.3472222222222,327.0,72.128
ALO,665.5138888888888,327.0,72.128
ALO,698.1138888888888,326.0,72.128
ALO,712.6472222222221,327.0,72.128
ALO,727.1361111111111,326.0,72.128
ALO,750.2472222222221,260.0,72.128
ALO,762.9694444444443,229.0,72.128
ALO,774.4138888888888,206.0,72.128
ALO,783.1694444444444,197.0,72.128
ALO,802.7249999999999,176.0,72.128
ALO,812.0027777777776,167.0,72.128
ALO,827.8027777777776,158.0,72.128
ALO,841.3138888888888,152.0,72.128
ALO,849.9805555555555,156.0,72.128
ALO,858.8138888888888,159.0,72.128
ALO,876.3138888888888,175.0,72.128
ALO,890.6249999999999,184.0,72.128
ALO,899.0694444444443,190.0,72.128
ALO,907.736111111111,195.0,72.128
ALO,923.2916666666666,200.0,72.128
ALO,941.8694444444444,209.0,72.128
ALO,956.0694444444445,213.0,72.128
ALO,968.125,217.0,72.128
ALO,987.9472222222222,223.0,72.128
ALO,1005.836111111111,230.0,72.128
ALO,1024.3352777777777,237.0,72.128
ALO,1037.5575,238.0,72.128
ALO,1067.3119444444444,244.0,72.128
ALO,1086.4452777777778,246.0,72.128
ALO,1102.9786111111111,248.0,72.128
ALO,1125.2897222222223,251.0,72.128
ALO,1136.4452777777778,251.0,72.128
ALO,1167.6119444444444,255.0,72.128
ALO,1193.3119444444444,257.0,72.128
ALO,1210.5119444444445,258.0,72.128
ALO,1222.0230555555556,259.0,72.128
ALO,1242.3230555555554,261.0,72.128
ALO,1268.7230555555557,264.0,72.128
ALO,1286.3897222222222,265.0,72.128
ALO,1298.1675,265.0,72.128
ALO,1330.9230555555557,268.0,72.128
ALO,1354.8341666666668,269.0,72.128
ALO,1369.778611111111,269.0,72.128
ALO,1391.089722222222,274.0,72.128
ALO,1412.7119444444443,278.0,72.128
ALO,1428.2119444444443,279.0,72.128
ALO,1453.1897222222221,281.0,72.128
ALO,1468.8563888888887,282.0,72.128
ALO,1487.789722222222,284.0,72.128
ALO,1503.7022222222222,285.0,72.128
ALO,1519.6466666666665,287.0,72.128
ALO,1548.3666666666663,288.0,72.128
ALO,1583.6888888888886,289.0,72.128
ALO,1602.622222222222,284.0,72.128
ALO,1616.8444444444442,256.0,72.128
ALO,1638.8444444444442,220.0,72.128
ALO,1661.5777777777776,186.0,72.128
ALO,1673.3777777777775,177.0,72.128
ALO,1693.2999999999997,163.0,72.128
ALO,1700.4555555555553,161.0,72.128
ALO,1710.8555555555552,156.0,72.128
ALO,1719.633333333333,158.0,72.128
ALO,1728.5777777777773,161.0,72.128
ALO,1735.8222222222219,163.0,72.128
ALO,1753.322222222222,175.0,72.128
ALO,1767.633333333333,184.0,72.128
ALO,1778.1888888888884,190.0,72.128
ALO,1786.7666666666662,193.0,72.128
ALO,1802.3999999999996,201.0,72.128
ALO,1811.5555555555552,206.0,72.128
ALO,1820.7999999999997,208.0,72.128
ALO,1849.9999999999998,219.0,72.128
ALO,1872.5999999999997,226.0,72.128
ALO,1885.553333333333,232.0,72.128
ALO,1903.9866666666665,237.0,72.128
ALO,1917.3199999999997,240.0,72.128
ALO,1939.2069444444442,247.0,72.128
ALO,1950.2736111111108,249.0,72.128
ALO,1967.0736111111107,252.0,72.128
ALO,1981.1291666666664,253.0,72.128
ALO,2003.7069444444442,254.0,72.128
ALO,2014.4180555555552,241.0,72.128
ALO,2028.1513888888885,206.0,72.128
ALO,2047.0402777777774,170.0,72.128
ALO,2060.4624999999996,151.0,72.128
ALO,2068.295833333333,141.0,72.128
ALO,2075.9069444444444,137.0,72.128
ALO,2084.3069444444445,126.0,72.128
ALO,2094.6180555555557,116.0,72.128
ALO,2106.951388888889,111.0,72.128
ALO,2119.506944444445,113.0,72.128
ALO,2126.006944444445,117.0,72.128
ALO,2137.2958333333336,127.0,72.128
ALO,2143.0736111111114,130.0,72.128
ALO,2156.318055555556,149.0,72.128
ALO,2172.718055555556,164.0,72.128
ALO,2182.3291666666673,173.0,72.128
ALO,2198.7736111111117,185.0,72.128
ALO,2216.6069444444447,200.0,72.128
ALO,2228.1625000000004,208.0,72.128
ALO,2242.4291666666672,214.0,72.128
ALO,2259.634166666667,222.0,72.128
ALO,2274.767500000001,227.0,72.128
ALO,2290.434166666668,235.0,72.128
ALO,2306.3675000000007,239.0,72.128
ALO,2319.8675000000007,243.0,72.128
ALO,2333.5341666666677,246.0,72.128
ALO,2347.3675000000007,249.0,72.128
ALO,2364.2341666666675,253.0,72.128
ALO,2390.0341666666677,258.0,72.128
ALO,2410.334166666668,261.0,72.128
ALO,2430.7119444444456,262.0,72.128
ALO,2447.9119444444455,258.0,72.128
ALO,2460.745277777779,231.0,72.128
ALO,2479.234166666668,208.0,72.128
ALO,2493.623055555557,185.0,72.128
ALO,2512.400833333335,169.0,72.128
ALO,2523.534166666668,167.0,72.128
ALO,2530.645277777779,160.0,72.128
ALO,2537.7563888888903,160.0,72.128
ALO,2554.2563888888903,165.0,72.128
ALO,2561.8119444444455,170.0,72.128
ALO,2584.4230555555564,185.0,72.128
ALO,2606.3666666666677,197.0,72.128
ALO,2624.58888888889,205.0,72.128
ALO,2643.7888888888897,216.0,72.128
ALO,2660.9163888888893,221.0,72.128
ALO,2678.649722222223,228.0,72.128
ALO,2691.538611111112,232.0,72.128
ALO,2704.7052777777785,237.0,72.128
ALO,2718.0941666666677,241.0,72.128
ALO,2742.7941666666675,247.0,72.128
ALO,2759.5941666666677,252.0,72.128
ALO,2773.760833333334,255.0,72.128
ALO,2805.7830555555565,262.0,72.128
ALO,2823.31638888889,263.0,72.128
ALO,2849.61638888889,263.0,72.128
ALO,2881.638611111112,262.0,72.128
ALO,2902.0163888888897,262.0,72.128
ALO,2928.31638888889,263.0,72.128
ALO,2948.927500000001,265.0,72.128
ALO,2963.7052777777785,266.0,72.128
ALO,2987.5275000000006,268.0,72.128
ALO,3005.5275000000006,270.0,72.128
ALO,3026.8386111111117,274.0,72.128
ALO,3042.2275000000004,277.0,72.128
ALO,3064.0830555555563,280.0,72.128
ALO,3079.7497222222228,282.0,72.128
ALO,3095.5830555555563,285.0,72.128
ALO,3108.3386111111117,287.0,72.128
ALO,3127.6052777777786,289.0,72.128
ALO,3166.8566666666675,295.0,72.128
ALO,3180.0566666666678,297.0,72.128
ALO,3199.9900000000007,299.0,72.128
ALO,3230.0900000000006,301.0,72.128
ALO,3246.8677777777784,302.0,72.128
ALO,3263.6455555555563,302.0,72.128
ALO,3277.0677777777782,302.0,72.128
ALO,3297.2677777777785,303.0,72.128
ALO,3317.467777777778,303.0,72.128
ALO,3330.9788888888893,304.0,72.128
ALO,3351.245555555556,304.0,72.128
ALO,3364.4900000000002,298.0,72.128
ALO,3386.09,243.0,72.128
ALO,3405.19,191.0,72.128
ALO,3418.645555555556,173.0,72.128
ALO,3435.3122222222223,150.0,72.128
ALO,3447.3122222222223,135.0,72.128
ALO,3454.5344444444445,130.0,72.128
ALO,3460.1788888888887,127.0,72.128
ALO,3467.067777777778,124.0,72.128
ALO,3477.7344444444443,120.0,72.128
ALO,3485.4330555555553,115.0,72.128
ALO,3498.8774999999996,121.0,72.128
ALO,3504.388611111111,124.0,72.128
ALO,3515.6775,127.0,72.128
ALO,3521.6775,135.0,72.128
ALO,3539.847222222222,149.0,72.128
ALO,3550.3805555555555,158.0,72.128
ALO,3563.6027777777776,170.0,72.128
ALO,3586.2138888888885,185.0,72.128
ALO,3594.747222222222,192.0,72.128
ALO,3607.947222222222,198.0,72.128
ALO,3619.225,203.0,72.128
ALO,3628.4249999999997,207.0,72.128
ALO,3645.0694444444443,214.0,72.128
ALO,3663.4694444444444,207.0,72.128
ALO,3682.1694444444443,187.0,72.128
ALO,3691.8916666666664,175.0,72.128
ALO,3709.6694444444443,160.0,72.128
ALO,3724.869444444444,152.0,72.128
ALO,3733.0916666666662,148.0,72.128
ALO,3744.213888888888,143.0,72.128
ALO,3751.93611111111,139.0,72.128
ALO,3765.43611111111,135.0,72.128
ALO,3774.03611111111,129.0,72.128
ALO,3779.849999999999,130.0,72.128
ALO,3785.7166666666653,132.0,72.128
ALO,3791.76111111111,136.0,72.128
ALO,3802.7277777777763,141.0,72.128
ALO,3814.472222222221,151.0,72.128
ALO,3828.96111111111,163.0,72.128
ALO,3840.5791666666655,175.0,72.128
ALO,3855.0458333333318,186.0,72.128
ALO,3876.82361111111,196.0,72.128
ALO,3885.845833333332,203.0,72.128
ALO,3899.9791666666656,212.0,72.128
ALO,3912.034722222221,217.0,72.128
ALO,3926.9013888888876,223.0,72.128
ALO,3937.0347222222213,228.0,72.128
ALO,3955.234722222221,234.0,72.128
ALO,3970.9680555555547,236.0,72.128
ALO,3987.0347222222213,241.0,72.128
ALO,4022.568055555554,246.0,72.128
ALO,4033.679166666665,250.0,72.128
ALO,4064.601388888888,253.0,72.128
ALO,4084.512499999999,256.0,72.128
ALO,4107.445833333331,258.0,72.128
ALO,4124.912499999998,262.0,72.128
ALO,4145.445833333331,264.0,72.128
ALO,4160.22361111111,266.0,72.128
ALO,4175.056944444444,267.0,72.128
ALO,4193.131944444443,270.0,72.128
ALO,4217.39861111111,273.0,72.128
ALO,4244.69861111111,273.0,72.128
ALO,4266.009722222221,274.0,72.128
ALO,4281.009722222221,270.0,72.128
ALO,4307.934722222222,270.0,72.128
ALO,4337.823611111111,269.0,72.128
ALO,4358.668055555556,268.0,72.128
ALO,4382.579166666667,269.0,72.128
ALO,4406.579166666666,270.0,72.128
ALO,4430.756944444444,272.0,72.128
ALO,4452.068055555555,274.0,72.128
ALO,4467.4013888888885,276.0,72.128
ALO,4492.201388888889,279.0,72.128
ALO,4513.979166666667,280.0,72.128
ALO,4532.779166666666,282.0,72.128
ALO,4545.356944444444,283.0,72.128
ALO,4564.290277777778,284.0,72.128
ALO,4576.956944444444,285.0,72.128
ALO,4596.223611111111,289.0,72.128
ALO,4609.068055555555,289.0,72.128
ALO,4628.534722222222,292.0,72.128
BOT,19.535555555555554,298.0,72.227
BOT,42.86888888888889,300.0,72.227
BOT,69.80222222222221,303.0,72.227
BOT,86.74666666666667,305.0,72.227
BOT,110.62444444444445,307.0,72.227
BOT,141.52444444444444,309.0,72.227
BOT,155.39111111111112,312.0,72.227
BOT,190.0577777777778,312.0,72.227
BOT,228.31333333333336,313.0,72.227
BOT,242.26888888888888,314.0,72.227
BOT,263.2477777777778,316.0,72.227
BOT,287.8255555555556,316.0,72.227
BOT,323.27000000000004,319.0,72.227
BOT,337.40333333333336,318.0,72.227
BOT,369.3033333333334,319.0,72.227
BOT,387.17,320.0,72.227
BOT,408.5033333333334,320.0,72.227
BOT,426.33666666666676,321.0,72.227
BOT,447.87,323.0,72.227
BOT,487.3477777777778,323.0,72.227
BOT,512.5477777777778,324.0,72.227
BOT,530.6033333333334,325.0,72.227
BOT,552.27,325.0,72.227
BOT,570.3255555555555,325.0,72.227
BOT,588.3811111111111,325.0,72.227
BOT,602.8255555555555,325.0,72.227
BOT,620.8811111111111,325.0,72.227
BOT,646.0811111111111,324.0,72.227
BOT,671.2811111111112,324.0,72.227
BOT,700.0811111111112,324.0,72.227
BOT,728.7033333333334,322.0,72.227
BOT,742.0366666666667,300.0,72.227
BOT,767.1366666666667,251.0,72.227
BOT,781.47,215.0,72.227
BOT,803.8366666666668,183.0,72.227
BOT,811.4811111111112,172.0,72.227
BOT,818.9011111111113,168.0,72.227
BOT,826.0122222222224,160.0,72.227
BOT,834.678888888889,156.0,72.227
BOT,849.778888888889,151.0,72.227
BOT,865.578888888889,158.0,72.227
BOT,872.9133333333334,164.0,72.227
BOT,880.3800000000001,168.0,72.227
BOT,888.3355555555556,179.0,72.227
BOT,907.0355555555556,187.0,72.227
BOT,924.4577777777778,196.0,72.227
BOT,937.7911111111111,200.0,72.227
BOT,949.1244444444445,204.0,72.227
BOT,960.7355555555556,209.0,72.227
BOT,974.8022222222223,211.0,72.227
BOT,989.468888888889,220.0,72.227
BOT,1004.4022222222223,224.0,72.227
BOT,1022.3688888888889,231.0,72.227
BOT,1038.0355555555557,235.0,72.227
BOT,1067.6133333333335,242.0,72.227
BOT,1086.668888888889,245.0,72.227
BOT,1105.88,247.0,72.227
BOT,1116.9911111111112,250.0,72.227
BOT,1136.591111111111,252.0,72.227
BOT,1150.7022222222222,254.0,72.227
BOT,1167.7688888888888,256.0,72.227
BOT,1179.102222222222,255.0,72.227
BOT,1190.5244444444443,257.0,72.227
BOT,1210.668888888889,259.0,72.227
BOT,1225.0963888888887,261.0,72.227
BOT,1245.3963888888889,261.0,72.227
BOT,1257.0852777777777,263.0,72.227
BOT,1277.5408333333335,263.0,72.227
BOT,1298.2255555555555,265.0,72.227
BOT,1313.1699999999998,269.0,72.227
BOT,1328.1144444444442,269.0,72.227
BOT,1343.0588888888888,269.0,72.227
BOT,1361.192222222222,272.0,72.227
BOT,1376.4699999999998,275.0,72.227
BOT,1388.7366666666665,276.0,72.227
BOT,1410.4366666666665,279.0,72.227
BOT,1429.103333333333,280.0,72.227
BOT,1444.7699999999995,282.0,72.227
BOT,1470.1033333333328,285.0,72.227
BOT,1485.992222222222,286.0,72.227
BOT,1505.1922222222217,288.0,72.227
BOT,1530.9699999999996,290.0,72.227
BOT,1560.0699999999995,291.0,72.227
BOT,1576.2922222222217,292.0,72.227
BOT,1589.3144444444438,293.0,72.227
BOT,1602.2477777777772,291.0,72.227
BOT,1617.9144444444437,282.0,72.227
BOT,1632.7477777777772,267.0,72.227
BOT,1648.147777777777,231.0,72.227
BOT,1657.6588888888882,214.0,72.227
BOT,1672.7477777777772,194.0,72.227
BOT,1681.1477777777773,189.0,72.227
BOT,1694.8366666666661,176.0,72.227
BOT,1709.9005555555552,170.0,72.227
BOT,1717.1005555555553,162.0,72.227
BOT,1724.1227777777774,158.0,72.227
BOT,1742.3449999999996,164.0,72.227
BOT,1757.5033333333329,170.0,72.227
BOT,1767.1699999999996,174.0,72.227
BOT,1776.8366666666664,174.0,72.227
BOT,1791.4588888888886,188.0,72.227
BOT,1804.3922222222218,194.0,72.227
BOT,1820.103333333333,202.0,72.227
BOT,1829.214444444444,205.0,72.227
BOT,1845.703333333333,212.0,72.227
BOT,1862.6588888888884,218.0,72.227
BOT,1874.9366666666663,221.0,72.227
BOT,1895.2922222222219,229.0,72.227
BOT,1910.9588888888886,235.0,72.227
BOT,1937.9588888888886,243.0,72.227
BOT,1960.092222222222,249.0,72.227
BOT,1974.1477777777775,253.0,72.227
BOT,1991.1477777777777,255.0,72.227
BOT,2002.481111111111,255.0,72.227
BOT,2027.8811111111108,254.0,72.227
BOT,2041.0811111111107,198.0,72.227
BOT,2057.9811111111107,169.0,72.227
BOT,2068.0477777777774,151.0,72.227
BOT,2082.0088888888886,140.0,72.227
BOT,2094.2088888888884,122.0,72.227
BOT,2099.3199999999997,115.0,72.227
BOT,2106.653333333333,110.0,72.227
BOT,2111.483333333333,108.0,72.227
BOT,2118.483333333333,105.0,72.227
BOT,2128.172222222222,109.0,72.227
BOT,2140.172222222222,120.0,72.227
BOT,2151.905555555555,132.0,72.227
BOT,2159.7388888888886,141.0,72.227
BOT,2169.805555555555,151.0,72.227
BOT,2178.75,161.0,72.227
BOT,2190.0833333333335,170.0,72.227
BOT,2197.9944444444445,178.0,72.227
BOT,2214.883333333333,190.0,72.227
BOT,2235.383333333333,205.0,72.227
BOT,2251.6388888888887,209.0,72.227
BOT,2268.75,220.0,72.227
BOT,2286.7166666666667,231.0,72.227
BOT,2305.072222222222,236.0,72.227
BOT,2326.672222222222,243.0,72.227
BOT,2345.883333333333,247.0,72.227
BOT,2373.883333333333,252.0,72.227
BOT,2385.2611111111114,256.0,72.227
BOT,2417.161111111111,261.0,72.227
BOT,2428.7769444444443,263.0,72.227
BOT,2446.3102777777776,263.0,72.227
BOT,2466.843611111111,231.0,72.227
BOT,2478.568611111111,210.0,72.227
BOT,2491.968611111111,201.0,72.227
BOT,2500.0574999999994,182.0,72.227
BOT,2515.701944444444,176.0,72.227
BOT,2534.1463888888884,166.0,72.227
BOT,2543.3130555555554,165.0,72.227
BOT,2552.4797222222223,165.0,72.227
BOT,2565.3908333333334,166.0,72.227
BOT,2583.090833333333,177.0,72.227
BOT,2591.268611111111,184.0,72.227
BOT,2615.3463888888887,197.0,72.227
BOT,2624.3241666666668,202.0,72.227
BOT,2638.190833333333,208.0,72.227
BOT,2647.7019444444445,214.0,72.227
BOT,2659.813055555556,218.0,72.227
BOT,2677.235277777778,224.0,72.227
BOT,2687.3241666666668,227.0,72.227
BOT,2700.046388888889,229.0,72.227
BOT,2710.401944444445,233.0,72.227
BOT,2723.7352777777783,240.0,72.227
BOT,2745.513055555556,245.0,72.227
BOT,2756.535277777778,248.0,72.227
BOT,2779.024166666667,253.0,72.227
BOT,2804.724166666667,257.0,72.227
BOT,2824.719166666667,258.0,72.227
BOT,2839.2191666666668,261.0,72.227
BOT,2862.2241666666664,258.0,72.227
BOT,2876.446388888889,256.0,72.227
BOT,2887.7352777777783,254.0,72.227
BOT,2898.935277777778,252.0,72.227
BOT,2918.6908333333336,254.0,72.227
BOT,2935.624166666667,254.0,72.227
BOT,2966.9130555555557,256.0,72.227
BOT,2978.4241666666667,259.0,72.227
BOT,2992.9797222222223,262.0,72.227
BOT,3004.6686111111107,263.0,72.227
BOT,3019.3908333333334,265.0,72.227
BOT,3034.113055555556,265.0,72.227
BOT,3052.3797222222224,274.0,72.227
BOT,3064.6463888888893,276.0,72.227
BOT,3083.3130555555563,280.0,72.227
BOT,3095.846388888889,282.0,72.227
BOT,3124.546388888889,287.0,72.227
BOT,3193.613055555556,296.0,72.227
BOT,3216.868611111111,299.0,72.227
BOT,3233.646388888889,302.0,72.227
BOT,3253.9130555555557,304.0,72.227
BOT,3287.9130555555557,306.0,72.227
BOT,3312.024166666667,310.0,72.227
BOT,3339.5797222222227,310.0,72.227
BOT,3360.0275,308.0,72.227
BOT,3375.583055555556,280.0,72.227
BOT,3397.543888888889,219.0,72.227
BOT,3413.0994444444445,200.0,72.227
BOT,3425.3661111111114,184.0,72.227
BOT,3436.366111111111,165.0,72.227
BOT,3443.255,155.0,72.227
BOT,3449.9216666666666,150.0,72.227
BOT,3457.755,141.0,72.227
BOT,3465.255,135.0,72.227
BOT,3470.943888888889,128.0,72.227
BOT,3480.5105555555556,123.0,72.227
BOT,3487.121666666667,119.0,72.227
BOT,3492.4105555555557,119.0,72.227
BOT,3502.9883333333337,119.0,72.227
BOT,3513.832777777778,122.0,72.227
BOT,3522.099444444445,124.0,72.227
BOT,3530.6327777777783,128.0,72.227
BOT,3548.4772222222227,146.0,72.227
BOT,3566.1438888888893,159.0,72.227
BOT,3575.6438888888893,171.0,72.227
BOT,3587.577222222222,179.0,72.227
BOT,3604.7327777777778,193.0,72.227
BOT,3615.843888888889,200.0,72.227
BOT,3629.510555555556,205.0,72.227
BOT,3638.799444444445,209.0,72.227
BOT,3652.999444444445,213.0,72.227
BOT,3669.506944444445,213.0,72.227
BOT,3680.6736111111113,200.0,72.227
BOT,3700.006944444445,174.0,72.227
BOT,3712.3736111111116,159.0,72.227
BOT,3727.1736111111118,148.0,72.227
BOT,3736.706944444445,143.0,72.227
BOT,3744.4291666666672,139.0,72.227
BOT,3753.4291666666672,135.0,72.227
BOT,3763.7736111111117,133.0,72.227
BOT,3769.6847222222227,133.0,72.227
BOT,3781.7736111111117,136.0,72.227
BOT,3797.440277777778,141.0,72.227
BOT,3807.1736111111118,146.0,72.227
BOT,3822.8736111111116,157.0,72.227
BOT,3841.8736111111116,171.0,72.227
BOT,3851.7625000000003,178.0,72.227
BOT,3864.1625000000004,186.0,72.227
BOT,3876.9625000000005,192.0,72.227
BOT,3895.2736111111117,206.0,72.227
BOT,3909.473611111112,213.0,72.227
BOT,3931.773611111112,223.0,72.227
BOT,3947.0402777777786,229.0,72.227
BOT,3959.9291666666677,232.0,72.227
BOT,3973.040277777779,236.0,72.227
BOT,3994.4841666666675,242.0,72.227
BOT,4016.1516666666676,243.0,72.227
BOT,4027.0850000000005,246.0,72.227
BOT,4046.529444444445,250.0,72.227
BOT,4060.5850000000005,253.0,72.227
BOT,4085.9850000000006,254.0,72.227
BOT,4100.262777777779,257.0,72.227
BOT,4114.596111111113,258.0,72.227
BOT,4132.129444444446,263.0,72.227
BOT,4146.796111111113,264.0,72.227
BOT,4158.618333333335,266.0,72.227
BOT,4182.707222222224,271.0,72.227
BOT,4194.796111111113,272.0,72.227
BOT,4209.96277777778,273.0,72.227
BOT,4243.573888888891,275.0,72.227
BOT,4255.707222222224,273.0,72.227
BOT,4276.4738888888905,267.0,72.227
BOT,4288.207222222223,264.0,72.227
BOT,4311.851666666668,266.0,72.227
BOT,4341.185000000001,264.0,72.227
BOT,4352.918333333336,264.0,72.227
BOT,4373.607222222225,266.0,72.227
BOT,4403.385000000002,268.0,72.227
BOT,4421.385000000003,270.0,72.227
BOT,4436.496111111113,272.0,72.227
BOT,4460.851666666669,274.0,72.227
BOT,4482.473055555557,277.0,72.227
BOT,4507.284166666668,280.0,72.227
BOT,4519.817500000001,282.0,72.227
BOT,4541.828611111112,283.0,72.227
BOT,4564.0730555555565,286.0,72.227
BOT,4576.917500000001,289.0,72.227
BOT,4593.028611111112,290.0,72.227
BOT,4615.739722222223,292.0,72.227
BOT,4638.606388888889,294.0,72.227
HUL,18.310833333333335,301.0,72.31
HUL,38.44416666666667,302.0,72.31
HUL,72.44416666666666,306.0,72.31
HUL,99.82194444444444,308.0,72.31
HUL,117.04416666666665,310.0,72.31
HUL,137.91083333333333,313.0,72.31
HUL,151.82194444444443,313.0,72.31
HUL,183.42194444444442,316.0,72.31
HUL,204.55527777777777,317.0,72.31
HUL,236.45527777777778,319.0,72.31
HUL,257.7219444444445,319.0,72.31
HUL,289.6330555555556,320.0,72.31
HUL,321.73305555555555,321.0,72.31
HUL,336.0441666666667,322.0,72.31
HUL,357.64416666666665,324.0,72.31
HUL,372.1341666666667,324.0,72.31
HUL,393.80083333333334,325.0,72.31
HUL,422.77861111111116,326.0,72.31
HUL,455.4786111111112,327.0,72.31
HUL,484.5452777777778,327.0,72.31
HUL,502.7119444444445,327.0,72.31
HUL,524.5786111111112,328.0,72.31
HUL,542.8008333333335,328.0,72.31
HUL,564.7341666666667,329.0,72.31
HUL,579.3119444444445,328.0,72.31
HUL,608.5563888888889,329.0,72.31
HUL,641.5563888888889,330.0,72.31
HUL,667.1452777777778,329.0,72.31
HUL,692.8119444444445,330.0,72.31
HUL,718.3230555555556,328.0,72.31
HUL,741.1119444444446,293.0,72.31
HUL,763.0675000000001,247.0,72.31
HUL,779.6341666666667,213.0,72.31
HUL,799.9675000000001,183.0,72.31
HUL,807.8341666666668,177.0,72.31
HUL,827.0230555555556,157.0,72.31
HUL,833.9130555555556,156.0,72.31
HUL,844.0463888888888,152.0,72.31
HUL,858.0019444444443,157.0,72.31
HUL,867.1027777777778,163.0,72.31
HUL,877.9694444444444,163.0,72.31
HUL,886.0138888888889,181.0,72.31
HUL,902.9027777777778,190.0,72.31
HUL,924.6805555555555,196.0,72.31
HUL,935.7916666666667,200.0,72.31
HUL,947.125,204.0,72.31
HUL,963.3805555555556,209.0,72.31
HUL,985.1805555555555,218.0,72.31
HUL,995.0027777777777,221.0,72.31
HUL,1023.4805555555555,233.0,72.31
HUL,1033.836111111111,233.0,72.31
HUL,1049.636111111111,237.0,72.31
HUL,1060.1694444444443,237.0,72.31
HUL,1073.6138888888886,242.0,72.31
HUL,1092.5916666666665,244.0,72.31
HUL,1103.5694444444443,247.0,72.31
HUL,1117.4027777777776,249.0,72.31
HUL,1128.5138888888887,250.0,72.31
HUL,1142.458333333333,251.0,72.31
HUL,1165.0361111111108,254.0,72.31
HUL,1176.4138888888886,256.0,72.31
HUL,1199.3472222222217,258.0,72.31
HUL,1225.4472222222219,261.0,72.31
HUL,1245.8297222222218,263.0,72.31
HUL,1260.4963888888883,264.0,72.31
HUL,1284.3038888888882,267.0,72.31
HUL,1299.2483333333328,269.0,72.31
HUL,1311.2038888888883,269.0,72.31
HUL,1323.2483333333328,271.0,72.31
HUL,1344.481666666666,273.0,72.31
HUL,1362.7483333333328,274.0,72.31
HUL,1396.8483333333327,279.0,72.31
HUL,1409.292777777777,280.0,72.31
HUL,1424.903888888888,281.0,72.31
HUL,1437.481666666666,283.0,72.31
HUL,1453.2038888888883,283.0,72.31
HUL,1469.0372222222215,285.0,72.31
HUL,1488.1705555555548,287.0,72.31
HUL,1500.9705555555547,288.0,72.31
HUL,1520.3038888888882,290.0,72.31
HUL,1533.2372222222216,291.0,72.31
HUL,1562.5372222222215,293.0,72.31
HUL,1622.270555555555,256.0,72.31
HUL,1639.7705555555547,225.0,72.31
HUL,1651.3261111111103,208.0,72.31
HUL,1664.592777777777,199.0,72.31
HUL,1683.592777777777,171.0,72.31
HUL,1696.2705555555547,163.0,72.31
HUL,1710.0483333333325,155.0,72.31
HUL,1720.3386111111104,155.0,72.31
HUL,1728.7830555555547,152.0,72.31
HUL,1744.8274999999992,160.0,72.31
HUL,1757.505277777777,163.0,72.31
HUL,1769.105277777777,174.0,72.31
HUL,1781.3052777777768,183.0,72.31
HUL,1789.5719444444435,186.0,72.31
HUL,1798.1052777777768,192.0,72.31
HUL,1809.105277777777,198.0,72.31
HUL,1820.4386111111103,204.0,72.31
HUL,1829.6386111111103,207.0,72.31
HUL,1846.1274999999991,212.0,72.31
HUL,1858.1830555555548,217.0,72.31
HUL,1868.1386111111103,224.0,72.31
HUL,1888.583055555555,230.0,72.31
HUL,1909.5608333333325,236.0,72.31
HUL,1925.7608333333326,243.0,72.31
HUL,1942.227499999999,247.0,72.31
HUL,1973.1497222222213,253.0,72.31
HUL,2001.7052777777767,257.0,72.31
HUL,2015.3719444444437,246.0,72.31
HUL,2028.9719444444436,204.0,72.31
HUL,2044.2608333333326,172.0,72.31
HUL,2053.316388888888,163.0,72.31
HUL,2063.116388888888,147.0,72.31
HUL,2069.205277777777,137.0,72.31
HUL,2077.8719444444437,130.0,72.31
HUL,2087.0169444444437,118.0,72.31
HUL,2093.3261111111105,113.0,72.31
HUL,2104.992777777777,105.0,72.31
HUL,2113.314999999999,107.0,72.31
HUL,2125.014999999999,117.0,72.31
HUL,2133.2149999999992,123.0,72.31
HUL,2140.4372222222214,130.0,72.31
HUL,2149.6372222222217,138.0,72.31
HUL,2161.4594444444438,152.0,72.31
HUL,2168.6149999999993,161.0,72.31
HUL,2184.170555555555,175.0,72.31
HUL,2205.3927777777776,191.0,72.31
HUL,2218.659444444444,199.0,72.31
HUL,2239.859444444444,212.0,72.31
HUL,2264.637222222222,223.0,72.31
HUL,2277.3038888888887,228.0,72.31
HUL,2292.837222222222,233.0,72.31
HUL,2308.837222222222,240.0,72.31
HUL,2330.7038888888887,246.0,72.31
HUL,2347.303888888888,249.0,72.31
HUL,2372.903888888888,256.0,72.31
HUL,2390.1038888888884,258.0,72.31
HUL,2404.548333333333,260.0,72.31
HUL,2419.2149999999997,264.0,72.31
HUL,2442.785555555555,266.0,72.31
HUL,2462.937222222222,226.0,72.31
HUL,2472.4038888888886,213.0,72.31
HUL,2486.7927777777777,185.0,72.31
HUL,2496.515,175.0,72.31
HUL,2512.615,161.0,72.31
HUL,2521.337222222222,157.0,72.31
HUL,2530.0038888888885,156.0,72.31
HUL,2540.4038888888886,156.0,72.31
HUL,2549.1816666666664,158.0,72.31
HUL,2556.470555555555,164.0,72.31
HUL,2571.759444444444,172.0,72.31
HUL,2579.8038888888887,181.0,72.31
HUL,2590.359444444444,190.0,72.31
HUL,2614.8038888888887,200.0,72.31
HUL,2623.959444444444,206.0,72.31
HUL,2640.4483333333333,212.0,72.31
HUL,2650.0927777777774,217.0,72.31
HUL,2670.0038888888885,224.0,72.31
HUL,2695.8927777777776,233.0,72.31
HUL,2706.426111111111,237.0,72.31
HUL,2725.248333333333,242.0,72.31
HUL,2753.026111111111,250.0,72.31
HUL,2769.826111111111,252.0,72.31
HUL,2783.937222222222,254.0,72.31
HUL,2806.959444444444,259.0,72.31
HUL,2827.2538888888885,260.0,72.31
HUL,2850.558611111111,263.0,72.31
HUL,2862.2030555555557,262.0,72.31
HUL,2882.5030555555554,261.0,72.31
HUL,2902.7252777777776,260.0,72.31
HUL,2914.369722222222,262.0,72.31
HUL,2928.9252777777774,262.0,72.31
HUL,2949.380833333333,263.0,72.31
HUL,2970.069722222222,266.0,72.31
HUL,2994.158611111111,271.0,72.31
HUL,3024.491944444444,273.0,72.31
HUL,3039.8252777777775,276.0,72.31
HUL,3052.225277777777,279.0,72.31
HUL,3067.9474999999998,283.0,72.31
HUL,3093.4586111111107,287.0,72.31
HUL,3125.903055555555,292.0,72.31
HUL,3138.969722222222,294.0,72.31
HUL,3168.769722222222,298.0,72.31
HUL,3195.5252777777773,301.0,72.31
HUL,3222.5474999999997,304.0,72.31
HUL,3246.347499999999,306.0,72.31
HUL,3260.0363888888883,308.0,72.31
HUL,3273.7252777777767,308.0,72.31
HUL,3297.9141666666656,311.0,72.31
HUL,3318.647499999999,311.0,72.31
HUL,3335.980833333332,312.0,72.31
HUL,3353.4008333333322,312.0,72.31
HUL,3376.6508333333327,300.0,72.31
HUL,3390.761944444444,254.0,72.31
HUL,3410.961944444444,202.0,72.31
HUL,3419.495277777777,192.0,72.31
HUL,3427.273055555555,175.0,72.31
HUL,3440.961944444444,154.0,72.31
HUL,3448.961944444444,144.0,72.31
HUL,3456.573055555555,137.0,72.31
HUL,3462.3063888888883,129.0,72.31
HUL,3475.5286111111104,119.0,72.31
HUL,3481.9730555555548,116.0,72.31
HUL,3493.0730555555547,111.0,72.31
HUL,3503.295277777777,115.0,72.31
HUL,3510.0730555555547,122.0,72.31
HUL,3517.12861111111,127.0,72.31
HUL,3530.8286111111097,137.0,72.31
HUL,3542.3397222222206,148.0,72.31
HUL,3549.22861111111,155.0,72.31
HUL,3556.3397222222206,160.0,72.31
HUL,3569.4063888888872,168.0,72.31
HUL,3585.673055555554,183.0,72.31
HUL,3598.4730555555543,192.0,72.31
HUL,3609.5286111111095,199.0,72.31
HUL,3627.9286111111096,207.0,72.31
HUL,3644.72861111111,216.0,72.31
HUL,3661.900833333332,220.0,72.31
HUL,3673.789722222221,214.0,72.31
HUL,3695.2519444444433,176.0,72.31
HUL,3707.4630555555545,157.0,72.31
HUL,3717.2630555555543,147.0,72.31
HUL,3729.6186111111097,139.0,72.31
HUL,3735.5741666666654,134.0,72.31
HUL,3751.2186111111096,128.0,72.31
HUL,3763.7186111111096,125.0,72.31
HUL,3772.251944444443,128.0,72.31
HUL,3778.074166666665,131.0,72.31
HUL,3788.7297222222205,137.0,72.31
HUL,3802.9297222222203,142.0,72.31
HUL,3812.996388888887,151.0,72.31
HUL,3819.8408333333314,154.0,72.31
HUL,3840.8630555555533,172.0,72.31
HUL,3857.2186111111087,184.0,72.31
HUL,3867.6074999999973,187.0,72.31
HUL,3883.3186111111086,202.0,72.31
HUL,3899.4963888888865,208.0,72.31
HUL,3911.3852777777756,214.0,72.31
HUL,3931.3852777777756,225.0,72.31
HUL,3944.163055555553,230.0,72.31
HUL,3959.82972222222,235.0,72.31
HUL,3973.1180555555534,238.0,72.31
HUL,3986.506944444442,241.0,72.31
HUL,4011.0386111111093,246.0,72.31
HUL,4041.7163888888867,251.0,72.31
HUL,4058.6497222222197,254.0,72.31
HUL,4072.8163888888866,255.0,72.31
HUL,4098.616388888887,258.0,72.31
HUL,4130.638611111109,262.0,72.31
HUL,4148.305277777775,265.0,72.31
HUL,4181.183055555553,269.0,72.31
HUL,4193.183055555553,270.0,72.31
HUL,4211.383055555553,273.0,72.31
HUL,4226.716388888887,276.0,72.31
HUL,4241.9941666666655,275.0,72.31
HUL,4254.260833333332,276.0,72.31
HUL,4281.6608333333315,274.0,72.31
HUL,4302.505277777776,268.0,72.31
HUL,4317.449722222221,269.0,72.31
HUL,4329.449722222221,270.0,72.31
HUL,4350.527499999998,271.0,72.31
HUL,4362.571944444442,271.0,72.31
HUL,4374.660833333331,272.0,72.31
HUL,4410.794166666664,271.0,72.31
HUL,4438.1941666666635,274.0,72.31
HUL,4453.604166666664,276.0,72.31
HUL,4475.304166666664,279.0,72.31
HUL,4490.859722222219,280.0,72.31
HUL,4515.936666666664,283.0,72.31
HUL,4528.6477777777745,286.0,72.31
HUL,4547.781111111109,287.0,72.31
HUL,4563.725555555553,287.0,72.31
HUL,4589.592222222219,291.0,72.31
HUL,4602.614444444441,293.0,72.31
HUL,4622.281111111108,295.0,72.31
STR,3.3597222222222225,295.0,72.372
STR,43.359722222222224,300.0,72.372
STR,56.78194444444445,302.0,72.372
STR,83.89305555555555,305.0,72.372
STR,107.85611111111112,307.0,72.372
STR,128.38944444444445,308.0,72.372
STR,155.94500000000002,310.0,72.372
STR,187.145,312.0,72.372
STR,211.56722222222226,314.0,72.372
STR,229.01166666666668,314.0,72.372
STR,257.10055555555556,316.0,72.372
STR,278.07944444444445,316.0,72.372
STR,292.12388888888887,316.0,72.372
STR,316.77944444444444,317.0,72.372
STR,348.57944444444445,318.0,72.372
STR,376.93499999999995,319.0,72.372
STR,391.1572222222222,320.0,72.372
STR,408.93499999999995,320.0,72.372
STR,444.60166666666663,321.0,72.372
STR,466.0683333333332,322.0,72.372
STR,483.95722222222213,322.0,72.372
STR,505.4905555555555,323.0,72.372
STR,534.2016666666666,323.0,72.372
STR,552.2016666666665,324.0,72.372
STR,591.8016666666665,324.0,72.372
STR,606.2016666666665,324.0,72.372
STR,627.8016666666664,324.0,72.372
STR,645.8016666666664,324.0,72.372
STR,671.0016666666664,324.0,72.372
STR,696.2136111111108,323.0,72.372
STR,724.8358333333332,322.0,72.372
STR,743.2358333333331,276.0,72.372
STR,763.5024999999997,228.0,72.372
STR,772.6136111111108,205.0,72.372
STR,785.1469444444441,188.0,72.372
STR,798.6024999999996,173.0,72.372
STR,813.0913888888886,163.0,72.372
STR,823.5808333333331,158.0,72.372
STR,833.7141666666664,152.0,72.372
STR,842.3252777777775,155.0,72.372
STR,852.8586111111108,158.0,72.372
STR,870.2586111111108,174.0,72.372
STR,882.4586111111108,183.0,72.372
STR,892.7919444444442,186.0,72.372
STR,912.5919444444442,198.0,72.372
STR,937.8919444444441,207.0,72.372
STR,961.6697222222219,214.0,72.372
STR,986.5586111111108,224.0,72.372
STR,1006.9141666666665,229.0,72.372
STR,1022.5141666666664,234.0,72.372
STR,1035.5141666666664,234.0,72.372
STR,1056.9363888888886,241.0,72.372
STR,1081.504444444444,245.0,72.372
STR,1111.8155555555552,248.0,72.372
STR,1122.8822222222218,249.0,72.372
STR,1142.404444444444,251.0,72.372
STR,1167.8044444444438,254.0,72.372
STR,1179.137777777777,255.0,72.372
STR,1190.4711111111103,255.0,72.372
STR,1207.6711111111101,258.0,72.372
STR,1227.74361111111,259.0,72.372
STR,1245.1436111111102,261.0,72.372
STR,1271.54361111111,264.0,72.372
STR,1286.2658333333322,265.0,72.372
STR,1301.04361111111,266.0,72.372
STR,1315.8769444444436,267.0,72.372
STR,1327.832499999999,269.0,72.372
STR,1348.9102777777766,271.0,72.372
STR,1385.7102777777766,276.0,72.372
STR,1404.1769444444435,277.0,72.372
STR,1425.8769444444433,279.0,72.372
STR,1447.732499999999,281.0,72.372
STR,1466.532499999999,282.0,72.372
STR,1482.2547222222213,283.0,72.372
STR,1498.0880555555545,285.0,72.372
STR,1510.7991666666658,286.0,72.372
STR,1539.5991666666657,288.0,72.372
STR,1552.523888888888,289.0,72.372
STR,1578.123888888888,288.0,72.372
STR,1594.123888888888,288.0,72.372
STR,1606.4794444444435,278.0,72.372
STR,1623.34611111111,253.0,72.372
STR,1633.5238888888878,229.0,72.372
STR,1650.0127777777768,212.0,72.372
STR,1664.8683333333322,191.0,72.372
STR,1682.2683333333323,174.0,72.372
STR,1698.7683333333323,165.0,72.372
STR,1716.1691666666654,157.0,72.372
STR,1726.9024999999988,161.0,72.372
STR,1745.4580555555542,167.0,72.372
STR,1752.9691666666654,169.0,72.372
STR,1760.7469444444432,175.0,72.372
STR,1777.2802777777765,186.0,72.372
STR,1799.1691666666654,197.0,72.372
STR,1819.8691666666655,207.0,72.372
STR,1834.0024999999987,212.0,72.372
STR,1858.5580555555543,221.0,72.372
STR,1878.7358333333318,227.0,72.372
STR,1896.7024999999985,231.0,72.372
STR,1907.2358333333318,237.0,72.372
STR,1917.858055555554,239.0,72.372
STR,1931.4255555555542,243.0,72.372
STR,1945.0922222222207,246.0,72.372
STR,1961.7588888888874,250.0,72.372
STR,1989.9811111111096,254.0,72.372
STR,2006.9811111111096,255.0,72.372
STR,2021.5811111111097,219.0,72.372
STR,2039.7811111111098,182.0,72.372
STR,2050.2477777777763,157.0,72.372
STR,2056.914444444443,150.0,72.372
STR,2069.914444444443,130.0,72.372
STR,2075.567777777776,128.0,72.372
STR,2087.167777777776,116.0,72.372
STR,2096.9455555555537,110.0,72.372
STR,2111.078888888887,106.0,72.372
STR,2115.9677777777756,110.0,72.372
STR,2124.989999999998,116.0,72.372
STR,2131.767777777776,122.0,72.372
STR,2138.8788888888866,128.0,72.372
STR,2151.9455555555533,147.0,72.372
STR,2158.701111111109,152.0,72.372
STR,2165.9455555555533,163.0,72.372
STR,2179.71222222222,177.0,72.372
STR,2193.789999999998,181.0,72.372
STR,2218.3566666666648,201.0,72.372
STR,2242.193888888887,214.0,72.372
STR,2269.8161111111094,226.0,72.372
STR,2280.038333333332,230.0,72.372
STR,2295.7049999999986,235.0,72.372
STR,2314.449444444443,241.0,72.372
STR,2336.404999999999,247.0,72.372
STR,2350.293888888888,250.0,72.372
STR,2378.8494444444436,257.0,72.372
STR,2396.1161111111105,259.0,72.372
STR,2425.0436111111107,261.0,72.372
STR,2454.1547222222216,262.0,72.372
STR,2473.265833333333,215.0,72.372
STR,2485.7991666666658,188.0,72.372
STR,2497.2658333333325,172.0,72.372
STR,2518.4658333333327,159.0,72.372
STR,2527.021388888888,154.0,72.372
STR,2544.24361111111,155.0,72.372
STR,2558.9991666666656,166.0,72.372
STR,2568.6658333333326,174.0,72.372
STR,2576.5769444444436,178.0,72.372
STR,2595.976944444444,194.0,72.372
STR,2613.843611111111,201.0,72.372
STR,2639.9361111111107,213.0,72.372
STR,2659.7583333333328,223.0,72.372
STR,2680.202777777777,230.0,72.372
STR,2695.802777777777,234.0,72.372
STR,2716.8694444444436,237.0,72.372
STR,2736.002777777777,246.0,72.372
STR,2749.8916666666655,250.0,72.372
STR,2763.947222222221,253.0,72.372
STR,2778.169444444443,256.0,72.372
STR,2804.169444444443,260.0,72.372
STR,2824.551944444443,263.0,72.372
STR,2853.663055555554,262.0,72.372
STR,2865.2630555555543,261.0,72.372
STR,2882.663055555554,261.0,72.372
STR,2894.2630555555543,261.0,72.372
STR,2914.5630555555545,261.0,72.372
STR,2931.963055555554,261.0,72.372
STR,2958.3630555555546,264.0,72.372
STR,2973.140833333332,266.0,72.372
STR,2985.0519444444435,268.0,72.372
STR,3024.774166666665,275.0,72.372
STR,3037.040833333332,276.0,72.372
STR,3062.0186111111097,281.0,72.372
STR,3074.5963888888873,283.0,72.372
STR,3093.7424999999985,286.0,72.372
STR,3106.4980555555544,287.0,72.372
STR,3138.9424999999987,292.0,72.372
STR,3155.275833333332,294.0,72.372
STR,3181.675833333332,297.0,72.372
STR,3198.2313888888875,298.0,72.372
STR,3235.264722222221,303.0,72.372
STR,3255.5313888888877,304.0,72.372
STR,3286.0313888888877,305.0,72.372
STR,3306.431388888888,306.0,72.372
STR,3330.231388888888,306.0,72.372
STR,3360.7463888888874,306.0,72.372
STR,3384.746388888888,216.0,72.372
STR,3403.046388888888,183.0,72.372
STR,3417.446388888888,162.0,72.372
STR,3427.246388888888,147.0,72.372
STR,3433.557499999999,142.0,72.372
STR,3443.9797222222214,134.0,72.372
STR,3453.935277777777,128.0,72.372
STR,3463.501944444444,123.0,72.372
STR,3468.8797222222215,121.0,72.372
STR,3476.6797222222217,117.0,72.372
STR,3483.1797222222217,117.0,72.372
STR,3494.024166666666,122.0,72.372
STR,3503.703055555555,124.0,72.372
STR,3512.503055555555,132.0,72.372
STR,3518.591944444444,137.0,72.372
STR,3531.391944444444,144.0,72.372
STR,3538.2363888888885,154.0,72.372
STR,3559.1363888888886,171.0,72.372
STR,3568.858611111111,175.0,72.372
STR,3577.080833333333,185.0,72.372
STR,3594.3252777777775,194.0,72.372
STR,3616.769722222222,202.0,72.372
STR,3628.1030555555553,204.0,72.372
STR,3637.3919444444446,209.0,72.372
STR,3646.858611111111,213.0,72.372
STR,3656.1777777777775,211.0,72.372
STR,3666.8444444444444,192.0,72.372
STR,3683.1111111111113,183.0,72.372
STR,3690.8,173.0,72.372
STR,3701.466666666667,160.0,72.372
STR,3713.1333333333337,150.0,72.372
STR,3719.666666666667,147.0,72.372
STR,3737.8000000000006,136.0,72.372
STR,3752.244444444445,130.0,72.372
STR,3762.433333333334,131.0,72.372
STR,3774.344444444445,134.0,72.372
STR,3788.444444444445,141.0,72.372
STR,3799.6063888888893,143.0,72.372
STR,3809.8063888888896,153.0,72.372
STR,3822.4063888888895,162.0,72.372
STR,3833.6063888888893,168.0,72.372
STR,3855.973055555556,183.0,72.372
STR,3868.906388888889,194.0,72.372
STR,3892.0175,208.0,72.372
STR,3903.906388888889,214.0,72.372
STR,3921.173055555556,222.0,72.372
STR,3931.1286111111112,224.0,72.372
STR,3954.6286111111112,235.0,72.372
STR,3978.4622222222224,239.0,72.372
STR,3989.2177777777783,242.0,72.372
STR,4005.5511111111114,245.0,72.372
STR,4035.9844444444448,249.0,72.372
STR,4049.9844444444448,252.0,72.372
STR,4066.9177777777786,254.0,72.372
STR,4086.8288888888887,256.0,72.372
STR,4107.051111111111,260.0,72.372
STR,4130.517777777778,264.0,72.372
STR,4148.184444444444,265.0,72.372
STR,4166.051111111112,268.0,72.372
STR,4178.006666666667,269.0,72.372
STR,4199.084444444445,271.0,72.372
STR,4217.427222222223,274.0,72.372
STR,4232.5938888888895,273.0,72.372
STR,4244.682777777778,272.0,72.372
STR,4265.916111111112,273.0,72.372
STR,4281.027222222223,272.0,72.372
STR,4296.138333333333,272.0,72.372
STR,4311.138333333333,270.0,72.372
STR,4337.9383333333335,268.0,72.372
STR,4361.7605555555565,268.0,72.372
STR,4388.660555555556,269.0,72.372
STR,4409.660555555556,270.0,72.372
STR,4421.749444444445,272.0,72.372
STR,4436.916111111112,273.0,72.372
STR,4458.227222222223,274.0,72.372
STR,4479.617222222222,276.0,72.372
STR,4507.517222222222,279.0,72.372
STR,4526.2505555555545,281.0,72.372
STR,4541.917222222221,282.0,72.372
STR,4560.783888888887,283.0,72.372
STR,4589.383888888888,286.0,72.372
STR,4611.861666666666,289.0,72.372
STR,4631.328333333333,292.0,72.372
ZHO,9.359722222222222,293.0,72.738
ZHO,22.51527777777778,296.0,72.738
ZHO,52.61527777777778,301.0,72.738
ZHO,69.47694444444444,302.0,72.738
ZHO,89.81027777777778,305.0,72.738
ZHO,106.86583333333334,307.0,72.738
ZHO,127.46583333333334,309.0,72.738
ZHO,165.59916666666666,312.0,72.738
ZHO,189.94361111111112,313.0,72.738
ZHO,207.4436111111111,315.0,72.738
ZHO,228.44361111111112,315.0,72.738
ZHO,245.99916666666667,316.0,72.738
ZHO,263.66583333333335,318.0,72.738
ZHO,277.7991666666667,318.0,72.738
ZHO,295.4658333333333,318.0,72.738
ZHO,320.3547222222222,320.0,72.738
ZHO,345.32138888888886,321.0,72.738
ZHO,373.94361111111107,322.0,72.738
ZHO,402.6547222222222,323.0,72.738
ZHO,417.01027777777773,323.0,72.738
ZHO,449.5102777777777,325.0,72.738
ZHO,471.243611111111,326.0,72.738
ZHO,511.0880555555555,326.0,72.738
ZHO,525.5769444444444,326.0,72.738
ZHO,540.0194444444444,327.0,72.738
ZHO,554.5527777777777,327.0,72.738
ZHO,572.7194444444443,327.0,72.738
ZHO,605.5194444444444,328.0,72.738
ZHO,638.3194444444445,328.0,72.738
ZHO,652.9883333333333,328.0,72.738
ZHO,667.5661111111111,328.0,72.738
ZHO,682.1438888888889,328.0,72.738
ZHO,714.843888888889,327.0,72.738
ZHO,739.8216666666667,281.0,72.738
ZHO,756.3549999999999,248.0,72.738
ZHO,767.9661111111111,209.0,72.738
ZHO,778.5772222222222,191.0,72.738
ZHO,790.5772222222222,180.0,72.738
ZHO,802.3105555555555,176.0,72.738
ZHO,813.3772222222223,166.0,72.738
ZHO,825.8216666666667,160.0,72.738
ZHO,836.2883333333334,157.0,72.738
ZHO,855.9661111111112,161.0,72.738
ZHO,868.7994444444446,165.0,72.738
ZHO,882.5661111111112,177.0,72.738
ZHO,890.6550000000001,182.0,72.738
ZHO,905.355,189.0,72.738
ZHO,915.9105555555557,190.0,72.738
ZHO,928.9105555555557,195.0,72.738
ZHO,937.6661111111113,197.0,72.738
ZHO,946.643888888889,202.0,72.738
ZHO,962.5883333333335,205.0,72.738
ZHO,974.2519444444446,211.0,72.738
ZHO,991.3630555555557,220.0,72.738
ZHO,1001.1408333333335,220.0,72.738
ZHO,1019.1075000000002,231.0,72.738
ZHO,1037.4505555555556,235.0,72.738
ZHO,1050.5616666666667,236.0,72.738
ZHO,1063.9505555555556,241.0,72.738
ZHO,1077.3394444444446,241.0,72.738
ZHO,1093.6061111111112,244.0,72.738
ZHO,1107.272777777778,246.0,72.738
ZHO,1118.295,248.0,72.738
ZHO,1137.895,252.0,72.738
ZHO,1154.7616666666668,253.0,72.738
ZHO,1168.8727777777779,254.0,72.738
ZHO,1191.5394444444446,255.0,72.738
ZHO,1205.7616666666668,256.0,72.738
ZHO,1222.9616666666666,258.0,72.738
ZHO,1246.0727777777777,260.0,72.738
ZHO,1272.3727777777776,263.0,72.738
ZHO,1287.0949999999998,265.0,72.738
ZHO,1298.917222222222,266.0,72.738
ZHO,1310.8283333333331,268.0,72.738
ZHO,1325.8283333333334,270.0,72.738
ZHO,1340.8838888888888,271.0,72.738
ZHO,1359.0838888888886,273.0,72.738
ZHO,1371.3061111111108,275.0,72.738
ZHO,1392.7727777777775,276.0,72.738
ZHO,1405.128333333333,278.0,72.738
ZHO,1426.906111111111,280.0,72.738
ZHO,1451.9830555555552,283.0,72.738
ZHO,1464.649722222222,285.0,72.738
ZHO,1477.3608333333332,286.0,72.738
ZHO,1509.4719444444443,289.0,72.738
ZHO,1535.4194444444445,291.0,72.738
ZHO,1551.586111111111,291.0,72.738
ZHO,1567.8638888888888,293.0,72.738
ZHO,1590.6527777777778,293.0,72.738
ZHO,1608.786111111111,272.0,72.738
ZHO,1627.6083333333333,242.0,72.738
ZHO,1637.4305555555557,221.0,72.738
ZHO,1652.9861111111113,200.0,72.738
ZHO,1667.6083333333333,188.0,72.738
ZHO,1677.7194444444444,182.0,72.738
ZHO,1692.9194444444445,171.0,72.738
ZHO,1704.052777777778,167.0,72.738
ZHO,1721.7194444444444,159.0,72.738
ZHO,1735.9416666666666,160.0,72.738
ZHO,1744.997222222222,163.0,72.738
ZHO,1756.1305555555555,167.0,72.738
ZHO,1763.7305555555554,171.0,72.738
ZHO,1782.0305555555553,183.0,72.738
ZHO,1794.5638888888886,188.0,72.738
ZHO,1814.2638888888887,197.0,72.738
ZHO,1827.9305555555554,205.0,72.738
ZHO,1849.4705555555554,216.0,72.738
ZHO,1871.9705555555556,225.0,72.738
ZHO,1882.015,226.0,72.738
ZHO,1897.5483333333334,233.0,72.738
ZHO,1908.0580555555557,235.0,72.738
ZHO,1924.0580555555557,240.0,72.738
ZHO,1946.0136111111112,247.0,72.738
ZHO,1971.0136111111112,250.0,72.738
ZHO,1993.7691666666667,256.0,72.738
ZHO,2007.9358333333332,255.0,72.738
ZHO,2023.2691666666667,230.0,72.738
ZHO,2034.4913888888889,202.0,72.738
ZHO,2046.424722222222,179.0,72.738
ZHO,2053.5802777777776,161.0,72.738
ZHO,2066.380277777778,144.0,72.738
ZHO,2079.380277777778,130.0,72.738
ZHO,2088.791388888889,121.0,72.738
ZHO,2097.735833333333,115.0,72.738
ZHO,2106.0580555555553,107.0,72.738
ZHO,2114.2247222222218,105.0,72.738
ZHO,2124.0024999999996,110.0,72.738
ZHO,2133.1024999999995,117.0,72.738
ZHO,2147.7691666666665,132.0,72.738
ZHO,2153.9913888888887,140.0,72.738
ZHO,2173.669166666666,161.0,72.738
ZHO,2181.221666666666,171.0,72.738
ZHO,2193.0883333333327,178.0,72.738
ZHO,2210.0661111111103,191.0,72.738
ZHO,2220.95361111111,195.0,72.738
ZHO,2234.95361111111,210.0,72.738
ZHO,2244.4202777777764,213.0,72.738
ZHO,2264.064722222221,221.0,72.738
ZHO,2289.842499999999,232.0,72.738
ZHO,2302.95361111111,236.0,72.738
ZHO,2316.2869444444436,240.0,72.738
ZHO,2335.342499999999,245.0,72.738
ZHO,2360.442499999999,251.0,72.738
ZHO,2371.731388888888,254.0,72.738
ZHO,2403.509166666666,260.0,72.738
ZHO,2415.1536111111104,262.0,72.738
ZHO,2432.6869444444437,263.0,72.738
ZHO,2444.375833333332,263.0,72.738
ZHO,2458.320277777777,251.0,72.738
ZHO,2474.65361111111,210.0,72.738
ZHO,2483.142499999999,191.0,72.738
ZHO,2493.031388888888,178.0,72.738
ZHO,2500.7647222222213,174.0,72.738
ZHO,2510.0980555555548,168.0,72.738
ZHO,2524.0536111111105,157.0,72.738
ZHO,2530.986944444444,156.0,72.738
ZHO,2544.8536111111107,156.0,72.738
ZHO,2561.253611111111,164.0,72.738
ZHO,2574.738611111111,174.0,72.738
ZHO,2584.794166666666,181.0,72.738
ZHO,2602.003333333333,193.0,72.738
ZHO,2613.0588888888883,199.0,72.738
ZHO,2622.214444444444,206.0,72.738
ZHO,2631.4144444444437,207.0,72.738
ZHO,2648.136666666666,215.0,72.738
ZHO,2662.8699999999994,221.0,72.738
ZHO,2691.1033333333326,231.0,72.738
ZHO,2701.503333333332,234.0,72.738
ZHO,2714.78111111111,239.0,72.738
ZHO,2725.536666666666,242.0,72.738
ZHO,2739.147777777777,245.0,72.738
ZHO,2752.9255555555546,248.0,72.738
ZHO,2769.7255555555544,252.0,72.738
ZHO,2781.058888888888,255.0,72.738
ZHO,2798.258888888888,258.0,72.738
ZHO,2809.769999999999,259.0,72.738
ZHO,2835.369999999999,256.0,72.738
ZHO,2894.8699999999994,255.0,72.738
ZHO,2914.7811111111105,256.0,72.738
ZHO,2929.003333333332,256.0,72.738
ZHO,2946.2033333333325,258.0,72.738
ZHO,2975.2033333333325,261.0,72.738
ZHO,2995.7366666666658,264.0,72.738
ZHO,3019.7366666666658,270.0,72.738
ZHO,3037.99361111111,275.0,72.738
ZHO,3053.438055555555,278.0,72.738
ZHO,3081.716388888888,282.0,72.738
ZHO,3103.883055555555,285.0,72.738
ZHO,3123.2163888888886,290.0,72.738
ZHO,3142.6830555555553,292.0,72.738
ZHO,3155.794166666666,295.0,72.738
ZHO,3168.949722222222,296.0,72.738
ZHO,3185.5052777777773,298.0,72.738
ZHO,3202.1719444444443,300.0,72.738
ZHO,3215.5941666666663,302.0,72.738
ZHO,3239.3163888888885,305.0,72.738
ZHO,3256.316388888889,306.0,72.738
ZHO,3270.049722222222,309.0,72.738
ZHO,3297.5163888888887,309.0,72.738
ZHO,3325.2497222222223,312.0,72.738
ZHO,3345.983055555556,311.0,72.738
ZHO,3366.7163888888886,311.0,72.738
ZHO,3393.7275,221.0,72.738
ZHO,3412.949722222222,173.0,72.738
ZHO,3421.949722222222,162.0,72.738
ZHO,3432.0163888888887,151.0,72.738
ZHO,3444.549722222222,141.0,72.738
ZHO,3452.049722222222,135.0,72.738
ZHO,3460.449722222222,126.0,72.738
ZHO,3465.960833333333,124.0,72.738
ZHO,3473.8941666666665,119.0,72.738
ZHO,3482.8841666666663,116.0,72.738
ZHO,3489.193333333333,113.0,72.738
ZHO,3502.193333333333,117.0,72.738
ZHO,3511.604444444444,121.0,72.738
ZHO,3524.5044444444443,129.0,72.738
ZHO,3533.4377777777777,134.0,72.738
ZHO,3541.326666666667,142.0,72.738
ZHO,3551.5266666666666,153.0,72.738
ZHO,3564.2044444444446,163.0,72.738
ZHO,3571.804444444445,171.0,72.738
ZHO,3587.982222222223,182.0,72.738
ZHO,3609.6488888888894,195.0,72.738
ZHO,3623.2488888888893,204.0,72.738
ZHO,3644.448888888889,212.0,72.738
ZHO,3668.56,217.0,72.738
ZHO,3679.9488888888886,205.0,72.738
ZHO,3692.148888888889,183.0,72.738
ZHO,3703.948888888889,177.0,72.738
ZHO,3717.726666666667,155.0,72.738
ZHO,3727.4600000000005,146.0,72.738
ZHO,3741.1600000000003,137.0,72.738
ZHO,3750.0933333333332,134.0,72.738
ZHO,3757.371111111111,131.0,72.738
ZHO,3764.3155555555554,125.0,72.738
ZHO,3775.391944444444,125.0,72.738
ZHO,3786.894444444444,129.0,72.738
ZHO,3792.7611111111105,132.0,72.738
ZHO,3803.416666666666,137.0,72.738
ZHO,3811.3611111111104,143.0,72.738
ZHO,3827.0611111111107,157.0,72.738
ZHO,3836.283333333333,166.0,72.738
ZHO,3846.005555555555,175.0,72.738
ZHO,3858.0055555555546,180.0,72.738
ZHO,3868.4499999999994,188.0,72.738
ZHO,3877.1611111111106,196.0,72.738
ZHO,3895.4722222222213,206.0,72.738
ZHO,3904.8499999999995,211.0,72.738
ZHO,3916.9611111111108,218.0,72.738
ZHO,3944.827777777777,228.0,72.738
ZHO,3955.1833333333325,233.0,72.738
ZHO,3973.694444444444,238.0,72.738
ZHO,3984.361111111111,240.0,72.738
ZHO,4006.1388888888887,245.0,72.738
ZHO,4033.6944444444434,248.0,72.738
ZHO,4044.805555555555,250.0,72.738
ZHO,4064.483333333333,253.0,72.738
ZHO,4093.038888888888,257.0,72.738
ZHO,4110.372222222222,260.0,72.738
ZHO,4124.872222222221,261.0,72.738
ZHO,4148.516666666666,266.0,72.738
ZHO,4169.513611111111,269.0,72.738
ZHO,4193.704444444444,273.0,72.738
ZHO,4205.882222222222,274.0,72.738
ZHO,4227.426666666666,277.0,72.738
ZHO,4248.504444444444,271.0,72.738
ZHO,4260.504444444445,270.0,72.738
ZHO,4275.2266666666665,265.0,72.738
ZHO,4295.448888888889,260.0,72.738
ZHO,4315.515555555556,258.0,72.738
ZHO,4338.5377777777785,259.0,72.738
ZHO,4367.76,263.0,72.738
ZHO,4382.426666666667,264.0,72.738
ZHO,4394.248888888889,266.0,72.738
ZHO,4409.026666666668,266.0,72.738
ZHO,4433.115555555557,271.0,72.738
ZHO,4463.44888888889,273.0,72.738
ZHO,4475.671111111112,275.0,72.738
ZHO,4503.571111111111,279.0,72.738
ZHO,4528.637777777779,282.0,72.738
ZHO,4553.8822222222225,284.0,72.738
ZHO,4576.048888888889,285.0,72.738
ZHO,4588.982222222224,291.0,72.738
ZHO,4601.915555555557,291.0,72.738
ZHO,4624.782222222224,294.0,72.738
MAG,22.566111111111113,302.0,72.937
MAG,49.67722222222221,305.0,72.937
MAG,63.32166666666666,307.0,72.937
MAG,80.48833333333332,309.0,72.937
MAG,107.86916666666666,309.0,72.937
MAG,132.2136111111111,313.0,72.937
MAG,160.3025,316.0,72.937
MAG,174.39138888888888,317.0,72.937
MAG,188.52472222222224,318.0,72.937
MAG,206.24694444444444,319.0,72.937
MAG,231.13583333333335,320.0,72.937
MAG,249.0247222222222,322.0,72.937
MAG,270.55805555555554,323.0,72.937
MAG,309.9136111111111,322.0,72.937
MAG,331.4469444444444,323.0,72.937
MAG,352.9802777777777,323.0,72.937
MAG,381.6913888888888,323.0,72.937
MAG,403.3144444444444,323.0,72.937
MAG,421.3699999999999,325.0,72.937
MAG,450.2588888888888,325.0,72.937
MAG,468.36999999999995,326.0,72.937
MAG,490.1033333333333,326.0,72.937
MAG,508.1588888888888,325.0,72.937
MAG,533.5144444444444,326.0,72.937
MAG,569.7366666666667,326.0,72.937
MAG,587.8477777777778,326.0,72.937
MAG,624.1811111111111,327.0,72.937
MAG,660.6255555555556,328.0,72.937
MAG,678.8477777777778,328.0,72.937
MAG,704.2033333333334,326.0,72.937
MAG,722.0580555555557,323.0,72.937
MAG,743.6025000000001,277.0,72.937
MAG,754.491388888889,245.0,72.937
MAG,769.091388888889,219.0,72.937
MAG,778.0247222222224,201.0,72.937
MAG,794.6469444444447,187.0,72.937
MAG,809.1358333333335,163.0,72.937
MAG,829.6691666666668,154.0,72.937
MAG,838.0580555555557,151.0,72.937
MAG,849.8025000000001,151.0,72.937
MAG,865.6025000000001,158.0,72.937
MAG,876.5144444444445,163.0,72.937
MAG,892.5144444444445,180.0,72.937
MAG,915.6144444444445,189.0,72.937
MAG,924.0144444444445,189.0,72.937
MAG,932.5477777777778,192.0,72.937
MAG,947.8700000000001,197.0,72.937
MAG,956.758888888889,200.0,72.937
MAG,973.0144444444445,209.0,72.937
MAG,997.458888888889,220.0,72.937
MAG,1009.958888888889,225.0,72.937
MAG,1030.4922222222224,231.0,72.937
MAG,1048.847777777778,236.0,72.937
MAG,1067.3588888888892,238.0,72.937
MAG,1088.9800000000002,244.0,72.937
MAG,1099.8688888888892,245.0,72.937
MAG,1119.1577777777782,248.0,72.937
MAG,1135.824444444445,250.0,72.937
MAG,1147.0688888888892,253.0,72.937
MAG,1161.1800000000003,254.0,72.937
MAG,1181.0911111111116,256.0,72.937
MAG,1204.113333333334,259.0,72.937
MAG,1221.4466666666672,260.0,72.937
MAG,1233.046666666667,261.0,72.937
MAG,1250.5133333333335,262.0,72.937
MAG,1277.0133333333338,265.0,72.937
MAG,1300.9100000000003,268.0,72.937
MAG,1315.8544444444447,269.0,72.937
MAG,1330.7988888888892,269.0,72.937
MAG,1354.9766666666667,272.0,72.937
MAG,1367.1544444444444,274.0,72.937
MAG,1385.4877777777779,275.0,72.937
MAG,1400.8766666666668,277.0,72.937
MAG,1428.8766666666668,280.0,72.937
MAG,1447.7433333333336,283.0,72.937
MAG,1473.0766666666668,285.0,72.937
MAG,1488.9655555555557,286.0,72.937
MAG,1508.2322222222224,289.0,72.937
MAG,1543.676666666667,290.0,72.937
MAG,1572.876666666667,292.0,72.937
MAG,1585.8544444444449,292.0,72.937
MAG,1608.3294444444448,290.0,72.937
MAG,1622.9405555555559,263.0,72.937
MAG,1649.2183333333337,215.0,72.937
MAG,1663.8405555555557,188.0,72.937
MAG,1681.840555555556,180.0,72.937
MAG,1691.0627777777781,166.0,72.937
MAG,1701.7294444444447,160.0,72.937
MAG,1715.4183333333335,154.0,72.937
MAG,1722.2183333333335,153.0,72.937
MAG,1729.0183333333334,153.0,72.937
MAG,1744.561388888889,155.0,72.937
MAG,1753.3391666666669,158.0,72.937
MAG,1764.4725000000003,167.0,72.937
MAG,1782.2725000000003,178.0,72.937
MAG,1792.2725000000003,180.0,72.937
MAG,1802.8280555555557,190.0,72.937
MAG,1816.0280555555557,198.0,72.937
MAG,1836.4280555555556,204.0,72.937
MAG,1857.9280555555556,215.0,72.937
MAG,1883.0391666666667,226.0,72.937
MAG,1893.1725000000001,228.0,72.937
MAG,1914.2391666666667,237.0,72.937
MAG,1938.6391666666666,244.0,72.937
MAG,1960.8613888888888,250.0,72.937
MAG,1983.6344444444444,257.0,72.937
MAG,2012.112222222222,233.0,72.937
MAG,2021.2233333333331,205.0,72.937
MAG,2038.4233333333332,172.0,72.937
MAG,2052.201111111111,155.0,72.937
MAG,2061.201111111111,135.0,72.937
MAG,2067.067777777778,132.0,72.937
MAG,2074.067777777778,126.0,72.937
MAG,2088.1233333333334,115.0,72.937
MAG,2101.4758333333334,109.0,72.937
MAG,2108.5425,106.0,72.937
MAG,2119.1425,106.0,72.937
MAG,2132.4758333333334,120.0,72.937
MAG,2137.8091666666664,120.0,72.937
MAG,2146.8091666666664,135.0,72.937
MAG,2152.9869444444444,139.0,72.937
MAG,2162.786944444444,147.0,72.937
MAG,2179.486944444444,167.0,72.937
MAG,2193.486944444444,180.0,72.937
MAG,2210.5536111111105,192.0,72.937
MAG,2219.398055555555,199.0,72.937
MAG,2230.8424999999993,206.0,72.937
MAG,2242.5091666666663,210.0,72.937
MAG,2259.5424999999996,219.0,72.937
MAG,2271.9799999999996,225.0,72.937
MAG,2300.9466666666663,237.0,72.937
MAG,2319.924444444444,244.0,72.937
MAG,2333.591111111111,246.0,72.937
MAG,2352.9577777777777,249.0,72.937
MAG,2367.0688888888885,254.0,72.937
MAG,2390.18,260.0,72.937
MAG,2407.6466666666665,262.0,72.937
MAG,2428.257777777778,265.0,72.937
MAG,2451.6194444444445,262.0,72.937
MAG,2467.086111111111,232.0,72.937
MAG,2476.3305555555553,208.0,72.937
MAG,2496.441666666666,181.0,72.937
MAG,2513.041666666666,166.0,72.937
MAG,2522.1527777777774,164.0,72.937
MAG,2530.930555555555,158.0,72.937
MAG,2537.8638888888886,156.0,72.937
MAG,2548.2638888888887,156.0,72.937
MAG,2555.2861111111106,158.0,72.937
MAG,2566.1527777777774,163.0,72.937
MAG,2575.486111111111,168.0,72.937
MAG,2587.5527777777775,181.0,72.937
MAG,2606.9527777777776,194.0,72.937
MAG,2625.3527777777776,207.0,72.937
MAG,2644.375,214.0,72.937
MAG,2663.8694444444445,220.0,72.937
MAG,2683.7805555555556,224.0,72.937
MAG,2696.613888888889,231.0,72.937
MAG,2707.1027777777776,236.0,72.937
MAG,2728.7027777777776,243.0,72.937
MAG,2748.0694444444443,249.0,72.937
MAG,2759.136111111111,249.0,72.937
MAG,2784.8361111111108,257.0,72.937
MAG,2802.1694444444443,260.0,72.937
MAG,2831.3533333333335,262.0,72.937
MAG,2842.9977777777776,262.0,72.937
MAG,2857.4977777777776,261.0,72.937
MAG,2877.5644444444442,258.0,72.937
MAG,2891.8422222222216,257.0,72.937
MAG,2911.908888888888,258.0,72.937
MAG,2923.3755555555545,258.0,72.937
MAG,2949.475555555555,261.0,72.937
MAG,2969.93111111111,263.0,72.937
MAG,2987.597777777777,265.0,72.937
MAG,3002.486666666666,268.0,72.937
MAG,3039.286666666666,276.0,72.937
MAG,3070.619999999999,282.0,72.937
MAG,3089.5533333333324,284.0,72.937
MAG,3118.4533333333325,289.0,72.937
MAG,3138.053333333333,294.0,72.937
MAG,3160.9158333333326,295.0,72.937
MAG,3180.849166666666,299.0,72.937
MAG,3221.115833333333,302.0,72.937
MAG,3234.671388888888,305.0,72.937
MAG,3255.071388888888,306.0,72.937
MAG,3275.6713888888876,309.0,72.937
MAG,3296.404722222221,311.0,72.937
MAG,3310.2269444444437,311.0,72.937
MAG,3327.6158333333324,313.0,72.937
MAG,3348.5694444444434,313.0,72.937
MAG,3368.03611111111,292.0,72.937
MAG,3390.8361111111103,228.0,72.937
MAG,3399.7249999999995,200.0,72.937
MAG,3408.169444444444,190.0,72.937
MAG,3423.4583333333326,172.0,72.937
MAG,3432.069444444444,155.0,72.937
MAG,3440.124999999999,145.0,72.937
MAG,3446.169444444444,136.0,72.937
MAG,3452.03611111111,132.0,72.937
MAG,3457.6805555555547,127.0,72.937
MAG,3465.813888888888,122.0,72.937
MAG,3476.213888888888,117.0,72.937
MAG,3487.413888888888,112.0,72.937
MAG,3493.63611111111,112.0,72.937
MAG,3501.502777777777,118.0,72.937
MAG,3509.5694444444434,121.0,72.937
MAG,3522.569444444444,130.0,72.937
MAG,3528.658333333333,137.0,72.937
MAG,3536.563055555555,143.0,72.937
MAG,3546.696388888888,152.0,72.937
MAG,3557.296388888888,159.0,72.937
MAG,3564.6741666666658,166.0,72.937
MAG,3578.4408333333326,177.0,72.937
MAG,3588.7186111111105,185.0,72.937
MAG,3597.11861111111,189.0,72.937
MAG,3612.51861111111,198.0,72.937
MAG,3623.8519444444437,204.0,72.937
MAG,3642.8444444444435,213.0,72.937
MAG,3657.4444444444434,219.0,72.937
MAG,3671.1777777777766,206.0,72.937
MAG,3681.788888888888,191.0,72.937
MAG,3689.9666666666653,184.0,72.937
MAG,3702.8777777777764,166.0,72.937
MAG,3719.21111111111,147.0,72.937
MAG,3725.433333333332,140.0,72.937
MAG,3751.61111111111,124.0,72.937
MAG,3758.499999999999,124.0,72.937
MAG,3765.333333333332,123.0,72.937
MAG,3772.388888888888,127.0,72.937
MAG,3779.61111111111,130.0,72.937
MAG,3789.9555555555544,133.0,72.937
MAG,3795.91111111111,134.0,72.937
MAG,3808.799999999999,145.0,72.937
MAG,3817.0777777777766,149.0,72.937
MAG,3825.688888888888,155.0,72.937
MAG,3832.9333333333325,163.0,72.937
MAG,3848.440277777777,175.0,72.937
MAG,3858.606944444444,183.0,72.937
MAG,3871.2069444444437,189.0,72.937
MAG,3879.962499999999,197.0,72.937
MAG,3898.4513888888882,208.0,72.937
MAG,3907.962499999999,214.0,72.937
MAG,3920.129166666666,219.0,72.937
MAG,3935.0624999999995,224.0,72.937
MAG,3955.8383333333327,233.0,72.937
MAG,3974.349444444444,238.0,72.937
MAG,3990.6161111111105,244.0,72.937
MAG,4006.882777777778,244.0,72.937
MAG,4037.5605555555553,251.0,72.937
MAG,4054.6272222222215,256.0,72.937
MAG,4080.4272222222216,258.0,72.937
MAG,4103.627222222222,261.0,72.937
MAG,4121.160555555555,263.0,72.937
MAG,4132.982777777777,266.0,72.937
MAG,4150.782777777778,267.0,72.937
MAG,4174.871666666667,271.0,72.937
MAG,4202.371666666667,275.0,72.937
MAG,4217.649444444445,275.0,72.937
MAG,4233.038333333334,277.0,72.937
MAG,4245.349444444445,277.0,72.937
MAG,4257.660555555556,277.0,72.937
MAG,4278.816111111112,272.0,72.937
MAG,4308.408611111112,267.0,72.937
MAG,4328.941944444446,264.0,72.937
MAG,4352.319722222224,263.0,72.937
MAG,4364.008611111113,263.0,72.937
MAG,4381.675277777779,265.0,72.937
MAG,4405.408611111113,267.0,72.937
MAG,4432.483611111112,270.0,72.937
MAG,4447.650277777779,273.0,72.937
MAG,4462.928055555557,275.0,72.937
MAG,4484.472500000002,277.0,72.937
MAG,4512.472500000002,280.0,72.937
MAG,4543.916944444445,283.0,72.937
MAG,4559.750277777779,285.0,72.937
MAG,4575.750277777779,288.0,72.937
MAG,4595.083611111112,290.0,72.937
MAG,4611.305833333335,292.0,72.937
MAG,4630.905833333335,294.0,72.937
TSU,20.13,297.0,72.985
TSU,53.57444444444445,301.0,72.985
TSU,80.59666666666666,304.0,72.985
TSU,104.47444444444444,307.0,72.985
TSU,118.16333333333333,308.0,72.985
TSU,135.27444444444444,308.0,72.985
TSU,152.5522222222222,311.0,72.985
TSU,173.4188888888889,313.0,72.985
TSU,187.37444444444446,314.0,72.985
TSU,204.87444444444444,315.0,72.985
TSU,233.05222222222224,317.0,72.985
TSU,272.04111111111115,319.0,72.985
TSU,289.6747222222223,319.0,72.985
TSU,318.11916666666673,320.0,72.985
TSU,346.6525000000001,321.0,72.985
TSU,368.1191666666668,322.0,72.985
TSU,396.83027777777784,323.0,72.985
TSU,422.04222222222234,323.0,72.985
TSU,436.44222222222226,324.0,72.985
TSU,450.8422222222223,324.0,72.985
TSU,476.1200000000001,325.0,72.985
TSU,497.85333333333347,326.0,72.985
TSU,534.0755555555556,326.0,72.985
TSU,570.408888888889,327.0,72.985
TSU,599.4755555555557,327.0,72.985
TSU,628.5422222222223,327.0,72.985
TSU,650.408888888889,328.0,72.985
TSU,668.5755555555556,327.0,72.985
TSU,701.1755555555557,326.0,72.985
TSU,729.708888888889,321.0,72.985
TSU,745.597777777778,286.0,72.985
TSU,764.108888888889,238.0,72.985
TSU,785.8866666666669,196.0,72.985
TSU,807.0311111111113,173.0,72.985
TSU,834.5436111111112,155.0,72.985
TSU,848.321388888889,155.0,72.985
TSU,857.210277777778,160.0,72.985
TSU,874.1102777777779,169.0,72.985
TSU,881.8919444444446,174.0,72.985
TSU,891.9475000000002,181.0,72.985
TSU,900.1697222222224,185.0,72.985
TSU,910.6141666666668,188.0,72.985
TSU,921.2808333333335,192.0,72.985
TSU,938.8808333333335,198.0,72.985
TSU,947.9030555555557,203.0,72.985
TSU,957.0586111111113,206.0,72.985
TSU,978.5586111111113,215.0,72.985
TSU,990.7808333333336,220.0,72.985
TSU,1010.7808333333335,225.0,72.985
TSU,1021.0919444444446,232.0,72.985
TSU,1039.3697222222224,235.0,72.985
TSU,1057.9586111111112,239.0,72.985
TSU,1068.6697222222224,241.0,72.985
TSU,1101.4697222222223,246.0,72.985
TSU,1118.0030555555556,248.0,72.985
TSU,1145.8919444444443,251.0,72.985
TSU,1162.6919444444443,252.0,72.985
TSU,1182.4475,254.0,72.985
TSU,1216.8475,258.0,72.985
TSU,1228.3586111111113,259.0,72.985
TSU,1245.6197222222222,260.0,72.985
TSU,1257.2197222222221,261.0,72.985
TSU,1286.5530555555556,264.0,72.985
TSU,1304.2197222222221,265.0,72.985
TSU,1337.1722222222222,269.0,72.985
TSU,1361.35,272.0,72.985
TSU,1376.572222222222,274.0,72.985
TSU,1397.9611111111108,275.0,72.985
TSU,1428.85,278.0,72.985
TSU,1444.461111111111,281.0,72.985
TSU,1472.761111111111,283.0,72.985
TSU,1498.1833333333332,286.0,72.985
TSU,1510.9388888888886,287.0,72.985
TSU,1530.1388888888885,288.0,72.985
TSU,1549.472222222222,290.0,72.985
TSU,1565.583333333333,290.0,72.985
TSU,1584.9833333333331,291.0,72.985
TSU,1597.9166666666665,291.0,72.985
TSU,1619.1499999999996,273.0,72.985
TSU,1634.7499999999998,234.0,72.985
TSU,1644.6166666666663,222.0,72.985
TSU,1658.0166666666662,201.0,72.985
TSU,1672.1722222222218,182.0,72.985
TSU,1687.5499999999995,173.0,72.985
TSU,1700.4611111111105,166.0,72.985
TSU,1719.4844444444439,156.0,72.985
TSU,1737.2622222222217,160.0,72.985
TSU,1744.5511111111107,164.0,72.985
TSU,1755.7977777777774,168.0,72.985
TSU,1765.464444444444,174.0,72.985
TSU,1779.6199999999997,182.0,72.985
TSU,1800.953333333333,192.0,72.985
TSU,1818.464444444444,197.0,72.985
TSU,1834.5644444444442,207.0,72.985
TSU,1848.6311111111108,211.0,72.985
TSU,1858.2311111111107,216.0,72.985
TSU,1880.4311111111108,222.0,72.985
TSU,1895.6311111111108,228.0,72.985
TSU,1905.853333333333,230.0,72.985
TSU,1924.2088888888884,236.0,72.985
TSU,1940.3422222222218,242.0,72.985
TSU,1956.7422222222217,246.0,72.985
TSU,1970.6311111111106,250.0,72.985
TSU,1984.6311111111108,252.0,72.985
TSU,2001.6311111111108,255.0,72.985
TSU,2027.1866666666663,230.0,72.985
TSU,2044.8866666666663,177.0,72.985
TSU,2051.953333333333,159.0,72.985
TSU,2061.6199999999994,145.0,72.985
TSU,2072.042222222222,134.0,72.985
TSU,2077.553333333333,124.0,72.985
TSU,2085.254444444444,116.0,72.985
TSU,2096.454444444444,112.0,72.985
TSU,2107.0838888888884,106.0,72.985
TSU,2116.150555555555,102.0,72.985
TSU,2125.4838888888885,105.0,72.985
TSU,2134.428333333333,115.0,72.985
TSU,2141.2061111111107,122.0,72.985
TSU,2148.4838888888885,131.0,72.985
TSU,2154.7061111111107,140.0,72.985
TSU,2166.839444444444,156.0,72.985
TSU,2173.9505555555547,160.0,72.985
TSU,2183.1172222222217,165.0,72.985
TSU,2190.9838888888885,177.0,72.985
TSU,2203.383888888888,186.0,72.985
TSU,2220.8061111111106,196.0,72.985
TSU,2229.828333333333,203.0,72.985
TSU,2239.1172222222217,209.0,72.985
TSU,2258.4949999999994,218.0,72.985
TSU,2280.8949999999995,224.0,72.985
TSU,2293.728333333333,231.0,72.985
TSU,2312.2394444444444,238.0,72.985
TSU,2342.4283333333333,247.0,72.985
TSU,2356.3172222222224,250.0,72.985
TSU,2384.7616666666668,256.0,72.985
TSU,2399.039444444444,257.0,72.985
TSU,2425.1666666666665,262.0,72.985
TSU,2436.855555555556,263.0,72.985
TSU,2460.4847222222224,265.0,72.985
TSU,2470.0402777777776,215.0,72.985
TSU,2493.0180555555557,188.0,72.985
TSU,2511.1291666666666,163.0,72.985
TSU,2521.7958333333336,160.0,72.985
TSU,2535.3069444444445,152.0,72.985
TSU,2543.9180555555554,155.0,72.985
TSU,2552.695833333333,158.0,72.985
TSU,2565.4513888888887,164.0,72.985
TSU,2572.9180555555554,168.0,72.985
TSU,2584.984722222222,181.0,72.985
TSU,2595.4291666666663,188.0,72.985
TSU,2604.0958333333333,195.0,72.985
TSU,2615.206944444444,200.0,72.985
TSU,2624.3180555555555,205.0,72.985
TSU,2645.8180555555555,215.0,72.985
TSU,2657.9847222222224,219.0,72.985
TSU,2678.1625000000004,227.0,72.985
TSU,2690.9958333333334,231.0,72.985
TSU,2706.8625,238.0,72.985
TSU,2736.8069444444445,245.0,72.985
TSU,2750.6958333333337,250.0,72.985
TSU,2776.3958333333335,257.0,72.985
TSU,2793.6625000000004,259.0,72.985
TSU,2808.2005555555556,263.0,72.985
TSU,2831.311666666667,260.0,72.985
TSU,2842.8500000000004,258.0,72.985
TSU,2859.983333333333,257.0,72.985
TSU,2885.483333333333,255.0,72.985
TSU,2919.616666666667,256.0,72.985
TSU,2936.6833333333334,256.0,72.985
TSU,2956.8277777777776,259.0,72.985
TSU,2977.0499999999997,260.0,72.985
TSU,2997.661111111111,265.0,72.985
TSU,3012.55,268.0,72.985
TSU,3039.8500000000004,273.0,72.985
TSU,3052.0722222222225,275.0,72.985
TSU,3070.672222222223,279.0,72.985
TSU,3089.5388888888897,283.0,72.985
TSU,3115.0500000000006,287.0,72.985
TSU,3144.0500000000006,290.0,72.985
TSU,3160.327777777778,293.0,72.985
TSU,3173.394444444445,294.0,72.985
TSU,3196.494444444445,297.0,72.985
TSU,3209.738888888889,298.0,72.985
TSU,3226.405555555556,300.0,72.985
TSU,3253.3388888888894,303.0,72.985
TSU,3266.8500000000004,304.0,72.985
TSU,3280.4500000000007,306.0,72.985
TSU,3300.9833333333336,308.0,72.985
TSU,3324.9388888888893,308.0,72.985
TSU,3359.3833333333337,310.0,72.985
TSU,3380.0500000000006,310.0,72.985
TSU,3397.6277777777786,226.0,72.985
TSU,3412.4833333333345,191.0,72.985
TSU,3420.3055555555566,176.0,72.985
TSU,3429.7500000000014,170.0,72.985
TSU,3438.1388888888905,151.0,72.985
TSU,3450.2277777777795,136.0,72.985
TSU,3457.4500000000016,130.0,72.985
TSU,3465.783333333335,125.0,72.985
TSU,3476.361111111113,119.0,72.985
TSU,3486.316666666669,112.0,72.985
TSU,3496.0055555555577,109.0,72.985
TSU,3503.4055555555574,111.0,72.985
TSU,3512.4277777777797,116.0,72.985
TSU,3517.761111111113,120.0,72.985
TSU,3527.638888888891,127.0,72.985
TSU,3533.550000000002,133.0,72.985
TSU,3546.4388888888907,145.0,72.985
TSU,3554.9944444444463,154.0,72.985
TSU,3562.194444444446,162.0,72.985
TSU,3573.461111111113,169.0,72.985
TSU,3581.3277777777794,177.0,72.985
TSU,3593.5944444444463,184.0,72.985
TSU,3608.5277777777796,192.0,72.985
TSU,3633.2166666666685,202.0,72.985
TSU,3644.6591666666686,207.0,72.985
TSU,3658.7844444444468,211.0,72.985
TSU,3676.11777777778,195.0,72.985
TSU,3686.3955555555576,185.0,72.985
TSU,3699.5400000000022,169.0,72.985
TSU,3708.484444444447,161.0,72.985
TSU,3725.0400000000027,149.0,72.985
TSU,3733.1511111111136,146.0,72.985
TSU,3747.2511111111135,141.0,72.985
TSU,3756.31777777778,136.0,72.985
TSU,3766.506666666669,131.0,72.985
TSU,3773.6177777777802,128.0,72.985
TSU,3785.262222222225,131.0,72.985
TSU,3794.128888888891,133.0,72.985
TSU,3803.4622222222247,140.0,72.985
TSU,3813.0622222222246,144.0,72.985
TSU,3819.728888888891,150.0,72.985
TSU,3831.628888888891,153.0,72.985
TSU,3844.773333333336,169.0,72.985
TSU,3854.551111111113,176.0,72.985
TSU,3871.2622222222244,188.0,72.985
TSU,3884.395555555558,197.0,72.985
TSU,3893.284444444447,200.0,72.985
TSU,3907.21777777778,209.0,72.985
TSU,3919.21777777778,216.0,72.985
TSU,3939.128888888891,224.0,72.985
TSU,3957.095555555558,231.0,72.985
TSU,3978.162222222224,237.0,72.985
TSU,3996.5955555555574,237.0,72.985
TSU,4012.395555555558,237.0,72.985
TSU,4034.440000000002,248.0,72.985
TSU,4059.740000000002,253.0,72.985
TSU,4076.673333333335,254.0,72.985
TSU,4105.228888888891,257.0,72.985
TSU,4128.340000000002,260.0,72.985
TSU,4148.717777777779,262.0,72.985
TSU,4163.495555555557,266.0,72.985
TSU,4190.395555555557,269.0,72.985
TSU,4220.951111111112,275.0,72.985
TSU,4248.451111111112,275.0,72.985
TSU,4266.651111111112,273.0,72.985
TSU,4278.51777777778,267.0,72.985
TSU,4293.351111111112,267.0,72.985
TSU,4316.817777777779,264.0,72.985
TSU,4334.484444444445,265.0,72.985
TSU,4363.9288888888905,265.0,72.985
TSU,4378.706666666669,266.0,72.985
TSU,4390.528888888891,266.0,72.985
TSU,4411.295555555557,267.0,72.985
TSU,4423.162222222224,267.0,72.985
TSU,4447.251111111113,271.0,72.985
TSU,4465.51777777778,274.0,72.985
TSU,4480.795555555558,275.0,72.985
TSU,4502.41777777778,278.0,72.985
TSU,4517.973333333335,280.0,72.985
TSU,4552.562222222225,283.0,72.985
TSU,4571.495555555557,284.0,72.985
TSU,4590.695555555557,288.0,72.985
TSU,4623.251111111113,293.0,72.985
TSU,4636.317777777779,294.0,72.985
RIC,19.897777777777776,296.0,73.075
RIC,53.23111111111111,300.0,73.075
RIC,66.6088888888889,301.0,73.075
RIC,86.87555555555556,304.0,73.075
RIC,100.38666666666667,304.0,73.075
RIC,120.85333333333334,307.0,73.075
RIC,151.75333333333333,309.0,73.075
RIC,175.9422222222222,311.0,73.075
RIC,203.76444444444445,313.0,73.075
RIC,217.67555555555555,313.0,73.075
RIC,235.17555555555555,315.0,73.075
RIC,252.73111111111112,316.0,73.075
RIC,277.38666666666666,317.0,73.075
RIC,294.965,318.0,73.075
RIC,333.95388888888886,319.0,73.075
RIC,358.76499999999993,319.0,73.075
RIC,376.5427777777777,320.0,73.075
RIC,401.5094444444444,321.0,73.075
RIC,419.3983333333333,322.0,73.075
RIC,448.02055555555546,322.0,73.075
RIC,469.5538888888888,323.0,73.075
RIC,494.75388888888887,324.0,73.075
RIC,523.6438888888888,324.0,73.075
RIC,545.3105555555555,325.0,73.075
RIC,559.755,325.0,73.075
RIC,595.8661111111111,325.0,73.075
RIC,628.4661111111111,326.0,73.075
RIC,646.5772222222222,326.0,73.075
RIC,664.7438888888888,327.0,73.075
RIC,679.2772222222221,327.0,73.075
RIC,701.0772222222221,327.0,73.075
RIC,715.566111111111,326.0,73.075
RIC,735.4994444444444,299.0,73.075
RIC,751.166111111111,282.0,73.075
RIC,766.9661111111111,237.0,73.075
RIC,787.2661111111112,203.0,73.075
RIC,802.9994444444444,177.0,73.075
RIC,817.666111111111,165.0,73.075
RIC,831.5780555555555,157.0,73.075
RIC,845.0002777777777,151.0,73.075
RIC,853.5558333333332,154.0,73.075
RIC,860.4002777777777,154.0,73.075
RIC,875.333611111111,168.0,73.075
RIC,889.1780555555555,178.0,73.075
RIC,897.3113888888888,183.0,73.075
RIC,916.4113888888888,191.0,73.075
RIC,929.4113888888888,195.0,73.075
RIC,952.0233333333333,203.0,73.075
RIC,961.3122222222222,209.0,73.075
RIC,973.1455555555556,213.0,73.075
RIC,990.0233333333333,217.0,73.075
RIC,1002.4122222222221,223.0,73.075
RIC,1020.3788888888888,231.0,73.075
RIC,1030.7344444444443,233.0,73.075
RIC,1054.4344444444444,237.0,73.075
RIC,1073.1788888888887,241.0,73.075
RIC,1089.4455555555553,244.0,73.075
RIC,1103.112222222222,246.0,73.075
RIC,1136.4455555555553,250.0,73.075
RIC,1164.4455555555553,252.0,73.075
RIC,1181.3788888888887,254.0,73.075
RIC,1206.9788888888886,256.0,73.075
RIC,1224.1788888888884,258.0,73.075
RIC,1244.3288888888885,260.0,73.075
RIC,1261.7288888888886,261.0,73.075
RIC,1296.9288888888884,264.0,73.075
RIC,1308.7511111111107,266.0,73.075
RIC,1326.6844444444441,269.0,73.075
RIC,1344.684444444444,270.0,73.075
RIC,1362.884444444444,273.0,73.075
RIC,1375.0177777777774,273.0,73.075
RIC,1390.2955555555552,275.0,73.075
RIC,1408.8391666666662,277.0,73.075
RIC,1427.439166666666,279.0,73.075
RIC,1455.6391666666664,282.0,73.075
RIC,1468.2169444444442,283.0,73.075
RIC,1480.883611111111,285.0,73.075
RIC,1506.3947222222218,287.0,73.075
RIC,1522.394722222222,288.0,73.075
RIC,1538.4502777777775,289.0,73.075
RIC,1551.3391666666664,290.0,73.075
RIC,1564.2280555555553,290.0,73.075
RIC,1577.1613888888887,291.0,73.075
RIC,1596.6280555555552,292.0,73.075
RIC,1620.005833333333,263.0,73.075
RIC,1642.9058333333328,229.0,73.075
RIC,1654.1836111111106,203.0,73.075
RIC,1667.7169444444442,203.0,73.075
RIC,1679.516944444444,177.0,73.075
RIC,1696.4169444444442,169.0,73.075
RIC,1703.7502777777775,165.0,73.075
RIC,1712.6499999999996,161.0,73.075
RIC,1723.0499999999995,156.0,73.075
RIC,1733.5166666666662,157.0,73.075
RIC,1740.5388888888883,158.0,73.075
RIC,1752.983333333333,160.0,73.075
RIC,1762.205555555555,166.0,73.075
RIC,1769.805555555555,171.0,73.075
RIC,1783.8833333333325,181.0,73.075
RIC,1794.2722222222217,187.0,73.075
RIC,1811.7488888888881,196.0,73.075
RIC,1825.0822222222216,200.0,73.075
RIC,1838.9488888888882,208.0,73.075
RIC,1850.7822222222214,213.0,73.075
RIC,1860.337777777777,215.0,73.075
RIC,1877.6044444444437,222.0,73.075
RIC,1903.1599999999992,230.0,73.075
RIC,1913.5599999999993,234.0,73.075
RIC,1965.7044444444439,247.0,73.075
RIC,1979.6488888888882,251.0,73.075
RIC,1993.7599999999993,254.0,73.075
RIC,2007.9822222222215,256.0,73.075
RIC,2021.5933333333328,245.0,73.075
RIC,2037.1488888888882,200.0,73.075
RIC,2045.0155555555548,177.0,73.075
RIC,2059.415555555555,162.0,73.075
RIC,2067.6933333333327,149.0,73.075
RIC,2075.137777777777,134.0,73.075
RIC,2080.915555555555,130.0,73.075
RIC,2091.371666666666,118.0,73.075
RIC,2097.649444444444,113.0,73.075
RIC,2105.049444444444,111.0,73.075
RIC,2109.8938888888883,109.0,73.075
RIC,2119.138333333333,104.0,73.075
RIC,2123.8049999999994,105.0,73.075
RIC,2129.693888888888,106.0,73.075
RIC,2137.427222222221,116.0,73.075
RIC,2148.5730555555547,125.0,73.075
RIC,2159.3063888888883,138.0,73.075
RIC,2168.8397222222216,143.0,73.075
RIC,2179.7063888888883,163.0,73.075
RIC,2201.8286111111106,181.0,73.075
RIC,2214.361944444444,188.0,73.075
RIC,2234.661944444444,203.0,73.075
RIC,2253.5063888888885,212.0,73.075
RIC,2268.239722222222,221.0,73.075
RIC,2278.1952777777774,224.0,73.075
RIC,2293.5952777777775,231.0,73.075
RIC,2314.661944444444,237.0,73.075
RIC,2339.061944444444,244.0,73.075
RIC,2352.784166666667,247.0,73.075
RIC,2366.728611111111,251.0,73.075
RIC,2378.0175000000004,254.0,73.075
RIC,2389.395277777778,256.0,73.075
RIC,2409.5397222222227,259.0,73.075
RIC,2438.799722222223,264.0,73.075
RIC,2459.4108333333343,265.0,73.075
RIC,2478.3441666666677,213.0,73.075
RIC,2486.921944444445,193.0,73.075
RIC,2498.921944444445,180.0,73.075
RIC,2513.7663888888897,167.0,73.075
RIC,2529.911111111112,161.0,73.075
RIC,2538.5222222222233,155.0,73.075
RIC,2547.0222222222233,153.0,73.075
RIC,2559.311111111112,158.0,73.075
RIC,2576.311111111112,170.0,73.075
RIC,2597.200000000001,188.0,73.075
RIC,2607.9777777777786,194.0,73.075
RIC,2619.033333333334,199.0,73.075
RIC,2632.700000000001,205.0,73.075
RIC,2644.3666666666677,210.0,73.075
RIC,2658.566666666668,213.0,73.075
RIC,2681.166666666668,226.0,73.075
RIC,2704.666666666668,235.0,73.075
RIC,2717.8888888888905,238.0,73.075
RIC,2734.155555555557,244.0,73.075
RIC,2745.1777777777793,248.0,73.075
RIC,2764.7000000000016,251.0,73.075
RIC,2781.8333333333344,257.0,73.075
RIC,2796.2222222222235,259.0,73.075
RIC,2819.2611111111128,260.0,73.075
RIC,2842.4611111111126,261.0,73.075
RIC,2853.9722222222235,259.0,73.075
RIC,2888.1055555555567,256.0,73.075
RIC,2916.5500000000015,256.0,73.075
RIC,2942.3213888888904,257.0,73.075
RIC,2959.5880555555573,259.0,73.075
RIC,2985.788055555557,262.0,73.075
RIC,2997.4769444444455,263.0,73.075
RIC,3018.32138888889,268.0,73.075
RIC,3033.4325000000013,272.0,73.075
RIC,3064.32138888889,278.0,73.075
RIC,3086.0991666666678,280.0,73.075
RIC,3105.0991666666678,285.0,73.075
RIC,3130.7880555555566,289.0,73.075
RIC,3166.5991666666678,293.0,73.075
RIC,3196.2991666666676,297.0,73.075
RIC,3216.232500000001,299.0,73.075
RIC,3246.532500000001,303.0,73.075
RIC,3266.7991666666676,304.0,73.075
RIC,3280.3547222222232,305.0,73.075
RIC,3297.410277777779,307.0,73.075
RIC,3334.932500000001,307.0,73.075
RIC,3348.668333333334,311.0,73.075
RIC,3365.946111111112,311.0,73.075
RIC,3390.446111111112,245.0,73.075
RIC,3402.390555555556,215.0,73.075
RIC,3415.3238888888895,194.0,73.075
RIC,3423.5461111111117,185.0,73.075
RIC,3439.289722222223,157.0,73.075
RIC,3445.7341666666675,145.0,73.075
RIC,3455.9230555555564,131.0,73.075
RIC,3462.8119444444455,124.0,73.075
RIC,3469.4230555555564,119.0,73.075
RIC,3480.8230555555565,114.0,73.075
RIC,3488.2230555555566,111.0,73.075
RIC,3496.6230555555567,108.0,73.075
RIC,3505.4119444444455,113.0,73.075
RIC,3518.85638888889,121.0,73.075
RIC,3530.3230555555565,129.0,73.075
RIC,3540.8230555555565,135.0,73.075
RIC,3547.35638888889,147.0,73.075
RIC,3556.0230555555568,156.0,73.075
RIC,3564.9675000000016,161.0,73.075
RIC,3576.434166666668,172.0,73.075
RIC,3584.3897222222236,179.0,73.075
RIC,3594.55638888889,183.0,73.075
RIC,3611.8897222222236,195.0,73.075
RIC,3636.700833333335,203.0,73.075
RIC,3648.4197222222238,212.0,73.075
RIC,3667.0863888888903,210.0,73.075
RIC,3683.975277777779,190.0,73.075
RIC,3695.775277777779,177.0,73.075
RIC,3710.5308333333346,166.0,73.075
RIC,3722.395277777779,152.0,73.075
RIC,3728.70638888889,142.0,73.075
RIC,3734.9286111111123,140.0,73.075
RIC,3745.2730555555568,133.0,73.075
RIC,3753.80638888889,128.0,73.075
RIC,3767.584166666668,124.0,73.075
RIC,3781.8063888888905,128.0,73.075
RIC,3793.273055555557,129.0,73.075
RIC,3805.539722222224,138.0,73.075
RIC,3815.139722222224,144.0,73.075
RIC,3823.361944444446,148.0,73.075
RIC,3839.7619444444463,164.0,73.075
RIC,3855.406388888891,176.0,73.075
RIC,3865.5730555555574,183.0,73.075
RIC,3880.5841666666684,193.0,73.075
RIC,3903.4730555555575,206.0,73.075
RIC,3930.239722222224,219.0,73.075
RIC,3971.9522222222236,235.0,73.075
RIC,3993.0188888888906,237.0,73.075
RIC,4006.352222222224,240.0,73.075
RIC,4031.252222222224,249.0,73.075
RIC,4042.3880555555565,249.0,73.075
RIC,4056.3880555555565,252.0,73.075
RIC,4067.6769444444453,254.0,73.075
RIC,4081.8436111111123,255.0,73.075
RIC,4096.065833333335,256.0,73.075
RIC,4119.088055555558,259.0,73.075
RIC,4130.643611111113,260.0,73.075
RIC,4142.199166666669,260.0,73.075
RIC,4168.899166666669,267.0,73.075
RIC,4183.899166666669,270.0,73.075
RIC,4208.254722222224,274.0,73.075
RIC,4220.521388888891,276.0,73.075
RIC,4241.832500000002,274.0,73.075
RIC,4262.832500000001,270.0,73.075
RIC,4274.61027777778,265.0,73.075
RIC,4309.543611111112,262.0,73.075
RIC,4327.010277777779,262.0,73.075
RIC,4356.232500000001,263.0,73.075
RIC,4373.765833333335,263.0,73.075
RIC,4394.2991666666685,264.0,73.075
RIC,4430.032500000001,268.0,73.075
RIC,4442.032500000002,270.0,73.075
RIC,4460.156666666668,273.0,73.075
RIC,4472.290000000002,273.0,73.075
RIC,4503.17888888889,278.0,73.075
RIC,4521.77888888889,279.0,73.075
RIC,4556.446388888889,283.0,73.075
RIC,4581.9575,287.0,73.075
RIC,4598.013055555556,289.0,73.075
RIC,4620.724166666667,292.0,73.075
ALB,8.487499999999999,291.0,73.153
ALB,31.427500000000002,296.0,73.153
ALB,68.21638888888889,301.0,73.153
ALB,81.59416666666667,301.0,73.153
ALB,118.87194444444444,305.0,73.153
ALB,135.9275,307.0,73.153
ALB,149.57194444444445,307.0,73.153
ALB,184.0163888888889,310.0,73.153
ALB,208.1275,310.0,73.153
ALB,225.46083333333334,312.0,73.153
ALB,256.7608333333333,313.0,73.153
ALB,274.2052777777778,314.0,73.153
ALB,298.7052777777778,315.0,73.153
ALB,312.74972222222226,316.0,73.153
ALB,326.7941666666667,316.0,73.153
ALB,340.83861111111116,316.0,73.153
ALB,361.9719444444445,317.0,73.153
ALB,390.2386111111111,318.0,73.153
ALB,411.4386111111111,318.0,73.153
ALB,429.1608333333333,319.0,73.153
ALB,461.06083333333333,319.0,73.153
ALB,475.2830555555555,320.0,73.153
ALB,493.0608333333333,320.0,73.153
ALB,507.3275,321.0,73.153
ALB,532.3719444444445,322.0,73.153
ALB,553.8386111111112,322.0,73.153
ALB,575.3052777777777,322.0,73.153
ALB,600.3497222222222,322.0,73.153
ALB,621.8163888888889,322.0,73.153
ALB,646.8608333333334,322.0,73.153
ALB,664.8052777777777,323.0,73.153
ALB,682.7497222222222,323.0,73.153
ALB,707.8719444444444,323.0,73.153
ALB,725.5386111111111,318.0,73.153
ALB,747.6274999999999,284.0,73.153
ALB,758.0274999999999,234.0,73.153
ALB,767.8941666666666,222.0,73.153
ALB,781.0941666666666,198.0,73.153
ALB,791.7608333333333,192.0,73.153
ALB,799.8497222222221,182.0,73.153
ALB,809.4608333333333,173.0,73.153
ALB,825.6608333333332,162.0,73.153
ALB,839.7941666666666,159.0,73.153
ALB,848.738611111111,161.0,73.153
ALB,867.2941666666666,167.0,73.153
ALB,883.1163888888888,178.0,73.153
ALB,891.2497222222221,183.0,73.153
ALB,903.7163888888888,187.0,73.153
ALB,912.1608333333332,190.0,73.153
ALB,920.7830555555554,194.0,73.153
ALB,933.9163888888887,197.0,73.153
ALB,952.049722222222,204.0,73.153
ALB,968.2274999999998,208.0,73.153
ALB,982.6941666666664,217.0,73.153
ALB,992.4883333333332,219.0,73.153
ALB,1017.2041666666665,223.0,73.153
ALB,1035.326388888889,233.0,73.153
ALB,1050.9930555555554,235.0,73.153
ALB,1066.8597222222222,238.0,73.153
ALB,1082.8597222222222,240.0,73.153
ALB,1098.9930555555557,242.0,73.153
ALB,1109.8375,244.0,73.153
ALB,1131.615277777778,245.0,73.153
ALB,1148.2152777777778,249.0,73.153
ALB,1162.1597222222222,251.0,73.153
ALB,1184.648611111111,253.0,73.153
ALB,1198.7597222222223,254.0,73.153
ALB,1212.9819444444445,256.0,73.153
ALB,1230.1152777777777,257.0,73.153
ALB,1250.1819444444445,258.0,73.153
ALB,1273.2930555555556,260.0,73.153
ALB,1299.6930555555555,264.0,73.153
ALB,1314.4152777777776,265.0,73.153
ALB,1335.259722222222,268.0,73.153
ALB,1356.259722222222,270.0,73.153
ALB,1380.4374999999998,272.0,73.153
ALB,1392.6152777777775,274.0,73.153
ALB,1404.8374999999994,275.0,73.153
ALB,1432.6374999999996,278.0,73.153
ALB,1457.6933333333327,281.0,73.153
ALB,1476.4933333333329,282.0,73.153
ALB,1492.215555555555,283.0,73.153
ALB,1507.9697222222217,285.0,73.153
ALB,1543.0474999999994,287.0,73.153
ALB,1565.5252777777773,289.0,73.153
ALB,1578.3697222222218,289.0,73.153
ALB,1597.703055555555,290.0,73.153
ALB,1609.614166666666,268.0,73.153
ALB,1623.7808333333326,255.0,73.153
ALB,1636.6697222222215,232.0,73.153
ALB,1654.5363888888883,201.0,73.153
ALB,1668.8474999999994,184.0,73.153
ALB,1678.6808333333327,177.0,73.153
ALB,1692.0586111111104,172.0,73.153
ALB,1701.1697222222215,164.0,73.153
ALB,1709.9474999999993,158.0,73.153
ALB,1725.9474999999995,160.0,73.153
ALB,1738.703055555555,164.0,73.153
ALB,1751.9252777777772,170.0,73.153
ALB,1759.5697222222216,172.0,73.153
ALB,1771.5030555555547,179.0,73.153
ALB,1779.5474999999992,181.0,73.153
ALB,1794.325277777777,190.0,73.153
ALB,1807.5919444444437,199.0,73.153
ALB,1830.591944444444,207.0,73.153
ALB,1849.5252777777773,213.0,73.153
ALB,1864.253055555555,220.0,73.153
ALB,1884.341944444444,226.0,73.153
ALB,1899.677777777777,231.0,73.153
ALB,1920.8333333333326,238.0,73.153
ALB,1950.7777777777771,245.0,73.153
ALB,1967.4444444444437,250.0,73.153
ALB,1978.6444444444437,252.0,73.153
ALB,1995.577777777777,254.0,73.153
ALB,2011.9111111111104,245.0,73.153
ALB,2027.5444444444438,201.0,73.153
ALB,2040.766666666666,170.0,73.153
ALB,2058.977777777777,149.0,73.153
ALB,2069.555555555555,136.0,73.153
ALB,2076.666666666666,128.0,73.153
ALB,2082.044444444444,121.0,73.153
ALB,2091.066666666666,116.0,73.153
ALB,2106.522222222222,107.0,73.153
ALB,2114.533333333333,103.0,73.153
ALB,2119.244444444444,106.0,73.153
ALB,2125.244444444444,108.0,73.153
ALB,2131.6888888888884,116.0,73.153
ALB,2141.022222222222,120.0,73.153
ALB,2146.7111111111108,128.0,73.153
ALB,2157.6777777777775,141.0,73.153
ALB,2180.6588888888887,172.0,73.153
ALB,2188.703333333333,181.0,73.153
ALB,2203.325555555555,188.0,73.153
ALB,2221.225,202.0,73.153
ALB,2230.3361111111108,205.0,73.153
ALB,2239.625,209.0,73.153
ALB,2259.1805555555557,220.0,73.153
ALB,2279.4472222222225,228.0,73.153
ALB,2300.1583333333338,233.0,73.153
ALB,2321.6694444444447,242.0,73.153
ALB,2340.802777777778,246.0,73.153
ALB,2354.636111111111,249.0,73.153
ALB,2368.5805555555557,251.0,73.153
ALB,2394.1805555555557,256.0,73.153
ALB,2411.380555555556,258.0,73.153
ALB,2434.4916666666663,260.0,73.153
ALB,2448.6583333333333,255.0,73.153
ALB,2470.1583333333333,215.0,73.153
ALB,2485.4805555555554,197.0,73.153
ALB,2501.036111111111,175.0,73.153
ALB,2508.5027777777777,168.0,73.153
ALB,2528.1805555555557,161.0,73.153
ALB,2543.8805555555555,157.0,73.153
ALB,2556.603611111111,163.0,73.153
ALB,2573.703611111111,171.0,73.153
ALB,2587.6258333333335,179.0,73.153
ALB,2607.0716666666667,195.0,73.153
ALB,2625.293888888889,205.0,73.153
ALB,2641.938333333333,214.0,73.153
ALB,2651.4494444444445,214.0,73.153
ALB,2681.5827777777777,226.0,73.153
ALB,2694.416111111111,231.0,73.153
ALB,2715.6605555555557,239.0,73.153
ALB,2731.9272222222226,244.0,73.153
ALB,2742.771666666667,244.0,73.153
ALB,2762.2161111111113,250.0,73.153
ALB,2776.438333333334,256.0,73.153
ALB,2808.216111111112,260.0,73.153
ALB,2825.616111111112,261.0,73.153
ALB,2837.216111111112,261.0,73.153
ALB,2866.1050000000005,260.0,73.153
ALB,2894.7716666666674,258.0,73.153
ALB,2909.1050000000005,258.0,73.153
ALB,2920.5716666666676,258.0,73.153
ALB,2934.9050000000007,258.0,73.153
ALB,2946.416111111112,259.0,73.153
ALB,2969.616111111112,261.0,73.153
ALB,2999.022777777778,264.0,73.153
ALB,3025.8227777777784,268.0,73.153
ALB,3043.956111111112,272.0,73.153
ALB,3065.4236111111118,277.0,73.153
ALB,3096.6458333333344,281.0,73.153
ALB,3112.4791666666674,285.0,73.153
ALB,3147.6791666666677,288.0,73.153
ALB,3160.6125000000006,291.0,73.153
ALB,3176.945833333334,294.0,73.153
ALB,3216.4125000000004,296.0,73.153
ALB,3243.079166666667,300.0,73.153
ALB,3266.568055555556,302.0,73.153
ALB,3286.768055555556,303.0,73.153
ALB,3317.0680555555564,303.0,73.153
ALB,3333.956944444445,304.0,73.153
ALB,3354.223611111112,304.0,73.153
ALB,3382.123611111112,279.0,73.153
ALB,3403.990277777779,246.0,73.153
ALB,3414.3236111111123,186.0,73.153
ALB,3427.3125000000014,167.0,73.153
ALB,3441.7125000000015,144.0,73.153
ALB,3452.290277777779,136.0,73.153
ALB,3459.492777777779,129.0,73.153
ALB,3467.8261111111124,125.0,73.153
ALB,3480.8261111111124,117.0,73.153
ALB,3489.692777777779,114.0,73.153
ALB,3497.3594444444457,115.0,73.153
ALB,3505.2597222222234,119.0,73.153
ALB,3511.9819444444456,121.0,73.153
ALB,3522.093055555557,130.0,73.153
ALB,3531.22638888889,137.0,73.153
ALB,3544.204166666668,146.0,73.153
ALB,3554.6708333333345,157.0,73.153
ALB,3565.8708333333348,168.0,73.153
ALB,3585.6486111111126,178.0,73.153
ALB,3593.915277777779,186.0,73.153
ALB,3602.181944444446,186.0,73.153
ALB,3622.281944444446,201.0,73.153
ALB,3643.081944444446,208.0,73.153
ALB,3654.9152777777795,213.0,73.153
ALB,3676.581944444446,195.0,73.153
ALB,3687.081944444446,189.0,73.153
ALB,3696.915277777779,177.0,73.153
ALB,3706.193055555557,167.0,73.153
ALB,3719.704166666668,152.0,73.153
ALB,3732.504166666668,144.0,73.153
ALB,3743.004166666668,135.0,73.153
ALB,3748.996944444446,134.0,73.153
ALB,3763.219166666668,128.0,73.153
ALB,3771.619166666668,126.0,73.153
ALB,3781.574722222224,128.0,73.153
ALB,3794.937500000002,134.0,73.153
ALB,3801.070833333335,138.0,73.153
ALB,3810.4041666666685,140.0,73.153
ALB,3820.137500000002,146.0,73.153
ALB,3828.5819444444464,152.0,73.153
ALB,3839.448611111113,163.0,73.153
ALB,3846.826388888891,166.0,73.153
ALB,3864.926388888891,181.0,73.153
ALB,3879.7819444444463,191.0,73.153
ALB,3892.9819444444465,198.0,73.153
ALB,3909.237500000002,209.0,73.153
ALB,3921.126388888891,214.0,73.153
ALB,3948.7486111111134,226.0,73.153
ALB,3966.8708333333357,233.0,73.153
ALB,3977.4041666666694,237.0,73.153
ALB,3998.8263888888914,241.0,73.153
ALB,4012.381944444447,244.0,73.153
ALB,4023.31527777778,246.0,73.153
ALB,4042.604166666669,248.0,73.153
ALB,4062.2041666666687,252.0,73.153
ALB,4079.1375000000016,254.0,73.153
ALB,4090.4708333333356,255.0,73.153
ALB,4104.8200000000015,257.0,73.153
ALB,4130.920000000002,261.0,73.153
ALB,4160.364444444447,265.0,73.153
ALB,4175.197777777779,267.0,73.153
ALB,4190.142222222224,269.0,73.153
ALB,4205.142222222224,270.0,73.153
ALB,4226.299722222223,273.0,73.153
ALB,4244.499722222224,273.0,73.153
ALB,4268.588611111112,271.0,73.153
ALB,4289.588611111112,270.0,73.153
ALB,4304.421944444446,267.0,73.153
ALB,4322.155277777779,266.0,73.153
ALB,4348.755277777779,266.0,73.153
ALB,4366.421944444446,265.0,73.153
ALB,4381.088611111112,264.0,73.153
ALB,4401.621944444446,264.0,73.153
ALB,4419.288611111113,265.0,73.153
ALB,4448.733055555556,265.0,73.153
ALB,4469.499722222223,267.0,73.153
ALB,4496.399722222222,269.0,73.153
ALB,4514.399722222223,270.0,73.153
ALB,4538.66638888889,273.0,73.153
ALB,4569.333055555557,276.0,73.153
ALB,4587.943611111113,278.0,73.153
ALB,4606.543611111112,279.0,73.153
ALB,4631.788055555558,284.0,73.153
SAR,21.2425,293.0,73.509
SAR,54.46472222222222,299.0,73.509
SAR,67.79805555555555,300.0,73.509
SAR,88.01527777777778,302.0,73.509
SAR,104.90416666666667,304.0,73.509
SAR,128.6263888888889,305.0,73.509
SAR,162.9597222222222,309.0,73.509
SAR,190.60416666666666,311.0,73.509
SAR,214.9486111111111,313.0,73.509
SAR,235.94861111111112,315.0,73.509
SAR,249.94861111111112,315.0,73.509
SAR,281.6486111111111,317.0,73.509
SAR,302.78194444444443,317.0,73.509
SAR,316.91527777777776,318.0,73.509
SAR,341.7263888888889,319.0,73.509
SAR,363.05972222222226,320.0,73.509
SAR,384.4597222222222,321.0,73.509
SAR,402.29305555555555,321.0,73.509
SAR,420.18194444444447,322.0,73.509
SAR,441.7152777777778,323.0,73.509
SAR,477.6041666666667,323.0,73.509
SAR,510.10416666666674,325.0,73.509
SAR,524.5486111111112,325.0,73.509
SAR,546.2152777777778,325.0,73.509
SAR,571.4930555555557,325.0,73.509
SAR,585.9819444444446,326.0,73.509
SAR,607.6247222222223,326.0,73.509
SAR,640.2247222222223,326.0,73.509
SAR,672.9152777777779,326.0,73.509
SAR,701.8041666666668,325.0,73.509
SAR,729.1819444444445,308.0,73.509
SAR,751.815277777778,291.0,73.509
SAR,764.5375000000001,229.0,73.509
SAR,776.0930555555557,208.0,73.509
SAR,784.9375000000001,199.0,73.509
SAR,798.8597222222224,179.0,73.509
SAR,806.4597222222225,171.0,73.509
SAR,815.7930555555557,168.0,73.509
SAR,822.9930555555558,162.0,73.509
SAR,833.3263888888891,155.0,73.509
SAR,847.2819444444447,157.0,73.509
SAR,854.2597222222224,157.0,73.509
SAR,861.4152777777779,161.0,73.509
SAR,876.6152777777779,171.0,73.509
SAR,894.815277777778,182.0,73.509
SAR,905.0375000000001,184.0,73.509
SAR,919.5819444444445,187.0,73.509
SAR,943.2930555555557,194.0,73.509
SAR,954.4597222222224,201.0,73.509
SAR,978.0152777777779,212.0,73.509
SAR,989.9041666666667,214.0,73.509
SAR,1012.2419444444445,224.0,73.509
SAR,1022.3752777777778,228.0,73.509
SAR,1043.151111111111,233.0,73.509
SAR,1053.5511111111111,234.0,73.509
SAR,1082.7622222222224,239.0,73.509
SAR,1109.651111111111,242.0,73.509
SAR,1126.0511111111111,246.0,73.509
SAR,1148.0955555555556,248.0,73.509
SAR,1161.9288888888889,249.0,73.509
SAR,1175.9288888888889,252.0,73.509
SAR,1195.6844444444446,254.0,73.509
SAR,1207.0177777777778,255.0,73.509
SAR,1224.1511111111113,257.0,73.509
SAR,1238.4844444444445,258.0,73.509
SAR,1249.9511111111112,258.0,73.509
SAR,1264.3955555555556,260.0,73.509
SAR,1275.9511111111112,260.0,73.509
SAR,1302.2511111111112,263.0,73.509
SAR,1316.9733333333334,265.0,73.509
SAR,1340.7066666666667,267.0,73.509
SAR,1355.54,267.0,73.509
SAR,1373.6066666666668,271.0,73.509
SAR,1407.0955555555556,274.0,73.509
SAR,1422.428888888889,276.0,73.509
SAR,1450.228888888889,278.0,73.509
SAR,1468.8955555555556,280.0,73.509
SAR,1484.483888888889,282.0,73.509
SAR,1509.5505555555555,282.0,73.509
SAR,1522.2963888888887,285.0,73.509
SAR,1541.3630555555555,286.0,73.509
SAR,1569.8630555555555,285.0,73.509
SAR,1605.1963888888888,265.0,73.509
SAR,1621.329722222222,242.0,73.509
SAR,1638.3630555555553,219.0,73.509
SAR,1654.3852777777777,206.0,73.509
SAR,1669.1630555555553,190.0,73.509
SAR,1679.2741666666664,182.0,73.509
SAR,1696.0741666666665,168.0,73.509
SAR,1703.5408333333332,168.0,73.509
SAR,1714.0741666666665,158.0,73.509
SAR,1724.6074999999998,158.0,73.509
SAR,1738.829722222222,160.0,73.509
SAR,1755.229722222222,164.0,73.509
SAR,1764.6741666666665,170.0,73.509
SAR,1772.4519444444443,175.0,73.509
SAR,1786.2963888888887,178.0,73.509
SAR,1794.6519444444443,188.0,73.509
SAR,1805.4297222222222,194.0,73.509
SAR,1823.3852777777774,202.0,73.509
SAR,1832.5852777777775,207.0,73.509
SAR,1841.7852777777775,207.0,73.509
SAR,1856.1852777777776,216.0,73.509
SAR,1873.5297222222218,223.0,73.509
SAR,1899.1963888888886,231.0,73.509
SAR,1914.863055555555,235.0,73.509
SAR,1933.451944444444,239.0,73.509
SAR,1952.429722222222,244.0,73.509
SAR,1963.2741666666664,244.0,73.509
SAR,1977.1074999999996,249.0,73.509
SAR,1990.9963888888885,250.0,73.509
SAR,2013.3963888888886,252.0,73.509
SAR,2025.0630555555551,210.0,73.509
SAR,2036.5297222222218,172.0,73.509
SAR,2049.6852777777776,148.0,73.509
SAR,2061.951944444444,138.0,73.509
SAR,2073.240833333333,127.0,73.509
SAR,2081.240833333333,120.0,73.509
SAR,2090.0297222222216,113.0,73.509
SAR,2094.829722222222,108.0,73.509
SAR,2102.9963888888883,105.0,73.509
SAR,2107.663055555555,105.0,73.509
SAR,2116.8186111111104,103.0,73.509
SAR,2122.874166666666,109.0,73.509
SAR,2127.7186111111105,109.0,73.509
SAR,2135.785277777777,121.0,73.509
SAR,2141.163055555555,121.0,73.509
SAR,2150.2297222222214,136.0,73.509
SAR,2161.585277777777,146.0,73.509
SAR,2182.485277777777,171.0,73.509
SAR,2192.1036111111102,174.0,73.509
SAR,2204.0866666666657,179.0,73.509
SAR,2221.7755555555545,199.0,73.509
SAR,2233.386666666666,209.0,73.509
SAR,2249.8755555555545,212.0,73.509
SAR,2261.9866666666658,218.0,73.509
SAR,2287.319999999999,228.0,73.509
SAR,2300.2644444444436,233.0,73.509
SAR,2324.1644444444437,239.0,73.509
SAR,2340.497777777777,245.0,73.509
SAR,2359.942222222221,250.0,73.509
SAR,2373.9977777777767,253.0,73.509
SAR,2396.6644444444432,255.0,73.509
SAR,2413.8644444444435,258.0,73.509
SAR,2431.1977777777765,260.0,73.509
SAR,2448.5977777777766,261.0,73.509
SAR,2460.197777777777,261.0,73.509
SAR,2476.453333333332,209.0,73.509
SAR,2490.6866666666656,183.0,73.509
SAR,2500.297777777777,173.0,73.509
SAR,2514.697777777777,162.0,73.509
SAR,2525.0311111111105,155.0,73.509
SAR,2531.83111111111,153.0,73.509
SAR,2541.9644444444434,152.0,73.509
SAR,2550.5199999999986,154.0,73.509
SAR,2565.542222222221,169.0,73.509
SAR,2578.9977777777767,173.0,73.509
SAR,2595.9755555555544,191.0,73.509
SAR,2611.142222222221,195.0,73.509
SAR,2624.742222222221,204.0,73.509
SAR,2643.853333333332,215.0,73.509
SAR,2666.053333333332,222.0,73.509
SAR,2681.186666666665,227.0,73.509
SAR,2707.4088888888878,236.0,73.509
SAR,2729.1866666666656,245.0,73.509
SAR,2748.475555555554,248.0,73.509
SAR,2762.364444444443,250.0,73.509
SAR,2788.1644444444432,258.0,73.509
SAR,2817.1644444444432,261.0,73.509
SAR,2843.1644444444432,260.0,73.509
SAR,2860.23111111111,256.0,73.509
SAR,2871.5644444444433,255.0,73.509
SAR,2885.6199999999985,253.0,73.509
SAR,2908.0199999999986,252.0,73.509
SAR,2924.8866666666654,253.0,73.509
SAR,2953.3311111111097,256.0,73.509
SAR,2967.6088888888876,257.0,73.509
SAR,2979.075555555554,258.0,73.509
SAR,2999.4533333333316,262.0,73.509
SAR,3011.2755555555536,266.0,73.509
SAR,3035.0977777777757,268.0,73.509
SAR,3053.3644444444426,274.0,73.509
SAR,3068.6422222222204,275.0,73.509
SAR,3090.4199999999983,280.0,73.509
SAR,3106.031111111109,281.0,73.509
SAR,3141.2311111111094,288.0,73.509
SAR,3160.5644444444424,290.0,73.509
SAR,3180.031111111109,292.0,73.509
SAR,3213.031111111109,297.0,73.509
SAR,3226.3199999999983,299.0,73.509
SAR,3249.731111111109,301.0,73.509
SAR,3273.2977777777755,303.0,73.509
SAR,3290.131111111109,303.0,73.509
SAR,3307.019999999998,304.0,73.509
SAR,3327.2866666666646,304.0,73.509
SAR,3347.5533333333315,304.0,73.509
SAR,3369.6422222222204,284.0,73.509
SAR,3391.6422222222204,220.0,73.509
SAR,3406.0311111111096,185.0,73.509
SAR,3413.897777777776,177.0,73.509
SAR,3421.097777777776,162.0,73.509
SAR,3428.0311111111096,156.0,73.509
SAR,3440.475555555554,140.0,73.509
SAR,3450.8199999999983,133.0,73.509
SAR,3461.8422222222207,124.0,73.509
SAR,3469.9424999999983,121.0,73.509
SAR,3480.3099999999986,117.0,73.509
SAR,3493.4211111111094,118.0,73.509
SAR,3501.6211111111097,123.0,73.509
SAR,3511.4211111111094,126.0,73.509
SAR,3524.8211111111095,134.0,73.509
SAR,3534.0877777777764,139.0,73.509
SAR,3542.3099999999986,148.0,73.509
SAR,3554.52111111111,157.0,73.509
SAR,3563.6877777777763,165.0,73.509
SAR,3571.376666666665,173.0,73.509
SAR,3589.076666666665,177.0,73.509
SAR,3597.5211111111093,190.0,73.509
SAR,3610.5211111111093,195.0,73.509
SAR,3621.6322222222207,200.0,73.509
SAR,3647.4211111111094,211.0,73.509
SAR,3656.8433333333314,212.0,73.509
SAR,3670.3766666666647,203.0,73.509
SAR,3679.1322222222207,197.0,73.509
SAR,3689.4655555555537,186.0,73.509
SAR,3699.4655555555537,180.0,73.509
SAR,3708.5766666666646,164.0,73.509
SAR,3715.687777777776,160.0,73.509
SAR,3723.8544444444424,147.0,73.509
SAR,3736.1211111111093,138.0,73.509
SAR,3743.5099999999984,133.0,73.509
SAR,3754.709999999998,126.0,73.509
SAR,3762.810277777776,121.0,73.509
SAR,3770.810277777776,120.0,73.509
SAR,3778.976111111109,123.0,73.509
SAR,3790.3538888888866,128.0,73.509
SAR,3800.464999999998,130.0,73.509
SAR,3806.464999999998,135.0,73.509
SAR,3816.064999999998,144.0,73.509
SAR,3826.064999999998,150.0,73.509
SAR,3834.842777777775,158.0,73.509
SAR,3842.2649999999976,167.0,73.509
SAR,3851.7094444444424,170.0,73.509
SAR,3861.8205555555533,182.0,73.509
SAR,3870.042777777776,185.0,73.509
SAR,3890.142777777776,201.0,73.509
SAR,3901.58722222222,206.0,73.509
SAR,3923.08722222222,215.0,73.509
SAR,3935.1983333333314,218.0,73.509
SAR,3953.009444444442,229.0,73.509
SAR,3971.364999999998,236.0,73.509
SAR,3984.642777777776,239.0,73.509
SAR,4003.6205555555534,244.0,73.509
SAR,4014.5538888888864,246.0,73.509
SAR,4031.153888888887,249.0,73.509
SAR,4053.464999999998,251.0,73.509
SAR,4070.331666666664,253.0,73.509
SAR,4093.176111111109,257.0,73.509
SAR,4110.376111111109,258.0,73.509
SAR,4124.892777777776,260.0,73.509
SAR,4136.53722222222,262.0,73.509
SAR,4154.2038888888865,265.0,73.509
SAR,4165.95222222222,266.0,73.509
SAR,4177.907777777776,269.0,73.509
SAR,4198.985555555553,271.0,73.509
SAR,4220.218888888887,273.0,73.509
SAR,4250.218888888887,270.0,73.509
SAR,4282.729999999998,266.0,73.509
SAR,4306.018888888886,262.0,73.509
SAR,4317.618888888886,261.0,73.509
SAR,4332.06333333333,260.0,73.509
SAR,4346.6188888888855,262.0,73.509
SAR,4367.074444444441,263.0,73.509
SAR,4387.452222222219,262.0,73.509
SAR,4404.918888888885,262.0,73.509
SAR,4419.585555555552,264.0,73.509
SAR,4449.252222222219,267.0,73.509
SAR,4476.152222222218,269.0,73.509
SAR,4494.218888888885,271.0,73.509
SAR,4515.529999999996,274.0,73.509
SAR,4530.86333333333,276.0,73.509
SAR,4558.76333333333,279.0,73.509
SAR,4580.696666666663,282.0,73.509
SAR,4593.363333333329,285.0,73.509
SAR,4609.3077777777735,287.0,73.509
