Driver,Distance,Speed,LapTimeSec
ANT,0.5844444444444444,263.0,88.778
ANT,15.695555555555556,272.0,88.778
ANT,39.87333333333334,272.0,88.778
ANT,51.88666666666668,272.0,88.778
ANT,67.94222222222223,289.0,88.778
ANT,93.8088888888889,291.0,88.778
ANT,117.14750000000001,299.0,88.778
ANT,133.98083333333335,303.0,88.778
ANT,154.3141666666667,305.0,88.778
ANT,188.86972222222224,311.0,88.778
ANT,223.64750000000004,313.0,88.778
ANT,258.4252777777778,313.0,88.778
ANT,272.60305555555556,319.0,88.778
ANT,333.2363888888889,321.0,88.778
ANT,365.3363888888889,321.0,88.778
ANT,383.16972222222216,321.0,88.778
ANT,404.5697222222222,321.0,88.778
ANT,425.96972222222223,321.0,88.778
ANT,457.96972222222223,320.0,88.778
ANT,479.3030555555555,320.0,88.778
ANT,514.858611111111,320.0,88.778
ANT,536.1919444444444,320.0,88.778
ANT,568.1919444444444,320.0,88.778
ANT,585.9697222222222,320.0,88.778
ANT,614.3252777777777,320.0,88.778
ANT,635.6586111111111,320.0,88.778
ANT,649.9697222222221,320.0,88.778
ANT,681.8808333333333,320.0,88.778
ANT,697.1233333333332,273.0,88.778
ANT,714.8566666666666,266.0,88.778
ANT,737.79,258.0,88.778
ANT,751.7900000000001,252.0,88.778
ANT,767.0566666666666,229.0,88.778
ANT,788.0566666666667,210.0,88.778
ANT,803.69,201.0,88.778
ANT,820.4011111111112,188.0,88.778
ANT,834.5566666666667,182.0,88.778
ANT,848.0900000000001,174.0,88.778
ANT,859.6233333333334,173.0,88.778
ANT,870.9566666666667,170.0,88.778
ANT,878.5566666666667,171.0,88.778
ANT,897.8900000000001,174.0,88.778
ANT,907.6677777777779,176.0,88.778
ANT,925.267777777778,176.0,88.778
ANT,940.5122222222224,196.0,88.778
ANT,949.3566666666668,199.0,88.778
ANT,965.5922222222224,208.0,88.778
ANT,984.6436111111112,215.0,88.778
ANT,1004.5547222222224,224.0,88.778
ANT,1017.0475000000001,226.0,88.778
ANT,1029.6586111111112,227.0,88.778
ANT,1047.7808333333335,233.0,88.778
ANT,1060.836388888889,235.0,88.778
ANT,1074.068888888889,237.0,88.778
ANT,1103.0355555555557,237.0,88.778
ANT,1116.2022222222224,237.0,88.778
ANT,1134.6355555555558,237.0,88.778
ANT,1160.857777777778,236.0,88.778
ANT,1211.957777777778,219.0,88.778
ANT,1231.246666666667,217.0,88.778
ANT,1243.357777777778,218.0,88.778
ANT,1260.3133333333335,218.0,88.778
ANT,1270.0022222222224,218.0,88.778
ANT,1282.168888888889,219.0,88.778
ANT,1294.4466666666667,221.0,88.778
ANT,1304.268888888889,221.0,88.778
ANT,1324.18,224.0,88.778
ANT,1334.1355555555556,224.0,88.778
ANT,1346.58,224.0,88.778
ANT,1358.691111111111,218.0,88.778
ANT,1377.683611111111,213.0,88.778
ANT,1391.6916666666666,211.0,88.778
ANT,1405.7583333333332,211.0,88.778
ANT,1417.4805555555554,211.0,88.778
ANT,1429.3138888888889,213.0,88.778
ANT,1438.809722222222,215.0,88.778
ANT,1450.809722222222,216.0,88.778
ANT,1472.971111111111,221.0,88.778
ANT,1485.1377777777775,219.0,88.778
ANT,1505.7377777777774,206.0,88.778
ANT,1521.6044444444442,204.0,88.778
ANT,1530.4488888888886,199.0,88.778
ANT,1543.3822222222218,194.0,88.778
ANT,1563.9377777777775,185.0,88.778
ANT,1574.1599999999996,184.0,88.778
ANT,1590.6044444444442,185.0,88.778
ANT,1603.004444444444,186.0,88.778
ANT,1617.9377777777775,192.0,88.778
ANT,1633.6488888888887,202.0,88.778
ANT,1645.093333333333,206.0,88.778
ANT,1664.204444444444,215.0,88.778
ANT,1674.1155555555551,223.0,88.778
ANT,1684.1155555555551,225.0,88.778
ANT,1699.315555555555,228.0,88.778
ANT,1714.5822222222218,229.0,88.778
ANT,1727.193333333333,227.0,88.778
ANT,1737.2377777777774,226.0,88.778
ANT,1759.9005555555552,226.0,88.778
ANT,1775.1036111111107,229.0,88.778
ANT,1793.3036111111107,234.0,88.778
ANT,1812.193055555555,242.0,88.778
ANT,1825.7486111111107,244.0,88.778
ANT,1836.633055555555,248.0,88.778
ANT,1850.5774999999994,251.0,88.778
ANT,1861.821944444444,253.0,88.778
ANT,1879.093611111111,258.0,88.778
ANT,1899.4713888888884,262.0,88.778
ANT,1911.2936111111107,266.0,88.778
ANT,1926.1824999999997,268.0,88.778
ANT,1941.3491666666666,273.0,88.778
ANT,1962.815833333333,276.0,88.778
ANT,1990.715833333333,279.0,88.778
ANT,2003.1602777777773,280.0,88.778
ANT,2018.7713888888886,281.0,88.778
ANT,2046.9713888888887,282.0,88.778
ANT,2062.638055555555,282.0,88.778
ANT,2087.7936111111107,283.0,88.778
ANT,2112.9491666666663,283.0,88.778
ANT,2131.749166666666,282.0,88.778
ANT,2150.549166666666,282.0,88.778
ANT,2175.526944444444,281.0,88.778
ANT,2200.5047222222215,281.0,88.778
ANT,2219.104722222221,279.0,88.778
ANT,2246.6047222222214,275.0,88.778
ANT,2264.204722222221,264.0,88.778
ANT,2278.7602777777765,262.0,88.778
ANT,2292.926944444443,255.0,88.778
ANT,2306.5380555555544,245.0,88.778
ANT,2322.73861111111,242.0,88.778
ANT,2341.0402777777767,237.0,88.778
ANT,2359.47361111111,237.0,88.778
ANT,2370.072777777777,237.0,88.778
ANT,2385.939444444444,204.0,88.778
ANT,2397.272777777777,204.0,88.778
ANT,2405.2283333333326,179.0,88.778
ANT,2414.894999999999,174.0,88.778
ANT,2423.839444444444,161.0,88.778
ANT,2435.8949999999995,155.0,88.778
ANT,2456.550555555555,143.0,88.778
ANT,2462.906111111111,143.0,88.778
ANT,2470.8505555555553,143.0,88.778
ANT,2477.4727777777775,149.0,88.778
ANT,2488.206111111111,161.0,88.778
ANT,2499.8727777777776,175.0,88.778
ANT,2516.495,187.0,88.778
ANT,2527.161666666667,192.0,88.778
ANT,2540.7616666666668,204.0,88.778
ANT,2555.1616666666664,216.0,88.778
ANT,2574.8949999999995,222.0,88.778
ANT,2592.7838888888887,230.0,88.778
ANT,2613.8505555555553,237.0,88.778
ANT,2635.539444444444,244.0,88.778
ANT,2651.806111111111,244.0,88.778
ANT,2679.806111111111,252.0,88.778
ANT,2699.717222222222,256.0,88.778
ANT,2716.7791666666662,257.0,88.778
ANT,2733.9838888888885,257.0,88.778
ANT,2745.4505555555556,258.0,88.778
ANT,2765.4394444444447,257.0,88.778
ANT,2779.495,253.0,88.778
ANT,2790.339444444445,244.0,88.778
ANT,2808.3838888888895,232.0,88.778
ANT,2818.2950000000005,223.0,88.778
ANT,2831.6950000000006,201.0,88.778
ANT,2850.361666666667,140.0,88.778
ANT,2857.8061111111115,134.0,88.778
ANT,2863.4505555555556,127.0,88.778
ANT,2872.3172222222224,114.0,88.778
ANT,2894.295,86.0,88.778
ANT,2897.9394444444442,82.0,88.778
ANT,2901.495,80.0,88.778
ANT,2908.0727777777774,74.0,88.778
ANT,2913.093611111111,75.0,88.778
ANT,2920.005277777778,78.0,88.778
ANT,2924.5608333333334,82.0,88.778
ANT,2930.5608333333334,90.0,88.778
ANT,2939.3608333333336,99.0,88.778
ANT,2945.1386111111115,104.0,88.778
ANT,2952.9386111111116,117.0,88.778
ANT,2966.4386111111116,135.0,88.778
ANT,2972.621944444445,140.0,88.778
ANT,2988.967222222223,163.0,88.778
ANT,2999.8338888888898,163.0,88.778
ANT,3007.967222222223,183.0,88.778
ANT,3020.767222222223,192.0,88.778
ANT,3041.1672222222232,204.0,88.778
ANT,3060.2783333333346,215.0,88.778
ANT,3072.6672222222232,223.0,88.778
ANT,3088.13388888889,232.0,88.778
ANT,3106.8005555555565,240.0,88.778
ANT,3131.8005555555565,250.0,88.778
ANT,3148.6005555555566,252.0,88.778
ANT,3177.7116666666675,262.0,88.778
ANT,3210.5894444444452,269.0,88.778
ANT,3222.678333333334,272.0,88.778
ANT,3247.3894444444454,278.0,88.778
ANT,3269.322777777779,282.0,88.778
ANT,3291.567222222223,286.0,88.778
ANT,3317.2561111111117,289.0,88.778
ANT,3343.478333333334,295.0,88.778
ANT,3363.278333333334,297.0,88.778
ANT,3386.456111111112,298.0,88.778
ANT,3406.3894444444454,299.0,88.778
ANT,3426.4561111111116,301.0,88.778
ANT,3456.5561111111115,301.0,88.778
ANT,3469.9338888888897,301.0,88.778
ANT,3493.189444444445,299.0,88.778
ANT,3506.478333333334,299.0,88.778
ANT,3523.0894444444452,299.0,88.778
ANT,3539.533888888889,296.0,88.778
ANT,3559.200555555556,295.0,88.778
ANT,3572.267222222223,294.0,88.778
ANT,3588.5450000000005,293.0,88.778
ANT,3604.767222222223,292.0,88.778
ANT,3668.5450000000005,287.0,88.778
ANT,3684.3227777777784,284.0,88.778
ANT,3712.1227777777785,278.0,88.778
ANT,3724.478333333334,278.0,88.778
ANT,3752.9227777777787,256.0,88.778
ANT,3771.978333333334,245.0,88.778
ANT,3787.978333333334,240.0,88.778
ANT,3800.867222222223,232.0,88.778
ANT,3818.5227777777786,227.0,88.778
ANT,3842.8561111111117,219.0,88.778
ANT,3856.856111111111,210.0,88.778
ANT,3870.456111111111,204.0,88.778
ANT,3879.122777777778,195.0,88.778
ANT,3898.322777777778,192.0,88.778
ANT,3908.7116666666666,187.0,88.778
ANT,3918.7058333333334,179.0,88.778
ANT,3928.4347222222227,176.0,88.778
ANT,3941.8125,172.0,88.778
ANT,3953.0125000000003,168.0,88.778
ANT,3964.2125000000005,168.0,88.778
ANT,3979.5902777777783,173.0,88.778
ANT,3987.368055555556,175.0,88.778
ANT,4001.6791666666672,184.0,88.778
ANT,4026.8791666666675,189.0,88.778
ANT,4045.7791666666676,189.0,88.778
ANT,4060.4791666666674,189.0,88.778
ANT,4073.0791666666673,189.0,88.778
ANT,4091.9791666666674,189.0,88.778
ANT,4112.979166666668,189.0,88.778
ANT,4123.479166666668,189.0,88.778
ANT,4133.979166666667,189.0,88.778
ANT,4144.479166666667,189.0,88.778
ANT,4163.379166666667,189.0,88.778
ANT,4173.879166666667,189.0,88.778
ANT,4188.579166666666,189.0,88.778
ANT,4201.179166666666,189.0,88.778
ANT,4224.331666666666,189.0,88.778
ANT,4232.679166666667,189.0,88.778
ANT,4243.179166666666,189.0,88.778
ANT,4255.831666666666,189.0,88.778
ANT,4272.579166666666,189.0,88.778
ANT,4287.279166666666,189.0,88.778
ANT,4297.779166666666,189.0,88.778
ANT,4310.379166666666,189.0,88.778
ANT,4325.0791666666655,189.0,88.778
ANT,4339.779166666665,189.0,88.778
ANT,4362.879166666665,189.0,88.778
ANT,4371.279166666665,189.0,88.778
ANT,4385.979166666665,189.0,88.778
ANT,4394.379166666665,189.0,88.778
ANT,4404.879166666665,189.0,88.778
ANT,4415.379166666664,189.0,88.778
ANT,4430.079166666664,189.0,88.778
ANT,4440.579166666664,189.0,88.778
ANT,4448.979166666663,189.0,88.778
ANT,4472.079166666663,189.0,88.778
ANT,4480.479166666663,189.0,88.778
ANT,4493.079166666663,189.0,88.778
ANT,4505.679166666662,189.0,88.778
ANT,4526.679166666662,189.0,88.778
ANT,4535.079166666662,189.0,88.778
ANT,4560.331666666662,189.0,88.778
ANT,4568.679166666662,189.0,88.778
ANT,4577.079166666662,189.0,88.778
ANT,4589.679166666662,189.0,88.778
ANT,4600.231666666662,189.0,88.778
ANT,4614.931666666662,189.0,88.778
ANT,4633.779166666663,189.0,88.778
ANT,4642.179166666662,189.0,88.778
ANT,4658.9791666666615,189.0,88.778
ANT,4677.879166666661,189.0,88.778
ANT,4688.379166666661,189.0,88.778
ANT,4700.9791666666615,189.0,88.778
ANT,4721.9791666666615,189.0,88.778
ANT,4730.379166666661,189.0,88.778
ANT,4742.9791666666615,189.0,88.778
ANT,4755.579166666661,189.0,88.778
ANT,4812.279166666661,189.0,88.778
ANT,4822.779166666661,189.0,88.778
ANT,4833.331666666661,189.0,88.778
ANT,4845.879166666661,189.0,88.778
ANT,4864.8316666666615,189.0,88.778
ANT,4875.3316666666615,189.0,88.778
ANT,4885.831666666661,189.0,88.778
ANT,4902.579166666661,189.0,88.778
ANT,4919.379166666661,189.0,88.778
ANT,4938.331666666661,189.0,88.778
ANT,4950.931666666661,189.0,88.778
ANT,4967.73166666666,189.0,88.778
ANT,4978.17916666666,189.0,88.778
ANT,4988.67916666666,189.0,88.778
ANT,4997.07916666666,189.0,88.778
ANT,5013.87916666666,189.0,88.778
ANT,5032.77916666666,189.0,88.778
ANT,5043.27916666666,189.0,88.778
ANT,5066.379166666659,189.0,88.778
ANT,5076.879166666659,189.0,88.778
ANT,5087.379166666659,189.0,88.778
ANT,5097.879166666658,189.0,88.778
ANT,5110.479166666659,189.0,88.778
ANT,5129.379166666658,189.0,88.778
ANT,5139.879166666658,189.0,88.778
ANT,5148.279166666658,189.0,88.778
ANT,5158.779166666658,189.0,88.778
ANT,5171.3791666666575,189.0,88.778
ANT,5183.979166666657,189.0,88.778
ANT,5204.979166666657,189.0,88.778
ANT,5221.831666666657,189.0,88.778
ANT,5236.479166666657,189.0,88.778
ANT,5253.279166666657,189.0,88.778
ANT,5270.079166666656,189.0,88.778
ANT,5291.131666666657,189.0,88.778
ANT,5299.531666666657,189.0,88.778
ANT,5307.931666666656,189.0,88.778
ANT,5318.431666666656,189.0,88.778
ANT,5326.779166666656,189.0,88.778
ANT,5347.779166666656,189.0,88.778
ANT,5356.179166666656,189.0,88.778
ANT,5379.279166666655,189.0,88.778
RUS,11.455,261.0,89.076
RUS,38.754999999999995,273.0,89.076
RUS,54.088333333333324,276.0,89.076
RUS,79.25388888888887,284.0,89.076
RUS,98.65388888888887,291.0,89.076
RUS,111.66805555555554,291.0,89.076
RUS,141.38527777777776,298.0,89.076
RUS,158.13527777777776,300.0,89.076
RUS,178.53527777777776,306.0,89.076
RUS,205.73527777777775,306.0,89.076
RUS,222.73527777777775,306.0,89.076
RUS,243.1352777777778,306.0,89.076
RUS,275.03527777777776,319.0,89.076
RUS,299.9241666666666,320.0,89.076
RUS,328.4575,321.0,89.076
RUS,353.50194444444446,322.0,89.076
RUS,378.6241666666666,323.0,89.076
RUS,400.15749999999997,323.0,89.076
RUS,421.62416666666667,322.0,89.076
RUS,435.9352777777778,322.0,89.076
RUS,471.6019444444444,321.0,89.076
RUS,489.4352777777778,321.0,89.076
RUS,521.5352777777779,321.0,89.076
RUS,545.8019444444445,312.0,89.076
RUS,559.5797222222224,310.0,89.076
RUS,583.0744444444447,301.0,89.076
RUS,609.2147222222225,295.0,89.076
RUS,634.8147222222224,288.0,89.076
RUS,650.7347222222223,288.0,89.076
RUS,666.2902777777779,280.0,89.076
RUS,687.6791666666668,275.0,89.076
RUS,702.5680555555556,268.0,89.076
RUS,717.4197222222223,266.0,89.076
RUS,747.3641666666667,245.0,89.076
RUS,760.086388888889,229.0,89.076
RUS,776.1863888888889,207.0,89.076
RUS,797.0752777777778,188.0,89.076
RUS,836.0419444444445,167.0,89.076
RUS,850.886388888889,167.0,89.076
RUS,860.2752777777778,169.0,89.076
RUS,873.5752777777778,171.0,89.076
RUS,881.1752777777779,171.0,89.076
RUS,891.2308333333334,181.0,89.076
RUS,901.5641666666667,186.0,89.076
RUS,910.1863888888889,194.0,89.076
RUS,927.8752777777778,199.0,89.076
RUS,936.7197222222222,199.0,89.076
RUS,948.3863888888889,210.0,89.076
RUS,960.2752777777778,214.0,89.076
RUS,980.2486111111111,224.0,89.076
RUS,995.318888888889,227.0,89.076
RUS,1010.4522222222222,227.0,89.076
RUS,1023.3966666666666,233.0,89.076
RUS,1036.3966666666665,234.0,89.076
RUS,1046.8641666666665,237.0,89.076
RUS,1060.0863888888887,238.0,89.076
RUS,1083.852222222222,237.0,89.076
RUS,1097.0188888888886,237.0,89.076
RUS,1120.8188888888888,238.0,89.076
RUS,1139.33,238.0,89.076
RUS,1149.9077777777777,238.0,89.076
RUS,1165.8411111111109,239.0,89.076
RUS,1191.5077777777776,231.0,89.076
RUS,1204.3411111111109,231.0,89.076
RUS,1224.0744444444442,222.0,89.076
RUS,1238.8744444444442,222.0,89.076
RUS,1255.9077777777775,219.0,89.076
RUS,1273.0188888888886,220.0,89.076
RUS,1285.2966666666664,221.0,89.076
RUS,1305.2966666666664,225.0,89.076
RUS,1315.2966666666664,225.0,89.076
RUS,1325.252222222222,224.0,89.076
RUS,1340.1188888888885,223.0,89.076
RUS,1354.5188888888886,216.0,89.076
RUS,1366.3522222222218,213.0,89.076
RUS,1375.7299999999996,211.0,89.076
RUS,1396.9888888888886,212.0,89.076
RUS,1411.1297222222217,213.0,89.076
RUS,1427.8519444444441,215.0,89.076
RUS,1444.7899999999997,217.0,89.076
RUS,1457.0677777777778,221.0,89.076
RUS,1466.6794444444442,219.0,89.076
RUS,1478.6794444444442,216.0,89.076
RUS,1487.9683333333332,209.0,89.076
RUS,1501.6919444444443,205.0,89.076
RUS,1516.9363888888888,196.0,89.076
RUS,1525.6030555555556,195.0,89.076
RUS,1536.0475,188.0,89.076
RUS,1546.3808333333334,186.0,89.076
RUS,1560.769722222222,185.0,89.076
RUS,1579.769722222222,190.0,89.076
RUS,1588.3474999999999,193.0,89.076
RUS,1599.236388888889,196.0,89.076
RUS,1619.1363888888889,199.0,89.076
RUS,1630.4697222222221,204.0,89.076
RUS,1648.8697222222222,207.0,89.076
RUS,1668.6919444444445,223.0,89.076
RUS,1683.8252777777777,227.0,89.076
RUS,1699.2919444444444,232.0,89.076
RUS,1719.9141666666667,232.0,89.076
RUS,1740.358611111111,230.0,89.076
RUS,1755.625277777778,229.0,89.076
RUS,1778.7252777777778,231.0,89.076
RUS,1794.2586111111111,233.0,89.076
RUS,1807.3141666666668,235.0,89.076
RUS,1820.8141666666668,243.0,89.076
RUS,1834.536388888889,247.0,89.076
RUS,1851.4733333333334,253.0,89.076
RUS,1871.3194444444446,257.0,89.076
RUS,1891.6194444444443,261.0,89.076
RUS,1903.4708333333333,265.0,89.076
RUS,1924.3152777777777,268.0,89.076
RUS,1939.4263888888888,272.0,89.076
RUS,1951.5152777777778,272.0,89.076
RUS,1966.7930555555556,275.0,89.076
RUS,1982.1819444444445,277.0,89.076
RUS,2003.726388888889,277.0,89.076
RUS,2043.7375000000002,277.0,89.076
RUS,2056.0486111111113,277.0,89.076
RUS,2071.4375,277.0,89.076
RUS,2083.748611111111,277.0,89.076
RUS,2102.215277777778,277.0,89.076
RUS,2120.6819444444445,277.0,89.076
RUS,2145.304166666667,277.0,89.076
RUS,2160.6930555555555,277.0,89.076
RUS,2179.159722222222,277.0,89.076
RUS,2197.626388888889,277.0,89.076
RUS,2222.248611111111,277.0,89.076
RUS,2243.793055555556,277.0,89.076
RUS,2267.0819444444446,262.0,89.076
RUS,2289.748611111111,255.0,89.076
RUS,2306.2152777777774,247.0,89.076
RUS,2332.548611111111,237.0,89.076
RUS,2350.3597222222215,229.0,89.076
RUS,2364.6333333333328,215.0,89.076
RUS,2377.821388888888,197.0,89.076
RUS,2386.0436111111103,185.0,89.076
RUS,2399.3436111111105,171.0,89.076
RUS,2408.454722222222,164.0,89.076
RUS,2415.7436111111106,164.0,89.076
RUS,2427.721388888888,154.0,89.076
RUS,2434.3436111111105,149.0,89.076
RUS,2444.14361111111,147.0,89.076
RUS,2464.6769444444435,154.0,89.076
RUS,2473.621388888888,161.0,89.076
RUS,2481.221388888888,171.0,89.076
RUS,2495.5324999999993,184.0,89.076
RUS,2551.24361111111,218.0,89.076
RUS,2561.0658333333326,221.0,89.076
RUS,2571.110277777777,226.0,89.076
RUS,2591.821388888888,233.0,89.076
RUS,2607.8211111111104,239.0,89.076
RUS,2629.3536111111107,243.0,89.076
RUS,2643.0758333333333,247.0,89.076
RUS,2659.7425,250.0,89.076
RUS,2682.1425,252.0,89.076
RUS,2696.2536111111112,254.0,89.076
RUS,2713.1869444444446,254.0,89.076
RUS,2738.5869444444447,254.0,89.076
RUS,2749.7611111111114,253.0,89.076
RUS,2774.0283333333336,242.0,89.076
RUS,2789.961666666667,239.0,89.076
RUS,2800.0505555555555,227.0,89.076
RUS,2814.250555555556,213.0,89.076
RUS,2835.550555555556,213.0,89.076
RUS,2848.9727777777784,151.0,89.076
RUS,2855.806111111112,123.0,89.076
RUS,2863.6727777777787,118.0,89.076
RUS,2872.850555555556,118.0,89.076
RUS,2883.350555555556,105.0,89.076
RUS,2890.350555555556,105.0,89.076
RUS,2899.5727777777784,83.0,89.076
RUS,2908.617222222223,74.0,89.076
RUS,2911.7727777777786,71.0,89.076
RUS,2918.528333333334,76.0,89.076
RUS,2924.906111111112,82.0,89.076
RUS,2931.906111111112,90.0,89.076
RUS,2940.706111111112,99.0,89.076
RUS,2950.6616666666678,112.0,89.076
RUS,2958.995000000001,125.0,89.076
RUS,2969.572777777779,136.0,89.076
RUS,2979.8394444444457,154.0,89.076
RUS,2990.772777777779,164.0,89.076
RUS,3009.172777777779,184.0,89.076
RUS,3017.5283333333346,188.0,89.076
RUS,3033.1616666666678,201.0,89.076
RUS,3042.4061111111123,208.0,89.076
RUS,3054.406111111112,216.0,89.076
RUS,3066.572777777779,219.0,89.076
RUS,3081.8394444444457,229.0,89.076
RUS,3092.28388888889,235.0,89.076
RUS,3105.6172222222235,240.0,89.076
RUS,3119.2283333333344,245.0,89.076
RUS,3177.228333333335,261.0,89.076
RUS,3191.7283333333344,261.0,89.076
RUS,3218.6283333333345,269.0,89.076
RUS,3230.7172222222234,272.0,89.076
RUS,3261.7172222222234,279.0,89.076
RUS,3283.728333333335,283.0,89.076
RUS,3302.7950000000014,286.0,89.076
RUS,3318.795000000001,288.0,89.076
RUS,3341.506111111112,292.0,89.076
RUS,3374.395000000001,296.0,89.076
RUS,3394.195000000001,297.0,89.076
RUS,3414.1283333333345,299.0,89.076
RUS,3427.4172222222232,299.0,89.076
RUS,3457.3172222222233,299.0,89.076
RUS,3473.872777777779,298.0,89.076
RUS,3490.455277777779,297.0,89.076
RUS,3506.872777777779,297.0,89.076
RUS,3529.8172222222233,295.0,89.076
RUS,3549.4172222222237,294.0,89.076
RUS,3568.88388888889,292.0,89.076
RUS,3594.8394444444457,292.0,89.076
RUS,3607.6838888888906,289.0,89.076
RUS,3629.7727777777795,284.0,89.076
RUS,3666.5727777777793,276.0,89.076
RUS,3693.672777777779,271.0,89.076
RUS,3714.5172222222236,268.0,89.076
RUS,3732.050555555557,263.0,89.076
RUS,3757.2505555555567,252.0,89.076
RUS,3783.9172222222232,240.0,89.076
RUS,3796.9172222222232,234.0,89.076
RUS,3809.6394444444454,229.0,89.076
RUS,3822.08388888889,224.0,89.076
RUS,3843.58388888889,215.0,89.076
RUS,3855.4172222222232,213.0,89.076
RUS,3871.3616666666676,205.0,89.076
RUS,3884.695000000001,200.0,89.076
RUS,3907.970000000001,190.0,89.076
RUS,3916.229166666668,187.0,89.076
RUS,3926.562500000001,186.0,89.076
RUS,3938.344722222223,176.0,89.076
RUS,3953.408611111112,170.0,89.076
RUS,3966.4752777777785,168.0,89.076
RUS,3975.9752777777785,171.0,89.076
RUS,3987.5752777777784,174.0,89.076
RUS,4001.5752777777784,180.0,89.076
RUS,4016.2752777777787,189.0,89.076
RUS,4040.230833333334,196.0,89.076
RUS,4049.5641666666675,210.0,89.076
RUS,4066.441944444445,217.0,89.076
RUS,4076.3086111111115,222.0,89.076
RUS,4088.641944444445,222.0,89.076
RUS,4101.6419444444455,234.0,89.076
RUS,4120.308611111112,240.0,89.076
RUS,4134.141944444445,249.0,89.076
RUS,4145.341944444445,252.0,89.076
RUS,4177.608611111112,264.0,89.076
RUS,4189.430833333334,266.0,89.076
RUS,4207.8975,277.0,89.076
RUS,4226.6308333333345,281.0,89.076
RUS,4258.853055555556,290.0,89.076
RUS,4271.919722222224,294.0,89.076
RUS,4312.270277777779,302.0,89.076
RUS,4325.652777777778,303.0,89.076
RUS,4339.16388888889,304.0,89.076
RUS,4359.76388888889,309.0,89.076
RUS,4377.128055555557,311.0,89.076
RUS,4401.628055555556,315.0,89.076
RUS,4433.539166666667,320.0,89.076
RUS,4447.805833333334,321.0,89.076
RUS,4476.428055555557,322.0,89.076
RUS,4509.028055555557,326.0,89.076
RUS,4527.194722222223,327.0,89.076
RUS,4548.9947222222245,327.0,89.076
RUS,4585.550277777779,329.0,89.076
RUS,4600.172500000002,329.0,89.076
RUS,4622.105833333335,329.0,89.076
RUS,4644.039166666667,329.0,89.076
RUS,4741.539166666667,325.0,89.076
RUS,4759.539166666667,324.0,89.076
RUS,4777.573333333335,323.0,89.076
RUS,4798.950555555556,322.0,89.076
RUS,4830.738611111112,317.0,89.076
RUS,4848.238611111112,315.0,89.076
RUS,4865.6275000000005,313.0,89.076
RUS,4893.096944444445,310.0,89.076
RUS,4920.296944444445,306.0,89.076
RUS,4950.480555555557,301.0,89.076
RUS,4970.413888888889,299.0,89.076
RUS,4996.636111111112,295.0,89.076
RUS,5012.666666666667,290.0,89.076
RUS,5028.666666666666,288.0,89.076
RUS,5041.422222222222,287.0,89.076
RUS,5066.666666666666,284.0,89.076
RUS,5094.866666666666,282.0,89.076
RUS,5110.477777777777,281.0,89.076
RUS,5144.577777777777,279.0,89.076
RUS,5160.022222222221,278.0,89.076
RUS,5175.41111111111,277.0,89.076
RUS,5190.799999999998,277.0,89.076
RUS,5209.199999999998,276.0,89.076
RUS,5236.799999999998,276.0,89.076
RUS,5252.133333333332,276.0,89.076
RUS,5264.399999999999,276.0,89.076
RUS,5279.01111111111,263.0,89.076
RUS,5294.41111111111,231.0,89.076
RUS,5308.01111111111,204.0,89.076
RUS,5325.677777777776,159.0,89.076
RUS,5337.536944444442,133.0,89.076
RUS,5347.0694444444425,123.0,89.076
RUS,5357.380555555554,116.0,89.076
RUS,5366.713888888888,105.0,89.076
RUS,5377.741388888888,99.0,89.076
RUS,5382.052499999999,97.0,89.076
RUS,5386.36361111111,97.0,89.076
RUS,5391.974722222221,101.0,89.076
RUS,5396.656388888889,106.0,89.076
RUS,5408.434166666666,106.0,89.076
RUS,5413.100833333333,105.0,89.076
RUS,5425.200833333333,99.0,89.076
RUS,5430.589722222222,97.0,89.076
RUS,5440.789722222222,102.0,89.076
RUS,5455.578611111111,121.0,89.076
RUS,5468.678611111111,131.0,89.076
RUS,5480.6563888888895,154.0,89.076
RUS,5491.589722222223,164.0,89.076
RUS,5501.3119444444455,175.0,89.076
RUS,5518.378611111112,192.0,89.076
RUS,5533.85638888889,199.0,89.076
RUS,5542.700833333334,199.0,89.076
RUS,5566.589722222224,215.0,89.076
RUS,5583.311944444446,215.0,89.076
RUS,5595.978611111113,228.0,89.076
RUS,5608.867500000002,232.0,89.076
RUS,5621.75638888889,232.0,89.076
RUS,5637.223055555557,232.0,89.076
RUS,5656.35638888889,246.0,89.076
RUS,5672.958611111112,248.0,89.076
RUS,5695.358611111112,252.0,89.076
RUS,5706.5586111111115,252.0,89.076
RUS,5723.691944444446,257.0,89.076
RUS,5755.519444444445,261.0,89.076
RUS,5772.919444444446,261.0,89.076
PIA,6.773888888888889,274.0,89.132
PIA,38.218333333333334,283.0,89.132
PIA,60.77388888888889,290.0,89.132
PIA,80.10722222222222,290.0,89.132
PIA,96.71833333333335,299.0,89.132
PIA,120.28500000000003,303.0,89.132
PIA,154.61833333333334,309.0,89.132
PIA,175.41833333333335,312.0,89.132
PIA,196.48500000000004,316.0,89.132
PIA,210.52944444444447,316.0,89.132
PIA,242.62944444444446,321.0,89.132
PIA,260.46277777777783,321.0,89.132
PIA,278.4969444444445,323.0,89.132
PIA,296.35166666666674,323.0,89.132
PIA,321.6294444444445,325.0,89.132
PIA,343.2961111111112,325.0,89.132
PIA,365.0294444444445,326.0,89.132
PIA,393.9183333333334,325.0,89.132
PIA,408.36277777777786,325.0,89.132
PIA,433.5627777777779,324.0,89.132
PIA,476.4961111111112,322.0,89.132
PIA,508.5961111111112,321.0,89.132
PIA,533.2516666666667,317.0,89.132
PIA,553.9183333333333,310.0,89.132
PIA,584.2183333333334,303.0,89.132
PIA,617.2183333333334,297.0,89.132
PIA,633.3294444444444,290.0,89.132
PIA,649.4405555555555,290.0,89.132
PIA,665.1627777777778,283.0,89.132
PIA,692.6627777777778,275.0,89.132
PIA,707.6072222222222,269.0,89.132
PIA,726.8961111111112,248.0,89.132
PIA,743.0294444444444,242.0,89.132
PIA,768.6319444444445,209.0,89.132
PIA,777.4211111111111,199.0,89.132
PIA,788.1988888888889,194.0,89.132
PIA,800.3158333333333,181.0,89.132
PIA,815.6455555555556,173.0,89.132
PIA,828.6344444444444,167.0,89.132
PIA,837.9122222222221,167.0,89.132
PIA,848.7122222222221,162.0,89.132
PIA,861.3122222222221,162.0,89.132
PIA,873.9122222222221,162.0,89.132
PIA,897.0122222222221,189.0,89.132
PIA,905.4122222222221,189.0,89.132
PIA,920.1122222222222,189.0,89.132
PIA,929.1344444444444,203.0,89.132
PIA,940.6899999999999,208.0,89.132
PIA,952.6344444444444,215.0,89.132
PIA,969.8233333333334,221.0,89.132
PIA,982.3233333333334,225.0,89.132
PIA,992.4122222222222,227.0,89.132
PIA,1021.0122222222221,234.0,89.132
PIA,1031.4566666666665,235.0,89.132
PIA,1047.2566666666664,237.0,89.132
PIA,1062.9899999999998,236.0,89.132
PIA,1089.212222222222,236.0,89.132
PIA,1099.7011111111108,236.0,89.132
PIA,1131.0997222222218,235.0,89.132
PIA,1141.4347222222218,234.0,89.132
PIA,1151.8791666666662,235.0,89.132
PIA,1167.2791666666662,231.0,89.132
PIA,1180.0649999999996,229.0,89.132
PIA,1197.098333333333,219.0,89.132
PIA,1218.738055555555,217.0,89.132
PIA,1228.2491666666663,214.0,89.132
PIA,1247.1824999999997,213.0,89.132
PIA,1268.6824999999997,215.0,89.132
PIA,1280.6824999999997,216.0,89.132
PIA,1295.1491666666664,217.0,89.132
PIA,1319.5936111111107,220.0,89.132
PIA,1329.1936111111106,216.0,89.132
PIA,1343.2602777777774,211.0,89.132
PIA,1357.0602777777774,207.0,89.132
PIA,1420.0602777777774,210.0,89.132
PIA,1431.8380555555552,212.0,89.132
PIA,1443.7863888888885,214.0,89.132
PIA,1458.1263888888884,216.0,89.132
PIA,1479.084444444444,209.0,89.132
PIA,1490.695555555555,209.0,89.132
PIA,1501.8622222222218,201.0,89.132
PIA,1518.8755555555551,192.0,89.132
PIA,1535.4977777777774,187.0,89.132
PIA,1554.2497222222219,187.0,89.132
PIA,1566.7163888888886,187.0,89.132
PIA,1583.6941666666664,191.0,89.132
PIA,1594.3627777777776,193.0,89.132
PIA,1605.2516666666666,196.0,89.132
PIA,1614.0516666666665,198.0,89.132
PIA,1632.007222222222,202.0,89.132
PIA,1653.007222222222,210.0,89.132
PIA,1664.7849999999999,212.0,89.132
PIA,1691.0627777777777,215.0,89.132
PIA,1703.0627777777777,216.0,89.132
PIA,1715.1738888888888,218.0,89.132
PIA,1727.4516666666666,221.0,89.132
PIA,1742.3183333333334,223.0,89.132
PIA,1765.1183333333333,228.0,89.132
PIA,1777.7849999999999,228.0,89.132
PIA,1788.185,234.0,89.132
PIA,1801.4072222222221,238.0,89.132
PIA,1817.8072222222222,246.0,89.132
PIA,1834.3405555555555,248.0,89.132
PIA,1862.896111111111,257.0,89.132
PIA,1886.2577777777776,262.0,89.132
PIA,1906.8727777777776,266.0,89.132
PIA,1930.9616666666666,271.0,89.132
PIA,1955.2283333333332,273.0,89.132
PIA,1985.9716666666666,276.0,89.132
PIA,1998.2383333333332,276.0,89.132
PIA,2010.5494444444444,277.0,89.132
PIA,2025.9383333333333,277.0,89.132
PIA,2038.2166666666665,278.0,89.132
PIA,2069.1055555555554,278.0,89.132
PIA,2081.4166666666665,277.0,89.132
PIA,2115.394444444444,278.0,89.132
PIA,2130.7277777777776,276.0,89.132
PIA,2158.2277777777776,275.0,89.132
PIA,2191.838888888889,275.0,89.132
PIA,2219.1388888888887,273.0,89.132
PIA,2240.061111111111,269.0,89.132
PIA,2257.3277777777776,259.0,89.132
PIA,2271.383333333333,253.0,89.132
PIA,2293.161111111111,245.0,89.132
PIA,2311.8277777777776,240.0,89.132
PIA,2322.183333333333,233.0,89.132
PIA,2347.0722222222216,224.0,89.132
PIA,2363.016666666666,205.0,89.132
PIA,2373.516666666666,189.0,89.132
PIA,2384.016666666666,189.0,89.132
PIA,2393.4611111111108,170.0,89.132
PIA,2404.1944444444443,161.0,89.132
PIA,2416.4055555555556,157.0,89.132
PIA,2426.715,154.0,89.132
PIA,2439.9594444444447,149.0,89.132
PIA,2446.4483333333333,146.0,89.132
PIA,2456.181666666667,146.0,89.132
PIA,2476.1805555555557,164.0,89.132
PIA,2487.380555555556,168.0,89.132
PIA,2497.5472222222224,183.0,89.132
PIA,2510.3472222222226,192.0,89.132
PIA,2528.8361111111117,208.0,89.132
PIA,2542.9694444444453,212.0,89.132
PIA,2554.7472222222227,212.0,89.132
PIA,2577.9472222222225,232.0,89.132
PIA,2596.5361111111115,239.0,89.132
PIA,2607.2472222222227,241.0,89.132
PIA,2618.1805555555557,246.0,89.132
PIA,2640.313888888889,249.0,89.132
PIA,2668.536111111111,254.0,89.132
PIA,2691.3805555555555,257.0,89.132
PIA,2714.4747222222218,259.0,89.132
PIA,2734.624722222222,260.0,89.132
PIA,2754.146944444444,251.0,89.132
PIA,2778.4469444444444,243.0,89.132
PIA,2796.8680555555557,236.0,89.132
PIA,2806.452222222222,217.0,89.132
PIA,2815.6077777777778,206.0,89.132
PIA,2824.876111111111,166.0,89.132
PIA,2834.876111111111,150.0,89.132
PIA,2841.231666666667,143.0,89.132
PIA,2849.831666666667,129.0,89.132
PIA,2857.4983333333334,115.0,89.132
PIA,2863.6341666666667,111.0,89.132
PIA,2875.1897222222224,104.0,89.132
PIA,2886.1897222222224,99.0,89.132
PIA,2893.345277777778,92.0,89.132
PIA,2901.0452777777778,77.0,89.132
PIA,2904.4674999999997,77.0,89.132
PIA,2910.378611111111,76.0,89.132
PIA,2913.8452777777775,78.0,89.132
PIA,2920.7674999999995,89.0,89.132
PIA,2927.1674999999996,96.0,89.132
PIA,2931.789722222222,104.0,89.132
PIA,2942.9897222222216,112.0,89.132
PIA,2952.9452777777774,128.0,89.132
PIA,2960.6674999999996,139.0,89.132
PIA,2972.645277777777,154.0,89.132
PIA,2987.7563888888885,170.0,89.132
PIA,2997.7563888888885,180.0,89.132
PIA,3005.934166666666,184.0,89.132
PIA,3014.511944444444,193.0,89.132
PIA,3032.5236111111108,202.0,89.132
PIA,3046.664444444444,213.0,89.132
PIA,3061.392222222222,220.0,89.132
PIA,3073.781111111111,223.0,89.132
PIA,3092.0588888888888,235.0,89.132
PIA,3111.192222222222,246.0,89.132
PIA,3127.8588888888885,250.0,89.132
PIA,3141.9547222222222,255.0,89.132
PIA,3162.176944444444,260.0,89.132
PIA,3176.843611111111,264.0,89.132
PIA,3194.510277777778,265.0,89.132
PIA,3209.5102777777774,270.0,89.132
PIA,3230.8991666666666,275.0,89.132
PIA,3243.2547222222224,278.0,89.132
PIA,3258.8658333333333,281.0,89.132
PIA,3274.588055555556,283.0,89.132
PIA,3303.2880555555557,287.0,89.132
PIA,3329.1547222222225,291.0,89.132
PIA,3348.8213888888895,295.0,89.132
PIA,3368.621388888889,297.0,89.132
PIA,3381.9102777777784,299.0,89.132
PIA,3395.2880555555557,301.0,89.132
PIA,3408.665833333334,301.0,89.132
PIA,3432.076944444445,301.0,89.132
PIA,3452.143611111111,301.0,89.132
PIA,3475.4769444444446,300.0,89.132
PIA,3502.137777777778,299.0,89.132
PIA,3525.232777777778,298.0,89.132
PIA,3544.966111111112,296.0,89.132
PIA,3571.270277777778,295.0,89.132
PIA,3584.3369444444447,294.0,89.132
PIA,3610.2036111111115,291.0,89.132
PIA,3629.536944444445,290.0,89.132
PIA,3648.803611111112,289.0,89.132
PIA,3664.859166666667,289.0,89.132
PIA,3687.1791666666672,288.0,89.132
PIA,3699.801388888889,284.0,89.132
PIA,3718.3347222222224,278.0,89.132
PIA,3733.1125,266.0,89.132
PIA,3744.490277777778,256.0,89.132
PIA,3766.4458333333337,247.0,89.132
PIA,3782.1791666666672,236.0,89.132
PIA,3792.490277777778,232.0,89.132
PIA,3807.5569444444445,226.0,89.132
PIA,3824.7458333333334,221.0,89.132
PIA,3836.690277777778,215.0,89.132
PIA,3853.023611111111,210.0,89.132
PIA,3869.201388888889,208.0,89.132
PIA,3880.4236111111113,202.0,89.132
PIA,3893.490277777778,196.0,89.132
PIA,3901.9791666666665,191.0,89.132
PIA,3925.9791666666665,180.0,89.132
PIA,3935.7569444444443,176.0,89.132
PIA,3945.3125,172.0,89.132
PIA,3952.956944444444,172.0,89.132
PIA,3960.3791666666666,167.0,89.132
PIA,3973.2902777777776,166.0,89.132
PIA,3980.7569444444443,168.0,89.132
PIA,3992.472222222222,175.0,89.132
PIA,4013.1388888888887,186.0,89.132
PIA,4023.9166666666665,194.0,89.132
PIA,4037.1166666666663,198.0,89.132
PIA,4046.4055555555556,209.0,89.132
PIA,4062.8355555555554,212.0,89.132
PIA,4072.657777777778,221.0,89.132
PIA,4101.38,235.0,89.132
PIA,4128.602222222223,245.0,89.132
PIA,4139.891111111111,254.0,89.132
PIA,4154.335555555555,260.0,89.132
PIA,4177.98,266.0,89.132
PIA,4193.1466666666665,273.0,89.132
PIA,4224.591111111112,283.0,89.132
PIA,4237.346666666667,287.0,89.132
PIA,4260.057777777778,292.0,89.132
PIA,4286.368888888888,296.0,89.132
PIA,4319.924444444444,302.0,89.132
PIA,4343.957777777778,309.0,89.132
PIA,4357.69111111111,309.0,89.132
PIA,4382.113333333333,314.0,89.132
PIA,4399.613333333333,315.0,89.132
PIA,4417.28,318.0,89.132
PIA,4435.002222222221,319.0,89.132
PIA,4463.624444444444,322.0,89.132
PIA,4488.836388888887,323.0,89.132
PIA,4521.236388888887,324.0,89.132
PIA,4542.836388888887,324.0,89.132
PIA,4560.836388888887,324.0,89.132
PIA,4578.836388888886,324.0,89.132
PIA,4603.958611111108,323.0,89.132
PIA,4639.646944444442,322.0,89.132
PIA,4675.202499999998,320.0,89.132
PIA,4689.424722222219,320.0,89.132
PIA,4721.2247222222195,318.0,89.132
PIA,4742.358055555554,317.0,89.132
PIA,4759.913611111108,316.0,89.132
PIA,4791.413611111108,315.0,89.132
PIA,4812.346944444443,314.0,89.132
PIA,4846.791388888886,310.0,89.132
PIA,4860.480277777776,308.0,89.132
PIA,4887.680277777776,306.0,89.132
PIA,4907.813611111109,302.0,89.132
PIA,4940.81361111111,297.0,89.132
PIA,4953.969166666665,296.0,89.132
PIA,4976.680277777776,292.0,89.132
PIA,4992.902499999998,292.0,89.132
PIA,5018.591388888886,289.0,89.132
PIA,5034.535833333331,287.0,89.132
PIA,5050.448333333331,285.0,89.132
PIA,5063.070555555553,284.0,89.132
PIA,5088.137222222219,282.0,89.132
PIA,5100.626111111109,281.0,89.132
PIA,5125.514999999998,280.0,89.132
PIA,5177.760277777776,277.0,89.132
PIA,5193.09361111111,276.0,89.132
PIA,5217.538055555554,275.0,89.132
PIA,5238.849166666665,274.0,89.132
PIA,5263.115833333332,273.0,89.132
PIA,5277.338055555554,256.0,89.132
PIA,5288.138055555555,243.0,89.132
PIA,5297.738055555555,216.0,89.132
PIA,5311.738055555555,180.0,89.132
PIA,5327.738055555555,180.0,89.132
PIA,5340.338055555555,126.0,89.132
PIA,5347.171388888888,123.0,89.132
PIA,5353.449166666666,113.0,89.132
PIA,5358.471388888888,113.0,89.132
PIA,5364.5824999999995,110.0,89.132
PIA,5371.515833333333,104.0,89.132
PIA,5379.4775,102.0,89.132
PIA,5383.9383333333335,101.0,89.132
PIA,5396.923333333333,106.0,89.132
PIA,5403.761388888889,103.0,89.132
PIA,5414.900277777778,100.0,89.132
PIA,5425.344722222222,94.0,89.132
PIA,5436.344722222222,99.0,89.132
PIA,5442.233611111111,106.0,89.132
PIA,5450.233611111111,120.0,89.132
PIA,5458.83361111111,129.0,89.132
PIA,5466.572499999999,140.0,89.132
PIA,5478.628055555555,155.0,89.132
PIA,5499.405833333332,170.0,89.132
PIA,5516.294722222222,190.0,89.132
PIA,5529.294722222222,195.0,89.132
PIA,5542.294722222222,195.0,89.132
PIA,5559.094722222222,216.0,89.132
PIA,5568.6947222222225,216.0,89.132
PIA,5585.494722222223,216.0,89.132
PIA,5595.450277777778,224.0,89.132
PIA,5610.383611111111,224.0,89.132
PIA,5625.316944444446,224.0,89.132
PIA,5652.607222222223,245.0,89.132
PIA,5684.068888888889,258.0,89.132
PIA,5701.335555555556,259.0,89.132
PIA,5727.6355555555565,263.0,89.132
PIA,5751.443055555556,267.0,89.132
PIA,5775.354166666667,269.0,89.132
LEC,1.2608333333333335,267.0,89.303
LEC,24.99416666666667,267.0,89.303
LEC,37.17194444444445,274.0,89.303
LEC,58.71638888888889,277.0,89.303
LEC,81.58305555555555,294.0,89.303
LEC,111.58305555555555,300.0,89.303
LEC,131.84972222222223,304.0,89.303
LEC,152.3163888888889,307.0,89.303
LEC,169.53861111111112,310.0,89.303
LEC,190.4052777777778,313.0,89.303
LEC,214.74972222222223,313.0,89.303
LEC,235.6163888888889,313.0,89.303
LEC,260.66083333333336,322.0,89.303
LEC,278.66083333333336,324.0,89.303
LEC,303.86083333333335,324.0,89.303
LEC,321.9719444444445,326.0,89.303
LEC,336.46083333333337,326.0,89.303
LEC,350.94972222222225,326.0,89.303
LEC,376.3830555555556,327.0,89.303
LEC,398.11638888888893,326.0,89.303
LEC,416.2275000000001,326.0,89.303
LEC,455.94972222222225,325.0,89.303
LEC,484.74972222222226,324.0,89.303
LEC,513.4608333333334,323.0,89.303
LEC,531.2941666666667,321.0,89.303
LEC,545.4275,318.0,89.303
LEC,562.8163888888889,313.0,89.303
LEC,583.2830555555556,307.0,89.303
LEC,603.416388888889,302.0,89.303
LEC,616.7497222222222,300.0,89.303
LEC,636.2830555555555,293.0,89.303
LEC,658.4497222222222,285.0,89.303
LEC,671.0275,283.0,89.303
LEC,686.3608333333333,276.0,89.303
LEC,704.4275,271.0,89.303
LEC,718.9275000000001,261.0,89.303
LEC,737.0497222222223,233.0,89.303
LEC,758.0497222222223,210.0,89.303
LEC,779.2719444444446,191.0,89.303
LEC,793.116388888889,178.0,89.303
LEC,802.8941666666668,176.0,89.303
LEC,810.4497222222224,170.0,89.303
LEC,819.6719444444445,166.0,89.303
LEC,836.1719444444445,165.0,89.303
LEC,847.4386111111112,169.0,89.303
LEC,854.9497222222222,169.0,89.303
LEC,862.6830555555556,174.0,89.303
LEC,876.5275000000001,178.0,89.303
LEC,899.1386111111112,185.0,89.303
LEC,909.416388888889,185.0,89.303
LEC,922.6830555555556,199.0,89.303
LEC,946.016388888889,210.0,89.303
LEC,957.9608333333334,215.0,89.303
LEC,967.6497222222223,218.0,89.303
LEC,982.4497222222224,222.0,89.303
LEC,1005.1497222222223,227.0,89.303
LEC,1015.3719444444446,230.0,89.303
LEC,1030.8386111111113,232.0,89.303
LEC,1048.8830555555558,232.0,89.303
LEC,1069.5941666666668,233.0,89.303
LEC,1082.4830555555557,232.0,89.303
LEC,1095.316388888889,231.0,89.303
LEC,1115.8497222222222,231.0,89.303
LEC,1128.6830555555555,231.0,89.303
LEC,1157.1608333333334,233.0,89.303
LEC,1179.9608333333333,228.0,89.303
LEC,1206.7275,219.0,89.303
LEC,1216.3719444444444,217.0,89.303
LEC,1225.9275,215.0,89.303
LEC,1242.5719444444444,214.0,89.303
LEC,1266.6830555555557,217.0,89.303
LEC,1281.2830555555556,219.0,89.303
LEC,1333.838611111111,215.0,89.303
LEC,1350.3275,212.0,89.303
LEC,1362.0497222222223,211.0,89.303
LEC,1373.6608333333334,209.0,89.303
LEC,1385.3830555555558,211.0,89.303
LEC,1397.105277777778,211.0,89.303
LEC,1411.2386111111111,212.0,89.303
LEC,1430.3497222222222,215.0,89.303
LEC,1444.8830555555558,218.0,89.303
LEC,1459.1497222222224,214.0,89.303
LEC,1470.8719444444446,211.0,89.303
LEC,1484.7386111111114,208.0,89.303
LEC,1493.8497222222225,205.0,89.303
LEC,1502.7830555555558,201.0,89.303
LEC,1518.1830555555557,198.0,89.303
LEC,1526.8497222222225,195.0,89.303
LEC,1544.1830555555557,195.0,89.303
LEC,1554.9052777777779,193.0,89.303
LEC,1570.0719444444446,195.0,89.303
LEC,1581.016388888889,197.0,89.303
LEC,1592.1830555555557,201.0,89.303
LEC,1603.4052777777779,202.0,89.303
LEC,1619.4275,206.0,89.303
LEC,1643.2052777777778,214.0,89.303
LEC,1665.266388888889,220.0,89.303
LEC,1682.299722222222,219.0,89.303
LEC,1692.0330555555554,219.0,89.303
LEC,1709.2380555555553,222.0,89.303
LEC,1724.104722222222,223.0,89.303
LEC,1747.004722222222,229.0,89.303
LEC,1762.5380555555553,233.0,89.303
LEC,1775.593611111111,235.0,89.303
LEC,1786.126944444444,237.0,89.303
LEC,1801.9269444444442,237.0,89.303
LEC,1821.3713888888888,250.0,89.303
LEC,1849.9269444444442,257.0,89.303
LEC,1861.4380555555554,259.0,89.303
LEC,1881.9713888888887,264.0,89.303
LEC,1911.9713888888887,270.0,89.303
LEC,1930.304722222222,275.0,89.303
LEC,1993.1936111111108,283.0,89.303
LEC,2008.9713888888887,284.0,89.303
LEC,2030.9824999999998,283.0,89.303
LEC,2062.760277777778,286.0,89.303
LEC,2091.360277777778,286.0,89.303
LEC,2107.2491666666665,286.0,89.303
LEC,2119.915833333333,285.0,89.303
LEC,2138.9949999999994,285.0,89.303
LEC,2164.328333333333,285.0,89.303
LEC,2180.1061111111107,284.0,89.303
LEC,2201.7286111111107,279.0,89.303
LEC,2226.173055555555,275.0,89.303
LEC,2244.039722222222,268.0,89.303
LEC,2255.7286111111102,263.0,89.303
LEC,2272.7286111111102,255.0,89.303
LEC,2292.1730555555546,250.0,89.303
LEC,2316.0730555555547,239.0,89.303
LEC,2334.195277777777,233.0,89.303
LEC,2354.106388888888,224.0,89.303
LEC,2365.32861111111,202.0,89.303
LEC,2382.7286111111102,174.0,89.303
LEC,2395.795277777777,168.0,89.303
LEC,2402.817499999999,158.0,89.303
LEC,2411.3730555555544,154.0,89.303
LEC,2419.706388888888,150.0,89.303
LEC,2431.1397222222213,147.0,89.303
LEC,2442.9619444444434,152.0,89.303
LEC,2456.8286111111097,156.0,89.303
LEC,2469.4286111111096,162.0,89.303
LEC,2481.0952777777766,175.0,89.303
LEC,2497.3619444444435,183.0,89.303
LEC,2519.917499999999,203.0,89.303
LEC,2531.5866666666657,209.0,89.303
LEC,2543.5311111111105,215.0,89.303
LEC,2568.419999999999,224.0,89.303
LEC,2583.7558333333322,231.0,89.303
LEC,2601.9558333333325,234.0,89.303
LEC,2617.889166666666,239.0,89.303
LEC,2631.2780555555546,241.0,89.303
LEC,2655.678055555555,244.0,89.303
LEC,2666.566944444444,245.0,89.303
LEC,2694.011388888888,247.0,89.303
LEC,2707.789166666666,248.0,89.303
LEC,2740.0558333333324,242.0,89.303
LEC,2750.8113888888884,242.0,89.303
LEC,2766.611388888888,237.0,89.303
LEC,2792.055833333333,229.0,89.303
LEC,2834.055833333333,140.0,89.303
LEC,2844.944722222222,140.0,89.303
LEC,2857.3891666666664,140.0,89.303
LEC,2863.6113888888885,140.0,89.303
LEC,2873.7113888888885,101.0,89.303
LEC,2880.444722222222,101.0,89.303
LEC,2883.7541666666666,74.0,89.303
LEC,2889.1208333333334,69.0,89.303
LEC,2892.1430555555557,68.0,89.303
LEC,2896.8763888888893,71.0,89.303
LEC,2901.8097222222227,74.0,89.303
LEC,2907.054444444445,79.0,89.303
LEC,2911.776666666667,85.0,89.303
LEC,2918.1766666666667,96.0,89.303
LEC,2927.4211111111113,104.0,89.303
LEC,2932.665555555556,118.0,89.303
LEC,2944.2211111111114,130.0,89.303
LEC,2961.2211111111114,153.0,89.303
LEC,2974.4433333333336,170.0,89.303
LEC,2988.5211111111116,181.0,89.303
LEC,2999.0211111111116,189.0,89.303
LEC,3010.0211111111116,198.0,89.303
LEC,3028.954444444445,213.0,89.303
LEC,3054.065555555556,226.0,89.303
LEC,3064.198888888889,228.0,89.303
LEC,3082.7100000000005,238.0,89.303
LEC,3104.4877777777783,245.0,89.303
LEC,3126.7988888888895,251.0,89.303
LEC,3146.865555555556,258.0,89.303
LEC,3161.365555555556,261.0,89.303
LEC,3185.0100000000007,266.0,89.303
LEC,3197.040277777778,269.0,89.303
LEC,3218.1958333333337,272.0,89.303
LEC,3236.6625000000004,277.0,89.303
LEC,3255.395833333334,281.0,89.303
LEC,3277.3291666666673,282.0,89.303
LEC,3296.3827777777783,287.0,89.303
LEC,3325.2827777777784,289.0,89.303
LEC,3338.2161111111113,291.0,89.303
LEC,3357.6161111111114,291.0,89.303
LEC,3370.638333333334,293.0,89.303
LEC,3400.038333333334,294.0,89.303
LEC,3413.0605555555558,293.0,89.303
LEC,3429.3383333333336,293.0,89.303
LEC,3455.2938888888893,292.0,89.303
LEC,3477.849444444445,290.0,89.303
LEC,3500.327222222222,289.0,89.303
LEC,3525.838333333333,287.0,89.303
LEC,3544.9049999999997,286.0,89.303
LEC,3560.6827777777776,284.0,89.303
LEC,3585.749444444444,282.0,89.303
LEC,3655.2605555555547,272.0,89.303
LEC,3673.1272222222215,268.0,89.303
LEC,3693.6605555555548,264.0,89.303
LEC,3708.2888888888883,262.0,89.303
LEC,3725.2222222222217,254.0,89.303
LEC,3739.0555555555547,249.0,89.303
LEC,3758.0333333333324,244.0,89.303
LEC,3776.466666666666,237.0,89.303
LEC,3789.2999999999993,231.0,89.303
LEC,3804.1711111111103,224.0,89.303
LEC,3818.7711111111103,219.0,89.303
LEC,3833.0377777777767,214.0,89.303
LEC,3844.87111111111,213.0,89.303
LEC,3854.07111111111,207.0,89.303
LEC,3863.0044444444434,201.0,89.303
LEC,3880.248888888888,194.0,89.303
LEC,3888.6488888888875,189.0,89.303
LEC,3898.9266666666654,185.0,89.303
LEC,3912.6933333333322,177.0,89.303
LEC,3929.793333333332,171.0,89.303
LEC,3941.1933333333322,171.0,89.303
LEC,3948.8377777777764,172.0,89.303
LEC,3960.4377777777763,174.0,89.303
LEC,3976.1711111111094,177.0,89.303
LEC,3988.3044444444427,182.0,89.303
LEC,4004.926666666665,187.0,89.303
LEC,4026.815555555554,197.0,89.303
LEC,4035.7933333333317,202.0,89.303
LEC,4049.7933333333317,210.0,89.303
LEC,4061.6822222222204,214.0,89.303
LEC,4079.4008333333313,227.0,89.303
LEC,4103.100833333331,237.0,89.303
LEC,4119.567499999998,247.0,89.303
LEC,4139.47861111111,256.0,89.303
LEC,4154.0341666666645,262.0,89.303
LEC,4171.834166666666,267.0,89.303
LEC,4199.257777777776,275.0,89.303
LEC,4214.813333333332,280.0,89.303
LEC,4233.679999999998,283.0,89.303
LEC,4256.235555555553,290.0,89.303
LEC,4275.635555555554,291.0,89.303
LEC,4302.213333333331,299.0,89.303
LEC,4315.591111111109,301.0,89.303
LEC,4342.70222222222,305.0,89.303
LEC,4380.713333333331,311.0,89.303
LEC,4419.335555555554,316.0,89.303
LEC,4436.891111111109,316.0,89.303
LEC,4468.49111111111,316.0,89.303
LEC,4511.157777777777,320.0,89.303
LEC,4536.046666666665,320.0,89.303
LEC,4553.824444444442,320.0,89.303
LEC,4578.71333333333,320.0,89.303
LEC,4621.468888888887,320.0,89.303
LEC,4657.0244444444415,320.0,89.303
LEC,4671.246666666665,320.0,89.303
LEC,4689.0244444444415,320.0,89.303
LEC,4724.579999999997,320.0,89.303
LEC,4813.3799999999965,320.0,89.303
LEC,4831.157777777775,320.0,89.303
LEC,4859.60222222222,320.0,89.303
LEC,4895.157777777775,320.0,89.303
LEC,4920.046666666663,320.0,89.303
LEC,4939.979999999996,299.0,89.303
LEC,4953.224444444441,298.0,89.303
LEC,4969.613333333329,295.0,89.303
LEC,4998.71333333333,291.0,89.303
LEC,5033.91333333333,288.0,89.303
LEC,5059.51333333333,288.0,89.303
LEC,5081.524444444441,283.0,89.303
LEC,5103.302222222219,280.0,89.303
LEC,5125.079999999997,280.0,89.303
LEC,5162.013333333331,277.0,89.303
LEC,5174.401388888887,277.0,89.303
LEC,5192.801388888886,276.0,89.303
LEC,5211.134722222219,275.0,89.303
LEC,5223.312499999998,274.0,89.303
LEC,5238.479166666664,273.0,89.303
LEC,5253.590277777776,272.0,89.303
LEC,5282.190277777775,234.0,89.303
LEC,5302.798888888887,169.0,89.303
LEC,5309.954444444442,161.0,89.303
LEC,5320.765555555553,139.0,89.303
LEC,5332.665555555553,119.0,89.303
LEC,5341.221111111108,110.0,89.303
LEC,5347.887777777775,100.0,89.303
LEC,5355.3544444444415,96.0,89.303
LEC,5360.63222222222,95.0,89.303
LEC,5366.965555555553,95.0,89.303
LEC,5374.665555555553,99.0,89.303
LEC,5380.554444444441,106.0,89.303
LEC,5385.265555555552,106.0,89.303
LEC,5391.932222222219,100.0,89.303
LEC,5403.154444444441,101.0,89.303
LEC,5411.165555555552,103.0,89.303
LEC,5419.332222222219,105.0,89.303
LEC,5428.121111111108,113.0,89.303
LEC,5436.387777777774,124.0,89.303
LEC,5442.076666666663,128.0,89.303
LEC,5451.381944444441,139.0,89.303
LEC,5471.793055555551,167.0,89.303
LEC,5479.615277777773,176.0,89.303
LEC,5489.559722222218,179.0,89.303
LEC,5502.093055555551,188.0,89.303
LEC,5517.648611111106,200.0,89.303
LEC,5533.204166666662,200.0,89.303
LEC,5546.48194444444,200.0,89.303
LEC,5561.08194444444,219.0,89.303
LEC,5576.08194444444,225.0,89.303
LEC,5599.281944444439,232.0,89.303
LEC,5614.748611111107,232.0,89.303
LEC,5644.693055555551,245.0,89.303
LEC,5658.526388888885,249.0,89.303
LEC,5686.748611111107,254.0,89.303
LEC,5709.770833333329,259.0,89.303
LEC,5724.159722222218,259.0,89.303
LEC,5735.893055555551,264.0,89.303
LEC,5762.493055555551,266.0,89.303
LEC,5774.404166666662,268.0,89.303
NOR,9.955555555555556,280.0,89.409
NOR,28.955555555555556,285.0,89.409
NOR,51.2,286.0,89.409
NOR,80.8,296.0,89.409
NOR,100.53333333333333,296.0,89.409
NOR,134.64444444444445,307.0,89.409
NOR,172.7777777777778,312.0,89.409
NOR,186.68888888888893,313.0,89.409
NOR,214.68888888888893,315.0,89.409
NOR,239.1888888888889,315.0,89.409
NOR,264.0777777777778,320.0,89.409
NOR,292.6111111111111,321.0,89.409
NOR,321.1444444444444,321.0,89.409
NOR,342.5444444444444,321.0,89.409
NOR,367.5111111111111,321.0,89.409
NOR,388.91111111111104,321.0,89.409
NOR,410.3111111111111,321.0,89.409
NOR,442.1111111111111,318.0,89.409
NOR,456.2,317.0,89.409
NOR,480.8555555555555,317.0,89.409
NOR,494.8555555555555,315.0,89.409
NOR,512.3,314.0,89.409
NOR,529.4666666666666,309.0,89.409
NOR,549.8,305.0,89.409
NOR,563.1777777777777,301.0,89.409
NOR,579.6777777777777,297.0,89.409
NOR,595.9,292.0,89.409
NOR,657.4555555555555,277.0,89.409
NOR,672.6222222222221,273.0,89.409
NOR,699.4222222222222,268.0,89.409
NOR,710.8888888888889,258.0,89.409
NOR,737.2222222222223,237.0,89.409
NOR,754.0222222222222,216.0,89.409
NOR,767.6888888888889,205.0,89.409
NOR,778.6333333333333,197.0,89.409
NOR,793.1,186.0,89.409
NOR,812.5444444444444,175.0,89.409
NOR,824.0777777777777,173.0,89.409
NOR,835.3444444444443,169.0,89.409
NOR,842.8555555555554,169.0,89.409
NOR,859.7555555555554,169.0,89.409
NOR,868.9222222222221,165.0,89.409
NOR,878.5255555555553,172.0,89.409
NOR,888.0333333333332,172.0,89.409
NOR,902.8111111111109,190.0,89.409
NOR,915.8111111111109,195.0,89.409
NOR,929.2777777777776,202.0,89.409
NOR,947.9444444444442,210.0,89.409
NOR,957.4111111111108,213.0,89.409
NOR,974.2888888888887,217.0,89.409
NOR,1004.8222222222221,229.0,89.409
NOR,1028.222222222222,234.0,89.409
NOR,1046.5777777777776,236.0,89.409
NOR,1062.3777777777775,237.0,89.409
NOR,1086.0777777777776,237.0,89.409
NOR,1112.2999999999997,236.0,89.409
NOR,1125.4111111111108,236.0,89.409
NOR,1138.522222222222,236.0,89.409
NOR,1151.6888888888886,237.0,89.409
NOR,1174.5888888888885,229.0,89.409
NOR,1187.144444444444,226.0,89.409
NOR,1204.0999999999995,218.0,89.409
NOR,1218.366666666666,214.0,89.409
NOR,1244.7041666666662,215.0,89.409
NOR,1254.1999999999994,215.0,89.409
NOR,1266.1444444444437,215.0,89.409
NOR,1280.671388888888,217.0,89.409
NOR,1300.1658333333323,220.0,89.409
NOR,1317.2769444444434,220.0,89.409
NOR,1329.5547222222212,221.0,89.409
NOR,1344.1547222222214,219.0,89.409
NOR,1360.7991666666658,214.0,89.409
NOR,1377.2880555555548,212.0,89.409
NOR,1403.199166666666,212.0,89.409
NOR,1412.6213888888883,212.0,89.409
NOR,1429.188055555555,213.0,89.409
NOR,1438.699166666666,214.0,89.409
NOR,1450.7547222222215,217.0,89.409
NOR,1462.7547222222217,216.0,89.409
NOR,1478.9324999999994,208.0,89.409
NOR,1490.376944444444,206.0,89.409
NOR,1499.3547222222219,202.0,89.409
NOR,1522.8213888888884,192.0,89.409
NOR,1531.3547222222217,192.0,89.409
NOR,1543.6880555555551,185.0,89.409
NOR,1556.0213888888884,185.0,89.409
NOR,1577.0213888888884,189.0,89.409
NOR,1585.4658333333327,190.0,89.409
NOR,1611.920833333333,198.0,89.409
NOR,1620.7099999999996,199.0,89.409
NOR,1629.7322222222217,203.0,89.409
NOR,1643.5988888888885,208.0,89.409
NOR,1655.5472222222215,214.0,89.409
NOR,1672.3472222222217,216.0,89.409
NOR,1694.385833333333,221.0,89.409
NOR,1704.2080555555553,221.0,89.409
NOR,1724.0302777777777,223.0,89.409
NOR,1746.4302777777775,224.0,89.409
NOR,1758.985833333333,226.0,89.409
NOR,1774.4524999999994,232.0,89.409
NOR,1800.896944444444,238.0,89.409
NOR,1811.6524999999995,242.0,89.409
NOR,1828.0524999999993,246.0,89.409
NOR,1844.9191666666661,253.0,89.409
NOR,1925.619166666666,269.0,89.409
NOR,1940.6747222222214,271.0,89.409
NOR,1955.861388888888,272.0,89.409
NOR,1974.0519444444437,274.0,89.409
NOR,2001.6283333333326,275.0,89.409
NOR,2016.9061111111105,275.0,89.409
NOR,2032.2394444444437,276.0,89.409
NOR,2056.6961111111104,276.0,89.409
NOR,2081.2294444444437,276.0,89.409
NOR,2108.705555555555,274.0,89.409
NOR,2126.905555555555,273.0,89.409
NOR,2151.1722222222215,273.0,89.409
NOR,2166.263055555555,273.0,89.409
NOR,2181.4297222222217,273.0,89.409
NOR,2193.5630555555554,273.0,89.409
NOR,2217.7408333333333,272.0,89.409
NOR,2244.440833333333,267.0,89.409
NOR,2258.7186111111105,257.0,89.409
NOR,2288.540833333333,244.0,89.409
NOR,2301.874166666666,240.0,89.409
NOR,2314.874166666666,234.0,89.409
NOR,2327.596388888888,229.0,89.409
NOR,2342.663055555555,226.0,89.409
NOR,2363.463055555555,208.0,89.409
NOR,2375.0186111111107,208.0,89.409
NOR,2382.974166666666,179.0,89.409
NOR,2392.3074999999994,168.0,89.409
NOR,2403.040833333333,161.0,89.409
NOR,2413.5074999999993,157.0,89.409
NOR,2430.396388888888,152.0,89.409
NOR,2443.236388888888,144.0,89.409
NOR,2454.551388888888,146.0,89.409
NOR,2468.418055555555,156.0,89.409
NOR,2483.5291666666662,170.0,89.409
NOR,2505.138611111111,194.0,89.409
NOR,2513.7608333333333,194.0,89.409
NOR,2522.916388888889,206.0,89.409
NOR,2534.8052777777775,214.0,89.409
NOR,2544.4777777777776,219.0,89.409
NOR,2570.0333333333338,230.0,89.409
NOR,2580.3444444444444,232.0,89.409
NOR,2609.922222222222,242.0,89.409
NOR,2623.588888888889,246.0,89.409
NOR,2648.588888888889,250.0,89.409
NOR,2679.7555555555555,255.0,89.409
NOR,2705.4555555555557,257.0,89.409
NOR,2725.288888888889,255.0,89.409
NOR,2742.0222222222224,251.0,89.409
NOR,2755.6333333333337,245.0,89.409
NOR,2776.6111111111113,236.0,89.409
NOR,2794.3444444444444,228.0,89.409
NOR,2803.7222222222226,211.0,89.409
NOR,2823.055555555556,174.0,89.409
NOR,2834.644444444445,149.0,89.409
NOR,2842.144444444445,135.0,89.409
NOR,2849.144444444445,126.0,89.409
NOR,2855.644444444445,117.0,89.409
NOR,2862.9777777777786,110.0,89.409
NOR,2871.066666666667,104.0,89.409
NOR,2877.426388888889,95.0,89.409
NOR,2885.0708333333337,86.0,89.409
NOR,2888.893055555556,86.0,89.409
NOR,2893.959722222223,76.0,89.409
NOR,2903.2275000000004,76.0,89.409
NOR,2908.494166666667,79.0,89.409
NOR,2913.105277777778,83.0,89.409
NOR,2919.105277777778,90.0,89.409
NOR,2927.9052777777783,99.0,89.409
NOR,2934.971944444445,106.0,89.409
NOR,2941.2497222222228,113.0,89.409
NOR,2954.4497222222226,132.0,89.409
NOR,2966.0386111111115,149.0,89.409
NOR,2972.883055555556,154.0,89.409
NOR,2980.2163888888895,165.0,89.409
NOR,2996.2163888888895,180.0,89.409
NOR,3018.2163888888895,198.0,89.409
NOR,3036.883055555556,210.0,89.409
NOR,3056.8563888888893,224.0,89.409
NOR,3074.6813888888896,230.0,89.409
NOR,3093.192500000001,238.0,89.409
NOR,3117.892500000001,247.0,89.409
NOR,3137.718611111112,254.0,89.409
NOR,3149.0252777777782,256.0,89.409
NOR,3160.5808333333334,260.0,89.409
NOR,3175.2650000000003,263.0,89.409
NOR,3192.998333333334,266.0,89.409
NOR,3204.8650000000007,267.0,89.409
NOR,3222.9983333333334,272.0,89.409
NOR,3241.331666666667,275.0,89.409
NOR,3256.8094444444446,280.0,89.409
NOR,3288.476111111111,285.0,89.409
NOR,3320.920555555556,292.0,89.409
NOR,3343.787222222222,294.0,89.409
NOR,3373.487222222223,297.0,89.409
NOR,3386.731666666667,298.0,89.409
NOR,3409.9872222222225,299.0,89.409
NOR,3423.2761111111113,299.0,89.409
NOR,3446.5316666666668,299.0,89.409
NOR,3466.5316666666668,300.0,89.409
NOR,3479.8205555555555,299.0,89.409
NOR,3509.6205555555553,298.0,89.409
NOR,3532.5649999999996,295.0,89.409
NOR,3548.9538888888887,295.0,89.409
NOR,3571.7427777777775,293.0,89.409
NOR,3597.6094444444443,291.0,89.409
NOR,3613.6649999999995,289.0,89.409
NOR,3626.4649999999997,288.0,89.409
NOR,3639.2649999999994,288.0,89.409
NOR,3664.7666666666664,286.0,89.409
NOR,3683.7538888888885,286.0,89.409
NOR,3702.7661111111106,284.0,89.409
NOR,3717.9883333333332,274.0,89.409
NOR,3737.8216666666663,255.0,89.409
NOR,3756.6438888888883,242.0,89.409
NOR,3772.3105555555553,235.0,89.409
NOR,3784.9691666666663,229.0,89.409
NOR,3802.0024999999996,219.0,89.409
NOR,3814.0580555555553,217.0,89.409
NOR,3828.058055555555,210.0,89.409
NOR,3839.7247222222218,210.0,89.409
NOR,3855.8247222222217,207.0,89.409
NOR,3864.9358333333325,205.0,89.409
NOR,3876.1024999999995,201.0,89.409
NOR,3886.9913888888887,196.0,89.409
NOR,3905.6913888888885,187.0,89.409
NOR,3921.7802777777774,181.0,89.409
NOR,3933.580277777777,177.0,89.409
NOR,3944.9802777777772,171.0,89.409
NOR,3952.4913888888887,169.0,89.409
NOR,3959.8247222222217,165.0,89.409
NOR,3967.2024999999994,166.0,89.409
NOR,3980.346944444444,169.0,89.409
NOR,3992.013611111111,175.0,89.409
NOR,4006.091388888889,181.0,89.409
NOR,4023.211388888889,192.0,89.409
NOR,4038.866388888889,202.0,89.409
NOR,4053.066388888889,213.0,89.409
NOR,4073.0397222222223,224.0,89.409
NOR,4083.2619444444454,230.0,89.409
NOR,4104.4175000000005,238.0,89.409
NOR,4120.7508333333335,245.0,89.409
NOR,4137.750833333334,255.0,89.409
NOR,4152.084166666668,258.0,89.409
NOR,4172.311666666668,261.0,89.409
NOR,4184.356111111112,271.0,89.409
NOR,4202.756111111112,276.0,89.409
NOR,4218.367222222223,281.0,89.409
NOR,4230.945000000001,283.0,89.409
NOR,4256.811666666668,291.0,89.409
NOR,4276.545000000001,296.0,89.409
NOR,4289.745000000002,297.0,89.409
NOR,4309.878333333335,302.0,89.409
NOR,4333.600555555558,305.0,89.409
NOR,4350.711666666669,308.0,89.409
NOR,4374.978333333335,312.0,89.409
NOR,4399.556111111112,316.0,89.409
NOR,4417.167222222223,317.0,89.409
NOR,4438.367222222224,318.0,89.409
NOR,4452.589444444446,320.0,89.409
NOR,4495.522777777779,322.0,89.409
NOR,4513.411666666667,322.0,89.409
NOR,4531.356111111111,323.0,89.409
NOR,4545.711666666666,323.0,89.409
NOR,4560.067222222223,323.0,89.409
NOR,4585.189444444445,323.0,89.409
NOR,4599.545,323.0,89.409
NOR,4621.101111111111,322.0,89.409
NOR,4656.656666666666,320.0,89.409
NOR,4674.3788888888885,319.0,89.409
NOR,4695.578888888889,318.0,89.409
NOR,4709.712222222222,318.0,89.409
NOR,4734.202222222222,316.0,89.409
NOR,4748.246666666666,316.0,89.409
NOR,4786.746666666667,315.0,89.409
NOR,4821.19111111111,310.0,89.409
NOR,4834.924444444443,309.0,89.409
NOR,4851.979999999999,307.0,89.409
NOR,4879.09111111111,305.0,89.409
NOR,4895.979999999998,304.0,89.409
NOR,4929.20222222222,299.0,89.409
NOR,4942.3577777777755,296.0,89.409
NOR,4965.30222222222,295.0,89.409
NOR,4990.99111111111,289.0,89.409
NOR,5022.657777777776,285.0,89.409
NOR,5044.668888888887,283.0,89.409
NOR,5057.246666666664,283.0,89.409
NOR,5079.024444444442,280.0,89.409
NOR,5094.579999999998,280.0,89.409
NOR,5110.024444444442,278.0,89.409
NOR,5125.413333333331,277.0,89.409
NOR,5149.946666666664,276.0,89.409
NOR,5171.333888888887,274.0,89.409
NOR,5198.633888888887,273.0,89.409
NOR,5216.76722222222,272.0,89.409
NOR,5231.878333333331,272.0,89.409
NOR,5246.933888888887,271.0,89.409
NOR,5266.922777777776,257.0,89.409
NOR,5291.195277777776,219.0,89.409
NOR,5309.63972222222,166.0,89.409
NOR,5316.661944444443,158.0,89.409
NOR,5329.7619444444435,131.0,89.409
NOR,5337.62861111111,118.0,89.409
NOR,5343.850833333333,112.0,89.409
NOR,5354.650833333333,108.0,89.409
NOR,5361.384166666667,101.0,89.409
NOR,5372.161944444445,97.0,89.409
NOR,5376.473055555556,97.0,89.409
NOR,5385.806388888889,105.0,89.409
NOR,5392.673055555556,103.0,89.409
NOR,5403.561944444445,98.0,89.409
NOR,5407.9175000000005,98.0,89.409
NOR,5415.384166666667,96.0,89.409
NOR,5420.939722222222,100.0,89.409
NOR,5430.628611111111,109.0,89.409
NOR,5437.073055555556,116.0,89.409
NOR,5443.996388888889,124.0,89.409
NOR,5449.951944444444,134.0,89.409
NOR,5463.196388888889,149.0,89.409
NOR,5470.263055555555,159.0,89.409
NOR,5485.640833333333,173.0,89.409
NOR,5522.985833333332,198.0,89.409
NOR,5533.985833333332,198.0,89.409
NOR,5552.830277777777,212.0,89.409
NOR,5569.863611111111,219.0,89.409
NOR,5589.596944444444,222.0,89.409
NOR,5602.096944444444,225.0,89.409
NOR,5612.096944444444,225.0,89.409
NOR,5622.096944444444,225.0,89.409
NOR,5639.596944444444,225.0,89.409
NOR,5659.5969444444445,225.0,89.409
NOR,5685.496944444444,259.0,89.409
NOR,5700.0525,262.0,89.409
NOR,5714.7747222222215,265.0,89.409
NOR,5726.5525,265.0,89.409
NOR,5741.2747222222215,265.0,89.409
NOR,5759.208055555556,269.0,89.409
HAM,31.924722222222222,281.0,89.567
HAM,44.591388888888886,285.0,89.567
HAM,64.05805555555557,292.0,89.567
HAM,83.52472222222222,292.0,89.567
HAM,117.1913888888889,303.0,89.567
HAM,130.7913888888889,306.0,89.567
HAM,172.34444444444443,311.0,89.567
HAM,186.16861111111112,313.0,89.567
HAM,200.1686111111111,315.0,89.567
HAM,221.30194444444444,317.0,89.567
HAM,239.11277777777778,319.0,89.567
HAM,264.15722222222223,322.0,89.567
HAM,296.46722222222223,324.0,89.567
HAM,310.86722222222227,324.0,89.567
HAM,339.7561111111111,325.0,89.567
HAM,372.2561111111111,325.0,89.567
HAM,390.3116666666667,325.0,89.567
HAM,412.0450000000001,326.0,89.567
HAM,448.15611111111116,325.0,89.567
HAM,462.5116666666667,323.0,89.567
HAM,484.0450000000001,323.0,89.567
HAM,505.57833333333343,323.0,89.567
HAM,596.4783333333335,303.0,89.567
HAM,613.033888888889,298.0,89.567
HAM,629.3930555555556,293.0,89.567
HAM,648.5794444444446,289.0,89.567
HAM,676.5569444444445,279.0,89.567
HAM,691.7791666666668,274.0,89.567
HAM,706.7236111111112,269.0,89.567
HAM,729.673888888889,259.0,89.567
HAM,749.762777777778,226.0,89.567
HAM,769.8183333333335,200.0,89.567
HAM,782.8183333333335,195.0,89.567
HAM,798.9961111111113,182.0,89.567
HAM,808.8355555555557,178.0,89.567
HAM,818.4466666666669,173.0,89.567
HAM,826.0022222222225,170.0,89.567
HAM,840.9355555555558,168.0,89.567
HAM,858.1355555555558,172.0,89.567
HAM,867.857777777778,175.0,89.567
HAM,890.4688888888891,185.0,89.567
HAM,901.0244444444447,190.0,89.567
HAM,911.7466666666669,193.0,89.567
HAM,922.9133333333336,201.0,89.567
HAM,936.5800000000003,205.0,89.567
HAM,958.1800000000003,216.0,89.567
HAM,970.3466666666669,219.0,89.567
HAM,980.1688888888891,221.0,89.567
HAM,992.6688888888892,225.0,89.567
HAM,1007.8022222222224,227.0,89.567
HAM,1023.2022222222224,231.0,89.567
HAM,1049.0911111111113,233.0,89.567
HAM,1069.8669444444447,233.0,89.567
HAM,1087.7694444444446,231.0,89.567
HAM,1108.3916666666669,232.0,89.567
HAM,1128.9250000000002,231.0,89.567
HAM,1154.8786111111115,233.0,89.567
HAM,1165.1897222222226,232.0,89.567
HAM,1175.456388888889,231.0,89.567
HAM,1188.2897222222225,231.0,89.567
HAM,1198.4922222222224,231.0,89.567
HAM,1223.158888888889,222.0,89.567
HAM,1232.9811111111112,221.0,89.567
HAM,1260.1144444444446,222.0,89.567
HAM,1272.447777777778,222.0,89.567
HAM,1294.7477777777779,223.0,89.567
HAM,1321.5144444444445,219.0,89.567
HAM,1342.9144444444444,214.0,89.567
HAM,1359.3255555555556,211.0,89.567
HAM,1373.3255555555556,210.0,89.567
HAM,1384.9922222222222,210.0,89.567
HAM,1403.9255555555555,213.0,89.567
HAM,1420.4922222222224,213.0,89.567
HAM,1430.0033333333336,214.0,89.567
HAM,1454.3366666666668,219.0,89.567
HAM,1471.1366666666668,216.0,89.567
HAM,1482.9144444444446,212.0,89.567
HAM,1494.4700000000003,208.0,89.567
HAM,1506.0255555555557,208.0,89.567
HAM,1519.4255555555555,201.0,89.567
HAM,1534.7477777777779,197.0,89.567
HAM,1547.7350000000001,194.0,89.567
HAM,1564.8016666666667,192.0,89.567
HAM,1573.335,192.0,89.567
HAM,1586.4016666666666,196.0,89.567
HAM,1610.7905555555556,200.0,89.567
HAM,1624.3905555555557,204.0,89.567
HAM,1635.8905555555557,207.0,89.567
HAM,1650.223888888889,215.0,89.567
HAM,1669.423888888889,216.0,89.567
HAM,1683.823888888889,216.0,89.567
HAM,1695.8794444444445,217.0,89.567
HAM,1717.6794444444445,218.0,89.567
HAM,1734.635,218.0,89.567
HAM,1744.3683333333333,219.0,89.567
HAM,1754.2350000000001,222.0,89.567
HAM,1774.6794444444447,230.0,89.567
HAM,1801.012777777778,237.0,89.567
HAM,1822.5238888888891,242.0,89.567
HAM,1844.993888888889,252.0,89.567
HAM,1864.756388888889,255.0,89.567
HAM,1884.9786111111114,260.0,89.567
HAM,1911.6786111111114,267.0,89.567
HAM,1932.9877777777783,273.0,89.567
HAM,1945.0011111111116,272.0,89.567
HAM,1957.0900000000006,272.0,89.567
HAM,1972.4441666666673,275.0,89.567
HAM,1991.0441666666673,279.0,89.567
HAM,2003.4886111111116,280.0,89.567
HAM,2022.1552777777783,280.0,89.567
HAM,2040.9552777777783,282.0,89.567
HAM,2056.5988888888896,283.0,89.567
HAM,2087.9322222222227,282.0,89.567
HAM,2119.2655555555557,282.0,89.567
HAM,2141.198888888889,282.0,89.567
HAM,2169.398888888889,282.0,89.567
HAM,2181.887777777778,281.0,89.567
HAM,2203.432222222222,277.0,89.567
HAM,2215.743333333334,277.0,89.567
HAM,2236.4322222222227,266.0,89.567
HAM,2253.6322222222225,258.0,89.567
HAM,2264.9211111111117,254.0,89.567
HAM,2289.321111111112,244.0,89.567
HAM,2308.0655555555563,241.0,89.567
HAM,2321.287777777778,238.0,89.567
HAM,2339.2544444444447,231.0,89.567
HAM,2359.4322222222227,227.0,89.567
HAM,2370.765555555556,204.0,89.567
HAM,2379.0766666666673,187.0,89.567
HAM,2387.121111111112,181.0,89.567
HAM,2401.5661111111117,162.0,89.567
HAM,2412.055555555556,158.0,89.567
HAM,2422.431944444445,155.0,89.567
HAM,2430.765277777778,150.0,89.567
HAM,2442.4319444444445,150.0,89.567
HAM,2454.409722222222,154.0,89.567
HAM,2465.076388888889,160.0,89.567
HAM,2474.1419444444446,164.0,89.567
HAM,2487.9086111111114,177.0,89.567
HAM,2498.2419444444445,186.0,89.567
HAM,2511.4419444444447,198.0,89.567
HAM,2522.664166666667,202.0,89.567
HAM,2539.1530555555555,212.0,89.567
HAM,2548.753055555556,216.0,89.567
HAM,2561.0308333333337,221.0,89.567
HAM,2573.5308333333332,225.0,89.567
HAM,2596.9308333333333,234.0,89.567
HAM,2618.086388888889,238.0,89.567
HAM,2634.086388888889,240.0,89.567
HAM,2650.353055555556,244.0,89.567
HAM,2661.1975,244.0,89.567
HAM,2672.1308333333336,246.0,89.567
HAM,2683.1086111111113,247.0,89.567
HAM,2702.3975,248.0,89.567
HAM,2718.9308333333333,248.0,89.567
HAM,2738.064166666666,246.0,89.567
HAM,2759.5533333333333,241.0,89.567
HAM,2777.998333333333,238.0,89.567
HAM,2793.5316666666663,233.0,89.567
HAM,2811.0974999999994,197.0,89.567
HAM,2819.319722222222,185.0,89.567
HAM,2832.2974999999997,146.0,89.567
HAM,2841.164166666666,133.0,89.567
HAM,2849.030833333333,118.0,89.567
HAM,2855.141944444444,110.0,89.567
HAM,2863.124444444444,103.0,89.567
HAM,2867.4355555555553,97.0,89.567
HAM,2873.7022222222217,94.0,89.567
HAM,2878.535555555555,87.0,89.567
HAM,2882.224444444444,83.0,89.567
HAM,2889.335555555555,80.0,89.567
HAM,2894.4022222222216,76.0,89.567
HAM,2897.8688888888883,78.0,89.567
HAM,2903.335555555555,82.0,89.567
HAM,2909.9466666666663,85.0,89.567
HAM,2914.9466666666663,90.0,89.567
HAM,2922.413333333333,96.0,89.567
HAM,2930.813333333333,108.0,89.567
HAM,2937.2577777777774,116.0,89.567
HAM,2945.6577777777775,126.0,89.567
HAM,2951.7466666666664,137.0,89.567
HAM,2973.7466666666664,165.0,89.567
HAM,2983.4688888888886,175.0,89.567
HAM,2993.7466666666664,185.0,89.567
HAM,3002.146666666666,189.0,89.567
HAM,3010.902222222222,197.0,89.567
HAM,3027.1577777777775,209.0,89.567
HAM,3036.6244444444437,213.0,89.567
HAM,3051.285277777777,219.0,89.567
HAM,3077.285277777777,234.0,89.567
HAM,3090.563055555555,239.0,89.567
HAM,3106.829722222222,244.0,89.567
HAM,3117.8519444444437,248.0,89.567
HAM,3137.614444444444,255.0,89.567
HAM,3148.947777777777,255.0,89.567
HAM,3181.336666666666,265.0,89.567
HAM,3211.336666666666,270.0,89.567
HAM,3223.4699999999993,273.0,89.567
HAM,3238.803333333333,276.0,89.567
HAM,3263.6922222222215,280.0,89.567
HAM,3279.2477777777767,280.0,89.567
HAM,3310.9144444444437,285.0,89.567
HAM,3323.7144444444434,288.0,89.567
HAM,3346.269999999999,290.0,89.567
HAM,3372.136666666666,291.0,89.567
HAM,3404.469999999999,291.0,89.567
HAM,3427.18111111111,292.0,89.567
HAM,3440.114444444443,291.0,89.567
HAM,3462.5922222222207,289.0,89.567
HAM,3478.5922222222207,288.0,89.567
HAM,3494.5366666666646,287.0,89.567
HAM,3510.4255555555537,286.0,89.567
HAM,3535.6699999999983,284.0,89.567
HAM,3557.681666666665,282.0,89.567
HAM,3585.681666666665,280.0,89.567
HAM,3604.2816666666654,279.0,89.567
HAM,3619.614999999999,276.0,89.567
HAM,3634.7816666666654,273.0,89.567
HAM,3655.703888888888,269.0,89.567
HAM,3684.8530555555544,263.0,89.567
HAM,3713.6308333333322,259.0,89.567
HAM,3724.8308333333325,252.0,89.567
HAM,3749.2308333333326,244.0,89.567
HAM,3764.830833333332,234.0,89.567
HAM,3777.5530555555547,229.0,89.567
HAM,3799.7530555555545,222.0,89.567
HAM,3814.0197222222214,214.0,89.567
HAM,3836.90861111111,206.0,89.567
HAM,3846.0641666666656,206.0,89.567
HAM,3863.5752777777766,197.0,89.567
HAM,3876.375277777777,192.0,89.567
HAM,3896.9308333333324,185.0,89.567
HAM,3905.064166666666,183.0,89.567
HAM,3918.753055555555,176.0,89.567
HAM,3928.30861111111,172.0,89.567
HAM,3943.1530555555546,167.0,89.567
HAM,3952.375277777777,166.0,89.567
HAM,3961.755277777777,168.0,89.567
HAM,3969.310833333332,170.0,89.567
HAM,3984.9552777777767,176.0,89.567
HAM,3993.0441666666657,182.0,89.567
HAM,4010.0219444444433,191.0,89.567
HAM,4050.761944444443,216.0,89.567
HAM,4063.0952777777766,222.0,89.567
HAM,4083.8063888888873,233.0,89.567
HAM,4102.550833333332,241.0,89.567
HAM,4124.506388888888,247.0,89.567
HAM,4138.728611111111,256.0,89.567
HAM,4150.373055555555,262.0,89.567
HAM,4162.1063888888875,264.0,89.567
HAM,4183.2619444444435,272.0,89.567
HAM,4207.795277777777,276.0,89.567
HAM,4236.495277777777,287.0,89.567
HAM,4252.6063888888875,290.0,89.567
HAM,4268.9397222222215,294.0,89.567
HAM,4282.006388888888,294.0,89.567
HAM,4298.561944444444,298.0,89.567
HAM,4318.695277777778,302.0,89.567
HAM,4342.580277777777,306.0,89.567
HAM,4356.139444444444,307.0,89.567
HAM,4394.481944444445,313.0,89.567
HAM,4415.328055555555,314.0,89.567
HAM,4450.526944444445,316.0,89.567
HAM,4485.7491666666665,317.0,89.567
HAM,4520.971388888889,317.0,89.567
HAM,4538.638055555556,318.0,89.567
HAM,4559.9047222222225,319.0,89.567
HAM,4581.104722222222,318.0,89.567
HAM,4598.627777777778,317.0,89.567
HAM,4623.127777777778,315.0,89.567
HAM,4661.627777777778,315.0,89.567
HAM,4689.538888888889,314.0,89.567
HAM,4710.3388888888885,312.0,89.567
HAM,4731.13888888889,312.0,89.567
HAM,4755.250000000001,310.0,89.567
HAM,4769.027777777778,310.0,89.567
HAM,4793.061111111112,309.0,89.567
HAM,4806.750000000001,308.0,89.567
HAM,4827.150000000001,306.0,89.567
HAM,4847.350000000001,303.0,89.567
HAM,4880.878055555557,301.0,89.567
HAM,4916.851666666667,295.0,89.567
HAM,4936.3183333333345,292.0,89.567
HAM,4965.118333333335,288.0,89.567
HAM,4990.530833333334,285.0,89.567
HAM,5015.5975,282.0,89.567
HAM,5037.375277777778,280.0,89.567
HAM,5049.775277777779,279.0,89.567
HAM,5077.375277777779,276.0,89.567
HAM,5089.68638888889,277.0,89.567
HAM,5117.08638888889,274.0,89.567
HAM,5135.219722222223,272.0,89.567
HAM,5162.144722222224,270.0,89.567
HAM,5189.044722222224,269.0,89.567
HAM,5209.889166666669,268.0,89.567
HAM,5224.722500000001,267.0,89.567
HAM,5242.455833333334,266.0,89.567
HAM,5254.233611111112,265.0,89.567
HAM,5277.4336111111115,232.0,89.567
HAM,5320.489166666667,125.0,89.567
HAM,5325.855833333334,120.0,89.567
HAM,5335.248611111112,106.0,89.567
HAM,5341.981944444446,101.0,89.567
HAM,5353.864444444445,97.0,89.567
HAM,5361.642222222223,100.0,89.567
HAM,5366.220000000001,103.0,89.567
HAM,5373.553333333334,110.0,89.567
HAM,5382.031111111112,109.0,89.567
HAM,5387.864444444445,105.0,89.567
HAM,5393.475555555556,101.0,89.567
HAM,5400.075555555556,99.0,89.567
HAM,5405.742222222223,102.0,89.567
HAM,5410.364444444445,104.0,89.567
HAM,5415.208888888889,109.0,89.567
HAM,5426.976111111111,118.0,89.567
HAM,5432.531666666667,125.0,89.567
HAM,5441.465,134.0,89.567
HAM,5455.2427777777775,155.0,89.567
HAM,5466.176111111111,164.0,89.567
HAM,5479.865,176.0,89.567
HAM,5489.642777777778,176.0,89.567
HAM,5511.153888888889,176.0,89.567
HAM,5530.709444444444,176.0,89.567
HAM,5540.3983333333335,218.0,89.567
HAM,5550.220555555556,221.0,89.567
HAM,5564.953888888888,221.0,89.567
HAM,5594.164999999999,239.0,89.567
HAM,5610.432499999999,243.0,89.567
HAM,5637.988055555555,248.0,89.567
HAM,5662.918611111109,250.0,89.567
HAM,5674.3674999999985,256.0,89.567
HAM,5691.567499999999,258.0,89.567
HAM,5708.834166666666,259.0,89.567
HAM,5731.8563888888875,259.0,89.567
HAM,5755.500833333333,266.0,89.567
GAS,15.4,280.0,89.691
GAS,31.066666666666666,282.0,89.691
GAS,63.62222222222222,293.0,89.691
GAS,83.4725,299.0,89.691
GAS,96.80583333333334,300.0,89.691
GAS,117.20583333333335,306.0,89.691
GAS,134.2613888888889,307.0,89.691
GAS,155.14805555555554,312.0,89.691
GAS,186.74805555555554,316.0,89.691
GAS,229.94805555555553,324.0,89.691
GAS,255.3036111111111,326.0,89.691
GAS,277.2369444444444,329.0,89.691
GAS,302.90361111111105,330.0,89.691
GAS,343.4813888888889,332.0,89.691
GAS,361.9813888888889,333.0,89.691
GAS,398.98138888888883,333.0,89.691
GAS,435.9813888888889,333.0,89.691
GAS,454.4813888888889,333.0,89.691
GAS,476.61472222222216,332.0,89.691
GAS,505.9480555555555,330.0,89.691
GAS,531.3813888888889,327.0,89.691
GAS,569.8813888888889,315.0,89.691
GAS,593.9147222222222,309.0,89.691
GAS,617.7147222222222,306.0,89.691
GAS,640.8924999999999,298.0,89.691
GAS,660.3591666666666,292.0,89.691
GAS,682.6016666666666,287.0,89.691
GAS,712.4905555555554,269.0,89.691
GAS,733.4447222222221,235.0,89.691
GAS,746.1113888888888,228.0,89.691
GAS,761.3113888888888,228.0,89.691
GAS,772.5891666666665,203.0,89.691
GAS,790.8891666666666,183.0,89.691
GAS,798.9336111111111,181.0,89.691
GAS,816.333611111111,174.0,89.691
GAS,825.7224999999999,169.0,89.691
GAS,836.7224999999999,165.0,89.691
GAS,858.5891666666665,164.0,89.691
GAS,865.8780555555554,164.0,89.691
GAS,873.3891666666665,169.0,89.691
GAS,885.0558333333331,175.0,89.691
GAS,899.1336111111109,181.0,89.691
GAS,907.3113888888887,184.0,89.691
GAS,924.5558333333331,194.0,89.691
GAS,942.6891666666664,204.0,89.691
GAS,969.2113888888887,217.0,89.691
GAS,978.8558333333332,217.0,89.691
GAS,993.6558333333332,222.0,89.691
GAS,1006.2669444444443,227.0,89.691
GAS,1016.3558333333332,227.0,89.691
GAS,1026.7113888888887,233.0,89.691
GAS,1047.6891666666666,236.0,89.691
GAS,1058.1566666666665,237.0,89.691
GAS,1074.0233333333333,238.0,89.691
GAS,1084.601111111111,238.0,89.691
GAS,1100.533888888889,238.0,89.691
GAS,1116.2672222222222,236.0,89.691
GAS,1142.1561111111112,233.0,89.691
GAS,1157.6227777777779,232.0,89.691
GAS,1170.233888888889,227.0,89.691
GAS,1185.033888888889,222.0,89.691
GAS,1199.5672222222224,218.0,89.691
GAS,1213.7005555555556,212.0,89.691
GAS,1230.0338888888891,210.0,89.691
GAS,1239.3672222222224,210.0,89.691
GAS,1253.3672222222224,210.0,89.691
GAS,1267.3672222222224,210.0,89.691
GAS,1276.7005555555556,210.0,89.691
GAS,1302.3672222222224,210.0,89.691
GAS,1314.033888888889,210.0,89.691
GAS,1342.033888888889,210.0,89.691
GAS,1360.7005555555556,210.0,89.691
GAS,1369.8116666666667,205.0,89.691
GAS,1378.9227777777778,205.0,89.691
GAS,1392.6561111111112,206.0,89.691
GAS,1411.0561111111112,207.0,89.691
GAS,1432.0561111111115,210.0,89.691
GAS,1441.4783333333335,212.0,89.691
GAS,1453.5338888888891,217.0,89.691
GAS,1474.2338888888892,207.0,89.691
GAS,1485.511666666667,203.0,89.691
GAS,1494.3561111111114,199.0,89.691
GAS,1507.2894444444446,194.0,89.691
GAS,1517.8450000000003,190.0,89.691
GAS,1528.122777777778,185.0,89.691
GAS,1548.011666666667,179.0,89.691
GAS,1569.8894444444447,179.0,89.691
GAS,1582.0894444444446,183.0,89.691
GAS,1600.8894444444445,188.0,89.691
GAS,1624.9672222222223,197.0,89.691
GAS,1638.1005555555557,197.0,89.691
GAS,1649.7672222222222,210.0,89.691
GAS,1664.167222222222,216.0,89.691
GAS,1681.0449999999998,217.0,89.691
GAS,1705.378333333333,219.0,89.691
GAS,1724.7561111111108,218.0,89.691
GAS,1739.3499999999997,218.0,89.691
GAS,1751.4005555555552,218.0,89.691
GAS,1773.800555555555,224.0,89.691
GAS,1788.7961111111106,224.0,89.691
GAS,1812.5299999999995,238.0,89.691
GAS,1834.3966666666663,246.0,89.691
GAS,1845.5077777777772,250.0,89.691
GAS,1868.1922222222217,256.0,89.691
GAS,1885.5308333333328,259.0,89.691
GAS,1900.1419444444439,263.0,89.691
GAS,1926.5419444444437,264.0,89.691
GAS,1959.5419444444437,270.0,89.691
GAS,1974.7086111111103,273.0,89.691
GAS,1996.0974999999992,275.0,89.691
GAS,2017.4863888888879,275.0,89.691
GAS,2051.3419444444435,277.0,89.691
GAS,2069.80861111111,277.0,89.691
GAS,2094.3419444444435,276.0,89.691
GAS,2112.7419444444436,276.0,89.691
GAS,2131.0752777777766,275.0,89.691
GAS,2146.3530555555544,275.0,89.691
GAS,2161.6308333333322,275.0,89.691
GAS,2173.8530555555544,275.0,89.691
GAS,2185.853055555554,270.0,89.691
GAS,2200.630833333332,266.0,89.691
GAS,2215.1863888888874,262.0,89.691
GAS,2232.725833333332,262.0,89.691
GAS,2243.723333333332,249.0,89.691
GAS,2262.934444444443,247.0,89.691
GAS,2281.5233333333317,239.0,89.691
GAS,2304.823333333332,233.0,89.691
GAS,2325.777499999999,235.0,89.691
GAS,2344.0019444444433,236.0,89.691
GAS,2356.34111111111,221.0,89.691
GAS,2366.163333333332,221.0,89.691
GAS,2379.2299999999987,196.0,89.691
GAS,2388.84111111111,173.0,89.691
GAS,2402.974444444443,159.0,89.691
GAS,2411.6966666666654,157.0,89.691
GAS,2420.1411111111097,152.0,89.691
GAS,2426.7188888888872,148.0,89.691
GAS,2433.2966666666653,148.0,89.691
GAS,2439.696666666665,144.0,89.691
GAS,2450.6633333333316,141.0,89.691
GAS,2458.6633333333316,144.0,89.691
GAS,2465.107777777776,145.0,89.691
GAS,2473.7188888888872,155.0,89.691
GAS,2486.5522222222207,165.0,89.691
GAS,2498.4855555555537,179.0,89.691
GAS,2511.285555555554,192.0,89.691
GAS,2522.396666666665,200.0,89.691
GAS,2548.5522222222207,214.0,89.691
GAS,2568.1077777777764,220.0,89.691
GAS,2585.84111111111,228.0,89.691
GAS,2609.74111111111,239.0,89.691
GAS,2628.64111111111,243.0,89.691
GAS,2639.4855555555546,244.0,89.691
GAS,2656.1522222222216,250.0,89.691
GAS,2670.1522222222216,252.0,89.691
GAS,2681.3522222222214,252.0,89.691
GAS,2715.3522222222214,255.0,89.691
GAS,2726.685555555555,255.0,89.691
GAS,2743.6188888888883,254.0,89.691
GAS,2769.0188888888883,254.0,89.691
GAS,2779.996666666666,247.0,89.691
GAS,2794.7299999999996,221.0,89.691
GAS,2811.063333333333,210.0,89.691
GAS,2822.7299999999996,210.0,89.691
GAS,2837.1299999999997,144.0,89.691
GAS,2843.1299999999997,135.0,89.691
GAS,2853.352222222222,115.0,89.691
GAS,2860.552222222222,108.0,89.691
GAS,2868.485555555555,102.0,89.691
GAS,2873.763333333333,95.0,89.691
GAS,2881.941111111111,92.0,89.691
GAS,2887.6077777777773,85.0,89.691
GAS,2893.1411111111106,83.0,89.691
GAS,2900.841111111111,77.0,89.691
GAS,2905.2299999999996,79.0,89.691
GAS,2908.785555555555,80.0,89.691
GAS,2915.498333333333,86.0,89.691
GAS,2937.068333333333,108.0,89.691
GAS,2942.046111111111,112.0,89.691
GAS,2950.3127777777777,124.0,89.691
GAS,2961.1625,139.0,89.691
GAS,2972.865,151.0,89.691
GAS,2986.3205555555555,173.0,89.691
GAS,2994.231666666667,178.0,89.691
GAS,3009.242777777778,193.0,89.691
GAS,3022.1094444444443,193.0,89.691
GAS,3035.976111111111,208.0,89.691
GAS,3048.1983333333333,220.0,89.691
GAS,3060.587222222222,223.0,89.691
GAS,3073.5316666666668,233.0,89.691
GAS,3086.476111111111,233.0,89.691
GAS,3114.142777777778,249.0,89.691
GAS,3128.0872222222224,251.0,89.691
GAS,3150.753888888889,255.0,89.691
GAS,3185.953888888889,264.0,89.691
GAS,3219.1983333333333,272.0,89.691
GAS,3231.2872222222218,272.0,89.691
GAS,3249.4205555555554,272.0,89.691
GAS,3261.5094444444444,272.0,89.691
GAS,3273.598333333333,272.0,89.691
GAS,3285.687222222222,272.0,89.691
GAS,3298.4427777777773,287.0,89.691
GAS,3320.920555555555,289.0,89.691
GAS,3343.4761111111106,290.0,89.691
GAS,3356.4983333333325,293.0,89.691
GAS,3369.520555555555,293.0,89.691
GAS,3395.653888888888,294.0,89.691
GAS,3428.290833333332,293.0,89.691
GAS,3444.56861111111,293.0,89.691
GAS,3463.954166666665,292.0,89.691
GAS,3486.5097222222207,290.0,89.691
GAS,3505.709722222221,288.0,89.691
GAS,3518.4652777777765,287.0,89.691
GAS,3543.887499999999,286.0,89.691
GAS,3559.7208333333324,285.0,89.691
GAS,3572.343055555554,284.0,89.691
GAS,3597.4986111111098,283.0,89.691
GAS,3628.720833333332,281.0,89.691
GAS,3656.7208333333324,280.0,89.691
GAS,3689.9652777777765,272.0,89.691
GAS,3710.1874999999986,260.0,89.691
GAS,3724.465277777776,257.0,89.691
GAS,3748.865277777776,244.0,89.691
GAS,3759.39861111111,237.0,89.691
GAS,3769.620833333332,230.0,89.691
GAS,3784.5541666666654,224.0,89.691
GAS,3794.3319444444433,220.0,89.691
GAS,3810.9763888888874,214.0,89.691
GAS,3820.309722222221,210.0,89.691
GAS,3836.6430555555544,210.0,89.691
GAS,3850.768333333332,211.0,89.691
GAS,3862.2683333333316,207.0,89.691
GAS,3871.2341666666653,203.0,89.691
GAS,3879.945277777776,196.0,89.691
GAS,3898.296111111109,183.0,89.691
GAS,3910.378888888887,182.0,89.691
GAS,3925.667777777776,172.0,89.691
GAS,3933.1344444444426,168.0,89.691
GAS,3940.5122222222203,166.0,89.691
GAS,3953.0344444444427,161.0,89.691
GAS,3960.2344444444425,162.0,89.691
GAS,3974.8122222222205,164.0,89.691
GAS,3982.4122222222204,171.0,89.691
GAS,3991.967777777776,172.0,89.691
GAS,4005.8899999999985,179.0,89.691
GAS,4069.1899999999982,211.0,89.691
GAS,4081.356666666665,219.0,89.691
GAS,4099.4011111111095,232.0,89.691
GAS,4115.601111111109,243.0,89.691
GAS,4126.489999999998,245.0,89.691
GAS,4140.489999999998,252.0,89.691
GAS,4160.940555555554,262.0,89.691
GAS,4172.733055555554,267.0,89.691
GAS,4184.68861111111,269.0,89.691
GAS,4206.231944444443,276.0,89.691
GAS,4218.642777777776,281.0,89.691
GAS,4237.788888888887,286.0,89.691
GAS,4260.4188888888875,292.0,89.691
GAS,4280.018888888887,294.0,89.691
GAS,4313.435555555555,300.0,89.691
GAS,4340.018888888887,300.0,89.691
GAS,4356.685555555554,300.0,89.691
GAS,4376.685555555555,300.0,89.691
GAS,4394.185555555554,315.0,89.691
GAS,4422.274444444443,316.0,89.691
GAS,4446.852222222221,316.0,89.691
GAS,4474.941111111109,316.0,89.691
GAS,4510.052222222221,316.0,89.691
GAS,4534.629999999998,316.0,89.691
GAS,4552.185555555554,316.0,89.691
GAS,4576.7633333333315,316.0,89.691
GAS,4597.829999999998,316.0,89.691
GAS,4636.45222222222,316.0,89.691
GAS,4675.074444444443,316.0,89.691
GAS,4713.696666666665,316.0,89.691
GAS,4734.763333333332,316.0,89.691
GAS,4762.852222222221,316.0,89.691
GAS,4776.896666666665,316.0,89.691
GAS,4794.45222222222,316.0,89.691
GAS,4815.518888888888,316.0,89.691
GAS,4836.5855555555545,316.0,89.691
GAS,4857.652222222221,316.0,89.691
GAS,4889.339999999999,316.0,89.691
GAS,4910.406666666666,316.0,89.691
GAS,4931.385555555555,316.0,89.691
GAS,4964.607777777777,299.0,89.691
GAS,4987.707777777778,297.0,89.691
GAS,5016.707777777778,290.0,89.691
GAS,5032.763333333332,289.0,89.691
GAS,5067.596666666666,285.0,89.691
GAS,5086.596666666666,285.0,89.691
GAS,5111.7522222222215,283.0,89.691
GAS,5143.085555555555,282.0,89.691
GAS,5180.418888888889,280.0,89.691
GAS,5208.318888888889,279.0,89.691
GAS,5223.763333333333,278.0,89.691
GAS,5248.4625,277.0,89.691
GAS,5274.689444444443,263.0,89.691
GAS,5286.522777777777,213.0,89.691
GAS,5303.411666666666,190.0,89.691
GAS,5311.856111111111,190.0,89.691
GAS,5321.656111111111,147.0,89.691
GAS,5331.611666666667,128.0,89.691
GAS,5340.180555555556,128.0,89.691
GAS,5350.580555555555,104.0,89.691
GAS,5357.0472222222215,97.0,89.691
GAS,5362.43611111111,97.0,89.691
GAS,5372.009444444444,96.0,89.691
GAS,5379.47611111111,96.0,89.691
GAS,5384.809444444443,96.0,89.691
GAS,5392.898333333332,104.0,89.691
GAS,5399.298333333332,96.0,89.691
GAS,5405.698333333332,96.0,89.691
GAS,5412.164999999998,97.0,89.691
GAS,5418.831666666665,100.0,89.691
GAS,5425.898333333332,106.0,89.691
GAS,5451.209444444443,134.0,89.691
GAS,5459.320555555553,146.0,89.691
GAS,5467.709444444442,151.0,89.691
GAS,5481.009444444442,171.0,89.691
GAS,5501.009444444442,180.0,89.691
GAS,5516.409444444442,198.0,89.691
GAS,5531.809444444441,198.0,89.691
GAS,5553.469444444441,216.0,89.691
GAS,5568.406944444441,225.0,89.691
GAS,5578.469444444441,225.0,89.691
GAS,5596.759444444441,236.0,89.691
GAS,5612.55833333333,236.0,89.691
GAS,5623.536111111107,247.0,89.691
GAS,5643.058333333329,251.0,89.691
GAS,5654.302777777773,253.0,89.691
GAS,5671.569444444441,259.0,89.691
GAS,5703.8847222222175,265.0,89.691
GAS,5733.8847222222175,270.0,89.691
GAS,5745.929166666661,271.0,89.691
GAS,5757.973611111105,271.0,89.691
HAD,5.307777777777778,281.0,89.978
HAD,21.03,283.0,89.978
HAD,37.03,288.0,89.978
HAD,56.23,288.0,89.978
HAD,78.63,288.0,89.978
HAD,97.91,288.0,89.978
HAD,125.0211111111111,305.0,89.978
HAD,138.79888888888888,310.0,89.978
HAD,159.46555555555554,310.0,89.978
HAD,198.1219444444444,317.0,89.978
HAD,219.45527777777775,320.0,89.978
HAD,237.28861111111107,321.0,89.978
HAD,258.8219444444444,323.0,89.978
HAD,287.6219444444444,324.0,89.978
HAD,309.35527777777776,326.0,89.978
HAD,327.46638888888884,326.0,89.978
HAD,360.0663888888888,326.0,89.978
HAD,385.42194444444436,326.0,89.978
HAD,399.8663888888888,325.0,89.978
HAD,414.3108333333333,325.0,89.978
HAD,443.11083333333323,324.0,89.978
HAD,478.99972222222215,323.0,89.978
HAD,507.5330555555555,321.0,89.978
HAD,536.0663888888888,320.0,89.978
HAD,560.5563888888888,316.0,89.978
HAD,584.8230555555555,312.0,89.978
HAD,615.5230555555554,307.0,89.978
HAD,638.9397222222221,300.0,89.978
HAD,651.9688888888888,295.0,89.978
HAD,665.0799999999999,295.0,89.978
HAD,681.1599999999999,288.0,89.978
HAD,699.9599999999999,282.0,89.978
HAD,712.1377777777777,274.0,89.978
HAD,728.6044444444444,247.0,89.978
HAD,743.4711111111111,223.0,89.978
HAD,755.5216666666666,218.0,89.978
HAD,777.4105555555556,197.0,89.978
HAD,797.0772222222222,177.0,89.978
HAD,810.2994444444445,170.0,89.978
HAD,826.8994444444445,166.0,89.978
HAD,834.2772222222222,166.0,89.978
HAD,846.4883333333333,157.0,89.978
HAD,853.4661111111111,157.0,89.978
HAD,866.1438888888889,163.0,89.978
HAD,877.4105555555554,169.0,89.978
HAD,885.1438888888888,174.0,89.978
HAD,903.7438888888888,186.0,89.978
HAD,918.7549999999999,193.0,89.978
HAD,929.9216666666665,201.0,89.978
HAD,945.9438888888888,206.0,89.978
HAD,964.8772222222221,213.0,89.978
HAD,977.0994444444443,220.0,89.978
HAD,986.966111111111,222.0,89.978
HAD,996.8327777777777,222.0,89.978
HAD,1016.9844444444443,226.0,89.978
HAD,1032.3202777777776,231.0,89.978
HAD,1047.9852777777776,234.0,89.978
HAD,1060.9852777777776,234.0,89.978
HAD,1079.2630555555554,235.0,89.978
HAD,1097.4630555555555,234.0,89.978
HAD,1112.9297222222222,232.0,89.978
HAD,1125.7541666666666,232.0,89.978
HAD,1143.7208333333333,231.0,89.978
HAD,1156.5541666666668,231.0,89.978
HAD,1171.3541666666667,222.0,89.978
HAD,1183.298611111111,215.0,89.978
HAD,1199.6319444444446,210.0,89.978
HAD,1208.8319444444446,207.0,89.978
HAD,1220.3319444444446,207.0,89.978
HAD,1231.7763888888892,206.0,89.978
HAD,1252.5763888888891,208.0,89.978
HAD,1271.154166666667,209.0,89.978
HAD,1285.3541666666667,213.0,89.978
HAD,1299.7541666666666,216.0,89.978
HAD,1309.398611111111,217.0,89.978
HAD,1319.0430555555554,217.0,89.978
HAD,1328.6874999999998,217.0,89.978
HAD,1345.1763888888888,212.0,89.978
HAD,1359.1763888888888,210.0,89.978
HAD,1375.276388888889,207.0,89.978
HAD,1393.8230555555558,208.0,89.978
HAD,1409.9430555555557,208.0,89.978
HAD,1423.9430555555557,210.0,89.978
HAD,1442.7572222222225,211.0,89.978
HAD,1452.2683333333337,214.0,89.978
HAD,1470.5794444444448,206.0,89.978
HAD,1483.912777777778,200.0,89.978
HAD,1496.912777777778,195.0,89.978
HAD,1507.5238888888891,191.0,89.978
HAD,1522.0163888888892,187.0,89.978
HAD,1530.2830555555558,186.0,89.978
HAD,1542.5497222222225,184.0,89.978
HAD,1552.7719444444447,184.0,89.978
HAD,1561.0386111111113,186.0,89.978
HAD,1577.9275000000002,190.0,89.978
HAD,1590.7275000000004,192.0,89.978
HAD,1599.483055555556,197.0,89.978
HAD,1612.616388888889,197.0,89.978
HAD,1628.6386111111115,206.0,89.978
HAD,1640.4163888888893,212.0,89.978
HAD,1657.3719444444448,218.0,89.978
HAD,1674.4052777777779,219.0,89.978
HAD,1686.683055555556,221.0,89.978
HAD,1701.3497222222225,220.0,89.978
HAD,1711.1275000000003,220.0,89.978
HAD,1740.4608333333335,220.0,89.978
HAD,1752.7941666666668,222.0,89.978
HAD,1765.3497222222222,226.0,89.978
HAD,1775.3941666666667,226.0,89.978
HAD,1785.4830555555557,227.0,89.978
HAD,1803.4497222222224,231.0,89.978
HAD,1813.805277777778,233.0,89.978
HAD,1829.6711111111113,237.0,89.978
HAD,1857.0044444444445,246.0,89.978
HAD,1870.7822222222223,248.0,89.978
HAD,1888.0488888888892,259.0,89.978
HAD,1899.6044444444449,260.0,89.978
HAD,1919.9869444444448,263.0,89.978
HAD,1931.8536111111116,267.0,89.978
HAD,1965.3425000000004,274.0,89.978
HAD,1996.0091666666672,276.0,89.978
HAD,2008.3202777777783,277.0,89.978
HAD,2023.8758333333337,280.0,89.978
HAD,2048.8536111111116,281.0,89.978
HAD,2064.520277777778,282.0,89.978
HAD,2095.964722222223,283.0,89.978
HAD,2108.542500000001,283.0,89.978
HAD,2130.475833333334,282.0,89.978
HAD,2155.4536111111115,281.0,89.978
HAD,2185.5647222222224,271.0,89.978
HAD,2206.020277777778,263.0,89.978
HAD,2217.575833333334,260.0,89.978
HAD,2237.409166666667,255.0,89.978
HAD,2251.1313888888894,247.0,89.978
HAD,2264.7980555555564,246.0,89.978
HAD,2278.3536111111116,244.0,89.978
HAD,2299.775833333334,241.0,89.978
HAD,2318.6652777777786,242.0,89.978
HAD,2342.9652777777787,243.0,89.978
HAD,2358.765277777779,237.0,89.978
HAD,2370.0430555555567,203.0,89.978
HAD,2379.820833333334,176.0,89.978
HAD,2393.0430555555563,170.0,89.978
HAD,2410.1113888888895,154.0,89.978
HAD,2426.3336111111116,146.0,89.978
HAD,2432.555833333334,140.0,89.978
HAD,2446.2558333333336,137.0,89.978
HAD,2455.789166666667,143.0,89.978
HAD,2463.900277777778,146.0,89.978
HAD,2480.200277777778,163.0,89.978
HAD,2491.7336111111113,173.0,89.978
HAD,2512.6225,188.0,89.978
HAD,2521.511388888889,200.0,89.978
HAD,2540.711388888889,216.0,89.978
HAD,2555.311388888889,219.0,89.978
HAD,2581.200277777778,233.0,89.978
HAD,2591.6891666666666,236.0,89.978
HAD,2610.5113888888886,242.0,89.978
HAD,2624.178055555555,246.0,89.978
HAD,2646.666944444444,253.0,89.978
HAD,2660.7780555555555,254.0,89.978
HAD,2675.071388888889,256.0,89.978
HAD,2686.493611111111,257.0,89.978
HAD,2709.6047222222223,260.0,89.978
HAD,2721.160277777778,260.0,89.978
HAD,2743.560277777778,252.0,89.978
HAD,2788.826944444445,240.0,89.978
HAD,2801.7158333333336,232.0,89.978
HAD,2817.9825000000005,183.0,89.978
HAD,2830.5825000000004,162.0,89.978
HAD,2842.8491666666673,138.0,89.978
HAD,2849.7936111111117,125.0,89.978
HAD,2854.8602777777783,114.0,89.978
HAD,2859.7047222222227,109.0,89.978
HAD,2868.1825000000003,109.0,89.978
HAD,2876.0936111111114,89.0,89.978
HAD,2884.3936111111116,83.0,89.978
HAD,2888.949166666667,82.0,89.978
HAD,2893.2825000000007,78.0,89.978
HAD,2896.7491666666674,78.0,89.978
HAD,2900.915833333334,75.0,89.978
HAD,2905.9825000000005,76.0,89.978
HAD,2912.4611111111117,83.0,89.978
HAD,2916.3477777777784,88.0,89.978
HAD,2928.230277777778,97.0,89.978
HAD,2935.4002777777782,108.0,89.978
HAD,2948.8783333333336,121.0,89.978
HAD,2964.545,141.0,89.978
HAD,2983.211666666667,168.0,89.978
HAD,2992.822777777778,173.0,89.978
HAD,3005.356111111111,188.0,89.978
HAD,3018.6894444444447,200.0,89.978
HAD,3030.1872222222223,208.0,89.978
HAD,3046.9094444444445,215.0,89.978
HAD,3075.0205555555553,230.0,89.978
HAD,3096.265,239.0,89.978
HAD,3112.7316666666666,247.0,89.978
HAD,3129.2649999999994,248.0,89.978
HAD,3149.098333333333,255.0,89.978
HAD,3160.565,258.0,89.978
HAD,3180.7094444444447,259.0,89.978
HAD,3192.487222222222,265.0,89.978
HAD,3210.287222222222,267.0,89.978
HAD,3228.0872222222224,267.0,89.978
HAD,3259.0533333333333,278.0,89.978
HAD,3293.563611111111,283.0,89.978
HAD,3312.7636111111115,288.0,89.978
HAD,3341.8636111111114,291.0,89.978
HAD,3367.9894444444444,293.0,89.978
HAD,3394.1227777777776,294.0,89.978
HAD,3416.9894444444444,294.0,89.978
HAD,3430.056111111111,294.0,89.978
HAD,3459.3561111111117,293.0,89.978
HAD,3472.3338888888893,292.0,89.978
HAD,3501.2338888888894,289.0,89.978
HAD,3520.4338888888897,288.0,89.978
HAD,3548.9544444444455,286.0,89.978
HAD,3577.3544444444456,284.0,89.978
HAD,3599.365555555556,283.0,89.978
HAD,3614.9766666666674,281.0,89.978
HAD,3633.3766666666675,276.0,89.978
HAD,3645.5988888888896,275.0,89.978
HAD,3672.6988888888895,271.0,89.978
HAD,3756.39888888889,243.0,89.978
HAD,3766.685000000001,230.0,89.978
HAD,3786.4452777777788,223.0,89.978
HAD,3800.711944444445,214.0,89.978
HAD,3826.314444444445,209.0,89.978
HAD,3842.414444444445,207.0,89.978
HAD,3851.614444444445,207.0,89.978
HAD,3865.0811111111116,202.0,89.978
HAD,3879.8588888888894,190.0,89.978
HAD,3890.3033333333337,188.0,89.978
HAD,3900.136666666667,177.0,89.978
HAD,3911.9366666666674,177.0,89.978
HAD,3921.325555555556,169.0,89.978
HAD,3928.5700000000006,163.0,89.978
HAD,3935.725555555556,161.0,89.978
HAD,3951.5813888888897,159.0,89.978
HAD,3958.6480555555563,159.0,89.978
HAD,3969.4480555555565,162.0,89.978
HAD,3984.559166666668,170.0,89.978
HAD,3996.225833333335,175.0,89.978
HAD,4010.6925000000015,186.0,89.978
HAD,4021.4147222222236,193.0,89.978
HAD,4046.8369444444456,208.0,89.978
HAD,4071.614722222224,223.0,89.978
HAD,4081.659166666668,226.0,89.978
HAD,4091.970277777779,232.0,89.978
HAD,4107.836944444446,238.0,89.978
HAD,4139.003611111112,255.0,89.978
HAD,4156.476111111112,261.0,89.978
HAD,4186.920555555557,274.0,89.978
HAD,4214.942500000001,281.0,89.978
HAD,4227.59888888889,283.0,89.978
HAD,4246.998888888889,291.0,89.978
HAD,4266.532222222223,293.0,89.978
HAD,4293.110000000001,299.0,89.978
HAD,4320.043333333333,303.0,89.978
HAD,4340.51,307.0,89.978
HAD,4361.11,309.0,89.978
HAD,4381.910000000001,312.0,89.978
HAD,4406.41,315.0,89.978
HAD,4427.588055555556,319.0,89.978
HAD,4448.9880555555565,321.0,89.978
HAD,4466.9325,323.0,89.978
HAD,4492.288055555556,326.0,89.978
HAD,4524.988055555556,327.0,89.978
HAD,4557.788055555556,328.0,89.978
HAD,4587.12138888889,330.0,89.978
HAD,4609.121388888889,330.0,89.978
HAD,4638.454722222223,330.0,89.978
HAD,4653.121388888889,330.0,89.978
HAD,4675.213055555555,330.0,89.978
HAD,4689.743888888889,329.0,89.978
HAD,4704.366111111111,329.0,89.978
HAD,4726.166111111111,327.0,89.978
HAD,4744.332777777778,327.0,89.978
HAD,4769.610555555556,325.0,89.978
HAD,4809.055555555557,322.0,89.978
HAD,4833.78888888889,318.0,89.978
HAD,4858.366666666667,316.0,89.978
HAD,4899.700000000001,310.0,89.978
HAD,4930.1,304.0,89.978
HAD,4943.566666666667,303.0,89.978
HAD,4963.433333333334,298.0,89.978
HAD,4976.677777777779,298.0,89.978
HAD,4999.544444444446,294.0,89.978
HAD,5018.797222222223,290.0,89.978
HAD,5031.686111111112,290.0,89.978
HAD,5063.575000000002,287.0,89.978
HAD,5076.241666666668,285.0,89.978
HAD,5088.908333333334,285.0,89.978
HAD,5113.975000000001,282.0,89.978
HAD,5145.086111111112,280.0,89.978
HAD,5163.7636111111115,279.0,89.978
HAD,5176.041944444445,278.0,89.978
HAD,5191.430833333334,277.0,89.978
HAD,5212.897499999999,276.0,89.978
HAD,5225.19611111111,275.0,89.978
HAD,5249.475555555555,274.0,89.978
HAD,5261.386666666665,268.0,89.978
HAD,5277.386666666666,240.0,89.978
HAD,5295.964444444444,209.0,89.978
HAD,5306.242222222222,185.0,89.978
HAD,5315.287222222222,162.0,89.978
HAD,5329.0650000000005,124.0,89.978
HAD,5342.753888888889,112.0,89.978
HAD,5347.465,106.0,89.978
HAD,5356.087222222222,97.0,89.978
HAD,5365.087222222222,90.0,89.978
HAD,5375.198333333334,91.0,89.978
HAD,5379.598333333333,99.0,89.978
HAD,5386.465,103.0,89.978
HAD,5392.379722222222,107.0,89.978
HAD,5400.157499999999,100.0,89.978
HAD,5408.690833333333,96.0,89.978
HAD,5420.913055555555,100.0,89.978
HAD,5429.235277777777,107.0,89.978
HAD,5439.6352777777765,117.0,89.978
HAD,5456.172777777777,135.0,89.978
HAD,5469.907499999999,155.0,89.978
HAD,5482.708611111111,164.0,89.978
HAD,5501.256944444444,186.0,89.978
HAD,5511.590277777777,186.0,89.978
HAD,5528.12361111111,186.0,89.978
HAD,5546.775277777777,186.0,89.978
HAD,5561.241944444444,186.0,89.978
HAD,5569.50861111111,186.0,89.978
HAD,5583.975277777778,186.0,89.978
HAD,5594.308611111111,186.0,89.978
HAD,5604.641944444444,186.0,89.978
HAD,5619.10861111111,186.0,89.978
HAD,5641.686388888888,254.0,89.978
HAD,5658.753055555555,256.0,89.978
HAD,5684.453055555555,257.0,89.978
HAD,5701.586388888889,257.0,89.978
HAD,5713.158055555555,262.0,89.978
HAD,5736.71361111111,265.0,89.978
BOR,7.283333333333334,276.0,89.99
BOR,31.893333333333334,276.0,89.99
BOR,51.02666666666667,287.0,89.99
BOR,83.69333333333334,294.0,89.99
BOR,100.2488888888889,298.0,89.99
BOR,113.67111111111112,302.0,89.99
BOR,140.96,307.0,89.99
BOR,179.09333333333336,312.0,89.99
BOR,200.09333333333333,315.0,89.99
BOR,228.09333333333336,315.0,89.99
BOR,256.4488888888889,319.0,89.99
BOR,284.8933333333333,320.0,89.99
BOR,299.11555555555555,320.0,89.99
BOR,342.1822222222222,323.0,89.99
BOR,363.5594444444444,322.0,89.99
BOR,392.1816666666667,322.0,89.99
BOR,410.01500000000004,321.0,89.99
BOR,431.41499999999996,321.0,89.99
BOR,449.19277777777774,320.0,89.99
BOR,470.5261111111111,320.0,89.99
BOR,498.88166666666666,319.0,89.99
BOR,516.5483333333333,318.0,89.99
BOR,537.7483333333333,318.0,89.99
BOR,555.3038888888889,316.0,89.99
BOR,634.5863888888889,297.0,89.99
BOR,660.3641666666666,290.0,89.99
BOR,697.0308333333334,275.0,89.99
BOR,724.3308333333333,273.0,89.99
BOR,737.7197222222222,241.0,89.99
BOR,752.5863888888889,223.0,89.99
BOR,766.1863888888888,204.0,89.99
BOR,780.8086111111111,188.0,89.99
BOR,796.3641666666666,175.0,89.99
BOR,811.2086111111109,167.0,89.99
BOR,823.7308333333332,161.0,89.99
BOR,830.7974999999999,159.0,89.99
BOR,841.3308333333332,158.0,89.99
BOR,863.0188888888887,163.0,89.99
BOR,878.0411111111109,169.0,89.99
BOR,891.8077777777776,177.0,89.99
BOR,912.9188888888887,190.0,89.99
BOR,921.4966666666664,193.0,89.99
BOR,937.052222222222,200.0,89.99
BOR,948.4966666666664,206.0,89.99
BOR,972.7188888888887,218.0,89.99
BOR,985.0580555555554,221.0,89.99
BOR,1015.324722222222,227.0,89.99
BOR,1036.124722222222,234.0,89.99
BOR,1054.5580555555555,237.0,89.99
BOR,1067.6691666666666,236.0,89.99
BOR,1083.4691666666665,237.0,89.99
BOR,1093.9136111111109,235.0,89.99
BOR,1109.5136111111108,234.0,89.99
BOR,1124.846944444444,230.0,89.99
BOR,1145.2024999999994,229.0,89.99
BOR,1155.380277777777,229.0,89.99
BOR,1177.9802777777772,226.0,89.99
BOR,1194.858055555555,217.0,89.99
BOR,1204.4136111111106,215.0,89.99
BOR,1223.0802777777774,210.0,89.99
BOR,1241.6886111111107,210.0,89.99
BOR,1262.7886111111109,211.0,89.99
BOR,1274.5663888888887,212.0,89.99
BOR,1289.0330555555552,217.0,89.99
BOR,1298.7663888888885,219.0,89.99
BOR,1308.721944444444,224.0,89.99
BOR,1325.910833333333,221.0,89.99
BOR,1349.910833333333,216.0,89.99
BOR,1361.521944444444,209.0,89.99
BOR,1379.921944444444,207.0,89.99
BOR,1391.4236111111109,206.0,89.99
BOR,1400.623611111111,207.0,89.99
BOR,1412.123611111111,207.0,89.99
BOR,1426.0569444444443,209.0,89.99
BOR,1435.3902777777776,210.0,89.99
BOR,1452.1124999999997,215.0,89.99
BOR,1477.2902777777776,206.0,89.99
BOR,1486.3124999999998,203.0,89.99
BOR,1495.1569444444442,199.0,89.99
BOR,1514.556944444444,194.0,89.99
BOR,1525.0013888888884,188.0,89.99
BOR,1535.2236111111108,184.0,89.99
BOR,1543.3124999999998,182.0,89.99
BOR,1557.3124999999995,180.0,89.99
BOR,1571.468055555555,182.0,89.99
BOR,1579.6013888888886,183.0,89.99
BOR,1600.4902777777775,188.0,89.99
BOR,1615.5791666666664,194.0,89.99
BOR,1624.2799999999997,197.0,89.99
BOR,1637.6799999999998,201.0,89.99
BOR,1649.1799999999998,207.0,89.99
BOR,1668.291111111111,215.0,89.99
BOR,1690.491111111111,222.0,89.99
BOR,1705.1577777777775,220.0,89.99
BOR,1719.8911111111108,221.0,89.99
BOR,1741.8911111111108,220.0,89.99
BOR,1751.6688888888887,220.0,89.99
BOR,1764.0080555555553,221.0,89.99
BOR,1776.5636111111107,226.0,89.99
BOR,1789.285833333333,229.0,89.99
BOR,1802.008055555555,229.0,89.99
BOR,1815.2858333333331,239.0,89.99
BOR,1828.7858333333331,243.0,89.99
BOR,1845.2524999999996,247.0,89.99
BOR,1867.9191666666663,255.0,89.99
BOR,1893.9191666666663,260.0,89.99
BOR,1923.363611111111,265.0,89.99
BOR,1938.1969444444442,267.0,89.99
BOR,1956.196944444444,270.0,89.99
BOR,1971.363611111111,273.0,89.99
BOR,1995.808055555555,275.0,89.99
BOR,2008.0302777777772,275.0,89.99
BOR,2032.5636111111105,276.0,89.99
BOR,2069.3636111111105,276.0,89.99
BOR,2093.731666666666,275.0,89.99
BOR,2105.9983333333325,276.0,89.99
BOR,2121.331666666666,276.0,89.99
BOR,2142.7205555555547,275.0,89.99
BOR,2163.8761111111107,272.0,89.99
BOR,2191.0761111111105,272.0,89.99
BOR,2212.2316666666657,272.0,89.99
BOR,2238.9055555555547,266.0,89.99
BOR,2266.6833333333325,250.0,89.99
BOR,2277.616666666666,246.0,89.99
BOR,2293.683333333332,241.0,89.99
BOR,2309.683333333332,240.0,89.99
BOR,2331.194444444443,242.0,89.99
BOR,2344.638888888888,242.0,89.99
BOR,2359.772222222221,227.0,89.99
BOR,2374.783333333332,193.0,89.99
BOR,2394.9499999999985,165.0,89.99
BOR,2403.6722222222206,157.0,89.99
BOR,2415.416666666665,151.0,89.99
BOR,2428.305555555554,145.0,89.99
BOR,2439.2722222222205,141.0,89.99
BOR,2452.0722222222207,144.0,89.99
BOR,2458.7833333333315,151.0,89.99
BOR,2469.3833333333314,159.0,89.99
BOR,2480.449999999998,166.0,89.99
BOR,2492.333611111109,179.0,89.99
BOR,2509.3113888888865,191.0,89.99
BOR,2522.511388888887,198.0,89.99
BOR,2545.955833333331,211.0,89.99
BOR,2560.6891666666647,221.0,89.99
BOR,2570.7069444444423,224.0,89.99
BOR,2580.821111111109,229.0,89.99
BOR,2596.287777777776,232.0,89.99
BOR,2614.9430555555537,239.0,89.99
BOR,2625.743055555554,243.0,89.99
BOR,2642.0763888888873,245.0,89.99
BOR,2664.1208333333316,248.0,89.99
BOR,2677.898611111109,248.0,89.99
BOR,2699.943055555553,248.0,89.99
BOR,2716.4763888888865,248.0,89.99
BOR,2727.4986111111084,248.0,89.99
BOR,2738.5208333333308,248.0,89.99
BOR,2749.5430555555527,248.0,89.99
BOR,2771.587499999997,248.0,89.99
BOR,2790.8763888888857,248.0,89.99
BOR,2815.676388888886,248.0,89.99
BOR,2823.676388888886,180.0,89.99
BOR,2832.509722222219,159.0,89.99
BOR,2844.1541666666635,131.0,89.99
BOR,2850.709722222219,118.0,89.99
BOR,2857.6430555555526,104.0,89.99
BOR,2862.087499999997,100.0,89.99
BOR,2869.294999999997,93.0,89.99
BOR,2879.9283333333306,87.0,89.99
BOR,2883.6172222222194,83.0,89.99
BOR,2888.0616666666638,80.0,89.99
BOR,2893.2616666666636,78.0,89.99
BOR,2898.2616666666636,75.0,89.99
BOR,2902.594999999997,78.0,89.99
BOR,2906.106111111108,79.0,89.99
BOR,2912.506666666664,82.0,89.99
BOR,2919.5844444444415,91.0,89.99
BOR,2925.9844444444416,96.0,89.99
BOR,2931.7066666666638,103.0,89.99
BOR,2936.5955555555524,110.0,89.99
BOR,2947.351111111108,121.0,89.99
BOR,2961.5511111111077,142.0,89.99
BOR,2968.084444444441,147.0,89.99
BOR,2978.817777777774,161.0,89.99
BOR,2990.284444444441,172.0,89.99
BOR,3002.7511111111075,187.0,89.99
BOR,3013.5844444444406,195.0,89.99
BOR,3039.1288888888853,209.0,89.99
BOR,3048.728888888885,216.0,89.99
BOR,3063.5288888888854,222.0,89.99
BOR,3073.706666666663,229.0,89.99
BOR,3105.7066666666633,240.0,89.99
BOR,3122.1066666666634,246.0,89.99
BOR,3138.8399999999965,251.0,89.99
BOR,3152.8805555555523,254.0,89.99
BOR,3167.2138888888853,258.0,89.99
BOR,3187.8249999999966,265.0,89.99
BOR,3205.6916666666634,268.0,89.99
BOR,3220.7472222222186,271.0,89.99
BOR,3242.2138888888853,276.0,89.99
BOR,3257.65833333333,278.0,89.99
BOR,3288.8472222222185,280.0,89.99
BOR,3304.402777777774,280.0,89.99
BOR,3323.069444444441,280.0,89.99
BOR,3335.5138888888855,280.0,89.99
BOR,3347.9583333333303,280.0,89.99
BOR,3366.6249999999964,280.0,89.99
BOR,3394.6249999999964,280.0,89.99
BOR,3419.513888888885,280.0,89.99
BOR,3435.0694444444407,280.0,89.99
BOR,3453.7361111111077,280.0,89.99
BOR,3475.5138888888855,280.0,89.99
BOR,3506.6249999999964,280.0,89.99
BOR,3528.402777777774,280.0,89.99
BOR,3543.9583333333294,280.0,89.99
BOR,3556.402777777774,280.0,89.99
BOR,3631.0694444444407,280.0,89.99
BOR,3652.847222222218,280.0,89.99
BOR,3674.5472222222184,280.0,89.99
BOR,3690.102777777774,280.0,89.99
BOR,3711.8805555555514,280.0,89.99
BOR,3724.324999999996,280.0,89.99
BOR,3746.102777777774,280.0,89.99
BOR,3767.880555555552,280.0,89.99
BOR,3786.547222222218,280.0,89.99
BOR,3805.2916666666624,280.0,89.99
BOR,3823.9583333333294,280.0,89.99
BOR,3855.0694444444403,280.0,89.99
BOR,3867.513888888885,280.0,89.99
BOR,3886.180555555551,280.0,89.99
BOR,3911.06944444444,280.0,89.99
BOR,3939.06944444444,280.0,89.99
BOR,3973.2916666666624,280.0,89.99
BOR,3991.9583333333285,280.0,89.99
BOR,4023.0694444444403,280.0,89.99
BOR,4047.958333333329,280.0,89.99
BOR,4066.624999999995,280.0,89.99
BOR,4079.06944444444,280.0,89.99
BOR,4091.513888888884,280.0,89.99
BOR,4113.291666666662,280.0,89.99
BOR,4147.513888888885,280.0,89.99
BOR,4172.402777777774,280.0,89.99
BOR,4191.069444444441,280.0,89.99
BOR,4209.658333333329,280.0,89.99
BOR,4222.1027777777745,280.0,89.99
BOR,4243.880555555551,280.0,89.99
BOR,4265.658333333329,280.0,89.99
BOR,4284.324999999996,280.0,89.99
BOR,4302.991666666662,280.0,89.99
BOR,4315.513888888884,280.0,89.99
BOR,4343.513888888884,280.0,89.99
BOR,4368.402777777774,280.0,89.99
BOR,4393.291666666662,280.0,89.99
BOR,4408.847222222218,280.0,89.99
BOR,4433.736111111107,280.0,89.99
BOR,4464.847222222218,280.0,89.99
BOR,4483.513888888884,280.0,89.99
BOR,4495.9583333333285,280.0,89.99
BOR,4514.624999999995,280.0,89.99
BOR,4527.06944444444,280.0,89.99
BOR,4545.736111111106,280.0,89.99
BOR,4570.624999999995,280.0,89.99
BOR,4586.180555555551,280.0,89.99
BOR,4611.06944444444,280.0,89.99
BOR,4635.958333333329,280.0,89.99
BOR,4651.513888888884,280.0,89.99
BOR,4676.402777777774,280.0,89.99
BOR,4691.958333333329,280.0,89.99
BOR,4707.513888888885,280.0,89.99
BOR,4732.324999999995,280.0,89.99
BOR,4794.547222222219,280.0,89.99
BOR,4810.102777777774,280.0,89.99
BOR,4825.736111111108,280.0,89.99
BOR,4850.624999999996,280.0,89.99
BOR,4866.180555555552,280.0,89.99
BOR,4887.95833333333,280.0,89.99
BOR,4906.624999999996,280.0,89.99
BOR,4925.291666666663,280.0,89.99
BOR,4940.847222222219,280.0,89.99
BOR,4959.513888888885,280.0,89.99
BOR,4971.958333333329,280.0,89.99
BOR,4993.736111111108,280.0,89.99
BOR,5006.180555555552,280.0,89.99
BOR,5018.624999999997,280.0,89.99
BOR,5037.291666666663,280.0,89.99
BOR,5065.291666666663,280.0,89.99
BOR,5080.847222222219,280.0,89.99
BOR,5102.624999999997,280.0,89.99
BOR,5121.291666666663,280.0,89.99
BOR,5143.45833333333,285.0,89.99
BOR,5156.124999999996,285.0,89.99
BOR,5178.136111111107,283.0,89.99
BOR,5209.35833333333,281.0,89.99
BOR,5228.091666666663,281.0,89.99
BOR,5252.991388888885,281.0,89.99
BOR,5274.769166666663,280.0,89.99
BOR,5293.369166666663,279.0,89.99
BOR,5318.080277777774,278.0,89.99
BOR,5330.5130555555525,278.0,89.99
BOR,5346.913055555552,246.0,89.99
BOR,5359.024166666663,218.0,89.99
BOR,5369.746388888886,193.0,89.99
BOR,5381.879722222219,182.0,89.99
BOR,5388.724166666663,154.0,89.99
BOR,5401.824166666664,131.0,89.99
BOR,5409.89083333333,121.0,89.99
BOR,5418.368611111107,109.0,89.99
BOR,5427.435277777774,102.0,89.99
BOR,5432.768611111107,96.0,89.99
BOR,5439.035277777773,94.0,89.99
BOR,5443.168611111107,93.0,89.99
BOR,5450.479722222218,94.0,89.99
BOR,5455.979722222218,99.0,89.99
BOR,5466.113055555551,114.0,89.99
BOR,5471.090833333329,112.0,89.99
BOR,5478.3574999999955,109.0,89.99
BOR,5486.679722222218,107.0,89.99
BOR,5491.435277777773,107.0,89.99
BOR,5503.213055555551,106.0,89.99
BOR,5512.468611111107,119.0,89.99
BOR,5521.20194444444,131.0,89.99
BOR,5530.562777777774,141.0,89.99
BOR,5539.962777777773,141.0,89.99
BOR,5556.962777777773,170.0,89.99
BOR,5573.280277777773,183.0,89.99
BOR,5588.213611111107,192.0,89.99
BOR,5607.413611111107,192.0,89.99
BOR,5619.2469444444405,213.0,89.99
BOR,5644.024722222219,223.0,89.99
BOR,5656.858055555553,231.0,89.99
BOR,5682.524722222219,231.0,89.99
BOR,5701.113611111108,239.0,89.99
BOR,5714.446944444442,240.0,89.99
BOR,5734.202499999998,254.0,89.99
BOR,5754.191388888887,257.0,89.99
BOR,5765.613611111108,257.0,89.99
BOR,5783.213611111108,264.0,89.99
BOR,5803.980277777774,267.0,89.99
BOR,5815.891388888885,268.0,89.99
BOR,5839.980277777774,271.0,89.99
LIN,5.248333333333333,282.0,90.109
LIN,24.44833333333333,288.0,90.109
LIN,47.08166666666666,291.0,90.109
LIN,73.65944444444445,299.0,90.109
LIN,100.77055555555556,305.0,90.109
LIN,124.64833333333331,307.0,90.109
LIN,138.515,312.0,90.109
LIN,159.44833333333332,314.0,90.109
LIN,201.76,318.0,90.109
LIN,230.29333333333332,321.0,90.109
LIN,255.33777777777777,322.0,90.109
LIN,291.3377777777778,324.0,90.109
LIN,305.73777777777775,324.0,90.109
LIN,330.9377777777778,324.0,90.109
LIN,348.9377777777778,324.0,90.109
LIN,384.9377777777778,324.0,90.109
LIN,402.97194444444443,323.0,90.109
LIN,445.9052777777778,322.0,90.109
LIN,474.5275,322.0,90.109
LIN,499.57194444444445,322.0,90.109
LIN,517.4608333333333,322.0,90.109
LIN,538.9275,322.0,90.109
LIN,553.2386111111111,322.0,90.109
LIN,574.1052777777777,313.0,90.109
LIN,594.7719444444444,310.0,90.109
LIN,622.0608333333333,307.0,90.109
LIN,635.6163888888889,305.0,90.109
LIN,666.1163888888889,305.0,90.109
LIN,688.5163888888889,288.0,90.109
LIN,700.2052777777777,263.0,90.109
LIN,721.7163888888889,242.0,90.109
LIN,741.9197222222222,228.0,90.109
LIN,761.5197222222222,196.0,90.109
LIN,772.1308333333333,191.0,90.109
LIN,783.9975,178.0,90.109
LIN,791.7308333333333,174.0,90.109
LIN,799.3308333333333,171.0,90.109
LIN,812.0863888888888,164.0,90.109
LIN,829.6419444444443,158.0,90.109
LIN,838.419722222222,158.0,90.109
LIN,852.4641666666665,158.0,90.109
LIN,861.2858333333332,158.0,90.109
LIN,868.7080555555555,167.0,90.109
LIN,878.0969444444443,169.0,90.109
LIN,889.3636111111109,169.0,90.109
LIN,897.4524999999998,182.0,90.109
LIN,911.9191666666663,186.0,90.109
LIN,937.3413888888887,208.0,90.109
LIN,946.7636111111109,212.0,90.109
LIN,956.274722222222,214.0,90.109
LIN,978.474722222222,222.0,90.109
LIN,990.8080555555553,222.0,90.109
LIN,1003.4191666666665,227.0,90.109
LIN,1013.685833333333,231.0,90.109
LIN,1031.885833333333,234.0,90.109
LIN,1050.2413888888887,236.0,90.109
LIN,1060.7302777777775,236.0,90.109
LIN,1086.9524999999996,236.0,90.109
LIN,1104.9191666666663,231.0,90.109
LIN,1115.1216666666664,231.0,90.109
LIN,1130.5216666666665,231.0,90.109
LIN,1142.9661111111109,224.0,90.109
LIN,1162.788333333333,223.0,90.109
LIN,1184.2883333333332,215.0,90.109
LIN,1198.3549999999998,211.0,90.109
LIN,1212.4216666666666,211.0,90.109
LIN,1233.3216666666665,209.0,90.109
LIN,1242.6105555555555,209.0,90.109
LIN,1254.2797222222223,209.0,90.109
LIN,1265.8908333333334,209.0,90.109
LIN,1277.5019444444445,209.0,90.109
LIN,1289.1130555555555,209.0,90.109
LIN,1300.7241666666666,209.0,90.109
LIN,1312.335277777778,209.0,90.109
LIN,1326.268611111111,209.0,90.109
LIN,1344.846388888889,209.0,90.109
LIN,1365.7463888888888,209.0,90.109
LIN,1388.079722222222,201.0,90.109
LIN,1399.1908333333333,200.0,90.109
LIN,1412.7241666666666,203.0,90.109
LIN,1424.168611111111,206.0,90.109
LIN,1442.8352777777777,210.0,90.109
LIN,1452.168611111111,210.0,90.109
LIN,1470.1241666666665,202.0,90.109
LIN,1495.5908333333332,191.0,90.109
LIN,1512.3383333333331,189.0,90.109
LIN,1520.3827777777776,181.0,90.109
LIN,1530.2716666666665,178.0,90.109
LIN,1543.8049999999998,174.0,90.109
LIN,1557.2605555555554,173.0,90.109
LIN,1574.7605555555554,175.0,90.109
LIN,1588.9938888888887,183.0,90.109
LIN,1608.2472222222218,192.0,90.109
LIN,1630.6916666666664,202.0,90.109
LIN,1639.9805555555554,209.0,90.109
LIN,1654.4472222222219,217.0,90.109
LIN,1669.1805555555552,221.0,90.109
LIN,1689.0027777777775,223.0,90.109
LIN,1701.2805555555553,221.0,90.109
LIN,1715.8138888888886,218.0,90.109
LIN,1732.7694444444442,218.0,90.109
LIN,1759.658333333333,220.0,90.109
LIN,1772.158333333333,225.0,90.109
LIN,1789.969444444444,229.0,90.109
LIN,1810.858333333333,235.0,90.109
LIN,1829.6805555555552,242.0,90.109
LIN,1851.7249999999997,248.0,90.109
LIN,1862.8805555555552,251.0,90.109
LIN,1879.7472222222218,253.0,90.109
LIN,1896.9472222222219,258.0,90.109
LIN,1914.0755555555552,258.0,90.109
LIN,1937.3644444444437,262.0,90.109
LIN,1954.9644444444439,264.0,90.109
LIN,1984.7422222222215,268.0,90.109
LIN,2002.6088888888883,268.0,90.109
LIN,2014.5944444444438,268.0,90.109
LIN,2026.4752777777774,269.0,90.109
LIN,2044.4086111111105,269.0,90.109
LIN,2065.405555555555,269.0,90.109
LIN,2077.361111111111,269.0,90.109
LIN,2095.2277777777776,268.0,90.109
LIN,2119.0499999999997,268.0,90.109
LIN,2133.994444444444,269.0,90.109
LIN,2157.905555555555,269.0,90.109
LIN,2175.8388888888885,269.0,90.109
LIN,2187.794444444444,269.0,90.109
LIN,2199.7499999999995,269.0,90.109
LIN,2211.705555555555,269.0,90.109
LIN,2234.283333333333,254.0,90.109
LIN,2253.416666666666,246.0,90.109
LIN,2276.816666666666,234.0,90.109
LIN,2287.1722222222215,233.0,90.109
LIN,2300.1166666666663,233.0,90.109
LIN,2321.005555555555,235.0,90.109
LIN,2334.172222222222,237.0,90.109
LIN,2349.9722222222217,237.0,90.109
LIN,2360.5055555555555,237.0,90.109
LIN,2378.8730555555553,237.0,90.109
LIN,2398.0619444444446,157.0,90.109
LIN,2404.906388888889,154.0,90.109
LIN,2413.2397222222226,150.0,90.109
LIN,2422.773055555556,143.0,90.109
LIN,2431.773055555556,135.0,90.109
LIN,2439.495277777778,139.0,90.109
LIN,2445.6730555555555,139.0,90.109
LIN,2457.381388888889,150.0,90.109
LIN,2469.5925,157.0,90.109
LIN,2481.059166666667,172.0,90.109
LIN,2491.1147222222226,181.0,90.109
LIN,2499.381388888889,186.0,90.109
LIN,2516.181388888889,189.0,90.109
LIN,2537.5813888888893,214.0,90.109
LIN,2547.0925000000007,214.0,90.109
LIN,2562.0258333333336,224.0,90.109
LIN,2577.6925000000006,235.0,90.109
LIN,2593.6925000000006,240.0,90.109
LIN,2607.2480555555558,244.0,90.109
LIN,2637.9258333333337,251.0,90.109
LIN,2649.2147222222225,254.0,90.109
LIN,2666.348055555556,257.0,90.109
LIN,2677.859166666667,259.0,90.109
LIN,2712.7925000000005,262.0,90.109
LIN,2729.9258333333332,257.0,90.109
LIN,2746.5258333333336,249.0,90.109
LIN,2760.068888888889,245.0,90.109
LIN,2773.4022222222225,240.0,90.109
LIN,2791.6800000000003,235.0,90.109
LIN,2805.946666666667,214.0,90.109
LIN,2817.835555555556,214.0,90.109
LIN,2829.8911111111115,155.0,90.109
LIN,2837.6133333333337,139.0,90.109
LIN,2850.7572222222225,118.0,90.109
LIN,2856.7572222222225,108.0,90.109
LIN,2863.5572222222227,102.0,90.109
LIN,2867.823888888889,96.0,90.109
LIN,2872.0905555555555,96.0,90.109
LIN,2877.823888888889,86.0,90.109
LIN,2885.923888888889,81.0,90.109
LIN,2892.7683333333334,77.0,90.109
LIN,2896.823888888889,73.0,90.109
LIN,2901.823888888889,75.0,90.109
LIN,2908.0461111111113,80.0,90.109
LIN,2918.1572222222226,91.0,90.109
LIN,2925.779444444445,98.0,90.109
LIN,2931.668333333334,106.0,90.109
LIN,2936.7350000000006,114.0,90.109
LIN,2981.5350000000003,168.0,90.109
LIN,2995.4572222222228,179.0,90.109
LIN,3010.337222222223,192.0,90.109
LIN,3021.4483333333337,200.0,90.109
LIN,3037.9372222222228,212.0,90.109
LIN,3047.7150000000006,220.0,90.109
LIN,3065.2927777777786,226.0,90.109
LIN,3083.0261111111117,228.0,90.109
LIN,3099.1594444444454,242.0,90.109
LIN,3115.5608333333344,245.0,90.109
LIN,3132.3608333333345,252.0,90.109
LIN,3161.249722222223,260.0,90.109
LIN,3172.894166666668,262.0,90.109
LIN,3190.627500000001,266.0,90.109
LIN,3214.894166666668,273.0,90.109
LIN,3242.294166666668,274.0,90.109
LIN,3277.0052777777796,284.0,90.109
LIN,3296.005277777779,285.0,90.109
LIN,3328.227500000002,290.0,90.109
LIN,3354.1830555555566,292.0,90.109
LIN,3373.71638888889,293.0,90.109
LIN,3386.7386111111123,293.0,90.109
LIN,3399.805277777779,294.0,90.109
LIN,3422.6719444444457,294.0,90.109
LIN,3458.483055555557,293.0,90.109
LIN,3484.3497222222236,291.0,90.109
LIN,3503.683055555557,290.0,90.109
LIN,3522.803055555557,288.0,90.109
LIN,3535.603055555557,288.0,90.109
LIN,3557.8475000000017,286.0,90.109
LIN,3579.9363888888906,284.0,90.109
LIN,3598.803055555557,283.0,90.109
LIN,3617.6697222222238,283.0,90.109
LIN,3630.326111111113,283.0,90.109
LIN,3658.4261111111127,281.0,90.109
LIN,3683.137222222224,278.0,90.109
LIN,3707.137222222224,270.0,90.109
LIN,3721.6372222222235,261.0,90.109
LIN,3743.5038888888903,246.0,90.109
LIN,3769.1705555555573,231.0,90.109
LIN,3784.570555555557,231.0,90.109
LIN,3794.3038888888905,219.0,90.109
LIN,3808.9038888888904,219.0,90.109
LIN,3818.637222222224,219.0,90.109
LIN,3833.237222222224,219.0,90.109
LIN,3852.7038888888906,219.0,90.109
LIN,3864.20388888889,207.0,90.109
LIN,3882.5150000000012,206.0,90.109
LIN,3900.8261111111124,206.0,90.109
LIN,3912.270555555557,206.0,90.109
LIN,3930.5816666666683,206.0,90.109
LIN,3942.0261111111126,206.0,90.109
LIN,3953.4705555555574,206.0,90.109
LIN,3971.7244444444464,206.0,90.109
LIN,4011.7244444444464,180.0,90.109
LIN,4021.7244444444464,180.0,90.109
LIN,4031.774444444446,180.0,90.109
LIN,4047.7744444444465,180.0,90.109
LIN,4057.7744444444465,180.0,90.109
LIN,4071.774444444446,180.0,90.109
LIN,4083.7744444444465,180.0,90.109
LIN,4095.774444444446,180.0,90.109
LIN,4105.774444444446,180.0,90.109
LIN,4117.774444444446,180.0,90.109
LIN,4125.774444444447,180.0,90.109
LIN,4139.774444444446,180.0,90.109
LIN,4147.774444444447,180.0,90.109
LIN,4155.774444444447,180.0,90.109
LIN,4167.774444444447,180.0,90.109
LIN,4185.774444444447,180.0,90.109
LIN,4195.774444444447,180.0,90.109
LIN,4209.774444444447,180.0,90.109
LIN,4221.774444444447,180.0,90.109
LIN,4235.774444444447,180.0,90.109
LIN,4249.063333333337,299.0,90.109
LIN,4272.318888888893,299.0,90.109
LIN,4305.763333333336,301.0,90.109
LIN,4325.830000000003,301.0,90.109
LIN,4353.033611111114,307.0,90.109
LIN,4376.911388888891,307.0,90.109
LIN,4397.378055555559,307.0,90.109
LIN,4424.666944444447,307.0,90.109
LIN,4438.396666666669,307.0,90.109
LIN,4458.8633333333355,307.0,90.109
LIN,4475.918888888891,307.0,90.109
LIN,4492.974444444447,307.0,90.109
LIN,4513.441111111113,307.0,90.109
LIN,4527.085555555558,307.0,90.109
LIN,4557.785555555558,307.0,90.109
LIN,4578.252222222224,307.0,90.109
LIN,4602.130000000002,307.0,90.109
LIN,4629.41888888889,307.0,90.109
LIN,4646.474444444446,307.0,90.109
LIN,4666.941111111112,307.0,90.109
LIN,4680.585555555557,307.0,90.109
LIN,4704.463333333335,307.0,90.109
LIN,4721.51888888889,307.0,90.109
LIN,4748.807777777779,307.0,90.109
LIN,4762.452222222223,307.0,90.109
LIN,4782.91888888889,307.0,90.109
LIN,4806.796666666667,307.0,90.109
LIN,4820.441111111112,307.0,90.109
LIN,4854.552222222223,307.0,90.109
LIN,4878.041111111112,302.0,90.109
LIN,4897.974444444446,299.0,90.109
LIN,4917.691944444445,297.0,90.109
LIN,4937.358611111112,295.0,90.109
LIN,4966.458611111112,291.0,90.109
LIN,4992.406111111112,291.0,90.109
LIN,5015.0394444444455,291.0,90.109
LIN,5044.139444444446,291.0,90.109
LIN,5059.917222222224,284.0,90.109
LIN,5091.472777777779,284.0,90.109
LIN,5107.250555555557,284.0,90.109
LIN,5138.806111111113,284.0,90.109
LIN,5160.895,284.0,90.109
LIN,5176.339444444445,278.0,90.109
LIN,5195.161666666667,242.0,90.109
LIN,5213.983888888889,242.0,90.109
LIN,5222.917222222222,201.0,90.109
LIN,5234.3838888888895,172.0,90.109
LIN,5247.761666666667,172.0,90.109
LIN,5255.406111111111,172.0,90.109
LIN,5266.783888888889,128.0,90.109
LIN,5276.739444444445,112.0,90.109
LIN,5281.317222222223,103.0,90.109
LIN,5291.761666666667,94.0,90.109
LIN,5301.061666666667,93.0,90.109
LIN,5305.239444444445,94.0,90.109
LIN,5311.906111111112,100.0,90.109
LIN,5319.656111111112,100.0,90.109
LIN,5332.245000000001,103.0,90.109
LIN,5343.495277777778,101.0,90.109
LIN,5347.761944444444,96.0,90.109
LIN,5355.928611111111,105.0,90.109
LIN,5364.328611111111,108.0,90.109
LIN,5370.939722222222,119.0,90.109
LIN,5379.473055555555,128.0,90.109
LIN,5391.828611111111,139.0,90.109
LIN,5407.028611111111,171.0,90.109
LIN,5425.528611111111,185.0,90.109
LIN,5441.973055555556,185.0,90.109
LIN,5450.195277777778,185.0,90.109
LIN,5462.528611111111,185.0,90.109
LIN,5479.0175,212.0,90.109
LIN,5500.2175,212.0,90.109
LIN,5521.4175,212.0,90.109
LIN,5535.550833333334,212.0,90.109
LIN,5563.550833333333,252.0,90.109
LIN,5580.484166666667,254.0,90.109
LIN,5606.084166666667,256.0,90.109
LIN,5637.861944444445,260.0,90.109
LIN,5664.0888888888885,263.0,90.109
LIN,5681.7555555555555,265.0,90.109
VER,2.9555555555555553,280.0,90.262
VER,21.822222222222223,283.0,90.262
VER,47.33333333333333,287.0,90.262
VER,66.93333333333334,294.0,90.262
VER,83.26666666666668,294.0,90.262
VER,96.33333333333334,294.0,90.262
VER,109.88888888888891,305.0,90.262
VER,133.84444444444446,308.0,90.262
VER,147.66666666666669,311.0,90.262
VER,161.53500000000003,314.0,90.262
VER,175.6238888888889,317.0,90.262
VER,193.34611111111113,319.0,90.262
VER,214.61277777777778,319.0,90.262
VER,246.91277777777776,323.0,90.262
VER,261.3127777777778,324.0,90.262
VER,275.75722222222225,325.0,90.262
VER,297.4238888888889,325.0,90.262
VER,333.6461111111111,326.0,90.262
VER,348.135,326.0,90.262
VER,366.3016666666667,327.0,90.262
VER,395.2794444444445,326.0,90.262
VER,424.07944444444445,324.0,90.262
VER,438.5238888888889,325.0,90.262
VER,467.235,323.0,90.262
VER,492.2794444444444,322.0,90.262
VER,510.11277777777775,321.0,90.262
VER,527.8905555555556,320.0,90.262
VER,552.6341666666667,317.0,90.262
VER,576.9008333333334,312.0,90.262
VER,594.2341666666667,312.0,90.262
VER,611.4008333333334,309.0,90.262
VER,641.5008333333333,301.0,90.262
VER,664.7563888888889,299.0,90.262
VER,693.6563888888888,289.0,90.262
VER,714.1897222222221,264.0,90.262
VER,738.0233333333332,239.0,90.262
VER,761.4677777777777,211.0,90.262
VER,772.8566666666665,205.0,90.262
VER,794.9788888888886,181.0,90.262
VER,806.712222222222,176.0,90.262
VER,821.912222222222,171.0,90.262
VER,834.4344444444442,161.0,90.262
VER,841.5899999999998,161.0,90.262
VER,848.7455555555554,161.0,90.262
VER,857.9677777777777,166.0,90.262
VER,867.3566666666665,169.0,90.262
VER,882.912222222222,175.0,90.262
VER,890.6899999999998,175.0,90.262
VER,902.9566666666665,184.0,90.262
VER,913.3455555555553,187.0,90.262
VER,923.8455555555553,189.0,90.262
VER,936.4455555555553,189.0,90.262
VER,957.3033333333332,208.0,90.262
VER,983.9477777777776,218.0,90.262
VER,993.8144444444442,222.0,90.262
VER,1019.2588888888887,229.0,90.262
VER,1092.6811111111108,236.0,90.262
VER,1105.7366666666665,235.0,90.262
VER,1126.5602777777774,235.0,90.262
VER,1144.915833333333,236.0,90.262
VER,1157.9713888888887,235.0,90.262
VER,1171.026944444444,235.0,90.262
VER,1185.426944444444,216.0,90.262
VER,1199.6936111111108,214.0,90.262
VER,1222.3602777777774,204.0,90.262
VER,1242.6602777777773,203.0,90.262
VER,1253.9936111111106,204.0,90.262
VER,1263.0602777777772,204.0,90.262
VER,1274.3936111111107,204.0,90.262
VER,1287.9936111111106,204.0,90.262
VER,1301.5936111111105,204.0,90.262
VER,1328.7936111111105,204.0,90.262
VER,1337.8602777777771,204.0,90.262
VER,1346.9836111111106,204.0,90.262
VER,1358.3169444444438,204.0,90.262
VER,1376.4502777777773,204.0,90.262
VER,1387.8391666666662,205.0,90.262
VER,1406.0613888888884,205.0,90.262
VER,1420.0613888888886,210.0,90.262
VER,1436.4724999999996,211.0,90.262
VER,1448.416944444444,215.0,90.262
VER,1460.2502777777775,213.0,90.262
VER,1471.5280555555553,203.0,90.262
VER,1491.3280555555552,198.0,90.262
VER,1503.8755555555554,189.0,90.262
VER,1512.2755555555555,189.0,90.262
VER,1526.4311111111108,182.0,90.262
VER,1536.431111111111,180.0,90.262
VER,1555.7644444444443,174.0,90.262
VER,1563.542222222222,175.0,90.262
VER,1575.2755555555555,176.0,90.262
VER,1593.7755555555557,185.0,90.262
VER,1604.3866666666668,191.0,90.262
VER,1617.3866666666668,195.0,90.262
VER,1626.2311111111112,199.0,90.262
VER,1640.0311111111114,207.0,90.262
VER,1651.697777777778,210.0,90.262
VER,1670.897777777778,216.0,90.262
VER,1690.2755555555557,218.0,90.262
VER,1714.2241666666669,215.0,90.262
VER,1726.1130555555558,214.0,90.262
VER,1738.0019444444447,214.0,90.262
VER,1747.5130555555559,214.0,90.262
VER,1762.2463888888892,221.0,90.262
VER,1772.2908333333337,226.0,90.262
VER,1787.3575000000005,226.0,90.262
VER,1797.401944444445,226.0,90.262
VER,1815.7575000000006,236.0,90.262
VER,1829.3686111111117,245.0,90.262
VER,1845.8352777777782,247.0,90.262
VER,1859.8352777777782,252.0,90.262
VER,1879.901944444445,258.0,90.262
VER,1900.206944444445,262.0,90.262
VER,1917.7402777777786,263.0,90.262
VER,1935.6069444444452,268.0,90.262
VER,1947.5625000000007,269.0,90.262
VER,1962.506944444445,269.0,90.262
VER,1983.7402777777784,273.0,90.262
VER,1995.918055555556,274.0,90.262
VER,2008.0958333333338,274.0,90.262
VER,2023.318055555556,274.0,90.262
VER,2041.6513888888892,275.0,90.262
VER,2059.9847222222224,275.0,90.262
VER,2081.373611111111,275.0,90.262
VER,2114.8625,274.0,90.262
VER,2130.0847222222224,274.0,90.262
VER,2154.440277777778,274.0,90.262
VER,2166.6180555555557,274.0,90.262
VER,2194.094166666667,274.0,90.262
VER,2209.316388888889,274.0,90.262
VER,2239.2052777777776,269.0,90.262
VER,2256.3386111111113,257.0,90.262
VER,2278.294166666667,247.0,90.262
VER,2294.4941666666673,243.0,90.262
VER,2305.3386111111117,244.0,90.262
VER,2318.8386111111117,243.0,90.262
VER,2332.394166666667,244.0,90.262
VER,2347.3275000000003,224.0,90.262
VER,2357.283055555556,224.0,90.262
VER,2374.6163888888896,195.0,90.262
VER,2388.4888888888895,179.0,90.262
VER,2402.0888888888894,153.0,90.262
VER,2416.7888888888892,147.0,90.262
VER,2426.388888888889,144.0,90.262
VER,2437.2000000000003,139.0,90.262
VER,2451.9,147.0,90.262
VER,2460.288888888889,151.0,90.262
VER,2469.0666666666666,158.0,90.262
VER,2476.0888888888885,158.0,90.262
VER,2492.1777777777775,181.0,90.262
VER,2514.511111111111,201.0,90.262
VER,2540.788888888889,215.0,90.262
VER,2558.351388888889,225.0,90.262
VER,2576.473611111111,233.0,90.262
VER,2594.9069444444444,237.0,90.262
VER,2611.0402777777776,242.0,90.262
VER,2635.740277777778,247.0,90.262
VER,2658.318055555556,254.0,90.262
VER,2675.3180555555555,255.0,90.262
VER,2698.340277777778,259.0,90.262
VER,2724.140277777778,258.0,90.262
VER,2735.3402777777783,252.0,90.262
VER,2746.318055555556,247.0,90.262
VER,2759.7625000000007,242.0,90.262
VER,2770.2300000000005,237.0,90.262
VER,2785.8966666666674,235.0,90.262
VER,2800.163333333334,214.0,90.262
VER,2812.052222222223,214.0,90.262
VER,2825.1966666666676,169.0,90.262
VER,2832.7077777777786,169.0,90.262
VER,2845.5966666666673,145.0,90.262
VER,2854.774444444445,118.0,90.262
VER,2860.0188888888897,118.0,90.262
VER,2869.2633333333342,104.0,90.262
VER,2877.3522222222227,104.0,90.262
VER,2884.8188888888894,84.0,90.262
VER,2893.8188888888894,81.0,90.262
VER,2898.118055555556,77.0,90.262
VER,2901.3625000000006,73.0,90.262
VER,2906.4291666666672,76.0,90.262
VER,2912.573611111112,79.0,90.262
VER,2917.1847222222227,83.0,90.262
VER,2921.906944444445,85.0,90.262
VER,2932.7958333333336,98.0,90.262
VER,2940.329166666667,113.0,90.262
VER,2945.351388888889,113.0,90.262
VER,2953.151388888889,117.0,90.262
VER,2971.6069444444443,151.0,90.262
VER,2980.551388888889,161.0,90.262
VER,3001.2180555555556,186.0,90.262
VER,3011.9419444444443,194.0,90.262
VER,3032.541944444444,206.0,90.262
VER,3041.6974999999998,206.0,90.262
VER,3053.753055555555,217.0,90.262
VER,3063.7086111111107,224.0,90.262
VER,3081.7530555555554,232.0,90.262
VER,3092.2863888888887,237.0,90.262
VER,3111.108611111111,242.0,90.262
VER,3130.7086111111107,252.0,90.262
VER,3144.8197222222216,254.0,90.262
VER,3156.3752777777772,260.0,90.262
VER,3170.8752777777772,261.0,90.262
VER,3182.5197222222214,262.0,90.262
VER,3197.353055555555,267.0,90.262
VER,3209.219722222221,267.0,90.262
VER,3230.4508333333324,272.0,90.262
VER,3242.5397222222214,272.0,90.262
VER,3264.395277777777,281.0,90.262
VER,3286.4841666666657,284.0,90.262
VER,3315.084166666666,286.0,90.262
VER,3327.92861111111,289.0,90.262
VER,3344.0397222222214,290.0,90.262
VER,3363.3730555555544,290.0,90.262
VER,3386.0063888888876,291.0,90.262
VER,3408.717499999999,292.0,90.262
VER,3424.9397222222215,292.0,90.262
VER,3450.8063888888883,291.0,90.262
VER,3470.0730555555547,289.0,90.262
VER,3482.873055555555,288.0,90.262
VER,3495.6286111111103,287.0,90.262
VER,3514.615833333333,286.0,90.262
VER,3527.2824999999993,285.0,90.262
VER,3543.060277777777,284.0,90.262
VER,3558.8380555555545,284.0,90.262
VER,3587.0380555555544,282.0,90.262
VER,3602.6491666666657,281.0,90.262
VER,3615.1380555555543,281.0,90.262
VER,3627.582499999999,280.0,90.262
VER,3646.1824999999994,279.0,90.262
VER,3658.449166666666,276.0,90.262
VER,3679.6824999999994,273.0,90.262
VER,3691.682499999999,270.0,90.262
VER,3728.949166666666,258.0,90.262
VER,3755.6824999999994,240.0,90.262
VER,3775.9491666666663,228.0,90.262
VER,3788.2269444444437,221.0,90.262
VER,3802.2936111111103,211.0,90.262
VER,3816.0936111111105,207.0,90.262
VER,3833.7824999999993,199.0,90.262
VER,3852.982499999999,192.0,90.262
VER,3861.5158333333325,192.0,90.262
VER,3872.2380555555546,193.0,90.262
VER,3891.2380555555546,190.0,90.262
VER,3905.471388888888,183.0,90.262
VER,3920.5824999999995,170.0,90.262
VER,3936.9824999999996,164.0,90.262
VER,3945.771666666666,159.0,90.262
VER,3963.549444444444,160.0,90.262
VER,3978.3938888888883,167.0,90.262
VER,3993.949444444444,175.0,90.262
VER,4003.838333333333,178.0,90.262
VER,4023.238333333333,194.0,90.262
VER,4034.238333333333,198.0,90.262
VER,4050.8049999999994,213.0,90.262
VER,4062.749444444444,215.0,90.262
VER,4077.6161111111105,223.0,90.262
VER,4098.302777777777,232.0,90.262
VER,4114.436111111111,242.0,90.262
VER,4142.769444444444,255.0,90.262
VER,4157.3805555555555,263.0,90.262
VER,4169.069444444444,263.0,90.262
VER,4193.158333333334,271.0,90.262
VER,4227.747222222222,283.0,90.262
VER,4247.013888888889,289.0,90.262
VER,4273.058333333333,293.0,90.262
VER,4299.636111111111,299.0,90.262
VER,4326.569444444445,303.0,90.262
VER,4340.125000000001,305.0,90.262
VER,4381.725000000001,312.0,90.262
VER,4402.770277777779,317.0,90.262
VER,4431.214722222224,320.0,90.262
VER,4449.159166666668,323.0,90.262
VER,4470.759166666668,324.0,90.262
VER,4488.759166666668,324.0,90.262
VER,4510.4925,326.0,90.262
VER,4539.648055555556,328.0,90.262
VER,4557.870277777779,328.0,90.262
VER,4579.736944444445,328.0,90.262
VER,4597.959166666667,328.0,90.262
VER,4684.983055555556,326.0,90.262
VER,4713.871944444445,325.0,90.262
VER,4756.938611111112,323.0,90.262
VER,4789.038611111112,321.0,90.262
VER,4806.705277777779,318.0,90.262
VER,4827.705277777779,315.0,90.262
VER,4848.638611111113,314.0,90.262
VER,4872.827500000002,311.0,90.262
VER,4900.027500000002,306.0,90.262
VER,4927.049722222224,304.0,90.262
VER,4950.460833333335,301.0,90.262
VER,4963.705277777781,298.0,90.262
VER,4983.50527777778,297.0,90.262
VER,5022.091388888891,290.0,90.262
VER,5047.691388888891,288.0,90.262
VER,5069.858055555557,285.0,90.262
VER,5101.191388888891,282.0,90.262
VER,5113.724722222224,282.0,90.262
VER,5135.502500000002,280.0,90.262
VER,5150.946944444447,278.0,90.262
VER,5181.724722222225,277.0,90.262
VER,5197.134722222225,276.0,90.262
VER,5233.668055555559,274.0,90.262
VER,5257.934722222225,273.0,90.262
VER,5278.468055555559,264.0,90.262
VER,5290.57916666667,218.0,90.262
VER,5303.379166666669,192.0,90.262
VER,5311.3347222222255,179.0,90.262
VER,5321.534722222225,153.0,90.262
VER,5330.268055555559,131.0,90.262
VER,5340.57916666667,116.0,90.262
VER,5345.556944444448,112.0,90.262
VER,5355.756944444448,102.0,90.262
VER,5363.145833333337,95.0,90.262
VER,5367.145833333337,90.0,90.262
VER,5374.968055555559,88.0,90.262
VER,5382.943055555559,90.0,90.262
VER,5393.443055555559,105.0,90.262
VER,5399.109722222225,102.0,90.262
VER,5405.843055555559,101.0,90.262
VER,5410.243055555558,99.0,90.262
VER,5414.687500000003,100.0,90.262
VER,5422.309722222225,98.0,90.262
VER,5434.420833333336,109.0,90.262
VER,5440.920833333336,117.0,90.262
VER,5452.476388888892,130.0,90.262
VER,5460.013888888891,135.0,90.262
VER,5466.5027777777805,146.0,90.262
VER,5475.225000000003,157.0,90.262
VER,5486.625000000003,171.0,90.262
VER,5494.625000000003,180.0,90.262
VER,5509.402777777781,190.0,90.262
VER,5532.9916666666695,193.0,90.262
VER,5541.569444444447,193.0,90.262
VER,5550.1472222222255,193.0,90.262
VER,5569.447222222226,193.0,90.262
VER,5581.058333333337,209.0,90.262
VER,5594.280555555559,238.0,90.262
VER,5605.08055555556,243.0,90.262
VER,5624.136111111115,245.0,90.262
VER,5643.736111111115,252.0,90.262
VER,5654.98055555556,253.0,90.262
VER,5683.313888888893,255.0,90.262
VER,5703.458333333338,259.0,90.262
VER,5714.941666666671,260.0,90.262
VER,5732.341666666671,261.0,90.262
VER,5747.008333333338,264.0,90.262
VER,5770.652777777782,266.0,90.262
OCO,8.656944444444443,271.0,90.309
OCO,32.74583333333333,271.0,90.309
OCO,53.74833333333333,271.0,90.309
OCO,79.79277777777777,293.0,90.309
OCO,109.49277777777776,297.0,90.309
OCO,129.55944444444444,301.0,90.309
OCO,152.97055555555556,301.0,90.309
OCO,183.0705555555556,301.0,90.309
OCO,199.79277777777781,301.0,90.309
OCO,216.51500000000001,301.0,90.309
OCO,229.8927777777778,301.0,90.309
OCO,256.64833333333337,301.0,90.309
OCO,290.0927777777778,301.0,90.309
OCO,326.8816666666668,301.0,90.309
OCO,350.376388888889,301.0,90.309
OCO,373.7875,301.0,90.309
OCO,397.1986111111112,301.0,90.309
OCO,417.26527777777784,301.0,90.309
OCO,447.3652777777778,301.0,90.309
OCO,474.1208333333334,301.0,90.309
OCO,494.18750000000006,301.0,90.309
OCO,520.9430555555556,301.0,90.309
OCO,551.0430555555555,301.0,90.309
OCO,564.4208333333332,301.0,90.309
OCO,577.798611111111,301.0,90.309
OCO,594.5208333333333,301.0,90.309
OCO,607.8149999999999,301.0,90.309
OCO,627.8816666666667,301.0,90.309
OCO,646.5483333333333,280.0,90.309
OCO,662.103888888889,280.0,90.309
OCO,683.8816666666667,280.0,90.309
OCO,696.3261111111111,280.0,90.309
OCO,721.215,280.0,90.309
OCO,742.9927777777777,280.0,90.309
OCO,755.4372222222222,280.0,90.309
OCO,780.3261111111111,280.0,90.309
OCO,802.1038888888888,280.0,90.309
OCO,826.9927777777777,280.0,90.309
OCO,845.215,164.0,90.309
OCO,854.2600000000001,162.0,90.309
OCO,861.46,162.0,90.309
OCO,871.9933333333333,158.0,90.309
OCO,884.8266666666667,165.0,90.309
OCO,894.2711111111112,170.0,90.309
OCO,903.9933333333335,175.0,90.309
OCO,924.5488888888889,185.0,90.309
OCO,937.2155555555555,190.0,90.309
OCO,945.9266666666666,196.0,90.309
OCO,958.9933333333333,196.0,90.309
OCO,984.9044444444444,212.0,90.309
OCO,996.9044444444445,216.0,90.309
OCO,1021.7933333333333,224.0,90.309
OCO,1034.341388888889,227.0,90.309
OCO,1057.441388888889,231.0,90.309
OCO,1067.7525,232.0,90.309
OCO,1080.6969444444444,233.0,90.309
OCO,1091.0525,233.0,90.309
OCO,1109.1747222222223,233.0,90.309
OCO,1119.5302777777779,233.0,90.309
OCO,1137.5747222222224,232.0,90.309
OCO,1155.3080555555557,228.0,90.309
OCO,1167.9191666666668,227.0,90.309
OCO,1178.0080555555558,227.0,90.309
OCO,1190.5080555555558,225.0,90.309
OCO,1200.3747222222223,222.0,90.309
OCO,1212.3747222222225,216.0,90.309
OCO,1221.7525000000003,211.0,90.309
OCO,1237.7538888888892,205.0,90.309
OCO,1246.8205555555558,204.0,90.309
OCO,1262.6094444444448,203.0,90.309
OCO,1278.553888888889,205.0,90.309
OCO,1299.053888888889,205.0,90.309
OCO,1308.1650000000002,205.0,90.309
OCO,1319.5538888888893,205.0,90.309
OCO,1333.8872222222226,215.0,90.309
OCO,1350.609444444445,215.0,90.309
OCO,1367.409444444445,216.0,90.309
OCO,1379.298333333334,214.0,90.309
OCO,1397.8761111111116,209.0,90.309
OCO,1411.809444444445,209.0,90.309
OCO,1421.098333333334,209.0,90.309
OCO,1430.387222222223,209.0,90.309
OCO,1444.262500000001,209.0,90.309
OCO,1453.55138888889,209.0,90.309
OCO,1465.162500000001,209.0,90.309
OCO,1476.7736111111121,209.0,90.309
OCO,1497.373611111112,206.0,90.309
OCO,1508.4847222222231,200.0,90.309
OCO,1517.2402777777786,197.0,90.309
OCO,1525.773611111112,192.0,90.309
OCO,1538.173611111112,186.0,90.309
OCO,1546.3069444444454,183.0,90.309
OCO,1560.3069444444452,180.0,90.309
OCO,1568.3069444444452,180.0,90.309
OCO,1593.0069444444453,171.0,90.309
OCO,1612.0544444444452,171.0,90.309
OCO,1628.4988888888897,185.0,90.309
OCO,1639.2211111111121,193.0,90.309
OCO,1652.2211111111121,195.0,90.309
OCO,1665.7544444444454,203.0,90.309
OCO,1684.5988888888899,212.0,90.309
OCO,1706.19888888889,216.0,90.309
OCO,1715.9322222222231,219.0,90.309
OCO,1728.0988888888899,219.0,90.309
OCO,1749.9988888888897,219.0,90.309
OCO,1767.1100000000008,220.0,90.309
OCO,1787.0211111111116,224.0,90.309
OCO,1809.6211111111118,226.0,90.309
OCO,1822.1138888888895,226.0,90.309
OCO,1847.2250000000008,226.0,90.309
OCO,1867.3138888888896,226.0,90.309
OCO,1889.9805555555563,255.0,90.309
OCO,1904.4250000000009,260.0,90.309
OCO,1930.9250000000009,265.0,90.309
OCO,1945.8694444444452,269.0,90.309
OCO,1967.0250000000008,272.0,90.309
OCO,1982.3027777777786,275.0,90.309
OCO,2000.7027777777785,276.0,90.309
OCO,2025.3127777777786,276.0,90.309
OCO,2043.7127777777785,276.0,90.309
OCO,2074.379444444445,276.0,90.309
OCO,2089.7127777777787,276.0,90.309
OCO,2101.9794444444456,276.0,90.309
OCO,2127.135000000001,283.0,90.309
OCO,2161.7238888888896,283.0,90.309
OCO,2180.5905555555564,283.0,90.309
OCO,2205.479444444445,280.0,90.309
OCO,2230.0127777777784,276.0,90.309
OCO,2253.2127777777782,261.0,90.309
OCO,2264.590555555556,256.0,90.309
OCO,2298.7238888888896,256.0,90.309
OCO,2315.719444444445,256.0,90.309
OCO,2336.8750000000005,238.0,90.309
OCO,2350.0416666666674,237.0,90.309
OCO,2365.841666666667,237.0,90.309
OCO,2378.56388888889,229.0,90.309
OCO,2391.8305555555567,199.0,90.309
OCO,2407.3861111111123,175.0,90.309
OCO,2416.4416666666675,163.0,90.309
OCO,2426.975000000001,158.0,90.309
OCO,2435.2527777777786,149.0,90.309
OCO,2475.0275000000006,149.0,90.309
OCO,2488.271944444445,149.0,90.309
OCO,2510.271944444445,165.0,90.309
OCO,2528.971944444445,187.0,90.309
OCO,2540.0275000000006,199.0,90.309
OCO,2553.8941666666674,208.0,90.309
OCO,2568.0275000000006,212.0,90.309
OCO,2585.060833333334,219.0,90.309
OCO,2605.149722222223,226.0,90.309
OCO,2625.771944444445,232.0,90.309
OCO,2644.127500000001,236.0,90.309
OCO,2654.7497222222228,239.0,90.309
OCO,2670.8163888888894,241.0,90.309
OCO,2703.1488888888894,243.0,90.309
OCO,2724.7488888888893,243.0,90.309
OCO,2743.6488888888894,243.0,90.309
OCO,2770.6488888888894,243.0,90.309
OCO,2781.3155555555563,240.0,90.309
OCO,2799.671111111112,236.0,90.309
OCO,2812.560000000001,232.0,90.309
OCO,2837.2266666666674,222.0,90.309
OCO,2847.165000000001,178.0,90.309
OCO,2864.8983333333344,133.0,90.309
OCO,2874.9427777777787,113.0,90.309
OCO,2883.187222222223,106.0,90.309
OCO,2888.798333333334,101.0,90.309
OCO,2895.198333333334,96.0,90.309
OCO,2899.287222222223,92.0,90.309
OCO,2904.887222222223,84.0,90.309
OCO,2910.287222222223,81.0,90.309
OCO,2917.2205555555565,78.0,90.309
OCO,2920.55388888889,75.0,90.309
OCO,2928.65388888889,81.0,90.309
OCO,2935.187222222223,84.0,90.309
OCO,2939.142777777779,89.0,90.309
OCO,2947.85388888889,98.0,90.309
OCO,2957.512500000001,109.0,90.309
OCO,2970.112500000001,126.0,90.309
OCO,2977.7236111111124,137.0,90.309
OCO,2987.656944444446,149.0,90.309
OCO,2994.7680555555567,160.0,90.309
OCO,3002.1458333333344,166.0,90.309
OCO,3016.223611111112,181.0,90.309
OCO,3038.2236111111124,198.0,90.309
OCO,3049.6680555555567,206.0,90.309
OCO,3069.2236111111124,220.0,90.309
OCO,3081.897777777779,227.0,90.309
OCO,3092.1200000000017,230.0,90.309
OCO,3105.175555555557,235.0,90.309
OCO,3121.0422222222237,238.0,90.309
OCO,3131.6200000000013,238.0,90.309
OCO,3150.1311111111127,238.0,90.309
OCO,3179.220000000002,238.0,90.309
OCO,3189.7977777777796,238.0,90.309
OCO,3200.375555555557,238.0,90.309
OCO,3227.4755555555575,271.0,90.309
OCO,3242.5311111111128,271.0,90.309
OCO,3257.920000000002,277.0,90.309
OCO,3270.3200000000015,279.0,90.309
OCO,3292.331111111113,283.0,90.309
OCO,3314.49777777778,285.0,90.309
OCO,3327.1644444444464,285.0,90.309
OCO,3358.8311111111134,285.0,90.309
OCO,3380.9977777777794,285.0,90.309
OCO,3393.58527777778,285.0,90.309
OCO,3412.5852777777795,285.0,90.309
OCO,3428.418611111113,285.0,90.309
OCO,3453.7519444444465,285.0,90.309
OCO,3482.2519444444465,285.0,90.309
OCO,3501.718611111113,292.0,90.309
OCO,3521.118611111113,291.0,90.309
OCO,3550.018611111113,289.0,90.309
OCO,3562.774166666669,287.0,90.309
OCO,3578.742500000002,286.0,90.309
OCO,3594.5202777777795,284.0,90.309
OCO,3610.2980555555573,284.0,90.309
OCO,3625.9091666666686,281.0,90.309
OCO,3641.2980555555573,277.0,90.309
OCO,3656.52027777778,274.0,90.309
OCO,3674.5869444444465,271.0,90.309
OCO,3698.32027777778,267.0,90.309
OCO,3724.82027777778,265.0,90.309
OCO,3754.2647222222245,265.0,90.309
OCO,3768.986944444446,265.0,90.309
OCO,3786.653611111113,265.0,90.309
OCO,3801.375833333336,265.0,90.309
OCO,3824.9313888888914,265.0,90.309
OCO,3836.709166666669,265.0,90.309
OCO,3860.2647222222245,265.0,90.309
OCO,3895.598055555558,265.0,90.309
OCO,3919.080000000002,265.0,90.309
OCO,3930.85777777778,265.0,90.309
OCO,3945.5800000000017,265.0,90.309
OCO,3966.191111111113,265.0,90.309
OCO,3986.8022222222244,265.0,90.309
OCO,4013.3022222222244,265.0,90.309
OCO,4026.05777777778,164.0,90.309
OCO,4042.8041666666686,167.0,90.309
OCO,4062.0263888888912,173.0,90.309
OCO,4070.0263888888912,180.0,90.309
OCO,4082.3597222222243,185.0,90.309
OCO,4095.293055555558,194.0,90.309
OCO,4113.604166666669,206.0,90.309
OCO,4125.048611111113,206.0,90.309
OCO,4139.448611111113,216.0,90.309
OCO,4157.259722222224,229.0,90.309
OCO,4186.959722222224,243.0,90.309
OCO,4200.904166666668,251.0,90.309
OCO,4220.893055555557,257.0,90.309
OCO,4244.537500000002,266.0,90.309
OCO,4265.770833333336,273.0,90.309
OCO,4290.8375000000015,282.0,90.309
OCO,4303.370833333334,282.0,90.309
OCO,4322.437500000002,286.0,90.309
OCO,4341.504166666668,286.0,90.309
OCO,4361.15527777778,296.0,90.309
OCO,4388.088611111112,303.0,90.309
OCO,4408.421944444446,305.0,90.309
OCO,4442.977500000001,311.0,90.309
OCO,4463.844166666667,313.0,90.309
OCO,4477.931666666667,315.0,90.309
OCO,4491.888333333334,316.0,90.309
OCO,4513.088333333334,318.0,90.309
OCO,4538.066111111112,320.0,90.309
OCO,4552.288333333334,320.0,90.309
OCO,4573.688333333334,321.0,90.309
OCO,4602.310555555556,322.0,90.309
OCO,4620.199444444444,322.0,90.309
OCO,4648.910555555555,323.0,90.309
OCO,4670.377222222222,322.0,90.309
OCO,4684.6883333333335,322.0,90.309
OCO,4698.955,321.0,90.309
OCO,4713.221666666666,321.0,90.309
OCO,4741.666111111112,320.0,90.309
OCO,4766.477222222223,319.0,90.309
OCO,4798.177222222223,317.0,90.309
OCO,4812.266111111111,317.0,90.309
OCO,4829.821666666667,316.0,90.309
OCO,4857.821666666666,315.0,90.309
OCO,4875.321666666666,315.0,90.309
OCO,4896.121666666665,312.0,90.309
OCO,4909.943888888888,311.0,90.309
OCO,4933.813888888888,308.0,90.309
OCO,4971.091666666665,305.0,90.309
OCO,4984.469444444443,301.0,90.309
OCO,5001.080555555554,299.0,90.309
OCO,5020.8805555555555,297.0,90.309
OCO,5040.480555555555,294.0,90.309
OCO,5056.702777777778,292.0,90.309
OCO,5069.5472222222215,289.0,90.309
OCO,5091.871111111111,286.0,90.309
OCO,5114.037777777777,285.0,90.309
OCO,5132.971111111111,284.0,90.309
OCO,5148.748888888889,284.0,90.309
OCO,5161.193333333334,280.0,90.309
OCO,5185.993333333333,279.0,90.309
OCO,5213.693333333333,277.0,90.309
OCO,5225.96,276.0,90.309
OCO,5244.293333333333,275.0,90.309
OCO,5262.5599999999995,274.0,90.309
OCO,5280.826666666667,274.0,90.309
OCO,5296.0488888888885,274.0,90.309
OCO,5329.5377777777785,274.0,90.309
OCO,5341.715555555556,274.0,90.309
OCO,5359.982222222223,274.0,90.309
OCO,5372.160000000001,274.0,90.309
OCO,5408.6933333333345,274.0,90.309
OCO,5426.960000000002,274.0,90.309
OCO,5445.226666666668,274.0,90.309
OCO,5460.372777777779,274.0,90.309
OCO,5475.595000000002,274.0,90.309
OCO,5496.906111111113,274.0,90.309
OCO,5515.17277777778,274.0,90.309
OCO,5530.395000000002,274.0,90.309
OCO,5551.706111111113,274.0,90.309
OCO,5566.928333333336,274.0,90.309
OCO,5597.448888888891,274.0,90.309
OCO,5612.6711111111135,274.0,90.309
OCO,5630.93777777778,274.0,90.309
OCO,5635.5155555555575,103.0,90.309
OCO,5640.048888888891,102.0,90.309
OCO,5646.848888888891,102.0,90.309
OCO,5657.548888888891,107.0,90.309
OCO,5668.126666666669,119.0,90.309
OCO,5675.23777777778,128.0,90.309
OCO,5684.104444444447,133.0,90.309
OCO,5696.315555555558,157.0,90.309
OCO,5715.982222222224,177.0,90.309
OCO,5730.5266666666685,187.0,90.309
OCO,5741.582222222224,199.0,90.309
OCO,5750.604444444446,203.0,90.309
OCO,5808.204444444446,216.0,90.309
OCO,5825.004444444446,216.0,90.309
OCO,5841.744444444446,216.0,90.309
OCO,5855.077777777779,240.0,90.309
OCO,5874.28888888889,247.0,90.309
OCO,5885.355555555558,249.0,90.309
OCO,5904.87777777778,251.0,90.309
OCO,5924.866666666668,257.0,90.309
OCO,5942.200000000002,260.0,90.309
OCO,5959.739444444446,262.0,90.309
OCO,5977.406111111112,265.0,90.309
HUL,9.15,270.0,90.358
HUL,30.616666666666667,276.0,90.358
HUL,43.19444444444445,283.0,90.358
HUL,59.138888888888886,287.0,90.358
HUL,75.41666666666666,293.0,90.358
HUL,91.8611111111111,296.0,90.358
HUL,118.2611111111111,297.0,90.358
HUL,138.0611111111111,297.0,90.358
HUL,154.5611111111111,297.0,90.358
HUL,167.84361111111113,297.0,90.358
HUL,181.0436111111111,297.0,90.358
HUL,200.8436111111111,297.0,90.358
HUL,217.34361111111107,297.0,90.358
HUL,233.8436111111111,297.0,90.358
HUL,253.6436111111111,297.0,90.358
HUL,266.8436111111111,297.0,90.358
HUL,286.6436111111111,297.0,90.358
HUL,306.44361111111107,297.0,90.358
HUL,332.8436111111111,297.0,90.358
HUL,355.9436111111111,297.0,90.358
HUL,388.86111111111103,297.0,90.358
HUL,405.36111111111103,297.0,90.358
HUL,421.86111111111103,297.0,90.358
HUL,444.96111111111105,297.0,90.358
HUL,458.16111111111104,297.0,90.358
HUL,471.361111111111,297.0,90.358
HUL,487.861111111111,297.0,90.358
HUL,510.961111111111,297.0,90.358
HUL,525.0499999999998,317.0,90.358
HUL,566.7833333333331,313.0,90.358
HUL,587.183333333333,306.0,90.358
HUL,604.072222222222,304.0,90.358
HUL,623.472222222222,291.0,90.358
HUL,639.6388888888886,291.0,90.358
HUL,660.9499999999997,274.0,90.358
HUL,681.3277777777774,262.0,90.358
HUL,703.8902777777774,225.0,90.358
HUL,713.5791666666663,218.0,90.358
HUL,727.3124999999997,206.0,90.358
HUL,736.245833333333,201.0,90.358
HUL,744.9569444444442,196.0,90.358
HUL,762.6569444444441,177.0,90.358
HUL,776.4236111111107,177.0,90.358
HUL,787.4902777777775,166.0,90.358
HUL,799.9347222222219,160.0,90.358
HUL,815.8347222222219,159.0,90.358
HUL,826.7224999999997,164.0,90.358
HUL,836.0002777777775,167.0,90.358
HUL,847.1336111111108,167.0,90.358
HUL,863.0447222222219,179.0,90.358
HUL,873.2669444444441,184.0,90.358
HUL,881.6224999999997,188.0,90.358
HUL,897.0224999999997,198.0,90.358
HUL,905.8224999999996,198.0,90.358
HUL,924.4891666666663,210.0,90.358
HUL,941.5224999999996,219.0,90.358
HUL,953.855833333333,222.0,90.358
HUL,971.5891666666662,228.0,90.358
HUL,984.4224999999996,231.0,90.358
HUL,1005.3113888888884,235.0,90.358
HUL,1018.4224999999996,236.0,90.358
HUL,1039.4891666666663,237.0,90.358
HUL,1057.9102777777773,236.0,90.358
HUL,1073.6436111111107,236.0,90.358
HUL,1089.376944444444,236.0,90.358
HUL,1102.1547222222218,230.0,90.358
HUL,1125.1547222222218,230.0,90.358
HUL,1145.3324999999995,227.0,90.358
HUL,1163.9991666666663,210.0,90.358
HUL,1182.3102777777774,206.0,90.358
HUL,1202.5538888888884,203.0,90.358
HUL,1216.1538888888886,204.0,90.358
HUL,1227.4872222222218,204.0,90.358
HUL,1236.5538888888884,204.0,90.358
HUL,1245.620555555555,204.0,90.358
HUL,1262.3427777777772,215.0,90.358
HUL,1276.9427777777773,219.0,90.358
HUL,1293.9761111111106,219.0,90.358
HUL,1303.4872222222218,214.0,90.358
HUL,1317.5538888888884,211.0,90.358
HUL,1326.9316666666662,211.0,90.358
HUL,1336.0427777777772,205.0,90.358
HUL,1349.6427777777772,204.0,90.358
HUL,1360.8649999999996,202.0,90.358
HUL,1372.1983333333328,204.0,90.358
HUL,1383.5872222222217,205.0,90.358
HUL,1392.8316666666663,208.0,90.358
HUL,1402.1205555555553,209.0,90.358
HUL,1423.9205555555552,218.0,90.358
HUL,1433.609444444444,218.0,90.358
HUL,1442.9427777777773,210.0,90.358
HUL,1460.9544444444439,202.0,90.358
HUL,1480.054444444444,191.0,90.358
HUL,1490.3877777777773,186.0,90.358
HUL,1500.7211111111105,186.0,90.358
HUL,1508.676666666666,179.0,90.358
HUL,1522.5988888888883,179.0,90.358
HUL,1534.5322222222214,179.0,90.358
HUL,1548.687777777777,182.0,90.358
HUL,1565.1694444444436,186.0,90.358
HUL,1575.83611111111,192.0,90.358
HUL,1591.313888888888,199.0,90.358
HUL,1607.0249999999992,202.0,90.358
HUL,1618.2472222222214,202.0,90.358
HUL,1639.8472222222213,216.0,90.358
HUL,1652.0138888888878,219.0,90.358
HUL,1669.1249999999989,220.0,90.358
HUL,1681.23611111111,218.0,90.358
HUL,1693.347222222221,218.0,90.358
HUL,1705.5138888888875,219.0,90.358
HUL,1715.247222222221,219.0,90.358
HUL,1737.147222222221,219.0,90.358
HUL,1747.0138888888878,222.0,90.358
HUL,1776.8805555555543,224.0,90.358
HUL,1797.7694444444433,235.0,90.358
HUL,1814.0361111111101,244.0,90.358
HUL,1833.6280555555545,251.0,90.358
HUL,1853.461388888888,255.0,90.358
HUL,1867.6280555555545,255.0,90.358
HUL,1885.1613888888878,263.0,90.358
HUL,1896.8502777777767,263.0,90.358
HUL,1920.494722222221,266.0,90.358
HUL,1932.4502777777766,269.0,90.358
HUL,1950.38361111111,269.0,90.358
HUL,1962.3391666666655,269.0,90.358
HUL,1980.1977777777763,269.0,90.358
HUL,1992.1533333333318,269.0,90.358
HUL,2010.0866666666652,269.0,90.358
HUL,2022.0422222222207,269.0,90.358
HUL,2045.9533333333318,269.0,90.358
HUL,2057.9088888888873,269.0,90.358
HUL,2072.8533333333316,269.0,90.358
HUL,2093.775555555554,269.0,90.358
HUL,2108.7199999999984,269.0,90.358
HUL,2132.6311111111095,269.0,90.358
HUL,2168.497777777776,269.0,90.358
HUL,2186.431111111109,269.0,90.358
HUL,2201.375555555554,269.0,90.358
HUL,2213.3311111111093,269.0,90.358
HUL,2228.275555555554,269.0,90.358
HUL,2249.1977777777765,269.0,90.358
HUL,2264.142222222221,269.0,90.358
HUL,2279.0866666666657,269.0,90.358
HUL,2294.03111111111,269.0,90.358
HUL,2321.0058333333327,269.0,90.358
HUL,2347.905833333333,269.0,90.358
HUL,2359.861388888888,269.0,90.358
HUL,2374.5613888888884,189.0,90.358
HUL,2385.0613888888884,189.0,90.358
HUL,2399.7613888888886,189.0,90.358
HUL,2412.3613888888885,189.0,90.358
HUL,2419.0724999999998,151.0,90.358
HUL,2428.8316666666665,147.0,90.358
HUL,2435.3205555555555,146.0,90.358
HUL,2481.987222222222,168.0,90.358
HUL,2496.0649999999996,181.0,90.358
HUL,2506.2872222222218,184.0,90.358
HUL,2516.509444444444,184.0,90.358
HUL,2529.109444444444,189.0,90.358
HUL,2545.7538888888885,214.0,90.358
HUL,2569.5316666666663,214.0,90.358
HUL,2587.6538888888886,233.0,90.358
HUL,2605.776111111111,233.0,90.358
HUL,2616.2205555555556,235.0,90.358
HUL,2637.1094444444443,235.0,90.358
HUL,2664.665,248.0,90.358
HUL,2678.6094444444443,251.0,90.358
HUL,2706.9022222222225,254.0,90.358
HUL,2723.9022222222225,255.0,90.358
HUL,2735.2355555555555,255.0,90.358
HUL,2754.68,250.0,90.358
HUL,2773.7355555555555,245.0,90.358
HUL,2786.513333333333,230.0,90.358
HUL,2799.2911111111107,230.0,90.358
HUL,2818.354444444444,172.0,90.358
HUL,2830.1766666666663,152.0,90.358
HUL,2844.5988888888883,118.0,90.358
HUL,2858.5322222222217,114.0,90.358
HUL,2863.5988888888883,114.0,90.358
HUL,2872.8988888888885,93.0,90.358
HUL,2876.6322222222216,84.0,90.358
HUL,2883.0099999999993,82.0,90.358
HUL,2889.8544444444437,77.0,90.358
HUL,2894.7211111111105,73.0,90.358
HUL,2899.7211111111105,75.0,90.358
HUL,2907.9211111111103,82.0,90.358
HUL,2911.6544444444435,84.0,90.358
HUL,2917.9211111111103,94.0,90.358
HUL,2924.387777777777,97.0,90.358
HUL,2929.187777777777,108.0,90.358
HUL,2935.9655555555546,122.0,90.358
HUL,2943.132222222221,129.0,90.358
HUL,2955.6155555555547,140.0,90.358
HUL,2962.5933333333323,157.0,90.358
HUL,2973.459999999999,163.0,90.358
HUL,2985.059999999999,174.0,90.358
HUL,2992.793333333332,174.0,90.358
HUL,3003.293333333332,189.0,90.358
HUL,3016.4266666666654,197.0,90.358
HUL,3027.7033333333325,204.0,90.358
HUL,3037.1255555555545,212.0,90.358
HUL,3057.1255555555545,225.0,90.358
HUL,3067.303333333332,229.0,90.358
HUL,3085.9699999999984,240.0,90.358
HUL,3096.6366666666654,240.0,90.358
HUL,3124.525555555554,251.0,90.358
HUL,3147.4588888888875,258.0,90.358
HUL,3167.6811111111097,260.0,90.358
HUL,3194.48111111111,268.0,90.358
HUL,3206.392222222221,268.0,90.358
HUL,3227.6255555555545,273.0,90.358
HUL,3246.1588888888878,278.0,90.358
HUL,3274.1588888888878,280.0,90.358
HUL,3293.1588888888878,285.0,90.358
HUL,3305.8255555555543,285.0,90.358
HUL,3383.1588888888878,290.0,90.358
HUL,3412.2394444444435,290.0,90.358
HUL,3437.928333333332,289.0,90.358
HUL,3457.194999999999,289.0,90.358
HUL,3479.4394444444433,286.0,90.358
HUL,3510.9161111111102,284.0,90.358
HUL,3533.004999999999,284.0,90.358
HUL,3561.3049999999994,283.0,90.358
HUL,3583.160555555555,281.0,90.358
HUL,3611.260555555555,281.0,90.358
HUL,3623.6605555555548,279.0,90.358
HUL,3648.282777777777,277.0,90.358
HUL,3672.282777777777,270.0,90.358
HUL,3693.1272222222215,268.0,90.358
HUL,3718.7272222222214,256.0,90.358
HUL,3730.1049999999996,256.0,90.358
HUL,3756.8827777777774,241.0,90.358
HUL,3770.271666666666,241.0,90.358
HUL,3782.771666666666,225.0,90.358
HUL,3797.3049999999994,218.0,90.358
HUL,3809.4161111111102,218.0,90.358
HUL,3823.549444444444,212.0,90.358
HUL,3832.971666666666,212.0,90.358
HUL,3842.349444444444,211.0,90.358
HUL,3854.0716666666663,211.0,90.358
HUL,3863.449444444444,211.0,90.358
HUL,3883.805833333333,203.0,90.358
HUL,3892.605833333333,198.0,90.358
HUL,3905.8058333333333,198.0,90.358
HUL,3929.9508333333333,198.0,90.358
HUL,3943.150833333333,198.0,90.358
HUL,3951.9508333333333,198.0,90.358
HUL,3976.150833333333,198.0,90.358
HUL,3987.150833333333,198.0,90.358
HUL,4000.350833333333,198.0,90.358
HUL,4020.150833333333,198.0,90.358
HUL,4031.150833333333,198.0,90.358
HUL,4055.350833333333,198.0,90.358
HUL,4066.350833333333,198.0,90.358
HUL,4079.550833333333,198.0,90.358
HUL,4101.550833333332,198.0,90.358
HUL,4110.350833333332,198.0,90.358
HUL,4123.550833333332,198.0,90.358
HUL,4132.350833333332,198.0,90.358
HUL,4143.350833333332,198.0,90.358
HUL,4158.750833333332,198.0,90.358
HUL,4169.750833333332,198.0,90.358
HUL,4189.550833333332,198.0,90.358
HUL,4198.350833333332,198.0,90.358
HUL,4246.071666666666,195.0,90.358
HUL,4259.271666666666,297.0,90.358
HUL,4285.671666666666,297.0,90.358
HUL,4298.789166666666,297.0,90.358
HUL,4328.489166666665,297.0,90.358
HUL,4348.2891666666665,297.0,90.358
HUL,4361.489166666666,297.0,90.358
HUL,4381.289166666666,297.0,90.358
HUL,4394.489166666666,297.0,90.358
HUL,4407.689166666666,297.0,90.358
HUL,4437.389166666666,297.0,90.358
HUL,4463.789166666666,297.0,90.358
HUL,4486.889166666666,297.0,90.358
HUL,4509.989166666666,297.0,90.358
HUL,4536.389166666667,297.0,90.358
HUL,4552.889166666667,297.0,90.358
HUL,4569.389166666666,297.0,90.358
HUL,4589.189166666667,297.0,90.358
HUL,4605.689166666666,297.0,90.358
HUL,4622.189166666666,297.0,90.358
HUL,4635.389166666667,297.0,90.358
HUL,4655.189166666666,297.0,90.358
HUL,4678.2891666666665,297.0,90.358
HUL,4694.7891666666665,297.0,90.358
HUL,4707.989166666666,297.0,90.358
HUL,4729.189166666666,318.0,90.358
HUL,4750.389166666667,318.0,90.358
HUL,4775.210833333333,318.0,90.358
HUL,4796.410833333333,318.0,90.358
HUL,4810.544166666667,318.0,90.358
HUL,4830.991944444443,308.0,90.358
HUL,4857.836388888888,302.0,90.358
HUL,4871.2586111111095,302.0,90.358
HUL,4891.391944444444,302.0,90.358
HUL,4904.814166666665,302.0,90.358
HUL,4928.303055555554,302.0,90.358
HUL,4961.858611111109,302.0,90.358
HUL,4992.058611111109,302.0,90.358
HUL,5005.480833333332,302.0,90.358
HUL,5022.258611111109,302.0,90.358
HUL,5045.747499999998,302.0,90.358
HUL,5069.236388888887,302.0,90.358
HUL,5086.014166666665,302.0,90.358
HUL,5122.925277777776,302.0,90.358
HUL,5139.703055555554,302.0,90.358
HUL,5166.547499999998,302.0,90.358
HUL,5179.969722222221,302.0,90.358
HUL,5203.45861111111,302.0,90.358
HUL,5220.236388888887,302.0,90.358
HUL,5260.503055555554,302.0,90.358
HUL,5294.05861111111,302.0,90.358
HUL,5327.698055555554,302.0,90.358
HUL,5341.120277777775,302.0,90.358
HUL,5364.609166666664,302.0,90.358
HUL,5391.36972222222,302.0,90.358
HUL,5396.86972222222,99.0,90.358
HUL,5402.147499999998,95.0,90.358
HUL,5408.347499999998,93.0,90.358
HUL,5412.391944444443,91.0,90.358
HUL,5418.65861111111,94.0,90.358
HUL,5423.05861111111,99.0,90.358
HUL,5432.391944444443,105.0,90.358
HUL,5440.091944444443,99.0,90.358
HUL,5447.636388888887,97.0,90.358
HUL,5458.414166666666,97.0,90.358
HUL,5462.903055555555,101.0,90.358
HUL,5472.680833333332,110.0,90.358
HUL,5478.014166666666,120.0,90.358
HUL,5493.791944444443,142.0,90.358
HUL,5501.680833333332,142.0,90.358
HUL,5514.280833333332,162.0,90.358
HUL,5533.947499999999,177.0,90.358
HUL,5551.647499999999,177.0,90.358
HUL,5559.514166666666,177.0,90.358
HUL,5569.347499999999,177.0,90.358
HUL,5579.180833333332,177.0,90.358
HUL,5589.014166666665,177.0,90.358
HUL,5602.829999999999,177.0,90.358
HUL,5612.663333333332,177.0,90.358
HUL,5625.543055555554,233.0,90.358
HUL,5638.487499999998,233.0,90.358
HUL,5648.843055555553,233.0,90.358
HUL,5659.198611111108,233.0,90.358
HUL,5673.143055555553,251.0,90.358
HUL,5690.276388888886,257.0,90.358
HUL,5701.92083333333,262.0,90.358
HUL,5725.209722222219,262.0,90.358
HUL,5737.1652777777745,269.0,90.358
HUL,5749.12083333333,269.0,90.358
HUL,5767.3208333333305,273.0,90.358
HUL,5791.587499999997,273.0,90.358
LAW,16.333333333333332,280.0,90.495
LAW,54.86666666666666,289.0,90.495
LAW,81.09555555555553,296.0,90.495
LAW,94.38444444444444,299.0,90.495
LAW,111.21777777777777,303.0,90.495
LAW,134.86222222222221,304.0,90.495
LAW,158.50666666666666,304.0,90.495
LAW,189.70666666666668,312.0,90.495
LAW,214.28444444444443,316.0,90.495
LAW,246.17277777777778,318.0,90.495
LAW,281.6172222222222,319.0,90.495
LAW,295.83944444444444,320.0,90.495
LAW,317.2394444444444,321.0,90.495
LAW,338.5727777777778,320.0,90.495
LAW,367.01722222222224,320.0,90.495
LAW,384.795,320.0,90.495
LAW,406.1283333333334,320.0,90.495
LAW,430.93944444444446,319.0,90.495
LAW,469.68388888888893,317.0,90.495
LAW,487.2950000000001,317.0,90.495
LAW,511.8727777777778,316.0,90.495
LAW,539.7838888888889,314.0,90.495
LAW,564.1283333333333,313.0,90.495
LAW,591.5061111111111,308.0,90.495
LAW,605.1949999999999,308.0,90.495
LAW,625.395,303.0,90.495
LAW,645.4616666666667,301.0,90.495
LAW,664.8472222222223,292.0,90.495
LAW,689.1138888888889,273.0,90.495
LAW,706.8472222222223,266.0,90.495
LAW,732.2916666666667,229.0,90.495
LAW,746.3583333333335,211.0,90.495
LAW,755.7947222222223,211.0,90.495
LAW,764.4072222222223,195.0,90.495
LAW,776.9405555555556,188.0,90.495
LAW,790.756388888889,177.0,90.495
LAW,798.356388888889,171.0,90.495
LAW,809.4897222222223,167.0,90.495
LAW,823.9786111111113,163.0,90.495
LAW,832.756388888889,158.0,90.495
LAW,846.8008333333335,158.0,90.495
LAW,857.3341666666668,158.0,90.495
LAW,864.4008333333335,159.0,90.495
LAW,871.6008333333335,162.0,90.495
LAW,878.8008333333336,162.0,90.495
LAW,893.2008333333335,162.0,90.495
LAW,905.8008333333336,162.0,90.495
LAW,922.0008333333335,162.0,90.495
LAW,930.8452777777779,199.0,90.495
LAW,942.0675000000002,202.0,90.495
LAW,960.8230555555557,211.0,90.495
LAW,973.045277777778,220.0,90.495
LAW,987.845277777778,222.0,90.495
LAW,997.8897222222225,226.0,90.495
LAW,1015.9472222222225,233.0,90.495
LAW,1044.6694444444447,235.0,90.495
LAW,1055.202777777778,237.0,90.495
LAW,1068.3694444444445,237.0,90.495
LAW,1084.1694444444445,237.0,90.495
LAW,1099.3694444444445,228.0,90.495
LAW,1111.8138888888889,224.0,90.495
LAW,1121.7694444444444,224.0,90.495
LAW,1138.9416666666668,220.0,90.495
LAW,1156.0527777777777,220.0,90.495
LAW,1170.3861111111112,215.0,90.495
LAW,1182.163888888889,212.0,90.495
LAW,1191.5861111111112,212.0,90.495
LAW,1209.8083333333334,205.0,90.495
LAW,1230.1083333333333,203.0,90.495
LAW,1239.1305555555555,203.0,90.495
LAW,1252.797222222222,205.0,90.495
LAW,1266.4638888888887,205.0,90.495
LAW,1280.1305555555552,205.0,90.495
LAW,1291.5194444444442,205.0,90.495
LAW,1316.5749999999998,205.0,90.495
LAW,1325.686111111111,205.0,90.495
LAW,1339.3527777777774,205.0,90.495
LAW,1348.4638888888885,205.0,90.495
LAW,1375.397222222222,202.0,90.495
LAW,1388.8638888888886,202.0,90.495
LAW,1402.530555555555,205.0,90.495
LAW,1413.8624999999997,205.0,90.495
LAW,1425.4180555555552,208.0,90.495
LAW,1441.984722222222,213.0,90.495
LAW,1455.8513888888886,208.0,90.495
LAW,1466.9624999999996,200.0,90.495
LAW,1481.895833333333,192.0,90.495
LAW,1492.5069444444441,191.0,90.495
LAW,1512.668333333333,181.0,90.495
LAW,1522.557222222222,178.0,90.495
LAW,1534.1572222222221,174.0,90.495
LAW,1541.846111111111,173.0,90.495
LAW,1549.4905555555554,172.0,90.495
LAW,1561.2238888888887,176.0,90.495
LAW,1579.4238888888888,182.0,90.495
LAW,1596.135,188.0,90.495
LAW,1606.8016666666665,192.0,90.495
LAW,1620.0016666666666,198.0,90.495
LAW,1635.7127777777778,202.0,90.495
LAW,1659.3794444444443,213.0,90.495
LAW,1676.257222222222,217.0,90.495
LAW,1688.257222222222,216.0,90.495
LAW,1697.857222222222,216.0,90.495
LAW,1755.457222222222,216.0,90.495
LAW,1772.257222222222,216.0,90.495
LAW,1788.997222222222,216.0,90.495
LAW,1800.997222222222,216.0,90.495
LAW,1817.797222222222,216.0,90.495
LAW,1828.5083333333332,241.0,90.495
LAW,1847.7194444444444,247.0,90.495
LAW,1867.3972222222221,253.0,90.495
LAW,1884.7305555555556,260.0,90.495
LAW,1902.27,262.0,90.495
LAW,1919.9366666666665,265.0,90.495
LAW,1950.0477777777778,271.0,90.495
LAW,1962.1366666666668,272.0,90.495
LAW,1980.3366666666666,273.0,90.495
LAW,2004.6922222222222,274.0,90.495
LAW,2032.3922222222222,277.0,90.495
LAW,2066.247777777778,277.0,90.495
LAW,2084.714444444445,277.0,90.495
LAW,2115.4922222222226,277.0,90.495
LAW,2140.025555555556,276.0,90.495
LAW,2158.425555555556,276.0,90.495
LAW,2170.6922222222224,276.0,90.495
LAW,2182.9588888888893,276.0,90.495
LAW,2204.1144444444444,272.0,90.495
LAW,2234.9144444444446,252.0,90.495
LAW,2256.4255555555555,242.0,90.495
LAW,2272.5588888888888,242.0,90.495
LAW,2288.4922222222226,240.0,90.495
LAW,2299.025555555556,237.0,90.495
LAW,2317.614444444445,239.0,90.495
LAW,2335.6588888888896,232.0,90.495
LAW,2349.7922222222232,212.0,90.495
LAW,2363.2588888888895,202.0,90.495
LAW,2371.4430555555564,183.0,90.495
LAW,2387.143055555556,157.0,90.495
LAW,2399.7652777777785,142.0,90.495
LAW,2411.8541666666674,136.0,90.495
LAW,2419.0763888888896,130.0,90.495
LAW,2430.9875000000006,134.0,90.495
LAW,2447.0986111111115,145.0,90.495
LAW,2457.565277777778,157.0,90.495
LAW,2464.543055555556,157.0,90.495
LAW,2476.2763888888894,176.0,90.495
LAW,2484.3208333333337,181.0,90.495
LAW,2496.9208333333336,189.0,90.495
LAW,2515.1430555555557,205.0,90.495
LAW,2526.9763888888892,213.0,90.495
LAW,2546.7986111111113,223.0,90.495
LAW,2567.3319444444446,231.0,90.495
LAW,2580.4430555555555,236.0,90.495
LAW,2602.0430555555554,243.0,90.495
LAW,2615.820833333333,248.0,90.495
LAW,2629.709722222222,250.0,90.495
LAW,2652.305555555555,255.0,90.495
LAW,2710.0833333333326,260.0,90.495
LAW,2724.416666666666,258.0,90.495
LAW,2738.430833333333,251.0,90.495
LAW,2760.030833333333,243.0,90.495
LAW,2772.975277777777,233.0,90.495
LAW,2789.386388888888,211.0,90.495
LAW,2803.453055555555,211.0,90.495
LAW,2814.1197222222218,160.0,90.495
LAW,2822.064166666666,143.0,90.495
LAW,2830.464166666666,126.0,90.495
LAW,2835.753055555555,119.0,90.495
LAW,2844.3086111111106,110.0,90.495
LAW,2848.930833333333,104.0,90.495
LAW,2853.553055555555,104.0,90.495
LAW,2859.9530555555552,96.0,90.495
LAW,2868.653055555555,87.0,90.495
LAW,2873.3197222222216,84.0,90.495
LAW,2879.5419444444437,80.0,90.495
LAW,2884.6086111111103,76.0,90.495
LAW,2890.5974999999994,77.0,90.495
LAW,2894.153055555555,80.0,90.495
LAW,2900.6863888888884,84.0,90.495
LAW,2911.3530555555553,96.0,90.495
LAW,2918.2197222222217,103.0,90.495
LAW,2928.4986111111107,116.0,90.495
LAW,2938.531944444444,129.0,90.495
LAW,2948.2652777777776,146.0,90.495
LAW,2962.754166666666,163.0,90.495
LAW,2970.2674999999995,168.0,90.495
LAW,2982.4008333333327,182.0,90.495
LAW,2993.011944444444,191.0,90.495
LAW,3004.067499999999,199.0,90.495
LAW,3017.8674999999994,207.0,90.495
LAW,3027.4230555555546,215.0,90.495
LAW,3049.5230555555545,221.0,90.495
LAW,3065.1230555555544,234.0,90.495
LAW,3083.9452777777765,242.0,90.495
LAW,3105.9897222222207,248.0,90.495
LAW,3119.87861111111,250.0,90.495
LAW,3136.945277777776,256.0,90.495
LAW,3148.5008333333317,260.0,90.495
LAW,3169.111944444443,265.0,90.495
LAW,3183.945277777776,267.0,90.495
LAW,3208.034166666665,271.0,90.495
LAW,3220.0786111111097,271.0,90.495
LAW,3238.678611111109,279.0,90.495
LAW,3260.456388888887,280.0,90.495
LAW,3273.034166666665,283.0,90.495
LAW,3304.9230555555537,287.0,90.495
LAW,3327.4786111111093,290.0,90.495
LAW,3346.878611111109,291.0,90.495
LAW,3366.264166666665,292.0,90.495
LAW,3385.7308333333317,292.0,90.495
LAW,3414.9308333333315,292.0,90.495
LAW,3440.8783333333313,291.0,90.495
LAW,3463.356111111109,289.0,90.495
LAW,3492.1561111111087,288.0,90.495
LAW,3508.1005555555525,287.0,90.495
LAW,3539.6561111111087,284.0,90.495
LAW,3555.433888888886,284.0,90.495
LAW,3586.767222222219,282.0,90.495
LAW,3608.622777777775,281.0,90.495
LAW,3624.1783333333306,280.0,90.495
LAW,3645.878333333331,279.0,90.495
LAW,3667.578333333331,279.0,90.495
LAW,3679.9783333333307,279.0,90.495
LAW,3698.578333333331,279.0,90.495
LAW,3720.2783333333314,279.0,90.495
LAW,3732.678333333331,279.0,90.495
LAW,3757.478333333331,279.0,90.495
LAW,3782.2783333333314,279.0,90.495
LAW,3794.6783333333315,279.0,90.495
LAW,3825.6783333333315,279.0,90.495
LAW,3853.5783333333316,279.0,90.495
LAW,3865.978333333331,279.0,90.495
LAW,3884.5783333333316,279.0,90.495
LAW,3906.200833333332,279.0,90.495
LAW,3940.300833333332,279.0,90.495
LAW,3971.3783333333317,279.0,90.495
LAW,3983.778333333332,279.0,90.495
LAW,4005.478333333332,279.0,90.495
LAW,4027.1783333333324,279.0,90.495
LAW,4042.678333333332,279.0,90.495
LAW,4061.2783333333323,279.0,90.495
LAW,4086.0783333333325,279.0,90.495
LAW,4110.878333333332,279.0,90.495
LAW,4138.778333333332,279.0,90.495
LAW,4163.578333333331,279.0,90.495
LAW,4175.978333333332,279.0,90.495
LAW,4194.578333333331,279.0,90.495
LAW,4212.078333333331,225.0,90.495
LAW,4235.378333333331,233.0,90.495
LAW,4259.978333333332,246.0,90.495
LAW,4276.8449999999975,253.0,90.495
LAW,4306.289444444443,265.0,90.495
LAW,4324.489444444443,273.0,90.495
LAW,4352.189444444442,277.0,90.495
LAW,4387.511666666665,289.0,90.495
LAW,4416.730277777776,293.0,90.495
LAW,4436.730277777776,300.0,90.495
LAW,4473.970277777776,304.0,90.495
LAW,4501.525833333332,310.0,90.495
LAW,4525.870277777775,313.0,90.495
LAW,4543.425833333331,316.0,90.495
LAW,4579.092499999998,321.0,90.495
LAW,4593.359166666664,321.0,90.495
LAW,4615.02583333333,325.0,90.495
LAW,4640.459166666664,327.0,90.495
LAW,4662.259166666665,327.0,90.495
LAW,4684.259166666664,330.0,90.495
LAW,4702.648055555554,331.0,90.495
LAW,4721.092499999998,332.0,90.495
LAW,4746.9924999999985,333.0,90.495
LAW,4765.492499999998,333.0,90.495
LAW,4780.292499999999,333.0,90.495
LAW,4809.892499999998,333.0,90.495
LAW,4832.092499999999,333.0,90.495
LAW,4857.992499999998,333.0,90.495
LAW,4876.436944444442,332.0,90.495
LAW,4905.770277777776,330.0,90.495
LAW,4920.436944444442,330.0,90.495
LAW,4935.059166666664,329.0,90.495
LAW,4956.725833333332,325.0,90.495
LAW,4981.692499999997,321.0,90.495
LAW,5009.782222222219,317.0,90.495
LAW,5040.88222222222,311.0,90.495
LAW,5064.76722222222,306.0,90.495
LAW,5081.711666666664,305.0,90.495
LAW,5118.133888888887,298.0,90.495
LAW,5150.6894444444415,293.0,90.495
LAW,5166.800555555553,290.0,90.495
LAW,5179.644999999998,289.0,90.495
LAW,5192.444999999998,288.0,90.495
LAW,5220.944999999998,285.0,90.495
LAW,5233.56722222222,284.0,90.495
LAW,5268.156111111109,283.0,90.495
LAW,5280.6894444444415,282.0,90.495
LAW,5293.1783333333315,281.0,90.495
LAW,5308.733888888886,280.0,90.495
LAW,5324.233888888886,279.0,90.495
LAW,5349.033888888886,279.0,90.495
LAW,5367.567222222219,278.0,90.495
LAW,5392.100555555553,276.0,90.495
LAW,5404.100555555553,270.0,90.495
LAW,5419.300555555553,228.0,90.495
LAW,5439.300555555553,180.0,90.495
LAW,5452.722777777774,151.0,90.495
LAW,5462.389444444441,145.0,90.495
LAW,5474.289444444441,119.0,90.495
LAW,5480.646388888886,115.0,90.495
LAW,5491.785277777774,100.0,90.495
LAW,5497.063055555553,95.0,90.495
LAW,5502.285277777775,94.0,90.495
LAW,5506.32972222222,91.0,90.495
LAW,5513.4074999999975,91.0,90.495
LAW,5518.685277777776,95.0,90.495
LAW,5526.851944444443,105.0,90.495
LAW,5532.685277777776,105.0,90.495
LAW,5541.663055555554,101.0,90.495
LAW,5546.151944444443,101.0,90.495
LAW,5551.540833333332,97.0,90.495
LAW,5558.007499999998,97.0,90.495
LAW,5563.618611111109,101.0,90.495
LAW,5568.374166666665,107.0,90.495
LAW,5579.040833333332,120.0,90.495
LAW,5586.263055555554,130.0,90.495
LAW,5592.307499999999,136.0,90.495
LAW,5600.807499999999,153.0,90.495
LAW,5613.874166666666,168.0,90.495
LAW,5629.785277777776,179.0,90.495
LAW,5637.7408333333315,179.0,90.495
LAW,5650.074166666665,185.0,90.495
LAW,5665.629722222221,200.0,90.495
LAW,5677.407499999998,212.0,90.495
LAW,5691.540833333333,212.0,90.495
LAW,5706.474166666666,224.0,90.495
LAW,5718.91861111111,224.0,90.495
LAW,5747.274166666666,232.0,90.495
LAW,5757.520833333333,232.0,90.495
LAW,5780.4366666666665,257.0,90.495
LAW,5800.425555555556,257.0,90.495
LAW,5826.425555555556,260.0,90.495
LAW,5843.825555555555,261.0,90.495
LAW,5864.203333333333,262.0,90.495
LAW,5878.87,264.0,90.495
LAW,5890.603333333333,264.0,90.495
COL,14.206111111111111,281.0,90.627
COL,29.928333333333335,283.0,90.627
COL,42.595000000000006,285.0,90.627
COL,55.57277777777778,292.0,90.627
COL,75.10611111111112,293.0,90.627
COL,88.12833333333336,293.0,90.627
COL,110.91722222222224,293.0,90.627
COL,123.93944444444446,293.0,90.627
COL,169.00611111111112,312.0,90.627
COL,204.31638888888892,317.0,90.627
COL,233.02750000000003,323.0,90.627
COL,251.02750000000003,324.0,90.627
COL,272.7608333333333,326.0,90.627
COL,294.6275,328.0,90.627
COL,323.9608333333333,330.0,90.627
COL,357.0608333333333,331.0,90.627
COL,371.7719444444444,331.0,90.627
COL,390.1608333333333,331.0,90.627
COL,423.2608333333333,331.0,90.627
COL,449.00527777777774,331.0,90.627
COL,478.3386111111111,330.0,90.627
COL,511.1386111111111,328.0,90.627
COL,529.1591666666667,326.0,90.627
COL,564.3813888888889,317.0,90.627
COL,592.2036111111111,313.0,90.627
COL,619.2258333333333,304.0,90.627
COL,635.8924999999999,300.0,90.627
COL,665.1925,293.0,90.627
COL,681.1369444444445,287.0,90.627
COL,701.5925,263.0,90.627
COL,715.4813888888888,250.0,90.627
COL,731.0813888888888,234.0,90.627
COL,751.3222222222221,227.0,90.627
COL,765.1888888888888,208.0,90.627
COL,785.2999999999998,181.0,90.627
COL,795.1333333333331,177.0,90.627
COL,802.9999999999998,177.0,90.627
COL,818.1999999999998,171.0,90.627
COL,837.7555555555554,160.0,90.627
COL,848.3555555555554,159.0,90.627
COL,862.4888888888887,159.0,90.627
COL,877.4222222222221,168.0,90.627
COL,892.6222222222221,171.0,90.627
COL,900.2222222222222,171.0,90.627
COL,926.0888888888887,194.0,90.627
COL,939.4330555555555,201.0,90.627
COL,958.1886111111111,211.0,90.627
COL,970.1886111111111,216.0,90.627
COL,984.9219444444444,221.0,90.627
COL,997.3108333333333,223.0,90.627
COL,1012.4441666666665,227.0,90.627
COL,1033.2441666666666,234.0,90.627
COL,1046.2997222222223,235.0,90.627
COL,1062.0330555555556,236.0,90.627
COL,1075.1441666666667,236.0,90.627
COL,1136.8083333333334,231.0,90.627
COL,1157.252777777778,230.0,90.627
COL,1186.052777777778,216.0,90.627
COL,1206.552777777778,205.0,90.627
COL,1217.8305555555557,203.0,90.627
COL,1231.363888888889,203.0,90.627
COL,1244.8972222222226,203.0,90.627
COL,1260.9972222222227,207.0,90.627
COL,1279.6638888888895,210.0,90.627
COL,1298.6861111111116,214.0,90.627
COL,1315.4861111111118,216.0,90.627
COL,1324.997222222223,214.0,90.627
COL,1338.9305555555563,209.0,90.627
COL,1366.0738888888895,204.0,90.627
COL,1384.2961111111117,205.0,90.627
COL,1400.3183333333338,206.0,90.627
COL,1423.7627777777784,211.0,90.627
COL,1433.1405555555561,211.0,90.627
COL,1449.7850000000005,214.0,90.627
COL,1461.3405555555562,208.0,90.627
COL,1482.5627777777784,191.0,90.627
COL,1492.891944444445,185.0,90.627
COL,1516.3586111111117,176.0,90.627
COL,1531.3808333333338,169.0,90.627
COL,1544.2919444444449,166.0,90.627
COL,1553.5697222222227,167.0,90.627
COL,1565.0363888888894,172.0,90.627
COL,1572.7252777777783,173.0,90.627
COL,1584.4586111111116,176.0,90.627
COL,1596.5252777777785,181.0,90.627
COL,1612.791944444445,183.0,90.627
COL,1620.9252777777785,183.0,90.627
COL,1641.3252777777784,204.0,90.627
COL,1657.580833333334,209.0,90.627
COL,1667.003055555556,212.0,90.627
COL,1686.0252777777782,214.0,90.627
COL,1705.0766666666673,215.0,90.627
COL,1726.8766666666672,218.0,90.627
COL,1739.154444444445,221.0,90.627
COL,1753.954444444445,222.0,90.627
COL,1763.954444444445,225.0,90.627
COL,1774.043333333334,227.0,90.627
COL,1791.6988888888895,227.0,90.627
COL,1816.9211111111117,227.0,90.627
COL,1829.532222222223,227.0,90.627
COL,1849.7100000000007,227.0,90.627
COL,1862.3841666666672,227.0,90.627
COL,1872.4730555555561,227.0,90.627
COL,1885.0841666666674,227.0,90.627
COL,1900.2175000000007,227.0,90.627
COL,1910.3063888888896,227.0,90.627
COL,1927.9619444444452,227.0,90.627
COL,1955.7063888888895,227.0,90.627
COL,1965.7952777777784,227.0,90.627
COL,1975.8841666666674,227.0,90.627
COL,2003.4841666666673,276.0,90.627
COL,2018.8175000000008,276.0,90.627
COL,2034.150833333334,276.0,90.627
COL,2046.4175000000007,276.0,90.627
COL,2067.884166666667,276.0,90.627
COL,2089.350833333334,276.0,90.627
COL,2101.6175000000007,276.0,90.627
COL,2132.2841666666673,276.0,90.627
COL,2153.750833333334,276.0,90.627
COL,2165.940833333334,276.0,90.627
COL,2184.3408333333336,276.0,90.627
COL,2199.674166666667,276.0,90.627
COL,2224.2075000000004,276.0,90.627
COL,2251.8075000000003,276.0,90.627
COL,2270.2075000000004,276.0,90.627
COL,2288.6075000000005,276.0,90.627
COL,2316.2075000000004,276.0,90.627
COL,2328.474166666667,276.0,90.627
COL,2343.8841666666667,276.0,90.627
COL,2359.2175,276.0,90.627
COL,2374.5508333333332,276.0,90.627
COL,2389.8841666666667,276.0,90.627
COL,2405.2174999999997,276.0,90.627
COL,2420.5508333333332,276.0,90.627
COL,2438.9508333333333,276.0,90.627
COL,2451.7508333333335,144.0,90.627
COL,2465.3508333333334,136.0,90.627
COL,2480.5730555555556,137.0,90.627
COL,2488.5730555555556,144.0,90.627
COL,2498.706388888889,152.0,90.627
COL,2507.3730555555558,156.0,90.627
COL,2522.2175,167.0,90.627
COL,2530.0841666666665,177.0,90.627
COL,2545.8174999999997,177.0,90.627
COL,2573.4175,207.0,90.627
COL,2592.1144444444444,211.0,90.627
COL,2602.025555555556,223.0,90.627
COL,2614.6366666666668,227.0,90.627
COL,2632.6811111111115,232.0,90.627
COL,2650.725555555556,232.0,90.627
COL,2675.225555555556,245.0,90.627
COL,2694.4366666666674,247.0,90.627
COL,2719.2052777777785,247.0,90.627
COL,2746.6497222222233,247.0,90.627
COL,2757.627500000001,247.0,90.627
COL,2774.0941666666677,247.0,90.627
COL,2790.5608333333344,247.0,90.627
COL,2812.51638888889,247.0,90.627
COL,2826.238611111112,247.0,90.627
COL,2842.7052777777785,247.0,90.627
COL,2856.7830555555565,181.0,90.627
COL,2874.5052777777787,145.0,90.627
COL,2881.0052777777787,117.0,90.627
COL,2889.7941666666675,113.0,90.627
COL,2899.038611111112,104.0,90.627
COL,2907.127500000001,104.0,90.627
COL,2914.7719444444456,86.0,90.627
COL,2918.594166666668,86.0,90.627
COL,2924.194166666668,84.0,90.627
COL,2929.1275000000014,74.0,90.627
COL,2933.9738888888905,73.0,90.627
COL,2940.9961111111124,79.0,90.627
COL,2946.462777777779,82.0,90.627
COL,2956.351666666668,89.0,90.627
COL,2962.6850000000013,95.0,90.627
COL,2967.425555555557,106.0,90.627
COL,2972.5047222222233,115.0,90.627
COL,2980.77138888889,124.0,90.627
COL,2990.840555555557,129.0,90.627
COL,2997.285000000001,145.0,90.627
COL,3008.151666666668,163.0,90.627
COL,3023.5294444444457,173.0,90.627
COL,3033.918333333335,187.0,90.627
COL,3051.6961111111127,200.0,90.627
COL,3065.2961111111126,204.0,90.627
COL,3074.8516666666683,215.0,90.627
COL,3084.5850000000014,219.0,90.627
COL,3094.318333333335,219.0,90.627
COL,3115.4738888888905,238.0,90.627
COL,3134.3738888888906,243.0,90.627
COL,3159.5738888888905,252.0,90.627
COL,3170.951666666668,256.0,90.627
COL,3185.396111111113,260.0,90.627
COL,3208.9516666666686,265.0,90.627
COL,3223.8405555555573,268.0,90.627
COL,3241.907222222224,271.0,90.627
COL,3254.1294444444466,275.0,90.627
COL,3275.751944444446,279.0,90.627
COL,3310.585277777779,285.0,90.627
COL,3323.340833333335,287.0,90.627
COL,3339.285277777779,287.0,90.627
COL,3358.6186111111124,290.0,90.627
COL,3378.085277777779,292.0,90.627
COL,3394.363055555557,293.0,90.627
COL,3407.385277777779,293.0,90.627
COL,3430.333611111112,294.0,90.627
COL,3453.200277777779,294.0,90.627
COL,3472.8002777777792,294.0,90.627
COL,3489.1336111111123,294.0,90.627
COL,3502.066944444446,291.0,90.627
COL,3527.933611111113,291.0,90.627
COL,3556.6336111111127,287.0,90.627
COL,3569.389166666668,287.0,90.627
COL,3588.455833333335,286.0,90.627
COL,3607.455833333335,285.0,90.627
COL,3626.389166666668,284.0,90.627
COL,3642.1669444444456,284.0,90.627
COL,3676.755833333334,283.0,90.627
COL,3689.244722222223,281.0,90.627
COL,3707.71138888889,277.0,90.627
COL,3719.844722222223,273.0,90.627
COL,3753.4447222222234,252.0,90.627
COL,3769.5113888888895,241.0,90.627
COL,3785.244722222223,236.0,90.627
COL,3798.2902777777786,236.0,90.627
COL,3810.845833333334,226.0,90.627
COL,3828.423611111112,226.0,90.627
COL,3843.4902777777784,226.0,90.627
COL,3856.045833333334,226.0,90.627
COL,3873.623611111112,226.0,90.627
COL,3886.1791666666672,226.0,90.627
COL,3911.3530555555562,226.0,90.627
COL,3923.908611111112,226.0,90.627
COL,3938.975277777778,226.0,90.627
COL,3949.0197222222228,226.0,90.627
COL,3959.064166666667,226.0,90.627
COL,3974.1308333333336,226.0,90.627
COL,3996.7308333333335,226.0,90.627
COL,4016.8197222222225,226.0,90.627
COL,4029.375277777778,226.0,90.627
COL,4044.4419444444443,226.0,90.627
COL,4062.0197222222223,226.0,90.627
COL,4087.130833333333,226.0,90.627
COL,4104.708611111111,226.0,90.627
COL,4117.264166666667,226.0,90.627
COL,4127.308611111111,226.0,90.627
COL,4187.575277777778,226.0,90.627
COL,4205.1530555555555,226.0,90.627
COL,4222.668055555555,226.0,90.627
COL,4235.223611111111,226.0,90.627
COL,4252.801388888887,226.0,90.627
COL,4262.845833333332,226.0,90.627
COL,4280.4236111111095,226.0,90.627
COL,4298.001388888887,226.0,90.627
COL,4313.068055555554,226.0,90.627
COL,4328.197499999998,226.0,90.627
COL,4343.264166666665,226.0,90.627
COL,4368.375277777776,226.0,90.627
COL,4378.41972222222,226.0,90.627
COL,4393.486388888888,226.0,90.627
COL,4420.686388888887,306.0,90.627
COL,4451.286388888888,306.0,90.627
COL,4488.686388888887,306.0,90.627
COL,4509.086388888888,306.0,90.627
COL,4543.086388888887,306.0,90.627
COL,4570.286388888888,306.0,90.627
COL,4590.686388888887,306.0,90.627
COL,4604.286388888887,306.0,90.627
COL,4617.886388888886,306.0,90.627
COL,4641.6863888888865,306.0,90.627
COL,4679.086388888888,306.0,90.627
COL,4706.286388888888,306.0,90.627
COL,4726.686388888887,306.0,90.627
COL,4747.001388888888,306.0,90.627
COL,4760.601388888887,306.0,90.627
COL,4784.401388888888,306.0,90.627
COL,4808.201388888888,306.0,90.627
COL,4828.601388888888,306.0,90.627
COL,4849.001388888888,306.0,90.627
COL,4862.686388888888,306.0,90.627
COL,4893.286388888889,306.0,90.627
COL,4920.4863888888885,306.0,90.627
COL,4947.419722222223,303.0,90.627
COL,4964.253055555557,303.0,90.627
COL,4990.741944444445,298.0,90.627
COL,5022.853055555556,289.0,90.627
COL,5041.986388888889,287.0,90.627
COL,5054.6975,286.0,90.627
COL,5073.764166666668,286.0,90.627
COL,5086.38638888889,284.0,90.627
COL,5105.186388888889,282.0,90.627
COL,5130.253055555557,282.0,90.627
COL,5145.808611111112,280.0,90.627
COL,5170.697500000001,280.0,90.627
COL,5195.58638888889,280.0,90.627
COL,5211.1419444444455,280.0,90.627
COL,5235.941944444446,279.0,90.627
COL,5251.441944444446,279.0,90.627
COL,5266.941944444445,279.0,90.627
COL,5291.664444444445,279.0,90.627
COL,5353.664444444445,279.0,90.627
COL,5369.164444444445,279.0,90.627
COL,5384.741944444445,279.0,90.627
COL,5409.541944444444,279.0,90.627
COL,5425.041944444444,279.0,90.627
COL,5446.741944444444,279.0,90.627
COL,5465.3419444444435,279.0,90.627
COL,5483.941944444444,279.0,90.627
COL,5499.441944444443,279.0,90.627
COL,5518.041944444443,279.0,90.627
COL,5530.441944444443,279.0,90.627
COL,5552.141944444443,279.0,90.627
COL,5564.541944444442,279.0,90.627
COL,5576.941944444442,279.0,90.627
COL,5595.541944444442,279.0,90.627
COL,5623.441944444442,279.0,90.627
COL,5638.941944444442,279.0,90.627
COL,5647.497499999997,110.0,90.627
COL,5654.830833333331,110.0,90.627
COL,5664.553055555553,125.0,90.627
COL,5670.508611111109,134.0,90.627
COL,5681.786388888886,145.0,90.627
COL,5700.453055555553,168.0,90.627
COL,5711.919722222219,172.0,90.627
COL,5727.95833333333,181.0,90.627
COL,5742.036111111108,181.0,90.627
COL,5754.969444444441,194.0,90.627
COL,5773.191666666663,205.0,90.627
COL,5782.359722222219,205.0,90.627
COL,5796.026388888886,205.0,90.627
COL,5807.4152777777745,205.0,90.627
COL,5818.804166666663,205.0,90.627
COL,5832.47083333333,205.0,90.627
COL,5841.581944444441,205.0,90.627
COL,5862.081944444441,205.0,90.627
COL,5875.7486111111075,205.0,90.627
COL,5891.693055555552,205.0,90.627
COL,5915.515277777775,268.0,90.627
COL,5930.5708333333305,271.0,90.627
COL,5948.637499999997,271.0,90.627
COL,5960.681944444441,271.0,90.627
SAI,8.555555555555555,280.0,90.927
SAI,27.22222222222222,280.0,90.927
SAI,39.66666666666667,280.0,90.927
SAI,55.22222222222222,280.0,90.927
SAI,70.77777777777779,280.0,90.927
SAI,104.36027777777778,303.0,90.927
SAI,121.19361111111111,303.0,90.927
SAI,138.02694444444447,303.0,90.927
SAI,151.49361111111114,303.0,90.927
SAI,181.79361111111115,303.0,90.927
SAI,195.2602777777778,303.0,90.927
SAI,215.4602777777778,303.0,90.927
SAI,242.3936111111111,303.0,90.927
SAI,262.59361111111116,303.0,90.927
SAI,279.5111111111112,303.0,90.927
SAI,292.9777777777778,303.0,90.927
SAI,313.17777777777786,303.0,90.927
SAI,330.01111111111123,303.0,90.927
SAI,356.9444444444445,303.0,90.927
SAI,377.14444444444456,303.0,90.927
SAI,400.7111111111112,303.0,90.927
SAI,434.3777777777779,303.0,90.927
SAI,451.21111111111117,303.0,90.927
SAI,476.5666666666667,326.0,90.927
SAI,505.45555555555563,325.0,90.927
SAI,533.7222222222223,318.0,90.927
SAI,547.6777777777778,314.0,90.927
SAI,561.6333333333333,314.0,90.927
SAI,585.2777777777778,304.0,90.927
SAI,598.788888888889,304.0,90.927
SAI,631.4847222222223,295.0,90.927
SAI,650.6847222222223,288.0,90.927
SAI,677.8847222222223,272.0,90.927
SAI,689.1736111111112,254.0,90.927
SAI,710.0625000000001,235.0,90.927
SAI,724.5958333333334,218.0,90.927
SAI,744.9958333333334,204.0,90.927
SAI,764.0958333333334,191.0,90.927
SAI,777.7847222222224,176.0,90.927
SAI,790.663888888889,165.0,90.927
SAI,804.8861111111113,160.0,90.927
SAI,815.4194444444446,158.0,90.927
SAI,831.2194444444445,158.0,90.927
SAI,845.6194444444445,162.0,90.927
SAI,856.4861111111112,163.0,90.927
SAI,864.1305555555557,172.0,90.927
SAI,873.8527777777779,175.0,90.927
SAI,883.7972222222223,179.0,90.927
SAI,894.2416666666668,188.0,90.927
SAI,906.9083333333334,190.0,90.927
SAI,924.5972222222223,199.0,90.927
SAI,942.7305555555556,204.0,90.927
SAI,959.4527777777778,215.0,90.927
SAI,974.1911111111111,222.0,90.927
SAI,994.3688888888889,227.0,90.927
SAI,1012.3355555555555,231.0,90.927
SAI,1027.802222222222,232.0,90.927
SAI,1040.691111111111,232.0,90.927
SAI,1058.3466666666666,227.0,90.927
SAI,1073.2133333333331,223.0,90.927
SAI,1085.491111111111,221.0,90.927
SAI,1110.0466666666666,221.0,90.927
SAI,1124.98,224.0,90.927
SAI,1134.9355555555555,224.0,90.927
SAI,1147.102222222222,219.0,90.927
SAI,1165.9163888888886,211.0,90.927
SAI,1175.2941666666663,211.0,90.927
SAI,1190.6941666666664,198.0,90.927
SAI,1206.0163888888887,197.0,90.927
SAI,1221.3386111111108,197.0,90.927
SAI,1230.1830555555553,199.0,90.927
SAI,1243.649722222222,202.0,90.927
SAI,1257.1830555555553,203.0,90.927
SAI,1282.849722222222,210.0,90.927
SAI,1306.2941666666663,211.0,90.927
SAI,1315.5386111111109,208.0,90.927
SAI,1333.3163888888887,200.0,90.927
SAI,1348.7163888888888,198.0,90.927
SAI,1370.6613888888887,198.0,90.927
SAI,1379.4613888888887,198.0,90.927
SAI,1390.4613888888887,198.0,90.927
SAI,1399.2613888888886,198.0,90.927
SAI,1419.0613888888886,198.0,90.927
SAI,1432.2613888888884,198.0,90.927
SAI,1449.8613888888883,198.0,90.927
SAI,1465.2613888888884,198.0,90.927
SAI,1474.0613888888884,198.0,90.927
SAI,1487.2613888888882,198.0,90.927
SAI,1498.2613888888884,198.0,90.927
SAI,1513.6613888888883,198.0,90.927
SAI,1527.0088888888884,171.0,90.927
SAI,1549.0088888888881,165.0,90.927
SAI,1562.308888888888,171.0,90.927
SAI,1571.9199999999992,173.0,90.927
SAI,1585.4533333333325,174.0,90.927
SAI,1593.4533333333325,180.0,90.927
SAI,1605.7866666666657,185.0,90.927
SAI,1616.0644444444436,185.0,90.927
SAI,1627.23111111111,201.0,90.927
SAI,1646.0755555555545,212.0,90.927
SAI,1662.9533333333322,217.0,90.927
SAI,1672.642222222221,218.0,90.927
SAI,1682.33111111111,218.0,90.927
SAI,1696.6711111111101,216.0,90.927
SAI,1715.7822222222212,215.0,90.927
SAI,1792.1155555555545,229.0,90.927
SAI,1804.8377777777766,229.0,90.927
SAI,1820.97111111111,242.0,90.927
SAI,1840.259999999999,248.0,90.927
SAI,1854.259999999999,252.0,90.927
SAI,1877.1044444444435,257.0,90.927
SAI,1894.4377777777768,260.0,90.927
SAI,1917.977777777777,264.0,90.927
SAI,1935.8444444444435,268.0,90.927
SAI,1950.8444444444435,270.0,90.927
SAI,1965.8444444444438,270.0,90.927
SAI,1977.8444444444438,270.0,90.927
SAI,1995.8444444444435,270.0,90.927
SAI,2007.8444444444435,270.0,90.927
SAI,2031.8444444444435,270.0,90.927
SAI,2046.8444444444435,270.0,90.927
SAI,2058.8444444444435,270.0,90.927
SAI,2073.8444444444435,270.0,90.927
SAI,2088.8444444444435,270.0,90.927
SAI,2100.844444444444,270.0,90.927
SAI,2118.8444444444435,270.0,90.927
SAI,2139.8444444444435,270.0,90.927
SAI,2151.7694444444433,270.0,90.927
SAI,2166.7694444444433,270.0,90.927
SAI,2202.5027777777764,268.0,90.927
SAI,2213.9694444444435,258.0,90.927
SAI,2230.569444444444,249.0,90.927
SAI,2254.7694444444437,242.0,90.927
SAI,2270.5694444444434,237.0,90.927
SAI,2283.791666666666,238.0,90.927
SAI,2299.5916666666662,237.0,90.927
SAI,2323.191666666666,236.0,90.927
SAI,2333.4583333333326,231.0,90.927
SAI,2349.3249999999994,204.0,90.927
SAI,2359.5472222222215,184.0,90.927
SAI,2376.0930555555547,165.0,90.927
SAI,2386.3597222222215,154.0,90.927
SAI,2396.093055555555,146.0,90.927
SAI,2405.6263888888884,143.0,90.927
SAI,2411.759722222222,138.0,90.927
SAI,2420.9597222222224,138.0,90.927
SAI,2427.3152777777777,143.0,90.927
SAI,2443.9819444444443,150.0,90.927
SAI,2450.9152777777776,156.0,90.927
SAI,2465.4930555555557,164.0,90.927
SAI,2490.2930555555554,186.0,90.927
SAI,2498.9152777777776,194.0,90.927
SAI,2510.026111111111,201.0,90.927
SAI,2521.6372222222217,209.0,90.927
SAI,2548.648333333333,221.0,90.927
SAI,2571.848333333333,232.0,90.927
SAI,2590.5149999999994,240.0,90.927
SAI,2612.1149999999993,243.0,90.927
SAI,2625.837222222221,247.0,90.927
SAI,2639.614999999999,248.0,90.927
SAI,2656.281666666666,250.0,90.927
SAI,2690.014999999999,253.0,90.927
SAI,2701.3038888888877,254.0,90.927
SAI,2712.592777777777,254.0,90.927
SAI,2723.8816666666658,254.0,90.927
SAI,2745.638333333333,244.0,90.927
SAI,2772.8938888888883,223.0,90.927
SAI,2790.9383333333326,203.0,90.927
SAI,2803.771666666666,165.0,90.927
SAI,2812.9383333333326,165.0,90.927
SAI,2820.882777777777,143.0,90.927
SAI,2831.01611111111,114.0,90.927
SAI,2836.9049999999993,106.0,90.927
SAI,2841.482777777777,103.0,90.927
SAI,2847.61611111111,92.0,90.927
SAI,2855.793888888888,92.0,90.927
SAI,2862.3038888888877,84.0,90.927
SAI,2869.237222222221,78.0,90.927
SAI,2873.292777777777,73.0,90.927
SAI,2881.9705555555547,71.0,90.927
SAI,2885.392777777777,77.0,90.927
SAI,2891.8483333333324,83.0,90.927
SAI,2897.7149999999992,88.0,90.927
SAI,2905.3372222222215,98.0,90.927
SAI,2910.0038888888885,105.0,90.927
SAI,2916.1149999999993,110.0,90.927
SAI,2922.7261111111106,119.0,90.927
SAI,2929.7261111111106,126.0,90.927
SAI,2942.881666666666,148.0,90.927
SAI,2953.615,161.0,90.927
SAI,2963.0594444444446,170.0,90.927
SAI,2970.662222222222,170.0,90.927
SAI,2978.84,184.0,90.927
SAI,2991.973333333334,197.0,90.927
SAI,3003.5844444444447,209.0,90.927
SAI,3015.3622222222225,212.0,90.927
SAI,3029.7622222222226,216.0,90.927
SAI,3039.895555555556,228.0,90.927
SAI,3055.295555555556,231.0,90.927
SAI,3070.6955555555555,231.0,90.927
SAI,3092.6511111111113,247.0,90.927
SAI,3112.1733333333336,251.0,90.927
SAI,3140.879166666667,259.0,90.927
SAI,3155.268055555556,259.0,90.927
SAI,3170.1013888888892,267.0,90.927
SAI,3191.0236111111117,269.0,90.927
SAI,3202.9791666666674,269.0,90.927
SAI,3215.2013888888896,275.0,90.927
SAI,3230.6458333333344,278.0,90.927
SAI,3252.579166666668,282.0,90.927
SAI,3265.1125000000006,282.0,90.927
SAI,3303.779166666667,290.0,90.927
SAI,3323.245833333334,292.0,90.927
SAI,3339.5236111111117,293.0,90.927
SAI,3359.123611111112,294.0,90.927
SAI,3375.456944444445,294.0,90.927
SAI,3398.4013888888894,295.0,90.927
SAI,3421.3458333333338,295.0,90.927
SAI,3450.6269444444447,292.0,90.927
SAI,3463.604722222223,292.0,90.927
SAI,3483.0047222222224,291.0,90.927
SAI,3495.8491666666673,289.0,90.927
SAI,3508.649166666667,288.0,90.927
SAI,3537.249166666667,286.0,90.927
SAI,3559.338055555556,284.0,90.927
SAI,3578.2047222222227,283.0,90.927
SAI,3600.0602777777785,281.0,90.927
SAI,3627.9602777777786,279.0,90.927
SAI,3646.482777777778,279.0,90.927
SAI,3661.5938888888895,272.0,90.927
SAI,3679.527222222223,269.0,90.927
SAI,3702.3716666666674,257.0,90.927
SAI,3716.482777777778,254.0,90.927
SAI,3727.1938888888894,241.0,90.927
SAI,3745.3938888888897,234.0,90.927
SAI,3755.438333333334,226.0,90.927
SAI,3774.638333333334,216.0,90.927
SAI,3790.349444444445,202.0,90.927
SAI,3801.5161111111115,201.0,90.927
SAI,3816.760555555556,196.0,90.927
SAI,3827.482777777778,193.0,90.927
SAI,3844.638333333334,193.0,90.927
SAI,3855.2494444444446,191.0,90.927
SAI,3871.605,184.0,90.927
SAI,3885.576944444445,179.0,90.927
SAI,3896.910277777778,170.0,90.927
SAI,3907.776944444445,163.0,90.927
SAI,3916.5547222222226,158.0,90.927
SAI,3932.0547222222226,155.0,90.927
SAI,3946.099166666667,158.0,90.927
SAI,3960.6769444444444,164.0,90.927
SAI,3975.6991666666668,169.0,90.927
SAI,3993.9483333333333,183.0,90.927
SAI,4006.748333333333,192.0,90.927
SAI,4017.5816666666665,195.0,90.927
SAI,4026.6038888888893,203.0,90.927
SAI,4035.803888888889,207.0,90.927
SAI,4052.681666666667,217.0,90.927
SAI,4067.548333333333,223.0,90.927
SAI,4085.592777777778,232.0,90.927
SAI,4096.259444444444,240.0,90.927
SAI,4112.926111111111,250.0,90.927
SAI,4124.037222222222,250.0,90.927
SAI,4135.1483333333335,250.0,90.927
SAI,4151.815,250.0,90.927
SAI,4166.815,270.0,90.927
SAI,4182.092777777778,275.0,90.927
SAI,4197.6483333333335,280.0,90.927
SAI,4210.092777777778,280.0,90.927
SAI,4222.537222222222,280.0,90.927
SAI,4250.537222222222,280.0,90.927
SAI,4262.9816666666675,280.0,90.927
SAI,4275.426111111112,280.0,90.927
SAI,4300.392777777778,280.0,90.927
SAI,4328.392777777778,280.0,90.927
SAI,4343.948333333334,280.0,90.927
SAI,4359.503888888889,280.0,90.927
SAI,4371.948333333334,280.0,90.927
SAI,4393.726111111112,280.0,90.927
SAI,4412.392777777778,280.0,90.927
SAI,4434.170555555556,280.0,90.927
SAI,4458.9816666666675,280.0,90.927
SAI,4474.537222222223,280.0,90.927
SAI,4500.359444444445,332.0,90.927
SAI,4526.3372222222215,334.0,90.927
SAI,4544.892777777777,334.0,90.927
SAI,4578.392777777777,335.0,90.927
SAI,4597.059444444444,336.0,90.927
SAI,4623.192777777777,336.0,90.927
SAI,4641.859444444444,336.0,90.927
SAI,4660.526111111111,336.0,90.927
SAI,4679.192777777776,336.0,90.927
SAI,4694.081666666666,335.0,90.927
SAI,4727.381666666666,333.0,90.927
SAI,4742.1816666666655,333.0,90.927
SAI,4785.914999999999,328.0,90.927
SAI,4814.62611111111,323.0,90.927
SAI,4836.092777777777,322.0,90.927
SAI,4860.602222222221,314.0,90.927
SAI,4885.024444444443,314.0,90.927
SAI,4902.468888888888,314.0,90.927
SAI,4923.40222222222,314.0,90.927
SAI,4937.3577777777755,314.0,90.927
SAI,4965.268888888887,314.0,90.927
SAI,4979.224444444442,314.0,90.927
SAI,5000.157777777777,314.0,90.927
SAI,5014.113333333332,314.0,90.927
SAI,5034.959444444442,314.0,90.927
SAI,5048.914999999998,314.0,90.927
SAI,5068.114999999998,288.0,90.927
SAI,5080.914999999997,288.0,90.927
SAI,5106.33722222222,286.0,90.927
SAI,5119.003888888886,285.0,90.927
SAI,5134.83722222222,285.0,90.927
SAI,5157.003888888887,285.0,90.927
SAI,5172.837222222221,285.0,90.927
SAI,5197.903888888886,282.0,90.927
SAI,5231.503888888887,252.0,90.927
SAI,5244.7038888888865,198.0,90.927
SAI,5255.7038888888865,198.0,90.927
SAI,5262.63722222222,156.0,90.927
SAI,5270.803888888887,147.0,90.927
SAI,5281.6927777777755,140.0,90.927
SAI,5289.470555555554,140.0,90.927
SAI,5295.8594444444425,115.0,90.927
SAI,5302.248333333331,115.0,90.927
SAI,5311.874999999998,96.0,90.927
SAI,5321.074999999998,92.0,90.927
SAI,5325.030555555553,89.0,90.927
SAI,5332.030555555553,90.0,90.927
SAI,5337.474999999998,98.0,90.927
SAI,5345.3305555555535,101.0,90.927
SAI,5352.39722222222,106.0,90.927
SAI,5357.019444444442,104.0,90.927
SAI,5363.857499999998,103.0,90.927
SAI,5368.390833333331,102.0,90.927
SAI,5402.001944444442,121.0,90.927
SAI,5412.190833333331,131.0,90.927
SAI,5420.46861111111,149.0,90.927
SAI,5428.746388888888,149.0,90.927
SAI,5439.613055555555,163.0,90.927
SAI,5452.679722222221,168.0,90.927
SAI,5473.346388888888,186.0,90.927
SAI,5487.813055555555,186.0,90.927
SAI,5502.2797222222225,186.0,90.927
SAI,5512.013055555556,219.0,90.927
SAI,5532.013055555556,225.0,90.927
SAI,5557.013055555556,225.0,90.927
SAI,5569.513055555556,225.0,90.927
SAI,5594.575555555556,225.0,90.927
SAI,5609.575555555556,225.0,90.927
SAI,5620.8200000000015,253.0,90.927
SAI,5640.808888888891,257.0,90.927
SAI,5660.953333333334,259.0,90.927
SAI,5675.5088888888895,262.0,90.927
SAI,5690.231111111112,265.0,90.927
SAI,5719.934444444446,268.0,90.927
ALB,3.3855555555555554,277.0,91.088
ALB,15.963333333333331,283.0,91.088
ALB,34.83,283.0,91.088
ALB,54.29666666666667,292.0,91.088
ALB,91.33000000000001,303.0,91.088
ALB,124.99666666666667,303.0,91.088
ALB,138.46333333333334,303.0,91.088
ALB,165.39666666666668,303.0,91.088
ALB,188.96333333333334,303.0,91.088
ALB,222.54583333333335,303.0,91.088
ALB,236.01250000000002,303.0,91.088
ALB,252.84583333333336,303.0,91.088
ALB,266.3125,303.0,91.088
ALB,296.6125,303.0,91.088
ALB,316.8125,303.0,91.088
ALB,343.74583333333334,303.0,91.088
ALB,367.31249999999994,303.0,91.088
ALB,380.77916666666664,303.0,91.088
ALB,400.9791666666667,303.0,91.088
ALB,417.81250000000006,303.0,91.088
ALB,442.70138888888897,320.0,91.088
ALB,467.60111111111115,319.0,91.088
ALB,509.8677777777778,317.0,91.088
ALB,534.4455555555556,316.0,91.088
ALB,552.0011111111112,316.0,91.088
ALB,575.6455555555557,304.0,91.088
ALB,589.0677777777779,302.0,91.088
ALB,608.9344444444445,298.0,91.088
ALB,625.1011111111111,291.0,91.088
ALB,640.99,286.0,91.088
ALB,665.7900000000001,279.0,91.088
ALB,686.7900000000001,270.0,91.088
ALB,698.7900000000001,270.0,91.088
ALB,709.8566666666667,249.0,91.088
ALB,726.3875,249.0,91.088
ALB,748.5208333333334,249.0,91.088
ALB,804.1875,167.0,91.088
ALB,813.4652777777778,167.0,91.088
ALB,823.6652777777779,153.0,91.088
ALB,835.5652777777779,153.0,91.088
ALB,844.2875,157.0,91.088
ALB,858.6875,162.0,91.088
ALB,869.7541666666667,166.0,91.088
ALB,885.6258333333334,178.0,91.088
ALB,898.1591666666667,188.0,91.088
ALB,908.7702777777778,191.0,91.088
ALB,919.9369444444445,201.0,91.088
ALB,928.8702777777779,201.0,91.088
ALB,942.5369444444445,205.0,91.088
ALB,951.6480555555556,205.0,91.088
ALB,970.7591666666666,215.0,91.088
ALB,983.3702777777778,227.0,91.088
ALB,993.5036111111111,228.0,91.088
ALB,1006.2813888888888,230.0,91.088
ALB,1019.2258333333333,233.0,91.088
ALB,1029.6258333333333,234.0,91.088
ALB,1045.3591666666666,236.0,91.088
ALB,1063.481388888889,233.0,91.088
ALB,1073.7722222222221,233.0,91.088
ALB,1086.4944444444445,229.0,91.088
ALB,1117.0277777777778,229.0,91.088
ALB,1127.2055555555555,229.0,91.088
ALB,1142.4722222222224,229.0,91.088
ALB,1164.1722222222224,217.0,91.088
ALB,1178.3722222222223,213.0,91.088
ALB,1190.2055555555555,213.0,91.088
ALB,1203.6722222222222,202.0,91.088
ALB,1223.572222222222,199.0,91.088
ALB,1232.461111111111,200.0,91.088
ALB,1248.0166666666667,200.0,91.088
ALB,1259.35,204.0,91.088
ALB,1280.4083333333333,210.0,91.088
ALB,1294.6083333333331,213.0,91.088
ALB,1308.8083333333332,213.0,91.088
ALB,1323.008333333333,213.0,91.088
ALB,1332.2527777777775,208.0,91.088
ALB,1345.5861111111108,200.0,91.088
ALB,1354.297222222222,196.0,91.088
ALB,1375.8527777777776,194.0,91.088
ALB,1384.475,194.0,91.088
ALB,1401.7194444444444,194.0,91.088
ALB,1427.5861111111112,194.0,91.088
ALB,1436.2083333333335,194.0,91.088
ALB,1446.9322222222222,194.0,91.088
ALB,1457.71,194.0,91.088
ALB,1481.4211111111113,194.0,91.088
ALB,1500.8211111111111,194.0,91.088
ALB,1514.4322222222222,175.0,91.088
ALB,1529.81,173.0,91.088
ALB,1539.31,171.0,91.088
ALB,1548.9766666666667,174.0,91.088
ALB,1560.7766666666666,177.0,91.088
ALB,1585.1766666666667,183.0,91.088
ALB,1593.3100000000002,183.0,91.088
ALB,1601.6655555555558,188.0,91.088
ALB,1610.2433333333336,193.0,91.088
ALB,1627.4525000000003,193.0,91.088
ALB,1653.9747222222225,217.0,91.088
ALB,1673.6191666666668,221.0,91.088
ALB,1690.9636111111113,223.0,91.088
ALB,1703.3525000000002,223.0,91.088
ALB,1715.6858333333334,222.0,91.088
ALB,1735.3302777777778,221.0,91.088
ALB,1747.5525000000002,220.0,91.088
ALB,1757.4636111111113,223.0,91.088
ALB,1772.3302777777778,223.0,91.088
ALB,1792.3302777777778,225.0,91.088
ALB,1809.7677777777778,225.0,91.088
ALB,1829.7677777777778,225.0,91.088
ALB,1843.4344444444444,246.0,91.088
ALB,1874.4788888888888,254.0,91.088
ALB,1885.7677777777778,254.0,91.088
ALB,1905.7566666666667,257.0,91.088
ALB,1922.89,257.0,91.088
ALB,1943.4233333333332,264.0,91.088
ALB,1955.3788888888887,269.0,91.088
ALB,1970.3233333333333,269.0,91.088
ALB,1985.2677777777776,269.0,91.088
ALB,2000.212222222222,269.0,91.088
ALB,2024.123333333333,269.0,91.088
ALB,2042.0566666666662,269.0,91.088
ALB,2057.0011111111107,269.0,91.088
ALB,2069.031388888888,269.0,91.088
ALB,2080.986944444444,269.0,91.088
ALB,2098.9202777777773,269.0,91.088
ALB,2113.8647222222216,269.0,91.088
ALB,2128.8091666666664,269.0,91.088
ALB,2146.7425,269.0,91.088
ALB,2158.698055555555,269.0,91.088
ALB,2176.6313888888885,269.0,91.088
ALB,2194.564722222222,269.0,91.088
ALB,2218.475833333333,269.0,91.088
ALB,2237.7647222222213,248.0,91.088
ALB,2265.251388888888,248.0,91.088
ALB,2278.3624999999993,236.0,91.088
ALB,2291.4736111111106,236.0,91.088
ALB,2310.062499999999,239.0,91.088
ALB,2320.7736111111103,241.0,91.088
ALB,2331.2180555555547,235.0,91.088
ALB,2343.7736111111103,226.0,91.088
ALB,2359.7958333333327,206.0,91.088
ALB,2368.9513888888882,206.0,91.088
ALB,2389.8847222222216,157.0,91.088
ALB,2399.9513888888882,151.0,91.088
ALB,2408.006944444444,145.0,91.088
ALB,2417.206944444444,138.0,91.088
ALB,2424.8736111111107,138.0,91.088
ALB,2435.8402777777774,141.0,91.088
ALB,2446.806944444444,141.0,91.088
ALB,2462.6508333333327,158.0,91.088
ALB,2470.2063888888883,170.0,91.088
ALB,2481.8730555555553,175.0,91.088
ALB,2489.8286111111106,179.0,91.088
ALB,2497.7841666666664,179.0,91.088
ALB,2517.5841666666665,198.0,91.088
ALB,2533.6063888888884,206.0,91.088
ALB,2548.0063888888885,216.0,91.088
ALB,2565.5841666666665,226.0,91.088
ALB,2589.0841666666665,235.0,91.088
ALB,2604.6855555555558,235.0,91.088
ALB,2618.13,242.0,91.088
ALB,2634.4633333333336,245.0,91.088
ALB,2656.6855555555558,250.0,91.088
ALB,2670.6855555555553,252.0,91.088
ALB,2681.8855555555556,252.0,91.088
ALB,2701.5633333333335,253.0,91.088
ALB,2712.8077777777776,253.0,91.088
ALB,2735.0299999999997,250.0,91.088
ALB,2754.163333333333,246.0,91.088
ALB,2767.7744444444443,245.0,91.088
ALB,2784.807777777777,219.0,91.088
ALB,2796.974444444444,219.0,91.088
ALB,2810.841111111111,156.0,91.088
ALB,2818.73,142.0,91.088
ALB,2829.6633333333334,123.0,91.088
ALB,2838.0933333333332,108.0,91.088
ALB,2844.8266666666664,101.0,91.088
ALB,2851.16,95.0,91.088
ALB,2856.271111111111,92.0,91.088
ALB,2864.6711111111113,84.0,91.088
ALB,2871.0711111111113,72.0,91.088
ALB,2877.026666666667,67.0,91.088
ALB,2883.604444444445,74.0,91.088
ALB,2891.283055555556,77.0,91.088
ALB,2896.9497222222226,85.0,91.088
ALB,2902.0052777777782,91.0,91.088
ALB,2906.2275000000004,95.0,91.088
ALB,2910.7608333333337,102.0,91.088
ALB,2919.705277777778,115.0,91.088
ALB,2928.3719444444446,130.0,91.088
ALB,2939.7275,146.0,91.088
ALB,2946.216388888889,146.0,91.088
ALB,2957.0830555555553,163.0,91.088
ALB,2964.549722222222,168.0,91.088
ALB,2972.238611111111,173.0,91.088
ALB,2985.038611111111,192.0,91.088
ALB,2995.9275000000002,196.0,91.088
ALB,3007.2608333333333,204.0,91.088
ALB,3018.5941666666668,204.0,91.088
ALB,3027.6608333333334,204.0,91.088
ALB,3037.616388888889,224.0,91.088
ALB,3060.9163888888893,233.0,91.088
ALB,3071.2719444444447,233.0,91.088
ALB,3081.6275000000005,233.0,91.088
ALB,3104.0975000000003,252.0,91.088
ALB,3129.8975000000005,258.0,91.088
ALB,3144.453055555556,262.0,91.088
ALB,3159.1197222222227,264.0,91.088
ALB,3170.941944444445,266.0,91.088
ALB,3192.019722222223,271.0,91.088
ALB,3210.0863888888894,271.0,91.088
ALB,3231.630833333334,277.0,91.088
ALB,3256.6191666666678,282.0,91.088
ALB,3272.3413888888904,283.0,91.088
ALB,3294.74138888889,288.0,91.088
ALB,3317.2969444444457,290.0,91.088
ALB,3333.4636111111126,291.0,91.088
ALB,3362.6636111111125,292.0,91.088
ALB,3378.885833333334,292.0,91.088
ALB,3401.5969444444454,292.0,91.088
ALB,3417.7636111111124,291.0,91.088
ALB,3433.985833333335,292.0,91.088
ALB,3450.096944444446,290.0,91.088
ALB,3462.9413888888907,289.0,91.088
ALB,3491.841388888891,289.0,91.088
ALB,3504.5525000000016,286.0,91.088
ALB,3542.4191666666684,284.0,91.088
ALB,3567.574722222224,283.0,91.088
ALB,3586.3747222222237,282.0,91.088
ALB,3608.3863888888905,282.0,91.088
ALB,3630.0086111111127,278.0,91.088
ALB,3645.119722222224,272.0,91.088
ALB,3663.119722222224,270.0,91.088
ALB,3674.8975000000014,265.0,91.088
ALB,3698.453055555557,265.0,91.088
ALB,3710.230833333335,265.0,91.088
ALB,3727.8975000000014,265.0,91.088
ALB,3739.6752777777792,265.0,91.088
ALB,3757.268333333335,265.0,91.088
ALB,3769.0461111111126,265.0,91.088
ALB,3786.712777777779,265.0,91.088
ALB,3798.490555555557,265.0,91.088
ALB,3816.801666666668,206.0,91.088
ALB,3825.9572222222237,206.0,91.088
ALB,3837.4016666666685,206.0,91.088
ALB,3853.657222222224,209.0,91.088
ALB,3864.5461111111126,196.0,91.088
ALB,3881.346111111113,189.0,91.088
ALB,3905.0794444444464,178.0,91.088
ALB,3916.279444444446,168.0,91.088
ALB,3925.446111111113,165.0,91.088
ALB,3932.779444444446,165.0,91.088
ALB,3941.946111111113,165.0,91.088
ALB,3954.1572222222244,157.0,91.088
ALB,3962.8794444444466,157.0,91.088
ALB,3971.7683333333357,160.0,91.088
ALB,3980.9350000000018,165.0,91.088
ALB,3997.681388888891,167.0,91.088
ALB,4016.281388888891,186.0,91.088
ALB,4024.8591666666684,193.0,91.088
ALB,4040.414722222224,200.0,91.088
ALB,4052.1369444444463,211.0,91.088
ALB,4068.9369444444465,216.0,91.088
ALB,4083.936944444446,225.0,91.088
ALB,4094.2480555555576,232.0,91.088
ALB,4110.314166666668,242.0,91.088
ALB,4121.069722222224,242.0,91.088
ALB,4194.958611111113,266.0,91.088
ALB,4216.580833333334,278.0,91.088
ALB,4232.414166666668,285.0,91.088
ALB,4248.358611111113,287.0,91.088
ALB,4267.625277777779,289.0,91.088
ALB,4290.647500000001,296.0,91.088
ALB,4324.091944444446,301.0,91.088
ALB,4347.503055555558,301.0,91.088
ALB,4370.914166666669,301.0,91.088
ALB,4384.514166666669,306.0,91.088
ALB,4411.803055555557,307.0,91.088
ALB,4446.02527777778,308.0,91.088
ALB,4463.136388888891,308.0,91.088
ALB,4497.444166666668,308.0,91.088
ALB,4517.977500000001,308.0,91.088
ALB,4531.666388888891,308.0,91.088
ALB,4555.621944444446,308.0,91.088
ALB,4579.577500000001,308.0,91.088
ALB,4596.688611111112,308.0,91.088
ALB,4613.799722222223,308.0,91.088
ALB,4647.936388888889,308.0,91.088
ALB,4671.891944444445,308.0,91.088
ALB,4709.536388888889,308.0,91.088
ALB,4747.180833333333,308.0,91.088
ALB,4760.869722222223,308.0,91.088
ALB,4791.669722222223,308.0,91.088
ALB,4805.358611111112,308.0,91.088
ALB,4829.314166666667,308.0,91.088
ALB,4856.691944444444,308.0,91.088
ALB,4877.225277777778,308.0,91.088
ALB,4897.75861111111,308.0,91.088
ALB,4928.558611111111,308.0,91.088
ALB,4942.2474999999995,308.0,91.088
ALB,4962.780833333333,308.0,91.088
ALB,4983.314166666666,308.0,91.088
ALB,4997.003055555555,308.0,91.088
ALB,5014.114166666666,308.0,91.088
ALB,5031.225277777778,308.0,91.088
ALB,5058.688611111111,308.0,91.088
ALB,5072.3775,308.0,91.088
ALB,5092.910833333333,308.0,91.088
ALB,5113.444166666666,308.0,91.088
ALB,5127.133055555555,308.0,91.088
ALB,5144.244166666666,308.0,91.088
ALB,5164.777499999999,308.0,91.088
ALB,5181.803055555554,308.0,91.088
ALB,5195.491944444444,308.0,91.088
ALB,5220.114166666665,277.0,91.088
ALB,5232.380833333332,276.0,91.088
ALB,5252.05861111111,253.0,91.088
ALB,5262.680833333333,239.0,91.088
ALB,5284.903055555555,200.0,91.088
ALB,5299.214166666666,161.0,91.088
ALB,5309.947499999999,138.0,91.088
ALB,5322.147499999999,122.0,91.088
ALB,5327.391944444444,118.0,91.088
ALB,5336.569722222222,118.0,91.088
ALB,5343.569722222222,105.0,91.088
ALB,5352.969722222221,94.0,91.088
ALB,5359.103055555554,92.0,91.088
ALB,5363.103055555554,90.0,91.088
ALB,5391.103055555554,105.0,91.088
ALB,5401.331388888888,102.0,91.088
ALB,5410.220277777777,100.0,91.088
ALB,5416.820277777777,99.0,91.088
ALB,5425.142499999999,107.0,91.088
ALB,5438.774999999999,123.0,91.088
ALB,5449.508333333332,138.0,91.088
ALB,5466.108333333333,166.0,91.088
ALB,5479.019444444444,166.0,91.088
ALB,5497.519444444444,185.0,91.088
ALB,5505.741666666666,185.0,91.088
ALB,5524.1416666666655,207.0,91.088
ALB,5542.541666666666,207.0,91.088
ALB,5559.652777777777,220.0,91.088
ALB,5581.652777777777,220.0,91.088
ALB,5591.430555555555,220.0,91.088
ALB,5618.097222222222,240.0,91.088
ALB,5631.763888888888,246.0,91.088
ALB,5645.6527777777765,250.0,91.088
ALB,5662.452777777777,252.0,91.088
ALB,5676.452777777776,252.0,91.088
ALB,5693.719444444443,259.0,91.088
ALB,5705.230555555554,259.0,91.088
ALB,5716.963888888887,264.0,91.088
ALB,5731.630555555554,264.0,91.088
ALB,5743.452777777776,266.0,91.088
BEA,11.937777777777779,272.0,91.09
BEA,43.604444444444454,285.0,91.09
BEA,62.73777777777778,287.0,91.09
BEA,88.2488888888889,287.0,91.09
BEA,107.38222222222223,287.0,91.09
BEA,129.70444444444442,287.0,91.09
BEA,142.45999999999998,287.0,91.09
BEA,164.78222222222217,287.0,91.09
BEA,196.6711111111111,287.0,91.09
BEA,209.42666666666662,287.0,91.09
BEA,234.93777777777774,287.0,91.09
BEA,260.44888888888886,287.0,91.09
BEA,273.20444444444445,287.0,91.09
BEA,289.14888888888885,287.0,91.09
BEA,301.90444444444444,287.0,91.09
BEA,314.66,287.0,91.09
BEA,343.1044444444444,320.0,91.09
BEA,375.1044444444444,320.0,91.09
BEA,392.73805555555555,319.0,91.09
BEA,406.91583333333335,319.0,91.09
BEA,424.6380555555556,319.0,91.09
BEA,445.83805555555557,318.0,91.09
BEA,467.0380555555555,318.0,91.09
BEA,494.77138888888885,312.0,91.09
BEA,522.2380555555555,309.0,91.09
BEA,538.9602777777778,301.0,91.09
BEA,562.1427777777778,297.0,91.09
BEA,593.8094444444446,285.0,91.09
BEA,609.6427777777778,285.0,91.09
BEA,640.0872222222223,274.0,91.09
BEA,669.5316666666668,265.0,91.09
BEA,684.0316666666668,261.0,91.09
BEA,701.0983333333335,256.0,91.09
BEA,714.2650000000001,237.0,91.09
BEA,738.153888888889,215.0,91.09
BEA,755.5761111111112,196.0,91.09
BEA,765.9094444444445,186.0,91.09
BEA,782.0872222222223,182.0,91.09
BEA,824.4872222222223,159.0,91.09
BEA,837.0422222222222,162.0,91.09
BEA,847.8422222222222,162.0,91.09
BEA,855.0422222222222,162.0,91.09
BEA,866.1755555555555,167.0,91.09
BEA,879.4755555555555,171.0,91.09
BEA,898.2755555555555,188.0,91.09
BEA,908.8311111111111,190.0,91.09
BEA,928.9869444444444,201.0,91.09
BEA,955.0202777777778,213.0,91.09
BEA,967.0758333333333,217.0,91.09
BEA,981.7425,220.0,91.09
BEA,991.6536111111111,223.0,91.09
BEA,1001.6536111111111,225.0,91.09
BEA,1019.3091666666667,227.0,91.09
BEA,1034.5091666666667,228.0,91.09
BEA,1052.3202777777778,229.0,91.09
BEA,1067.5869444444445,229.0,91.09
BEA,1080.309166666667,229.0,91.09
BEA,1093.031388888889,229.0,91.09
BEA,1110.7647222222224,228.0,91.09
BEA,1123.3758333333335,227.0,91.09
BEA,1146.2758333333336,229.0,91.09
BEA,1161.009166666667,221.0,91.09
BEA,1170.5647222222226,215.0,91.09
BEA,1182.509166666667,215.0,91.09
BEA,1194.120277777778,209.0,91.09
BEA,1216.5086111111113,202.0,91.09
BEA,1227.7308333333335,202.0,91.09
BEA,1239.0641666666668,204.0,91.09
BEA,1248.2197222222223,206.0,91.09
BEA,1268.9197222222226,207.0,91.09
BEA,1278.2530555555559,210.0,91.09
BEA,1292.5197222222225,214.0,91.09
BEA,1311.275277777778,211.0,91.09
BEA,1325.2086111111112,209.0,91.09
BEA,1336.6544444444446,205.0,91.09
BEA,1345.7655555555557,205.0,91.09
BEA,1359.2322222222224,202.0,91.09
BEA,1370.5100000000002,203.0,91.09
BEA,1388.7322222222224,205.0,91.09
BEA,1402.4655555555557,206.0,91.09
BEA,1418.7211111111114,209.0,91.09
BEA,1442.498888888889,214.0,91.09
BEA,1454.1655555555556,210.0,91.09
BEA,1469.8766666666668,202.0,91.09
BEA,1487.8322222222223,202.0,91.09
BEA,1504.6322222222223,189.0,91.09
BEA,1512.8544444444444,185.0,91.09
BEA,1521.0766666666666,185.0,91.09
BEA,1534.921111111111,178.0,91.09
BEA,1542.7877777777776,177.0,91.09
BEA,1562.4052777777774,177.0,91.09
BEA,1574.3386111111108,179.0,91.09
BEA,1592.9386111111107,186.0,91.09
BEA,1601.3386111111108,189.0,91.09
BEA,1618.5830555555553,194.0,91.09
BEA,1631.5830555555553,195.0,91.09
BEA,1652.1830555555553,206.0,91.09
BEA,1673.2830555555554,211.0,91.09
BEA,1689.6941666666664,211.0,91.09
BEA,1706.2419444444442,212.0,91.09
BEA,1725.1752777777774,213.0,91.09
BEA,1739.5752777777775,216.0,91.09
BEA,1761.8752777777775,223.0,91.09
BEA,1781.9641666666664,226.0,91.09
BEA,1797.3641666666663,231.0,91.09
BEA,1807.630833333333,231.0,91.09
BEA,1820.4641666666664,231.0,91.09
BEA,1833.2974999999997,231.0,91.09
BEA,1846.130833333333,231.0,91.09
BEA,1863.3974999999996,259.0,91.09
BEA,1886.5086111111107,260.0,91.09
BEA,1909.9752777777774,264.0,91.09
BEA,1931.0530555555551,271.0,91.09
BEA,1949.1772222222219,273.0,91.09
BEA,1973.7994444444441,277.0,91.09
BEA,1995.4216666666662,278.0,91.09
BEA,2014.088333333333,280.0,91.09
BEA,2029.699444444444,281.0,91.09
BEA,2051.6327777777774,282.0,91.09
BEA,2070.432777777777,282.0,91.09
BEA,2086.0994444444436,282.0,91.09
BEA,2117.321666666666,281.0,91.09
BEA,2136.0549999999994,281.0,91.09
BEA,2148.5438888888884,281.0,91.09
BEA,2164.1549999999993,281.0,91.09
BEA,2188.9433333333322,278.0,91.09
BEA,2200.987777777777,271.0,91.09
BEA,2220.8211111111104,255.0,91.09
BEA,2239.9544444444437,246.0,91.09
BEA,2258.543333333332,239.0,91.09
BEA,2268.9433333333322,234.0,91.09
BEA,2284.543333333332,234.0,91.09
BEA,2300.1433333333316,234.0,91.09
BEA,2328.9877777777765,236.0,91.09
BEA,2351.543333333332,203.0,91.09
BEA,2360.565555555554,203.0,91.09
BEA,2374.965555555554,162.0,91.09
BEA,2386.554444444443,149.0,91.09
BEA,2401.9602777777764,139.0,91.09
BEA,2408.138055555554,139.0,91.09
BEA,2415.4713888888873,132.0,91.09
BEA,2421.338055555554,132.0,91.09
BEA,2435.738055555554,144.0,91.09
BEA,2446.071388888887,155.0,91.09
BEA,2460.2047222222204,159.0,91.09
BEA,2473.8936111111093,176.0,91.09
BEA,2481.938055555554,181.0,91.09
BEA,2494.8047222222203,193.0,91.09
BEA,2505.5269444444425,193.0,91.09
BEA,2521.860277777776,210.0,91.09
BEA,2538.6422222222204,215.0,91.09
BEA,2569.04222222222,228.0,91.09
BEA,2587.0866666666648,232.0,91.09
BEA,2600.0311111111096,233.0,91.09
BEA,2618.542222222221,238.0,91.09
BEA,2629.164444444443,239.0,91.09
BEA,2645.2977777777764,242.0,91.09
BEA,2658.7422222222212,242.0,91.09
BEA,2672.1866666666656,242.0,91.09
BEA,2693.6977777777765,242.0,91.09
BEA,2712.5199999999986,242.0,91.09
BEA,2723.275555555554,242.0,91.09
BEA,2734.03111111111,242.0,91.09
BEA,2750.097222222221,242.0,91.09
BEA,2771.6083333333318,242.0,91.09
BEA,2811.6083333333318,120.0,91.09
BEA,2818.2749999999983,120.0,91.09
BEA,2825.4083333333315,107.0,91.09
BEA,2832.7972222222206,95.0,91.09
BEA,2837.7972222222206,90.0,91.09
BEA,2845.1749999999984,83.0,91.09
BEA,2850.5083333333314,80.0,91.09
BEA,2857.284999999998,76.0,91.09
BEA,2862.2183333333314,74.0,91.09
BEA,2866.384999999998,75.0,91.09
BEA,2870.718333333331,78.0,91.09
BEA,2874.40722222222,83.0,91.09
BEA,2880.1405555555534,86.0,91.09
BEA,2884.1405555555534,90.0,91.09
BEA,2893.029444444442,100.0,91.09
BEA,2899.029444444442,108.0,91.09
BEA,2904.1849999999977,116.0,91.09
BEA,2910.90722222222,121.0,91.09
BEA,2917.90722222222,126.0,91.09
BEA,2923.5072222222198,126.0,91.09
BEA,2933.9738888888864,157.0,91.09
BEA,2946.962777777775,167.0,91.09
BEA,2954.780277777775,177.0,91.09
BEA,2965.113611111108,186.0,91.09
BEA,2993.1136111111086,210.0,91.09
BEA,3002.4469444444417,210.0,91.09
BEA,3017.1802777777752,221.0,91.09
BEA,3039.880277777775,227.0,91.09
BEA,3055.880277777775,240.0,91.09
BEA,3069.3802777777746,243.0,91.09
BEA,3085.8469444444413,247.0,91.09
BEA,3111.446944444441,256.0,91.09
BEA,3122.9136111111075,258.0,91.09
BEA,3143.4469444444408,264.0,91.09
BEA,3158.2247222222186,266.0,91.09
BEA,3185.500277777774,272.0,91.09
BEA,3203.6336111111077,272.0,91.09
BEA,3222.1002777777744,277.0,91.09
BEA,3240.966944444441,283.0,91.09
BEA,3253.5447222222188,283.0,91.09
BEA,3272.6780555555524,287.0,91.09
BEA,3285.433611111108,287.0,91.09
BEA,3317.8780555555522,292.0,91.09
BEA,3330.9002777777746,293.0,91.09
BEA,3357.033611111108,294.0,91.09
BEA,3396.366944444441,295.0,91.09
BEA,3409.478055555552,295.0,91.09
BEA,3425.7297222222187,294.0,91.09
BEA,3441.9519444444413,292.0,91.09
BEA,3477.3963888888857,290.0,91.09
BEA,3506.0963888888855,287.0,91.09
BEA,3528.34083333333,286.0,91.09
BEA,3553.5852777777745,284.0,91.09
BEA,3569.3074999999963,283.0,91.09
BEA,3584.863055555552,280.0,91.09
BEA,3603.1963888888854,275.0,91.09
BEA,3639.0630555555517,269.0,91.09
BEA,3650.974166666663,268.0,91.09
BEA,3662.7519444444406,265.0,91.09
BEA,3674.3074999999963,260.0,91.09
BEA,3695.8858333333296,242.0,91.09
BEA,3723.141388888885,223.0,91.09
BEA,3742.608055555552,219.0,91.09
BEA,3759.096944444441,212.0,91.09
BEA,3770.763611111108,210.0,91.09
BEA,3782.319166666663,208.0,91.09
BEA,3800.896944444441,209.0,91.09
BEA,3812.563611111108,210.0,91.09
BEA,3821.763611111108,207.0,91.09
BEA,3835.0302777777747,199.0,91.09
BEA,3851.38583333333,184.0,91.09
BEA,3865.25833333333,179.0,91.09
BEA,3880.6361111111078,173.0,91.09
BEA,3889.85833333333,166.0,91.09
BEA,3909.4138888888856,160.0,91.09
BEA,3916.524999999997,160.0,91.09
BEA,3928.9694444444413,160.0,91.09
BEA,3940.1027777777745,167.0,91.09
BEA,3953.947222222219,178.0,91.09
BEA,3961.991666666663,181.0,91.09
BEA,3972.269444444441,185.0,91.09
BEA,3983.158333333329,196.0,91.09
BEA,3994.213888888885,199.0,91.09
BEA,4013.2361111111077,214.0,91.09
BEA,4027.8361111111076,219.0,91.09
BEA,4040.447222222219,227.0,91.09
BEA,4050.73333333333,230.0,91.09
BEA,4061.2222222222185,236.0,91.09
BEA,4077.3555555555517,242.0,91.09
BEA,4091.1333333333296,248.0,91.09
BEA,4105.244444444441,254.0,91.09
BEA,4122.711111111107,262.0,91.09
BEA,4134.355555555552,262.0,91.09
BEA,4152.555555555552,273.0,91.09
BEA,4171.022222222218,277.0,91.09
BEA,4196.177777777774,283.0,91.09
BEA,4218.655555555552,289.0,91.09
BEA,4251.462222222219,296.0,91.09
BEA,4268.073333333329,299.0,91.09
BEA,4284.739999999996,300.0,91.09
BEA,4308.462222222219,305.0,91.09
BEA,4322.151111111108,308.0,91.09
BEA,4335.884444444442,309.0,91.09
BEA,4353.217777777774,312.0,91.09
BEA,4377.795555555552,316.0,91.09
BEA,4391.839999999997,316.0,91.09
BEA,4434.239999999996,318.0,91.09
BEA,4455.57333333333,320.0,91.09
BEA,4473.406666666662,321.0,91.09
BEA,4494.806666666663,321.0,91.09
BEA,4512.639999999997,321.0,91.09
BEA,4537.684444444441,322.0,91.09
BEA,4562.728888888884,322.0,91.09
BEA,4594.918055555551,321.0,91.09
BEA,4609.140277777773,320.0,91.09
BEA,4630.40694444444,319.0,91.09
BEA,4644.584722222218,319.0,91.09
BEA,4658.7180555555515,318.0,91.09
BEA,4690.418055555551,317.0,91.09
BEA,4715.073611111107,317.0,91.09
BEA,4736.206944444441,317.0,91.09
BEA,4760.862499999997,317.0,91.09
BEA,4792.562499999997,317.0,91.09
BEA,4813.607777777775,317.0,91.09
BEA,4831.218888888886,317.0,91.09
BEA,4852.352222222219,317.0,91.09
BEA,4880.529999999998,317.0,91.09
BEA,4896.974444444442,296.0,91.09
BEA,4910.085555555553,295.0,91.09
BEA,4932.796666666663,292.0,91.09
BEA,4945.596666666663,288.0,91.09
BEA,4970.929999999997,285.0,91.09
BEA,4992.941111111107,283.0,91.09
BEA,5008.552222222218,281.0,91.09
BEA,5030.252222222218,279.0,91.09
BEA,5045.696666666662,278.0,91.09
BEA,5070.3188888888835,277.0,91.09
BEA,5085.707777777772,277.0,91.09
BEA,5109.9744444444395,273.0,91.09
BEA,5131.2836111111055,273.0,91.09
BEA,5149.41694444444,272.0,91.09
BEA,5167.41694444444,270.0,91.09
BEA,5182.41694444444,270.0,91.09
BEA,5209.21694444444,268.0,91.09
BEA,5231.705833333328,253.0,91.09
BEA,5250.905833333329,216.0,91.09
BEA,5266.816944444439,179.0,91.09
BEA,5280.877777777773,141.0,91.09
BEA,5289.344444444439,127.0,91.09
BEA,5295.844444444439,117.0,91.09
BEA,5300.911111111106,114.0,91.09
BEA,5305.977777777773,114.0,91.09
BEA,5313.988888888884,103.0,91.09
BEA,5320.655555555551,100.0,91.09
BEA,5327.966666666662,94.0,91.09
BEA,5332.14444444444,94.0,91.09
BEA,5338.6777777777725,98.0,91.09
BEA,5343.122222222217,100.0,91.09
BEA,5347.566666666661,100.0,91.09
BEA,5355.033333333327,112.0,91.09
BEA,5360.922222222216,106.0,91.09
BEA,5366.644444444439,103.0,91.09
BEA,5372.255555555549,101.0,91.09
BEA,5376.744444444438,101.0,91.09
BEA,5381.277777777771,102.0,91.09
BEA,5391.977777777771,107.0,91.09
BEA,5397.088888888882,115.0,91.09
BEA,5402.199999999993,115.0,91.09
BEA,5413.880833333327,131.0,91.09
BEA,5426.980833333328,131.0,91.09
BEA,5435.703055555549,157.0,91.09
BEA,5444.647499999994,161.0,91.09
BEA,5452.3363888888825,173.0,91.09
BEA,5466.725277777771,185.0,91.09
BEA,5479.058611111105,185.0,91.09
BEA,5494.380833333327,197.0,91.09
BEA,5513.432222222215,215.0,91.09
BEA,5525.37666666666,215.0,91.09
BEA,5542.721111111105,223.0,91.09
BEA,5560.998888888883,235.0,91.09
BEA,5574.16555555555,237.0,91.09
BEA,5598.46555555555,243.0,91.09
BEA,5612.187777777773,247.0,91.09
BEA,5631.632222222217,250.0,91.09
BEA,5645.798888888883,255.0,91.09
BEA,5660.132222222217,258.0,91.09
BEA,5674.521111111106,259.0,91.09
BEA,5686.076666666661,260.0,91.09
BEA,5712.376666666662,263.0,91.09
BEA,5724.15444444444,265.0,91.09
PER,5.137777777777778,272.0,92.206
PER,20.248888888888892,272.0,92.206
PER,42.41666666666667,284.0,92.206
PER,74.52777777777777,289.0,92.206
PER,90.58333333333333,289.0,92.206
PER,122.69444444444443,289.0,92.206
PER,156.69444444444446,306.0,92.206
PER,173.75,307.0,92.206
PER,194.34999999999997,309.0,92.206
PER,211.5722222222222,310.0,92.206
PER,246.23888888888885,312.0,92.206
PER,273.97222222222223,312.0,92.206
PER,291.3611111111111,313.0,92.206
PER,319.18333333333334,313.0,92.206
PER,401.84999999999997,310.0,92.206
PER,425.87499999999994,310.0,92.206
PER,446.47499999999997,309.0,92.206
PER,460.25277777777774,310.0,92.206
PER,480.7861111111111,308.0,92.206
PER,504.7416666666667,308.0,92.206
PER,535.5416666666666,308.0,92.206
PER,552.5416666666666,306.0,92.206
PER,582.9258333333332,303.0,92.206
PER,618.8591666666666,294.0,92.206
PER,634.9147222222222,289.0,92.206
PER,653.7813888888887,283.0,92.206
PER,666.2258333333332,280.0,92.206
PER,678.4924999999998,276.0,92.206
PER,699.3369444444443,268.0,92.206
PER,716.7369444444442,261.0,92.206
PER,734.6258333333332,230.0,92.206
PER,748.5591666666664,209.0,92.206
PER,759.6147222222221,199.0,92.206
PER,770.2258333333332,191.0,92.206
PER,784.5369444444443,184.0,92.206
PER,794.4813888888888,179.0,92.206
PER,811.1813888888887,167.0,92.206
PER,822.1147222222221,164.0,92.206
PER,829.403611111111,164.0,92.206
PER,838.5147222222222,164.0,92.206
PER,847.6258333333333,164.0,92.206
PER,864.805,155.0,92.206
PER,873.5272222222222,157.0,92.206
PER,882.3605555555555,159.0,92.206
PER,889.5605555555555,162.0,92.206
PER,906.3605555555555,168.0,92.206
PER,914.0494444444444,173.0,92.206
PER,926.0494444444444,180.0,92.206
PER,942.9383333333333,190.0,92.206
PER,956.2716666666666,200.0,92.206
PER,967.7733333333333,206.0,92.206
PER,977.0622222222222,209.0,92.206
PER,991.3955555555556,215.0,92.206
PER,1003.5066666666667,218.0,92.206
PER,1023.24,222.0,92.206
PER,1038.3066666666666,226.0,92.206
PER,1055.9622222222222,227.0,92.206
PER,1081.1844444444444,227.0,92.206
PER,1093.7955555555554,227.0,92.206
PER,1110.9066666666665,220.0,92.206
PER,1130.1955555555555,217.0,92.206
PER,1149.3955555555556,216.0,92.206
PER,1158.9955555555555,216.0,92.206
PER,1168.151111111111,206.0,92.206
PER,1184.1733333333332,206.0,92.206
PER,1193.0177777777776,199.0,92.206
PER,1214.408611111111,193.0,92.206
PER,1227.2752777777775,193.0,92.206
PER,1246.5752777777777,193.0,92.206
PER,1255.1530555555553,193.0,92.206
PER,1272.6641666666665,197.0,92.206
PER,1286.1308333333332,202.0,92.206
PER,1307.030833333333,209.0,92.206
PER,1327.230833333333,202.0,92.206
PER,1342.6308333333332,198.0,92.206
PER,1357.6955555555553,193.0,92.206
PER,1374.6733333333332,191.0,92.206
PER,1387.6066666666666,194.0,92.206
PER,1407.2066666666665,196.0,92.206
PER,1424.8066666666664,198.0,92.206
PER,1438.2733333333329,202.0,92.206
PER,1447.3399999999995,204.0,92.206
PER,1458.3399999999995,198.0,92.206
PER,1469.2844444444438,197.0,92.206
PER,1479.8955555555551,191.0,92.206
PER,1492.0288888888883,182.0,92.206
PER,1507.7622222222217,177.0,92.206
PER,1523.0511111111107,172.0,92.206
PER,1536.195555555555,169.0,92.206
PER,1547.0833333333328,164.0,92.206
PER,1561.2166666666662,159.0,92.206
PER,1573.6611111111108,160.0,92.206
PER,1584.6611111111108,165.0,92.206
PER,1594.0499999999997,169.0,92.206
PER,1608.0499999999995,180.0,92.206
PER,1620.4499999999996,186.0,92.206
PER,1631.1722222222218,193.0,92.206
PER,1654.394444444444,209.0,92.206
PER,1668.3277777777773,209.0,92.206
PER,1677.8388888888885,214.0,92.206
PER,1689.8388888888885,216.0,92.206
PER,1709.1880555555554,217.0,92.206
PER,1718.8324999999995,217.0,92.206
PER,1735.554722222222,215.0,92.206
PER,1752.3547222222219,216.0,92.206
PER,1769.154722222222,216.0,92.206
PER,1778.754722222222,216.0,92.206
PER,1793.4880555555553,221.0,92.206
PER,1809.0213888888886,233.0,92.206
PER,1837.4991666666665,233.0,92.206
PER,1865.165833333333,249.0,92.206
PER,1876.365833333333,252.0,92.206
PER,1899.4769444444441,260.0,92.206
PER,1919.7769444444443,261.0,92.206
PER,1949.7019444444445,270.0,92.206
PER,1961.835277777778,273.0,92.206
PER,1977.0575000000001,274.0,92.206
PER,1989.3241666666668,276.0,92.206
PER,2017.0241666666668,277.0,92.206
PER,2035.6241666666667,279.0,92.206
PER,2060.513055555556,280.0,92.206
PER,2082.368611111112,281.0,92.206
PER,2094.8575000000005,281.0,92.206
PER,2113.6575000000007,282.0,92.206
PER,2129.213055555556,280.0,92.206
PER,2150.9908333333337,280.0,92.206
PER,2172.7683333333334,279.0,92.206
PER,2209.5683333333336,276.0,92.206
PER,2229.090555555556,251.0,92.206
PER,2242.701666666667,245.0,92.206
PER,2260.823888888889,233.0,92.206
PER,2271.090555555556,231.0,92.206
PER,2286.423888888889,230.0,92.206
PER,2298.868333333334,224.0,92.206
PER,2311.201666666667,222.0,92.206
PER,2331.290555555556,226.0,92.206
PER,2348.323888888889,219.0,92.206
PER,2357.6572222222226,210.0,92.206
PER,2366.235,193.0,92.206
PER,2377.786666666667,174.0,92.206
PER,2391.2088888888893,151.0,92.206
PER,2435.2088888888893,132.0,92.206
PER,2442.8755555555563,138.0,92.206
PER,2452.475555555556,144.0,92.206
PER,2464.6866666666674,157.0,92.206
PER,2473.8533333333344,165.0,92.206
PER,2489.142222222223,172.0,92.206
PER,2500.60888888889,172.0,92.206
PER,2518.7097222222233,203.0,92.206
PER,2532.5097222222234,207.0,92.206
PER,2544.398611111112,214.0,92.206
PER,2556.6208333333343,220.0,92.206
PER,2566.6208333333343,225.0,92.206
PER,2581.887500000001,229.0,92.206
PER,2592.198611111112,232.0,92.206
PER,2613.2652777777785,237.0,92.206
PER,2626.5430555555563,239.0,92.206
PER,2637.2097222222233,240.0,92.206
PER,2650.598611111112,241.0,92.206
PER,2664.1541666666676,244.0,92.206
PER,2674.998611111112,244.0,92.206
PER,2691.0652777777786,241.0,92.206
PER,2709.498611111112,237.0,92.206
PER,2719.8777777777786,235.0,92.206
PER,2732.8222222222234,233.0,92.206
PER,2763.08888888889,227.0,92.206
PER,2773.1777777777784,227.0,92.206
PER,2786.644444444445,202.0,92.206
PER,2806.844444444445,202.0,92.206
PER,2817.7111111111117,163.0,92.206
PER,2825.822222222223,146.0,92.206
PER,2834.155555555556,125.0,92.206
PER,2845.055555555556,109.0,92.206
PER,2849.9000000000005,109.0,92.206
PER,2857.755555555556,101.0,92.206
PER,2863.366666666667,101.0,92.206
PER,2871.4891666666667,81.0,92.206
PER,2876.6891666666666,78.0,92.206
PER,2881.755833333333,76.0,92.206
PER,2886.8224999999998,76.0,92.206
PER,2890.2447222222218,77.0,92.206
PER,2895.644722222222,81.0,92.206
PER,2899.2891666666665,82.0,92.206
PER,2909.178055555555,89.0,92.206
PER,2913.4002777777773,95.0,92.206
PER,2922.378055555555,101.0,92.206
PER,2939.8447222222217,131.0,92.206
PER,2945.9336111111106,137.0,92.206
PER,2954.3911111111106,153.0,92.206
PER,2963.1688888888884,158.0,92.206
PER,2985.657777777777,184.0,92.206
PER,3005.757777777777,201.0,92.206
PER,3021.935555555555,208.0,92.206
PER,3041.5799999999995,221.0,92.206
PER,3054.191111111111,227.0,92.206
PER,3067.0799999999995,232.0,92.206
PER,3082.8799999999997,237.0,92.206
PER,3115.9466666666667,248.0,92.206
PER,3127.102222222222,251.0,92.206
PER,3138.435555555555,255.0,92.206
PER,3149.9466666666663,259.0,92.206
PER,3173.308333333333,262.0,92.206
PER,3206.4305555555557,271.0,92.206
PER,3230.875,275.0,92.206
PER,3252.497222222222,278.0,92.206
PER,3268.108333333333,281.0,92.206
PER,3283.9416666666666,285.0,92.206
PER,3309.5416666666665,288.0,92.206
PER,3325.6527777777774,290.0,92.206
PER,3338.6305555555555,292.0,92.206
PER,3358.230555555555,294.0,92.206
PER,3384.452777777777,295.0,92.206
PER,3407.392777777777,296.0,92.206
PER,3433.6149999999993,295.0,92.206
PER,3449.9483333333324,294.0,92.206
PER,3485.6372222222217,292.0,92.206
PER,3498.5261111111104,290.0,92.206
PER,3521.081666666666,290.0,92.206
PER,3540.2816666666663,288.0,92.206
PER,3562.526111111111,286.0,92.206
PER,3575.1483333333326,284.0,92.206
PER,3590.9261111111105,284.0,92.206
PER,3606.592777777777,282.0,92.206
PER,3622.1483333333326,280.0,92.206
PER,3646.3261111111105,272.0,92.206
PER,3664.1927777777773,268.0,92.206
PER,3679.0261111111104,267.0,92.206
PER,3690.877499999999,265.0,92.206
PER,3702.6552777777765,265.0,92.206
PER,3718.9219444444434,244.0,92.206
PER,3731.8108333333325,232.0,92.206
PER,3744.310833333332,225.0,92.206
PER,3758.710833333332,216.0,92.206
PER,3768.3108333333325,216.0,92.206
PER,3782.0441666666657,206.0,92.206
PER,3795.6441666666656,204.0,92.206
PER,3813.5997222222213,202.0,92.206
PER,3829.6219444444437,206.0,92.206
PER,3851.677777777777,199.0,92.206
PER,3862.3444444444435,192.0,92.206
PER,3872.677777777777,186.0,92.206
PER,3886.677777777777,180.0,92.206
PER,3894.366666666666,173.0,92.206
PER,3901.9666666666662,171.0,92.206
PER,3911.4666666666662,171.0,92.206
PER,3924.144444444444,163.0,92.206
PER,3931.3888888888882,163.0,92.206
PER,3952.4555555555553,158.0,92.206
PER,3963.3222222222216,163.0,92.206
PER,3972.5999999999995,167.0,92.206
PER,3984.0,171.0,92.206
PER,3993.8888888888882,178.0,92.206
PER,4008.355555555555,186.0,92.206
PER,4023.366666666666,193.0,92.206
PER,4043.823333333333,204.0,92.206
PER,4053.378888888888,215.0,92.206
PER,4067.712222222221,215.0,92.206
PER,4077.6677777777772,224.0,92.206
PER,4088.0233333333326,233.0,92.206
PER,4112.323333333333,243.0,92.206
PER,4131.845555555555,251.0,92.206
PER,4149.0455555555545,258.0,92.206
PER,4169.267777777777,260.0,92.206
PER,4196.8677777777775,276.0,92.206
PER,4215.456666666667,280.0,92.206
PER,4231.067777777778,281.0,92.206
PER,4250.401111111111,290.0,92.206
PER,4276.712222222223,296.0,92.206
PER,4293.323333333334,299.0,92.206
PER,4306.656666666668,300.0,92.206
PER,4330.301111111112,304.0,92.206
PER,4343.945555555556,307.0,92.206
PER,4371.59,311.0,92.206
PER,4396.09,315.0,92.206
PER,4413.7011111111115,317.0,92.206
PER,4438.512222222223,319.0,92.206
PER,4456.401111111112,322.0,92.206
PER,4485.2011111111115,324.0,92.206
PER,4503.2011111111115,324.0,92.206
PER,4532.178888888889,326.0,92.206
PER,4557.781111111111,328.0,92.206
PER,4579.647777777777,328.0,92.206
PER,4601.514444444445,328.0,92.206
PER,4619.736666666668,328.0,92.206
PER,4652.636666666667,329.0,92.206
PER,4681.703333333333,327.0,92.206
PER,4710.681111111111,326.0,92.206
PER,4739.57,325.0,92.206
PER,4771.879999999999,324.0,92.206
PER,4793.213333333333,320.0,92.206
PER,4810.88,318.0,92.206
PER,4824.924444444444,316.0,92.206
PER,4838.879999999999,314.0,92.206
PER,4863.224444444444,313.0,92.206
PER,4883.89111111111,310.0,92.206
PER,4907.613333333333,305.0,92.206
PER,4921.035555555554,302.0,92.206
PER,4941.102222222222,301.0,92.206
PER,4954.346666666666,298.0,92.206
PER,4967.457777777777,295.0,92.206
PER,4987.124444444444,295.0,92.206
PER,5003.235555555554,290.0,92.206
PER,5019.346666666665,290.0,92.206
PER,5035.346666666665,288.0,92.206
PER,5048.0133333333315,285.0,92.206
PER,5060.679999999999,285.0,92.206
PER,5089.179999999999,285.0,92.206
PER,5101.668888888888,281.0,92.206
PER,5114.068888888888,279.0,92.206
PER,5138.857222222221,278.0,92.206
PER,5166.557222222221,277.0,92.206
PER,5181.890555555555,276.0,92.206
PER,5197.168333333333,275.0,92.206
PER,5209.257222222222,272.0,92.206
PER,5230.334999999999,271.0,92.206
PER,5247.334999999999,255.0,92.206
PER,5264.212777777777,217.0,92.206
PER,5281.9349999999995,200.0,92.206
PER,5291.7683333333325,177.0,92.206
PER,5305.068333333333,171.0,92.206
PER,5315.412777777778,133.0,92.206
PER,5322.190555555556,122.0,92.206
PER,5333.690555555556,115.0,92.206
PER,5339.690555555556,108.0,92.206
PER,5347.390555555556,99.0,92.206
PER,5352.501666666667,92.0,92.206
PER,5357.501666666667,90.0,92.206
PER,5362.446111111111,89.0,92.206
PER,5366.401666666667,89.0,92.206
PER,5376.501666666667,101.0,92.206
PER,5381.212777777778,106.0,92.206
PER,5395.079444444445,104.0,92.206
PER,5404.146111111111,102.0,92.206
PER,5410.946111111111,102.0,92.206
PER,5419.22,106.0,92.206
PER,5428.0088888888895,113.0,92.206
PER,5434.6755555555565,120.0,92.206
PER,5442.942222222223,124.0,92.206
PER,5448.80888888889,132.0,92.206
PER,5462.142222222223,150.0,92.206
PER,5469.164444444445,158.0,92.206
PER,5480.231111111112,166.0,92.206
PER,5487.920000000001,173.0,92.206
PER,5499.803611111112,179.0,92.206
PER,5507.759166666668,179.0,92.206
PER,5519.692500000001,179.0,92.206
PER,5527.648055555557,179.0,92.206
PER,5543.559166666668,179.0,92.206
PER,5551.514722222223,179.0,92.206
PER,5561.459166666667,179.0,92.206
PER,5575.38138888889,179.0,92.206
PER,5585.325833333334,179.0,92.206
PER,5601.236944444445,179.0,92.206
PER,5632.570277777779,235.0,92.206
PER,5648.570277777779,240.0,92.206
PER,5661.903611111113,240.0,92.206
PER,5672.748055555557,244.0,92.206
PER,5686.303611111112,244.0,92.206
PER,5705.28138888889,244.0,92.206
PER,5719.114722222224,249.0,92.206
PER,5733.17027777778,253.0,92.206
BOT,14.726666666666667,282.0,92.33
BOT,27.259999999999998,282.0,92.33
BOT,106.70444444444445,286.0,92.33
BOT,130.66,308.0,92.33
BOT,147.88222222222223,310.0,92.33
BOT,165.2711111111111,313.0,92.33
BOT,186.27111111111108,315.0,92.33
BOT,210.7711111111111,315.0,92.33
BOT,246.21555555555554,319.0,92.33
BOT,271.0266666666667,319.0,92.33
BOT,295.91555555555556,320.0,92.33
BOT,310.1377777777778,320.0,92.33
BOT,338.5822222222222,320.0,92.33
BOT,374.02666666666664,319.0,92.33
BOT,391.74888888888887,319.0,92.33
BOT,427.28194444444443,319.0,92.33
BOT,448.54861111111114,319.0,92.33
BOT,462.63750000000005,317.0,92.33
BOT,487.1375,315.0,92.33
BOT,511.5597222222222,314.0,92.33
BOT,528.9486111111111,313.0,92.33
BOT,546.2819444444444,312.0,92.33
BOT,580.5294444444444,309.0,92.33
BOT,604.4072222222221,307.0,92.33
BOT,641.3183333333333,302.0,92.33
BOT,676.7627777777777,290.0,92.33
BOT,688.8516666666666,272.0,92.33
BOT,713.7516666666667,249.0,92.33
BOT,724.8183333333333,249.0,92.33
BOT,741.7738888888889,218.0,92.33
BOT,759.0183333333333,194.0,92.33
BOT,771.9516666666667,194.0,92.33
BOT,784.885,194.0,92.33
BOT,801.885,170.0,92.33
BOT,809.2627777777777,166.0,92.33
BOT,819.9961111111111,161.0,92.33
BOT,830.3294444444443,155.0,92.33
BOT,837.2183333333332,155.0,92.33
BOT,845.7738888888889,154.0,92.33
BOT,854.4405555555555,156.0,92.33
BOT,869.0638888888889,164.0,92.33
BOT,876.4416666666666,166.0,92.33
BOT,887.9083333333333,172.0,92.33
BOT,899.6416666666667,176.0,92.33
BOT,907.6861111111111,181.0,92.33
BOT,917.9083333333333,184.0,92.33
BOT,930.7083333333333,192.0,92.33
BOT,941.6533333333332,198.0,92.33
BOT,950.7644444444443,205.0,92.33
BOT,969.6977777777777,213.0,92.33
BOT,979.2977777777777,216.0,92.33
BOT,996.4088888888888,220.0,92.33
BOT,1006.3644444444443,224.0,92.33
BOT,1031.6977777777777,228.0,92.33
BOT,1052.1422222222222,230.0,92.33
BOT,1069.8755555555556,228.0,92.33
BOT,1091.7755555555557,219.0,92.33
BOT,1101.3755555555556,216.0,92.33
BOT,1118.0200000000002,214.0,92.33
BOT,1132.2866666666669,214.0,92.33
BOT,1153.2866666666669,210.0,92.33
BOT,1166.8866666666668,204.0,92.33
BOT,1175.7755555555557,200.0,92.33
BOT,1225.6422222222225,187.0,92.33
BOT,1244.6950000000004,190.0,92.33
BOT,1261.5838888888893,190.0,92.33
BOT,1274.2505555555558,190.0,92.33
BOT,1289.0283333333336,190.0,92.33
BOT,1310.086666666667,190.0,92.33
BOT,1324.8644444444446,190.0,92.33
BOT,1343.8644444444449,190.0,92.33
BOT,1358.6422222222225,190.0,92.33
BOT,1377.5422222222223,189.0,92.33
BOT,1386.0311111111112,191.0,92.33
BOT,1403.1866666666667,193.0,92.33
BOT,1420.7866666666666,198.0,92.33
BOT,1436.1866666666667,198.0,92.33
BOT,1456.5866666666666,204.0,92.33
BOT,1465.4755555555555,200.0,92.33
BOT,1486.253333333333,187.0,92.33
BOT,1496.6422222222222,187.0,92.33
BOT,1506.3644444444444,175.0,92.33
BOT,1517.631111111111,169.0,92.33
BOT,1526.9644444444443,168.0,92.33
BOT,1537.9644444444443,165.0,92.33
BOT,1545.2088888888889,163.0,92.33
BOT,1552.542222222222,165.0,92.33
BOT,1561.82,167.0,92.33
BOT,1569.4199999999998,171.0,92.33
BOT,1586.968611111111,175.0,92.33
BOT,1594.9241666666665,179.0,92.33
BOT,1606.9241666666665,180.0,92.33
BOT,1629.9716666666664,189.0,92.33
BOT,1643.438333333333,202.0,92.33
BOT,1652.5494444444441,205.0,92.33
BOT,1678.338333333333,211.0,92.33
BOT,1690.338333333333,216.0,92.33
BOT,1704.8049999999996,217.0,92.33
BOT,1726.5049999999997,217.0,92.33
BOT,1738.6716666666662,219.0,92.33
BOT,1765.560555555555,220.0,92.33
BOT,1777.838333333333,221.0,92.33
BOT,1793.038333333333,228.0,92.33
BOT,1819.3716666666662,237.0,92.33
BOT,1830.1272222222217,242.0,92.33
BOT,1846.5272222222216,246.0,92.33
BOT,1857.6383333333326,250.0,92.33
BOT,1871.7494444444437,254.0,92.33
BOT,1891.8938888888883,259.0,92.33
BOT,1906.5049999999994,263.0,92.33
BOT,1933.3049999999996,268.0,92.33
BOT,1945.3049999999994,270.0,92.33
BOT,2013.5824999999993,279.0,92.33
BOT,2026.0269444444436,280.0,92.33
BOT,2050.9158333333326,280.0,92.33
BOT,2063.326666666666,281.0,92.33
BOT,2091.5266666666657,282.0,92.33
BOT,2110.326666666666,282.0,92.33
BOT,2122.904444444444,283.0,92.33
BOT,2141.7711111111103,283.0,92.33
BOT,2154.3488888888883,283.0,92.33
BOT,2166.926666666666,283.0,92.33
BOT,2194.926666666666,280.0,92.33
BOT,2217.948888888888,259.0,92.33
BOT,2236.226666666666,235.0,92.33
BOT,2253.8822222222216,227.0,92.33
BOT,2273.526666666666,221.0,92.33
BOT,2285.804444444444,221.0,92.33
BOT,2298.137777777777,222.0,92.33
BOT,2313.137777777777,225.0,92.33
BOT,2325.6933333333322,226.0,92.33
BOT,2338.359999999999,228.0,92.33
BOT,2348.493333333333,228.0,92.33
BOT,2363.6933333333327,228.0,92.33
BOT,2376.8377777777773,169.0,92.33
BOT,2385.5044444444443,156.0,92.33
BOT,2392.304444444444,153.0,92.33
BOT,2402.304444444444,150.0,92.33
BOT,2411.6377777777775,140.0,92.33
BOT,2422.1752777777774,135.0,92.33
BOT,2431.108611111111,134.0,92.33
BOT,2437.153055555555,136.0,92.33
BOT,2446.4474999999993,140.0,92.33
BOT,2459.691944444444,149.0,92.33
BOT,2466.314166666666,149.0,92.33
BOT,2476.780833333333,157.0,92.33
BOT,2483.7586111111104,157.0,92.33
BOT,2497.4474999999993,176.0,92.33
BOT,2519.336388888888,197.0,92.33
BOT,2540.336388888888,210.0,92.33
BOT,2549.8030555555547,213.0,92.33
BOT,2561.85861111111,217.0,92.33
BOT,2579.35861111111,225.0,92.33
BOT,2597.247499999999,230.0,92.33
BOT,2610.136388888888,232.0,92.33
BOT,2639.225277777777,238.0,92.33
BOT,2652.55861111111,240.0,92.33
BOT,2674.15861111111,243.0,92.33
BOT,2685.003055555555,244.0,92.33
BOT,2703.9808333333326,244.0,92.33
BOT,2717.5919444444435,245.0,92.33
BOT,2749.591944444444,240.0,92.33
BOT,2775.591944444444,234.0,92.33
BOT,2797.9811111111103,201.0,92.33
BOT,2806.9144444444437,201.0,92.33
BOT,2819.2033333333325,158.0,92.33
BOT,2831.3430555555547,137.0,92.33
BOT,2838.3986111111103,127.0,92.33
BOT,2845.454166666666,127.0,92.33
BOT,2852.9874999999993,113.0,92.33
BOT,2857.5208333333326,102.0,92.33
BOT,2863.854166666666,95.0,92.33
BOT,2867.943055555555,92.0,92.33
BOT,2875.4097222222217,84.0,92.33
BOT,2881.631944444444,80.0,92.33
BOT,2887.620833333333,77.0,92.33
BOT,2896.0652777777773,76.0,92.33
BOT,2899.5763888888882,79.0,92.33
BOT,2907.131944444444,85.0,92.33
BOT,2910.9986111111107,87.0,92.33
BOT,2921.8874999999994,98.0,92.33
BOT,2927.720833333333,105.0,92.33
BOT,2936.7430555555547,116.0,92.33
BOT,2951.5208333333326,133.0,92.33
BOT,2967.2208333333324,157.0,92.33
BOT,2974.420833333332,162.0,92.33
BOT,2983.976388888888,172.0,92.33
BOT,2994.0874999999987,182.0,92.33
BOT,3004.69861111111,191.0,92.33
BOT,3020.621944444443,204.0,92.33
BOT,3032.399722222221,212.0,92.33
BOT,3044.1186111111097,212.0,92.33
BOT,3056.5630555555545,224.0,92.33
BOT,3066.829722222221,231.0,92.33
BOT,3077.0963888888878,231.0,92.33
BOT,3090.3186111111095,238.0,92.33
BOT,3106.385277777776,241.0,92.33
BOT,3117.4519444444427,249.0,92.33
BOT,3140.296388888887,257.0,92.33
BOT,3151.8074999999985,259.0,92.33
BOT,3163.4519444444427,262.0,92.33
BOT,3181.1852777777763,266.0,92.33
BOT,3205.274166666665,271.0,92.33
BOT,3220.496388888888,274.0,92.33
BOT,3238.7630555555543,274.0,92.33
BOT,3254.4297222222212,282.0,92.33
BOT,3270.096388888888,282.0,92.33
BOT,3282.807499999999,286.0,92.33
BOT,3308.585277777777,290.0,92.33
BOT,3324.8074999999994,292.0,92.33
BOT,3347.6741666666658,294.0,92.33
BOT,3360.829722222222,296.0,92.33
BOT,3383.851944444444,296.0,92.33
BOT,3400.296388888888,296.0,92.33
BOT,3413.451944444444,296.0,92.33
BOT,3436.4741666666664,296.0,92.33
BOT,3452.863055555555,295.0,92.33
BOT,3469.1963888888886,294.0,92.33
BOT,3491.9852777777774,293.0,92.33
BOT,3517.932777777777,291.0,92.33
BOT,3537.185555555555,290.0,92.33
BOT,3550.0299999999997,289.0,92.33
BOT,3572.43,288.0,92.33
BOT,3594.596666666667,285.0,92.33
BOT,3610.2633333333333,282.0,92.33
BOT,3634.7077777777777,275.0,92.33
BOT,3668.074444444444,273.0,92.33
BOT,3697.741111111111,267.0,92.33
BOT,3725.974444444444,231.0,92.33
BOT,3738.252222222222,221.0,92.33
BOT,3759.752222222222,215.0,92.33
BOT,3769.085555555555,210.0,92.33
BOT,3797.8299999999995,199.0,92.33
BOT,3806.629999999999,198.0,92.33
BOT,3819.8299999999995,198.0,92.33
BOT,3840.2299999999996,204.0,92.33
BOT,3849.3411111111104,205.0,92.33
BOT,3858.185555555555,199.0,92.33
BOT,3872.7299999999996,187.0,92.33
BOT,3884.6633333333325,179.0,92.33
BOT,3900.0411111111102,173.0,92.33
BOT,3909.318888888888,167.0,92.33
BOT,3923.4522222222213,159.0,92.33
BOT,3940.34111111111,152.0,92.33
BOT,3957.229999999999,152.0,92.33
BOT,3964.0744444444435,154.0,92.33
BOT,3971.0966666666654,158.0,92.33
BOT,3981.9633333333327,163.0,92.33
BOT,3991.2966666666653,168.0,92.33
BOT,4003.029999999999,176.0,92.33
BOT,4010.852222222221,176.0,92.33
BOT,4019.163333333332,187.0,92.33
BOT,4036.8522222222214,199.0,92.33
BOT,4046.052222222221,207.0,92.33
BOT,4065.074444444443,214.0,92.33
BOT,4090.0744444444435,225.0,92.33
BOT,4103.2411111111105,237.0,92.33
BOT,4127.341111111111,241.0,92.33
BOT,4147.096666666666,254.0,92.33
BOT,4176.652222222221,266.0,92.33
BOT,4204.352222222221,277.0,92.33
BOT,4216.7522222222215,279.0,92.33
BOT,4238.996666666666,286.0,92.33
BOT,4258.463333333332,292.0,92.33
BOT,4274.852222222221,295.0,92.33
BOT,4308.296666666664,301.0,92.33
BOT,4342.407777777776,307.0,92.33
BOT,4373.507777777776,311.0,92.33
BOT,4387.374444444443,312.0,92.33
BOT,4408.374444444444,315.0,92.33
BOT,4509.485555555554,325.0,92.33
BOT,4531.285555555555,327.0,92.33
BOT,4563.985555555555,327.0,92.33
BOT,4600.318888888887,327.0,92.33
BOT,4629.385555555555,327.0,92.33
BOT,4665.718888888887,327.0,92.33
BOT,4687.518888888888,327.0,92.33
BOT,4720.218888888888,327.0,92.33
BOT,4756.329999999998,325.0,92.33
BOT,4770.729999999999,324.0,92.33
BOT,4785.085555555554,323.0,92.33
BOT,4809.974444444442,320.0,92.33
BOT,4824.1077777777755,318.0,92.33
BOT,4841.718888888887,317.0,92.33
BOT,4869.541111111109,313.0,92.33
BOT,4886.818888888887,311.0,92.33
BOT,4903.789166666665,307.0,92.33
BOT,4927.355833333331,303.0,92.33
BOT,4954.016666666665,299.0,92.33
BOT,4973.749999999999,296.0,92.33
BOT,4986.905555555554,296.0,92.33
BOT,5016.305555555554,294.0,92.33
BOT,5041.816666666665,287.0,92.33
BOT,5064.061111111109,286.0,92.33
BOT,5076.683333333332,284.0,92.33
BOT,5095.549999999999,283.0,92.33
BOT,5114.3499999999985,282.0,92.33
BOT,5139.238888888888,280.0,92.33
BOT,5167.238888888888,280.0,92.33
BOT,5204.172222222221,277.0,92.33
BOT,5216.438888888888,276.0,92.33
BOT,5231.716666666664,275.0,92.33
BOT,5260.383333333331,258.0,92.33
BOT,5278.3499999999985,231.0,92.33
BOT,5295.749999999998,174.0,92.33
BOT,5313.5277777777765,160.0,92.33
BOT,5323.405555555554,127.0,92.33
BOT,5329.905555555554,117.0,92.33
BOT,5334.927777777777,113.0,92.33
BOT,5339.949999999999,113.0,92.33
BOT,5346.721666666665,102.0,92.33
BOT,5351.254999999998,102.0,92.33
BOT,5358.083333333331,102.0,92.33
BOT,5362.616666666664,102.0,92.33
BOT,5370.005555555553,95.0,92.33
BOT,5374.272222222219,96.0,92.33
BOT,5383.694444444442,106.0,92.33
BOT,5394.094444444441,104.0,92.33
BOT,5406.072222222219,98.0,92.33
BOT,5410.3833333333305,97.0,92.33
BOT,5421.272222222219,98.0,92.33
BOT,5425.7166666666635,100.0,92.33
BOT,5435.494444444441,110.0,92.33
BOT,5443.294444444441,117.0,92.33
BOT,5454.0499999999965,121.0,92.33
BOT,5467.561111111108,152.0,92.33
BOT,5474.538888888886,157.0,92.33
BOT,5481.649999999997,160.0,92.33
BOT,5495.338888888886,176.0,92.33
BOT,5515.116666666664,178.0,92.33
BOT,5523.605555555553,191.0,92.33
BOT,5532.094444444442,191.0,92.33
BOT,5540.583333333331,191.0,92.33
BOT,5557.561111111109,191.0,92.33
BOT,5579.799166666665,223.0,92.33
BOT,5592.188055555554,223.0,92.33
BOT,5610.310277777776,233.0,92.33
BOT,5626.243055555554,238.0,92.33
BOT,5648.109722222221,246.0,92.33
BOT,5659.1319444444425,248.0,92.33
BOT,5684.531944444442,254.0,92.33
BOT,5701.598611111109,256.0,92.33
BOT,5718.665277777776,256.0,92.33
BOT,5732.887499999998,256.0,92.33
BOT,5753.343055555553,263.0,92.33
ALO,1.9624999999999997,157.0,92.646
ALO,35.451388888888886,274.0,92.646
ALO,63.55138888888888,281.0,92.646
ALO,85.40694444444443,281.0,92.646
ALO,110.38472222222222,281.0,92.646
ALO,125.99583333333334,281.0,92.646
ALO,141.99583333333334,288.0,92.646
ALO,161.19583333333333,288.0,92.646
ALO,201.72916666666666,304.0,92.646
ALO,215.24027777777778,304.0,92.646
ALO,228.84027777777774,306.0,92.646
ALO,242.44027777777777,306.0,92.646
ALO,269.81444444444446,307.0,92.646
ALO,307.3366666666667,307.0,92.646
ALO,334.6255555555556,307.0,92.646
ALO,358.50333333333333,307.0,92.646
ALO,375.50333333333333,306.0,92.646
ALO,392.50333333333333,306.0,92.646
ALO,419.6144444444445,305.0,92.646
ALO,436.50333333333333,304.0,92.646
ALO,450.01444444444445,304.0,92.646
ALO,470.2144444444445,303.0,92.646
ALO,497.14777777777783,303.0,92.646
ALO,520.5527777777778,302.0,92.646
ALO,547.2194444444444,300.0,92.646
ALO,563.8305555555555,299.0,92.646
ALO,599.3972222222222,291.0,92.646
ALO,612.1972222222223,288.0,92.646
ALO,634.1305555555556,282.0,92.646
ALO,652.5305555555556,276.0,92.646
ALO,673.6083333333333,271.0,92.646
ALO,685.475,267.0,92.646
ALO,700.0861111111112,263.0,92.646
ALO,714.0305555555556,251.0,92.646
ALO,727.1972222222223,237.0,92.646
ALO,746.3083333333333,215.0,92.646
ALO,759.8416666666666,203.0,92.646
ALO,770.3416666666667,189.0,92.646
ALO,778.7941666666667,189.0,92.646
ALO,786.8830555555555,182.0,92.646
ALO,798.4830555555556,174.0,92.646
ALO,807.8719444444444,169.0,92.646
ALO,816.9830555555556,164.0,92.646
ALO,827.7830555555555,162.0,92.646
ALO,834.8941666666666,160.0,92.646
ALO,845.5608333333332,160.0,92.646
ALO,856.0274999999999,157.0,92.646
ALO,870.8719444444444,167.0,92.646
ALO,884.2497222222221,172.0,92.646
ALO,904.8647222222221,186.0,92.646
ALO,915.4758333333332,191.0,92.646
ALO,926.3647222222221,196.0,92.646
ALO,942.153611111111,203.0,92.646
ALO,951.2202777777777,204.0,92.646
ALO,960.4647222222221,208.0,92.646
ALO,972.2424999999998,212.0,92.646
ALO,989.1202777777777,217.0,92.646
ALO,998.8536111111109,219.0,92.646
ALO,1028.7202777777777,224.0,92.646
ALO,1043.7869444444443,226.0,92.646
ALO,1056.3424999999997,226.0,92.646
ALO,1071.4091666666664,226.0,92.646
ALO,1083.964722222222,226.0,92.646
ALO,1101.1536111111109,221.0,92.646
ALO,1118.1869444444442,219.0,92.646
ALO,1140.0474999999997,218.0,92.646
ALO,1149.7363888888885,218.0,92.646
ALO,1164.2697222222218,218.0,92.646
ALO,1173.6474999999996,211.0,92.646
ALO,1182.8030555555551,206.0,92.646
ALO,1202.4030555555553,196.0,92.646
ALO,1217.4141666666662,193.0,92.646
ALO,1230.4141666666662,195.0,92.646
ALO,1245.6586111111105,196.0,92.646
ALO,1265.5586111111104,199.0,92.646
ALO,1278.7699999999993,199.0,92.646
ALO,1289.9366666666658,201.0,92.646
ALO,1303.536666666666,204.0,92.646
ALO,1321.936666666666,207.0,92.646
ALO,1333.2699999999993,204.0,92.646
ALO,1342.2477777777772,202.0,92.646
ALO,1357.6477777777773,198.0,92.646
ALO,1366.4477777777772,198.0,92.646
ALO,1383.6922222222217,194.0,92.646
ALO,1399.0144444444438,197.0,92.646
ALO,1410.0144444444438,198.0,92.646
ALO,1425.4922222222217,199.0,92.646
ALO,1436.6588888888882,201.0,92.646
ALO,1454.8811111111104,205.0,92.646
ALO,1465.8811111111104,198.0,92.646
ALO,1482.8588888888883,191.0,92.646
ALO,1497.4552777777774,187.0,92.646
ALO,1509.3886111111105,179.0,92.646
ALO,1521.121944444444,176.0,92.646
ALO,1530.7886111111106,174.0,92.646
ALO,1547.4886111111107,167.0,92.646
ALO,1562.5108333333328,169.0,92.646
ALO,1577.7108333333329,171.0,92.646
ALO,1593.9774999999995,183.0,92.646
ALO,1612.8249999999994,189.0,92.646
ALO,1626.0249999999994,198.0,92.646
ALO,1637.0249999999994,198.0,92.646
ALO,1646.0472222222215,203.0,92.646
ALO,1655.4249999999993,211.0,92.646
ALO,1671.9916666666659,213.0,92.646
ALO,1686.2583333333328,214.0,92.646
ALO,1702.7472222222218,212.0,92.646
ALO,1712.169444444444,212.0,92.646
ALO,1726.3694444444438,213.0,92.646
ALO,1735.8361111111105,213.0,92.646
ALO,1745.3472222222217,214.0,92.646
ALO,1759.8138888888882,217.0,92.646
ALO,1772.0361111111106,220.0,92.646
ALO,1784.2583333333328,220.0,92.646
ALO,1796.980555555555,229.0,92.646
ALO,1807.3361111111105,233.0,92.646
ALO,1817.8694444444438,237.0,92.646
ALO,1842.069444444444,242.0,92.646
ALO,1853.0472222222218,247.0,92.646
ALO,1864.0249999999996,247.0,92.646
ALO,1886.6733333333327,254.0,92.646
ALO,1912.673333333333,260.0,92.646
ALO,1927.2288888888884,262.0,92.646
ALO,1941.895555555555,264.0,92.646
ALO,1953.7177777777772,266.0,92.646
ALO,1974.6399999999994,269.0,92.646
ALO,1992.6399999999992,270.0,92.646
ALO,2013.717777777777,271.0,92.646
ALO,2037.819999999999,272.0,92.646
ALO,2052.9311111111106,272.0,92.646
ALO,2074.0866666666657,272.0,92.646
ALO,2095.2422222222212,272.0,92.646
ALO,2110.3533333333326,272.0,92.646
ALO,2137.4533333333325,271.0,92.646
ALO,2152.508888888888,271.0,92.646
ALO,2173.5088888888877,270.0,92.646
ALO,2188.5088888888877,270.0,92.646
ALO,2203.5088888888877,270.0,92.646
ALO,2218.453333333332,269.0,92.646
ALO,2229.83111111111,256.0,92.646
ALO,2253.93111111111,241.0,92.646
ALO,2264.4199999999987,236.0,92.646
ALO,2295.353333333332,232.0,92.646
ALO,2315.9755555555544,232.0,92.646
ALO,2331.4422222222206,232.0,92.646
ALO,2349.55111111111,232.0,92.646
ALO,2365.7288888888875,208.0,92.646
ALO,2377.284444444443,208.0,92.646
ALO,2388.4177777777763,167.0,92.646
ALO,2395.4399999999982,158.0,92.646
ALO,2408.7733333333317,150.0,92.646
ALO,2415.306666666665,147.0,92.646
ALO,2424.8399999999983,143.0,92.646
ALO,2430.973333333332,138.0,92.646
ALO,2440.0022222222206,136.0,92.646
ALO,2446.0911111111095,137.0,92.646
ALO,2455.5577777777758,142.0,92.646
ALO,2462.1355555555538,148.0,92.646
ALO,2476.535555555554,162.0,92.646
ALO,2483.868888888887,165.0,92.646
ALO,2493.479999999998,173.0,92.646
ALO,2506.935555555554,173.0,92.646
ALO,2517.546666666665,191.0,92.646
ALO,2535.4133333333316,201.0,92.646
ALO,2563.6799999999985,212.0,92.646
ALO,2578.3466666666654,220.0,92.646
ALO,2590.79111111111,224.0,92.646
ALO,2600.8355555555545,226.0,92.646
ALO,2613.5577777777767,229.0,92.646
ALO,2631.6022222222214,232.0,92.646
ALO,2644.6022222222214,234.0,92.646
ALO,2657.7133333333322,236.0,92.646
ALO,2670.879999999999,237.0,92.646
ALO,2694.5455555555545,236.0,92.646
ALO,2717.7455555555543,232.0,92.646
ALO,2727.967777777777,230.0,92.646
ALO,2745.467777777777,225.0,92.646
ALO,2757.9677777777765,225.0,92.646
ALO,2775.078888888888,220.0,92.646
ALO,2789.478888888888,216.0,92.646
ALO,2798.8566666666657,211.0,92.646
ALO,2812.2008333333324,201.0,92.646
ALO,2821.1341666666654,201.0,92.646
ALO,2854.467499999999,120.0,92.646
ALO,2863.8008333333323,120.0,92.646
ALO,2870.4674999999993,120.0,92.646
ALO,2877.134166666666,120.0,92.646
ALO,2885.134166666666,120.0,92.646
ALO,2891.2786111111104,79.0,92.646
ALO,2899.3897222222213,73.0,92.646
ALO,2905.3786111111103,77.0,92.646
ALO,2911.756388888888,82.0,92.646
ALO,2915.57861111111,86.0,92.646
ALO,2924.1119444444435,96.0,92.646
ALO,2935.556388888888,103.0,92.646
ALO,2942.167499999999,119.0,92.646
ALO,2957.5391666666656,138.0,92.646
ALO,2967.472499999999,149.0,92.646
ALO,2974.5836111111103,160.0,92.646
ALO,2988.116944444443,174.0,92.646
ALO,3002.2724999999987,182.0,92.646
ALO,3012.8280555555543,190.0,92.646
ALO,3023.828055555554,198.0,92.646
ALO,3047.213888888887,211.0,92.646
ALO,3064.3249999999985,220.0,92.646
ALO,3092.6805555555543,232.0,92.646
ALO,3122.0138888888873,240.0,92.646
ALO,3132.991666666665,247.0,92.646
ALO,3158.291666666665,253.0,92.646
ALO,3169.6694444444433,256.0,92.646
ALO,3189.8916666666655,260.0,92.646
ALO,3213.2694444444433,263.0,92.646
ALO,3231.069444444443,267.0,92.646
ALO,3249.069444444443,270.0,92.646
ALO,3276.3694444444427,273.0,92.646
ALO,3288.6361111111096,276.0,92.646
ALO,3307.102777777776,277.0,92.646
ALO,3325.636111111109,278.0,92.646
ALO,3338.036111111109,279.0,92.646
ALO,3353.5916666666644,280.0,92.646
ALO,3369.2027777777757,281.0,92.646
ALO,3394.258611111109,281.0,92.646
ALO,3406.747499999998,281.0,92.646
ALO,3425.414166666664,280.0,92.646
ALO,3444.080833333331,280.0,92.646
ALO,3456.480833333331,279.0,92.646
ALO,3471.980833333331,279.0,92.646
ALO,3490.4474999999975,277.0,92.646
ALO,3505.648888888886,275.0,92.646
ALO,3517.871111111109,275.0,92.646
ALO,3542.0488888888867,272.0,92.646
ALO,3554.137777777775,272.0,92.646
ALO,3575.2155555555532,271.0,92.646
ALO,3587.215555555553,270.0,92.646
ALO,3616.8822222222198,267.0,92.646
ALO,3640.259999999997,263.0,92.646
ALO,3660.3266666666636,258.0,92.646
ALO,3685.7266666666637,254.0,92.646
ALO,3696.8822222222198,251.0,92.646
ALO,3716.093333333331,247.0,92.646
ALO,3732.226666666664,242.0,92.646
ALO,3755.526666666665,233.0,92.646
ALO,3770.593333333331,226.0,92.646
ALO,3780.4155555555535,221.0,92.646
ALO,3833.2155555555537,198.0,92.646
ALO,3852.368611111109,191.0,92.646
ALO,3868.9019444444425,186.0,92.646
ALO,3881.101944444443,183.0,92.646
ALO,3894.8686111111097,177.0,92.646
ALO,3913.5994444444427,169.0,92.646
ALO,3926.2772222222206,163.0,92.646
ALO,3941.7772222222206,155.0,92.646
ALO,3953.6772222222207,153.0,92.646
ALO,3969.3772222222206,157.0,92.646
ALO,3976.532777777776,161.0,92.646
ALO,3991.5549999999985,169.0,92.646
ALO,4007.466111111109,179.0,92.646
ALO,4022.1661111111093,189.0,92.646
ALO,4041.866111111109,197.0,92.646
ALO,4050.799444444443,201.0,92.646
ALO,4074.9105555555534,217.0,92.646
ALO,4087.466111111109,226.0,92.646
ALO,4100.188333333332,229.0,92.646
ALO,4116.121666666665,239.0,92.646
ALO,4129.732777777776,245.0,92.646
ALO,4146.66611111111,254.0,92.646
ALO,4157.954999999998,254.0,92.646
ALO,4169.243888888887,254.0,92.646
ALO,4183.910555555554,264.0,92.646
ALO,4195.821666666665,268.0,92.646
ALO,4223.598611111109,277.0,92.646
ALO,4235.909722222221,277.0,92.646
ALO,4254.909722222221,285.0,92.646
ALO,4290.761388888888,294.0,92.646
ALO,4310.428055555554,295.0,92.646
ALO,4323.716944444443,299.0,92.646
ALO,4360.872499999998,304.0,92.646
ALO,4377.872499999998,306.0,92.646
ALO,4398.4058333333305,308.0,92.646
ALO,4429.605833333331,312.0,92.646
ALO,4447.050277777775,314.0,92.646
ALO,4485.794722222219,317.0,92.646
ALO,4503.516944444442,319.0,92.646
ALO,4524.983611111109,322.0,92.646
ALO,4561.094722222219,325.0,92.646
ALO,4575.539166666664,325.0,92.646
ALO,4597.339166666665,327.0,92.646
ALO,4611.872499999998,327.0,92.646
ALO,4630.039166666665,327.0,92.646
ALO,4655.550277777776,328.0,92.646
ALO,4673.716944444443,327.0,92.646
ALO,4706.416944444442,327.0,92.646
ALO,4720.950277777775,327.0,92.646
ALO,4799.750833333331,322.0,92.646
ALO,4814.017499999997,321.0,92.646
ALO,4842.106388888887,316.0,92.646
ALO,4855.930555555553,313.0,92.646
ALO,4886.930555555553,310.0,92.646
ALO,4907.39722222222,307.0,92.646
ALO,4920.908333333331,304.0,92.646
ALO,4940.8416666666635,299.0,92.646
ALO,4954.041666666663,297.0,92.646
ALO,4967.108333333331,294.0,92.646
ALO,4996.408333333331,293.0,92.646
ALO,5021.830555555553,286.0,92.646
ALO,5043.919444444442,284.0,92.646
ALO,5065.774999999998,281.0,92.646
ALO,5090.574999999997,279.0,92.646
ALO,5106.074999999997,279.0,92.646
ALO,5121.463888888886,277.0,92.646
ALO,5139.797222222219,275.0,92.646
ALO,5154.963888888886,273.0,92.646
ALO,5170.130555555553,273.0,92.646
ALO,5182.263888888886,273.0,92.646
ALO,5200.263888888887,270.0,92.646
ALO,5221.108333333332,268.0,92.646
ALO,5235.9972222222195,268.0,92.646
ALO,5247.863888888887,267.0,92.646
ALO,5264.39722222222,248.0,92.646
ALO,5279.39722222222,225.0,92.646
ALO,5295.320555555554,204.0,92.646
ALO,5307.053888888887,176.0,92.646
ALO,5314.164999999998,160.0,92.646
ALO,5323.8577777777755,146.0,92.646
ALO,5335.679999999998,133.0,92.646
ALO,5340.924444444442,118.0,92.646
ALO,5348.791111111109,118.0,92.646
ALO,5353.413333333331,104.0,92.646
ALO,5361.113333333331,99.0,92.646
ALO,5370.891111111109,88.0,92.646
ALO,5379.791111111109,89.0,92.646
ALO,5383.835555555554,91.0,92.646
ALO,5389.279999999998,98.0,92.646
ALO,5397.213333333331,102.0,92.646
ALO,5404.913333333331,99.0,92.646
ALO,5410.191111111109,95.0,92.646
ALO,5422.29111111111,99.0,92.646
ALO,5427.846666666665,100.0,92.646
ALO,5437.713333333332,111.0,92.646
ALO,5443.002222222221,119.0,92.646
ALO,5453.502222222221,135.0,92.646
ALO,5461.002222222221,135.0,92.646
ALO,5482.602222222221,162.0,92.646
ALO,5503.046666666665,184.0,92.646
ALO,5523.764999999999,186.0,92.646
ALO,5532.031666666666,186.0,92.646
ALO,5546.498333333333,186.0,92.646
ALO,5562.98,186.0,92.646
ALO,5573.313333333333,186.0,92.646
ALO,5583.646666666666,186.0,92.646
ALO,5596.046666666666,186.0,92.646
ALO,5604.313333333333,186.0,92.646
ALO,5616.713333333332,186.0,92.646
ALO,5624.98,186.0,92.646
ALO,5641.513333333332,186.0,92.646
ALO,5655.98,186.0,92.646
ALO,5670.446666666667,186.0,92.646
ALO,5698.224444444444,250.0,92.646
ALO,5709.335555555556,250.0,92.646
ALO,5731.557777777778,250.0,92.646
STR,8.915555555555555,272.0,92.92
STR,30.61555555555556,279.0,92.92
STR,49.282222222222224,280.0,92.92
STR,67.8711111111111,280.0,92.92
STR,92.75999999999999,280.0,92.92
STR,120.75999999999998,280.0,92.92
STR,133.95999999999998,297.0,92.92
STR,150.5711111111111,299.0,92.92
STR,163.9933333333333,302.0,92.92
STR,191.01555555555552,304.0,92.92
STR,204.52666666666664,304.0,92.92
STR,241.92666666666665,306.0,92.92
STR,262.4786111111111,307.0,92.92
STR,293.2786111111111,308.0,92.92
STR,313.81194444444446,308.0,92.92
STR,327.5008333333334,308.0,92.92
STR,341.1897222222223,308.0,92.92
STR,358.2452777777778,307.0,92.92
STR,375.30083333333334,307.0,92.92
STR,402.5008333333334,306.0,92.92
STR,416.05638888888893,305.0,92.92
STR,436.3230555555555,304.0,92.92
STR,453.21194444444444,304.0,92.92
STR,480.05638888888893,302.0,92.92
STR,493.47861111111115,302.0,92.92
STR,510.2563888888889,302.0,92.92
STR,526.978611111111,301.0,92.92
STR,556.6786111111111,297.0,92.92
STR,576.3452777777777,295.0,92.92
STR,605.5452777777776,292.0,92.92
STR,618.3452777777777,288.0,92.92
STR,649.6002777777777,282.0,92.92
STR,673.7780555555554,272.0,92.92
STR,700.0780555555555,263.0,92.92
STR,714.133611111111,253.0,92.92
STR,727.4669444444444,240.0,92.92
STR,737.5113888888889,226.0,92.92
STR,764.0447222222222,199.0,92.92
STR,784.3174999999999,182.0,92.92
STR,799.5174999999999,171.0,92.92
STR,812.0397222222222,161.0,92.92
STR,824.0952777777777,155.0,92.92
STR,841.4286111111111,156.0,92.92
STR,848.4063888888888,157.0,92.92
STR,859.0730555555555,160.0,92.92
STR,875.6730555555555,166.0,92.92
STR,887.2063888888888,173.0,92.92
STR,903.3841666666666,182.0,92.92
STR,913.8286111111111,188.0,92.92
STR,922.2730555555555,190.0,92.92
STR,942.2730555555555,200.0,92.92
STR,958.3730555555555,207.0,92.92
STR,967.6619444444443,209.0,92.92
STR,989.2619444444443,216.0,92.92
STR,1006.3894444444443,221.0,92.92
STR,1021.3227777777777,224.0,92.92
STR,1033.8227777777777,225.0,92.92
STR,1046.4338888888888,227.0,92.92
STR,1056.478333333333,226.0,92.92
STR,1071.5449999999996,226.0,92.92
STR,1093.8449999999998,223.0,92.92
STR,1108.5783333333331,221.0,92.92
STR,1120.856111111111,221.0,92.92
STR,1135.6508333333334,221.0,92.92
STR,1147.9286111111112,221.0,92.92
STR,1169.1286111111112,212.0,92.92
STR,1191.6841666666667,203.0,92.92
STR,1204.8175,197.0,92.92
STR,1222.1508333333334,195.0,92.92
STR,1230.6841666666667,192.0,92.92
STR,1247.9286111111112,194.0,92.92
STR,1256.595277777778,195.0,92.92
STR,1276.395277777778,198.0,92.92
STR,1285.2397222222223,199.0,92.92
STR,1303.1952777777778,202.0,92.92
STR,1314.4730555555557,203.0,92.92
STR,1327.7397222222223,199.0,92.92
STR,1338.6286111111112,196.0,92.92
STR,1351.6286111111112,195.0,92.92
STR,1371.1286111111112,195.0,92.92
STR,1392.962777777778,197.0,92.92
STR,1404.0183333333334,199.0,92.92
STR,1412.9516666666668,201.0,92.92
STR,1426.3516666666667,201.0,92.92
STR,1446.9516666666668,206.0,92.92
STR,1458.3416666666667,204.0,92.92
STR,1475.7980555555557,197.0,92.92
STR,1496.8505555555557,189.0,92.92
STR,1515.1505555555557,183.0,92.92
STR,1536.295,173.0,92.92
STR,1543.983888888889,173.0,92.92
STR,1553.4838888888892,171.0,92.92
STR,1563.0950000000003,173.0,92.92
STR,1577.0172222222225,179.0,92.92
STR,1591.2505555555556,183.0,92.92
STR,1599.5172222222222,186.0,92.92
STR,1618.6172222222222,191.0,92.92
STR,1640.9505555555556,201.0,92.92
STR,1654.8172222222222,208.0,92.92
STR,1666.5394444444444,211.0,92.92
STR,1683.183888888889,214.0,92.92
STR,1692.6505555555557,213.0,92.92
STR,1711.3172222222224,210.0,92.92
STR,1727.4172222222226,207.0,92.92
STR,1736.7061111111116,209.0,92.92
STR,1750.6477777777782,210.0,92.92
STR,1759.9811111111114,210.0,92.92
STR,1781.6811111111115,217.0,92.92
STR,1796.6144444444449,224.0,92.92
STR,1811.8144444444447,228.0,92.92
STR,1830.247777777778,237.0,92.92
STR,1854.4477777777781,242.0,92.92
STR,1885.195277777778,251.0,92.92
STR,1902.1286111111115,254.0,92.92
STR,1916.4063888888893,257.0,92.92
STR,1942.6063888888893,262.0,92.92
STR,1998.761944444445,266.0,92.92
STR,2016.5619444444449,267.0,92.92
STR,2037.4063888888893,268.0,92.92
STR,2058.3286111111115,269.0,92.92
STR,2073.2175,268.0,92.92
STR,2094.0619444444446,268.0,92.92
STR,2111.9286111111114,268.0,92.92
STR,2126.761944444445,267.0,92.92
STR,2144.5619444444446,267.0,92.92
STR,2159.395277777778,267.0,92.92
STR,2183.0397222222227,266.0,92.92
STR,2197.8175,266.0,92.92
STR,2209.6397222222226,266.0,92.92
STR,2223.956666666667,259.0,92.92
STR,2240.623333333334,250.0,92.92
STR,2251.4677777777783,244.0,92.92
STR,2269.9011111111117,237.0,92.92
STR,2285.5677777777787,235.0,92.92
STR,2311.5677777777787,234.0,92.92
STR,2329.8455555555565,235.0,92.92
STR,2349.1055555555563,216.0,92.92
STR,2360.2166666666676,200.0,92.92
STR,2372.416666666668,183.0,92.92
STR,2381.6944444444453,167.0,92.92
STR,2391.761111111112,151.0,92.92
STR,2405.8611111111118,141.0,92.92
STR,2412.083333333334,140.0,92.92
STR,2422.505555555556,134.0,92.92
STR,2429.894444444445,133.0,92.92
STR,2437.3388888888894,134.0,92.92
STR,2454.694444444445,142.0,92.92
STR,2461.3611111111113,150.0,92.92
STR,2473.961111111111,162.0,92.92
STR,2489.427777777778,174.0,92.92
STR,2503.816666666667,185.0,92.92
STR,2516.683333333334,193.0,92.92
STR,2529.8833333333337,198.0,92.92
STR,2545.9833333333336,207.0,92.92
STR,2555.405555555556,212.0,92.92
STR,2564.916666666667,214.0,92.92
STR,2584.676944444445,223.0,92.92
STR,2599.8102777777785,227.0,92.92
STR,2625.5880555555564,232.0,92.92
STR,2646.476944444445,235.0,92.92
STR,2664.9102777777784,237.0,92.92
STR,2696.9769444444446,240.0,92.92
STR,2712.910277777778,239.0,92.92
STR,2723.399166666667,236.0,92.92
STR,2733.8436111111114,235.0,92.92
STR,2744.288055555556,235.0,92.92
STR,2759.5547222222226,229.0,92.92
STR,2769.5991666666673,226.0,92.92
STR,2789.154722222223,220.0,92.92
STR,2798.088055555556,201.0,92.92
STR,2810.8213888888895,191.0,92.92
STR,2821.0880555555564,154.0,92.92
STR,2827.6213888888897,147.0,92.92
STR,2864.954722222223,112.0,92.92
STR,2873.654722222223,87.0,92.92
STR,2878.3213888888895,84.0,92.92
STR,2882.8213888888895,81.0,92.92
STR,2886.376944444445,80.0,92.92
STR,2890.5991666666673,76.0,92.92
STR,2897.422222222223,77.0,92.92
STR,2903.7222222222226,81.0,92.92
STR,2909.655555555556,89.0,92.92
STR,2917.383055555556,99.0,92.92
STR,2927.9536111111115,106.0,92.92
STR,2932.6647222222227,106.0,92.92
STR,2938.5830555555563,106.0,92.92
STR,2946.194166666667,137.0,92.92
STR,2955.594166666667,141.0,92.92
STR,2962.394166666667,153.0,92.92
STR,2975.4608333333335,168.0,92.92
STR,2984.9608333333335,171.0,92.92
STR,2997.3608333333336,186.0,92.92
STR,3005.805277777778,190.0,92.92
STR,3024.0275,205.0,92.92
STR,3042.2497222222223,205.0,92.92
STR,3057.0497222222225,222.0,92.92
STR,3067.138611111111,227.0,92.92
STR,3085.416388888889,235.0,92.92
STR,3101.416388888889,240.0,92.92
STR,3126.216388888889,248.0,92.92
STR,3154.438611111111,254.0,92.92
STR,3168.7719444444447,258.0,92.92
STR,3201.1608333333334,265.0,92.92
STR,3213.0274999999997,267.0,92.92
STR,3231.0274999999997,270.0,92.92
STR,3246.118333333333,273.0,92.92
STR,3264.518333333333,276.0,92.92
STR,3292.118333333333,276.0,92.92
STR,3310.918333333333,282.0,92.92
STR,3323.4961111111106,283.0,92.92
STR,3339.2183333333332,283.0,92.92
STR,3358.2974999999997,285.0,92.92
STR,3374.130833333333,285.0,92.92
STR,3393.1308333333327,285.0,92.92
STR,3421.530833333333,284.0,92.92
STR,3443.6197222222218,284.0,92.92
STR,3471.919722222222,283.0,92.92
STR,3502.808611111111,278.0,92.92
STR,3521.141944444444,275.0,92.92
STR,3539.141944444444,270.0,92.92
STR,3565.641944444444,265.0,92.92
STR,3577.2863888888887,262.0,92.92
STR,3594.553055555555,259.0,92.92
STR,3625.230833333333,251.0,92.92
STR,3652.564166666666,246.0,92.92
STR,3666.0641666666656,243.0,92.92
STR,3682.1974999999993,242.0,92.92
STR,3700.6308333333327,237.0,92.92
STR,3721.253055555555,232.0,92.92
STR,3745.747222222222,221.0,92.92
STR,3771.5361111111106,211.0,92.92
STR,3780.913888888889,211.0,92.92
STR,3792.3027777777775,205.0,92.92
STR,3812.8027777777775,205.0,92.92
STR,3828.9602777777773,207.0,92.92
STR,3842.4936111111106,203.0,92.92
STR,3859.826944444444,195.0,92.92
STR,3868.138055555555,187.0,92.92
STR,3881.982499999999,178.0,92.92
STR,3895.2824999999993,171.0,92.92
STR,3904.560277777777,167.0,92.92
STR,3919.404722222221,167.0,92.92
STR,3931.5380555555544,156.0,92.92
STR,3940.0380555555544,153.0,92.92
STR,3957.371388888888,156.0,92.92
STR,3977.6602777777766,166.0,92.92
STR,3994.6602777777766,170.0,92.92
STR,4011.2824999999984,187.0,92.92
STR,4028.9713888888878,199.0,92.92
STR,4047.4602777777764,208.0,92.92
STR,4059.404722222221,215.0,92.92
STR,4071.682499999999,221.0,92.92
STR,4087.015833333332,230.0,92.92
STR,4102.749999999999,237.0,92.92
STR,4118.949999999999,243.0,92.92
STR,4141.438888888888,253.0,92.92
STR,4167.738888888888,263.0,92.92
STR,4195.014444444444,272.0,92.92
STR,4216.558888888889,277.0,92.92
STR,4245.058888888889,285.0,92.92
STR,4274.158888888889,291.0,92.92
STR,4293.692222222222,293.0,92.92
STR,4310.192222222222,297.0,92.92
STR,4323.4366666666665,298.0,92.92
STR,4340.214444444445,302.0,92.92
STR,4381.147777777778,307.0,92.92
STR,4394.881111111111,309.0,92.92
STR,4408.6144444444435,309.0,92.92
STR,4422.347777777776,309.0,92.92
STR,4439.514444444443,309.0,92.92
STR,4470.414444444443,309.0,92.92
STR,4487.58111111111,309.0,92.92
STR,4504.747777777777,309.0,92.92
STR,4521.914444444443,309.0,92.92
STR,4542.514444444443,309.0,92.92
STR,4556.247777777776,309.0,92.92
STR,4580.28111111111,309.0,92.92
STR,4611.181111111109,309.0,92.92
STR,4624.914444444442,309.0,92.92
STR,4648.861944444443,309.0,92.92
STR,4662.595277777776,309.0,92.92
STR,4679.761944444443,309.0,92.92
STR,4693.495277777775,309.0,92.92
STR,4714.095277777775,309.0,92.92
STR,4734.781111111108,309.0,92.92
STR,4762.247777777775,309.0,92.92
STR,4786.281111111109,309.0,92.92
STR,4810.314444444442,309.0,92.92
STR,4837.781111111109,309.0,92.92
STR,4861.814444444442,309.0,92.92
STR,4875.547777777775,309.0,92.92
STR,4899.581111111109,309.0,92.92
STR,4929.081111111109,295.0,92.92
STR,4942.058888888886,292.0,92.92
STR,4961.19222222222,287.0,92.92
STR,4973.947777777776,287.0,92.92
STR,5002.047777777776,281.0,92.92
STR,5020.781111111109,281.0,92.92
STR,5039.314444444442,278.0,92.92
STR,5108.825555555553,272.0,92.92
STR,5135.925555555554,271.0,92.92
STR,5153.925555555554,270.0,92.92
STR,5171.658888888886,266.0,92.92
STR,5194.786388888887,261.0,92.92
STR,5212.119722222221,260.0,92.92
STR,5223.6752777777765,260.0,92.92
STR,5246.7391666666645,230.0,92.92
STR,5261.272499999998,218.0,92.92
STR,5282.661388888887,175.0,92.92
STR,5292.3947222222205,146.0,92.92
STR,5303.772499999998,128.0,92.92
STR,5310.3836111111095,119.0,92.92
STR,5317.583611111109,108.0,92.92
STR,5328.916944444443,102.0,92.92
STR,5339.472499999999,95.0,92.92
STR,5343.694722222221,95.0,92.92
STR,5351.472499999998,100.0,92.92
STR,5358.405833333331,104.0,92.92
STR,5365.539166666665,107.0,92.92
STR,5374.783611111109,104.0,92.92
STR,5379.316944444442,102.0,92.92
STR,5383.761388888886,100.0,92.92
STR,5391.539166666664,100.0,92.92
STR,5399.628055555552,104.0,92.92
STR,5413.561388888886,114.0,92.92
STR,5427.89472222222,129.0,92.92
STR,5440.831944444441,146.0,92.92
STR,5447.720833333331,155.0,92.92
STR,5462.831944444441,170.0,92.92
STR,5479.060277777775,182.0,92.92
STR,5487.326944444442,186.0,92.92
STR,5501.7936111111085,186.0,92.92
STR,5523.7936111111085,198.0,92.92
STR,5532.593611111109,198.0,92.92
STR,5547.993611111108,198.0,92.92
STR,5563.393611111108,198.0,92.92
STR,5574.393611111108,198.0,92.92
STR,5598.593611111108,198.0,92.92
STR,5607.393611111108,198.0,92.92
STR,5624.993611111108,198.0,92.92
STR,5635.993611111108,198.0,92.92
STR,5651.393611111108,198.0,92.92
STR,5660.193611111108,198.0,92.92
STR,5671.193611111108,198.0,92.92
STR,5679.993611111108,198.0,92.92
STR,5690.993611111108,198.0,92.92
STR,5711.449166666664,263.0,92.92
