Driver,Distance,Speed,LapTimeSec
RUS,3.4875,279.0,78.518
RUS,38.80972222222222,289.0,78.518
RUS,54.86527777777778,289.0,78.518
RUS,74.26527777777778,291.0,78.518
RUS,90.43194444444444,291.0,78.518
RUS,126.32444444444445,293.0,78.518
RUS,139.34666666666666,293.0,78.518
RUS,162.44666666666666,297.0,78.518
RUS,185.54666666666668,297.0,78.518
RUS,205.41333333333333,298.0,78.518
RUS,228.59111111111113,298.0,78.518
RUS,241.8355555555556,298.0,78.518
RUS,272.61333333333334,277.0,78.518
RUS,288.81333333333333,243.0,78.518
RUS,326.7605555555556,190.0,78.518
RUS,340.91611111111115,182.0,78.518
RUS,350.9161111111111,180.0,78.518
RUS,364.605,176.0,78.518
RUS,376.2716666666667,175.0,78.518
RUS,392.0938888888889,178.0,78.518
RUS,418.49388888888893,198.0,78.518
RUS,427.5161111111112,203.0,78.518
RUS,451.40500000000003,215.0,78.518
RUS,466.1383333333334,221.0,78.518
RUS,484.1050000000001,231.0,78.518
RUS,510.88277777777785,241.0,78.518
RUS,530.2405555555556,248.0,78.518
RUS,549.7627777777778,251.0,78.518
RUS,572.7850000000001,259.0,78.518
RUS,599.1850000000001,264.0,78.518
RUS,623.3627777777779,272.0,78.518
RUS,648.2516666666668,280.0,78.518
RUS,673.585,285.0,78.518
RUS,708.9072222222223,289.0,78.518
RUS,728.373888888889,292.0,78.518
RUS,748.0405555555557,295.0,78.518
RUS,764.4027777777778,296.0,78.518
RUS,794.4027777777778,300.0,78.518
RUS,824.6027777777778,302.0,78.518
RUS,848.0916666666667,302.0,78.518
RUS,871.7361111111111,304.0,78.518
RUS,901.7361111111111,300.0,78.518
RUS,930.7361111111112,290.0,78.518
RUS,952.6694444444445,282.0,78.518
RUS,964.8916666666668,275.0,78.518
RUS,991.0472222222223,214.0,78.518
RUS,1000.1583333333334,205.0,78.518
RUS,1012.0916666666668,179.0,78.518
RUS,1024.4244444444446,158.0,78.518
RUS,1035.9355555555558,148.0,78.518
RUS,1046.357777777778,134.0,78.518
RUS,1057.38,124.0,78.518
RUS,1067.5133333333335,114.0,78.518
RUS,1076.068888888889,110.0,78.518
RUS,1084.157777777778,104.0,78.518
RUS,1089.8800000000003,103.0,78.518
RUS,1094.546666666667,105.0,78.518
RUS,1103.0244444444447,109.0,78.518
RUS,1117.5688888888892,119.0,78.518
RUS,1133.5436111111114,131.0,78.518
RUS,1148.6436111111113,151.0,78.518
RUS,1170.910277777778,167.0,78.518
RUS,1189.4658333333334,167.0,78.518
RUS,1198.5769444444445,164.0,78.518
RUS,1209.3769444444447,162.0,78.518
RUS,1225.6769444444446,163.0,78.518
RUS,1236.7436111111115,166.0,78.518
RUS,1248.2769444444448,173.0,78.518
RUS,1260.3436111111114,181.0,78.518
RUS,1275.199166666667,191.0,78.518
RUS,1288.5211111111114,199.0,78.518
RUS,1297.6322222222225,205.0,78.518
RUS,1314.3544444444449,215.0,78.518
RUS,1331.4655555555557,220.0,78.518
RUS,1346.7322222222226,229.0,78.518
RUS,1367.6211111111115,235.0,78.518
RUS,1391.6211111111115,240.0,78.518
RUS,1407.9544444444448,245.0,78.518
RUS,1435.5100000000004,248.0,78.518
RUS,1446.576666666667,249.0,78.518
RUS,1457.6877777777781,250.0,78.518
RUS,1477.2100000000003,251.0,78.518
RUS,1502.2402777777781,251.0,78.518
RUS,1521.9958333333338,254.0,78.518
RUS,1547.8958333333337,259.0,78.518
RUS,1562.340277777778,260.0,78.518
RUS,1579.6736111111113,260.0,78.518
RUS,1594.3402777777783,264.0,78.518
RUS,1606.1625000000006,266.0,78.518
RUS,1630.0736111111116,269.0,78.518
RUS,1662.9513888888891,269.0,78.518
RUS,1689.851388888889,269.0,78.518
RUS,1704.7958333333336,269.0,78.518
RUS,1728.5291666666667,267.0,78.518
RUS,1743.3625000000002,267.0,78.518
RUS,1763.8130555555556,262.0,78.518
RUS,1775.4130555555555,261.0,78.518
RUS,1797.6352777777777,250.0,78.518
RUS,1811.190833333333,244.0,78.518
RUS,1838.8130555555554,226.0,78.518
RUS,1865.701944444444,220.0,78.518
RUS,1890.2574999999997,221.0,78.518
RUS,1902.590833333333,222.0,78.518
RUS,1931.5574999999997,237.0,78.518
RUS,1959.113055555555,248.0,78.518
RUS,1975.843055555555,252.0,78.518
RUS,1987.2208333333328,256.0,78.518
RUS,2013.420833333333,262.0,78.518
RUS,2034.343055555555,269.0,78.518
RUS,2058.6986111111105,274.0,78.518
RUS,2070.920833333333,275.0,78.518
RUS,2099.120833333333,282.0,78.518
RUS,2117.9874999999997,283.0,78.518
RUS,2149.8763888888884,287.0,78.518
RUS,2172.354166666666,289.0,78.518
RUS,2194.9097222222213,290.0,78.518
RUS,2207.7986111111104,290.0,78.518
RUS,2220.768055555555,290.0,78.518
RUS,2246.5458333333327,290.0,78.518
RUS,2282.9680555555547,298.0,78.518
RUS,2296.2569444444434,299.0,78.518
RUS,2309.590277777777,300.0,78.518
RUS,2336.7902777777767,306.0,78.518
RUS,2367.8902777777766,311.0,78.518
RUS,2402.8902777777766,315.0,78.518
RUS,2420.501388888888,317.0,78.518
RUS,2438.168055555554,318.0,78.518
RUS,2463.056944444443,320.0,78.518
RUS,2480.9458333333323,322.0,78.518
RUS,2516.834722222221,323.0,78.518
RUS,2552.744722222221,324.0,78.518
RUS,2592.3447222222208,324.0,78.518
RUS,2610.5113888888877,327.0,78.518
RUS,2646.8447222222208,327.0,78.518
RUS,2686.811388888887,327.0,78.518
RUS,2701.3447222222208,327.0,78.518
RUS,2741.311388888887,327.0,78.518
RUS,2759.4224999999983,326.0,78.518
RUS,2788.2224999999985,324.0,78.518
RUS,2809.845555555554,323.0,78.518
RUS,2824.201111111109,323.0,78.518
RUS,2842.0899999999983,322.0,78.518
RUS,2859.978888888887,322.0,78.518
RUS,2884.867777777776,320.0,78.518
RUS,2906.0677777777764,318.0,78.518
RUS,2923.7344444444434,318.0,78.518
RUS,2952.0011111111103,318.0,78.518
RUS,2979.4677777777765,309.0,78.518
RUS,3017.2344444444434,309.0,78.518
RUS,3044.70111111111,309.0,78.518
RUS,3065.3011111111095,309.0,78.518
RUS,3078.323333333332,293.0,78.518
RUS,3097.856666666665,293.0,78.518
RUS,3119.944166666665,285.0,78.518
RUS,3132.610833333332,285.0,78.518
RUS,3157.321944444443,278.0,78.518
RUS,3175.855277777776,278.0,78.518
RUS,3194.1219444444428,274.0,78.518
RUS,3229.721944444443,267.0,78.518
RUS,3247.1886111111094,262.0,78.518
RUS,3272.2886111111093,251.0,78.518
RUS,3283.2219444444427,246.0,78.518
RUS,3301.8108333333316,239.0,78.518
RUS,3317.7441666666646,239.0,78.518
RUS,3336.477499999998,240.0,78.518
RUS,3352.6108333333314,242.0,78.518
RUS,3371.4330555555534,242.0,78.518
RUS,3387.6330555555537,243.0,78.518
RUS,3401.188611111109,244.0,78.518
RUS,3425.8886111111087,247.0,78.518
RUS,3442.5552777777757,250.0,78.518
RUS,3456.6108333333314,253.0,78.518
RUS,3476.5997222222204,257.0,78.518
RUS,3490.9330555555534,258.0,78.518
RUS,3502.6219444444428,263.0,78.518
RUS,3520.5552777777757,269.0,78.518
RUS,3538.6219444444423,271.0,78.518
RUS,3560.166388888887,277.0,78.518
RUS,3575.833055555554,282.0,78.518
RUS,3594.766388888887,284.0,78.518
RUS,3607.30972222222,284.0,78.518
RUS,3626.576388888887,289.0,78.518
RUS,3659.1319444444425,293.0,78.518
RUS,3691.7986111111095,294.0,78.518
RUS,3727.976388888887,296.0,78.518
RUS,3761.087499999998,298.0,78.518
RUS,3781.020833333331,299.0,78.518
RUS,3810.9208333333313,299.0,78.518
RUS,3831.071111111109,301.0,78.518
RUS,3851.137777777776,301.0,78.518
RUS,3871.1377777777757,300.0,78.518
RUS,3891.1377777777757,300.0,78.518
RUS,3907.8044444444427,300.0,78.518
RUS,3921.0488888888867,298.0,78.518
RUS,3947.271111111109,295.0,78.518
RUS,3982.9599999999978,292.0,78.518
RUS,4003.571111111109,265.0,78.518
RUS,4017.459999999998,250.0,78.518
RUS,4033.8711111111093,211.0,78.518
RUS,4045.937777777776,181.0,78.518
RUS,4056.4044444444426,157.0,78.518
RUS,4066.537777777776,152.0,78.518
RUS,4074.2044444444427,138.0,78.518
RUS,4086.9044444444426,127.0,78.518
RUS,4099.070555555553,122.0,78.518
RUS,4108.326111111109,119.0,78.518
RUS,4122.326111111109,126.0,78.518
RUS,4129.714999999997,133.0,78.518
RUS,4135.626111111108,133.0,78.518
RUS,4143.681666666664,145.0,78.518
RUS,4155.270555555552,149.0,78.518
RUS,4163.54833333333,149.0,78.518
RUS,4184.937222222219,175.0,78.518
RUS,4198.1252777777745,197.0,78.518
RUS,4214.147499999996,206.0,78.518
RUS,4230.869722222219,215.0,78.518
RUS,4242.925277777775,217.0,78.518
RUS,4255.369722222219,224.0,78.518
RUS,4265.325277777774,224.0,78.518
RUS,4285.858611111108,231.0,78.518
RUS,4296.258611111109,234.0,78.518
RUS,4311.858611111108,234.0,78.518
RUS,4332.036388888886,227.0,78.518
RUS,4344.425277777775,223.0,78.518
RUS,4361.691944444441,222.0,78.518
RUS,4437.691944444441,228.0,78.518
RUS,4458.072499999997,230.0,78.518
RUS,4476.194722222218,233.0,78.518
RUS,4486.550277777774,233.0,78.518
RUS,4502.283611111106,236.0,78.518
RUS,4514.505833333329,220.0,78.518
RUS,4527.639166666662,197.0,78.518
RUS,4547.072499999996,159.0,78.518
RUS,4560.472499999995,134.0,78.518
RUS,4567.41694444444,125.0,78.518
RUS,4575.316388888884,118.0,78.518
RUS,4581.594166666662,113.0,78.518
RUS,4593.3719444444405,106.0,78.518
RUS,4598.8719444444405,99.0,78.518
RUS,4606.338611111107,96.0,78.518
RUS,4616.783055555551,94.0,78.518
RUS,4621.138611111107,98.0,78.518
RUS,4625.583055555551,100.0,78.518
RUS,4634.138611111107,110.0,78.518
RUS,4640.249722222218,110.0,78.518
RUS,4648.316388888885,121.0,78.518
RUS,4653.694166666663,121.0,78.518
RUS,4669.294166666663,156.0,78.518
RUS,4682.049722222218,164.0,78.518
RUS,4701.049722222218,171.0,78.518
RUS,4712.516388888886,172.0,78.518
RUS,4720.294166666663,175.0,78.518
RUS,4732.111388888886,178.0,78.518
RUS,4742.166944444441,181.0,78.518
RUS,4756.789166666663,188.0,78.518
RUS,4772.111388888885,197.0,78.518
RUS,4783.389166666663,203.0,78.518
RUS,4795.0002777777745,209.0,78.518
RUS,4811.722499999997,215.0,78.518
RUS,4828.833611111108,220.0,78.518
RUS,4841.444722222219,227.0,78.518
RUS,4859.943888888886,237.0,78.518
RUS,4873.388333333331,242.0,78.518
RUS,4889.521666666664,242.0,78.518
RUS,4903.5772222222195,253.0,78.518
RUS,4929.777222222219,262.0,78.518
RUS,4941.554999999997,265.0,78.518
RUS,4959.621666666664,271.0,78.518
RUS,4981.010555555553,275.0,78.518
RUS,5008.510555555553,275.0,78.518
RUS,5030.754999999997,286.0,78.518
RUS,5063.199444444441,292.0,78.518
RUS,5085.98833333333,293.0,78.518
RUS,5099.010555555552,293.0,78.518
RUS,5118.610555555552,294.0,78.518
RUS,5138.210555555552,294.0,78.518
RUS,5161.232777777774,296.0,78.518
RUS,5177.677222222218,296.0,78.518
RUS,5194.177222222218,297.0,78.518
ANT,16.255555555555553,280.0,78.811
ANT,38.18888888888888,282.0,78.811
ANT,63.611111111111114,286.0,78.811
ANT,82.74444444444444,287.0,78.811
ANT,101.94444444444444,288.0,78.811
ANT,118.00000000000001,289.0,78.811
ANT,137.20000000000002,288.0,78.811
ANT,156.60000000000002,291.0,78.811
ANT,172.68583333333336,291.0,78.811
ANT,208.49694444444447,293.0,78.811
ANT,228.03027777777777,293.0,78.811
ANT,246.9636111111111,284.0,78.811
ANT,262.4636111111111,279.0,78.811
ANT,286.4636111111111,240.0,78.811
ANT,298.4636111111111,216.0,78.811
ANT,313.39694444444444,192.0,78.811
ANT,329.1302777777778,177.0,78.811
ANT,336.7747222222222,172.0,78.811
ANT,351.6191666666666,167.0,78.811
ANT,370.17472222222216,167.0,78.811
ANT,379.61916666666656,170.0,78.811
ANT,393.5413888888888,179.0,78.811
ANT,410.78583333333324,194.0,78.811
ANT,431.1858333333333,204.0,78.811
ANT,450.5349999999999,217.0,78.811
ANT,460.3127777777777,220.0,78.811
ANT,470.3572222222221,226.0,78.811
ANT,483.1905555555555,231.0,78.811
ANT,504.34611111111104,238.0,78.811
ANT,534.2905555555556,245.0,78.811
ANT,564.4794444444444,247.0,78.811
ANT,578.8683333333332,259.0,78.811
ANT,593.6827777777778,268.0,78.811
ANT,620.7827777777777,271.0,78.811
ANT,636.0605555555554,275.0,78.811
ANT,657.8383333333333,280.0,78.811
ANT,680.0049999999999,285.0,78.811
ANT,705.6049999999999,288.0,78.811
ANT,725.0716666666666,292.0,78.811
ANT,758.0716666666665,297.0,78.811
ANT,791.4049999999999,300.0,78.811
ANT,824.9605555555554,302.0,78.811
ANT,858.8494444444443,305.0,78.811
ANT,879.2494444444443,306.0,78.811
ANT,892.6716666666665,302.0,78.811
ANT,912.6049999999999,299.0,78.811
ANT,928.8272222222221,292.0,78.811
ANT,956.9049999999999,280.0,78.811
ANT,974.1716666666664,259.0,78.811
ANT,994.9716666666665,234.0,78.811
ANT,1007.7716666666664,192.0,78.811
ANT,1020.1049999999998,185.0,78.811
ANT,1028.9938888888887,160.0,78.811
ANT,1040.1938888888888,144.0,78.811
ANT,1054.416111111111,128.0,78.811
ANT,1068.9274999999998,119.0,78.811
ANT,1079.7274999999997,108.0,78.811
ANT,1084.4830555555552,107.0,78.811
ANT,1090.3163888888885,105.0,78.811
ANT,1097.3163888888885,105.0,78.811
ANT,1106.9163888888884,108.0,78.811
ANT,1113.1386111111108,112.0,78.811
ANT,1119.6941666666662,118.0,78.811
ANT,1126.5830555555551,124.0,78.811
ANT,1143.8163888888885,141.0,78.811
ANT,1154.2830555555552,157.0,78.811
ANT,1195.3497222222218,168.0,78.811
ANT,1204.5163888888885,165.0,78.811
ANT,1224.4386111111107,163.0,78.811
ANT,1245.1411111111108,169.0,78.811
ANT,1265.252222222222,181.0,78.811
ANT,1286.9188888888884,195.0,78.811
ANT,1302.5522222222219,201.0,78.811
ANT,1319.1966666666665,214.0,78.811
ANT,1328.9299999999998,219.0,78.811
ANT,1341.3188888888888,223.0,78.811
ANT,1361.9652777777776,233.0,78.811
ANT,1388.7430555555554,241.0,78.811
ANT,1405.009722222222,244.0,78.811
ANT,1424.2208333333333,247.0,78.811
ANT,1443.5874999999999,249.0,78.811
ANT,1468.5875,250.0,78.811
ANT,1488.2652777777778,253.0,78.811
ANT,1513.7652777777778,255.0,78.811
ANT,1530.9652777777778,258.0,78.811
ANT,1562.8652777777777,261.0,78.811
ANT,1595.1319444444443,264.0,78.811
ANT,1606.9541666666667,266.0,78.811
ANT,1618.8208333333334,267.0,78.811
ANT,1636.6875,268.0,78.811
ANT,1657.7625000000003,270.0,78.811
ANT,1687.9847222222224,272.0,78.811
ANT,1700.1180555555559,273.0,78.811
ANT,1715.340277777778,274.0,78.811
ANT,1748.218055555556,269.0,78.811
ANT,1765.9513888888891,266.0,78.811
ANT,1794.3958333333337,256.0,78.811
ANT,1820.3958333333337,234.0,78.811
ANT,1843.5313888888893,232.0,78.811
ANT,1872.8647222222226,220.0,78.811
ANT,1890.2091666666668,223.0,78.811
ANT,1905.209166666667,225.0,78.811
ANT,1923.4091666666668,234.0,78.811
ANT,1939.5425000000002,242.0,78.811
ANT,1958.5202777777781,244.0,78.811
ANT,1977.809166666667,248.0,78.811
ANT,2003.9091666666668,261.0,78.811
ANT,2024.7536111111112,268.0,78.811
ANT,2058.364722222222,275.0,78.811
ANT,2073.7536111111112,277.0,78.811
ANT,2092.2869444444445,278.0,78.811
ANT,2107.8980555555554,281.0,78.811
ANT,2142.8105555555558,285.0,78.811
ANT,2155.5661111111112,287.0,78.811
ANT,2178.121666666667,290.0,78.811
ANT,2200.755,291.0,78.811
ANT,2220.2883333333334,293.0,78.811
ANT,2243.2327777777778,295.0,78.811
ANT,2256.3438888888886,295.0,78.811
ANT,2289.4549999999995,298.0,78.811
ANT,2309.388333333333,299.0,78.811
ANT,2371.1024999999995,309.0,78.811
ANT,2395.2913888888884,311.0,78.811
ANT,2412.680277777777,313.0,78.811
ANT,2437.258055555555,316.0,78.811
ANT,2458.258055555555,315.0,78.811
ANT,2486.346944444444,316.0,78.811
ANT,2528.880277777777,319.0,78.811
ANT,2543.1469444444438,321.0,78.811
ANT,2578.8136111111103,321.0,78.811
ANT,2600.280277777777,322.0,78.811
ANT,2625.4024999999992,323.0,78.811
ANT,2661.4024999999992,324.0,78.811
ANT,2686.692499999999,324.0,78.811
ANT,2711.8147222222215,323.0,78.811
ANT,2740.3480555555548,321.0,78.811
ANT,2772.3480555555548,320.0,78.811
ANT,2800.70361111111,319.0,78.811
ANT,2828.881388888888,317.0,78.811
ANT,2856.970277777777,316.0,78.811
ANT,2895.3480555555548,314.0,78.811
ANT,2916.281388888888,314.0,78.811
ANT,2937.2813888888877,315.0,78.811
ANT,2954.693888888888,315.0,78.811
ANT,2984.593888888888,299.0,78.811
ANT,3013.9938888888883,294.0,78.811
ANT,3036.860555555555,294.0,78.811
ANT,3059.1827777777776,287.0,78.811
ANT,3087.0827777777777,279.0,78.811
ANT,3114.6827777777776,276.0,78.811
ANT,3135.916111111111,273.0,78.811
ANT,3148.0049999999997,272.0,78.811
ANT,3180.760555555555,268.0,78.811
ANT,3192.5827777777777,266.0,78.811
ANT,3210.182777777778,264.0,78.811
ANT,3230.3211111111113,258.0,78.811
ANT,3249.7655555555557,250.0,78.811
ANT,3268.6655555555553,243.0,78.811
ANT,3289.91,239.0,78.811
ANT,3310.9766666666665,237.0,78.811
ANT,3329.5655555555554,239.0,78.811
ANT,3348.621111111111,245.0,78.811
ANT,3362.2322222222224,245.0,78.811
ANT,3373.076666666667,244.0,78.811
ANT,3391.8211111111113,241.0,78.811
ANT,3421.398888888889,242.0,78.811
ANT,3451.7630555555556,249.0,78.811
ANT,3477.063055555556,253.0,78.811
ANT,3511.9963888888897,262.0,78.811
ANT,3542.1075000000005,271.0,78.811
ANT,3557.329722222223,274.0,78.811
ANT,3575.9297222222226,279.0,78.811
ANT,3604.1297222222224,282.0,78.811
ANT,3623.196388888889,286.0,78.811
ANT,3642.3297222222227,287.0,78.811
ANT,3661.596388888889,289.0,78.811
ANT,3684.2297222222223,291.0,78.811
ANT,3703.7775,292.0,78.811
ANT,3716.7997222222225,293.0,78.811
ANT,3739.6663888888893,294.0,78.811
ANT,3762.6108333333336,295.0,78.811
ANT,3782.2774999999997,295.0,78.811
ANT,3808.588611111111,296.0,78.811
ANT,3838.2886111111106,297.0,78.811
ANT,3858.1552777777774,298.0,78.811
ANT,3891.1552777777774,297.0,78.811
ANT,3904.3552777777777,297.0,78.811
ANT,3917.4219444444443,294.0,78.811
ANT,3940.1330555555555,292.0,78.811
ANT,3968.7533333333336,287.0,78.811
ANT,3990.686666666667,282.0,78.811
ANT,4015.786666666667,251.0,78.811
ANT,4028.1755555555555,223.0,78.811
ANT,4040.8422222222225,190.0,78.811
ANT,4050.397777777778,172.0,78.811
ANT,4057.6422222222222,163.0,78.811
ANT,4070.3533333333335,143.0,78.811
ANT,4086.4866666666667,132.0,78.811
ANT,4098.786666666667,123.0,78.811
ANT,4105.564444444445,122.0,78.811
ANT,4116.586666666667,124.0,78.811
ANT,4123.753333333334,129.0,78.811
ANT,4134.681111111112,140.0,78.811
ANT,4141.036666666668,143.0,78.811
ANT,4154.992222222223,157.0,78.811
ANT,4163.992222222223,162.0,78.811
ANT,4186.236666666668,182.0,78.811
ANT,4210.681111111112,200.0,78.811
ANT,4234.236666666668,212.0,78.811
ANT,4246.292222222223,217.0,78.811
ANT,4274.15888888889,228.0,78.811
ANT,4300.381111111112,236.0,78.811
ANT,4316.048888888889,236.0,78.811
ANT,4326.404444444445,233.0,78.811
ANT,4349.104444444445,227.0,78.811
ANT,4366.137777777779,219.0,78.811
ANT,4385.071111111112,213.0,78.811
ANT,4394.582222222223,214.0,78.811
ANT,4416.182222222224,216.0,78.811
ANT,4430.782222222223,219.0,78.811
ANT,4455.671111111113,224.0,78.811
ANT,4473.326666666669,227.0,78.811
ANT,4491.13777777778,229.0,78.811
ANT,4501.448888888891,232.0,78.811
ANT,4511.869166666669,233.0,78.811
ANT,4532.224722222224,229.0,78.811
ANT,4556.058055555558,195.0,78.811
ANT,4563.835833333335,175.0,78.811
ANT,4570.324722222224,146.0,78.811
ANT,4581.702500000002,128.0,78.811
ANT,4593.502500000002,118.0,78.811
ANT,4605.391388888891,107.0,78.811
ANT,4611.335833333335,107.0,78.811
ANT,4616.835833333335,99.0,78.811
ANT,4624.38027777778,97.0,78.811
ANT,4629.824722222224,98.0,78.811
ANT,4641.158055555557,102.0,78.811
ANT,4654.23638888889,118.0,78.811
ANT,4670.980833333335,137.0,78.811
ANT,4679.258611111113,149.0,78.811
ANT,4697.480833333336,164.0,78.811
ANT,4718.380833333335,171.0,78.811
ANT,4726.069722222224,173.0,78.811
ANT,4747.947500000002,179.0,78.811
ANT,4758.114166666669,183.0,78.811
ANT,4774.914166666668,189.0,78.811
ANT,4787.90138888889,194.0,78.811
ANT,4796.745833333335,199.0,78.811
ANT,4808.134722222224,205.0,78.811
ANT,4819.690277777779,208.0,78.811
ANT,4836.80138888889,220.0,78.811
ANT,4851.801388888891,225.0,78.811
ANT,4864.634722222224,231.0,78.811
ANT,4885.968055555558,240.0,78.811
ANT,4908.279166666668,251.0,78.811
ANT,4940.179166666669,261.0,78.811
ANT,4964.001388888891,268.0,78.811
ANT,4982.334722222224,275.0,78.811
ANT,4994.645833333336,277.0,78.811
ANT,5013.312500000002,280.0,78.811
ANT,5035.167500000001,282.0,78.811
ANT,5048.05638888889,290.0,78.811
ANT,5074.011944444446,292.0,78.811
ANT,5093.678611111112,295.0,78.811
ANT,5113.345277777779,295.0,78.811
ANT,5152.8119444444455,296.0,78.811
ANT,5172.678611111113,298.0,78.811
ANT,5202.578611111113,299.0,78.811
ANT,5215.867500000001,299.0,78.811
ANT,5239.200833333334,300.0,78.811
HAD,14.226666666666665,291.0,79.303
HAD,27.16,291.0,79.303
HAD,50.18222222222222,296.0,79.303
HAD,69.98222222222222,297.0,79.303
HAD,93.16472222222222,297.0,79.303
HAD,113.23138888888889,301.0,79.303
HAD,136.79805555555555,303.0,79.303
HAD,156.99805555555554,303.0,79.303
HAD,173.88694444444442,304.0,79.303
HAD,204.3869444444444,305.0,79.303
HAD,224.72027777777774,305.0,79.303
HAD,241.7202777777777,306.0,79.303
HAD,264.66472222222217,295.0,79.303
HAD,279.2202777777777,262.0,79.303
HAD,290.15361111111105,246.0,79.303
HAD,304.15361111111105,210.0,79.303
HAD,316.6869444444444,188.0,79.303
HAD,330.68694444444435,180.0,79.303
HAD,340.4091666666666,175.0,79.303
HAD,351.94249999999994,173.0,79.303
HAD,359.36249999999995,168.0,79.303
HAD,370.56249999999994,168.0,79.303
HAD,390.2291666666666,177.0,79.303
HAD,411.3402777777777,190.0,79.303
HAD,436.76249999999993,208.0,79.303
HAD,460.873611111111,217.0,79.303
HAD,475.873611111111,225.0,79.303
HAD,499.373611111111,235.0,79.303
HAD,515.641111111111,243.0,79.303
HAD,532.1744444444442,248.0,79.303
HAD,548.9744444444442,252.0,79.303
HAD,565.9744444444442,255.0,79.303
HAD,580.5299999999999,262.0,79.303
HAD,592.4411111111109,268.0,79.303
HAD,616.7077777777776,273.0,79.303
HAD,650.9299999999998,280.0,79.303
HAD,672.8633333333331,282.0,79.303
HAD,688.8077777777775,287.0,79.303
HAD,711.5188888888887,292.0,79.303
HAD,731.052222222222,293.0,79.303
HAD,750.8522222222218,297.0,79.303
HAD,770.7188888888885,298.0,79.303
HAD,787.3855555555552,300.0,79.303
HAD,817.6855555555552,303.0,79.303
HAD,848.2005555555552,306.0,79.303
HAD,871.4561111111107,299.0,79.303
HAD,903.4561111111107,288.0,79.303
HAD,919.1227777777774,282.0,79.303
HAD,931.5672222222219,280.0,79.303
HAD,946.678333333333,272.0,79.303
HAD,967.6005555555552,269.0,79.303
HAD,982.1561111111108,262.0,79.303
HAD,1005.378333333333,190.0,79.303
HAD,1016.825833333333,171.0,79.303
HAD,1028.2591666666663,147.0,79.303
HAD,1038.3702777777773,130.0,79.303
HAD,1045.2591666666663,124.0,79.303
HAD,1051.814722222222,118.0,79.303
HAD,1056.925833333333,115.0,79.303
HAD,1066.6147222222219,109.0,79.303
HAD,1071.3702777777773,107.0,79.303
HAD,1078.1036111111107,101.0,79.303
HAD,1086.725833333333,97.0,79.303
HAD,1092.225833333333,99.0,79.303
HAD,1100.3924999999995,105.0,79.303
HAD,1151.3924999999997,153.0,79.303
HAD,1165.9247222222218,164.0,79.303
HAD,1178.835833333333,166.0,79.303
HAD,1186.124722222222,164.0,79.303
HAD,1196.724722222222,159.0,79.303
HAD,1205.335833333333,155.0,79.303
HAD,1215.4025,151.0,79.303
HAD,1234.224722222222,154.0,79.303
HAD,1250.524722222222,163.0,79.303
HAD,1260.1358333333333,173.0,79.303
HAD,1272.1188888888887,179.0,79.303
HAD,1282.452222222222,186.0,79.303
HAD,1304.6744444444441,200.0,79.303
HAD,1316.1188888888887,206.0,79.303
HAD,1332.8411111111109,215.0,79.303
HAD,1357.841111111111,225.0,79.303
HAD,1368.0188888888888,229.0,79.303
HAD,1378.1966666666665,229.0,79.303
HAD,1396.7077777777774,238.0,79.303
HAD,1409.9855555555553,239.0,79.303
HAD,1426.2522222222221,244.0,79.303
HAD,1437.0966666666666,244.0,79.303
HAD,1461.6966666666665,246.0,79.303
HAD,1480.9077777777777,247.0,79.303
HAD,1508.5744444444442,249.0,79.303
HAD,1525.3077777777773,251.0,79.303
HAD,1536.5966666666664,254.0,79.303
HAD,1553.5258333333331,255.0,79.303
HAD,1567.7480555555553,256.0,79.303
HAD,1587.9702777777777,260.0,79.303
HAD,1608.4258333333335,263.0,79.303
HAD,1623.0925,264.0,79.303
HAD,1637.8147222222221,265.0,79.303
HAD,1658.4258333333332,265.0,79.303
HAD,1678.9591666666665,264.0,79.303
HAD,1693.5702777777776,263.0,79.303
HAD,1713.9427777777776,261.0,79.303
HAD,1728.387222222222,260.0,79.303
HAD,1745.6538888888888,259.0,79.303
HAD,1760.0427777777777,259.0,79.303
HAD,1785.5427777777777,255.0,79.303
HAD,1796.6983333333333,251.0,79.303
HAD,1811.6983333333333,225.0,79.303
HAD,1828.576111111111,217.0,79.303
HAD,1849.576111111111,210.0,79.303
HAD,1866.2205555555556,214.0,79.303
HAD,1890.2205555555556,216.0,79.303
HAD,1907.4094444444445,221.0,79.303
HAD,1917.542777777778,228.0,79.303
HAD,1933.0761111111112,233.0,79.303
HAD,1949.0761111111115,240.0,79.303
HAD,1968.2872222222227,247.0,79.303
HAD,1982.342777777778,253.0,79.303
HAD,1996.620555555556,257.0,79.303
HAD,2032.279444444445,268.0,79.303
HAD,2044.3238888888893,271.0,79.303
HAD,2062.590555555556,274.0,79.303
HAD,2087.2127777777782,277.0,79.303
HAD,2099.701666666667,281.0,79.303
HAD,2115.368333333334,282.0,79.303
HAD,2140.7016666666673,285.0,79.303
HAD,2156.590555555556,286.0,79.303
HAD,2179.148611111112,289.0,79.303
HAD,2191.993055555556,289.0,79.303
HAD,2211.259722222223,289.0,79.303
HAD,2230.6597222222226,291.0,79.303
HAD,2243.681944444445,293.0,79.303
HAD,2260.070833333334,295.0,79.303
HAD,2276.515277777778,296.0,79.303
HAD,2296.315277777778,297.0,79.303
HAD,2316.2486111111116,299.0,79.303
HAD,2329.715277777778,303.0,79.303
HAD,2346.6597222222226,305.0,79.303
HAD,2367.259722222222,309.0,79.303
HAD,2398.459722222222,312.0,79.303
HAD,2415.848611111111,313.0,79.303
HAD,2436.915277777778,316.0,79.303
HAD,2468.715277777778,318.0,79.303
HAD,2486.3819444444443,318.0,79.303
HAD,2511.1930555555555,319.0,79.303
HAD,2532.526388888889,320.0,79.303
HAD,2550.415277777778,322.0,79.303
HAD,2589.9252777777783,324.0,79.303
HAD,2626.036388888889,325.0,79.303
HAD,2651.314166666667,325.0,79.303
HAD,2669.369722222222,325.0,79.303
HAD,2687.425277777778,325.0,79.303
HAD,2712.7030555555557,325.0,79.303
HAD,2737.9930555555557,324.0,79.303
HAD,2773.8819444444443,323.0,79.303
HAD,2806.081944444444,322.0,79.303
HAD,2841.6375,320.0,79.303
HAD,2855.8597222222224,320.0,79.303
HAD,2884.1263888888893,318.0,79.303
HAD,2912.393055555556,318.0,79.303
HAD,3004.4819444444447,296.0,79.303
HAD,3036.8152777777777,291.0,79.303
HAD,3065.5152777777776,287.0,79.303
HAD,3078.1375000000003,284.0,79.303
HAD,3096.9375000000005,282.0,79.303
HAD,3115.6708333333336,281.0,79.303
HAD,3137.1375000000003,276.0,79.303
HAD,3155.328055555556,274.0,79.303
HAD,3167.3725000000004,271.0,79.303
HAD,3185.3725000000004,270.0,79.303
HAD,3206.0613888888893,266.0,79.303
HAD,3228.9947222222227,258.0,79.303
HAD,3242.939166666667,251.0,79.303
HAD,3269.5611111111116,239.0,79.303
HAD,3292.6611111111115,231.0,79.303
HAD,3313.194444444445,231.0,79.303
HAD,3339.527777777778,237.0,79.303
HAD,3355.2611111111114,236.0,79.303
HAD,3373.616666666667,236.0,79.303
HAD,3384.1500000000005,237.0,79.303
HAD,3407.9500000000007,238.0,79.303
HAD,3429.283333333334,240.0,79.303
HAD,3440.1277777777786,244.0,79.303
HAD,3462.0833333333344,247.0,79.303
HAD,3487.6833333333348,256.0,79.303
HAD,3513.7833333333347,261.0,79.303
HAD,3537.4277777777793,266.0,79.303
HAD,3570.916666666668,274.0,79.303
HAD,3597.516666666668,266.0,79.303
HAD,3609.961111111112,280.0,79.303
HAD,3628.6163888888905,281.0,79.303
HAD,3644.4497222222235,285.0,79.303
HAD,3666.771944444446,287.0,79.303
HAD,3679.527500000002,287.0,79.303
HAD,3705.216388888891,289.0,79.303
HAD,3731.0830555555576,291.0,79.303
HAD,3744.097222222224,291.0,79.303
HAD,3763.5638888888907,292.0,79.303
HAD,3786.275000000002,292.0,79.303
HAD,3802.5527777777797,293.0,79.303
HAD,3815.6194444444463,294.0,79.303
HAD,3838.486111111113,294.0,79.303
HAD,3858.0861111111135,294.0,79.303
HAD,3877.686111111113,294.0,79.303
HAD,3893.7972222222243,290.0,79.303
HAD,3916.275000000002,289.0,79.303
HAD,3932.108333333335,285.0,79.303
HAD,3947.8305555555576,283.0,79.303
HAD,3963.441666666669,281.0,79.303
HAD,3975.8416666666685,279.0,79.303
HAD,3994.308333333335,277.0,79.303
HAD,4014.2194444444463,256.0,79.303
HAD,4033.5194444444464,193.0,79.303
HAD,4050.7194444444463,172.0,79.303
HAD,4057.3861111111128,150.0,79.303
HAD,4067.963888888891,136.0,79.303
HAD,4078.1527777777796,131.0,79.303
HAD,4090.6180555555575,125.0,79.303
HAD,4102.918055555558,123.0,79.303
HAD,4109.806944444446,124.0,79.303
HAD,4118.473611111113,130.0,79.303
HAD,4124.473611111113,135.0,79.303
HAD,4136.74027777778,138.0,79.303
HAD,4150.561111111113,155.0,79.303
HAD,4159.727777777779,165.0,79.303
HAD,4179.283333333335,176.0,79.303
HAD,4196.083333333335,189.0,79.303
HAD,4213.861111111112,200.0,79.303
HAD,4227.3277777777785,202.0,79.303
HAD,4236.616666666668,209.0,79.303
HAD,4253.183333333334,213.0,79.303
HAD,4265.183333333334,216.0,79.303
HAD,4282.527777777779,223.0,79.303
HAD,4292.572222222224,226.0,79.303
HAD,4302.661111111112,227.0,79.303
HAD,4317.661111111112,225.0,79.303
HAD,4344.305555555557,218.0,79.303
HAD,4365.805555555557,215.0,79.303
HAD,4375.361111111112,215.0,79.303
HAD,4389.827777777779,217.0,79.303
HAD,4407.016666666668,221.0,79.303
HAD,4427.105555555557,226.0,79.303
HAD,4439.883333333335,230.0,79.303
HAD,4458.095833333335,235.0,79.303
HAD,4473.962500000002,238.0,79.303
HAD,4484.718055555558,242.0,79.303
HAD,4514.418055555558,243.0,79.303
HAD,4529.145833333336,220.0,79.303
HAD,4539.923611111114,194.0,79.303
HAD,4550.5236111111135,159.0,79.303
HAD,4565.723611111113,152.0,79.303
HAD,4571.3680555555575,127.0,79.303
HAD,4576.656944444447,119.0,79.303
HAD,4585.3680555555575,112.0,79.303
HAD,4593.5347222222235,105.0,79.303
HAD,4600.268055555557,101.0,79.303
HAD,4605.434722222224,93.0,79.303
HAD,4614.734722222224,93.0,79.303
HAD,4619.956944444446,94.0,79.303
HAD,4630.156944444446,102.0,79.303
HAD,4634.69027777778,102.0,79.303
HAD,4642.356944444446,115.0,79.303
HAD,4648.912500000001,118.0,79.303
HAD,4659.412500000001,135.0,79.303
HAD,4665.679166666668,141.0,79.303
HAD,4683.345833333335,159.0,79.303
HAD,4717.5458333333345,171.0,79.303
HAD,4727.10138888889,172.0,79.303
HAD,4740.66388888889,175.0,79.303
HAD,4759.06388888889,184.0,79.303
HAD,4767.330555555556,186.0,79.303
HAD,4784.841666666668,197.0,79.303
HAD,4805.699444444445,208.0,79.303
HAD,4822.577222222223,217.0,79.303
HAD,4832.532777777778,224.0,79.303
HAD,4845.310555555557,230.0,79.303
HAD,4858.421666666668,236.0,79.303
HAD,4874.488333333335,241.0,79.303
HAD,4890.955000000002,247.0,79.303
HAD,4911.021666666668,258.0,79.303
HAD,4925.632777777779,263.0,79.303
HAD,4952.932777777779,273.0,79.303
HAD,4980.93277777778,280.0,79.303
HAD,5003.021666666667,284.0,79.303
HAD,5028.888333333335,291.0,79.303
HAD,5051.9883333333355,297.0,79.303
HAD,5085.655000000002,303.0,79.303
HAD,5102.54388888889,304.0,79.303
HAD,5122.810555555558,304.0,79.303
HAD,5149.8327777777795,304.0,79.303
HAD,5170.099444444446,304.0,79.303
HAD,5207.377222222225,305.0,79.303
HAD,5234.403611111113,305.0,79.303
LEC,5.458888888888889,289.0,79.327
LEC,18.428333333333335,290.0,79.327
LEC,44.3838888888889,292.0,79.327
LEC,80.43944444444445,295.0,79.327
LEC,93.55055555555556,295.0,79.327
LEC,106.66166666666666,295.0,79.327
LEC,132.97277777777776,296.0,79.327
LEC,162.67277777777778,297.0,79.327
LEC,195.67277777777775,297.0,79.327
LEC,212.17277777777775,297.0,79.327
LEC,228.5061111111111,294.0,79.327
LEC,250.98388888888886,289.0,79.327
LEC,266.2061111111111,274.0,79.327
LEC,291.5394444444444,228.0,79.327
LEC,313.0411111111111,194.0,79.327
LEC,334.9188888888889,179.0,79.327
LEC,344.5855555555556,174.0,79.327
LEC,363.69666666666666,172.0,79.327
LEC,385.2077777777778,176.0,79.327
LEC,393.2966666666667,182.0,79.327
LEC,417.49666666666667,198.0,79.327
LEC,428.8855555555556,205.0,79.327
LEC,447.9077777777778,214.0,79.327
LEC,462.76944444444445,222.0,79.327
LEC,472.85833333333335,227.0,79.327
LEC,485.74722222222226,232.0,79.327
LEC,498.8583333333334,236.0,79.327
LEC,517.525,240.0,79.327
LEC,533.8583333333333,245.0,79.327
LEC,547.6916666666667,249.0,79.327
LEC,570.0916666666667,252.0,79.327
LEC,593.2916666666667,261.0,79.327
LEC,626.1694444444445,269.0,79.327
LEC,650.5250000000001,274.0,79.327
LEC,668.9250000000001,276.0,79.327
LEC,681.3694444444445,280.0,79.327
LEC,700.1027777777778,281.0,79.327
LEC,722.2677777777777,286.0,79.327
LEC,735.0233333333333,287.0,79.327
LEC,760.7122222222222,289.0,79.327
LEC,780.1788888888889,292.0,79.327
LEC,799.7122222222222,293.0,79.327
LEC,839.1788888888889,296.0,79.327
LEC,858.978888888889,297.0,79.327
LEC,888.5788888888889,296.0,79.327
LEC,901.6011111111111,293.0,79.327
LEC,923.7677777777777,285.0,79.327
LEC,942.6344444444444,283.0,79.327
LEC,963.8655555555556,272.0,79.327
LEC,980.8655555555556,255.0,79.327
LEC,997.9766666666667,220.0,79.327
LEC,1010.51,188.0,79.327
LEC,1019.9544444444444,170.0,79.327
LEC,1034.4544444444446,145.0,79.327
LEC,1043.0544444444445,129.0,79.327
LEC,1049.8877777777777,123.0,79.327
LEC,1058.9099999999999,116.0,79.327
LEC,1065.1877777777777,113.0,79.327
LEC,1070.0322222222221,109.0,79.327
LEC,1076.8988888888887,103.0,79.327
LEC,1083.7655555555552,103.0,79.327
LEC,1091.932222222222,105.0,79.327
LEC,1097.9877777777774,109.0,79.327
LEC,1105.5877777777775,114.0,79.327
LEC,1110.843611111111,119.0,79.327
LEC,1119.1769444444442,125.0,79.327
LEC,1134.2880555555553,136.0,79.327
LEC,1151.7324999999996,157.0,79.327
LEC,1171.2880555555553,160.0,79.327
LEC,1188.5102777777774,155.0,79.327
LEC,1198.843611111111,155.0,79.327
LEC,1214.543611111111,157.0,79.327
LEC,1225.1877777777777,159.0,79.327
LEC,1236.0544444444442,163.0,79.327
LEC,1247.3877777777777,170.0,79.327
LEC,1259.2544444444443,178.0,79.327
LEC,1269.5322222222221,185.0,79.327
LEC,1278.0655555555554,192.0,79.327
LEC,1295.9322222222222,201.0,79.327
LEC,1322.0877777777778,214.0,79.327
LEC,1339.2766666666666,221.0,79.327
LEC,1351.8877777777777,227.0,79.327
LEC,1370.0099999999998,233.0,79.327
LEC,1385.8766666666666,238.0,79.327
LEC,1401.8766666666666,240.0,79.327
LEC,1418.01,242.0,79.327
LEC,1431.51,243.0,79.327
LEC,1456.21,247.0,79.327
LEC,1480.9411111111112,248.0,79.327
LEC,1500.3077777777778,249.0,79.327
LEC,1528.196666666667,251.0,79.327
LEC,1542.3633333333335,255.0,79.327
LEC,1553.6966666666667,255.0,79.327
LEC,1567.918888888889,256.0,79.327
LEC,1588.1411111111113,260.0,79.327
LEC,1602.5855555555556,260.0,79.327
LEC,1634.9744444444445,265.0,79.327
LEC,1652.7147222222222,265.0,79.327
LEC,1673.4813888888887,267.0,79.327
LEC,1694.4036111111109,269.0,79.327
LEC,1709.1813888888887,266.0,79.327
LEC,1723.8480555555552,264.0,79.327
LEC,1735.4924999999996,262.0,79.327
LEC,1758.248055555555,256.0,79.327
LEC,1769.536944444444,254.0,79.327
LEC,1786.0702777777776,248.0,79.327
LEC,1807.2258333333332,238.0,79.327
LEC,1820.2258333333332,234.0,79.327
LEC,1837.8813888888885,227.0,79.327
LEC,1915.8813888888888,234.0,79.327
LEC,1937.4138888888888,243.0,79.327
LEC,1956.8583333333333,250.0,79.327
LEC,1967.9694444444444,250.0,79.327
LEC,1985.1027777777776,257.0,79.327
LEC,1999.6027777777776,261.0,79.327
LEC,2017.3361111111112,266.0,79.327
LEC,2050.5805555555553,272.0,79.327
LEC,2078.280555555555,277.0,79.327
LEC,2093.780555555555,279.0,79.327
LEC,2112.658888888888,282.0,79.327
LEC,2128.38111111111,283.0,79.327
LEC,2160.158888888888,286.0,79.327
LEC,2176.1588888888878,288.0,79.327
LEC,2198.7144444444434,290.0,79.327
LEC,2231.1588888888878,292.0,79.327
LEC,2244.18111111111,293.0,79.327
LEC,2257.203333333332,293.0,79.327
LEC,2280.303333333332,297.0,79.327
LEC,2296.8033333333324,297.0,79.327
LEC,2316.803333333332,300.0,79.327
LEC,2330.2255555555544,302.0,79.327
LEC,2360.8255555555543,306.0,79.327
LEC,2384.78111111111,308.0,79.327
LEC,2419.336666666665,311.0,79.327
LEC,2440.069999999999,311.0,79.327
LEC,2453.98111111111,313.0,79.327
LEC,2474.7608333333324,313.0,79.327
LEC,2492.2052777777762,314.0,79.327
LEC,2516.7052777777762,315.0,79.327
LEC,2541.2830555555543,316.0,79.327
LEC,2558.83861111111,316.0,79.327
LEC,2576.4497222222208,317.0,79.327
LEC,2601.1830555555543,318.0,79.327
LEC,2625.916388888888,318.0,79.327
LEC,2643.527499999999,317.0,79.327
LEC,2668.349166666666,318.0,79.327
LEC,2686.015833333332,318.0,79.327
LEC,2707.2158333333323,318.0,79.327
LEC,2724.882499999999,318.0,79.327
LEC,2756.482499999999,316.0,79.327
LEC,2770.4824999999987,315.0,79.327
LEC,2791.415833333332,314.0,79.327
LEC,2815.682499999999,312.0,79.327
LEC,2846.882499999999,312.0,79.327
LEC,2870.99361111111,310.0,79.327
LEC,2905.2158333333323,308.0,79.327
LEC,2929.09361111111,307.0,79.327
LEC,2942.69361111111,306.0,79.327
LEC,2963.0269444444434,305.0,79.327
LEC,2983.29361111111,304.0,79.327
LEC,3006.8602777777764,303.0,79.327
LEC,3023.6380555555543,302.0,79.327
LEC,3040.415833333332,302.0,79.327
LEC,3079.40111111111,293.0,79.327
LEC,3092.245555555554,289.0,79.327
LEC,3111.3788888888876,287.0,79.327
LEC,3136.445555555554,282.0,79.327
LEC,3148.845555555554,279.0,79.327
LEC,3164.1788888888873,276.0,79.327
LEC,3188.5344444444427,274.0,79.327
LEC,3203.534444444442,270.0,79.327
LEC,3224.4533333333316,268.0,79.327
LEC,3236.1866666666647,264.0,79.327
LEC,3253.119999999998,254.0,79.327
LEC,3269.7199999999984,249.0,79.327
LEC,3280.564444444443,244.0,79.327
LEC,3293.8977777777764,240.0,79.327
LEC,3307.064444444443,237.0,79.327
LEC,3322.864444444443,237.0,79.327
LEC,3338.864444444443,240.0,79.327
LEC,3349.6199999999985,242.0,79.327
LEC,3363.0088888888877,241.0,79.327
LEC,3378.875555555554,238.0,79.327
LEC,3402.6755555555546,238.0,79.327
LEC,3416.119999999999,242.0,79.327
LEC,3432.4533333333325,245.0,79.327
LEC,3457.3533333333326,249.0,79.327
LEC,3471.2977777777774,251.0,79.327
LEC,3491.1311111111104,255.0,79.327
LEC,3508.3311111111107,258.0,79.327
LEC,3522.8866666666663,262.0,79.327
LEC,3555.5677777777773,268.0,79.327
LEC,3585.9011111111104,273.0,79.327
LEC,3607.445555555555,277.0,79.327
LEC,3622.9455555555546,279.0,79.327
LEC,3638.4455555555546,279.0,79.327
LEC,3660.3011111111105,281.0,79.327
LEC,3682.3127777777772,282.0,79.327
LEC,3713.868333333333,284.0,79.327
LEC,3742.368333333333,285.0,79.327
LEC,3774.1461111111107,286.0,79.327
LEC,3786.857222222222,286.0,79.327
LEC,3812.368333333333,287.0,79.327
LEC,3837.879444444444,287.0,79.327
LEC,3925.923888888888,283.0,79.327
LEC,3956.3683333333324,274.0,79.327
LEC,3982.7683333333325,264.0,79.327
LEC,3994.412777777777,262.0,79.327
LEC,4011.546111111111,257.0,79.327
LEC,4027.279444444444,236.0,79.327
LEC,4042.5238888888885,196.0,79.327
LEC,4054.141944444444,175.0,79.327
LEC,4061.2086111111107,159.0,79.327
LEC,4070.9419444444443,146.0,79.327
LEC,4081.2863888888887,133.0,79.327
LEC,4092.7530555555554,129.0,79.327
LEC,4099.641944444445,124.0,79.327
LEC,4113.454166666667,124.0,79.327
LEC,4126.854166666667,134.0,79.327
LEC,4139.565277777778,143.0,79.327
LEC,4157.454166666666,161.0,79.327
LEC,4168.654166666666,168.0,79.327
LEC,4182.498611111111,178.0,79.327
LEC,4190.676388888889,184.0,79.327
LEC,4209.876388888889,192.0,79.327
LEC,4227.831944444444,202.0,79.327
LEC,4236.898611111111,204.0,79.327
LEC,4255.29861111111,207.0,79.327
LEC,4277.098611111111,218.0,79.327
LEC,4299.29861111111,222.0,79.327
LEC,4319.29861111111,225.0,79.327
LEC,4346.431944444444,222.0,79.327
LEC,4368.431944444443,220.0,79.327
LEC,4378.254166666666,221.0,79.327
LEC,4392.9924999999985,222.0,79.327
LEC,4405.381388888887,223.0,79.327
LEC,4422.725833333332,223.0,79.327
LEC,4432.725833333332,225.0,79.327
LEC,4452.992499999999,228.0,79.327
LEC,4473.436944444444,230.0,79.327
LEC,4483.767777777777,231.0,79.327
LEC,4499.0344444444445,229.0,79.327
LEC,4516.767777777778,228.0,79.327
LEC,4529.323333333333,226.0,79.327
LEC,4538.567777777778,208.0,79.327
LEC,4552.256666666666,176.0,79.327
LEC,4563.39,167.0,79.327
LEC,4572.59,138.0,79.327
LEC,4579.645555555556,127.0,79.327
LEC,4588.978888888889,120.0,79.327
LEC,4595.423333333333,116.0,79.327
LEC,4601.756666666666,114.0,79.327
LEC,4607.812222222222,109.0,79.327
LEC,4612.567777777777,107.0,79.327
LEC,4619.301111111111,101.0,79.327
LEC,4627.234444444444,102.0,79.327
LEC,4638.0344444444445,108.0,79.327
LEC,4649.634444444445,116.0,79.327
LEC,4655.101111111111,123.0,79.327
LEC,4665.678888888889,136.0,79.327
LEC,4677.112222222222,147.0,79.327
LEC,4692.668888888888,156.0,79.327
LEC,4709.068888888888,164.0,79.327
LEC,4718.235555555555,165.0,79.327
LEC,4729.435555555556,168.0,79.327
LEC,4737.035555555555,171.0,79.327
LEC,4752.591111111111,175.0,79.327
LEC,4768.462777777778,178.0,79.327
LEC,4778.796111111111,186.0,79.327
LEC,4801.018333333333,200.0,79.327
LEC,4819.596111111111,209.0,79.327
LEC,4839.151666666667,220.0,79.327
LEC,4854.285,227.0,79.327
LEC,4864.640555555555,233.0,79.327
LEC,4883.229444444444,239.0,79.327
LEC,4896.8405555555555,245.0,79.327
LEC,4916.518333333333,253.0,79.327
LEC,4927.940555555555,257.0,79.327
LEC,4939.451666666667,259.0,79.327
LEC,4957.1849999999995,266.0,79.327
LEC,4990.307222222222,271.0,79.327
LEC,5018.307222222222,280.0,79.327
LEC,5030.796111111111,281.0,79.327
LEC,5049.796111111112,285.0,79.327
LEC,5072.196111111112,288.0,79.327
LEC,5098.151666666668,292.0,79.327
LEC,5114.37388888889,292.0,79.327
LEC,5137.31388888889,296.0,79.327
LEC,5157.113888888891,297.0,79.327
LEC,5170.358333333335,298.0,79.327
LEC,5207.0250000000015,300.0,79.327
LEC,5227.175277777779,301.0,79.327
PIA,9.861666666666666,291.0,79.38
PIA,29.394999999999996,293.0,79.38
PIA,45.839444444444446,296.0,79.38
PIA,59.03944444444444,297.0,79.38
PIA,85.61722222222222,299.0,79.38
PIA,122.16166666666666,299.0,79.38
PIA,152.06166666666667,299.0,79.38
PIA,168.89499999999998,303.0,79.38
PIA,195.91722222222222,304.0,79.38
PIA,212.30611111111108,295.0,79.38
PIA,234.9422222222222,290.0,79.38
PIA,247.7422222222222,288.0,79.38
PIA,269.78666666666663,248.0,79.38
PIA,283.5644444444444,248.0,79.38
PIA,307.8866666666666,199.0,79.38
PIA,329.8866666666666,180.0,79.38
PIA,348.99777777777774,172.0,79.38
PIA,358.5533333333333,172.0,79.38
PIA,380.1866666666666,177.0,79.38
PIA,402.29777777777775,199.0,79.38
PIA,415.7747222222222,203.0,79.38
PIA,425.0636111111111,209.0,79.38
PIA,446.9636111111111,219.0,79.38
PIA,464.6191666666666,227.0,79.38
PIA,485.4191666666666,234.0,79.38
PIA,496.13027777777774,241.0,79.38
PIA,520.6302777777778,245.0,79.38
PIA,537.363611111111,251.0,79.38
PIA,565.8080555555555,256.0,79.38
PIA,586.1858333333332,262.0,79.38
PIA,606.7969444444444,265.0,79.38
PIA,618.8413888888889,271.0,79.38
PIA,631.0058333333333,272.0,79.38
PIA,655.5391666666666,276.0,79.38
PIA,689.883611111111,281.0,79.38
PIA,702.4613888888888,283.0,79.38
PIA,715.0391666666666,283.0,79.38
PIA,740.6391666666666,288.0,79.38
PIA,769.5391666666666,289.0,79.38
PIA,801.983611111111,292.0,79.38
PIA,818.2613888888887,293.0,79.38
PIA,834.5947222222221,294.0,79.38
PIA,857.6169444444442,296.0,79.38
PIA,874.0613888888886,296.0,79.38
PIA,907.0613888888886,297.0,79.38
PIA,939.3138888888886,291.0,79.38
PIA,970.847222222222,258.0,79.38
PIA,984.458333333333,245.0,79.38
PIA,1006.1249999999998,195.0,79.38
PIA,1025.1916666666664,156.0,79.38
PIA,1031.5027777777775,142.0,79.38
PIA,1046.5361111111108,123.0,79.38
PIA,1053.0916666666662,118.0,79.38
PIA,1062.780555555555,109.0,79.38
PIA,1070.0774999999996,109.0,79.38
PIA,1074.6552777777774,103.0,79.38
PIA,1080.210833333333,100.0,79.38
PIA,1085.710833333333,99.0,79.38
PIA,1093.6441666666665,102.0,79.38
PIA,1100.5774999999999,104.0,79.38
PIA,1106.5774999999999,108.0,79.38
PIA,1116.799722222222,115.0,79.38
PIA,1128.6219444444444,133.0,79.38
PIA,1146.4663888888888,146.0,79.38
PIA,1160.5108333333333,158.0,79.38
PIA,1171.1108333333332,159.0,79.38
PIA,1178.1774999999998,159.0,79.38
PIA,1188.5774999999996,156.0,79.38
PIA,1200.5124999999996,154.0,79.38
PIA,1207.3124999999995,153.0,79.38
PIA,1221.0013888888884,154.0,79.38
PIA,1231.8013888888886,162.0,79.38
PIA,1243.1347222222219,170.0,79.38
PIA,1268.334722222222,189.0,79.38
PIA,1281.0680555555552,191.0,79.38
PIA,1301.5680555555552,205.0,79.38
PIA,1310.9902777777775,212.0,79.38
PIA,1327.8680555555552,217.0,79.38
PIA,1342.8680555555554,225.0,79.38
PIA,1360.8208333333332,230.0,79.38
PIA,1376.5541666666668,236.0,79.38
PIA,1395.3763888888889,242.0,79.38
PIA,1411.7097222222224,245.0,79.38
PIA,1425.3763888888889,246.0,79.38
PIA,1450.2763888888887,249.0,79.38
PIA,1466.9430555555552,250.0,79.38
PIA,1480.9430555555555,252.0,79.38
PIA,1500.6208333333332,253.0,79.38
PIA,1514.7875000000001,255.0,79.38
PIA,1526.2097222222221,257.0,79.38
PIA,1543.5430555555556,260.0,79.38
PIA,1560.8763888888889,260.0,79.38
PIA,1581.4097222222222,264.0,79.38
PIA,1596.2430555555554,267.0,79.38
PIA,1614.1763888888888,269.0,79.38
PIA,1626.1013888888888,270.0,79.38
PIA,1644.1680555555554,271.0,79.38
PIA,1674.6125,274.0,79.38
PIA,1704.1680555555554,266.0,79.38
PIA,1735.0902777777776,253.0,79.38
PIA,1762.3124999999998,245.0,79.38
PIA,1778.3125,240.0,79.38
PIA,1801.3125,230.0,79.38
PIA,1816.2411111111112,223.0,79.38
PIA,1830.841111111111,219.0,79.38
PIA,1845.5077777777778,220.0,79.38
PIA,1860.2411111111112,221.0,79.38
PIA,1872.7411111111112,225.0,79.38
PIA,1882.7411111111112,225.0,79.38
PIA,1903.63,235.0,79.38
PIA,1933.9411111111112,248.0,79.38
PIA,1953.3855555555558,250.0,79.38
PIA,1967.496666666667,254.0,79.38
PIA,1987.8744444444449,262.0,79.38
PIA,2005.607777777778,266.0,79.38
PIA,2023.6077777777778,270.0,79.38
PIA,2041.8744444444446,274.0,79.38
PIA,2057.263333333334,277.0,79.38
PIA,2085.4633333333336,282.0,79.38
PIA,2113.983888888889,286.0,79.38
PIA,2136.3061111111115,287.0,79.38
PIA,2168.5283333333336,290.0,79.38
PIA,2184.639444444445,290.0,79.38
PIA,2197.6172222222226,292.0,79.38
PIA,2213.8950000000004,293.0,79.38
PIA,2236.839444444445,295.0,79.38
PIA,2253.2838888888896,296.0,79.38
PIA,2289.7061111111116,298.0,79.38
PIA,2309.9233333333336,302.0,79.38
PIA,2333.5677777777782,304.0,79.38
PIA,2357.445555555556,307.0,79.38
PIA,2374.501111111111,307.0,79.38
PIA,2391.723333333334,310.0,79.38
PIA,2405.59,312.0,79.38
PIA,2433.501111111111,314.0,79.38
PIA,2447.5011111111116,315.0,79.38
PIA,2468.567777777778,316.0,79.38
PIA,2496.6566666666668,316.0,79.38
PIA,2514.267777777778,317.0,79.38
PIA,2538.9233333333336,317.0,79.38
PIA,2644.923333333333,318.0,79.38
PIA,2673.0130555555556,317.0,79.38
PIA,2697.668611111111,317.0,79.38
PIA,2711.7130555555555,316.0,79.38
PIA,2732.7130555555555,315.0,79.38
PIA,2750.1575000000003,314.0,79.38
PIA,2771.090833333333,314.0,79.38
PIA,2809.1019444444446,311.0,79.38
PIA,2840.1019444444446,310.0,79.38
PIA,2857.268611111111,309.0,79.38
PIA,2877.8205555555555,307.0,79.38
PIA,2894.7094444444447,304.0,79.38
PIA,2928.153888888889,301.0,79.38
PIA,2944.7094444444447,298.0,79.38
PIA,2967.342777777778,291.0,79.38
PIA,2999.0094444444444,285.0,79.38
PIA,3011.676111111111,285.0,79.38
PIA,3024.2094444444447,282.0,79.38
PIA,3045.7538888888894,277.0,79.38
PIA,3060.976111111111,274.0,79.38
PIA,3079.1761111111114,273.0,79.38
PIA,3091.176111111112,270.0,79.38
PIA,3117.676111111112,265.0,79.38
PIA,3138.131666666667,263.0,79.38
PIA,3167.0205555555563,260.0,79.38
PIA,3184.220555555556,258.0,79.38
PIA,3195.6427777777785,257.0,79.38
PIA,3212.571944444445,255.0,79.38
PIA,3226.571944444445,252.0,79.38
PIA,3245.394166666667,242.0,79.38
PIA,3263.8275,237.0,79.38
PIA,3276.8275,234.0,79.38
PIA,3289.8275,234.0,79.38
PIA,3308.1830555555557,236.0,79.38
PIA,3327.0830555555553,243.0,79.38
PIA,3340.5830555555553,243.0,79.38
PIA,3359.4725,242.0,79.38
PIA,3372.861388888889,241.0,79.38
PIA,3388.994722222222,242.0,79.38
PIA,3402.661388888889,246.0,79.38
PIA,3427.5613888888893,249.0,79.38
PIA,3438.805833333334,253.0,79.38
PIA,3455.8058333333333,255.0,79.38
PIA,3476.0280555555555,260.0,79.38
PIA,3502.9280555555556,269.0,79.38
PIA,3524.161388888889,273.0,79.38
PIA,3555.2725,280.0,79.38
PIA,3577.2058333333334,282.0,79.38
PIA,3589.7836111111114,283.0,79.38
PIA,3608.783611111111,285.0,79.38
PIA,3628.050277777778,289.0,79.38
PIA,3650.5280555555555,289.0,79.38
PIA,3666.639166666667,290.0,79.38
PIA,3682.8613888888885,292.0,79.38
PIA,3721.979722222222,294.0,79.38
PIA,3735.090833333333,295.0,79.38
PIA,3754.7574999999993,295.0,79.38
PIA,3781.0686111111104,296.0,79.38
PIA,3794.2241666666664,296.0,79.38
PIA,3810.6686111111103,296.0,79.38
PIA,3837.0686111111104,297.0,79.38
PIA,3853.513055555555,296.0,79.38
PIA,3876.6174999999994,296.0,79.38
PIA,3889.7730555555554,296.0,79.38
PIA,3909.3063888888883,293.0,79.38
PIA,3928.7063888888883,291.0,79.38
PIA,3941.5952777777775,290.0,79.38
PIA,3957.484166666666,286.0,79.38
PIA,3973.206388888889,283.0,79.38
PIA,3991.0730555555556,268.0,79.38
PIA,4007.939722222222,253.0,79.38
PIA,4017.8508333333334,223.0,79.38
PIA,4028.1841666666664,186.0,79.38
PIA,4039.7841666666664,174.0,79.38
PIA,4053.984166666666,142.0,79.38
PIA,4061.3730555555553,133.0,79.38
PIA,4069.839722222222,127.0,79.38
PIA,4081.739722222222,119.0,79.38
PIA,4088.2952777777773,118.0,79.38
PIA,4097.550833333333,119.0,79.38
PIA,4105.617499999999,121.0,79.38
PIA,4112.895277777777,131.0,79.38
PIA,4130.82111111111,147.0,79.38
PIA,4148.265555555555,157.0,79.38
PIA,4161.409999999999,169.0,79.38
PIA,4171.132222222222,175.0,79.38
PIA,4181.187777777777,181.0,79.38
PIA,4196.198888888888,193.0,79.38
PIA,4211.8099999999995,200.0,79.38
PIA,4234.8099999999995,207.0,79.38
PIA,4256.009999999999,212.0,79.38
PIA,4280.343333333332,219.0,79.38
PIA,4290.254444444443,223.0,79.38
PIA,4310.165555555554,224.0,79.38
PIA,4330.254444444443,226.0,79.38
PIA,4401.187777777776,228.0,79.38
PIA,4426.743333333331,230.0,79.38
PIA,4450.043333333332,233.0,79.38
PIA,4460.443333333332,234.0,79.38
PIA,4476.109999999998,235.0,79.38
PIA,4491.909999999997,237.0,79.38
PIA,4510.421111111108,238.0,79.38
PIA,4523.831666666664,202.0,79.38
PIA,4532.320555555553,191.0,79.38
PIA,4543.053888888887,161.0,79.38
PIA,4554.409444444443,146.0,79.38
PIA,4564.98722222222,119.0,79.38
PIA,4571.431666666665,116.0,79.38
PIA,4583.350277777776,107.0,79.38
PIA,4593.450277777776,101.0,79.38
PIA,4601.98361111111,96.0,79.38
PIA,4612.539166666666,95.0,79.38
PIA,4619.272499999999,101.0,79.38
PIA,4627.594722222221,107.0,79.38
PIA,4632.528055555555,111.0,79.38
PIA,4645.228055555554,127.0,79.38
PIA,4657.850277777777,142.0,79.38
PIA,4664.694722222222,154.0,79.38
PIA,4679.539166666666,167.0,79.38
PIA,4696.239166666665,167.0,79.38
PIA,4713.339166666666,171.0,79.38
PIA,4729.339166666666,180.0,79.38
PIA,4752.439166666665,189.0,79.38
PIA,4771.739166666665,193.0,79.38
PIA,4780.539166666666,198.0,79.38
PIA,4794.148888888888,205.0,79.38
PIA,4805.871111111111,211.0,79.38
PIA,4822.748888888887,217.0,79.38
PIA,4832.837777777777,227.0,79.38
PIA,4853.37111111111,231.0,79.38
PIA,4875.0599999999995,244.0,79.38
PIA,4886.195833333333,249.0,79.38
PIA,4903.129166666667,254.0,79.38
PIA,4923.6625,264.0,79.38
PIA,4938.495833333334,267.0,79.38
PIA,4950.45138888889,269.0,79.38
PIA,4971.840277777778,275.0,79.38
PIA,4990.573611111111,281.0,79.38
PIA,5009.573611111112,285.0,79.38
PIA,5025.573611111111,288.0,79.38
PIA,5048.518055555555,295.0,79.38
PIA,5065.018055555555,297.0,79.38
PIA,5081.518055555555,297.0,79.38
PIA,5098.018055555555,297.0,79.38
PIA,5111.218055555555,297.0,79.38
PIA,5131.084722222221,298.0,79.38
PIA,5154.262499999999,298.0,79.38
PIA,5180.262499999999,260.0,79.38
PIA,5210.1624999999985,299.0,79.38
PIA,5223.406944444443,298.0,79.38
NOR,2.6583333333333337,290.0,79.475
NOR,25.213888888888892,290.0,79.475
NOR,44.8138888888889,294.0,79.475
NOR,64.6138888888889,297.0,79.475
NOR,84.61388888888888,300.0,79.475
NOR,101.33611111111112,301.0,79.475
NOR,131.5361111111111,302.0,79.475
NOR,161.85166666666666,304.0,79.475
NOR,185.49611111111113,304.0,79.475
NOR,218.1627777777778,294.0,79.475
NOR,234.16277777777776,288.0,79.475
NOR,246.82944444444445,285.0,79.475
NOR,262.385,280.0,79.475
NOR,282.2961111111111,256.0,79.475
NOR,295.12944444444446,231.0,79.475
NOR,323.3627777777778,231.0,79.475
NOR,336.0152777777778,189.0,79.475
NOR,349.6263888888889,175.0,79.475
NOR,362.92638888888894,171.0,79.475
NOR,372.42638888888894,171.0,79.475
NOR,381.9263888888889,171.0,79.475
NOR,389.74861111111113,176.0,79.475
NOR,406.2819444444445,186.0,79.475
NOR,413.83750000000003,170.0,79.475
NOR,427.1041666666667,199.0,79.475
NOR,444.7041666666667,198.0,79.475
NOR,456.42638888888894,211.0,79.475
NOR,472.52638888888896,207.0,79.475
NOR,554.526388888889,246.0,79.475
NOR,576.767777777778,251.0,79.475
NOR,596.8344444444446,258.0,79.475
NOR,608.5233333333334,263.0,79.475
NOR,626.2566666666668,266.0,79.475
NOR,641.1455555555556,268.0,79.475
NOR,659.3455555555556,273.0,79.475
NOR,693.3233333333334,278.0,79.475
NOR,721.7233333333335,284.0,79.475
NOR,737.6122222222223,286.0,79.475
NOR,756.8252777777778,287.0,79.475
NOR,772.936388888889,290.0,79.475
NOR,805.3808333333335,292.0,79.475
NOR,821.7141666666668,294.0,79.475
NOR,844.6586111111111,295.0,79.475
NOR,877.7697222222222,298.0,79.475
NOR,891.0141666666666,298.0,79.475
NOR,904.258611111111,298.0,79.475
NOR,926.9697222222221,292.0,79.475
NOR,942.8586111111111,286.0,79.475
NOR,961.5919444444445,281.0,79.475
NOR,973.3697222222223,265.0,79.475
NOR,995.9697222222223,226.0,79.475
NOR,1011.136388888889,195.0,79.475
NOR,1028.9141666666667,160.0,79.475
NOR,1038.3808333333334,142.0,79.475
NOR,1044.6919444444445,142.0,79.475
NOR,1052.9905555555556,125.0,79.475
NOR,1059.6016666666667,119.0,79.475
NOR,1068.546111111111,115.0,79.475
NOR,1077.1794444444445,111.0,79.475
NOR,1083.1794444444445,108.0,79.475
NOR,1088.9572222222223,104.0,79.475
NOR,1097.0461111111113,104.0,79.475
NOR,1105.2905555555558,106.0,79.475
NOR,1111.512777777778,112.0,79.475
NOR,1121.0355555555557,122.0,79.475
NOR,1127.98,125.0,79.475
NOR,1137.18,138.0,79.475
NOR,1145.068888888889,142.0,79.475
NOR,1161.168888888889,161.0,79.475
NOR,1168.368888888889,162.0,79.475
NOR,1178.9688888888888,159.0,79.475
NOR,1191.2577777777778,158.0,79.475
NOR,1206.5577777777778,153.0,79.475
NOR,1218.3022222222223,151.0,79.475
NOR,1235.4133333333334,154.0,79.475
NOR,1248.0133333333335,162.0,79.475
NOR,1255.3466666666668,165.0,79.475
NOR,1267.28,179.0,79.475
NOR,1279.6133333333335,185.0,79.475
NOR,1294.857777777778,196.0,79.475
NOR,1306.1355555555558,203.0,79.475
NOR,1317.857777777778,211.0,79.475
NOR,1347.9283333333335,226.0,79.475
NOR,1357.972777777778,226.0,79.475
NOR,1373.4394444444447,232.0,79.475
NOR,1394.5950000000003,238.0,79.475
NOR,1405.2172222222223,239.0,79.475
NOR,1418.772777777778,244.0,79.475
NOR,1440.8172222222224,248.0,79.475
NOR,1454.6505555555557,249.0,79.475
NOR,1474.1644444444446,250.0,79.475
NOR,1485.3200000000002,251.0,79.475
NOR,1502.186666666667,253.0,79.475
NOR,1519.2533333333336,256.0,79.475
NOR,1530.6755555555558,257.0,79.475
NOR,1545.0644444444447,259.0,79.475
NOR,1559.508888888889,260.0,79.475
NOR,1577.0422222222226,263.0,79.475
NOR,1594.708888888889,265.0,79.475
NOR,1606.5755555555559,267.0,79.475
NOR,1621.5200000000002,269.0,79.475
NOR,1639.4533333333336,269.0,79.475
NOR,1666.6533333333336,272.0,79.475
NOR,1681.8200000000002,273.0,79.475
NOR,1699.9533333333336,272.0,79.475
NOR,1726.3533333333335,264.0,79.475
NOR,1740.7422222222224,259.0,79.475
NOR,1760.4200000000003,253.0,79.475
NOR,1776.9533333333336,248.0,79.475
NOR,1790.508888888889,244.0,79.475
NOR,1818.190277777778,227.0,79.475
NOR,1842.6347222222225,220.0,79.475
NOR,1859.279166666667,214.0,79.475
NOR,1871.168055555556,214.0,79.475
NOR,1883.056944444445,214.0,79.475
NOR,1899.856944444445,216.0,79.475
NOR,1917.4975000000006,226.0,79.475
NOR,1944.053055555556,239.0,79.475
NOR,1968.653055555556,246.0,79.475
NOR,1996.7641666666673,253.0,79.475
NOR,2008.1863888888895,257.0,79.475
NOR,2031.653055555556,264.0,79.475
NOR,2055.653055555556,270.0,79.475
NOR,2144.008611111112,284.0,79.475
NOR,2175.8975000000005,287.0,79.475
NOR,2204.4975000000004,286.0,79.475
NOR,2217.3419444444444,289.0,79.475
NOR,2236.808611111111,292.0,79.475
NOR,2256.4086111111114,294.0,79.475
NOR,2279.430833333334,296.0,79.475
NOR,2299.2147222222225,298.0,79.475
NOR,2312.548055555556,300.0,79.475
NOR,2332.7480555555553,303.0,79.475
NOR,2356.703611111111,308.0,79.475
NOR,2384.2591666666667,310.0,79.475
NOR,2401.648055555556,313.0,79.475
NOR,2436.7355555555555,315.0,79.475
NOR,2468.4355555555553,317.0,79.475
NOR,2496.702222222222,318.0,79.475
NOR,2532.257777777778,320.0,79.475
NOR,2553.657777777778,321.0,79.475
NOR,2578.6244444444446,321.0,79.475
NOR,2592.891111111111,321.0,79.475
NOR,2625.091111111112,322.0,79.475
NOR,2653.713333333334,322.0,79.475
NOR,2668.0688888888894,323.0,79.475
NOR,2696.6911111111117,322.0,79.475
NOR,2728.8911111111115,322.0,79.475
NOR,2760.9911111111114,321.0,79.475
NOR,2789.346666666667,319.0,79.475
NOR,2828.091111111111,317.0,79.475
NOR,2859.591111111111,315.0,79.475
NOR,2873.7244444444445,318.0,79.475
NOR,2894.8361111111108,318.0,79.475
NOR,2912.225,313.0,79.475
NOR,2936.336111111111,310.0,79.475
NOR,2949.8916666666664,305.0,79.475
NOR,2976.558333333333,300.0,79.475
NOR,3002.958333333333,297.0,79.475
NOR,3016.061944444444,293.0,79.475
NOR,3035.5952777777775,293.0,79.475
NOR,3057.9175,287.0,79.475
NOR,3074.028611111111,290.0,79.475
NOR,3086.606388888889,283.0,79.475
NOR,3108.3063888888883,279.0,79.475
NOR,3126.6397222222217,275.0,79.475
NOR,3144.7730555555554,272.0,79.475
NOR,3159.828611111111,271.0,79.475
NOR,3180.5952777777775,267.0,79.475
NOR,3195.2619444444445,264.0,79.475
NOR,3209.8175,262.0,79.475
NOR,3224.3174999999997,261.0,79.475
NOR,3235.650833333333,255.0,79.475
NOR,3252.3841666666663,251.0,79.475
NOR,3271.128611111111,241.0,79.475
NOR,3294.7286111111107,236.0,79.475
NOR,3318.3286111111106,236.0,79.475
NOR,3329.039722222222,241.0,79.475
NOR,3348.0174999999995,244.0,79.475
NOR,3366.8397222222216,242.0,79.475
NOR,3390.57361111111,238.0,79.475
NOR,3414.57361111111,240.0,79.475
NOR,3427.9069444444435,240.0,79.475
NOR,3443.97361111111,241.0,79.475
NOR,3454.862499999999,245.0,79.475
NOR,3477.351388888888,253.0,79.475
NOR,3500.445555555554,259.0,79.475
NOR,3514.945555555554,261.0,79.475
NOR,3544.723333333332,268.0,79.475
NOR,3568.723333333332,270.0,79.475
NOR,3593.1677777777763,275.0,79.475
NOR,3611.5677777777764,276.0,79.475
NOR,3623.834444444443,276.0,79.475
NOR,3645.6122222222207,280.0,79.475
NOR,3661.223333333332,281.0,79.475
NOR,3682.9233333333323,279.0,79.475
NOR,3695.545555555554,284.0,79.475
NOR,3708.212222222221,285.0,79.475
NOR,3727.278888888887,286.0,79.475
NOR,3762.234444444443,286.0,79.475
NOR,3790.834444444443,286.0,79.475
NOR,3803.6344444444426,288.0,79.475
NOR,3822.834444444443,288.0,79.475
NOR,3845.234444444443,288.0,79.475
NOR,3870.923333333332,289.0,79.475
NOR,3886.978888888887,289.0,79.475
NOR,3909.298888888887,288.0,79.475
NOR,3928.23222222222,284.0,79.475
NOR,3940.809999999998,283.0,79.475
NOR,3974.6655555555535,277.0,79.475
NOR,3993.14222222222,276.0,79.475
NOR,4007.531111111109,259.0,79.475
NOR,4022.664444444443,227.0,79.475
NOR,4041.464444444443,188.0,79.475
NOR,4048.6199999999985,161.0,79.475
NOR,4055.775555555554,161.0,79.475
NOR,4066.6644444444432,140.0,79.475
NOR,4077.0088888888877,133.0,79.475
NOR,4085.675555555554,130.0,79.475
NOR,4092.842222222221,129.0,79.475
NOR,4104.842222222221,120.0,79.475
NOR,4111.619999999998,122.0,79.475
NOR,4124.319999999998,127.0,79.475
NOR,4130.497777777776,139.0,79.475
NOR,4140.297777777776,147.0,79.475
NOR,4148.908888888887,155.0,79.475
NOR,4161.819999999999,166.0,79.475
NOR,4169.33111111111,169.0,79.475
NOR,4189.5533333333315,182.0,79.475
NOR,4229.353333333332,199.0,79.475
NOR,4240.686666666666,204.0,79.475
NOR,4256.729166666665,207.0,79.475
NOR,4277.929166666665,212.0,79.475
NOR,4287.57361111111,217.0,79.475
NOR,4307.218055555554,221.0,79.475
NOR,4329.579999999998,223.0,79.475
NOR,4346.8466666666645,222.0,79.475
NOR,4356.668888888887,221.0,79.475
NOR,4368.835555555554,219.0,79.475
NOR,4381.002222222221,219.0,79.475
NOR,4395.735555555553,221.0,79.475
NOR,4410.468888888886,221.0,79.475
NOR,4427.891111111108,224.0,79.475
NOR,4440.391111111108,225.0,79.475
NOR,4462.991111111109,226.0,79.475
NOR,4486.1911111111085,232.0,79.475
NOR,4504.391111111108,234.0,79.475
NOR,4523.50222222222,215.0,79.475
NOR,4537.657777777776,182.0,79.475
NOR,4554.213333333331,149.0,79.475
NOR,4561.768888888887,136.0,79.475
NOR,4570.502222222221,131.0,79.475
NOR,4580.813333333332,116.0,79.475
NOR,4588.079999999998,109.0,79.475
NOR,4600.30222222222,100.0,79.475
NOR,4608.897499999997,97.0,79.475
NOR,4613.119722222219,95.0,79.475
NOR,4618.508611111108,97.0,79.475
NOR,4624.975277777775,97.0,79.475
NOR,4632.272222222219,109.0,79.475
NOR,4647.794444444441,127.0,79.475
NOR,4657.461111111107,145.0,79.475
NOR,4666.127777777774,156.0,79.475
NOR,4685.016666666664,170.0,79.475
NOR,4694.516666666663,171.0,79.475
NOR,4705.916666666663,171.0,79.475
NOR,4719.2166666666635,171.0,79.475
NOR,4736.516666666664,173.0,79.475
NOR,4754.516666666664,180.0,79.475
NOR,4764.627777777774,182.0,79.475
NOR,4775.127777777774,189.0,79.475
NOR,4790.527777777774,198.0,79.475
NOR,4799.505555555551,202.0,79.475
NOR,4826.149999999996,218.0,79.475
NOR,4835.838888888885,218.0,79.475
NOR,4864.438888888884,234.0,79.475
NOR,4875.10555555555,240.0,79.475
NOR,4891.5722222222175,247.0,79.475
NOR,4920.461111111106,260.0,79.475
NOR,4950.275277777773,269.0,79.475
NOR,4962.364166666662,272.0,79.475
NOR,4977.697499999996,276.0,79.475
NOR,4996.497499999997,282.0,79.475
NOR,5015.643611111108,286.0,79.475
NOR,5034.976944444441,290.0,79.475
NOR,5051.199166666664,292.0,79.475
NOR,5083.754722222218,293.0,79.475
NOR,5103.421388888885,295.0,79.475
NOR,5116.57694444444,296.0,79.475
NOR,5129.77694444444,297.0,79.475
NOR,5152.954722222218,298.0,79.475
NOR,5166.2436111111065,299.0,79.475
NOR,5182.910277777773,300.0,79.475
NOR,5209.57694444444,300.0,79.475
NOR,5226.2436111111065,300.0,79.475
HAM,3.1888888888888887,287.0,79.478
HAM,101.52222222222221,295.0,79.478
HAM,127.7511111111111,296.0,79.478
HAM,150.8511111111111,297.0,79.478
HAM,164.00666666666666,296.0,79.478
HAM,183.80666666666664,297.0,79.478
HAM,200.36222222222221,298.0,79.478
HAM,220.22888888888886,298.0,79.478
HAM,255.9177777777778,292.0,79.478
HAM,280.5177777777778,246.0,79.478
HAM,292.74,220.0,79.478
HAM,306.32972222222224,203.0,79.478
HAM,316.9408333333334,191.0,79.478
HAM,336.71861111111116,178.0,79.478
HAM,346.4408333333334,175.0,79.478
HAM,360.1297222222223,176.0,79.478
HAM,379.57416666666677,175.0,79.478
HAM,387.5741666666667,180.0,79.478
HAM,395.5741666666667,180.0,79.478
HAM,410.50750000000005,192.0,79.478
HAM,421.6186111111112,200.0,79.478
HAM,435.35194444444454,206.0,79.478
HAM,444.50750000000005,206.0,79.478
HAM,466.6075000000001,221.0,79.478
HAM,484.3408333333334,228.0,79.478
HAM,510.7852777777778,238.0,79.478
HAM,526.7186111111112,239.0,79.478
HAM,537.6075,245.0,79.478
HAM,554.0055555555556,247.0,79.478
HAM,567.8944444444444,250.0,79.478
HAM,587.9611111111111,258.0,79.478
HAM,608.4944444444444,264.0,79.478
HAM,623.3277777777778,267.0,79.478
HAM,638.3277777777778,270.0,79.478
HAM,659.561111111111,273.0,79.478
HAM,681.0277777777778,276.0,79.478
HAM,696.5277777777778,279.0,79.478
HAM,718.5394444444445,282.0,79.478
HAM,734.3727777777777,285.0,79.478
HAM,753.3727777777777,285.0,79.478
HAM,769.3172222222221,287.0,79.478
HAM,798.4172222222222,291.0,79.478
HAM,811.3505555555556,291.0,79.478
HAM,830.8172222222223,292.0,79.478
HAM,853.6061111111112,293.0,79.478
HAM,882.8061111111111,292.0,79.478
HAM,904.9727777777779,285.0,79.478
HAM,935.5283333333333,275.0,79.478
HAM,956.3727777777779,268.0,79.478
HAM,968.1505555555557,265.0,79.478
HAM,984.683888888889,248.0,79.478
HAM,999.0838888888889,216.0,79.478
HAM,1013.3172222222222,183.0,79.478
HAM,1022.4838888888888,165.0,79.478
HAM,1030.8727777777779,151.0,79.478
HAM,1048.0369444444445,129.0,79.478
HAM,1053.4591666666668,122.0,79.478
HAM,1061.3258333333333,118.0,79.478
HAM,1071.1036111111111,110.0,79.478
HAM,1075.903611111111,108.0,79.478
HAM,1081.8480555555557,107.0,79.478
HAM,1091.4480555555556,108.0,79.478
HAM,1097.5591666666667,110.0,79.478
HAM,1106.6916666666666,117.0,79.478
HAM,1112.0249999999999,120.0,79.478
HAM,1120.6916666666664,130.0,79.478
HAM,1129.8249999999998,137.0,79.478
HAM,1136.3138888888886,146.0,79.478
HAM,1144.9805555555554,156.0,79.478
HAM,1154.2027777777776,166.0,79.478
HAM,1165.2694444444444,166.0,79.478
HAM,1175.936111111111,160.0,79.478
HAM,1183.0027777777775,159.0,79.478
HAM,1191.6138888888886,155.0,79.478
HAM,1201.747222222222,152.0,79.478
HAM,1217.147222222222,154.0,79.478
HAM,1225.9249999999997,158.0,79.478
HAM,1236.7249999999997,162.0,79.478
HAM,1253.9249999999997,172.0,79.478
HAM,1263.9249999999997,180.0,79.478
HAM,1278.7027777777773,190.0,79.478
HAM,1291.6361111111107,194.0,79.478
HAM,1302.580555555555,197.0,79.478
HAM,1328.920555555555,216.0,79.478
HAM,1353.9205555555552,225.0,79.478
HAM,1371.9649999999995,232.0,79.478
HAM,1385.0761111111105,236.0,79.478
HAM,1398.3538888888886,239.0,79.478
HAM,1417.2538888888885,243.0,79.478
HAM,1436.3774999999998,245.0,79.478
HAM,1464.0441666666663,249.0,79.478
HAM,1489.1441666666663,251.0,79.478
HAM,1517.3663888888887,254.0,79.478
HAM,1528.6552777777777,254.0,79.478
HAM,1551.6774999999996,259.0,79.478
HAM,1574.9663888888886,262.0,79.478
HAM,1659.2774999999997,271.0,79.478
HAM,1689.8330555555551,275.0,79.478
HAM,1717.5330555555554,277.0,79.478
HAM,1729.8441666666665,277.0,79.478
HAM,1748.0441666666663,273.0,79.478
HAM,1765.9774999999995,269.0,79.478
HAM,1786.4330555555553,263.0,79.478
HAM,1803.6941666666664,260.0,79.478
HAM,1814.4941666666664,243.0,79.478
HAM,1830.0274999999997,233.0,79.478
HAM,1847.6052777777775,226.0,79.478
HAM,1867.2497222222219,221.0,79.478
HAM,1879.5830555555551,222.0,79.478
HAM,1904.5341666666661,224.0,79.478
HAM,1928.134166666666,236.0,79.478
HAM,1949.5563888888883,241.0,79.478
HAM,1977.4452777777774,251.0,79.478
HAM,1994.4452777777774,255.0,79.478
HAM,2014.8230555555554,262.0,79.478
HAM,2026.6452777777777,266.0,79.478
HAM,2053.6452777777777,270.0,79.478
HAM,2078.2675,277.0,79.478
HAM,2090.5786111111106,277.0,79.478
HAM,2115.5563888888883,281.0,79.478
HAM,2144.0563888888883,285.0,79.478
HAM,2172.6563888888886,286.0,79.478
HAM,2198.345277777777,289.0,79.478
HAM,2234.0341666666664,292.0,79.478
HAM,2263.4341666666664,294.0,79.478
HAM,2276.5452777777773,295.0,79.478
HAM,2296.1963888888886,296.0,79.478
HAM,2312.696388888888,297.0,79.478
HAM,2336.107499999999,301.0,79.478
HAM,2349.5297222222216,302.0,79.478
HAM,2376.640833333333,305.0,79.478
HAM,2404.0186111111107,308.0,79.478
HAM,2417.7930555555545,308.0,79.478
HAM,2438.526388888888,311.0,79.478
HAM,2462.715277777777,311.0,79.478
HAM,2479.9930555555547,311.0,79.478
HAM,2493.815277777777,311.0,79.478
HAM,2518.2374999999993,314.0,79.478
HAM,2539.2374999999993,315.0,79.478
HAM,2560.3041666666654,316.0,79.478
HAM,2577.804166666666,315.0,79.478
HAM,2602.381944444444,316.0,79.478
HAM,2619.9930555555547,317.0,79.478
HAM,2637.604166666666,317.0,79.478
HAM,2655.2152777777774,317.0,79.478
HAM,2669.2597222222216,316.0,79.478
HAM,2690.459722222222,318.0,79.478
HAM,2715.0375,316.0,79.478
HAM,2746.5375,315.0,79.478
HAM,2778.0375,315.0,79.478
HAM,2791.948611111111,313.0,79.478
HAM,2816.2930555555554,313.0,79.478
HAM,2840.5597222222223,312.0,79.478
HAM,2871.772777777778,313.0,79.478
HAM,2902.6727777777783,309.0,79.478
HAM,2919.672777777778,306.0,79.478
HAM,2940.072777777778,306.0,79.478
HAM,2953.5838888888893,304.0,79.478
HAM,2980.6061111111117,304.0,79.478
HAM,3007.6236111111116,303.0,79.478
HAM,3024.3458333333333,301.0,79.478
HAM,3057.1236111111116,295.0,79.478
HAM,3082.9902777777784,291.0,79.478
HAM,3108.234722222223,284.0,79.478
HAM,3127.0347222222226,282.0,79.478
HAM,3139.3902777777785,278.0,79.478
HAM,3160.856944444445,276.0,79.478
HAM,3176.190277777778,276.0,79.478
HAM,3197.190277777778,270.0,79.478
HAM,3209.0569444444445,267.0,79.478
HAM,3220.8347222222224,265.0,79.478
HAM,3237.7680555555557,254.0,79.478
HAM,3267.590277777778,244.0,79.478
HAM,3290.990277777778,234.0,79.478
HAM,3301.3458333333338,233.0,79.478
HAM,3316.8791666666666,233.0,79.478
HAM,3335.2347222222224,236.0,79.478
HAM,3356.301388888889,237.0,79.478
HAM,3369.468055555556,237.0,79.478
HAM,3387.6805555555557,235.0,79.478
HAM,3403.4138888888892,236.0,79.478
HAM,3413.991666666667,238.0,79.478
HAM,3443.8138888888893,244.0,79.478
HAM,3460.2152777777783,245.0,79.478
HAM,3474.104166666667,250.0,79.478
HAM,3490.904166666667,252.0,79.478
HAM,3516.504166666667,256.0,79.478
HAM,3528.1486111111117,262.0,79.478
HAM,3539.9708333333338,266.0,79.478
HAM,3560.6597222222226,266.0,79.478
HAM,3581.815277777778,272.0,79.478
HAM,3600.2152777777783,276.0,79.478
HAM,3615.604166666667,277.0,79.478
HAM,3643.504166666667,279.0,79.478
HAM,3659.1152777777784,281.0,79.478
HAM,3687.4152777777786,283.0,79.478
HAM,3700.0375000000004,284.0,79.478
HAM,3719.0375000000004,285.0,79.478
HAM,3734.9263888888895,286.0,79.478
HAM,3757.248611111112,287.0,79.478
HAM,3770.0041666666675,287.0,79.478
HAM,3801.893055555556,287.0,79.478
HAM,3859.693055555556,289.0,79.478
HAM,3875.7486111111116,289.0,79.478
HAM,3898.146111111111,289.0,79.478
HAM,3926.6461111111116,285.0,79.478
HAM,3939.223888888889,283.0,79.478
HAM,3963.7572222222225,276.0,79.478
HAM,3990.7319444444447,269.0,79.478
HAM,4011.654166666667,269.0,79.478
HAM,4022.6319444444453,247.0,79.478
HAM,4035.520833333334,232.0,79.478
HAM,4046.1319444444453,191.0,79.478
HAM,4058.1319444444453,180.0,79.478
HAM,4068.4652777777783,155.0,79.478
HAM,4079.743055555556,145.0,79.478
HAM,4087.2986111111118,136.0,79.478
HAM,4099.998611111112,127.0,79.478
HAM,4112.398611111112,124.0,79.478
HAM,4122.120833333334,125.0,79.478
HAM,4133.67638888889,130.0,79.478
HAM,4144.643055555557,141.0,79.478
HAM,4162.309722222224,159.0,79.478
HAM,4171.309722222224,162.0,79.478
HAM,4183.043055555558,176.0,79.478
HAM,4199.754166666668,188.0,79.478
HAM,4212.554166666669,192.0,79.478
HAM,4237.36527777778,203.0,79.478
HAM,4255.885000000002,209.0,79.478
HAM,4265.26277777778,211.0,79.478
HAM,4277.207222222224,215.0,79.478
HAM,4291.740555555558,218.0,79.478
HAM,4306.602222222225,222.0,79.478
HAM,4333.735555555558,222.0,79.478
HAM,4348.468888888891,221.0,79.478
HAM,4360.635555555557,219.0,79.478
HAM,4384.968888888891,219.0,79.478
HAM,4397.135555555558,219.0,79.478
HAM,4411.868888888891,221.0,79.478
HAM,4429.135555555557,222.0,79.478
HAM,4451.635555555557,225.0,79.478
HAM,4474.235555555558,226.0,79.478
HAM,4486.95777777778,229.0,79.478
HAM,4499.735555555558,230.0,79.478
HAM,4517.546666666669,229.0,79.478
HAM,4527.591111111114,226.0,79.478
HAM,4549.95777777778,183.0,79.478
HAM,4557.291111111113,165.0,79.478
HAM,4574.2800000000025,139.0,79.478
HAM,4580.05777777778,130.0,79.478
HAM,4588.391111111114,125.0,79.478
HAM,4600.502222222224,109.0,79.478
HAM,4611.585555555557,100.0,79.478
HAM,4615.852222222225,96.0,79.478
HAM,4621.296666666669,98.0,79.478
HAM,4627.963333333336,100.0,79.478
HAM,4634.925555555558,104.0,79.478
HAM,4642.458888888891,113.0,79.478
HAM,4649.070000000002,119.0,79.478
HAM,4664.403333333336,138.0,79.478
HAM,4673.936666666669,143.0,79.478
HAM,4680.958888888891,158.0,79.478
HAM,4688.158888888891,162.0,79.478
HAM,4701.225555555558,168.0,79.478
HAM,4708.825555555558,171.0,79.478
HAM,4718.381111111113,172.0,79.478
HAM,4733.84777777778,174.0,79.478
HAM,4743.514444444447,174.0,79.478
HAM,4759.336666666669,178.0,79.478
HAM,4776.136666666669,189.0,79.478
HAM,4786.858888888891,193.0,79.478
HAM,4798.081111111113,202.0,79.478
HAM,4816.481111111114,207.0,79.478
HAM,4830.881111111114,216.0,79.478
HAM,4848.14777777778,222.0,79.478
HAM,4877.2366666666685,238.0,79.478
HAM,4893.436666666668,243.0,79.478
HAM,4907.381111111113,251.0,79.478
HAM,4927.292222222224,256.0,79.478
HAM,4944.752500000002,263.0,79.478
HAM,4968.3969444444465,266.0,79.478
HAM,4983.52777777778,271.0,79.478
HAM,5008.1500000000015,277.0,79.478
HAM,5020.550000000002,279.0,79.478
HAM,5045.794444444446,284.0,79.478
HAM,5071.305555555557,287.0,79.478
HAM,5087.416666666668,290.0,79.478
HAM,5120.083333333335,294.0,79.478
HAM,5152.972222222223,296.0,79.478
HAM,5169.416666666667,296.0,79.478
HAM,5189.4833333333345,301.0,79.478
HAM,5206.205555555556,301.0,79.478
HAM,5222.9833333333345,302.0,79.478
HAM,5239.872222222223,304.0,79.478
LAW,28.4625,297.0,79.994
LAW,58.3625,299.0,79.994
LAW,91.91805555555555,302.0,79.994
LAW,105.38472222222222,303.0,79.994
LAW,132.40694444444443,304.0,79.994
LAW,159.42916666666667,304.0,79.994
LAW,251.51805555555555,296.0,79.994
LAW,279.9625,256.0,79.994
LAW,301.0625,211.0,79.994
LAW,309.41805555555555,188.0,79.994
LAW,321.21805555555557,177.0,79.994
LAW,332.4847222222222,169.0,79.994
LAW,345.08472222222224,162.0,79.994
LAW,355.70694444444445,160.0,79.994
LAW,362.8625,161.0,79.994
LAW,373.79583333333335,164.0,79.994
LAW,386.8625,168.0,79.994
LAW,403.21805555555557,184.0,79.994
LAW,413.99583333333334,194.0,79.994
LAW,437.2761111111111,209.0,79.994
LAW,459.17611111111114,219.0,79.994
LAW,479.265,226.0,79.994
LAW,505.9316666666667,240.0,79.994
LAW,522.3316666666667,246.0,79.994
LAW,542.0094444444444,253.0,79.994
LAW,553.2538888888888,253.0,79.994
LAW,579.4538888888887,262.0,79.994
LAW,603.3649999999999,269.0,79.994
LAW,615.5427777777777,274.0,79.994
LAW,640.3427777777778,279.0,79.994
LAW,668.7427777777777,284.0,79.994
LAW,697.8427777777779,291.0,79.994
LAW,723.9761111111112,294.0,79.994
LAW,760.6427777777778,300.0,79.994
LAW,790.9427777777778,303.0,79.994
LAW,804.453888888889,304.0,79.994
LAW,824.768888888889,306.0,79.994
LAW,841.8244444444446,307.0,79.994
LAW,865.8577777777779,309.0,79.994
LAW,879.5911111111112,309.0,79.994
LAW,906.8800000000001,307.0,79.994
LAW,933.4577777777779,299.0,79.994
LAW,946.3377777777779,288.0,79.994
LAW,964.8044444444446,277.0,79.994
LAW,983.4711111111112,240.0,79.994
LAW,995.5822222222224,218.0,79.994
LAW,1004.8711111111113,209.0,79.994
LAW,1019.2600000000001,185.0,79.994
LAW,1030.1266666666668,163.0,79.994
LAW,1040.1266666666668,150.0,79.994
LAW,1047.848888888889,139.0,79.994
LAW,1057.5711111111111,125.0,79.994
LAW,1063.7933333333333,112.0,79.994
LAW,1069.8488888888887,109.0,79.994
LAW,1075.5155555555555,102.0,79.994
LAW,1079.7822222222221,96.0,79.994
LAW,1085.8488888888887,91.0,79.994
LAW,1092.8488888888887,90.0,79.994
LAW,1102.3488888888887,95.0,79.994
LAW,1112.8488888888887,105.0,79.994
LAW,1117.5155555555555,105.0,79.994
LAW,1126.8488888888887,120.0,79.994
LAW,1136.7266666666665,127.0,79.994
LAW,1151.286111111111,146.0,79.994
LAW,1166.986111111111,157.0,79.994
LAW,1175.875,160.0,79.994
LAW,1186.2749999999999,156.0,79.994
LAW,1193.0749999999998,153.0,79.994
LAW,1206.3194444444443,149.0,79.994
LAW,1219.1594444444445,144.0,79.994
LAW,1227.2705555555556,146.0,79.994
LAW,1244.9372222222223,159.0,79.994
LAW,1259.7816666666665,167.0,79.994
LAW,1275.7816666666665,180.0,79.994
LAW,1288.115,185.0,79.994
LAW,1296.3372222222222,185.0,79.994
LAW,1311.8927777777776,200.0,79.994
LAW,1323.1705555555554,203.0,79.994
LAW,1339.5816666666665,211.0,79.994
LAW,1349.0927777777777,214.0,79.994
LAW,1358.915,221.0,79.994
LAW,1373.7816666666668,223.0,79.994
LAW,1402.0149999999999,231.0,79.994
LAW,1425.5149999999999,235.0,79.994
LAW,1436.0483333333332,237.0,79.994
LAW,1451.915,238.0,79.994
LAW,1470.503888888889,239.0,79.994
LAW,1491.837222222222,240.0,79.994
LAW,1505.2816666666665,242.0,79.994
LAW,1524.1141666666665,243.0,79.994
LAW,1540.4474999999998,245.0,79.994
LAW,1551.4252777777776,247.0,79.994
LAW,1581.858611111111,249.0,79.994
LAW,1598.728611111111,252.0,79.994
LAW,1612.839722222222,254.0,79.994
LAW,1629.9063888888886,256.0,79.994
LAW,1655.7063888888888,258.0,79.994
LAW,1667.2619444444445,260.0,79.994
LAW,1678.8175,260.0,79.994
LAW,1699.039722222222,260.0,79.994
LAW,1719.1841666666667,259.0,79.994
LAW,1736.3174999999999,257.0,79.994
LAW,1750.5397222222223,256.0,79.994
LAW,1776.0397222222223,255.0,79.994
LAW,1789.9286111111112,250.0,79.994
LAW,1812.9286111111112,230.0,79.994
LAW,1822.6175,218.0,79.994
LAW,1837.0175,216.0,79.994
LAW,1848.6841666666667,210.0,79.994
LAW,1865.0175,210.0,79.994
LAW,1874.306388888889,209.0,79.994
LAW,1897.9730555555557,213.0,79.994
LAW,1944.1730555555555,231.0,79.994
LAW,1957.3952777777777,238.0,79.994
LAW,1976.4602777777777,246.0,79.994
LAW,2001.5602777777779,251.0,79.994
LAW,2013.0269444444443,258.0,79.994
LAW,2036.5825,265.0,79.994
LAW,2063.9583333333335,273.0,79.994
LAW,2085.4249999999997,276.0,79.994
LAW,2097.825,279.0,79.994
LAW,2113.4361111111107,281.0,79.994
LAW,2129.2138888888885,284.0,79.994
LAW,2148.2138888888885,285.0,79.994
LAW,2167.413888888889,288.0,79.994
LAW,2189.969444444444,290.0,79.994
LAW,2206.136111111111,291.0,79.994
LAW,2235.536111111111,294.0,79.994
LAW,2265.236111111111,297.0,79.994
LAW,2288.413888888889,298.0,79.994
LAW,2314.991666666667,299.0,79.994
LAW,2338.791666666667,306.0,79.994
LAW,2373.3472222222226,311.0,79.994
LAW,2390.7916666666674,314.0,79.994
LAW,2411.8583333333336,316.0,79.994
LAW,2440.213888888889,319.0,79.994
LAW,2461.613888888889,321.0,79.994
LAW,2500.847222222222,321.0,79.994
LAW,2529.557222222222,324.0,79.994
LAW,2544.0016666666666,325.0,79.994
LAW,2562.057222222222,325.0,79.994
LAW,2583.723888888889,325.0,79.994
LAW,2605.6147222222226,327.0,79.994
LAW,2645.581388888889,327.0,79.994
LAW,2667.381388888889,327.0,79.994
LAW,2685.6036111111107,328.0,79.994
LAW,2721.9369444444446,327.0,79.994
LAW,2740.1036111111107,327.0,79.994
LAW,2761.7702777777777,325.0,79.994
LAW,2786.970277777778,324.0,79.994
LAW,2819.370277777778,324.0,79.994
LAW,2851.570277777778,322.0,79.994
LAW,2869.4036111111113,321.0,79.994
LAW,2887.1813888888887,320.0,79.994
LAW,2911.9147222222223,318.0,79.994
LAW,2926.0480555555555,318.0,79.994
LAW,2964.4258333333337,314.0,79.994
LAW,2978.381388888889,314.0,79.994
LAW,3016.3925000000004,311.0,79.994
LAW,3030.2147222222225,311.0,79.994
LAW,3050.814722222223,309.0,79.994
LAW,3084.5925000000007,304.0,79.994
LAW,3117.620833333334,298.0,79.994
LAW,3130.776388888889,296.0,79.994
LAW,3147.054166666667,293.0,79.994
LAW,3166.3875000000003,290.0,79.994
LAW,3185.6005555555557,287.0,79.994
LAW,3204.6005555555553,285.0,79.994
LAW,3219.9338888888888,276.0,79.994
LAW,3247.267222222222,246.0,79.994
LAW,3263.3338888888884,241.0,79.994
LAW,3273.911666666666,238.0,79.994
LAW,3284.178333333333,231.0,79.994
LAW,3301.9116666666664,228.0,79.994
LAW,3312.0449999999996,228.0,79.994
LAW,3324.7116666666666,228.0,79.994
LAW,3345.5116666666668,234.0,79.994
LAW,3358.5116666666663,234.0,79.994
LAW,3379.2227777777775,233.0,79.994
LAW,3400.111666666666,235.0,79.994
LAW,3413.2227777777775,236.0,79.994
LAW,3426.3338888888884,236.0,79.994
LAW,3447.667222222222,240.0,79.994
LAW,3464.0005555555554,245.0,79.994
LAW,3483.4449999999997,250.0,79.994
LAW,3514.8561111111107,257.0,79.994
LAW,3532.1894444444442,260.0,79.994
LAW,3546.856111111111,264.0,79.994
LAW,3567.700555555555,268.0,79.994
LAW,3585.6919444444443,271.0,79.994
LAW,3610.0474999999997,274.0,79.994
LAW,3625.513333333333,277.0,79.994
LAW,3650.313333333333,279.0,79.994
LAW,3662.7133333333327,279.0,79.994
LAW,3687.6911111111103,281.0,79.994
LAW,3712.935555555555,284.0,79.994
LAW,3728.7133333333327,284.0,79.994
LAW,3760.379999999999,285.0,79.994
LAW,3792.0466666666657,285.0,79.994
LAW,3807.879999999999,285.0,79.994
LAW,3826.9466666666654,286.0,79.994
LAW,3842.89111111111,287.0,79.994
LAW,3858.89111111111,288.0,79.994
LAW,3874.8911111111097,288.0,79.994
LAW,3890.89111111111,288.0,79.994
LAW,3906.8911111111097,288.0,79.994
LAW,3919.6466666666656,287.0,79.994
LAW,3941.657777777777,283.0,79.994
LAW,3969.757777777777,281.0,79.994
LAW,3985.202222222221,278.0,79.994
LAW,4003.3355555555545,272.0,79.994
LAW,4016.6133333333323,239.0,79.994
LAW,4028.279999999999,210.0,79.994
LAW,4042.8244444444435,187.0,79.994
LAW,4060.0466666666657,155.0,79.994
LAW,4067.879999999999,141.0,79.994
LAW,4077.7999999999993,128.0,79.994
LAW,4084.688888888888,124.0,79.994
LAW,4096.421388888888,117.0,79.994
LAW,4102.976944444444,118.0,79.994
LAW,4119.110277777777,121.0,79.994
LAW,4126.221388888888,128.0,79.994
LAW,4142.110277777777,143.0,79.994
LAW,4150.665833333333,154.0,79.994
LAW,4157.6880555555545,158.0,79.994
LAW,4172.888055555554,171.0,79.994
LAW,4184.888055555554,180.0,79.994
LAW,4197.754722222221,193.0,79.994
LAW,4215.799166666666,203.0,79.994
LAW,4239.465833333333,213.0,79.994
LAW,4254.399166666666,224.0,79.994
LAW,4267.065833333332,228.0,79.994
LAW,4285.3436111111105,235.0,79.994
LAW,4298.3436111111105,234.0,79.994
LAW,4310.899166666666,226.0,79.994
LAW,4333.099166666667,222.0,79.994
LAW,4342.6547222222225,215.0,79.994
LAW,4379.988055555556,210.0,79.994
LAW,4401.388055555555,214.0,79.994
LAW,4423.227222222222,219.0,79.994
LAW,4443.1113888888885,223.0,79.994
LAW,4463.200277777778,226.0,79.994
LAW,4478.466944444444,229.0,79.994
LAW,4501.866944444444,234.0,79.994
LAW,4519.055833333333,221.0,79.994
LAW,4540.933611111111,179.0,79.994
LAW,4557.155833333333,146.0,79.994
LAW,4568.089166666667,123.0,79.994
LAW,4573.244722222222,116.0,79.994
LAW,4580.711388888888,112.0,79.994
LAW,4586.655833333332,107.0,79.994
LAW,4594.43361111111,100.0,79.994
LAW,4601.033611111109,99.0,79.994
LAW,4611.366944444442,93.0,79.994
LAW,4618.755833333331,95.0,79.994
LAW,4628.855833333331,101.0,79.994
LAW,4634.800277777776,107.0,79.994
LAW,4651.733611111109,127.0,79.994
LAW,4662.3113888888865,136.0,79.994
LAW,4670.422499999998,146.0,79.994
LAW,4679.1447222222205,157.0,79.994
LAW,4695.199999999998,161.0,79.994
LAW,4704.468333333331,166.0,79.994
LAW,4711.8016666666645,165.0,79.994
LAW,4724.868333333331,168.0,79.994
LAW,4732.512777777775,172.0,79.994
LAW,4752.401666666665,179.0,79.994
LAW,4764.468333333331,181.0,79.994
LAW,4772.646111111109,184.0,79.994
LAW,4787.346111111109,189.0,79.994
LAW,4809.4572222222205,199.0,79.994
LAW,4820.9572222222205,207.0,79.994
LAW,4840.246111111109,217.0,79.994
LAW,4852.690555555553,224.0,79.994
LAW,4870.579444444442,230.0,79.994
LAW,4883.8016666666645,238.0,79.994
LAW,4900.268333333331,247.0,79.994
LAW,4917.334999999997,256.0,79.994
LAW,4940.712777777776,263.0,79.994
LAW,4961.7905555555535,271.0,79.994
LAW,5022.801666666664,289.0,79.994
LAW,5055.690555555553,296.0,79.994
LAW,5079.023888888886,300.0,79.994
LAW,5112.912777777774,305.0,79.994
LAW,5137.188055555553,311.0,79.994
LAW,5154.6558333333305,316.0,79.994
LAW,5175.789166666665,317.0,79.994
LAW,5193.511388888885,319.0,79.994
LAW,5214.711388888886,318.0,79.994
LIN,16.98,283.0,79.971
LIN,36.18000000000001,288.0,79.971
LIN,65.28,291.0,79.971
LIN,87.83555555555557,290.0,79.971
LIN,114.05777777777777,295.0,79.971
LIN,146.39111111111112,291.0,79.971
LIN,159.54666666666665,296.0,79.971
LIN,186.03555555555553,298.0,79.971
LIN,199.28,298.0,79.971
LIN,215.83555555555557,298.0,79.971
LIN,248.83555555555557,297.0,79.971
LIN,266.5022222222222,265.0,79.971
LIN,279.9580555555555,241.0,79.971
LIN,289.69138888888887,219.0,79.971
LIN,300.5247222222222,195.0,79.971
LIN,317.00638888888886,186.0,79.971
LIN,334.60638888888883,176.0,79.971
LIN,342.2508333333333,172.0,79.971
LIN,351.52861111111105,167.0,79.971
LIN,358.7730555555555,163.0,79.971
LIN,371.7619444444444,167.0,79.971
LIN,379.2286111111111,168.0,79.971
LIN,390.82861111111106,174.0,79.971
LIN,404.5952777777777,177.0,79.971
LIN,422.3730555555555,200.0,79.971
LIN,433.8730555555554,207.0,79.971
LIN,448.1397222222221,214.0,79.971
LIN,462.80638888888876,220.0,79.971
LIN,487.9174999999999,226.0,79.971
LIN,512.3174999999999,244.0,79.971
LIN,537.4174999999998,251.0,79.971
LIN,551.4174999999999,252.0,79.971
LIN,568.5508333333332,257.0,79.971
LIN,592.2841666666666,267.0,79.971
LIN,628.9508333333331,275.0,79.971
LIN,641.3063888888887,278.0,79.971
LIN,656.9730555555554,282.0,79.971
LIN,675.8397222222221,283.0,79.971
LIN,688.6302777777777,286.0,79.971
LIN,707.8969444444443,289.0,79.971
LIN,743.6266666666666,293.0,79.971
LIN,756.8266666666666,297.0,79.971
LIN,773.3266666666666,297.0,79.971
LIN,786.6155555555555,299.0,79.971
LIN,810.0266666666665,301.0,79.971
LIN,833.5155555555555,302.0,79.971
LIN,857.1599999999999,304.0,79.971
LIN,877.4933333333332,305.0,79.971
LIN,897.4933333333332,300.0,79.971
LIN,929.6044444444442,289.0,79.971
LIN,945.4933333333332,286.0,79.971
LIN,991.6933333333332,189.0,79.971
LIN,1001.8044444444444,182.0,79.971
LIN,1010.4155555555554,155.0,79.971
LIN,1021.3044444444444,140.0,79.971
LIN,1030.0377777777776,131.0,79.971
LIN,1035.771111111111,129.0,79.971
LIN,1042.6044444444442,123.0,79.971
LIN,1049.0488888888885,116.0,79.971
LIN,1056.5822222222218,113.0,79.971
LIN,1061.604444444444,113.0,79.971
LIN,1066.626666666666,113.0,79.971
LIN,1072.0711111111107,98.0,79.971
LIN,1081.6977777777772,96.0,79.971
LIN,1086.0088888888884,97.0,79.971
LIN,1090.4977777777772,101.0,79.971
LIN,1095.1199999999994,104.0,79.971
LIN,1102.555555555555,112.0,79.971
LIN,1110.6888888888884,122.0,79.971
LIN,1116.244444444444,125.0,79.971
LIN,1123.6888888888884,134.0,79.971
LIN,1138.2888888888883,146.0,79.971
LIN,1154.2888888888883,160.0,79.971
LIN,1164.9555555555548,160.0,79.971
LIN,1172.066666666666,160.0,79.971
LIN,1182.266666666666,153.0,79.971
LIN,1197.3666666666659,151.0,79.971
LIN,1205.6444444444437,149.0,79.971
LIN,1215.577777777777,149.0,79.971
LIN,1229.355555555555,155.0,79.971
LIN,1240.1555555555549,162.0,79.971
LIN,1247.355555555555,162.0,79.971
LIN,1259.0222222222214,175.0,79.971
LIN,1273.6444444444437,188.0,79.971
LIN,1286.8444444444438,198.0,79.971
LIN,1300.5111111111103,205.0,79.971
LIN,1309.7111111111103,207.0,79.971
LIN,1323.8444444444435,212.0,79.971
LIN,1333.488888888888,217.0,79.971
LIN,1343.3555555555545,222.0,79.971
LIN,1358.4222222222213,226.0,79.971
LIN,1371.2555555555546,231.0,79.971
LIN,1384.1530555555546,231.0,79.971
LIN,1415.886388888888,238.0,79.971
LIN,1426.5086111111102,239.0,79.971
LIN,1437.175277777777,240.0,79.971
LIN,1453.241388888888,242.0,79.971
LIN,1466.6858333333325,242.0,79.971
LIN,1480.1302777777769,242.0,79.971
LIN,1493.6858333333323,244.0,79.971
LIN,1512.8969444444435,247.0,79.971
LIN,1526.6747222222214,248.0,79.971
LIN,1557.3524999999993,251.0,79.971
LIN,1576.9524999999992,252.0,79.971
LIN,1602.552499999999,256.0,79.971
LIN,1622.619166666666,258.0,79.971
LIN,1642.9191666666661,261.0,79.971
LIN,1674.819166666666,261.0,79.971
LIN,1686.3302777777772,259.0,79.971
LIN,1714.8858333333328,257.0,79.971
LIN,1726.2636111111105,256.0,79.971
LIN,1740.319166666666,253.0,79.971
LIN,1764.7191666666658,244.0,79.971
LIN,1792.2191666666658,225.0,79.971
LIN,1803.9969444444437,212.0,79.971
LIN,1817.7969444444436,207.0,79.971
LIN,1836.165277777777,206.0,79.971
LIN,1852.3430555555549,208.0,79.971
LIN,1873.8430555555549,215.0,79.971
LIN,1891.2805555555549,225.0,79.971
LIN,1909.2472222222214,231.0,79.971
LIN,1925.2472222222216,240.0,79.971
LIN,1941.713888888888,247.0,79.971
LIN,1958.4472222222216,251.0,79.971
LIN,1972.5583333333325,254.0,79.971
LIN,1998.458333333333,259.0,79.971
LIN,2019.302777777777,268.0,79.971
LIN,2037.569444444444,274.0,79.971
LIN,2062.191666666666,277.0,79.971
LIN,2093.524999999999,282.0,79.971
LIN,2109.302777777777,284.0,79.971
LIN,2122.013888888888,286.0,79.971
LIN,2144.413888888888,288.0,79.971
LIN,2163.7472222222214,290.0,79.971
LIN,2179.969444444444,292.0,79.971
LIN,2259.1694444444433,297.0,79.971
LIN,2292.280555555555,298.0,79.971
LIN,2322.865277777777,305.0,79.971
LIN,2336.5541666666654,308.0,79.971
LIN,2364.19861111111,311.0,79.971
LIN,2385.065277777777,313.0,79.971
LIN,2402.5652777777773,315.0,79.971
LIN,2423.6769444444435,318.0,79.971
LIN,2441.4547222222213,320.0,79.971
LIN,2477.34361111111,323.0,79.971
LIN,2502.4658333333323,323.0,79.971
LIN,2531.2658333333325,324.0,79.971
LIN,2563.6658333333326,324.0,79.971
LIN,2578.1991666666654,327.0,79.971
LIN,2603.710277777777,328.0,79.971
LIN,2621.9324999999994,328.0,79.971
LIN,2640.210277777777,329.0,79.971
LIN,2658.5436111111103,330.0,79.971
LIN,2702.4102777777766,329.0,79.971
LIN,2731.565833333332,328.0,79.971
LIN,2749.732499999999,327.0,79.971
LIN,2778.710277777777,326.0,79.971
LIN,2800.4436111111104,326.0,79.971
LIN,2832.8436111111105,324.0,79.971
LIN,2850.84361111111,324.0,79.971
LIN,2868.788055555555,323.0,79.971
LIN,2904.432499999999,320.0,79.971
LIN,2936.3324999999995,319.0,79.971
LIN,2950.421388888888,317.0,79.971
LIN,2978.421388888888,315.0,79.971
LIN,3005.9769444444437,310.0,79.971
LIN,3029.6144444444435,305.0,79.971
LIN,3053.0255555555545,301.0,79.971
LIN,3073.0255555555545,300.0,79.971
LIN,3092.625555555555,294.0,79.971
LIN,3105.647777777777,293.0,79.971
LIN,3131.2477777777767,288.0,79.971
LIN,3160.047777777777,288.0,79.971
LIN,3178.7811111111105,281.0,79.971
LIN,3206.0811111111107,273.0,79.971
LIN,3217.192222222222,250.0,79.971
LIN,3233.8588888888885,250.0,79.971
LIN,3249.7255555555553,238.0,79.971
LIN,3268.2366666666667,238.0,79.971
LIN,3291.036666666667,228.0,79.971
LIN,3311.481111111111,230.0,79.971
LIN,3329.758888888889,235.0,79.971
LIN,3340.1588888888887,234.0,79.971
LIN,3358.2033333333334,232.0,79.971
LIN,3376.558888888889,236.0,79.971
LIN,3387.181111111111,239.0,79.971
LIN,3411.247777777778,240.0,79.971
LIN,3427.581111111111,245.0,79.971
LIN,3441.4700000000003,250.0,79.971
LIN,3452.5811111111116,250.0,79.971
LIN,3469.5144444444445,254.0,79.971
LIN,3486.7811111111114,259.0,79.971
LIN,3507.086111111111,262.0,79.971
LIN,3527.775,266.0,79.971
LIN,3545.775,270.0,79.971
LIN,3560.8305555555557,271.0,79.971
LIN,3588.5305555555556,277.0,79.971
LIN,3613.508333333333,281.0,79.971
LIN,3641.8083333333334,283.0,79.971
LIN,3673.475,285.0,79.971
LIN,3695.7194444444444,286.0,79.971
LIN,3718.041666666667,287.0,79.971
LIN,3740.4416666666666,288.0,79.971
LIN,3753.241666666667,288.0,79.971
LIN,3769.2972222222224,289.0,79.971
LIN,3788.4972222222223,288.0,79.971
LIN,3820.608333333333,289.0,79.971
LIN,3836.663888888889,289.0,79.971
LIN,3852.7194444444444,289.0,79.971
LIN,3868.8305555555553,290.0,79.971
LIN,3888.097222222222,289.0,79.971
LIN,3904.2330555555554,289.0,79.971
LIN,3917.0774999999994,289.0,79.971
LIN,3942.144166666666,282.0,79.971
LIN,3969.944166666666,278.0,79.971
LIN,3988.4774999999995,278.0,79.971
LIN,3999.3219444444444,244.0,79.971
LIN,4015.9663888888886,214.0,79.971
LIN,4031.2075,172.0,79.971
LIN,4038.096388888889,155.0,79.971
LIN,4046.429722222222,150.0,79.971
LIN,4057.0852777777777,137.0,79.971
LIN,4064.3630555555555,131.0,79.971
LIN,4070.0074999999997,127.0,79.971
LIN,4080.763055555555,121.0,79.971
LIN,4091.340833333333,119.0,79.971
LIN,4100.596388888889,119.0,79.971
LIN,4116.240833333333,128.0,79.971
LIN,4122.418611111111,139.0,79.971
LIN,4129.3075,155.0,79.971
LIN,4141.596388888889,158.0,79.971
LIN,4182.551944444444,194.0,79.971
LIN,4193.496388888889,197.0,79.971
LIN,4207.096388888889,204.0,79.971
LIN,4221.363055555556,214.0,79.971
LIN,4249.048055555556,226.0,79.971
LIN,4259.270277777778,230.0,79.971
LIN,4272.214722222222,233.0,79.971
LIN,4295.414722222222,232.0,79.971
LIN,4312.759166666667,223.0,79.971
LIN,4332.136944444444,218.0,79.971
LIN,4393.899722222222,214.0,79.971
LIN,4413.2775,218.0,79.971
LIN,4425.555277777778,221.0,79.971
LIN,4440.355277777779,222.0,79.971
LIN,4465.466388888889,226.0,79.971
LIN,4488.466388888889,230.0,79.971
LIN,4516.5775,230.0,79.971
LIN,4527.5775,198.0,79.971
LIN,4535.399722222222,176.0,79.971
LIN,4546.399722222222,165.0,79.971
LIN,4561.310833333333,122.0,79.971
LIN,4573.866388888889,113.0,79.971
LIN,4586.455277777778,103.0,79.971
LIN,4591.926944444444,98.0,79.971
LIN,4597.315833333333,97.0,79.971
LIN,4606.715833333333,94.0,79.971
LIN,4613.115833333332,96.0,79.971
LIN,4618.615833333332,99.0,79.971
LIN,4629.815833333332,112.0,79.971
LIN,4636.204722222221,115.0,79.971
LIN,4642.982499999999,122.0,79.971
LIN,4653.832499999999,140.0,79.971
LIN,4660.276944444443,145.0,79.971
LIN,4668.554722222221,149.0,79.971
LIN,4677.276944444444,157.0,79.971
LIN,4686.110277777777,159.0,79.971
LIN,4696.910277777777,162.0,79.971
LIN,4706.021388888888,164.0,79.971
LIN,4718.776944444444,164.0,79.971
LIN,4726.199166666666,167.0,79.971
LIN,4741.488055555555,172.0,79.971
LIN,4757.399166666666,179.0,79.971
LIN,4767.676944444444,185.0,79.971
LIN,4776.1658333333335,191.0,79.971
LIN,4791.954722222223,203.0,79.971
LIN,4813.254722222223,213.0,79.971
LIN,4840.754722222223,225.0,79.971
LIN,4850.976944444445,230.0,79.971
LIN,4880.921388888889,245.0,79.971
LIN,4891.943611111112,248.0,79.971
LIN,4906.069444444444,253.0,79.971
LIN,4926.602777777778,264.0,79.971
LIN,4944.736111111111,272.0,79.971
LIN,4966.047222222222,274.0,79.971
LIN,4984.780555555557,281.0,79.971
LIN,5023.580555555556,291.0,79.971
LIN,5039.8583333333345,293.0,79.971
LIN,5059.458333333335,294.0,79.971
LIN,5072.4433333333345,294.0,79.971
LIN,5092.1100000000015,295.0,79.971
LIN,5105.221111111112,295.0,79.971
LIN,5118.332222222222,295.0,79.971
LIN,5131.443333333333,295.0,79.971
LIN,5144.598888888889,296.0,79.971
LIN,5161.043333333332,296.0,79.971
LIN,5194.043333333333,297.0,79.971
LIN,5210.598888888889,298.0,79.971
BOR,16.528333333333332,282.0,80.221
BOR,44.82833333333333,283.0,80.221
BOR,66.995,285.0,80.221
BOR,79.70611111111111,286.0,80.221
BOR,95.70611111111113,288.0,80.221
BOR,108.50611111111112,288.0,80.221
BOR,121.30611111111112,288.0,80.221
BOR,150.2061111111111,289.0,80.221
BOR,166.31722222222223,290.0,80.221
BOR,195.51722222222222,292.0,80.221
BOR,208.495,292.0,80.221
BOR,231.2061111111111,292.0,80.221
BOR,244.13944444444445,291.0,80.221
BOR,279.6061111111111,266.0,80.221
BOR,302.9394444444444,210.0,80.221
BOR,316.07277777777773,197.0,80.221
BOR,332.2505555555555,182.0,80.221
BOR,341.9727777777777,175.0,80.221
BOR,351.58388888888885,173.0,80.221
BOR,364.7283333333333,169.0,80.221
BOR,379.1283333333333,162.0,80.221
BOR,388.2394444444444,164.0,80.221
BOR,403.79499999999996,175.0,80.221
BOR,420.6838888888889,190.0,80.221
BOR,429.4394444444444,197.0,80.221
BOR,445.2283333333333,203.0,80.221
BOR,471.75055555555554,217.0,80.221
BOR,481.5283333333333,220.0,80.221
BOR,491.57277777777773,226.0,80.221
BOR,507.0394444444444,232.0,80.221
BOR,520.2061111111111,237.0,80.221
BOR,547.3172222222222,244.0,80.221
BOR,569.6283333333333,251.0,80.221
BOR,580.8727777777777,253.0,80.221
BOR,601.2505555555555,262.0,80.221
BOR,628.0505555555554,268.0,80.221
BOR,649.2061111111111,272.0,80.221
BOR,664.5394444444444,276.0,80.221
BOR,689.5172222222221,281.0,80.221
BOR,705.2949999999998,284.0,80.221
BOR,724.4283333333332,287.0,80.221
BOR,740.4838888888887,289.0,80.221
BOR,756.706111111111,292.0,80.221
BOR,779.4949999999999,293.0,80.221
BOR,799.2283333333332,296.0,80.221
BOR,812.4283333333333,297.0,80.221
BOR,829.0394444444444,299.0,80.221
BOR,852.3727777777779,300.0,80.221
BOR,865.7061111111112,300.0,80.221
BOR,885.772777777778,301.0,80.221
BOR,902.5505555555557,302.0,80.221
BOR,922.683888888889,302.0,80.221
BOR,939.4061111111112,301.0,80.221
BOR,952.695,299.0,80.221
BOR,969.695,255.0,80.221
BOR,993.9172222222223,218.0,80.221
BOR,1006.983888888889,196.0,80.221
BOR,1023.883888888889,169.0,80.221
BOR,1037.2172222222223,150.0,80.221
BOR,1046.483888888889,139.0,80.221
BOR,1054.883888888889,126.0,80.221
BOR,1062.8172222222224,119.0,80.221
BOR,1071.683888888889,114.0,80.221
BOR,1081.9838888888892,103.0,80.221
BOR,1087.5394444444446,100.0,80.221
BOR,1094.072777777778,98.0,80.221
BOR,1104.1727777777778,101.0,80.221
BOR,1114.772777777778,106.0,80.221
BOR,1123.9505555555556,118.0,80.221
BOR,1133.6727777777778,125.0,80.221
BOR,1139.3616666666667,128.0,80.221
BOR,1148.8283333333334,142.0,80.221
BOR,1155.4061111111112,148.0,80.221
BOR,1164.1283333333333,157.0,80.221
BOR,1171.2394444444444,160.0,80.221
BOR,1178.2616666666665,158.0,80.221
BOR,1188.595,155.0,80.221
BOR,1197.095,153.0,80.221
BOR,1203.6727777777778,148.0,80.221
BOR,1215.2616666666668,149.0,80.221
BOR,1222.0172222222222,152.0,80.221
BOR,1238.1172222222222,161.0,80.221
BOR,1253.4061111111112,172.0,80.221
BOR,1267.0172222222222,175.0,80.221
BOR,1281.6916666666668,188.0,80.221
BOR,1296.6491666666668,193.0,80.221
BOR,1307.871388888889,202.0,80.221
BOR,1324.2825000000003,211.0,80.221
BOR,1350.9269444444446,218.0,80.221
BOR,1360.6158333333335,218.0,80.221
BOR,1375.949166666667,230.0,80.221
BOR,1386.2602777777781,232.0,80.221
BOR,1399.3158333333336,235.0,80.221
BOR,1409.8936111111113,238.0,80.221
BOR,1423.2269444444446,240.0,80.221
BOR,1444.8269444444445,243.0,80.221
BOR,1458.3269444444445,243.0,80.221
BOR,1488.3936111111113,246.0,80.221
BOR,1502.0602777777779,246.0,80.221
BOR,1513.1269444444445,249.0,80.221
BOR,1529.793611111111,250.0,80.221
BOR,1554.9936111111112,252.0,80.221
BOR,1583.3269444444445,255.0,80.221
BOR,1600.393611111111,256.0,80.221
BOR,1626.2936111111114,259.0,80.221
BOR,1640.6269444444447,258.0,80.221
BOR,1660.5380555555557,256.0,80.221
BOR,1674.7047222222227,255.0,80.221
BOR,1697.2825000000005,254.0,80.221
BOR,1708.5269444444448,253.0,80.221
BOR,1722.5969444444447,252.0,80.221
BOR,1742.0413888888893,250.0,80.221
BOR,1758.5722222222228,249.0,80.221
BOR,1769.594444444445,248.0,80.221
BOR,1783.316666666667,247.0,80.221
BOR,1796.4833333333336,237.0,80.221
BOR,1811.7500000000005,229.0,80.221
BOR,1838.6388888888891,220.0,80.221
BOR,1848.3722222222225,219.0,80.221
BOR,1860.4833333333336,218.0,80.221
BOR,1875.016666666667,218.0,80.221
BOR,1892.1277777777782,220.0,80.221
BOR,1904.4611111111114,222.0,80.221
BOR,1919.7944444444447,230.0,80.221
BOR,1935.727777777778,239.0,80.221
BOR,1957.594444444445,246.0,80.221
BOR,1971.4833333333338,250.0,80.221
BOR,1985.594444444445,254.0,80.221
BOR,1999.8166666666673,256.0,80.221
BOR,2017.3500000000001,263.0,80.221
BOR,2029.0388888888892,263.0,80.221
BOR,2050.194444444445,272.0,80.221
BOR,2065.527777777778,276.0,80.221
BOR,2087.15,278.0,80.221
BOR,2099.594444444445,280.0,80.221
BOR,2115.2611111111114,282.0,80.221
BOR,2143.8611111111113,286.0,80.221
BOR,2159.8611111111113,288.0,80.221
BOR,2175.9411111111112,288.0,80.221
BOR,2198.5744444444445,291.0,80.221
BOR,2214.796666666666,292.0,80.221
BOR,2231.1036111111102,295.0,80.221
BOR,2260.803611111111,297.0,80.221
BOR,2294.2480555555553,301.0,80.221
BOR,2307.6258333333326,301.0,80.221
BOR,2345.1480555555554,307.0,80.221
BOR,2362.370277777777,310.0,80.221
BOR,2400.748055555555,314.0,80.221
BOR,2414.7480555555553,315.0,80.221
BOR,2453.736944444444,319.0,80.221
BOR,2471.5147222222217,320.0,80.221
BOR,2514.3147222222215,321.0,80.221
BOR,2528.6702777777773,323.0,80.221
BOR,2546.614722222221,323.0,80.221
BOR,2561.0147222222217,324.0,80.221
BOR,2575.4147222222214,324.0,80.221
BOR,2607.9147222222214,325.0,80.221
BOR,2633.270277777777,326.0,80.221
BOR,2763.360555555555,325.0,80.221
BOR,2781.3605555555546,324.0,80.221
BOR,2799.360555555555,324.0,80.221
BOR,2813.716111111111,323.0,80.221
BOR,2842.337499999999,323.0,80.221
BOR,2881.448611111111,320.0,80.221
BOR,2899.2263888888883,320.0,80.221
BOR,2930.8263888888882,316.0,80.221
BOR,2958.6486111111103,313.0,80.221
BOR,2979.381944444444,311.0,80.221
BOR,3006.493055555555,305.0,80.221
BOR,3023.215277777777,301.0,80.221
BOR,3039.8263888888882,299.0,80.221
BOR,3052.9819444444443,296.0,80.221
BOR,3069.204166666666,292.0,80.221
BOR,3082.004166666666,288.0,80.221
BOR,3101.0708333333323,286.0,80.221
BOR,3123.0819444444437,283.0,80.221
BOR,3147.881944444444,279.0,80.221
BOR,3163.1597222222217,275.0,80.221
BOR,3192.9374999999995,268.0,80.221
BOR,3207.659722222222,265.0,80.221
BOR,3227.6486111111108,257.0,80.221
BOR,3252.3486111111106,247.0,80.221
BOR,3263.059722222222,241.0,80.221
BOR,3278.925555555555,237.0,80.221
BOR,3302.2255555555553,233.0,80.221
BOR,3315.17,233.0,80.221
BOR,3333.603333333333,237.0,80.221
BOR,3352.2808333333332,241.0,80.221
BOR,3365.6141666666667,240.0,80.221
BOR,3376.3252777777775,241.0,80.221
BOR,3406.0252777777773,243.0,80.221
BOR,3430.725277777777,247.0,80.221
BOR,3447.391944444444,250.0,80.221
BOR,3472.791944444444,254.0,80.221
BOR,3504.4475,259.0,80.221
BOR,3525.058611111111,265.0,80.221
BOR,3542.9919444444445,269.0,80.221
BOR,3561.1919444444447,273.0,80.221
BOR,3582.6586111111114,276.0,80.221
BOR,3595.058611111111,279.0,80.221
BOR,3613.325277777778,274.0,80.221
BOR,3644.8808333333336,284.0,80.221
BOR,3657.5475000000006,285.0,80.221
BOR,3683.0586111111115,287.0,80.221
BOR,3705.458611111111,288.0,80.221
BOR,3737.680833333334,290.0,80.221
BOR,3753.8475000000003,291.0,80.221
BOR,3779.7058333333334,290.0,80.221
BOR,3805.5725,291.0,80.221
BOR,3838.016944444445,292.0,80.221
BOR,3857.468888888889,293.0,80.221
BOR,3896.268888888889,291.0,80.221
BOR,3921.7799999999997,287.0,80.221
BOR,3943.8688888888887,284.0,80.221
BOR,3956.4022222222225,282.0,80.221
BOR,3984.1022222222223,277.0,80.221
BOR,4004.868888888889,267.0,80.221
BOR,4020.068888888889,228.0,80.221
BOR,4033.668888888889,204.0,80.221
BOR,4043.7244444444445,181.0,80.221
BOR,4057.5911111111113,156.0,80.221
BOR,4063.8577777777778,141.0,80.221
BOR,4074.4355555555558,136.0,80.221
BOR,4081.7133333333336,131.0,80.221
BOR,4087.4466666666667,129.0,80.221
BOR,4097.324444444444,127.0,80.221
BOR,4110.768888888889,121.0,80.221
BOR,4123.568888888889,128.0,80.221
BOR,4133.913333333334,133.0,80.221
BOR,4143.446666666668,143.0,80.221
BOR,4158.889444444445,154.0,80.221
BOR,4167.889444444445,162.0,80.221
BOR,4175.445000000001,170.0,80.221
BOR,4183.311666666667,177.0,80.221
BOR,4191.400555555556,182.0,80.221
BOR,4206.333888888889,192.0,80.221
BOR,4217.2236111111115,197.0,80.221
BOR,4233.245833333333,206.0,80.221
BOR,4247.3125,211.0,80.221
BOR,4269.2125,219.0,80.221
BOR,4289.2125,225.0,80.221
BOR,4301.879166666667,228.0,80.221
BOR,4319.768055555555,230.0,80.221
BOR,4342.468055555555,227.0,80.221
BOR,4357.534722222223,226.0,80.221
BOR,4381.868055555556,219.0,80.221
BOR,4396.268055555556,216.0,80.221
BOR,4417.868055555557,216.0,80.221
BOR,4444.756944444445,220.0,80.221
BOR,4464.401388888889,221.0,80.221
BOR,4474.356944444445,224.0,80.221
BOR,4497.256944444445,229.0,80.221
BOR,4509.979166666667,229.0,80.221
BOR,4532.034166666667,198.0,80.221
BOR,4540.345277777778,187.0,80.221
BOR,4557.123055555556,151.0,80.221
BOR,4564.845277777778,139.0,80.221
BOR,4571.95638888889,128.0,80.221
BOR,4578.623055555557,120.0,80.221
BOR,4587.178611111112,110.0,80.221
BOR,4597.450000000001,103.0,80.221
BOR,4606.250000000001,99.0,80.221
BOR,4614.605555555556,94.0,80.221
BOR,4618.827777777778,95.0,80.221
BOR,4632.027777777777,99.0,80.221
BOR,4642.072222222222,113.0,80.221
BOR,4653.36111111111,127.0,80.221
BOR,4663.938888888888,136.0,80.221
BOR,4670.16111111111,140.0,80.221
BOR,4682.138888888888,154.0,80.221
BOR,4694.894444444443,164.0,80.221
BOR,4702.227777777776,165.0,80.221
BOR,4709.649999999999,167.0,80.221
BOR,4718.927777777777,167.0,80.221
BOR,4731.916666666666,167.0,80.221
BOR,4775.916666666667,180.0,80.221
BOR,4792.590833333334,187.0,80.221
BOR,4810.101944444445,197.0,80.221
BOR,4826.1241666666665,206.0,80.221
BOR,4842.924166666667,216.0,80.221
BOR,4855.313055555555,223.0,80.221
BOR,4870.646388888888,230.0,80.221
BOR,4886.115,233.0,80.221
BOR,4904.859444444444,241.0,80.221
BOR,4915.926111111111,249.0,80.221
BOR,4932.859444444444,254.0,80.221
BOR,4959.1594444444445,263.0,80.221
BOR,4980.081666666667,269.0,80.221
BOR,4992.081666666668,270.0,80.221
BOR,5019.781666666668,277.0,80.221
BOR,5032.181666666667,279.0,80.221
BOR,5060.581666666667,284.0,80.221
BOR,5079.781666666667,288.0,80.221
BOR,5108.881666666667,291.0,80.221
BOR,5141.659444444445,295.0,80.221
BOR,5154.8150000000005,296.0,80.221
BOR,5171.370555555556,298.0,80.221
BOR,5187.9816666666675,299.0,80.221
BOR,5201.270555555556,299.0,80.221
BOR,5217.937222222223,300.0,80.221
HUL,19.01222222222222,284.0,80.303
HUL,34.845555555555556,285.0,80.303
HUL,66.84555555555555,288.0,80.303
HUL,86.11222222222221,289.0,80.303
HUL,115.13138888888888,291.0,80.303
HUL,141.08694444444444,292.0,80.303
HUL,154.02027777777778,291.0,80.303
HUL,170.2425,292.0,80.303
HUL,193.03138888888887,293.0,80.303
HUL,232.09805555555553,293.0,80.303
HUL,251.69805555555556,294.0,80.303
HUL,271.29805555555555,252.0,80.303
HUL,291.6536111111111,229.0,80.303
HUL,300.80916666666667,206.0,80.303
HUL,311.2536111111111,188.0,80.303
HUL,331.29805555555555,164.0,80.303
HUL,347.3980555555556,161.0,80.303
HUL,359.9202777777778,161.0,80.303
HUL,374.45444444444445,163.0,80.303
HUL,383.51,163.0,80.303
HUL,394.51,165.0,80.303
HUL,402.24333333333334,174.0,80.303
HUL,413.6433333333333,171.0,80.303
HUL,424.4766666666667,195.0,80.303
HUL,432.96555555555557,191.0,80.303
HUL,444.24333333333334,203.0,80.303
HUL,458.31,211.0,80.303
HUL,477.86555555555555,220.0,80.303
HUL,490.4211111111111,226.0,80.303
HUL,500.8211111111111,234.0,80.303
HUL,519.1111111111111,236.0,80.303
HUL,532.3888888888888,239.0,80.303
HUL,548.6555555555555,244.0,80.303
HUL,565.2555555555555,249.0,80.303
HUL,576.4999999999999,253.0,80.303
HUL,599.4333333333333,258.0,80.303
HUL,613.7666666666665,258.0,80.303
HUL,634.5333333333333,267.0,80.303
HUL,649.5888888888888,271.0,80.303
HUL,670.9777777777776,275.0,80.303
HUL,689.511111111111,278.0,80.303
HUL,705.0666666666666,280.0,80.303
HUL,717.5999999999999,282.0,80.303
HUL,742.9333333333332,285.0,80.303
HUL,755.6444444444443,286.0,80.303
HUL,768.4444444444443,288.0,80.303
HUL,787.711111111111,289.0,80.303
HUL,810.5033333333332,292.0,80.303
HUL,836.6366666666665,294.0,80.303
HUL,849.7033333333333,294.0,80.303
HUL,872.7255555555554,296.0,80.303
HUL,889.1144444444442,295.0,80.303
HUL,922.0033333333331,296.0,80.303
HUL,944.2477777777776,286.0,80.303
HUL,969.4477777777776,252.0,80.303
HUL,979.6699999999998,230.0,80.303
HUL,995.6144444444443,205.0,80.303
HUL,1008.2283333333332,190.0,80.303
HUL,1015.8727777777777,172.0,80.303
HUL,1023.5172222222222,172.0,80.303
HUL,1032.917222222222,141.0,80.303
HUL,1041.717222222222,132.0,80.303
HUL,1052.4727777777775,121.0,80.303
HUL,1061.2616666666663,113.0,80.303
HUL,1073.3727777777774,109.0,80.303
HUL,1078.9838888888885,101.0,80.303
HUL,1085.7172222222218,101.0,80.303
HUL,1092.3838888888886,100.0,80.303
HUL,1104.2727777777775,107.0,80.303
HUL,1139.7763888888887,133.0,80.303
HUL,1150.820833333333,142.0,80.303
HUL,1168.4874999999997,159.0,80.303
HUL,1185.931944444444,157.0,80.303
HUL,1192.7763888888885,154.0,80.303
HUL,1199.531944444444,152.0,80.303
HUL,1214.231944444444,147.0,80.303
HUL,1224.0986111111108,148.0,80.303
HUL,1237.8763888888884,155.0,80.303
HUL,1254.0763888888885,162.0,80.303
HUL,1271.8269444444438,178.0,80.303
HUL,1282.1047222222217,185.0,80.303
HUL,1292.6047222222219,189.0,80.303
HUL,1305.738055555555,197.0,80.303
HUL,1314.7602777777772,203.0,80.303
HUL,1328.6936111111104,209.0,80.303
HUL,1340.638055555555,215.0,80.303
HUL,1357.8269444444436,221.0,80.303
HUL,1383.160277777777,228.0,80.303
HUL,1398.560277777777,231.0,80.303
HUL,1408.960277777777,234.0,80.303
HUL,1424.6936111111102,236.0,80.303
HUL,1451.1380555555547,238.0,80.303
HUL,1464.5269444444436,241.0,80.303
HUL,1480.5936111111105,241.0,80.303
HUL,1502.4394444444438,245.0,80.303
HUL,1515.9949999999992,244.0,80.303
HUL,1529.6061111111103,245.0,80.303
HUL,1546.1394444444438,248.0,80.303
HUL,1576.939444444444,252.0,80.303
HUL,1599.6061111111105,255.0,80.303
HUL,1622.450555555555,257.0,80.303
HUL,1639.7838888888884,260.0,80.303
HUL,1657.1838888888883,261.0,80.303
HUL,1680.3838888888884,261.0,80.303
HUL,1694.8283333333327,260.0,80.303
HUL,1711.956666666666,258.0,80.303
HUL,1731.8677777777773,256.0,80.303
HUL,1748.8677777777773,255.0,80.303
HUL,1765.734444444444,253.0,80.303
HUL,1788.0455555555552,251.0,80.303
HUL,1811.5455555555552,235.0,80.303
HUL,1833.1455555555551,216.0,80.303
HUL,1847.4122222222218,214.0,80.303
HUL,1859.0788888888885,210.0,80.303
HUL,1873.1455555555551,211.0,80.303
HUL,1887.212222222222,211.0,80.303
HUL,1906.3233333333328,215.0,80.303
HUL,1926.2966666666662,224.0,80.303
HUL,1947.0966666666661,234.0,80.303
HUL,1963.0966666666664,240.0,80.303
HUL,1973.8522222222216,242.0,80.303
HUL,1996.2522222222217,252.0,80.303
HUL,2010.5299999999997,257.0,80.303
HUL,2025.085555555555,262.0,80.303
HUL,2048.996666666666,269.0,80.303
HUL,2064.0522222222216,271.0,80.303
HUL,2088.496666666666,275.0,80.303
HUL,2100.8077777777767,277.0,80.303
HUL,2113.1633333333325,278.0,80.303
HUL,2128.7744444444434,281.0,80.303
HUL,2150.9411111111103,285.0,80.303
HUL,2169.928333333333,286.0,80.303
HUL,2195.6172222222217,289.0,80.303
HUL,2208.5949999999993,292.0,80.303
HUL,2234.6394444444436,293.0,80.303
HUL,2247.750555555555,295.0,80.303
HUL,2280.8616666666658,298.0,80.303
HUL,2300.8616666666653,300.0,80.303
HUL,2327.9727777777766,305.0,80.303
HUL,2351.9283333333324,308.0,80.303
HUL,2369.0949999999993,309.0,80.303
HUL,2386.4283333333324,312.0,80.303
HUL,2400.383888888888,314.0,80.303
HUL,2424.961666666666,316.0,80.303
HUL,2446.2499999999995,318.0,80.303
HUL,2463.9722222222213,319.0,80.303
HUL,2492.5055555555546,321.0,80.303
HUL,2506.905555555555,324.0,80.303
HUL,2524.9055555555547,324.0,80.303
HUL,2550.105555555555,324.0,80.303
HUL,2649.1055555555554,330.0,80.303
HUL,2671.105555555555,330.0,80.303
HUL,2685.772222222222,330.0,80.303
HUL,2704.1611111111106,331.0,80.303
HUL,2733.494444444444,330.0,80.303
HUL,2748.161111111111,330.0,80.303
HUL,2766.4027777777774,330.0,80.303
HUL,2784.625,328.0,80.303
HUL,2799.2027777777776,328.0,80.303
HUL,2828.269444444444,327.0,80.303
HUL,2846.3805555555555,326.0,80.303
HUL,2871.6583333333333,325.0,80.303
HUL,2903.958333333333,323.0,80.303
HUL,2921.8472222222217,322.0,80.303
HUL,2957.291666666666,319.0,80.303
HUL,2971.469444444444,319.0,80.303
HUL,2999.736111111111,318.0,80.303
HUL,3034.180555555555,310.0,80.303
HUL,3051.3213888888886,307.0,80.303
HUL,3084.6547222222216,300.0,80.303
HUL,3120.3436111111105,292.0,80.303
HUL,3149.243611111111,289.0,80.303
HUL,3168.5102777777774,289.0,80.303
HUL,3184.343611111111,285.0,80.303
HUL,3218.1991666666663,277.0,80.303
HUL,3233.3102777777776,272.0,80.303
HUL,3255.976944444444,255.0,80.303
HUL,3266.910277777777,246.0,80.303
HUL,3283.310277777777,246.0,80.303
HUL,3306.410277777777,231.0,80.303
HUL,3326.879444444444,231.0,80.303
HUL,3339.712777777777,231.0,80.303
HUL,3367.3349999999996,226.0,80.303
HUL,3389.9349999999995,226.0,80.303
HUL,3407.8238888888886,230.0,80.303
HUL,3436.546111111111,235.0,80.303
HUL,3460.7461111111106,242.0,80.303
HUL,3488.5238888888885,250.0,80.303
HUL,3502.6349999999998,254.0,80.303
HUL,3522.929444444444,260.0,80.303
HUL,3537.5961111111105,264.0,80.303
HUL,3552.318333333333,265.0,80.303
HUL,3570.3849999999998,271.0,80.303
HUL,3585.5516666666663,273.0,80.303
HUL,3610.1738888888885,277.0,80.303
HUL,3625.729444444444,280.0,80.303
HUL,3660.440555555555,284.0,80.303
HUL,3679.440555555555,285.0,80.303
HUL,3701.7627777777775,287.0,80.303
HUL,3717.8183333333327,289.0,80.303
HUL,3737.151666666666,290.0,80.303
HUL,3756.5516666666663,291.0,80.303
HUL,3779.2627777777775,292.0,80.303
HUL,3798.7147222222216,293.0,80.303
HUL,3811.7813888888886,294.0,80.303
HUL,3828.1702777777773,295.0,80.303
HUL,3854.3036111111105,294.0,80.303
HUL,3890.3591666666657,295.0,80.303
HUL,3903.470277777777,295.0,80.303
HUL,3916.625833333332,296.0,80.303
HUL,3932.9591666666656,294.0,80.303
HUL,3952.3591666666657,291.0,80.303
HUL,3968.3591666666653,288.0,80.303
HUL,3987.425833333332,286.0,80.303
HUL,4000.0480555555546,284.0,80.303
HUL,4022.6963888888877,254.0,80.303
HUL,4032.6963888888877,225.0,80.303
HUL,4054.3297222222213,177.0,80.303
HUL,4067.663055555555,150.0,80.303
HUL,4079.574166666666,134.0,80.303
HUL,4094.485277777777,122.0,80.303
HUL,4099.81861111111,120.0,80.303
HUL,4109.074166666665,119.0,80.303
HUL,4118.71861111111,124.0,80.303
HUL,4124.363055555554,127.0,80.303
HUL,4134.707499999998,133.0,80.303
HUL,4142.485277777776,140.0,80.303
HUL,4156.351944444443,156.0,80.303
HUL,4173.051944444443,167.0,80.303
HUL,4180.874166666665,176.0,80.303
HUL,4190.989999999998,183.0,80.303
HUL,4199.301111111109,187.0,80.303
HUL,4212.367777777776,196.0,80.303
HUL,4228.2344444444425,204.0,80.303
HUL,4254.389999999998,214.0,80.303
HUL,4276.689999999998,223.0,80.303
HUL,4294.267777777775,226.0,80.303
HUL,4370.060277777775,213.0,80.303
HUL,4381.838055555553,212.0,80.303
HUL,4396.10472222222,214.0,80.303
HUL,4422.6269444444415,217.0,80.303
HUL,4434.7936111111085,219.0,80.303
HUL,4452.138055555553,223.0,80.303
HUL,4472.315833333331,227.0,80.303
HUL,4500.671388888887,232.0,80.303
HUL,4529.738055555554,218.0,80.303
HUL,4547.438055555554,177.0,80.303
HUL,4554.90472222222,168.0,80.303
HUL,4563.349166666664,152.0,80.303
HUL,4571.01583333333,138.0,80.303
HUL,4581.560555555552,119.0,80.303
HUL,4589.027222222219,112.0,80.303
HUL,4595.960555555553,104.0,80.303
HUL,4602.4938888888855,98.0,80.303
HUL,4608.693888888885,93.0,80.303
HUL,4613.860555555551,93.0,80.303
HUL,4618.038333333329,94.0,80.303
HUL,4625.738333333329,99.0,80.303
HUL,4633.827222222218,104.0,80.303
HUL,4639.882777777773,109.0,80.303
HUL,4646.303611111107,115.0,80.303
HUL,4657.8591666666625,130.0,80.303
HUL,4663.8591666666625,135.0,80.303
HUL,4675.448055555551,149.0,80.303
HUL,4694.881388888885,159.0,80.303
HUL,4709.636944444441,166.0,80.303
HUL,4720.770277777774,167.0,80.303
HUL,4732.103611111108,170.0,80.303
HUL,4739.748055555552,172.0,80.303
HUL,4747.5258333333295,175.0,80.303
HUL,4759.1924999999965,175.0,80.303
HUL,4767.370277777774,184.0,80.303
HUL,4779.970277777774,189.0,80.303
HUL,4807.03694444444,203.0,80.303
HUL,4831.03694444444,216.0,80.303
HUL,4853.47444444444,225.0,80.303
HUL,4863.741111111107,231.0,80.303
HUL,4881.707777777774,231.0,80.303
HUL,4892.37444444444,240.0,80.303
HUL,4917.57444444444,252.0,80.303
HUL,4937.485555555551,256.0,80.303
HUL,4969.87444444444,265.0,80.303
HUL,5003.36333333333,274.0,80.303
HUL,5031.2405555555515,278.0,80.303
HUL,5046.851666666663,281.0,80.303
HUL,5065.784999999995,284.0,80.303
HUL,5094.584999999996,288.0,80.303
HUL,5110.640555555551,289.0,80.303
HUL,5130.107222222218,292.0,80.303
HUL,5149.640555555551,293.0,80.303
HUL,5162.707222222218,294.0,80.303
HUL,5179.096111111106,295.0,80.303
HUL,5202.118333333328,296.0,80.303
HUL,5215.362777777773,298.0,80.303
BEA,6.153333333333333,284.0,80.311
BEA,31.66444444444444,287.0,80.311
BEA,50.93111111111111,289.0,80.311
BEA,73.48666666666666,290.0,80.311
BEA,132.28666666666666,294.0,80.311
BEA,155.15333333333334,294.0,80.311
BEA,171.405,294.0,80.311
BEA,197.53083333333336,293.0,80.311
BEA,210.46416666666667,291.0,80.311
BEA,226.51972222222224,289.0,80.311
BEA,254.81972222222223,283.0,80.311
BEA,271.7530555555556,254.0,80.311
BEA,292.4530555555556,207.0,80.311
BEA,306.8419444444445,185.0,80.311
BEA,318.5086111111111,175.0,80.311
BEA,335.0086111111111,165.0,80.311
BEA,347.4530555555556,160.0,80.311
BEA,359.5863888888889,156.0,80.311
BEA,375.5863888888889,160.0,80.311
BEA,383.0086111111111,167.0,80.311
BEA,405.3752777777778,183.0,80.311
BEA,420.3086111111111,192.0,80.311
BEA,431.3086111111111,198.0,80.311
BEA,447.4863888888889,208.0,80.311
BEA,459.0419444444444,208.0,80.311
BEA,473.90861111111104,223.0,80.311
BEA,486.4641666666666,226.0,80.311
BEA,501.79749999999996,230.0,80.311
BEA,517.7308333333333,239.0,80.311
BEA,541.8308333333332,241.0,80.311
BEA,552.8530555555554,248.0,80.311
BEA,566.7277777777776,251.0,80.311
BEA,598.0877777777777,256.0,80.311
BEA,618.621111111111,264.0,80.311
BEA,639.5433333333332,269.0,80.311
BEA,657.6766666666665,272.0,80.311
BEA,679.1433333333332,276.0,80.311
BEA,697.6766666666665,278.0,80.311
BEA,722.832222222222,283.0,80.311
BEA,741.832222222222,285.0,80.311
BEA,757.721111111111,286.0,80.311
BEA,773.7766666666665,289.0,80.311
BEA,789.8322222222222,289.0,80.311
BEA,812.4655555555555,291.0,80.311
BEA,831.7988888888889,290.0,80.311
BEA,848.1322222222221,294.0,80.311
BEA,867.7988888888888,295.0,80.311
BEA,893.9322222222221,294.0,80.311
BEA,919.5322222222221,288.0,80.311
BEA,935.1988888888887,282.0,80.311
BEA,955.8099999999998,265.0,80.311
BEA,978.2099999999999,224.0,80.311
BEA,998.6099999999999,204.0,80.311
BEA,1011.9099999999999,171.0,80.311
BEA,1019.1544444444443,163.0,80.311
BEA,1026.9877777777776,141.0,80.311
BEA,1033.0322222222221,136.0,80.311
BEA,1038.8544444444444,131.0,80.311
BEA,1050.6544444444444,118.0,80.311
BEA,1056.9877777777776,114.0,80.311
BEA,1067.6877777777777,107.0,80.311
BEA,1072.31,104.0,80.311
BEA,1080.243333333333,102.0,80.311
BEA,1084.5988888888887,98.0,80.311
BEA,1098.4655555555555,104.0,80.311
BEA,1111.5766666666666,118.0,80.311
BEA,1119.7766666666666,123.0,80.311
BEA,1131.6877777777777,134.0,80.311
BEA,1139.5766666666666,142.0,80.311
BEA,1148.021111111111,152.0,80.311
BEA,1160.621111111111,162.0,80.311
BEA,1174.9322222222222,161.0,80.311
BEA,1183.71,158.0,80.311
BEA,1197.2211111111112,152.0,80.311
BEA,1210.4655555555557,149.0,80.311
BEA,1217.1322222222225,150.0,80.311
BEA,1229.0322222222226,153.0,80.311
BEA,1249.5655555555559,168.0,80.311
BEA,1257.0322222222226,168.0,80.311
BEA,1264.8544444444449,176.0,80.311
BEA,1276.9877777777783,182.0,80.311
BEA,1287.6544444444448,192.0,80.311
BEA,1310.0988888888892,202.0,80.311
BEA,1329.1211111111115,214.0,80.311
BEA,1338.8544444444449,219.0,80.311
BEA,1356.276666666667,224.0,80.311
BEA,1379.4766666666671,232.0,80.311
BEA,1397.8322222222228,236.0,80.311
BEA,1411.054444444445,238.0,80.311
BEA,1432.4766666666671,241.0,80.311
BEA,1445.9211111111115,242.0,80.311
BEA,1462.1877777777784,244.0,80.311
BEA,1475.7433333333338,244.0,80.311
BEA,1489.4100000000003,246.0,80.311
BEA,1508.6211111111115,247.0,80.311
BEA,1525.1544444444448,248.0,80.311
BEA,1536.3100000000004,251.0,80.311
BEA,1550.3100000000004,252.0,80.311
BEA,1570.065555555556,254.0,80.311
BEA,1581.3988888888894,255.0,80.311
BEA,1598.5322222222226,257.0,80.311
BEA,1612.8655555555558,258.0,80.311
BEA,1630.1988888888893,260.0,80.311
BEA,1644.6433333333337,260.0,80.311
BEA,1656.1988888888893,260.0,80.311
BEA,1673.2655555555561,256.0,80.311
BEA,1701.7100000000005,256.0,80.311
BEA,1718.576666666667,253.0,80.311
BEA,1743.6766666666672,251.0,80.311
BEA,1765.3655555555558,244.0,80.311
BEA,1781.2988888888892,239.0,80.311
BEA,1796.8322222222225,233.0,80.311
BEA,1812.0988888888894,229.0,80.311
BEA,1829.054444444445,218.0,80.311
BEA,1850.0544444444452,210.0,80.311
BEA,1861.832222222223,212.0,80.311
BEA,1876.1655555555562,215.0,80.311
BEA,1898.2655555555561,221.0,80.311
BEA,1921.4655555555564,232.0,80.311
BEA,1939.2766666666673,229.0,80.311
BEA,1958.3322222222228,245.0,80.311
BEA,1969.0877777777785,242.0,80.311
BEA,1986.0877777777787,255.0,80.311
BEA,1997.4655555555562,256.0,80.311
BEA,2012.0211111111118,262.0,80.311
BEA,2023.843333333334,266.0,80.311
BEA,2035.7544444444454,268.0,80.311
BEA,2053.8877777777784,272.0,80.311
BEA,2069.1655555555562,275.0,80.311
BEA,2081.521111111112,278.0,80.311
BEA,2103.376666666667,281.0,80.311
BEA,2115.9100000000008,282.0,80.311
BEA,2144.5100000000007,286.0,80.311
BEA,2170.1100000000006,288.0,80.311
BEA,2192.043333333334,282.0,80.311
BEA,2214.0550000000007,282.0,80.311
BEA,2235.9100000000003,282.0,80.311
BEA,2252.132222222223,292.0,80.311
BEA,2275.232222222223,297.0,80.311
BEA,2311.654444444445,298.0,80.311
BEA,2325.0766666666673,302.0,80.311
BEA,2345.3433333333337,304.0,80.311
BEA,2359.032222222223,308.0,80.311
BEA,2376.1988888888895,309.0,80.311
BEA,2390.0655555555563,312.0,80.311
BEA,2407.4544444444455,313.0,80.311
BEA,2435.543333333334,316.0,80.311
BEA,2453.1544444444453,317.0,80.311
BEA,2492.143333333334,319.0,80.311
BEA,2509.5877777777787,314.0,80.311
BEA,2523.8100000000004,320.0,80.311
BEA,2545.2100000000005,321.0,80.311
BEA,2577.4100000000003,322.0,80.311
BEA,2613.4100000000003,324.0,80.311
BEA,2635.0100000000007,324.0,80.311
BEA,2667.6100000000006,326.0,80.311
BEA,2685.721111111112,326.0,80.311
BEA,2710.9988888888897,325.0,80.311
BEA,2728.9988888888893,324.0,80.311
BEA,2757.7988888888895,324.0,80.311
BEA,2772.19888888889,324.0,80.311
BEA,2790.233055555557,323.0,80.311
BEA,2815.2775000000015,322.0,80.311
BEA,2836.5883333333345,321.0,80.311
BEA,2850.855000000001,321.0,80.311
BEA,2868.6327777777788,320.0,80.311
BEA,2886.4661111111122,321.0,80.311
BEA,2907.599444444445,317.0,80.311
BEA,2946.0994444444455,315.0,80.311
BEA,2960.0550000000007,314.0,80.311
BEA,2977.44388888889,313.0,80.311
BEA,2998.2438888888896,312.0,80.311
BEA,3022.5105555555565,312.0,80.311
BEA,3039.732777777779,310.0,80.311
BEA,3060.3327777777795,309.0,80.311
BEA,3080.8661111111123,308.0,80.311
BEA,3107.9772222222236,305.0,80.311
BEA,3124.810555555557,303.0,80.311
BEA,3141.4772222222236,300.0,80.311
BEA,3157.977222222224,297.0,80.311
BEA,3177.5772222222245,294.0,80.311
BEA,3190.555000000002,292.0,80.311
BEA,3211.9438888888913,275.0,80.311
BEA,3226.5550000000026,263.0,80.311
BEA,3246.310555555558,254.0,80.311
BEA,3257.421666666669,250.0,80.311
BEA,3270.921666666669,243.0,80.311
BEA,3294.6216666666687,237.0,80.311
BEA,3307.7883333333352,237.0,80.311
BEA,3321.0766666666686,238.0,80.311
BEA,3339.821111111113,241.0,80.311
BEA,3353.2100000000023,241.0,80.311
BEA,3366.5319444444467,241.0,80.311
BEA,3390.1319444444466,236.0,80.311
BEA,3416.576388888891,238.0,80.311
BEA,3427.287500000002,241.0,80.311
BEA,3457.354166666669,246.0,80.311
BEA,3471.1875000000023,249.0,80.311
BEA,3502.354166666669,255.0,80.311
BEA,3513.776388888891,257.0,80.311
BEA,3546.0430555555577,264.0,80.311
BEA,3560.709722222224,264.0,80.311
BEA,3596.843055555558,271.0,80.311
BEA,3608.976388888891,273.0,80.311
BEA,3624.254166666669,275.0,80.311
BEA,3636.5208333333353,276.0,80.311
BEA,3648.876388888891,278.0,80.311
BEA,3676.7763888888912,279.0,80.311
BEA,3698.4763888888915,279.0,80.311
BEA,3812.15527777778,284.0,80.311
BEA,3827.9886111111136,285.0,80.311
BEA,3843.821944444447,285.0,80.311
BEA,3856.4886111111136,285.0,80.311
BEA,3881.7427777777807,285.0,80.311
BEA,3916.2094444444474,282.0,80.311
BEA,3931.8761111111144,282.0,80.311
BEA,3958.6761111111146,268.0,80.311
BEA,3981.8761111111144,261.0,80.311
BEA,3999.142777777781,259.0,80.311
BEA,4019.142777777781,225.0,80.311
BEA,4030.9205555555586,212.0,80.311
BEA,4040.8094444444478,178.0,80.311
BEA,4048.3205555555587,169.0,80.311
BEA,4056.8761111111144,154.0,80.311
BEA,4063.453888888892,148.0,80.311
BEA,4072.3205555555587,133.0,80.311
BEA,4082.353888888892,129.0,80.311
BEA,4093.3761111111144,124.0,80.311
BEA,4100.042777777781,120.0,80.311
BEA,4114.042777777781,126.0,80.311
BEA,4121.32055555556,131.0,80.311
BEA,4132.053888888893,138.0,80.311
BEA,4146.853888888893,148.0,80.311
BEA,4153.698333333337,154.0,80.311
BEA,4164.543333333338,162.0,80.311
BEA,4182.143333333338,176.0,80.311
BEA,4192.254444444449,182.0,80.311
BEA,4207.032222222228,190.0,80.311
BEA,4222.222222222228,196.0,80.311
BEA,4233.333333333339,200.0,80.311
BEA,4242.3111111111175,202.0,80.311
BEA,4267.855555555562,209.0,80.311
BEA,4289.355555555562,215.0,80.311
BEA,4303.888888888895,218.0,80.311
BEA,4325.888888888895,220.0,80.311
BEA,4352.777777777785,220.0,80.311
BEA,4369.888888888895,220.0,80.311
BEA,4384.622222222229,221.0,80.311
BEA,4399.355555555561,221.0,80.311
BEA,4416.700000000006,223.0,80.311
BEA,4426.611111111117,223.0,80.311
BEA,4441.544444444451,224.0,80.311
BEA,4466.766666666673,227.0,80.311
BEA,4476.8111111111175,226.0,80.311
BEA,4496.722222222228,224.0,80.311
BEA,4513.911111111117,221.0,80.311
BEA,4533.577777777784,177.0,80.311
BEA,4542.522222222228,161.0,80.311
BEA,4555.005555555562,140.0,80.311
BEA,4566.027777777785,124.0,80.311
BEA,4578.472222222229,112.0,80.311
BEA,4585.57583333334,107.0,80.311
BEA,4598.642500000006,98.0,80.311
BEA,4607.175833333339,96.0,80.311
BEA,4614.875833333339,99.0,80.311
BEA,4619.453611111117,103.0,80.311
BEA,4630.653611111117,112.0,80.311
BEA,4640.220277777784,123.0,80.311
BEA,4649.220277777784,135.0,80.311
BEA,4658.820277777783,144.0,80.311
BEA,4667.431388888895,155.0,80.311
BEA,4682.2758333333395,167.0,80.311
BEA,4689.742500000006,168.0,80.311
BEA,4702.88694444445,169.0,80.311
BEA,4712.331388888894,170.0,80.311
BEA,4719.88694444445,170.0,80.311
BEA,4733.18694444445,171.0,80.311
BEA,4752.9647222222275,178.0,80.311
BEA,4770.564722222228,176.0,80.311
BEA,4785.498055555561,192.0,80.311
BEA,4799.231388888895,206.0,80.311
BEA,4820.690833333339,214.0,80.311
BEA,4832.968611111117,221.0,80.311
BEA,4842.879722222227,223.0,80.311
BEA,4853.10194444445,230.0,80.311
BEA,4863.635277777783,237.0,80.311
BEA,4882.690833333339,245.0,80.311
BEA,4896.56555555556,251.0,80.311
BEA,4916.710000000005,259.0,80.311
BEA,4934.110000000004,261.0,80.311
BEA,4961.410000000004,273.0,80.311
BEA,4986.121111111116,278.0,80.311
BEA,5001.676666666672,280.0,80.311
BEA,5023.610000000004,282.0,80.311
BEA,5052.610000000004,290.0,80.311
BEA,5071.5433333333385,284.0,80.311
BEA,5104.654444444449,298.0,80.311
BEA,5124.521111111117,298.0,80.311
BEA,5154.421111111116,299.0,80.311
BEA,5192.06555555556,308.0,80.311
BEA,5219.621111111115,310.0,80.311
OCO,10.579444444444444,278.0,80.491
OCO,32.35722222222222,280.0,80.491
OCO,47.91277777777778,280.0,80.491
OCO,60.49055555555556,283.0,80.491
OCO,82.57944444444445,284.0,80.491
OCO,114.13500000000002,284.0,80.491
OCO,136.37944444444446,286.0,80.491
OCO,165.17944444444444,288.0,80.491
OCO,190.42388888888888,284.0,80.491
OCO,209.2238888888889,282.0,80.491
OCO,231.1572222222222,282.0,80.491
OCO,243.5572222222222,279.0,80.491
OCO,260.8905555555556,260.0,80.491
OCO,278.8572222222222,231.0,80.491
OCO,288.27944444444444,212.0,80.491
OCO,299.50166666666667,202.0,80.491
OCO,309.9461111111111,188.0,80.491
OCO,327.04611111111114,171.0,80.491
OCO,336.2683333333334,166.0,80.491
OCO,353.935,159.0,80.491
OCO,362.7683333333333,159.0,80.491
OCO,373.635,163.0,80.491
OCO,384.90166666666664,169.0,80.491
OCO,405.6794444444444,187.0,80.491
OCO,420.71444444444444,194.0,80.491
OCO,434.43805555555554,205.0,80.491
OCO,446.16027777777776,211.0,80.491
OCO,455.8047222222222,217.0,80.491
OCO,470.60472222222216,222.0,80.491
OCO,485.6713888888888,226.0,80.491
OCO,498.6713888888888,234.0,80.491
OCO,517.2602777777777,239.0,80.491
OCO,528.0158333333333,242.0,80.491
OCO,538.9491666666667,246.0,80.491
OCO,555.4825,248.0,80.491
OCO,572.4158333333332,254.0,80.491
OCO,583.9269444444444,259.0,80.491
OCO,595.5713888888889,262.0,80.491
OCO,613.3047222222223,266.0,80.491
OCO,625.2602777777778,269.0,80.491
OCO,637.3047222222223,271.0,80.491
OCO,661.8380555555556,276.0,80.491
OCO,674.3269444444445,281.0,80.491
OCO,693.2602777777779,284.0,80.491
OCO,715.5047222222223,286.0,80.491
OCO,731.5047222222222,288.0,80.491
OCO,763.5047222222222,288.0,80.491
OCO,789.7269444444445,295.0,80.491
OCO,806.1158333333333,295.0,80.491
OCO,822.5047222222223,295.0,80.491
OCO,835.6158333333334,295.0,80.491
OCO,855.6158333333334,300.0,80.491
OCO,879.0269444444444,301.0,80.491
OCO,895.7491666666666,301.0,80.491
OCO,932.5380555555556,301.0,80.491
OCO,957.3380555555555,279.0,80.491
OCO,979.9158333333332,254.0,80.491
OCO,989.8269444444444,223.0,80.491
OCO,999.7380555555555,223.0,80.491
OCO,1011.6047222222222,178.0,80.491
OCO,1022.4713888888889,163.0,80.491
OCO,1030.8047222222222,150.0,80.491
OCO,1040.0047222222222,138.0,80.491
OCO,1048.4047222222223,126.0,80.491
OCO,1053.871388888889,123.0,80.491
OCO,1059.071388888889,117.0,80.491
OCO,1065.4047222222223,114.0,80.491
OCO,1070.2936111111112,110.0,80.491
OCO,1078.6936111111113,108.0,80.491
OCO,1087.4047222222225,98.0,80.491
OCO,1095.1047222222226,99.0,80.491
OCO,1100.6047222222226,99.0,80.491
OCO,1106.4380555555558,105.0,80.491
OCO,1111.2825000000003,109.0,80.491
OCO,1121.5047222222224,115.0,80.491
OCO,1131.3825000000002,127.0,80.491
OCO,1140.449166666667,136.0,80.491
OCO,1150.1158333333335,145.0,80.491
OCO,1162.4825000000003,159.0,80.491
OCO,1173.0825000000002,159.0,80.491
OCO,1190.3047222222226,155.0,80.491
OCO,1203.9936111111115,154.0,80.491
OCO,1210.6602777777782,150.0,80.491
OCO,1222.249166666667,149.0,80.491
OCO,1233.9158333333337,150.0,80.491
OCO,1246.0491666666671,156.0,80.491
OCO,1258.9602777777782,166.0,80.491
OCO,1266.649166666667,173.0,80.491
OCO,1284.349166666667,177.0,80.491
OCO,1302.8491666666673,185.0,80.491
OCO,1321.0713888888895,205.0,80.491
OCO,1339.826944444445,211.0,80.491
OCO,1351.6602777777784,213.0,80.491
OCO,1361.4825000000008,221.0,80.491
OCO,1376.6825000000006,228.0,80.491
OCO,1392.015833333334,230.0,80.491
OCO,1434.6825000000006,240.0,80.491
OCO,1461.5713888888895,242.0,80.491
OCO,1485.9713888888894,244.0,80.491
OCO,1496.8602777777783,245.0,80.491
OCO,1513.3269444444447,247.0,80.491
OCO,1527.1047222222228,248.0,80.491
OCO,1546.626944444445,251.0,80.491
OCO,1574.8491666666673,254.0,80.491
OCO,1594.8313888888895,256.0,80.491
OCO,1617.6930555555562,258.0,80.491
OCO,1643.793055555556,261.0,80.491
OCO,1675.4486111111116,259.0,80.491
OCO,1698.204166666667,256.0,80.491
OCO,1717.9597222222228,254.0,80.491
OCO,1729.1152777777784,251.0,80.491
OCO,1745.5819444444448,247.0,80.491
OCO,1774.5486111111115,237.0,80.491
OCO,1794.993055555556,230.0,80.491
OCO,1807.3263888888894,222.0,80.491
OCO,1819.4375000000005,218.0,80.491
OCO,1840.6375000000005,212.0,80.491
OCO,1859.0375000000006,207.0,80.491
OCO,1872.9708333333338,209.0,80.491
OCO,1889.5375000000006,213.0,80.491
OCO,1901.7597222222228,220.0,80.491
OCO,1924.959722222223,232.0,80.491
OCO,1935.359722222223,234.0,80.491
OCO,1951.4930555555563,242.0,80.491
OCO,1962.2486111111118,242.0,80.491
OCO,1979.048611111112,252.0,80.491
OCO,1993.0486111111118,252.0,80.491
OCO,2013.1152777777786,258.0,80.491
OCO,2024.877222222223,263.0,80.491
OCO,2045.7994444444453,269.0,80.491
OCO,2072.9238888888895,272.0,80.491
OCO,2085.0127777777784,272.0,80.491
OCO,2122.7461111111115,283.0,80.491
OCO,2148.079444444445,285.0,80.491
OCO,2164.02388888889,287.0,80.491
OCO,2182.8905555555566,283.0,80.491
OCO,2202.157222222223,289.0,80.491
OCO,2218.32388888889,291.0,80.491
OCO,2241.190555555557,294.0,80.491
OCO,2257.5794444444455,295.0,80.491
OCO,2287.279444444446,297.0,80.491
OCO,2307.212777777779,299.0,80.491
OCO,2337.6127777777792,304.0,80.491
OCO,2361.490555555557,307.0,80.491
OCO,2389.2238888888905,312.0,80.491
OCO,2424.3350000000014,316.0,80.491
OCO,2438.379444444446,316.0,80.491
OCO,2466.7350000000015,319.0,80.491
OCO,2480.912777777779,319.0,80.491
OCO,2498.690555555557,320.0,80.491
OCO,2534.4683333333346,322.0,80.491
OCO,2556.001666666668,323.0,80.491
OCO,2574.091666666668,324.0,80.491
OCO,2588.4916666666677,324.0,80.491
OCO,2606.5472222222234,325.0,80.491
OCO,2635.434444444445,326.0,80.491
OCO,2668.034444444445,326.0,80.491
OCO,2682.523333333334,326.0,80.491
OCO,2700.6344444444453,326.0,80.491
OCO,2715.123333333334,326.0,80.491
OCO,2740.4788888888897,326.0,80.491
OCO,2754.923333333334,325.0,80.491
OCO,2776.590000000001,325.0,80.491
OCO,2801.867777777779,325.0,80.491
OCO,2830.667777777779,324.0,80.491
OCO,2848.6677777777786,324.0,80.491
OCO,2870.201111111112,323.0,80.491
OCO,2891.6677777777786,322.0,80.491
OCO,2927.334444444445,321.0,80.491
OCO,2959.134444444445,318.0,80.491
OCO,2990.8344444444447,317.0,80.491
OCO,3008.334444444445,315.0,80.491
OCO,3029.2677777777785,314.0,80.491
OCO,3057.001111111112,312.0,80.491
OCO,3097.6677777777786,305.0,80.491
OCO,3111.1788888888896,304.0,80.491
OCO,3127.901111111112,301.0,80.491
OCO,3147.7011111111124,297.0,80.491
OCO,3160.9836111111126,297.0,80.491
OCO,3180.3836111111123,291.0,80.491
OCO,3214.528055555557,280.0,80.491
OCO,3226.216944444446,263.0,80.491
OCO,3240.328055555557,254.0,80.491
OCO,3251.4391666666684,250.0,80.491
OCO,3270.183611111113,241.0,80.491
OCO,3288.383611111113,234.0,80.491
OCO,3306.505833333335,233.0,80.491
OCO,3322.105833333335,234.0,80.491
OCO,3337.905833333335,237.0,80.491
OCO,3363.7947222222238,233.0,80.491
OCO,3376.683611111113,232.0,80.491
OCO,3434.616944444446,237.0,80.491
OCO,3448.116944444446,243.0,80.491
OCO,3461.7280555555567,245.0,80.491
OCO,3481.250277777779,251.0,80.491
OCO,3498.1836111111124,254.0,80.491
OCO,3509.605833333335,257.0,80.491
OCO,3523.9947222222236,259.0,80.491
OCO,3538.5502777777792,262.0,80.491
OCO,3556.4169444444456,268.0,80.491
OCO,3568.328055555557,268.0,80.491
OCO,3580.3280555555566,270.0,80.491
OCO,3595.439166666668,272.0,80.491
OCO,3623.0155555555566,275.0,80.491
OCO,3635.326666666668,277.0,80.491
OCO,3647.726666666668,279.0,80.491
OCO,3660.126666666668,279.0,80.491
OCO,3678.7819444444453,281.0,80.491
OCO,3697.5819444444455,282.0,80.491
OCO,3710.159722222223,283.0,80.491
OCO,3725.8819444444457,283.0,80.491
OCO,3754.281944444446,284.0,80.491
OCO,3782.781944444446,285.0,80.491
OCO,3801.781944444446,285.0,80.491
OCO,3814.4041666666676,284.0,80.491
OCO,3833.4041666666676,285.0,80.491
OCO,3861.9041666666676,285.0,80.491
OCO,3877.737500000001,285.0,80.491
OCO,3896.737500000001,285.0,80.491
OCO,3922.0708333333337,285.0,80.491
OCO,3940.670833333334,279.0,80.491
OCO,3952.8930555555567,275.0,80.491
OCO,3970.893055555556,270.0,80.491
OCO,3991.348611111112,263.0,80.491
OCO,4008.4819444444456,257.0,80.491
OCO,4023.1486111111126,220.0,80.491
OCO,4032.4819444444456,210.0,80.491
OCO,4045.681944444446,198.0,80.491
OCO,4053.104166666668,167.0,80.491
OCO,4059.637500000001,147.0,80.491
OCO,4068.7708333333344,137.0,80.491
OCO,4076.2152777777787,134.0,80.491
OCO,4083.2502777777786,126.0,80.491
OCO,4099.116944444446,119.0,80.491
OCO,4104.316944444446,117.0,80.491
OCO,4109.56138888889,118.0,80.491
OCO,4117.660833333334,122.0,80.491
OCO,4124.8275,129.0,80.491
OCO,4132.438611111112,137.0,80.491
OCO,4140.271944444445,141.0,80.491
OCO,4152.249722222223,154.0,80.491
OCO,4161.360833333334,164.0,80.491
OCO,4183.11638888889,178.0,80.491
OCO,4197.427500000001,184.0,80.491
OCO,4216.727500000001,193.0,80.491
OCO,4232.049722222223,197.0,80.491
OCO,4247.838611111112,203.0,80.491
OCO,4273.6275000000005,211.0,80.491
OCO,4283.094166666668,213.0,80.491
OCO,4307.427500000002,219.0,80.491
OCO,4317.160833333335,219.0,80.491
OCO,4329.327500000002,219.0,80.491
OCO,4351.4275000000025,221.0,80.491
OCO,4378.071944444447,218.0,80.491
OCO,4390.183055555558,218.0,80.491
OCO,4404.849722222224,220.0,80.491
OCO,4424.644722222224,222.0,80.491
OCO,4441.989166666669,223.0,80.491
OCO,4464.589166666669,226.0,80.491
OCO,4482.259166666669,228.0,80.491
OCO,4499.992500000003,228.0,80.491
OCO,4514.925833333337,224.0,80.491
OCO,4529.725833333337,222.0,80.491
OCO,4541.85916666667,182.0,80.491
OCO,4551.525833333337,174.0,80.491
OCO,4565.225833333337,137.0,80.491
OCO,4574.870277777781,124.0,80.491
OCO,4583.136944444447,124.0,80.491
OCO,4592.9147222222255,110.0,80.491
OCO,4604.692500000003,106.0,80.491
OCO,4610.35916666667,102.0,80.491
OCO,4614.848055555559,101.0,80.491
OCO,4622.703611111114,101.0,80.491
OCO,4629.436944444447,101.0,80.491
OCO,4635.103611111114,102.0,80.491
OCO,4669.503611111114,129.0,80.491
OCO,4683.836944444448,129.0,80.491
OCO,4700.683611111114,168.0,80.491
OCO,4708.194722222226,169.0,80.491
OCO,4723.1280555555595,168.0,80.491
OCO,4734.328055555559,168.0,80.491
OCO,4743.661388888892,168.0,80.491
OCO,4755.21305555556,174.0,80.491
OCO,4765.101944444448,178.0,80.491
OCO,4784.879722222226,178.0,80.491
OCO,4798.7241666666705,178.0,80.491
OCO,4815.257500000004,186.0,80.491
OCO,4837.457500000004,222.0,80.491
OCO,4847.413055555559,224.0,80.491
OCO,4866.079722222226,240.0,80.491
OCO,4879.524166666671,242.0,80.491
OCO,4893.079722222226,244.0,80.491
OCO,4907.190833333337,254.0,80.491
OCO,4942.12416666667,262.0,80.491
OCO,4965.768611111115,266.0,80.491
OCO,4980.768611111114,270.0,80.491
OCO,5005.301944444448,276.0,80.491
OCO,5023.835277777781,278.0,80.491
OCO,5052.335277777781,285.0,80.491
OCO,5068.279722222225,287.0,80.491
OCO,5084.335277777781,289.0,80.491
OCO,5116.638055555559,290.0,80.491
OCO,5145.638055555559,290.0,80.491
OCO,5158.793611111114,296.0,80.491
OCO,5185.371388888892,299.0,80.491
OCO,5212.0380555555585,300.0,80.491
GAS,4.065833333333333,287.0,80.501
GAS,16.910277777777775,289.0,80.501
GAS,36.36222222222222,293.0,80.501
GAS,55.962222222222216,294.0,80.501
GAS,69.11777777777777,296.0,80.501
GAS,85.72888888888889,299.0,80.501
GAS,115.62888888888888,299.0,80.501
GAS,145.82888888888888,302.0,80.501
GAS,165.96222222222218,302.0,80.501
GAS,179.42888888888885,303.0,80.501
GAS,199.62888888888887,303.0,80.501
GAS,229.92888888888885,303.0,80.501
GAS,246.09555555555553,291.0,80.501
GAS,264.0955555555555,270.0,80.501
GAS,285.16222222222217,237.0,80.501
GAS,298.8955555555555,206.0,80.501
GAS,309.4288888888889,237.0,80.501
GAS,322.69555555555553,199.0,80.501
GAS,336.69555555555553,180.0,80.501
GAS,347.62888888888887,164.0,80.501
GAS,358.4955555555555,163.0,80.501
GAS,365.8288888888888,165.0,80.501
GAS,376.6955555555555,163.0,80.501
GAS,383.6288888888888,156.0,80.501
GAS,390.6955555555555,159.0,80.501
GAS,401.62888888888875,164.0,80.501
GAS,411.46222222222207,177.0,80.501
GAS,421.9030555555554,187.0,80.501
GAS,449.36972222222204,206.0,80.501
GAS,458.5252777777776,206.0,80.501
GAS,468.08083333333315,215.0,80.501
GAS,482.75277777777757,221.0,80.501
GAS,495.3638888888887,227.0,80.501
GAS,508.2527777777776,232.0,80.501
GAS,521.3638888888887,236.0,80.501
GAS,540.2638888888888,243.0,80.501
GAS,553.8749999999999,245.0,80.501
GAS,585.0416666666665,255.0,80.501
GAS,605.186111111111,259.0,80.501
GAS,631.7861111111109,266.0,80.501
GAS,652.7861111111109,270.0,80.501
GAS,674.2527777777777,276.0,80.501
GAS,708.4749999999999,280.0,80.501
GAS,720.9638888888888,281.0,80.501
GAS,752.7416666666667,286.0,80.501
GAS,765.4972222222223,287.0,80.501
GAS,781.4972222222223,288.0,80.501
GAS,810.5972222222222,291.0,80.501
GAS,846.4083333333334,293.0,80.501
GAS,862.6861111111111,293.0,80.501
GAS,882.2861111111112,294.0,80.501
GAS,908.5902777777778,295.0,80.501
GAS,931.5347222222222,295.0,80.501
GAS,960.2347222222222,287.0,80.501
GAS,979.9972222222223,255.0,80.501
GAS,996.875,217.0,80.501
GAS,1010.1416666666667,199.0,80.501
GAS,1021.275,167.0,80.501
GAS,1031.4083333333333,152.0,80.501
GAS,1039.5194444444444,146.0,80.501
GAS,1052.1194444444443,126.0,80.501
GAS,1061.375,119.0,80.501
GAS,1069.0416666666667,115.0,80.501
GAS,1078.8194444444446,110.0,80.501
GAS,1090.152777777778,102.0,80.501
GAS,1095.7083333333335,100.0,80.501
GAS,1099.9750000000001,96.0,80.501
GAS,1107.5194444444446,97.0,80.501
GAS,1114.3194444444446,102.0,80.501
GAS,1119.9861111111113,102.0,80.501
GAS,1157.3194444444446,140.0,80.501
GAS,1174.875,158.0,80.501
GAS,1190.7188888888888,158.0,80.501
GAS,1197.5633333333333,154.0,80.501
GAS,1211.0744444444445,152.0,80.501
GAS,1221.0077777777776,149.0,80.501
GAS,1229.2855555555554,149.0,80.501
GAS,1239.2438888888887,150.0,80.501
GAS,1247.5772222222222,150.0,80.501
GAS,1265.7994444444444,164.0,80.501
GAS,1279.177222222222,172.0,80.501
GAS,1295.7994444444444,187.0,80.501
GAS,1315.5994444444443,198.0,80.501
GAS,1324.7105555555554,205.0,80.501
GAS,1341.4327777777776,215.0,80.501
GAS,1353.8772222222221,224.0,80.501
GAS,1366.4327777777776,226.0,80.501
GAS,1379.3216666666665,232.0,80.501
GAS,1411.3216666666665,240.0,80.501
GAS,1433.0105555555554,244.0,80.501
GAS,1446.6772222222219,246.0,80.501
GAS,1468.8105555555553,249.0,80.501
GAS,1485.4772222222218,250.0,80.501
GAS,1510.977222222222,255.0,80.501
GAS,1525.1994444444442,256.0,80.501
GAS,1539.4216666666664,256.0,80.501
GAS,1568.4941666666664,261.0,80.501
GAS,1595.0941666666663,266.0,80.501
GAS,1607.0052777777773,268.0,80.501
GAS,1631.0941666666663,271.0,80.501
GAS,1655.360833333333,273.0,80.501
GAS,1676.673333333333,275.0,80.501
GAS,1698.1399999999996,276.0,80.501
GAS,1716.0733333333328,269.0,80.501
GAS,1733.673333333333,264.0,80.501
GAS,1745.406666666666,264.0,80.501
GAS,1767.895555555555,253.0,80.501
GAS,1792.3955555555551,245.0,80.501
GAS,1807.6622222222218,229.0,80.501
GAS,1829.9622222222217,223.0,80.501
GAS,1839.5622222222216,216.0,80.501
GAS,1853.7622222222217,213.0,80.501
GAS,1867.8288888888883,211.0,80.501
GAS,1884.1622222222218,210.0,80.501
GAS,1905.3622222222218,212.0,80.501
GAS,1924.6511111111108,217.0,80.501
GAS,1942.4622222222217,229.0,80.501
GAS,1952.906666666666,235.0,80.501
GAS,1971.5733333333328,240.0,80.501
GAS,1990.9399999999996,249.0,80.501
GAS,2002.006666666666,249.0,80.501
GAS,2028.1791666666663,261.0,80.501
GAS,2045.8458333333326,265.0,80.501
GAS,2060.790277777777,269.0,80.501
GAS,2072.7902777777776,270.0,80.501
GAS,2091.1902777777773,276.0,80.501
GAS,2109.7902777777776,279.0,80.501
GAS,2131.567777777778,281.0,80.501
GAS,2153.6566666666663,284.0,80.501
GAS,2172.79,287.0,80.501
GAS,2188.7344444444448,287.0,80.501
GAS,2217.7344444444448,290.0,80.501
GAS,2243.778888888889,293.0,80.501
GAS,2273.378888888889,296.0,80.501
GAS,2306.8233333333333,301.0,80.501
GAS,2330.2344444444443,301.0,80.501
GAS,2353.9566666666665,305.0,80.501
GAS,2377.99,309.0,80.501
GAS,2391.767777777777,310.0,80.501
GAS,2409.1566666666663,313.0,80.501
GAS,2430.0899999999992,314.0,80.501
GAS,2465.312222222222,317.0,80.501
GAS,2483.0344444444436,319.0,80.501
GAS,2500.8122222222214,320.0,80.501
GAS,2518.589999999999,320.0,80.501
GAS,2539.989999999999,321.0,80.501
GAS,2557.9683333333323,322.0,80.501
GAS,2572.279444444443,322.0,80.501
GAS,2600.9905555555542,323.0,80.501
GAS,2633.3905555555543,324.0,80.501
GAS,2654.9905555555547,324.0,80.501
GAS,2669.4349999999995,325.0,80.501
GAS,2694.7127777777773,325.0,80.501
GAS,2723.422777777777,324.0,80.501
GAS,2737.8227777777774,324.0,80.501
GAS,2755.7672222222213,323.0,80.501
GAS,2780.811666666666,322.0,80.501
GAS,2798.589444444444,320.0,80.501
GAS,2812.7672222222213,319.0,80.501
GAS,2841.033888888888,318.0,80.501
GAS,2869.122777777777,316.0,80.501
GAS,2893.700555555555,316.0,80.501
GAS,2932.200555555555,315.0,80.501
GAS,2946.2005555555556,315.0,80.501
GAS,2960.200555555555,315.0,80.501
GAS,2984.3116666666665,310.0,80.501
GAS,3048.067222222222,302.0,80.501
GAS,3064.6783333333333,299.0,80.501
GAS,3084.411666666667,296.0,80.501
GAS,3103.878333333333,292.0,80.501
GAS,3139.0358333333334,287.0,80.501
GAS,3151.658055555555,284.0,80.501
GAS,3167.213611111111,280.0,80.501
GAS,3195.213611111111,280.0,80.501
GAS,3216.4469444444444,273.0,80.501
GAS,3239.735833333333,262.0,80.501
GAS,3306.982222222222,233.0,80.501
GAS,3327.693333333333,233.0,80.501
GAS,3340.6377777777775,233.0,80.501
GAS,3356.371111111111,236.0,80.501
GAS,3381.9266666666667,230.0,80.501
GAS,3404.0266666666666,221.0,80.501
GAS,3431.771111111111,227.0,80.501
GAS,3444.5488888888885,230.0,80.501
GAS,3454.771111111111,230.0,80.501
GAS,3470.4377777777777,235.0,80.501
GAS,3500.8711111111115,249.0,80.501
GAS,3529.315555555556,256.0,80.501
GAS,3561.5822222222223,264.0,80.501
GAS,3576.545555555556,268.0,80.501
GAS,3591.545555555556,270.0,80.501
GAS,3619.145555555556,276.0,80.501
GAS,3637.678888888889,278.0,80.501
GAS,3653.3455555555556,282.0,80.501
GAS,3681.7455555555557,284.0,80.501
GAS,3697.6900000000005,287.0,80.501
GAS,3713.69,288.0,80.501
GAS,3736.1650000000004,290.0,80.501
GAS,3749.053888888889,290.0,80.501
GAS,3765.2761111111117,292.0,80.501
GAS,3781.4983333333344,292.0,80.501
GAS,3797.7761111111117,293.0,80.501
GAS,3817.376111111112,294.0,80.501
GAS,3833.7650000000012,295.0,80.501
GAS,3856.709444444445,295.0,80.501
GAS,3869.865000000001,296.0,80.501
GAS,3896.1761111111123,296.0,80.501
GAS,3922.4872222222234,296.0,80.501
GAS,3938.765000000001,293.0,80.501
GAS,3951.742777777779,292.0,80.501
GAS,3974.142777777779,288.0,80.501
GAS,4002.142777777779,280.0,80.501
GAS,4028.787222222223,218.0,80.501
GAS,4038.0316666666677,208.0,80.501
GAS,4057.342777777779,158.0,80.501
GAS,4064.1427777777785,153.0,80.501
GAS,4072.071111111112,142.0,80.501
GAS,4082.3377777777787,132.0,80.501
GAS,4090.671111111112,125.0,80.501
GAS,4100.082222222223,121.0,80.501
GAS,4107.882222222223,117.0,80.501
GAS,4123.215555555556,115.0,80.501
GAS,4129.937777777779,121.0,80.501
GAS,4138.804444444446,133.0,80.501
GAS,4144.8552777777795,137.0,80.501
GAS,4154.65527777778,147.0,80.501
GAS,4161.633055555558,157.0,80.501
GAS,4168.833055555558,162.0,80.501
GAS,4176.25527777778,167.0,80.501
GAS,4184.033055555557,175.0,80.501
GAS,4194.25527777778,184.0,80.501
GAS,4216.366388888891,199.0,80.501
GAS,4227.588611111113,202.0,80.501
GAS,4252.033055555557,220.0,80.501
GAS,4267.099722222224,226.0,80.501
GAS,4282.433055555557,230.0,80.501
GAS,4295.488611111113,235.0,80.501
GAS,4313.688611111113,234.0,80.501
GAS,4326.466388888891,230.0,80.501
GAS,4336.644166666669,229.0,80.501
GAS,4349.088611111113,224.0,80.501
GAS,4363.688611111113,219.0,80.501
GAS,4382.799722222223,215.0,80.501
GAS,4397.326666666668,217.0,80.501
GAS,4411.8600000000015,218.0,80.501
GAS,4426.393333333334,218.0,80.501
GAS,4438.560000000001,219.0,80.501
GAS,4448.337777777779,220.0,80.501
GAS,4463.137777777779,222.0,80.501
GAS,4483.315555555556,227.0,80.501
GAS,4495.982222222223,228.0,80.501
GAS,4511.3822222222225,231.0,80.501
GAS,4521.515555555556,228.0,80.501
GAS,4533.126666666667,209.0,80.501
GAS,4551.076666666668,180.0,80.501
GAS,4561.276666666668,153.0,80.501
GAS,4569.387777777779,146.0,80.501
GAS,4579.343333333334,128.0,80.501
GAS,4589.476666666667,114.0,80.501
GAS,4594.543333333334,114.0,80.501
GAS,4600.487777777778,107.0,80.501
GAS,4608.421111111112,102.0,80.501
GAS,4613.865555555556,98.0,80.501
GAS,4624.198888888889,93.0,80.501
GAS,4633.898888888889,97.0,80.501
GAS,4640.832222222222,104.0,80.501
GAS,4650.9655555555555,114.0,80.501
GAS,4664.9655555555555,126.0,80.501
GAS,4674.765555555556,147.0,80.501
GAS,4685.4766666666665,160.0,80.501
GAS,4700.143333333333,165.0,80.501
GAS,4707.432222222222,164.0,80.501
GAS,4721.743333333333,161.0,80.501
GAS,4736.32111111111,164.0,80.501
GAS,4747.454444444444,167.0,80.501
GAS,4756.898888888888,170.0,80.501
GAS,4777.121111111111,182.0,80.501
GAS,4787.621111111111,189.0,80.501
GAS,4800.633333333332,196.0,80.501
GAS,4814.033333333333,201.0,80.501
GAS,4830.288888888888,209.0,80.501
GAS,4842.177777777776,214.0,80.501
GAS,4862.088888888888,224.0,80.501
GAS,4872.311111111109,230.0,80.501
GAS,4887.977777777776,235.0,80.501
GAS,4898.688888888887,241.0,80.501
GAS,4909.62222222222,246.0,80.501
GAS,4987.333333333332,269.0,80.501
GAS,5005.5999999999985,274.0,80.501
GAS,5024.066666666665,277.0,80.501
GAS,5039.566666666665,279.0,80.501
GAS,5055.4555555555535,286.0,80.501
GAS,5077.699999999998,286.0,80.501
GAS,5093.724166666664,287.0,80.501
GAS,5122.424166666664,287.0,80.501
GAS,5135.224166666665,288.0,80.501
GAS,5154.4908333333315,289.0,80.501
GAS,5173.8241666666645,290.0,80.501
GAS,5196.457499999998,291.0,80.501
GAS,5228.901944444443,292.0,80.501
ALB,9.633333333333333,289.0,80.941
ALB,22.47777777777778,289.0,80.941
ALB,48.43333333333334,292.0,80.941
ALB,61.41111111111112,292.0,80.941
ALB,74.47777777777779,294.0,80.941
ALB,87.50000000000001,293.0,80.941
ALB,107.16666666666669,295.0,80.941
ALB,126.90000000000002,296.0,80.941
ALB,193.20500000000004,298.0,80.941
ALB,222.20500000000004,290.0,80.941
ALB,241.2716666666667,286.0,80.941
ALB,262.7383333333334,276.0,80.941
ALB,277.12722222222226,259.0,80.941
ALB,292.8605555555556,236.0,80.941
ALB,306.59388888888896,206.0,80.941
ALB,317.2050000000001,191.0,80.941
ALB,329.0716666666667,178.0,80.941
ALB,338.79388888888894,175.0,80.941
ALB,350.26055555555564,172.0,80.941
ALB,357.9050000000001,172.0,80.941
ALB,368.9716666666667,166.0,80.941
ALB,380.03833333333336,166.0,80.941
ALB,395.32722222222225,172.0,80.941
ALB,409.32722222222225,180.0,80.941
ALB,417.68277777777774,188.0,80.941
ALB,435.5822222222222,202.0,80.941
ALB,449.24888888888887,205.0,80.941
ALB,470.6488888888889,214.0,80.941
ALB,480.16,214.0,80.941
ALB,495.35999999999996,228.0,80.941
ALB,510.62666666666667,229.0,80.941
ALB,534.3266666666666,237.0,80.941
ALB,550.5941666666668,243.0,80.941
ALB,566.7941666666668,243.0,80.941
ALB,580.7941666666668,252.0,80.941
ALB,592.0386111111112,253.0,80.941
ALB,615.3275000000001,262.0,80.941
ALB,629.8830555555556,262.0,80.941
ALB,656.9830555555556,271.0,80.941
ALB,669.1608333333334,274.0,80.941
ALB,690.7830555555556,278.0,80.941
ALB,709.4497222222222,280.0,80.941
ALB,731.6163888888889,285.0,80.941
ALB,757.1275,287.0,80.941
ALB,779.6830555555556,290.0,80.941
ALB,795.9052777777779,292.0,80.941
ALB,812.2386111111111,294.0,80.941
ALB,828.5719444444444,294.0,80.941
ALB,848.3052777777777,296.0,80.941
ALB,878.1052777777778,298.0,80.941
ALB,901.2830555555555,298.0,80.941
ALB,920.6830555555555,291.0,80.941
ALB,942.6930555555555,284.0,80.941
ALB,969.0930555555555,264.0,80.941
ALB,992.9819444444444,215.0,80.941
ALB,1007.6041666666665,188.0,80.941
ALB,1017.6041666666665,180.0,80.941
ALB,1030.8008333333332,148.0,80.941
ALB,1036.9341666666667,138.0,80.941
ALB,1048.1341666666667,126.0,80.941
ALB,1057.4675,120.0,80.941
ALB,1065.0674999999999,114.0,80.941
ALB,1075.7675,107.0,80.941
ALB,1081.3230555555554,100.0,80.941
ALB,1089.8563888888887,96.0,80.941
ALB,1099.9563888888886,101.0,80.941
ALB,1106.889722222222,104.0,80.941
ALB,1114.3563888888887,112.0,80.941
ALB,1125.200833333333,122.0,80.941
ALB,1130.9341666666664,129.0,80.941
ALB,1141.7452777777773,139.0,80.941
ALB,1149.9674999999995,148.0,80.941
ALB,1158.689722222222,157.0,80.941
ALB,1165.800833333333,160.0,80.941
ALB,1178.0897222222218,158.0,80.941
ALB,1185.0230555555552,156.0,80.941
ALB,1198.2674999999997,149.0,80.941
ALB,1204.800833333333,147.0,80.941
ALB,1214.4936111111108,146.0,80.941
ALB,1224.026944444444,143.0,80.941
ALB,1232.304722222222,149.0,80.941
ALB,1244.0491666666662,151.0,80.941
ALB,1256.6491666666664,162.0,80.941
ALB,1270.1047222222219,173.0,80.941
ALB,1289.0572222222218,189.0,80.941
ALB,1297.590555555555,192.0,80.941
ALB,1320.1461111111107,203.0,80.941
ALB,1334.5461111111106,216.0,80.941
ALB,1351.890555555555,223.0,80.941
ALB,1367.2238888888883,230.0,80.941
ALB,1388.2016666666661,236.0,80.941
ALB,1409.5349999999994,240.0,80.941
ALB,1422.9238888888883,241.0,80.941
ALB,1441.8238888888884,243.0,80.941
ALB,1466.4238888888883,246.0,80.941
ALB,1482.890555555555,247.0,80.941
ALB,1499.490555555555,249.0,80.941
ALB,1510.779444444444,254.0,80.941
ALB,1533.4461111111107,255.0,80.941
ALB,1559.3461111111105,259.0,80.941
ALB,1621.571944444444,267.0,80.941
ALB,1639.5719444444437,270.0,80.941
ALB,1679.294166666666,275.0,80.941
ALB,1703.6497222222215,274.0,80.941
ALB,1715.5608333333325,268.0,80.941
ALB,1730.3008333333325,264.0,80.941
ALB,1756.2008333333324,259.0,80.941
ALB,1775.8008333333325,252.0,80.941
ALB,1796.8674999999992,237.0,80.941
ALB,1811.8008333333323,224.0,80.941
ALB,1823.6341666666656,213.0,80.941
ALB,1835.300833333332,210.0,80.941
ALB,1860.47861111111,206.0,80.941
ALB,1876.4230555555546,205.0,80.941
ALB,1885.5341666666657,205.0,80.941
ALB,1901.867499999999,210.0,80.941
ALB,1918.4341666666658,213.0,80.941
ALB,1946.9119444444436,233.0,80.941
ALB,1962.8452777777768,239.0,80.941
ALB,1984.7119444444436,246.0,80.941
ALB,2007.2008333333324,253.0,80.941
ALB,2024.534166666666,260.0,80.941
ALB,2045.0674999999992,264.0,80.941
ALB,2066.1452777777768,271.0,80.941
ALB,2090.3361111111103,273.0,80.941
ALB,2102.647222222222,277.0,80.941
ALB,2124.4249999999993,280.0,80.941
ALB,2146.4361111111107,283.0,80.941
ALB,2171.8486111111106,285.0,80.941
ALB,2194.3263888888882,289.0,80.941
ALB,2220.015277777777,289.0,80.941
ALB,2239.481944444444,292.0,80.941
ALB,2259.081944444444,294.0,80.941
ALB,2275.470833333333,295.0,80.941
ALB,2298.493055555555,296.0,80.941
ALB,2318.359722222222,298.0,80.941
ALB,2341.848611111111,302.0,80.941
ALB,2358.793055555555,305.0,80.941
ALB,2372.3486111111106,305.0,80.941
ALB,2392.881944444444,308.0,80.941
ALB,2416.9930555555543,310.0,80.941
ALB,2448.293055555554,313.0,80.941
ALB,2465.737499999999,314.0,80.941
ALB,2490.237499999999,315.0,80.941
ALB,2507.793055555554,316.0,80.941
ALB,2521.7930555555545,315.0,80.941
ALB,2553.4930555555543,317.0,80.941
ALB,2567.626388888888,318.0,80.941
ALB,2642.2041666666655,320.0,80.941
ALB,2670.64861111111,320.0,80.941
ALB,2691.981944444443,320.0,80.941
ALB,2723.981944444443,320.0,80.941
ALB,2745.337222222221,319.0,80.941
ALB,2759.5149999999985,319.0,80.941
ALB,2784.170555555554,317.0,80.941
ALB,2808.748333333332,316.0,80.941
ALB,2833.248333333332,315.0,80.941
ALB,2847.2483333333316,315.0,80.941
ALB,2871.592777777776,313.0,80.941
ALB,2895.781666666665,311.0,80.941
ALB,2919.8149999999982,309.0,80.941
ALB,2940.348333333331,308.0,80.941
ALB,2964.1483333333313,306.0,80.941
ALB,2987.8705555555534,305.0,80.941
ALB,3014.803888888887,303.0,80.941
ALB,3041.114999999998,296.0,80.941
ALB,3063.826111111109,292.0,80.941
ALB,3083.0927777777756,289.0,80.941
ALB,3095.8483333333315,287.0,80.941
ALB,3121.092777777776,284.0,80.941
ALB,3145.8927777777762,279.0,80.941
ALB,3158.203888888887,277.0,80.941
ALB,3173.5372222222204,276.0,80.941
ALB,3194.5372222222204,270.0,80.941
ALB,3206.3297222222204,267.0,80.941
ALB,3238.596388888887,242.0,80.941
ALB,3256.718611111109,233.0,80.941
ALB,3267.138888888887,233.0,80.941
ALB,3289.638888888887,225.0,80.941
ALB,3302.0833333333317,224.0,80.941
ALB,3312.17222222222,227.0,80.941
ALB,3338.17222222222,234.0,80.941
ALB,3348.5722222222203,234.0,80.941
ALB,3369.549999999998,236.0,80.941
ALB,3382.5499999999975,234.0,80.941
ALB,3411.149999999998,234.0,80.941
ALB,3421.594444444442,235.0,80.941
ALB,3434.761111111109,237.0,80.941
ALB,3445.383333333331,239.0,80.941
ALB,3461.583333333331,243.0,80.941
ALB,3480.7944444444424,247.0,80.941
ALB,3494.683333333331,250.0,80.941
ALB,3505.8833333333314,252.0,80.941
ALB,3531.3833333333314,255.0,80.941
ALB,3542.9833333333313,261.0,80.941
ALB,3568.6833333333316,257.0,80.941
ALB,3598.6833333333316,270.0,80.941
ALB,3616.949999999998,274.0,80.941
ALB,3632.2833333333315,276.0,80.941
ALB,3663.2058333333316,279.0,80.941
ALB,3688.1836111111093,281.0,80.941
ALB,3703.850277777776,282.0,80.941
ALB,3719.651111111109,283.0,80.941
ALB,3744.8955555555535,284.0,80.941
ALB,3760.728888888887,285.0,80.941
ALB,3786.1511111111095,286.0,80.941
ALB,3798.906666666665,287.0,80.941
ALB,3830.795555555554,287.0,80.941
ALB,3862.795555555554,288.0,80.941
ALB,3875.639999999998,289.0,80.941
ALB,3904.539999999998,289.0,80.941
ALB,3923.806666666665,289.0,80.941
ALB,3936.65111111111,289.0,80.941
ALB,3961.5399999999986,280.0,80.941
ALB,3976.817777777776,275.0,80.941
ALB,3997.817777777776,270.0,80.941
ALB,4013.6844444444428,238.0,80.941
ALB,4023.6844444444428,225.0,80.941
ALB,4039.2399999999984,200.0,80.941
ALB,4049.295555555554,181.0,80.941
ALB,4067.7511111111094,151.0,80.941
ALB,4078.6399999999985,140.0,80.941
ALB,4092.6399999999985,126.0,80.941
ALB,4099.417777777777,122.0,80.941
ALB,4123.584166666666,121.0,80.941
ALB,4128.995555555554,121.0,80.941
ALB,4138.406666666666,121.0,80.941
ALB,4146.1288888888885,139.0,80.941
ALB,4154.35111111111,148.0,80.941
ALB,4170.85111111111,165.0,80.941
ALB,4186.584444444444,177.0,80.941
ALB,4207.8066666666655,191.0,80.941
ALB,4233.228888888888,208.0,80.941
ALB,4242.606666666666,211.0,80.941
ALB,4259.7955555555545,221.0,80.941
ALB,4279.7955555555545,225.0,80.941
ALB,4297.762222222221,231.0,80.941
ALB,4322.317777777776,221.0,80.941
ALB,4343.817777777776,215.0,80.941
ALB,4353.106666666665,209.0,80.941
ALB,4364.551111111109,206.0,80.941
ALB,4382.95111111111,207.0,80.941
ALB,4403.95111111111,210.0,80.941
ALB,4420.439999999999,212.0,80.941
ALB,4439.728888888887,217.0,80.941
ALB,4451.895555555554,219.0,80.941
ALB,4461.539999999998,217.0,80.941
ALB,4476.211944444442,221.0,80.941
ALB,4491.145277777776,224.0,80.941
ALB,4501.252499999998,226.0,80.941
ALB,4515.852499999997,219.0,80.941
ALB,4527.519166666664,210.0,80.941
ALB,4539.585833333332,181.0,80.941
ALB,4551.719166666665,156.0,80.941
ALB,4564.619166666665,129.0,80.941
ALB,4572.752499999998,122.0,80.941
ALB,4579.1413888888865,115.0,80.941
ALB,4586.4747222222195,110.0,80.941
ALB,4596.9747222222195,105.0,80.941
ALB,4606.77472222222,98.0,80.941
ALB,4612.108055555553,96.0,80.941
ALB,4620.908055555553,99.0,80.941
ALB,4630.419166666664,107.0,80.941
ALB,4635.396944444442,112.0,80.941
ALB,4640.419166666664,113.0,80.941
ALB,4649.596944444442,118.0,80.941
ALB,4655.108055555554,124.0,80.941
ALB,4664.241388888887,137.0,80.941
ALB,4670.77472222222,147.0,80.941
ALB,4683.219166666664,160.0,80.941
ALB,4695.663611111108,160.0,80.941
ALB,4706.463611111109,162.0,80.941
ALB,4722.863611111108,164.0,80.941
ALB,4730.241388888887,166.0,80.941
ALB,4737.663611111109,167.0,80.941
ALB,4749.016111111109,171.0,80.941
ALB,4756.842499999998,175.0,80.941
ALB,4775.142499999999,183.0,80.941
ALB,4794.142499999999,190.0,80.941
ALB,4805.198055555554,199.0,80.941
ALB,4826.098055555553,209.0,80.941
ALB,4835.65361111111,215.0,80.941
ALB,4858.25361111111,226.0,80.941
ALB,4871.086944444443,231.0,80.941
ALB,4900.664722222222,242.0,80.941
ALB,4920.109166666666,250.0,80.941
ALB,4937.109166666666,255.0,80.941
ALB,4948.664722222222,260.0,80.941
ALB,4972.309166666667,266.0,80.941
ALB,4984.309166666667,270.0,80.941
ALB,4999.5313888888895,274.0,80.941
ALB,5024.2425,278.0,80.941
ALB,5036.775833333333,282.0,80.941
ALB,5059.098055555555,287.0,80.941
ALB,5071.986944444445,290.0,80.941
ALB,5107.553611111111,291.0,80.941
ALB,5123.720277777778,291.0,80.941
ALB,5136.653611111112,291.0,80.941
ALB,5152.875833333334,292.0,80.941
ALB,5169.098055555556,292.0,80.941
ALB,5188.564722222223,292.0,80.941
ALB,5208.016666666667,293.0,80.941
ALB,5221.120277777779,293.0,80.941
COL,3.892777777777778,286.0,81.2
COL,23.159444444444443,289.0,81.2
COL,36.092777777777776,291.0,81.2
COL,59.03722222222222,295.0,81.2
COL,85.34833333333333,296.0,81.2
COL,98.59277777777778,298.0,81.2
COL,125.08166666666665,298.0,81.2
COL,141.74833333333333,300.0,81.2
COL,168.42027777777778,301.0,81.2
COL,191.90916666666666,302.0,81.2
COL,205.06472222222223,296.0,81.2
COL,231.5536111111111,298.0,81.2
COL,246.38694444444445,267.0,81.2
COL,258.2536111111111,267.0,81.2
COL,271.2536111111111,234.0,81.2
COL,280.9425,218.0,81.2
COL,298.80916666666667,201.0,81.2
COL,316.2091666666667,174.0,81.2
COL,327.4091666666667,168.0,81.2
COL,338.20916666666665,162.0,81.2
COL,345.40916666666664,162.0,81.2
COL,355.9425,158.0,81.2
COL,370.0308333333333,158.0,81.2
COL,384.5197222222222,163.0,81.2
COL,393.9086111111111,169.0,81.2
COL,407.67527777777775,177.0,81.2
COL,426.3752777777778,187.0,81.2
COL,435.30861111111113,201.0,81.2
COL,444.4641666666667,206.0,81.2
COL,453.61972222222226,206.0,81.2
COL,463.26416666666665,217.0,81.2
COL,477.93083333333334,220.0,81.2
COL,495.6641666666667,228.0,81.2
COL,519.3641666666667,237.0,81.2
COL,538.1086111111111,241.0,81.2
COL,563.1388888888889,251.0,81.2
COL,653.4722222222223,271.0,81.2
COL,665.65,274.0,81.2
COL,680.9833333333333,276.0,81.2
COL,699.5833333333334,279.0,81.2
COL,712.1166666666667,282.0,81.2
COL,737.4499999999999,285.0,81.2
COL,750.161111111111,286.0,81.2
COL,775.7611111111111,288.0,81.2
COL,795.0944444444444,290.0,81.2
COL,814.6422222222221,292.0,81.2
COL,827.6644444444444,293.0,81.2
COL,853.7977777777777,294.0,81.2
COL,886.6866666666666,296.0,81.2
COL,913.0866666666666,297.0,81.2
COL,932.8866666666667,297.0,81.2
COL,946.0866666666667,297.0,81.2
COL,968.3977777777777,251.0,81.2
COL,989.8977777777778,215.0,81.2
COL,1013.6311111111111,178.0,81.2
COL,1022.7422222222223,164.0,81.2
COL,1034.0977777777778,146.0,81.2
COL,1044.2502777777777,131.0,81.2
COL,1049.7613888888889,124.0,81.2
COL,1057.4280555555556,115.0,81.2
COL,1068.4280555555556,110.0,81.2
COL,1074.4280555555556,108.0,81.2
COL,1084.1280555555556,97.0,81.2
COL,1093.6280555555556,95.0,81.2
COL,1097.9391666666668,97.0,81.2
COL,1105.950277777778,103.0,81.2
COL,1113.2836111111112,110.0,81.2
COL,1118.3058333333333,113.0,81.2
COL,1129.5947222222223,127.0,81.2
COL,1143.5333333333335,139.0,81.2
COL,1157.1333333333334,153.0,81.2
COL,1165.8000000000002,156.0,81.2
COL,1174.3555555555556,154.0,81.2
COL,1191.9555555555557,144.0,81.2
COL,1203.077777777778,143.0,81.2
COL,1210.966666666667,142.0,81.2
COL,1227.3000000000002,147.0,81.2
COL,1240.9,153.0,81.2
COL,1249.788888888889,160.0,81.2
COL,1263.088888888889,171.0,81.2
COL,1281.788888888889,187.0,81.2
COL,1296.9555555555557,195.0,81.2
COL,1310.565277777778,205.0,81.2
COL,1324.6319444444446,211.0,81.2
COL,1341.5097222222223,217.0,81.2
COL,1353.8986111111112,223.0,81.2
COL,1371.9430555555557,232.0,81.2
COL,1390.3763888888889,237.0,81.2
COL,1403.654166666667,239.0,81.2
COL,1417.0430555555558,241.0,81.2
COL,1435.865277777778,242.0,81.2
COL,1449.3652777777781,243.0,81.2
COL,1468.4986111111114,246.0,81.2
COL,1487.7783333333336,247.0,81.2
COL,1509.7338888888892,247.0,81.2
COL,1532.045,251.0,81.2
COL,1549.1783333333335,257.0,81.2
COL,1560.6894444444447,259.0,81.2
COL,1584.1561111111114,264.0,81.2
COL,1607.711666666667,265.0,81.2
COL,1619.5783333333338,267.0,81.2
COL,1640.422777777778,268.0,81.2
COL,1670.3116666666672,269.0,81.2
COL,1685.589444444445,275.0,81.2
COL,1703.7894444444448,273.0,81.2
COL,1718.9561111111118,273.0,81.2
COL,1730.9116666666673,269.0,81.2
COL,1745.6338888888895,265.0,81.2
COL,1763.1672222222228,263.0,81.2
COL,1774.518055555556,257.0,81.2
COL,1788.6291666666673,254.0,81.2
COL,1807.3736111111116,241.0,81.2
COL,1822.0402777777783,220.0,81.2
COL,1842.9402777777782,209.0,81.2
COL,1852.0958333333338,206.0,81.2
COL,1870.406944444445,206.0,81.2
COL,1883.9402777777782,203.0,81.2
COL,1904.9402777777782,210.0,81.2
COL,1930.2255555555562,227.0,81.2
COL,1956.3366666666673,235.0,81.2
COL,1969.6700000000008,240.0,81.2
COL,1994.6700000000008,250.0,81.2
COL,2023.4477777777784,259.0,81.2
COL,2043.8255555555563,262.0,81.2
COL,2058.658888888889,267.0,81.2
COL,2076.8588888888894,273.0,81.2
COL,2089.0811111111116,275.0,81.2
COL,2104.3588888888894,275.0,81.2
COL,2135.6922222222224,282.0,81.2
COL,2154.625555555556,284.0,81.2
COL,2180.0477777777783,286.0,81.2
COL,2192.847777777778,288.0,81.2
COL,2212.1811111111115,290.0,81.2
COL,2234.7336111111117,291.0,81.2
COL,2247.5780555555557,289.0,81.2
COL,2263.911388888889,294.0,81.2
COL,2276.978055555556,294.0,81.2
COL,2296.6447222222228,295.0,81.2
COL,2309.9336111111115,299.0,81.2
COL,2340.1336111111123,302.0,81.2
COL,2370.6336111111123,305.0,81.2
COL,2401.5336111111124,309.0,81.2
COL,2425.6447222222237,310.0,81.2
COL,2450.0761111111124,313.0,81.2
COL,2467.5205555555563,314.0,81.2
COL,2484.9094444444454,313.0,81.2
COL,2509.4094444444454,315.0,81.2
COL,2526.909444444445,315.0,81.2
COL,2548.0427777777786,317.0,81.2
COL,2562.131666666668,317.0,81.2
COL,2586.8650000000007,318.0,81.2
COL,2601.0427777777786,319.0,81.2
COL,2618.7650000000003,319.0,81.2
COL,2640.031666666667,319.0,81.2
COL,2661.3650000000007,320.0,81.2
COL,2675.542777777778,319.0,81.2
COL,2707.4427777777782,319.0,81.2
COL,2721.620555555556,319.0,81.2
COL,2749.798333333334,317.0,81.2
COL,2781.398333333334,316.0,81.2
COL,2798.8983333333344,315.0,81.2
COL,2816.2555555555564,314.0,81.2
COL,2833.644444444445,313.0,81.2
COL,2847.5555555555566,313.0,81.2
COL,2871.977777777779,314.0,81.2
COL,2896.0111111111123,309.0,81.2
COL,2909.7444444444454,309.0,81.2
COL,2937.033333333334,307.0,81.2
COL,2964.233333333334,306.0,81.2
COL,2997.455555555556,299.0,81.2
COL,3013.982222222223,296.0,81.2
COL,3030.2044444444455,292.0,81.2
COL,3052.6044444444456,288.0,81.2
COL,3077.937777777779,285.0,81.2
COL,3090.471111111112,282.0,81.2
COL,3115.182222222223,278.0,81.2
COL,3130.626666666668,278.0,81.2
COL,3148.7600000000007,272.0,81.2
COL,3175.3600000000006,266.0,81.2
COL,3198.6488888888894,262.0,81.2
COL,3218.9488888888895,261.0,81.2
COL,3232.9488888888895,252.0,81.2
COL,3246.726666666667,248.0,81.2
COL,3259.893333333334,237.0,81.2
COL,3275.3600000000006,232.0,81.2
COL,3290.826666666667,232.0,81.2
COL,3303.715555555556,232.0,81.2
COL,3314.0266666666666,232.0,81.2
COL,3332.0711111111113,232.0,81.2
COL,3413.074444444445,228.0,81.2
COL,3423.3411111111113,231.0,81.2
COL,3436.285555555556,233.0,81.2
COL,3446.8633333333337,238.0,81.2
COL,3465.8411111111113,244.0,81.2
COL,3488.221944444445,251.0,81.2
COL,3502.333055555556,254.0,81.2
COL,3531.4441666666667,262.0,81.2
COL,3557.9441666666667,265.0,81.2
COL,3588.1663888888893,272.0,81.2
COL,3600.3441666666668,274.0,81.2
COL,3621.966388888889,278.0,81.2
COL,3637.410833333334,278.0,81.2
COL,3656.144166666667,281.0,81.2
COL,3671.8663888888896,283.0,81.2
COL,3703.533055555556,285.0,81.2
COL,3722.5997222222227,286.0,81.2
COL,3744.9997222222228,288.0,81.2
COL,3761.055277777778,289.0,81.2
COL,3780.321944444445,289.0,81.2
COL,3799.5886111111117,289.0,81.2
COL,3812.5219444444447,291.0,81.2
COL,3828.6077777777778,291.0,81.2
COL,3844.7744444444447,291.0,81.2
COL,3857.7077777777777,291.0,81.2
COL,3873.8744444444446,291.0,81.2
COL,3896.3522222222223,289.0,81.2
COL,3924.8522222222223,285.0,81.2
COL,3937.43,283.0,81.2
COL,3965.53,281.0,81.2
COL,3984.0736111111114,277.0,81.2
COL,3996.2958333333336,275.0,81.2
COL,4007.718055555556,257.0,81.2
COL,4019.140277777778,257.0,81.2
COL,4034.3402777777783,228.0,81.2
COL,4048.029166666667,176.0,81.2
COL,4056.8625,159.0,81.2
COL,4063.929166666667,159.0,81.2
COL,4080.9958333333334,128.0,81.2
COL,4089.1958333333337,123.0,81.2
COL,4097.262500000001,121.0,81.2
COL,4107.306944444445,113.0,81.2
COL,4116.25138888889,115.0,81.2
COL,4125.662500000001,121.0,81.2
COL,4137.218055555557,130.0,81.2
COL,4148.418055555557,144.0,81.2
COL,4156.695833333335,149.0,81.2
COL,4169.4513888888905,164.0,81.2
COL,4176.9625000000015,169.0,81.2
COL,4192.823888888891,179.0,81.2
COL,4201.179444444446,188.0,81.2
COL,4214.446111111112,199.0,81.2
COL,4235.546111111113,211.0,81.2
COL,4254.835000000002,217.0,81.2
COL,4274.835000000002,225.0,81.2
COL,4293.11277777778,235.0,81.2
COL,4319.400555555558,236.0,81.2
COL,4329.622777777779,230.0,81.2
COL,4339.711666666669,227.0,81.2
COL,4349.578333333336,222.0,81.2
COL,4361.689444444447,218.0,81.2
COL,4378.411666666669,215.0,81.2
COL,4404.9338888888915,217.0,81.2
COL,4414.667222222225,219.0,81.2
COL,4424.400555555559,219.0,81.2
COL,4444.133888888892,222.0,81.2
COL,4454.000555555559,222.0,81.2
COL,4468.933888888892,224.0,81.2
COL,4481.433888888892,225.0,81.2
COL,4491.522777777781,227.0,81.2
COL,4512.056111111115,231.0,81.2
COL,4522.367222222226,232.0,81.2
COL,4536.767222222225,216.0,81.2
COL,4546.989444444448,184.0,81.2
COL,4556.156111111115,165.0,81.2
COL,4570.356111111115,142.0,81.2
COL,4581.467222222226,125.0,81.2
COL,4587.879444444448,116.0,81.2
COL,4595.079444444448,108.0,81.2
COL,4599.746111111115,105.0,81.2
COL,4606.679444444449,104.0,81.2
COL,4611.035000000004,98.0,81.2
COL,4618.268333333338,93.0,81.2
COL,4622.401666666671,93.0,81.2
COL,4631.050833333338,97.0,81.2
COL,4636.550833333338,99.0,81.2
COL,4640.950833333338,99.0,81.2
COL,4651.350833333338,117.0,81.2
COL,4658.239722222227,124.0,81.2
COL,4668.584166666672,133.0,81.2
COL,4678.117500000006,143.0,81.2
COL,4685.184166666672,159.0,81.2
COL,4703.406388888895,164.0,81.2
COL,4712.628611111117,166.0,81.2
COL,4720.050833333339,167.0,81.2
COL,4729.273055555561,166.0,81.2
COL,4745.6730555555605,164.0,81.2
COL,4754.8397222222275,165.0,81.2
COL,4764.3397222222275,171.0,81.2
COL,4782.439722222228,181.0,81.2
COL,4790.617500000006,184.0,81.2
COL,4805.628611111117,193.0,81.2
COL,4814.3397222222275,196.0,81.2
COL,4823.36194444445,203.0,81.2
COL,4834.917500000005,208.0,81.2
COL,4846.917500000005,216.0,81.2
COL,4856.695277777783,220.0,81.2
COL,4874.442777777783,229.0,81.2
COL,4900.887222222226,238.0,81.2
COL,4911.776111111116,245.0,81.2
COL,4934.1761111111155,252.0,81.2
COL,4951.242777777782,256.0,81.2
COL,4980.760833333338,265.0,81.2
COL,5011.094166666671,273.0,81.2
COL,5029.560833333338,277.0,81.2
COL,5054.627500000004,282.0,81.2
COL,5079.78305555556,283.0,81.2
COL,5101.949722222227,285.0,81.2
COL,5120.949722222227,285.0,81.2
COL,5136.783055555561,285.0,81.2
COL,5158.949722222228,285.0,81.2
COL,5178.083055555561,287.0,81.2
COL,5200.483055555562,288.0,81.2
COL,5219.816388888895,290.0,81.2
ALO,30.001666666666665,282.0,81.969
ALO,42.535,282.0,81.969
ALO,112.20166666666667,285.0,81.969
ALO,134.36833333333334,285.0,81.969
ALO,157.235,294.0,81.969
ALO,190.01277777777779,295.0,81.969
ALO,209.67944444444447,295.0,81.969
ALO,229.27944444444447,294.0,81.969
ALO,242.03500000000003,287.0,81.969
ALO,263.1905555555556,272.0,81.969
ALO,281.8572222222223,240.0,81.969
ALO,292.0794444444445,230.0,81.969
ALO,308.96833333333336,190.0,81.969
ALO,323.48666666666674,186.0,81.969
ALO,333.32000000000005,177.0,81.969
ALO,344.8533333333334,173.0,81.969
ALO,352.45333333333343,171.0,81.969
ALO,363.5200000000001,166.0,81.969
ALO,374.5200000000001,165.0,81.969
ALO,385.8725000000001,171.0,81.969
ALO,402.4058333333334,186.0,81.969
ALO,417.41694444444454,193.0,81.969
ALO,432.8169444444446,198.0,81.969
ALO,448.8391666666668,206.0,81.969
ALO,472.50583333333344,213.0,81.969
ALO,484.72805555555567,220.0,81.969
ALO,510.06138888888904,228.0,81.969
ALO,520.4169444444445,233.0,81.969
ALO,536.0169444444446,234.0,81.969
ALO,551.9502777777778,239.0,81.969
ALO,565.450277777778,243.0,81.969
ALO,576.2502777777779,243.0,81.969
ALO,598.561388888889,251.0,81.969
ALO,618.3169444444445,254.0,81.969
ALO,635.3836111111112,256.0,81.969
ALO,652.7836111111112,261.0,81.969
ALO,685.2947222222223,266.0,81.969
ALO,706.2169444444445,269.0,81.969
ALO,733.5927777777779,273.0,81.969
ALO,748.7594444444445,273.0,81.969
ALO,764.0927777777779,276.0,81.969
ALO,779.4816666666667,277.0,81.969
ALO,791.7927777777778,277.0,81.969
ALO,829.1261111111112,280.0,81.969
ALO,841.5369444444444,281.0,81.969
ALO,863.4702777777778,282.0,81.969
ALO,891.6702777777778,282.0,81.969
ALO,907.2258333333334,280.0,81.969
ALO,925.5591666666667,275.0,81.969
ALO,952.3591666666667,268.0,81.969
ALO,964.0925000000001,264.0,81.969
ALO,992.0813888888889,229.0,81.969
ALO,1001.3702777777778,209.0,81.969
ALO,1010.1702777777778,198.0,81.969
ALO,1024.0925,179.0,81.969
ALO,1034.0925,150.0,81.969
ALO,1040.4480555555556,143.0,81.969
ALO,1046.270277777778,131.0,81.969
ALO,1051.9147222222223,127.0,81.969
ALO,1059.6480555555556,116.0,81.969
ALO,1066.981388888889,110.0,81.969
ALO,1099.5538888888889,101.0,81.969
ALO,1107.8761111111112,107.0,81.969
ALO,1119.476111111111,116.0,81.969
ALO,1130.3205555555555,122.0,81.969
ALO,1136.3205555555555,135.0,81.969
ALO,1148.1427777777776,152.0,81.969
ALO,1154.898333333333,152.0,81.969
ALO,1165.7861111111108,164.0,81.969
ALO,1180.3638888888886,164.0,81.969
ALO,1195.6638888888886,153.0,81.969
ALO,1202.4638888888885,153.0,81.969
ALO,1210.7416666666663,149.0,81.969
ALO,1218.7416666666663,144.0,81.969
ALO,1231.7194444444442,146.0,81.969
ALO,1249.0527777777777,156.0,81.969
ALO,1258.0527777777777,162.0,81.969
ALO,1273.3416666666667,172.0,81.969
ALO,1286.7194444444444,172.0,81.969
ALO,1297.0527777777777,186.0,81.969
ALO,1316.2527777777777,192.0,81.969
ALO,1332.275,206.0,81.969
ALO,1341.4305555555557,206.0,81.969
ALO,1352.875,206.0,81.969
ALO,1382.7416666666668,224.0,81.969
ALO,1395.1861111111111,224.0,81.969
ALO,1413.2169444444444,231.0,81.969
ALO,1423.483611111111,231.0,81.969
ALO,1439.0836111111112,234.0,81.969
ALO,1459.9725,235.0,81.969
ALO,1473.1391666666666,237.0,81.969
ALO,1486.305833333333,237.0,81.969
ALO,1496.883611111111,238.0,81.969
ALO,1507.4613888888887,238.0,81.969
ALO,1520.9613888888887,243.0,81.969
ALO,1534.3938888888888,243.0,81.969
ALO,1559.0938888888888,247.0,81.969
ALO,1578.5383333333332,250.0,81.969
ALO,1600.8494444444443,251.0,81.969
ALO,1614.9605555555556,254.0,81.969
ALO,1631.6938888888888,251.0,81.969
ALO,1642.9383333333333,253.0,81.969
ALO,1654.0938888888888,251.0,81.969
ALO,1670.7605555555554,250.0,81.969
ALO,1695.6605555555557,249.0,81.969
ALO,1714.8716666666667,247.0,81.969
ALO,1731.2050000000002,245.0,81.969
ALO,1752.805,243.0,81.969
ALO,1784.8049999999998,240.0,81.969
ALO,1805.0716666666665,228.0,81.969
ALO,1824.0049999999999,213.0,81.969
ALO,1844.5619444444444,205.0,81.969
ALO,1855.6174999999998,199.0,81.969
ALO,1868.9508333333333,200.0,81.969
ALO,1882.5508333333332,204.0,81.969
ALO,1896.5508333333335,210.0,81.969
ALO,1915.9286111111112,218.0,81.969
ALO,1930.9286111111112,225.0,81.969
ALO,1948.9730555555557,232.0,81.969
ALO,1962.018611111111,236.0,81.969
ALO,1975.5186111111113,243.0,81.969
ALO,2000.2186111111114,247.0,81.969
ALO,2020.1297222222227,256.0,81.969
ALO,2040.3519444444444,260.0,81.969
ALO,2055.0741666666668,265.0,81.969
ALO,2069.963055555556,268.0,81.969
ALO,2091.040833333334,271.0,81.969
ALO,2103.1297222222224,272.0,81.969
ALO,2136.7408333333333,275.0,81.969
ALO,2155.2741666666666,278.0,81.969
ALO,2177.1297222222224,281.0,81.969
ALO,2192.7408333333333,281.0,81.969
ALO,2205.4075000000003,285.0,81.969
ALO,2218.118611111111,286.0,81.969
ALO,2237.118611111111,285.0,81.969
ALO,2256.3186111111113,288.0,81.969
ALO,2272.429722222222,290.0,81.969
ALO,2285.3186111111113,290.0,81.969
ALO,2308.188888888889,293.0,81.969
ALO,2324.6333333333337,296.0,81.969
ALO,2341.0777777777776,296.0,81.969
ALO,2361.011111111111,299.0,81.969
ALO,2374.388888888889,301.0,81.969
ALO,2387.9,304.0,81.969
ALO,2415.188888888889,307.0,81.969
ALO,2500.9363888888893,309.0,81.969
ALO,2538.7030555555557,309.0,81.969
ALO,2562.736388888889,309.0,81.969
ALO,2579.9030555555555,309.0,81.969
ALO,2603.936388888889,309.0,81.969
ALO,2624.536388888889,309.0,81.969
ALO,2638.2697222222223,309.0,81.969
ALO,2652.003055555556,309.0,81.969
ALO,2676.580833333334,316.0,81.969
ALO,2701.158611111112,316.0,81.969
ALO,2729.158611111112,315.0,81.969
ALO,2743.114166666667,314.0,81.969
ALO,2770.9363888888893,313.0,81.969
ALO,2802.136388888889,312.0,81.969
ALO,2826.403055555556,312.0,81.969
ALO,2850.591944444445,311.0,81.969
ALO,2871.2777777777783,309.0,81.969
ALO,2888.444444444445,309.0,81.969
ALO,2912.3222222222225,307.0,81.969
ALO,2935.966666666667,304.0,81.969
ALO,2955.966666666667,300.0,81.969
ALO,2972.4666666666667,297.0,81.969
ALO,2995.2555555555555,293.0,81.969
ALO,3008.1888888888893,291.0,81.969
ALO,3033.6111111111118,286.0,81.969
ALO,3058.6777777777784,282.0,81.969
ALO,3089.3786111111117,277.0,81.969
ALO,3119.3786111111117,270.0,81.969
ALO,3131.2897222222227,268.0,81.969
ALO,3149.0230555555563,266.0,81.969
ALO,3163.6897222222233,264.0,81.969
ALO,3189.6897222222233,260.0,81.969
ALO,3209.5230555555563,255.0,81.969
ALO,3226.1230555555567,249.0,81.969
ALO,3236.8786111111126,242.0,81.969
ALO,3249.9897222222235,236.0,81.969
ALO,3267.8008333333346,229.0,81.969
ALO,3280.1897222222237,223.0,81.969
ALO,3302.6897222222237,225.0,81.969
ALO,3328.2452777777794,230.0,81.969
ALO,3338.55638888889,232.0,81.969
ALO,3355.962777777779,223.0,81.969
ALO,3368.351666666668,223.0,81.969
ALO,3380.6294444444457,221.0,81.969
ALO,3393.185000000001,226.0,81.969
ALO,3418.851666666668,231.0,81.969
ALO,3436.9738888888896,233.0,81.969
ALO,3447.5072222222234,237.0,81.969
ALO,3468.751666666668,239.0,81.969
ALO,3482.362777777779,245.0,81.969
ALO,3498.896111111112,248.0,81.969
ALO,3518.185000000001,248.0,81.969
ALO,3529.580000000001,258.0,81.969
ALO,3544.080000000001,261.0,81.969
ALO,3574.7577777777783,251.0,81.969
ALO,3585.9133333333343,251.0,81.969
ALO,3597.9577777777786,271.0,81.969
ALO,3619.191111111112,273.0,81.969
ALO,3631.4133333333343,275.0,81.969
ALO,3649.880000000001,277.0,81.969
ALO,3665.26888888889,277.0,81.969
ALO,3680.8244444444454,280.0,81.969
ALO,3693.357777777779,282.0,81.969
ALO,3718.6022222222236,284.0,81.969
ALO,3731.2244444444455,284.0,81.969
ALO,3747.0022222222233,284.0,81.969
ALO,3762.724444444445,283.0,81.969
ALO,3800.991111111112,287.0,81.969
ALO,3813.7466666666674,287.0,81.969
ALO,3832.959722222223,287.0,81.969
ALO,3848.9041666666676,287.0,81.969
ALO,3871.22638888889,287.0,81.969
ALO,3896.82638888889,288.0,81.969
ALO,3909.537500000001,286.0,81.969
ALO,3925.3152777777786,284.0,81.969
ALO,3937.893055555556,283.0,81.969
ALO,3956.4930555555566,279.0,81.969
ALO,3981.02638888889,276.0,81.969
ALO,3994.915277777779,250.0,81.969
ALO,4012.337500000001,224.0,81.969
ALO,4023.559722222223,202.0,81.969
ALO,4038.1805555555566,165.0,81.969
ALO,4045.2027777777785,158.0,81.969
ALO,4054.8694444444454,145.0,81.969
ALO,4070.2694444444455,126.0,81.969
ALO,4078.336111111112,121.0,81.969
ALO,4089.836111111112,115.0,81.969
ALO,4105.7027777777785,119.0,81.969
ALO,4119.002777777779,133.0,81.969
ALO,4128.669444444445,145.0,81.969
ALO,4137.225,154.0,81.969
ALO,4149.747222222222,161.0,81.969
ALO,4164.947222222222,171.0,81.969
ALO,4185.776944444444,187.0,81.969
ALO,4207.665833333333,197.0,81.969
ALO,4218.776944444444,200.0,81.969
ALO,4230.221388888888,206.0,81.969
ALO,4239.465833333334,208.0,81.969
ALO,4251.243611111111,212.0,81.969
ALO,4270.5325,217.0,81.969
ALO,4282.754722222223,220.0,81.969
ALO,4310.132500000001,224.0,81.969
ALO,4322.299166666668,219.0,81.969
ALO,4334.354722222222,217.0,81.969
ALO,4346.132500000001,212.0,81.969
ALO,4371.740833333334,210.0,81.969
ALO,4385.940833333334,213.0,81.969
ALO,4400.340833333334,216.0,81.969
ALO,4417.140833333334,216.0,81.969
ALO,4434.485277777779,223.0,81.969
ALO,4446.818611111113,222.0,81.969
ALO,4456.729722222223,223.0,81.969
ALO,4476.729722222224,225.0,81.969
ALO,4489.229722222224,225.0,81.969
ALO,4508.163055555557,213.0,81.969
ALO,4531.829722222224,213.0,81.969
ALO,4541.107500000001,167.0,81.969
ALO,4557.118611111113,131.0,81.969
ALO,4563.539444444446,115.0,81.969
ALO,4568.5172222222245,112.0,81.969
ALO,4573.495000000003,112.0,81.969
ALO,4582.650555555558,103.0,81.969
ALO,4590.195000000002,97.0,81.969
ALO,4595.361666666669,93.0,81.969
ALO,4601.16166666667,87.0,81.969
ALO,4605.028333333336,87.0,81.969
ALO,4608.983888888893,89.0,81.969
ALO,4618.583888888893,96.0,81.969
ALO,4630.36166666667,106.0,81.969
ALO,4638.1616666666705,117.0,81.969
ALO,4643.717222222226,125.0,81.969
ALO,4658.077222222226,144.0,81.969
ALO,4666.52166666667,152.0,81.969
ALO,4680.92166666667,162.0,81.969
ALO,4695.499444444448,164.0,81.969
ALO,4706.566111111115,166.0,81.969
ALO,4716.010555555559,170.0,81.969
ALO,4727.610555555559,174.0,81.969
ALO,4739.343888888892,176.0,81.969
ALO,4755.343888888892,180.0,81.969
ALO,4770.988333333337,176.0,81.969
ALO,4785.532777777782,187.0,81.969
ALO,4801.321666666671,203.0,81.969
ALO,4810.343888888893,203.0,81.969
ALO,4821.67805555556,203.0,81.969
ALO,4835.944722222227,214.0,81.969
ALO,4845.766944444449,221.0,81.969
ALO,4862.955833333338,221.0,81.969
ALO,4872.77805555556,221.0,81.969
ALO,4891.522500000005,241.0,81.969
ALO,4902.589166666671,249.0,81.969
ALO,4933.511388888894,253.0,81.969
ALO,4953.811388888894,261.0,81.969
ALO,4971.611388888895,267.0,81.969
ALO,4986.611388888894,270.0,81.969
ALO,5001.778055555561,273.0,81.969
ALO,5029.478055555561,277.0,81.969
ALO,5060.843888888894,283.0,81.969
ALO,5092.510555555561,285.0,81.969
ALO,5111.710555555561,288.0,81.969
ALO,5124.51055555556,288.0,81.969
ALO,5140.51055555556,288.0,81.969
ALO,5169.91055555556,294.0,81.969
ALO,5192.855000000004,295.0,81.969
PER,17.43888888888889,292.0,82.605
PER,37.105555555555554,295.0,82.605
PER,134.82305555555556,303.0,82.605
PER,158.38972222222222,303.0,82.605
PER,188.9897222222222,306.0,82.605
PER,215.92305555555558,303.0,82.605
PER,228.63416666666672,286.0,82.605
PER,248.38972222222225,254.0,82.605
PER,259.27861111111116,245.0,82.605
PER,273.8841666666667,220.0,82.605
PER,290.9508333333334,192.0,82.605
PER,308.55083333333334,176.0,82.605
PER,316.2841666666667,174.0,82.605
PER,325.72861111111115,170.0,82.605
PER,334.8397222222223,164.0,82.605
PER,348.7063888888889,156.0,82.605
PER,365.92861111111114,155.0,82.605
PER,374.4841666666667,154.0,82.605
PER,388.6175,159.0,82.605
PER,400.9841666666667,159.0,82.605
PER,410.7063888888889,175.0,82.605
PER,428.5063888888889,178.0,82.605
PER,443.05083333333334,187.0,82.605
PER,451.3619444444445,187.0,82.605
PER,461.7508333333334,187.0,82.605
PER,489.48416666666674,208.0,82.605
PER,501.0397222222223,208.0,82.605
PER,518.6022222222223,225.0,82.605
PER,528.6022222222223,225.0,82.605
PER,544.2022222222223,234.0,82.605
PER,565.4466666666666,239.0,82.605
PER,579.0577777777778,245.0,82.605
PER,593.0022222222221,251.0,82.605
PER,604.291111111111,254.0,82.605
PER,615.6244444444444,255.0,82.605
PER,630.0133333333333,259.0,82.605
PER,644.6066666666667,264.0,82.605
PER,671.5066666666667,269.0,82.605
PER,692.8177777777777,274.0,82.605
PER,717.5288888888888,278.0,82.605
PER,733.0844444444444,280.0,82.605
PER,751.8177777777777,281.0,82.605
PER,764.4399999999999,284.0,82.605
PER,777.1066666666666,285.0,82.605
PER,796.3066666666666,288.0,82.605
PER,825.2066666666666,289.0,82.605
PER,847.84,291.0,82.605
PER,867.3066666666667,292.0,82.605
PER,893.3511111111112,293.0,82.605
PER,930.6844444444445,280.0,82.605
PER,953.2622222222222,254.0,82.605
PER,971.7511111111112,208.0,82.605
PER,990.5030555555556,187.0,82.605
PER,999.5030555555556,162.0,82.605
PER,1009.236388888889,146.0,82.605
PER,1017.9697222222223,131.0,82.605
PER,1026.3697222222224,126.0,82.605
PER,1036.5919444444446,115.0,82.605
PER,1043.9252777777779,110.0,82.605
PER,1052.4030555555557,109.0,82.605
PER,1058.2625,106.0,82.605
PER,1064.0402777777779,104.0,82.605
PER,1073.5402777777779,95.0,82.605
PER,1080.851388888889,94.0,82.605
PER,1088.551388888889,99.0,82.605
PER,1094.051388888889,99.0,82.605
PER,1099.940277777778,106.0,82.605
PER,1108.9625,116.0,82.605
PER,1114.251388888889,119.0,82.605
PER,1132.0958333333335,146.0,82.605
PER,1142.5625000000002,157.0,82.605
PER,1154.6180555555559,155.0,82.605
PER,1163.1736111111113,154.0,82.605
PER,1170.0180555555557,154.0,82.605
PER,1176.729166666667,151.0,82.605
PER,1186.6625000000001,149.0,82.605
PER,1196.4625000000003,147.0,82.605
PER,1204.7958333333336,150.0,82.605
PER,1211.4180555555558,149.0,82.605
PER,1223.2825000000003,152.0,82.605
PER,1231.949166666667,156.0,82.605
PER,1240.949166666667,162.0,82.605
PER,1252.2158333333336,169.0,82.605
PER,1259.7713888888893,170.0,82.605
PER,1267.6825000000003,178.0,82.605
PER,1284.5713888888893,190.0,82.605
PER,1344.2338888888892,215.0,82.605
PER,1371.6116666666671,224.0,82.605
PER,1389.3450000000005,228.0,82.605
PER,1402.0672222222227,229.0,82.605
PER,1420.189444444445,233.0,82.605
PER,1435.8561111111114,235.0,82.605
PER,1446.3894444444447,237.0,82.605
PER,1456.922777777778,237.0,82.605
PER,1475.6672222222226,241.0,82.605
PER,1494.5672222222224,243.0,82.605
PER,1516.611666666667,248.0,82.605
PER,1527.722777777778,250.0,82.605
PER,1550.122777777778,252.0,82.605
PER,1575.722777777778,256.0,82.605
PER,1595.7894444444448,258.0,82.605
PER,1616.0116666666672,260.0,82.605
PER,1633.4841666666673,261.0,82.605
PER,1648.0952777777784,263.0,82.605
PER,1668.5508333333341,263.0,82.605
PER,1688.8508333333339,261.0,82.605
PER,1706.1841666666674,260.0,82.605
PER,1720.5730555555563,259.0,82.605
PER,1740.328611111112,254.0,82.605
PER,1751.617500000001,254.0,82.605
PER,1774.017500000001,252.0,82.605
PER,1793.3952777777786,218.0,82.605
PER,1816.3377777777787,207.0,82.605
PER,1838.0044444444454,195.0,82.605
PER,1846.7155555555566,196.0,82.605
PER,1859.5155555555566,192.0,82.605
PER,1870.2933333333344,194.0,82.605
PER,1891.4933333333345,212.0,82.605
PER,1908.526666666668,219.0,82.605
PER,1923.5933333333344,226.0,82.605
PER,1933.9488888888902,233.0,82.605
PER,1947.060000000001,236.0,82.605
PER,1966.1933333333345,246.0,82.605
PER,1980.0822222222237,250.0,82.605
PER,2005.5822222222237,255.0,82.605
PER,2034.5822222222237,261.0,82.605
PER,2046.3155555555572,264.0,82.605
PER,2067.312500000002,269.0,82.605
PER,2082.4236111111127,272.0,82.605
PER,2097.6458333333353,274.0,82.605
PER,2112.868055555557,274.0,82.605
PER,2143.756944444446,278.0,82.605
PER,2165.612500000002,281.0,82.605
PER,2178.1013888888906,281.0,82.605
PER,2203.345833333335,284.0,82.605
PER,2219.29027777778,287.0,82.605
PER,2238.5569444444463,289.0,82.605
PER,2261.1902777777796,291.0,82.605
PER,2274.0427777777795,291.0,82.605
PER,2290.376111111113,294.0,82.605
PER,2326.798333333335,298.0,82.605
PER,2340.0427777777795,298.0,82.605
PER,2353.5094444444458,303.0,82.605
PER,2377.309444444446,306.0,82.605
PER,2390.909444444446,306.0,82.605
PER,2411.309444444446,306.0,82.605
PER,2428.5316666666686,310.0,82.605
PER,2445.8650000000016,312.0,82.605
PER,2459.7316666666684,312.0,82.605
PER,2487.6427777777794,314.0,82.605
PER,2501.642777777779,315.0,82.605
PER,2519.1427777777794,315.0,82.605
PER,2536.698333333335,316.0,82.605
PER,2579.0983333333347,318.0,82.605
PER,2593.231666666668,318.0,82.605
PER,2614.65388888889,320.0,82.605
PER,2632.4316666666678,320.0,82.605
PER,2657.320555555557,320.0,82.605
PER,2685.7650000000012,320.0,82.605
PER,2699.987222222223,320.0,82.605
PER,2717.7094444444456,319.0,82.605
PER,2731.887222222223,319.0,82.605
PER,2753.0872222222233,318.0,82.605
PER,2781.35388888889,318.0,82.605
PER,2798.909444444446,316.0,82.605
PER,2823.409444444446,315.0,82.605
PER,2840.9094444444454,315.0,82.605
PER,2868.7333333333345,314.0,82.605
PER,2882.6444444444455,313.0,82.605
PER,2903.5111111111123,313.0,82.605
PER,2941.400000000001,310.0,82.605
PER,2962.0000000000014,309.0,82.605
PER,2992.6000000000013,306.0,82.605
PER,3033.2666666666682,305.0,82.605
PER,3063.5666666666684,303.0,82.605
PER,3083.766666666668,303.0,82.605
PER,3100.5444444444456,302.0,82.605
PER,3123.9555555555567,301.0,82.605
PER,3150.4444444444457,298.0,82.605
PER,3181.967500000001,283.0,82.605
PER,3210.1897222222233,254.0,82.605
PER,3223.6897222222233,243.0,82.605
PER,3236.6897222222233,234.0,82.605
PER,3246.9563888888897,231.0,82.605
PER,3259.5119444444454,226.0,82.605
PER,3279.3341666666674,223.0,82.605
PER,3291.723055555556,223.0,82.605
PER,3318.6119444444453,220.0,82.605
PER,3330.611944444445,216.0,82.605
PER,3342.3897222222226,212.0,82.605
PER,3354.111944444445,211.0,82.605
PER,3379.8422222222225,211.0,82.605
PER,3394.2422222222226,216.0,82.605
PER,3408.975555555556,221.0,82.605
PER,3426.7088888888898,228.0,82.605
PER,3444.9866666666676,235.0,82.605
PER,3458.2088888888893,238.0,82.605
PER,3468.7866666666673,238.0,82.605
PER,3490.742222222223,247.0,82.605
PER,3504.575555555556,249.0,82.605
PER,3527.3311111111116,256.0,82.605
PER,3556.3311111111116,261.0,82.605
PER,3570.886666666667,262.0,82.605
PER,3603.397777777778,266.0,82.605
PER,3618.3611111111118,268.0,82.605
PER,3630.3166666666675,269.0,82.605
PER,3642.316666666667,270.0,82.605
PER,3666.494444444445,272.0,82.605
PER,3687.7277777777786,273.0,82.605
PER,3703.0055555555564,275.0,82.605
PER,3721.3388888888894,275.0,82.605
PER,3733.650000000001,277.0,82.605
PER,3745.9611111111117,277.0,82.605
PER,3773.761111111112,278.0,82.605
PER,3804.650000000001,278.0,82.605
PER,3823.316666666667,280.0,82.605
PER,3835.761111111112,280.0,82.605
PER,3863.683333333334,280.0,82.605
PER,3879.294444444445,281.0,82.605
PER,3904.183333333334,280.0,82.605
PER,3928.716666666667,276.0,82.605
PER,3947.1166666666672,276.0,82.605
PER,3962.227777777778,272.0,82.605
PER,3978.2944444444447,241.0,82.605
PER,3991.9611111111117,205.0,82.605
PER,4008.1388888888896,182.0,82.605
PER,4022.0944444444453,157.0,82.605
PER,4033.2166666666676,143.0,82.605
PER,4043.172222222223,128.0,82.605
PER,4048.8611111111118,128.0,82.605
PER,4055.7286111111116,123.0,82.605
PER,4063.395277777778,115.0,82.605
PER,4068.4619444444447,114.0,82.605
PER,4077.3286111111115,114.0,82.605
PER,4082.395277777778,114.0,82.605
PER,4091.4175000000005,116.0,82.605
PER,4096.6175,117.0,82.605
PER,4113.1175,135.0,82.605
PER,4124.3175,144.0,82.605
PER,4135.050833333333,161.0,82.605
PER,4144.4397222222215,169.0,82.605
PER,4154.2730555555545,177.0,82.605
PER,4172.573055555555,183.0,82.605
PER,4194.407222222221,197.0,82.605
PER,4217.073888888888,204.0,82.605
PER,4231.073888888888,210.0,82.605
PER,4240.496111111111,212.0,82.605
PER,4252.329444444444,213.0,82.605
PER,4274.0294444444435,217.0,82.605
PER,4290.907222222221,217.0,82.605
PER,4314.0183333333325,208.0,82.605
PER,4325.1849999999995,201.0,82.605
PER,4345.084999999999,199.0,82.605
PER,4358.418333333332,200.0,82.605
PER,4374.107499999999,201.0,82.605
PER,4392.329722222221,205.0,82.605
PER,4403.8852777777765,208.0,82.605
PER,4418.01861111111,212.0,82.605
PER,4437.129722222221,215.0,82.605
PER,4454.240833333332,220.0,82.605
PER,4469.107499999999,223.0,82.605
PER,4478.974166666666,222.0,82.605
PER,4496.240833333332,222.0,82.605
PER,4510.907499999999,165.0,82.605
PER,4517.574166666666,150.0,82.605
PER,4529.663055555555,136.0,82.605
PER,4536.440833333333,122.0,82.605
PER,4546.5425,114.0,82.605
PER,4554.942499999999,108.0,82.605
PER,4559.609166666666,105.0,82.605
PER,4568.320277777778,98.0,82.605
PER,4573.653611111111,96.0,82.605
PER,4577.920277777778,96.0,82.605
PER,4583.0313888888895,92.0,82.605
PER,4587.120277777778,92.0,82.605
PER,4595.564722222222,95.0,82.605
PER,4605.864722222223,103.0,82.605
PER,4613.1980555555565,110.0,82.605
PER,4620.998055555557,117.0,82.605
PER,4626.598055555556,126.0,82.605
PER,4635.598055555556,135.0,82.605
PER,4648.527222222223,145.0,82.605
PER,4662.127222222222,153.0,82.605
PER,4670.905000000001,158.0,82.605
PER,4683.427222222223,161.0,82.605
PER,4699.627222222222,162.0,82.605
PER,4707.005,166.0,82.605
PER,4714.427222222223,167.0,82.605
PER,4721.982777777778,170.0,82.605
PER,4729.538333333334,170.0,82.605
PER,4741.471666666667,179.0,82.605
PER,4755.782777777778,184.0,82.605
PER,4774.882777777779,191.0,82.605
PER,4790.516111111112,201.0,82.605
PER,4811.856666666668,214.0,82.605
PER,4895.523333333334,251.0,82.605
PER,4906.901111111113,256.0,82.605
PER,4921.3455555555565,260.0,82.605
PER,4939.07888888889,266.0,82.605
PER,4950.901111111112,266.0,82.605
PER,4975.434444444445,276.0,82.605
PER,4987.701111111112,276.0,82.605
PER,5012.767777777778,282.0,82.605
PER,5031.767777777779,285.0,82.605
PER,5051.047777777779,288.0,82.605
PER,5063.892222222223,289.0,82.605
PER,5089.758888888889,291.0,82.605
PER,5122.647777777778,296.0,82.605
PER,5149.136666666666,298.0,82.605
PER,5169.203333333334,301.0,82.605
PER,5182.581111111112,301.0,82.605
PER,5209.514444444444,303.0,82.605
BOT,32.636944444444445,293.0,83.244
BOT,55.659166666666664,296.0,83.244
BOT,85.54194444444444,298.0,83.244
BOT,102.0975,298.0,83.244
BOT,118.65305555555554,298.0,83.244
BOT,135.20861111111108,298.0,83.244
BOT,148.8086111111111,306.0,83.244
BOT,189.74194444444444,307.0,83.244
BOT,203.30111111111108,307.0,83.244
BOT,227.41222222222223,310.0,83.244
BOT,254.01222222222222,266.0,83.244
BOT,267.4011111111111,241.0,83.244
BOT,281.9344444444444,218.0,83.244
BOT,299.2344444444444,173.0,83.244
BOT,306.92333333333335,173.0,83.244
BOT,325.99,156.0,83.244
BOT,332.83444444444444,154.0,83.244
BOT,339.50111111111113,150.0,83.244
BOT,350.7788888888889,145.0,83.244
BOT,360.44555555555553,145.0,83.244
BOT,366.89,145.0,83.244
BOT,373.37888888888887,146.0,83.244
BOT,380.13444444444445,152.0,83.244
BOT,390.7344444444445,159.0,83.244
BOT,402.33444444444444,174.0,83.244
BOT,471.3494444444445,214.0,83.244
BOT,488.6938888888889,223.0,83.244
BOT,511.89388888888897,232.0,83.244
BOT,533.0494444444445,238.0,83.244
BOT,543.8494444444444,243.0,83.244
BOT,562.9050000000001,245.0,83.244
BOT,573.9716666666668,249.0,83.244
BOT,590.8344444444446,254.0,83.244
BOT,613.767777777778,258.0,83.244
BOT,640.1677777777779,264.0,83.244
BOT,652.1233333333334,269.0,83.244
BOT,667.1233333333336,270.0,83.244
BOT,682.2900000000002,273.0,83.244
BOT,706.9122222222225,277.0,83.244
BOT,738.1344444444447,281.0,83.244
BOT,753.8566666666669,283.0,83.244
BOT,779.1900000000003,285.0,83.244
BOT,801.5900000000003,288.0,83.244
BOT,817.5900000000004,288.0,83.244
BOT,846.5900000000004,290.0,83.244
BOT,869.3011111111115,292.0,83.244
BOT,882.2788888888892,292.0,83.244
BOT,898.6122222222226,294.0,83.244
BOT,937.6788888888892,293.0,83.244
BOT,953.845555555556,291.0,83.244
BOT,972.8911111111115,244.0,83.244
BOT,983.2022222222225,232.0,83.244
BOT,996.6688888888892,202.0,83.244
BOT,1012.2244444444448,175.0,83.244
BOT,1021.446666666667,166.0,83.244
BOT,1029.557777777778,146.0,83.244
BOT,1036.0466666666669,146.0,83.244
BOT,1041.8688888888892,131.0,83.244
BOT,1048.4244444444446,118.0,83.244
BOT,1054.7261111111113,114.0,83.244
BOT,1065.3261111111112,106.0,83.244
BOT,1073.1038888888888,100.0,83.244
BOT,1081.726111111111,97.0,83.244
BOT,1086.8927777777778,93.0,83.244
BOT,1093.0927777777779,93.0,83.244
BOT,1097.403888888889,97.0,83.244
BOT,1101.5372222222225,93.0,83.244
BOT,1108.0705555555558,98.0,83.244
BOT,1119.170555555556,111.0,83.244
BOT,1128.5038888888892,120.0,83.244
BOT,1137.0372222222225,128.0,83.244
BOT,1150.9038888888892,156.0,83.244
BOT,1171.0372222222225,151.0,83.244
BOT,1184.192777777778,148.0,83.244
BOT,1196.992777777778,144.0,83.244
BOT,1211.1319444444446,141.0,83.244
BOT,1218.8541666666667,139.0,83.244
BOT,1228.4541666666669,144.0,83.244
BOT,1238.1875000000002,146.0,83.244
BOT,1248.4541666666669,154.0,83.244
BOT,1263.3875000000003,168.0,83.244
BOT,1274.7875000000001,171.0,83.244
BOT,1288.865277777778,181.0,83.244
BOT,1299.0916666666667,185.0,83.244
BOT,1309.9805555555556,196.0,83.244
BOT,1330.4805555555558,205.0,83.244
BOT,1346.8916666666669,211.0,83.244
BOT,1363.9250000000002,219.0,83.244
BOT,1376.2583333333334,222.0,83.244
BOT,1388.5916666666667,222.0,83.244
BOT,1405.625,219.0,83.244
BOT,1415.3138888888889,218.0,83.244
BOT,1442.0805555555555,219.0,83.244
BOT,1456.8805555555555,222.0,83.244
BOT,1474.3027777777777,224.0,83.244
BOT,1486.747222222222,224.0,83.244
BOT,1496.9694444444442,230.0,83.244
BOT,1507.2805555555553,232.0,83.244
BOT,1523.0138888888885,236.0,83.244
BOT,1538.9472222222219,239.0,83.244
BOT,1552.3361111111108,241.0,83.244
BOT,1563.1361111111107,243.0,83.244
BOT,1582.2597222222219,245.0,83.244
BOT,1596.0374999999997,248.0,83.244
BOT,1610.0375,252.0,83.244
BOT,1626.970833333333,254.0,83.244
BOT,1638.3486111111108,256.0,83.244
BOT,1649.770833333333,257.0,83.244
BOT,1672.7930555555554,259.0,83.244
BOT,1744.1105555555553,257.0,83.244
BOT,1773.9327777777776,244.0,83.244
BOT,1790.266111111111,210.0,83.244
BOT,1801.7105555555554,206.0,83.244
BOT,1817.2661111111108,200.0,83.244
BOT,1830.3994444444443,197.0,83.244
BOT,1839.1105555555555,196.0,83.244
BOT,1847.6883333333333,193.0,83.244
BOT,1862.855,195.0,83.244
BOT,1878.7994444444444,205.0,83.244
BOT,1897.732777777778,213.0,83.244
BOT,1907.3772222222221,217.0,83.244
BOT,1927.6438888888888,228.0,83.244
BOT,1951.7438888888887,241.0,83.244
BOT,1970.7994444444444,245.0,83.244
BOT,1990.3216666666667,251.0,83.244
BOT,2007.3255555555556,254.0,83.244
BOT,2021.7144444444443,259.0,83.244
BOT,2042.17,263.0,83.244
BOT,2062.936666666667,267.0,83.244
BOT,2081.0033333333336,271.0,83.244
BOT,2096.17,273.0,83.244
BOT,2117.6366666666668,276.0,83.244
BOT,2129.9922222222226,278.0,83.244
BOT,2154.8811111111113,280.0,83.244
BOT,2180.036666666667,283.0,83.244
BOT,2211.513333333334,284.0,83.244
BOT,2243.6244444444446,289.0,83.244
BOT,2256.5133333333333,290.0,83.244
BOT,2275.98,292.0,83.244
BOT,2292.146666666667,291.0,83.244
BOT,2321.746666666667,296.0,83.244
BOT,2344.8466666666664,297.0,83.244
BOT,2364.913333333333,301.0,83.244
BOT,2378.2466666666664,300.0,83.244
BOT,2395.024444444444,302.0,83.244
BOT,2418.5911111111104,303.0,83.244
BOT,2435.424444444444,303.0,83.244
BOT,2466.024444444444,306.0,83.244
BOT,2500.246666666666,308.0,83.244
BOT,2513.979999999999,309.0,83.244
BOT,2538.0211111111107,308.0,83.244
BOT,2555.1322222222216,308.0,83.244
BOT,2572.243333333333,308.0,83.244
BOT,2589.4099999999994,309.0,83.244
BOT,2623.854444444444,310.0,83.244
BOT,2647.9655555555546,310.0,83.244
BOT,2661.743333333333,310.0,83.244
BOT,2689.2988888888885,310.0,83.244
BOT,2706.465555555555,309.0,83.244
BOT,2727.0655555555554,309.0,83.244
BOT,2750.943333333333,307.0,83.244
BOT,2764.5024999999996,307.0,83.244
BOT,2781.5580555555553,307.0,83.244
BOT,2818.958055555555,306.0,83.244
BOT,2832.4691666666663,304.0,83.244
BOT,2845.9802777777772,304.0,83.244
BOT,2869.624722222222,304.0,83.244
BOT,2883.135833333333,304.0,83.244
BOT,2903.4024999999997,304.0,83.244
BOT,2920.291388888889,304.0,83.244
BOT,2936.9024999999997,299.0,83.244
BOT,2950.146944444444,298.0,83.244
BOT,2976.4580555555553,296.0,83.244
BOT,2989.6136111111105,296.0,83.244
BOT,3006.0580555555553,296.0,83.244
BOT,3022.446944444444,295.0,83.244
BOT,3061.646944444444,294.0,83.244
BOT,3074.624722222222,292.0,83.244
BOT,3094.1724999999997,292.0,83.244
BOT,3110.3947222222223,292.0,83.244
BOT,3132.950277777778,290.0,83.244
BOT,3158.1947222222225,284.0,83.244
BOT,3170.8169444444443,284.0,83.244
BOT,3186.261388888889,278.0,83.244
BOT,3198.3058333333333,271.0,83.244
BOT,3214.5058333333336,243.0,83.244
BOT,3234.950277777778,230.0,83.244
BOT,3247.5058333333336,226.0,83.244
BOT,3264.461388888889,218.0,83.244
BOT,3276.5725,218.0,83.244
BOT,3295.7125000000005,216.0,83.244
BOT,3305.3569444444447,217.0,83.244
BOT,3319.8236111111114,217.0,83.244
BOT,3345.3680555555557,209.0,83.244
BOT,3359.0347222222226,205.0,83.244
BOT,3379.834722222223,208.0,83.244
BOT,3408.9013888888894,218.0,83.244
BOT,3431.30138888889,224.0,83.244
BOT,3446.368055555556,226.0,83.244
BOT,3459.368055555556,234.0,83.244
BOT,3477.956944444445,239.0,83.244
BOT,3499.734722222223,245.0,83.244
BOT,3527.581944444445,250.0,83.244
BOT,3556.0263888888894,256.0,83.244
BOT,3570.470833333334,260.0,83.244
BOT,3584.970833333334,261.0,83.244
BOT,3596.6597222222226,263.0,83.244
BOT,3611.270833333334,263.0,83.244
BOT,3635.0041666666675,267.0,83.244
BOT,3649.948611111112,269.0,83.244
BOT,3683.193055555557,272.0,83.244
BOT,3698.3041666666677,272.0,83.244
BOT,3713.5263888888903,274.0,83.244
BOT,3728.693055555557,273.0,83.244
BOT,3762.227777777779,275.0,83.244
BOT,3780.627777777779,276.0,83.244
BOT,3799.094444444446,277.0,83.244
BOT,3820.5611111111125,276.0,83.244
BOT,3842.1055555555563,277.0,83.244
BOT,3857.6055555555563,279.0,83.244
BOT,3869.961111111112,278.0,83.244
BOT,3894.227777777779,273.0,83.244
BOT,3909.283333333334,271.0,83.244
BOT,3933.1944444444453,269.0,83.244
BOT,3962.5277777777783,264.0,83.244
BOT,3975.972222222223,242.0,83.244
BOT,4000.0500000000006,197.0,83.244
BOT,4010.0441666666675,179.0,83.244
BOT,4017.2441666666678,162.0,83.244
BOT,4024.1330555555564,155.0,83.244
BOT,4035.8663888888896,132.0,83.244
BOT,4045.2775000000006,121.0,83.244
BOT,4051.6663888888893,115.0,83.244
BOT,4059.133055555556,112.0,83.244
BOT,4064.0663888888894,111.0,83.244
BOT,4068.910833333334,109.0,83.244
BOT,4079.710833333334,108.0,83.244
BOT,4091.933055555556,110.0,83.244
BOT,4099.799722222223,118.0,83.244
BOT,4105.26638888889,123.0,83.244
BOT,4118.429722222223,132.0,83.244
BOT,4126.763055555556,150.0,83.244
BOT,4141.163055555556,162.0,83.244
BOT,4156.629722222222,174.0,83.244
BOT,4168.6963888888895,181.0,83.244
BOT,4179.0297222222225,186.0,83.244
BOT,4191.963055555556,194.0,83.244
BOT,4205.163055555556,198.0,83.244
BOT,4223.385277777778,205.0,83.244
BOT,4242.229722222222,212.0,83.244
BOT,4258.8741666666665,214.0,83.244
BOT,4275.596388888889,215.0,83.244
BOT,4285.151944444445,215.0,83.244
BOT,4296.988611111112,212.0,83.244
BOT,4310.7219444444445,206.0,83.244
BOT,4319.788611111111,204.0,83.244
BOT,4335.344166666667,200.0,83.244
BOT,4344.233055555556,200.0,83.244
BOT,4359.788611111112,200.0,83.244
BOT,4368.721944444445,201.0,83.244
BOT,4393.410833333334,202.0,83.244
BOT,4409.66638888889,209.0,83.244
BOT,4423.799722222223,212.0,83.244
BOT,4435.744166666667,215.0,83.244
BOT,4447.910833333334,219.0,83.244
BOT,4470.210833333334,223.0,83.244
BOT,4491.934166666668,196.0,83.244
BOT,4510.711944444445,169.0,83.244
BOT,4520.3119444444455,144.0,83.244
BOT,4526.445277777779,138.0,83.244
BOT,4533.500833333334,127.0,83.244
BOT,4544.900833333334,114.0,83.244
BOT,4553.145277777779,106.0,83.244
BOT,4564.145277777779,99.0,83.244
BOT,4569.534166666667,97.0,83.244
BOT,4578.834166666667,93.0,83.244
BOT,4585.034166666667,93.0,83.244
BOT,4592.449444444444,95.0,83.244
BOT,4601.427222222223,101.0,83.244
BOT,4607.038333333333,101.0,83.244
BOT,4614.7716666666665,116.0,83.244
BOT,4626.238333333333,129.0,83.244
BOT,4637.360555555555,143.0,83.244
BOT,4647.227222222222,148.0,83.244
BOT,4654.027222222222,153.0,83.244
BOT,4666.005,154.0,83.244
BOT,4679.693888888889,154.0,83.244
BOT,4686.671666666666,157.0,83.244
BOT,4700.893888888889,160.0,83.244
BOT,4709.838333333333,161.0,83.244
BOT,4724.4591666666665,165.0,83.244
BOT,4737.2925,165.0,83.244
BOT,4744.936944444445,172.0,83.244
BOT,4760.759166666667,178.0,83.244
BOT,4771.259166666667,189.0,83.244
BOT,4779.881388888889,194.0,83.244
BOT,4791.103611111112,202.0,83.244
BOT,4800.3925,209.0,83.244
BOT,4820.392500000001,225.0,83.244
BOT,4843.592500000001,232.0,83.244
BOT,4859.659166666667,241.0,83.244
BOT,4876.059166666667,246.0,83.244
BOT,4887.214722222223,251.0,83.244
BOT,4904.214722222223,255.0,83.244
BOT,4927.665555555556,263.0,83.244
BOT,4951.487777777779,268.0,83.244
BOT,4966.765555555556,275.0,83.244
BOT,4988.4655555555555,279.0,83.244
BOT,5016.865555555555,284.0,83.244
BOT,5029.532222222223,285.0,83.244
BOT,5042.332222222223,288.0,83.244
BOT,5055.221111111112,290.0,83.244
BOT,5068.154444444445,291.0,83.244
BOT,5087.88777777778,296.0,83.244
BOT,5111.065555555558,298.0,83.244
BOT,5141.065555555558,300.0,83.244
BOT,5164.632222222224,303.0,83.244
BOT,5195.0475000000015,305.0,83.244
